# diyanet | surum=diyanet-2026-10-04.1 | il=ADIYAMAN | yerlesim=9 | 2026-01-01..2027-12-31
#@9158|Adıyaman|ADIYAMAN|730
20260101|0608|0735|1235|1504|1725|1847|12 Recep 1447
20260102|0609|0735|1236|1505|1726|1848|13 Recep 1447
20260103|0609|0736|1236|1506|1727|1848|14 Recep 1447
20260104|0609|0736|1237|1507|1728|1849|15 Recep 1447
20260105|0609|0736|1237|1507|1729|1850|16 Recep 1447
20260106|0609|0736|1238|1508|1729|1851|17 Recep 1447
20260107|0609|0736|1238|1509|1730|1852|18 Recep 1447
20260108|0609|0736|1238|1510|1731|1852|19 Recep 1447
20260109|0609|0735|1239|1511|1732|1853|20 Recep 1447
20260110|0609|0735|1239|1512|1733|1854|21 Recep 1447
20260111|0609|0735|1240|1513|1734|1855|22 Recep 1447
20260112|0609|0735|1240|1513|1735|1856|23 Recep 1447
20260113|0609|0735|1240|1514|1736|1857|24 Recep 1447
20260114|0609|0735|1241|1515|1737|1857|25 Recep 1447
20260115|0609|0734|1241|1516|1738|1858|26 Recep 1447
20260116|0609|0734|1241|1517|1739|1859|27 Recep 1447
20260117|0608|0734|1242|1518|1740|1900|28 Recep 1447
20260118|0608|0733|1242|1519|1741|1901|29 Recep 1447
20260119|0608|0733|1242|1520|1742|1902|30 Recep 1447
20260120|0607|0732|1243|1521|1743|1903|1 Şaban 1447
20260121|0607|0732|1243|1522|1744|1904|2 Şaban 1447
20260122|0607|0731|1243|1523|1746|1905|3 Şaban 1447
20260123|0606|0731|1244|1524|1747|1906|4 Şaban 1447
20260124|0606|0730|1244|1525|1748|1907|5 Şaban 1447
20260125|0605|0729|1244|1526|1749|1908|6 Şaban 1447
20260126|0605|0729|1244|1527|1750|1909|7 Şaban 1447
20260127|0604|0728|1245|1527|1751|1910|8 Şaban 1447
20260128|0604|0727|1245|1528|1752|1911|9 Şaban 1447
20260129|0603|0727|1245|1529|1753|1912|10 Şaban 1447
20260130|0603|0726|1245|1530|1754|1913|11 Şaban 1447
20260131|0602|0725|1245|1531|1756|1913|12 Şaban 1447
20260201|0601|0724|1245|1532|1757|1914|13 Şaban 1447
20260202|0601|0723|1246|1533|1758|1915|14 Şaban 1447
20260203|0600|0722|1246|1534|1759|1916|15 Şaban 1447
20260204|0559|0722|1246|1535|1800|1917|16 Şaban 1447
20260205|0558|0721|1246|1536|1801|1918|17 Şaban 1447
20260206|0557|0720|1246|1537|1802|1919|18 Şaban 1447
20260207|0557|0719|1246|1538|1803|1920|19 Şaban 1447
20260208|0556|0718|1246|1538|1804|1921|20 Şaban 1447
20260209|0555|0717|1246|1539|1806|1922|21 Şaban 1447
20260210|0554|0716|1246|1540|1807|1923|22 Şaban 1447
20260211|0553|0715|1246|1541|1808|1924|23 Şaban 1447
20260212|0552|0713|1246|1542|1809|1925|24 Şaban 1447
20260213|0551|0712|1246|1543|1810|1926|25 Şaban 1447
20260214|0550|0711|1246|1544|1811|1927|26 Şaban 1447
20260215|0549|0710|1246|1544|1812|1928|27 Şaban 1447
20260216|0548|0709|1246|1545|1813|1929|28 Şaban 1447
20260217|0547|0708|1246|1546|1814|1930|29 Şaban 1447
20260218|0546|0706|1246|1547|1815|1931|30 Şaban 1447
20260219|0544|0705|1246|1548|1816|1932|1 Ramazan 1447
20260220|0543|0704|1246|1548|1817|1933|2 Ramazan 1447
20260221|0542|0703|1246|1549|1818|1934|3 Ramazan 1447
20260222|0541|0701|1245|1550|1820|1935|4 Ramazan 1447
20260223|0540|0700|1245|1551|1821|1936|5 Ramazan 1447
20260224|0538|0659|1245|1551|1822|1937|6 Ramazan 1447
20260225|0537|0657|1245|1552|1823|1938|7 Ramazan 1447
20260226|0536|0656|1245|1553|1824|1939|8 Ramazan 1447
20260227|0535|0655|1245|1553|1825|1940|9 Ramazan 1447
20260228|0533|0653|1245|1554|1826|1941|10 Ramazan 1447
20260301|0532|0652|1244|1555|1827|1942|11 Ramazan 1447
20260302|0530|0651|1244|1555|1828|1943|12 Ramazan 1447
20260303|0529|0649|1244|1556|1829|1944|13 Ramazan 1447
20260304|0528|0648|1244|1556|1830|1945|14 Ramazan 1447
20260305|0526|0646|1243|1557|1831|1946|15 Ramazan 1447
20260306|0525|0645|1243|1558|1832|1947|16 Ramazan 1447
20260307|0523|0643|1243|1558|1833|1948|17 Ramazan 1447
20260308|0522|0642|1243|1559|1834|1949|18 Ramazan 1447
20260309|0520|0641|1243|1559|1835|1950|19 Ramazan 1447
20260310|0519|0639|1242|1600|1836|1951|20 Ramazan 1447
20260311|0517|0638|1242|1600|1837|1952|21 Ramazan 1447
20260312|0516|0636|1242|1601|1837|1953|22 Ramazan 1447
20260313|0514|0635|1241|1601|1838|1954|23 Ramazan 1447
20260314|0513|0633|1241|1602|1839|1955|24 Ramazan 1447
20260315|0511|0632|1241|1602|1840|1956|25 Ramazan 1447
20260316|0510|0630|1241|1603|1841|1957|26 Ramazan 1447
20260317|0508|0629|1240|1603|1842|1958|27 Ramazan 1447
20260318|0507|0627|1240|1604|1843|1959|28 Ramazan 1447
20260319|0505|0626|1240|1604|1844|2000|29 Ramazan 1447
20260320|0503|0624|1240|1605|1845|2001|1 Şevval 1447
20260321|0502|0623|1239|1605|1846|2002|2 Şevval 1447
20260322|0500|0621|1239|1605|1847|2003|3 Şevval 1447
20260323|0458|0619|1239|1606|1848|2004|4 Şevval 1447
20260324|0457|0618|1238|1606|1849|2005|5 Şevval 1447
20260325|0455|0616|1238|1607|1850|2006|6 Şevval 1447
20260326|0453|0615|1238|1607|1851|2007|7 Şevval 1447
20260327|0452|0613|1237|1607|1851|2008|8 Şevval 1447
20260328|0450|0612|1237|1608|1852|2009|9 Şevval 1447
20260329|0448|0610|1237|1608|1853|2010|10 Şevval 1447
20260330|0447|0609|1237|1608|1854|2011|11 Şevval 1447
20260331|0445|0607|1236|1609|1855|2012|12 Şevval 1447
20260401|0443|0606|1236|1609|1856|2013|13 Şevval 1447
20260402|0442|0604|1236|1609|1857|2014|14 Şevval 1447
20260403|0440|0603|1235|1609|1858|2015|15 Şevval 1447
20260404|0438|0601|1235|1610|1859|2016|16 Şevval 1447
20260405|0436|0600|1235|1610|1900|2018|17 Şevval 1447
20260406|0435|0558|1234|1610|1901|2019|18 Şevval 1447
20260407|0433|0557|1234|1611|1902|2020|19 Şevval 1447
20260408|0431|0555|1234|1611|1902|2021|20 Şevval 1447
20260409|0430|0554|1234|1611|1903|2022|21 Şevval 1447
20260410|0428|0552|1233|1611|1904|2023|22 Şevval 1447
20260411|0426|0551|1233|1612|1905|2024|23 Şevval 1447
20260412|0424|0550|1233|1612|1906|2026|24 Şevval 1447
20260413|0423|0548|1233|1612|1907|2027|25 Şevval 1447
20260414|0421|0547|1232|1612|1908|2028|26 Şevval 1447
20260415|0419|0545|1232|1612|1909|2029|27 Şevval 1447
20260416|0418|0544|1232|1613|1910|2030|28 Şevval 1447
20260417|0416|0543|1232|1613|1911|2031|29 Şevval 1447
20260418|0414|0541|1231|1613|1912|2033|1 Zilkade 1447
20260419|0413|0540|1231|1613|1912|2034|2 Zilkade 1447
20260420|0411|0538|1231|1614|1913|2035|3 Zilkade 1447
20260421|0409|0537|1231|1614|1914|2036|4 Zilkade 1447
20260422|0408|0536|1231|1614|1915|2038|5 Zilkade 1447
20260423|0406|0535|1230|1614|1916|2039|6 Zilkade 1447
20260424|0404|0533|1230|1614|1917|2040|7 Zilkade 1447
20260425|0403|0532|1230|1614|1918|2041|8 Zilkade 1447
20260426|0401|0531|1230|1615|1919|2043|9 Zilkade 1447
20260427|0359|0529|1230|1615|1920|2044|10 Zilkade 1447
20260428|0358|0528|1229|1615|1921|2045|11 Zilkade 1447
20260429|0356|0527|1229|1615|1922|2046|12 Zilkade 1447
20260430|0355|0526|1229|1615|1923|2048|13 Zilkade 1447
20260501|0353|0525|1229|1616|1924|2049|14 Zilkade 1447
20260502|0351|0524|1229|1616|1924|2050|15 Zilkade 1447
20260503|0350|0522|1229|1616|1925|2051|16 Zilkade 1447
20260504|0348|0521|1229|1616|1926|2053|17 Zilkade 1447
20260505|0347|0520|1229|1616|1927|2054|18 Zilkade 1447
20260506|0345|0519|1229|1616|1928|2055|19 Zilkade 1447
20260507|0344|0518|1229|1617|1929|2057|20 Zilkade 1447
20260508|0342|0517|1228|1617|1930|2058|21 Zilkade 1447
20260509|0341|0516|1228|1617|1931|2059|22 Zilkade 1447
20260510|0340|0515|1228|1617|1932|2100|23 Zilkade 1447
20260511|0338|0514|1228|1617|1933|2102|24 Zilkade 1447
20260512|0337|0513|1228|1618|1934|2103|25 Zilkade 1447
20260513|0336|0512|1228|1618|1934|2104|26 Zilkade 1447
20260514|0334|0511|1228|1618|1935|2106|27 Zilkade 1447
20260515|0333|0510|1228|1618|1936|2107|28 Zilkade 1447
20260516|0332|0510|1228|1618|1937|2108|29 Zilkade 1447
20260517|0330|0509|1228|1619|1938|2109|30 Zilkade 1447
20260518|0329|0508|1228|1619|1939|2111|1 Zilhicce 1447
20260519|0328|0507|1228|1619|1940|2112|2 Zilhicce 1447
20260520|0327|0507|1228|1619|1940|2113|3 Zilhicce 1447
20260521|0326|0506|1228|1619|1941|2114|4 Zilhicce 1447
20260522|0325|0505|1229|1620|1942|2115|5 Zilhicce 1447
20260523|0324|0504|1229|1620|1943|2117|6 Zilhicce 1447
20260524|0322|0504|1229|1620|1944|2118|7 Zilhicce 1447
20260525|0321|0503|1229|1620|1944|2119|8 Zilhicce 1447
20260526|0321|0503|1229|1620|1945|2120|9 Zilhicce 1447
20260527|0320|0502|1229|1621|1946|2121|10 Zilhicce 1447
20260528|0319|0502|1229|1621|1947|2122|11 Zilhicce 1447
20260529|0318|0501|1229|1621|1947|2123|12 Zilhicce 1447
20260530|0317|0501|1229|1621|1948|2124|13 Zilhicce 1447
20260531|0316|0500|1230|1622|1949|2125|14 Zilhicce 1447
20260601|0316|0500|1230|1622|1950|2126|15 Zilhicce 1447
20260602|0315|0500|1230|1622|1950|2127|16 Zilhicce 1447
20260603|0314|0459|1230|1622|1951|2128|17 Zilhicce 1447
20260604|0314|0459|1230|1622|1952|2129|18 Zilhicce 1447
20260605|0313|0459|1230|1623|1952|2130|19 Zilhicce 1447
20260606|0312|0458|1231|1623|1953|2131|20 Zilhicce 1447
20260607|0312|0458|1231|1623|1953|2132|21 Zilhicce 1447
20260608|0312|0458|1231|1623|1954|2133|22 Zilhicce 1447
20260609|0311|0458|1231|1624|1954|2133|23 Zilhicce 1447
20260610|0311|0458|1231|1624|1955|2134|24 Zilhicce 1447
20260611|0311|0458|1231|1624|1955|2135|25 Zilhicce 1447
20260612|0310|0458|1232|1624|1956|2135|26 Zilhicce 1447
20260613|0310|0458|1232|1625|1956|2136|27 Zilhicce 1447
20260614|0310|0458|1232|1625|1957|2136|28 Zilhicce 1447
20260615|0310|0458|1232|1625|1957|2137|29 Zilhicce 1447
20260616|0310|0458|1233|1625|1958|2137|1 Muharrem 1448
20260617|0310|0458|1233|1626|1958|2138|2 Muharrem 1448
20260618|0310|0458|1233|1626|1958|2138|3 Muharrem 1448
20260619|0310|0458|1233|1626|1959|2139|4 Muharrem 1448
20260620|0310|0458|1233|1626|1959|2139|5 Muharrem 1448
20260621|0310|0458|1234|1626|1959|2139|6 Muharrem 1448
20260622|0310|0459|1234|1627|1959|2139|7 Muharrem 1448
20260623|0311|0459|1234|1627|1959|2140|8 Muharrem 1448
20260624|0311|0459|1234|1627|2000|2140|9 Muharrem 1448
20260625|0311|0459|1234|1627|2000|2140|10 Muharrem 1448
20260626|0312|0500|1235|1628|2000|2140|11 Muharrem 1448
20260627|0312|0500|1235|1628|2000|2140|12 Muharrem 1448
20260628|0313|0500|1235|1628|2000|2140|13 Muharrem 1448
20260629|0313|0501|1235|1628|2000|2140|14 Muharrem 1448
20260630|0314|0501|1236|1628|2000|2139|15 Muharrem 1448
20260701|0314|0502|1236|1628|2000|2139|16 Muharrem 1448
20260702|0315|0502|1236|1629|2000|2139|17 Muharrem 1448
20260703|0316|0503|1236|1629|2000|2139|18 Muharrem 1448
20260704|0317|0503|1236|1629|2000|2138|19 Muharrem 1448
20260705|0317|0504|1236|1629|1959|2138|20 Muharrem 1448
20260706|0318|0504|1237|1629|1959|2137|21 Muharrem 1448
20260707|0319|0505|1237|1629|1959|2137|22 Muharrem 1448
20260708|0320|0505|1237|1629|1959|2136|23 Muharrem 1448
20260709|0321|0506|1237|1629|1958|2136|24 Muharrem 1448
20260710|0322|0507|1237|1629|1958|2135|25 Muharrem 1448
20260711|0323|0507|1237|1630|1958|2135|26 Muharrem 1448
20260712|0324|0508|1238|1630|1957|2134|27 Muharrem 1448
20260713|0325|0509|1238|1630|1957|2133|28 Muharrem 1448
20260714|0326|0509|1238|1630|1956|2133|29 Muharrem 1448
20260715|0327|0510|1238|1630|1956|2132|1 Safer 1448
20260716|0328|0511|1238|1630|1955|2131|2 Safer 1448
20260717|0329|0511|1238|1630|1955|2130|3 Safer 1448
20260718|0330|0512|1238|1630|1954|2129|4 Safer 1448
20260719|0331|0513|1238|1630|1954|2128|5 Safer 1448
20260720|0332|0514|1238|1630|1953|2127|6 Safer 1448
20260721|0333|0514|1238|1629|1952|2126|7 Safer 1448
20260722|0335|0515|1238|1629|1952|2125|8 Safer 1448
20260723|0336|0516|1238|1629|1951|2124|9 Safer 1448
20260724|0337|0517|1238|1629|1950|2123|10 Safer 1448
20260725|0338|0517|1238|1629|1950|2122|11 Safer 1448
20260726|0339|0518|1238|1629|1949|2121|12 Safer 1448
20260727|0341|0519|1238|1629|1948|2119|13 Safer 1448
20260728|0342|0520|1238|1629|1947|2118|14 Safer 1448
20260729|0343|0521|1238|1628|1946|2117|15 Safer 1448
20260730|0344|0522|1238|1628|1945|2116|16 Safer 1448
20260731|0346|0522|1238|1628|1944|2114|17 Safer 1448
20260801|0347|0523|1238|1628|1943|2113|18 Safer 1448
20260802|0348|0524|1238|1627|1942|2112|19 Safer 1448
20260803|0350|0525|1238|1627|1941|2110|20 Safer 1448
20260804|0351|0526|1238|1627|1940|2109|21 Safer 1448
20260805|0352|0527|1238|1626|1939|2107|22 Safer 1448
20260806|0353|0527|1238|1626|1938|2106|23 Safer 1448
20260807|0355|0528|1238|1626|1937|2104|24 Safer 1448
20260808|0356|0529|1238|1625|1936|2103|25 Safer 1448
20260809|0357|0530|1238|1625|1935|2101|26 Safer 1448
20260810|0358|0531|1237|1624|1934|2100|27 Safer 1448
20260811|0400|0532|1237|1624|1933|2058|28 Safer 1448
20260812|0401|0533|1237|1624|1932|2057|29 Safer 1448
20260813|0402|0533|1237|1623|1930|2055|30 Safer 1448
20260814|0403|0534|1237|1623|1929|2054|1 Rebiulevvel 1448
20260815|0405|0535|1237|1622|1928|2052|2 Rebiulevvel 1448
20260816|0406|0536|1236|1622|1927|2051|3 Rebiulevvel 1448
20260817|0407|0537|1236|1621|1925|2049|4 Rebiulevvel 1448
20260818|0408|0538|1236|1620|1924|2047|5 Rebiulevvel 1448
20260819|0410|0539|1236|1620|1923|2046|6 Rebiulevvel 1448
20260820|0411|0539|1235|1619|1921|2044|7 Rebiulevvel 1448
20260821|0412|0540|1235|1619|1920|2042|8 Rebiulevvel 1448
20260822|0413|0541|1235|1618|1919|2041|9 Rebiulevvel 1448
20260823|0414|0542|1235|1617|1917|2039|10 Rebiulevvel 1448
20260824|0416|0543|1234|1617|1916|2037|11 Rebiulevvel 1448
20260825|0417|0544|1234|1616|1915|2036|12 Rebiulevvel 1448
20260826|0418|0545|1234|1615|1913|2034|13 Rebiulevvel 1448
20260827|0419|0545|1234|1615|1912|2032|14 Rebiulevvel 1448
20260828|0420|0546|1233|1614|1910|2031|15 Rebiulevvel 1448
20260829|0421|0547|1233|1613|1909|2029|16 Rebiulevvel 1448
20260830|0423|0548|1233|1612|1907|2027|17 Rebiulevvel 1448
20260831|0424|0549|1232|1611|1906|2025|18 Rebiulevvel 1448
20260901|0425|0550|1232|1611|1904|2024|19 Rebiulevvel 1448
20260902|0426|0551|1232|1610|1903|2022|20 Rebiulevvel 1448
20260903|0427|0551|1231|1609|1902|2020|21 Rebiulevvel 1448
20260904|0428|0552|1231|1608|1900|2019|22 Rebiulevvel 1448
20260905|0429|0553|1231|1607|1859|2017|23 Rebiulevvel 1448
20260906|0430|0554|1230|1606|1857|2015|24 Rebiulevvel 1448
20260907|0431|0555|1230|1606|1855|2013|25 Rebiulevvel 1448
20260908|0432|0556|1230|1605|1854|2012|26 Rebiulevvel 1448
20260909|0433|0556|1229|1604|1852|2010|27 Rebiulevvel 1448
20260910|0434|0557|1229|1603|1851|2008|28 Rebiulevvel 1448
20260911|0436|0558|1229|1602|1849|2007|29 Rebiulevvel 1448
20260912|0437|0559|1228|1601|1848|2005|1 Rebiulahir 1448
20260913|0438|0600|1228|1600|1846|2003|2 Rebiulahir 1448
20260914|0439|0601|1228|1559|1845|2001|3 Rebiulahir 1448
20260915|0440|0601|1227|1558|1843|2000|4 Rebiulahir 1448
20260916|0441|0602|1227|1557|1842|1958|5 Rebiulahir 1448
20260917|0442|0603|1227|1556|1840|1956|6 Rebiulahir 1448
20260918|0443|0604|1226|1555|1838|1955|7 Rebiulahir 1448
20260919|0444|0605|1226|1554|1837|1953|8 Rebiulahir 1448
20260920|0445|0606|1226|1553|1835|1951|9 Rebiulahir 1448
20260921|0446|0607|1225|1552|1834|1950|10 Rebiulahir 1448
20260922|0446|0607|1225|1551|1832|1948|11 Rebiulahir 1448
20260923|0447|0608|1224|1550|1831|1946|12 Rebiulahir 1448
20260924|0448|0609|1224|1549|1829|1945|13 Rebiulahir 1448
20260925|0449|0610|1224|1548|1828|1943|14 Rebiulahir 1448
20260926|0450|0611|1223|1547|1826|1941|15 Rebiulahir 1448
20260927|0451|0612|1223|1546|1824|1940|16 Rebiulahir 1448
20260928|0452|0613|1223|1545|1823|1938|17 Rebiulahir 1448
20260929|0453|0613|1222|1544|1821|1937|18 Rebiulahir 1448
20260930|0454|0614|1222|1542|1820|1935|19 Rebiulahir 1448
20261001|0455|0615|1222|1541|1818|1933|20 Rebiulahir 1448
20261002|0456|0616|1221|1540|1817|1932|21 Rebiulahir 1448
20261003|0457|0617|1221|1539|1815|1930|22 Rebiulahir 1448
20261004|0458|0618|1221|1538|1814|1929|23 Rebiulahir 1448
20261005|0459|0619|1220|1537|1812|1927|24 Rebiulahir 1448
20261006|0500|0620|1220|1536|1811|1926|25 Rebiulahir 1448
20261007|0500|0621|1220|1535|1809|1924|26 Rebiulahir 1448
20261008|0501|0621|1220|1534|1808|1923|27 Rebiulahir 1448
20261009|0502|0622|1219|1533|1806|1921|28 Rebiulahir 1448
20261010|0503|0623|1219|1532|1805|1920|29 Rebiulahir 1448
20261011|0504|0624|1219|1531|1803|1918|30 Rebiulahir 1448
20261012|0505|0625|1219|1530|1802|1917|1 Cemaziyelevvel 1448
20261013|0506|0626|1218|1528|1801|1916|2 Cemaziyelevvel 1448
20261014|0507|0627|1218|1527|1759|1914|3 Cemaziyelevvel 1448
20261015|0508|0628|1218|1526|1758|1913|4 Cemaziyelevvel 1448
20261016|0509|0629|1218|1525|1756|1911|5 Cemaziyelevvel 1448
20261017|0510|0630|1217|1524|1755|1910|6 Cemaziyelevvel 1448
20261018|0510|0631|1217|1523|1754|1909|7 Cemaziyelevvel 1448
20261019|0511|0632|1217|1522|1752|1908|8 Cemaziyelevvel 1448
20261020|0512|0633|1217|1521|1751|1906|9 Cemaziyelevvel 1448
20261021|0513|0634|1217|1520|1750|1905|10 Cemaziyelevvel 1448
20261022|0514|0635|1216|1519|1748|1904|11 Cemaziyelevvel 1448
20261023|0515|0636|1216|1518|1747|1903|12 Cemaziyelevvel 1448
20261024|0516|0637|1216|1517|1746|1901|13 Cemaziyelevvel 1448
20261025|0517|0638|1216|1516|1744|1900|14 Cemaziyelevvel 1448
20261026|0518|0639|1216|1515|1743|1859|15 Cemaziyelevvel 1448
20261027|0519|0640|1216|1514|1742|1858|16 Cemaziyelevvel 1448
20261028|0520|0641|1216|1513|1741|1857|17 Cemaziyelevvel 1448
20261029|0520|0642|1216|1512|1740|1856|18 Cemaziyelevvel 1448
20261030|0521|0643|1216|1512|1738|1855|19 Cemaziyelevvel 1448
20261031|0522|0644|1216|1511|1737|1854|20 Cemaziyelevvel 1448
20261101|0523|0645|1216|1510|1736|1853|21 Cemaziyelevvel 1448
20261102|0524|0646|1215|1509|1735|1852|22 Cemaziyelevvel 1448
20261103|0525|0647|1215|1508|1734|1851|23 Cemaziyelevvel 1448
20261104|0526|0648|1215|1507|1733|1850|24 Cemaziyelevvel 1448
20261105|0527|0649|1215|1506|1732|1849|25 Cemaziyelevvel 1448
20261106|0528|0650|1216|1506|1731|1848|26 Cemaziyelevvel 1448
20261107|0529|0651|1216|1505|1730|1847|27 Cemaziyelevvel 1448
20261108|0530|0652|1216|1504|1729|1847|28 Cemaziyelevvel 1448
20261109|0531|0653|1216|1503|1728|1846|29 Cemaziyelevvel 1448
20261110|0531|0654|1216|1503|1727|1845|1 Cemaziyelahir 1448
20261111|0532|0655|1216|1502|1726|1844|2 Cemaziyelahir 1448
20261112|0533|0656|1216|1501|1726|1844|3 Cemaziyelahir 1448
20261113|0534|0658|1216|1501|1725|1843|4 Cemaziyelahir 1448
20261114|0535|0659|1216|1500|1724|1842|5 Cemaziyelahir 1448
20261115|0536|0700|1216|1500|1723|1842|6 Cemaziyelahir 1448
20261116|0537|0701|1217|1459|1722|1841|7 Cemaziyelahir 1448
20261117|0538|0702|1217|1458|1722|1841|8 Cemaziyelahir 1448
20261118|0539|0703|1217|1458|1721|1840|9 Cemaziyelahir 1448
20261119|0540|0704|1217|1457|1720|1840|10 Cemaziyelahir 1448
20261120|0541|0705|1217|1457|1720|1839|11 Cemaziyelahir 1448
20261121|0541|0706|1218|1457|1719|1839|12 Cemaziyelahir 1448
20261122|0542|0707|1218|1456|1719|1838|13 Cemaziyelahir 1448
20261123|0543|0708|1218|1456|1718|1838|14 Cemaziyelahir 1448
20261124|0544|0709|1218|1455|1718|1838|15 Cemaziyelahir 1448
20261125|0545|0710|1219|1455|1717|1837|16 Cemaziyelahir 1448
20261126|0546|0711|1219|1455|1717|1837|17 Cemaziyelahir 1448
20261127|0547|0712|1219|1455|1717|1837|18 Cemaziyelahir 1448
20261128|0548|0713|1220|1454|1716|1837|19 Cemaziyelahir 1448
20261129|0548|0714|1220|1454|1716|1836|20 Cemaziyelahir 1448
20261130|0549|0715|1220|1454|1716|1836|21 Cemaziyelahir 1448
20261201|0550|0716|1221|1454|1715|1836|22 Cemaziyelahir 1448
20261202|0551|0717|1221|1454|1715|1836|23 Cemaziyelahir 1448
20261203|0552|0718|1222|1454|1715|1836|24 Cemaziyelahir 1448
20261204|0553|0719|1222|1454|1715|1836|25 Cemaziyelahir 1448
20261205|0553|0720|1222|1454|1715|1836|26 Cemaziyelahir 1448
20261206|0554|0721|1223|1454|1715|1836|27 Cemaziyelahir 1448
20261207|0555|0722|1223|1454|1715|1836|28 Cemaziyelahir 1448
20261208|0556|0722|1224|1454|1715|1836|29 Cemaziyelahir 1448
20261209|0556|0723|1224|1454|1715|1836|30 Cemaziyelahir 1448
20261210|0557|0724|1224|1454|1715|1837|1 Recep 1448
20261211|0558|0725|1225|1454|1715|1837|2 Recep 1448
20261212|0559|0726|1225|1454|1715|1837|3 Recep 1448
20261213|0559|0726|1226|1455|1715|1837|4 Recep 1448
20261214|0600|0727|1226|1455|1716|1837|5 Recep 1448
20261215|0601|0728|1227|1455|1716|1838|6 Recep 1448
20261216|0601|0728|1227|1455|1716|1838|7 Recep 1448
20261217|0602|0729|1228|1456|1717|1838|8 Recep 1448
20261218|0602|0730|1228|1456|1717|1839|9 Recep 1448
20261219|0603|0730|1229|1457|1717|1839|10 Recep 1448
20261220|0603|0731|1229|1457|1718|1840|11 Recep 1448
20261221|0604|0731|1230|1458|1718|1840|12 Recep 1448
20261222|0605|0732|1230|1458|1719|1841|13 Recep 1448
20261223|0605|0732|1231|1459|1719|1841|14 Recep 1448
20261224|0605|0733|1231|1459|1720|1842|15 Recep 1448
20261225|0606|0733|1232|1500|1720|1842|16 Recep 1448
20261226|0606|0734|1232|1500|1721|1843|17 Recep 1448
20261227|0607|0734|1233|1501|1722|1843|18 Recep 1448
20261228|0607|0734|1233|1501|1722|1844|19 Recep 1448
20261229|0607|0735|1234|1502|1723|1845|20 Recep 1448
20261230|0608|0735|1234|1503|1724|1845|21 Recep 1448
20261231|0608|0735|1235|1503|1724|1846|22 Recep 1448
20270101|0608|0735|1235|1504|1725|1847|23 Recep 1448
20270102|0608|0735|1236|1505|1726|1848|24 Recep 1448
20270103|0609|0735|1236|1506|1727|1848|25 Recep 1448
20270104|0609|0736|1237|1506|1728|1849|26 Recep 1448
20270105|0609|0736|1237|1507|1728|1850|27 Recep 1448
20270106|0609|0736|1237|1508|1729|1851|28 Recep 1448
20270107|0609|0736|1238|1509|1730|1851|29 Recep 1448
20270108|0609|0736|1238|1510|1731|1852|30 Recep 1448
20270109|0609|0736|1239|1511|1732|1853|1 Şaban 1448
20270110|0609|0735|1239|1511|1733|1854|2 Şaban 1448
20270111|0609|0735|1240|1512|1734|1855|3 Şaban 1448
20270112|0609|0735|1240|1513|1735|1856|4 Şaban 1448
20270113|0609|0735|1240|1514|1736|1856|5 Şaban 1448
20270114|0609|0735|1241|1515|1737|1857|6 Şaban 1448
20270115|0609|0734|1241|1516|1738|1858|7 Şaban 1448
20270116|0609|0734|1241|1517|1739|1859|8 Şaban 1448
20270117|0608|0734|1242|1518|1740|1900|9 Şaban 1448
20270118|0608|0733|1242|1519|1741|1901|10 Şaban 1448
20270119|0608|0733|1242|1520|1742|1902|11 Şaban 1448
20270120|0608|0732|1243|1521|1743|1903|12 Şaban 1448
20270121|0607|0732|1243|1522|1744|1904|13 Şaban 1448
20270122|0607|0731|1243|1522|1745|1905|14 Şaban 1448
20270123|0606|0731|1244|1523|1746|1906|15 Şaban 1448
20270124|0606|0730|1244|1524|1747|1906|16 Şaban 1448
20270125|0606|0730|1244|1525|1749|1907|17 Şaban 1448
20270126|0605|0729|1244|1526|1750|1908|18 Şaban 1448
20270127|0605|0728|1244|1527|1751|1909|19 Şaban 1448
20270128|0604|0728|1245|1528|1752|1910|20 Şaban 1448
20270129|0603|0727|1245|1529|1753|1911|21 Şaban 1448
20270130|0603|0726|1245|1530|1754|1912|22 Şaban 1448
20270131|0602|0725|1245|1531|1755|1913|23 Şaban 1448
20270201|0601|0724|1245|1532|1756|1914|24 Şaban 1448
20270202|0601|0724|1245|1533|1757|1915|25 Şaban 1448
20270203|0600|0723|1246|1534|1759|1916|26 Şaban 1448
20270204|0559|0722|1246|1535|1800|1917|27 Şaban 1448
20270205|0558|0721|1246|1536|1801|1918|28 Şaban 1448
20270206|0558|0720|1246|1536|1802|1919|29 Şaban 1448
20270207|0557|0719|1246|1537|1803|1920|30 Şaban 1448
20270208|0556|0718|1246|1538|1804|1921|1 Ramazan 1448
20270209|0555|0717|1246|1539|1805|1922|2 Ramazan 1448
20270210|0554|0716|1246|1540|1806|1923|3 Ramazan 1448
20270211|0553|0715|1246|1541|1807|1924|4 Ramazan 1448
20270212|0552|0714|1246|1542|1809|1925|5 Ramazan 1448
20270213|0551|0713|1246|1543|1810|1926|6 Ramazan 1448
20270214|0550|0711|1246|1543|1811|1927|7 Ramazan 1448
20270215|0549|0710|1246|1544|1812|1928|8 Ramazan 1448
20270216|0548|0709|1246|1545|1813|1929|9 Ramazan 1448
20270217|0547|0708|1246|1546|1814|1930|10 Ramazan 1448
20270218|0546|0707|1246|1547|1815|1931|11 Ramazan 1448
20270219|0545|0705|1246|1547|1816|1932|12 Ramazan 1448
20270220|0544|0704|1246|1548|1817|1933|13 Ramazan 1448
20270221|0542|0703|1246|1549|1818|1934|14 Ramazan 1448
20270222|0541|0702|1245|1550|1819|1935|15 Ramazan 1448
20270223|0540|0700|1245|1550|1820|1936|16 Ramazan 1448
20270224|0539|0659|1245|1551|1821|1937|17 Ramazan 1448
20270225|0537|0658|1245|1552|1822|1938|18 Ramazan 1448
20270226|0536|0656|1245|1552|1823|1939|19 Ramazan 1448
20270227|0535|0655|1245|1553|1824|1940|20 Ramazan 1448
20270228|0534|0654|1245|1554|1825|1941|21 Ramazan 1448
20270301|0532|0652|1244|1554|1826|1941|22 Ramazan 1448
20270302|0531|0651|1244|1555|1827|1942|23 Ramazan 1448
20270303|0529|0650|1244|1556|1828|1943|24 Ramazan 1448
20270304|0528|0648|1244|1556|1829|1944|25 Ramazan 1448
20270305|0527|0647|1244|1557|1830|1945|26 Ramazan 1448
20270306|0525|0645|1243|1558|1831|1946|27 Ramazan 1448
20270307|0524|0644|1243|1558|1832|1947|28 Ramazan 1448
20270308|0522|0642|1243|1559|1833|1948|29 Ramazan 1448
20270309|0521|0641|1243|1559|1834|1949|1 Şevval 1448
20270310|0519|0639|1242|1600|1835|1950|2 Şevval 1448
20270311|0518|0638|1242|1600|1836|1951|3 Şevval 1448
20270312|0516|0636|1242|1601|1837|1952|4 Şevval 1448
20270313|0515|0635|1242|1601|1838|1953|5 Şevval 1448
20270314|0513|0633|1241|1602|1839|1954|6 Şevval 1448
20270315|0512|0632|1241|1602|1840|1955|7 Şevval 1448
20270316|0510|0630|1241|1603|1841|1956|8 Şevval 1448
20270317|0509|0629|1240|1603|1842|1957|9 Şevval 1448
20270318|0507|0627|1240|1604|1843|1958|10 Şevval 1448
20270319|0505|0626|1240|1604|1844|1959|11 Şevval 1448
20270320|0504|0624|1240|1604|1845|2000|12 Şevval 1448
20270321|0502|0623|1239|1605|1846|2001|13 Şevval 1448
20270322|0500|0621|1239|1605|1847|2002|14 Şevval 1448
20270323|0459|0620|1239|1606|1848|2003|15 Şevval 1448
20270324|0457|0618|1238|1606|1848|2004|16 Şevval 1448
20270325|0456|0617|1238|1606|1849|2005|17 Şevval 1448
20270326|0454|0615|1238|1607|1850|2006|18 Şevval 1448
20270327|0452|0614|1237|1607|1851|2008|19 Şevval 1448
20270328|0450|0612|1237|1607|1852|2009|20 Şevval 1448
20270329|0449|0611|1237|1608|1853|2010|21 Şevval 1448
20270330|0447|0609|1237|1608|1854|2011|22 Şevval 1448
20270331|0445|0608|1236|1608|1855|2012|23 Şevval 1448
20270401|0444|0606|1236|1609|1856|2013|24 Şevval 1448
20270402|0442|0605|1236|1609|1857|2014|25 Şevval 1448
20270403|0440|0603|1235|1609|1858|2015|26 Şevval 1448
20270404|0439|0602|1235|1610|1859|2016|27 Şevval 1448
20270405|0437|0600|1235|1610|1859|2017|28 Şevval 1448
20270406|0435|0559|1235|1610|1900|2018|29 Şevval 1448
20270407|0433|0557|1234|1610|1901|2020|30 Şevval 1448
20270408|0432|0556|1234|1611|1902|2021|1 Zilkade 1448
20270409|0430|0554|1234|1611|1903|2022|2 Zilkade 1448
20270410|0428|0553|1233|1611|1904|2023|3 Zilkade 1448
20270411|0427|0551|1233|1611|1905|2024|4 Zilkade 1448
20270412|0425|0550|1233|1612|1906|2025|5 Zilkade 1448
20270413|0423|0549|1233|1612|1907|2026|6 Zilkade 1448
20270414|0421|0547|1232|1612|1908|2028|7 Zilkade 1448
20270415|0420|0546|1232|1612|1909|2029|8 Zilkade 1448
20270416|0418|0544|1232|1613|1910|2030|9 Zilkade 1448
20270417|0416|0543|1232|1613|1910|2031|10 Zilkade 1448
20270418|0415|0542|1231|1613|1911|2032|11 Zilkade 1448
20270419|0413|0540|1231|1613|1912|2034|12 Zilkade 1448
20270420|0411|0539|1231|1613|1913|2035|13 Zilkade 1448
20270421|0410|0537|1231|1614|1914|2036|14 Zilkade 1448
20270422|0408|0536|1231|1614|1915|2037|15 Zilkade 1448
20270423|0406|0535|1230|1614|1916|2038|16 Zilkade 1448
20270424|0405|0534|1230|1614|1917|2040|17 Zilkade 1448
20270425|0403|0532|1230|1614|1918|2041|18 Zilkade 1448
20270426|0401|0531|1230|1615|1919|2042|19 Zilkade 1448
20270427|0400|0530|1230|1615|1920|2044|20 Zilkade 1448
20270428|0358|0529|1230|1615|1921|2045|21 Zilkade 1448
20270429|0357|0527|1229|1615|1921|2046|22 Zilkade 1448
20270430|0355|0526|1229|1615|1922|2047|23 Zilkade 1448
20270501|0353|0525|1229|1616|1923|2049|24 Zilkade 1448
20270502|0352|0524|1229|1616|1924|2050|25 Zilkade 1448
20270503|0350|0523|1229|1616|1925|2051|26 Zilkade 1448
20270504|0349|0522|1229|1616|1926|2052|27 Zilkade 1448
20270505|0347|0520|1229|1616|1927|2054|28 Zilkade 1448
20270506|0346|0519|1229|1616|1928|2055|29 Zilkade 1448
20270507|0344|0518|1229|1617|1929|2056|1 Zilhicce 1448
20270508|0343|0517|1228|1617|1930|2058|2 Zilhicce 1448
20270509|0341|0516|1228|1617|1931|2059|3 Zilhicce 1448
20270510|0340|0515|1228|1617|1932|2100|4 Zilhicce 1448
20270511|0339|0514|1228|1617|1932|2101|5 Zilhicce 1448
20270512|0337|0513|1228|1618|1933|2103|6 Zilhicce 1448
20270513|0336|0512|1228|1618|1934|2104|7 Zilhicce 1448
20270514|0335|0512|1228|1618|1935|2105|8 Zilhicce 1448
20270515|0333|0511|1228|1618|1936|2107|9 Zilhicce 1448
20270516|0332|0510|1228|1618|1937|2108|10 Zilhicce 1448
20270517|0331|0509|1228|1619|1938|2109|11 Zilhicce 1448
20270518|0329|0508|1228|1619|1939|2110|12 Zilhicce 1448
20270519|0328|0507|1228|1619|1939|2112|13 Zilhicce 1448
20270520|0327|0507|1228|1619|1940|2113|14 Zilhicce 1448
20270521|0326|0506|1228|1619|1941|2114|15 Zilhicce 1448
20270522|0325|0505|1229|1620|1942|2115|16 Zilhicce 1448
20270523|0324|0505|1229|1620|1943|2116|17 Zilhicce 1448
20270524|0323|0504|1229|1620|1943|2118|18 Zilhicce 1448
20270525|0322|0503|1229|1620|1944|2119|19 Zilhicce 1448
20270526|0321|0503|1229|1620|1945|2120|20 Zilhicce 1448
20270527|0320|0502|1229|1621|1946|2121|21 Zilhicce 1448
20270528|0319|0502|1229|1621|1947|2122|22 Zilhicce 1448
20270529|0318|0501|1229|1621|1947|2123|23 Zilhicce 1448
20270530|0317|0501|1229|1621|1948|2124|24 Zilhicce 1448
20270531|0316|0500|1230|1622|1949|2125|25 Zilhicce 1448
20270601|0316|0500|1230|1622|1949|2126|26 Zilhicce 1448
20270602|0315|0500|1230|1622|1950|2127|27 Zilhicce 1448
20270603|0314|0459|1230|1622|1951|2128|28 Zilhicce 1448
20270604|0314|0459|1230|1622|1951|2129|29 Zilhicce 1448
20270605|0313|0459|1230|1623|1952|2130|30 Zilhicce 1448
20270606|0313|0458|1230|1623|1953|2131|1 Muharrem 1449
20270607|0312|0458|1231|1623|1953|2132|2 Muharrem 1449
20270608|0312|0458|1231|1623|1954|2132|3 Muharrem 1449
20270609|0311|0458|1231|1624|1954|2133|4 Muharrem 1449
20270610|0311|0458|1231|1624|1955|2134|5 Muharrem 1449
20270611|0311|0458|1231|1624|1955|2134|6 Muharrem 1449
20270612|0310|0458|1232|1624|1956|2135|7 Muharrem 1449
20270613|0310|0458|1232|1625|1956|2136|8 Muharrem 1449
20270614|0310|0458|1232|1625|1957|2136|9 Muharrem 1449
20270615|0310|0458|1232|1625|1957|2137|10 Muharrem 1449
20270616|0310|0458|1232|1625|1957|2137|11 Muharrem 1449
20270617|0310|0458|1233|1626|1958|2138|12 Muharrem 1449
20270618|0310|0458|1233|1626|1958|2138|13 Muharrem 1449
20270619|0310|0458|1233|1626|1958|2139|14 Muharrem 1449
20270620|0310|0458|1233|1626|1959|2139|15 Muharrem 1449
20270621|0310|0458|1234|1626|1959|2139|16 Muharrem 1449
20270622|0310|0458|1234|1627|1959|2139|17 Muharrem 1449
20270623|0311|0459|1234|1627|1959|2139|18 Muharrem 1449
20270624|0311|0459|1234|1627|2000|2140|19 Muharrem 1449
20270625|0311|0459|1234|1627|2000|2140|20 Muharrem 1449
20270626|0312|0500|1235|1627|2000|2140|21 Muharrem 1449
20270627|0312|0500|1235|1628|2000|2140|22 Muharrem 1449
20270628|0313|0500|1235|1628|2000|2140|23 Muharrem 1449
20270629|0313|0501|1235|1628|2000|2140|24 Muharrem 1449
20270630|0314|0501|1235|1628|2000|2139|25 Muharrem 1449
20270701|0314|0502|1236|1628|2000|2139|26 Muharrem 1449
20270702|0315|0502|1236|1629|2000|2139|27 Muharrem 1449
20270703|0316|0502|1236|1629|2000|2139|28 Muharrem 1449
20270704|0316|0503|1236|1629|2000|2138|29 Muharrem 1449
20270705|0317|0504|1236|1629|1959|2138|1 Safer 1449
20270706|0318|0504|1237|1629|1959|2138|2 Safer 1449
20270707|0319|0505|1237|1629|1959|2137|3 Safer 1449
20270708|0320|0505|1237|1629|1959|2137|4 Safer 1449
20270709|0320|0506|1237|1629|1958|2136|5 Safer 1449
20270710|0321|0506|1237|1629|1958|2135|6 Safer 1449
20270711|0322|0507|1237|1630|1958|2135|7 Safer 1449
20270712|0323|0508|1238|1630|1957|2134|8 Safer 1449
20270713|0324|0508|1238|1630|1957|2133|9 Safer 1449
20270714|0325|0509|1238|1630|1957|2133|10 Safer 1449
20270715|0326|0510|1238|1630|1956|2132|11 Safer 1449
20270716|0327|0510|1238|1630|1956|2131|12 Safer 1449
20270717|0329|0511|1238|1630|1955|2130|13 Safer 1449
20270718|0330|0512|1238|1630|1954|2129|14 Safer 1449
20270719|0331|0513|1238|1630|1954|2128|15 Safer 1449
20270720|0332|0513|1238|1630|1953|2127|16 Safer 1449
20270721|0333|0514|1238|1630|1953|2126|17 Safer 1449
20270722|0334|0515|1238|1629|1952|2125|18 Safer 1449
20270723|0336|0516|1238|1629|1951|2124|19 Safer 1449
20270724|0337|0516|1238|1629|1950|2123|20 Safer 1449
20270725|0338|0517|1238|1629|1950|2122|21 Safer 1449
20270726|0339|0518|1238|1629|1949|2121|22 Safer 1449
20270727|0340|0519|1238|1629|1948|2120|23 Safer 1449
20270728|0342|0520|1238|1629|1947|2118|24 Safer 1449
20270729|0343|0521|1238|1628|1946|2117|25 Safer 1449
20270730|0344|0521|1238|1628|1946|2116|26 Safer 1449
20270731|0345|0522|1238|1628|1945|2115|27 Safer 1449
20270801|0347|0523|1238|1628|1944|2113|28 Safer 1449
20270802|0348|0524|1238|1627|1943|2112|29 Safer 1449
20270803|0349|0525|1238|1627|1942|2111|1 Rebiulevvel 1449
20270804|0351|0526|1238|1627|1941|2109|2 Rebiulevvel 1449
20270805|0352|0526|1238|1626|1940|2108|3 Rebiulevvel 1449
20270806|0353|0527|1238|1626|1939|2106|4 Rebiulevvel 1449
20270807|0354|0528|1238|1626|1938|2105|5 Rebiulevvel 1449
20270808|0356|0529|1238|1625|1936|2103|6 Rebiulevvel 1449
20270809|0357|0530|1238|1625|1935|2102|7 Rebiulevvel 1449
20270810|0358|0531|1237|1625|1934|2100|8 Rebiulevvel 1449
20270811|0359|0532|1237|1624|1933|2059|9 Rebiulevvel 1449
20270812|0401|0532|1237|1624|1932|2057|10 Rebiulevvel 1449
20270813|0402|0533|1237|1623|1931|2056|11 Rebiulevvel 1449
20270814|0403|0534|1237|1623|1929|2054|12 Rebiulevvel 1449
20270815|0404|0535|1237|1622|1928|2053|13 Rebiulevvel 1449
20270816|0406|0536|1236|1622|1927|2051|14 Rebiulevvel 1449
20270817|0407|0537|1236|1621|1926|2049|15 Rebiulevvel 1449
20270818|0408|0538|1236|1621|1924|2048|16 Rebiulevvel 1449
20270819|0409|0538|1236|1620|1923|2046|17 Rebiulevvel 1449
20270820|0411|0539|1235|1619|1922|2044|18 Rebiulevvel 1449
20270821|0412|0540|1235|1619|1920|2043|19 Rebiulevvel 1449
20270822|0413|0541|1235|1618|1919|2041|20 Rebiulevvel 1449
20270823|0414|0542|1235|1617|1918|2039|21 Rebiulevvel 1449
20270824|0415|0543|1234|1617|1916|2038|22 Rebiulevvel 1449
20270825|0417|0544|1234|1616|1915|2036|23 Rebiulevvel 1449
20270826|0418|0544|1234|1615|1913|2034|24 Rebiulevvel 1449
20270827|0419|0545|1234|1615|1912|2033|25 Rebiulevvel 1449
20270828|0420|0546|1233|1614|1911|2031|26 Rebiulevvel 1449
20270829|0421|0547|1233|1613|1909|2029|27 Rebiulevvel 1449
20270830|0422|0548|1233|1612|1908|2028|28 Rebiulevvel 1449
20270831|0423|0549|1232|1612|1906|2026|29 Rebiulevvel 1449
20270901|0425|0550|1232|1611|1905|2024|30 Rebiulevvel 1449
20270902|0426|0550|1232|1610|1903|2022|1 Rebiulahir 1449
20270903|0427|0551|1232|1609|1902|2021|2 Rebiulahir 1449
20270904|0428|0552|1231|1608|1900|2019|3 Rebiulahir 1449
20270905|0429|0553|1231|1608|1859|2017|4 Rebiulahir 1449
20270906|0430|0554|1231|1607|1857|2016|5 Rebiulahir 1449
20270907|0431|0555|1230|1606|1856|2014|6 Rebiulahir 1449
20270908|0432|0555|1230|1605|1854|2012|7 Rebiulahir 1449
20270909|0433|0556|1229|1604|1853|2010|8 Rebiulahir 1449
20270910|0434|0557|1229|1603|1851|2009|9 Rebiulahir 1449
20270911|0435|0558|1229|1602|1850|2007|10 Rebiulahir 1449
20270912|0436|0559|1228|1601|1848|2005|11 Rebiulahir 1449
20270913|0437|0600|1228|1600|1847|2004|12 Rebiulahir 1449
20270914|0438|0600|1228|1559|1845|2002|13 Rebiulahir 1449
20270915|0439|0601|1227|1558|1844|2000|14 Rebiulahir 1449
20270916|0440|0602|1227|1557|1842|1958|15 Rebiulahir 1449
20270917|0441|0603|1227|1556|1840|1957|16 Rebiulahir 1449
20270918|0442|0604|1226|1555|1839|1955|17 Rebiulahir 1449
20270919|0443|0605|1226|1554|1837|1953|18 Rebiulahir 1449
20270920|0444|0605|1226|1553|1836|1952|19 Rebiulahir 1449
20270921|0445|0606|1225|1552|1834|1950|20 Rebiulahir 1449
20270922|0446|0607|1225|1551|1833|1948|21 Rebiulahir 1449
20270923|0447|0608|1225|1550|1831|1947|22 Rebiulahir 1449
20270924|0448|0609|1224|1549|1830|1945|23 Rebiulahir 1449
20270925|0449|0610|1224|1548|1828|1943|24 Rebiulahir 1449
20270926|0450|0611|1223|1547|1826|1942|25 Rebiulahir 1449
20270927|0451|0611|1223|1546|1825|1940|26 Rebiulahir 1449
20270928|0452|0612|1223|1545|1823|1939|27 Rebiulahir 1449
20270929|0453|0613|1222|1544|1822|1937|28 Rebiulahir 1449
20270930|0454|0614|1222|1543|1820|1935|29 Rebiulahir 1449
20271001|0455|0615|1222|1542|1819|1934|1 Cemaziyelevvel 1449
20271002|0456|0616|1221|1541|1817|1932|2 Cemaziyelevvel 1449
20271003|0457|0617|1221|1540|1816|1931|3 Cemaziyelevvel 1449
20271004|0458|0618|1221|1538|1814|1929|4 Cemaziyelevvel 1449
20271005|0458|0619|1221|1537|1813|1928|5 Cemaziyelevvel 1449
20271006|0459|0619|1220|1536|1811|1926|6 Cemaziyelevvel 1449
20271007|0500|0620|1220|1535|1810|1925|7 Cemaziyelevvel 1449
20271008|0501|0621|1220|1534|1808|1923|8 Cemaziyelevvel 1449
20271009|0502|0622|1219|1533|1807|1922|9 Cemaziyelevvel 1449
20271010|0503|0623|1219|1532|1805|1920|10 Cemaziyelevvel 1449
20271011|0504|0624|1219|1531|1804|1919|11 Cemaziyelevvel 1449
20271012|0505|0625|1219|1530|1802|1917|12 Cemaziyelevvel 1449
20271013|0506|0626|1218|1529|1801|1916|13 Cemaziyelevvel 1449
20271014|0507|0627|1218|1528|1759|1915|14 Cemaziyelevvel 1449
20271015|0508|0628|1218|1527|1758|1913|15 Cemaziyelevvel 1449
20271016|0508|0629|1218|1526|1757|1912|16 Cemaziyelevvel 1449
20271017|0509|0630|1217|1525|1755|1910|17 Cemaziyelevvel 1449
20271018|0510|0631|1217|1523|1754|1909|18 Cemaziyelevvel 1449
20271019|0511|0632|1217|1522|1753|1908|19 Cemaziyelevvel 1449
20271020|0512|0632|1217|1521|1751|1907|20 Cemaziyelevvel 1449
20271021|0513|0633|1217|1520|1750|1905|21 Cemaziyelevvel 1449
20271022|0514|0634|1216|1519|1749|1904|22 Cemaziyelevvel 1449
20271023|0515|0635|1216|1518|1747|1903|23 Cemaziyelevvel 1449
20271024|0516|0636|1216|1517|1746|1902|24 Cemaziyelevvel 1449
20271025|0517|0637|1216|1516|1745|1901|25 Cemaziyelevvel 1449
20271026|0517|0638|1216|1515|1743|1859|26 Cemaziyelevvel 1449
20271027|0518|0639|1216|1515|1742|1858|27 Cemaziyelevvel 1449
20271028|0519|0640|1216|1514|1741|1857|28 Cemaziyelevvel 1449
20271029|0520|0641|1216|1513|1740|1856|29 Cemaziyelevvel 1449
20271030|0521|0643|1216|1512|1739|1855|30 Cemaziyelevvel 1449
20271031|0522|0644|1216|1511|1738|1854|1 Cemaziyelahir 1449
20271101|0523|0645|1216|1510|1736|1853|2 Cemaziyelahir 1449
20271102|0524|0646|1215|1509|1735|1852|3 Cemaziyelahir 1449
20271103|0525|0647|1215|1508|1734|1851|4 Cemaziyelahir 1449
20271104|0526|0648|1215|1507|1733|1850|5 Cemaziyelahir 1449
20271105|0527|0649|1215|1507|1732|1849|6 Cemaziyelahir 1449
20271106|0528|0650|1216|1506|1731|1848|7 Cemaziyelahir 1449
20271107|0528|0651|1216|1505|1730|1848|8 Cemaziyelahir 1449
20271108|0529|0652|1216|1504|1729|1847|9 Cemaziyelahir 1449
20271109|0530|0653|1216|1504|1728|1846|10 Cemaziyelahir 1449
20271110|0531|0654|1216|1503|1727|1845|11 Cemaziyelahir 1449
20271111|0532|0655|1216|1502|1727|1844|12 Cemaziyelahir 1449
20271112|0533|0656|1216|1502|1726|1844|13 Cemaziyelahir 1449
20271113|0534|0657|1216|1501|1725|1843|14 Cemaziyelahir 1449
20271114|0535|0658|1216|1500|1724|1842|15 Cemaziyelahir 1449
20271115|0536|0659|1216|1500|1723|1842|16 Cemaziyelahir 1449
20271116|0537|0700|1217|1459|1723|1841|17 Cemaziyelahir 1449
20271117|0538|0702|1217|1459|1722|1841|18 Cemaziyelahir 1449
20271118|0539|0703|1217|1458|1721|1840|19 Cemaziyelahir 1449
20271119|0539|0704|1217|1458|1721|1840|20 Cemaziyelahir 1449
20271120|0540|0705|1217|1457|1720|1839|21 Cemaziyelahir 1449
20271121|0541|0706|1218|1457|1719|1839|22 Cemaziyelahir 1449
20271122|0542|0707|1218|1456|1719|1838|23 Cemaziyelahir 1449
20271123|0543|0708|1218|1456|1718|1838|24 Cemaziyelahir 1449
20271124|0544|0709|1218|1456|1718|1838|25 Cemaziyelahir 1449
20271125|0545|0710|1219|1455|1717|1837|26 Cemaziyelahir 1449
20271126|0546|0711|1219|1455|1717|1837|27 Cemaziyelahir 1449
20271127|0547|0712|1219|1455|1717|1837|28 Cemaziyelahir 1449
20271128|0547|0713|1220|1454|1716|1837|29 Cemaziyelahir 1449
20271129|0548|0714|1220|1454|1716|1836|1 Recep 1449
20271130|0549|0715|1220|1454|1716|1836|2 Recep 1449
20271201|0550|0716|1221|1454|1716|1836|3 Recep 1449
20271202|0551|0717|1221|1454|1715|1836|4 Recep 1449
20271203|0552|0718|1221|1454|1715|1836|5 Recep 1449
20271204|0552|0719|1222|1454|1715|1836|6 Recep 1449
20271205|0553|0720|1222|1454|1715|1836|7 Recep 1449
20271206|0554|0720|1223|1454|1715|1836|8 Recep 1449
20271207|0555|0721|1223|1454|1715|1836|9 Recep 1449
20271208|0555|0722|1223|1454|1715|1836|10 Recep 1449
20271209|0556|0723|1224|1454|1715|1836|11 Recep 1449
20271210|0557|0724|1224|1454|1715|1837|12 Recep 1449
20271211|0558|0725|1225|1454|1715|1837|13 Recep 1449
20271212|0558|0725|1225|1454|1715|1837|14 Recep 1449
20271213|0559|0726|1226|1455|1715|1837|15 Recep 1449
20271214|0600|0727|1226|1455|1716|1837|16 Recep 1449
20271215|0600|0728|1227|1455|1716|1838|17 Recep 1449
20271216|0601|0728|1227|1455|1716|1838|18 Recep 1449
20271217|0602|0729|1228|1456|1716|1838|19 Recep 1449
20271218|0602|0729|1228|1456|1717|1839|20 Recep 1449
20271219|0603|0730|1229|1457|1717|1839|21 Recep 1449
20271220|0603|0731|1229|1457|1718|1840|22 Recep 1449
20271221|0604|0731|1230|1457|1718|1840|23 Recep 1449
20271222|0604|0732|1230|1458|1719|1841|24 Recep 1449
20271223|0605|0732|1231|1458|1719|1841|25 Recep 1449
20271224|0605|0733|1231|1459|1720|1842|26 Recep 1449
20271225|0606|0733|1232|1459|1720|1842|27 Recep 1449
20271226|0606|0733|1232|1500|1721|1843|28 Recep 1449
20271227|0607|0734|1233|1501|1721|1843|29 Recep 1449
20271228|0607|0734|1233|1501|1722|1844|30 Recep 1449
20271229|0607|0734|1234|1502|1723|1845|1 Şaban 1449
20271230|0608|0735|1234|1503|1723|1845|2 Şaban 1449
20271231|0608|0735|1235|1503|1724|1846|3 Şaban 1449
#@9159|Besni|ADIYAMAN|730
20260101|0610|0737|1237|1506|1727|1849|12 Recep 1447
20260102|0610|0737|1237|1507|1728|1849|13 Recep 1447
20260103|0610|0737|1238|1508|1729|1850|14 Recep 1447
20260104|0610|0737|1238|1509|1730|1851|15 Recep 1447
20260105|0611|0737|1239|1509|1730|1852|16 Recep 1447
20260106|0611|0737|1239|1510|1731|1853|17 Recep 1447
20260107|0611|0737|1240|1511|1732|1853|18 Recep 1447
20260108|0611|0737|1240|1512|1733|1854|19 Recep 1447
20260109|0611|0737|1240|1513|1734|1855|20 Recep 1447
20260110|0611|0737|1241|1514|1735|1856|21 Recep 1447
20260111|0611|0737|1241|1514|1736|1857|22 Recep 1447
20260112|0611|0737|1242|1515|1737|1857|23 Recep 1447
20260113|0611|0736|1242|1516|1738|1858|24 Recep 1447
20260114|0610|0736|1242|1517|1739|1859|25 Recep 1447
20260115|0610|0736|1243|1518|1740|1900|26 Recep 1447
20260116|0610|0735|1243|1519|1741|1901|27 Recep 1447
20260117|0610|0735|1244|1520|1742|1902|28 Recep 1447
20260118|0610|0735|1244|1521|1743|1903|29 Recep 1447
20260119|0609|0734|1244|1522|1744|1904|30 Recep 1447
20260120|0609|0734|1244|1523|1745|1905|1 Şaban 1447
20260121|0609|0733|1245|1524|1746|1906|2 Şaban 1447
20260122|0608|0733|1245|1525|1747|1907|3 Şaban 1447
20260123|0608|0732|1245|1525|1748|1908|4 Şaban 1447
20260124|0607|0732|1246|1526|1750|1908|5 Şaban 1447
20260125|0607|0731|1246|1527|1751|1909|6 Şaban 1447
20260126|0607|0730|1246|1528|1752|1910|7 Şaban 1447
20260127|0606|0730|1246|1529|1753|1911|8 Şaban 1447
20260128|0605|0729|1246|1530|1754|1912|9 Şaban 1447
20260129|0605|0728|1247|1531|1755|1913|10 Şaban 1447
20260130|0604|0727|1247|1532|1756|1914|11 Şaban 1447
20260131|0604|0727|1247|1533|1757|1915|12 Şaban 1447
20260201|0603|0726|1247|1534|1758|1916|13 Şaban 1447
20260202|0602|0725|1247|1535|1800|1917|14 Şaban 1447
20260203|0601|0724|1247|1536|1801|1918|15 Şaban 1447
20260204|0601|0723|1247|1537|1802|1919|16 Şaban 1447
20260205|0600|0722|1248|1538|1803|1920|17 Şaban 1447
20260206|0559|0721|1248|1539|1804|1921|18 Şaban 1447
20260207|0558|0720|1248|1539|1805|1922|19 Şaban 1447
20260208|0557|0719|1248|1540|1806|1923|20 Şaban 1447
20260209|0556|0718|1248|1541|1807|1924|21 Şaban 1447
20260210|0556|0717|1248|1542|1808|1925|22 Şaban 1447
20260211|0555|0716|1248|1543|1809|1926|23 Şaban 1447
20260212|0554|0715|1248|1544|1811|1927|24 Şaban 1447
20260213|0553|0714|1248|1545|1812|1928|25 Şaban 1447
20260214|0552|0713|1248|1545|1813|1929|26 Şaban 1447
20260215|0551|0712|1248|1546|1814|1930|27 Şaban 1447
20260216|0549|0710|1248|1547|1815|1931|28 Şaban 1447
20260217|0548|0709|1248|1548|1816|1932|29 Şaban 1447
20260218|0547|0708|1248|1549|1817|1933|30 Şaban 1447
20260219|0546|0707|1247|1549|1818|1934|1 Ramazan 1447
20260220|0545|0706|1247|1550|1819|1935|2 Ramazan 1447
20260221|0544|0704|1247|1551|1820|1936|3 Ramazan 1447
20260222|0543|0703|1247|1552|1821|1937|4 Ramazan 1447
20260223|0541|0702|1247|1552|1822|1938|5 Ramazan 1447
20260224|0540|0700|1247|1553|1823|1939|6 Ramazan 1447
20260225|0539|0659|1247|1554|1824|1940|7 Ramazan 1447
20260226|0538|0658|1247|1554|1825|1940|8 Ramazan 1447
20260227|0536|0656|1246|1555|1826|1941|9 Ramazan 1447
20260228|0535|0655|1246|1556|1827|1942|10 Ramazan 1447
20260301|0534|0654|1246|1556|1828|1943|11 Ramazan 1447
20260302|0532|0652|1246|1557|1829|1944|12 Ramazan 1447
20260303|0531|0651|1246|1558|1830|1945|13 Ramazan 1447
20260304|0529|0649|1245|1558|1831|1946|14 Ramazan 1447
20260305|0528|0648|1245|1559|1832|1947|15 Ramazan 1447
20260306|0527|0647|1245|1559|1833|1948|16 Ramazan 1447
20260307|0525|0645|1245|1600|1834|1949|17 Ramazan 1447
20260308|0524|0644|1244|1601|1835|1950|18 Ramazan 1447
20260309|0522|0642|1244|1601|1836|1951|19 Ramazan 1447
20260310|0521|0641|1244|1602|1837|1952|20 Ramazan 1447
20260311|0519|0639|1244|1602|1838|1953|21 Ramazan 1447
20260312|0518|0638|1243|1603|1839|1954|22 Ramazan 1447
20260313|0516|0636|1243|1603|1840|1955|23 Ramazan 1447
20260314|0515|0635|1243|1604|1841|1956|24 Ramazan 1447
20260315|0513|0633|1243|1604|1842|1957|25 Ramazan 1447
20260316|0511|0632|1242|1605|1843|1958|26 Ramazan 1447
20260317|0510|0630|1242|1605|1844|1959|27 Ramazan 1447
20260318|0508|0629|1242|1605|1845|2000|28 Ramazan 1447
20260319|0507|0627|1241|1606|1846|2001|29 Ramazan 1447
20260320|0505|0626|1241|1606|1847|2002|1 Şevval 1447
20260321|0503|0624|1241|1607|1848|2003|2 Şevval 1447
20260322|0502|0623|1241|1607|1849|2004|3 Şevval 1447
20260323|0500|0621|1240|1607|1849|2005|4 Şevval 1447
20260324|0459|0620|1240|1608|1850|2006|5 Şevval 1447
20260325|0457|0618|1240|1608|1851|2007|6 Şevval 1447
20260326|0455|0617|1239|1609|1852|2008|7 Şevval 1447
20260327|0454|0615|1239|1609|1853|2009|8 Şevval 1447
20260328|0452|0614|1239|1609|1854|2010|9 Şevval 1447
20260329|0450|0612|1238|1610|1855|2011|10 Şevval 1447
20260330|0449|0611|1238|1610|1856|2013|11 Şevval 1447
20260331|0447|0609|1238|1610|1857|2014|12 Şevval 1447
20260401|0445|0608|1238|1611|1858|2015|13 Şevval 1447
20260402|0443|0606|1237|1611|1859|2016|14 Şevval 1447
20260403|0442|0605|1237|1611|1859|2017|15 Şevval 1447
20260404|0440|0603|1237|1611|1900|2018|16 Şevval 1447
20260405|0438|0602|1236|1612|1901|2019|17 Şevval 1447
20260406|0437|0600|1236|1612|1902|2020|18 Şevval 1447
20260407|0435|0559|1236|1612|1903|2021|19 Şevval 1447
20260408|0433|0557|1236|1612|1904|2022|20 Şevval 1447
20260409|0431|0556|1235|1613|1905|2024|21 Şevval 1447
20260410|0430|0554|1235|1613|1906|2025|22 Şevval 1447
20260411|0428|0553|1235|1613|1907|2026|23 Şevval 1447
20260412|0426|0551|1234|1613|1908|2027|24 Şevval 1447
20260413|0425|0550|1234|1614|1909|2028|25 Şevval 1447
20260414|0423|0549|1234|1614|1910|2029|26 Şevval 1447
20260415|0421|0547|1234|1614|1910|2031|27 Şevval 1447
20260416|0420|0546|1233|1614|1911|2032|28 Şevval 1447
20260417|0418|0544|1233|1615|1912|2033|29 Şevval 1447
20260418|0416|0543|1233|1615|1913|2034|1 Zilkade 1447
20260419|0414|0542|1233|1615|1914|2035|2 Zilkade 1447
20260420|0413|0540|1233|1615|1915|2037|3 Zilkade 1447
20260421|0411|0539|1232|1615|1916|2038|4 Zilkade 1447
20260422|0409|0538|1232|1616|1917|2039|5 Zilkade 1447
20260423|0408|0536|1232|1616|1918|2040|6 Zilkade 1447
20260424|0406|0535|1232|1616|1919|2042|7 Zilkade 1447
20260425|0405|0534|1232|1616|1920|2043|8 Zilkade 1447
20260426|0403|0532|1231|1616|1920|2044|9 Zilkade 1447
20260427|0401|0531|1231|1616|1921|2045|10 Zilkade 1447
20260428|0400|0530|1231|1617|1922|2047|11 Zilkade 1447
20260429|0358|0529|1231|1617|1923|2048|12 Zilkade 1447
20260430|0357|0528|1231|1617|1924|2049|13 Zilkade 1447
20260501|0355|0526|1231|1617|1925|2050|14 Zilkade 1447
20260502|0353|0525|1231|1617|1926|2052|15 Zilkade 1447
20260503|0352|0524|1231|1618|1927|2053|16 Zilkade 1447
20260504|0350|0523|1230|1618|1928|2054|17 Zilkade 1447
20260505|0349|0522|1230|1618|1929|2055|18 Zilkade 1447
20260506|0347|0521|1230|1618|1930|2057|19 Zilkade 1447
20260507|0346|0520|1230|1618|1931|2058|20 Zilkade 1447
20260508|0344|0519|1230|1618|1931|2059|21 Zilkade 1447
20260509|0343|0518|1230|1619|1932|2101|22 Zilkade 1447
20260510|0342|0517|1230|1619|1933|2102|23 Zilkade 1447
20260511|0340|0516|1230|1619|1934|2103|24 Zilkade 1447
20260512|0339|0515|1230|1619|1935|2104|25 Zilkade 1447
20260513|0337|0514|1230|1619|1936|2106|26 Zilkade 1447
20260514|0336|0513|1230|1620|1937|2107|27 Zilkade 1447
20260515|0335|0512|1230|1620|1938|2108|28 Zilkade 1447
20260516|0334|0511|1230|1620|1939|2109|29 Zilkade 1447
20260517|0332|0511|1230|1620|1939|2111|30 Zilkade 1447
20260518|0331|0510|1230|1620|1940|2112|1 Zilhicce 1447
20260519|0330|0509|1230|1621|1941|2113|2 Zilhicce 1447
20260520|0329|0508|1230|1621|1942|2114|3 Zilhicce 1447
20260521|0328|0508|1230|1621|1943|2116|4 Zilhicce 1447
20260522|0327|0507|1230|1621|1944|2117|5 Zilhicce 1447
20260523|0326|0506|1230|1621|1944|2118|6 Zilhicce 1447
20260524|0324|0506|1230|1622|1945|2119|7 Zilhicce 1447
20260525|0323|0505|1230|1622|1946|2120|8 Zilhicce 1447
20260526|0323|0505|1231|1622|1947|2121|9 Zilhicce 1447
20260527|0322|0504|1231|1622|1947|2123|10 Zilhicce 1447
20260528|0321|0503|1231|1622|1948|2124|11 Zilhicce 1447
20260529|0320|0503|1231|1623|1949|2125|12 Zilhicce 1447
20260530|0319|0503|1231|1623|1950|2126|13 Zilhicce 1447
20260531|0318|0502|1231|1623|1950|2127|14 Zilhicce 1447
20260601|0318|0502|1231|1623|1951|2128|15 Zilhicce 1447
20260602|0317|0501|1232|1624|1952|2129|16 Zilhicce 1447
20260603|0316|0501|1232|1624|1952|2130|17 Zilhicce 1447
20260604|0316|0501|1232|1624|1953|2131|18 Zilhicce 1447
20260605|0315|0500|1232|1624|1954|2131|19 Zilhicce 1447
20260606|0315|0500|1232|1624|1954|2132|20 Zilhicce 1447
20260607|0314|0500|1232|1625|1955|2133|21 Zilhicce 1447
20260608|0314|0500|1233|1625|1955|2134|22 Zilhicce 1447
20260609|0313|0500|1233|1625|1956|2135|23 Zilhicce 1447
20260610|0313|0500|1233|1625|1956|2135|24 Zilhicce 1447
20260611|0313|0459|1233|1626|1957|2136|25 Zilhicce 1447
20260612|0312|0459|1233|1626|1957|2137|26 Zilhicce 1447
20260613|0312|0459|1234|1626|1958|2137|27 Zilhicce 1447
20260614|0312|0459|1234|1626|1958|2138|28 Zilhicce 1447
20260615|0312|0459|1234|1627|1959|2138|29 Zilhicce 1447
20260616|0312|0459|1234|1627|1959|2139|1 Muharrem 1448
20260617|0312|0500|1234|1627|1959|2139|2 Muharrem 1448
20260618|0312|0500|1235|1627|2000|2140|3 Muharrem 1448
20260619|0312|0500|1235|1628|2000|2140|4 Muharrem 1448
20260620|0312|0500|1235|1628|2000|2140|5 Muharrem 1448
20260621|0312|0500|1235|1628|2000|2140|6 Muharrem 1448
20260622|0313|0500|1236|1628|2001|2141|7 Muharrem 1448
20260623|0313|0501|1236|1628|2001|2141|8 Muharrem 1448
20260624|0313|0501|1236|1629|2001|2141|9 Muharrem 1448
20260625|0313|0501|1236|1629|2001|2141|10 Muharrem 1448
20260626|0314|0502|1236|1629|2001|2141|11 Muharrem 1448
20260627|0314|0502|1237|1629|2001|2141|12 Muharrem 1448
20260628|0315|0502|1237|1629|2001|2141|13 Muharrem 1448
20260629|0315|0503|1237|1630|2001|2141|14 Muharrem 1448
20260630|0316|0503|1237|1630|2001|2141|15 Muharrem 1448
20260701|0317|0504|1237|1630|2001|2140|16 Muharrem 1448
20260702|0317|0504|1238|1630|2001|2140|17 Muharrem 1448
20260703|0318|0504|1238|1630|2001|2140|18 Muharrem 1448
20260704|0319|0505|1238|1630|2001|2140|19 Muharrem 1448
20260705|0319|0506|1238|1631|2001|2139|20 Muharrem 1448
20260706|0320|0506|1238|1631|2001|2139|21 Muharrem 1448
20260707|0321|0507|1238|1631|2000|2138|22 Muharrem 1448
20260708|0322|0507|1239|1631|2000|2138|23 Muharrem 1448
20260709|0323|0508|1239|1631|2000|2137|24 Muharrem 1448
20260710|0324|0508|1239|1631|1959|2137|25 Muharrem 1448
20260711|0325|0509|1239|1631|1959|2136|26 Muharrem 1448
20260712|0326|0510|1239|1631|1959|2135|27 Muharrem 1448
20260713|0327|0510|1239|1631|1958|2135|28 Muharrem 1448
20260714|0328|0511|1239|1631|1958|2134|29 Muharrem 1448
20260715|0329|0512|1240|1631|1957|2133|1 Safer 1448
20260716|0330|0512|1240|1631|1957|2132|2 Safer 1448
20260717|0331|0513|1240|1631|1956|2131|3 Safer 1448
20260718|0332|0514|1240|1631|1956|2130|4 Safer 1448
20260719|0333|0515|1240|1631|1955|2129|5 Safer 1448
20260720|0334|0515|1240|1631|1955|2128|6 Safer 1448
20260721|0335|0516|1240|1631|1954|2127|7 Safer 1448
20260722|0337|0517|1240|1631|1953|2126|8 Safer 1448
20260723|0338|0518|1240|1631|1953|2125|9 Safer 1448
20260724|0339|0518|1240|1631|1952|2124|10 Safer 1448
20260725|0340|0519|1240|1631|1951|2123|11 Safer 1448
20260726|0341|0520|1240|1630|1950|2122|12 Safer 1448
20260727|0343|0521|1240|1630|1949|2121|13 Safer 1448
20260728|0344|0522|1240|1630|1949|2119|14 Safer 1448
20260729|0345|0523|1240|1630|1948|2118|15 Safer 1448
20260730|0346|0523|1240|1630|1947|2117|16 Safer 1448
20260731|0348|0524|1240|1629|1946|2116|17 Safer 1448
20260801|0349|0525|1240|1629|1945|2114|18 Safer 1448
20260802|0350|0526|1240|1629|1944|2113|19 Safer 1448
20260803|0352|0527|1240|1629|1943|2112|20 Safer 1448
20260804|0353|0528|1240|1628|1942|2110|21 Safer 1448
20260805|0354|0528|1240|1628|1941|2109|22 Safer 1448
20260806|0355|0529|1240|1628|1940|2107|23 Safer 1448
20260807|0357|0530|1239|1627|1939|2106|24 Safer 1448
20260808|0358|0531|1239|1627|1938|2104|25 Safer 1448
20260809|0359|0532|1239|1626|1937|2103|26 Safer 1448
20260810|0400|0533|1239|1626|1935|2101|27 Safer 1448
20260811|0402|0534|1239|1626|1934|2100|28 Safer 1448
20260812|0403|0534|1239|1625|1933|2058|29 Safer 1448
20260813|0404|0535|1239|1625|1932|2057|30 Safer 1448
20260814|0405|0536|1238|1624|1931|2055|1 Rebiulevvel 1448
20260815|0407|0537|1238|1624|1929|2054|2 Rebiulevvel 1448
20260816|0408|0538|1238|1623|1928|2052|3 Rebiulevvel 1448
20260817|0409|0539|1238|1623|1927|2050|4 Rebiulevvel 1448
20260818|0410|0540|1238|1622|1926|2049|5 Rebiulevvel 1448
20260819|0412|0540|1237|1621|1924|2047|6 Rebiulevvel 1448
20260820|0413|0541|1237|1621|1923|2046|7 Rebiulevvel 1448
20260821|0414|0542|1237|1620|1922|2044|8 Rebiulevvel 1448
20260822|0415|0543|1237|1620|1920|2042|9 Rebiulevvel 1448
20260823|0416|0544|1236|1619|1919|2041|10 Rebiulevvel 1448
20260824|0418|0545|1236|1618|1918|2039|11 Rebiulevvel 1448
20260825|0419|0546|1236|1618|1916|2037|12 Rebiulevvel 1448
20260826|0420|0546|1236|1617|1915|2036|13 Rebiulevvel 1448
20260827|0421|0547|1235|1616|1913|2034|14 Rebiulevvel 1448
20260828|0422|0548|1235|1615|1912|2032|15 Rebiulevvel 1448
20260829|0423|0549|1235|1615|1910|2030|16 Rebiulevvel 1448
20260830|0424|0550|1234|1614|1909|2029|17 Rebiulevvel 1448
20260831|0426|0551|1234|1613|1908|2027|18 Rebiulevvel 1448
20260901|0427|0551|1234|1612|1906|2025|19 Rebiulevvel 1448
20260902|0428|0552|1233|1612|1905|2024|20 Rebiulevvel 1448
20260903|0429|0553|1233|1611|1903|2022|21 Rebiulevvel 1448
20260904|0430|0554|1233|1610|1902|2020|22 Rebiulevvel 1448
20260905|0431|0555|1232|1609|1900|2018|23 Rebiulevvel 1448
20260906|0432|0556|1232|1608|1859|2017|24 Rebiulevvel 1448
20260907|0433|0556|1232|1607|1857|2015|25 Rebiulevvel 1448
20260908|0434|0557|1231|1606|1856|2013|26 Rebiulevvel 1448
20260909|0435|0558|1231|1605|1854|2012|27 Rebiulevvel 1448
20260910|0436|0559|1231|1605|1853|2010|28 Rebiulevvel 1448
20260911|0437|0600|1230|1604|1851|2008|29 Rebiulevvel 1448
20260912|0438|0601|1230|1603|1849|2006|1 Rebiulahir 1448
20260913|0439|0601|1230|1602|1848|2005|2 Rebiulahir 1448
20260914|0440|0602|1229|1601|1846|2003|3 Rebiulahir 1448
20260915|0441|0603|1229|1600|1845|2001|4 Rebiulahir 1448
20260916|0442|0604|1229|1559|1843|2000|5 Rebiulahir 1448
20260917|0443|0605|1228|1558|1842|1958|6 Rebiulahir 1448
20260918|0444|0606|1228|1557|1840|1956|7 Rebiulahir 1448
20260919|0445|0607|1228|1556|1839|1955|8 Rebiulahir 1448
20260920|0446|0607|1227|1555|1837|1953|9 Rebiulahir 1448
20260921|0447|0608|1227|1554|1835|1951|10 Rebiulahir 1448
20260922|0448|0609|1226|1553|1834|1950|11 Rebiulahir 1448
20260923|0449|0610|1226|1552|1832|1948|12 Rebiulahir 1448
20260924|0450|0611|1226|1551|1831|1946|13 Rebiulahir 1448
20260925|0451|0612|1225|1550|1829|1945|14 Rebiulahir 1448
20260926|0452|0612|1225|1548|1828|1943|15 Rebiulahir 1448
20260927|0453|0613|1225|1547|1826|1941|16 Rebiulahir 1448
20260928|0454|0614|1224|1546|1825|1940|17 Rebiulahir 1448
20260929|0455|0615|1224|1545|1823|1938|18 Rebiulahir 1448
20260930|0456|0616|1224|1544|1822|1937|19 Rebiulahir 1448
20261001|0457|0617|1223|1543|1820|1935|20 Rebiulahir 1448
20261002|0458|0618|1223|1542|1818|1933|21 Rebiulahir 1448
20261003|0459|0619|1223|1541|1817|1932|22 Rebiulahir 1448
20261004|0459|0619|1222|1540|1815|1930|23 Rebiulahir 1448
20261005|0500|0620|1222|1539|1814|1929|24 Rebiulahir 1448
20261006|0501|0621|1222|1538|1812|1927|25 Rebiulahir 1448
20261007|0502|0622|1222|1537|1811|1926|26 Rebiulahir 1448
20261008|0503|0623|1221|1536|1809|1924|27 Rebiulahir 1448
20261009|0504|0624|1221|1534|1808|1923|28 Rebiulahir 1448
20261010|0505|0625|1221|1533|1807|1921|29 Rebiulahir 1448
20261011|0506|0626|1220|1532|1805|1920|30 Rebiulahir 1448
20261012|0507|0627|1220|1531|1804|1919|1 Cemaziyelevvel 1448
20261013|0508|0628|1220|1530|1802|1917|2 Cemaziyelevvel 1448
20261014|0509|0629|1220|1529|1801|1916|3 Cemaziyelevvel 1448
20261015|0509|0630|1219|1528|1759|1914|4 Cemaziyelevvel 1448
20261016|0510|0630|1219|1527|1758|1913|5 Cemaziyelevvel 1448
20261017|0511|0631|1219|1526|1757|1912|6 Cemaziyelevvel 1448
20261018|0512|0632|1219|1525|1755|1911|7 Cemaziyelevvel 1448
20261019|0513|0633|1219|1524|1754|1909|8 Cemaziyelevvel 1448
20261020|0514|0634|1218|1523|1753|1908|9 Cemaziyelevvel 1448
20261021|0515|0635|1218|1522|1751|1907|10 Cemaziyelevvel 1448
20261022|0516|0636|1218|1521|1750|1906|11 Cemaziyelevvel 1448
20261023|0517|0637|1218|1520|1749|1904|12 Cemaziyelevvel 1448
20261024|0518|0638|1218|1519|1747|1903|13 Cemaziyelevvel 1448
20261025|0518|0639|1218|1518|1746|1902|14 Cemaziyelevvel 1448
20261026|0519|0640|1218|1517|1745|1901|15 Cemaziyelevvel 1448
20261027|0520|0641|1217|1516|1744|1900|16 Cemaziyelevvel 1448
20261028|0521|0642|1217|1515|1743|1859|17 Cemaziyelevvel 1448
20261029|0522|0643|1217|1514|1741|1858|18 Cemaziyelevvel 1448
20261030|0523|0644|1217|1513|1740|1857|19 Cemaziyelevvel 1448
20261031|0524|0645|1217|1512|1739|1855|20 Cemaziyelevvel 1448
20261101|0525|0646|1217|1512|1738|1855|21 Cemaziyelevvel 1448
20261102|0526|0647|1217|1511|1737|1854|22 Cemaziyelevvel 1448
20261103|0527|0648|1217|1510|1736|1853|23 Cemaziyelevvel 1448
20261104|0528|0650|1217|1509|1735|1852|24 Cemaziyelevvel 1448
20261105|0528|0651|1217|1508|1734|1851|25 Cemaziyelevvel 1448
20261106|0529|0652|1217|1507|1733|1850|26 Cemaziyelevvel 1448
20261107|0530|0653|1217|1507|1732|1849|27 Cemaziyelevvel 1448
20261108|0531|0654|1217|1506|1731|1848|28 Cemaziyelevvel 1448
20261109|0532|0655|1217|1505|1730|1848|29 Cemaziyelevvel 1448
20261110|0533|0656|1217|1505|1729|1847|1 Cemaziyelahir 1448
20261111|0534|0657|1218|1504|1728|1846|2 Cemaziyelahir 1448
20261112|0535|0658|1218|1503|1727|1845|3 Cemaziyelahir 1448
20261113|0536|0659|1218|1503|1727|1845|4 Cemaziyelahir 1448
20261114|0537|0700|1218|1502|1726|1844|5 Cemaziyelahir 1448
20261115|0538|0701|1218|1501|1725|1843|6 Cemaziyelahir 1448
20261116|0539|0702|1218|1501|1724|1843|7 Cemaziyelahir 1448
20261117|0539|0703|1218|1500|1724|1842|8 Cemaziyelahir 1448
20261118|0540|0704|1219|1500|1723|1842|9 Cemaziyelahir 1448
20261119|0541|0705|1219|1459|1722|1841|10 Cemaziyelahir 1448
20261120|0542|0706|1219|1459|1722|1841|11 Cemaziyelahir 1448
20261121|0543|0708|1219|1458|1721|1840|12 Cemaziyelahir 1448
20261122|0544|0709|1220|1458|1721|1840|13 Cemaziyelahir 1448
20261123|0545|0710|1220|1458|1720|1840|14 Cemaziyelahir 1448
20261124|0546|0711|1220|1457|1720|1839|15 Cemaziyelahir 1448
20261125|0547|0712|1220|1457|1719|1839|16 Cemaziyelahir 1448
20261126|0547|0713|1221|1457|1719|1839|17 Cemaziyelahir 1448
20261127|0548|0714|1221|1456|1718|1839|18 Cemaziyelahir 1448
20261128|0549|0715|1221|1456|1718|1838|19 Cemaziyelahir 1448
20261129|0550|0716|1222|1456|1718|1838|20 Cemaziyelahir 1448
20261130|0551|0717|1222|1456|1718|1838|21 Cemaziyelahir 1448
20261201|0552|0718|1222|1456|1717|1838|22 Cemaziyelahir 1448
20261202|0553|0718|1223|1456|1717|1838|23 Cemaziyelahir 1448
20261203|0553|0719|1223|1456|1717|1838|24 Cemaziyelahir 1448
20261204|0554|0720|1224|1455|1717|1838|25 Cemaziyelahir 1448
20261205|0555|0721|1224|1455|1717|1838|26 Cemaziyelahir 1448
20261206|0556|0722|1224|1455|1717|1838|27 Cemaziyelahir 1448
20261207|0556|0723|1225|1456|1717|1838|28 Cemaziyelahir 1448
20261208|0557|0724|1225|1456|1717|1838|29 Cemaziyelahir 1448
20261209|0558|0725|1226|1456|1717|1838|30 Cemaziyelahir 1448
20261210|0559|0725|1226|1456|1717|1838|1 Recep 1448
20261211|0559|0726|1227|1456|1717|1839|2 Recep 1448
20261212|0600|0727|1227|1456|1717|1839|3 Recep 1448
20261213|0601|0728|1228|1456|1717|1839|4 Recep 1448
20261214|0601|0728|1228|1457|1718|1839|5 Recep 1448
20261215|0602|0729|1228|1457|1718|1840|6 Recep 1448
20261216|0603|0730|1229|1457|1718|1840|7 Recep 1448
20261217|0603|0731|1229|1458|1718|1840|8 Recep 1448
20261218|0604|0731|1230|1458|1719|1841|9 Recep 1448
20261219|0605|0732|1230|1458|1719|1841|10 Recep 1448
20261220|0605|0732|1231|1459|1720|1842|11 Recep 1448
20261221|0606|0733|1231|1459|1720|1842|12 Recep 1448
20261222|0606|0733|1232|1500|1720|1842|13 Recep 1448
20261223|0607|0734|1232|1500|1721|1843|14 Recep 1448
20261224|0607|0734|1233|1501|1722|1844|15 Recep 1448
20261225|0607|0735|1233|1501|1722|1844|16 Recep 1448
20261226|0608|0735|1234|1502|1723|1845|17 Recep 1448
20261227|0608|0735|1234|1503|1723|1845|18 Recep 1448
20261228|0609|0736|1235|1503|1724|1846|19 Recep 1448
20261229|0609|0736|1235|1504|1725|1847|20 Recep 1448
20261230|0609|0736|1236|1505|1725|1847|21 Recep 1448
20261231|0610|0737|1236|1505|1726|1848|22 Recep 1448
20270101|0610|0737|1237|1506|1727|1849|23 Recep 1448
20270102|0610|0737|1237|1507|1728|1849|24 Recep 1448
20270103|0610|0737|1238|1508|1729|1850|25 Recep 1448
20270104|0610|0737|1238|1508|1729|1851|26 Recep 1448
20270105|0611|0737|1239|1509|1730|1852|27 Recep 1448
20270106|0611|0737|1239|1510|1731|1852|28 Recep 1448
20270107|0611|0737|1240|1511|1732|1853|29 Recep 1448
20270108|0611|0737|1240|1512|1733|1854|30 Recep 1448
20270109|0611|0737|1240|1512|1734|1855|1 Şaban 1448
20270110|0611|0737|1241|1513|1735|1856|2 Şaban 1448
20270111|0611|0737|1241|1514|1736|1856|3 Şaban 1448
20270112|0611|0737|1242|1515|1737|1857|4 Şaban 1448
20270113|0611|0736|1242|1516|1738|1858|5 Şaban 1448
20270114|0611|0736|1242|1517|1739|1859|6 Şaban 1448
20270115|0610|0736|1243|1518|1740|1900|7 Şaban 1448
20270116|0610|0735|1243|1519|1741|1901|8 Şaban 1448
20270117|0610|0735|1243|1520|1742|1902|9 Şaban 1448
20270118|0610|0735|1244|1521|1743|1903|10 Şaban 1448
20270119|0609|0734|1244|1521|1744|1904|11 Şaban 1448
20270120|0609|0734|1244|1522|1745|1904|12 Şaban 1448
20270121|0609|0733|1245|1523|1746|1905|13 Şaban 1448
20270122|0608|0733|1245|1524|1747|1906|14 Şaban 1448
20270123|0608|0732|1245|1525|1748|1907|15 Şaban 1448
20270124|0608|0732|1245|1526|1749|1908|16 Şaban 1448
20270125|0607|0731|1246|1527|1750|1909|17 Şaban 1448
20270126|0607|0730|1246|1528|1751|1910|18 Şaban 1448
20270127|0606|0730|1246|1529|1753|1911|19 Şaban 1448
20270128|0606|0729|1246|1530|1754|1912|20 Şaban 1448
20270129|0605|0728|1247|1531|1755|1913|21 Şaban 1448
20270130|0604|0728|1247|1532|1756|1914|22 Şaban 1448
20270131|0604|0727|1247|1533|1757|1915|23 Şaban 1448
20270201|0603|0726|1247|1534|1758|1916|24 Şaban 1448
20270202|0602|0725|1247|1535|1759|1917|25 Şaban 1448
20270203|0602|0724|1247|1536|1800|1918|26 Şaban 1448
20270204|0601|0723|1247|1536|1801|1919|27 Şaban 1448
20270205|0600|0722|1247|1537|1803|1920|28 Şaban 1448
20270206|0559|0721|1248|1538|1804|1921|29 Şaban 1448
20270207|0558|0720|1248|1539|1805|1922|30 Şaban 1448
20270208|0558|0719|1248|1540|1806|1923|1 Ramazan 1448
20270209|0557|0718|1248|1541|1807|1924|2 Ramazan 1448
20270210|0556|0717|1248|1542|1808|1925|3 Ramazan 1448
20270211|0555|0716|1248|1543|1809|1926|4 Ramazan 1448
20270212|0554|0715|1248|1544|1810|1927|5 Ramazan 1448
20270213|0553|0714|1248|1544|1811|1928|6 Ramazan 1448
20270214|0552|0713|1248|1545|1812|1929|7 Ramazan 1448
20270215|0551|0712|1248|1546|1814|1930|8 Ramazan 1448
20270216|0550|0711|1248|1547|1815|1931|9 Ramazan 1448
20270217|0549|0710|1248|1548|1816|1932|10 Ramazan 1448
20270218|0548|0708|1248|1548|1817|1932|11 Ramazan 1448
20270219|0546|0707|1247|1549|1818|1933|12 Ramazan 1448
20270220|0545|0706|1247|1550|1819|1934|13 Ramazan 1448
20270221|0544|0705|1247|1551|1820|1935|14 Ramazan 1448
20270222|0543|0703|1247|1551|1821|1936|15 Ramazan 1448
20270223|0542|0702|1247|1552|1822|1937|16 Ramazan 1448
20270224|0540|0701|1247|1553|1823|1938|17 Ramazan 1448
20270225|0539|0659|1247|1554|1824|1939|18 Ramazan 1448
20270226|0538|0658|1247|1554|1825|1940|19 Ramazan 1448
20270227|0537|0657|1246|1555|1826|1941|20 Ramazan 1448
20270228|0535|0655|1246|1556|1827|1942|21 Ramazan 1448
20270301|0534|0654|1246|1556|1828|1943|22 Ramazan 1448
20270302|0533|0653|1246|1557|1829|1944|23 Ramazan 1448
20270303|0531|0651|1246|1557|1830|1945|24 Ramazan 1448
20270304|0530|0650|1245|1558|1831|1946|25 Ramazan 1448
20270305|0528|0648|1245|1559|1832|1947|26 Ramazan 1448
20270306|0527|0647|1245|1559|1833|1948|27 Ramazan 1448
20270307|0525|0645|1245|1600|1834|1949|28 Ramazan 1448
20270308|0524|0644|1245|1600|1835|1950|29 Ramazan 1448
20270309|0523|0643|1244|1601|1836|1951|1 Şevval 1448
20270310|0521|0641|1244|1601|1837|1952|2 Şevval 1448
20270311|0520|0640|1244|1602|1838|1953|3 Şevval 1448
20270312|0518|0638|1244|1602|1839|1954|4 Şevval 1448
20270313|0516|0637|1243|1603|1840|1955|5 Şevval 1448
20270314|0515|0635|1243|1603|1841|1956|6 Şevval 1448
20270315|0513|0634|1243|1604|1842|1957|7 Şevval 1448
20270316|0512|0632|1242|1604|1843|1958|8 Şevval 1448
20270317|0510|0631|1242|1605|1844|1959|9 Şevval 1448
20270318|0509|0629|1242|1605|1845|2000|10 Şevval 1448
20270319|0507|0628|1242|1606|1846|2001|11 Şevval 1448
20270320|0505|0626|1241|1606|1846|2002|12 Şevval 1448
20270321|0504|0625|1241|1607|1847|2003|13 Şevval 1448
20270322|0502|0623|1241|1607|1848|2004|14 Şevval 1448
20270323|0501|0622|1240|1607|1849|2005|15 Şevval 1448
20270324|0459|0620|1240|1608|1850|2006|16 Şevval 1448
20270325|0457|0619|1240|1608|1851|2007|17 Şevval 1448
20270326|0456|0617|1239|1608|1852|2008|18 Şevval 1448
20270327|0454|0615|1239|1609|1853|2009|19 Şevval 1448
20270328|0452|0614|1239|1609|1854|2010|20 Şevval 1448
20270329|0451|0612|1239|1610|1855|2011|21 Şevval 1448
20270330|0449|0611|1238|1610|1856|2012|22 Şevval 1448
20270331|0447|0609|1238|1610|1857|2013|23 Şevval 1448
20270401|0446|0608|1238|1610|1857|2014|24 Şevval 1448
20270402|0444|0606|1237|1611|1858|2016|25 Şevval 1448
20270403|0442|0605|1237|1611|1859|2017|26 Şevval 1448
20270404|0440|0603|1237|1611|1900|2018|27 Şevval 1448
20270405|0439|0602|1236|1612|1901|2019|28 Şevval 1448
20270406|0437|0600|1236|1612|1902|2020|29 Şevval 1448
20270407|0435|0559|1236|1612|1903|2021|30 Şevval 1448
20270408|0434|0557|1236|1612|1904|2022|1 Zilkade 1448
20270409|0432|0556|1235|1613|1905|2023|2 Zilkade 1448
20270410|0430|0555|1235|1613|1906|2024|3 Zilkade 1448
20270411|0428|0553|1235|1613|1907|2026|4 Zilkade 1448
20270412|0427|0552|1235|1613|1907|2027|5 Zilkade 1448
20270413|0425|0550|1234|1614|1908|2028|6 Zilkade 1448
20270414|0423|0549|1234|1614|1909|2029|7 Zilkade 1448
20270415|0422|0547|1234|1614|1910|2030|8 Zilkade 1448
20270416|0420|0546|1234|1614|1911|2031|9 Zilkade 1448
20270417|0418|0545|1233|1614|1912|2033|10 Zilkade 1448
20270418|0417|0543|1233|1615|1913|2034|11 Zilkade 1448
20270419|0415|0542|1233|1615|1914|2035|12 Zilkade 1448
20270420|0413|0541|1233|1615|1915|2036|13 Zilkade 1448
20270421|0412|0539|1232|1615|1916|2038|14 Zilkade 1448
20270422|0410|0538|1232|1615|1917|2039|15 Zilkade 1448
20270423|0408|0537|1232|1616|1918|2040|16 Zilkade 1448
20270424|0407|0535|1232|1616|1918|2041|17 Zilkade 1448
20270425|0405|0534|1232|1616|1919|2042|18 Zilkade 1448
20270426|0403|0533|1232|1616|1920|2044|19 Zilkade 1448
20270427|0402|0532|1231|1616|1921|2045|20 Zilkade 1448
20270428|0400|0530|1231|1617|1922|2046|21 Zilkade 1448
20270429|0358|0529|1231|1617|1923|2047|22 Zilkade 1448
20270430|0357|0528|1231|1617|1924|2049|23 Zilkade 1448
20270501|0355|0527|1231|1617|1925|2050|24 Zilkade 1448
20270502|0354|0526|1231|1617|1926|2051|25 Zilkade 1448
20270503|0352|0524|1231|1617|1927|2053|26 Zilkade 1448
20270504|0351|0523|1230|1618|1928|2054|27 Zilkade 1448
20270505|0349|0522|1230|1618|1929|2055|28 Zilkade 1448
20270506|0348|0521|1230|1618|1929|2056|29 Zilkade 1448
20270507|0346|0520|1230|1618|1930|2058|1 Zilhicce 1448
20270508|0345|0519|1230|1618|1931|2059|2 Zilhicce 1448
20270509|0343|0518|1230|1619|1932|2100|3 Zilhicce 1448
20270510|0342|0517|1230|1619|1933|2102|4 Zilhicce 1448
20270511|0341|0516|1230|1619|1934|2103|5 Zilhicce 1448
20270512|0339|0515|1230|1619|1935|2104|6 Zilhicce 1448
20270513|0338|0514|1230|1619|1936|2105|7 Zilhicce 1448
20270514|0336|0513|1230|1620|1937|2107|8 Zilhicce 1448
20270515|0335|0512|1230|1620|1937|2108|9 Zilhicce 1448
20270516|0334|0512|1230|1620|1938|2109|10 Zilhicce 1448
20270517|0333|0511|1230|1620|1939|2110|11 Zilhicce 1448
20270518|0331|0510|1230|1620|1940|2112|12 Zilhicce 1448
20270519|0330|0509|1230|1620|1941|2113|13 Zilhicce 1448
20270520|0329|0509|1230|1621|1942|2114|14 Zilhicce 1448
20270521|0328|0508|1230|1621|1943|2115|15 Zilhicce 1448
20270522|0327|0507|1230|1621|1943|2117|16 Zilhicce 1448
20270523|0326|0506|1230|1621|1944|2118|17 Zilhicce 1448
20270524|0325|0506|1230|1622|1945|2119|18 Zilhicce 1448
20270525|0324|0505|1230|1622|1946|2120|19 Zilhicce 1448
20270526|0323|0505|1231|1622|1947|2121|20 Zilhicce 1448
20270527|0322|0504|1231|1622|1947|2122|21 Zilhicce 1448
20270528|0321|0504|1231|1622|1948|2123|22 Zilhicce 1448
20270529|0320|0503|1231|1623|1949|2124|23 Zilhicce 1448
20270530|0319|0503|1231|1623|1949|2125|24 Zilhicce 1448
20270531|0318|0502|1231|1623|1950|2126|25 Zilhicce 1448
20270601|0318|0502|1231|1623|1951|2127|26 Zilhicce 1448
20270602|0317|0501|1231|1624|1952|2128|27 Zilhicce 1448
20270603|0316|0501|1232|1624|1952|2129|28 Zilhicce 1448
20270604|0316|0501|1232|1624|1953|2130|29 Zilhicce 1448
20270605|0315|0501|1232|1624|1953|2131|30 Zilhicce 1448
20270606|0315|0500|1232|1624|1954|2132|1 Muharrem 1449
20270607|0314|0500|1232|1625|1955|2133|2 Muharrem 1449
20270608|0314|0500|1233|1625|1955|2134|3 Muharrem 1449
20270609|0313|0500|1233|1625|1956|2134|4 Muharrem 1449
20270610|0313|0500|1233|1625|1956|2135|5 Muharrem 1449
20270611|0313|0500|1233|1626|1957|2136|6 Muharrem 1449
20270612|0312|0459|1233|1626|1957|2136|7 Muharrem 1449
20270613|0312|0459|1234|1626|1958|2137|8 Muharrem 1449
20270614|0312|0459|1234|1626|1958|2138|9 Muharrem 1449
20270615|0312|0459|1234|1627|1959|2138|10 Muharrem 1449
20270616|0312|0459|1234|1627|1959|2139|11 Muharrem 1449
20270617|0312|0500|1234|1627|1959|2139|12 Muharrem 1449
20270618|0312|0500|1235|1627|2000|2139|13 Muharrem 1449
20270619|0312|0500|1235|1627|2000|2140|14 Muharrem 1449
20270620|0312|0500|1235|1628|2000|2140|15 Muharrem 1449
20270621|0312|0500|1235|1628|2000|2140|16 Muharrem 1449
20270622|0312|0500|1235|1628|2001|2141|17 Muharrem 1449
20270623|0313|0501|1236|1628|2001|2141|18 Muharrem 1449
20270624|0313|0501|1236|1629|2001|2141|19 Muharrem 1449
20270625|0313|0501|1236|1629|2001|2141|20 Muharrem 1449
20270626|0314|0501|1236|1629|2001|2141|21 Muharrem 1449
20270627|0314|0502|1237|1629|2001|2141|22 Muharrem 1449
20270628|0315|0502|1237|1629|2001|2141|23 Muharrem 1449
20270629|0315|0503|1237|1630|2001|2141|24 Muharrem 1449
20270630|0316|0503|1237|1630|2001|2141|25 Muharrem 1449
20270701|0316|0503|1237|1630|2001|2141|26 Muharrem 1449
20270702|0317|0504|1238|1630|2001|2140|27 Muharrem 1449
20270703|0318|0504|1238|1630|2001|2140|28 Muharrem 1449
20270704|0318|0505|1238|1630|2001|2140|29 Muharrem 1449
20270705|0319|0505|1238|1630|2001|2139|1 Safer 1449
20270706|0320|0506|1238|1631|2001|2139|2 Safer 1449
20270707|0321|0506|1238|1631|2000|2138|3 Safer 1449
20270708|0322|0507|1239|1631|2000|2138|4 Safer 1449
20270709|0323|0508|1239|1631|2000|2137|5 Safer 1449
20270710|0323|0508|1239|1631|2000|2137|6 Safer 1449
20270711|0324|0509|1239|1631|1959|2136|7 Safer 1449
20270712|0325|0510|1239|1631|1959|2135|8 Safer 1449
20270713|0326|0510|1239|1631|1958|2135|9 Safer 1449
20270714|0327|0511|1239|1631|1958|2134|10 Safer 1449
20270715|0328|0512|1240|1631|1958|2133|11 Safer 1449
20270716|0330|0512|1240|1631|1957|2132|12 Safer 1449
20270717|0331|0513|1240|1631|1956|2132|13 Safer 1449
20270718|0332|0514|1240|1631|1956|2131|14 Safer 1449
20270719|0333|0514|1240|1631|1955|2130|15 Safer 1449
20270720|0334|0515|1240|1631|1955|2129|16 Safer 1449
20270721|0335|0516|1240|1631|1954|2128|17 Safer 1449
20270722|0336|0517|1240|1631|1953|2127|18 Safer 1449
20270723|0338|0518|1240|1631|1953|2126|19 Safer 1449
20270724|0339|0518|1240|1631|1952|2124|20 Safer 1449
20270725|0340|0519|1240|1631|1951|2123|21 Safer 1449
20270726|0341|0520|1240|1630|1950|2122|22 Safer 1449
20270727|0342|0521|1240|1630|1950|2121|23 Safer 1449
20270728|0344|0522|1240|1630|1949|2120|24 Safer 1449
20270729|0345|0522|1240|1630|1948|2119|25 Safer 1449
20270730|0346|0523|1240|1630|1947|2117|26 Safer 1449
20270731|0347|0524|1240|1629|1946|2116|27 Safer 1449
20270801|0349|0525|1240|1629|1945|2115|28 Safer 1449
20270802|0350|0526|1240|1629|1944|2113|29 Safer 1449
20270803|0351|0527|1240|1629|1943|2112|1 Rebiulevvel 1449
20270804|0352|0527|1240|1628|1942|2111|2 Rebiulevvel 1449
20270805|0354|0528|1240|1628|1941|2109|3 Rebiulevvel 1449
20270806|0355|0529|1240|1628|1940|2108|4 Rebiulevvel 1449
20270807|0356|0530|1239|1627|1939|2106|5 Rebiulevvel 1449
20270808|0358|0531|1239|1627|1938|2105|6 Rebiulevvel 1449
20270809|0359|0532|1239|1627|1937|2103|7 Rebiulevvel 1449
20270810|0400|0532|1239|1626|1936|2102|8 Rebiulevvel 1449
20270811|0401|0533|1239|1626|1935|2100|9 Rebiulevvel 1449
20270812|0403|0534|1239|1625|1933|2059|10 Rebiulevvel 1449
20270813|0404|0535|1239|1625|1932|2057|11 Rebiulevvel 1449
20270814|0405|0536|1238|1624|1931|2056|12 Rebiulevvel 1449
20270815|0406|0537|1238|1624|1930|2054|13 Rebiulevvel 1449
20270816|0408|0538|1238|1623|1928|2052|14 Rebiulevvel 1449
20270817|0409|0538|1238|1623|1927|2051|15 Rebiulevvel 1449
20270818|0410|0539|1238|1622|1926|2049|16 Rebiulevvel 1449
20270819|0411|0540|1237|1622|1925|2048|17 Rebiulevvel 1449
20270820|0412|0541|1237|1621|1923|2046|18 Rebiulevvel 1449
20270821|0414|0542|1237|1620|1922|2044|19 Rebiulevvel 1449
20270822|0415|0543|1237|1620|1921|2043|20 Rebiulevvel 1449
20270823|0416|0544|1236|1619|1919|2041|21 Rebiulevvel 1449
20270824|0417|0544|1236|1618|1918|2039|22 Rebiulevvel 1449
20270825|0418|0545|1236|1618|1916|2038|23 Rebiulevvel 1449
20270826|0420|0546|1236|1617|1915|2036|24 Rebiulevvel 1449
20270827|0421|0547|1235|1616|1914|2034|25 Rebiulevvel 1449
20270828|0422|0548|1235|1616|1912|2033|26 Rebiulevvel 1449
20270829|0423|0549|1235|1615|1911|2031|27 Rebiulevvel 1449
20270830|0424|0550|1234|1614|1909|2029|28 Rebiulevvel 1449
20270831|0425|0550|1234|1613|1908|2027|29 Rebiulevvel 1449
20270901|0426|0551|1234|1613|1906|2026|30 Rebiulevvel 1449
20270902|0427|0552|1234|1612|1905|2024|1 Rebiulahir 1449
20270903|0429|0553|1233|1611|1903|2022|2 Rebiulahir 1449
20270904|0430|0554|1233|1610|1902|2021|3 Rebiulahir 1449
20270905|0431|0555|1233|1609|1900|2019|4 Rebiulahir 1449
20270906|0432|0555|1232|1608|1859|2017|5 Rebiulahir 1449
20270907|0433|0556|1232|1607|1857|2015|6 Rebiulahir 1449
20270908|0434|0557|1232|1607|1856|2014|7 Rebiulahir 1449
20270909|0435|0558|1231|1606|1854|2012|8 Rebiulahir 1449
20270910|0436|0559|1231|1605|1853|2010|9 Rebiulahir 1449
20270911|0437|0600|1230|1604|1851|2009|10 Rebiulahir 1449
20270912|0438|0600|1230|1603|1850|2007|11 Rebiulahir 1449
20270913|0439|0601|1230|1602|1848|2005|12 Rebiulahir 1449
20270914|0440|0602|1229|1601|1847|2003|13 Rebiulahir 1449
20270915|0441|0603|1229|1600|1845|2002|14 Rebiulahir 1449
20270916|0442|0604|1229|1559|1844|2000|15 Rebiulahir 1449
20270917|0443|0605|1228|1558|1842|1958|16 Rebiulahir 1449
20270918|0444|0605|1228|1557|1841|1957|17 Rebiulahir 1449
20270919|0445|0606|1228|1556|1839|1955|18 Rebiulahir 1449
20270920|0446|0607|1227|1555|1837|1953|19 Rebiulahir 1449
20270921|0447|0608|1227|1554|1836|1952|20 Rebiulahir 1449
20270922|0448|0609|1227|1553|1834|1950|21 Rebiulahir 1449
20270923|0449|0610|1226|1552|1833|1948|22 Rebiulahir 1449
20270924|0450|0611|1226|1551|1831|1947|23 Rebiulahir 1449
20270925|0451|0611|1226|1550|1830|1945|24 Rebiulahir 1449
20270926|0452|0612|1225|1549|1828|1943|25 Rebiulahir 1449
20270927|0453|0613|1225|1548|1827|1942|26 Rebiulahir 1449
20270928|0454|0614|1224|1547|1825|1940|27 Rebiulahir 1449
20270929|0455|0615|1224|1546|1823|1939|28 Rebiulahir 1449
20270930|0456|0616|1224|1544|1822|1937|29 Rebiulahir 1449
20271001|0456|0617|1223|1543|1820|1935|1 Cemaziyelevvel 1449
20271002|0457|0617|1223|1542|1819|1934|2 Cemaziyelevvel 1449
20271003|0458|0618|1223|1541|1817|1932|3 Cemaziyelevvel 1449
20271004|0459|0619|1223|1540|1816|1931|4 Cemaziyelevvel 1449
20271005|0500|0620|1222|1539|1814|1929|5 Cemaziyelevvel 1449
20271006|0501|0621|1222|1538|1813|1928|6 Cemaziyelevvel 1449
20271007|0502|0622|1222|1537|1811|1926|7 Cemaziyelevvel 1449
20271008|0503|0623|1221|1536|1810|1925|8 Cemaziyelevvel 1449
20271009|0504|0624|1221|1535|1808|1923|9 Cemaziyelevvel 1449
20271010|0505|0625|1221|1534|1807|1922|10 Cemaziyelevvel 1449
20271011|0506|0626|1221|1533|1805|1920|11 Cemaziyelevvel 1449
20271012|0506|0627|1220|1532|1804|1919|12 Cemaziyelevvel 1449
20271013|0507|0627|1220|1530|1803|1918|13 Cemaziyelevvel 1449
20271014|0508|0628|1220|1529|1801|1916|14 Cemaziyelevvel 1449
20271015|0509|0629|1220|1528|1800|1915|15 Cemaziyelevvel 1449
20271016|0510|0630|1219|1527|1758|1913|16 Cemaziyelevvel 1449
20271017|0511|0631|1219|1526|1757|1912|17 Cemaziyelevvel 1449
20271018|0512|0632|1219|1525|1756|1911|18 Cemaziyelevvel 1449
20271019|0513|0633|1219|1524|1754|1910|19 Cemaziyelevvel 1449
20271020|0514|0634|1218|1523|1753|1908|20 Cemaziyelevvel 1449
20271021|0515|0635|1218|1522|1752|1907|21 Cemaziyelevvel 1449
20271022|0516|0636|1218|1521|1750|1906|22 Cemaziyelevvel 1449
20271023|0516|0637|1218|1520|1749|1905|23 Cemaziyelevvel 1449
20271024|0517|0638|1218|1519|1748|1903|24 Cemaziyelevvel 1449
20271025|0518|0639|1218|1518|1746|1902|25 Cemaziyelevvel 1449
20271026|0519|0640|1218|1517|1745|1901|26 Cemaziyelevvel 1449
20271027|0520|0641|1218|1516|1744|1900|27 Cemaziyelevvel 1449
20271028|0521|0642|1217|1515|1743|1859|28 Cemaziyelevvel 1449
20271029|0522|0643|1217|1514|1742|1858|29 Cemaziyelevvel 1449
20271030|0523|0644|1217|1514|1741|1857|30 Cemaziyelevvel 1449
20271031|0524|0645|1217|1513|1739|1856|1 Cemaziyelahir 1449
20271101|0525|0646|1217|1512|1738|1855|2 Cemaziyelahir 1449
20271102|0526|0647|1217|1511|1737|1854|3 Cemaziyelahir 1449
20271103|0526|0648|1217|1510|1736|1853|4 Cemaziyelahir 1449
20271104|0527|0649|1217|1509|1735|1852|5 Cemaziyelahir 1449
20271105|0528|0650|1217|1508|1734|1851|6 Cemaziyelahir 1449
20271106|0529|0651|1217|1508|1733|1850|7 Cemaziyelahir 1449
20271107|0530|0652|1217|1507|1732|1849|8 Cemaziyelahir 1449
20271108|0531|0653|1217|1506|1731|1848|9 Cemaziyelahir 1449
20271109|0532|0655|1217|1505|1730|1848|10 Cemaziyelahir 1449
20271110|0533|0656|1217|1505|1729|1847|11 Cemaziyelahir 1449
20271111|0534|0657|1218|1504|1728|1846|12 Cemaziyelahir 1449
20271112|0535|0658|1218|1503|1728|1846|13 Cemaziyelahir 1449
20271113|0536|0659|1218|1503|1727|1845|14 Cemaziyelahir 1449
20271114|0536|0700|1218|1502|1726|1844|15 Cemaziyelahir 1449
20271115|0537|0701|1218|1502|1725|1844|16 Cemaziyelahir 1449
20271116|0538|0702|1218|1501|1724|1843|17 Cemaziyelahir 1449
20271117|0539|0703|1218|1500|1724|1842|18 Cemaziyelahir 1449
20271118|0540|0704|1219|1500|1723|1842|19 Cemaziyelahir 1449
20271119|0541|0705|1219|1459|1722|1841|20 Cemaziyelahir 1449
20271120|0542|0706|1219|1459|1722|1841|21 Cemaziyelahir 1449
20271121|0543|0707|1219|1459|1721|1841|22 Cemaziyelahir 1449
20271122|0544|0708|1220|1458|1721|1840|23 Cemaziyelahir 1449
20271123|0545|0709|1220|1458|1720|1840|24 Cemaziyelahir 1449
20271124|0545|0710|1220|1457|1720|1839|25 Cemaziyelahir 1449
20271125|0546|0711|1220|1457|1719|1839|26 Cemaziyelahir 1449
20271126|0547|0712|1221|1457|1719|1839|27 Cemaziyelahir 1449
20271127|0548|0713|1221|1457|1719|1839|28 Cemaziyelahir 1449
20271128|0549|0714|1221|1456|1718|1838|29 Cemaziyelahir 1449
20271129|0550|0715|1222|1456|1718|1838|1 Recep 1449
20271130|0551|0716|1222|1456|1718|1838|2 Recep 1449
20271201|0552|0717|1222|1456|1717|1838|3 Recep 1449
20271202|0552|0718|1223|1456|1717|1838|4 Recep 1449
20271203|0553|0719|1223|1456|1717|1838|5 Recep 1449
20271204|0554|0720|1223|1455|1717|1838|6 Recep 1449
20271205|0555|0721|1224|1455|1717|1838|7 Recep 1449
20271206|0556|0722|1224|1455|1717|1838|8 Recep 1449
20271207|0556|0723|1225|1456|1717|1838|9 Recep 1449
20271208|0557|0724|1225|1456|1717|1838|10 Recep 1449
20271209|0558|0724|1226|1456|1717|1838|11 Recep 1449
20271210|0559|0725|1226|1456|1717|1838|12 Recep 1449
20271211|0559|0726|1226|1456|1717|1838|13 Recep 1449
20271212|0600|0727|1227|1456|1717|1839|14 Recep 1449
20271213|0601|0728|1227|1456|1717|1839|15 Recep 1449
20271214|0601|0728|1228|1457|1717|1839|16 Recep 1449
20271215|0602|0729|1228|1457|1718|1839|17 Recep 1449
20271216|0603|0730|1229|1457|1718|1840|18 Recep 1449
20271217|0603|0730|1229|1458|1718|1840|19 Recep 1449
20271218|0604|0731|1230|1458|1719|1841|20 Recep 1449
20271219|0604|0732|1230|1458|1719|1841|21 Recep 1449
20271220|0605|0732|1231|1459|1719|1841|22 Recep 1449
20271221|0605|0733|1231|1459|1720|1842|23 Recep 1449
20271222|0606|0733|1232|1500|1720|1842|24 Recep 1449
20271223|0606|0734|1232|1500|1721|1843|25 Recep 1449
20271224|0607|0734|1233|1501|1721|1843|26 Recep 1449
20271225|0607|0735|1233|1501|1722|1844|27 Recep 1449
20271226|0608|0735|1234|1502|1723|1845|28 Recep 1449
20271227|0608|0735|1234|1503|1723|1845|29 Recep 1449
20271228|0609|0736|1235|1503|1724|1846|30 Recep 1449
20271229|0609|0736|1235|1504|1725|1846|1 Şaban 1449
20271230|0609|0736|1236|1504|1725|1847|2 Şaban 1449
20271231|0609|0736|1236|1505|1726|1848|3 Şaban 1449
#@9160|Çelikhan|ADIYAMAN|730
20260101|0609|0736|1235|1504|1725|1847|12 Recep 1447
20260102|0609|0736|1236|1505|1725|1847|13 Recep 1447
20260103|0609|0736|1236|1505|1726|1848|14 Recep 1447
20260104|0609|0736|1237|1506|1727|1849|15 Recep 1447
20260105|0610|0737|1237|1507|1728|1850|16 Recep 1447
20260106|0610|0737|1238|1508|1729|1850|17 Recep 1447
20260107|0610|0737|1238|1509|1730|1851|18 Recep 1447
20260108|0610|0736|1239|1509|1731|1852|19 Recep 1447
20260109|0610|0736|1239|1510|1732|1853|20 Recep 1447
20260110|0610|0736|1239|1511|1733|1854|21 Recep 1447
20260111|0610|0736|1240|1512|1734|1855|22 Recep 1447
20260112|0610|0736|1240|1513|1735|1856|23 Recep 1447
20260113|0610|0736|1241|1514|1736|1856|24 Recep 1447
20260114|0609|0735|1241|1515|1737|1857|25 Recep 1447
20260115|0609|0735|1241|1516|1738|1858|26 Recep 1447
20260116|0609|0735|1242|1517|1739|1859|27 Recep 1447
20260117|0609|0734|1242|1517|1740|1900|28 Recep 1447
20260118|0609|0734|1242|1518|1741|1901|29 Recep 1447
20260119|0608|0733|1243|1519|1742|1902|30 Recep 1447
20260120|0608|0733|1243|1520|1743|1903|1 Şaban 1447
20260121|0608|0732|1243|1521|1744|1904|2 Şaban 1447
20260122|0607|0732|1243|1522|1745|1905|3 Şaban 1447
20260123|0607|0731|1244|1523|1746|1906|4 Şaban 1447
20260124|0606|0731|1244|1524|1747|1907|5 Şaban 1447
20260125|0606|0730|1244|1525|1748|1908|6 Şaban 1447
20260126|0605|0729|1244|1526|1749|1909|7 Şaban 1447
20260127|0605|0729|1245|1527|1751|1909|8 Şaban 1447
20260128|0604|0728|1245|1528|1752|1910|9 Şaban 1447
20260129|0604|0727|1245|1529|1753|1911|10 Şaban 1447
20260130|0603|0727|1245|1530|1754|1912|11 Şaban 1447
20260131|0602|0726|1245|1531|1755|1913|12 Şaban 1447
20260201|0602|0725|1246|1532|1756|1914|13 Şaban 1447
20260202|0601|0724|1246|1533|1757|1915|14 Şaban 1447
20260203|0600|0723|1246|1534|1758|1916|15 Şaban 1447
20260204|0559|0722|1246|1535|1800|1917|16 Şaban 1447
20260205|0559|0721|1246|1535|1801|1918|17 Şaban 1447
20260206|0558|0720|1246|1536|1802|1919|18 Şaban 1447
20260207|0557|0719|1246|1537|1803|1920|19 Şaban 1447
20260208|0556|0718|1246|1538|1804|1921|20 Şaban 1447
20260209|0555|0717|1246|1539|1805|1922|21 Şaban 1447
20260210|0554|0716|1246|1540|1806|1923|22 Şaban 1447
20260211|0553|0715|1246|1541|1807|1924|23 Şaban 1447
20260212|0552|0714|1246|1542|1809|1925|24 Şaban 1447
20260213|0551|0713|1246|1542|1810|1926|25 Şaban 1447
20260214|0550|0712|1246|1543|1811|1927|26 Şaban 1447
20260215|0549|0711|1246|1544|1812|1928|27 Şaban 1447
20260216|0548|0709|1246|1545|1813|1929|28 Şaban 1447
20260217|0547|0708|1246|1546|1814|1930|29 Şaban 1447
20260218|0546|0707|1246|1547|1815|1931|30 Şaban 1447
20260219|0545|0706|1246|1547|1816|1932|1 Ramazan 1447
20260220|0543|0704|1246|1548|1817|1933|2 Ramazan 1447
20260221|0542|0703|1246|1549|1818|1934|3 Ramazan 1447
20260222|0541|0702|1246|1550|1819|1935|4 Ramazan 1447
20260223|0540|0701|1245|1550|1820|1936|5 Ramazan 1447
20260224|0539|0659|1245|1551|1821|1937|6 Ramazan 1447
20260225|0537|0658|1245|1552|1822|1938|7 Ramazan 1447
20260226|0536|0656|1245|1552|1824|1939|8 Ramazan 1447
20260227|0535|0655|1245|1553|1825|1940|9 Ramazan 1447
20260228|0533|0654|1245|1554|1826|1941|10 Ramazan 1447
20260301|0532|0652|1244|1554|1827|1942|11 Ramazan 1447
20260302|0531|0651|1244|1555|1828|1943|12 Ramazan 1447
20260303|0529|0650|1244|1556|1829|1944|13 Ramazan 1447
20260304|0528|0648|1244|1556|1830|1945|14 Ramazan 1447
20260305|0526|0647|1244|1557|1831|1946|15 Ramazan 1447
20260306|0525|0645|1243|1558|1832|1947|16 Ramazan 1447
20260307|0523|0644|1243|1558|1833|1948|17 Ramazan 1447
20260308|0522|0642|1243|1559|1834|1949|18 Ramazan 1447
20260309|0520|0641|1243|1559|1835|1950|19 Ramazan 1447
20260310|0519|0639|1242|1600|1836|1951|20 Ramazan 1447
20260311|0517|0638|1242|1600|1837|1952|21 Ramazan 1447
20260312|0516|0636|1242|1601|1838|1953|22 Ramazan 1447
20260313|0514|0635|1242|1601|1838|1954|23 Ramazan 1447
20260314|0513|0633|1241|1602|1839|1955|24 Ramazan 1447
20260315|0511|0632|1241|1602|1840|1956|25 Ramazan 1447
20260316|0510|0630|1241|1603|1841|1957|26 Ramazan 1447
20260317|0508|0629|1241|1603|1842|1958|27 Ramazan 1447
20260318|0506|0627|1240|1604|1843|1959|28 Ramazan 1447
20260319|0505|0626|1240|1604|1844|2000|29 Ramazan 1447
20260320|0503|0624|1240|1605|1845|2001|1 Şevval 1447
20260321|0501|0623|1239|1605|1846|2002|2 Şevval 1447
20260322|0500|0621|1239|1605|1847|2003|3 Şevval 1447
20260323|0458|0620|1239|1606|1848|2004|4 Şevval 1447
20260324|0456|0618|1238|1606|1849|2005|5 Şevval 1447
20260325|0455|0617|1238|1607|1850|2006|6 Şevval 1447
20260326|0453|0615|1238|1607|1851|2007|7 Şevval 1447
20260327|0451|0613|1238|1607|1852|2008|8 Şevval 1447
20260328|0450|0612|1237|1608|1853|2009|9 Şevval 1447
20260329|0448|0610|1237|1608|1854|2011|10 Şevval 1447
20260330|0446|0609|1237|1608|1854|2012|11 Şevval 1447
20260331|0445|0607|1236|1609|1855|2013|12 Şevval 1447
20260401|0443|0606|1236|1609|1856|2014|13 Şevval 1447
20260402|0441|0604|1236|1609|1857|2015|14 Şevval 1447
20260403|0439|0603|1235|1610|1858|2016|15 Şevval 1447
20260404|0438|0601|1235|1610|1859|2017|16 Şevval 1447
20260405|0436|0600|1235|1610|1900|2018|17 Şevval 1447
20260406|0434|0558|1235|1611|1901|2019|18 Şevval 1447
20260407|0433|0557|1234|1611|1902|2021|19 Şevval 1447
20260408|0431|0555|1234|1611|1903|2022|20 Şevval 1447
20260409|0429|0554|1234|1611|1904|2023|21 Şevval 1447
20260410|0427|0552|1233|1612|1905|2024|22 Şevval 1447
20260411|0426|0551|1233|1612|1906|2025|23 Şevval 1447
20260412|0424|0549|1233|1612|1906|2026|24 Şevval 1447
20260413|0422|0548|1233|1612|1907|2028|25 Şevval 1447
20260414|0420|0547|1232|1613|1908|2029|26 Şevval 1447
20260415|0419|0545|1232|1613|1909|2030|27 Şevval 1447
20260416|0417|0544|1232|1613|1910|2031|28 Şevval 1447
20260417|0415|0542|1232|1613|1911|2032|29 Şevval 1447
20260418|0414|0541|1232|1613|1912|2034|1 Zilkade 1447
20260419|0412|0540|1231|1614|1913|2035|2 Zilkade 1447
20260420|0410|0538|1231|1614|1914|2036|3 Zilkade 1447
20260421|0409|0537|1231|1614|1915|2037|4 Zilkade 1447
20260422|0407|0536|1231|1614|1916|2039|5 Zilkade 1447
20260423|0405|0534|1230|1615|1917|2040|6 Zilkade 1447
20260424|0404|0533|1230|1615|1918|2041|7 Zilkade 1447
20260425|0402|0532|1230|1615|1919|2042|8 Zilkade 1447
20260426|0400|0530|1230|1615|1920|2044|9 Zilkade 1447
20260427|0359|0529|1230|1615|1920|2045|10 Zilkade 1447
20260428|0357|0528|1230|1615|1921|2046|11 Zilkade 1447
20260429|0355|0527|1229|1616|1922|2047|12 Zilkade 1447
20260430|0354|0525|1229|1616|1923|2049|13 Zilkade 1447
20260501|0352|0524|1229|1616|1924|2050|14 Zilkade 1447
20260502|0351|0523|1229|1616|1925|2051|15 Zilkade 1447
20260503|0349|0522|1229|1616|1926|2053|16 Zilkade 1447
20260504|0347|0521|1229|1617|1927|2054|17 Zilkade 1447
20260505|0346|0520|1229|1617|1928|2055|18 Zilkade 1447
20260506|0344|0519|1229|1617|1929|2057|19 Zilkade 1447
20260507|0343|0518|1229|1617|1930|2058|20 Zilkade 1447
20260508|0341|0517|1229|1617|1931|2059|21 Zilkade 1447
20260509|0340|0516|1229|1618|1932|2100|22 Zilkade 1447
20260510|0339|0515|1228|1618|1932|2102|23 Zilkade 1447
20260511|0337|0514|1228|1618|1933|2103|24 Zilkade 1447
20260512|0336|0513|1228|1618|1934|2104|25 Zilkade 1447
20260513|0334|0512|1228|1618|1935|2106|26 Zilkade 1447
20260514|0333|0511|1228|1619|1936|2107|27 Zilkade 1447
20260515|0332|0510|1228|1619|1937|2108|28 Zilkade 1447
20260516|0330|0509|1228|1619|1938|2110|29 Zilkade 1447
20260517|0329|0508|1228|1619|1939|2111|30 Zilkade 1447
20260518|0328|0507|1228|1619|1940|2112|1 Zilhicce 1447
20260519|0327|0507|1229|1620|1940|2113|2 Zilhicce 1447
20260520|0326|0506|1229|1620|1941|2115|3 Zilhicce 1447
20260521|0324|0505|1229|1620|1942|2116|4 Zilhicce 1447
20260522|0323|0505|1229|1620|1943|2117|5 Zilhicce 1447
20260523|0322|0504|1229|1620|1944|2118|6 Zilhicce 1447
20260524|0321|0503|1229|1621|1945|2119|7 Zilhicce 1447
20260525|0320|0503|1229|1621|1945|2120|8 Zilhicce 1447
20260526|0319|0502|1229|1621|1946|2122|9 Zilhicce 1447
20260527|0318|0502|1229|1621|1947|2123|10 Zilhicce 1447
20260528|0317|0501|1229|1622|1948|2124|11 Zilhicce 1447
20260529|0316|0501|1229|1622|1948|2125|12 Zilhicce 1447
20260530|0316|0500|1230|1622|1949|2126|13 Zilhicce 1447
20260531|0315|0500|1230|1622|1950|2127|14 Zilhicce 1447
20260601|0314|0459|1230|1622|1950|2128|15 Zilhicce 1447
20260602|0313|0459|1230|1623|1951|2129|16 Zilhicce 1447
20260603|0313|0459|1230|1623|1952|2130|17 Zilhicce 1447
20260604|0312|0458|1230|1623|1952|2131|18 Zilhicce 1447
20260605|0312|0458|1230|1623|1953|2132|19 Zilhicce 1447
20260606|0311|0458|1231|1624|1954|2133|20 Zilhicce 1447
20260607|0310|0458|1231|1624|1954|2133|21 Zilhicce 1447
20260608|0310|0457|1231|1624|1955|2134|22 Zilhicce 1447
20260609|0310|0457|1231|1624|1955|2135|23 Zilhicce 1447
20260610|0309|0457|1231|1625|1956|2136|24 Zilhicce 1447
20260611|0309|0457|1232|1625|1956|2136|25 Zilhicce 1447
20260612|0309|0457|1232|1625|1957|2137|26 Zilhicce 1447
20260613|0309|0457|1232|1625|1957|2138|27 Zilhicce 1447
20260614|0308|0457|1232|1626|1958|2138|28 Zilhicce 1447
20260615|0308|0457|1232|1626|1958|2139|29 Zilhicce 1447
20260616|0308|0457|1233|1626|1959|2139|1 Muharrem 1448
20260617|0308|0457|1233|1626|1959|2140|2 Muharrem 1448
20260618|0308|0457|1233|1627|1959|2140|3 Muharrem 1448
20260619|0308|0457|1233|1627|1959|2140|4 Muharrem 1448
20260620|0308|0457|1234|1627|2000|2141|5 Muharrem 1448
20260621|0309|0458|1234|1627|2000|2141|6 Muharrem 1448
20260622|0309|0458|1234|1627|2000|2141|7 Muharrem 1448
20260623|0309|0458|1234|1628|2000|2141|8 Muharrem 1448
20260624|0309|0458|1234|1628|2001|2141|9 Muharrem 1448
20260625|0310|0459|1235|1628|2001|2141|10 Muharrem 1448
20260626|0310|0459|1235|1628|2001|2142|11 Muharrem 1448
20260627|0311|0459|1235|1628|2001|2141|12 Muharrem 1448
20260628|0311|0500|1235|1629|2001|2141|13 Muharrem 1448
20260629|0312|0500|1235|1629|2001|2141|14 Muharrem 1448
20260630|0312|0501|1236|1629|2001|2141|15 Muharrem 1448
20260701|0313|0501|1236|1629|2001|2141|16 Muharrem 1448
20260702|0314|0501|1236|1629|2001|2141|17 Muharrem 1448
20260703|0314|0502|1236|1629|2001|2140|18 Muharrem 1448
20260704|0315|0502|1236|1630|2000|2140|19 Muharrem 1448
20260705|0316|0503|1237|1630|2000|2140|20 Muharrem 1448
20260706|0317|0504|1237|1630|2000|2139|21 Muharrem 1448
20260707|0317|0504|1237|1630|2000|2139|22 Muharrem 1448
20260708|0318|0505|1237|1630|2000|2138|23 Muharrem 1448
20260709|0319|0505|1237|1630|1959|2138|24 Muharrem 1448
20260710|0320|0506|1237|1630|1959|2137|25 Muharrem 1448
20260711|0321|0507|1238|1630|1959|2136|26 Muharrem 1448
20260712|0322|0507|1238|1630|1958|2136|27 Muharrem 1448
20260713|0323|0508|1238|1630|1958|2135|28 Muharrem 1448
20260714|0324|0509|1238|1630|1957|2134|29 Muharrem 1448
20260715|0325|0509|1238|1630|1957|2133|1 Safer 1448
20260716|0326|0510|1238|1630|1956|2132|2 Safer 1448
20260717|0328|0511|1238|1630|1956|2132|3 Safer 1448
20260718|0329|0511|1238|1630|1955|2131|4 Safer 1448
20260719|0330|0512|1238|1630|1955|2130|5 Safer 1448
20260720|0331|0513|1238|1630|1954|2129|6 Safer 1448
20260721|0332|0514|1238|1630|1953|2128|7 Safer 1448
20260722|0333|0515|1239|1630|1953|2127|8 Safer 1448
20260723|0335|0515|1239|1630|1952|2125|9 Safer 1448
20260724|0336|0516|1239|1630|1951|2124|10 Safer 1448
20260725|0337|0517|1239|1630|1950|2123|11 Safer 1448
20260726|0338|0518|1239|1630|1950|2122|12 Safer 1448
20260727|0340|0519|1239|1629|1949|2121|13 Safer 1448
20260728|0341|0519|1239|1629|1948|2120|14 Safer 1448
20260729|0342|0520|1239|1629|1947|2118|15 Safer 1448
20260730|0343|0521|1239|1629|1946|2117|16 Safer 1448
20260731|0345|0522|1239|1628|1945|2116|17 Safer 1448
20260801|0346|0523|1238|1628|1944|2114|18 Safer 1448
20260802|0347|0524|1238|1628|1943|2113|19 Safer 1448
20260803|0349|0524|1238|1628|1942|2111|20 Safer 1448
20260804|0350|0525|1238|1627|1941|2110|21 Safer 1448
20260805|0351|0526|1238|1627|1940|2109|22 Safer 1448
20260806|0352|0527|1238|1627|1939|2107|23 Safer 1448
20260807|0354|0528|1238|1626|1938|2106|24 Safer 1448
20260808|0355|0529|1238|1626|1937|2104|25 Safer 1448
20260809|0356|0530|1238|1625|1936|2103|26 Safer 1448
20260810|0358|0531|1238|1625|1935|2101|27 Safer 1448
20260811|0359|0531|1237|1625|1933|2100|28 Safer 1448
20260812|0400|0532|1237|1624|1932|2058|29 Safer 1448
20260813|0401|0533|1237|1624|1931|2056|30 Safer 1448
20260814|0403|0534|1237|1623|1930|2055|1 Rebiulevvel 1448
20260815|0404|0535|1237|1623|1928|2053|2 Rebiulevvel 1448
20260816|0405|0536|1236|1622|1927|2052|3 Rebiulevvel 1448
20260817|0406|0537|1236|1621|1926|2050|4 Rebiulevvel 1448
20260818|0408|0537|1236|1621|1925|2048|5 Rebiulevvel 1448
20260819|0409|0538|1236|1620|1923|2047|6 Rebiulevvel 1448
20260820|0410|0539|1236|1620|1922|2045|7 Rebiulevvel 1448
20260821|0411|0540|1235|1619|1921|2043|8 Rebiulevvel 1448
20260822|0413|0541|1235|1618|1919|2042|9 Rebiulevvel 1448
20260823|0414|0542|1235|1618|1918|2040|10 Rebiulevvel 1448
20260824|0415|0543|1235|1617|1916|2038|11 Rebiulevvel 1448
20260825|0416|0544|1234|1616|1915|2037|12 Rebiulevvel 1448
20260826|0417|0544|1234|1616|1914|2035|13 Rebiulevvel 1448
20260827|0419|0545|1234|1615|1912|2033|14 Rebiulevvel 1448
20260828|0420|0546|1233|1614|1911|2031|15 Rebiulevvel 1448
20260829|0421|0547|1233|1613|1909|2030|16 Rebiulevvel 1448
20260830|0422|0548|1233|1613|1908|2028|17 Rebiulevvel 1448
20260831|0423|0549|1233|1612|1906|2026|18 Rebiulevvel 1448
20260901|0424|0550|1232|1611|1905|2025|19 Rebiulevvel 1448
20260902|0425|0550|1232|1610|1903|2023|20 Rebiulevvel 1448
20260903|0426|0551|1232|1609|1902|2021|21 Rebiulevvel 1448
20260904|0428|0552|1231|1608|1900|2019|22 Rebiulevvel 1448
20260905|0429|0553|1231|1608|1859|2018|23 Rebiulevvel 1448
20260906|0430|0554|1231|1607|1857|2016|24 Rebiulevvel 1448
20260907|0431|0555|1230|1606|1856|2014|25 Rebiulevvel 1448
20260908|0432|0556|1230|1605|1854|2012|26 Rebiulevvel 1448
20260909|0433|0556|1230|1604|1853|2011|27 Rebiulevvel 1448
20260910|0434|0557|1229|1603|1851|2009|28 Rebiulevvel 1448
20260911|0435|0558|1229|1602|1850|2007|29 Rebiulevvel 1448
20260912|0436|0559|1229|1601|1848|2005|1 Rebiulahir 1448
20260913|0437|0600|1228|1600|1847|2004|2 Rebiulahir 1448
20260914|0438|0601|1228|1559|1845|2002|3 Rebiulahir 1448
20260915|0439|0602|1227|1558|1843|2000|4 Rebiulahir 1448
20260916|0440|0602|1227|1557|1842|1959|5 Rebiulahir 1448
20260917|0441|0603|1227|1556|1840|1957|6 Rebiulahir 1448
20260918|0442|0604|1226|1555|1839|1955|7 Rebiulahir 1448
20260919|0443|0605|1226|1554|1837|1953|8 Rebiulahir 1448
20260920|0444|0606|1226|1553|1836|1952|9 Rebiulahir 1448
20260921|0445|0607|1225|1552|1834|1950|10 Rebiulahir 1448
20260922|0446|0608|1225|1551|1832|1948|11 Rebiulahir 1448
20260923|0447|0608|1225|1550|1831|1947|12 Rebiulahir 1448
20260924|0448|0609|1224|1549|1829|1945|13 Rebiulahir 1448
20260925|0449|0610|1224|1548|1828|1943|14 Rebiulahir 1448
20260926|0450|0611|1224|1547|1826|1942|15 Rebiulahir 1448
20260927|0451|0612|1223|1546|1825|1940|16 Rebiulahir 1448
20260928|0452|0613|1223|1545|1823|1939|17 Rebiulahir 1448
20260929|0453|0614|1223|1544|1821|1937|18 Rebiulahir 1448
20260930|0454|0615|1222|1542|1820|1935|19 Rebiulahir 1448
20261001|0455|0615|1222|1541|1818|1934|20 Rebiulahir 1448
20261002|0456|0616|1222|1540|1817|1932|21 Rebiulahir 1448
20261003|0457|0617|1221|1539|1815|1931|22 Rebiulahir 1448
20261004|0458|0618|1221|1538|1814|1929|23 Rebiulahir 1448
20261005|0459|0619|1221|1537|1812|1928|24 Rebiulahir 1448
20261006|0500|0620|1220|1536|1811|1926|25 Rebiulahir 1448
20261007|0500|0621|1220|1535|1809|1925|26 Rebiulahir 1448
20261008|0501|0622|1220|1534|1808|1923|27 Rebiulahir 1448
20261009|0502|0623|1219|1533|1806|1922|28 Rebiulahir 1448
20261010|0503|0624|1219|1532|1805|1920|29 Rebiulahir 1448
20261011|0504|0625|1219|1530|1803|1919|30 Rebiulahir 1448
20261012|0505|0625|1219|1529|1802|1917|1 Cemaziyelevvel 1448
20261013|0506|0626|1218|1528|1800|1916|2 Cemaziyelevvel 1448
20261014|0507|0627|1218|1527|1759|1914|3 Cemaziyelevvel 1448
20261015|0508|0628|1218|1526|1758|1913|4 Cemaziyelevvel 1448
20261016|0509|0629|1218|1525|1756|1912|5 Cemaziyelevvel 1448
20261017|0510|0630|1218|1524|1755|1910|6 Cemaziyelevvel 1448
20261018|0511|0631|1217|1523|1753|1909|7 Cemaziyelevvel 1448
20261019|0511|0632|1217|1522|1752|1908|8 Cemaziyelevvel 1448
20261020|0512|0633|1217|1521|1751|1906|9 Cemaziyelevvel 1448
20261021|0513|0634|1217|1520|1749|1905|10 Cemaziyelevvel 1448
20261022|0514|0635|1217|1519|1748|1904|11 Cemaziyelevvel 1448
20261023|0515|0636|1216|1518|1747|1903|12 Cemaziyelevvel 1448
20261024|0516|0637|1216|1517|1745|1902|13 Cemaziyelevvel 1448
20261025|0517|0638|1216|1516|1744|1900|14 Cemaziyelevvel 1448
20261026|0518|0639|1216|1515|1743|1859|15 Cemaziyelevvel 1448
20261027|0519|0640|1216|1514|1742|1858|16 Cemaziyelevvel 1448
20261028|0520|0641|1216|1513|1741|1857|17 Cemaziyelevvel 1448
20261029|0521|0642|1216|1512|1739|1856|18 Cemaziyelevvel 1448
20261030|0522|0643|1216|1511|1738|1855|19 Cemaziyelevvel 1448
20261031|0522|0644|1216|1510|1737|1854|20 Cemaziyelevvel 1448
20261101|0523|0645|1216|1509|1736|1853|21 Cemaziyelevvel 1448
20261102|0524|0646|1216|1509|1735|1852|22 Cemaziyelevvel 1448
20261103|0525|0648|1216|1508|1734|1851|23 Cemaziyelevvel 1448
20261104|0526|0649|1216|1507|1733|1850|24 Cemaziyelevvel 1448
20261105|0527|0650|1216|1506|1732|1849|25 Cemaziyelevvel 1448
20261106|0528|0651|1216|1505|1731|1848|26 Cemaziyelevvel 1448
20261107|0529|0652|1216|1505|1730|1847|27 Cemaziyelevvel 1448
20261108|0530|0653|1216|1504|1729|1847|28 Cemaziyelevvel 1448
20261109|0531|0654|1216|1503|1728|1846|29 Cemaziyelevvel 1448
20261110|0532|0655|1216|1502|1727|1845|1 Cemaziyelahir 1448
20261111|0533|0656|1216|1502|1726|1844|2 Cemaziyelahir 1448
20261112|0534|0657|1216|1501|1725|1844|3 Cemaziyelahir 1448
20261113|0535|0658|1216|1500|1724|1843|4 Cemaziyelahir 1448
20261114|0535|0659|1216|1500|1724|1842|5 Cemaziyelahir 1448
20261115|0536|0700|1217|1459|1723|1842|6 Cemaziyelahir 1448
20261116|0537|0701|1217|1459|1722|1841|7 Cemaziyelahir 1448
20261117|0538|0703|1217|1458|1721|1840|8 Cemaziyelahir 1448
20261118|0539|0704|1217|1457|1721|1840|9 Cemaziyelahir 1448
20261119|0540|0705|1217|1457|1720|1839|10 Cemaziyelahir 1448
20261120|0541|0706|1218|1457|1719|1839|11 Cemaziyelahir 1448
20261121|0542|0707|1218|1456|1719|1839|12 Cemaziyelahir 1448
20261122|0543|0708|1218|1456|1718|1838|13 Cemaziyelahir 1448
20261123|0544|0709|1218|1455|1718|1838|14 Cemaziyelahir 1448
20261124|0545|0710|1219|1455|1717|1837|15 Cemaziyelahir 1448
20261125|0545|0711|1219|1455|1717|1837|16 Cemaziyelahir 1448
20261126|0546|0712|1219|1454|1716|1837|17 Cemaziyelahir 1448
20261127|0547|0713|1219|1454|1716|1837|18 Cemaziyelahir 1448
20261128|0548|0714|1220|1454|1716|1836|19 Cemaziyelahir 1448
20261129|0549|0715|1220|1454|1715|1836|20 Cemaziyelahir 1448
20261130|0550|0716|1221|1453|1715|1836|21 Cemaziyelahir 1448
20261201|0551|0717|1221|1453|1715|1836|22 Cemaziyelahir 1448
20261202|0551|0718|1221|1453|1715|1836|23 Cemaziyelahir 1448
20261203|0552|0719|1222|1453|1715|1836|24 Cemaziyelahir 1448
20261204|0553|0720|1222|1453|1714|1836|25 Cemaziyelahir 1448
20261205|0554|0721|1222|1453|1714|1836|26 Cemaziyelahir 1448
20261206|0555|0722|1223|1453|1714|1836|27 Cemaziyelahir 1448
20261207|0555|0722|1223|1453|1714|1836|28 Cemaziyelahir 1448
20261208|0556|0723|1224|1453|1714|1836|29 Cemaziyelahir 1448
20261209|0557|0724|1224|1453|1714|1836|30 Cemaziyelahir 1448
20261210|0558|0725|1225|1453|1714|1836|1 Recep 1448
20261211|0558|0726|1225|1454|1714|1836|2 Recep 1448
20261212|0559|0726|1226|1454|1715|1837|3 Recep 1448
20261213|0600|0727|1226|1454|1715|1837|4 Recep 1448
20261214|0600|0728|1226|1454|1715|1837|5 Recep 1448
20261215|0601|0729|1227|1455|1715|1838|6 Recep 1448
20261216|0602|0729|1227|1455|1716|1838|7 Recep 1448
20261217|0602|0730|1228|1455|1716|1838|8 Recep 1448
20261218|0603|0731|1228|1456|1716|1839|9 Recep 1448
20261219|0603|0731|1229|1456|1717|1839|10 Recep 1448
20261220|0604|0732|1229|1456|1717|1839|11 Recep 1448
20261221|0605|0732|1230|1457|1718|1840|12 Recep 1448
20261222|0605|0733|1230|1457|1718|1840|13 Recep 1448
20261223|0606|0733|1231|1458|1719|1841|14 Recep 1448
20261224|0606|0734|1231|1458|1719|1841|15 Recep 1448
20261225|0606|0734|1232|1459|1720|1842|16 Recep 1448
20261226|0607|0735|1232|1500|1720|1843|17 Recep 1448
20261227|0607|0735|1233|1500|1721|1843|18 Recep 1448
20261228|0608|0735|1233|1501|1722|1844|19 Recep 1448
20261229|0608|0735|1234|1502|1722|1844|20 Recep 1448
20261230|0608|0736|1234|1502|1723|1845|21 Recep 1448
20261231|0609|0736|1235|1503|1724|1846|22 Recep 1448
20270101|0609|0736|1235|1504|1724|1847|23 Recep 1448
20270102|0609|0736|1236|1504|1725|1847|24 Recep 1448
20270103|0609|0736|1236|1505|1726|1848|25 Recep 1448
20270104|0609|0736|1237|1506|1727|1849|26 Recep 1448
20270105|0610|0737|1237|1507|1728|1850|27 Recep 1448
20270106|0610|0737|1238|1507|1729|1850|28 Recep 1448
20270107|0610|0737|1238|1508|1730|1851|29 Recep 1448
20270108|0610|0736|1238|1509|1730|1852|30 Recep 1448
20270109|0610|0736|1239|1510|1731|1853|1 Şaban 1448
20270110|0610|0736|1239|1511|1732|1854|2 Şaban 1448
20270111|0610|0736|1240|1512|1733|1854|3 Şaban 1448
20270112|0610|0736|1240|1513|1734|1855|4 Şaban 1448
20270113|0610|0736|1240|1514|1735|1856|5 Şaban 1448
20270114|0609|0735|1241|1514|1736|1857|6 Şaban 1448
20270115|0609|0735|1241|1515|1737|1858|7 Şaban 1448
20270116|0609|0735|1242|1516|1738|1859|8 Şaban 1448
20270117|0609|0734|1242|1517|1739|1900|9 Şaban 1448
20270118|0609|0734|1242|1518|1740|1901|10 Şaban 1448
20270119|0608|0734|1243|1519|1742|1902|11 Şaban 1448
20270120|0608|0733|1243|1520|1743|1903|12 Şaban 1448
20270121|0608|0733|1243|1521|1744|1904|13 Şaban 1448
20270122|0607|0732|1243|1522|1745|1904|14 Şaban 1448
20270123|0607|0732|1244|1523|1746|1905|15 Şaban 1448
20270124|0606|0731|1244|1524|1747|1906|16 Şaban 1448
20270125|0606|0730|1244|1525|1748|1907|17 Şaban 1448
20270126|0605|0730|1244|1526|1749|1908|18 Şaban 1448
20270127|0605|0729|1245|1527|1750|1909|19 Şaban 1448
20270128|0604|0728|1245|1528|1751|1910|20 Şaban 1448
20270129|0604|0728|1245|1529|1753|1911|21 Şaban 1448
20270130|0603|0727|1245|1530|1754|1912|22 Şaban 1448
20270131|0602|0726|1245|1531|1755|1913|23 Şaban 1448
20270201|0602|0725|1246|1532|1756|1914|24 Şaban 1448
20270202|0601|0724|1246|1532|1757|1915|25 Şaban 1448
20270203|0600|0723|1246|1533|1758|1916|26 Şaban 1448
20270204|0600|0722|1246|1534|1759|1917|27 Şaban 1448
20270205|0559|0722|1246|1535|1800|1918|28 Şaban 1448
20270206|0558|0721|1246|1536|1802|1919|29 Şaban 1448
20270207|0557|0720|1246|1537|1803|1920|30 Şaban 1448
20270208|0556|0719|1246|1538|1804|1921|1 Ramazan 1448
20270209|0555|0718|1246|1539|1805|1922|2 Ramazan 1448
20270210|0554|0716|1246|1540|1806|1923|3 Ramazan 1448
20270211|0553|0715|1246|1541|1807|1924|4 Ramazan 1448
20270212|0552|0714|1246|1541|1808|1925|5 Ramazan 1448
20270213|0551|0713|1246|1542|1809|1926|6 Ramazan 1448
20270214|0550|0712|1246|1543|1810|1927|7 Ramazan 1448
20270215|0549|0711|1246|1544|1812|1928|8 Ramazan 1448
20270216|0548|0710|1246|1545|1813|1929|9 Ramazan 1448
20270217|0547|0708|1246|1546|1814|1930|10 Ramazan 1448
20270218|0546|0707|1246|1546|1815|1931|11 Ramazan 1448
20270219|0545|0706|1246|1547|1816|1932|12 Ramazan 1448
20270220|0544|0705|1246|1548|1817|1933|13 Ramazan 1448
20270221|0543|0703|1246|1549|1818|1934|14 Ramazan 1448
20270222|0541|0702|1246|1549|1819|1935|15 Ramazan 1448
20270223|0540|0701|1245|1550|1820|1936|16 Ramazan 1448
20270224|0539|0700|1245|1551|1821|1937|17 Ramazan 1448
20270225|0538|0658|1245|1552|1822|1938|18 Ramazan 1448
20270226|0536|0657|1245|1552|1823|1939|19 Ramazan 1448
20270227|0535|0655|1245|1553|1824|1940|20 Ramazan 1448
20270228|0534|0654|1245|1554|1825|1941|21 Ramazan 1448
20270301|0532|0653|1245|1554|1826|1942|22 Ramazan 1448
20270302|0531|0651|1244|1555|1827|1943|23 Ramazan 1448
20270303|0529|0650|1244|1556|1828|1944|24 Ramazan 1448
20270304|0528|0648|1244|1556|1829|1945|25 Ramazan 1448
20270305|0527|0647|1244|1557|1830|1946|26 Ramazan 1448
20270306|0525|0646|1243|1557|1831|1947|27 Ramazan 1448
20270307|0524|0644|1243|1558|1832|1948|28 Ramazan 1448
20270308|0522|0643|1243|1559|1833|1949|29 Ramazan 1448
20270309|0521|0641|1243|1559|1834|1950|1 Şevval 1448
20270310|0519|0640|1242|1600|1835|1951|2 Şevval 1448
20270311|0518|0638|1242|1600|1836|1952|3 Şevval 1448
20270312|0516|0637|1242|1601|1837|1953|4 Şevval 1448
20270313|0515|0635|1242|1601|1838|1954|5 Şevval 1448
20270314|0513|0634|1241|1602|1839|1955|6 Şevval 1448
20270315|0512|0632|1241|1602|1840|1956|7 Şevval 1448
20270316|0510|0631|1241|1603|1841|1957|8 Şevval 1448
20270317|0508|0629|1241|1603|1842|1958|9 Şevval 1448
20270318|0507|0628|1240|1604|1843|1959|10 Şevval 1448
20270319|0505|0626|1240|1604|1844|2000|11 Şevval 1448
20270320|0503|0625|1240|1605|1845|2001|12 Şevval 1448
20270321|0502|0623|1239|1605|1846|2002|13 Şevval 1448
20270322|0500|0622|1239|1605|1847|2003|14 Şevval 1448
20270323|0459|0620|1239|1606|1848|2004|15 Şevval 1448
20270324|0457|0618|1239|1606|1849|2005|16 Şevval 1448
20270325|0455|0617|1238|1607|1850|2006|17 Şevval 1448
20270326|0454|0615|1238|1607|1851|2007|18 Şevval 1448
20270327|0452|0614|1238|1607|1851|2008|19 Şevval 1448
20270328|0450|0612|1237|1608|1852|2009|20 Şevval 1448
20270329|0448|0611|1237|1608|1853|2010|21 Şevval 1448
20270330|0447|0609|1237|1608|1854|2011|22 Şevval 1448
20270331|0445|0608|1236|1609|1855|2012|23 Şevval 1448
20270401|0443|0606|1236|1609|1856|2014|24 Şevval 1448
20270402|0442|0605|1236|1609|1857|2015|25 Şevval 1448
20270403|0440|0603|1236|1610|1858|2016|26 Şevval 1448
20270404|0438|0602|1235|1610|1859|2017|27 Şevval 1448
20270405|0436|0600|1235|1610|1900|2018|28 Şevval 1448
20270406|0435|0559|1235|1610|1901|2019|29 Şevval 1448
20270407|0433|0557|1234|1611|1902|2020|30 Şevval 1448
20270408|0431|0556|1234|1611|1903|2021|1 Zilkade 1448
20270409|0430|0554|1234|1611|1903|2023|2 Zilkade 1448
20270410|0428|0553|1234|1612|1904|2024|3 Zilkade 1448
20270411|0426|0551|1233|1612|1905|2025|4 Zilkade 1448
20270412|0424|0550|1233|1612|1906|2026|5 Zilkade 1448
20270413|0423|0548|1233|1612|1907|2027|6 Zilkade 1448
20270414|0421|0547|1233|1613|1908|2028|7 Zilkade 1448
20270415|0419|0546|1232|1613|1909|2030|8 Zilkade 1448
20270416|0417|0544|1232|1613|1910|2031|9 Zilkade 1448
20270417|0416|0543|1232|1613|1911|2032|10 Zilkade 1448
20270418|0414|0541|1232|1613|1912|2033|11 Zilkade 1448
20270419|0412|0540|1231|1614|1913|2035|12 Zilkade 1448
20270420|0411|0539|1231|1614|1914|2036|13 Zilkade 1448
20270421|0409|0537|1231|1614|1915|2037|14 Zilkade 1448
20270422|0407|0536|1231|1614|1916|2038|15 Zilkade 1448
20270423|0406|0535|1231|1614|1916|2039|16 Zilkade 1448
20270424|0404|0533|1230|1615|1917|2041|17 Zilkade 1448
20270425|0402|0532|1230|1615|1918|2042|18 Zilkade 1448
20270426|0401|0531|1230|1615|1919|2043|19 Zilkade 1448
20270427|0359|0529|1230|1615|1920|2045|20 Zilkade 1448
20270428|0357|0528|1230|1615|1921|2046|21 Zilkade 1448
20270429|0356|0527|1230|1616|1922|2047|22 Zilkade 1448
20270430|0354|0526|1229|1616|1923|2048|23 Zilkade 1448
20270501|0353|0525|1229|1616|1924|2050|24 Zilkade 1448
20270502|0351|0523|1229|1616|1925|2051|25 Zilkade 1448
20270503|0349|0522|1229|1616|1926|2052|26 Zilkade 1448
20270504|0348|0521|1229|1617|1927|2054|27 Zilkade 1448
20270505|0346|0520|1229|1617|1928|2055|28 Zilkade 1448
20270506|0345|0519|1229|1617|1929|2056|29 Zilkade 1448
20270507|0343|0518|1229|1617|1929|2058|1 Zilhicce 1448
20270508|0342|0517|1229|1617|1930|2059|2 Zilhicce 1448
20270509|0340|0516|1229|1618|1931|2100|3 Zilhicce 1448
20270510|0339|0515|1228|1618|1932|2101|4 Zilhicce 1448
20270511|0338|0514|1228|1618|1933|2103|5 Zilhicce 1448
20270512|0336|0513|1228|1618|1934|2104|6 Zilhicce 1448
20270513|0335|0512|1228|1618|1935|2105|7 Zilhicce 1448
20270514|0333|0511|1228|1619|1936|2107|8 Zilhicce 1448
20270515|0332|0510|1228|1619|1937|2108|9 Zilhicce 1448
20270516|0331|0509|1228|1619|1938|2109|10 Zilhicce 1448
20270517|0330|0508|1228|1619|1938|2110|11 Zilhicce 1448
20270518|0328|0508|1228|1619|1939|2112|12 Zilhicce 1448
20270519|0327|0507|1229|1620|1940|2113|13 Zilhicce 1448
20270520|0326|0506|1229|1620|1941|2114|14 Zilhicce 1448
20270521|0325|0505|1229|1620|1942|2115|15 Zilhicce 1448
20270522|0324|0505|1229|1620|1943|2117|16 Zilhicce 1448
20270523|0322|0504|1229|1620|1944|2118|17 Zilhicce 1448
20270524|0321|0503|1229|1621|1944|2119|18 Zilhicce 1448
20270525|0320|0503|1229|1621|1945|2120|19 Zilhicce 1448
20270526|0319|0502|1229|1621|1946|2121|20 Zilhicce 1448
20270527|0318|0502|1229|1621|1947|2122|21 Zilhicce 1448
20270528|0318|0501|1229|1622|1947|2124|22 Zilhicce 1448
20270529|0317|0501|1229|1622|1948|2125|23 Zilhicce 1448
20270530|0316|0500|1230|1622|1949|2126|24 Zilhicce 1448
20270531|0315|0500|1230|1622|1950|2127|25 Zilhicce 1448
20270601|0314|0459|1230|1622|1950|2128|26 Zilhicce 1448
20270602|0314|0459|1230|1623|1951|2129|27 Zilhicce 1448
20270603|0313|0459|1230|1623|1952|2130|28 Zilhicce 1448
20270604|0312|0458|1230|1623|1952|2131|29 Zilhicce 1448
20270605|0312|0458|1230|1623|1953|2132|30 Zilhicce 1448
20270606|0311|0458|1231|1624|1954|2132|1 Muharrem 1449
20270607|0311|0458|1231|1624|1954|2133|2 Muharrem 1449
20270608|0310|0457|1231|1624|1955|2134|3 Muharrem 1449
20270609|0310|0457|1231|1624|1955|2135|4 Muharrem 1449
20270610|0309|0457|1231|1625|1956|2136|5 Muharrem 1449
20270611|0309|0457|1232|1625|1956|2136|6 Muharrem 1449
20270612|0309|0457|1232|1625|1957|2137|7 Muharrem 1449
20270613|0309|0457|1232|1625|1957|2137|8 Muharrem 1449
20270614|0308|0457|1232|1626|1958|2138|9 Muharrem 1449
20270615|0308|0457|1232|1626|1958|2139|10 Muharrem 1449
20270616|0308|0457|1233|1626|1958|2139|11 Muharrem 1449
20270617|0308|0457|1233|1626|1959|2140|12 Muharrem 1449
20270618|0308|0457|1233|1626|1959|2140|13 Muharrem 1449
20270619|0308|0457|1233|1627|1959|2140|14 Muharrem 1449
20270620|0308|0457|1234|1627|2000|2141|15 Muharrem 1449
20270621|0309|0458|1234|1627|2000|2141|16 Muharrem 1449
20270622|0309|0458|1234|1627|2000|2141|17 Muharrem 1449
20270623|0309|0458|1234|1628|2000|2141|18 Muharrem 1449
20270624|0309|0458|1234|1628|2001|2141|19 Muharrem 1449
20270625|0310|0459|1235|1628|2001|2141|20 Muharrem 1449
20270626|0310|0459|1235|1628|2001|2142|21 Muharrem 1449
20270627|0311|0459|1235|1628|2001|2142|22 Muharrem 1449
20270628|0311|0500|1235|1629|2001|2141|23 Muharrem 1449
20270629|0312|0500|1235|1629|2001|2141|24 Muharrem 1449
20270630|0312|0500|1236|1629|2001|2141|25 Muharrem 1449
20270701|0313|0501|1236|1629|2001|2141|26 Muharrem 1449
20270702|0313|0501|1236|1629|2001|2141|27 Muharrem 1449
20270703|0314|0502|1236|1629|2001|2140|28 Muharrem 1449
20270704|0315|0502|1236|1630|2000|2140|29 Muharrem 1449
20270705|0316|0503|1237|1630|2000|2140|1 Safer 1449
20270706|0316|0503|1237|1630|2000|2139|2 Safer 1449
20270707|0317|0504|1237|1630|2000|2139|3 Safer 1449
20270708|0318|0505|1237|1630|2000|2138|4 Safer 1449
20270709|0319|0505|1237|1630|1959|2138|5 Safer 1449
20270710|0320|0506|1237|1630|1959|2137|6 Safer 1449
20270711|0321|0506|1238|1630|1959|2136|7 Safer 1449
20270712|0322|0507|1238|1630|1958|2136|8 Safer 1449
20270713|0323|0508|1238|1630|1958|2135|9 Safer 1449
20270714|0324|0508|1238|1630|1957|2134|10 Safer 1449
20270715|0325|0509|1238|1630|1957|2133|11 Safer 1449
20270716|0326|0510|1238|1630|1956|2133|12 Safer 1449
20270717|0327|0511|1238|1630|1956|2132|13 Safer 1449
20270718|0328|0511|1238|1630|1955|2131|14 Safer 1449
20270719|0330|0512|1238|1630|1955|2130|15 Safer 1449
20270720|0331|0513|1238|1630|1954|2129|16 Safer 1449
20270721|0332|0514|1238|1630|1953|2128|17 Safer 1449
20270722|0333|0514|1239|1630|1953|2127|18 Safer 1449
20270723|0334|0515|1239|1630|1952|2126|19 Safer 1449
20270724|0336|0516|1239|1630|1951|2125|20 Safer 1449
20270725|0337|0517|1239|1630|1951|2123|21 Safer 1449
20270726|0338|0518|1239|1630|1950|2122|22 Safer 1449
20270727|0339|0518|1239|1629|1949|2121|23 Safer 1449
20270728|0341|0519|1239|1629|1948|2120|24 Safer 1449
20270729|0342|0520|1239|1629|1947|2119|25 Safer 1449
20270730|0343|0521|1239|1629|1946|2117|26 Safer 1449
20270731|0344|0522|1239|1629|1945|2116|27 Safer 1449
20270801|0346|0523|1238|1628|1944|2115|28 Safer 1449
20270802|0347|0523|1238|1628|1943|2113|29 Safer 1449
20270803|0348|0524|1238|1628|1942|2112|1 Rebiulevvel 1449
20270804|0349|0525|1238|1627|1941|2110|2 Rebiulevvel 1449
20270805|0351|0526|1238|1627|1940|2109|3 Rebiulevvel 1449
20270806|0352|0527|1238|1627|1939|2108|4 Rebiulevvel 1449
20270807|0353|0528|1238|1626|1938|2106|5 Rebiulevvel 1449
20270808|0355|0529|1238|1626|1937|2105|6 Rebiulevvel 1449
20270809|0356|0529|1238|1626|1936|2103|7 Rebiulevvel 1449
20270810|0357|0530|1238|1625|1935|2102|8 Rebiulevvel 1449
20270811|0359|0531|1237|1625|1934|2100|9 Rebiulevvel 1449
20270812|0400|0532|1237|1624|1932|2058|10 Rebiulevvel 1449
20270813|0401|0533|1237|1624|1931|2057|11 Rebiulevvel 1449
20270814|0402|0534|1237|1623|1930|2055|12 Rebiulevvel 1449
20270815|0404|0535|1237|1623|1929|2054|13 Rebiulevvel 1449
20270816|0405|0536|1237|1622|1928|2052|14 Rebiulevvel 1449
20270817|0406|0536|1236|1622|1926|2050|15 Rebiulevvel 1449
20270818|0407|0537|1236|1621|1925|2049|16 Rebiulevvel 1449
20270819|0409|0538|1236|1620|1924|2047|17 Rebiulevvel 1449
20270820|0410|0539|1236|1620|1922|2045|18 Rebiulevvel 1449
20270821|0411|0540|1235|1619|1921|2044|19 Rebiulevvel 1449
20270822|0412|0541|1235|1619|1920|2042|20 Rebiulevvel 1449
20270823|0413|0542|1235|1618|1918|2040|21 Rebiulevvel 1449
20270824|0415|0542|1235|1617|1917|2039|22 Rebiulevvel 1449
20270825|0416|0543|1234|1616|1915|2037|23 Rebiulevvel 1449
20270826|0417|0544|1234|1616|1914|2035|24 Rebiulevvel 1449
20270827|0418|0545|1234|1615|1913|2034|25 Rebiulevvel 1449
20270828|0419|0546|1234|1614|1911|2032|26 Rebiulevvel 1449
20270829|0421|0547|1233|1614|1910|2030|27 Rebiulevvel 1449
20270830|0422|0548|1233|1613|1908|2028|28 Rebiulevvel 1449
20270831|0423|0549|1233|1612|1907|2027|29 Rebiulevvel 1449
20270901|0424|0549|1232|1611|1905|2025|30 Rebiulevvel 1449
20270902|0425|0550|1232|1610|1904|2023|1 Rebiulahir 1449
20270903|0426|0551|1232|1610|1902|2022|2 Rebiulahir 1449
20270904|0427|0552|1231|1609|1901|2020|3 Rebiulahir 1449
20270905|0428|0553|1231|1608|1859|2018|4 Rebiulahir 1449
20270906|0430|0554|1231|1607|1858|2016|5 Rebiulahir 1449
20270907|0431|0554|1230|1606|1856|2015|6 Rebiulahir 1449
20270908|0432|0555|1230|1605|1855|2013|7 Rebiulahir 1449
20270909|0433|0556|1230|1604|1853|2011|8 Rebiulahir 1449
20270910|0434|0557|1229|1603|1852|2009|9 Rebiulahir 1449
20270911|0435|0558|1229|1602|1850|2008|10 Rebiulahir 1449
20270912|0436|0559|1229|1601|1848|2006|11 Rebiulahir 1449
20270913|0437|0600|1228|1600|1847|2004|12 Rebiulahir 1449
20270914|0438|0600|1228|1559|1845|2002|13 Rebiulahir 1449
20270915|0439|0601|1228|1558|1844|2001|14 Rebiulahir 1449
20270916|0440|0602|1227|1557|1842|1959|15 Rebiulahir 1449
20270917|0441|0603|1227|1556|1841|1957|16 Rebiulahir 1449
20270918|0442|0604|1226|1555|1839|1956|17 Rebiulahir 1449
20270919|0443|0605|1226|1554|1838|1954|18 Rebiulahir 1449
20270920|0444|0606|1226|1553|1836|1952|19 Rebiulahir 1449
20270921|0445|0606|1225|1552|1834|1951|20 Rebiulahir 1449
20270922|0446|0607|1225|1551|1833|1949|21 Rebiulahir 1449
20270923|0447|0608|1225|1550|1831|1947|22 Rebiulahir 1449
20270924|0448|0609|1224|1549|1830|1946|23 Rebiulahir 1449
20270925|0449|0610|1224|1548|1828|1944|24 Rebiulahir 1449
20270926|0450|0611|1224|1547|1827|1942|25 Rebiulahir 1449
20270927|0451|0612|1223|1546|1825|1941|26 Rebiulahir 1449
20270928|0452|0613|1223|1545|1823|1939|27 Rebiulahir 1449
20270929|0453|0613|1223|1544|1822|1937|28 Rebiulahir 1449
20270930|0454|0614|1222|1543|1820|1936|29 Rebiulahir 1449
20271001|0455|0615|1222|1542|1819|1934|1 Cemaziyelevvel 1449
20271002|0456|0616|1222|1541|1817|1933|2 Cemaziyelevvel 1449
20271003|0456|0617|1221|1539|1816|1931|3 Cemaziyelevvel 1449
20271004|0457|0618|1221|1538|1814|1929|4 Cemaziyelevvel 1449
20271005|0458|0619|1221|1537|1813|1928|5 Cemaziyelevvel 1449
20271006|0459|0620|1220|1536|1811|1926|6 Cemaziyelevvel 1449
20271007|0500|0621|1220|1535|1810|1925|7 Cemaziyelevvel 1449
20271008|0501|0622|1220|1534|1808|1923|8 Cemaziyelevvel 1449
20271009|0502|0622|1220|1533|1807|1922|9 Cemaziyelevvel 1449
20271010|0503|0623|1219|1532|1805|1920|10 Cemaziyelevvel 1449
20271011|0504|0624|1219|1531|1804|1919|11 Cemaziyelevvel 1449
20271012|0505|0625|1219|1530|1802|1918|12 Cemaziyelevvel 1449
20271013|0506|0626|1218|1529|1801|1916|13 Cemaziyelevvel 1449
20271014|0507|0627|1218|1528|1759|1915|14 Cemaziyelevvel 1449
20271015|0508|0628|1218|1526|1758|1913|15 Cemaziyelevvel 1449
20271016|0508|0629|1218|1525|1757|1912|16 Cemaziyelevvel 1449
20271017|0509|0630|1218|1524|1755|1911|17 Cemaziyelevvel 1449
20271018|0510|0631|1217|1523|1754|1909|18 Cemaziyelevvel 1449
20271019|0511|0632|1217|1522|1752|1908|19 Cemaziyelevvel 1449
20271020|0512|0633|1217|1521|1751|1907|20 Cemaziyelevvel 1449
20271021|0513|0634|1217|1520|1750|1905|21 Cemaziyelevvel 1449
20271022|0514|0635|1217|1519|1748|1904|22 Cemaziyelevvel 1449
20271023|0515|0636|1216|1518|1747|1903|23 Cemaziyelevvel 1449
20271024|0516|0637|1216|1517|1746|1902|24 Cemaziyelevvel 1449
20271025|0517|0638|1216|1516|1745|1901|25 Cemaziyelevvel 1449
20271026|0518|0639|1216|1515|1743|1859|26 Cemaziyelevvel 1449
20271027|0519|0640|1216|1514|1742|1858|27 Cemaziyelevvel 1449
20271028|0519|0641|1216|1513|1741|1857|28 Cemaziyelevvel 1449
20271029|0520|0642|1216|1512|1740|1856|29 Cemaziyelevvel 1449
20271030|0521|0643|1216|1511|1738|1855|30 Cemaziyelevvel 1449
20271031|0522|0644|1216|1511|1737|1854|1 Cemaziyelahir 1449
20271101|0523|0645|1216|1510|1736|1853|2 Cemaziyelahir 1449
20271102|0524|0646|1216|1509|1735|1852|3 Cemaziyelahir 1449
20271103|0525|0647|1216|1508|1734|1851|4 Cemaziyelahir 1449
20271104|0526|0648|1216|1507|1733|1850|5 Cemaziyelahir 1449
20271105|0527|0649|1216|1506|1732|1849|6 Cemaziyelahir 1449
20271106|0528|0650|1216|1505|1731|1848|7 Cemaziyelahir 1449
20271107|0529|0652|1216|1505|1730|1848|8 Cemaziyelahir 1449
20271108|0530|0653|1216|1504|1729|1847|9 Cemaziyelahir 1449
20271109|0531|0654|1216|1503|1728|1846|10 Cemaziyelahir 1449
20271110|0532|0655|1216|1502|1727|1845|11 Cemaziyelahir 1449
20271111|0532|0656|1216|1502|1726|1844|12 Cemaziyelahir 1449
20271112|0533|0657|1216|1501|1725|1844|13 Cemaziyelahir 1449
20271113|0534|0658|1216|1500|1725|1843|14 Cemaziyelahir 1449
20271114|0535|0659|1216|1500|1724|1842|15 Cemaziyelahir 1449
20271115|0536|0700|1217|1459|1723|1842|16 Cemaziyelahir 1449
20271116|0537|0701|1217|1459|1722|1841|17 Cemaziyelahir 1449
20271117|0538|0702|1217|1458|1721|1841|18 Cemaziyelahir 1449
20271118|0539|0703|1217|1458|1721|1840|19 Cemaziyelahir 1449
20271119|0540|0704|1217|1457|1720|1840|20 Cemaziyelahir 1449
20271120|0541|0705|1217|1457|1720|1839|21 Cemaziyelahir 1449
20271121|0542|0707|1218|1456|1719|1839|22 Cemaziyelahir 1449
20271122|0543|0708|1218|1456|1718|1838|23 Cemaziyelahir 1449
20271123|0543|0709|1218|1455|1718|1838|24 Cemaziyelahir 1449
20271124|0544|0710|1219|1455|1717|1838|25 Cemaziyelahir 1449
20271125|0545|0711|1219|1455|1717|1837|26 Cemaziyelahir 1449
20271126|0546|0712|1219|1454|1717|1837|27 Cemaziyelahir 1449
20271127|0547|0713|1219|1454|1716|1837|28 Cemaziyelahir 1449
20271128|0548|0714|1220|1454|1716|1836|29 Cemaziyelahir 1449
20271129|0549|0715|1220|1454|1715|1836|1 Recep 1449
20271130|0550|0716|1220|1453|1715|1836|2 Recep 1449
20271201|0550|0717|1221|1453|1715|1836|3 Recep 1449
20271202|0551|0718|1221|1453|1715|1836|4 Recep 1449
20271203|0552|0719|1222|1453|1715|1836|5 Recep 1449
20271204|0553|0719|1222|1453|1714|1836|6 Recep 1449
20271205|0554|0720|1222|1453|1714|1836|7 Recep 1449
20271206|0554|0721|1223|1453|1714|1836|8 Recep 1449
20271207|0555|0722|1223|1453|1714|1836|9 Recep 1449
20271208|0556|0723|1224|1453|1714|1836|10 Recep 1449
20271209|0557|0724|1224|1453|1714|1836|11 Recep 1449
20271210|0557|0725|1224|1453|1714|1836|12 Recep 1449
20271211|0558|0725|1225|1454|1714|1836|13 Recep 1449
20271212|0559|0726|1225|1454|1715|1837|14 Recep 1449
20271213|0600|0727|1226|1454|1715|1837|15 Recep 1449
20271214|0600|0728|1226|1454|1715|1837|16 Recep 1449
20271215|0601|0728|1227|1454|1715|1837|17 Recep 1449
20271216|0602|0729|1227|1455|1715|1838|18 Recep 1449
20271217|0602|0730|1228|1455|1716|1838|19 Recep 1449
20271218|0603|0730|1228|1456|1716|1839|20 Recep 1449
20271219|0603|0731|1229|1456|1717|1839|21 Recep 1449
20271220|0604|0732|1229|1456|1717|1839|22 Recep 1449
20271221|0604|0732|1230|1457|1717|1840|23 Recep 1449
20271222|0605|0733|1230|1457|1718|1840|24 Recep 1449
20271223|0605|0733|1231|1458|1718|1841|25 Recep 1449
20271224|0606|0734|1231|1458|1719|1841|26 Recep 1449
20271225|0606|0734|1232|1459|1720|1842|27 Recep 1449
20271226|0607|0734|1232|1459|1720|1842|28 Recep 1449
20271227|0607|0735|1233|1500|1721|1843|29 Recep 1449
20271228|0608|0735|1233|1501|1721|1844|30 Recep 1449
20271229|0608|0735|1234|1501|1722|1844|1 Şaban 1449
20271230|0608|0736|1234|1502|1723|1845|2 Şaban 1449
20271231|0608|0736|1235|1503|1724|1846|3 Şaban 1449
#@9161|Gerger|ADIYAMAN|730
20260101|0606|0733|1232|1501|1721|1844|12 Recep 1447
20260102|0606|0733|1233|1501|1722|1844|13 Recep 1447
20260103|0606|0733|1233|1502|1723|1845|14 Recep 1447
20260104|0606|0733|1234|1503|1724|1846|15 Recep 1447
20260105|0606|0733|1234|1504|1725|1847|16 Recep 1447
20260106|0606|0733|1234|1505|1726|1847|17 Recep 1447
20260107|0607|0733|1235|1505|1727|1848|18 Recep 1447
20260108|0607|0733|1235|1506|1727|1849|19 Recep 1447
20260109|0607|0733|1236|1507|1728|1850|20 Recep 1447
20260110|0607|0733|1236|1508|1729|1851|21 Recep 1447
20260111|0607|0733|1237|1509|1730|1851|22 Recep 1447
20260112|0606|0733|1237|1510|1731|1852|23 Recep 1447
20260113|0606|0732|1237|1511|1732|1853|24 Recep 1447
20260114|0606|0732|1238|1512|1733|1854|25 Recep 1447
20260115|0606|0732|1238|1512|1734|1855|26 Recep 1447
20260116|0606|0732|1238|1513|1735|1856|27 Recep 1447
20260117|0606|0731|1239|1514|1736|1857|28 Recep 1447
20260118|0605|0731|1239|1515|1738|1858|29 Recep 1447
20260119|0605|0730|1239|1516|1739|1859|30 Recep 1447
20260120|0605|0730|1240|1517|1740|1900|1 Şaban 1447
20260121|0604|0729|1240|1518|1741|1901|2 Şaban 1447
20260122|0604|0729|1240|1519|1742|1901|3 Şaban 1447
20260123|0604|0728|1241|1520|1743|1902|4 Şaban 1447
20260124|0603|0728|1241|1521|1744|1903|5 Şaban 1447
20260125|0603|0727|1241|1522|1745|1904|6 Şaban 1447
20260126|0602|0726|1241|1523|1746|1905|7 Şaban 1447
20260127|0602|0726|1241|1524|1747|1906|8 Şaban 1447
20260128|0601|0725|1242|1525|1749|1907|9 Şaban 1447
20260129|0600|0724|1242|1526|1750|1908|10 Şaban 1447
20260130|0600|0723|1242|1527|1751|1909|11 Şaban 1447
20260131|0559|0723|1242|1528|1752|1910|12 Şaban 1447
20260201|0558|0722|1242|1529|1753|1911|13 Şaban 1447
20260202|0558|0721|1242|1529|1754|1912|14 Şaban 1447
20260203|0557|0720|1243|1530|1755|1913|15 Şaban 1447
20260204|0556|0719|1243|1531|1756|1914|16 Şaban 1447
20260205|0555|0718|1243|1532|1758|1915|17 Şaban 1447
20260206|0555|0717|1243|1533|1759|1916|18 Şaban 1447
20260207|0554|0716|1243|1534|1800|1917|19 Şaban 1447
20260208|0553|0715|1243|1535|1801|1918|20 Şaban 1447
20260209|0552|0714|1243|1536|1802|1919|21 Şaban 1447
20260210|0551|0713|1243|1537|1803|1920|22 Şaban 1447
20260211|0550|0712|1243|1538|1804|1921|23 Şaban 1447
20260212|0549|0711|1243|1538|1805|1922|24 Şaban 1447
20260213|0548|0710|1243|1539|1806|1923|25 Şaban 1447
20260214|0547|0709|1243|1540|1808|1924|26 Şaban 1447
20260215|0546|0707|1243|1541|1809|1925|27 Şaban 1447
20260216|0545|0706|1243|1542|1810|1926|28 Şaban 1447
20260217|0544|0705|1243|1543|1811|1927|29 Şaban 1447
20260218|0543|0704|1243|1543|1812|1928|30 Şaban 1447
20260219|0541|0702|1243|1544|1813|1929|1 Ramazan 1447
20260220|0540|0701|1243|1545|1814|1930|2 Ramazan 1447
20260221|0539|0700|1243|1546|1815|1931|3 Ramazan 1447
20260222|0538|0659|1242|1546|1816|1932|4 Ramazan 1447
20260223|0537|0657|1242|1547|1817|1933|5 Ramazan 1447
20260224|0535|0656|1242|1548|1818|1934|6 Ramazan 1447
20260225|0534|0655|1242|1549|1819|1935|7 Ramazan 1447
20260226|0533|0653|1242|1549|1820|1936|8 Ramazan 1447
20260227|0531|0652|1242|1550|1821|1937|9 Ramazan 1447
20260228|0530|0651|1241|1551|1822|1938|10 Ramazan 1447
20260301|0529|0649|1241|1551|1823|1939|11 Ramazan 1447
20260302|0527|0648|1241|1552|1824|1940|12 Ramazan 1447
20260303|0526|0646|1241|1553|1825|1941|13 Ramazan 1447
20260304|0525|0645|1241|1553|1826|1942|14 Ramazan 1447
20260305|0523|0643|1240|1554|1827|1943|15 Ramazan 1447
20260306|0522|0642|1240|1554|1828|1944|16 Ramazan 1447
20260307|0520|0641|1240|1555|1829|1945|17 Ramazan 1447
20260308|0519|0639|1240|1556|1830|1946|18 Ramazan 1447
20260309|0517|0638|1239|1556|1831|1947|19 Ramazan 1447
20260310|0516|0636|1239|1557|1832|1948|20 Ramazan 1447
20260311|0514|0635|1239|1557|1833|1949|21 Ramazan 1447
20260312|0513|0633|1239|1558|1834|1950|22 Ramazan 1447
20260313|0511|0632|1238|1558|1835|1951|23 Ramazan 1447
20260314|0510|0630|1238|1559|1836|1952|24 Ramazan 1447
20260315|0508|0629|1238|1559|1837|1953|25 Ramazan 1447
20260316|0506|0627|1238|1600|1838|1954|26 Ramazan 1447
20260317|0505|0626|1237|1600|1839|1955|27 Ramazan 1447
20260318|0503|0624|1237|1601|1840|1956|28 Ramazan 1447
20260319|0502|0623|1237|1601|1841|1957|29 Ramazan 1447
20260320|0500|0621|1236|1601|1842|1958|1 Şevval 1447
20260321|0458|0619|1236|1602|1843|1959|2 Şevval 1447
20260322|0457|0618|1236|1602|1844|2000|3 Şevval 1447
20260323|0455|0616|1236|1603|1845|2001|4 Şevval 1447
20260324|0453|0615|1235|1603|1846|2002|5 Şevval 1447
20260325|0452|0613|1235|1603|1847|2003|6 Şevval 1447
20260326|0450|0612|1235|1604|1848|2004|7 Şevval 1447
20260327|0448|0610|1234|1604|1849|2005|8 Şevval 1447
20260328|0447|0609|1234|1605|1849|2006|9 Şevval 1447
20260329|0445|0607|1234|1605|1850|2007|10 Şevval 1447
20260330|0443|0606|1233|1605|1851|2008|11 Şevval 1447
20260331|0441|0604|1233|1606|1852|2010|12 Şevval 1447
20260401|0440|0603|1233|1606|1853|2011|13 Şevval 1447
20260402|0438|0601|1233|1606|1854|2012|14 Şevval 1447
20260403|0436|0600|1232|1606|1855|2013|15 Şevval 1447
20260404|0435|0558|1232|1607|1856|2014|16 Şevval 1447
20260405|0433|0557|1232|1607|1857|2015|17 Şevval 1447
20260406|0431|0555|1231|1607|1858|2016|18 Şevval 1447
20260407|0429|0554|1231|1608|1859|2017|19 Şevval 1447
20260408|0428|0552|1231|1608|1900|2018|20 Şevval 1447
20260409|0426|0551|1231|1608|1901|2020|21 Şevval 1447
20260410|0424|0549|1230|1608|1901|2021|22 Şevval 1447
20260411|0422|0548|1230|1609|1902|2022|23 Şevval 1447
20260412|0421|0546|1230|1609|1903|2023|24 Şevval 1447
20260413|0419|0545|1230|1609|1904|2024|25 Şevval 1447
20260414|0417|0543|1229|1609|1905|2026|26 Şevval 1447
20260415|0416|0542|1229|1610|1906|2027|27 Şevval 1447
20260416|0414|0541|1229|1610|1907|2028|28 Şevval 1447
20260417|0412|0539|1229|1610|1908|2029|29 Şevval 1447
20260418|0410|0538|1228|1610|1909|2030|1 Zilkade 1447
20260419|0409|0536|1228|1610|1910|2032|2 Zilkade 1447
20260420|0407|0535|1228|1611|1911|2033|3 Zilkade 1447
20260421|0405|0534|1228|1611|1912|2034|4 Zilkade 1447
20260422|0404|0532|1227|1611|1913|2035|5 Zilkade 1447
20260423|0402|0531|1227|1611|1914|2037|6 Zilkade 1447
20260424|0400|0530|1227|1612|1914|2038|7 Zilkade 1447
20260425|0359|0528|1227|1612|1915|2039|8 Zilkade 1447
20260426|0357|0527|1227|1612|1916|2040|9 Zilkade 1447
20260427|0355|0526|1227|1612|1917|2042|10 Zilkade 1447
20260428|0354|0525|1226|1612|1918|2043|11 Zilkade 1447
20260429|0352|0523|1226|1613|1919|2044|12 Zilkade 1447
20260430|0351|0522|1226|1613|1920|2046|13 Zilkade 1447
20260501|0349|0521|1226|1613|1921|2047|14 Zilkade 1447
20260502|0347|0520|1226|1613|1922|2048|15 Zilkade 1447
20260503|0346|0519|1226|1613|1923|2049|16 Zilkade 1447
20260504|0344|0518|1226|1613|1924|2051|17 Zilkade 1447
20260505|0343|0517|1226|1614|1925|2052|18 Zilkade 1447
20260506|0341|0515|1226|1614|1926|2053|19 Zilkade 1447
20260507|0340|0514|1225|1614|1927|2055|20 Zilkade 1447
20260508|0338|0513|1225|1614|1927|2056|21 Zilkade 1447
20260509|0337|0512|1225|1614|1928|2057|22 Zilkade 1447
20260510|0335|0511|1225|1615|1929|2059|23 Zilkade 1447
20260511|0334|0510|1225|1615|1930|2100|24 Zilkade 1447
20260512|0333|0509|1225|1615|1931|2101|25 Zilkade 1447
20260513|0331|0509|1225|1615|1932|2102|26 Zilkade 1447
20260514|0330|0508|1225|1615|1933|2104|27 Zilkade 1447
20260515|0329|0507|1225|1616|1934|2105|28 Zilkade 1447
20260516|0327|0506|1225|1616|1935|2106|29 Zilkade 1447
20260517|0326|0505|1225|1616|1935|2108|30 Zilkade 1447
20260518|0325|0504|1225|1616|1936|2109|1 Zilhicce 1447
20260519|0324|0504|1225|1616|1937|2110|2 Zilhicce 1447
20260520|0322|0503|1225|1617|1938|2111|3 Zilhicce 1447
20260521|0321|0502|1225|1617|1939|2113|4 Zilhicce 1447
20260522|0320|0501|1226|1617|1940|2114|5 Zilhicce 1447
20260523|0319|0501|1226|1617|1941|2115|6 Zilhicce 1447
20260524|0318|0500|1226|1617|1941|2116|7 Zilhicce 1447
20260525|0317|0459|1226|1618|1942|2117|8 Zilhicce 1447
20260526|0316|0459|1226|1618|1943|2118|9 Zilhicce 1447
20260527|0315|0458|1226|1618|1944|2120|10 Zilhicce 1447
20260528|0314|0458|1226|1618|1944|2121|11 Zilhicce 1447
20260529|0313|0457|1226|1619|1945|2122|12 Zilhicce 1447
20260530|0312|0457|1226|1619|1946|2123|13 Zilhicce 1447
20260531|0312|0456|1227|1619|1947|2124|14 Zilhicce 1447
20260601|0311|0456|1227|1619|1947|2125|15 Zilhicce 1447
20260602|0310|0456|1227|1620|1948|2126|16 Zilhicce 1447
20260603|0310|0455|1227|1620|1949|2127|17 Zilhicce 1447
20260604|0309|0455|1227|1620|1949|2128|18 Zilhicce 1447
20260605|0308|0455|1227|1620|1950|2129|19 Zilhicce 1447
20260606|0308|0455|1227|1620|1950|2129|20 Zilhicce 1447
20260607|0307|0454|1228|1621|1951|2130|21 Zilhicce 1447
20260608|0307|0454|1228|1621|1952|2131|22 Zilhicce 1447
20260609|0306|0454|1228|1621|1952|2132|23 Zilhicce 1447
20260610|0306|0454|1228|1621|1953|2133|24 Zilhicce 1447
20260611|0306|0454|1228|1622|1953|2133|25 Zilhicce 1447
20260612|0306|0454|1229|1622|1954|2134|26 Zilhicce 1447
20260613|0305|0454|1229|1622|1954|2134|27 Zilhicce 1447
20260614|0305|0454|1229|1622|1955|2135|28 Zilhicce 1447
20260615|0305|0454|1229|1623|1955|2136|29 Zilhicce 1447
20260616|0305|0454|1229|1623|1955|2136|1 Muharrem 1448
20260617|0305|0454|1230|1623|1956|2136|2 Muharrem 1448
20260618|0305|0454|1230|1623|1956|2137|3 Muharrem 1448
20260619|0305|0454|1230|1624|1956|2137|4 Muharrem 1448
20260620|0305|0454|1230|1624|1957|2138|5 Muharrem 1448
20260621|0305|0454|1231|1624|1957|2138|6 Muharrem 1448
20260622|0306|0455|1231|1624|1957|2138|7 Muharrem 1448
20260623|0306|0455|1231|1624|1957|2138|8 Muharrem 1448
20260624|0306|0455|1231|1625|1957|2138|9 Muharrem 1448
20260625|0307|0455|1231|1625|1957|2138|10 Muharrem 1448
20260626|0307|0456|1232|1625|1958|2138|11 Muharrem 1448
20260627|0307|0456|1232|1625|1958|2138|12 Muharrem 1448
20260628|0308|0457|1232|1625|1958|2138|13 Muharrem 1448
20260629|0308|0457|1232|1626|1958|2138|14 Muharrem 1448
20260630|0309|0457|1232|1626|1958|2138|15 Muharrem 1448
20260701|0310|0458|1233|1626|1958|2138|16 Muharrem 1448
20260702|0310|0458|1233|1626|1958|2138|17 Muharrem 1448
20260703|0311|0459|1233|1626|1957|2137|18 Muharrem 1448
20260704|0312|0459|1233|1626|1957|2137|19 Muharrem 1448
20260705|0313|0500|1233|1627|1957|2136|20 Muharrem 1448
20260706|0313|0500|1234|1627|1957|2136|21 Muharrem 1448
20260707|0314|0501|1234|1627|1957|2136|22 Muharrem 1448
20260708|0315|0502|1234|1627|1956|2135|23 Muharrem 1448
20260709|0316|0502|1234|1627|1956|2134|24 Muharrem 1448
20260710|0317|0503|1234|1627|1956|2134|25 Muharrem 1448
20260711|0318|0503|1234|1627|1955|2133|26 Muharrem 1448
20260712|0319|0504|1234|1627|1955|2132|27 Muharrem 1448
20260713|0320|0505|1235|1627|1955|2132|28 Muharrem 1448
20260714|0321|0505|1235|1627|1954|2131|29 Muharrem 1448
20260715|0322|0506|1235|1627|1954|2130|1 Safer 1448
20260716|0323|0507|1235|1627|1953|2129|2 Safer 1448
20260717|0324|0508|1235|1627|1953|2128|3 Safer 1448
20260718|0325|0508|1235|1627|1952|2127|4 Safer 1448
20260719|0327|0509|1235|1627|1951|2126|5 Safer 1448
20260720|0328|0510|1235|1627|1951|2125|6 Safer 1448
20260721|0329|0511|1235|1627|1950|2124|7 Safer 1448
20260722|0330|0511|1235|1627|1949|2123|8 Safer 1448
20260723|0331|0512|1235|1627|1949|2122|9 Safer 1448
20260724|0333|0513|1235|1627|1948|2121|10 Safer 1448
20260725|0334|0514|1235|1626|1947|2120|11 Safer 1448
20260726|0335|0515|1235|1626|1946|2119|12 Safer 1448
20260727|0336|0515|1235|1626|1946|2118|13 Safer 1448
20260728|0338|0516|1235|1626|1945|2116|14 Safer 1448
20260729|0339|0517|1235|1626|1944|2115|15 Safer 1448
20260730|0340|0518|1235|1626|1943|2114|16 Safer 1448
20260731|0341|0519|1235|1625|1942|2112|17 Safer 1448
20260801|0343|0520|1235|1625|1941|2111|18 Safer 1448
20260802|0344|0520|1235|1625|1940|2110|19 Safer 1448
20260803|0345|0521|1235|1624|1939|2108|20 Safer 1448
20260804|0347|0522|1235|1624|1938|2107|21 Safer 1448
20260805|0348|0523|1235|1624|1937|2105|22 Safer 1448
20260806|0349|0524|1235|1623|1936|2104|23 Safer 1448
20260807|0350|0525|1235|1623|1935|2103|24 Safer 1448
20260808|0352|0526|1235|1623|1934|2101|25 Safer 1448
20260809|0353|0526|1234|1622|1933|2059|26 Safer 1448
20260810|0354|0527|1234|1622|1931|2058|27 Safer 1448
20260811|0356|0528|1234|1621|1930|2056|28 Safer 1448
20260812|0357|0529|1234|1621|1929|2055|29 Safer 1448
20260813|0358|0530|1234|1620|1928|2053|30 Safer 1448
20260814|0359|0531|1234|1620|1927|2052|1 Rebiulevvel 1448
20260815|0401|0532|1233|1619|1925|2050|2 Rebiulevvel 1448
20260816|0402|0533|1233|1619|1924|2048|3 Rebiulevvel 1448
20260817|0403|0533|1233|1618|1923|2047|4 Rebiulevvel 1448
20260818|0404|0534|1233|1618|1921|2045|5 Rebiulevvel 1448
20260819|0406|0535|1233|1617|1920|2044|6 Rebiulevvel 1448
20260820|0407|0536|1232|1616|1919|2042|7 Rebiulevvel 1448
20260821|0408|0537|1232|1616|1917|2040|8 Rebiulevvel 1448
20260822|0409|0538|1232|1615|1916|2039|9 Rebiulevvel 1448
20260823|0411|0539|1232|1615|1915|2037|10 Rebiulevvel 1448
20260824|0412|0540|1231|1614|1913|2035|11 Rebiulevvel 1448
20260825|0413|0540|1231|1613|1912|2033|12 Rebiulevvel 1448
20260826|0414|0541|1231|1612|1910|2032|13 Rebiulevvel 1448
20260827|0415|0542|1231|1612|1909|2030|14 Rebiulevvel 1448
20260828|0416|0543|1230|1611|1908|2028|15 Rebiulevvel 1448
20260829|0418|0544|1230|1610|1906|2027|16 Rebiulevvel 1448
20260830|0419|0545|1230|1609|1905|2025|17 Rebiulevvel 1448
20260831|0420|0546|1229|1609|1903|2023|18 Rebiulevvel 1448
20260901|0421|0546|1229|1608|1902|2021|19 Rebiulevvel 1448
20260902|0422|0547|1229|1607|1900|2020|20 Rebiulevvel 1448
20260903|0423|0548|1228|1606|1859|2018|21 Rebiulevvel 1448
20260904|0424|0549|1228|1605|1857|2016|22 Rebiulevvel 1448
20260905|0426|0550|1228|1604|1856|2014|23 Rebiulevvel 1448
20260906|0427|0551|1227|1604|1854|2013|24 Rebiulevvel 1448
20260907|0428|0552|1227|1603|1853|2011|25 Rebiulevvel 1448
20260908|0429|0552|1227|1602|1851|2009|26 Rebiulevvel 1448
20260909|0430|0553|1226|1601|1850|2007|27 Rebiulevvel 1448
20260910|0431|0554|1226|1600|1848|2006|28 Rebiulevvel 1448
20260911|0432|0555|1226|1559|1846|2004|29 Rebiulevvel 1448
20260912|0433|0556|1225|1558|1845|2002|1 Rebiulahir 1448
20260913|0434|0557|1225|1557|1843|2001|2 Rebiulahir 1448
20260914|0435|0557|1225|1556|1842|1959|3 Rebiulahir 1448
20260915|0436|0558|1224|1555|1840|1957|4 Rebiulahir 1448
20260916|0437|0559|1224|1554|1839|1955|5 Rebiulahir 1448
20260917|0438|0600|1224|1553|1837|1954|6 Rebiulahir 1448
20260918|0439|0601|1223|1552|1836|1952|7 Rebiulahir 1448
20260919|0440|0602|1223|1551|1834|1950|8 Rebiulahir 1448
20260920|0441|0603|1222|1550|1832|1949|9 Rebiulahir 1448
20260921|0442|0603|1222|1549|1831|1947|10 Rebiulahir 1448
20260922|0443|0604|1222|1548|1829|1945|11 Rebiulahir 1448
20260923|0444|0605|1221|1547|1828|1944|12 Rebiulahir 1448
20260924|0445|0606|1221|1546|1826|1942|13 Rebiulahir 1448
20260925|0446|0607|1221|1545|1825|1940|14 Rebiulahir 1448
20260926|0447|0608|1220|1544|1823|1939|15 Rebiulahir 1448
20260927|0448|0609|1220|1543|1821|1937|16 Rebiulahir 1448
20260928|0449|0610|1220|1541|1820|1935|17 Rebiulahir 1448
20260929|0450|0610|1219|1540|1818|1934|18 Rebiulahir 1448
20260930|0451|0611|1219|1539|1817|1932|19 Rebiulahir 1448
20261001|0452|0612|1219|1538|1815|1931|20 Rebiulahir 1448
20261002|0453|0613|1218|1537|1814|1929|21 Rebiulahir 1448
20261003|0454|0614|1218|1536|1812|1927|22 Rebiulahir 1448
20261004|0454|0615|1218|1535|1811|1926|23 Rebiulahir 1448
20261005|0455|0616|1217|1534|1809|1924|24 Rebiulahir 1448
20261006|0456|0617|1217|1533|1808|1923|25 Rebiulahir 1448
20261007|0457|0618|1217|1532|1806|1921|26 Rebiulahir 1448
20261008|0458|0619|1217|1531|1805|1920|27 Rebiulahir 1448
20261009|0459|0619|1216|1529|1803|1918|28 Rebiulahir 1448
20261010|0500|0620|1216|1528|1802|1917|29 Rebiulahir 1448
20261011|0501|0621|1216|1527|1800|1915|30 Rebiulahir 1448
20261012|0502|0622|1215|1526|1759|1914|1 Cemaziyelevvel 1448
20261013|0503|0623|1215|1525|1757|1913|2 Cemaziyelevvel 1448
20261014|0504|0624|1215|1524|1756|1911|3 Cemaziyelevvel 1448
20261015|0505|0625|1215|1523|1754|1910|4 Cemaziyelevvel 1448
20261016|0506|0626|1215|1522|1753|1908|5 Cemaziyelevvel 1448
20261017|0506|0627|1214|1521|1752|1907|6 Cemaziyelevvel 1448
20261018|0507|0628|1214|1520|1750|1906|7 Cemaziyelevvel 1448
20261019|0508|0629|1214|1519|1749|1905|8 Cemaziyelevvel 1448
20261020|0509|0630|1214|1518|1748|1903|9 Cemaziyelevvel 1448
20261021|0510|0631|1214|1517|1746|1902|10 Cemaziyelevvel 1448
20261022|0511|0632|1213|1516|1745|1901|11 Cemaziyelevvel 1448
20261023|0512|0633|1213|1515|1744|1900|12 Cemaziyelevvel 1448
20261024|0513|0634|1213|1514|1742|1858|13 Cemaziyelevvel 1448
20261025|0514|0635|1213|1513|1741|1857|14 Cemaziyelevvel 1448
20261026|0515|0636|1213|1512|1740|1856|15 Cemaziyelevvel 1448
20261027|0516|0637|1213|1511|1739|1855|16 Cemaziyelevvel 1448
20261028|0517|0638|1213|1510|1737|1854|17 Cemaziyelevvel 1448
20261029|0517|0639|1213|1509|1736|1853|18 Cemaziyelevvel 1448
20261030|0518|0640|1213|1508|1735|1852|19 Cemaziyelevvel 1448
20261031|0519|0641|1212|1507|1734|1851|20 Cemaziyelevvel 1448
20261101|0520|0642|1212|1506|1733|1850|21 Cemaziyelevvel 1448
20261102|0521|0643|1212|1505|1732|1849|22 Cemaziyelevvel 1448
20261103|0522|0644|1212|1505|1731|1848|23 Cemaziyelevvel 1448
20261104|0523|0645|1212|1504|1729|1847|24 Cemaziyelevvel 1448
20261105|0524|0646|1212|1503|1728|1846|25 Cemaziyelevvel 1448
20261106|0525|0648|1212|1502|1727|1845|26 Cemaziyelevvel 1448
20261107|0526|0649|1213|1501|1726|1844|27 Cemaziyelevvel 1448
20261108|0527|0650|1213|1501|1726|1843|28 Cemaziyelevvel 1448
20261109|0528|0651|1213|1500|1725|1843|29 Cemaziyelevvel 1448
20261110|0529|0652|1213|1459|1724|1842|1 Cemaziyelahir 1448
20261111|0530|0653|1213|1458|1723|1841|2 Cemaziyelahir 1448
20261112|0530|0654|1213|1458|1722|1840|3 Cemaziyelahir 1448
20261113|0531|0655|1213|1457|1721|1840|4 Cemaziyelahir 1448
20261114|0532|0656|1213|1457|1720|1839|5 Cemaziyelahir 1448
20261115|0533|0657|1213|1456|1720|1838|6 Cemaziyelahir 1448
20261116|0534|0658|1214|1455|1719|1838|7 Cemaziyelahir 1448
20261117|0535|0659|1214|1455|1718|1837|8 Cemaziyelahir 1448
20261118|0536|0700|1214|1454|1717|1837|9 Cemaziyelahir 1448
20261119|0537|0701|1214|1454|1717|1836|10 Cemaziyelahir 1448
20261120|0538|0703|1214|1453|1716|1836|11 Cemaziyelahir 1448
20261121|0539|0704|1215|1453|1716|1835|12 Cemaziyelahir 1448
20261122|0540|0705|1215|1452|1715|1835|13 Cemaziyelahir 1448
20261123|0540|0706|1215|1452|1715|1835|14 Cemaziyelahir 1448
20261124|0541|0707|1215|1452|1714|1834|15 Cemaziyelahir 1448
20261125|0542|0708|1216|1451|1714|1834|16 Cemaziyelahir 1448
20261126|0543|0709|1216|1451|1713|1834|17 Cemaziyelahir 1448
20261127|0544|0710|1216|1451|1713|1833|18 Cemaziyelahir 1448
20261128|0545|0711|1217|1451|1713|1833|19 Cemaziyelahir 1448
20261129|0546|0712|1217|1450|1712|1833|20 Cemaziyelahir 1448
20261130|0547|0713|1217|1450|1712|1833|21 Cemaziyelahir 1448
20261201|0547|0714|1218|1450|1712|1833|22 Cemaziyelahir 1448
20261202|0548|0715|1218|1450|1712|1833|23 Cemaziyelahir 1448
20261203|0549|0716|1218|1450|1711|1833|24 Cemaziyelahir 1448
20261204|0550|0717|1219|1450|1711|1833|25 Cemaziyelahir 1448
20261205|0551|0717|1219|1450|1711|1833|26 Cemaziyelahir 1448
20261206|0551|0718|1220|1450|1711|1833|27 Cemaziyelahir 1448
20261207|0552|0719|1220|1450|1711|1833|28 Cemaziyelahir 1448
20261208|0553|0720|1221|1450|1711|1833|29 Cemaziyelahir 1448
20261209|0554|0721|1221|1450|1711|1833|30 Cemaziyelahir 1448
20261210|0554|0722|1221|1450|1711|1833|1 Recep 1448
20261211|0555|0723|1222|1450|1711|1833|2 Recep 1448
20261212|0556|0723|1222|1451|1711|1834|3 Recep 1448
20261213|0557|0724|1223|1451|1712|1834|4 Recep 1448
20261214|0557|0725|1223|1451|1712|1834|5 Recep 1448
20261215|0558|0725|1224|1451|1712|1834|6 Recep 1448
20261216|0559|0726|1224|1452|1712|1835|7 Recep 1448
20261217|0559|0727|1225|1452|1713|1835|8 Recep 1448
20261218|0600|0727|1225|1452|1713|1835|9 Recep 1448
20261219|0600|0728|1226|1453|1713|1836|10 Recep 1448
20261220|0601|0729|1226|1453|1714|1836|11 Recep 1448
20261221|0601|0729|1227|1454|1714|1837|12 Recep 1448
20261222|0602|0730|1227|1454|1715|1837|13 Recep 1448
20261223|0602|0730|1228|1455|1715|1838|14 Recep 1448
20261224|0603|0731|1228|1455|1716|1838|15 Recep 1448
20261225|0603|0731|1229|1456|1716|1839|16 Recep 1448
20261226|0604|0731|1229|1456|1717|1839|17 Recep 1448
20261227|0604|0732|1230|1457|1718|1840|18 Recep 1448
20261228|0604|0732|1230|1458|1718|1841|19 Recep 1448
20261229|0605|0732|1231|1458|1719|1841|20 Recep 1448
20261230|0605|0733|1231|1459|1720|1842|21 Recep 1448
20261231|0605|0733|1232|1500|1720|1843|22 Recep 1448
20270101|0606|0733|1232|1500|1721|1843|23 Recep 1448
20270102|0606|0733|1233|1501|1722|1844|24 Recep 1448
20270103|0606|0733|1233|1502|1723|1845|25 Recep 1448
20270104|0606|0733|1233|1503|1724|1846|26 Recep 1448
20270105|0606|0733|1234|1503|1725|1846|27 Recep 1448
20270106|0606|0733|1234|1504|1725|1847|28 Recep 1448
20270107|0607|0733|1235|1505|1726|1848|29 Recep 1448
20270108|0607|0733|1235|1506|1727|1849|30 Recep 1448
20270109|0607|0733|1236|1507|1728|1850|1 Şaban 1448
20270110|0607|0733|1236|1508|1729|1850|2 Şaban 1448
20270111|0607|0733|1236|1509|1730|1851|3 Şaban 1448
20270112|0606|0733|1237|1509|1731|1852|4 Şaban 1448
20270113|0606|0732|1237|1510|1732|1853|5 Şaban 1448
20270114|0606|0732|1238|1511|1733|1854|6 Şaban 1448
20270115|0606|0732|1238|1512|1734|1855|7 Şaban 1448
20270116|0606|0732|1238|1513|1735|1856|8 Şaban 1448
20270117|0606|0731|1239|1514|1736|1857|9 Şaban 1448
20270118|0605|0731|1239|1515|1737|1858|10 Şaban 1448
20270119|0605|0730|1239|1516|1738|1858|11 Şaban 1448
20270120|0605|0730|1240|1517|1739|1859|12 Şaban 1448
20270121|0604|0729|1240|1518|1741|1900|13 Şaban 1448
20270122|0604|0729|1240|1519|1742|1901|14 Şaban 1448
20270123|0604|0728|1241|1520|1743|1902|15 Şaban 1448
20270124|0603|0728|1241|1521|1744|1903|16 Şaban 1448
20270125|0603|0727|1241|1522|1745|1904|17 Şaban 1448
20270126|0602|0726|1241|1523|1746|1905|18 Şaban 1448
20270127|0602|0726|1241|1524|1747|1906|19 Şaban 1448
20270128|0601|0725|1242|1525|1748|1907|20 Şaban 1448
20270129|0601|0724|1242|1525|1749|1908|21 Şaban 1448
20270130|0600|0724|1242|1526|1751|1909|22 Şaban 1448
20270131|0559|0723|1242|1527|1752|1910|23 Şaban 1448
20270201|0559|0722|1242|1528|1753|1911|24 Şaban 1448
20270202|0558|0721|1242|1529|1754|1912|25 Şaban 1448
20270203|0557|0720|1243|1530|1755|1913|26 Şaban 1448
20270204|0556|0719|1243|1531|1756|1914|27 Şaban 1448
20270205|0556|0718|1243|1532|1757|1915|28 Şaban 1448
20270206|0555|0717|1243|1533|1758|1916|29 Şaban 1448
20270207|0554|0716|1243|1534|1800|1917|30 Şaban 1448
20270208|0553|0715|1243|1535|1801|1918|1 Ramazan 1448
20270209|0552|0714|1243|1536|1802|1919|2 Ramazan 1448
20270210|0551|0713|1243|1536|1803|1920|3 Ramazan 1448
20270211|0550|0712|1243|1537|1804|1921|4 Ramazan 1448
20270212|0549|0711|1243|1538|1805|1922|5 Ramazan 1448
20270213|0548|0710|1243|1539|1806|1923|6 Ramazan 1448
20270214|0547|0709|1243|1540|1807|1924|7 Ramazan 1448
20270215|0546|0708|1243|1541|1808|1925|8 Ramazan 1448
20270216|0545|0706|1243|1542|1809|1926|9 Ramazan 1448
20270217|0544|0705|1243|1542|1811|1927|10 Ramazan 1448
20270218|0543|0704|1243|1543|1812|1928|11 Ramazan 1448
20270219|0542|0703|1243|1544|1813|1929|12 Ramazan 1448
20270220|0541|0702|1243|1545|1814|1930|13 Ramazan 1448
20270221|0539|0700|1243|1545|1815|1931|14 Ramazan 1448
20270222|0538|0659|1242|1546|1816|1932|15 Ramazan 1448
20270223|0537|0658|1242|1547|1817|1933|16 Ramazan 1448
20270224|0536|0656|1242|1548|1818|1934|17 Ramazan 1448
20270225|0534|0655|1242|1548|1819|1935|18 Ramazan 1448
20270226|0533|0654|1242|1549|1820|1936|19 Ramazan 1448
20270227|0532|0652|1242|1550|1821|1937|20 Ramazan 1448
20270228|0530|0651|1241|1550|1822|1938|21 Ramazan 1448
20270301|0529|0649|1241|1551|1823|1939|22 Ramazan 1448
20270302|0528|0648|1241|1552|1824|1940|23 Ramazan 1448
20270303|0526|0647|1241|1552|1825|1941|24 Ramazan 1448
20270304|0525|0645|1241|1553|1826|1941|25 Ramazan 1448
20270305|0523|0644|1240|1554|1827|1942|26 Ramazan 1448
20270306|0522|0642|1240|1554|1828|1943|27 Ramazan 1448
20270307|0521|0641|1240|1555|1829|1944|28 Ramazan 1448
20270308|0519|0639|1240|1555|1830|1945|29 Ramazan 1448
20270309|0518|0638|1240|1556|1831|1946|1 Şevval 1448
20270310|0516|0636|1239|1556|1832|1947|2 Şevval 1448
20270311|0515|0635|1239|1557|1833|1948|3 Şevval 1448
20270312|0513|0634|1239|1558|1834|1949|4 Şevval 1448
20270313|0511|0632|1239|1558|1835|1950|5 Şevval 1448
20270314|0510|0631|1238|1559|1836|1951|6 Şevval 1448
20270315|0508|0629|1238|1559|1837|1952|7 Şevval 1448
20270316|0507|0627|1238|1600|1838|1953|8 Şevval 1448
20270317|0505|0626|1237|1600|1839|1955|9 Şevval 1448
20270318|0504|0624|1237|1600|1840|1956|10 Şevval 1448
20270319|0502|0623|1237|1601|1841|1957|11 Şevval 1448
20270320|0500|0621|1237|1601|1842|1958|12 Şevval 1448
20270321|0459|0620|1236|1602|1843|1959|13 Şevval 1448
20270322|0457|0618|1236|1602|1844|2000|14 Şevval 1448
20270323|0455|0617|1236|1603|1845|2001|15 Şevval 1448
20270324|0454|0615|1235|1603|1845|2002|16 Şevval 1448
20270325|0452|0614|1235|1603|1846|2003|17 Şevval 1448
20270326|0450|0612|1235|1604|1847|2004|18 Şevval 1448
20270327|0449|0611|1234|1604|1848|2005|19 Şevval 1448
20270328|0447|0609|1234|1604|1849|2006|20 Şevval 1448
20270329|0445|0608|1234|1605|1850|2007|21 Şevval 1448
20270330|0444|0606|1234|1605|1851|2008|22 Şevval 1448
20270331|0442|0605|1233|1605|1852|2009|23 Şevval 1448
20270401|0440|0603|1233|1606|1853|2010|24 Şevval 1448
20270402|0438|0601|1233|1606|1854|2011|25 Şevval 1448
20270403|0437|0600|1232|1606|1855|2013|26 Şevval 1448
20270404|0435|0558|1232|1607|1856|2014|27 Şevval 1448
20270405|0433|0557|1232|1607|1857|2015|28 Şevval 1448
20270406|0432|0555|1231|1607|1858|2016|29 Şevval 1448
20270407|0430|0554|1231|1608|1858|2017|30 Şevval 1448
20270408|0428|0552|1231|1608|1859|2018|1 Zilkade 1448
20270409|0426|0551|1231|1608|1900|2019|2 Zilkade 1448
20270410|0425|0550|1230|1608|1901|2021|3 Zilkade 1448
20270411|0423|0548|1230|1609|1902|2022|4 Zilkade 1448
20270412|0421|0547|1230|1609|1903|2023|5 Zilkade 1448
20270413|0419|0545|1230|1609|1904|2024|6 Zilkade 1448
20270414|0418|0544|1229|1609|1905|2025|7 Zilkade 1448
20270415|0416|0542|1229|1610|1906|2026|8 Zilkade 1448
20270416|0414|0541|1229|1610|1907|2028|9 Zilkade 1448
20270417|0413|0540|1229|1610|1908|2029|10 Zilkade 1448
20270418|0411|0538|1228|1610|1909|2030|11 Zilkade 1448
20270419|0409|0537|1228|1610|1910|2031|12 Zilkade 1448
20270420|0407|0535|1228|1611|1911|2033|13 Zilkade 1448
20270421|0406|0534|1228|1611|1911|2034|14 Zilkade 1448
20270422|0404|0533|1228|1611|1912|2035|15 Zilkade 1448
20270423|0402|0531|1227|1611|1913|2036|16 Zilkade 1448
20270424|0401|0530|1227|1611|1914|2038|17 Zilkade 1448
20270425|0359|0529|1227|1612|1915|2039|18 Zilkade 1448
20270426|0357|0528|1227|1612|1916|2040|19 Zilkade 1448
20270427|0356|0526|1227|1612|1917|2041|20 Zilkade 1448
20270428|0354|0525|1226|1612|1918|2043|21 Zilkade 1448
20270429|0353|0524|1226|1612|1919|2044|22 Zilkade 1448
20270430|0351|0523|1226|1613|1920|2045|23 Zilkade 1448
20270501|0349|0521|1226|1613|1921|2047|24 Zilkade 1448
20270502|0348|0520|1226|1613|1922|2048|25 Zilkade 1448
20270503|0346|0519|1226|1613|1923|2049|26 Zilkade 1448
20270504|0345|0518|1226|1613|1924|2050|27 Zilkade 1448
20270505|0343|0517|1226|1614|1924|2052|28 Zilkade 1448
20270506|0342|0516|1226|1614|1925|2053|29 Zilkade 1448
20270507|0340|0515|1225|1614|1926|2054|1 Zilhicce 1448
20270508|0339|0514|1225|1614|1927|2056|2 Zilhicce 1448
20270509|0337|0513|1225|1614|1928|2057|3 Zilhicce 1448
20270510|0336|0512|1225|1615|1929|2058|4 Zilhicce 1448
20270511|0334|0511|1225|1615|1930|2100|5 Zilhicce 1448
20270512|0333|0510|1225|1615|1931|2101|6 Zilhicce 1448
20270513|0332|0509|1225|1615|1932|2102|7 Zilhicce 1448
20270514|0330|0508|1225|1615|1933|2103|8 Zilhicce 1448
20270515|0329|0507|1225|1616|1934|2105|9 Zilhicce 1448
20270516|0328|0506|1225|1616|1934|2106|10 Zilhicce 1448
20270517|0326|0505|1225|1616|1935|2107|11 Zilhicce 1448
20270518|0325|0504|1225|1616|1936|2109|12 Zilhicce 1448
20270519|0324|0504|1225|1616|1937|2110|13 Zilhicce 1448
20270520|0323|0503|1225|1617|1938|2111|14 Zilhicce 1448
20270521|0322|0502|1225|1617|1939|2112|15 Zilhicce 1448
20270522|0320|0502|1226|1617|1940|2113|16 Zilhicce 1448
20270523|0319|0501|1226|1617|1940|2115|17 Zilhicce 1448
20270524|0318|0500|1226|1617|1941|2116|18 Zilhicce 1448
20270525|0317|0500|1226|1618|1942|2117|19 Zilhicce 1448
20270526|0316|0459|1226|1618|1943|2118|20 Zilhicce 1448
20270527|0315|0458|1226|1618|1943|2119|21 Zilhicce 1448
20270528|0314|0458|1226|1618|1944|2120|22 Zilhicce 1448
20270529|0313|0457|1226|1619|1945|2121|23 Zilhicce 1448
20270530|0313|0457|1226|1619|1946|2123|24 Zilhicce 1448
20270531|0312|0457|1226|1619|1946|2124|25 Zilhicce 1448
20270601|0311|0456|1227|1619|1947|2125|26 Zilhicce 1448
20270602|0310|0456|1227|1619|1948|2126|27 Zilhicce 1448
20270603|0310|0455|1227|1620|1948|2127|28 Zilhicce 1448
20270604|0309|0455|1227|1620|1949|2127|29 Zilhicce 1448
20270605|0308|0455|1227|1620|1950|2128|30 Zilhicce 1448
20270606|0308|0455|1227|1620|1950|2129|1 Muharrem 1449
20270607|0307|0454|1228|1621|1951|2130|2 Muharrem 1449
20270608|0307|0454|1228|1621|1952|2131|3 Muharrem 1449
20270609|0307|0454|1228|1621|1952|2132|4 Muharrem 1449
20270610|0306|0454|1228|1621|1953|2132|5 Muharrem 1449
20270611|0306|0454|1228|1622|1953|2133|6 Muharrem 1449
20270612|0306|0454|1229|1622|1954|2134|7 Muharrem 1449
20270613|0305|0454|1229|1622|1954|2134|8 Muharrem 1449
20270614|0305|0454|1229|1622|1954|2135|9 Muharrem 1449
20270615|0305|0454|1229|1623|1955|2135|10 Muharrem 1449
20270616|0305|0454|1229|1623|1955|2136|11 Muharrem 1449
20270617|0305|0454|1230|1623|1956|2136|12 Muharrem 1449
20270618|0305|0454|1230|1623|1956|2137|13 Muharrem 1449
20270619|0305|0454|1230|1624|1956|2137|14 Muharrem 1449
20270620|0305|0454|1230|1624|1956|2137|15 Muharrem 1449
20270621|0305|0454|1231|1624|1957|2138|16 Muharrem 1449
20270622|0306|0455|1231|1624|1957|2138|17 Muharrem 1449
20270623|0306|0455|1231|1624|1957|2138|18 Muharrem 1449
20270624|0306|0455|1231|1625|1957|2138|19 Muharrem 1449
20270625|0306|0455|1231|1625|1957|2138|20 Muharrem 1449
20270626|0307|0456|1232|1625|1958|2138|21 Muharrem 1449
20270627|0307|0456|1232|1625|1958|2138|22 Muharrem 1449
20270628|0308|0456|1232|1625|1958|2138|23 Muharrem 1449
20270629|0308|0457|1232|1626|1958|2138|24 Muharrem 1449
20270630|0309|0457|1232|1626|1958|2138|25 Muharrem 1449
20270701|0310|0458|1233|1626|1958|2138|26 Muharrem 1449
20270702|0310|0458|1233|1626|1958|2138|27 Muharrem 1449
20270703|0311|0459|1233|1626|1957|2137|28 Muharrem 1449
20270704|0312|0459|1233|1626|1957|2137|29 Muharrem 1449
20270705|0312|0500|1233|1626|1957|2137|1 Safer 1449
20270706|0313|0500|1234|1627|1957|2136|2 Safer 1449
20270707|0314|0501|1234|1627|1957|2136|3 Safer 1449
20270708|0315|0501|1234|1627|1956|2135|4 Safer 1449
20270709|0316|0502|1234|1627|1956|2135|5 Safer 1449
20270710|0317|0503|1234|1627|1956|2134|6 Safer 1449
20270711|0318|0503|1234|1627|1955|2133|7 Safer 1449
20270712|0319|0504|1234|1627|1955|2133|8 Safer 1449
20270713|0320|0505|1235|1627|1955|2132|9 Safer 1449
20270714|0321|0505|1235|1627|1954|2131|10 Safer 1449
20270715|0322|0506|1235|1627|1954|2130|11 Safer 1449
20270716|0323|0507|1235|1627|1953|2129|12 Safer 1449
20270717|0324|0507|1235|1627|1953|2129|13 Safer 1449
20270718|0325|0508|1235|1627|1952|2128|14 Safer 1449
20270719|0326|0509|1235|1627|1952|2127|15 Safer 1449
20270720|0327|0510|1235|1627|1951|2126|16 Safer 1449
20270721|0329|0510|1235|1627|1950|2125|17 Safer 1449
20270722|0330|0511|1235|1627|1950|2124|18 Safer 1449
20270723|0331|0512|1235|1627|1949|2123|19 Safer 1449
20270724|0332|0513|1235|1627|1948|2121|20 Safer 1449
20270725|0334|0514|1235|1627|1947|2120|21 Safer 1449
20270726|0335|0514|1235|1626|1947|2119|22 Safer 1449
20270727|0336|0515|1235|1626|1946|2118|23 Safer 1449
20270728|0337|0516|1235|1626|1945|2117|24 Safer 1449
20270729|0339|0517|1235|1626|1944|2115|25 Safer 1449
20270730|0340|0518|1235|1626|1943|2114|26 Safer 1449
20270731|0341|0519|1235|1625|1942|2113|27 Safer 1449
20270801|0342|0519|1235|1625|1941|2111|28 Safer 1449
20270802|0344|0520|1235|1625|1940|2110|29 Safer 1449
20270803|0345|0521|1235|1624|1939|2109|1 Rebiulevvel 1449
20270804|0346|0522|1235|1624|1938|2107|2 Rebiulevvel 1449
20270805|0348|0523|1235|1624|1937|2106|3 Rebiulevvel 1449
20270806|0349|0524|1235|1623|1936|2104|4 Rebiulevvel 1449
20270807|0350|0525|1235|1623|1935|2103|5 Rebiulevvel 1449
20270808|0351|0525|1235|1623|1934|2101|6 Rebiulevvel 1449
20270809|0353|0526|1235|1622|1933|2100|7 Rebiulevvel 1449
20270810|0354|0527|1234|1622|1932|2058|8 Rebiulevvel 1449
20270811|0355|0528|1234|1621|1930|2057|9 Rebiulevvel 1449
20270812|0357|0529|1234|1621|1929|2055|10 Rebiulevvel 1449
20270813|0358|0530|1234|1621|1928|2054|11 Rebiulevvel 1449
20270814|0359|0531|1234|1620|1927|2052|12 Rebiulevvel 1449
20270815|0400|0531|1234|1619|1926|2050|13 Rebiulevvel 1449
20270816|0402|0532|1233|1619|1924|2049|14 Rebiulevvel 1449
20270817|0403|0533|1233|1618|1923|2047|15 Rebiulevvel 1449
20270818|0404|0534|1233|1618|1922|2046|16 Rebiulevvel 1449
20270819|0405|0535|1233|1617|1920|2044|17 Rebiulevvel 1449
20270820|0407|0536|1232|1617|1919|2042|18 Rebiulevvel 1449
20270821|0408|0537|1232|1616|1918|2041|19 Rebiulevvel 1449
20270822|0409|0538|1232|1615|1916|2039|20 Rebiulevvel 1449
20270823|0410|0538|1232|1615|1915|2037|21 Rebiulevvel 1449
20270824|0411|0539|1231|1614|1914|2036|22 Rebiulevvel 1449
20270825|0413|0540|1231|1613|1912|2034|23 Rebiulevvel 1449
20270826|0414|0541|1231|1613|1911|2032|24 Rebiulevvel 1449
20270827|0415|0542|1231|1612|1909|2030|25 Rebiulevvel 1449
20270828|0416|0543|1230|1611|1908|2029|26 Rebiulevvel 1449
20270829|0417|0544|1230|1610|1906|2027|27 Rebiulevvel 1449
20270830|0419|0544|1230|1610|1905|2025|28 Rebiulevvel 1449
20270831|0420|0545|1229|1609|1904|2024|29 Rebiulevvel 1449
20270901|0421|0546|1229|1608|1902|2022|30 Rebiulevvel 1449
20270902|0422|0547|1229|1607|1901|2020|1 Rebiulahir 1449
20270903|0423|0548|1228|1606|1859|2018|2 Rebiulahir 1449
20270904|0424|0549|1228|1605|1858|2017|3 Rebiulahir 1449
20270905|0425|0550|1228|1605|1856|2015|4 Rebiulahir 1449
20270906|0426|0550|1227|1604|1855|2013|5 Rebiulahir 1449
20270907|0427|0551|1227|1603|1853|2011|6 Rebiulahir 1449
20270908|0429|0552|1227|1602|1851|2010|7 Rebiulahir 1449
20270909|0430|0553|1226|1601|1850|2008|8 Rebiulahir 1449
20270910|0431|0554|1226|1600|1848|2006|9 Rebiulahir 1449
20270911|0432|0555|1226|1559|1847|2004|10 Rebiulahir 1449
20270912|0433|0556|1225|1558|1845|2003|11 Rebiulahir 1449
20270913|0434|0556|1225|1557|1844|2001|12 Rebiulahir 1449
20270914|0435|0557|1225|1556|1842|1959|13 Rebiulahir 1449
20270915|0436|0558|1224|1555|1841|1958|14 Rebiulahir 1449
20270916|0437|0559|1224|1554|1839|1956|15 Rebiulahir 1449
20270917|0438|0600|1224|1553|1837|1954|16 Rebiulahir 1449
20270918|0439|0601|1223|1552|1836|1952|17 Rebiulahir 1449
20270919|0440|0602|1223|1551|1834|1951|18 Rebiulahir 1449
20270920|0441|0602|1223|1550|1833|1949|19 Rebiulahir 1449
20270921|0442|0603|1222|1549|1831|1947|20 Rebiulahir 1449
20270922|0443|0604|1222|1548|1830|1946|21 Rebiulahir 1449
20270923|0444|0605|1221|1547|1828|1944|22 Rebiulahir 1449
20270924|0445|0606|1221|1546|1826|1942|23 Rebiulahir 1449
20270925|0446|0607|1221|1545|1825|1941|24 Rebiulahir 1449
20270926|0447|0608|1220|1544|1823|1939|25 Rebiulahir 1449
20270927|0448|0608|1220|1543|1822|1937|26 Rebiulahir 1449
20270928|0449|0609|1220|1542|1820|1936|27 Rebiulahir 1449
20270929|0450|0610|1219|1541|1819|1934|28 Rebiulahir 1449
20270930|0450|0611|1219|1540|1817|1933|29 Rebiulahir 1449
20271001|0451|0612|1219|1538|1816|1931|1 Cemaziyelevvel 1449
20271002|0452|0613|1218|1537|1814|1929|2 Cemaziyelevvel 1449
20271003|0453|0614|1218|1536|1812|1928|3 Cemaziyelevvel 1449
20271004|0454|0615|1218|1535|1811|1926|4 Cemaziyelevvel 1449
20271005|0455|0616|1217|1534|1809|1925|5 Cemaziyelevvel 1449
20271006|0456|0616|1217|1533|1808|1923|6 Cemaziyelevvel 1449
20271007|0457|0617|1217|1532|1806|1922|7 Cemaziyelevvel 1449
20271008|0458|0618|1217|1531|1805|1920|8 Cemaziyelevvel 1449
20271009|0459|0619|1216|1530|1803|1919|9 Cemaziyelevvel 1449
20271010|0500|0620|1216|1529|1802|1917|10 Cemaziyelevvel 1449
20271011|0501|0621|1216|1528|1801|1916|11 Cemaziyelevvel 1449
20271012|0502|0622|1216|1526|1759|1914|12 Cemaziyelevvel 1449
20271013|0503|0623|1215|1525|1758|1913|13 Cemaziyelevvel 1449
20271014|0503|0624|1215|1524|1756|1912|14 Cemaziyelevvel 1449
20271015|0504|0625|1215|1523|1755|1910|15 Cemaziyelevvel 1449
20271016|0505|0626|1215|1522|1753|1909|16 Cemaziyelevvel 1449
20271017|0506|0627|1214|1521|1752|1907|17 Cemaziyelevvel 1449
20271018|0507|0628|1214|1520|1751|1906|18 Cemaziyelevvel 1449
20271019|0508|0629|1214|1519|1749|1905|19 Cemaziyelevvel 1449
20271020|0509|0630|1214|1518|1748|1904|20 Cemaziyelevvel 1449
20271021|0510|0631|1214|1517|1747|1902|21 Cemaziyelevvel 1449
20271022|0511|0632|1213|1516|1745|1901|22 Cemaziyelevvel 1449
20271023|0512|0633|1213|1515|1744|1900|23 Cemaziyelevvel 1449
20271024|0513|0634|1213|1514|1743|1859|24 Cemaziyelevvel 1449
20271025|0514|0635|1213|1513|1741|1857|25 Cemaziyelevvel 1449
20271026|0514|0636|1213|1512|1740|1856|26 Cemaziyelevvel 1449
20271027|0515|0637|1213|1511|1739|1855|27 Cemaziyelevvel 1449
20271028|0516|0638|1213|1510|1738|1854|28 Cemaziyelevvel 1449
20271029|0517|0639|1213|1509|1736|1853|29 Cemaziyelevvel 1449
20271030|0518|0640|1213|1508|1735|1852|30 Cemaziyelevvel 1449
20271031|0519|0641|1213|1507|1734|1851|1 Cemaziyelahir 1449
20271101|0520|0642|1212|1506|1733|1850|2 Cemaziyelahir 1449
20271102|0521|0643|1212|1506|1732|1849|3 Cemaziyelahir 1449
20271103|0522|0644|1212|1505|1731|1848|4 Cemaziyelahir 1449
20271104|0523|0645|1212|1504|1730|1847|5 Cemaziyelahir 1449
20271105|0524|0646|1212|1503|1729|1846|6 Cemaziyelahir 1449
20271106|0525|0647|1212|1502|1728|1845|7 Cemaziyelahir 1449
20271107|0526|0648|1213|1502|1727|1844|8 Cemaziyelahir 1449
20271108|0526|0649|1213|1501|1726|1844|9 Cemaziyelahir 1449
20271109|0527|0650|1213|1500|1725|1843|10 Cemaziyelahir 1449
20271110|0528|0652|1213|1459|1724|1842|11 Cemaziyelahir 1449
20271111|0529|0653|1213|1459|1723|1841|12 Cemaziyelahir 1449
20271112|0530|0654|1213|1458|1722|1841|13 Cemaziyelahir 1449
20271113|0531|0655|1213|1457|1721|1840|14 Cemaziyelahir 1449
20271114|0532|0656|1213|1457|1721|1839|15 Cemaziyelahir 1449
20271115|0533|0657|1213|1456|1720|1839|16 Cemaziyelahir 1449
20271116|0534|0658|1213|1455|1719|1838|17 Cemaziyelahir 1449
20271117|0535|0659|1214|1455|1718|1837|18 Cemaziyelahir 1449
20271118|0536|0700|1214|1454|1718|1837|19 Cemaziyelahir 1449
20271119|0537|0701|1214|1454|1717|1836|20 Cemaziyelahir 1449
20271120|0538|0702|1214|1453|1716|1836|21 Cemaziyelahir 1449
20271121|0538|0703|1215|1453|1716|1835|22 Cemaziyelahir 1449
20271122|0539|0704|1215|1453|1715|1835|23 Cemaziyelahir 1449
20271123|0540|0705|1215|1452|1715|1835|24 Cemaziyelahir 1449
20271124|0541|0706|1215|1452|1714|1834|25 Cemaziyelahir 1449
20271125|0542|0708|1216|1451|1714|1834|26 Cemaziyelahir 1449
20271126|0543|0709|1216|1451|1713|1834|27 Cemaziyelahir 1449
20271127|0544|0710|1216|1451|1713|1833|28 Cemaziyelahir 1449
20271128|0545|0711|1217|1451|1713|1833|29 Cemaziyelahir 1449
20271129|0546|0712|1217|1450|1712|1833|1 Recep 1449
20271130|0546|0713|1217|1450|1712|1833|2 Recep 1449
20271201|0547|0713|1218|1450|1712|1833|3 Recep 1449
20271202|0548|0714|1218|1450|1712|1833|4 Recep 1449
20271203|0549|0715|1218|1450|1711|1833|5 Recep 1449
20271204|0550|0716|1219|1450|1711|1833|6 Recep 1449
20271205|0550|0717|1219|1450|1711|1833|7 Recep 1449
20271206|0551|0718|1220|1450|1711|1833|8 Recep 1449
20271207|0552|0719|1220|1450|1711|1833|9 Recep 1449
20271208|0553|0720|1220|1450|1711|1833|10 Recep 1449
20271209|0554|0721|1221|1450|1711|1833|11 Recep 1449
20271210|0554|0722|1221|1450|1711|1833|12 Recep 1449
20271211|0555|0722|1222|1450|1711|1833|13 Recep 1449
20271212|0556|0723|1222|1451|1711|1833|14 Recep 1449
20271213|0556|0724|1223|1451|1712|1834|15 Recep 1449
20271214|0557|0725|1223|1451|1712|1834|16 Recep 1449
20271215|0558|0725|1224|1451|1712|1834|17 Recep 1449
20271216|0558|0726|1224|1452|1712|1835|18 Recep 1449
20271217|0559|0727|1225|1452|1713|1835|19 Recep 1449
20271218|0600|0727|1225|1452|1713|1835|20 Recep 1449
20271219|0600|0728|1226|1453|1713|1836|21 Recep 1449
20271220|0601|0728|1226|1453|1714|1836|22 Recep 1449
20271221|0601|0729|1227|1454|1714|1837|23 Recep 1449
20271222|0602|0729|1227|1454|1715|1837|24 Recep 1449
20271223|0602|0730|1228|1455|1715|1838|25 Recep 1449
20271224|0603|0730|1228|1455|1716|1838|26 Recep 1449
20271225|0603|0731|1229|1456|1716|1839|27 Recep 1449
20271226|0604|0731|1229|1456|1717|1839|28 Recep 1449
20271227|0604|0732|1230|1457|1718|1840|29 Recep 1449
20271228|0604|0732|1230|1457|1718|1840|30 Recep 1449
20271229|0605|0732|1231|1458|1719|1841|1 Şaban 1449
20271230|0605|0732|1231|1459|1720|1842|2 Şaban 1449
20271231|0605|0733|1231|1500|1720|1842|3 Şaban 1449
#@9162|Gölbaşı|ADIYAMAN|730
20260101|0611|0738|1238|1507|1728|1849|12 Recep 1447
20260102|0611|0738|1238|1508|1729|1850|13 Recep 1447
20260103|0611|0738|1239|1508|1729|1851|14 Recep 1447
20260104|0611|0738|1239|1509|1730|1852|15 Recep 1447
20260105|0612|0738|1240|1510|1731|1852|16 Recep 1447
20260106|0612|0738|1240|1511|1732|1853|17 Recep 1447
20260107|0612|0738|1241|1512|1733|1854|18 Recep 1447
20260108|0612|0738|1241|1512|1734|1855|19 Recep 1447
20260109|0612|0738|1241|1513|1735|1856|20 Recep 1447
20260110|0612|0738|1242|1514|1736|1857|21 Recep 1447
20260111|0612|0738|1242|1515|1737|1857|22 Recep 1447
20260112|0612|0738|1243|1516|1738|1858|23 Recep 1447
20260113|0612|0737|1243|1517|1739|1859|24 Recep 1447
20260114|0611|0737|1243|1518|1740|1900|25 Recep 1447
20260115|0611|0737|1244|1519|1741|1901|26 Recep 1447
20260116|0611|0736|1244|1520|1742|1902|27 Recep 1447
20260117|0611|0736|1244|1520|1743|1903|28 Recep 1447
20260118|0611|0736|1245|1521|1744|1904|29 Recep 1447
20260119|0610|0735|1245|1522|1745|1905|30 Recep 1447
20260120|0610|0735|1245|1523|1746|1905|1 Şaban 1447
20260121|0610|0734|1246|1524|1747|1906|2 Şaban 1447
20260122|0609|0734|1246|1525|1748|1907|3 Şaban 1447
20260123|0609|0733|1246|1526|1749|1908|4 Şaban 1447
20260124|0608|0733|1246|1527|1750|1909|5 Şaban 1447
20260125|0608|0732|1247|1528|1751|1910|6 Şaban 1447
20260126|0607|0731|1247|1529|1752|1911|7 Şaban 1447
20260127|0607|0731|1247|1530|1754|1912|8 Şaban 1447
20260128|0606|0730|1247|1531|1755|1913|9 Şaban 1447
20260129|0606|0729|1247|1532|1756|1914|10 Şaban 1447
20260130|0605|0728|1248|1533|1757|1915|11 Şaban 1447
20260131|0605|0728|1248|1534|1758|1916|12 Şaban 1447
20260201|0604|0727|1248|1535|1759|1917|13 Şaban 1447
20260202|0603|0726|1248|1536|1800|1918|14 Şaban 1447
20260203|0602|0725|1248|1536|1801|1919|15 Şaban 1447
20260204|0602|0724|1248|1537|1802|1920|16 Şaban 1447
20260205|0601|0723|1248|1538|1804|1921|17 Şaban 1447
20260206|0600|0722|1248|1539|1805|1922|18 Şaban 1447
20260207|0559|0721|1249|1540|1806|1923|19 Şaban 1447
20260208|0558|0720|1249|1541|1807|1924|20 Şaban 1447
20260209|0557|0719|1249|1542|1808|1925|21 Şaban 1447
20260210|0556|0718|1249|1543|1809|1926|22 Şaban 1447
20260211|0556|0717|1249|1544|1810|1927|23 Şaban 1447
20260212|0555|0716|1249|1544|1811|1928|24 Şaban 1447
20260213|0554|0715|1249|1545|1812|1929|25 Şaban 1447
20260214|0553|0714|1249|1546|1814|1930|26 Şaban 1447
20260215|0551|0713|1249|1547|1815|1931|27 Şaban 1447
20260216|0550|0711|1249|1548|1816|1932|28 Şaban 1447
20260217|0549|0710|1248|1549|1817|1933|29 Şaban 1447
20260218|0548|0709|1248|1549|1818|1934|30 Şaban 1447
20260219|0547|0708|1248|1550|1819|1935|1 Ramazan 1447
20260220|0546|0707|1248|1551|1820|1936|2 Ramazan 1447
20260221|0545|0705|1248|1552|1821|1937|3 Ramazan 1447
20260222|0543|0704|1248|1552|1822|1937|4 Ramazan 1447
20260223|0542|0703|1248|1553|1823|1938|5 Ramazan 1447
20260224|0541|0701|1248|1554|1824|1939|6 Ramazan 1447
20260225|0540|0700|1248|1554|1825|1940|7 Ramazan 1447
20260226|0538|0659|1247|1555|1826|1941|8 Ramazan 1447
20260227|0537|0657|1247|1556|1827|1942|9 Ramazan 1447
20260228|0536|0656|1247|1556|1828|1943|10 Ramazan 1447
20260301|0534|0655|1247|1557|1829|1944|11 Ramazan 1447
20260302|0533|0653|1247|1558|1830|1945|12 Ramazan 1447
20260303|0532|0652|1246|1558|1831|1946|13 Ramazan 1447
20260304|0530|0650|1246|1559|1832|1947|14 Ramazan 1447
20260305|0529|0649|1246|1600|1833|1948|15 Ramazan 1447
20260306|0527|0647|1246|1600|1834|1949|16 Ramazan 1447
20260307|0526|0646|1246|1601|1835|1950|17 Ramazan 1447
20260308|0524|0645|1245|1601|1836|1951|18 Ramazan 1447
20260309|0523|0643|1245|1602|1837|1952|19 Ramazan 1447
20260310|0521|0642|1245|1602|1838|1953|20 Ramazan 1447
20260311|0520|0640|1245|1603|1839|1954|21 Ramazan 1447
20260312|0518|0639|1244|1603|1840|1955|22 Ramazan 1447
20260313|0517|0637|1244|1604|1841|1956|23 Ramazan 1447
20260314|0515|0636|1244|1604|1842|1957|24 Ramazan 1447
20260315|0514|0634|1243|1605|1843|1958|25 Ramazan 1447
20260316|0512|0633|1243|1605|1844|1959|26 Ramazan 1447
20260317|0511|0631|1243|1606|1845|2000|27 Ramazan 1447
20260318|0509|0630|1243|1606|1846|2001|28 Ramazan 1447
20260319|0507|0628|1242|1607|1847|2002|29 Ramazan 1447
20260320|0506|0627|1242|1607|1848|2003|1 Şevval 1447
20260321|0504|0625|1242|1608|1848|2004|2 Şevval 1447
20260322|0503|0624|1241|1608|1849|2005|3 Şevval 1447
20260323|0501|0622|1241|1608|1850|2006|4 Şevval 1447
20260324|0459|0621|1241|1609|1851|2007|5 Şevval 1447
20260325|0458|0619|1241|1609|1852|2008|6 Şevval 1447
20260326|0456|0617|1240|1609|1853|2009|7 Şevval 1447
20260327|0454|0616|1240|1610|1854|2010|8 Şevval 1447
20260328|0453|0614|1240|1610|1855|2011|9 Şevval 1447
20260329|0451|0613|1239|1610|1856|2013|10 Şevval 1447
20260330|0449|0611|1239|1611|1857|2014|11 Şevval 1447
20260331|0448|0610|1239|1611|1858|2015|12 Şevval 1447
20260401|0446|0608|1238|1611|1859|2016|13 Şevval 1447
20260402|0444|0607|1238|1612|1900|2017|14 Şevval 1447
20260403|0442|0605|1238|1612|1900|2018|15 Şevval 1447
20260404|0441|0604|1238|1612|1901|2019|16 Şevval 1447
20260405|0439|0602|1237|1613|1902|2020|17 Şevval 1447
20260406|0437|0601|1237|1613|1903|2021|18 Şevval 1447
20260407|0436|0559|1237|1613|1904|2022|19 Şevval 1447
20260408|0434|0558|1236|1613|1905|2024|20 Şevval 1447
20260409|0432|0556|1236|1614|1906|2025|21 Şevval 1447
20260410|0430|0555|1236|1614|1907|2026|22 Şevval 1447
20260411|0429|0554|1236|1614|1908|2027|23 Şevval 1447
20260412|0427|0552|1235|1614|1909|2028|24 Şevval 1447
20260413|0425|0551|1235|1615|1910|2029|25 Şevval 1447
20260414|0424|0549|1235|1615|1910|2030|26 Şevval 1447
20260415|0422|0548|1235|1615|1911|2032|27 Şevval 1447
20260416|0420|0546|1234|1615|1912|2033|28 Şevval 1447
20260417|0418|0545|1234|1615|1913|2034|29 Şevval 1447
20260418|0417|0544|1234|1616|1914|2035|1 Zilkade 1447
20260419|0415|0542|1234|1616|1915|2036|2 Zilkade 1447
20260420|0413|0541|1233|1616|1916|2038|3 Zilkade 1447
20260421|0412|0540|1233|1616|1917|2039|4 Zilkade 1447
20260422|0410|0538|1233|1616|1918|2040|5 Zilkade 1447
20260423|0408|0537|1233|1617|1919|2041|6 Zilkade 1447
20260424|0407|0536|1233|1617|1920|2043|7 Zilkade 1447
20260425|0405|0534|1233|1617|1921|2044|8 Zilkade 1447
20260426|0403|0533|1232|1617|1922|2045|9 Zilkade 1447
20260427|0402|0532|1232|1617|1922|2046|10 Zilkade 1447
20260428|0400|0531|1232|1618|1923|2048|11 Zilkade 1447
20260429|0359|0530|1232|1618|1924|2049|12 Zilkade 1447
20260430|0357|0528|1232|1618|1925|2050|13 Zilkade 1447
20260501|0355|0527|1232|1618|1926|2052|14 Zilkade 1447
20260502|0354|0526|1231|1618|1927|2053|15 Zilkade 1447
20260503|0352|0525|1231|1619|1928|2054|16 Zilkade 1447
20260504|0351|0524|1231|1619|1929|2055|17 Zilkade 1447
20260505|0349|0523|1231|1619|1930|2057|18 Zilkade 1447
20260506|0348|0522|1231|1619|1931|2058|19 Zilkade 1447
20260507|0346|0521|1231|1619|1932|2059|20 Zilkade 1447
20260508|0345|0520|1231|1619|1933|2101|21 Zilkade 1447
20260509|0343|0518|1231|1620|1933|2102|22 Zilkade 1447
20260510|0342|0518|1231|1620|1934|2103|23 Zilkade 1447
20260511|0341|0517|1231|1620|1935|2104|24 Zilkade 1447
20260512|0339|0516|1231|1620|1936|2106|25 Zilkade 1447
20260513|0338|0515|1231|1620|1937|2107|26 Zilkade 1447
20260514|0337|0514|1231|1621|1938|2108|27 Zilkade 1447
20260515|0335|0513|1231|1621|1939|2110|28 Zilkade 1447
20260516|0334|0512|1231|1621|1940|2111|29 Zilkade 1447
20260517|0333|0511|1231|1621|1940|2112|30 Zilkade 1447
20260518|0332|0510|1231|1621|1941|2113|1 Zilhicce 1447
20260519|0330|0510|1231|1622|1942|2114|2 Zilhicce 1447
20260520|0329|0509|1231|1622|1943|2116|3 Zilhicce 1447
20260521|0328|0508|1231|1622|1944|2117|4 Zilhicce 1447
20260522|0327|0508|1231|1622|1945|2118|5 Zilhicce 1447
20260523|0326|0507|1231|1622|1945|2119|6 Zilhicce 1447
20260524|0325|0506|1231|1623|1946|2120|7 Zilhicce 1447
20260525|0324|0506|1231|1623|1947|2122|8 Zilhicce 1447
20260526|0323|0505|1231|1623|1948|2123|9 Zilhicce 1447
20260527|0322|0505|1232|1623|1949|2124|10 Zilhicce 1447
20260528|0321|0504|1232|1623|1949|2125|11 Zilhicce 1447
20260529|0320|0504|1232|1624|1950|2126|12 Zilhicce 1447
20260530|0319|0503|1232|1624|1951|2127|13 Zilhicce 1447
20260531|0319|0503|1232|1624|1951|2128|14 Zilhicce 1447
20260601|0318|0502|1232|1624|1952|2129|15 Zilhicce 1447
20260602|0317|0502|1232|1625|1953|2130|16 Zilhicce 1447
20260603|0317|0502|1233|1625|1953|2131|17 Zilhicce 1447
20260604|0316|0501|1233|1625|1954|2132|18 Zilhicce 1447
20260605|0315|0501|1233|1625|1955|2133|19 Zilhicce 1447
20260606|0315|0501|1233|1626|1955|2134|20 Zilhicce 1447
20260607|0314|0501|1233|1626|1956|2134|21 Zilhicce 1447
20260608|0314|0500|1233|1626|1956|2135|22 Zilhicce 1447
20260609|0314|0500|1234|1626|1957|2136|23 Zilhicce 1447
20260610|0313|0500|1234|1627|1958|2137|24 Zilhicce 1447
20260611|0313|0500|1234|1627|1958|2137|25 Zilhicce 1447
20260612|0313|0500|1234|1627|1959|2138|26 Zilhicce 1447
20260613|0312|0500|1234|1627|1959|2139|27 Zilhicce 1447
20260614|0312|0500|1235|1627|1959|2139|28 Zilhicce 1447
20260615|0312|0500|1235|1628|2000|2140|29 Zilhicce 1447
20260616|0312|0500|1235|1628|2000|2140|1 Muharrem 1448
20260617|0312|0500|1235|1628|2000|2141|2 Muharrem 1448
20260618|0312|0500|1236|1628|2001|2141|3 Muharrem 1448
20260619|0312|0500|1236|1629|2001|2141|4 Muharrem 1448
20260620|0312|0501|1236|1629|2001|2142|5 Muharrem 1448
20260621|0313|0501|1236|1629|2002|2142|6 Muharrem 1448
20260622|0313|0501|1236|1629|2002|2142|7 Muharrem 1448
20260623|0313|0501|1237|1629|2002|2142|8 Muharrem 1448
20260624|0313|0502|1237|1630|2002|2142|9 Muharrem 1448
20260625|0314|0502|1237|1630|2002|2142|10 Muharrem 1448
20260626|0314|0502|1237|1630|2002|2142|11 Muharrem 1448
20260627|0315|0502|1237|1630|2002|2142|12 Muharrem 1448
20260628|0315|0503|1238|1630|2003|2142|13 Muharrem 1448
20260629|0316|0503|1238|1631|2003|2142|14 Muharrem 1448
20260630|0316|0504|1238|1631|2003|2142|15 Muharrem 1448
20260701|0317|0504|1238|1631|2002|2142|16 Muharrem 1448
20260702|0318|0505|1238|1631|2002|2142|17 Muharrem 1448
20260703|0318|0505|1239|1631|2002|2141|18 Muharrem 1448
20260704|0319|0506|1239|1631|2002|2141|19 Muharrem 1448
20260705|0320|0506|1239|1632|2002|2141|20 Muharrem 1448
20260706|0321|0507|1239|1632|2002|2140|21 Muharrem 1448
20260707|0321|0507|1239|1632|2002|2140|22 Muharrem 1448
20260708|0322|0508|1240|1632|2001|2139|23 Muharrem 1448
20260709|0323|0508|1240|1632|2001|2139|24 Muharrem 1448
20260710|0324|0509|1240|1632|2001|2138|25 Muharrem 1448
20260711|0325|0510|1240|1632|2000|2137|26 Muharrem 1448
20260712|0326|0510|1240|1632|2000|2137|27 Muharrem 1448
20260713|0327|0511|1240|1632|1959|2136|28 Muharrem 1448
20260714|0328|0512|1240|1632|1959|2135|29 Muharrem 1448
20260715|0329|0512|1240|1632|1959|2134|1 Safer 1448
20260716|0330|0513|1241|1632|1958|2134|2 Safer 1448
20260717|0331|0514|1241|1632|1957|2133|3 Safer 1448
20260718|0332|0515|1241|1632|1957|2132|4 Safer 1448
20260719|0334|0515|1241|1632|1956|2131|5 Safer 1448
20260720|0335|0516|1241|1632|1956|2130|6 Safer 1448
20260721|0336|0517|1241|1632|1955|2129|7 Safer 1448
20260722|0337|0518|1241|1632|1954|2128|8 Safer 1448
20260723|0338|0518|1241|1632|1954|2127|9 Safer 1448
20260724|0339|0519|1241|1632|1953|2126|10 Safer 1448
20260725|0341|0520|1241|1632|1952|2124|11 Safer 1448
20260726|0342|0521|1241|1631|1951|2123|12 Safer 1448
20260727|0343|0522|1241|1631|1951|2122|13 Safer 1448
20260728|0344|0522|1241|1631|1950|2121|14 Safer 1448
20260729|0346|0523|1241|1631|1949|2120|15 Safer 1448
20260730|0347|0524|1241|1631|1948|2118|16 Safer 1448
20260731|0348|0525|1241|1630|1947|2117|17 Safer 1448
20260801|0349|0526|1241|1630|1946|2116|18 Safer 1448
20260802|0351|0527|1241|1630|1945|2114|19 Safer 1448
20260803|0352|0527|1241|1630|1944|2113|20 Safer 1448
20260804|0353|0528|1241|1629|1943|2111|21 Safer 1448
20260805|0355|0529|1241|1629|1942|2110|22 Safer 1448
20260806|0356|0530|1240|1629|1941|2109|23 Safer 1448
20260807|0357|0531|1240|1628|1940|2107|24 Safer 1448
20260808|0358|0532|1240|1628|1939|2106|25 Safer 1448
20260809|0400|0533|1240|1627|1938|2104|26 Safer 1448
20260810|0401|0533|1240|1627|1936|2103|27 Safer 1448
20260811|0402|0534|1240|1627|1935|2101|28 Safer 1448
20260812|0403|0535|1240|1626|1934|2100|29 Safer 1448
20260813|0405|0536|1239|1626|1933|2058|30 Safer 1448
20260814|0406|0537|1239|1625|1932|2056|1 Rebiulevvel 1448
20260815|0407|0538|1239|1625|1930|2055|2 Rebiulevvel 1448
20260816|0408|0539|1239|1624|1929|2053|3 Rebiulevvel 1448
20260817|0410|0539|1239|1624|1928|2052|4 Rebiulevvel 1448
20260818|0411|0540|1238|1623|1927|2050|5 Rebiulevvel 1448
20260819|0412|0541|1238|1622|1925|2048|6 Rebiulevvel 1448
20260820|0413|0542|1238|1622|1924|2047|7 Rebiulevvel 1448
20260821|0415|0543|1238|1621|1923|2045|8 Rebiulevvel 1448
20260822|0416|0544|1237|1621|1921|2043|9 Rebiulevvel 1448
20260823|0417|0545|1237|1620|1920|2042|10 Rebiulevvel 1448
20260824|0418|0545|1237|1619|1919|2040|11 Rebiulevvel 1448
20260825|0419|0546|1237|1619|1917|2038|12 Rebiulevvel 1448
20260826|0420|0547|1236|1618|1916|2037|13 Rebiulevvel 1448
20260827|0422|0548|1236|1617|1914|2035|14 Rebiulevvel 1448
20260828|0423|0549|1236|1616|1913|2033|15 Rebiulevvel 1448
20260829|0424|0550|1236|1616|1911|2032|16 Rebiulevvel 1448
20260830|0425|0551|1235|1615|1910|2030|17 Rebiulevvel 1448
20260831|0426|0551|1235|1614|1909|2028|18 Rebiulevvel 1448
20260901|0427|0552|1235|1613|1907|2026|19 Rebiulevvel 1448
20260902|0428|0553|1234|1612|1906|2025|20 Rebiulevvel 1448
20260903|0429|0554|1234|1612|1904|2023|21 Rebiulevvel 1448
20260904|0431|0555|1234|1611|1903|2021|22 Rebiulevvel 1448
20260905|0432|0556|1233|1610|1901|2019|23 Rebiulevvel 1448
20260906|0433|0556|1233|1609|1900|2018|24 Rebiulevvel 1448
20260907|0434|0557|1233|1608|1858|2016|25 Rebiulevvel 1448
20260908|0435|0558|1232|1607|1857|2014|26 Rebiulevvel 1448
20260909|0436|0559|1232|1606|1855|2013|27 Rebiulevvel 1448
20260910|0437|0600|1232|1605|1853|2011|28 Rebiulevvel 1448
20260911|0438|0601|1231|1604|1852|2009|29 Rebiulevvel 1448
20260912|0439|0601|1231|1604|1850|2007|1 Rebiulahir 1448
20260913|0440|0602|1231|1603|1849|2006|2 Rebiulahir 1448
20260914|0441|0603|1230|1602|1847|2004|3 Rebiulahir 1448
20260915|0442|0604|1230|1601|1846|2002|4 Rebiulahir 1448
20260916|0443|0605|1229|1600|1844|2001|5 Rebiulahir 1448
20260917|0444|0606|1229|1559|1843|1959|6 Rebiulahir 1448
20260918|0445|0607|1229|1558|1841|1957|7 Rebiulahir 1448
20260919|0446|0607|1228|1557|1839|1956|8 Rebiulahir 1448
20260920|0447|0608|1228|1556|1838|1954|9 Rebiulahir 1448
20260921|0448|0609|1228|1555|1836|1952|10 Rebiulahir 1448
20260922|0449|0610|1227|1554|1835|1951|11 Rebiulahir 1448
20260923|0450|0611|1227|1552|1833|1949|12 Rebiulahir 1448
20260924|0451|0612|1227|1551|1832|1947|13 Rebiulahir 1448
20260925|0452|0613|1226|1550|1830|1946|14 Rebiulahir 1448
20260926|0453|0613|1226|1549|1829|1944|15 Rebiulahir 1448
20260927|0454|0614|1226|1548|1827|1942|16 Rebiulahir 1448
20260928|0455|0615|1225|1547|1825|1941|17 Rebiulahir 1448
20260929|0456|0616|1225|1546|1824|1939|18 Rebiulahir 1448
20260930|0457|0617|1225|1545|1822|1938|19 Rebiulahir 1448
20261001|0457|0618|1224|1544|1821|1936|20 Rebiulahir 1448
20261002|0458|0619|1224|1543|1819|1934|21 Rebiulahir 1448
20261003|0459|0619|1224|1542|1818|1933|22 Rebiulahir 1448
20261004|0500|0620|1223|1541|1816|1931|23 Rebiulahir 1448
20261005|0501|0621|1223|1540|1815|1930|24 Rebiulahir 1448
20261006|0502|0622|1223|1539|1813|1928|25 Rebiulahir 1448
20261007|0503|0623|1222|1537|1812|1927|26 Rebiulahir 1448
20261008|0504|0624|1222|1536|1810|1925|27 Rebiulahir 1448
20261009|0505|0625|1222|1535|1809|1924|28 Rebiulahir 1448
20261010|0506|0626|1222|1534|1807|1922|29 Rebiulahir 1448
20261011|0507|0627|1221|1533|1806|1921|30 Rebiulahir 1448
20261012|0508|0628|1221|1532|1804|1920|1 Cemaziyelevvel 1448
20261013|0508|0629|1221|1531|1803|1918|2 Cemaziyelevvel 1448
20261014|0509|0630|1221|1530|1802|1917|3 Cemaziyelevvel 1448
20261015|0510|0630|1220|1529|1800|1915|4 Cemaziyelevvel 1448
20261016|0511|0631|1220|1528|1759|1914|5 Cemaziyelevvel 1448
20261017|0512|0632|1220|1527|1757|1913|6 Cemaziyelevvel 1448
20261018|0513|0633|1220|1526|1756|1911|7 Cemaziyelevvel 1448
20261019|0514|0634|1220|1525|1755|1910|8 Cemaziyelevvel 1448
20261020|0515|0635|1219|1524|1753|1909|9 Cemaziyelevvel 1448
20261021|0516|0636|1219|1523|1752|1908|10 Cemaziyelevvel 1448
20261022|0517|0637|1219|1522|1751|1906|11 Cemaziyelevvel 1448
20261023|0518|0638|1219|1521|1749|1905|12 Cemaziyelevvel 1448
20261024|0518|0639|1219|1520|1748|1904|13 Cemaziyelevvel 1448
20261025|0519|0640|1219|1519|1747|1903|14 Cemaziyelevvel 1448
20261026|0520|0641|1218|1518|1746|1902|15 Cemaziyelevvel 1448
20261027|0521|0642|1218|1517|1744|1901|16 Cemaziyelevvel 1448
20261028|0522|0643|1218|1516|1743|1859|17 Cemaziyelevvel 1448
20261029|0523|0644|1218|1515|1742|1858|18 Cemaziyelevvel 1448
20261030|0524|0645|1218|1514|1741|1857|19 Cemaziyelevvel 1448
20261031|0525|0646|1218|1513|1740|1856|20 Cemaziyelevvel 1448
20261101|0526|0647|1218|1512|1739|1855|21 Cemaziyelevvel 1448
20261102|0527|0648|1218|1511|1738|1854|22 Cemaziyelevvel 1448
20261103|0528|0650|1218|1511|1737|1853|23 Cemaziyelevvel 1448
20261104|0528|0651|1218|1510|1736|1853|24 Cemaziyelevvel 1448
20261105|0529|0652|1218|1509|1734|1852|25 Cemaziyelevvel 1448
20261106|0530|0653|1218|1508|1733|1851|26 Cemaziyelevvel 1448
20261107|0531|0654|1218|1507|1733|1850|27 Cemaziyelevvel 1448
20261108|0532|0655|1218|1507|1732|1849|28 Cemaziyelevvel 1448
20261109|0533|0656|1218|1506|1731|1848|29 Cemaziyelevvel 1448
20261110|0534|0657|1218|1505|1730|1848|1 Cemaziyelahir 1448
20261111|0535|0658|1218|1505|1729|1847|2 Cemaziyelahir 1448
20261112|0536|0659|1219|1504|1728|1846|3 Cemaziyelahir 1448
20261113|0537|0700|1219|1503|1727|1845|4 Cemaziyelahir 1448
20261114|0538|0701|1219|1503|1726|1845|5 Cemaziyelahir 1448
20261115|0539|0702|1219|1502|1726|1844|6 Cemaziyelahir 1448
20261116|0539|0703|1219|1501|1725|1844|7 Cemaziyelahir 1448
20261117|0540|0704|1219|1501|1724|1843|8 Cemaziyelahir 1448
20261118|0541|0705|1220|1500|1724|1843|9 Cemaziyelahir 1448
20261119|0542|0706|1220|1500|1723|1842|10 Cemaziyelahir 1448
20261120|0543|0708|1220|1500|1722|1842|11 Cemaziyelahir 1448
20261121|0544|0709|1220|1459|1722|1841|12 Cemaziyelahir 1448
20261122|0545|0710|1220|1459|1721|1841|13 Cemaziyelahir 1448
20261123|0546|0711|1221|1458|1721|1840|14 Cemaziyelahir 1448
20261124|0547|0712|1221|1458|1720|1840|15 Cemaziyelahir 1448
20261125|0548|0713|1221|1458|1720|1840|16 Cemaziyelahir 1448
20261126|0548|0714|1222|1457|1719|1840|17 Cemaziyelahir 1448
20261127|0549|0715|1222|1457|1719|1839|18 Cemaziyelahir 1448
20261128|0550|0716|1222|1457|1719|1839|19 Cemaziyelahir 1448
20261129|0551|0717|1223|1457|1718|1839|20 Cemaziyelahir 1448
20261130|0552|0718|1223|1456|1718|1839|21 Cemaziyelahir 1448
20261201|0553|0719|1223|1456|1718|1839|22 Cemaziyelahir 1448
20261202|0554|0720|1224|1456|1718|1839|23 Cemaziyelahir 1448
20261203|0554|0721|1224|1456|1718|1839|24 Cemaziyelahir 1448
20261204|0555|0721|1224|1456|1717|1839|25 Cemaziyelahir 1448
20261205|0556|0722|1225|1456|1717|1839|26 Cemaziyelahir 1448
20261206|0557|0723|1225|1456|1717|1839|27 Cemaziyelahir 1448
20261207|0557|0724|1226|1456|1717|1839|28 Cemaziyelahir 1448
20261208|0558|0725|1226|1456|1717|1839|29 Cemaziyelahir 1448
20261209|0559|0726|1227|1456|1717|1839|30 Cemaziyelahir 1448
20261210|0600|0727|1227|1457|1717|1839|1 Recep 1448
20261211|0600|0727|1227|1457|1718|1839|2 Recep 1448
20261212|0601|0728|1228|1457|1718|1839|3 Recep 1448
20261213|0602|0729|1228|1457|1718|1840|4 Recep 1448
20261214|0602|0730|1229|1457|1718|1840|5 Recep 1448
20261215|0603|0730|1229|1458|1718|1840|6 Recep 1448
20261216|0604|0731|1230|1458|1719|1841|7 Recep 1448
20261217|0604|0732|1230|1458|1719|1841|8 Recep 1448
20261218|0605|0732|1231|1459|1719|1841|9 Recep 1448
20261219|0606|0733|1231|1459|1720|1842|10 Recep 1448
20261220|0606|0733|1232|1500|1720|1842|11 Recep 1448
20261221|0607|0734|1232|1500|1721|1843|12 Recep 1448
20261222|0607|0734|1233|1500|1721|1843|13 Recep 1448
20261223|0608|0735|1233|1501|1722|1844|14 Recep 1448
20261224|0608|0735|1234|1502|1722|1844|15 Recep 1448
20261225|0608|0736|1234|1502|1723|1845|16 Recep 1448
20261226|0609|0736|1235|1503|1723|1845|17 Recep 1448
20261227|0609|0737|1235|1503|1724|1846|18 Recep 1448
20261228|0610|0737|1236|1504|1725|1847|19 Recep 1448
20261229|0610|0737|1236|1505|1725|1847|20 Recep 1448
20261230|0610|0737|1237|1505|1726|1848|21 Recep 1448
20261231|0611|0738|1237|1506|1727|1849|22 Recep 1448
20270101|0611|0738|1238|1507|1728|1849|23 Recep 1448
20270102|0611|0738|1238|1507|1728|1850|24 Recep 1448
20270103|0611|0738|1239|1508|1729|1851|25 Recep 1448
20270104|0611|0738|1239|1509|1730|1852|26 Recep 1448
20270105|0612|0738|1240|1510|1731|1852|27 Recep 1448
20270106|0612|0738|1240|1511|1732|1853|28 Recep 1448
20270107|0612|0738|1240|1511|1733|1854|29 Recep 1448
20270108|0612|0738|1241|1512|1734|1855|30 Recep 1448
20270109|0612|0738|1241|1513|1734|1855|1 Şaban 1448
20270110|0612|0738|1242|1514|1735|1856|2 Şaban 1448
20270111|0612|0738|1242|1515|1736|1857|3 Şaban 1448
20270112|0612|0738|1242|1516|1737|1858|4 Şaban 1448
20270113|0612|0737|1243|1517|1738|1859|5 Şaban 1448
20270114|0612|0737|1243|1518|1739|1900|6 Şaban 1448
20270115|0611|0737|1244|1518|1740|1901|7 Şaban 1448
20270116|0611|0737|1244|1519|1741|1902|8 Şaban 1448
20270117|0611|0736|1244|1520|1742|1902|9 Şaban 1448
20270118|0611|0736|1245|1521|1743|1903|10 Şaban 1448
20270119|0610|0735|1245|1522|1745|1904|11 Şaban 1448
20270120|0610|0735|1245|1523|1746|1905|12 Şaban 1448
20270121|0610|0734|1246|1524|1747|1906|13 Şaban 1448
20270122|0609|0734|1246|1525|1748|1907|14 Şaban 1448
20270123|0609|0733|1246|1526|1749|1908|15 Şaban 1448
20270124|0609|0733|1246|1527|1750|1909|16 Şaban 1448
20270125|0608|0732|1247|1528|1751|1910|17 Şaban 1448
20270126|0608|0732|1247|1529|1752|1911|18 Şaban 1448
20270127|0607|0731|1247|1530|1753|1912|19 Şaban 1448
20270128|0607|0730|1247|1531|1754|1913|20 Şaban 1448
20270129|0606|0729|1247|1532|1755|1914|21 Şaban 1448
20270130|0605|0729|1248|1533|1757|1915|22 Şaban 1448
20270131|0605|0728|1248|1533|1758|1916|23 Şaban 1448
20270201|0604|0727|1248|1534|1759|1917|24 Şaban 1448
20270202|0603|0726|1248|1535|1800|1918|25 Şaban 1448
20270203|0603|0725|1248|1536|1801|1919|26 Şaban 1448
20270204|0602|0724|1248|1537|1802|1920|27 Şaban 1448
20270205|0601|0723|1248|1538|1803|1921|28 Şaban 1448
20270206|0600|0722|1248|1539|1804|1922|29 Şaban 1448
20270207|0559|0722|1249|1540|1806|1923|30 Şaban 1448
20270208|0559|0721|1249|1541|1807|1924|1 Ramazan 1448
20270209|0558|0719|1249|1542|1808|1925|2 Ramazan 1448
20270210|0557|0718|1249|1543|1809|1926|3 Ramazan 1448
20270211|0556|0717|1249|1543|1810|1927|4 Ramazan 1448
20270212|0555|0716|1249|1544|1811|1927|5 Ramazan 1448
20270213|0554|0715|1249|1545|1812|1928|6 Ramazan 1448
20270214|0553|0714|1249|1546|1813|1929|7 Ramazan 1448
20270215|0552|0713|1249|1547|1814|1930|8 Ramazan 1448
20270216|0551|0712|1249|1548|1815|1931|9 Ramazan 1448
20270217|0550|0711|1248|1548|1816|1932|10 Ramazan 1448
20270218|0548|0709|1248|1549|1818|1933|11 Ramazan 1448
20270219|0547|0708|1248|1550|1819|1934|12 Ramazan 1448
20270220|0546|0707|1248|1551|1820|1935|13 Ramazan 1448
20270221|0545|0706|1248|1551|1821|1936|14 Ramazan 1448
20270222|0544|0704|1248|1552|1822|1937|15 Ramazan 1448
20270223|0543|0703|1248|1553|1823|1938|16 Ramazan 1448
20270224|0541|0702|1248|1554|1824|1939|17 Ramazan 1448
20270225|0540|0700|1248|1554|1825|1940|18 Ramazan 1448
20270226|0539|0659|1247|1555|1826|1941|19 Ramazan 1448
20270227|0537|0658|1247|1556|1827|1942|20 Ramazan 1448
20270228|0536|0656|1247|1556|1828|1943|21 Ramazan 1448
20270301|0535|0655|1247|1557|1829|1944|22 Ramazan 1448
20270302|0533|0653|1247|1558|1830|1945|23 Ramazan 1448
20270303|0532|0652|1247|1558|1831|1946|24 Ramazan 1448
20270304|0531|0651|1246|1559|1832|1947|25 Ramazan 1448
20270305|0529|0649|1246|1559|1833|1948|26 Ramazan 1448
20270306|0528|0648|1246|1600|1834|1949|27 Ramazan 1448
20270307|0526|0646|1246|1601|1835|1950|28 Ramazan 1448
20270308|0525|0645|1245|1601|1836|1951|29 Ramazan 1448
20270309|0523|0643|1245|1602|1837|1952|1 Şevval 1448
20270310|0522|0642|1245|1602|1838|1953|2 Şevval 1448
20270311|0520|0641|1245|1603|1839|1954|3 Şevval 1448
20270312|0519|0639|1244|1603|1840|1955|4 Şevval 1448
20270313|0517|0638|1244|1604|1841|1956|5 Şevval 1448
20270314|0516|0636|1244|1604|1842|1957|6 Şevval 1448
20270315|0514|0635|1244|1605|1843|1958|7 Şevval 1448
20270316|0513|0633|1243|1605|1844|1959|8 Şevval 1448
20270317|0511|0632|1243|1606|1845|2000|9 Şevval 1448
20270318|0509|0630|1243|1606|1845|2001|10 Şevval 1448
20270319|0508|0628|1242|1607|1846|2002|11 Şevval 1448
20270320|0506|0627|1242|1607|1847|2003|12 Şevval 1448
20270321|0505|0625|1242|1607|1848|2004|13 Şevval 1448
20270322|0503|0624|1242|1608|1849|2005|14 Şevval 1448
20270323|0501|0622|1241|1608|1850|2006|15 Şevval 1448
20270324|0500|0621|1241|1609|1851|2007|16 Şevval 1448
20270325|0458|0619|1241|1609|1852|2008|17 Şevval 1448
20270326|0456|0618|1240|1609|1853|2009|18 Şevval 1448
20270327|0455|0616|1240|1610|1854|2010|19 Şevval 1448
20270328|0453|0615|1240|1610|1855|2011|20 Şevval 1448
20270329|0451|0613|1239|1610|1856|2012|21 Şevval 1448
20270330|0450|0612|1239|1611|1857|2013|22 Şevval 1448
20270331|0448|0610|1239|1611|1857|2014|23 Şevval 1448
20270401|0446|0609|1239|1611|1858|2015|24 Şevval 1448
20270402|0445|0607|1238|1612|1859|2017|25 Şevval 1448
20270403|0443|0606|1238|1612|1900|2018|26 Şevval 1448
20270404|0441|0604|1238|1612|1901|2019|27 Şevval 1448
20270405|0439|0603|1237|1613|1902|2020|28 Şevval 1448
20270406|0438|0601|1237|1613|1903|2021|29 Şevval 1448
20270407|0436|0600|1237|1613|1904|2022|30 Şevval 1448
20270408|0434|0558|1237|1613|1905|2023|1 Zilkade 1448
20270409|0433|0557|1236|1614|1906|2024|2 Zilkade 1448
20270410|0431|0555|1236|1614|1907|2026|3 Zilkade 1448
20270411|0429|0554|1236|1614|1908|2027|4 Zilkade 1448
20270412|0427|0552|1235|1614|1908|2028|5 Zilkade 1448
20270413|0426|0551|1235|1615|1909|2029|6 Zilkade 1448
20270414|0424|0550|1235|1615|1910|2030|7 Zilkade 1448
20270415|0422|0548|1235|1615|1911|2031|8 Zilkade 1448
20270416|0421|0547|1234|1615|1912|2033|9 Zilkade 1448
20270417|0419|0545|1234|1615|1913|2034|10 Zilkade 1448
20270418|0417|0544|1234|1616|1914|2035|11 Zilkade 1448
20270419|0415|0543|1234|1616|1915|2036|12 Zilkade 1448
20270420|0414|0541|1234|1616|1916|2037|13 Zilkade 1448
20270421|0412|0540|1233|1616|1917|2039|14 Zilkade 1448
20270422|0410|0539|1233|1616|1918|2040|15 Zilkade 1448
20270423|0409|0537|1233|1617|1919|2041|16 Zilkade 1448
20270424|0407|0536|1233|1617|1919|2042|17 Zilkade 1448
20270425|0406|0535|1233|1617|1920|2044|18 Zilkade 1448
20270426|0404|0534|1232|1617|1921|2045|19 Zilkade 1448
20270427|0402|0532|1232|1617|1922|2046|20 Zilkade 1448
20270428|0401|0531|1232|1618|1923|2047|21 Zilkade 1448
20270429|0359|0530|1232|1618|1924|2049|22 Zilkade 1448
20270430|0357|0529|1232|1618|1925|2050|23 Zilkade 1448
20270501|0356|0527|1232|1618|1926|2051|24 Zilkade 1448
20270502|0354|0526|1232|1618|1927|2053|25 Zilkade 1448
20270503|0353|0525|1231|1618|1928|2054|26 Zilkade 1448
20270504|0351|0524|1231|1619|1929|2055|27 Zilkade 1448
20270505|0350|0523|1231|1619|1930|2056|28 Zilkade 1448
20270506|0348|0522|1231|1619|1930|2058|29 Zilkade 1448
20270507|0347|0521|1231|1619|1931|2059|1 Zilhicce 1448
20270508|0345|0520|1231|1619|1932|2100|2 Zilhicce 1448
20270509|0344|0519|1231|1620|1933|2102|3 Zilhicce 1448
20270510|0342|0518|1231|1620|1934|2103|4 Zilhicce 1448
20270511|0341|0517|1231|1620|1935|2104|5 Zilhicce 1448
20270512|0340|0516|1231|1620|1936|2105|6 Zilhicce 1448
20270513|0338|0515|1231|1620|1937|2107|7 Zilhicce 1448
20270514|0337|0514|1231|1621|1938|2108|8 Zilhicce 1448
20270515|0336|0513|1231|1621|1939|2109|9 Zilhicce 1448
20270516|0334|0512|1231|1621|1939|2110|10 Zilhicce 1448
20270517|0333|0511|1231|1621|1940|2112|11 Zilhicce 1448
20270518|0332|0511|1231|1621|1941|2113|12 Zilhicce 1448
20270519|0331|0510|1231|1622|1942|2114|13 Zilhicce 1448
20270520|0330|0509|1231|1622|1943|2115|14 Zilhicce 1448
20270521|0328|0508|1231|1622|1944|2117|15 Zilhicce 1448
20270522|0327|0508|1231|1622|1944|2118|16 Zilhicce 1448
20270523|0326|0507|1231|1622|1945|2119|17 Zilhicce 1448
20270524|0325|0506|1231|1623|1946|2120|18 Zilhicce 1448
20270525|0324|0506|1231|1623|1947|2121|19 Zilhicce 1448
20270526|0323|0505|1231|1623|1948|2122|20 Zilhicce 1448
20270527|0322|0505|1232|1623|1948|2124|21 Zilhicce 1448
20270528|0321|0504|1232|1623|1949|2125|22 Zilhicce 1448
20270529|0320|0504|1232|1624|1950|2126|23 Zilhicce 1448
20270530|0320|0503|1232|1624|1951|2127|24 Zilhicce 1448
20270531|0319|0503|1232|1624|1951|2128|25 Zilhicce 1448
20270601|0318|0502|1232|1624|1952|2129|26 Zilhicce 1448
20270602|0317|0502|1232|1625|1953|2130|27 Zilhicce 1448
20270603|0317|0502|1233|1625|1953|2131|28 Zilhicce 1448
20270604|0316|0501|1233|1625|1954|2132|29 Zilhicce 1448
20270605|0316|0501|1233|1625|1955|2133|30 Zilhicce 1448
20270606|0315|0501|1233|1625|1955|2133|1 Muharrem 1449
20270607|0315|0501|1233|1626|1956|2134|2 Muharrem 1449
20270608|0314|0500|1233|1626|1956|2135|3 Muharrem 1449
20270609|0314|0500|1234|1626|1957|2136|4 Muharrem 1449
20270610|0313|0500|1234|1626|1957|2136|5 Muharrem 1449
20270611|0313|0500|1234|1627|1958|2137|6 Muharrem 1449
20270612|0313|0500|1234|1627|1958|2138|7 Muharrem 1449
20270613|0313|0500|1234|1627|1959|2138|8 Muharrem 1449
20270614|0312|0500|1235|1627|1959|2139|9 Muharrem 1449
20270615|0312|0500|1235|1628|2000|2140|10 Muharrem 1449
20270616|0312|0500|1235|1628|2000|2140|11 Muharrem 1449
20270617|0312|0500|1235|1628|2000|2140|12 Muharrem 1449
20270618|0312|0500|1235|1628|2001|2141|13 Muharrem 1449
20270619|0312|0500|1236|1629|2001|2141|14 Muharrem 1449
20270620|0312|0501|1236|1629|2001|2142|15 Muharrem 1449
20270621|0313|0501|1236|1629|2002|2142|16 Muharrem 1449
20270622|0313|0501|1236|1629|2002|2142|17 Muharrem 1449
20270623|0313|0501|1237|1629|2002|2142|18 Muharrem 1449
20270624|0313|0501|1237|1630|2002|2142|19 Muharrem 1449
20270625|0314|0502|1237|1630|2002|2142|20 Muharrem 1449
20270626|0314|0502|1237|1630|2002|2142|21 Muharrem 1449
20270627|0315|0502|1237|1630|2002|2142|22 Muharrem 1449
20270628|0315|0503|1238|1630|2003|2142|23 Muharrem 1449
20270629|0316|0503|1238|1631|2003|2142|24 Muharrem 1449
20270630|0316|0504|1238|1631|2003|2142|25 Muharrem 1449
20270701|0317|0504|1238|1631|2002|2142|26 Muharrem 1449
20270702|0317|0504|1238|1631|2002|2142|27 Muharrem 1449
20270703|0318|0505|1239|1631|2002|2141|28 Muharrem 1449
20270704|0319|0505|1239|1631|2002|2141|29 Muharrem 1449
20270705|0320|0506|1239|1632|2002|2141|1 Safer 1449
20270706|0320|0507|1239|1632|2002|2140|2 Safer 1449
20270707|0321|0507|1239|1632|2002|2140|3 Safer 1449
20270708|0322|0508|1239|1632|2001|2139|4 Safer 1449
20270709|0323|0508|1240|1632|2001|2139|5 Safer 1449
20270710|0324|0509|1240|1632|2001|2138|6 Safer 1449
20270711|0325|0510|1240|1632|2000|2138|7 Safer 1449
20270712|0326|0510|1240|1632|2000|2137|8 Safer 1449
20270713|0327|0511|1240|1632|2000|2136|9 Safer 1449
20270714|0328|0512|1240|1632|1959|2135|10 Safer 1449
20270715|0329|0512|1240|1632|1959|2135|11 Safer 1449
20270716|0330|0513|1241|1632|1958|2134|12 Safer 1449
20270717|0331|0514|1241|1632|1958|2133|13 Safer 1449
20270718|0332|0514|1241|1632|1957|2132|14 Safer 1449
20270719|0333|0515|1241|1632|1956|2131|15 Safer 1449
20270720|0334|0516|1241|1632|1956|2130|16 Safer 1449
20270721|0336|0517|1241|1632|1955|2129|17 Safer 1449
20270722|0337|0517|1241|1632|1955|2128|18 Safer 1449
20270723|0338|0518|1241|1632|1954|2127|19 Safer 1449
20270724|0339|0519|1241|1632|1953|2126|20 Safer 1449
20270725|0340|0520|1241|1632|1952|2125|21 Safer 1449
20270726|0342|0521|1241|1632|1952|2123|22 Safer 1449
20270727|0343|0521|1241|1631|1951|2122|23 Safer 1449
20270728|0344|0522|1241|1631|1950|2121|24 Safer 1449
20270729|0345|0523|1241|1631|1949|2120|25 Safer 1449
20270730|0347|0524|1241|1631|1948|2119|26 Safer 1449
20270731|0348|0525|1241|1631|1947|2117|27 Safer 1449
20270801|0349|0526|1241|1630|1946|2116|28 Safer 1449
20270802|0350|0526|1241|1630|1945|2115|29 Safer 1449
20270803|0352|0527|1241|1630|1944|2113|1 Rebiulevvel 1449
20270804|0353|0528|1241|1629|1943|2112|2 Rebiulevvel 1449
20270805|0354|0529|1241|1629|1942|2110|3 Rebiulevvel 1449
20270806|0356|0530|1240|1629|1941|2109|4 Rebiulevvel 1449
20270807|0357|0531|1240|1628|1940|2107|5 Rebiulevvel 1449
20270808|0358|0531|1240|1628|1939|2106|6 Rebiulevvel 1449
20270809|0359|0532|1240|1628|1938|2104|7 Rebiulevvel 1449
20270810|0401|0533|1240|1627|1937|2103|8 Rebiulevvel 1449
20270811|0402|0534|1240|1627|1936|2101|9 Rebiulevvel 1449
20270812|0403|0535|1240|1626|1934|2100|10 Rebiulevvel 1449
20270813|0404|0536|1239|1626|1933|2058|11 Rebiulevvel 1449
20270814|0406|0537|1239|1625|1932|2057|12 Rebiulevvel 1449
20270815|0407|0538|1239|1625|1931|2055|13 Rebiulevvel 1449
20270816|0408|0538|1239|1624|1929|2054|14 Rebiulevvel 1449
20270817|0409|0539|1239|1624|1928|2052|15 Rebiulevvel 1449
20270818|0411|0540|1238|1623|1927|2050|16 Rebiulevvel 1449
20270819|0412|0541|1238|1623|1926|2049|17 Rebiulevvel 1449
20270820|0413|0542|1238|1622|1924|2047|18 Rebiulevvel 1449
20270821|0414|0543|1238|1621|1923|2045|19 Rebiulevvel 1449
20270822|0415|0544|1238|1621|1922|2044|20 Rebiulevvel 1449
20270823|0417|0544|1237|1620|1920|2042|21 Rebiulevvel 1449
20270824|0418|0545|1237|1619|1919|2040|22 Rebiulevvel 1449
20270825|0419|0546|1237|1619|1917|2039|23 Rebiulevvel 1449
20270826|0420|0547|1236|1618|1916|2037|24 Rebiulevvel 1449
20270827|0421|0548|1236|1617|1915|2035|25 Rebiulevvel 1449
20270828|0422|0549|1236|1617|1913|2034|26 Rebiulevvel 1449
20270829|0424|0549|1236|1616|1912|2032|27 Rebiulevvel 1449
20270830|0425|0550|1235|1615|1910|2030|28 Rebiulevvel 1449
20270831|0426|0551|1235|1614|1909|2028|29 Rebiulevvel 1449
20270901|0427|0552|1235|1613|1907|2027|30 Rebiulevvel 1449
20270902|0428|0553|1234|1613|1906|2025|1 Rebiulahir 1449
20270903|0429|0554|1234|1612|1904|2023|2 Rebiulahir 1449
20270904|0430|0555|1234|1611|1903|2022|3 Rebiulahir 1449
20270905|0431|0555|1233|1610|1901|2020|4 Rebiulahir 1449
20270906|0432|0556|1233|1609|1900|2018|5 Rebiulahir 1449
20270907|0434|0557|1233|1608|1858|2016|6 Rebiulahir 1449
20270908|0435|0558|1232|1607|1857|2015|7 Rebiulahir 1449
20270909|0436|0559|1232|1607|1855|2013|8 Rebiulahir 1449
20270910|0437|0600|1232|1606|1854|2011|9 Rebiulahir 1449
20270911|0438|0600|1231|1605|1852|2010|10 Rebiulahir 1449
20270912|0439|0601|1231|1604|1851|2008|11 Rebiulahir 1449
20270913|0440|0602|1231|1603|1849|2006|12 Rebiulahir 1449
20270914|0441|0603|1230|1602|1848|2004|13 Rebiulahir 1449
20270915|0442|0604|1230|1601|1846|2003|14 Rebiulahir 1449
20270916|0443|0605|1230|1600|1845|2001|15 Rebiulahir 1449
20270917|0444|0605|1229|1559|1843|1959|16 Rebiulahir 1449
20270918|0445|0606|1229|1558|1841|1958|17 Rebiulahir 1449
20270919|0446|0607|1228|1557|1840|1956|18 Rebiulahir 1449
20270920|0447|0608|1228|1556|1838|1954|19 Rebiulahir 1449
20270921|0448|0609|1228|1555|1837|1953|20 Rebiulahir 1449
20270922|0449|0610|1227|1554|1835|1951|21 Rebiulahir 1449
20270923|0450|0611|1227|1553|1834|1949|22 Rebiulahir 1449
20270924|0451|0611|1227|1552|1832|1948|23 Rebiulahir 1449
20270925|0452|0612|1226|1551|1830|1946|24 Rebiulahir 1449
20270926|0453|0613|1226|1550|1829|1944|25 Rebiulahir 1449
20270927|0454|0614|1226|1549|1827|1943|26 Rebiulahir 1449
20270928|0454|0615|1225|1547|1826|1941|27 Rebiulahir 1449
20270929|0455|0616|1225|1546|1824|1940|28 Rebiulahir 1449
20270930|0456|0617|1225|1545|1823|1938|29 Rebiulahir 1449
20271001|0457|0618|1224|1544|1821|1936|1 Cemaziyelevvel 1449
20271002|0458|0618|1224|1543|1820|1935|2 Cemaziyelevvel 1449
20271003|0459|0619|1224|1542|1818|1933|3 Cemaziyelevvel 1449
20271004|0500|0620|1223|1541|1817|1932|4 Cemaziyelevvel 1449
20271005|0501|0621|1223|1540|1815|1930|5 Cemaziyelevvel 1449
20271006|0502|0622|1223|1539|1814|1929|6 Cemaziyelevvel 1449
20271007|0503|0623|1222|1538|1812|1927|7 Cemaziyelevvel 1449
20271008|0504|0624|1222|1537|1811|1926|8 Cemaziyelevvel 1449
20271009|0505|0625|1222|1536|1809|1924|9 Cemaziyelevvel 1449
20271010|0506|0626|1222|1534|1808|1923|10 Cemaziyelevvel 1449
20271011|0506|0627|1221|1533|1806|1921|11 Cemaziyelevvel 1449
20271012|0507|0627|1221|1532|1805|1920|12 Cemaziyelevvel 1449
20271013|0508|0628|1221|1531|1803|1918|13 Cemaziyelevvel 1449
20271014|0509|0629|1221|1530|1802|1917|14 Cemaziyelevvel 1449
20271015|0510|0630|1220|1529|1801|1916|15 Cemaziyelevvel 1449
20271016|0511|0631|1220|1528|1759|1914|16 Cemaziyelevvel 1449
20271017|0512|0632|1220|1527|1758|1913|17 Cemaziyelevvel 1449
20271018|0513|0633|1220|1526|1756|1912|18 Cemaziyelevvel 1449
20271019|0514|0634|1220|1525|1755|1910|19 Cemaziyelevvel 1449
20271020|0515|0635|1219|1524|1754|1909|20 Cemaziyelevvel 1449
20271021|0515|0636|1219|1523|1752|1908|21 Cemaziyelevvel 1449
20271022|0516|0637|1219|1522|1751|1907|22 Cemaziyelevvel 1449
20271023|0517|0638|1219|1521|1750|1905|23 Cemaziyelevvel 1449
20271024|0518|0639|1219|1520|1749|1904|24 Cemaziyelevvel 1449
20271025|0519|0640|1219|1519|1747|1903|25 Cemaziyelevvel 1449
20271026|0520|0641|1218|1518|1746|1902|26 Cemaziyelevvel 1449
20271027|0521|0642|1218|1517|1745|1901|27 Cemaziyelevvel 1449
20271028|0522|0643|1218|1516|1744|1900|28 Cemaziyelevvel 1449
20271029|0523|0644|1218|1515|1742|1859|29 Cemaziyelevvel 1449
20271030|0524|0645|1218|1514|1741|1858|30 Cemaziyelevvel 1449
20271031|0525|0646|1218|1513|1740|1857|1 Cemaziyelahir 1449
20271101|0525|0647|1218|1512|1739|1856|2 Cemaziyelahir 1449
20271102|0526|0648|1218|1512|1738|1855|3 Cemaziyelahir 1449
20271103|0527|0649|1218|1511|1737|1854|4 Cemaziyelahir 1449
20271104|0528|0650|1218|1510|1736|1853|5 Cemaziyelahir 1449
20271105|0529|0651|1218|1509|1735|1852|6 Cemaziyelahir 1449
20271106|0530|0652|1218|1508|1734|1851|7 Cemaziyelahir 1449
20271107|0531|0653|1218|1508|1733|1850|8 Cemaziyelahir 1449
20271108|0532|0655|1218|1507|1732|1849|9 Cemaziyelahir 1449
20271109|0533|0656|1218|1506|1731|1849|10 Cemaziyelahir 1449
20271110|0534|0657|1218|1505|1730|1848|11 Cemaziyelahir 1449
20271111|0535|0658|1218|1505|1729|1847|12 Cemaziyelahir 1449
20271112|0536|0659|1218|1504|1728|1846|13 Cemaziyelahir 1449
20271113|0537|0700|1219|1503|1727|1846|14 Cemaziyelahir 1449
20271114|0537|0701|1219|1503|1727|1845|15 Cemaziyelahir 1449
20271115|0538|0702|1219|1502|1726|1844|16 Cemaziyelahir 1449
20271116|0539|0703|1219|1502|1725|1844|17 Cemaziyelahir 1449
20271117|0540|0704|1219|1501|1724|1843|18 Cemaziyelahir 1449
20271118|0541|0705|1219|1501|1724|1843|19 Cemaziyelahir 1449
20271119|0542|0706|1220|1500|1723|1842|20 Cemaziyelahir 1449
20271120|0543|0707|1220|1500|1723|1842|21 Cemaziyelahir 1449
20271121|0544|0708|1220|1459|1722|1841|22 Cemaziyelahir 1449
20271122|0545|0709|1220|1459|1721|1841|23 Cemaziyelahir 1449
20271123|0546|0710|1221|1458|1721|1841|24 Cemaziyelahir 1449
20271124|0546|0711|1221|1458|1720|1840|25 Cemaziyelahir 1449
20271125|0547|0712|1221|1458|1720|1840|26 Cemaziyelahir 1449
20271126|0548|0713|1222|1457|1720|1840|27 Cemaziyelahir 1449
20271127|0549|0714|1222|1457|1719|1839|28 Cemaziyelahir 1449
20271128|0550|0715|1222|1457|1719|1839|29 Cemaziyelahir 1449
20271129|0551|0716|1222|1457|1719|1839|1 Recep 1449
20271130|0552|0717|1223|1457|1718|1839|2 Recep 1449
20271201|0552|0718|1223|1456|1718|1839|3 Recep 1449
20271202|0553|0719|1224|1456|1718|1839|4 Recep 1449
20271203|0554|0720|1224|1456|1718|1839|5 Recep 1449
20271204|0555|0721|1224|1456|1717|1839|6 Recep 1449
20271205|0556|0722|1225|1456|1717|1839|7 Recep 1449
20271206|0557|0723|1225|1456|1717|1839|8 Recep 1449
20271207|0557|0724|1226|1456|1717|1839|9 Recep 1449
20271208|0558|0725|1226|1456|1717|1839|10 Recep 1449
20271209|0559|0726|1226|1456|1717|1839|11 Recep 1449
20271210|0600|0726|1227|1456|1717|1839|12 Recep 1449
20271211|0600|0727|1227|1457|1718|1839|13 Recep 1449
20271212|0601|0728|1228|1457|1718|1839|14 Recep 1449
20271213|0602|0729|1228|1457|1718|1840|15 Recep 1449
20271214|0602|0729|1229|1457|1718|1840|16 Recep 1449
20271215|0603|0730|1229|1458|1718|1840|17 Recep 1449
20271216|0604|0731|1230|1458|1719|1841|18 Recep 1449
20271217|0604|0731|1230|1458|1719|1841|19 Recep 1449
20271218|0605|0732|1231|1459|1719|1841|20 Recep 1449
20271219|0605|0733|1231|1459|1720|1842|21 Recep 1449
20271220|0606|0733|1232|1459|1720|1842|22 Recep 1449
20271221|0606|0734|1232|1500|1721|1843|23 Recep 1449
20271222|0607|0734|1233|1500|1721|1843|24 Recep 1449
20271223|0607|0735|1233|1501|1722|1844|25 Recep 1449
20271224|0608|0735|1234|1501|1722|1844|26 Recep 1449
20271225|0608|0736|1234|1502|1723|1845|27 Recep 1449
20271226|0609|0736|1235|1503|1723|1845|28 Recep 1449
20271227|0609|0736|1235|1503|1724|1846|29 Recep 1449
20271228|0610|0737|1236|1504|1724|1846|30 Recep 1449
20271229|0610|0737|1236|1504|1725|1847|1 Şaban 1449
20271230|0610|0737|1237|1505|1726|1848|2 Şaban 1449
20271231|0610|0738|1237|1506|1727|1848|3 Şaban 1449
#@9163|Kahta|ADIYAMAN|730
20260101|0607|0734|1234|1503|1724|1846|12 Recep 1447
20260102|0607|0734|1234|1504|1725|1846|13 Recep 1447
20260103|0607|0734|1235|1504|1725|1847|14 Recep 1447
20260104|0608|0734|1235|1505|1726|1848|15 Recep 1447
20260105|0608|0734|1236|1506|1727|1849|16 Recep 1447
20260106|0608|0734|1236|1507|1728|1849|17 Recep 1447
20260107|0608|0734|1237|1508|1729|1850|18 Recep 1447
20260108|0608|0734|1237|1509|1730|1851|19 Recep 1447
20260109|0608|0734|1237|1509|1731|1852|20 Recep 1447
20260110|0608|0734|1238|1510|1732|1853|21 Recep 1447
20260111|0608|0734|1238|1511|1733|1853|22 Recep 1447
20260112|0608|0734|1239|1512|1734|1854|23 Recep 1447
20260113|0608|0733|1239|1513|1735|1855|24 Recep 1447
20260114|0608|0733|1239|1514|1736|1856|25 Recep 1447
20260115|0607|0733|1240|1515|1737|1857|26 Recep 1447
20260116|0607|0733|1240|1516|1738|1858|27 Recep 1447
20260117|0607|0732|1240|1517|1739|1859|28 Recep 1447
20260118|0607|0732|1241|1518|1740|1900|29 Recep 1447
20260119|0606|0731|1241|1518|1741|1901|30 Recep 1447
20260120|0606|0731|1241|1519|1742|1902|1 Şaban 1447
20260121|0606|0730|1242|1520|1743|1903|2 Şaban 1447
20260122|0605|0730|1242|1521|1744|1903|3 Şaban 1447
20260123|0605|0729|1242|1522|1745|1904|4 Şaban 1447
20260124|0605|0729|1242|1523|1746|1905|5 Şaban 1447
20260125|0604|0728|1243|1524|1747|1906|6 Şaban 1447
20260126|0604|0727|1243|1525|1749|1907|7 Şaban 1447
20260127|0603|0727|1243|1526|1750|1908|8 Şaban 1447
20260128|0602|0726|1243|1527|1751|1909|9 Şaban 1447
20260129|0602|0725|1244|1528|1752|1910|10 Şaban 1447
20260130|0601|0725|1244|1529|1753|1911|11 Şaban 1447
20260131|0601|0724|1244|1530|1754|1912|12 Şaban 1447
20260201|0600|0723|1244|1531|1755|1913|13 Şaban 1447
20260202|0559|0722|1244|1532|1756|1914|14 Şaban 1447
20260203|0558|0721|1244|1533|1757|1915|15 Şaban 1447
20260204|0558|0720|1244|1534|1759|1916|16 Şaban 1447
20260205|0557|0719|1244|1534|1800|1917|17 Şaban 1447
20260206|0556|0718|1245|1535|1801|1918|18 Şaban 1447
20260207|0555|0717|1245|1536|1802|1919|19 Şaban 1447
20260208|0554|0716|1245|1537|1803|1920|20 Şaban 1447
20260209|0553|0715|1245|1538|1804|1921|21 Şaban 1447
20260210|0553|0714|1245|1539|1805|1922|22 Şaban 1447
20260211|0552|0713|1245|1540|1806|1923|23 Şaban 1447
20260212|0551|0712|1245|1541|1807|1924|24 Şaban 1447
20260213|0550|0711|1245|1541|1809|1925|25 Şaban 1447
20260214|0549|0710|1245|1542|1810|1926|26 Şaban 1447
20260215|0548|0709|1245|1543|1811|1927|27 Şaban 1447
20260216|0546|0708|1245|1544|1812|1928|28 Şaban 1447
20260217|0545|0706|1245|1545|1813|1929|29 Şaban 1447
20260218|0544|0705|1244|1545|1814|1930|30 Şaban 1447
20260219|0543|0704|1244|1546|1815|1931|1 Ramazan 1447
20260220|0542|0703|1244|1547|1816|1932|2 Ramazan 1447
20260221|0541|0701|1244|1548|1817|1933|3 Ramazan 1447
20260222|0540|0700|1244|1548|1818|1934|4 Ramazan 1447
20260223|0538|0659|1244|1549|1819|1935|5 Ramazan 1447
20260224|0537|0657|1244|1550|1820|1936|6 Ramazan 1447
20260225|0536|0656|1244|1551|1821|1936|7 Ramazan 1447
20260226|0534|0655|1243|1551|1822|1937|8 Ramazan 1447
20260227|0533|0653|1243|1552|1823|1938|9 Ramazan 1447
20260228|0532|0652|1243|1553|1824|1939|10 Ramazan 1447
20260301|0530|0651|1243|1553|1825|1940|11 Ramazan 1447
20260302|0529|0649|1243|1554|1826|1941|12 Ramazan 1447
20260303|0528|0648|1243|1554|1827|1942|13 Ramazan 1447
20260304|0526|0646|1242|1555|1828|1943|14 Ramazan 1447
20260305|0525|0645|1242|1556|1829|1944|15 Ramazan 1447
20260306|0523|0644|1242|1556|1830|1945|16 Ramazan 1447
20260307|0522|0642|1242|1557|1831|1946|17 Ramazan 1447
20260308|0521|0641|1241|1557|1832|1947|18 Ramazan 1447
20260309|0519|0639|1241|1558|1833|1948|19 Ramazan 1447
20260310|0518|0638|1241|1558|1834|1949|20 Ramazan 1447
20260311|0516|0636|1241|1559|1835|1950|21 Ramazan 1447
20260312|0515|0635|1240|1600|1836|1951|22 Ramazan 1447
20260313|0513|0633|1240|1600|1837|1952|23 Ramazan 1447
20260314|0511|0632|1240|1601|1838|1953|24 Ramazan 1447
20260315|0510|0630|1240|1601|1839|1954|25 Ramazan 1447
20260316|0508|0629|1239|1601|1840|1955|26 Ramazan 1447
20260317|0507|0627|1239|1602|1841|1956|27 Ramazan 1447
20260318|0505|0626|1239|1602|1842|1957|28 Ramazan 1447
20260319|0504|0624|1238|1603|1843|1958|29 Ramazan 1447
20260320|0502|0623|1238|1603|1844|1959|1 Şevval 1447
20260321|0500|0621|1238|1604|1845|2000|2 Şevval 1447
20260322|0459|0620|1238|1604|1845|2001|3 Şevval 1447
20260323|0457|0618|1237|1604|1846|2002|4 Şevval 1447
20260324|0455|0617|1237|1605|1847|2003|5 Şevval 1447
20260325|0454|0615|1237|1605|1848|2004|6 Şevval 1447
20260326|0452|0614|1236|1606|1849|2005|7 Şevval 1447
20260327|0450|0612|1236|1606|1850|2006|8 Şevval 1447
20260328|0449|0611|1236|1606|1851|2008|9 Şevval 1447
20260329|0447|0609|1235|1607|1852|2009|10 Şevval 1447
20260330|0445|0607|1235|1607|1853|2010|11 Şevval 1447
20260331|0444|0606|1235|1607|1854|2011|12 Şevval 1447
20260401|0442|0604|1235|1608|1855|2012|13 Şevval 1447
20260402|0440|0603|1234|1608|1856|2013|14 Şevval 1447
20260403|0439|0601|1234|1608|1857|2014|15 Şevval 1447
20260404|0437|0600|1234|1608|1857|2015|16 Şevval 1447
20260405|0435|0558|1233|1609|1858|2016|17 Şevval 1447
20260406|0433|0557|1233|1609|1859|2017|18 Şevval 1447
20260407|0432|0555|1233|1609|1900|2018|19 Şevval 1447
20260408|0430|0554|1233|1609|1901|2020|20 Şevval 1447
20260409|0428|0553|1232|1610|1902|2021|21 Şevval 1447
20260410|0427|0551|1232|1610|1903|2022|22 Şevval 1447
20260411|0425|0550|1232|1610|1904|2023|23 Şevval 1447
20260412|0423|0548|1231|1610|1905|2024|24 Şevval 1447
20260413|0421|0547|1231|1611|1906|2025|25 Şevval 1447
20260414|0420|0545|1231|1611|1907|2027|26 Şevval 1447
20260415|0418|0544|1231|1611|1907|2028|27 Şevval 1447
20260416|0416|0543|1230|1611|1908|2029|28 Şevval 1447
20260417|0415|0541|1230|1612|1909|2030|29 Şevval 1447
20260418|0413|0540|1230|1612|1910|2031|1 Zilkade 1447
20260419|0411|0538|1230|1612|1911|2033|2 Zilkade 1447
20260420|0409|0537|1230|1612|1912|2034|3 Zilkade 1447
20260421|0408|0536|1229|1612|1913|2035|4 Zilkade 1447
20260422|0406|0534|1229|1613|1914|2036|5 Zilkade 1447
20260423|0404|0533|1229|1613|1915|2037|6 Zilkade 1447
20260424|0403|0532|1229|1613|1916|2039|7 Zilkade 1447
20260425|0401|0531|1229|1613|1917|2040|8 Zilkade 1447
20260426|0400|0529|1228|1613|1918|2041|9 Zilkade 1447
20260427|0358|0528|1228|1614|1919|2043|10 Zilkade 1447
20260428|0356|0527|1228|1614|1919|2044|11 Zilkade 1447
20260429|0355|0526|1228|1614|1920|2045|12 Zilkade 1447
20260430|0353|0524|1228|1614|1921|2046|13 Zilkade 1447
20260501|0352|0523|1228|1614|1922|2048|14 Zilkade 1447
20260502|0350|0522|1228|1614|1923|2049|15 Zilkade 1447
20260503|0348|0521|1227|1615|1924|2050|16 Zilkade 1447
20260504|0347|0520|1227|1615|1925|2051|17 Zilkade 1447
20260505|0345|0519|1227|1615|1926|2053|18 Zilkade 1447
20260506|0344|0518|1227|1615|1927|2054|19 Zilkade 1447
20260507|0342|0517|1227|1615|1928|2055|20 Zilkade 1447
20260508|0341|0516|1227|1616|1929|2057|21 Zilkade 1447
20260509|0340|0515|1227|1616|1929|2058|22 Zilkade 1447
20260510|0338|0514|1227|1616|1930|2059|23 Zilkade 1447
20260511|0337|0513|1227|1616|1931|2100|24 Zilkade 1447
20260512|0335|0512|1227|1616|1932|2102|25 Zilkade 1447
20260513|0334|0511|1227|1616|1933|2103|26 Zilkade 1447
20260514|0333|0510|1227|1617|1934|2104|27 Zilkade 1447
20260515|0331|0509|1227|1617|1935|2106|28 Zilkade 1447
20260516|0330|0508|1227|1617|1936|2107|29 Zilkade 1447
20260517|0329|0507|1227|1617|1937|2108|30 Zilkade 1447
20260518|0328|0507|1227|1617|1937|2109|1 Zilhicce 1447
20260519|0326|0506|1227|1618|1938|2111|2 Zilhicce 1447
20260520|0325|0505|1227|1618|1939|2112|3 Zilhicce 1447
20260521|0324|0504|1227|1618|1940|2113|4 Zilhicce 1447
20260522|0323|0504|1227|1618|1941|2114|5 Zilhicce 1447
20260523|0322|0503|1227|1618|1942|2115|6 Zilhicce 1447
20260524|0321|0502|1227|1619|1942|2117|7 Zilhicce 1447
20260525|0320|0502|1227|1619|1943|2118|8 Zilhicce 1447
20260526|0319|0501|1228|1619|1944|2119|9 Zilhicce 1447
20260527|0318|0501|1228|1619|1945|2120|10 Zilhicce 1447
20260528|0317|0500|1228|1620|1945|2121|11 Zilhicce 1447
20260529|0316|0500|1228|1620|1946|2122|12 Zilhicce 1447
20260530|0316|0459|1228|1620|1947|2123|13 Zilhicce 1447
20260531|0315|0459|1228|1620|1948|2124|14 Zilhicce 1447
20260601|0314|0458|1228|1620|1948|2125|15 Zilhicce 1447
20260602|0313|0458|1228|1621|1949|2126|16 Zilhicce 1447
20260603|0313|0458|1229|1621|1950|2127|17 Zilhicce 1447
20260604|0312|0457|1229|1621|1950|2128|18 Zilhicce 1447
20260605|0312|0457|1229|1621|1951|2129|19 Zilhicce 1447
20260606|0311|0457|1229|1622|1951|2130|20 Zilhicce 1447
20260607|0311|0457|1229|1622|1952|2130|21 Zilhicce 1447
20260608|0310|0457|1230|1622|1953|2131|22 Zilhicce 1447
20260609|0310|0456|1230|1622|1953|2132|23 Zilhicce 1447
20260610|0309|0456|1230|1623|1954|2133|24 Zilhicce 1447
20260611|0309|0456|1230|1623|1954|2133|25 Zilhicce 1447
20260612|0309|0456|1230|1623|1955|2134|26 Zilhicce 1447
20260613|0309|0456|1231|1623|1955|2135|27 Zilhicce 1447
20260614|0308|0456|1231|1624|1955|2135|28 Zilhicce 1447
20260615|0308|0456|1231|1624|1956|2136|29 Zilhicce 1447
20260616|0308|0456|1231|1624|1956|2136|1 Muharrem 1448
20260617|0308|0456|1231|1624|1957|2137|2 Muharrem 1448
20260618|0308|0456|1232|1624|1957|2137|3 Muharrem 1448
20260619|0308|0457|1232|1625|1957|2137|4 Muharrem 1448
20260620|0309|0457|1232|1625|1957|2138|5 Muharrem 1448
20260621|0309|0457|1232|1625|1958|2138|6 Muharrem 1448
20260622|0309|0457|1232|1625|1958|2138|7 Muharrem 1448
20260623|0309|0457|1233|1626|1958|2138|8 Muharrem 1448
20260624|0310|0458|1233|1626|1958|2138|9 Muharrem 1448
20260625|0310|0458|1233|1626|1958|2138|10 Muharrem 1448
20260626|0310|0458|1233|1626|1958|2139|11 Muharrem 1448
20260627|0311|0459|1234|1626|1959|2138|12 Muharrem 1448
20260628|0311|0459|1234|1627|1959|2138|13 Muharrem 1448
20260629|0312|0459|1234|1627|1959|2138|14 Muharrem 1448
20260630|0312|0500|1234|1627|1959|2138|15 Muharrem 1448
20260701|0313|0500|1234|1627|1959|2138|16 Muharrem 1448
20260702|0314|0501|1235|1627|1958|2138|17 Muharrem 1448
20260703|0314|0501|1235|1627|1958|2137|18 Muharrem 1448
20260704|0315|0502|1235|1628|1958|2137|19 Muharrem 1448
20260705|0316|0502|1235|1628|1958|2137|20 Muharrem 1448
20260706|0317|0503|1235|1628|1958|2136|21 Muharrem 1448
20260707|0317|0503|1235|1628|1958|2136|22 Muharrem 1448
20260708|0318|0504|1236|1628|1957|2135|23 Muharrem 1448
20260709|0319|0505|1236|1628|1957|2135|24 Muharrem 1448
20260710|0320|0505|1236|1628|1957|2134|25 Muharrem 1448
20260711|0321|0506|1236|1628|1956|2133|26 Muharrem 1448
20260712|0322|0506|1236|1628|1956|2133|27 Muharrem 1448
20260713|0323|0507|1236|1628|1956|2132|28 Muharrem 1448
20260714|0324|0508|1236|1628|1955|2131|29 Muharrem 1448
20260715|0325|0508|1237|1628|1955|2130|1 Safer 1448
20260716|0326|0509|1237|1628|1954|2130|2 Safer 1448
20260717|0327|0510|1237|1628|1954|2129|3 Safer 1448
20260718|0329|0511|1237|1628|1953|2128|4 Safer 1448
20260719|0330|0511|1237|1628|1952|2127|5 Safer 1448
20260720|0331|0512|1237|1628|1952|2126|6 Safer 1448
20260721|0332|0513|1237|1628|1951|2125|7 Safer 1448
20260722|0333|0514|1237|1628|1950|2124|8 Safer 1448
20260723|0334|0514|1237|1628|1950|2123|9 Safer 1448
20260724|0336|0515|1237|1628|1949|2122|10 Safer 1448
20260725|0337|0516|1237|1628|1948|2120|11 Safer 1448
20260726|0338|0517|1237|1628|1947|2119|12 Safer 1448
20260727|0339|0518|1237|1627|1947|2118|13 Safer 1448
20260728|0341|0518|1237|1627|1946|2117|14 Safer 1448
20260729|0342|0519|1237|1627|1945|2116|15 Safer 1448
20260730|0343|0520|1237|1627|1944|2114|16 Safer 1448
20260731|0344|0521|1237|1627|1943|2113|17 Safer 1448
20260801|0346|0522|1237|1626|1942|2112|18 Safer 1448
20260802|0347|0523|1237|1626|1941|2110|19 Safer 1448
20260803|0348|0524|1237|1626|1940|2109|20 Safer 1448
20260804|0349|0524|1237|1625|1939|2108|21 Safer 1448
20260805|0351|0525|1237|1625|1938|2106|22 Safer 1448
20260806|0352|0526|1237|1625|1937|2105|23 Safer 1448
20260807|0353|0527|1236|1624|1936|2103|24 Safer 1448
20260808|0354|0528|1236|1624|1935|2102|25 Safer 1448
20260809|0356|0529|1236|1624|1934|2100|26 Safer 1448
20260810|0357|0529|1236|1623|1933|2059|27 Safer 1448
20260811|0358|0530|1236|1623|1931|2057|28 Safer 1448
20260812|0400|0531|1236|1622|1930|2056|29 Safer 1448
20260813|0401|0532|1236|1622|1929|2054|30 Safer 1448
20260814|0402|0533|1235|1621|1928|2052|1 Rebiulevvel 1448
20260815|0403|0534|1235|1621|1927|2051|2 Rebiulevvel 1448
20260816|0405|0535|1235|1620|1925|2049|3 Rebiulevvel 1448
20260817|0406|0536|1235|1620|1924|2048|4 Rebiulevvel 1448
20260818|0407|0536|1235|1619|1923|2046|5 Rebiulevvel 1448
20260819|0408|0537|1234|1619|1921|2044|6 Rebiulevvel 1448
20260820|0409|0538|1234|1618|1920|2043|7 Rebiulevvel 1448
20260821|0411|0539|1234|1617|1919|2041|8 Rebiulevvel 1448
20260822|0412|0540|1234|1617|1917|2039|9 Rebiulevvel 1448
20260823|0413|0541|1233|1616|1916|2038|10 Rebiulevvel 1448
20260824|0414|0542|1233|1615|1915|2036|11 Rebiulevvel 1448
20260825|0415|0542|1233|1615|1913|2034|12 Rebiulevvel 1448
20260826|0417|0543|1233|1614|1912|2033|13 Rebiulevvel 1448
20260827|0418|0544|1232|1613|1910|2031|14 Rebiulevvel 1448
20260828|0419|0545|1232|1612|1909|2029|15 Rebiulevvel 1448
20260829|0420|0546|1232|1612|1908|2028|16 Rebiulevvel 1448
20260830|0421|0547|1231|1611|1906|2026|17 Rebiulevvel 1448
20260831|0422|0547|1231|1610|1905|2024|18 Rebiulevvel 1448
20260901|0423|0548|1231|1609|1903|2022|19 Rebiulevvel 1448
20260902|0424|0549|1230|1609|1902|2021|20 Rebiulevvel 1448
20260903|0426|0550|1230|1608|1900|2019|21 Rebiulevvel 1448
20260904|0427|0551|1230|1607|1859|2017|22 Rebiulevvel 1448
20260905|0428|0552|1229|1606|1857|2016|23 Rebiulevvel 1448
20260906|0429|0553|1229|1605|1856|2014|24 Rebiulevvel 1448
20260907|0430|0553|1229|1604|1854|2012|25 Rebiulevvel 1448
20260908|0431|0554|1228|1603|1853|2010|26 Rebiulevvel 1448
20260909|0432|0555|1228|1602|1851|2009|27 Rebiulevvel 1448
20260910|0433|0556|1228|1601|1850|2007|28 Rebiulevvel 1448
20260911|0434|0557|1227|1601|1848|2005|29 Rebiulevvel 1448
20260912|0435|0558|1227|1600|1846|2004|1 Rebiulahir 1448
20260913|0436|0558|1227|1559|1845|2002|2 Rebiulahir 1448
20260914|0437|0559|1226|1558|1843|2000|3 Rebiulahir 1448
20260915|0438|0600|1226|1557|1842|1958|4 Rebiulahir 1448
20260916|0439|0601|1226|1556|1840|1957|5 Rebiulahir 1448
20260917|0440|0602|1225|1555|1839|1955|6 Rebiulahir 1448
20260918|0441|0603|1225|1554|1837|1953|7 Rebiulahir 1448
20260919|0442|0603|1225|1553|1836|1952|8 Rebiulahir 1448
20260920|0443|0604|1224|1552|1834|1950|9 Rebiulahir 1448
20260921|0444|0605|1224|1551|1832|1948|10 Rebiulahir 1448
20260922|0445|0606|1223|1550|1831|1947|11 Rebiulahir 1448
20260923|0446|0607|1223|1549|1829|1945|12 Rebiulahir 1448
20260924|0447|0608|1223|1548|1828|1943|13 Rebiulahir 1448
20260925|0448|0609|1222|1546|1826|1942|14 Rebiulahir 1448
20260926|0449|0609|1222|1545|1825|1940|15 Rebiulahir 1448
20260927|0450|0610|1222|1544|1823|1938|16 Rebiulahir 1448
20260928|0451|0611|1221|1543|1822|1937|17 Rebiulahir 1448
20260929|0452|0612|1221|1542|1820|1935|18 Rebiulahir 1448
20260930|0453|0613|1221|1541|1818|1934|19 Rebiulahir 1448
20261001|0454|0614|1220|1540|1817|1932|20 Rebiulahir 1448
20261002|0455|0615|1220|1539|1815|1930|21 Rebiulahir 1448
20261003|0455|0616|1220|1538|1814|1929|22 Rebiulahir 1448
20261004|0456|0616|1219|1537|1812|1927|23 Rebiulahir 1448
20261005|0457|0617|1219|1536|1811|1926|24 Rebiulahir 1448
20261006|0458|0618|1219|1535|1809|1924|25 Rebiulahir 1448
20261007|0459|0619|1219|1534|1808|1923|26 Rebiulahir 1448
20261008|0500|0620|1218|1532|1806|1921|27 Rebiulahir 1448
20261009|0501|0621|1218|1531|1805|1920|28 Rebiulahir 1448
20261010|0502|0622|1218|1530|1803|1918|29 Rebiulahir 1448
20261011|0503|0623|1217|1529|1802|1917|30 Rebiulahir 1448
20261012|0504|0624|1217|1528|1801|1916|1 Cemaziyelevvel 1448
20261013|0505|0625|1217|1527|1759|1914|2 Cemaziyelevvel 1448
20261014|0505|0626|1217|1526|1758|1913|3 Cemaziyelevvel 1448
20261015|0506|0627|1216|1525|1756|1911|4 Cemaziyelevvel 1448
20261016|0507|0628|1216|1524|1755|1910|5 Cemaziyelevvel 1448
20261017|0508|0628|1216|1523|1754|1909|6 Cemaziyelevvel 1448
20261018|0509|0629|1216|1522|1752|1907|7 Cemaziyelevvel 1448
20261019|0510|0630|1216|1521|1751|1906|8 Cemaziyelevvel 1448
20261020|0511|0631|1215|1520|1749|1905|9 Cemaziyelevvel 1448
20261021|0512|0632|1215|1519|1748|1904|10 Cemaziyelevvel 1448
20261022|0513|0633|1215|1518|1747|1902|11 Cemaziyelevvel 1448
20261023|0514|0634|1215|1517|1746|1901|12 Cemaziyelevvel 1448
20261024|0515|0635|1215|1516|1744|1900|13 Cemaziyelevvel 1448
20261025|0515|0636|1215|1515|1743|1859|14 Cemaziyelevvel 1448
20261026|0516|0637|1215|1514|1742|1858|15 Cemaziyelevvel 1448
20261027|0517|0638|1214|1513|1741|1857|16 Cemaziyelevvel 1448
20261028|0518|0639|1214|1512|1739|1856|17 Cemaziyelevvel 1448
20261029|0519|0640|1214|1511|1738|1854|18 Cemaziyelevvel 1448
20261030|0520|0641|1214|1510|1737|1853|19 Cemaziyelevvel 1448
20261031|0521|0642|1214|1509|1736|1852|20 Cemaziyelevvel 1448
20261101|0522|0644|1214|1508|1735|1851|21 Cemaziyelevvel 1448
20261102|0523|0645|1214|1508|1734|1850|22 Cemaziyelevvel 1448
20261103|0524|0646|1214|1507|1733|1850|23 Cemaziyelevvel 1448
20261104|0525|0647|1214|1506|1732|1849|24 Cemaziyelevvel 1448
20261105|0525|0648|1214|1505|1731|1848|25 Cemaziyelevvel 1448
20261106|0526|0649|1214|1504|1730|1847|26 Cemaziyelevvel 1448
20261107|0527|0650|1214|1503|1729|1846|27 Cemaziyelevvel 1448
20261108|0528|0651|1214|1503|1728|1845|28 Cemaziyelevvel 1448
20261109|0529|0652|1214|1502|1727|1844|29 Cemaziyelevvel 1448
20261110|0530|0653|1214|1501|1726|1844|1 Cemaziyelahir 1448
20261111|0531|0654|1215|1501|1725|1843|2 Cemaziyelahir 1448
20261112|0532|0655|1215|1500|1724|1842|3 Cemaziyelahir 1448
20261113|0533|0656|1215|1459|1723|1842|4 Cemaziyelahir 1448
20261114|0534|0657|1215|1459|1723|1841|5 Cemaziyelahir 1448
20261115|0535|0658|1215|1458|1722|1840|6 Cemaziyelahir 1448
20261116|0536|0659|1215|1458|1721|1840|7 Cemaziyelahir 1448
20261117|0536|0700|1215|1457|1720|1839|8 Cemaziyelahir 1448
20261118|0537|0702|1216|1457|1720|1839|9 Cemaziyelahir 1448
20261119|0538|0703|1216|1456|1719|1838|10 Cemaziyelahir 1448
20261120|0539|0704|1216|1456|1718|1838|11 Cemaziyelahir 1448
20261121|0540|0705|1216|1455|1718|1837|12 Cemaziyelahir 1448
20261122|0541|0706|1217|1455|1717|1837|13 Cemaziyelahir 1448
20261123|0542|0707|1217|1454|1717|1837|14 Cemaziyelahir 1448
20261124|0543|0708|1217|1454|1716|1836|15 Cemaziyelahir 1448
20261125|0544|0709|1217|1454|1716|1836|16 Cemaziyelahir 1448
20261126|0545|0710|1218|1453|1716|1836|17 Cemaziyelahir 1448
20261127|0545|0711|1218|1453|1715|1835|18 Cemaziyelahir 1448
20261128|0546|0712|1218|1453|1715|1835|19 Cemaziyelahir 1448
20261129|0547|0713|1219|1453|1715|1835|20 Cemaziyelahir 1448
20261130|0548|0714|1219|1453|1714|1835|21 Cemaziyelahir 1448
20261201|0549|0715|1219|1452|1714|1835|22 Cemaziyelahir 1448
20261202|0550|0716|1220|1452|1714|1835|23 Cemaziyelahir 1448
20261203|0550|0717|1220|1452|1714|1835|24 Cemaziyelahir 1448
20261204|0551|0718|1221|1452|1714|1835|25 Cemaziyelahir 1448
20261205|0552|0718|1221|1452|1713|1835|26 Cemaziyelahir 1448
20261206|0553|0719|1221|1452|1713|1835|27 Cemaziyelahir 1448
20261207|0554|0720|1222|1452|1713|1835|28 Cemaziyelahir 1448
20261208|0554|0721|1222|1452|1713|1835|29 Cemaziyelahir 1448
20261209|0555|0722|1223|1452|1713|1835|30 Cemaziyelahir 1448
20261210|0556|0723|1223|1453|1714|1835|1 Recep 1448
20261211|0557|0723|1224|1453|1714|1835|2 Recep 1448
20261212|0557|0724|1224|1453|1714|1836|3 Recep 1448
20261213|0558|0725|1224|1453|1714|1836|4 Recep 1448
20261214|0559|0726|1225|1453|1714|1836|5 Recep 1448
20261215|0559|0726|1225|1454|1714|1836|6 Recep 1448
20261216|0600|0727|1226|1454|1715|1837|7 Recep 1448
20261217|0600|0728|1226|1454|1715|1837|8 Recep 1448
20261218|0601|0728|1227|1455|1715|1837|9 Recep 1448
20261219|0602|0729|1227|1455|1716|1838|10 Recep 1448
20261220|0602|0730|1228|1456|1716|1838|11 Recep 1448
20261221|0603|0730|1228|1456|1717|1839|12 Recep 1448
20261222|0603|0731|1229|1457|1717|1839|13 Recep 1448
20261223|0604|0731|1229|1457|1718|1840|14 Recep 1448
20261224|0604|0731|1230|1458|1718|1840|15 Recep 1448
20261225|0605|0732|1230|1458|1719|1841|16 Recep 1448
20261226|0605|0732|1231|1459|1719|1841|17 Recep 1448
20261227|0605|0733|1231|1459|1720|1842|18 Recep 1448
20261228|0606|0733|1232|1500|1721|1843|19 Recep 1448
20261229|0606|0733|1232|1501|1721|1843|20 Recep 1448
20261230|0606|0733|1233|1501|1722|1844|21 Recep 1448
20261231|0607|0734|1233|1502|1723|1845|22 Recep 1448
20270101|0607|0734|1234|1503|1724|1845|23 Recep 1448
20270102|0607|0734|1234|1504|1724|1846|24 Recep 1448
20270103|0607|0734|1235|1504|1725|1847|25 Recep 1448
20270104|0608|0734|1235|1505|1726|1848|26 Recep 1448
20270105|0608|0734|1236|1506|1727|1848|27 Recep 1448
20270106|0608|0734|1236|1507|1728|1849|28 Recep 1448
20270107|0608|0734|1237|1507|1729|1850|29 Recep 1448
20270108|0608|0734|1237|1508|1730|1851|30 Recep 1448
20270109|0608|0734|1237|1509|1731|1852|1 Şaban 1448
20270110|0608|0734|1238|1510|1731|1852|2 Şaban 1448
20270111|0608|0734|1238|1511|1732|1853|3 Şaban 1448
20270112|0608|0734|1239|1512|1733|1854|4 Şaban 1448
20270113|0608|0734|1239|1513|1734|1855|5 Şaban 1448
20270114|0608|0733|1239|1514|1735|1856|6 Şaban 1448
20270115|0607|0733|1240|1515|1736|1857|7 Şaban 1448
20270116|0607|0733|1240|1515|1737|1858|8 Şaban 1448
20270117|0607|0732|1240|1516|1739|1859|9 Şaban 1448
20270118|0607|0732|1241|1517|1740|1859|10 Şaban 1448
20270119|0607|0731|1241|1518|1741|1900|11 Şaban 1448
20270120|0606|0731|1241|1519|1742|1901|12 Şaban 1448
20270121|0606|0731|1242|1520|1743|1902|13 Şaban 1448
20270122|0605|0730|1242|1521|1744|1903|14 Şaban 1448
20270123|0605|0729|1242|1522|1745|1904|15 Şaban 1448
20270124|0605|0729|1242|1523|1746|1905|16 Şaban 1448
20270125|0604|0728|1243|1524|1747|1906|17 Şaban 1448
20270126|0604|0728|1243|1525|1748|1907|18 Şaban 1448
20270127|0603|0727|1243|1526|1749|1908|19 Şaban 1448
20270128|0603|0726|1243|1527|1750|1909|20 Şaban 1448
20270129|0602|0725|1244|1528|1752|1910|21 Şaban 1448
20270130|0601|0725|1244|1529|1753|1911|22 Şaban 1448
20270131|0601|0724|1244|1530|1754|1912|23 Şaban 1448
20270201|0600|0723|1244|1531|1755|1913|24 Şaban 1448
20270202|0559|0722|1244|1531|1756|1914|25 Şaban 1448
20270203|0559|0721|1244|1532|1757|1915|26 Şaban 1448
20270204|0558|0720|1244|1533|1758|1916|27 Şaban 1448
20270205|0557|0720|1244|1534|1759|1917|28 Şaban 1448
20270206|0556|0719|1245|1535|1801|1918|29 Şaban 1448
20270207|0555|0718|1245|1536|1802|1919|30 Şaban 1448
20270208|0555|0717|1245|1537|1803|1920|1 Ramazan 1448
20270209|0554|0716|1245|1538|1804|1921|2 Ramazan 1448
20270210|0553|0715|1245|1539|1805|1922|3 Ramazan 1448
20270211|0552|0713|1245|1539|1806|1923|4 Ramazan 1448
20270212|0551|0712|1245|1540|1807|1924|5 Ramazan 1448
20270213|0550|0711|1245|1541|1808|1925|6 Ramazan 1448
20270214|0549|0710|1245|1542|1809|1926|7 Ramazan 1448
20270215|0548|0709|1245|1543|1810|1927|8 Ramazan 1448
20270216|0547|0708|1245|1544|1811|1927|9 Ramazan 1448
20270217|0546|0707|1245|1544|1813|1928|10 Ramazan 1448
20270218|0545|0705|1244|1545|1814|1929|11 Ramazan 1448
20270219|0543|0704|1244|1546|1815|1930|12 Ramazan 1448
20270220|0542|0703|1244|1547|1816|1931|13 Ramazan 1448
20270221|0541|0702|1244|1547|1817|1932|14 Ramazan 1448
20270222|0540|0700|1244|1548|1818|1933|15 Ramazan 1448
20270223|0539|0659|1244|1549|1819|1934|16 Ramazan 1448
20270224|0537|0658|1244|1550|1820|1935|17 Ramazan 1448
20270225|0536|0656|1244|1550|1821|1936|18 Ramazan 1448
20270226|0535|0655|1244|1551|1822|1937|19 Ramazan 1448
20270227|0533|0654|1243|1552|1823|1938|20 Ramazan 1448
20270228|0532|0652|1243|1552|1824|1939|21 Ramazan 1448
20270301|0531|0651|1243|1553|1825|1940|22 Ramazan 1448
20270302|0529|0650|1243|1554|1826|1941|23 Ramazan 1448
20270303|0528|0648|1243|1554|1827|1942|24 Ramazan 1448
20270304|0527|0647|1242|1555|1828|1943|25 Ramazan 1448
20270305|0525|0645|1242|1556|1829|1944|26 Ramazan 1448
20270306|0524|0644|1242|1556|1830|1945|27 Ramazan 1448
20270307|0522|0642|1242|1557|1831|1946|28 Ramazan 1448
20270308|0521|0641|1241|1557|1832|1947|29 Ramazan 1448
20270309|0519|0640|1241|1558|1833|1948|1 Şevval 1448
20270310|0518|0638|1241|1558|1834|1949|2 Şevval 1448
20270311|0516|0637|1241|1559|1835|1950|3 Şevval 1448
20270312|0515|0635|1240|1559|1836|1951|4 Şevval 1448
20270313|0513|0634|1240|1600|1837|1952|5 Şevval 1448
20270314|0512|0632|1240|1600|1838|1953|6 Şevval 1448
20270315|0510|0631|1240|1601|1839|1954|7 Şevval 1448
20270316|0509|0629|1239|1601|1840|1955|8 Şevval 1448
20270317|0507|0628|1239|1602|1841|1956|9 Şevval 1448
20270318|0506|0626|1239|1602|1842|1957|10 Şevval 1448
20270319|0504|0625|1239|1603|1842|1958|11 Şevval 1448
20270320|0502|0623|1238|1603|1843|1959|12 Şevval 1448
20270321|0501|0622|1238|1604|1844|2000|13 Şevval 1448
20270322|0459|0620|1238|1604|1845|2001|14 Şevval 1448
20270323|0457|0618|1237|1604|1846|2002|15 Şevval 1448
20270324|0456|0617|1237|1605|1847|2003|16 Şevval 1448
20270325|0454|0615|1237|1605|1848|2004|17 Şevval 1448
20270326|0452|0614|1236|1605|1849|2005|18 Şevval 1448
20270327|0451|0612|1236|1606|1850|2006|19 Şevval 1448
20270328|0449|0611|1236|1606|1851|2007|20 Şevval 1448
20270329|0447|0609|1236|1606|1852|2008|21 Şevval 1448
20270330|0446|0608|1235|1607|1853|2009|22 Şevval 1448
20270331|0444|0606|1235|1607|1854|2010|23 Şevval 1448
20270401|0442|0605|1235|1607|1854|2012|24 Şevval 1448
20270402|0441|0603|1234|1608|1855|2013|25 Şevval 1448
20270403|0439|0602|1234|1608|1856|2014|26 Şevval 1448
20270404|0437|0600|1234|1608|1857|2015|27 Şevval 1448
20270405|0435|0559|1233|1609|1858|2016|28 Şevval 1448
20270406|0434|0557|1233|1609|1859|2017|29 Şevval 1448
20270407|0432|0556|1233|1609|1900|2018|30 Şevval 1448
20270408|0430|0554|1233|1609|1901|2019|1 Zilkade 1448
20270409|0429|0553|1232|1610|1902|2020|2 Zilkade 1448
20270410|0427|0551|1232|1610|1903|2022|3 Zilkade 1448
20270411|0425|0550|1232|1610|1904|2023|4 Zilkade 1448
20270412|0423|0549|1232|1610|1905|2024|5 Zilkade 1448
20270413|0422|0547|1231|1611|1905|2025|6 Zilkade 1448
20270414|0420|0546|1231|1611|1906|2026|7 Zilkade 1448
20270415|0418|0544|1231|1611|1907|2027|8 Zilkade 1448
20270416|0417|0543|1231|1611|1908|2029|9 Zilkade 1448
20270417|0415|0542|1230|1611|1909|2030|10 Zilkade 1448
20270418|0413|0540|1230|1612|1910|2031|11 Zilkade 1448
20270419|0412|0539|1230|1612|1911|2032|12 Zilkade 1448
20270420|0410|0537|1230|1612|1912|2033|13 Zilkade 1448
20270421|0408|0536|1229|1612|1913|2035|14 Zilkade 1448
20270422|0407|0535|1229|1613|1914|2036|15 Zilkade 1448
20270423|0405|0533|1229|1613|1915|2037|16 Zilkade 1448
20270424|0403|0532|1229|1613|1916|2038|17 Zilkade 1448
20270425|0402|0531|1229|1613|1916|2040|18 Zilkade 1448
20270426|0400|0530|1228|1613|1917|2041|19 Zilkade 1448
20270427|0358|0528|1228|1613|1918|2042|20 Zilkade 1448
20270428|0357|0527|1228|1614|1919|2043|21 Zilkade 1448
20270429|0355|0526|1228|1614|1920|2045|22 Zilkade 1448
20270430|0354|0525|1228|1614|1921|2046|23 Zilkade 1448
20270501|0352|0524|1228|1614|1922|2047|24 Zilkade 1448
20270502|0350|0522|1228|1614|1923|2049|25 Zilkade 1448
20270503|0349|0521|1228|1615|1924|2050|26 Zilkade 1448
20270504|0347|0520|1227|1615|1925|2051|27 Zilkade 1448
20270505|0346|0519|1227|1615|1926|2052|28 Zilkade 1448
20270506|0344|0518|1227|1615|1927|2054|29 Zilkade 1448
20270507|0343|0517|1227|1615|1927|2055|1 Zilhicce 1448
20270508|0341|0516|1227|1615|1928|2056|2 Zilhicce 1448
20270509|0340|0515|1227|1616|1929|2058|3 Zilhicce 1448
20270510|0339|0514|1227|1616|1930|2059|4 Zilhicce 1448
20270511|0337|0513|1227|1616|1931|2100|5 Zilhicce 1448
20270512|0336|0512|1227|1616|1932|2101|6 Zilhicce 1448
20270513|0334|0511|1227|1616|1933|2103|7 Zilhicce 1448
20270514|0333|0510|1227|1617|1934|2104|8 Zilhicce 1448
20270515|0332|0509|1227|1617|1935|2105|9 Zilhicce 1448
20270516|0330|0508|1227|1617|1935|2107|10 Zilhicce 1448
20270517|0329|0508|1227|1617|1936|2108|11 Zilhicce 1448
20270518|0328|0507|1227|1617|1937|2109|12 Zilhicce 1448
20270519|0327|0506|1227|1618|1938|2110|13 Zilhicce 1448
20270520|0326|0505|1227|1618|1939|2111|14 Zilhicce 1448
20270521|0324|0505|1227|1618|1940|2113|15 Zilhicce 1448
20270522|0323|0504|1227|1618|1941|2114|16 Zilhicce 1448
20270523|0322|0503|1227|1618|1941|2115|17 Zilhicce 1448
20270524|0321|0503|1227|1619|1942|2116|18 Zilhicce 1448
20270525|0320|0502|1227|1619|1943|2117|19 Zilhicce 1448
20270526|0319|0501|1228|1619|1944|2119|20 Zilhicce 1448
20270527|0318|0501|1228|1619|1944|2120|21 Zilhicce 1448
20270528|0317|0500|1228|1620|1945|2121|22 Zilhicce 1448
20270529|0317|0500|1228|1620|1946|2122|23 Zilhicce 1448
20270530|0316|0459|1228|1620|1947|2123|24 Zilhicce 1448
20270531|0315|0459|1228|1620|1947|2124|25 Zilhicce 1448
20270601|0314|0459|1228|1620|1948|2125|26 Zilhicce 1448
20270602|0314|0458|1228|1621|1949|2126|27 Zilhicce 1448
20270603|0313|0458|1229|1621|1949|2127|28 Zilhicce 1448
20270604|0312|0458|1229|1621|1950|2128|29 Zilhicce 1448
20270605|0312|0457|1229|1621|1951|2129|30 Zilhicce 1448
20270606|0311|0457|1229|1622|1951|2129|1 Muharrem 1449
20270607|0311|0457|1229|1622|1952|2130|2 Muharrem 1449
20270608|0310|0457|1229|1622|1952|2131|3 Muharrem 1449
20270609|0310|0456|1230|1622|1953|2132|4 Muharrem 1449
20270610|0309|0456|1230|1623|1954|2133|5 Muharrem 1449
20270611|0309|0456|1230|1623|1954|2133|6 Muharrem 1449
20270612|0309|0456|1230|1623|1954|2134|7 Muharrem 1449
20270613|0309|0456|1230|1623|1955|2135|8 Muharrem 1449
20270614|0308|0456|1231|1623|1955|2135|9 Muharrem 1449
20270615|0308|0456|1231|1624|1956|2136|10 Muharrem 1449
20270616|0308|0456|1231|1624|1956|2136|11 Muharrem 1449
20270617|0308|0456|1231|1624|1956|2137|12 Muharrem 1449
20270618|0308|0456|1232|1624|1957|2137|13 Muharrem 1449
20270619|0308|0456|1232|1625|1957|2137|14 Muharrem 1449
20270620|0308|0457|1232|1625|1957|2138|15 Muharrem 1449
20270621|0309|0457|1232|1625|1958|2138|16 Muharrem 1449
20270622|0309|0457|1232|1625|1958|2138|17 Muharrem 1449
20270623|0309|0457|1233|1626|1958|2138|18 Muharrem 1449
20270624|0309|0458|1233|1626|1958|2138|19 Muharrem 1449
20270625|0310|0458|1233|1626|1958|2138|20 Muharrem 1449
20270626|0310|0458|1233|1626|1958|2139|21 Muharrem 1449
20270627|0311|0459|1234|1626|1959|2138|22 Muharrem 1449
20270628|0311|0459|1234|1627|1959|2138|23 Muharrem 1449
20270629|0312|0459|1234|1627|1959|2138|24 Muharrem 1449
20270630|0312|0500|1234|1627|1959|2138|25 Muharrem 1449
20270701|0313|0500|1234|1627|1959|2138|26 Muharrem 1449
20270702|0313|0501|1235|1627|1958|2138|27 Muharrem 1449
20270703|0314|0501|1235|1627|1958|2137|28 Muharrem 1449
20270704|0315|0502|1235|1628|1958|2137|29 Muharrem 1449
20270705|0316|0502|1235|1628|1958|2137|1 Safer 1449
20270706|0316|0503|1235|1628|1958|2136|2 Safer 1449
20270707|0317|0503|1235|1628|1958|2136|3 Safer 1449
20270708|0318|0504|1236|1628|1957|2135|4 Safer 1449
20270709|0319|0504|1236|1628|1957|2135|5 Safer 1449
20270710|0320|0505|1236|1628|1957|2134|6 Safer 1449
20270711|0321|0506|1236|1628|1956|2134|7 Safer 1449
20270712|0322|0506|1236|1628|1956|2133|8 Safer 1449
20270713|0323|0507|1236|1628|1956|2132|9 Safer 1449
20270714|0324|0508|1236|1628|1955|2131|10 Safer 1449
20270715|0325|0508|1236|1628|1955|2131|11 Safer 1449
20270716|0326|0509|1237|1628|1954|2130|12 Safer 1449
20270717|0327|0510|1237|1628|1954|2129|13 Safer 1449
20270718|0328|0510|1237|1628|1953|2128|14 Safer 1449
20270719|0329|0511|1237|1628|1953|2127|15 Safer 1449
20270720|0331|0512|1237|1628|1952|2126|16 Safer 1449
20270721|0332|0513|1237|1628|1951|2125|17 Safer 1449
20270722|0333|0513|1237|1628|1951|2124|18 Safer 1449
20270723|0334|0514|1237|1628|1950|2123|19 Safer 1449
20270724|0335|0515|1237|1628|1949|2122|20 Safer 1449
20270725|0336|0516|1237|1628|1948|2121|21 Safer 1449
20270726|0338|0517|1237|1628|1948|2120|22 Safer 1449
20270727|0339|0517|1237|1627|1947|2118|23 Safer 1449
20270728|0340|0518|1237|1627|1946|2117|24 Safer 1449
20270729|0341|0519|1237|1627|1945|2116|25 Safer 1449
20270730|0343|0520|1237|1627|1944|2115|26 Safer 1449
20270731|0344|0521|1237|1627|1943|2113|27 Safer 1449
20270801|0345|0522|1237|1626|1942|2112|28 Safer 1449
20270802|0347|0522|1237|1626|1941|2111|29 Safer 1449
20270803|0348|0523|1237|1626|1940|2109|1 Rebiulevvel 1449
20270804|0349|0524|1237|1625|1939|2108|2 Rebiulevvel 1449
20270805|0350|0525|1237|1625|1938|2106|3 Rebiulevvel 1449
20270806|0352|0526|1237|1625|1937|2105|4 Rebiulevvel 1449
20270807|0353|0527|1236|1624|1936|2104|5 Rebiulevvel 1449
20270808|0354|0528|1236|1624|1935|2102|6 Rebiulevvel 1449
20270809|0355|0528|1236|1624|1934|2101|7 Rebiulevvel 1449
20270810|0357|0529|1236|1623|1933|2059|8 Rebiulevvel 1449
20270811|0358|0530|1236|1623|1932|2058|9 Rebiulevvel 1449
20270812|0359|0531|1236|1622|1930|2056|10 Rebiulevvel 1449
20270813|0401|0532|1236|1622|1929|2054|11 Rebiulevvel 1449
20270814|0402|0533|1235|1621|1928|2053|12 Rebiulevvel 1449
20270815|0403|0534|1235|1621|1927|2051|13 Rebiulevvel 1449
20270816|0404|0534|1235|1620|1926|2050|14 Rebiulevvel 1449
20270817|0405|0535|1235|1620|1924|2048|15 Rebiulevvel 1449
20270818|0407|0536|1235|1619|1923|2046|16 Rebiulevvel 1449
20270819|0408|0537|1234|1619|1922|2045|17 Rebiulevvel 1449
20270820|0409|0538|1234|1618|1920|2043|18 Rebiulevvel 1449
20270821|0410|0539|1234|1617|1919|2042|19 Rebiulevvel 1449
20270822|0412|0540|1234|1617|1918|2040|20 Rebiulevvel 1449
20270823|0413|0540|1233|1616|1916|2038|21 Rebiulevvel 1449
20270824|0414|0541|1233|1615|1915|2036|22 Rebiulevvel 1449
20270825|0415|0542|1233|1615|1914|2035|23 Rebiulevvel 1449
20270826|0416|0543|1233|1614|1912|2033|24 Rebiulevvel 1449
20270827|0417|0544|1232|1613|1911|2031|25 Rebiulevvel 1449
20270828|0419|0545|1232|1613|1909|2030|26 Rebiulevvel 1449
20270829|0420|0546|1232|1612|1908|2028|27 Rebiulevvel 1449
20270830|0421|0546|1231|1611|1906|2026|28 Rebiulevvel 1449
20270831|0422|0547|1231|1610|1905|2025|29 Rebiulevvel 1449
20270901|0423|0548|1231|1610|1903|2023|30 Rebiulevvel 1449
20270902|0424|0549|1230|1609|1902|2021|1 Rebiulahir 1449
20270903|0425|0550|1230|1608|1901|2019|2 Rebiulahir 1449
20270904|0426|0551|1230|1607|1859|2018|3 Rebiulahir 1449
20270905|0428|0551|1229|1606|1858|2016|4 Rebiulahir 1449
20270906|0429|0552|1229|1605|1856|2014|5 Rebiulahir 1449
20270907|0430|0553|1229|1604|1855|2013|6 Rebiulahir 1449
20270908|0431|0554|1228|1604|1853|2011|7 Rebiulahir 1449
20270909|0432|0555|1228|1603|1851|2009|8 Rebiulahir 1449
20270910|0433|0556|1228|1602|1850|2007|9 Rebiulahir 1449
20270911|0434|0557|1227|1601|1848|2006|10 Rebiulahir 1449
20270912|0435|0557|1227|1600|1847|2004|11 Rebiulahir 1449
20270913|0436|0558|1227|1559|1845|2002|12 Rebiulahir 1449
20270914|0437|0559|1226|1558|1844|2000|13 Rebiulahir 1449
20270915|0438|0600|1226|1557|1842|1959|14 Rebiulahir 1449
20270916|0439|0601|1226|1556|1841|1957|15 Rebiulahir 1449
20270917|0440|0602|1225|1555|1839|1955|16 Rebiulahir 1449
20270918|0441|0602|1225|1554|1838|1954|17 Rebiulahir 1449
20270919|0442|0603|1225|1553|1836|1952|18 Rebiulahir 1449
20270920|0443|0604|1224|1552|1834|1950|19 Rebiulahir 1449
20270921|0444|0605|1224|1551|1833|1949|20 Rebiulahir 1449
20270922|0445|0606|1224|1550|1831|1947|21 Rebiulahir 1449
20270923|0446|0607|1223|1549|1830|1945|22 Rebiulahir 1449
20270924|0447|0608|1223|1548|1828|1944|23 Rebiulahir 1449
20270925|0448|0608|1222|1547|1827|1942|24 Rebiulahir 1449
20270926|0449|0609|1222|1546|1825|1940|25 Rebiulahir 1449
20270927|0450|0610|1222|1545|1823|1939|26 Rebiulahir 1449
20270928|0451|0611|1221|1544|1822|1937|27 Rebiulahir 1449
20270929|0451|0612|1221|1542|1820|1936|28 Rebiulahir 1449
20270930|0452|0613|1221|1541|1819|1934|29 Rebiulahir 1449
20271001|0453|0614|1220|1540|1817|1932|1 Cemaziyelevvel 1449
20271002|0454|0614|1220|1539|1816|1931|2 Cemaziyelevvel 1449
20271003|0455|0615|1220|1538|1814|1929|3 Cemaziyelevvel 1449
20271004|0456|0616|1219|1537|1813|1928|4 Cemaziyelevvel 1449
20271005|0457|0617|1219|1536|1811|1926|5 Cemaziyelevvel 1449
20271006|0458|0618|1219|1535|1810|1925|6 Cemaziyelevvel 1449
20271007|0459|0619|1219|1534|1808|1923|7 Cemaziyelevvel 1449
20271008|0500|0620|1218|1533|1807|1922|8 Cemaziyelevvel 1449
20271009|0501|0621|1218|1532|1805|1920|9 Cemaziyelevvel 1449
20271010|0502|0622|1218|1531|1804|1919|10 Cemaziyelevvel 1449
20271011|0503|0623|1217|1529|1802|1917|11 Cemaziyelevvel 1449
20271012|0503|0624|1217|1528|1801|1916|12 Cemaziyelevvel 1449
20271013|0504|0624|1217|1527|1759|1915|13 Cemaziyelevvel 1449
20271014|0505|0625|1217|1526|1758|1913|14 Cemaziyelevvel 1449
20271015|0506|0626|1216|1525|1757|1912|15 Cemaziyelevvel 1449
20271016|0507|0627|1216|1524|1755|1910|16 Cemaziyelevvel 1449
20271017|0508|0628|1216|1523|1754|1909|17 Cemaziyelevvel 1449
20271018|0509|0629|1216|1522|1753|1908|18 Cemaziyelevvel 1449
20271019|0510|0630|1216|1521|1751|1907|19 Cemaziyelevvel 1449
20271020|0511|0631|1215|1520|1750|1905|20 Cemaziyelevvel 1449
20271021|0512|0632|1215|1519|1748|1904|21 Cemaziyelevvel 1449
20271022|0512|0633|1215|1518|1747|1903|22 Cemaziyelevvel 1449
20271023|0513|0634|1215|1517|1746|1902|23 Cemaziyelevvel 1449
20271024|0514|0635|1215|1516|1745|1900|24 Cemaziyelevvel 1449
20271025|0515|0636|1215|1515|1743|1859|25 Cemaziyelevvel 1449
20271026|0516|0637|1215|1514|1742|1858|26 Cemaziyelevvel 1449
20271027|0517|0638|1214|1513|1741|1857|27 Cemaziyelevvel 1449
20271028|0518|0639|1214|1512|1740|1856|28 Cemaziyelevvel 1449
20271029|0519|0640|1214|1511|1738|1855|29 Cemaziyelevvel 1449
20271030|0520|0641|1214|1510|1737|1854|30 Cemaziyelevvel 1449
20271031|0521|0642|1214|1509|1736|1853|1 Cemaziyelahir 1449
20271101|0522|0643|1214|1509|1735|1852|2 Cemaziyelahir 1449
20271102|0523|0644|1214|1508|1734|1851|3 Cemaziyelahir 1449
20271103|0523|0645|1214|1507|1733|1850|4 Cemaziyelahir 1449
20271104|0524|0646|1214|1506|1732|1849|5 Cemaziyelahir 1449
20271105|0525|0647|1214|1505|1731|1848|6 Cemaziyelahir 1449
20271106|0526|0648|1214|1504|1730|1847|7 Cemaziyelahir 1449
20271107|0527|0650|1214|1504|1729|1846|8 Cemaziyelahir 1449
20271108|0528|0651|1214|1503|1728|1845|9 Cemaziyelahir 1449
20271109|0529|0652|1214|1502|1727|1845|10 Cemaziyelahir 1449
20271110|0530|0653|1214|1501|1726|1844|11 Cemaziyelahir 1449
20271111|0531|0654|1214|1501|1725|1843|12 Cemaziyelahir 1449
20271112|0532|0655|1215|1500|1724|1842|13 Cemaziyelahir 1449
20271113|0533|0656|1215|1500|1724|1842|14 Cemaziyelahir 1449
20271114|0534|0657|1215|1459|1723|1841|15 Cemaziyelahir 1449
20271115|0534|0658|1215|1458|1722|1840|16 Cemaziyelahir 1449
20271116|0535|0659|1215|1458|1721|1840|17 Cemaziyelahir 1449
20271117|0536|0700|1215|1457|1721|1839|18 Cemaziyelahir 1449
20271118|0537|0701|1216|1457|1720|1839|19 Cemaziyelahir 1449
20271119|0538|0702|1216|1456|1719|1838|20 Cemaziyelahir 1449
20271120|0539|0703|1216|1456|1719|1838|21 Cemaziyelahir 1449
20271121|0540|0704|1216|1455|1718|1837|22 Cemaziyelahir 1449
20271122|0541|0705|1216|1455|1718|1837|23 Cemaziyelahir 1449
20271123|0542|0707|1217|1454|1717|1837|24 Cemaziyelahir 1449
20271124|0543|0708|1217|1454|1717|1836|25 Cemaziyelahir 1449
20271125|0543|0709|1217|1454|1716|1836|26 Cemaziyelahir 1449
20271126|0544|0710|1218|1454|1716|1836|27 Cemaziyelahir 1449
20271127|0545|0711|1218|1453|1715|1835|28 Cemaziyelahir 1449
20271128|0546|0712|1218|1453|1715|1835|29 Cemaziyelahir 1449
20271129|0547|0713|1219|1453|1715|1835|1 Recep 1449
20271130|0548|0714|1219|1453|1714|1835|2 Recep 1449
20271201|0549|0715|1219|1452|1714|1835|3 Recep 1449
20271202|0549|0715|1220|1452|1714|1835|4 Recep 1449
20271203|0550|0716|1220|1452|1714|1835|5 Recep 1449
20271204|0551|0717|1220|1452|1714|1835|6 Recep 1449
20271205|0552|0718|1221|1452|1713|1835|7 Recep 1449
20271206|0553|0719|1221|1452|1713|1835|8 Recep 1449
20271207|0553|0720|1222|1452|1713|1835|9 Recep 1449
20271208|0554|0721|1222|1452|1713|1835|10 Recep 1449
20271209|0555|0722|1223|1452|1713|1835|11 Recep 1449
20271210|0556|0722|1223|1453|1714|1835|12 Recep 1449
20271211|0556|0723|1223|1453|1714|1835|13 Recep 1449
20271212|0557|0724|1224|1453|1714|1836|14 Recep 1449
20271213|0558|0725|1224|1453|1714|1836|15 Recep 1449
20271214|0558|0726|1225|1453|1714|1836|16 Recep 1449
20271215|0559|0726|1225|1454|1714|1836|17 Recep 1449
20271216|0600|0727|1226|1454|1715|1837|18 Recep 1449
20271217|0600|0728|1226|1454|1715|1837|19 Recep 1449
20271218|0601|0728|1227|1455|1715|1837|20 Recep 1449
20271219|0601|0729|1227|1455|1716|1838|21 Recep 1449
20271220|0602|0729|1228|1456|1716|1838|22 Recep 1449
20271221|0603|0730|1228|1456|1717|1839|23 Recep 1449
20271222|0603|0730|1229|1456|1717|1839|24 Recep 1449
20271223|0604|0731|1229|1457|1718|1840|25 Recep 1449
20271224|0604|0731|1230|1458|1718|1840|26 Recep 1449
20271225|0604|0732|1230|1458|1719|1841|27 Recep 1449
20271226|0605|0732|1231|1459|1719|1841|28 Recep 1449
20271227|0605|0733|1231|1459|1720|1842|29 Recep 1449
20271228|0606|0733|1232|1500|1721|1843|30 Recep 1449
20271229|0606|0733|1232|1501|1721|1843|1 Şaban 1449
20271230|0606|0733|1233|1501|1722|1844|2 Şaban 1449
20271231|0607|0734|1233|1502|1723|1845|3 Şaban 1449
#@9164|Samsat|ADIYAMAN|730
20260101|0607|0734|1234|1504|1725|1846|12 Recep 1447
20260102|0607|0734|1235|1505|1726|1847|13 Recep 1447
20260103|0608|0734|1235|1506|1727|1848|14 Recep 1447
20260104|0608|0734|1236|1506|1727|1849|15 Recep 1447
20260105|0608|0734|1236|1507|1728|1849|16 Recep 1447
20260106|0608|0734|1237|1508|1729|1850|17 Recep 1447
20260107|0608|0734|1237|1509|1730|1851|18 Recep 1447
20260108|0608|0734|1238|1510|1731|1852|19 Recep 1447
20260109|0608|0734|1238|1511|1732|1853|20 Recep 1447
20260110|0608|0734|1238|1511|1733|1853|21 Recep 1447
20260111|0608|0734|1239|1512|1734|1854|22 Recep 1447
20260112|0608|0734|1239|1513|1735|1855|23 Recep 1447
20260113|0608|0734|1240|1514|1736|1856|24 Recep 1447
20260114|0608|0733|1240|1515|1737|1857|25 Recep 1447
20260115|0608|0733|1240|1516|1738|1858|26 Recep 1447
20260116|0608|0733|1241|1517|1739|1859|27 Recep 1447
20260117|0607|0732|1241|1518|1740|1900|28 Recep 1447
20260118|0607|0732|1241|1519|1741|1901|29 Recep 1447
20260119|0607|0731|1242|1520|1742|1901|30 Recep 1447
20260120|0606|0731|1242|1520|1743|1902|1 Şaban 1447
20260121|0606|0731|1242|1521|1744|1903|2 Şaban 1447
20260122|0606|0730|1243|1522|1745|1904|3 Şaban 1447
20260123|0605|0729|1243|1523|1746|1905|4 Şaban 1447
20260124|0605|0729|1243|1524|1747|1906|5 Şaban 1447
20260125|0604|0728|1243|1525|1748|1907|6 Şaban 1447
20260126|0604|0728|1244|1526|1750|1908|7 Şaban 1447
20260127|0603|0727|1244|1527|1751|1909|8 Şaban 1447
20260128|0603|0726|1244|1528|1752|1910|9 Şaban 1447
20260129|0602|0725|1244|1529|1753|1911|10 Şaban 1447
20260130|0602|0725|1244|1530|1754|1912|11 Şaban 1447
20260131|0601|0724|1244|1531|1755|1913|12 Şaban 1447
20260201|0600|0723|1245|1532|1756|1914|13 Şaban 1447
20260202|0600|0722|1245|1533|1757|1915|14 Şaban 1447
20260203|0559|0721|1245|1534|1758|1916|15 Şaban 1447
20260204|0558|0720|1245|1534|1800|1917|16 Şaban 1447
20260205|0557|0720|1245|1535|1801|1918|17 Şaban 1447
20260206|0557|0719|1245|1536|1802|1919|18 Şaban 1447
20260207|0556|0718|1245|1537|1803|1920|19 Şaban 1447
20260208|0555|0717|1245|1538|1804|1921|20 Şaban 1447
20260209|0554|0716|1245|1539|1805|1922|21 Şaban 1447
20260210|0553|0715|1245|1540|1806|1923|22 Şaban 1447
20260211|0552|0713|1245|1541|1807|1924|23 Şaban 1447
20260212|0551|0712|1245|1541|1808|1924|24 Şaban 1447
20260213|0550|0711|1245|1542|1809|1925|25 Şaban 1447
20260214|0549|0710|1245|1543|1810|1926|26 Şaban 1447
20260215|0548|0709|1245|1544|1812|1927|27 Şaban 1447
20260216|0547|0708|1245|1545|1813|1928|28 Şaban 1447
20260217|0546|0707|1245|1545|1814|1929|29 Şaban 1447
20260218|0545|0705|1245|1546|1815|1930|30 Şaban 1447
20260219|0544|0704|1245|1547|1816|1931|1 Ramazan 1447
20260220|0543|0703|1245|1548|1817|1932|2 Ramazan 1447
20260221|0541|0702|1245|1549|1818|1933|3 Ramazan 1447
20260222|0540|0700|1245|1549|1819|1934|4 Ramazan 1447
20260223|0539|0659|1245|1550|1820|1935|5 Ramazan 1447
20260224|0538|0658|1244|1551|1821|1936|6 Ramazan 1447
20260225|0536|0656|1244|1551|1822|1937|7 Ramazan 1447
20260226|0535|0655|1244|1552|1823|1938|8 Ramazan 1447
20260227|0534|0654|1244|1553|1824|1939|9 Ramazan 1447
20260228|0532|0652|1244|1553|1825|1940|10 Ramazan 1447
20260301|0531|0651|1244|1554|1826|1941|11 Ramazan 1447
20260302|0530|0650|1243|1555|1827|1942|12 Ramazan 1447
20260303|0528|0648|1243|1555|1828|1943|13 Ramazan 1447
20260304|0527|0647|1243|1556|1829|1944|14 Ramazan 1447
20260305|0526|0645|1243|1556|1830|1945|15 Ramazan 1447
20260306|0524|0644|1242|1557|1831|1946|16 Ramazan 1447
20260307|0523|0643|1242|1558|1832|1947|17 Ramazan 1447
20260308|0521|0641|1242|1558|1833|1948|18 Ramazan 1447
20260309|0520|0640|1242|1559|1834|1949|19 Ramazan 1447
20260310|0518|0638|1242|1559|1835|1950|20 Ramazan 1447
20260311|0517|0637|1241|1600|1836|1951|21 Ramazan 1447
20260312|0515|0635|1241|1600|1837|1952|22 Ramazan 1447
20260313|0514|0634|1241|1601|1838|1953|23 Ramazan 1447
20260314|0512|0632|1240|1601|1839|1954|24 Ramazan 1447
20260315|0511|0631|1240|1602|1840|1955|25 Ramazan 1447
20260316|0509|0629|1240|1602|1841|1956|26 Ramazan 1447
20260317|0508|0628|1240|1603|1841|1957|27 Ramazan 1447
20260318|0506|0626|1239|1603|1842|1958|28 Ramazan 1447
20260319|0504|0625|1239|1603|1843|1959|29 Ramazan 1447
20260320|0503|0623|1239|1604|1844|2000|1 Şevval 1447
20260321|0501|0622|1238|1604|1845|2001|2 Şevval 1447
20260322|0500|0620|1238|1605|1846|2002|3 Şevval 1447
20260323|0458|0619|1238|1605|1847|2003|4 Şevval 1447
20260324|0456|0617|1238|1605|1848|2004|5 Şevval 1447
20260325|0455|0616|1237|1606|1849|2005|6 Şevval 1447
20260326|0453|0614|1237|1606|1850|2006|7 Şevval 1447
20260327|0451|0613|1237|1606|1851|2007|8 Şevval 1447
20260328|0450|0611|1236|1607|1852|2008|9 Şevval 1447
20260329|0448|0610|1236|1607|1852|2009|10 Şevval 1447
20260330|0446|0608|1236|1607|1853|2010|11 Şevval 1447
20260331|0445|0607|1235|1608|1854|2011|12 Şevval 1447
20260401|0443|0605|1235|1608|1855|2012|13 Şevval 1447
20260402|0441|0604|1235|1608|1856|2013|14 Şevval 1447
20260403|0439|0602|1235|1609|1857|2014|15 Şevval 1447
20260404|0438|0601|1234|1609|1858|2015|16 Şevval 1447
20260405|0436|0559|1234|1609|1859|2016|17 Şevval 1447
20260406|0434|0558|1234|1609|1900|2018|18 Şevval 1447
20260407|0433|0556|1233|1610|1901|2019|19 Şevval 1447
20260408|0431|0555|1233|1610|1901|2020|20 Şevval 1447
20260409|0429|0553|1233|1610|1902|2021|21 Şevval 1447
20260410|0428|0552|1233|1610|1903|2022|22 Şevval 1447
20260411|0426|0550|1232|1611|1904|2023|23 Şevval 1447
20260412|0424|0549|1232|1611|1905|2024|24 Şevval 1447
20260413|0422|0548|1232|1611|1906|2025|25 Şevval 1447
20260414|0421|0546|1232|1611|1907|2027|26 Şevval 1447
20260415|0419|0545|1231|1612|1908|2028|27 Şevval 1447
20260416|0417|0543|1231|1612|1909|2029|28 Şevval 1447
20260417|0416|0542|1231|1612|1910|2030|29 Şevval 1447
20260418|0414|0541|1231|1612|1911|2031|1 Zilkade 1447
20260419|0412|0539|1230|1612|1911|2033|2 Zilkade 1447
20260420|0411|0538|1230|1613|1912|2034|3 Zilkade 1447
20260421|0409|0537|1230|1613|1913|2035|4 Zilkade 1447
20260422|0407|0535|1230|1613|1914|2036|5 Zilkade 1447
20260423|0406|0534|1230|1613|1915|2037|6 Zilkade 1447
20260424|0404|0533|1229|1613|1916|2039|7 Zilkade 1447
20260425|0402|0531|1229|1614|1917|2040|8 Zilkade 1447
20260426|0401|0530|1229|1614|1918|2041|9 Zilkade 1447
20260427|0359|0529|1229|1614|1919|2042|10 Zilkade 1447
20260428|0358|0528|1229|1614|1920|2044|11 Zilkade 1447
20260429|0356|0527|1229|1614|1921|2045|12 Zilkade 1447
20260430|0354|0525|1228|1614|1922|2046|13 Zilkade 1447
20260501|0353|0524|1228|1615|1922|2047|14 Zilkade 1447
20260502|0351|0523|1228|1615|1923|2049|15 Zilkade 1447
20260503|0350|0522|1228|1615|1924|2050|16 Zilkade 1447
20260504|0348|0521|1228|1615|1925|2051|17 Zilkade 1447
20260505|0347|0520|1228|1615|1926|2053|18 Zilkade 1447
20260506|0345|0519|1228|1615|1927|2054|19 Zilkade 1447
20260507|0344|0518|1228|1616|1928|2055|20 Zilkade 1447
20260508|0342|0517|1228|1616|1929|2056|21 Zilkade 1447
20260509|0341|0516|1228|1616|1930|2058|22 Zilkade 1447
20260510|0340|0515|1228|1616|1931|2059|23 Zilkade 1447
20260511|0338|0514|1228|1616|1931|2100|24 Zilkade 1447
20260512|0337|0513|1228|1617|1932|2102|25 Zilkade 1447
20260513|0336|0512|1227|1617|1933|2103|26 Zilkade 1447
20260514|0334|0511|1227|1617|1934|2104|27 Zilkade 1447
20260515|0333|0510|1227|1617|1935|2105|28 Zilkade 1447
20260516|0332|0509|1228|1617|1936|2107|29 Zilkade 1447
20260517|0330|0508|1228|1617|1937|2108|30 Zilkade 1447
20260518|0329|0508|1228|1618|1938|2109|1 Zilhicce 1447
20260519|0328|0507|1228|1618|1938|2110|2 Zilhicce 1447
20260520|0327|0506|1228|1618|1939|2111|3 Zilhicce 1447
20260521|0326|0505|1228|1618|1940|2113|4 Zilhicce 1447
20260522|0325|0505|1228|1618|1941|2114|5 Zilhicce 1447
20260523|0324|0504|1228|1619|1942|2115|6 Zilhicce 1447
20260524|0323|0504|1228|1619|1942|2116|7 Zilhicce 1447
20260525|0322|0503|1228|1619|1943|2117|8 Zilhicce 1447
20260526|0321|0502|1228|1619|1944|2118|9 Zilhicce 1447
20260527|0320|0502|1228|1620|1945|2119|10 Zilhicce 1447
20260528|0319|0501|1228|1620|1945|2121|11 Zilhicce 1447
20260529|0318|0501|1228|1620|1946|2122|12 Zilhicce 1447
20260530|0317|0500|1229|1620|1947|2123|13 Zilhicce 1447
20260531|0316|0500|1229|1620|1948|2124|14 Zilhicce 1447
20260601|0316|0500|1229|1621|1948|2125|15 Zilhicce 1447
20260602|0315|0459|1229|1621|1949|2126|16 Zilhicce 1447
20260603|0314|0459|1229|1621|1950|2127|17 Zilhicce 1447
20260604|0314|0459|1229|1621|1950|2127|18 Zilhicce 1447
20260605|0313|0458|1230|1622|1951|2128|19 Zilhicce 1447
20260606|0313|0458|1230|1622|1951|2129|20 Zilhicce 1447
20260607|0312|0458|1230|1622|1952|2130|21 Zilhicce 1447
20260608|0312|0458|1230|1622|1953|2131|22 Zilhicce 1447
20260609|0311|0458|1230|1623|1953|2131|23 Zilhicce 1447
20260610|0311|0457|1231|1623|1954|2132|24 Zilhicce 1447
20260611|0311|0457|1231|1623|1954|2133|25 Zilhicce 1447
20260612|0311|0457|1231|1623|1955|2133|26 Zilhicce 1447
20260613|0310|0457|1231|1623|1955|2134|27 Zilhicce 1447
20260614|0310|0457|1231|1624|1955|2135|28 Zilhicce 1447
20260615|0310|0457|1232|1624|1956|2135|29 Zilhicce 1447
20260616|0310|0457|1232|1624|1956|2136|1 Muharrem 1448
20260617|0310|0457|1232|1624|1957|2136|2 Muharrem 1448
20260618|0310|0458|1232|1625|1957|2136|3 Muharrem 1448
20260619|0310|0458|1232|1625|1957|2137|4 Muharrem 1448
20260620|0310|0458|1233|1625|1957|2137|5 Muharrem 1448
20260621|0311|0458|1233|1625|1958|2137|6 Muharrem 1448
20260622|0311|0458|1233|1626|1958|2138|7 Muharrem 1448
20260623|0311|0459|1233|1626|1958|2138|8 Muharrem 1448
20260624|0311|0459|1234|1626|1958|2138|9 Muharrem 1448
20260625|0312|0459|1234|1626|1958|2138|10 Muharrem 1448
20260626|0312|0459|1234|1626|1958|2138|11 Muharrem 1448
20260627|0313|0500|1234|1627|1959|2138|12 Muharrem 1448
20260628|0313|0500|1234|1627|1959|2138|13 Muharrem 1448
20260629|0314|0501|1235|1627|1959|2138|14 Muharrem 1448
20260630|0314|0501|1235|1627|1959|2138|15 Muharrem 1448
20260701|0315|0501|1235|1627|1959|2137|16 Muharrem 1448
20260702|0315|0502|1235|1627|1958|2137|17 Muharrem 1448
20260703|0316|0502|1235|1628|1958|2137|18 Muharrem 1448
20260704|0317|0503|1236|1628|1958|2137|19 Muharrem 1448
20260705|0318|0503|1236|1628|1958|2136|20 Muharrem 1448
20260706|0318|0504|1236|1628|1958|2136|21 Muharrem 1448
20260707|0319|0504|1236|1628|1958|2135|22 Muharrem 1448
20260708|0320|0505|1236|1628|1957|2135|23 Muharrem 1448
20260709|0321|0506|1236|1628|1957|2134|24 Muharrem 1448
20260710|0322|0506|1236|1628|1957|2134|25 Muharrem 1448
20260711|0323|0507|1237|1628|1956|2133|26 Muharrem 1448
20260712|0324|0508|1237|1628|1956|2132|27 Muharrem 1448
20260713|0325|0508|1237|1629|1956|2132|28 Muharrem 1448
20260714|0326|0509|1237|1629|1955|2131|29 Muharrem 1448
20260715|0327|0510|1237|1629|1955|2130|1 Safer 1448
20260716|0328|0510|1237|1629|1954|2129|2 Safer 1448
20260717|0329|0511|1237|1629|1954|2128|3 Safer 1448
20260718|0330|0512|1237|1629|1953|2127|4 Safer 1448
20260719|0331|0512|1237|1628|1952|2126|5 Safer 1448
20260720|0332|0513|1238|1628|1952|2125|6 Safer 1448
20260721|0334|0514|1238|1628|1951|2124|7 Safer 1448
20260722|0335|0515|1238|1628|1950|2123|8 Safer 1448
20260723|0336|0516|1238|1628|1950|2122|9 Safer 1448
20260724|0337|0516|1238|1628|1949|2121|10 Safer 1448
20260725|0338|0517|1238|1628|1948|2120|11 Safer 1448
20260726|0340|0518|1238|1628|1948|2119|12 Safer 1448
20260727|0341|0519|1238|1628|1947|2118|13 Safer 1448
20260728|0342|0520|1238|1627|1946|2117|14 Safer 1448
20260729|0343|0520|1238|1627|1945|2115|15 Safer 1448
20260730|0345|0521|1238|1627|1944|2114|16 Safer 1448
20260731|0346|0522|1238|1627|1943|2113|17 Safer 1448
20260801|0347|0523|1238|1627|1942|2111|18 Safer 1448
20260802|0348|0524|1237|1626|1941|2110|19 Safer 1448
20260803|0350|0525|1237|1626|1940|2109|20 Safer 1448
20260804|0351|0525|1237|1626|1939|2107|21 Safer 1448
20260805|0352|0526|1237|1625|1938|2106|22 Safer 1448
20260806|0353|0527|1237|1625|1937|2104|23 Safer 1448
20260807|0355|0528|1237|1625|1936|2103|24 Safer 1448
20260808|0356|0529|1237|1624|1935|2102|25 Safer 1448
20260809|0357|0530|1237|1624|1934|2100|26 Safer 1448
20260810|0358|0530|1237|1623|1933|2059|27 Safer 1448
20260811|0400|0531|1236|1623|1932|2057|28 Safer 1448
20260812|0401|0532|1236|1623|1930|2055|29 Safer 1448
20260813|0402|0533|1236|1622|1929|2054|30 Safer 1448
20260814|0403|0534|1236|1622|1928|2052|1 Rebiulevvel 1448
20260815|0405|0535|1236|1621|1927|2051|2 Rebiulevvel 1448
20260816|0406|0536|1236|1621|1926|2049|3 Rebiulevvel 1448
20260817|0407|0536|1235|1620|1924|2048|4 Rebiulevvel 1448
20260818|0408|0537|1235|1619|1923|2046|5 Rebiulevvel 1448
20260819|0409|0538|1235|1619|1922|2044|6 Rebiulevvel 1448
20260820|0411|0539|1235|1618|1920|2043|7 Rebiulevvel 1448
20260821|0412|0540|1234|1618|1919|2041|8 Rebiulevvel 1448
20260822|0413|0541|1234|1617|1918|2039|9 Rebiulevvel 1448
20260823|0414|0542|1234|1616|1916|2038|10 Rebiulevvel 1448
20260824|0415|0542|1234|1616|1915|2036|11 Rebiulevvel 1448
20260825|0417|0543|1233|1615|1914|2034|12 Rebiulevvel 1448
20260826|0418|0544|1233|1614|1912|2033|13 Rebiulevvel 1448
20260827|0419|0545|1233|1614|1911|2031|14 Rebiulevvel 1448
20260828|0420|0546|1233|1613|1909|2029|15 Rebiulevvel 1448
20260829|0421|0547|1232|1612|1908|2028|16 Rebiulevvel 1448
20260830|0422|0547|1232|1611|1906|2026|17 Rebiulevvel 1448
20260831|0423|0548|1232|1611|1905|2024|18 Rebiulevvel 1448
20260901|0424|0549|1231|1610|1904|2023|19 Rebiulevvel 1448
20260902|0426|0550|1231|1609|1902|2021|20 Rebiulevvel 1448
20260903|0427|0551|1231|1608|1901|2019|21 Rebiulevvel 1448
20260904|0428|0552|1230|1607|1859|2017|22 Rebiulevvel 1448
20260905|0429|0552|1230|1606|1858|2016|23 Rebiulevvel 1448
20260906|0430|0553|1230|1606|1856|2014|24 Rebiulevvel 1448
20260907|0431|0554|1229|1605|1855|2012|25 Rebiulevvel 1448
20260908|0432|0555|1229|1604|1853|2011|26 Rebiulevvel 1448
20260909|0433|0556|1229|1603|1852|2009|27 Rebiulevvel 1448
20260910|0434|0557|1228|1602|1850|2007|28 Rebiulevvel 1448
20260911|0435|0557|1228|1601|1848|2005|29 Rebiulevvel 1448
20260912|0436|0558|1228|1600|1847|2004|1 Rebiulahir 1448
20260913|0437|0559|1227|1559|1845|2002|2 Rebiulahir 1448
20260914|0438|0600|1227|1558|1844|2000|3 Rebiulahir 1448
20260915|0439|0601|1227|1557|1842|1959|4 Rebiulahir 1448
20260916|0440|0602|1226|1556|1841|1957|5 Rebiulahir 1448
20260917|0441|0602|1226|1555|1839|1955|6 Rebiulahir 1448
20260918|0442|0603|1225|1554|1838|1954|7 Rebiulahir 1448
20260919|0443|0604|1225|1553|1836|1952|8 Rebiulahir 1448
20260920|0444|0605|1225|1552|1835|1950|9 Rebiulahir 1448
20260921|0445|0606|1224|1551|1833|1949|10 Rebiulahir 1448
20260922|0446|0607|1224|1550|1831|1947|11 Rebiulahir 1448
20260923|0447|0607|1224|1549|1830|1945|12 Rebiulahir 1448
20260924|0448|0608|1223|1548|1828|1944|13 Rebiulahir 1448
20260925|0449|0609|1223|1547|1827|1942|14 Rebiulahir 1448
20260926|0450|0610|1223|1546|1825|1940|15 Rebiulahir 1448
20260927|0451|0611|1222|1545|1824|1939|16 Rebiulahir 1448
20260928|0452|0612|1222|1544|1822|1937|17 Rebiulahir 1448
20260929|0453|0613|1222|1543|1821|1936|18 Rebiulahir 1448
20260930|0453|0613|1221|1542|1819|1934|19 Rebiulahir 1448
20261001|0454|0614|1221|1541|1818|1932|20 Rebiulahir 1448
20261002|0455|0615|1221|1540|1816|1931|21 Rebiulahir 1448
20261003|0456|0616|1220|1539|1815|1929|22 Rebiulahir 1448
20261004|0457|0617|1220|1538|1813|1928|23 Rebiulahir 1448
20261005|0458|0618|1220|1536|1812|1926|24 Rebiulahir 1448
20261006|0459|0619|1219|1535|1810|1925|25 Rebiulahir 1448
20261007|0500|0620|1219|1534|1809|1923|26 Rebiulahir 1448
20261008|0501|0621|1219|1533|1807|1922|27 Rebiulahir 1448
20261009|0502|0621|1219|1532|1806|1920|28 Rebiulahir 1448
20261010|0503|0622|1218|1531|1804|1919|29 Rebiulahir 1448
20261011|0503|0623|1218|1530|1803|1918|30 Rebiulahir 1448
20261012|0504|0624|1218|1529|1801|1916|1 Cemaziyelevvel 1448
20261013|0505|0625|1217|1528|1800|1915|2 Cemaziyelevvel 1448
20261014|0506|0626|1217|1527|1758|1913|3 Cemaziyelevvel 1448
20261015|0507|0627|1217|1526|1757|1912|4 Cemaziyelevvel 1448
20261016|0508|0628|1217|1525|1756|1911|5 Cemaziyelevvel 1448
20261017|0509|0629|1217|1524|1754|1909|6 Cemaziyelevvel 1448
20261018|0510|0630|1216|1523|1753|1908|7 Cemaziyelevvel 1448
20261019|0511|0631|1216|1522|1752|1907|8 Cemaziyelevvel 1448
20261020|0511|0632|1216|1521|1750|1906|9 Cemaziyelevvel 1448
20261021|0512|0633|1216|1520|1749|1904|10 Cemaziyelevvel 1448
20261022|0513|0634|1216|1519|1748|1903|11 Cemaziyelevvel 1448
20261023|0514|0635|1216|1518|1746|1902|12 Cemaziyelevvel 1448
20261024|0515|0636|1215|1517|1745|1901|13 Cemaziyelevvel 1448
20261025|0516|0637|1215|1516|1744|1900|14 Cemaziyelevvel 1448
20261026|0517|0638|1215|1515|1743|1858|15 Cemaziyelevvel 1448
20261027|0518|0639|1215|1514|1741|1857|16 Cemaziyelevvel 1448
20261028|0519|0640|1215|1513|1740|1856|17 Cemaziyelevvel 1448
20261029|0520|0641|1215|1512|1739|1855|18 Cemaziyelevvel 1448
20261030|0520|0642|1215|1511|1738|1854|19 Cemaziyelevvel 1448
20261031|0521|0643|1215|1510|1737|1853|20 Cemaziyelevvel 1448
20261101|0522|0644|1215|1509|1736|1852|21 Cemaziyelevvel 1448
20261102|0523|0645|1215|1508|1735|1851|22 Cemaziyelevvel 1448
20261103|0524|0646|1215|1508|1734|1850|23 Cemaziyelevvel 1448
20261104|0525|0647|1215|1507|1733|1849|24 Cemaziyelevvel 1448
20261105|0526|0648|1215|1506|1732|1848|25 Cemaziyelevvel 1448
20261106|0527|0649|1215|1505|1731|1848|26 Cemaziyelevvel 1448
20261107|0528|0650|1215|1504|1730|1847|27 Cemaziyelevvel 1448
20261108|0529|0651|1215|1504|1729|1846|28 Cemaziyelevvel 1448
20261109|0530|0652|1215|1503|1728|1845|29 Cemaziyelevvel 1448
20261110|0531|0653|1215|1502|1727|1844|1 Cemaziyelahir 1448
20261111|0531|0654|1215|1502|1726|1844|2 Cemaziyelahir 1448
20261112|0532|0655|1215|1501|1725|1843|3 Cemaziyelahir 1448
20261113|0533|0656|1215|1500|1724|1842|4 Cemaziyelahir 1448
20261114|0534|0657|1215|1500|1724|1842|5 Cemaziyelahir 1448
20261115|0535|0658|1216|1459|1723|1841|6 Cemaziyelahir 1448
20261116|0536|0700|1216|1459|1722|1841|7 Cemaziyelahir 1448
20261117|0537|0701|1216|1458|1721|1840|8 Cemaziyelahir 1448
20261118|0538|0702|1216|1458|1721|1839|9 Cemaziyelahir 1448
20261119|0539|0703|1216|1457|1720|1839|10 Cemaziyelahir 1448
20261120|0540|0704|1217|1457|1720|1839|11 Cemaziyelahir 1448
20261121|0540|0705|1217|1456|1719|1838|12 Cemaziyelahir 1448
20261122|0541|0706|1217|1456|1718|1838|13 Cemaziyelahir 1448
20261123|0542|0707|1217|1455|1718|1837|14 Cemaziyelahir 1448
20261124|0543|0708|1218|1455|1717|1837|15 Cemaziyelahir 1448
20261125|0544|0709|1218|1455|1717|1837|16 Cemaziyelahir 1448
20261126|0545|0710|1218|1455|1717|1836|17 Cemaziyelahir 1448
20261127|0546|0711|1219|1454|1716|1836|18 Cemaziyelahir 1448
20261128|0547|0712|1219|1454|1716|1836|19 Cemaziyelahir 1448
20261129|0547|0713|1219|1454|1716|1836|20 Cemaziyelahir 1448
20261130|0548|0714|1220|1454|1715|1836|21 Cemaziyelahir 1448
20261201|0549|0715|1220|1454|1715|1836|22 Cemaziyelahir 1448
20261202|0550|0716|1220|1453|1715|1836|23 Cemaziyelahir 1448
20261203|0551|0717|1221|1453|1715|1836|24 Cemaziyelahir 1448
20261204|0552|0718|1221|1453|1715|1835|25 Cemaziyelahir 1448
20261205|0552|0718|1222|1453|1715|1836|26 Cemaziyelahir 1448
20261206|0553|0719|1222|1453|1715|1836|27 Cemaziyelahir 1448
20261207|0554|0720|1222|1453|1715|1836|28 Cemaziyelahir 1448
20261208|0555|0721|1223|1453|1715|1836|29 Cemaziyelahir 1448
20261209|0555|0722|1223|1454|1715|1836|30 Cemaziyelahir 1448
20261210|0556|0723|1224|1454|1715|1836|1 Recep 1448
20261211|0557|0724|1224|1454|1715|1836|2 Recep 1448
20261212|0558|0724|1225|1454|1715|1836|3 Recep 1448
20261213|0558|0725|1225|1454|1715|1837|4 Recep 1448
20261214|0559|0726|1226|1455|1715|1837|5 Recep 1448
20261215|0600|0726|1226|1455|1716|1837|6 Recep 1448
20261216|0600|0727|1226|1455|1716|1838|7 Recep 1448
20261217|0601|0728|1227|1456|1716|1838|8 Recep 1448
20261218|0601|0728|1227|1456|1717|1838|9 Recep 1448
20261219|0602|0729|1228|1456|1717|1839|10 Recep 1448
20261220|0602|0730|1228|1457|1717|1839|11 Recep 1448
20261221|0603|0730|1229|1457|1718|1840|12 Recep 1448
20261222|0603|0731|1229|1458|1718|1840|13 Recep 1448
20261223|0604|0731|1230|1458|1719|1841|14 Recep 1448
20261224|0604|0731|1230|1459|1719|1841|15 Recep 1448
20261225|0605|0732|1231|1459|1720|1842|16 Recep 1448
20261226|0605|0732|1231|1500|1721|1842|17 Recep 1448
20261227|0606|0733|1232|1501|1721|1843|18 Recep 1448
20261228|0606|0733|1232|1501|1722|1844|19 Recep 1448
20261229|0606|0733|1233|1502|1723|1844|20 Recep 1448
20261230|0607|0734|1233|1503|1723|1845|21 Recep 1448
20261231|0607|0734|1234|1503|1724|1846|22 Recep 1448
20270101|0607|0734|1234|1504|1725|1846|23 Recep 1448
20270102|0607|0734|1235|1505|1726|1847|24 Recep 1448
20270103|0608|0734|1235|1505|1726|1848|25 Recep 1448
20270104|0608|0734|1236|1506|1727|1848|26 Recep 1448
20270105|0608|0734|1236|1507|1728|1849|27 Recep 1448
20270106|0608|0734|1237|1508|1729|1850|28 Recep 1448
20270107|0608|0734|1237|1509|1730|1851|29 Recep 1448
20270108|0608|0734|1238|1509|1731|1852|30 Recep 1448
20270109|0608|0734|1238|1510|1732|1852|1 Şaban 1448
20270110|0608|0734|1238|1511|1733|1853|2 Şaban 1448
20270111|0608|0734|1239|1512|1734|1854|3 Şaban 1448
20270112|0608|0734|1239|1513|1735|1855|4 Şaban 1448
20270113|0608|0734|1240|1514|1736|1856|5 Şaban 1448
20270114|0608|0733|1240|1515|1737|1857|6 Şaban 1448
20270115|0608|0733|1240|1516|1738|1858|7 Şaban 1448
20270116|0608|0733|1241|1517|1739|1859|8 Şaban 1448
20270117|0607|0732|1241|1517|1740|1859|9 Şaban 1448
20270118|0607|0732|1241|1518|1741|1900|10 Şaban 1448
20270119|0607|0732|1242|1519|1742|1901|11 Şaban 1448
20270120|0607|0731|1242|1520|1743|1902|12 Şaban 1448
20270121|0606|0731|1242|1521|1744|1903|13 Şaban 1448
20270122|0606|0730|1242|1522|1745|1904|14 Şaban 1448
20270123|0605|0730|1243|1523|1746|1905|15 Şaban 1448
20270124|0605|0729|1243|1524|1747|1906|16 Şaban 1448
20270125|0605|0728|1243|1525|1748|1907|17 Şaban 1448
20270126|0604|0728|1243|1526|1749|1908|18 Şaban 1448
20270127|0604|0727|1244|1527|1750|1909|19 Şaban 1448
20270128|0603|0726|1244|1528|1751|1910|20 Şaban 1448
20270129|0602|0726|1244|1529|1753|1911|21 Şaban 1448
20270130|0602|0725|1244|1530|1754|1912|22 Şaban 1448
20270131|0601|0724|1244|1531|1755|1913|23 Şaban 1448
20270201|0601|0723|1245|1532|1756|1914|24 Şaban 1448
20270202|0600|0722|1245|1532|1757|1915|25 Şaban 1448
20270203|0559|0722|1245|1533|1758|1916|26 Şaban 1448
20270204|0558|0721|1245|1534|1759|1916|27 Şaban 1448
20270205|0558|0720|1245|1535|1800|1917|28 Şaban 1448
20270206|0557|0719|1245|1536|1801|1918|29 Şaban 1448
20270207|0556|0718|1245|1537|1803|1919|30 Şaban 1448
20270208|0555|0717|1245|1538|1804|1920|1 Ramazan 1448
20270209|0554|0716|1245|1539|1805|1921|2 Ramazan 1448
20270210|0553|0715|1245|1540|1806|1922|3 Ramazan 1448
20270211|0552|0714|1245|1540|1807|1923|4 Ramazan 1448
20270212|0551|0713|1245|1541|1808|1924|5 Ramazan 1448
20270213|0550|0712|1245|1542|1809|1925|6 Ramazan 1448
20270214|0549|0710|1245|1543|1810|1926|7 Ramazan 1448
20270215|0548|0709|1245|1544|1811|1927|8 Ramazan 1448
20270216|0547|0708|1245|1545|1812|1928|9 Ramazan 1448
20270217|0546|0707|1245|1545|1813|1929|10 Ramazan 1448
20270218|0545|0706|1245|1546|1814|1930|11 Ramazan 1448
20270219|0544|0704|1245|1547|1816|1931|12 Ramazan 1448
20270220|0543|0703|1245|1548|1817|1932|13 Ramazan 1448
20270221|0542|0702|1245|1548|1818|1933|14 Ramazan 1448
20270222|0540|0701|1245|1549|1819|1934|15 Ramazan 1448
20270223|0539|0659|1245|1550|1820|1935|16 Ramazan 1448
20270224|0538|0658|1244|1551|1821|1936|17 Ramazan 1448
20270225|0537|0657|1244|1551|1822|1937|18 Ramazan 1448
20270226|0535|0655|1244|1552|1823|1938|19 Ramazan 1448
20270227|0534|0654|1244|1553|1824|1939|20 Ramazan 1448
20270228|0533|0653|1244|1553|1825|1940|21 Ramazan 1448
20270301|0531|0651|1244|1554|1826|1941|22 Ramazan 1448
20270302|0530|0650|1243|1554|1827|1942|23 Ramazan 1448
20270303|0529|0649|1243|1555|1828|1943|24 Ramazan 1448
20270304|0527|0647|1243|1556|1829|1944|25 Ramazan 1448
20270305|0526|0646|1243|1556|1830|1945|26 Ramazan 1448
20270306|0525|0644|1243|1557|1831|1946|27 Ramazan 1448
20270307|0523|0643|1242|1557|1832|1946|28 Ramazan 1448
20270308|0522|0641|1242|1558|1833|1947|29 Ramazan 1448
20270309|0520|0640|1242|1559|1834|1948|1 Şevval 1448
20270310|0519|0639|1242|1559|1835|1949|2 Şevval 1448
20270311|0517|0637|1241|1600|1836|1950|3 Şevval 1448
20270312|0516|0636|1241|1600|1837|1951|4 Şevval 1448
20270313|0514|0634|1241|1601|1837|1952|5 Şevval 1448
20270314|0513|0633|1241|1601|1838|1953|6 Şevval 1448
20270315|0511|0631|1240|1602|1839|1954|7 Şevval 1448
20270316|0510|0630|1240|1602|1840|1955|8 Şevval 1448
20270317|0508|0628|1240|1602|1841|1956|9 Şevval 1448
20270318|0506|0627|1239|1603|1842|1957|10 Şevval 1448
20270319|0505|0625|1239|1603|1843|1958|11 Şevval 1448
20270320|0503|0624|1239|1604|1844|1959|12 Şevval 1448
20270321|0502|0622|1239|1604|1845|2000|13 Şevval 1448
20270322|0500|0621|1238|1605|1846|2001|14 Şevval 1448
20270323|0458|0619|1238|1605|1847|2002|15 Şevval 1448
20270324|0457|0618|1238|1605|1848|2003|16 Şevval 1448
20270325|0455|0616|1237|1606|1849|2004|17 Şevval 1448
20270326|0453|0615|1237|1606|1849|2005|18 Şevval 1448
20270327|0452|0613|1237|1606|1850|2006|19 Şevval 1448
20270328|0450|0612|1236|1607|1851|2008|20 Şevval 1448
20270329|0448|0610|1236|1607|1852|2009|21 Şevval 1448
20270330|0447|0609|1236|1607|1853|2010|22 Şevval 1448
20270331|0445|0607|1236|1608|1854|2011|23 Şevval 1448
20270401|0443|0606|1235|1608|1855|2012|24 Şevval 1448
20270402|0442|0604|1235|1608|1856|2013|25 Şevval 1448
20270403|0440|0603|1235|1609|1857|2014|26 Şevval 1448
20270404|0438|0601|1234|1609|1858|2015|27 Şevval 1448
20270405|0437|0600|1234|1609|1859|2016|28 Şevval 1448
20270406|0435|0558|1234|1609|1859|2017|29 Şevval 1448
20270407|0433|0557|1233|1610|1900|2018|30 Şevval 1448
20270408|0431|0555|1233|1610|1901|2019|1 Zilkade 1448
20270409|0430|0554|1233|1610|1902|2021|2 Zilkade 1448
20270410|0428|0552|1233|1610|1903|2022|3 Zilkade 1448
20270411|0426|0551|1232|1611|1904|2023|4 Zilkade 1448
20270412|0425|0549|1232|1611|1905|2024|5 Zilkade 1448
20270413|0423|0548|1232|1611|1906|2025|6 Zilkade 1448
20270414|0421|0547|1232|1611|1907|2026|7 Zilkade 1448
20270415|0419|0545|1231|1612|1908|2028|8 Zilkade 1448
20270416|0418|0544|1231|1612|1909|2029|9 Zilkade 1448
20270417|0416|0542|1231|1612|1909|2030|10 Zilkade 1448
20270418|0414|0541|1231|1612|1910|2031|11 Zilkade 1448
20270419|0413|0540|1230|1612|1911|2032|12 Zilkade 1448
20270420|0411|0538|1230|1613|1912|2034|13 Zilkade 1448
20270421|0409|0537|1230|1613|1913|2035|14 Zilkade 1448
20270422|0408|0536|1230|1613|1914|2036|15 Zilkade 1448
20270423|0406|0534|1230|1613|1915|2037|16 Zilkade 1448
20270424|0404|0533|1229|1613|1916|2038|17 Zilkade 1448
20270425|0403|0532|1229|1613|1917|2040|18 Zilkade 1448
20270426|0401|0531|1229|1614|1918|2041|19 Zilkade 1448
20270427|0400|0529|1229|1614|1919|2042|20 Zilkade 1448
20270428|0358|0528|1229|1614|1919|2043|21 Zilkade 1448
20270429|0356|0527|1229|1614|1920|2045|22 Zilkade 1448
20270430|0355|0526|1228|1614|1921|2046|23 Zilkade 1448
20270501|0353|0524|1228|1615|1922|2047|24 Zilkade 1448
20270502|0352|0523|1228|1615|1923|2048|25 Zilkade 1448
20270503|0350|0522|1228|1615|1924|2050|26 Zilkade 1448
20270504|0349|0521|1228|1615|1925|2051|27 Zilkade 1448
20270505|0347|0520|1228|1615|1926|2052|28 Zilkade 1448
20270506|0346|0519|1228|1615|1927|2054|29 Zilkade 1448
20270507|0344|0518|1228|1616|1928|2055|1 Zilhicce 1448
20270508|0343|0517|1228|1616|1929|2056|2 Zilhicce 1448
20270509|0341|0516|1228|1616|1929|2057|3 Zilhicce 1448
20270510|0340|0515|1228|1616|1930|2059|4 Zilhicce 1448
20270511|0339|0514|1228|1616|1931|2100|5 Zilhicce 1448
20270512|0337|0513|1228|1617|1932|2101|6 Zilhicce 1448
20270513|0336|0512|1227|1617|1933|2102|7 Zilhicce 1448
20270514|0335|0511|1227|1617|1934|2104|8 Zilhicce 1448
20270515|0333|0510|1227|1617|1935|2105|9 Zilhicce 1448
20270516|0332|0509|1228|1617|1936|2106|10 Zilhicce 1448
20270517|0331|0509|1228|1617|1936|2107|11 Zilhicce 1448
20270518|0330|0508|1228|1618|1937|2109|12 Zilhicce 1448
20270519|0328|0507|1228|1618|1938|2110|13 Zilhicce 1448
20270520|0327|0506|1228|1618|1939|2111|14 Zilhicce 1448
20270521|0326|0506|1228|1618|1940|2112|15 Zilhicce 1448
20270522|0325|0505|1228|1618|1941|2114|16 Zilhicce 1448
20270523|0324|0504|1228|1619|1941|2115|17 Zilhicce 1448
20270524|0323|0504|1228|1619|1942|2116|18 Zilhicce 1448
20270525|0322|0503|1228|1619|1943|2117|19 Zilhicce 1448
20270526|0321|0503|1228|1619|1944|2118|20 Zilhicce 1448
20270527|0320|0502|1228|1619|1945|2119|21 Zilhicce 1448
20270528|0319|0501|1228|1620|1945|2120|22 Zilhicce 1448
20270529|0318|0501|1228|1620|1946|2121|23 Zilhicce 1448
20270530|0317|0501|1229|1620|1947|2122|24 Zilhicce 1448
20270531|0317|0500|1229|1620|1947|2123|25 Zilhicce 1448
20270601|0316|0500|1229|1621|1948|2124|26 Zilhicce 1448
20270602|0315|0459|1229|1621|1949|2125|27 Zilhicce 1448
20270603|0315|0459|1229|1621|1949|2126|28 Zilhicce 1448
20270604|0314|0459|1229|1621|1950|2127|29 Zilhicce 1448
20270605|0313|0458|1230|1622|1951|2128|30 Zilhicce 1448
20270606|0313|0458|1230|1622|1951|2129|1 Muharrem 1449
20270607|0312|0458|1230|1622|1952|2130|2 Muharrem 1449
20270608|0312|0458|1230|1622|1952|2131|3 Muharrem 1449
20270609|0312|0458|1230|1622|1953|2131|4 Muharrem 1449
20270610|0311|0457|1230|1623|1953|2132|5 Muharrem 1449
20270611|0311|0457|1231|1623|1954|2133|6 Muharrem 1449
20270612|0311|0457|1231|1623|1954|2133|7 Muharrem 1449
20270613|0310|0457|1231|1623|1955|2134|8 Muharrem 1449
20270614|0310|0457|1231|1624|1955|2134|9 Muharrem 1449
20270615|0310|0457|1232|1624|1956|2135|10 Muharrem 1449
20270616|0310|0457|1232|1624|1956|2135|11 Muharrem 1449
20270617|0310|0457|1232|1624|1956|2136|12 Muharrem 1449
20270618|0310|0458|1232|1625|1957|2136|13 Muharrem 1449
20270619|0310|0458|1232|1625|1957|2137|14 Muharrem 1449
20270620|0310|0458|1233|1625|1957|2137|15 Muharrem 1449
20270621|0310|0458|1233|1625|1958|2137|16 Muharrem 1449
20270622|0311|0458|1233|1625|1958|2137|17 Muharrem 1449
20270623|0311|0458|1233|1626|1958|2138|18 Muharrem 1449
20270624|0311|0459|1233|1626|1958|2138|19 Muharrem 1449
20270625|0312|0459|1234|1626|1958|2138|20 Muharrem 1449
20270626|0312|0459|1234|1626|1958|2138|21 Muharrem 1449
20270627|0312|0500|1234|1626|1959|2138|22 Muharrem 1449
20270628|0313|0500|1234|1627|1959|2138|23 Muharrem 1449
20270629|0313|0500|1235|1627|1959|2138|24 Muharrem 1449
20270630|0314|0501|1235|1627|1959|2138|25 Muharrem 1449
20270701|0315|0501|1235|1627|1959|2137|26 Muharrem 1449
20270702|0315|0502|1235|1627|1958|2137|27 Muharrem 1449
20270703|0316|0502|1235|1628|1958|2137|28 Muharrem 1449
20270704|0317|0503|1235|1628|1958|2137|29 Muharrem 1449
20270705|0317|0503|1236|1628|1958|2136|1 Safer 1449
20270706|0318|0504|1236|1628|1958|2136|2 Safer 1449
20270707|0319|0504|1236|1628|1958|2135|3 Safer 1449
20270708|0320|0505|1236|1628|1957|2135|4 Safer 1449
20270709|0321|0506|1236|1628|1957|2134|5 Safer 1449
20270710|0322|0506|1236|1628|1957|2134|6 Safer 1449
20270711|0323|0507|1237|1628|1956|2133|7 Safer 1449
20270712|0324|0507|1237|1628|1956|2132|8 Safer 1449
20270713|0325|0508|1237|1628|1956|2132|9 Safer 1449
20270714|0326|0509|1237|1629|1955|2131|10 Safer 1449
20270715|0327|0509|1237|1629|1955|2130|11 Safer 1449
20270716|0328|0510|1237|1629|1954|2129|12 Safer 1449
20270717|0329|0511|1237|1629|1954|2128|13 Safer 1449
20270718|0330|0512|1237|1629|1953|2128|14 Safer 1449
20270719|0331|0512|1237|1629|1953|2127|15 Safer 1449
20270720|0332|0513|1237|1628|1952|2126|16 Safer 1449
20270721|0333|0514|1238|1628|1951|2125|17 Safer 1449
20270722|0334|0515|1238|1628|1951|2124|18 Safer 1449
20270723|0336|0515|1238|1628|1950|2123|19 Safer 1449
20270724|0337|0516|1238|1628|1949|2122|20 Safer 1449
20270725|0338|0517|1238|1628|1948|2120|21 Safer 1449
20270726|0339|0518|1238|1628|1948|2119|22 Safer 1449
20270727|0341|0519|1238|1628|1947|2118|23 Safer 1449
20270728|0342|0519|1238|1627|1946|2117|24 Safer 1449
20270729|0343|0520|1238|1627|1945|2116|25 Safer 1449
20270730|0344|0521|1238|1627|1944|2114|26 Safer 1449
20270731|0345|0522|1238|1627|1943|2113|27 Safer 1449
20270801|0347|0523|1238|1627|1942|2112|28 Safer 1449
20270802|0348|0523|1237|1626|1942|2110|29 Safer 1449
20270803|0349|0524|1237|1626|1941|2109|1 Rebiulevvel 1449
20270804|0351|0525|1237|1626|1940|2108|2 Rebiulevvel 1449
20270805|0352|0526|1237|1625|1939|2106|3 Rebiulevvel 1449
20270806|0353|0527|1237|1625|1937|2105|4 Rebiulevvel 1449
20270807|0354|0528|1237|1625|1936|2103|5 Rebiulevvel 1449
20270808|0356|0529|1237|1624|1935|2102|6 Rebiulevvel 1449
20270809|0357|0529|1237|1624|1934|2100|7 Rebiulevvel 1449
20270810|0358|0530|1237|1624|1933|2059|8 Rebiulevvel 1449
20270811|0359|0531|1236|1623|1932|2057|9 Rebiulevvel 1449
20270812|0401|0532|1236|1623|1931|2056|10 Rebiulevvel 1449
20270813|0402|0533|1236|1622|1930|2054|11 Rebiulevvel 1449
20270814|0403|0534|1236|1622|1928|2053|12 Rebiulevvel 1449
20270815|0404|0535|1236|1621|1927|2051|13 Rebiulevvel 1449
20270816|0406|0535|1236|1621|1926|2050|14 Rebiulevvel 1449
20270817|0407|0536|1235|1620|1925|2048|15 Rebiulevvel 1449
20270818|0408|0537|1235|1620|1923|2046|16 Rebiulevvel 1449
20270819|0409|0538|1235|1619|1922|2045|17 Rebiulevvel 1449
20270820|0410|0539|1235|1618|1921|2043|18 Rebiulevvel 1449
20270821|0412|0540|1234|1618|1919|2041|19 Rebiulevvel 1449
20270822|0413|0540|1234|1617|1918|2040|20 Rebiulevvel 1449
20270823|0414|0541|1234|1617|1917|2038|21 Rebiulevvel 1449
20270824|0415|0542|1234|1616|1915|2037|22 Rebiulevvel 1449
20270825|0416|0543|1233|1615|1914|2035|23 Rebiulevvel 1449
20270826|0417|0544|1233|1615|1912|2033|24 Rebiulevvel 1449
20270827|0419|0545|1233|1614|1911|2031|25 Rebiulevvel 1449
20270828|0420|0546|1233|1613|1910|2030|26 Rebiulevvel 1449
20270829|0421|0546|1232|1612|1908|2028|27 Rebiulevvel 1449
20270830|0422|0547|1232|1612|1907|2026|28 Rebiulevvel 1449
20270831|0423|0548|1232|1611|1905|2025|29 Rebiulevvel 1449
20270901|0424|0549|1231|1610|1904|2023|30 Rebiulevvel 1449
20270902|0425|0550|1231|1609|1902|2021|1 Rebiulahir 1449
20270903|0426|0551|1231|1608|1901|2020|2 Rebiulahir 1449
20270904|0427|0551|1230|1608|1859|2018|3 Rebiulahir 1449
20270905|0429|0552|1230|1607|1858|2016|4 Rebiulahir 1449
20270906|0430|0553|1230|1606|1856|2014|5 Rebiulahir 1449
20270907|0431|0554|1229|1605|1855|2013|6 Rebiulahir 1449
20270908|0432|0555|1229|1604|1853|2011|7 Rebiulahir 1449
20270909|0433|0556|1229|1603|1852|2009|8 Rebiulahir 1449
20270910|0434|0556|1228|1602|1850|2008|9 Rebiulahir 1449
20270911|0435|0557|1228|1601|1849|2006|10 Rebiulahir 1449
20270912|0436|0558|1228|1600|1847|2004|11 Rebiulahir 1449
20270913|0437|0559|1227|1559|1846|2002|12 Rebiulahir 1449
20270914|0438|0600|1227|1558|1844|2001|13 Rebiulahir 1449
20270915|0439|0601|1227|1558|1843|1959|14 Rebiulahir 1449
20270916|0440|0601|1226|1557|1841|1957|15 Rebiulahir 1449
20270917|0441|0602|1226|1556|1840|1956|16 Rebiulahir 1449
20270918|0442|0603|1226|1555|1838|1954|17 Rebiulahir 1449
20270919|0443|0604|1225|1554|1836|1952|18 Rebiulahir 1449
20270920|0444|0605|1225|1553|1835|1951|19 Rebiulahir 1449
20270921|0445|0606|1224|1552|1833|1949|20 Rebiulahir 1449
20270922|0446|0606|1224|1550|1832|1947|21 Rebiulahir 1449
20270923|0447|0607|1224|1549|1830|1946|22 Rebiulahir 1449
20270924|0448|0608|1223|1548|1829|1944|23 Rebiulahir 1449
20270925|0449|0609|1223|1547|1827|1942|24 Rebiulahir 1449
20270926|0449|0610|1223|1546|1826|1941|25 Rebiulahir 1449
20270927|0450|0611|1222|1545|1824|1939|26 Rebiulahir 1449
20270928|0451|0612|1222|1544|1823|1938|27 Rebiulahir 1449
20270929|0452|0612|1222|1543|1821|1936|28 Rebiulahir 1449
20270930|0453|0613|1221|1542|1819|1934|29 Rebiulahir 1449
20271001|0454|0614|1221|1541|1818|1933|1 Cemaziyelevvel 1449
20271002|0455|0615|1221|1540|1816|1931|2 Cemaziyelevvel 1449
20271003|0456|0616|1220|1539|1815|1930|3 Cemaziyelevvel 1449
20271004|0457|0617|1220|1538|1813|1928|4 Cemaziyelevvel 1449
20271005|0458|0618|1220|1537|1812|1927|5 Cemaziyelevvel 1449
20271006|0459|0619|1219|1536|1810|1925|6 Cemaziyelevvel 1449
20271007|0500|0619|1219|1535|1809|1924|7 Cemaziyelevvel 1449
20271008|0500|0620|1219|1533|1807|1922|8 Cemaziyelevvel 1449
20271009|0501|0621|1219|1532|1806|1921|9 Cemaziyelevvel 1449
20271010|0502|0622|1218|1531|1805|1919|10 Cemaziyelevvel 1449
20271011|0503|0623|1218|1530|1803|1918|11 Cemaziyelevvel 1449
20271012|0504|0624|1218|1529|1802|1916|12 Cemaziyelevvel 1449
20271013|0505|0625|1218|1528|1800|1915|13 Cemaziyelevvel 1449
20271014|0506|0626|1217|1527|1759|1914|14 Cemaziyelevvel 1449
20271015|0507|0627|1217|1526|1757|1912|15 Cemaziyelevvel 1449
20271016|0508|0628|1217|1525|1756|1911|16 Cemaziyelevvel 1449
20271017|0509|0629|1217|1524|1755|1910|17 Cemaziyelevvel 1449
20271018|0509|0630|1216|1523|1753|1908|18 Cemaziyelevvel 1449
20271019|0510|0631|1216|1522|1752|1907|19 Cemaziyelevvel 1449
20271020|0511|0632|1216|1521|1751|1906|20 Cemaziyelevvel 1449
20271021|0512|0632|1216|1520|1749|1905|21 Cemaziyelevvel 1449
20271022|0513|0633|1216|1519|1748|1903|22 Cemaziyelevvel 1449
20271023|0514|0634|1216|1518|1747|1902|23 Cemaziyelevvel 1449
20271024|0515|0635|1215|1517|1745|1901|24 Cemaziyelevvel 1449
20271025|0516|0636|1215|1516|1744|1900|25 Cemaziyelevvel 1449
20271026|0517|0637|1215|1515|1743|1859|26 Cemaziyelevvel 1449
20271027|0518|0638|1215|1514|1742|1858|27 Cemaziyelevvel 1449
20271028|0518|0639|1215|1513|1741|1856|28 Cemaziyelevvel 1449
20271029|0519|0640|1215|1512|1739|1855|29 Cemaziyelevvel 1449
20271030|0520|0641|1215|1511|1738|1854|30 Cemaziyelevvel 1449
20271031|0521|0642|1215|1510|1737|1853|1 Cemaziyelahir 1449
20271101|0522|0644|1215|1510|1736|1852|2 Cemaziyelahir 1449
20271102|0523|0645|1215|1509|1735|1851|3 Cemaziyelahir 1449
20271103|0524|0646|1215|1508|1734|1850|4 Cemaziyelahir 1449
20271104|0525|0647|1215|1507|1733|1850|5 Cemaziyelahir 1449
20271105|0526|0648|1215|1506|1732|1849|6 Cemaziyelahir 1449
20271106|0527|0649|1215|1505|1731|1848|7 Cemaziyelahir 1449
20271107|0528|0650|1215|1505|1730|1847|8 Cemaziyelahir 1449
20271108|0528|0651|1215|1504|1729|1846|9 Cemaziyelahir 1449
20271109|0529|0652|1215|1503|1728|1845|10 Cemaziyelahir 1449
20271110|0530|0653|1215|1502|1727|1845|11 Cemaziyelahir 1449
20271111|0531|0654|1215|1502|1726|1844|12 Cemaziyelahir 1449
20271112|0532|0655|1215|1501|1725|1843|13 Cemaziyelahir 1449
20271113|0533|0656|1215|1501|1725|1842|14 Cemaziyelahir 1449
20271114|0534|0657|1215|1500|1724|1842|15 Cemaziyelahir 1449
20271115|0535|0658|1216|1459|1723|1841|16 Cemaziyelahir 1449
20271116|0536|0659|1216|1459|1722|1841|17 Cemaziyelahir 1449
20271117|0537|0700|1216|1458|1722|1840|18 Cemaziyelahir 1449
20271118|0538|0701|1216|1458|1721|1840|19 Cemaziyelahir 1449
20271119|0538|0702|1216|1457|1720|1839|20 Cemaziyelahir 1449
20271120|0539|0704|1217|1457|1720|1839|21 Cemaziyelahir 1449
20271121|0540|0705|1217|1456|1719|1838|22 Cemaziyelahir 1449
20271122|0541|0706|1217|1456|1719|1838|23 Cemaziyelahir 1449
20271123|0542|0707|1217|1456|1718|1837|24 Cemaziyelahir 1449
20271124|0543|0708|1218|1455|1718|1837|25 Cemaziyelahir 1449
20271125|0544|0709|1218|1455|1717|1837|26 Cemaziyelahir 1449
20271126|0545|0710|1218|1455|1717|1837|27 Cemaziyelahir 1449
20271127|0546|0711|1218|1454|1716|1836|28 Cemaziyelahir 1449
20271128|0546|0712|1219|1454|1716|1836|29 Cemaziyelahir 1449
20271129|0547|0713|1219|1454|1716|1836|1 Recep 1449
20271130|0548|0714|1220|1454|1715|1836|2 Recep 1449
20271201|0549|0715|1220|1454|1715|1836|3 Recep 1449
20271202|0550|0716|1220|1453|1715|1836|4 Recep 1449
20271203|0551|0716|1221|1453|1715|1836|5 Recep 1449
20271204|0551|0717|1221|1453|1715|1835|6 Recep 1449
20271205|0552|0718|1221|1453|1715|1836|7 Recep 1449
20271206|0553|0719|1222|1453|1715|1836|8 Recep 1449
20271207|0554|0720|1222|1453|1715|1836|9 Recep 1449
20271208|0554|0721|1223|1453|1715|1836|10 Recep 1449
20271209|0555|0722|1223|1454|1715|1836|11 Recep 1449
20271210|0556|0723|1224|1454|1715|1836|12 Recep 1449
20271211|0557|0723|1224|1454|1715|1836|13 Recep 1449
20271212|0557|0724|1224|1454|1715|1836|14 Recep 1449
20271213|0558|0725|1225|1454|1715|1837|15 Recep 1449
20271214|0559|0726|1225|1455|1715|1837|16 Recep 1449
20271215|0559|0726|1226|1455|1716|1837|17 Recep 1449
20271216|0600|0727|1226|1455|1716|1838|18 Recep 1449
20271217|0601|0728|1227|1455|1716|1838|19 Recep 1449
20271218|0601|0728|1227|1456|1717|1838|20 Recep 1449
20271219|0602|0729|1228|1456|1717|1839|21 Recep 1449
20271220|0602|0729|1228|1457|1717|1839|22 Recep 1449
20271221|0603|0730|1229|1457|1718|1840|23 Recep 1449
20271222|0603|0730|1229|1458|1718|1840|24 Recep 1449
20271223|0604|0731|1230|1458|1719|1841|25 Recep 1449
20271224|0604|0731|1230|1459|1719|1841|26 Recep 1449
20271225|0605|0732|1231|1459|1720|1842|27 Recep 1449
20271226|0605|0732|1231|1500|1720|1842|28 Recep 1449
20271227|0606|0733|1232|1500|1721|1843|29 Recep 1449
20271228|0606|0733|1232|1501|1722|1843|30 Recep 1449
20271229|0606|0733|1233|1502|1722|1844|1 Şaban 1449
20271230|0607|0733|1233|1502|1723|1845|2 Şaban 1449
20271231|0607|0734|1234|1503|1724|1845|3 Şaban 1449
#@9165|Sincik|ADIYAMAN|730
20260101|0607|0735|1234|1502|1723|1845|12 Recep 1447
20260102|0608|0735|1234|1503|1724|1846|13 Recep 1447
20260103|0608|0735|1235|1504|1725|1847|14 Recep 1447
20260104|0608|0735|1235|1505|1726|1847|15 Recep 1447
20260105|0608|0735|1236|1505|1726|1848|16 Recep 1447
20260106|0608|0735|1236|1506|1727|1849|17 Recep 1447
20260107|0608|0735|1237|1507|1728|1850|18 Recep 1447
20260108|0608|0735|1237|1508|1729|1851|19 Recep 1447
20260109|0608|0735|1237|1509|1730|1851|20 Recep 1447
20260110|0608|0735|1238|1510|1731|1852|21 Recep 1447
20260111|0608|0735|1238|1510|1732|1853|22 Recep 1447
20260112|0608|0734|1239|1511|1733|1854|23 Recep 1447
20260113|0608|0734|1239|1512|1734|1855|24 Recep 1447
20260114|0608|0734|1239|1513|1735|1856|25 Recep 1447
20260115|0608|0734|1240|1514|1736|1857|26 Recep 1447
20260116|0608|0733|1240|1515|1737|1858|27 Recep 1447
20260117|0607|0733|1240|1516|1738|1858|28 Recep 1447
20260118|0607|0732|1241|1517|1739|1859|29 Recep 1447
20260119|0607|0732|1241|1518|1740|1900|30 Recep 1447
20260120|0606|0732|1241|1519|1741|1901|1 Şaban 1447
20260121|0606|0731|1242|1520|1742|1902|2 Şaban 1447
20260122|0606|0730|1242|1521|1744|1903|3 Şaban 1447
20260123|0605|0730|1242|1522|1745|1904|4 Şaban 1447
20260124|0605|0729|1243|1523|1746|1905|5 Şaban 1447
20260125|0604|0729|1243|1524|1747|1906|6 Şaban 1447
20260126|0604|0728|1243|1525|1748|1907|7 Şaban 1447
20260127|0603|0727|1243|1525|1749|1908|8 Şaban 1447
20260128|0603|0727|1243|1526|1750|1909|9 Şaban 1447
20260129|0602|0726|1244|1527|1751|1910|10 Şaban 1447
20260130|0601|0725|1244|1528|1752|1911|11 Şaban 1447
20260131|0601|0724|1244|1529|1754|1912|12 Şaban 1447
20260201|0600|0723|1244|1530|1755|1913|13 Şaban 1447
20260202|0559|0723|1244|1531|1756|1914|14 Şaban 1447
20260203|0559|0722|1244|1532|1757|1915|15 Şaban 1447
20260204|0558|0721|1244|1533|1758|1916|16 Şaban 1447
20260205|0557|0720|1244|1534|1759|1917|17 Şaban 1447
20260206|0556|0719|1245|1535|1800|1918|18 Şaban 1447
20260207|0555|0718|1245|1536|1801|1919|19 Şaban 1447
20260208|0555|0717|1245|1537|1803|1920|20 Şaban 1447
20260209|0554|0716|1245|1537|1804|1921|21 Şaban 1447
20260210|0553|0715|1245|1538|1805|1922|22 Şaban 1447
20260211|0552|0714|1245|1539|1806|1923|23 Şaban 1447
20260212|0551|0713|1245|1540|1807|1924|24 Şaban 1447
20260213|0550|0711|1245|1541|1808|1925|25 Şaban 1447
20260214|0549|0710|1245|1542|1809|1926|26 Şaban 1447
20260215|0548|0709|1245|1543|1810|1927|27 Şaban 1447
20260216|0547|0708|1245|1543|1811|1928|28 Şaban 1447
20260217|0545|0707|1245|1544|1812|1929|29 Şaban 1447
20260218|0544|0705|1244|1545|1814|1930|30 Şaban 1447
20260219|0543|0704|1244|1546|1815|1931|1 Ramazan 1447
20260220|0542|0703|1244|1547|1816|1932|2 Ramazan 1447
20260221|0541|0702|1244|1547|1817|1933|3 Ramazan 1447
20260222|0540|0700|1244|1548|1818|1934|4 Ramazan 1447
20260223|0538|0659|1244|1549|1819|1935|5 Ramazan 1447
20260224|0537|0658|1244|1550|1820|1936|6 Ramazan 1447
20260225|0536|0656|1244|1550|1821|1937|7 Ramazan 1447
20260226|0534|0655|1243|1551|1822|1938|8 Ramazan 1447
20260227|0533|0654|1243|1552|1823|1938|9 Ramazan 1447
20260228|0532|0652|1243|1552|1824|1939|10 Ramazan 1447
20260301|0530|0651|1243|1553|1825|1940|11 Ramazan 1447
20260302|0529|0649|1243|1554|1826|1941|12 Ramazan 1447
20260303|0528|0648|1243|1554|1827|1942|13 Ramazan 1447
20260304|0526|0647|1242|1555|1828|1943|14 Ramazan 1447
20260305|0525|0645|1242|1555|1829|1944|15 Ramazan 1447
20260306|0523|0644|1242|1556|1830|1945|16 Ramazan 1447
20260307|0522|0642|1242|1557|1831|1946|17 Ramazan 1447
20260308|0520|0641|1241|1557|1832|1947|18 Ramazan 1447
20260309|0519|0639|1241|1558|1833|1948|19 Ramazan 1447
20260310|0517|0638|1241|1558|1834|1949|20 Ramazan 1447
20260311|0516|0636|1241|1559|1835|1950|21 Ramazan 1447
20260312|0514|0635|1240|1559|1836|1951|22 Ramazan 1447
20260313|0513|0633|1240|1600|1837|1952|23 Ramazan 1447
20260314|0511|0632|1240|1600|1838|1953|24 Ramazan 1447
20260315|0510|0630|1240|1601|1839|1954|25 Ramazan 1447
20260316|0508|0629|1239|1601|1840|1955|26 Ramazan 1447
20260317|0506|0627|1239|1602|1841|1956|27 Ramazan 1447
20260318|0505|0626|1239|1602|1842|1957|28 Ramazan 1447
20260319|0503|0624|1238|1603|1843|1958|29 Ramazan 1447
20260320|0502|0623|1238|1603|1844|2000|1 Şevval 1447
20260321|0500|0621|1238|1604|1845|2001|2 Şevval 1447
20260322|0458|0620|1238|1604|1846|2002|3 Şevval 1447
20260323|0457|0618|1237|1604|1846|2003|4 Şevval 1447
20260324|0455|0617|1237|1605|1847|2004|5 Şevval 1447
20260325|0453|0615|1237|1605|1848|2005|6 Şevval 1447
20260326|0452|0613|1236|1606|1849|2006|7 Şevval 1447
20260327|0450|0612|1236|1606|1850|2007|8 Şevval 1447
20260328|0448|0610|1236|1606|1851|2008|9 Şevval 1447
20260329|0447|0609|1235|1607|1852|2009|10 Şevval 1447
20260330|0445|0607|1235|1607|1853|2010|11 Şevval 1447
20260331|0443|0606|1235|1607|1854|2011|12 Şevval 1447
20260401|0441|0604|1235|1608|1855|2012|13 Şevval 1447
20260402|0440|0603|1234|1608|1856|2013|14 Şevval 1447
20260403|0438|0601|1234|1608|1857|2015|15 Şevval 1447
20260404|0436|0600|1234|1608|1858|2016|16 Şevval 1447
20260405|0435|0558|1233|1609|1859|2017|17 Şevval 1447
20260406|0433|0557|1233|1609|1859|2018|18 Şevval 1447
20260407|0431|0555|1233|1609|1900|2019|19 Şevval 1447
20260408|0429|0554|1233|1610|1901|2020|20 Şevval 1447
20260409|0428|0552|1232|1610|1902|2021|21 Şevval 1447
20260410|0426|0551|1232|1610|1903|2023|22 Şevval 1447
20260411|0424|0549|1232|1610|1904|2024|23 Şevval 1447
20260412|0422|0548|1231|1611|1905|2025|24 Şevval 1447
20260413|0421|0547|1231|1611|1906|2026|25 Şevval 1447
20260414|0419|0545|1231|1611|1907|2027|26 Şevval 1447
20260415|0417|0544|1231|1611|1908|2028|27 Şevval 1447
20260416|0416|0542|1230|1612|1909|2030|28 Şevval 1447
20260417|0414|0541|1230|1612|1910|2031|29 Şevval 1447
20260418|0412|0539|1230|1612|1911|2032|1 Zilkade 1447
20260419|0410|0538|1230|1612|1912|2033|2 Zilkade 1447
20260420|0409|0537|1230|1612|1912|2035|3 Zilkade 1447
20260421|0407|0535|1229|1613|1913|2036|4 Zilkade 1447
20260422|0405|0534|1229|1613|1914|2037|5 Zilkade 1447
20260423|0404|0533|1229|1613|1915|2038|6 Zilkade 1447
20260424|0402|0531|1229|1613|1916|2040|7 Zilkade 1447
20260425|0400|0530|1229|1613|1917|2041|8 Zilkade 1447
20260426|0359|0529|1228|1614|1918|2042|9 Zilkade 1447
20260427|0357|0528|1228|1614|1919|2043|10 Zilkade 1447
20260428|0355|0526|1228|1614|1920|2045|11 Zilkade 1447
20260429|0354|0525|1228|1614|1921|2046|12 Zilkade 1447
20260430|0352|0524|1228|1614|1922|2047|13 Zilkade 1447
20260501|0351|0523|1228|1615|1923|2049|14 Zilkade 1447
20260502|0349|0522|1228|1615|1924|2050|15 Zilkade 1447
20260503|0347|0520|1227|1615|1925|2051|16 Zilkade 1447
20260504|0346|0519|1227|1615|1925|2052|17 Zilkade 1447
20260505|0344|0518|1227|1615|1926|2054|18 Zilkade 1447
20260506|0343|0517|1227|1616|1927|2055|19 Zilkade 1447
20260507|0341|0516|1227|1616|1928|2056|20 Zilkade 1447
20260508|0340|0515|1227|1616|1929|2058|21 Zilkade 1447
20260509|0338|0514|1227|1616|1930|2059|22 Zilkade 1447
20260510|0337|0513|1227|1616|1931|2100|23 Zilkade 1447
20260511|0336|0512|1227|1617|1932|2102|24 Zilkade 1447
20260512|0334|0511|1227|1617|1933|2103|25 Zilkade 1447
20260513|0333|0510|1227|1617|1934|2104|26 Zilkade 1447
20260514|0332|0509|1227|1617|1935|2105|27 Zilkade 1447
20260515|0330|0508|1227|1617|1935|2107|28 Zilkade 1447
20260516|0329|0508|1227|1617|1936|2108|29 Zilkade 1447
20260517|0328|0507|1227|1618|1937|2109|30 Zilkade 1447
20260518|0326|0506|1227|1618|1938|2111|1 Zilhicce 1447
20260519|0325|0505|1227|1618|1939|2112|2 Zilhicce 1447
20260520|0324|0504|1227|1618|1940|2113|3 Zilhicce 1447
20260521|0323|0504|1227|1619|1941|2114|4 Zilhicce 1447
20260522|0322|0503|1227|1619|1941|2115|5 Zilhicce 1447
20260523|0321|0502|1227|1619|1942|2117|6 Zilhicce 1447
20260524|0320|0502|1227|1619|1943|2118|7 Zilhicce 1447
20260525|0319|0501|1227|1619|1944|2119|8 Zilhicce 1447
20260526|0318|0501|1228|1620|1945|2120|9 Zilhicce 1447
20260527|0317|0500|1228|1620|1945|2121|10 Zilhicce 1447
20260528|0316|0459|1228|1620|1946|2122|11 Zilhicce 1447
20260529|0315|0459|1228|1620|1947|2123|12 Zilhicce 1447
20260530|0314|0459|1228|1621|1948|2125|13 Zilhicce 1447
20260531|0313|0458|1228|1621|1948|2126|14 Zilhicce 1447
20260601|0313|0458|1228|1621|1949|2127|15 Zilhicce 1447
20260602|0312|0457|1228|1621|1950|2128|16 Zilhicce 1447
20260603|0311|0457|1229|1621|1950|2129|17 Zilhicce 1447
20260604|0311|0457|1229|1622|1951|2129|18 Zilhicce 1447
20260605|0310|0456|1229|1622|1952|2130|19 Zilhicce 1447
20260606|0309|0456|1229|1622|1952|2131|20 Zilhicce 1447
20260607|0309|0456|1229|1622|1953|2132|21 Zilhicce 1447
20260608|0308|0456|1230|1623|1953|2133|22 Zilhicce 1447
20260609|0308|0456|1230|1623|1954|2134|23 Zilhicce 1447
20260610|0308|0456|1230|1623|1954|2134|24 Zilhicce 1447
20260611|0307|0455|1230|1623|1955|2135|25 Zilhicce 1447
20260612|0307|0455|1230|1624|1955|2136|26 Zilhicce 1447
20260613|0307|0455|1231|1624|1956|2136|27 Zilhicce 1447
20260614|0307|0455|1231|1624|1956|2137|28 Zilhicce 1447
20260615|0307|0455|1231|1624|1957|2137|29 Zilhicce 1447
20260616|0307|0455|1231|1625|1957|2138|1 Muharrem 1448
20260617|0307|0455|1231|1625|1957|2138|2 Muharrem 1448
20260618|0307|0456|1232|1625|1958|2139|3 Muharrem 1448
20260619|0307|0456|1232|1625|1958|2139|4 Muharrem 1448
20260620|0307|0456|1232|1626|1958|2139|5 Muharrem 1448
20260621|0307|0456|1232|1626|1959|2139|6 Muharrem 1448
20260622|0307|0456|1232|1626|1959|2140|7 Muharrem 1448
20260623|0308|0457|1233|1626|1959|2140|8 Muharrem 1448
20260624|0308|0457|1233|1626|1959|2140|9 Muharrem 1448
20260625|0308|0457|1233|1627|1959|2140|10 Muharrem 1448
20260626|0309|0457|1233|1627|1959|2140|11 Muharrem 1448
20260627|0309|0458|1234|1627|1959|2140|12 Muharrem 1448
20260628|0310|0458|1234|1627|1959|2140|13 Muharrem 1448
20260629|0310|0459|1234|1627|1959|2140|14 Muharrem 1448
20260630|0311|0459|1234|1627|1959|2140|15 Muharrem 1448
20260701|0311|0459|1234|1628|1959|2139|16 Muharrem 1448
20260702|0312|0500|1235|1628|1959|2139|17 Muharrem 1448
20260703|0313|0500|1235|1628|1959|2139|18 Muharrem 1448
20260704|0313|0501|1235|1628|1959|2139|19 Muharrem 1448
20260705|0314|0501|1235|1628|1959|2138|20 Muharrem 1448
20260706|0315|0502|1235|1628|1959|2138|21 Muharrem 1448
20260707|0316|0503|1235|1628|1958|2137|22 Muharrem 1448
20260708|0317|0503|1236|1629|1958|2137|23 Muharrem 1448
20260709|0318|0504|1236|1629|1958|2136|24 Muharrem 1448
20260710|0319|0504|1236|1629|1957|2136|25 Muharrem 1448
20260711|0320|0505|1236|1629|1957|2135|26 Muharrem 1448
20260712|0321|0506|1236|1629|1957|2134|27 Muharrem 1448
20260713|0322|0506|1236|1629|1956|2133|28 Muharrem 1448
20260714|0323|0507|1236|1629|1956|2133|29 Muharrem 1448
20260715|0324|0508|1237|1629|1955|2132|1 Safer 1448
20260716|0325|0508|1237|1629|1955|2131|2 Safer 1448
20260717|0326|0509|1237|1629|1954|2130|3 Safer 1448
20260718|0327|0510|1237|1629|1954|2129|4 Safer 1448
20260719|0328|0511|1237|1629|1953|2128|5 Safer 1448
20260720|0329|0511|1237|1629|1952|2127|6 Safer 1448
20260721|0331|0512|1237|1629|1952|2126|7 Safer 1448
20260722|0332|0513|1237|1629|1951|2125|8 Safer 1448
20260723|0333|0514|1237|1628|1950|2124|9 Safer 1448
20260724|0334|0515|1237|1628|1950|2123|10 Safer 1448
20260725|0335|0515|1237|1628|1949|2122|11 Safer 1448
20260726|0337|0516|1237|1628|1948|2121|12 Safer 1448
20260727|0338|0517|1237|1628|1947|2119|13 Safer 1448
20260728|0339|0518|1237|1628|1946|2118|14 Safer 1448
20260729|0341|0519|1237|1627|1945|2117|15 Safer 1448
20260730|0342|0520|1237|1627|1945|2115|16 Safer 1448
20260731|0343|0520|1237|1627|1944|2114|17 Safer 1448
20260801|0344|0521|1237|1627|1943|2113|18 Safer 1448
20260802|0346|0522|1237|1626|1942|2111|19 Safer 1448
20260803|0347|0523|1237|1626|1941|2110|20 Safer 1448
20260804|0348|0524|1237|1626|1940|2109|21 Safer 1448
20260805|0350|0525|1237|1625|1939|2107|22 Safer 1448
20260806|0351|0526|1237|1625|1938|2106|23 Safer 1448
20260807|0352|0526|1236|1625|1936|2104|24 Safer 1448
20260808|0353|0527|1236|1624|1935|2103|25 Safer 1448
20260809|0355|0528|1236|1624|1934|2101|26 Safer 1448
20260810|0356|0529|1236|1623|1933|2100|27 Safer 1448
20260811|0357|0530|1236|1623|1932|2058|28 Safer 1448
20260812|0359|0531|1236|1623|1931|2057|29 Safer 1448
20260813|0400|0532|1236|1622|1929|2055|30 Safer 1448
20260814|0401|0532|1235|1622|1928|2053|1 Rebiulevvel 1448
20260815|0402|0533|1235|1621|1927|2052|2 Rebiulevvel 1448
20260816|0404|0534|1235|1621|1926|2050|3 Rebiulevvel 1448
20260817|0405|0535|1235|1620|1924|2049|4 Rebiulevvel 1448
20260818|0406|0536|1235|1619|1923|2047|5 Rebiulevvel 1448
20260819|0407|0537|1234|1619|1922|2045|6 Rebiulevvel 1448
20260820|0409|0538|1234|1618|1920|2044|7 Rebiulevvel 1448
20260821|0410|0539|1234|1618|1919|2042|8 Rebiulevvel 1448
20260822|0411|0539|1234|1617|1918|2040|9 Rebiulevvel 1448
20260823|0412|0540|1233|1616|1916|2039|10 Rebiulevvel 1448
20260824|0413|0541|1233|1616|1915|2037|11 Rebiulevvel 1448
20260825|0415|0542|1233|1615|1914|2035|12 Rebiulevvel 1448
20260826|0416|0543|1233|1614|1912|2033|13 Rebiulevvel 1448
20260827|0417|0544|1232|1613|1911|2032|14 Rebiulevvel 1448
20260828|0418|0545|1232|1613|1909|2030|15 Rebiulevvel 1448
20260829|0419|0545|1232|1612|1908|2028|16 Rebiulevvel 1448
20260830|0420|0546|1231|1611|1906|2027|17 Rebiulevvel 1448
20260831|0422|0547|1231|1610|1905|2025|18 Rebiulevvel 1448
20260901|0423|0548|1231|1609|1903|2023|19 Rebiulevvel 1448
20260902|0424|0549|1230|1609|1902|2021|20 Rebiulevvel 1448
20260903|0425|0550|1230|1608|1900|2020|21 Rebiulevvel 1448
20260904|0426|0551|1230|1607|1859|2018|22 Rebiulevvel 1448
20260905|0427|0551|1229|1606|1857|2016|23 Rebiulevvel 1448
20260906|0428|0552|1229|1605|1856|2014|24 Rebiulevvel 1448
20260907|0429|0553|1229|1604|1854|2013|25 Rebiulevvel 1448
20260908|0430|0554|1228|1603|1853|2011|26 Rebiulevvel 1448
20260909|0431|0555|1228|1602|1851|2009|27 Rebiulevvel 1448
20260910|0433|0556|1228|1602|1850|2007|28 Rebiulevvel 1448
20260911|0434|0557|1227|1601|1848|2006|29 Rebiulevvel 1448
20260912|0435|0557|1227|1600|1847|2004|1 Rebiulahir 1448
20260913|0436|0558|1227|1559|1845|2002|2 Rebiulahir 1448
20260914|0437|0559|1226|1558|1843|2001|3 Rebiulahir 1448
20260915|0438|0600|1226|1557|1842|1959|4 Rebiulahir 1448
20260916|0439|0601|1226|1556|1840|1957|5 Rebiulahir 1448
20260917|0440|0602|1225|1555|1839|1955|6 Rebiulahir 1448
20260918|0441|0603|1225|1554|1837|1954|7 Rebiulahir 1448
20260919|0442|0603|1225|1553|1836|1952|8 Rebiulahir 1448
20260920|0443|0604|1224|1552|1834|1950|9 Rebiulahir 1448
20260921|0444|0605|1224|1551|1832|1949|10 Rebiulahir 1448
20260922|0445|0606|1223|1550|1831|1947|11 Rebiulahir 1448
20260923|0446|0607|1223|1548|1829|1945|12 Rebiulahir 1448
20260924|0447|0608|1223|1547|1828|1944|13 Rebiulahir 1448
20260925|0448|0609|1222|1546|1826|1942|14 Rebiulahir 1448
20260926|0449|0609|1222|1545|1825|1940|15 Rebiulahir 1448
20260927|0450|0610|1222|1544|1823|1939|16 Rebiulahir 1448
20260928|0451|0611|1221|1543|1822|1937|17 Rebiulahir 1448
20260929|0451|0612|1221|1542|1820|1935|18 Rebiulahir 1448
20260930|0452|0613|1221|1541|1818|1934|19 Rebiulahir 1448
20261001|0453|0614|1220|1540|1817|1932|20 Rebiulahir 1448
20261002|0454|0615|1220|1539|1815|1931|21 Rebiulahir 1448
20261003|0455|0616|1220|1538|1814|1929|22 Rebiulahir 1448
20261004|0456|0617|1219|1537|1812|1928|23 Rebiulahir 1448
20261005|0457|0617|1219|1536|1811|1926|24 Rebiulahir 1448
20261006|0458|0618|1219|1534|1809|1925|25 Rebiulahir 1448
20261007|0459|0619|1219|1533|1808|1923|26 Rebiulahir 1448
20261008|0500|0620|1218|1532|1806|1922|27 Rebiulahir 1448
20261009|0501|0621|1218|1531|1805|1920|28 Rebiulahir 1448
20261010|0502|0622|1218|1530|1803|1919|29 Rebiulahir 1448
20261011|0503|0623|1217|1529|1802|1917|30 Rebiulahir 1448
20261012|0504|0624|1217|1528|1800|1916|1 Cemaziyelevvel 1448
20261013|0504|0625|1217|1527|1759|1914|2 Cemaziyelevvel 1448
20261014|0505|0626|1217|1526|1758|1913|3 Cemaziyelevvel 1448
20261015|0506|0627|1216|1525|1756|1912|4 Cemaziyelevvel 1448
20261016|0507|0628|1216|1524|1755|1910|5 Cemaziyelevvel 1448
20261017|0508|0629|1216|1523|1753|1909|6 Cemaziyelevvel 1448
20261018|0509|0630|1216|1521|1752|1908|7 Cemaziyelevvel 1448
20261019|0510|0631|1216|1520|1751|1906|8 Cemaziyelevvel 1448
20261020|0511|0632|1215|1519|1749|1905|9 Cemaziyelevvel 1448
20261021|0512|0633|1215|1518|1748|1904|10 Cemaziyelevvel 1448
20261022|0513|0634|1215|1517|1747|1902|11 Cemaziyelevvel 1448
20261023|0514|0635|1215|1516|1745|1901|12 Cemaziyelevvel 1448
20261024|0515|0636|1215|1515|1744|1900|13 Cemaziyelevvel 1448
20261025|0515|0637|1215|1514|1743|1859|14 Cemaziyelevvel 1448
20261026|0516|0638|1215|1513|1741|1858|15 Cemaziyelevvel 1448
20261027|0517|0639|1214|1512|1740|1857|16 Cemaziyelevvel 1448
20261028|0518|0640|1214|1512|1739|1855|17 Cemaziyelevvel 1448
20261029|0519|0641|1214|1511|1738|1854|18 Cemaziyelevvel 1448
20261030|0520|0642|1214|1510|1737|1853|19 Cemaziyelevvel 1448
20261031|0521|0643|1214|1509|1736|1852|20 Cemaziyelevvel 1448
20261101|0522|0644|1214|1508|1734|1851|21 Cemaziyelevvel 1448
20261102|0523|0645|1214|1507|1733|1850|22 Cemaziyelevvel 1448
20261103|0524|0646|1214|1506|1732|1849|23 Cemaziyelevvel 1448
20261104|0525|0647|1214|1505|1731|1848|24 Cemaziyelevvel 1448
20261105|0526|0648|1214|1505|1730|1848|25 Cemaziyelevvel 1448
20261106|0527|0649|1214|1504|1729|1847|26 Cemaziyelevvel 1448
20261107|0527|0650|1214|1503|1728|1846|27 Cemaziyelevvel 1448
20261108|0528|0651|1214|1502|1727|1845|28 Cemaziyelevvel 1448
20261109|0529|0652|1214|1501|1726|1844|29 Cemaziyelevvel 1448
20261110|0530|0654|1214|1501|1725|1843|1 Cemaziyelahir 1448
20261111|0531|0655|1215|1500|1724|1843|2 Cemaziyelahir 1448
20261112|0532|0656|1215|1459|1724|1842|3 Cemaziyelahir 1448
20261113|0533|0657|1215|1459|1723|1841|4 Cemaziyelahir 1448
20261114|0534|0658|1215|1458|1722|1841|5 Cemaziyelahir 1448
20261115|0535|0659|1215|1458|1721|1840|6 Cemaziyelahir 1448
20261116|0536|0700|1215|1457|1721|1840|7 Cemaziyelahir 1448
20261117|0537|0701|1215|1456|1720|1839|8 Cemaziyelahir 1448
20261118|0538|0702|1216|1456|1719|1838|9 Cemaziyelahir 1448
20261119|0539|0703|1216|1455|1718|1838|10 Cemaziyelahir 1448
20261120|0539|0704|1216|1455|1718|1837|11 Cemaziyelahir 1448
20261121|0540|0705|1216|1455|1717|1837|12 Cemaziyelahir 1448
20261122|0541|0706|1217|1454|1717|1837|13 Cemaziyelahir 1448
20261123|0542|0707|1217|1454|1716|1836|14 Cemaziyelahir 1448
20261124|0543|0708|1217|1453|1716|1836|15 Cemaziyelahir 1448
20261125|0544|0709|1217|1453|1715|1836|16 Cemaziyelahir 1448
20261126|0545|0710|1218|1453|1715|1835|17 Cemaziyelahir 1448
20261127|0546|0711|1218|1453|1715|1835|18 Cemaziyelahir 1448
20261128|0547|0712|1218|1452|1714|1835|19 Cemaziyelahir 1448
20261129|0547|0713|1219|1452|1714|1835|20 Cemaziyelahir 1448
20261130|0548|0714|1219|1452|1714|1835|21 Cemaziyelahir 1448
20261201|0549|0715|1219|1452|1713|1834|22 Cemaziyelahir 1448
20261202|0550|0716|1220|1452|1713|1834|23 Cemaziyelahir 1448
20261203|0551|0717|1220|1452|1713|1834|24 Cemaziyelahir 1448
20261204|0552|0718|1221|1452|1713|1834|25 Cemaziyelahir 1448
20261205|0552|0719|1221|1452|1713|1834|26 Cemaziyelahir 1448
20261206|0553|0720|1221|1452|1713|1834|27 Cemaziyelahir 1448
20261207|0554|0721|1222|1452|1713|1834|28 Cemaziyelahir 1448
20261208|0555|0722|1222|1452|1713|1834|29 Cemaziyelahir 1448
20261209|0555|0723|1223|1452|1713|1835|30 Cemaziyelahir 1448
20261210|0556|0723|1223|1452|1713|1835|1 Recep 1448
20261211|0557|0724|1224|1452|1713|1835|2 Recep 1448
20261212|0558|0725|1224|1452|1713|1835|3 Recep 1448
20261213|0558|0726|1224|1452|1713|1835|4 Recep 1448
20261214|0559|0726|1225|1453|1713|1836|5 Recep 1448
20261215|0600|0727|1225|1453|1714|1836|6 Recep 1448
20261216|0600|0728|1226|1453|1714|1836|7 Recep 1448
20261217|0601|0728|1226|1454|1714|1837|8 Recep 1448
20261218|0601|0729|1227|1454|1715|1837|9 Recep 1448
20261219|0602|0730|1227|1454|1715|1838|10 Recep 1448
20261220|0603|0730|1228|1455|1716|1838|11 Recep 1448
20261221|0603|0731|1228|1455|1716|1838|12 Recep 1448
20261222|0604|0731|1229|1456|1716|1839|13 Recep 1448
20261223|0604|0732|1229|1456|1717|1839|14 Recep 1448
20261224|0605|0732|1230|1457|1718|1840|15 Recep 1448
20261225|0605|0733|1230|1457|1718|1841|16 Recep 1448
20261226|0605|0733|1231|1458|1719|1841|17 Recep 1448
20261227|0606|0733|1231|1459|1719|1842|18 Recep 1448
20261228|0606|0734|1232|1459|1720|1842|19 Recep 1448
20261229|0606|0734|1232|1500|1721|1843|20 Recep 1448
20261230|0607|0734|1233|1501|1721|1844|21 Recep 1448
20261231|0607|0734|1233|1501|1722|1844|22 Recep 1448
20270101|0607|0735|1234|1502|1723|1845|23 Recep 1448
20270102|0608|0735|1234|1503|1724|1846|24 Recep 1448
20270103|0608|0735|1235|1504|1725|1846|25 Recep 1448
20270104|0608|0735|1235|1504|1725|1847|26 Recep 1448
20270105|0608|0735|1236|1505|1726|1848|27 Recep 1448
20270106|0608|0735|1236|1506|1727|1849|28 Recep 1448
20270107|0608|0735|1237|1507|1728|1850|29 Recep 1448
20270108|0608|0735|1237|1508|1729|1850|30 Recep 1448
20270109|0608|0735|1237|1508|1730|1851|1 Şaban 1448
20270110|0608|0735|1238|1509|1731|1852|2 Şaban 1448
20270111|0608|0735|1238|1510|1732|1853|3 Şaban 1448
20270112|0608|0734|1239|1511|1733|1854|4 Şaban 1448
20270113|0608|0734|1239|1512|1734|1855|5 Şaban 1448
20270114|0608|0734|1239|1513|1735|1856|6 Şaban 1448
20270115|0608|0734|1240|1514|1736|1856|7 Şaban 1448
20270116|0608|0733|1240|1515|1737|1857|8 Şaban 1448
20270117|0607|0733|1240|1516|1738|1858|9 Şaban 1448
20270118|0607|0733|1241|1517|1739|1859|10 Şaban 1448
20270119|0607|0732|1241|1518|1740|1900|11 Şaban 1448
20270120|0606|0732|1241|1519|1741|1901|12 Şaban 1448
20270121|0606|0731|1242|1520|1742|1902|13 Şaban 1448
20270122|0606|0731|1242|1520|1743|1903|14 Şaban 1448
20270123|0605|0730|1242|1521|1744|1904|15 Şaban 1448
20270124|0605|0729|1242|1522|1745|1905|16 Şaban 1448
20270125|0604|0729|1243|1523|1747|1906|17 Şaban 1448
20270126|0604|0728|1243|1524|1748|1907|18 Şaban 1448
20270127|0603|0727|1243|1525|1749|1908|19 Şaban 1448
20270128|0603|0727|1243|1526|1750|1909|20 Şaban 1448
20270129|0602|0726|1244|1527|1751|1910|21 Şaban 1448
20270130|0602|0725|1244|1528|1752|1911|22 Şaban 1448
20270131|0601|0724|1244|1529|1753|1912|23 Şaban 1448
20270201|0600|0724|1244|1530|1754|1913|24 Şaban 1448
20270202|0600|0723|1244|1531|1756|1914|25 Şaban 1448
20270203|0559|0722|1244|1532|1757|1915|26 Şaban 1448
20270204|0558|0721|1244|1533|1758|1916|27 Şaban 1448
20270205|0557|0720|1244|1534|1759|1917|28 Şaban 1448
20270206|0556|0719|1245|1535|1800|1918|29 Şaban 1448
20270207|0556|0718|1245|1535|1801|1919|30 Şaban 1448
20270208|0555|0717|1245|1536|1802|1920|1 Ramazan 1448
20270209|0554|0716|1245|1537|1803|1921|2 Ramazan 1448
20270210|0553|0715|1245|1538|1805|1922|3 Ramazan 1448
20270211|0552|0714|1245|1539|1806|1922|4 Ramazan 1448
20270212|0551|0713|1245|1540|1807|1923|5 Ramazan 1448
20270213|0550|0712|1245|1541|1808|1924|6 Ramazan 1448
20270214|0549|0711|1245|1542|1809|1925|7 Ramazan 1448
20270215|0548|0709|1245|1542|1810|1926|8 Ramazan 1448
20270216|0547|0708|1245|1543|1811|1927|9 Ramazan 1448
20270217|0546|0707|1245|1544|1812|1928|10 Ramazan 1448
20270218|0545|0706|1244|1545|1813|1929|11 Ramazan 1448
20270219|0543|0704|1244|1546|1814|1930|12 Ramazan 1448
20270220|0542|0703|1244|1546|1815|1931|13 Ramazan 1448
20270221|0541|0702|1244|1547|1817|1932|14 Ramazan 1448
20270222|0540|0701|1244|1548|1818|1933|15 Ramazan 1448
20270223|0539|0659|1244|1549|1819|1934|16 Ramazan 1448
20270224|0537|0658|1244|1549|1820|1935|17 Ramazan 1448
20270225|0536|0657|1244|1550|1821|1936|18 Ramazan 1448
20270226|0535|0655|1244|1551|1822|1937|19 Ramazan 1448
20270227|0533|0654|1243|1551|1823|1938|20 Ramazan 1448
20270228|0532|0653|1243|1552|1824|1939|21 Ramazan 1448
20270301|0531|0651|1243|1553|1825|1940|22 Ramazan 1448
20270302|0529|0650|1243|1553|1826|1941|23 Ramazan 1448
20270303|0528|0648|1243|1554|1827|1942|24 Ramazan 1448
20270304|0527|0647|1242|1555|1828|1943|25 Ramazan 1448
20270305|0525|0646|1242|1555|1829|1944|26 Ramazan 1448
20270306|0524|0644|1242|1556|1830|1945|27 Ramazan 1448
20270307|0522|0643|1242|1556|1831|1946|28 Ramazan 1448
20270308|0521|0641|1241|1557|1832|1947|29 Ramazan 1448
20270309|0519|0640|1241|1558|1833|1948|1 Şevval 1448
20270310|0518|0638|1241|1558|1834|1949|2 Şevval 1448
20270311|0516|0637|1241|1559|1835|1950|3 Şevval 1448
20270312|0515|0635|1240|1559|1836|1951|4 Şevval 1448
20270313|0513|0634|1240|1600|1837|1952|5 Şevval 1448
20270314|0512|0632|1240|1600|1838|1953|6 Şevval 1448
20270315|0510|0631|1240|1601|1839|1954|7 Şevval 1448
20270316|0508|0629|1239|1601|1840|1955|8 Şevval 1448
20270317|0507|0628|1239|1602|1841|1956|9 Şevval 1448
20270318|0505|0626|1239|1602|1842|1957|10 Şevval 1448
20270319|0504|0625|1239|1603|1842|1958|11 Şevval 1448
20270320|0502|0623|1238|1603|1843|1959|12 Şevval 1448
20270321|0500|0622|1238|1603|1844|2000|13 Şevval 1448
20270322|0459|0620|1238|1604|1845|2001|14 Şevval 1448
20270323|0457|0618|1237|1604|1846|2002|15 Şevval 1448
20270324|0455|0617|1237|1605|1847|2003|16 Şevval 1448
20270325|0454|0615|1237|1605|1848|2004|17 Şevval 1448
20270326|0452|0614|1236|1605|1849|2006|18 Şevval 1448
20270327|0450|0612|1236|1606|1850|2007|19 Şevval 1448
20270328|0449|0611|1236|1606|1851|2008|20 Şevval 1448
20270329|0447|0609|1236|1606|1852|2009|21 Şevval 1448
20270330|0445|0608|1235|1607|1853|2010|22 Şevval 1448
20270331|0444|0606|1235|1607|1854|2011|23 Şevval 1448
20270401|0442|0605|1235|1607|1855|2012|24 Şevval 1448
20270402|0440|0603|1234|1608|1856|2013|25 Şevval 1448
20270403|0438|0602|1234|1608|1856|2014|26 Şevval 1448
20270404|0437|0600|1234|1608|1857|2015|27 Şevval 1448
20270405|0435|0559|1233|1609|1858|2017|28 Şevval 1448
20270406|0433|0557|1233|1609|1859|2018|29 Şevval 1448
20270407|0431|0556|1233|1609|1900|2019|30 Şevval 1448
20270408|0430|0554|1233|1610|1901|2020|1 Zilkade 1448
20270409|0428|0553|1232|1610|1902|2021|2 Zilkade 1448
20270410|0426|0551|1232|1610|1903|2022|3 Zilkade 1448
20270411|0425|0550|1232|1610|1904|2023|4 Zilkade 1448
20270412|0423|0548|1232|1611|1905|2025|5 Zilkade 1448
20270413|0421|0547|1231|1611|1906|2026|6 Zilkade 1448
20270414|0419|0545|1231|1611|1907|2027|7 Zilkade 1448
20270415|0418|0544|1231|1611|1908|2028|8 Zilkade 1448
20270416|0416|0543|1231|1611|1908|2029|9 Zilkade 1448
20270417|0414|0541|1230|1612|1909|2031|10 Zilkade 1448
20270418|0413|0540|1230|1612|1910|2032|11 Zilkade 1448
20270419|0411|0538|1230|1612|1911|2033|12 Zilkade 1448
20270420|0409|0537|1230|1612|1912|2034|13 Zilkade 1448
20270421|0407|0536|1229|1613|1913|2036|14 Zilkade 1448
20270422|0406|0534|1229|1613|1914|2037|15 Zilkade 1448
20270423|0404|0533|1229|1613|1915|2038|16 Zilkade 1448
20270424|0402|0532|1229|1613|1916|2039|17 Zilkade 1448
20270425|0401|0530|1229|1613|1917|2041|18 Zilkade 1448
20270426|0359|0529|1228|1614|1918|2042|19 Zilkade 1448
20270427|0357|0528|1228|1614|1919|2043|20 Zilkade 1448
20270428|0356|0527|1228|1614|1920|2044|21 Zilkade 1448
20270429|0354|0525|1228|1614|1921|2046|22 Zilkade 1448
20270430|0353|0524|1228|1614|1922|2047|23 Zilkade 1448
20270501|0351|0523|1228|1615|1922|2048|24 Zilkade 1448
20270502|0349|0522|1228|1615|1923|2050|25 Zilkade 1448
20270503|0348|0521|1228|1615|1924|2051|26 Zilkade 1448
20270504|0346|0520|1227|1615|1925|2052|27 Zilkade 1448
20270505|0345|0519|1227|1615|1926|2053|28 Zilkade 1448
20270506|0343|0517|1227|1615|1927|2055|29 Zilkade 1448
20270507|0342|0516|1227|1616|1928|2056|1 Zilhicce 1448
20270508|0340|0515|1227|1616|1929|2057|2 Zilhicce 1448
20270509|0339|0514|1227|1616|1930|2059|3 Zilhicce 1448
20270510|0337|0513|1227|1616|1931|2100|4 Zilhicce 1448
20270511|0336|0512|1227|1616|1932|2101|5 Zilhicce 1448
20270512|0335|0511|1227|1617|1933|2103|6 Zilhicce 1448
20270513|0333|0510|1227|1617|1933|2104|7 Zilhicce 1448
20270514|0332|0510|1227|1617|1934|2105|8 Zilhicce 1448
20270515|0331|0509|1227|1617|1935|2106|9 Zilhicce 1448
20270516|0329|0508|1227|1617|1936|2108|10 Zilhicce 1448
20270517|0328|0507|1227|1618|1937|2109|11 Zilhicce 1448
20270518|0327|0506|1227|1618|1938|2110|12 Zilhicce 1448
20270519|0325|0505|1227|1618|1939|2112|13 Zilhicce 1448
20270520|0324|0505|1227|1618|1940|2113|14 Zilhicce 1448
20270521|0323|0504|1227|1618|1940|2114|15 Zilhicce 1448
20270522|0322|0503|1227|1619|1941|2115|16 Zilhicce 1448
20270523|0321|0503|1227|1619|1942|2116|17 Zilhicce 1448
20270524|0320|0502|1227|1619|1943|2118|18 Zilhicce 1448
20270525|0319|0501|1227|1619|1944|2119|19 Zilhicce 1448
20270526|0318|0501|1228|1620|1944|2120|20 Zilhicce 1448
20270527|0317|0500|1228|1620|1945|2121|21 Zilhicce 1448
20270528|0316|0500|1228|1620|1946|2122|22 Zilhicce 1448
20270529|0315|0459|1228|1620|1947|2123|23 Zilhicce 1448
20270530|0314|0459|1228|1620|1947|2124|24 Zilhicce 1448
20270531|0313|0458|1228|1621|1948|2125|25 Zilhicce 1448
20270601|0313|0458|1228|1621|1949|2126|26 Zilhicce 1448
20270602|0312|0457|1228|1621|1950|2127|27 Zilhicce 1448
20270603|0311|0457|1229|1621|1950|2128|28 Zilhicce 1448
20270604|0311|0457|1229|1622|1951|2129|29 Zilhicce 1448
20270605|0310|0457|1229|1622|1951|2130|30 Zilhicce 1448
20270606|0310|0456|1229|1622|1952|2131|1 Muharrem 1449
20270607|0309|0456|1229|1622|1953|2132|2 Muharrem 1449
20270608|0309|0456|1230|1623|1953|2133|3 Muharrem 1449
20270609|0308|0456|1230|1623|1954|2133|4 Muharrem 1449
20270610|0308|0456|1230|1623|1954|2134|5 Muharrem 1449
20270611|0308|0455|1230|1623|1955|2135|6 Muharrem 1449
20270612|0307|0455|1230|1624|1955|2135|7 Muharrem 1449
20270613|0307|0455|1230|1624|1956|2136|8 Muharrem 1449
20270614|0307|0455|1231|1624|1956|2137|9 Muharrem 1449
20270615|0307|0455|1231|1624|1957|2137|10 Muharrem 1449
20270616|0307|0455|1231|1625|1957|2138|11 Muharrem 1449
20270617|0307|0455|1231|1625|1957|2138|12 Muharrem 1449
20270618|0307|0456|1232|1625|1958|2138|13 Muharrem 1449
20270619|0307|0456|1232|1625|1958|2139|14 Muharrem 1449
20270620|0307|0456|1232|1625|1958|2139|15 Muharrem 1449
20270621|0307|0456|1232|1626|1958|2139|16 Muharrem 1449
20270622|0307|0456|1232|1626|1959|2140|17 Muharrem 1449
20270623|0307|0456|1233|1626|1959|2140|18 Muharrem 1449
20270624|0308|0457|1233|1626|1959|2140|19 Muharrem 1449
20270625|0308|0457|1233|1627|1959|2140|20 Muharrem 1449
20270626|0309|0457|1233|1627|1959|2140|21 Muharrem 1449
20270627|0309|0458|1234|1627|1959|2140|22 Muharrem 1449
20270628|0309|0458|1234|1627|1959|2140|23 Muharrem 1449
20270629|0310|0458|1234|1627|1959|2140|24 Muharrem 1449
20270630|0311|0459|1234|1627|1959|2140|25 Muharrem 1449
20270701|0311|0459|1234|1628|1959|2140|26 Muharrem 1449
20270702|0312|0500|1235|1628|1959|2139|27 Muharrem 1449
20270703|0313|0500|1235|1628|1959|2139|28 Muharrem 1449
20270704|0313|0501|1235|1628|1959|2139|29 Muharrem 1449
20270705|0314|0501|1235|1628|1959|2138|1 Safer 1449
20270706|0315|0502|1235|1628|1959|2138|2 Safer 1449
20270707|0316|0502|1235|1628|1958|2137|3 Safer 1449
20270708|0317|0503|1236|1629|1958|2137|4 Safer 1449
20270709|0317|0504|1236|1629|1958|2136|5 Safer 1449
20270710|0318|0504|1236|1629|1958|2136|6 Safer 1449
20270711|0319|0505|1236|1629|1957|2135|7 Safer 1449
20270712|0320|0506|1236|1629|1957|2134|8 Safer 1449
20270713|0321|0506|1236|1629|1956|2134|9 Safer 1449
20270714|0322|0507|1236|1629|1956|2133|10 Safer 1449
20270715|0323|0508|1236|1629|1955|2132|11 Safer 1449
20270716|0325|0508|1237|1629|1955|2131|12 Safer 1449
20270717|0326|0509|1237|1629|1954|2130|13 Safer 1449
20270718|0327|0510|1237|1629|1954|2129|14 Safer 1449
20270719|0328|0511|1237|1629|1953|2128|15 Safer 1449
20270720|0329|0511|1237|1629|1953|2127|16 Safer 1449
20270721|0330|0512|1237|1629|1952|2126|17 Safer 1449
20270722|0332|0513|1237|1629|1951|2125|18 Safer 1449
20270723|0333|0514|1237|1628|1951|2124|19 Safer 1449
20270724|0334|0514|1237|1628|1950|2123|20 Safer 1449
20270725|0335|0515|1237|1628|1949|2122|21 Safer 1449
20270726|0336|0516|1237|1628|1948|2121|22 Safer 1449
20270727|0338|0517|1237|1628|1947|2120|23 Safer 1449
20270728|0339|0518|1237|1628|1947|2118|24 Safer 1449
20270729|0340|0519|1237|1627|1946|2117|25 Safer 1449
20270730|0342|0519|1237|1627|1945|2116|26 Safer 1449
20270731|0343|0520|1237|1627|1944|2114|27 Safer 1449
20270801|0344|0521|1237|1627|1943|2113|28 Safer 1449
20270802|0345|0522|1237|1626|1942|2112|29 Safer 1449
20270803|0347|0523|1237|1626|1941|2110|1 Rebiulevvel 1449
20270804|0348|0524|1237|1626|1940|2109|2 Rebiulevvel 1449
20270805|0349|0524|1237|1626|1939|2108|3 Rebiulevvel 1449
20270806|0351|0525|1237|1625|1938|2106|4 Rebiulevvel 1449
20270807|0352|0526|1236|1625|1937|2105|5 Rebiulevvel 1449
20270808|0353|0527|1236|1624|1936|2103|6 Rebiulevvel 1449
20270809|0354|0528|1236|1624|1934|2102|7 Rebiulevvel 1449
20270810|0356|0529|1236|1624|1933|2100|8 Rebiulevvel 1449
20270811|0357|0530|1236|1623|1932|2059|9 Rebiulevvel 1449
20270812|0358|0531|1236|1623|1931|2057|10 Rebiulevvel 1449
20270813|0400|0531|1236|1622|1930|2055|11 Rebiulevvel 1449
20270814|0401|0532|1235|1622|1929|2054|12 Rebiulevvel 1449
20270815|0402|0533|1235|1621|1927|2052|13 Rebiulevvel 1449
20270816|0403|0534|1235|1621|1926|2051|14 Rebiulevvel 1449
20270817|0405|0535|1235|1620|1925|2049|15 Rebiulevvel 1449
20270818|0406|0536|1235|1620|1923|2047|16 Rebiulevvel 1449
20270819|0407|0537|1234|1619|1922|2046|17 Rebiulevvel 1449
20270820|0408|0538|1234|1618|1921|2044|18 Rebiulevvel 1449
20270821|0410|0538|1234|1618|1919|2042|19 Rebiulevvel 1449
20270822|0411|0539|1234|1617|1918|2041|20 Rebiulevvel 1449
20270823|0412|0540|1233|1616|1917|2039|21 Rebiulevvel 1449
20270824|0413|0541|1233|1616|1915|2037|22 Rebiulevvel 1449
20270825|0414|0542|1233|1615|1914|2036|23 Rebiulevvel 1449
20270826|0416|0543|1233|1614|1912|2034|24 Rebiulevvel 1449
20270827|0417|0544|1232|1614|1911|2032|25 Rebiulevvel 1449
20270828|0418|0544|1232|1613|1910|2030|26 Rebiulevvel 1449
20270829|0419|0545|1232|1612|1908|2029|27 Rebiulevvel 1449
20270830|0420|0546|1231|1611|1907|2027|28 Rebiulevvel 1449
20270831|0421|0547|1231|1610|1905|2025|29 Rebiulevvel 1449
20270901|0422|0548|1231|1610|1904|2024|30 Rebiulevvel 1449
20270902|0424|0549|1230|1609|1902|2022|1 Rebiulahir 1449
20270903|0425|0550|1230|1608|1901|2020|2 Rebiulahir 1449
20270904|0426|0550|1230|1607|1859|2018|3 Rebiulahir 1449
20270905|0427|0551|1229|1606|1858|2017|4 Rebiulahir 1449
20270906|0428|0552|1229|1605|1856|2015|5 Rebiulahir 1449
20270907|0429|0553|1229|1605|1855|2013|6 Rebiulahir 1449
20270908|0430|0554|1228|1604|1853|2011|7 Rebiulahir 1449
20270909|0431|0555|1228|1603|1852|2010|8 Rebiulahir 1449
20270910|0432|0556|1228|1602|1850|2008|9 Rebiulahir 1449
20270911|0433|0556|1227|1601|1849|2006|10 Rebiulahir 1449
20270912|0434|0557|1227|1600|1847|2004|11 Rebiulahir 1449
20270913|0435|0558|1227|1559|1845|2003|12 Rebiulahir 1449
20270914|0436|0559|1226|1558|1844|2001|13 Rebiulahir 1449
20270915|0437|0600|1226|1557|1842|1959|14 Rebiulahir 1449
20270916|0439|0601|1226|1556|1841|1958|15 Rebiulahir 1449
20270917|0440|0602|1225|1555|1839|1956|16 Rebiulahir 1449
20270918|0441|0602|1225|1554|1838|1954|17 Rebiulahir 1449
20270919|0442|0603|1225|1553|1836|1952|18 Rebiulahir 1449
20270920|0443|0604|1224|1552|1834|1951|19 Rebiulahir 1449
20270921|0444|0605|1224|1551|1833|1949|20 Rebiulahir 1449
20270922|0444|0606|1224|1550|1831|1947|21 Rebiulahir 1449
20270923|0445|0607|1223|1549|1830|1946|22 Rebiulahir 1449
20270924|0446|0608|1223|1548|1828|1944|23 Rebiulahir 1449
20270925|0447|0608|1222|1547|1827|1942|24 Rebiulahir 1449
20270926|0448|0609|1222|1546|1825|1941|25 Rebiulahir 1449
20270927|0449|0610|1222|1544|1823|1939|26 Rebiulahir 1449
20270928|0450|0611|1221|1543|1822|1937|27 Rebiulahir 1449
20270929|0451|0612|1221|1542|1820|1936|28 Rebiulahir 1449
20270930|0452|0613|1221|1541|1819|1934|29 Rebiulahir 1449
20271001|0453|0614|1220|1540|1817|1933|1 Cemaziyelevvel 1449
20271002|0454|0615|1220|1539|1816|1931|2 Cemaziyelevvel 1449
20271003|0455|0615|1220|1538|1814|1930|3 Cemaziyelevvel 1449
20271004|0456|0616|1219|1537|1813|1928|4 Cemaziyelevvel 1449
20271005|0457|0617|1219|1536|1811|1926|5 Cemaziyelevvel 1449
20271006|0458|0618|1219|1535|1810|1925|6 Cemaziyelevvel 1449
20271007|0459|0619|1219|1534|1808|1923|7 Cemaziyelevvel 1449
20271008|0500|0620|1218|1532|1807|1922|8 Cemaziyelevvel 1449
20271009|0501|0621|1218|1531|1805|1920|9 Cemaziyelevvel 1449
20271010|0501|0622|1218|1530|1804|1919|10 Cemaziyelevvel 1449
20271011|0502|0623|1217|1529|1802|1917|11 Cemaziyelevvel 1449
20271012|0503|0624|1217|1528|1801|1916|12 Cemaziyelevvel 1449
20271013|0504|0625|1217|1527|1759|1915|13 Cemaziyelevvel 1449
20271014|0505|0626|1217|1526|1758|1913|14 Cemaziyelevvel 1449
20271015|0506|0627|1216|1525|1756|1912|15 Cemaziyelevvel 1449
20271016|0507|0628|1216|1524|1755|1911|16 Cemaziyelevvel 1449
20271017|0508|0629|1216|1523|1754|1909|17 Cemaziyelevvel 1449
20271018|0509|0629|1216|1522|1752|1908|18 Cemaziyelevvel 1449
20271019|0510|0630|1216|1521|1751|1907|19 Cemaziyelevvel 1449
20271020|0511|0631|1215|1520|1750|1905|20 Cemaziyelevvel 1449
20271021|0512|0632|1215|1519|1748|1904|21 Cemaziyelevvel 1449
20271022|0512|0633|1215|1518|1747|1903|22 Cemaziyelevvel 1449
20271023|0513|0634|1215|1517|1746|1902|23 Cemaziyelevvel 1449
20271024|0514|0635|1215|1516|1744|1900|24 Cemaziyelevvel 1449
20271025|0515|0636|1215|1515|1743|1859|25 Cemaziyelevvel 1449
20271026|0516|0637|1215|1514|1742|1858|26 Cemaziyelevvel 1449
20271027|0517|0638|1214|1513|1741|1857|27 Cemaziyelevvel 1449
20271028|0518|0640|1214|1512|1739|1856|28 Cemaziyelevvel 1449
20271029|0519|0641|1214|1511|1738|1855|29 Cemaziyelevvel 1449
20271030|0520|0642|1214|1510|1737|1854|30 Cemaziyelevvel 1449
20271031|0521|0643|1214|1509|1736|1853|1 Cemaziyelahir 1449
20271101|0522|0644|1214|1508|1735|1852|2 Cemaziyelahir 1449
20271102|0523|0645|1214|1507|1734|1851|3 Cemaziyelahir 1449
20271103|0524|0646|1214|1506|1732|1850|4 Cemaziyelahir 1449
20271104|0524|0647|1214|1506|1731|1849|5 Cemaziyelahir 1449
20271105|0525|0648|1214|1505|1730|1848|6 Cemaziyelahir 1449
20271106|0526|0649|1214|1504|1729|1847|7 Cemaziyelahir 1449
20271107|0527|0650|1214|1503|1728|1846|8 Cemaziyelahir 1449
20271108|0528|0651|1214|1502|1727|1845|9 Cemaziyelahir 1449
20271109|0529|0652|1214|1502|1726|1844|10 Cemaziyelahir 1449
20271110|0530|0653|1214|1501|1726|1844|11 Cemaziyelahir 1449
20271111|0531|0654|1214|1500|1725|1843|12 Cemaziyelahir 1449
20271112|0532|0655|1215|1500|1724|1842|13 Cemaziyelahir 1449
20271113|0533|0656|1215|1459|1723|1842|14 Cemaziyelahir 1449
20271114|0534|0658|1215|1458|1722|1841|15 Cemaziyelahir 1449
20271115|0535|0659|1215|1458|1721|1840|16 Cemaziyelahir 1449
20271116|0536|0700|1215|1457|1721|1840|17 Cemaziyelahir 1449
20271117|0537|0701|1215|1457|1720|1839|18 Cemaziyelahir 1449
20271118|0537|0702|1216|1456|1719|1839|19 Cemaziyelahir 1449
20271119|0538|0703|1216|1456|1719|1838|20 Cemaziyelahir 1449
20271120|0539|0704|1216|1455|1718|1838|21 Cemaziyelahir 1449
20271121|0540|0705|1216|1455|1717|1837|22 Cemaziyelahir 1449
20271122|0541|0706|1216|1454|1717|1837|23 Cemaziyelahir 1449
20271123|0542|0707|1217|1454|1716|1836|24 Cemaziyelahir 1449
20271124|0543|0708|1217|1453|1716|1836|25 Cemaziyelahir 1449
20271125|0544|0709|1217|1453|1715|1836|26 Cemaziyelahir 1449
20271126|0545|0710|1218|1453|1715|1835|27 Cemaziyelahir 1449
20271127|0545|0711|1218|1453|1715|1835|28 Cemaziyelahir 1449
20271128|0546|0712|1218|1452|1714|1835|29 Cemaziyelahir 1449
20271129|0547|0713|1219|1452|1714|1835|1 Recep 1449
20271130|0548|0714|1219|1452|1714|1835|2 Recep 1449
20271201|0549|0715|1219|1452|1713|1834|3 Recep 1449
20271202|0550|0716|1220|1452|1713|1834|4 Recep 1449
20271203|0551|0717|1220|1452|1713|1834|5 Recep 1449
20271204|0551|0718|1220|1452|1713|1834|6 Recep 1449
20271205|0552|0719|1221|1452|1713|1834|7 Recep 1449
20271206|0553|0720|1221|1452|1713|1834|8 Recep 1449
20271207|0554|0721|1222|1452|1713|1834|9 Recep 1449
20271208|0555|0722|1222|1452|1713|1834|10 Recep 1449
20271209|0555|0722|1223|1452|1713|1835|11 Recep 1449
20271210|0556|0723|1223|1452|1713|1835|12 Recep 1449
20271211|0557|0724|1223|1452|1713|1835|13 Recep 1449
20271212|0557|0725|1224|1452|1713|1835|14 Recep 1449
20271213|0558|0726|1224|1452|1713|1835|15 Recep 1449
20271214|0559|0726|1225|1453|1713|1836|16 Recep 1449
20271215|0559|0727|1225|1453|1714|1836|17 Recep 1449
20271216|0600|0728|1226|1453|1714|1836|18 Recep 1449
20271217|0601|0728|1226|1454|1714|1837|19 Recep 1449
20271218|0601|0729|1227|1454|1715|1837|20 Recep 1449
20271219|0602|0730|1227|1454|1715|1837|21 Recep 1449
20271220|0602|0730|1228|1455|1715|1838|22 Recep 1449
20271221|0603|0731|1228|1455|1716|1838|23 Recep 1449
20271222|0603|0731|1229|1456|1716|1839|24 Recep 1449
20271223|0604|0732|1229|1456|1717|1839|25 Recep 1449
20271224|0604|0732|1230|1457|1717|1840|26 Recep 1449
20271225|0605|0733|1230|1457|1718|1840|27 Recep 1449
20271226|0605|0733|1231|1458|1719|1841|28 Recep 1449
20271227|0606|0733|1231|1459|1719|1842|29 Recep 1449
20271228|0606|0734|1232|1459|1720|1842|30 Recep 1449
20271229|0606|0734|1232|1500|1721|1843|1 Şaban 1449
20271230|0607|0734|1233|1500|1721|1843|2 Şaban 1449
20271231|0607|0734|1233|1501|1722|1844|3 Şaban 1449
#@9166|Tut|ADIYAMAN|730
20260101|0610|0737|1237|1506|1727|1848|12 Recep 1447
20260102|0610|0737|1237|1506|1727|1849|13 Recep 1447
20260103|0610|0737|1238|1507|1728|1850|14 Recep 1447
20260104|0610|0737|1238|1508|1729|1851|15 Recep 1447
20260105|0611|0737|1239|1509|1730|1851|16 Recep 1447
20260106|0611|0737|1239|1510|1731|1852|17 Recep 1447
20260107|0611|0737|1239|1510|1732|1853|18 Recep 1447
20260108|0611|0737|1240|1511|1733|1854|19 Recep 1447
20260109|0611|0737|1240|1512|1734|1855|20 Recep 1447
20260110|0611|0737|1241|1513|1735|1855|21 Recep 1447
20260111|0611|0737|1241|1514|1735|1856|22 Recep 1447
20260112|0611|0737|1241|1515|1736|1857|23 Recep 1447
20260113|0611|0736|1242|1516|1737|1858|24 Recep 1447
20260114|0610|0736|1242|1517|1738|1859|25 Recep 1447
20260115|0610|0736|1243|1518|1739|1900|26 Recep 1447
20260116|0610|0735|1243|1518|1741|1901|27 Recep 1447
20260117|0610|0735|1243|1519|1742|1902|28 Recep 1447
20260118|0610|0735|1244|1520|1743|1903|29 Recep 1447
20260119|0609|0734|1244|1521|1744|1903|30 Recep 1447
20260120|0609|0734|1244|1522|1745|1904|1 Şaban 1447
20260121|0609|0733|1245|1523|1746|1905|2 Şaban 1447
20260122|0608|0733|1245|1524|1747|1906|3 Şaban 1447
20260123|0608|0732|1245|1525|1748|1907|4 Şaban 1447
20260124|0607|0732|1245|1526|1749|1908|5 Şaban 1447
20260125|0607|0731|1246|1527|1750|1909|6 Şaban 1447
20260126|0606|0730|1246|1528|1751|1910|7 Şaban 1447
20260127|0606|0730|1246|1529|1752|1911|8 Şaban 1447
20260128|0605|0729|1246|1530|1754|1912|9 Şaban 1447
20260129|0605|0728|1246|1531|1755|1913|10 Şaban 1447
20260130|0604|0727|1247|1532|1756|1914|11 Şaban 1447
20260131|0603|0727|1247|1533|1757|1915|12 Şaban 1447
20260201|0603|0726|1247|1534|1758|1916|13 Şaban 1447
20260202|0602|0725|1247|1534|1759|1917|14 Şaban 1447
20260203|0601|0724|1247|1535|1800|1918|15 Şaban 1447
20260204|0601|0723|1247|1536|1801|1919|16 Şaban 1447
20260205|0600|0722|1247|1537|1802|1920|17 Şaban 1447
20260206|0559|0721|1247|1538|1804|1921|18 Şaban 1447
20260207|0558|0720|1247|1539|1805|1922|19 Şaban 1447
20260208|0557|0719|1247|1540|1806|1923|20 Şaban 1447
20260209|0556|0718|1248|1541|1807|1924|21 Şaban 1447
20260210|0555|0717|1248|1542|1808|1925|22 Şaban 1447
20260211|0554|0716|1248|1542|1809|1926|23 Şaban 1447
20260212|0553|0715|1248|1543|1810|1927|24 Şaban 1447
20260213|0552|0714|1248|1544|1811|1928|25 Şaban 1447
20260214|0551|0713|1248|1545|1812|1929|26 Şaban 1447
20260215|0550|0712|1247|1546|1813|1930|27 Şaban 1447
20260216|0549|0710|1247|1547|1815|1931|28 Şaban 1447
20260217|0548|0709|1247|1547|1816|1932|29 Şaban 1447
20260218|0547|0708|1247|1548|1817|1932|30 Şaban 1447
20260219|0546|0707|1247|1549|1818|1933|1 Ramazan 1447
20260220|0545|0705|1247|1550|1819|1934|2 Ramazan 1447
20260221|0544|0704|1247|1550|1820|1935|3 Ramazan 1447
20260222|0542|0703|1247|1551|1821|1936|4 Ramazan 1447
20260223|0541|0702|1247|1552|1822|1937|5 Ramazan 1447
20260224|0540|0700|1247|1553|1823|1938|6 Ramazan 1447
20260225|0539|0659|1246|1553|1824|1939|7 Ramazan 1447
20260226|0537|0658|1246|1554|1825|1940|8 Ramazan 1447
20260227|0536|0656|1246|1555|1826|1941|9 Ramazan 1447
20260228|0535|0655|1246|1555|1827|1942|10 Ramazan 1447
20260301|0533|0653|1246|1556|1828|1943|11 Ramazan 1447
20260302|0532|0652|1246|1557|1829|1944|12 Ramazan 1447
20260303|0531|0651|1245|1557|1830|1945|13 Ramazan 1447
20260304|0529|0649|1245|1558|1831|1946|14 Ramazan 1447
20260305|0528|0648|1245|1558|1832|1947|15 Ramazan 1447
20260306|0526|0646|1245|1559|1833|1948|16 Ramazan 1447
20260307|0525|0645|1244|1600|1834|1949|17 Ramazan 1447
20260308|0523|0643|1244|1600|1835|1950|18 Ramazan 1447
20260309|0522|0642|1244|1601|1836|1951|19 Ramazan 1447
20260310|0520|0641|1244|1601|1837|1952|20 Ramazan 1447
20260311|0519|0639|1243|1602|1838|1953|21 Ramazan 1447
20260312|0517|0638|1243|1602|1839|1954|22 Ramazan 1447
20260313|0516|0636|1243|1603|1840|1955|23 Ramazan 1447
20260314|0514|0635|1243|1603|1841|1956|24 Ramazan 1447
20260315|0513|0633|1242|1604|1842|1957|25 Ramazan 1447
20260316|0511|0632|1242|1604|1843|1958|26 Ramazan 1447
20260317|0510|0630|1242|1605|1844|1959|27 Ramazan 1447
20260318|0508|0629|1242|1605|1845|2000|28 Ramazan 1447
20260319|0506|0627|1241|1606|1846|2001|29 Ramazan 1447
20260320|0505|0626|1241|1606|1846|2002|1 Şevval 1447
20260321|0503|0624|1241|1606|1847|2003|2 Şevval 1447
20260322|0501|0622|1240|1607|1848|2004|3 Şevval 1447
20260323|0500|0621|1240|1607|1849|2005|4 Şevval 1447
20260324|0458|0619|1240|1608|1850|2006|5 Şevval 1447
20260325|0456|0618|1239|1608|1851|2007|6 Şevval 1447
20260326|0455|0616|1239|1608|1852|2008|7 Şevval 1447
20260327|0453|0615|1239|1609|1853|2009|8 Şevval 1447
20260328|0451|0613|1239|1609|1854|2010|9 Şevval 1447
20260329|0450|0612|1238|1609|1855|2011|10 Şevval 1447
20260330|0448|0610|1238|1610|1856|2013|11 Şevval 1447
20260331|0446|0609|1238|1610|1857|2014|12 Şevval 1447
20260401|0445|0607|1237|1610|1858|2015|13 Şevval 1447
20260402|0443|0606|1237|1611|1858|2016|14 Şevval 1447
20260403|0441|0604|1237|1611|1859|2017|15 Şevval 1447
20260404|0440|0603|1236|1611|1900|2018|16 Şevval 1447
20260405|0438|0601|1236|1611|1901|2019|17 Şevval 1447
20260406|0436|0600|1236|1612|1902|2020|18 Şevval 1447
20260407|0434|0558|1236|1612|1903|2021|19 Şevval 1447
20260408|0433|0557|1235|1612|1904|2022|20 Şevval 1447
20260409|0431|0555|1235|1613|1905|2024|21 Şevval 1447
20260410|0429|0554|1235|1613|1906|2025|22 Şevval 1447
20260411|0428|0552|1235|1613|1907|2026|23 Şevval 1447
20260412|0426|0551|1234|1613|1908|2027|24 Şevval 1447
20260413|0424|0550|1234|1613|1908|2028|25 Şevval 1447
20260414|0422|0548|1234|1614|1909|2029|26 Şevval 1447
20260415|0421|0547|1234|1614|1910|2031|27 Şevval 1447
20260416|0419|0545|1233|1614|1911|2032|28 Şevval 1447
20260417|0417|0544|1233|1614|1912|2033|29 Şevval 1447
20260418|0416|0543|1233|1615|1913|2034|1 Zilkade 1447
20260419|0414|0541|1233|1615|1914|2035|2 Zilkade 1447
20260420|0412|0540|1232|1615|1915|2037|3 Zilkade 1447
20260421|0411|0539|1232|1615|1916|2038|4 Zilkade 1447
20260422|0409|0537|1232|1615|1917|2039|5 Zilkade 1447
20260423|0407|0536|1232|1616|1918|2040|6 Zilkade 1447
20260424|0406|0535|1232|1616|1919|2042|7 Zilkade 1447
20260425|0404|0533|1231|1616|1920|2043|8 Zilkade 1447
20260426|0402|0532|1231|1616|1920|2044|9 Zilkade 1447
20260427|0401|0531|1231|1616|1921|2045|10 Zilkade 1447
20260428|0359|0530|1231|1617|1922|2047|11 Zilkade 1447
20260429|0358|0528|1231|1617|1923|2048|12 Zilkade 1447
20260430|0356|0527|1231|1617|1924|2049|13 Zilkade 1447
20260501|0354|0526|1231|1617|1925|2050|14 Zilkade 1447
20260502|0353|0525|1230|1617|1926|2052|15 Zilkade 1447
20260503|0351|0524|1230|1617|1927|2053|16 Zilkade 1447
20260504|0350|0523|1230|1618|1928|2054|17 Zilkade 1447
20260505|0348|0522|1230|1618|1929|2056|18 Zilkade 1447
20260506|0347|0520|1230|1618|1930|2057|19 Zilkade 1447
20260507|0345|0519|1230|1618|1931|2058|20 Zilkade 1447
20260508|0344|0518|1230|1618|1931|2100|21 Zilkade 1447
20260509|0342|0517|1230|1619|1932|2101|22 Zilkade 1447
20260510|0341|0516|1230|1619|1933|2102|23 Zilkade 1447
20260511|0340|0515|1230|1619|1934|2103|24 Zilkade 1447
20260512|0338|0514|1230|1619|1935|2105|25 Zilkade 1447
20260513|0337|0514|1230|1619|1936|2106|26 Zilkade 1447
20260514|0335|0513|1230|1620|1937|2107|27 Zilkade 1447
20260515|0334|0512|1230|1620|1938|2108|28 Zilkade 1447
20260516|0333|0511|1230|1620|1939|2110|29 Zilkade 1447
20260517|0332|0510|1230|1620|1939|2111|30 Zilkade 1447
20260518|0330|0509|1230|1620|1940|2112|1 Zilhicce 1447
20260519|0329|0509|1230|1620|1941|2113|2 Zilhicce 1447
20260520|0328|0508|1230|1621|1942|2115|3 Zilhicce 1447
20260521|0327|0507|1230|1621|1943|2116|4 Zilhicce 1447
20260522|0326|0506|1230|1621|1944|2117|5 Zilhicce 1447
20260523|0325|0506|1230|1621|1944|2118|6 Zilhicce 1447
20260524|0324|0505|1230|1622|1945|2119|7 Zilhicce 1447
20260525|0323|0505|1230|1622|1946|2121|8 Zilhicce 1447
20260526|0322|0504|1230|1622|1947|2122|9 Zilhicce 1447
20260527|0321|0503|1230|1622|1948|2123|10 Zilhicce 1447
20260528|0320|0503|1231|1622|1948|2124|11 Zilhicce 1447
20260529|0319|0503|1231|1623|1949|2125|12 Zilhicce 1447
20260530|0318|0502|1231|1623|1950|2126|13 Zilhicce 1447
20260531|0318|0502|1231|1623|1950|2127|14 Zilhicce 1447
20260601|0317|0501|1231|1623|1951|2128|15 Zilhicce 1447
20260602|0316|0501|1231|1624|1952|2129|16 Zilhicce 1447
20260603|0315|0501|1231|1624|1952|2130|17 Zilhicce 1447
20260604|0315|0500|1232|1624|1953|2131|18 Zilhicce 1447
20260605|0314|0500|1232|1624|1954|2132|19 Zilhicce 1447
20260606|0314|0500|1232|1624|1954|2133|20 Zilhicce 1447
20260607|0313|0500|1232|1625|1955|2133|21 Zilhicce 1447
20260608|0313|0459|1232|1625|1955|2134|22 Zilhicce 1447
20260609|0312|0459|1233|1625|1956|2135|23 Zilhicce 1447
20260610|0312|0459|1233|1625|1956|2136|24 Zilhicce 1447
20260611|0312|0459|1233|1626|1957|2136|25 Zilhicce 1447
20260612|0312|0459|1233|1626|1957|2137|26 Zilhicce 1447
20260613|0311|0459|1233|1626|1958|2138|27 Zilhicce 1447
20260614|0311|0459|1234|1626|1958|2138|28 Zilhicce 1447
20260615|0311|0459|1234|1627|1959|2139|29 Zilhicce 1447
20260616|0311|0459|1234|1627|1959|2139|1 Muharrem 1448
20260617|0311|0459|1234|1627|1959|2140|2 Muharrem 1448
20260618|0311|0459|1234|1627|2000|2140|3 Muharrem 1448
20260619|0311|0459|1235|1628|2000|2140|4 Muharrem 1448
20260620|0311|0459|1235|1628|2000|2141|5 Muharrem 1448
20260621|0311|0500|1235|1628|2001|2141|6 Muharrem 1448
20260622|0312|0500|1235|1628|2001|2141|7 Muharrem 1448
20260623|0312|0500|1236|1628|2001|2141|8 Muharrem 1448
20260624|0312|0500|1236|1629|2001|2141|9 Muharrem 1448
20260625|0313|0501|1236|1629|2001|2141|10 Muharrem 1448
20260626|0313|0501|1236|1629|2001|2141|11 Muharrem 1448
20260627|0313|0501|1236|1629|2001|2141|12 Muharrem 1448
20260628|0314|0502|1237|1629|2001|2141|13 Muharrem 1448
20260629|0314|0502|1237|1630|2001|2141|14 Muharrem 1448
20260630|0315|0503|1237|1630|2001|2141|15 Muharrem 1448
20260701|0316|0503|1237|1630|2001|2141|16 Muharrem 1448
20260702|0316|0503|1237|1630|2001|2141|17 Muharrem 1448
20260703|0317|0504|1238|1630|2001|2140|18 Muharrem 1448
20260704|0318|0504|1238|1630|2001|2140|19 Muharrem 1448
20260705|0319|0505|1238|1631|2001|2140|20 Muharrem 1448
20260706|0319|0506|1238|1631|2001|2139|21 Muharrem 1448
20260707|0320|0506|1238|1631|2000|2139|22 Muharrem 1448
20260708|0321|0507|1238|1631|2000|2138|23 Muharrem 1448
20260709|0322|0507|1239|1631|2000|2138|24 Muharrem 1448
20260710|0323|0508|1239|1631|2000|2137|25 Muharrem 1448
20260711|0324|0509|1239|1631|1959|2136|26 Muharrem 1448
20260712|0325|0509|1239|1631|1959|2136|27 Muharrem 1448
20260713|0326|0510|1239|1631|1958|2135|28 Muharrem 1448
20260714|0327|0511|1239|1631|1958|2134|29 Muharrem 1448
20260715|0328|0511|1239|1631|1957|2133|1 Safer 1448
20260716|0329|0512|1239|1631|1957|2132|2 Safer 1448
20260717|0330|0513|1240|1631|1956|2132|3 Safer 1448
20260718|0331|0513|1240|1631|1956|2131|4 Safer 1448
20260719|0332|0514|1240|1631|1955|2130|5 Safer 1448
20260720|0334|0515|1240|1631|1955|2129|6 Safer 1448
20260721|0335|0516|1240|1631|1954|2128|7 Safer 1448
20260722|0336|0516|1240|1631|1953|2127|8 Safer 1448
20260723|0337|0517|1240|1631|1953|2126|9 Safer 1448
20260724|0338|0518|1240|1631|1952|2124|10 Safer 1448
20260725|0340|0519|1240|1631|1951|2123|11 Safer 1448
20260726|0341|0520|1240|1630|1950|2122|12 Safer 1448
20260727|0342|0520|1240|1630|1949|2121|13 Safer 1448
20260728|0343|0521|1240|1630|1949|2120|14 Safer 1448
20260729|0345|0522|1240|1630|1948|2118|15 Safer 1448
20260730|0346|0523|1240|1630|1947|2117|16 Safer 1448
20260731|0347|0524|1240|1629|1946|2116|17 Safer 1448
20260801|0348|0525|1240|1629|1945|2115|18 Safer 1448
20260802|0350|0525|1240|1629|1944|2113|19 Safer 1448
20260803|0351|0526|1240|1629|1943|2112|20 Safer 1448
20260804|0352|0527|1240|1628|1942|2110|21 Safer 1448
20260805|0353|0528|1239|1628|1941|2109|22 Safer 1448
20260806|0355|0529|1239|1628|1940|2108|23 Safer 1448
20260807|0356|0530|1239|1627|1939|2106|24 Safer 1448
20260808|0357|0531|1239|1627|1938|2105|25 Safer 1448
20260809|0359|0531|1239|1626|1937|2103|26 Safer 1448
20260810|0400|0532|1239|1626|1935|2102|27 Safer 1448
20260811|0401|0533|1239|1626|1934|2100|28 Safer 1448
20260812|0402|0534|1239|1625|1933|2058|29 Safer 1448
20260813|0404|0535|1238|1625|1932|2057|30 Safer 1448
20260814|0405|0536|1238|1624|1931|2055|1 Rebiulevvel 1448
20260815|0406|0537|1238|1624|1929|2054|2 Rebiulevvel 1448
20260816|0407|0537|1238|1623|1928|2052|3 Rebiulevvel 1448
20260817|0409|0538|1238|1622|1927|2051|4 Rebiulevvel 1448
20260818|0410|0539|1237|1622|1926|2049|5 Rebiulevvel 1448
20260819|0411|0540|1237|1621|1924|2047|6 Rebiulevvel 1448
20260820|0412|0541|1237|1621|1923|2046|7 Rebiulevvel 1448
20260821|0413|0542|1237|1620|1922|2044|8 Rebiulevvel 1448
20260822|0415|0543|1236|1619|1920|2042|9 Rebiulevvel 1448
20260823|0416|0543|1236|1619|1919|2041|10 Rebiulevvel 1448
20260824|0417|0544|1236|1618|1917|2039|11 Rebiulevvel 1448
20260825|0418|0545|1236|1617|1916|2037|12 Rebiulevvel 1448
20260826|0419|0546|1235|1617|1915|2036|13 Rebiulevvel 1448
20260827|0420|0547|1235|1616|1913|2034|14 Rebiulevvel 1448
20260828|0422|0548|1235|1615|1912|2032|15 Rebiulevvel 1448
20260829|0423|0549|1234|1615|1910|2030|16 Rebiulevvel 1448
20260830|0424|0549|1234|1614|1909|2029|17 Rebiulevvel 1448
20260831|0425|0550|1234|1613|1907|2027|18 Rebiulevvel 1448
20260901|0426|0551|1234|1612|1906|2025|19 Rebiulevvel 1448
20260902|0427|0552|1233|1611|1904|2024|20 Rebiulevvel 1448
20260903|0428|0553|1233|1611|1903|2022|21 Rebiulevvel 1448
20260904|0429|0554|1233|1610|1901|2020|22 Rebiulevvel 1448
20260905|0431|0554|1232|1609|1900|2018|23 Rebiulevvel 1448
20260906|0432|0555|1232|1608|1858|2017|24 Rebiulevvel 1448
20260907|0433|0556|1232|1607|1857|2015|25 Rebiulevvel 1448
20260908|0434|0557|1231|1606|1855|2013|26 Rebiulevvel 1448
20260909|0435|0558|1231|1605|1854|2012|27 Rebiulevvel 1448
20260910|0436|0559|1231|1604|1852|2010|28 Rebiulevvel 1448
20260911|0437|0600|1230|1603|1851|2008|29 Rebiulevvel 1448
20260912|0438|0600|1230|1602|1849|2006|1 Rebiulahir 1448
20260913|0439|0601|1229|1601|1848|2005|2 Rebiulahir 1448
20260914|0440|0602|1229|1601|1846|2003|3 Rebiulahir 1448
20260915|0441|0603|1229|1600|1845|2001|4 Rebiulahir 1448
20260916|0442|0604|1228|1559|1843|2000|5 Rebiulahir 1448
20260917|0443|0605|1228|1558|1842|1958|6 Rebiulahir 1448
20260918|0444|0605|1228|1557|1840|1956|7 Rebiulahir 1448
20260919|0445|0606|1227|1556|1838|1954|8 Rebiulahir 1448
20260920|0446|0607|1227|1554|1837|1953|9 Rebiulahir 1448
20260921|0447|0608|1227|1553|1835|1951|10 Rebiulahir 1448
20260922|0448|0609|1226|1552|1834|1949|11 Rebiulahir 1448
20260923|0449|0610|1226|1551|1832|1948|12 Rebiulahir 1448
20260924|0450|0611|1226|1550|1831|1946|13 Rebiulahir 1448
20260925|0451|0611|1225|1549|1829|1944|14 Rebiulahir 1448
20260926|0452|0612|1225|1548|1827|1943|15 Rebiulahir 1448
20260927|0453|0613|1225|1547|1826|1941|16 Rebiulahir 1448
20260928|0454|0614|1224|1546|1824|1940|17 Rebiulahir 1448
20260929|0455|0615|1224|1545|1823|1938|18 Rebiulahir 1448
20260930|0455|0616|1224|1544|1821|1936|19 Rebiulahir 1448
20261001|0456|0617|1223|1543|1820|1935|20 Rebiulahir 1448
20261002|0457|0618|1223|1542|1818|1933|21 Rebiulahir 1448
20261003|0458|0618|1223|1541|1817|1932|22 Rebiulahir 1448
20261004|0459|0619|1222|1540|1815|1930|23 Rebiulahir 1448
20261005|0500|0620|1222|1539|1814|1929|24 Rebiulahir 1448
20261006|0501|0621|1222|1537|1812|1927|25 Rebiulahir 1448
20261007|0502|0622|1221|1536|1811|1926|26 Rebiulahir 1448
20261008|0503|0623|1221|1535|1809|1924|27 Rebiulahir 1448
20261009|0504|0624|1221|1534|1808|1923|28 Rebiulahir 1448
20261010|0505|0625|1220|1533|1806|1921|29 Rebiulahir 1448
20261011|0506|0626|1220|1532|1805|1920|30 Rebiulahir 1448
20261012|0506|0627|1220|1531|1803|1918|1 Cemaziyelevvel 1448
20261013|0507|0628|1220|1530|1802|1917|2 Cemaziyelevvel 1448
20261014|0508|0628|1219|1529|1801|1916|3 Cemaziyelevvel 1448
20261015|0509|0629|1219|1528|1759|1914|4 Cemaziyelevvel 1448
20261016|0510|0630|1219|1527|1758|1913|5 Cemaziyelevvel 1448
20261017|0511|0631|1219|1526|1756|1912|6 Cemaziyelevvel 1448
20261018|0512|0632|1219|1525|1755|1910|7 Cemaziyelevvel 1448
20261019|0513|0633|1218|1524|1754|1909|8 Cemaziyelevvel 1448
20261020|0514|0634|1218|1523|1752|1908|9 Cemaziyelevvel 1448
20261021|0515|0635|1218|1522|1751|1907|10 Cemaziyelevvel 1448
20261022|0516|0636|1218|1521|1750|1905|11 Cemaziyelevvel 1448
20261023|0516|0637|1218|1520|1748|1904|12 Cemaziyelevvel 1448
20261024|0517|0638|1218|1519|1747|1903|13 Cemaziyelevvel 1448
20261025|0518|0639|1217|1518|1746|1902|14 Cemaziyelevvel 1448
20261026|0519|0640|1217|1517|1745|1901|15 Cemaziyelevvel 1448
20261027|0520|0641|1217|1516|1743|1859|16 Cemaziyelevvel 1448
20261028|0521|0642|1217|1515|1742|1858|17 Cemaziyelevvel 1448
20261029|0522|0643|1217|1514|1741|1857|18 Cemaziyelevvel 1448
20261030|0523|0644|1217|1513|1740|1856|19 Cemaziyelevvel 1448
20261031|0524|0645|1217|1512|1739|1855|20 Cemaziyelevvel 1448
20261101|0525|0646|1217|1511|1738|1854|21 Cemaziyelevvel 1448
20261102|0526|0647|1217|1510|1737|1853|22 Cemaziyelevvel 1448
20261103|0526|0648|1217|1509|1735|1852|23 Cemaziyelevvel 1448
20261104|0527|0649|1217|1509|1734|1851|24 Cemaziyelevvel 1448
20261105|0528|0651|1217|1508|1733|1851|25 Cemaziyelevvel 1448
20261106|0529|0652|1217|1507|1732|1850|26 Cemaziyelevvel 1448
20261107|0530|0653|1217|1506|1731|1849|27 Cemaziyelevvel 1448
20261108|0531|0654|1217|1506|1730|1848|28 Cemaziyelevvel 1448
20261109|0532|0655|1217|1505|1730|1847|29 Cemaziyelevvel 1448
20261110|0533|0656|1217|1504|1729|1846|1 Cemaziyelahir 1448
20261111|0534|0657|1217|1503|1728|1846|2 Cemaziyelahir 1448
20261112|0535|0658|1217|1503|1727|1845|3 Cemaziyelahir 1448
20261113|0536|0659|1218|1502|1726|1844|4 Cemaziyelahir 1448
20261114|0537|0700|1218|1502|1725|1844|5 Cemaziyelahir 1448
20261115|0537|0701|1218|1501|1725|1843|6 Cemaziyelahir 1448
20261116|0538|0702|1218|1500|1724|1843|7 Cemaziyelahir 1448
20261117|0539|0703|1218|1500|1723|1842|8 Cemaziyelahir 1448
20261118|0540|0704|1218|1459|1722|1841|9 Cemaziyelahir 1448
20261119|0541|0705|1219|1459|1722|1841|10 Cemaziyelahir 1448
20261120|0542|0706|1219|1458|1721|1841|11 Cemaziyelahir 1448
20261121|0543|0708|1219|1458|1721|1840|12 Cemaziyelahir 1448
20261122|0544|0709|1219|1458|1720|1840|13 Cemaziyelahir 1448
20261123|0545|0710|1220|1457|1720|1839|14 Cemaziyelahir 1448
20261124|0546|0711|1220|1457|1719|1839|15 Cemaziyelahir 1448
20261125|0546|0712|1220|1457|1719|1839|16 Cemaziyelahir 1448
20261126|0547|0713|1220|1456|1718|1838|17 Cemaziyelahir 1448
20261127|0548|0714|1221|1456|1718|1838|18 Cemaziyelahir 1448
20261128|0549|0715|1221|1456|1718|1838|19 Cemaziyelahir 1448
20261129|0550|0716|1221|1456|1717|1838|20 Cemaziyelahir 1448
20261130|0551|0717|1222|1455|1717|1838|21 Cemaziyelahir 1448
20261201|0552|0718|1222|1455|1717|1838|22 Cemaziyelahir 1448
20261202|0552|0719|1223|1455|1717|1838|23 Cemaziyelahir 1448
20261203|0553|0719|1223|1455|1716|1837|24 Cemaziyelahir 1448
20261204|0554|0720|1223|1455|1716|1837|25 Cemaziyelahir 1448
20261205|0555|0721|1224|1455|1716|1837|26 Cemaziyelahir 1448
20261206|0556|0722|1224|1455|1716|1837|27 Cemaziyelahir 1448
20261207|0556|0723|1225|1455|1716|1838|28 Cemaziyelahir 1448
20261208|0557|0724|1225|1455|1716|1838|29 Cemaziyelahir 1448
20261209|0558|0725|1225|1455|1716|1838|30 Cemaziyelahir 1448
20261210|0559|0726|1226|1455|1716|1838|1 Recep 1448
20261211|0559|0726|1226|1456|1716|1838|2 Recep 1448
20261212|0600|0727|1227|1456|1717|1838|3 Recep 1448
20261213|0601|0728|1227|1456|1717|1839|4 Recep 1448
20261214|0601|0729|1228|1456|1717|1839|5 Recep 1448
20261215|0602|0729|1228|1457|1717|1839|6 Recep 1448
20261216|0603|0730|1229|1457|1718|1840|7 Recep 1448
20261217|0603|0731|1229|1457|1718|1840|8 Recep 1448
20261218|0604|0731|1230|1458|1718|1840|9 Recep 1448
20261219|0604|0732|1230|1458|1719|1841|10 Recep 1448
20261220|0605|0732|1231|1458|1719|1841|11 Recep 1448
20261221|0606|0733|1231|1459|1720|1842|12 Recep 1448
20261222|0606|0733|1232|1459|1720|1842|13 Recep 1448
20261223|0607|0734|1232|1500|1721|1843|14 Recep 1448
20261224|0607|0734|1233|1500|1721|1843|15 Recep 1448
20261225|0607|0735|1233|1501|1722|1844|16 Recep 1448
20261226|0608|0735|1234|1502|1722|1844|17 Recep 1448
20261227|0608|0735|1234|1502|1723|1845|18 Recep 1448
20261228|0609|0736|1235|1503|1724|1845|19 Recep 1448
20261229|0609|0736|1235|1503|1724|1846|20 Recep 1448
20261230|0609|0736|1236|1504|1725|1847|21 Recep 1448
20261231|0609|0737|1236|1505|1726|1847|22 Recep 1448
20270101|0610|0737|1237|1506|1726|1848|23 Recep 1448
20270102|0610|0737|1237|1506|1727|1849|24 Recep 1448
20270103|0610|0737|1238|1507|1728|1850|25 Recep 1448
20270104|0610|0737|1238|1508|1729|1850|26 Recep 1448
20270105|0610|0737|1238|1509|1730|1851|27 Recep 1448
20270106|0611|0737|1239|1509|1731|1852|28 Recep 1448
20270107|0611|0737|1239|1510|1731|1853|29 Recep 1448
20270108|0611|0737|1240|1511|1732|1854|30 Recep 1448
20270109|0611|0737|1240|1512|1733|1854|1 Şaban 1448
20270110|0611|0737|1241|1513|1734|1855|2 Şaban 1448
20270111|0611|0737|1241|1514|1735|1856|3 Şaban 1448
20270112|0611|0737|1241|1515|1736|1857|4 Şaban 1448
20270113|0611|0736|1242|1515|1737|1858|5 Şaban 1448
20270114|0610|0736|1242|1516|1738|1859|6 Şaban 1448
20270115|0610|0736|1243|1517|1739|1900|7 Şaban 1448
20270116|0610|0735|1243|1518|1740|1900|8 Şaban 1448
20270117|0610|0735|1243|1519|1741|1901|9 Şaban 1448
20270118|0610|0735|1244|1520|1742|1902|10 Şaban 1448
20270119|0609|0734|1244|1521|1743|1903|11 Şaban 1448
20270120|0609|0734|1244|1522|1744|1904|12 Şaban 1448
20270121|0609|0733|1244|1523|1746|1905|13 Şaban 1448
20270122|0608|0733|1245|1524|1747|1906|14 Şaban 1448
20270123|0608|0732|1245|1525|1748|1907|15 Şaban 1448
20270124|0607|0732|1245|1526|1749|1908|16 Şaban 1448
20270125|0607|0731|1245|1527|1750|1909|17 Şaban 1448
20270126|0607|0730|1246|1528|1751|1910|18 Şaban 1448
20270127|0606|0730|1246|1529|1752|1911|19 Şaban 1448
20270128|0605|0729|1246|1530|1753|1912|20 Şaban 1448
20270129|0605|0728|1246|1530|1754|1913|21 Şaban 1448
20270130|0604|0728|1247|1531|1755|1914|22 Şaban 1448
20270131|0604|0727|1247|1532|1757|1915|23 Şaban 1448
20270201|0603|0726|1247|1533|1758|1916|24 Şaban 1448
20270202|0602|0725|1247|1534|1759|1917|25 Şaban 1448
20270203|0601|0724|1247|1535|1800|1918|26 Şaban 1448
20270204|0601|0723|1247|1536|1801|1919|27 Şaban 1448
20270205|0600|0722|1247|1537|1802|1920|28 Şaban 1448
20270206|0559|0721|1247|1538|1803|1921|29 Şaban 1448
20270207|0558|0720|1247|1539|1804|1921|30 Şaban 1448
20270208|0557|0719|1247|1540|1806|1922|1 Ramazan 1448
20270209|0557|0718|1248|1541|1807|1923|2 Ramazan 1448
20270210|0556|0717|1248|1541|1808|1924|3 Ramazan 1448
20270211|0555|0716|1248|1542|1809|1925|4 Ramazan 1448
20270212|0554|0715|1248|1543|1810|1926|5 Ramazan 1448
20270213|0553|0714|1248|1544|1811|1927|6 Ramazan 1448
20270214|0552|0713|1248|1545|1812|1928|7 Ramazan 1448
20270215|0551|0712|1247|1546|1813|1929|8 Ramazan 1448
20270216|0550|0711|1247|1546|1814|1930|9 Ramazan 1448
20270217|0548|0709|1247|1547|1815|1931|10 Ramazan 1448
20270218|0547|0708|1247|1548|1816|1932|11 Ramazan 1448
20270219|0546|0707|1247|1549|1818|1933|12 Ramazan 1448
20270220|0545|0706|1247|1550|1819|1934|13 Ramazan 1448
20270221|0544|0704|1247|1550|1820|1935|14 Ramazan 1448
20270222|0543|0703|1247|1551|1821|1936|15 Ramazan 1448
20270223|0541|0702|1247|1552|1822|1937|16 Ramazan 1448
20270224|0540|0701|1247|1552|1823|1938|17 Ramazan 1448
20270225|0539|0659|1246|1553|1824|1939|18 Ramazan 1448
20270226|0538|0658|1246|1554|1825|1940|19 Ramazan 1448
20270227|0536|0657|1246|1555|1826|1941|20 Ramazan 1448
20270228|0535|0655|1246|1555|1827|1942|21 Ramazan 1448
20270301|0534|0654|1246|1556|1828|1943|22 Ramazan 1448
20270302|0532|0652|1246|1556|1829|1944|23 Ramazan 1448
20270303|0531|0651|1245|1557|1830|1945|24 Ramazan 1448
20270304|0529|0650|1245|1558|1831|1946|25 Ramazan 1448
20270305|0528|0648|1245|1558|1832|1947|26 Ramazan 1448
20270306|0527|0647|1245|1559|1833|1948|27 Ramazan 1448
20270307|0525|0645|1245|1600|1834|1949|28 Ramazan 1448
20270308|0524|0644|1244|1600|1835|1950|29 Ramazan 1448
20270309|0522|0642|1244|1601|1836|1951|1 Şevval 1448
20270310|0521|0641|1244|1601|1837|1952|2 Şevval 1448
20270311|0519|0639|1244|1602|1838|1953|3 Şevval 1448
20270312|0518|0638|1243|1602|1839|1954|4 Şevval 1448
20270313|0516|0636|1243|1603|1840|1955|5 Şevval 1448
20270314|0515|0635|1243|1603|1841|1956|6 Şevval 1448
20270315|0513|0633|1242|1604|1842|1957|7 Şevval 1448
20270316|0512|0632|1242|1604|1842|1958|8 Şevval 1448
20270317|0510|0630|1242|1605|1843|1959|9 Şevval 1448
20270318|0508|0629|1242|1605|1844|2000|10 Şevval 1448
20270319|0507|0627|1241|1605|1845|2001|11 Şevval 1448
20270320|0505|0626|1241|1606|1846|2002|12 Şevval 1448
20270321|0503|0624|1241|1606|1847|2003|13 Şevval 1448
20270322|0502|0623|1240|1607|1848|2004|14 Şevval 1448
20270323|0500|0621|1240|1607|1849|2005|15 Şevval 1448
20270324|0459|0620|1240|1608|1850|2006|16 Şevval 1448
20270325|0457|0618|1240|1608|1851|2007|17 Şevval 1448
20270326|0455|0617|1239|1608|1852|2008|18 Şevval 1448
20270327|0454|0615|1239|1609|1853|2009|19 Şevval 1448
20270328|0452|0614|1239|1609|1854|2010|20 Şevval 1448
20270329|0450|0612|1238|1609|1855|2011|21 Şevval 1448
20270330|0449|0611|1238|1610|1855|2012|22 Şevval 1448
20270331|0447|0609|1238|1610|1856|2013|23 Şevval 1448
20270401|0445|0608|1237|1610|1857|2014|24 Şevval 1448
20270402|0443|0606|1237|1611|1858|2015|25 Şevval 1448
20270403|0442|0605|1237|1611|1859|2017|26 Şevval 1448
20270404|0440|0603|1237|1611|1900|2018|27 Şevval 1448
20270405|0438|0602|1236|1611|1901|2019|28 Şevval 1448
20270406|0437|0600|1236|1612|1902|2020|29 Şevval 1448
20270407|0435|0559|1236|1612|1903|2021|30 Şevval 1448
20270408|0433|0557|1235|1612|1904|2022|1 Zilkade 1448
20270409|0431|0556|1235|1612|1905|2023|2 Zilkade 1448
20270410|0430|0554|1235|1613|1906|2024|3 Zilkade 1448
20270411|0428|0553|1235|1613|1906|2026|4 Zilkade 1448
20270412|0426|0551|1234|1613|1907|2027|5 Zilkade 1448
20270413|0425|0550|1234|1613|1908|2028|6 Zilkade 1448
20270414|0423|0549|1234|1614|1909|2029|7 Zilkade 1448
20270415|0421|0547|1234|1614|1910|2030|8 Zilkade 1448
20270416|0419|0546|1233|1614|1911|2032|9 Zilkade 1448
20270417|0418|0544|1233|1614|1912|2033|10 Zilkade 1448
20270418|0416|0543|1233|1615|1913|2034|11 Zilkade 1448
20270419|0414|0542|1233|1615|1914|2035|12 Zilkade 1448
20270420|0413|0540|1232|1615|1915|2036|13 Zilkade 1448
20270421|0411|0539|1232|1615|1916|2038|14 Zilkade 1448
20270422|0409|0538|1232|1615|1917|2039|15 Zilkade 1448
20270423|0408|0536|1232|1616|1917|2040|16 Zilkade 1448
20270424|0406|0535|1232|1616|1918|2041|17 Zilkade 1448
20270425|0404|0534|1231|1616|1919|2043|18 Zilkade 1448
20270426|0403|0532|1231|1616|1920|2044|19 Zilkade 1448
20270427|0401|0531|1231|1616|1921|2045|20 Zilkade 1448
20270428|0359|0530|1231|1616|1922|2046|21 Zilkade 1448
20270429|0358|0529|1231|1617|1923|2048|22 Zilkade 1448
20270430|0356|0528|1231|1617|1924|2049|23 Zilkade 1448
20270501|0355|0526|1231|1617|1925|2050|24 Zilkade 1448
20270502|0353|0525|1230|1617|1926|2051|25 Zilkade 1448
20270503|0352|0524|1230|1617|1927|2053|26 Zilkade 1448
20270504|0350|0523|1230|1618|1928|2054|27 Zilkade 1448
20270505|0349|0522|1230|1618|1928|2055|28 Zilkade 1448
20270506|0347|0521|1230|1618|1929|2057|29 Zilkade 1448
20270507|0346|0520|1230|1618|1930|2058|1 Zilhicce 1448
20270508|0344|0519|1230|1618|1931|2059|2 Zilhicce 1448
20270509|0343|0518|1230|1619|1932|2100|3 Zilhicce 1448
20270510|0341|0517|1230|1619|1933|2102|4 Zilhicce 1448
20270511|0340|0516|1230|1619|1934|2103|5 Zilhicce 1448
20270512|0338|0515|1230|1619|1935|2104|6 Zilhicce 1448
20270513|0337|0514|1230|1619|1936|2106|7 Zilhicce 1448
20270514|0336|0513|1230|1619|1937|2107|8 Zilhicce 1448
20270515|0334|0512|1230|1620|1937|2108|9 Zilhicce 1448
20270516|0333|0511|1230|1620|1938|2109|10 Zilhicce 1448
20270517|0332|0510|1230|1620|1939|2111|11 Zilhicce 1448
20270518|0331|0510|1230|1620|1940|2112|12 Zilhicce 1448
20270519|0330|0509|1230|1620|1941|2113|13 Zilhicce 1448
20270520|0328|0508|1230|1621|1942|2114|14 Zilhicce 1448
20270521|0327|0507|1230|1621|1943|2116|15 Zilhicce 1448
20270522|0326|0507|1230|1621|1943|2117|16 Zilhicce 1448
20270523|0325|0506|1230|1621|1944|2118|17 Zilhicce 1448
20270524|0324|0505|1230|1621|1945|2119|18 Zilhicce 1448
20270525|0323|0505|1230|1622|1946|2120|19 Zilhicce 1448
20270526|0322|0504|1230|1622|1947|2121|20 Zilhicce 1448
20270527|0321|0504|1230|1622|1947|2123|21 Zilhicce 1448
20270528|0320|0503|1231|1622|1948|2124|22 Zilhicce 1448
20270529|0319|0503|1231|1623|1949|2125|23 Zilhicce 1448
20270530|0318|0502|1231|1623|1950|2126|24 Zilhicce 1448
20270531|0318|0502|1231|1623|1950|2127|25 Zilhicce 1448
20270601|0317|0501|1231|1623|1951|2128|26 Zilhicce 1448
20270602|0316|0501|1231|1623|1952|2129|27 Zilhicce 1448
20270603|0316|0501|1231|1624|1952|2130|28 Zilhicce 1448
20270604|0315|0500|1232|1624|1953|2131|29 Zilhicce 1448
20270605|0314|0500|1232|1624|1954|2132|30 Zilhicce 1448
20270606|0314|0500|1232|1624|1954|2132|1 Muharrem 1449
20270607|0313|0500|1232|1625|1955|2133|2 Muharrem 1449
20270608|0313|0459|1232|1625|1955|2134|3 Muharrem 1449
20270609|0313|0459|1233|1625|1956|2135|4 Muharrem 1449
20270610|0312|0459|1233|1625|1956|2135|5 Muharrem 1449
20270611|0312|0459|1233|1626|1957|2136|6 Muharrem 1449
20270612|0312|0459|1233|1626|1957|2137|7 Muharrem 1449
20270613|0311|0459|1233|1626|1958|2137|8 Muharrem 1449
20270614|0311|0459|1234|1626|1958|2138|9 Muharrem 1449
20270615|0311|0459|1234|1627|1959|2138|10 Muharrem 1449
20270616|0311|0459|1234|1627|1959|2139|11 Muharrem 1449
20270617|0311|0459|1234|1627|1959|2139|12 Muharrem 1449
20270618|0311|0459|1234|1627|2000|2140|13 Muharrem 1449
20270619|0311|0459|1235|1627|2000|2140|14 Muharrem 1449
20270620|0311|0459|1235|1628|2000|2140|15 Muharrem 1449
20270621|0311|0500|1235|1628|2001|2141|16 Muharrem 1449
20270622|0312|0500|1235|1628|2001|2141|17 Muharrem 1449
20270623|0312|0500|1235|1628|2001|2141|18 Muharrem 1449
20270624|0312|0500|1236|1629|2001|2141|19 Muharrem 1449
20270625|0313|0501|1236|1629|2001|2141|20 Muharrem 1449
20270626|0313|0501|1236|1629|2001|2141|21 Muharrem 1449
20270627|0313|0501|1236|1629|2001|2141|22 Muharrem 1449
20270628|0314|0502|1237|1629|2001|2141|23 Muharrem 1449
20270629|0314|0502|1237|1630|2001|2141|24 Muharrem 1449
20270630|0315|0502|1237|1630|2001|2141|25 Muharrem 1449
20270701|0316|0503|1237|1630|2001|2141|26 Muharrem 1449
20270702|0316|0503|1237|1630|2001|2141|27 Muharrem 1449
20270703|0317|0504|1238|1630|2001|2140|28 Muharrem 1449
20270704|0318|0504|1238|1630|2001|2140|29 Muharrem 1449
20270705|0318|0505|1238|1630|2001|2140|1 Safer 1449
20270706|0319|0505|1238|1631|2001|2139|2 Safer 1449
20270707|0320|0506|1238|1631|2001|2139|3 Safer 1449
20270708|0321|0507|1238|1631|2000|2138|4 Safer 1449
20270709|0322|0507|1239|1631|2000|2138|5 Safer 1449
20270710|0323|0508|1239|1631|2000|2137|6 Safer 1449
20270711|0324|0508|1239|1631|1959|2136|7 Safer 1449
20270712|0325|0509|1239|1631|1959|2136|8 Safer 1449
20270713|0326|0510|1239|1631|1958|2135|9 Safer 1449
20270714|0327|0510|1239|1631|1958|2134|10 Safer 1449
20270715|0328|0511|1239|1631|1958|2134|11 Safer 1449
20270716|0329|0512|1239|1631|1957|2133|12 Safer 1449
20270717|0330|0513|1240|1631|1957|2132|13 Safer 1449
20270718|0331|0513|1240|1631|1956|2131|14 Safer 1449
20270719|0332|0514|1240|1631|1955|2130|15 Safer 1449
20270720|0333|0515|1240|1631|1955|2129|16 Safer 1449
20270721|0334|0515|1240|1631|1954|2128|17 Safer 1449
20270722|0336|0516|1240|1631|1953|2127|18 Safer 1449
20270723|0337|0517|1240|1631|1953|2126|19 Safer 1449
20270724|0338|0518|1240|1631|1952|2125|20 Safer 1449
20270725|0339|0519|1240|1631|1951|2124|21 Safer 1449
20270726|0340|0519|1240|1630|1950|2122|22 Safer 1449
20270727|0342|0520|1240|1630|1950|2121|23 Safer 1449
20270728|0343|0521|1240|1630|1949|2120|24 Safer 1449
20270729|0344|0522|1240|1630|1948|2119|25 Safer 1449
20270730|0345|0523|1240|1630|1947|2117|26 Safer 1449
20270731|0347|0524|1240|1629|1946|2116|27 Safer 1449
20270801|0348|0524|1240|1629|1945|2115|28 Safer 1449
20270802|0349|0525|1240|1629|1944|2114|29 Safer 1449
20270803|0351|0526|1240|1629|1943|2112|1 Rebiulevvel 1449
20270804|0352|0527|1240|1628|1942|2111|2 Rebiulevvel 1449
20270805|0353|0528|1239|1628|1941|2109|3 Rebiulevvel 1449
20270806|0354|0529|1239|1628|1940|2108|4 Rebiulevvel 1449
20270807|0356|0530|1239|1627|1939|2106|5 Rebiulevvel 1449
20270808|0357|0530|1239|1627|1938|2105|6 Rebiulevvel 1449
20270809|0358|0531|1239|1626|1937|2103|7 Rebiulevvel 1449
20270810|0359|0532|1239|1626|1936|2102|8 Rebiulevvel 1449
20270811|0401|0533|1239|1626|1935|2100|9 Rebiulevvel 1449
20270812|0402|0534|1239|1625|1933|2059|10 Rebiulevvel 1449
20270813|0403|0535|1238|1625|1932|2057|11 Rebiulevvel 1449
20270814|0405|0536|1238|1624|1931|2056|12 Rebiulevvel 1449
20270815|0406|0536|1238|1624|1930|2054|13 Rebiulevvel 1449
20270816|0407|0537|1238|1623|1928|2053|14 Rebiulevvel 1449
20270817|0408|0538|1238|1623|1927|2051|15 Rebiulevvel 1449
20270818|0409|0539|1237|1622|1926|2049|16 Rebiulevvel 1449
20270819|0411|0540|1237|1621|1925|2048|17 Rebiulevvel 1449
20270820|0412|0541|1237|1621|1923|2046|18 Rebiulevvel 1449
20270821|0413|0542|1237|1620|1922|2044|19 Rebiulevvel 1449
20270822|0414|0542|1236|1620|1921|2043|20 Rebiulevvel 1449
20270823|0416|0543|1236|1619|1919|2041|21 Rebiulevvel 1449
20270824|0417|0544|1236|1618|1918|2039|22 Rebiulevvel 1449
20270825|0418|0545|1236|1618|1916|2038|23 Rebiulevvel 1449
20270826|0419|0546|1235|1617|1915|2036|24 Rebiulevvel 1449
20270827|0420|0547|1235|1616|1914|2034|25 Rebiulevvel 1449
20270828|0421|0548|1235|1615|1912|2033|26 Rebiulevvel 1449
20270829|0423|0548|1235|1615|1911|2031|27 Rebiulevvel 1449
20270830|0424|0549|1234|1614|1909|2029|28 Rebiulevvel 1449
20270831|0425|0550|1234|1613|1908|2027|29 Rebiulevvel 1449
20270901|0426|0551|1234|1612|1906|2026|30 Rebiulevvel 1449
20270902|0427|0552|1233|1612|1905|2024|1 Rebiulahir 1449
20270903|0428|0553|1233|1611|1903|2022|2 Rebiulahir 1449
20270904|0429|0553|1233|1610|1902|2021|3 Rebiulahir 1449
20270905|0430|0554|1232|1609|1900|2019|4 Rebiulahir 1449
20270906|0431|0555|1232|1608|1859|2017|5 Rebiulahir 1449
20270907|0432|0556|1232|1607|1857|2015|6 Rebiulahir 1449
20270908|0434|0557|1231|1606|1856|2014|7 Rebiulahir 1449
20270909|0435|0558|1231|1605|1854|2012|8 Rebiulahir 1449
20270910|0436|0559|1231|1605|1853|2010|9 Rebiulahir 1449
20270911|0437|0559|1230|1604|1851|2008|10 Rebiulahir 1449
20270912|0438|0600|1230|1603|1850|2007|11 Rebiulahir 1449
20270913|0439|0601|1230|1602|1848|2005|12 Rebiulahir 1449
20270914|0440|0602|1229|1601|1847|2003|13 Rebiulahir 1449
20270915|0441|0603|1229|1600|1845|2002|14 Rebiulahir 1449
20270916|0442|0604|1228|1559|1843|2000|15 Rebiulahir 1449
20270917|0443|0604|1228|1558|1842|1958|16 Rebiulahir 1449
20270918|0444|0605|1228|1557|1840|1957|17 Rebiulahir 1449
20270919|0445|0606|1227|1556|1839|1955|18 Rebiulahir 1449
20270920|0446|0607|1227|1555|1837|1953|19 Rebiulahir 1449
20270921|0447|0608|1227|1554|1836|1951|20 Rebiulahir 1449
20270922|0448|0609|1226|1553|1834|1950|21 Rebiulahir 1449
20270923|0449|0609|1226|1552|1833|1948|22 Rebiulahir 1449
20270924|0450|0610|1226|1551|1831|1947|23 Rebiulahir 1449
20270925|0451|0611|1225|1550|1829|1945|24 Rebiulahir 1449
20270926|0451|0612|1225|1548|1828|1943|25 Rebiulahir 1449
20270927|0452|0613|1225|1547|1826|1942|26 Rebiulahir 1449
20270928|0453|0614|1224|1546|1825|1940|27 Rebiulahir 1449
20270929|0454|0615|1224|1545|1823|1938|28 Rebiulahir 1449
20270930|0455|0616|1224|1544|1822|1937|29 Rebiulahir 1449
20271001|0456|0616|1223|1543|1820|1935|1 Cemaziyelevvel 1449
20271002|0457|0617|1223|1542|1819|1934|2 Cemaziyelevvel 1449
20271003|0458|0618|1223|1541|1817|1932|3 Cemaziyelevvel 1449
20271004|0459|0619|1222|1540|1816|1931|4 Cemaziyelevvel 1449
20271005|0500|0620|1222|1539|1814|1929|5 Cemaziyelevvel 1449
20271006|0501|0621|1222|1538|1813|1928|6 Cemaziyelevvel 1449
20271007|0502|0622|1221|1537|1811|1926|7 Cemaziyelevvel 1449
20271008|0503|0623|1221|1536|1810|1925|8 Cemaziyelevvel 1449
20271009|0503|0624|1221|1534|1808|1923|9 Cemaziyelevvel 1449
20271010|0504|0625|1221|1533|1807|1922|10 Cemaziyelevvel 1449
20271011|0505|0625|1220|1532|1805|1920|11 Cemaziyelevvel 1449
20271012|0506|0626|1220|1531|1804|1919|12 Cemaziyelevvel 1449
20271013|0507|0627|1220|1530|1802|1917|13 Cemaziyelevvel 1449
20271014|0508|0628|1220|1529|1801|1916|14 Cemaziyelevvel 1449
20271015|0509|0629|1219|1528|1759|1915|15 Cemaziyelevvel 1449
20271016|0510|0630|1219|1527|1758|1913|16 Cemaziyelevvel 1449
20271017|0511|0631|1219|1526|1757|1912|17 Cemaziyelevvel 1449
20271018|0512|0632|1219|1525|1755|1911|18 Cemaziyelevvel 1449
20271019|0513|0633|1218|1524|1754|1909|19 Cemaziyelevvel 1449
20271020|0513|0634|1218|1523|1753|1908|20 Cemaziyelevvel 1449
20271021|0514|0635|1218|1522|1751|1907|21 Cemaziyelevvel 1449
20271022|0515|0636|1218|1521|1750|1906|22 Cemaziyelevvel 1449
20271023|0516|0637|1218|1520|1749|1904|23 Cemaziyelevvel 1449
20271024|0517|0638|1218|1519|1747|1903|24 Cemaziyelevvel 1449
20271025|0518|0639|1218|1518|1746|1902|25 Cemaziyelevvel 1449
20271026|0519|0640|1217|1517|1745|1901|26 Cemaziyelevvel 1449
20271027|0520|0641|1217|1516|1744|1900|27 Cemaziyelevvel 1449
20271028|0521|0642|1217|1515|1742|1859|28 Cemaziyelevvel 1449
20271029|0522|0643|1217|1514|1741|1858|29 Cemaziyelevvel 1449
20271030|0523|0644|1217|1513|1740|1857|30 Cemaziyelevvel 1449
20271031|0523|0645|1217|1512|1739|1855|1 Cemaziyelahir 1449
20271101|0524|0646|1217|1511|1738|1854|2 Cemaziyelahir 1449
20271102|0525|0647|1217|1511|1737|1854|3 Cemaziyelahir 1449
20271103|0526|0648|1217|1510|1736|1853|4 Cemaziyelahir 1449
20271104|0527|0649|1217|1509|1735|1852|5 Cemaziyelahir 1449
20271105|0528|0650|1217|1508|1734|1851|6 Cemaziyelahir 1449
20271106|0529|0651|1217|1507|1733|1850|7 Cemaziyelahir 1449
20271107|0530|0652|1217|1506|1732|1849|8 Cemaziyelahir 1449
20271108|0531|0653|1217|1506|1731|1848|9 Cemaziyelahir 1449
20271109|0532|0655|1217|1505|1730|1847|10 Cemaziyelahir 1449
20271110|0533|0656|1217|1504|1729|1847|11 Cemaziyelahir 1449
20271111|0534|0657|1217|1504|1728|1846|12 Cemaziyelahir 1449
20271112|0535|0658|1217|1503|1727|1845|13 Cemaziyelahir 1449
20271113|0535|0659|1218|1502|1726|1845|14 Cemaziyelahir 1449
20271114|0536|0700|1218|1502|1726|1844|15 Cemaziyelahir 1449
20271115|0537|0701|1218|1501|1725|1843|16 Cemaziyelahir 1449
20271116|0538|0702|1218|1501|1724|1843|17 Cemaziyelahir 1449
20271117|0539|0703|1218|1500|1723|1842|18 Cemaziyelahir 1449
20271118|0540|0704|1218|1459|1723|1842|19 Cemaziyelahir 1449
20271119|0541|0705|1219|1459|1722|1841|20 Cemaziyelahir 1449
20271120|0542|0706|1219|1458|1721|1841|21 Cemaziyelahir 1449
20271121|0543|0707|1219|1458|1721|1840|22 Cemaziyelahir 1449
20271122|0544|0708|1219|1458|1720|1840|23 Cemaziyelahir 1449
20271123|0545|0709|1220|1457|1720|1839|24 Cemaziyelahir 1449
20271124|0545|0710|1220|1457|1719|1839|25 Cemaziyelahir 1449
20271125|0546|0711|1220|1457|1719|1839|26 Cemaziyelahir 1449
20271126|0547|0712|1220|1456|1718|1839|27 Cemaziyelahir 1449
20271127|0548|0713|1221|1456|1718|1838|28 Cemaziyelahir 1449
20271128|0549|0714|1221|1456|1718|1838|29 Cemaziyelahir 1449
20271129|0550|0715|1221|1456|1717|1838|1 Recep 1449
20271130|0551|0716|1222|1455|1717|1838|2 Recep 1449
20271201|0551|0717|1222|1455|1717|1838|3 Recep 1449
20271202|0552|0718|1222|1455|1717|1838|4 Recep 1449
20271203|0553|0719|1223|1455|1717|1837|5 Recep 1449
20271204|0554|0720|1223|1455|1716|1837|6 Recep 1449
20271205|0555|0721|1224|1455|1716|1837|7 Recep 1449
20271206|0555|0722|1224|1455|1716|1837|8 Recep 1449
20271207|0556|0723|1224|1455|1716|1838|9 Recep 1449
20271208|0557|0724|1225|1455|1716|1838|10 Recep 1449
20271209|0558|0725|1225|1455|1716|1838|11 Recep 1449
20271210|0558|0725|1226|1455|1716|1838|12 Recep 1449
20271211|0559|0726|1226|1456|1716|1838|13 Recep 1449
20271212|0600|0727|1227|1456|1717|1838|14 Recep 1449
20271213|0601|0728|1227|1456|1717|1839|15 Recep 1449
20271214|0601|0728|1228|1456|1717|1839|16 Recep 1449
20271215|0602|0729|1228|1456|1717|1839|17 Recep 1449
20271216|0603|0730|1229|1457|1717|1839|18 Recep 1449
20271217|0603|0730|1229|1457|1718|1840|19 Recep 1449
20271218|0604|0731|1230|1457|1718|1840|20 Recep 1449
20271219|0604|0732|1230|1458|1719|1841|21 Recep 1449
20271220|0605|0732|1231|1458|1719|1841|22 Recep 1449
20271221|0605|0733|1231|1459|1719|1841|23 Recep 1449
20271222|0606|0733|1232|1459|1720|1842|24 Recep 1449
20271223|0606|0734|1232|1500|1720|1842|25 Recep 1449
20271224|0607|0734|1233|1500|1721|1843|26 Recep 1449
20271225|0607|0735|1233|1501|1721|1844|27 Recep 1449
20271226|0608|0735|1234|1501|1722|1844|28 Recep 1449
20271227|0608|0735|1234|1502|1723|1845|29 Recep 1449
20271228|0608|0736|1235|1503|1723|1845|30 Recep 1449
20271229|0609|0736|1235|1503|1724|1846|1 Şaban 1449
20271230|0609|0736|1236|1504|1725|1847|2 Şaban 1449
20271231|0609|0737|1236|1505|1725|1847|3 Şaban 1449
