# diyanet | surum=diyanet-2026-10-04.1 | il=AFYONKARAHISAR | yerlesim=18 | 2026-01-01..2027-12-31
#@9167|Afyonkarahisar|AFYONKARAHISAR|730
20260101|0641|0809|1306|1533|1753|1916|12 Recep 1447
20260102|0641|0809|1307|1533|1754|1917|13 Recep 1447
20260103|0641|0809|1307|1534|1755|1918|14 Recep 1447
20260104|0641|0809|1308|1535|1756|1919|15 Recep 1447
20260105|0641|0809|1308|1536|1757|1919|16 Recep 1447
20260106|0641|0809|1308|1536|1758|1920|17 Recep 1447
20260107|0641|0809|1309|1537|1759|1921|18 Recep 1447
20260108|0642|0809|1309|1538|1759|1922|19 Recep 1447
20260109|0642|0809|1310|1539|1800|1923|20 Recep 1447
20260110|0641|0809|1310|1540|1801|1924|21 Recep 1447
20260111|0641|0809|1311|1541|1802|1924|22 Recep 1447
20260112|0641|0809|1311|1542|1803|1925|23 Recep 1447
20260113|0641|0808|1311|1543|1804|1926|24 Recep 1447
20260114|0641|0808|1312|1544|1805|1927|25 Recep 1447
20260115|0641|0808|1312|1545|1807|1928|26 Recep 1447
20260116|0641|0807|1312|1545|1808|1929|27 Recep 1447
20260117|0640|0807|1313|1546|1809|1930|28 Recep 1447
20260118|0640|0807|1313|1547|1810|1931|29 Recep 1447
20260119|0640|0806|1313|1548|1811|1932|30 Recep 1447
20260120|0639|0806|1314|1549|1812|1933|1 Şaban 1447
20260121|0639|0805|1314|1550|1813|1934|2 Şaban 1447
20260122|0639|0804|1314|1551|1814|1935|3 Şaban 1447
20260123|0638|0804|1315|1552|1815|1936|4 Şaban 1447
20260124|0638|0803|1315|1553|1816|1937|5 Şaban 1447
20260125|0637|0803|1315|1554|1818|1938|6 Şaban 1447
20260126|0637|0802|1315|1555|1819|1939|7 Şaban 1447
20260127|0636|0801|1315|1556|1820|1940|8 Şaban 1447
20260128|0636|0800|1316|1557|1821|1941|9 Şaban 1447
20260129|0635|0800|1316|1558|1822|1942|10 Şaban 1447
20260130|0634|0759|1316|1559|1823|1943|11 Şaban 1447
20260131|0634|0758|1316|1600|1824|1944|12 Şaban 1447
20260201|0633|0757|1316|1601|1826|1945|13 Şaban 1447
20260202|0632|0756|1316|1602|1827|1946|14 Şaban 1447
20260203|0631|0755|1317|1603|1828|1947|15 Şaban 1447
20260204|0631|0754|1317|1604|1829|1948|16 Şaban 1447
20260205|0630|0753|1317|1605|1830|1949|17 Şaban 1447
20260206|0629|0752|1317|1606|1831|1950|18 Şaban 1447
20260207|0628|0751|1317|1607|1832|1951|19 Şaban 1447
20260208|0627|0750|1317|1608|1834|1952|20 Şaban 1447
20260209|0626|0749|1317|1608|1835|1953|21 Şaban 1447
20260210|0625|0748|1317|1609|1836|1954|22 Şaban 1447
20260211|0624|0747|1317|1610|1837|1955|23 Şaban 1447
20260212|0623|0746|1317|1611|1838|1956|24 Şaban 1447
20260213|0622|0745|1317|1612|1839|1957|25 Şaban 1447
20260214|0621|0744|1317|1613|1840|1958|26 Şaban 1447
20260215|0620|0742|1317|1614|1842|1959|27 Şaban 1447
20260216|0619|0741|1317|1615|1843|2000|28 Şaban 1447
20260217|0618|0740|1317|1615|1844|2001|29 Şaban 1447
20260218|0617|0739|1317|1616|1845|2002|30 Şaban 1447
20260219|0615|0737|1317|1617|1846|2003|1 Ramazan 1447
20260220|0614|0736|1317|1618|1847|2004|2 Ramazan 1447
20260221|0613|0735|1316|1619|1848|2005|3 Ramazan 1447
20260222|0612|0733|1316|1619|1849|2006|4 Ramazan 1447
20260223|0610|0732|1316|1620|1850|2007|5 Ramazan 1447
20260224|0609|0731|1316|1621|1851|2008|6 Ramazan 1447
20260225|0608|0729|1316|1622|1853|2009|7 Ramazan 1447
20260226|0607|0728|1316|1622|1854|2010|8 Ramazan 1447
20260227|0605|0727|1316|1623|1855|2011|9 Ramazan 1447
20260228|0604|0725|1315|1624|1856|2012|10 Ramazan 1447
20260301|0602|0724|1315|1624|1857|2013|11 Ramazan 1447
20260302|0601|0722|1315|1625|1858|2014|12 Ramazan 1447
20260303|0600|0721|1315|1626|1859|2015|13 Ramazan 1447
20260304|0558|0719|1315|1626|1900|2016|14 Ramazan 1447
20260305|0557|0718|1314|1627|1901|2017|15 Ramazan 1447
20260306|0555|0716|1314|1628|1902|2018|16 Ramazan 1447
20260307|0554|0715|1314|1628|1903|2019|17 Ramazan 1447
20260308|0552|0713|1314|1629|1904|2020|18 Ramazan 1447
20260309|0551|0712|1313|1629|1905|2021|19 Ramazan 1447
20260310|0549|0710|1313|1630|1906|2022|20 Ramazan 1447
20260311|0548|0709|1313|1631|1907|2023|21 Ramazan 1447
20260312|0546|0707|1313|1631|1908|2024|22 Ramazan 1447
20260313|0544|0706|1312|1632|1909|2025|23 Ramazan 1447
20260314|0543|0704|1312|1632|1910|2026|24 Ramazan 1447
20260315|0541|0703|1312|1633|1911|2027|25 Ramazan 1447
20260316|0540|0701|1312|1633|1912|2028|26 Ramazan 1447
20260317|0538|0700|1311|1634|1913|2030|27 Ramazan 1447
20260318|0536|0658|1311|1634|1914|2031|28 Ramazan 1447
20260319|0535|0657|1311|1635|1915|2032|29 Ramazan 1447
20260320|0533|0655|1310|1635|1916|2033|1 Şevval 1447
20260321|0531|0653|1310|1636|1917|2034|2 Şevval 1447
20260322|0530|0652|1310|1636|1918|2035|3 Şevval 1447
20260323|0528|0650|1310|1637|1919|2036|4 Şevval 1447
20260324|0526|0649|1309|1637|1920|2037|5 Şevval 1447
20260325|0524|0647|1309|1637|1921|2038|6 Şevval 1447
20260326|0523|0646|1309|1638|1922|2039|7 Şevval 1447
20260327|0521|0644|1308|1638|1923|2040|8 Şevval 1447
20260328|0519|0642|1308|1639|1924|2041|9 Şevval 1447
20260329|0518|0641|1308|1639|1925|2043|10 Şevval 1447
20260330|0516|0639|1307|1639|1926|2044|11 Şevval 1447
20260331|0514|0638|1307|1640|1927|2045|12 Şevval 1447
20260401|0512|0636|1307|1640|1928|2046|13 Şevval 1447
20260402|0511|0635|1307|1640|1928|2047|14 Şevval 1447
20260403|0509|0633|1306|1641|1929|2048|15 Şevval 1447
20260404|0507|0632|1306|1641|1930|2049|16 Şevval 1447
20260405|0505|0630|1306|1641|1931|2051|17 Şevval 1447
20260406|0503|0629|1305|1642|1932|2052|18 Şevval 1447
20260407|0502|0627|1305|1642|1933|2053|19 Şevval 1447
20260408|0500|0625|1305|1642|1934|2054|20 Şevval 1447
20260409|0458|0624|1305|1642|1935|2055|21 Şevval 1447
20260410|0456|0622|1304|1643|1936|2057|22 Şevval 1447
20260411|0455|0621|1304|1643|1937|2058|23 Şevval 1447
20260412|0453|0619|1304|1643|1938|2059|24 Şevval 1447
20260413|0451|0618|1304|1644|1939|2100|25 Şevval 1447
20260414|0449|0617|1303|1644|1940|2101|26 Şevval 1447
20260415|0448|0615|1303|1644|1941|2103|27 Şevval 1447
20260416|0446|0614|1303|1644|1942|2104|28 Şevval 1447
20260417|0444|0612|1303|1645|1943|2105|29 Şevval 1447
20260418|0442|0611|1302|1645|1944|2106|1 Zilkade 1447
20260419|0441|0609|1302|1645|1945|2108|2 Zilkade 1447
20260420|0439|0608|1302|1645|1946|2109|3 Zilkade 1447
20260421|0437|0607|1302|1646|1947|2110|4 Zilkade 1447
20260422|0435|0605|1301|1646|1948|2112|5 Zilkade 1447
20260423|0434|0604|1301|1646|1949|2113|6 Zilkade 1447
20260424|0432|0603|1301|1646|1950|2114|7 Zilkade 1447
20260425|0430|0601|1301|1646|1951|2116|8 Zilkade 1447
20260426|0428|0600|1301|1647|1952|2117|9 Zilkade 1447
20260427|0427|0559|1301|1647|1952|2118|10 Zilkade 1447
20260428|0425|0557|1300|1647|1953|2119|11 Zilkade 1447
20260429|0423|0556|1300|1647|1954|2121|12 Zilkade 1447
20260430|0422|0555|1300|1648|1955|2122|13 Zilkade 1447
20260501|0420|0554|1300|1648|1956|2124|14 Zilkade 1447
20260502|0419|0553|1300|1648|1957|2125|15 Zilkade 1447
20260503|0417|0551|1300|1648|1958|2126|16 Zilkade 1447
20260504|0415|0550|1300|1648|1959|2128|17 Zilkade 1447
20260505|0414|0549|1300|1649|2000|2129|18 Zilkade 1447
20260506|0412|0548|1300|1649|2001|2130|19 Zilkade 1447
20260507|0411|0547|1259|1649|2002|2132|20 Zilkade 1447
20260508|0409|0546|1259|1649|2003|2133|21 Zilkade 1447
20260509|0408|0545|1259|1649|2004|2134|22 Zilkade 1447
20260510|0406|0544|1259|1650|2005|2136|23 Zilkade 1447
20260511|0405|0543|1259|1650|2006|2137|24 Zilkade 1447
20260512|0403|0542|1259|1650|2007|2138|25 Zilkade 1447
20260513|0402|0541|1259|1650|2008|2140|26 Zilkade 1447
20260514|0400|0540|1259|1651|2009|2141|27 Zilkade 1447
20260515|0359|0539|1259|1651|2009|2142|28 Zilkade 1447
20260516|0358|0538|1259|1651|2010|2144|29 Zilkade 1447
20260517|0356|0537|1259|1651|2011|2145|30 Zilkade 1447
20260518|0355|0536|1259|1651|2012|2146|1 Zilhicce 1447
20260519|0354|0536|1259|1652|2013|2148|2 Zilhicce 1447
20260520|0353|0535|1259|1652|2014|2149|3 Zilhicce 1447
20260521|0351|0534|1259|1652|2015|2150|4 Zilhicce 1447
20260522|0350|0533|1300|1652|2016|2151|5 Zilhicce 1447
20260523|0349|0533|1300|1653|2016|2153|6 Zilhicce 1447
20260524|0348|0532|1300|1653|2017|2154|7 Zilhicce 1447
20260525|0347|0532|1300|1653|2018|2155|8 Zilhicce 1447
20260526|0346|0531|1300|1653|2019|2156|9 Zilhicce 1447
20260527|0345|0530|1300|1654|2020|2157|10 Zilhicce 1447
20260528|0344|0530|1300|1654|2020|2159|11 Zilhicce 1447
20260529|0343|0529|1300|1654|2021|2200|12 Zilhicce 1447
20260530|0342|0529|1300|1654|2022|2201|13 Zilhicce 1447
20260531|0341|0528|1300|1655|2023|2202|14 Zilhicce 1447
20260601|0341|0528|1301|1655|2023|2203|15 Zilhicce 1447
20260602|0340|0528|1301|1655|2024|2204|16 Zilhicce 1447
20260603|0339|0527|1301|1655|2025|2205|17 Zilhicce 1447
20260604|0338|0527|1301|1656|2025|2206|18 Zilhicce 1447
20260605|0338|0527|1301|1656|2026|2207|19 Zilhicce 1447
20260606|0337|0526|1301|1656|2027|2208|20 Zilhicce 1447
20260607|0337|0526|1302|1656|2027|2209|21 Zilhicce 1447
20260608|0336|0526|1302|1657|2028|2209|22 Zilhicce 1447
20260609|0336|0526|1302|1657|2028|2210|23 Zilhicce 1447
20260610|0335|0526|1302|1657|2029|2211|24 Zilhicce 1447
20260611|0335|0526|1302|1657|2029|2212|25 Zilhicce 1447
20260612|0335|0525|1303|1657|2030|2212|26 Zilhicce 1447
20260613|0335|0525|1303|1658|2030|2213|27 Zilhicce 1447
20260614|0334|0525|1303|1658|2031|2213|28 Zilhicce 1447
20260615|0334|0525|1303|1658|2031|2214|29 Zilhicce 1447
20260616|0334|0525|1303|1658|2032|2214|1 Muharrem 1448
20260617|0334|0526|1304|1659|2032|2215|2 Muharrem 1448
20260618|0334|0526|1304|1659|2032|2215|3 Muharrem 1448
20260619|0334|0526|1304|1659|2033|2216|4 Muharrem 1448
20260620|0334|0526|1304|1659|2033|2216|5 Muharrem 1448
20260621|0335|0526|1305|1700|2033|2216|6 Muharrem 1448
20260622|0335|0526|1305|1700|2033|2216|7 Muharrem 1448
20260623|0335|0527|1305|1700|2033|2217|8 Muharrem 1448
20260624|0335|0527|1305|1700|2034|2217|9 Muharrem 1448
20260625|0336|0527|1305|1700|2034|2217|10 Muharrem 1448
20260626|0336|0528|1306|1701|2034|2217|11 Muharrem 1448
20260627|0337|0528|1306|1701|2034|2217|12 Muharrem 1448
20260628|0337|0528|1306|1701|2034|2217|13 Muharrem 1448
20260629|0338|0529|1306|1701|2034|2217|14 Muharrem 1448
20260630|0338|0529|1306|1701|2034|2216|15 Muharrem 1448
20260701|0339|0530|1307|1702|2034|2216|16 Muharrem 1448
20260702|0340|0530|1307|1702|2034|2216|17 Muharrem 1448
20260703|0340|0531|1307|1702|2034|2216|18 Muharrem 1448
20260704|0341|0531|1307|1702|2033|2215|19 Muharrem 1448
20260705|0342|0532|1307|1702|2033|2215|20 Muharrem 1448
20260706|0343|0532|1308|1702|2033|2214|21 Muharrem 1448
20260707|0344|0533|1308|1702|2033|2214|22 Muharrem 1448
20260708|0345|0533|1308|1702|2032|2213|23 Muharrem 1448
20260709|0346|0534|1308|1702|2032|2213|24 Muharrem 1448
20260710|0347|0535|1308|1702|2032|2212|25 Muharrem 1448
20260711|0348|0535|1308|1703|2031|2211|26 Muharrem 1448
20260712|0349|0536|1308|1703|2031|2211|27 Muharrem 1448
20260713|0350|0537|1309|1703|2031|2210|28 Muharrem 1448
20260714|0351|0537|1309|1703|2030|2209|29 Muharrem 1448
20260715|0352|0538|1309|1703|2030|2208|1 Safer 1448
20260716|0353|0539|1309|1703|2029|2207|2 Safer 1448
20260717|0354|0540|1309|1703|2029|2206|3 Safer 1448
20260718|0355|0540|1309|1703|2028|2205|4 Safer 1448
20260719|0357|0541|1309|1702|2027|2204|5 Safer 1448
20260720|0358|0542|1309|1702|2027|2203|6 Safer 1448
20260721|0359|0543|1309|1702|2026|2202|7 Safer 1448
20260722|0400|0543|1309|1702|2025|2201|8 Safer 1448
20260723|0402|0544|1309|1702|2025|2200|9 Safer 1448
20260724|0403|0545|1309|1702|2024|2159|10 Safer 1448
20260725|0404|0546|1309|1702|2023|2157|11 Safer 1448
20260726|0405|0547|1309|1702|2022|2156|12 Safer 1448
20260727|0407|0548|1309|1701|2021|2155|13 Safer 1448
20260728|0408|0548|1309|1701|2020|2154|14 Safer 1448
20260729|0409|0549|1309|1701|2019|2152|15 Safer 1448
20260730|0411|0550|1309|1701|2019|2151|16 Safer 1448
20260731|0412|0551|1309|1700|2018|2150|17 Safer 1448
20260801|0413|0552|1309|1700|2017|2148|18 Safer 1448
20260802|0415|0553|1309|1700|2016|2147|19 Safer 1448
20260803|0416|0554|1309|1659|2015|2145|20 Safer 1448
20260804|0417|0555|1309|1659|2014|2144|21 Safer 1448
20260805|0419|0555|1309|1659|2012|2142|22 Safer 1448
20260806|0420|0556|1309|1658|2011|2141|23 Safer 1448
20260807|0421|0557|1309|1658|2010|2139|24 Safer 1448
20260808|0423|0558|1309|1658|2009|2138|25 Safer 1448
20260809|0424|0559|1308|1657|2008|2136|26 Safer 1448
20260810|0425|0600|1308|1657|2007|2135|27 Safer 1448
20260811|0427|0601|1308|1656|2006|2133|28 Safer 1448
20260812|0428|0602|1308|1656|2004|2132|29 Safer 1448
20260813|0429|0603|1308|1655|2003|2130|30 Safer 1448
20260814|0431|0604|1308|1655|2002|2128|1 Rebiulevvel 1448
20260815|0432|0604|1307|1654|2001|2127|2 Rebiulevvel 1448
20260816|0433|0605|1307|1654|1959|2125|3 Rebiulevvel 1448
20260817|0435|0606|1307|1653|1958|2123|4 Rebiulevvel 1448
20260818|0436|0607|1307|1652|1957|2122|5 Rebiulevvel 1448
20260819|0437|0608|1307|1652|1955|2120|6 Rebiulevvel 1448
20260820|0438|0609|1306|1651|1954|2118|7 Rebiulevvel 1448
20260821|0440|0610|1306|1650|1952|2116|8 Rebiulevvel 1448
20260822|0441|0611|1306|1650|1951|2115|9 Rebiulevvel 1448
20260823|0442|0612|1306|1649|1950|2113|10 Rebiulevvel 1448
20260824|0444|0613|1305|1648|1948|2111|11 Rebiulevvel 1448
20260825|0445|0613|1305|1648|1947|2110|12 Rebiulevvel 1448
20260826|0446|0614|1305|1647|1945|2108|13 Rebiulevvel 1448
20260827|0447|0615|1305|1646|1944|2106|14 Rebiulevvel 1448
20260828|0448|0616|1304|1645|1942|2104|15 Rebiulevvel 1448
20260829|0450|0617|1304|1645|1941|2102|16 Rebiulevvel 1448
20260830|0451|0618|1304|1644|1939|2101|17 Rebiulevvel 1448
20260831|0452|0619|1303|1643|1938|2059|18 Rebiulevvel 1448
20260901|0453|0620|1303|1642|1936|2057|19 Rebiulevvel 1448
20260902|0454|0621|1303|1641|1935|2055|20 Rebiulevvel 1448
20260903|0456|0621|1302|1640|1933|2054|21 Rebiulevvel 1448
20260904|0457|0622|1302|1640|1932|2052|22 Rebiulevvel 1448
20260905|0458|0623|1302|1639|1930|2050|23 Rebiulevvel 1448
20260906|0459|0624|1301|1638|1929|2048|24 Rebiulevvel 1448
20260907|0500|0625|1301|1637|1927|2046|25 Rebiulevvel 1448
20260908|0501|0626|1301|1636|1926|2045|26 Rebiulevvel 1448
20260909|0502|0627|1300|1635|1924|2043|27 Rebiulevvel 1448
20260910|0503|0628|1300|1634|1922|2041|28 Rebiulevvel 1448
20260911|0504|0628|1300|1633|1921|2039|29 Rebiulevvel 1448
20260912|0506|0629|1259|1632|1919|2038|1 Rebiulahir 1448
20260913|0507|0630|1259|1631|1918|2036|2 Rebiulahir 1448
20260914|0508|0631|1259|1630|1916|2034|3 Rebiulahir 1448
20260915|0509|0632|1258|1629|1915|2032|4 Rebiulahir 1448
20260916|0510|0633|1258|1628|1913|2031|5 Rebiulahir 1448
20260917|0511|0634|1258|1627|1911|2029|6 Rebiulahir 1448
20260918|0512|0635|1257|1626|1910|2027|7 Rebiulahir 1448
20260919|0513|0636|1257|1625|1908|2025|8 Rebiulahir 1448
20260920|0514|0636|1256|1624|1906|2024|9 Rebiulahir 1448
20260921|0515|0637|1256|1623|1905|2022|10 Rebiulahir 1448
20260922|0516|0638|1256|1622|1903|2020|11 Rebiulahir 1448
20260923|0517|0639|1255|1621|1902|2018|12 Rebiulahir 1448
20260924|0518|0640|1255|1619|1900|2017|13 Rebiulahir 1448
20260925|0519|0641|1255|1618|1858|2015|14 Rebiulahir 1448
20260926|0520|0642|1254|1617|1857|2013|15 Rebiulahir 1448
20260927|0521|0643|1254|1616|1855|2012|16 Rebiulahir 1448
20260928|0522|0644|1254|1615|1854|2010|17 Rebiulahir 1448
20260929|0523|0645|1253|1614|1852|2008|18 Rebiulahir 1448
20260930|0524|0645|1253|1613|1851|2007|19 Rebiulahir 1448
20261001|0525|0646|1253|1612|1849|2005|20 Rebiulahir 1448
20261002|0526|0647|1252|1611|1847|2004|21 Rebiulahir 1448
20261003|0527|0648|1252|1609|1846|2002|22 Rebiulahir 1448
20261004|0528|0649|1252|1608|1844|2000|23 Rebiulahir 1448
20261005|0529|0650|1251|1607|1843|1959|24 Rebiulahir 1448
20261006|0530|0651|1251|1606|1841|1957|25 Rebiulahir 1448
20261007|0531|0652|1251|1605|1840|1956|26 Rebiulahir 1448
20261008|0532|0653|1251|1604|1838|1954|27 Rebiulahir 1448
20261009|0533|0654|1250|1603|1837|1953|28 Rebiulahir 1448
20261010|0534|0655|1250|1602|1835|1951|29 Rebiulahir 1448
20261011|0535|0656|1250|1601|1834|1950|30 Rebiulahir 1448
20261012|0536|0657|1249|1559|1832|1948|1 Cemaziyelevvel 1448
20261013|0536|0658|1249|1558|1831|1947|2 Cemaziyelevvel 1448
20261014|0537|0659|1249|1557|1829|1945|3 Cemaziyelevvel 1448
20261015|0538|0700|1249|1556|1828|1944|4 Cemaziyelevvel 1448
20261016|0539|0701|1249|1555|1826|1943|5 Cemaziyelevvel 1448
20261017|0540|0702|1248|1554|1825|1941|6 Cemaziyelevvel 1448
20261018|0541|0703|1248|1553|1823|1940|7 Cemaziyelevvel 1448
20261019|0542|0704|1248|1552|1822|1939|8 Cemaziyelevvel 1448
20261020|0543|0705|1248|1551|1821|1937|9 Cemaziyelevvel 1448
20261021|0544|0706|1248|1550|1819|1936|10 Cemaziyelevvel 1448
20261022|0545|0707|1247|1549|1818|1935|11 Cemaziyelevvel 1448
20261023|0546|0708|1247|1548|1817|1933|12 Cemaziyelevvel 1448
20261024|0547|0709|1247|1547|1815|1932|13 Cemaziyelevvel 1448
20261025|0548|0710|1247|1546|1814|1931|14 Cemaziyelevvel 1448
20261026|0549|0711|1247|1545|1813|1930|15 Cemaziyelevvel 1448
20261027|0550|0712|1247|1544|1812|1929|16 Cemaziyelevvel 1448
20261028|0551|0713|1247|1543|1810|1928|17 Cemaziyelevvel 1448
20261029|0552|0714|1247|1542|1809|1926|18 Cemaziyelevvel 1448
20261030|0553|0715|1247|1541|1808|1925|19 Cemaziyelevvel 1448
20261031|0554|0716|1246|1540|1807|1924|20 Cemaziyelevvel 1448
20261101|0554|0717|1246|1539|1806|1923|21 Cemaziyelevvel 1448
20261102|0555|0718|1246|1538|1804|1922|22 Cemaziyelevvel 1448
20261103|0556|0720|1246|1537|1803|1921|23 Cemaziyelevvel 1448
20261104|0557|0721|1246|1536|1802|1920|24 Cemaziyelevvel 1448
20261105|0558|0722|1246|1535|1801|1919|25 Cemaziyelevvel 1448
20261106|0559|0723|1246|1535|1800|1919|26 Cemaziyelevvel 1448
20261107|0600|0724|1246|1534|1759|1918|27 Cemaziyelevvel 1448
20261108|0601|0725|1247|1533|1758|1917|28 Cemaziyelevvel 1448
20261109|0602|0726|1247|1532|1757|1916|29 Cemaziyelevvel 1448
20261110|0603|0727|1247|1532|1756|1915|1 Cemaziyelahir 1448
20261111|0604|0728|1247|1531|1755|1914|2 Cemaziyelahir 1448
20261112|0605|0729|1247|1530|1754|1914|3 Cemaziyelahir 1448
20261113|0606|0731|1247|1530|1754|1913|4 Cemaziyelahir 1448
20261114|0607|0732|1247|1529|1753|1912|5 Cemaziyelahir 1448
20261115|0608|0733|1247|1528|1752|1912|6 Cemaziyelahir 1448
20261116|0609|0734|1248|1528|1751|1911|7 Cemaziyelahir 1448
20261117|0610|0735|1248|1527|1751|1911|8 Cemaziyelahir 1448
20261118|0611|0736|1248|1527|1750|1910|9 Cemaziyelahir 1448
20261119|0612|0737|1248|1526|1749|1909|10 Cemaziyelahir 1448
20261120|0612|0738|1248|1526|1749|1909|11 Cemaziyelahir 1448
20261121|0613|0739|1249|1525|1748|1909|12 Cemaziyelahir 1448
20261122|0614|0740|1249|1525|1747|1908|13 Cemaziyelahir 1448
20261123|0615|0741|1249|1524|1747|1908|14 Cemaziyelahir 1448
20261124|0616|0742|1249|1524|1746|1907|15 Cemaziyelahir 1448
20261125|0617|0744|1250|1524|1746|1907|16 Cemaziyelahir 1448
20261126|0618|0745|1250|1523|1745|1907|17 Cemaziyelahir 1448
20261127|0619|0746|1250|1523|1745|1907|18 Cemaziyelahir 1448
20261128|0620|0747|1251|1523|1745|1906|19 Cemaziyelahir 1448
20261129|0621|0748|1251|1523|1744|1906|20 Cemaziyelahir 1448
20261130|0621|0749|1251|1522|1744|1906|21 Cemaziyelahir 1448
20261201|0622|0750|1252|1522|1744|1906|22 Cemaziyelahir 1448
20261202|0623|0751|1252|1522|1744|1906|23 Cemaziyelahir 1448
20261203|0624|0752|1252|1522|1743|1906|24 Cemaziyelahir 1448
20261204|0625|0752|1253|1522|1743|1906|25 Cemaziyelahir 1448
20261205|0626|0753|1253|1522|1743|1906|26 Cemaziyelahir 1448
20261206|0626|0754|1254|1522|1743|1906|27 Cemaziyelahir 1448
20261207|0627|0755|1254|1522|1743|1906|28 Cemaziyelahir 1448
20261208|0628|0756|1255|1522|1743|1906|29 Cemaziyelahir 1448
20261209|0629|0757|1255|1522|1743|1906|30 Cemaziyelahir 1448
20261210|0629|0758|1255|1522|1743|1906|1 Recep 1448
20261211|0630|0759|1256|1522|1743|1906|2 Recep 1448
20261212|0631|0759|1256|1523|1743|1906|3 Recep 1448
20261213|0632|0800|1257|1523|1744|1907|4 Recep 1448
20261214|0632|0801|1257|1523|1744|1907|5 Recep 1448
20261215|0633|0802|1258|1523|1744|1907|6 Recep 1448
20261216|0634|0802|1258|1524|1744|1908|7 Recep 1448
20261217|0634|0803|1259|1524|1745|1908|8 Recep 1448
20261218|0635|0803|1259|1524|1745|1908|9 Recep 1448
20261219|0635|0804|1300|1525|1745|1909|10 Recep 1448
20261220|0636|0805|1300|1525|1746|1909|11 Recep 1448
20261221|0636|0805|1301|1526|1746|1910|12 Recep 1448
20261222|0637|0806|1301|1526|1747|1910|13 Recep 1448
20261223|0637|0806|1302|1527|1747|1911|14 Recep 1448
20261224|0638|0807|1302|1527|1748|1911|15 Recep 1448
20261225|0638|0807|1303|1528|1748|1912|16 Recep 1448
20261226|0639|0807|1303|1528|1749|1912|17 Recep 1448
20261227|0639|0808|1304|1529|1750|1913|18 Recep 1448
20261228|0639|0808|1304|1530|1750|1914|19 Recep 1448
20261229|0640|0808|1305|1530|1751|1914|20 Recep 1448
20261230|0640|0809|1305|1531|1752|1915|21 Recep 1448
20261231|0640|0809|1306|1532|1752|1916|22 Recep 1448
20270101|0641|0809|1306|1532|1753|1916|23 Recep 1448
20270102|0641|0809|1307|1533|1754|1917|24 Recep 1448
20270103|0641|0809|1307|1534|1755|1918|25 Recep 1448
20270104|0641|0809|1307|1535|1756|1918|26 Recep 1448
20270105|0641|0809|1308|1535|1757|1919|27 Recep 1448
20270106|0641|0809|1308|1536|1757|1920|28 Recep 1448
20270107|0641|0809|1309|1537|1758|1921|29 Recep 1448
20270108|0641|0809|1309|1538|1759|1922|30 Recep 1448
20270109|0642|0809|1310|1539|1800|1923|1 Şaban 1448
20270110|0641|0809|1310|1540|1801|1923|2 Şaban 1448
20270111|0641|0809|1310|1541|1802|1924|3 Şaban 1448
20270112|0641|0809|1311|1542|1803|1925|4 Şaban 1448
20270113|0641|0808|1311|1542|1804|1926|5 Şaban 1448
20270114|0641|0808|1312|1543|1805|1927|6 Şaban 1448
20270115|0641|0808|1312|1544|1806|1928|7 Şaban 1448
20270116|0641|0807|1312|1545|1807|1929|8 Şaban 1448
20270117|0640|0807|1313|1546|1808|1930|9 Şaban 1448
20270118|0640|0807|1313|1547|1809|1931|10 Şaban 1448
20270119|0640|0806|1313|1548|1811|1932|11 Şaban 1448
20270120|0640|0806|1314|1549|1812|1933|12 Şaban 1448
20270121|0639|0805|1314|1550|1813|1933|13 Şaban 1448
20270122|0639|0805|1314|1551|1814|1934|14 Şaban 1448
20270123|0638|0804|1314|1552|1815|1935|15 Şaban 1448
20270124|0638|0803|1315|1553|1816|1936|16 Şaban 1448
20270125|0637|0803|1315|1554|1817|1937|17 Şaban 1448
20270126|0637|0802|1315|1555|1818|1938|18 Şaban 1448
20270127|0636|0801|1315|1556|1820|1939|19 Şaban 1448
20270128|0636|0801|1316|1557|1821|1940|20 Şaban 1448
20270129|0635|0800|1316|1558|1822|1941|21 Şaban 1448
20270130|0634|0759|1316|1559|1823|1942|22 Şaban 1448
20270131|0634|0758|1316|1600|1824|1943|23 Şaban 1448
20270201|0633|0757|1316|1601|1825|1944|24 Şaban 1448
20270202|0632|0756|1316|1602|1826|1945|25 Şaban 1448
20270203|0632|0756|1317|1603|1828|1946|26 Şaban 1448
20270204|0631|0755|1317|1604|1829|1947|27 Şaban 1448
20270205|0630|0754|1317|1605|1830|1948|28 Şaban 1448
20270206|0629|0753|1317|1605|1831|1949|29 Şaban 1448
20270207|0628|0752|1317|1606|1832|1950|30 Şaban 1448
20270208|0627|0751|1317|1607|1833|1951|1 Ramazan 1448
20270209|0626|0750|1317|1608|1835|1952|2 Ramazan 1448
20270210|0625|0748|1317|1609|1836|1953|3 Ramazan 1448
20270211|0624|0747|1317|1610|1837|1954|4 Ramazan 1448
20270212|0623|0746|1317|1611|1838|1956|5 Ramazan 1448
20270213|0622|0745|1317|1612|1839|1957|6 Ramazan 1448
20270214|0621|0744|1317|1613|1840|1958|7 Ramazan 1448
20270215|0620|0743|1317|1614|1841|1959|8 Ramazan 1448
20270216|0619|0741|1317|1614|1842|2000|9 Ramazan 1448
20270217|0618|0740|1317|1615|1844|2001|10 Ramazan 1448
20270218|0617|0739|1317|1616|1845|2002|11 Ramazan 1448
20270219|0616|0738|1317|1617|1846|2003|12 Ramazan 1448
20270220|0615|0736|1317|1618|1847|2004|13 Ramazan 1448
20270221|0613|0735|1317|1618|1848|2005|14 Ramazan 1448
20270222|0612|0734|1316|1619|1849|2006|15 Ramazan 1448
20270223|0611|0732|1316|1620|1850|2007|16 Ramazan 1448
20270224|0609|0731|1316|1621|1851|2008|17 Ramazan 1448
20270225|0608|0730|1316|1621|1852|2009|18 Ramazan 1448
20270226|0607|0728|1316|1622|1853|2010|19 Ramazan 1448
20270227|0606|0727|1316|1623|1854|2011|20 Ramazan 1448
20270228|0604|0726|1315|1624|1855|2012|21 Ramazan 1448
20270301|0603|0724|1315|1624|1857|2013|22 Ramazan 1448
20270302|0601|0723|1315|1625|1858|2014|23 Ramazan 1448
20270303|0600|0721|1315|1626|1859|2015|24 Ramazan 1448
20270304|0558|0720|1315|1626|1900|2016|25 Ramazan 1448
20270305|0557|0718|1314|1627|1901|2017|26 Ramazan 1448
20270306|0556|0717|1314|1628|1902|2018|27 Ramazan 1448
20270307|0554|0715|1314|1628|1903|2019|28 Ramazan 1448
20270308|0553|0714|1314|1629|1904|2020|29 Ramazan 1448
20270309|0551|0712|1314|1629|1905|2021|1 Şevval 1448
20270310|0549|0711|1313|1630|1906|2022|2 Şevval 1448
20270311|0548|0709|1313|1630|1907|2023|3 Şevval 1448
20270312|0546|0708|1313|1631|1908|2024|4 Şevval 1448
20270313|0545|0706|1313|1632|1909|2025|5 Şevval 1448
20270314|0543|0705|1312|1632|1910|2026|6 Şevval 1448
20270315|0542|0703|1312|1633|1911|2027|7 Şevval 1448
20270316|0540|0702|1312|1633|1912|2028|8 Şevval 1448
20270317|0538|0700|1311|1634|1913|2029|9 Şevval 1448
20270318|0537|0658|1311|1634|1914|2030|10 Şevval 1448
20270319|0535|0657|1311|1635|1915|2031|11 Şevval 1448
20270320|0533|0655|1311|1635|1916|2032|12 Şevval 1448
20270321|0532|0654|1310|1636|1917|2034|13 Şevval 1448
20270322|0530|0652|1310|1636|1918|2035|14 Şevval 1448
20270323|0528|0651|1310|1636|1919|2036|15 Şevval 1448
20270324|0527|0649|1309|1637|1920|2037|16 Şevval 1448
20270325|0525|0648|1309|1637|1921|2038|17 Şevval 1448
20270326|0523|0646|1309|1638|1922|2039|18 Şevval 1448
20270327|0521|0644|1308|1638|1923|2040|19 Şevval 1448
20270328|0520|0643|1308|1638|1923|2041|20 Şevval 1448
20270329|0518|0641|1308|1639|1924|2042|21 Şevval 1448
20270330|0516|0640|1308|1639|1925|2043|22 Şevval 1448
20270331|0514|0638|1307|1640|1926|2045|23 Şevval 1448
20270401|0513|0637|1307|1640|1927|2046|24 Şevval 1448
20270402|0511|0635|1307|1640|1928|2047|25 Şevval 1448
20270403|0509|0633|1306|1641|1929|2048|26 Şevval 1448
20270404|0507|0632|1306|1641|1930|2049|27 Şevval 1448
20270405|0506|0630|1306|1641|1931|2050|28 Şevval 1448
20270406|0504|0629|1305|1641|1932|2051|29 Şevval 1448
20270407|0502|0627|1305|1642|1933|2053|30 Şevval 1448
20270408|0500|0626|1305|1642|1934|2054|1 Zilkade 1448
20270409|0459|0624|1305|1642|1935|2055|2 Zilkade 1448
20270410|0457|0623|1304|1643|1936|2056|3 Zilkade 1448
20270411|0455|0621|1304|1643|1937|2057|4 Zilkade 1448
20270412|0453|0620|1304|1643|1938|2059|5 Zilkade 1448
20270413|0451|0618|1304|1643|1939|2100|6 Zilkade 1448
20270414|0450|0617|1303|1644|1940|2101|7 Zilkade 1448
20270415|0448|0615|1303|1644|1941|2102|8 Zilkade 1448
20270416|0446|0614|1303|1644|1942|2104|9 Zilkade 1448
20270417|0444|0613|1303|1645|1943|2105|10 Zilkade 1448
20270418|0443|0611|1302|1645|1944|2106|11 Zilkade 1448
20270419|0441|0610|1302|1645|1945|2107|12 Zilkade 1448
20270420|0439|0608|1302|1645|1946|2109|13 Zilkade 1448
20270421|0437|0607|1302|1645|1946|2110|14 Zilkade 1448
20270422|0436|0606|1302|1646|1947|2111|15 Zilkade 1448
20270423|0434|0604|1301|1646|1948|2113|16 Zilkade 1448
20270424|0432|0603|1301|1646|1949|2114|17 Zilkade 1448
20270425|0431|0602|1301|1646|1950|2115|18 Zilkade 1448
20270426|0429|0600|1301|1647|1951|2117|19 Zilkade 1448
20270427|0427|0559|1301|1647|1952|2118|20 Zilkade 1448
20270428|0425|0558|1300|1647|1953|2119|21 Zilkade 1448
20270429|0424|0556|1300|1647|1954|2121|22 Zilkade 1448
20270430|0422|0555|1300|1647|1955|2122|23 Zilkade 1448
20270501|0421|0554|1300|1648|1956|2123|24 Zilkade 1448
20270502|0419|0553|1300|1648|1957|2125|25 Zilkade 1448
20270503|0417|0552|1300|1648|1958|2126|26 Zilkade 1448
20270504|0416|0551|1300|1648|1959|2127|27 Zilkade 1448
20270505|0414|0549|1300|1649|2000|2129|28 Zilkade 1448
20270506|0413|0548|1300|1649|2001|2130|29 Zilkade 1448
20270507|0411|0547|1259|1649|2002|2131|1 Zilhicce 1448
20270508|0409|0546|1259|1649|2003|2133|2 Zilhicce 1448
20270509|0408|0545|1259|1649|2004|2134|3 Zilhicce 1448
20270510|0406|0544|1259|1650|2005|2135|4 Zilhicce 1448
20270511|0405|0543|1259|1650|2006|2137|5 Zilhicce 1448
20270512|0404|0542|1259|1650|2006|2138|6 Zilhicce 1448
20270513|0402|0541|1259|1650|2007|2139|7 Zilhicce 1448
20270514|0401|0540|1259|1651|2008|2141|8 Zilhicce 1448
20270515|0359|0539|1259|1651|2009|2142|9 Zilhicce 1448
20270516|0358|0538|1259|1651|2010|2143|10 Zilhicce 1448
20270517|0357|0538|1259|1651|2011|2145|11 Zilhicce 1448
20270518|0355|0537|1259|1651|2012|2146|12 Zilhicce 1448
20270519|0354|0536|1259|1652|2013|2147|13 Zilhicce 1448
20270520|0353|0535|1259|1652|2014|2149|14 Zilhicce 1448
20270521|0352|0534|1259|1652|2015|2150|15 Zilhicce 1448
20270522|0351|0534|1259|1652|2015|2151|16 Zilhicce 1448
20270523|0349|0533|1300|1653|2016|2152|17 Zilhicce 1448
20270524|0348|0532|1300|1653|2017|2154|18 Zilhicce 1448
20270525|0347|0532|1300|1653|2018|2155|19 Zilhicce 1448
20270526|0346|0531|1300|1653|2019|2156|20 Zilhicce 1448
20270527|0345|0530|1300|1653|2019|2157|21 Zilhicce 1448
20270528|0344|0530|1300|1654|2020|2158|22 Zilhicce 1448
20270529|0343|0529|1300|1654|2021|2159|23 Zilhicce 1448
20270530|0342|0529|1300|1654|2022|2201|24 Zilhicce 1448
20270531|0342|0528|1300|1654|2022|2202|25 Zilhicce 1448
20270601|0341|0528|1301|1655|2023|2203|26 Zilhicce 1448
20270602|0340|0528|1301|1655|2024|2204|27 Zilhicce 1448
20270603|0339|0527|1301|1655|2025|2205|28 Zilhicce 1448
20270604|0339|0527|1301|1655|2025|2206|29 Zilhicce 1448
20270605|0338|0527|1301|1656|2026|2207|30 Zilhicce 1448
20270606|0337|0526|1301|1656|2026|2207|1 Muharrem 1449
20270607|0337|0526|1302|1656|2027|2208|2 Muharrem 1449
20270608|0336|0526|1302|1656|2028|2209|3 Muharrem 1449
20270609|0336|0526|1302|1657|2028|2210|4 Muharrem 1449
20270610|0336|0526|1302|1657|2029|2211|5 Muharrem 1449
20270611|0335|0526|1302|1657|2029|2211|6 Muharrem 1449
20270612|0335|0525|1303|1657|2030|2212|7 Muharrem 1449
20270613|0335|0525|1303|1658|2030|2213|8 Muharrem 1449
20270614|0334|0525|1303|1658|2031|2213|9 Muharrem 1449
20270615|0334|0525|1303|1658|2031|2214|10 Muharrem 1449
20270616|0334|0525|1303|1658|2031|2214|11 Muharrem 1449
20270617|0334|0526|1304|1659|2032|2215|12 Muharrem 1449
20270618|0334|0526|1304|1659|2032|2215|13 Muharrem 1449
20270619|0334|0526|1304|1659|2032|2216|14 Muharrem 1449
20270620|0334|0526|1304|1659|2033|2216|15 Muharrem 1449
20270621|0335|0526|1305|1700|2033|2216|16 Muharrem 1449
20270622|0335|0526|1305|1700|2033|2216|17 Muharrem 1449
20270623|0335|0527|1305|1700|2033|2217|18 Muharrem 1449
20270624|0335|0527|1305|1700|2034|2217|19 Muharrem 1449
20270625|0336|0527|1305|1700|2034|2217|20 Muharrem 1449
20270626|0336|0527|1306|1701|2034|2217|21 Muharrem 1449
20270627|0337|0528|1306|1701|2034|2217|22 Muharrem 1449
20270628|0337|0528|1306|1701|2034|2217|23 Muharrem 1449
20270629|0338|0529|1306|1701|2034|2217|24 Muharrem 1449
20270630|0338|0529|1306|1701|2034|2216|25 Muharrem 1449
20270701|0339|0529|1307|1701|2034|2216|26 Muharrem 1449
20270702|0340|0530|1307|1702|2034|2216|27 Muharrem 1449
20270703|0340|0530|1307|1702|2034|2216|28 Muharrem 1449
20270704|0341|0531|1307|1702|2033|2215|29 Muharrem 1449
20270705|0342|0531|1307|1702|2033|2215|1 Safer 1449
20270706|0343|0532|1308|1702|2033|2214|2 Safer 1449
20270707|0344|0533|1308|1702|2033|2214|3 Safer 1449
20270708|0344|0533|1308|1702|2033|2213|4 Safer 1449
20270709|0345|0534|1308|1702|2032|2213|5 Safer 1449
20270710|0346|0534|1308|1702|2032|2212|6 Safer 1449
20270711|0347|0535|1308|1703|2032|2211|7 Safer 1449
20270712|0348|0536|1308|1703|2031|2211|8 Safer 1449
20270713|0349|0536|1309|1703|2031|2210|9 Safer 1449
20270714|0351|0537|1309|1703|2030|2209|10 Safer 1449
20270715|0352|0538|1309|1703|2030|2208|11 Safer 1449
20270716|0353|0539|1309|1703|2029|2207|12 Safer 1449
20270717|0354|0539|1309|1703|2029|2206|13 Safer 1449
20270718|0355|0540|1309|1703|2028|2206|14 Safer 1449
20270719|0356|0541|1309|1702|2027|2205|15 Safer 1449
20270720|0358|0542|1309|1702|2027|2203|16 Safer 1449
20270721|0359|0542|1309|1702|2026|2202|17 Safer 1449
20270722|0400|0543|1309|1702|2025|2201|18 Safer 1449
20270723|0401|0544|1309|1702|2025|2200|19 Safer 1449
20270724|0403|0545|1309|1702|2024|2159|20 Safer 1449
20270725|0404|0546|1309|1702|2023|2158|21 Safer 1449
20270726|0405|0547|1309|1702|2022|2157|22 Safer 1449
20270727|0406|0547|1309|1701|2021|2155|23 Safer 1449
20270728|0408|0548|1309|1701|2021|2154|24 Safer 1449
20270729|0409|0549|1309|1701|2020|2153|25 Safer 1449
20270730|0410|0550|1309|1701|2019|2151|26 Safer 1449
20270731|0412|0551|1309|1700|2018|2150|27 Safer 1449
20270801|0413|0552|1309|1700|2017|2149|28 Safer 1449
20270802|0414|0553|1309|1700|2016|2147|29 Safer 1449
20270803|0416|0553|1309|1700|2015|2146|1 Rebiulevvel 1449
20270804|0417|0554|1309|1659|2014|2144|2 Rebiulevvel 1449
20270805|0418|0555|1309|1659|2013|2143|3 Rebiulevvel 1449
20270806|0420|0556|1309|1659|2012|2141|4 Rebiulevvel 1449
20270807|0421|0557|1309|1658|2011|2140|5 Rebiulevvel 1449
20270808|0422|0558|1309|1658|2009|2138|6 Rebiulevvel 1449
20270809|0424|0559|1308|1657|2008|2137|7 Rebiulevvel 1449
20270810|0425|0600|1308|1657|2007|2135|8 Rebiulevvel 1449
20270811|0426|0601|1308|1656|2006|2134|9 Rebiulevvel 1449
20270812|0428|0602|1308|1656|2005|2132|10 Rebiulevvel 1449
20270813|0429|0602|1308|1655|2003|2130|11 Rebiulevvel 1449
20270814|0430|0603|1308|1655|2002|2129|12 Rebiulevvel 1449
20270815|0432|0604|1307|1654|2001|2127|13 Rebiulevvel 1449
20270816|0433|0605|1307|1654|2000|2125|14 Rebiulevvel 1449
20270817|0434|0606|1307|1653|1958|2124|15 Rebiulevvel 1449
20270818|0436|0607|1307|1653|1957|2122|16 Rebiulevvel 1449
20270819|0437|0608|1307|1652|1956|2120|17 Rebiulevvel 1449
20270820|0438|0609|1306|1651|1954|2119|18 Rebiulevvel 1449
20270821|0439|0610|1306|1651|1953|2117|19 Rebiulevvel 1449
20270822|0441|0611|1306|1650|1951|2115|20 Rebiulevvel 1449
20270823|0442|0611|1306|1649|1950|2113|21 Rebiulevvel 1449
20270824|0443|0612|1305|1649|1949|2112|22 Rebiulevvel 1449
20270825|0444|0613|1305|1648|1947|2110|23 Rebiulevvel 1449
20270826|0446|0614|1305|1647|1946|2108|24 Rebiulevvel 1449
20270827|0447|0615|1305|1646|1944|2106|25 Rebiulevvel 1449
20270828|0448|0616|1304|1646|1943|2105|26 Rebiulevvel 1449
20270829|0449|0617|1304|1645|1941|2103|27 Rebiulevvel 1449
20270830|0451|0618|1304|1644|1940|2101|28 Rebiulevvel 1449
20270831|0452|0619|1303|1643|1938|2059|29 Rebiulevvel 1449
20270901|0453|0619|1303|1642|1937|2058|30 Rebiulevvel 1449
20270902|0454|0620|1303|1642|1935|2056|1 Rebiulahir 1449
20270903|0455|0621|1302|1641|1934|2054|2 Rebiulahir 1449
20270904|0456|0622|1302|1640|1932|2052|3 Rebiulahir 1449
20270905|0458|0623|1302|1639|1931|2050|4 Rebiulahir 1449
20270906|0459|0624|1301|1638|1929|2049|5 Rebiulahir 1449
20270907|0500|0625|1301|1637|1928|2047|6 Rebiulahir 1449
20270908|0501|0626|1301|1636|1926|2045|7 Rebiulahir 1449
20270909|0502|0626|1300|1635|1924|2043|8 Rebiulahir 1449
20270910|0503|0627|1300|1634|1923|2042|9 Rebiulahir 1449
20270911|0504|0628|1300|1633|1921|2040|10 Rebiulahir 1449
20270912|0505|0629|1259|1632|1920|2038|11 Rebiulahir 1449
20270913|0506|0630|1259|1631|1918|2036|12 Rebiulahir 1449
20270914|0507|0631|1259|1630|1916|2035|13 Rebiulahir 1449
20270915|0509|0632|1258|1629|1915|2033|14 Rebiulahir 1449
20270916|0510|0633|1258|1628|1913|2031|15 Rebiulahir 1449
20270917|0511|0634|1258|1627|1912|2029|16 Rebiulahir 1449
20270918|0512|0634|1257|1626|1910|2027|17 Rebiulahir 1449
20270919|0513|0635|1257|1625|1908|2026|18 Rebiulahir 1449
20270920|0514|0636|1257|1624|1907|2024|19 Rebiulahir 1449
20270921|0515|0637|1256|1623|1905|2022|20 Rebiulahir 1449
20270922|0516|0638|1256|1622|1904|2021|21 Rebiulahir 1449
20270923|0517|0639|1255|1621|1902|2019|22 Rebiulahir 1449
20270924|0518|0640|1255|1620|1900|2017|23 Rebiulahir 1449
20270925|0519|0641|1255|1619|1859|2016|24 Rebiulahir 1449
20270926|0520|0642|1254|1618|1857|2014|25 Rebiulahir 1449
20270927|0521|0643|1254|1616|1856|2012|26 Rebiulahir 1449
20270928|0522|0643|1254|1615|1854|2011|27 Rebiulahir 1449
20270929|0523|0644|1253|1614|1853|2009|28 Rebiulahir 1449
20270930|0524|0645|1253|1613|1851|2007|29 Rebiulahir 1449
20271001|0525|0646|1253|1612|1849|2006|1 Cemaziyelevvel 1449
20271002|0526|0647|1252|1611|1848|2004|2 Cemaziyelevvel 1449
20271003|0527|0648|1252|1610|1846|2002|3 Cemaziyelevvel 1449
20271004|0528|0649|1252|1609|1845|2001|4 Cemaziyelevvel 1449
20271005|0529|0650|1251|1608|1843|1959|5 Cemaziyelevvel 1449
20271006|0530|0651|1251|1606|1842|1958|6 Cemaziyelevvel 1449
20271007|0531|0652|1251|1605|1840|1956|7 Cemaziyelevvel 1449
20271008|0531|0653|1251|1604|1838|1955|8 Cemaziyelevvel 1449
20271009|0532|0654|1250|1603|1837|1953|9 Cemaziyelevvel 1449
20271010|0533|0655|1250|1602|1835|1952|10 Cemaziyelevvel 1449
20271011|0534|0656|1250|1601|1834|1950|11 Cemaziyelevvel 1449
20271012|0535|0657|1250|1600|1832|1949|12 Cemaziyelevvel 1449
20271013|0536|0658|1249|1559|1831|1947|13 Cemaziyelevvel 1449
20271014|0537|0659|1249|1557|1830|1946|14 Cemaziyelevvel 1449
20271015|0538|0700|1249|1556|1828|1944|15 Cemaziyelevvel 1449
20271016|0539|0701|1249|1555|1827|1943|16 Cemaziyelevvel 1449
20271017|0540|0702|1248|1554|1825|1942|17 Cemaziyelevvel 1449
20271018|0541|0703|1248|1553|1824|1940|18 Cemaziyelevvel 1449
20271019|0542|0704|1248|1552|1822|1939|19 Cemaziyelevvel 1449
20271020|0543|0705|1248|1551|1821|1938|20 Cemaziyelevvel 1449
20271021|0544|0706|1248|1550|1820|1936|21 Cemaziyelevvel 1449
20271022|0545|0707|1247|1549|1818|1935|22 Cemaziyelevvel 1449
20271023|0546|0708|1247|1548|1817|1934|23 Cemaziyelevvel 1449
20271024|0547|0709|1247|1547|1816|1933|24 Cemaziyelevvel 1449
20271025|0548|0710|1247|1546|1814|1931|25 Cemaziyelevvel 1449
20271026|0549|0711|1247|1545|1813|1930|26 Cemaziyelevvel 1449
20271027|0550|0712|1247|1544|1812|1929|27 Cemaziyelevvel 1449
20271028|0550|0713|1247|1543|1811|1928|28 Cemaziyelevvel 1449
20271029|0551|0714|1247|1542|1809|1927|29 Cemaziyelevvel 1449
20271030|0552|0715|1247|1541|1808|1926|30 Cemaziyelevvel 1449
20271031|0553|0716|1246|1540|1807|1925|1 Cemaziyelahir 1449
20271101|0554|0717|1246|1539|1806|1924|2 Cemaziyelahir 1449
20271102|0555|0718|1246|1538|1805|1923|3 Cemaziyelahir 1449
20271103|0556|0719|1246|1537|1804|1922|4 Cemaziyelahir 1449
20271104|0557|0720|1246|1537|1802|1921|5 Cemaziyelahir 1449
20271105|0558|0721|1246|1536|1801|1920|6 Cemaziyelahir 1449
20271106|0559|0723|1246|1535|1800|1919|7 Cemaziyelahir 1449
20271107|0600|0724|1246|1534|1759|1918|8 Cemaziyelahir 1449
20271108|0601|0725|1247|1533|1758|1917|9 Cemaziyelahir 1449
20271109|0602|0726|1247|1532|1757|1916|10 Cemaziyelahir 1449
20271110|0603|0727|1247|1532|1756|1915|11 Cemaziyelahir 1449
20271111|0604|0728|1247|1531|1756|1915|12 Cemaziyelahir 1449
20271112|0605|0729|1247|1530|1755|1914|13 Cemaziyelahir 1449
20271113|0606|0730|1247|1530|1754|1913|14 Cemaziyelahir 1449
20271114|0607|0731|1247|1529|1753|1913|15 Cemaziyelahir 1449
20271115|0608|0732|1247|1528|1752|1912|16 Cemaziyelahir 1449
20271116|0609|0734|1247|1528|1751|1911|17 Cemaziyelahir 1449
20271117|0609|0735|1248|1527|1751|1911|18 Cemaziyelahir 1449
20271118|0610|0736|1248|1527|1750|1910|19 Cemaziyelahir 1449
20271119|0611|0737|1248|1526|1749|1910|20 Cemaziyelahir 1449
20271120|0612|0738|1248|1526|1749|1909|21 Cemaziyelahir 1449
20271121|0613|0739|1249|1525|1748|1909|22 Cemaziyelahir 1449
20271122|0614|0740|1249|1525|1747|1908|23 Cemaziyelahir 1449
20271123|0615|0741|1249|1524|1747|1908|24 Cemaziyelahir 1449
20271124|0616|0742|1249|1524|1746|1907|25 Cemaziyelahir 1449
20271125|0617|0743|1250|1524|1746|1907|26 Cemaziyelahir 1449
20271126|0618|0744|1250|1523|1746|1907|27 Cemaziyelahir 1449
20271127|0619|0745|1250|1523|1745|1907|28 Cemaziyelahir 1449
20271128|0620|0746|1251|1523|1745|1906|29 Cemaziyelahir 1449
20271129|0620|0747|1251|1523|1744|1906|1 Recep 1449
20271130|0621|0748|1251|1522|1744|1906|2 Recep 1449
20271201|0622|0749|1252|1522|1744|1906|3 Recep 1449
20271202|0623|0750|1252|1522|1744|1906|4 Recep 1449
20271203|0624|0751|1252|1522|1743|1906|5 Recep 1449
20271204|0625|0752|1253|1522|1743|1906|6 Recep 1449
20271205|0625|0753|1253|1522|1743|1906|7 Recep 1449
20271206|0626|0754|1254|1522|1743|1906|8 Recep 1449
20271207|0627|0755|1254|1522|1743|1906|9 Recep 1449
20271208|0628|0756|1254|1522|1743|1906|10 Recep 1449
20271209|0629|0757|1255|1522|1743|1906|11 Recep 1449
20271210|0629|0758|1255|1522|1743|1906|12 Recep 1449
20271211|0630|0758|1256|1522|1743|1906|13 Recep 1449
20271212|0631|0759|1256|1522|1743|1906|14 Recep 1449
20271213|0631|0800|1257|1523|1743|1907|15 Recep 1449
20271214|0632|0801|1257|1523|1744|1907|16 Recep 1449
20271215|0633|0801|1258|1523|1744|1907|17 Recep 1449
20271216|0633|0802|1258|1524|1744|1907|18 Recep 1449
20271217|0634|0803|1259|1524|1745|1908|19 Recep 1449
20271218|0635|0803|1259|1524|1745|1908|20 Recep 1449
20271219|0635|0804|1300|1525|1745|1909|21 Recep 1449
20271220|0636|0804|1300|1525|1746|1909|22 Recep 1449
20271221|0636|0805|1301|1525|1746|1909|23 Recep 1449
20271222|0637|0806|1301|1526|1747|1910|24 Recep 1449
20271223|0637|0806|1302|1526|1747|1910|25 Recep 1449
20271224|0638|0806|1302|1527|1748|1911|26 Recep 1449
20271225|0638|0807|1303|1528|1748|1912|27 Recep 1449
20271226|0639|0807|1303|1528|1749|1912|28 Recep 1449
20271227|0639|0808|1304|1529|1749|1913|29 Recep 1449
20271228|0639|0808|1304|1529|1750|1913|30 Recep 1449
20271229|0640|0808|1305|1530|1751|1914|1 Şaban 1449
20271230|0640|0809|1305|1531|1751|1915|2 Şaban 1449
20271231|0640|0809|1305|1531|1752|1915|3 Şaban 1449
#@9168|Başmakçı|AFYONKARAHISAR|730
20260101|0642|0809|1308|1537|1758|1920|12 Recep 1447
20260102|0642|0809|1309|1538|1759|1921|13 Recep 1447
20260103|0642|0809|1309|1539|1800|1921|14 Recep 1447
20260104|0642|0809|1310|1539|1800|1922|15 Recep 1447
20260105|0642|0809|1310|1540|1801|1923|16 Recep 1447
20260106|0642|0809|1311|1541|1802|1924|17 Recep 1447
20260107|0642|0809|1311|1542|1803|1924|18 Recep 1447
20260108|0642|0809|1311|1543|1804|1925|19 Recep 1447
20260109|0643|0809|1312|1544|1805|1926|20 Recep 1447
20260110|0642|0809|1312|1544|1806|1927|21 Recep 1447
20260111|0642|0809|1313|1545|1807|1928|22 Recep 1447
20260112|0642|0808|1313|1546|1808|1929|23 Recep 1447
20260113|0642|0808|1313|1547|1809|1929|24 Recep 1447
20260114|0642|0808|1314|1548|1810|1930|25 Recep 1447
20260115|0642|0808|1314|1549|1811|1931|26 Recep 1447
20260116|0642|0807|1315|1550|1812|1932|27 Recep 1447
20260117|0642|0807|1315|1551|1813|1933|28 Recep 1447
20260118|0641|0806|1315|1552|1814|1934|29 Recep 1447
20260119|0641|0806|1316|1553|1815|1935|30 Recep 1447
20260120|0641|0806|1316|1554|1816|1936|1 Şaban 1447
20260121|0640|0805|1316|1554|1817|1937|2 Şaban 1447
20260122|0640|0805|1316|1555|1818|1938|3 Şaban 1447
20260123|0640|0804|1317|1556|1819|1939|4 Şaban 1447
20260124|0639|0803|1317|1557|1820|1940|5 Şaban 1447
20260125|0639|0803|1317|1558|1822|1941|6 Şaban 1447
20260126|0638|0802|1317|1559|1823|1942|7 Şaban 1447
20260127|0638|0801|1318|1600|1824|1943|8 Şaban 1447
20260128|0637|0801|1318|1601|1825|1944|9 Şaban 1447
20260129|0636|0800|1318|1602|1826|1944|10 Şaban 1447
20260130|0636|0759|1318|1603|1827|1945|11 Şaban 1447
20260131|0635|0758|1318|1604|1828|1946|12 Şaban 1447
20260201|0634|0758|1318|1605|1829|1947|13 Şaban 1447
20260202|0634|0757|1319|1606|1831|1948|14 Şaban 1447
20260203|0633|0756|1319|1607|1832|1949|15 Şaban 1447
20260204|0632|0755|1319|1608|1833|1950|16 Şaban 1447
20260205|0631|0754|1319|1609|1834|1951|17 Şaban 1447
20260206|0631|0753|1319|1610|1835|1952|18 Şaban 1447
20260207|0630|0752|1319|1610|1836|1953|19 Şaban 1447
20260208|0629|0751|1319|1611|1837|1954|20 Şaban 1447
20260209|0628|0750|1319|1612|1838|1955|21 Şaban 1447
20260210|0627|0749|1319|1613|1839|1956|22 Şaban 1447
20260211|0626|0748|1319|1614|1841|1957|23 Şaban 1447
20260212|0625|0747|1319|1615|1842|1958|24 Şaban 1447
20260213|0624|0746|1319|1616|1843|1959|25 Şaban 1447
20260214|0623|0744|1319|1616|1844|2000|26 Şaban 1447
20260215|0622|0743|1319|1617|1845|2001|27 Şaban 1447
20260216|0621|0742|1319|1618|1846|2002|28 Şaban 1447
20260217|0620|0741|1319|1619|1847|2003|29 Şaban 1447
20260218|0619|0740|1319|1620|1848|2004|30 Şaban 1447
20260219|0618|0738|1319|1620|1849|2005|1 Ramazan 1447
20260220|0616|0737|1319|1621|1850|2006|2 Ramazan 1447
20260221|0615|0736|1319|1622|1851|2007|3 Ramazan 1447
20260222|0614|0735|1318|1623|1852|2008|4 Ramazan 1447
20260223|0613|0733|1318|1623|1853|2009|5 Ramazan 1447
20260224|0611|0732|1318|1624|1854|2010|6 Ramazan 1447
20260225|0610|0731|1318|1625|1856|2011|7 Ramazan 1447
20260226|0609|0729|1318|1626|1857|2012|8 Ramazan 1447
20260227|0608|0728|1318|1626|1858|2013|9 Ramazan 1447
20260228|0606|0727|1318|1627|1859|2014|10 Ramazan 1447
20260301|0605|0725|1317|1628|1900|2015|11 Ramazan 1447
20260302|0603|0724|1317|1628|1901|2016|12 Ramazan 1447
20260303|0602|0722|1317|1629|1902|2017|13 Ramazan 1447
20260304|0601|0721|1317|1629|1903|2018|14 Ramazan 1447
20260305|0559|0719|1317|1630|1904|2019|15 Ramazan 1447
20260306|0558|0718|1316|1631|1905|2020|16 Ramazan 1447
20260307|0556|0717|1316|1631|1906|2021|17 Ramazan 1447
20260308|0555|0715|1316|1632|1907|2022|18 Ramazan 1447
20260309|0553|0714|1316|1632|1908|2023|19 Ramazan 1447
20260310|0552|0712|1315|1633|1909|2024|20 Ramazan 1447
20260311|0550|0711|1315|1633|1910|2025|21 Ramazan 1447
20260312|0549|0709|1315|1634|1910|2026|22 Ramazan 1447
20260313|0547|0708|1315|1634|1911|2027|23 Ramazan 1447
20260314|0546|0706|1314|1635|1912|2028|24 Ramazan 1447
20260315|0544|0705|1314|1635|1913|2029|25 Ramazan 1447
20260316|0543|0703|1314|1636|1914|2030|26 Ramazan 1447
20260317|0541|0702|1313|1636|1915|2031|27 Ramazan 1447
20260318|0539|0700|1313|1637|1916|2032|28 Ramazan 1447
20260319|0538|0659|1313|1637|1917|2033|29 Ramazan 1447
20260320|0536|0657|1313|1638|1918|2034|1 Şevval 1447
20260321|0535|0656|1312|1638|1919|2035|2 Şevval 1447
20260322|0533|0654|1312|1638|1920|2036|3 Şevval 1447
20260323|0531|0653|1312|1639|1921|2037|4 Şevval 1447
20260324|0530|0651|1311|1639|1922|2038|5 Şevval 1447
20260325|0528|0649|1311|1640|1923|2039|6 Şevval 1447
20260326|0526|0648|1311|1640|1924|2040|7 Şevval 1447
20260327|0525|0646|1310|1640|1925|2041|8 Şevval 1447
20260328|0523|0645|1310|1641|1925|2042|9 Şevval 1447
20260329|0521|0643|1310|1641|1926|2043|10 Şevval 1447
20260330|0520|0642|1310|1641|1927|2044|11 Şevval 1447
20260331|0518|0640|1309|1642|1928|2045|12 Şevval 1447
20260401|0516|0639|1309|1642|1929|2046|13 Şevval 1447
20260402|0514|0637|1309|1642|1930|2048|14 Şevval 1447
20260403|0513|0636|1308|1643|1931|2049|15 Şevval 1447
20260404|0511|0634|1308|1643|1932|2050|16 Şevval 1447
20260405|0509|0633|1308|1643|1933|2051|17 Şevval 1447
20260406|0508|0631|1308|1643|1934|2052|18 Şevval 1447
20260407|0506|0630|1307|1644|1935|2053|19 Şevval 1447
20260408|0504|0628|1307|1644|1936|2054|20 Şevval 1447
20260409|0502|0627|1307|1644|1937|2055|21 Şevval 1447
20260410|0501|0625|1306|1644|1937|2057|22 Şevval 1447
20260411|0459|0624|1306|1645|1938|2058|23 Şevval 1447
20260412|0457|0623|1306|1645|1939|2059|24 Şevval 1447
20260413|0455|0621|1306|1645|1940|2100|25 Şevval 1447
20260414|0454|0620|1305|1645|1941|2101|26 Şevval 1447
20260415|0452|0618|1305|1646|1942|2102|27 Şevval 1447
20260416|0450|0617|1305|1646|1943|2104|28 Şevval 1447
20260417|0449|0615|1305|1646|1944|2105|29 Şevval 1447
20260418|0447|0614|1304|1646|1945|2106|1 Zilkade 1447
20260419|0445|0613|1304|1646|1946|2107|2 Zilkade 1447
20260420|0444|0611|1304|1647|1947|2109|3 Zilkade 1447
20260421|0442|0610|1304|1647|1948|2110|4 Zilkade 1447
20260422|0440|0609|1304|1647|1949|2111|5 Zilkade 1447
20260423|0439|0607|1303|1647|1949|2112|6 Zilkade 1447
20260424|0437|0606|1303|1647|1950|2114|7 Zilkade 1447
20260425|0435|0605|1303|1648|1951|2115|8 Zilkade 1447
20260426|0434|0604|1303|1648|1952|2116|9 Zilkade 1447
20260427|0432|0602|1303|1648|1953|2117|10 Zilkade 1447
20260428|0430|0601|1303|1648|1954|2119|11 Zilkade 1447
20260429|0429|0600|1302|1648|1955|2120|12 Zilkade 1447
20260430|0427|0559|1302|1649|1956|2121|13 Zilkade 1447
20260501|0426|0557|1302|1649|1957|2122|14 Zilkade 1447
20260502|0424|0556|1302|1649|1958|2124|15 Zilkade 1447
20260503|0422|0555|1302|1649|1959|2125|16 Zilkade 1447
20260504|0421|0554|1302|1649|2000|2126|17 Zilkade 1447
20260505|0419|0553|1302|1650|2001|2128|18 Zilkade 1447
20260506|0418|0552|1302|1650|2001|2129|19 Zilkade 1447
20260507|0416|0551|1302|1650|2002|2130|20 Zilkade 1447
20260508|0415|0550|1301|1650|2003|2132|21 Zilkade 1447
20260509|0414|0549|1301|1650|2004|2133|22 Zilkade 1447
20260510|0412|0548|1301|1650|2005|2134|23 Zilkade 1447
20260511|0411|0547|1301|1651|2006|2135|24 Zilkade 1447
20260512|0409|0546|1301|1651|2007|2137|25 Zilkade 1447
20260513|0408|0545|1301|1651|2008|2138|26 Zilkade 1447
20260514|0407|0544|1301|1651|2009|2139|27 Zilkade 1447
20260515|0405|0543|1301|1651|2010|2141|28 Zilkade 1447
20260516|0404|0542|1301|1652|2010|2142|29 Zilkade 1447
20260517|0403|0542|1301|1652|2011|2143|30 Zilkade 1447
20260518|0402|0541|1301|1652|2012|2144|1 Zilhicce 1447
20260519|0400|0540|1301|1652|2013|2146|2 Zilhicce 1447
20260520|0359|0539|1301|1652|2014|2147|3 Zilhicce 1447
20260521|0358|0539|1302|1653|2015|2148|4 Zilhicce 1447
20260522|0357|0538|1302|1653|2015|2149|5 Zilhicce 1447
20260523|0356|0537|1302|1653|2016|2150|6 Zilhicce 1447
20260524|0355|0537|1302|1653|2017|2152|7 Zilhicce 1447
20260525|0354|0536|1302|1654|2018|2153|8 Zilhicce 1447
20260526|0353|0535|1302|1654|2019|2154|9 Zilhicce 1447
20260527|0352|0535|1302|1654|2019|2155|10 Zilhicce 1447
20260528|0351|0534|1302|1654|2020|2156|11 Zilhicce 1447
20260529|0350|0534|1302|1654|2021|2157|12 Zilhicce 1447
20260530|0349|0533|1302|1655|2022|2158|13 Zilhicce 1447
20260531|0349|0533|1303|1655|2022|2159|14 Zilhicce 1447
20260601|0348|0533|1303|1655|2023|2200|15 Zilhicce 1447
20260602|0347|0532|1303|1655|2024|2201|16 Zilhicce 1447
20260603|0346|0532|1303|1656|2024|2202|17 Zilhicce 1447
20260604|0346|0532|1303|1656|2025|2203|18 Zilhicce 1447
20260605|0345|0531|1303|1656|2026|2204|19 Zilhicce 1447
20260606|0345|0531|1304|1656|2026|2205|20 Zilhicce 1447
20260607|0344|0531|1304|1657|2027|2206|21 Zilhicce 1447
20260608|0344|0531|1304|1657|2027|2206|22 Zilhicce 1447
20260609|0343|0530|1304|1657|2028|2207|23 Zilhicce 1447
20260610|0343|0530|1304|1657|2028|2208|24 Zilhicce 1447
20260611|0343|0530|1305|1658|2029|2209|25 Zilhicce 1447
20260612|0342|0530|1305|1658|2029|2209|26 Zilhicce 1447
20260613|0342|0530|1305|1658|2030|2210|27 Zilhicce 1447
20260614|0342|0530|1305|1658|2030|2210|28 Zilhicce 1447
20260615|0342|0530|1305|1658|2031|2211|29 Zilhicce 1447
20260616|0342|0530|1306|1659|2031|2211|1 Muharrem 1448
20260617|0342|0530|1306|1659|2031|2212|2 Muharrem 1448
20260618|0342|0530|1306|1659|2032|2212|3 Muharrem 1448
20260619|0342|0531|1306|1659|2032|2212|4 Muharrem 1448
20260620|0342|0531|1306|1700|2032|2213|5 Muharrem 1448
20260621|0342|0531|1307|1700|2032|2213|6 Muharrem 1448
20260622|0343|0531|1307|1700|2033|2213|7 Muharrem 1448
20260623|0343|0531|1307|1700|2033|2213|8 Muharrem 1448
20260624|0343|0532|1307|1700|2033|2214|9 Muharrem 1448
20260625|0344|0532|1308|1701|2033|2214|10 Muharrem 1448
20260626|0344|0532|1308|1701|2033|2214|11 Muharrem 1448
20260627|0344|0533|1308|1701|2033|2214|12 Muharrem 1448
20260628|0345|0533|1308|1701|2033|2214|13 Muharrem 1448
20260629|0345|0533|1308|1701|2033|2213|14 Muharrem 1448
20260630|0346|0534|1309|1702|2033|2213|15 Muharrem 1448
20260701|0347|0534|1309|1702|2033|2213|16 Muharrem 1448
20260702|0347|0535|1309|1702|2033|2213|17 Muharrem 1448
20260703|0348|0535|1309|1702|2033|2212|18 Muharrem 1448
20260704|0349|0536|1309|1702|2033|2212|19 Muharrem 1448
20260705|0350|0536|1310|1702|2033|2212|20 Muharrem 1448
20260706|0350|0537|1310|1702|2033|2211|21 Muharrem 1448
20260707|0351|0537|1310|1703|2032|2211|22 Muharrem 1448
20260708|0352|0538|1310|1703|2032|2210|23 Muharrem 1448
20260709|0353|0539|1310|1703|2032|2210|24 Muharrem 1448
20260710|0354|0539|1310|1703|2031|2209|25 Muharrem 1448
20260711|0355|0540|1310|1703|2031|2208|26 Muharrem 1448
20260712|0356|0541|1311|1703|2031|2208|27 Muharrem 1448
20260713|0357|0541|1311|1703|2030|2207|28 Muharrem 1448
20260714|0358|0542|1311|1703|2030|2206|29 Muharrem 1448
20260715|0359|0543|1311|1703|2029|2205|1 Safer 1448
20260716|0400|0543|1311|1703|2029|2205|2 Safer 1448
20260717|0401|0544|1311|1703|2028|2204|3 Safer 1448
20260718|0402|0545|1311|1703|2028|2203|4 Safer 1448
20260719|0403|0545|1311|1703|2027|2202|5 Safer 1448
20260720|0405|0546|1311|1703|2026|2201|6 Safer 1448
20260721|0406|0547|1311|1703|2026|2200|7 Safer 1448
20260722|0407|0548|1311|1703|2025|2159|8 Safer 1448
20260723|0408|0549|1311|1703|2024|2158|9 Safer 1448
20260724|0409|0549|1312|1702|2024|2157|10 Safer 1448
20260725|0411|0550|1312|1702|2023|2155|11 Safer 1448
20260726|0412|0551|1312|1702|2022|2154|12 Safer 1448
20260727|0413|0552|1312|1702|2021|2153|13 Safer 1448
20260728|0414|0553|1312|1702|2020|2152|14 Safer 1448
20260729|0416|0553|1311|1702|2020|2151|15 Safer 1448
20260730|0417|0554|1311|1701|2019|2149|16 Safer 1448
20260731|0418|0555|1311|1701|2018|2148|17 Safer 1448
20260801|0419|0556|1311|1701|2017|2147|18 Safer 1448
20260802|0421|0557|1311|1701|2016|2145|19 Safer 1448
20260803|0422|0558|1311|1700|2015|2144|20 Safer 1448
20260804|0423|0559|1311|1700|2014|2142|21 Safer 1448
20260805|0425|0559|1311|1700|2013|2141|22 Safer 1448
20260806|0426|0600|1311|1659|2012|2140|23 Safer 1448
20260807|0427|0601|1311|1659|2011|2138|24 Safer 1448
20260808|0428|0602|1311|1659|2009|2137|25 Safer 1448
20260809|0430|0603|1311|1658|2008|2135|26 Safer 1448
20260810|0431|0604|1310|1658|2007|2134|27 Safer 1448
20260811|0432|0605|1310|1657|2006|2132|28 Safer 1448
20260812|0434|0605|1310|1657|2005|2130|29 Safer 1448
20260813|0435|0606|1310|1656|2004|2129|30 Safer 1448
20260814|0436|0607|1310|1656|2002|2127|1 Rebiulevvel 1448
20260815|0437|0608|1310|1655|2001|2126|2 Rebiulevvel 1448
20260816|0439|0609|1309|1655|2000|2124|3 Rebiulevvel 1448
20260817|0440|0610|1309|1654|1959|2122|4 Rebiulevvel 1448
20260818|0441|0611|1309|1654|1957|2121|5 Rebiulevvel 1448
20260819|0442|0611|1309|1653|1956|2119|6 Rebiulevvel 1448
20260820|0443|0612|1308|1652|1955|2118|7 Rebiulevvel 1448
20260821|0445|0613|1308|1652|1953|2116|8 Rebiulevvel 1448
20260822|0446|0614|1308|1651|1952|2114|9 Rebiulevvel 1448
20260823|0447|0615|1308|1651|1951|2113|10 Rebiulevvel 1448
20260824|0448|0616|1307|1650|1949|2111|11 Rebiulevvel 1448
20260825|0449|0617|1307|1649|1948|2109|12 Rebiulevvel 1448
20260826|0451|0618|1307|1648|1946|2107|13 Rebiulevvel 1448
20260827|0452|0618|1307|1648|1945|2106|14 Rebiulevvel 1448
20260828|0453|0619|1306|1647|1944|2104|15 Rebiulevvel 1448
20260829|0454|0620|1306|1646|1942|2102|16 Rebiulevvel 1448
20260830|0455|0621|1306|1645|1941|2101|17 Rebiulevvel 1448
20260831|0456|0622|1305|1645|1939|2059|18 Rebiulevvel 1448
20260901|0458|0623|1305|1644|1938|2057|19 Rebiulevvel 1448
20260902|0459|0623|1305|1643|1936|2055|20 Rebiulevvel 1448
20260903|0500|0624|1304|1642|1935|2054|21 Rebiulevvel 1448
20260904|0501|0625|1304|1641|1933|2052|22 Rebiulevvel 1448
20260905|0502|0626|1304|1640|1932|2050|23 Rebiulevvel 1448
20260906|0503|0627|1303|1640|1930|2048|24 Rebiulevvel 1448
20260907|0504|0628|1303|1639|1929|2047|25 Rebiulevvel 1448
20260908|0505|0629|1303|1638|1927|2045|26 Rebiulevvel 1448
20260909|0506|0629|1302|1637|1926|2043|27 Rebiulevvel 1448
20260910|0507|0630|1302|1636|1924|2042|28 Rebiulevvel 1448
20260911|0508|0631|1302|1635|1922|2040|29 Rebiulevvel 1448
20260912|0509|0632|1301|1634|1921|2038|1 Rebiulahir 1448
20260913|0510|0633|1301|1633|1919|2036|2 Rebiulahir 1448
20260914|0511|0634|1301|1632|1918|2035|3 Rebiulahir 1448
20260915|0512|0634|1300|1631|1916|2033|4 Rebiulahir 1448
20260916|0513|0635|1300|1630|1915|2031|5 Rebiulahir 1448
20260917|0514|0636|1300|1629|1913|2030|6 Rebiulahir 1448
20260918|0515|0637|1259|1628|1912|2028|7 Rebiulahir 1448
20260919|0516|0638|1259|1627|1910|2026|8 Rebiulahir 1448
20260920|0517|0639|1259|1626|1908|2025|9 Rebiulahir 1448
20260921|0518|0640|1258|1625|1907|2023|10 Rebiulahir 1448
20260922|0519|0640|1258|1624|1905|2021|11 Rebiulahir 1448
20260923|0520|0641|1258|1623|1904|2020|12 Rebiulahir 1448
20260924|0521|0642|1257|1622|1902|2018|13 Rebiulahir 1448
20260925|0522|0643|1257|1621|1901|2016|14 Rebiulahir 1448
20260926|0523|0644|1256|1620|1859|2015|15 Rebiulahir 1448
20260927|0524|0645|1256|1619|1858|2013|16 Rebiulahir 1448
20260928|0525|0646|1256|1618|1856|2011|17 Rebiulahir 1448
20260929|0526|0647|1255|1617|1854|2010|18 Rebiulahir 1448
20260930|0527|0647|1255|1615|1853|2008|19 Rebiulahir 1448
20261001|0528|0648|1255|1614|1851|2007|20 Rebiulahir 1448
20261002|0529|0649|1254|1613|1850|2005|21 Rebiulahir 1448
20261003|0530|0650|1254|1612|1848|2003|22 Rebiulahir 1448
20261004|0531|0651|1254|1611|1847|2002|23 Rebiulahir 1448
20261005|0532|0652|1254|1610|1845|2000|24 Rebiulahir 1448
20261006|0533|0653|1253|1609|1844|1959|25 Rebiulahir 1448
20261007|0533|0654|1253|1608|1842|1957|26 Rebiulahir 1448
20261008|0534|0655|1253|1607|1841|1956|27 Rebiulahir 1448
20261009|0535|0655|1252|1606|1839|1954|28 Rebiulahir 1448
20261010|0536|0656|1252|1605|1838|1953|29 Rebiulahir 1448
20261011|0537|0657|1252|1604|1836|1952|30 Rebiulahir 1448
20261012|0538|0658|1252|1602|1835|1950|1 Cemaziyelevvel 1448
20261013|0539|0659|1251|1601|1833|1949|2 Cemaziyelevvel 1448
20261014|0540|0700|1251|1600|1832|1947|3 Cemaziyelevvel 1448
20261015|0541|0701|1251|1559|1831|1946|4 Cemaziyelevvel 1448
20261016|0542|0702|1251|1558|1829|1945|5 Cemaziyelevvel 1448
20261017|0543|0703|1250|1557|1828|1943|6 Cemaziyelevvel 1448
20261018|0543|0704|1250|1556|1826|1942|7 Cemaziyelevvel 1448
20261019|0544|0705|1250|1555|1825|1941|8 Cemaziyelevvel 1448
20261020|0545|0706|1250|1554|1824|1939|9 Cemaziyelevvel 1448
20261021|0546|0707|1250|1553|1822|1938|10 Cemaziyelevvel 1448
20261022|0547|0708|1250|1552|1821|1937|11 Cemaziyelevvel 1448
20261023|0548|0709|1249|1551|1820|1936|12 Cemaziyelevvel 1448
20261024|0549|0710|1249|1550|1819|1934|13 Cemaziyelevvel 1448
20261025|0550|0711|1249|1549|1817|1933|14 Cemaziyelevvel 1448
20261026|0551|0712|1249|1548|1816|1932|15 Cemaziyelevvel 1448
20261027|0552|0713|1249|1547|1815|1931|16 Cemaziyelevvel 1448
20261028|0553|0714|1249|1546|1814|1930|17 Cemaziyelevvel 1448
20261029|0554|0715|1249|1545|1812|1929|18 Cemaziyelevvel 1448
20261030|0554|0716|1249|1544|1811|1928|19 Cemaziyelevvel 1448
20261031|0555|0717|1249|1543|1810|1927|20 Cemaziyelevvel 1448
20261101|0556|0718|1249|1543|1809|1926|21 Cemaziyelevvel 1448
20261102|0557|0719|1249|1542|1808|1925|22 Cemaziyelevvel 1448
20261103|0558|0720|1249|1541|1807|1924|23 Cemaziyelevvel 1448
20261104|0559|0721|1249|1540|1806|1923|24 Cemaziyelevvel 1448
20261105|0600|0722|1249|1539|1805|1922|25 Cemaziyelevvel 1448
20261106|0601|0723|1249|1538|1804|1921|26 Cemaziyelevvel 1448
20261107|0602|0724|1249|1538|1803|1920|27 Cemaziyelevvel 1448
20261108|0603|0726|1249|1537|1802|1920|28 Cemaziyelevvel 1448
20261109|0604|0727|1249|1536|1801|1919|29 Cemaziyelevvel 1448
20261110|0605|0728|1249|1536|1800|1918|1 Cemaziyelahir 1448
20261111|0606|0729|1249|1535|1759|1917|2 Cemaziyelahir 1448
20261112|0606|0730|1249|1534|1758|1917|3 Cemaziyelahir 1448
20261113|0607|0731|1249|1534|1758|1916|4 Cemaziyelahir 1448
20261114|0608|0732|1249|1533|1757|1915|5 Cemaziyelahir 1448
20261115|0609|0733|1249|1532|1756|1915|6 Cemaziyelahir 1448
20261116|0610|0734|1250|1532|1755|1914|7 Cemaziyelahir 1448
20261117|0611|0735|1250|1531|1755|1914|8 Cemaziyelahir 1448
20261118|0612|0736|1250|1531|1754|1913|9 Cemaziyelahir 1448
20261119|0613|0737|1250|1530|1753|1912|10 Cemaziyelahir 1448
20261120|0614|0738|1250|1530|1753|1912|11 Cemaziyelahir 1448
20261121|0615|0739|1251|1529|1752|1912|12 Cemaziyelahir 1448
20261122|0616|0740|1251|1529|1752|1911|13 Cemaziyelahir 1448
20261123|0616|0741|1251|1529|1751|1911|14 Cemaziyelahir 1448
20261124|0617|0742|1251|1528|1751|1911|15 Cemaziyelahir 1448
20261125|0618|0744|1252|1528|1750|1910|16 Cemaziyelahir 1448
20261126|0619|0745|1252|1528|1750|1910|17 Cemaziyelahir 1448
20261127|0620|0746|1252|1527|1749|1910|18 Cemaziyelahir 1448
20261128|0621|0747|1253|1527|1749|1909|19 Cemaziyelahir 1448
20261129|0622|0748|1253|1527|1749|1909|20 Cemaziyelahir 1448
20261130|0623|0749|1253|1527|1748|1909|21 Cemaziyelahir 1448
20261201|0623|0749|1254|1527|1748|1909|22 Cemaziyelahir 1448
20261202|0624|0750|1254|1526|1748|1909|23 Cemaziyelahir 1448
20261203|0625|0751|1255|1526|1748|1909|24 Cemaziyelahir 1448
20261204|0626|0752|1255|1526|1748|1909|25 Cemaziyelahir 1448
20261205|0627|0753|1255|1526|1748|1909|26 Cemaziyelahir 1448
20261206|0627|0754|1256|1526|1748|1909|27 Cemaziyelahir 1448
20261207|0628|0755|1256|1526|1747|1909|28 Cemaziyelahir 1448
20261208|0629|0756|1257|1526|1748|1909|29 Cemaziyelahir 1448
20261209|0630|0757|1257|1527|1748|1909|30 Cemaziyelahir 1448
20261210|0630|0757|1258|1527|1748|1909|1 Recep 1448
20261211|0631|0758|1258|1527|1748|1910|2 Recep 1448
20261212|0632|0759|1258|1527|1748|1910|3 Recep 1448
20261213|0632|0800|1259|1527|1748|1910|4 Recep 1448
20261214|0633|0800|1259|1528|1748|1910|5 Recep 1448
20261215|0634|0801|1300|1528|1749|1911|6 Recep 1448
20261216|0634|0802|1300|1528|1749|1911|7 Recep 1448
20261217|0635|0802|1301|1529|1749|1911|8 Recep 1448
20261218|0636|0803|1301|1529|1750|1912|9 Recep 1448
20261219|0636|0804|1302|1529|1750|1912|10 Recep 1448
20261220|0637|0804|1302|1530|1750|1913|11 Recep 1448
20261221|0637|0805|1303|1530|1751|1913|12 Recep 1448
20261222|0638|0805|1303|1531|1751|1914|13 Recep 1448
20261223|0638|0806|1304|1531|1752|1914|14 Recep 1448
20261224|0639|0806|1304|1532|1752|1915|15 Recep 1448
20261225|0639|0807|1305|1532|1753|1915|16 Recep 1448
20261226|0640|0807|1305|1533|1754|1916|17 Recep 1448
20261227|0640|0807|1306|1533|1754|1916|18 Recep 1448
20261228|0640|0808|1306|1534|1755|1917|19 Recep 1448
20261229|0641|0808|1307|1535|1756|1918|20 Recep 1448
20261230|0641|0808|1307|1535|1756|1918|21 Recep 1448
20261231|0641|0808|1308|1536|1757|1919|22 Recep 1448
20270101|0641|0809|1308|1537|1758|1920|23 Recep 1448
20270102|0642|0809|1309|1538|1759|1920|24 Recep 1448
20270103|0642|0809|1309|1538|1759|1921|25 Recep 1448
20270104|0642|0809|1310|1539|1800|1922|26 Recep 1448
20270105|0642|0809|1310|1540|1801|1923|27 Recep 1448
20270106|0642|0809|1310|1541|1802|1923|28 Recep 1448
20270107|0642|0809|1311|1542|1803|1924|29 Recep 1448
20270108|0642|0809|1311|1542|1804|1925|30 Recep 1448
20270109|0642|0809|1312|1543|1805|1926|1 Şaban 1448
20270110|0642|0809|1312|1544|1806|1927|2 Şaban 1448
20270111|0642|0809|1313|1545|1807|1928|3 Şaban 1448
20270112|0642|0808|1313|1546|1808|1928|4 Şaban 1448
20270113|0642|0808|1313|1547|1809|1929|5 Şaban 1448
20270114|0642|0808|1314|1548|1810|1930|6 Şaban 1448
20270115|0642|0808|1314|1549|1811|1931|7 Şaban 1448
20270116|0642|0807|1314|1550|1812|1932|8 Şaban 1448
20270117|0642|0807|1315|1550|1813|1933|9 Şaban 1448
20270118|0641|0807|1315|1551|1814|1934|10 Şaban 1448
20270119|0641|0806|1315|1552|1815|1935|11 Şaban 1448
20270120|0641|0806|1316|1553|1816|1936|12 Şaban 1448
20270121|0640|0805|1316|1554|1817|1937|13 Şaban 1448
20270122|0640|0805|1316|1555|1818|1938|14 Şaban 1448
20270123|0640|0804|1317|1556|1819|1938|15 Şaban 1448
20270124|0639|0804|1317|1557|1820|1939|16 Şaban 1448
20270125|0639|0803|1317|1558|1821|1940|17 Şaban 1448
20270126|0638|0802|1317|1559|1822|1941|18 Şaban 1448
20270127|0638|0802|1318|1600|1824|1942|19 Şaban 1448
20270128|0637|0801|1318|1601|1825|1943|20 Şaban 1448
20270129|0637|0800|1318|1602|1826|1944|21 Şaban 1448
20270130|0636|0759|1318|1603|1827|1945|22 Şaban 1448
20270131|0635|0759|1318|1604|1828|1946|23 Şaban 1448
20270201|0635|0758|1318|1605|1829|1947|24 Şaban 1448
20270202|0634|0757|1319|1606|1830|1948|25 Şaban 1448
20270203|0633|0756|1319|1607|1831|1949|26 Şaban 1448
20270204|0632|0755|1319|1607|1833|1950|27 Şaban 1448
20270205|0632|0754|1319|1608|1834|1951|28 Şaban 1448
20270206|0631|0753|1319|1609|1835|1952|29 Şaban 1448
20270207|0630|0752|1319|1610|1836|1953|30 Şaban 1448
20270208|0629|0751|1319|1611|1837|1954|1 Ramazan 1448
20270209|0628|0750|1319|1612|1838|1955|2 Ramazan 1448
20270210|0627|0749|1319|1613|1839|1956|3 Ramazan 1448
20270211|0626|0748|1319|1614|1840|1957|4 Ramazan 1448
20270212|0625|0747|1319|1615|1841|1958|5 Ramazan 1448
20270213|0624|0746|1319|1615|1842|1959|6 Ramazan 1448
20270214|0623|0745|1319|1616|1844|2000|7 Ramazan 1448
20270215|0622|0744|1319|1617|1845|2001|8 Ramazan 1448
20270216|0621|0742|1319|1618|1846|2002|9 Ramazan 1448
20270217|0620|0741|1319|1619|1847|2003|10 Ramazan 1448
20270218|0619|0740|1319|1619|1848|2004|11 Ramazan 1448
20270219|0618|0739|1319|1620|1849|2005|12 Ramazan 1448
20270220|0617|0737|1319|1621|1850|2006|13 Ramazan 1448
20270221|0615|0736|1319|1622|1851|2007|14 Ramazan 1448
20270222|0614|0735|1319|1622|1852|2008|15 Ramazan 1448
20270223|0613|0734|1318|1623|1853|2009|16 Ramazan 1448
20270224|0612|0732|1318|1624|1854|2010|17 Ramazan 1448
20270225|0610|0731|1318|1625|1855|2011|18 Ramazan 1448
20270226|0609|0730|1318|1625|1856|2012|19 Ramazan 1448
20270227|0608|0728|1318|1626|1857|2013|20 Ramazan 1448
20270228|0607|0727|1318|1627|1858|2014|21 Ramazan 1448
20270301|0605|0725|1317|1627|1859|2015|22 Ramazan 1448
20270302|0604|0724|1317|1628|1900|2016|23 Ramazan 1448
20270303|0602|0723|1317|1629|1901|2017|24 Ramazan 1448
20270304|0601|0721|1317|1629|1902|2018|25 Ramazan 1448
20270305|0600|0720|1317|1630|1903|2019|26 Ramazan 1448
20270306|0558|0718|1316|1630|1904|2020|27 Ramazan 1448
20270307|0557|0717|1316|1631|1905|2020|28 Ramazan 1448
20270308|0555|0715|1316|1632|1906|2021|29 Ramazan 1448
20270309|0554|0714|1316|1632|1907|2022|1 Şevval 1448
20270310|0552|0713|1315|1633|1908|2023|2 Şevval 1448
20270311|0551|0711|1315|1633|1909|2024|3 Şevval 1448
20270312|0549|0710|1315|1634|1910|2025|4 Şevval 1448
20270313|0548|0708|1315|1634|1911|2026|5 Şevval 1448
20270314|0546|0707|1314|1635|1912|2027|6 Şevval 1448
20270315|0545|0705|1314|1635|1913|2028|7 Şevval 1448
20270316|0543|0704|1314|1636|1914|2029|8 Şevval 1448
20270317|0541|0702|1314|1636|1915|2030|9 Şevval 1448
20270318|0540|0701|1313|1637|1916|2031|10 Şevval 1448
20270319|0538|0659|1313|1637|1917|2032|11 Şevval 1448
20270320|0537|0657|1313|1637|1918|2034|12 Şevval 1448
20270321|0535|0656|1312|1638|1919|2035|13 Şevval 1448
20270322|0533|0654|1312|1638|1920|2036|14 Şevval 1448
20270323|0532|0653|1312|1639|1921|2037|15 Şevval 1448
20270324|0530|0651|1311|1639|1922|2038|16 Şevval 1448
20270325|0528|0650|1311|1639|1922|2039|17 Şevval 1448
20270326|0527|0648|1311|1640|1923|2040|18 Şevval 1448
20270327|0525|0647|1311|1640|1924|2041|19 Şevval 1448
20270328|0523|0645|1310|1641|1925|2042|20 Şevval 1448
20270329|0522|0644|1310|1641|1926|2043|21 Şevval 1448
20270330|0520|0642|1310|1641|1927|2044|22 Şevval 1448
20270331|0518|0641|1309|1642|1928|2045|23 Şevval 1448
20270401|0517|0639|1309|1642|1929|2046|24 Şevval 1448
20270402|0515|0638|1309|1642|1930|2047|25 Şevval 1448
20270403|0513|0636|1308|1642|1931|2048|26 Şevval 1448
20270404|0511|0635|1308|1643|1932|2050|27 Şevval 1448
20270405|0510|0633|1308|1643|1933|2051|28 Şevval 1448
20270406|0508|0632|1308|1643|1934|2052|29 Şevval 1448
20270407|0506|0630|1307|1644|1934|2053|30 Şevval 1448
20270408|0505|0629|1307|1644|1935|2054|1 Zilkade 1448
20270409|0503|0627|1307|1644|1936|2055|2 Zilkade 1448
20270410|0501|0626|1306|1644|1937|2056|3 Zilkade 1448
20270411|0459|0624|1306|1645|1938|2057|4 Zilkade 1448
20270412|0458|0623|1306|1645|1939|2059|5 Zilkade 1448
20270413|0456|0621|1306|1645|1940|2100|6 Zilkade 1448
20270414|0454|0620|1305|1645|1941|2101|7 Zilkade 1448
20270415|0452|0619|1305|1646|1942|2102|8 Zilkade 1448
20270416|0451|0617|1305|1646|1943|2103|9 Zilkade 1448
20270417|0449|0616|1305|1646|1944|2105|10 Zilkade 1448
20270418|0447|0614|1304|1646|1945|2106|11 Zilkade 1448
20270419|0446|0613|1304|1646|1946|2107|12 Zilkade 1448
20270420|0444|0612|1304|1647|1946|2108|13 Zilkade 1448
20270421|0442|0610|1304|1647|1947|2109|14 Zilkade 1448
20270422|0441|0609|1304|1647|1948|2111|15 Zilkade 1448
20270423|0439|0608|1303|1647|1949|2112|16 Zilkade 1448
20270424|0437|0606|1303|1647|1950|2113|17 Zilkade 1448
20270425|0436|0605|1303|1648|1951|2114|18 Zilkade 1448
20270426|0434|0604|1303|1648|1952|2116|19 Zilkade 1448
20270427|0432|0603|1303|1648|1953|2117|20 Zilkade 1448
20270428|0431|0601|1303|1648|1954|2118|21 Zilkade 1448
20270429|0429|0600|1302|1648|1955|2120|22 Zilkade 1448
20270430|0428|0559|1302|1649|1956|2121|23 Zilkade 1448
20270501|0426|0558|1302|1649|1957|2122|24 Zilkade 1448
20270502|0424|0557|1302|1649|1958|2123|25 Zilkade 1448
20270503|0423|0555|1302|1649|1958|2125|26 Zilkade 1448
20270504|0421|0554|1302|1649|1959|2126|27 Zilkade 1448
20270505|0420|0553|1302|1650|2000|2127|28 Zilkade 1448
20270506|0418|0552|1302|1650|2001|2129|29 Zilkade 1448
20270507|0417|0551|1302|1650|2002|2130|1 Zilhicce 1448
20270508|0415|0550|1302|1650|2003|2131|2 Zilhicce 1448
20270509|0414|0549|1301|1650|2004|2133|3 Zilhicce 1448
20270510|0412|0548|1301|1650|2005|2134|4 Zilhicce 1448
20270511|0411|0547|1301|1651|2006|2135|5 Zilhicce 1448
20270512|0410|0546|1301|1651|2007|2136|6 Zilhicce 1448
20270513|0408|0545|1301|1651|2008|2138|7 Zilhicce 1448
20270514|0407|0544|1301|1651|2008|2139|8 Zilhicce 1448
20270515|0406|0543|1301|1651|2009|2140|9 Zilhicce 1448
20270516|0404|0543|1301|1652|2010|2141|10 Zilhicce 1448
20270517|0403|0542|1301|1652|2011|2143|11 Zilhicce 1448
20270518|0402|0541|1301|1652|2012|2144|12 Zilhicce 1448
20270519|0401|0540|1301|1652|2013|2145|13 Zilhicce 1448
20270520|0359|0539|1301|1652|2014|2146|14 Zilhicce 1448
20270521|0358|0539|1302|1653|2014|2148|15 Zilhicce 1448
20270522|0357|0538|1302|1653|2015|2149|16 Zilhicce 1448
20270523|0356|0537|1302|1653|2016|2150|17 Zilhicce 1448
20270524|0355|0537|1302|1653|2017|2151|18 Zilhicce 1448
20270525|0354|0536|1302|1653|2018|2152|19 Zilhicce 1448
20270526|0353|0536|1302|1654|2018|2154|20 Zilhicce 1448
20270527|0352|0535|1302|1654|2019|2155|21 Zilhicce 1448
20270528|0351|0534|1302|1654|2020|2156|22 Zilhicce 1448
20270529|0350|0534|1302|1654|2021|2157|23 Zilhicce 1448
20270530|0350|0533|1302|1655|2021|2158|24 Zilhicce 1448
20270531|0349|0533|1303|1655|2022|2159|25 Zilhicce 1448
20270601|0348|0533|1303|1655|2023|2200|26 Zilhicce 1448
20270602|0347|0532|1303|1655|2024|2201|27 Zilhicce 1448
20270603|0347|0532|1303|1656|2024|2202|28 Zilhicce 1448
20270604|0346|0532|1303|1656|2025|2203|29 Zilhicce 1448
20270605|0345|0531|1303|1656|2025|2204|30 Zilhicce 1448
20270606|0345|0531|1304|1656|2026|2205|1 Muharrem 1449
20270607|0344|0531|1304|1656|2027|2205|2 Muharrem 1449
20270608|0344|0531|1304|1657|2027|2206|3 Muharrem 1449
20270609|0343|0531|1304|1657|2028|2207|4 Muharrem 1449
20270610|0343|0530|1304|1657|2028|2208|5 Muharrem 1449
20270611|0343|0530|1305|1657|2029|2208|6 Muharrem 1449
20270612|0343|0530|1305|1658|2029|2209|7 Muharrem 1449
20270613|0342|0530|1305|1658|2030|2210|8 Muharrem 1449
20270614|0342|0530|1305|1658|2030|2210|9 Muharrem 1449
20270615|0342|0530|1305|1658|2031|2211|10 Muharrem 1449
20270616|0342|0530|1306|1659|2031|2211|11 Muharrem 1449
20270617|0342|0530|1306|1659|2031|2212|12 Muharrem 1449
20270618|0342|0530|1306|1659|2032|2212|13 Muharrem 1449
20270619|0342|0531|1306|1659|2032|2212|14 Muharrem 1449
20270620|0342|0531|1306|1700|2032|2213|15 Muharrem 1449
20270621|0342|0531|1307|1700|2032|2213|16 Muharrem 1449
20270622|0343|0531|1307|1700|2033|2213|17 Muharrem 1449
20270623|0343|0531|1307|1700|2033|2213|18 Muharrem 1449
20270624|0343|0532|1307|1700|2033|2213|19 Muharrem 1449
20270625|0343|0532|1308|1701|2033|2214|20 Muharrem 1449
20270626|0344|0532|1308|1701|2033|2214|21 Muharrem 1449
20270627|0344|0533|1308|1701|2033|2214|22 Muharrem 1449
20270628|0345|0533|1308|1701|2033|2214|23 Muharrem 1449
20270629|0345|0533|1308|1701|2033|2213|24 Muharrem 1449
20270630|0346|0534|1309|1702|2033|2213|25 Muharrem 1449
20270701|0347|0534|1309|1702|2033|2213|26 Muharrem 1449
20270702|0347|0535|1309|1702|2033|2213|27 Muharrem 1449
20270703|0348|0535|1309|1702|2033|2213|28 Muharrem 1449
20270704|0349|0536|1309|1702|2033|2212|29 Muharrem 1449
20270705|0349|0536|1309|1702|2033|2212|1 Safer 1449
20270706|0350|0537|1310|1702|2033|2211|2 Safer 1449
20270707|0351|0537|1310|1703|2032|2211|3 Safer 1449
20270708|0352|0538|1310|1703|2032|2210|4 Safer 1449
20270709|0353|0538|1310|1703|2032|2210|5 Safer 1449
20270710|0354|0539|1310|1703|2032|2209|6 Safer 1449
20270711|0355|0540|1310|1703|2031|2209|7 Safer 1449
20270712|0356|0540|1311|1703|2031|2208|8 Safer 1449
20270713|0357|0541|1311|1703|2030|2207|9 Safer 1449
20270714|0358|0542|1311|1703|2030|2206|10 Safer 1449
20270715|0359|0542|1311|1703|2029|2206|11 Safer 1449
20270716|0400|0543|1311|1703|2029|2205|12 Safer 1449
20270717|0401|0544|1311|1703|2028|2204|13 Safer 1449
20270718|0402|0545|1311|1703|2028|2203|14 Safer 1449
20270719|0403|0545|1311|1703|2027|2202|15 Safer 1449
20270720|0404|0546|1311|1703|2027|2201|16 Safer 1449
20270721|0406|0547|1311|1703|2026|2200|17 Safer 1449
20270722|0407|0548|1311|1703|2025|2159|18 Safer 1449
20270723|0408|0548|1311|1703|2025|2158|19 Safer 1449
20270724|0409|0549|1312|1703|2024|2157|20 Safer 1449
20270725|0410|0550|1312|1702|2023|2156|21 Safer 1449
20270726|0412|0551|1312|1702|2022|2155|22 Safer 1449
20270727|0413|0552|1312|1702|2021|2153|23 Safer 1449
20270728|0414|0552|1312|1702|2021|2152|24 Safer 1449
20270729|0415|0553|1312|1702|2020|2151|25 Safer 1449
20270730|0417|0554|1311|1701|2019|2150|26 Safer 1449
20270731|0418|0555|1311|1701|2018|2148|27 Safer 1449
20270801|0419|0556|1311|1701|2017|2147|28 Safer 1449
20270802|0420|0557|1311|1701|2016|2146|29 Safer 1449
20270803|0422|0557|1311|1700|2015|2144|1 Rebiulevvel 1449
20270804|0423|0558|1311|1700|2014|2143|2 Rebiulevvel 1449
20270805|0424|0559|1311|1700|2013|2141|3 Rebiulevvel 1449
20270806|0426|0600|1311|1659|2012|2140|4 Rebiulevvel 1449
20270807|0427|0601|1311|1659|2011|2138|5 Rebiulevvel 1449
20270808|0428|0602|1311|1659|2010|2137|6 Rebiulevvel 1449
20270809|0429|0603|1311|1658|2009|2135|7 Rebiulevvel 1449
20270810|0431|0603|1310|1658|2007|2134|8 Rebiulevvel 1449
20270811|0432|0604|1310|1657|2006|2132|9 Rebiulevvel 1449
20270812|0433|0605|1310|1657|2005|2131|10 Rebiulevvel 1449
20270813|0434|0606|1310|1656|2004|2129|11 Rebiulevvel 1449
20270814|0436|0607|1310|1656|2003|2128|12 Rebiulevvel 1449
20270815|0437|0608|1310|1655|2001|2126|13 Rebiulevvel 1449
20270816|0438|0609|1309|1655|2000|2124|14 Rebiulevvel 1449
20270817|0439|0610|1309|1654|1959|2123|15 Rebiulevvel 1449
20270818|0441|0610|1309|1654|1958|2121|16 Rebiulevvel 1449
20270819|0442|0611|1309|1653|1956|2120|17 Rebiulevvel 1449
20270820|0443|0612|1309|1653|1955|2118|18 Rebiulevvel 1449
20270821|0444|0613|1308|1652|1954|2116|19 Rebiulevvel 1449
20270822|0446|0614|1308|1651|1952|2115|20 Rebiulevvel 1449
20270823|0447|0615|1308|1651|1951|2113|21 Rebiulevvel 1449
20270824|0448|0616|1308|1650|1950|2111|22 Rebiulevvel 1449
20270825|0449|0616|1307|1649|1948|2110|23 Rebiulevvel 1449
20270826|0450|0617|1307|1649|1947|2108|24 Rebiulevvel 1449
20270827|0452|0618|1307|1648|1945|2106|25 Rebiulevvel 1449
20270828|0453|0619|1306|1647|1944|2104|26 Rebiulevvel 1449
20270829|0454|0620|1306|1646|1942|2103|27 Rebiulevvel 1449
20270830|0455|0621|1306|1646|1941|2101|28 Rebiulevvel 1449
20270831|0456|0622|1306|1645|1940|2059|29 Rebiulevvel 1449
20270901|0457|0622|1305|1644|1938|2058|30 Rebiulevvel 1449
20270902|0458|0623|1305|1643|1937|2056|1 Rebiulahir 1449
20270903|0459|0624|1305|1642|1935|2054|2 Rebiulahir 1449
20270904|0501|0625|1304|1642|1934|2052|3 Rebiulahir 1449
20270905|0502|0626|1304|1641|1932|2051|4 Rebiulahir 1449
20270906|0503|0627|1304|1640|1931|2049|5 Rebiulahir 1449
20270907|0504|0628|1303|1639|1929|2047|6 Rebiulahir 1449
20270908|0505|0628|1303|1638|1927|2045|7 Rebiulahir 1449
20270909|0506|0629|1303|1637|1926|2044|8 Rebiulahir 1449
20270910|0507|0630|1302|1636|1924|2042|9 Rebiulahir 1449
20270911|0508|0631|1302|1635|1923|2040|10 Rebiulahir 1449
20270912|0509|0632|1302|1634|1921|2039|11 Rebiulahir 1449
20270913|0510|0633|1301|1633|1920|2037|12 Rebiulahir 1449
20270914|0511|0633|1301|1632|1918|2035|13 Rebiulahir 1449
20270915|0512|0634|1300|1631|1917|2033|14 Rebiulahir 1449
20270916|0513|0635|1300|1630|1915|2032|15 Rebiulahir 1449
20270917|0514|0636|1300|1629|1914|2030|16 Rebiulahir 1449
20270918|0515|0637|1259|1628|1912|2028|17 Rebiulahir 1449
20270919|0516|0638|1259|1627|1910|2027|18 Rebiulahir 1449
20270920|0517|0639|1259|1626|1909|2025|19 Rebiulahir 1449
20270921|0518|0639|1258|1625|1907|2023|20 Rebiulahir 1449
20270922|0519|0640|1258|1624|1906|2022|21 Rebiulahir 1449
20270923|0520|0641|1258|1623|1904|2020|22 Rebiulahir 1449
20270924|0521|0642|1257|1622|1903|2018|23 Rebiulahir 1449
20270925|0522|0643|1257|1621|1901|2017|24 Rebiulahir 1449
20270926|0523|0644|1257|1620|1859|2015|25 Rebiulahir 1449
20270927|0524|0645|1256|1619|1858|2013|26 Rebiulahir 1449
20270928|0525|0645|1256|1618|1856|2012|27 Rebiulahir 1449
20270929|0526|0646|1256|1617|1855|2010|28 Rebiulahir 1449
20270930|0527|0647|1255|1616|1853|2009|29 Rebiulahir 1449
20271001|0528|0648|1255|1615|1852|2007|1 Cemaziyelevvel 1449
20271002|0529|0649|1255|1614|1850|2005|2 Cemaziyelevvel 1449
20271003|0530|0650|1254|1612|1849|2004|3 Cemaziyelevvel 1449
20271004|0530|0651|1254|1611|1847|2002|4 Cemaziyelevvel 1449
20271005|0531|0652|1254|1610|1846|2001|5 Cemaziyelevvel 1449
20271006|0532|0653|1253|1609|1844|1959|6 Cemaziyelevvel 1449
20271007|0533|0653|1253|1608|1843|1958|7 Cemaziyelevvel 1449
20271008|0534|0654|1253|1607|1841|1956|8 Cemaziyelevvel 1449
20271009|0535|0655|1252|1606|1840|1955|9 Cemaziyelevvel 1449
20271010|0536|0656|1252|1605|1838|1953|10 Cemaziyelevvel 1449
20271011|0537|0657|1252|1604|1837|1952|11 Cemaziyelevvel 1449
20271012|0538|0658|1252|1603|1835|1950|12 Cemaziyelevvel 1449
20271013|0539|0659|1251|1602|1834|1949|13 Cemaziyelevvel 1449
20271014|0540|0700|1251|1601|1832|1948|14 Cemaziyelevvel 1449
20271015|0541|0701|1251|1600|1831|1946|15 Cemaziyelevvel 1449
20271016|0541|0702|1251|1558|1830|1945|16 Cemaziyelevvel 1449
20271017|0542|0703|1250|1557|1828|1944|17 Cemaziyelevvel 1449
20271018|0543|0704|1250|1556|1827|1942|18 Cemaziyelevvel 1449
20271019|0544|0705|1250|1555|1825|1941|19 Cemaziyelevvel 1449
20271020|0545|0706|1250|1554|1824|1940|20 Cemaziyelevvel 1449
20271021|0546|0707|1250|1553|1823|1938|21 Cemaziyelevvel 1449
20271022|0547|0708|1250|1552|1821|1937|22 Cemaziyelevvel 1449
20271023|0548|0709|1249|1551|1820|1936|23 Cemaziyelevvel 1449
20271024|0549|0710|1249|1550|1819|1935|24 Cemaziyelevvel 1449
20271025|0550|0711|1249|1549|1818|1934|25 Cemaziyelevvel 1449
20271026|0551|0712|1249|1548|1816|1932|26 Cemaziyelevvel 1449
20271027|0551|0713|1249|1547|1815|1931|27 Cemaziyelevvel 1449
20271028|0552|0714|1249|1546|1814|1930|28 Cemaziyelevvel 1449
20271029|0553|0715|1249|1545|1813|1929|29 Cemaziyelevvel 1449
20271030|0554|0716|1249|1545|1812|1928|30 Cemaziyelevvel 1449
20271031|0555|0717|1249|1544|1810|1927|1 Cemaziyelahir 1449
20271101|0556|0718|1249|1543|1809|1926|2 Cemaziyelahir 1449
20271102|0557|0719|1249|1542|1808|1925|3 Cemaziyelahir 1449
20271103|0558|0720|1249|1541|1807|1924|4 Cemaziyelahir 1449
20271104|0559|0721|1249|1540|1806|1923|5 Cemaziyelahir 1449
20271105|0600|0722|1249|1539|1805|1922|6 Cemaziyelahir 1449
20271106|0601|0723|1249|1539|1804|1921|7 Cemaziyelahir 1449
20271107|0602|0724|1249|1538|1803|1921|8 Cemaziyelahir 1449
20271108|0603|0725|1249|1537|1802|1920|9 Cemaziyelahir 1449
20271109|0603|0726|1249|1536|1801|1919|10 Cemaziyelahir 1449
20271110|0604|0727|1249|1536|1800|1918|11 Cemaziyelahir 1449
20271111|0605|0728|1249|1535|1759|1917|12 Cemaziyelahir 1449
20271112|0606|0730|1249|1534|1759|1917|13 Cemaziyelahir 1449
20271113|0607|0731|1249|1534|1758|1916|14 Cemaziyelahir 1449
20271114|0608|0732|1249|1533|1757|1915|15 Cemaziyelahir 1449
20271115|0609|0733|1249|1532|1756|1915|16 Cemaziyelahir 1449
20271116|0610|0734|1250|1532|1755|1914|17 Cemaziyelahir 1449
20271117|0611|0735|1250|1531|1755|1914|18 Cemaziyelahir 1449
20271118|0612|0736|1250|1531|1754|1913|19 Cemaziyelahir 1449
20271119|0613|0737|1250|1530|1753|1913|20 Cemaziyelahir 1449
20271120|0614|0738|1250|1530|1753|1912|21 Cemaziyelahir 1449
20271121|0614|0739|1251|1529|1752|1912|22 Cemaziyelahir 1449
20271122|0615|0740|1251|1529|1752|1911|23 Cemaziyelahir 1449
20271123|0616|0741|1251|1529|1751|1911|24 Cemaziyelahir 1449
20271124|0617|0742|1251|1528|1751|1911|25 Cemaziyelahir 1449
20271125|0618|0743|1252|1528|1750|1910|26 Cemaziyelahir 1449
20271126|0619|0744|1252|1528|1750|1910|27 Cemaziyelahir 1449
20271127|0620|0745|1252|1527|1749|1910|28 Cemaziyelahir 1449
20271128|0621|0746|1253|1527|1749|1910|29 Cemaziyelahir 1449
20271129|0621|0747|1253|1527|1749|1909|1 Recep 1449
20271130|0622|0748|1253|1527|1748|1909|2 Recep 1449
20271201|0623|0749|1254|1527|1748|1909|3 Recep 1449
20271202|0624|0750|1254|1526|1748|1909|4 Recep 1449
20271203|0625|0751|1254|1526|1748|1909|5 Recep 1449
20271204|0626|0752|1255|1526|1748|1909|6 Recep 1449
20271205|0626|0753|1255|1526|1748|1909|7 Recep 1449
20271206|0627|0754|1256|1526|1748|1909|8 Recep 1449
20271207|0628|0755|1256|1526|1748|1909|9 Recep 1449
20271208|0629|0756|1257|1526|1748|1909|10 Recep 1449
20271209|0629|0756|1257|1527|1748|1909|11 Recep 1449
20271210|0630|0757|1257|1527|1748|1909|12 Recep 1449
20271211|0631|0758|1258|1527|1748|1910|13 Recep 1449
20271212|0632|0759|1258|1527|1748|1910|14 Recep 1449
20271213|0632|0800|1259|1527|1748|1910|15 Recep 1449
20271214|0633|0800|1259|1527|1748|1910|16 Recep 1449
20271215|0634|0801|1300|1528|1749|1911|17 Recep 1449
20271216|0634|0802|1300|1528|1749|1911|18 Recep 1449
20271217|0635|0802|1301|1528|1749|1911|19 Recep 1449
20271218|0635|0803|1301|1529|1749|1912|20 Recep 1449
20271219|0636|0804|1302|1529|1750|1912|21 Recep 1449
20271220|0637|0804|1302|1530|1750|1912|22 Recep 1449
20271221|0637|0805|1303|1530|1751|1913|23 Recep 1449
20271222|0638|0805|1303|1531|1751|1913|24 Recep 1449
20271223|0638|0806|1304|1531|1752|1914|25 Recep 1449
20271224|0639|0806|1304|1532|1752|1914|26 Recep 1449
20271225|0639|0807|1305|1532|1753|1915|27 Recep 1449
20271226|0639|0807|1305|1533|1753|1916|28 Recep 1449
20271227|0640|0807|1306|1533|1754|1916|29 Recep 1449
20271228|0640|0808|1306|1534|1755|1917|30 Recep 1449
20271229|0641|0808|1307|1535|1755|1917|1 Şaban 1449
20271230|0641|0808|1307|1535|1756|1918|2 Şaban 1449
20271231|0641|0808|1308|1536|1757|1919|3 Şaban 1449
#@9169|Bayat|AFYONKARAHISAR|730
20260101|0639|0808|1305|1530|1751|1915|12 Recep 1447
20260102|0640|0808|1305|1531|1752|1915|13 Recep 1447
20260103|0640|0808|1306|1532|1753|1916|14 Recep 1447
20260104|0640|0808|1306|1533|1754|1917|15 Recep 1447
20260105|0640|0808|1306|1533|1755|1918|16 Recep 1447
20260106|0640|0808|1307|1534|1755|1918|17 Recep 1447
20260107|0640|0808|1307|1535|1756|1919|18 Recep 1447
20260108|0640|0808|1308|1536|1757|1920|19 Recep 1447
20260109|0640|0808|1308|1537|1758|1921|20 Recep 1447
20260110|0640|0808|1309|1538|1759|1922|21 Recep 1447
20260111|0640|0808|1309|1539|1800|1923|22 Recep 1447
20260112|0640|0808|1309|1540|1801|1924|23 Recep 1447
20260113|0640|0807|1310|1541|1802|1924|24 Recep 1447
20260114|0640|0807|1310|1541|1803|1925|25 Recep 1447
20260115|0640|0807|1311|1542|1804|1926|26 Recep 1447
20260116|0639|0806|1311|1543|1805|1927|27 Recep 1447
20260117|0639|0806|1311|1544|1807|1928|28 Recep 1447
20260118|0639|0806|1312|1545|1808|1929|29 Recep 1447
20260119|0639|0805|1312|1546|1809|1930|30 Recep 1447
20260120|0638|0805|1312|1547|1810|1931|1 Şaban 1447
20260121|0638|0804|1312|1548|1811|1932|2 Şaban 1447
20260122|0637|0803|1313|1549|1812|1933|3 Şaban 1447
20260123|0637|0803|1313|1550|1813|1934|4 Şaban 1447
20260124|0636|0802|1313|1551|1814|1935|5 Şaban 1447
20260125|0636|0802|1314|1552|1815|1936|6 Şaban 1447
20260126|0635|0801|1314|1553|1817|1937|7 Şaban 1447
20260127|0635|0800|1314|1554|1818|1938|8 Şaban 1447
20260128|0634|0759|1314|1555|1819|1939|9 Şaban 1447
20260129|0634|0759|1314|1556|1820|1940|10 Şaban 1447
20260130|0633|0758|1315|1557|1821|1941|11 Şaban 1447
20260131|0632|0757|1315|1558|1822|1942|12 Şaban 1447
20260201|0632|0756|1315|1559|1824|1943|13 Şaban 1447
20260202|0631|0755|1315|1600|1825|1944|14 Şaban 1447
20260203|0630|0754|1315|1601|1826|1945|15 Şaban 1447
20260204|0629|0753|1315|1602|1827|1946|16 Şaban 1447
20260205|0628|0752|1315|1603|1828|1947|17 Şaban 1447
20260206|0628|0751|1315|1604|1829|1948|18 Şaban 1447
20260207|0627|0750|1315|1605|1831|1949|19 Şaban 1447
20260208|0626|0749|1315|1606|1832|1950|20 Şaban 1447
20260209|0625|0748|1315|1606|1833|1951|21 Şaban 1447
20260210|0624|0747|1316|1607|1834|1952|22 Şaban 1447
20260211|0623|0746|1316|1608|1835|1953|23 Şaban 1447
20260212|0622|0745|1316|1609|1836|1954|24 Şaban 1447
20260213|0621|0744|1315|1610|1837|1955|25 Şaban 1447
20260214|0620|0742|1315|1611|1839|1956|26 Şaban 1447
20260215|0619|0741|1315|1612|1840|1957|27 Şaban 1447
20260216|0617|0740|1315|1613|1841|1958|28 Şaban 1447
20260217|0616|0739|1315|1613|1842|1959|29 Şaban 1447
20260218|0615|0737|1315|1614|1843|2000|30 Şaban 1447
20260219|0614|0736|1315|1615|1844|2001|1 Ramazan 1447
20260220|0613|0735|1315|1616|1845|2002|2 Ramazan 1447
20260221|0611|0734|1315|1617|1846|2003|3 Ramazan 1447
20260222|0610|0732|1315|1618|1848|2004|4 Ramazan 1447
20260223|0609|0731|1315|1618|1849|2005|5 Ramazan 1447
20260224|0608|0729|1315|1619|1850|2006|6 Ramazan 1447
20260225|0606|0728|1314|1620|1851|2007|7 Ramazan 1447
20260226|0605|0727|1314|1621|1852|2008|8 Ramazan 1447
20260227|0604|0725|1314|1621|1853|2009|9 Ramazan 1447
20260228|0602|0724|1314|1622|1854|2011|10 Ramazan 1447
20260301|0601|0722|1314|1623|1855|2012|11 Ramazan 1447
20260302|0559|0721|1314|1623|1856|2013|12 Ramazan 1447
20260303|0558|0719|1313|1624|1857|2014|13 Ramazan 1447
20260304|0556|0718|1313|1625|1858|2015|14 Ramazan 1447
20260305|0555|0717|1313|1625|1859|2016|15 Ramazan 1447
20260306|0553|0715|1313|1626|1900|2017|16 Ramazan 1447
20260307|0552|0714|1312|1627|1901|2018|17 Ramazan 1447
20260308|0550|0712|1312|1627|1902|2019|18 Ramazan 1447
20260309|0549|0711|1312|1628|1903|2020|19 Ramazan 1447
20260310|0547|0709|1312|1628|1904|2021|20 Ramazan 1447
20260311|0546|0707|1311|1629|1905|2022|21 Ramazan 1447
20260312|0544|0706|1311|1629|1906|2023|22 Ramazan 1447
20260313|0543|0704|1311|1630|1907|2024|23 Ramazan 1447
20260314|0541|0703|1311|1631|1908|2025|24 Ramazan 1447
20260315|0539|0701|1310|1631|1909|2026|25 Ramazan 1447
20260316|0538|0700|1310|1632|1910|2027|26 Ramazan 1447
20260317|0536|0658|1310|1632|1911|2028|27 Ramazan 1447
20260318|0534|0657|1310|1633|1912|2029|28 Ramazan 1447
20260319|0533|0655|1309|1633|1913|2030|29 Ramazan 1447
20260320|0531|0653|1309|1634|1914|2031|1 Şevval 1447
20260321|0529|0652|1309|1634|1915|2033|2 Şevval 1447
20260322|0528|0650|1308|1634|1916|2034|3 Şevval 1447
20260323|0526|0649|1308|1635|1917|2035|4 Şevval 1447
20260324|0524|0647|1308|1635|1918|2036|5 Şevval 1447
20260325|0523|0646|1307|1636|1919|2037|6 Şevval 1447
20260326|0521|0644|1307|1636|1920|2038|7 Şevval 1447
20260327|0519|0642|1307|1637|1921|2039|8 Şevval 1447
20260328|0517|0641|1307|1637|1922|2040|9 Şevval 1447
20260329|0516|0639|1306|1637|1923|2041|10 Şevval 1447
20260330|0514|0638|1306|1638|1924|2043|11 Şevval 1447
20260331|0512|0636|1306|1638|1925|2044|12 Şevval 1447
20260401|0510|0635|1305|1638|1926|2045|13 Şevval 1447
20260402|0509|0633|1305|1639|1927|2046|14 Şevval 1447
20260403|0507|0631|1305|1639|1928|2047|15 Şevval 1447
20260404|0505|0630|1304|1639|1929|2048|16 Şevval 1447
20260405|0503|0628|1304|1640|1930|2050|17 Şevval 1447
20260406|0501|0627|1304|1640|1931|2051|18 Şevval 1447
20260407|0500|0625|1304|1640|1932|2052|19 Şevval 1447
20260408|0458|0624|1303|1641|1933|2053|20 Şevval 1447
20260409|0456|0622|1303|1641|1934|2054|21 Şevval 1447
20260410|0454|0621|1303|1641|1935|2056|22 Şevval 1447
20260411|0452|0619|1302|1642|1936|2057|23 Şevval 1447
20260412|0451|0618|1302|1642|1937|2058|24 Şevval 1447
20260413|0449|0616|1302|1642|1938|2059|25 Şevval 1447
20260414|0447|0615|1302|1642|1939|2101|26 Şevval 1447
20260415|0445|0613|1301|1643|1940|2102|27 Şevval 1447
20260416|0444|0612|1301|1643|1941|2103|28 Şevval 1447
20260417|0442|0610|1301|1643|1942|2104|29 Şevval 1447
20260418|0440|0609|1301|1643|1943|2106|1 Zilkade 1447
20260419|0438|0608|1301|1644|1944|2107|2 Zilkade 1447
20260420|0436|0606|1300|1644|1945|2108|3 Zilkade 1447
20260421|0435|0605|1300|1644|1946|2109|4 Zilkade 1447
20260422|0433|0603|1300|1644|1946|2111|5 Zilkade 1447
20260423|0431|0602|1300|1645|1947|2112|6 Zilkade 1447
20260424|0430|0601|1300|1645|1948|2113|7 Zilkade 1447
20260425|0428|0559|1259|1645|1949|2115|8 Zilkade 1447
20260426|0426|0558|1259|1645|1950|2116|9 Zilkade 1447
20260427|0424|0557|1259|1646|1951|2117|10 Zilkade 1447
20260428|0423|0555|1259|1646|1952|2119|11 Zilkade 1447
20260429|0421|0554|1259|1646|1953|2120|12 Zilkade 1447
20260430|0419|0553|1259|1646|1954|2122|13 Zilkade 1447
20260501|0418|0552|1258|1647|1955|2123|14 Zilkade 1447
20260502|0416|0551|1258|1647|1956|2124|15 Zilkade 1447
20260503|0414|0549|1258|1647|1957|2126|16 Zilkade 1447
20260504|0413|0548|1258|1647|1958|2127|17 Zilkade 1447
20260505|0411|0547|1258|1647|1959|2128|18 Zilkade 1447
20260506|0410|0546|1258|1648|2000|2130|19 Zilkade 1447
20260507|0408|0545|1258|1648|2001|2131|20 Zilkade 1447
20260508|0407|0544|1258|1648|2002|2132|21 Zilkade 1447
20260509|0405|0543|1258|1648|2003|2134|22 Zilkade 1447
20260510|0403|0542|1258|1649|2004|2135|23 Zilkade 1447
20260511|0402|0541|1258|1649|2005|2137|24 Zilkade 1447
20260512|0401|0540|1258|1649|2006|2138|25 Zilkade 1447
20260513|0359|0539|1258|1649|2007|2139|26 Zilkade 1447
20260514|0358|0538|1258|1649|2008|2141|27 Zilkade 1447
20260515|0356|0537|1258|1650|2008|2142|28 Zilkade 1447
20260516|0355|0536|1258|1650|2009|2143|29 Zilkade 1447
20260517|0354|0535|1258|1650|2010|2145|30 Zilkade 1447
20260518|0352|0534|1258|1650|2011|2146|1 Zilhicce 1447
20260519|0351|0534|1258|1651|2012|2147|2 Zilhicce 1447
20260520|0350|0533|1258|1651|2013|2149|3 Zilhicce 1447
20260521|0349|0532|1258|1651|2014|2150|4 Zilhicce 1447
20260522|0347|0531|1258|1651|2015|2151|5 Zilhicce 1447
20260523|0346|0531|1258|1651|2015|2152|6 Zilhicce 1447
20260524|0345|0530|1258|1652|2016|2154|7 Zilhicce 1447
20260525|0344|0529|1258|1652|2017|2155|8 Zilhicce 1447
20260526|0343|0529|1258|1652|2018|2156|9 Zilhicce 1447
20260527|0342|0528|1258|1652|2019|2157|10 Zilhicce 1447
20260528|0341|0528|1259|1653|2020|2158|11 Zilhicce 1447
20260529|0340|0527|1259|1653|2020|2159|12 Zilhicce 1447
20260530|0339|0527|1259|1653|2021|2201|13 Zilhicce 1447
20260531|0338|0526|1259|1653|2022|2202|14 Zilhicce 1447
20260601|0338|0526|1259|1654|2022|2203|15 Zilhicce 1447
20260602|0337|0525|1259|1654|2023|2204|16 Zilhicce 1447
20260603|0336|0525|1259|1654|2024|2205|17 Zilhicce 1447
20260604|0335|0525|1300|1654|2025|2206|18 Zilhicce 1447
20260605|0335|0524|1300|1655|2025|2207|19 Zilhicce 1447
20260606|0334|0524|1300|1655|2026|2208|20 Zilhicce 1447
20260607|0334|0524|1300|1655|2026|2208|21 Zilhicce 1447
20260608|0333|0524|1300|1655|2027|2209|22 Zilhicce 1447
20260609|0333|0524|1301|1656|2028|2210|23 Zilhicce 1447
20260610|0332|0523|1301|1656|2028|2211|24 Zilhicce 1447
20260611|0332|0523|1301|1656|2029|2212|25 Zilhicce 1447
20260612|0332|0523|1301|1656|2029|2212|26 Zilhicce 1447
20260613|0332|0523|1301|1657|2029|2213|27 Zilhicce 1447
20260614|0331|0523|1302|1657|2030|2213|28 Zilhicce 1447
20260615|0331|0523|1302|1657|2030|2214|29 Zilhicce 1447
20260616|0331|0523|1302|1657|2031|2214|1 Muharrem 1448
20260617|0331|0523|1302|1658|2031|2215|2 Muharrem 1448
20260618|0331|0523|1302|1658|2031|2215|3 Muharrem 1448
20260619|0331|0524|1303|1658|2032|2216|4 Muharrem 1448
20260620|0331|0524|1303|1658|2032|2216|5 Muharrem 1448
20260621|0331|0524|1303|1659|2032|2216|6 Muharrem 1448
20260622|0332|0524|1303|1659|2032|2216|7 Muharrem 1448
20260623|0332|0524|1303|1659|2033|2217|8 Muharrem 1448
20260624|0332|0525|1304|1659|2033|2217|9 Muharrem 1448
20260625|0333|0525|1304|1659|2033|2217|10 Muharrem 1448
20260626|0333|0525|1304|1700|2033|2217|11 Muharrem 1448
20260627|0334|0526|1304|1700|2033|2217|12 Muharrem 1448
20260628|0334|0526|1305|1700|2033|2217|13 Muharrem 1448
20260629|0335|0526|1305|1700|2033|2216|14 Muharrem 1448
20260630|0335|0527|1305|1700|2033|2216|15 Muharrem 1448
20260701|0336|0527|1305|1700|2033|2216|16 Muharrem 1448
20260702|0337|0528|1305|1701|2033|2216|17 Muharrem 1448
20260703|0337|0528|1306|1701|2033|2215|18 Muharrem 1448
20260704|0338|0529|1306|1701|2033|2215|19 Muharrem 1448
20260705|0339|0529|1306|1701|2032|2215|20 Muharrem 1448
20260706|0340|0530|1306|1701|2032|2214|21 Muharrem 1448
20260707|0341|0531|1306|1701|2032|2214|22 Muharrem 1448
20260708|0342|0531|1306|1701|2032|2213|23 Muharrem 1448
20260709|0343|0532|1307|1701|2031|2212|24 Muharrem 1448
20260710|0344|0532|1307|1701|2031|2212|25 Muharrem 1448
20260711|0345|0533|1307|1701|2031|2211|26 Muharrem 1448
20260712|0346|0534|1307|1702|2030|2210|27 Muharrem 1448
20260713|0347|0534|1307|1702|2030|2210|28 Muharrem 1448
20260714|0348|0535|1307|1702|2029|2209|29 Muharrem 1448
20260715|0349|0536|1307|1702|2029|2208|1 Safer 1448
20260716|0350|0537|1307|1702|2028|2207|2 Safer 1448
20260717|0351|0537|1307|1701|2028|2206|3 Safer 1448
20260718|0353|0538|1308|1701|2027|2205|4 Safer 1448
20260719|0354|0539|1308|1701|2026|2204|5 Safer 1448
20260720|0355|0540|1308|1701|2026|2203|6 Safer 1448
20260721|0356|0540|1308|1701|2025|2202|7 Safer 1448
20260722|0357|0541|1308|1701|2024|2201|8 Safer 1448
20260723|0359|0542|1308|1701|2024|2200|9 Safer 1448
20260724|0400|0543|1308|1701|2023|2158|10 Safer 1448
20260725|0401|0544|1308|1701|2022|2157|11 Safer 1448
20260726|0403|0545|1308|1700|2021|2156|12 Safer 1448
20260727|0404|0545|1308|1700|2020|2155|13 Safer 1448
20260728|0405|0546|1308|1700|2019|2153|14 Safer 1448
20260729|0407|0547|1308|1700|2019|2152|15 Safer 1448
20260730|0408|0548|1308|1700|2018|2151|16 Safer 1448
20260731|0409|0549|1308|1659|2017|2149|17 Safer 1448
20260801|0411|0550|1308|1659|2016|2148|18 Safer 1448
20260802|0412|0551|1308|1659|2015|2146|19 Safer 1448
20260803|0413|0552|1308|1658|2014|2145|20 Safer 1448
20260804|0415|0553|1307|1658|2013|2143|21 Safer 1448
20260805|0416|0553|1307|1658|2011|2142|22 Safer 1448
20260806|0418|0554|1307|1657|2010|2140|23 Safer 1448
20260807|0419|0555|1307|1657|2009|2139|24 Safer 1448
20260808|0420|0556|1307|1656|2008|2137|25 Safer 1448
20260809|0422|0557|1307|1656|2007|2136|26 Safer 1448
20260810|0423|0558|1307|1655|2006|2134|27 Safer 1448
20260811|0424|0559|1307|1655|2004|2132|28 Safer 1448
20260812|0426|0600|1306|1654|2003|2131|29 Safer 1448
20260813|0427|0601|1306|1654|2002|2129|30 Safer 1448
20260814|0428|0602|1306|1653|2001|2128|1 Rebiulevvel 1448
20260815|0430|0602|1306|1653|1959|2126|2 Rebiulevvel 1448
20260816|0431|0603|1306|1652|1958|2124|3 Rebiulevvel 1448
20260817|0432|0604|1306|1652|1957|2123|4 Rebiulevvel 1448
20260818|0434|0605|1305|1651|1955|2121|5 Rebiulevvel 1448
20260819|0435|0606|1305|1650|1954|2119|6 Rebiulevvel 1448
20260820|0436|0607|1305|1650|1953|2117|7 Rebiulevvel 1448
20260821|0437|0608|1305|1649|1951|2116|8 Rebiulevvel 1448
20260822|0439|0609|1304|1648|1950|2114|9 Rebiulevvel 1448
20260823|0440|0610|1304|1648|1948|2112|10 Rebiulevvel 1448
20260824|0441|0611|1304|1647|1947|2110|11 Rebiulevvel 1448
20260825|0443|0612|1304|1646|1946|2109|12 Rebiulevvel 1448
20260826|0444|0612|1303|1646|1944|2107|13 Rebiulevvel 1448
20260827|0445|0613|1303|1645|1943|2105|14 Rebiulevvel 1448
20260828|0446|0614|1303|1644|1941|2103|15 Rebiulevvel 1448
20260829|0447|0615|1302|1643|1940|2102|16 Rebiulevvel 1448
20260830|0449|0616|1302|1642|1938|2100|17 Rebiulevvel 1448
20260831|0450|0617|1302|1642|1937|2058|18 Rebiulevvel 1448
20260901|0451|0618|1301|1641|1935|2056|19 Rebiulevvel 1448
20260902|0452|0619|1301|1640|1934|2054|20 Rebiulevvel 1448
20260903|0453|0620|1301|1639|1932|2053|21 Rebiulevvel 1448
20260904|0455|0621|1301|1638|1931|2051|22 Rebiulevvel 1448
20260905|0456|0621|1300|1637|1929|2049|23 Rebiulevvel 1448
20260906|0457|0622|1300|1636|1927|2047|24 Rebiulevvel 1448
20260907|0458|0623|1300|1635|1926|2045|25 Rebiulevvel 1448
20260908|0459|0624|1259|1634|1924|2044|26 Rebiulevvel 1448
20260909|0500|0625|1259|1633|1923|2042|27 Rebiulevvel 1448
20260910|0501|0626|1258|1632|1921|2040|28 Rebiulevvel 1448
20260911|0502|0627|1258|1632|1919|2038|29 Rebiulevvel 1448
20260912|0504|0628|1258|1631|1918|2037|1 Rebiulahir 1448
20260913|0505|0629|1257|1630|1916|2035|2 Rebiulahir 1448
20260914|0506|0629|1257|1628|1915|2033|3 Rebiulahir 1448
20260915|0507|0630|1257|1627|1913|2031|4 Rebiulahir 1448
20260916|0508|0631|1256|1626|1911|2029|5 Rebiulahir 1448
20260917|0509|0632|1256|1625|1910|2028|6 Rebiulahir 1448
20260918|0510|0633|1256|1624|1908|2026|7 Rebiulahir 1448
20260919|0511|0634|1255|1623|1907|2024|8 Rebiulahir 1448
20260920|0512|0635|1255|1622|1905|2022|9 Rebiulahir 1448
20260921|0513|0636|1255|1621|1903|2021|10 Rebiulahir 1448
20260922|0514|0637|1254|1620|1902|2019|11 Rebiulahir 1448
20260923|0515|0638|1254|1619|1900|2017|12 Rebiulahir 1448
20260924|0516|0638|1253|1618|1859|2016|13 Rebiulahir 1448
20260925|0517|0639|1253|1617|1857|2014|14 Rebiulahir 1448
20260926|0518|0640|1253|1616|1855|2012|15 Rebiulahir 1448
20260927|0519|0641|1252|1615|1854|2010|16 Rebiulahir 1448
20260928|0520|0642|1252|1613|1852|2009|17 Rebiulahir 1448
20260929|0521|0643|1252|1612|1851|2007|18 Rebiulahir 1448
20260930|0522|0644|1251|1611|1849|2006|19 Rebiulahir 1448
20261001|0523|0645|1251|1610|1847|2004|20 Rebiulahir 1448
20261002|0524|0646|1251|1609|1846|2002|21 Rebiulahir 1448
20261003|0525|0647|1250|1608|1844|2001|22 Rebiulahir 1448
20261004|0526|0648|1250|1607|1843|1959|23 Rebiulahir 1448
20261005|0527|0649|1250|1606|1841|1957|24 Rebiulahir 1448
20261006|0528|0650|1250|1604|1840|1956|25 Rebiulahir 1448
20261007|0529|0651|1249|1603|1838|1954|26 Rebiulahir 1448
20261008|0530|0652|1249|1602|1836|1953|27 Rebiulahir 1448
20261009|0531|0653|1249|1601|1835|1951|28 Rebiulahir 1448
20261010|0532|0654|1248|1600|1833|1950|29 Rebiulahir 1448
20261011|0533|0654|1248|1559|1832|1948|30 Rebiulahir 1448
20261012|0534|0655|1248|1558|1830|1947|1 Cemaziyelevvel 1448
20261013|0535|0656|1248|1557|1829|1945|2 Cemaziyelevvel 1448
20261014|0536|0657|1247|1555|1827|1944|3 Cemaziyelevvel 1448
20261015|0537|0658|1247|1554|1826|1943|4 Cemaziyelevvel 1448
20261016|0538|0659|1247|1553|1825|1941|5 Cemaziyelevvel 1448
20261017|0539|0700|1247|1552|1823|1940|6 Cemaziyelevvel 1448
20261018|0540|0701|1247|1551|1822|1938|7 Cemaziyelevvel 1448
20261019|0541|0702|1246|1550|1820|1937|8 Cemaziyelevvel 1448
20261020|0542|0704|1246|1549|1819|1936|9 Cemaziyelevvel 1448
20261021|0542|0705|1246|1548|1818|1934|10 Cemaziyelevvel 1448
20261022|0543|0706|1246|1547|1816|1933|11 Cemaziyelevvel 1448
20261023|0544|0707|1246|1546|1815|1932|12 Cemaziyelevvel 1448
20261024|0545|0708|1246|1545|1813|1931|13 Cemaziyelevvel 1448
20261025|0546|0709|1245|1544|1812|1929|14 Cemaziyelevvel 1448
20261026|0547|0710|1245|1543|1811|1928|15 Cemaziyelevvel 1448
20261027|0548|0711|1245|1542|1810|1927|16 Cemaziyelevvel 1448
20261028|0549|0712|1245|1541|1808|1926|17 Cemaziyelevvel 1448
20261029|0550|0713|1245|1540|1807|1925|18 Cemaziyelevvel 1448
20261030|0551|0714|1245|1539|1806|1924|19 Cemaziyelevvel 1448
20261031|0552|0715|1245|1538|1805|1923|20 Cemaziyelevvel 1448
20261101|0553|0716|1245|1537|1804|1922|21 Cemaziyelevvel 1448
20261102|0554|0717|1245|1536|1802|1921|22 Cemaziyelevvel 1448
20261103|0555|0718|1245|1535|1801|1920|23 Cemaziyelevvel 1448
20261104|0556|0720|1245|1534|1800|1919|24 Cemaziyelevvel 1448
20261105|0557|0721|1245|1533|1759|1918|25 Cemaziyelevvel 1448
20261106|0558|0722|1245|1533|1758|1917|26 Cemaziyelevvel 1448
20261107|0559|0723|1245|1532|1757|1916|27 Cemaziyelevvel 1448
20261108|0600|0724|1245|1531|1756|1915|28 Cemaziyelevvel 1448
20261109|0601|0725|1245|1530|1755|1914|29 Cemaziyelevvel 1448
20261110|0602|0726|1245|1530|1754|1913|1 Cemaziyelahir 1448
20261111|0603|0727|1245|1529|1753|1913|2 Cemaziyelahir 1448
20261112|0604|0728|1245|1528|1752|1912|3 Cemaziyelahir 1448
20261113|0605|0730|1246|1527|1752|1911|4 Cemaziyelahir 1448
20261114|0606|0731|1246|1527|1751|1911|5 Cemaziyelahir 1448
20261115|0606|0732|1246|1526|1750|1910|6 Cemaziyelahir 1448
20261116|0607|0733|1246|1526|1749|1909|7 Cemaziyelahir 1448
20261117|0608|0734|1246|1525|1748|1909|8 Cemaziyelahir 1448
20261118|0609|0735|1246|1524|1748|1908|9 Cemaziyelahir 1448
20261119|0610|0736|1247|1524|1747|1908|10 Cemaziyelahir 1448
20261120|0611|0737|1247|1523|1746|1907|11 Cemaziyelahir 1448
20261121|0612|0738|1247|1523|1746|1907|12 Cemaziyelahir 1448
20261122|0613|0739|1247|1523|1745|1906|13 Cemaziyelahir 1448
20261123|0614|0740|1248|1522|1745|1906|14 Cemaziyelahir 1448
20261124|0615|0742|1248|1522|1744|1906|15 Cemaziyelahir 1448
20261125|0616|0743|1248|1521|1744|1905|16 Cemaziyelahir 1448
20261126|0617|0744|1248|1521|1743|1905|17 Cemaziyelahir 1448
20261127|0618|0745|1249|1521|1743|1905|18 Cemaziyelahir 1448
20261128|0618|0746|1249|1521|1743|1904|19 Cemaziyelahir 1448
20261129|0619|0747|1249|1520|1742|1904|20 Cemaziyelahir 1448
20261130|0620|0748|1250|1520|1742|1904|21 Cemaziyelahir 1448
20261201|0621|0749|1250|1520|1742|1904|22 Cemaziyelahir 1448
20261202|0622|0750|1251|1520|1741|1904|23 Cemaziyelahir 1448
20261203|0623|0751|1251|1520|1741|1904|24 Cemaziyelahir 1448
20261204|0624|0752|1251|1520|1741|1904|25 Cemaziyelahir 1448
20261205|0624|0753|1252|1520|1741|1904|26 Cemaziyelahir 1448
20261206|0625|0753|1252|1520|1741|1904|27 Cemaziyelahir 1448
20261207|0626|0754|1253|1520|1741|1904|28 Cemaziyelahir 1448
20261208|0627|0755|1253|1520|1741|1904|29 Cemaziyelahir 1448
20261209|0628|0756|1253|1520|1741|1904|30 Cemaziyelahir 1448
20261210|0628|0757|1254|1520|1741|1904|1 Recep 1448
20261211|0629|0758|1254|1520|1741|1904|2 Recep 1448
20261212|0630|0758|1255|1520|1741|1905|3 Recep 1448
20261213|0630|0759|1255|1521|1741|1905|4 Recep 1448
20261214|0631|0800|1256|1521|1742|1905|5 Recep 1448
20261215|0632|0801|1256|1521|1742|1905|6 Recep 1448
20261216|0632|0801|1257|1521|1742|1906|7 Recep 1448
20261217|0633|0802|1257|1522|1742|1906|8 Recep 1448
20261218|0634|0803|1258|1522|1743|1906|9 Recep 1448
20261219|0634|0803|1258|1523|1743|1907|10 Recep 1448
20261220|0635|0804|1259|1523|1744|1907|11 Recep 1448
20261221|0635|0804|1259|1523|1744|1908|12 Recep 1448
20261222|0636|0805|1300|1524|1744|1908|13 Recep 1448
20261223|0636|0805|1300|1524|1745|1909|14 Recep 1448
20261224|0637|0806|1301|1525|1746|1909|15 Recep 1448
20261225|0637|0806|1301|1526|1746|1910|16 Recep 1448
20261226|0638|0807|1302|1526|1747|1910|17 Recep 1448
20261227|0638|0807|1302|1527|1747|1911|18 Recep 1448
20261228|0638|0807|1303|1527|1748|1912|19 Recep 1448
20261229|0639|0807|1303|1528|1749|1912|20 Recep 1448
20261230|0639|0808|1304|1529|1749|1913|21 Recep 1448
20261231|0639|0808|1304|1529|1750|1914|22 Recep 1448
20270101|0639|0808|1305|1530|1751|1914|23 Recep 1448
20270102|0640|0808|1305|1531|1752|1915|24 Recep 1448
20270103|0640|0808|1305|1532|1753|1916|25 Recep 1448
20270104|0640|0808|1306|1532|1753|1917|26 Recep 1448
20270105|0640|0808|1306|1533|1754|1917|27 Recep 1448
20270106|0640|0808|1307|1534|1755|1918|28 Recep 1448
20270107|0640|0808|1307|1535|1756|1919|29 Recep 1448
20270108|0640|0808|1308|1536|1757|1920|30 Recep 1448
20270109|0640|0808|1308|1537|1758|1921|1 Şaban 1448
20270110|0640|0808|1309|1538|1759|1922|2 Şaban 1448
20270111|0640|0808|1309|1538|1800|1922|3 Şaban 1448
20270112|0640|0808|1309|1539|1801|1923|4 Şaban 1448
20270113|0640|0807|1310|1540|1802|1924|5 Şaban 1448
20270114|0640|0807|1310|1541|1803|1925|6 Şaban 1448
20270115|0640|0807|1310|1542|1804|1926|7 Şaban 1448
20270116|0639|0806|1311|1543|1805|1927|8 Şaban 1448
20270117|0639|0806|1311|1544|1806|1928|9 Şaban 1448
20270118|0639|0806|1311|1545|1807|1929|10 Şaban 1448
20270119|0639|0805|1312|1546|1808|1930|11 Şaban 1448
20270120|0638|0805|1312|1547|1810|1931|12 Şaban 1448
20270121|0638|0804|1312|1548|1811|1932|13 Şaban 1448
20270122|0637|0804|1313|1549|1812|1933|14 Şaban 1448
20270123|0637|0803|1313|1550|1813|1934|15 Şaban 1448
20270124|0637|0802|1313|1551|1814|1935|16 Şaban 1448
20270125|0636|0802|1313|1552|1815|1936|17 Şaban 1448
20270126|0636|0801|1314|1553|1816|1937|18 Şaban 1448
20270127|0635|0800|1314|1554|1817|1938|19 Şaban 1448
20270128|0634|0800|1314|1555|1819|1939|20 Şaban 1448
20270129|0634|0759|1314|1556|1820|1940|21 Şaban 1448
20270130|0633|0758|1314|1557|1821|1941|22 Şaban 1448
20270131|0632|0757|1315|1558|1822|1942|23 Şaban 1448
20270201|0632|0756|1315|1559|1823|1943|24 Şaban 1448
20270202|0631|0755|1315|1600|1824|1944|25 Şaban 1448
20270203|0630|0754|1315|1601|1826|1945|26 Şaban 1448
20270204|0629|0754|1315|1602|1827|1946|27 Şaban 1448
20270205|0629|0753|1315|1603|1828|1947|28 Şaban 1448
20270206|0628|0752|1315|1603|1829|1948|29 Şaban 1448
20270207|0627|0751|1315|1604|1830|1949|30 Şaban 1448
20270208|0626|0749|1315|1605|1831|1950|1 Ramazan 1448
20270209|0625|0748|1315|1606|1833|1951|2 Ramazan 1448
20270210|0624|0747|1315|1607|1834|1952|3 Ramazan 1448
20270211|0623|0746|1316|1608|1835|1953|4 Ramazan 1448
20270212|0622|0745|1316|1609|1836|1954|5 Ramazan 1448
20270213|0621|0744|1315|1610|1837|1955|6 Ramazan 1448
20270214|0620|0743|1315|1611|1838|1956|7 Ramazan 1448
20270215|0619|0741|1315|1612|1839|1957|8 Ramazan 1448
20270216|0618|0740|1315|1612|1841|1958|9 Ramazan 1448
20270217|0617|0739|1315|1613|1842|1959|10 Ramazan 1448
20270218|0615|0738|1315|1614|1843|2000|11 Ramazan 1448
20270219|0614|0736|1315|1615|1844|2001|12 Ramazan 1448
20270220|0613|0735|1315|1616|1845|2002|13 Ramazan 1448
20270221|0612|0734|1315|1617|1846|2003|14 Ramazan 1448
20270222|0610|0733|1315|1617|1847|2004|15 Ramazan 1448
20270223|0609|0731|1315|1618|1848|2005|16 Ramazan 1448
20270224|0608|0730|1315|1619|1849|2006|17 Ramazan 1448
20270225|0607|0728|1314|1620|1851|2007|18 Ramazan 1448
20270226|0605|0727|1314|1620|1852|2008|19 Ramazan 1448
20270227|0604|0726|1314|1621|1853|2009|20 Ramazan 1448
20270228|0603|0724|1314|1622|1854|2010|21 Ramazan 1448
20270301|0601|0723|1314|1622|1855|2011|22 Ramazan 1448
20270302|0600|0721|1314|1623|1856|2012|23 Ramazan 1448
20270303|0558|0720|1313|1624|1857|2013|24 Ramazan 1448
20270304|0557|0718|1313|1625|1858|2014|25 Ramazan 1448
20270305|0555|0717|1313|1625|1859|2015|26 Ramazan 1448
20270306|0554|0715|1313|1626|1900|2016|27 Ramazan 1448
20270307|0552|0714|1312|1626|1901|2017|28 Ramazan 1448
20270308|0551|0712|1312|1627|1902|2019|29 Ramazan 1448
20270309|0549|0711|1312|1628|1903|2020|1 Şevval 1448
20270310|0548|0709|1312|1628|1904|2021|2 Şevval 1448
20270311|0546|0708|1311|1629|1905|2022|3 Şevval 1448
20270312|0545|0706|1311|1629|1906|2023|4 Şevval 1448
20270313|0543|0705|1311|1630|1907|2024|5 Şevval 1448
20270314|0541|0703|1311|1630|1908|2025|6 Şevval 1448
20270315|0540|0702|1310|1631|1909|2026|7 Şevval 1448
20270316|0538|0700|1310|1631|1910|2027|8 Şevval 1448
20270317|0536|0659|1310|1632|1911|2028|9 Şevval 1448
20270318|0535|0657|1310|1632|1912|2029|10 Şevval 1448
20270319|0533|0655|1309|1633|1913|2030|11 Şevval 1448
20270320|0531|0654|1309|1633|1914|2031|12 Şevval 1448
20270321|0530|0652|1309|1634|1915|2032|13 Şevval 1448
20270322|0528|0651|1308|1634|1916|2033|14 Şevval 1448
20270323|0526|0649|1308|1635|1917|2034|15 Şevval 1448
20270324|0525|0648|1308|1635|1918|2036|16 Şevval 1448
20270325|0523|0646|1307|1636|1919|2037|17 Şevval 1448
20270326|0521|0644|1307|1636|1920|2038|18 Şevval 1448
20270327|0519|0643|1307|1636|1921|2039|19 Şevval 1448
20270328|0518|0641|1307|1637|1922|2040|20 Şevval 1448
20270329|0516|0640|1306|1637|1923|2041|21 Şevval 1448
20270330|0514|0638|1306|1638|1924|2042|22 Şevval 1448
20270331|0512|0636|1306|1638|1925|2043|23 Şevval 1448
20270401|0511|0635|1305|1638|1926|2045|24 Şevval 1448
20270402|0509|0633|1305|1639|1927|2046|25 Şevval 1448
20270403|0507|0632|1305|1639|1928|2047|26 Şevval 1448
20270404|0505|0630|1305|1639|1929|2048|27 Şevval 1448
20270405|0504|0629|1304|1640|1930|2049|28 Şevval 1448
20270406|0502|0627|1304|1640|1931|2050|29 Şevval 1448
20270407|0500|0626|1304|1640|1932|2052|30 Şevval 1448
20270408|0458|0624|1303|1641|1933|2053|1 Zilkade 1448
20270409|0456|0623|1303|1641|1934|2054|2 Zilkade 1448
20270410|0455|0621|1303|1641|1935|2055|3 Zilkade 1448
20270411|0453|0620|1303|1642|1936|2056|4 Zilkade 1448
20270412|0451|0618|1302|1642|1937|2058|5 Zilkade 1448
20270413|0449|0617|1302|1642|1938|2059|6 Zilkade 1448
20270414|0448|0615|1302|1642|1938|2100|7 Zilkade 1448
20270415|0446|0614|1302|1643|1939|2101|8 Zilkade 1448
20270416|0444|0612|1301|1643|1940|2103|9 Zilkade 1448
20270417|0442|0611|1301|1643|1941|2104|10 Zilkade 1448
20270418|0440|0609|1301|1643|1942|2105|11 Zilkade 1448
20270419|0439|0608|1301|1644|1943|2107|12 Zilkade 1448
20270420|0437|0607|1300|1644|1944|2108|13 Zilkade 1448
20270421|0435|0605|1300|1644|1945|2109|14 Zilkade 1448
20270422|0433|0604|1300|1644|1946|2110|15 Zilkade 1448
20270423|0432|0602|1300|1645|1947|2112|16 Zilkade 1448
20270424|0430|0601|1300|1645|1948|2113|17 Zilkade 1448
20270425|0428|0600|1259|1645|1949|2114|18 Zilkade 1448
20270426|0426|0558|1259|1645|1950|2116|19 Zilkade 1448
20270427|0425|0557|1259|1646|1951|2117|20 Zilkade 1448
20270428|0423|0556|1259|1646|1952|2118|21 Zilkade 1448
20270429|0421|0555|1259|1646|1953|2120|22 Zilkade 1448
20270430|0420|0553|1259|1646|1954|2121|23 Zilkade 1448
20270501|0418|0552|1259|1646|1955|2123|24 Zilkade 1448
20270502|0416|0551|1258|1647|1956|2124|25 Zilkade 1448
20270503|0415|0550|1258|1647|1957|2125|26 Zilkade 1448
20270504|0413|0549|1258|1647|1958|2127|27 Zilkade 1448
20270505|0412|0547|1258|1647|1959|2128|28 Zilkade 1448
20270506|0410|0546|1258|1648|2000|2129|29 Zilkade 1448
20270507|0408|0545|1258|1648|2001|2131|1 Zilhicce 1448
20270508|0407|0544|1258|1648|2002|2132|2 Zilhicce 1448
20270509|0405|0543|1258|1648|2003|2133|3 Zilhicce 1448
20270510|0404|0542|1258|1648|2004|2135|4 Zilhicce 1448
20270511|0402|0541|1258|1649|2005|2136|5 Zilhicce 1448
20270512|0401|0540|1258|1649|2005|2138|6 Zilhicce 1448
20270513|0359|0539|1258|1649|2006|2139|7 Zilhicce 1448
20270514|0358|0538|1258|1649|2007|2140|8 Zilhicce 1448
20270515|0357|0537|1258|1650|2008|2142|9 Zilhicce 1448
20270516|0355|0536|1258|1650|2009|2143|10 Zilhicce 1448
20270517|0354|0535|1258|1650|2010|2144|11 Zilhicce 1448
20270518|0353|0535|1258|1650|2011|2146|12 Zilhicce 1448
20270519|0351|0534|1258|1650|2012|2147|13 Zilhicce 1448
20270520|0350|0533|1258|1651|2013|2148|14 Zilhicce 1448
20270521|0349|0532|1258|1651|2014|2150|15 Zilhicce 1448
20270522|0348|0531|1258|1651|2014|2151|16 Zilhicce 1448
20270523|0347|0531|1258|1651|2015|2152|17 Zilhicce 1448
20270524|0345|0530|1258|1652|2016|2153|18 Zilhicce 1448
20270525|0344|0529|1258|1652|2017|2155|19 Zilhicce 1448
20270526|0343|0529|1258|1652|2018|2156|20 Zilhicce 1448
20270527|0342|0528|1258|1652|2019|2157|21 Zilhicce 1448
20270528|0341|0528|1259|1653|2019|2158|22 Zilhicce 1448
20270529|0340|0527|1259|1653|2020|2159|23 Zilhicce 1448
20270530|0339|0527|1259|1653|2021|2200|24 Zilhicce 1448
20270531|0339|0526|1259|1653|2022|2201|25 Zilhicce 1448
20270601|0338|0526|1259|1654|2022|2202|26 Zilhicce 1448
20270602|0337|0525|1259|1654|2023|2204|27 Zilhicce 1448
20270603|0336|0525|1259|1654|2024|2205|28 Zilhicce 1448
20270604|0336|0525|1300|1654|2024|2205|29 Zilhicce 1448
20270605|0335|0524|1300|1655|2025|2206|30 Zilhicce 1448
20270606|0334|0524|1300|1655|2026|2207|1 Muharrem 1449
20270607|0334|0524|1300|1655|2026|2208|2 Muharrem 1449
20270608|0333|0524|1300|1655|2027|2209|3 Muharrem 1449
20270609|0333|0524|1300|1656|2027|2210|4 Muharrem 1449
20270610|0332|0523|1301|1656|2028|2211|5 Muharrem 1449
20270611|0332|0523|1301|1656|2028|2211|6 Muharrem 1449
20270612|0332|0523|1301|1656|2029|2212|7 Muharrem 1449
20270613|0332|0523|1301|1657|2029|2213|8 Muharrem 1449
20270614|0331|0523|1301|1657|2030|2213|9 Muharrem 1449
20270615|0331|0523|1302|1657|2030|2214|10 Muharrem 1449
20270616|0331|0523|1302|1657|2031|2214|11 Muharrem 1449
20270617|0331|0523|1302|1658|2031|2215|12 Muharrem 1449
20270618|0331|0523|1302|1658|2031|2215|13 Muharrem 1449
20270619|0331|0524|1303|1658|2032|2216|14 Muharrem 1449
20270620|0331|0524|1303|1658|2032|2216|15 Muharrem 1449
20270621|0331|0524|1303|1659|2032|2216|16 Muharrem 1449
20270622|0332|0524|1303|1659|2032|2216|17 Muharrem 1449
20270623|0332|0524|1303|1659|2033|2217|18 Muharrem 1449
20270624|0332|0525|1304|1659|2033|2217|19 Muharrem 1449
20270625|0333|0525|1304|1659|2033|2217|20 Muharrem 1449
20270626|0333|0525|1304|1700|2033|2217|21 Muharrem 1449
20270627|0333|0526|1304|1700|2033|2217|22 Muharrem 1449
20270628|0334|0526|1304|1700|2033|2217|23 Muharrem 1449
20270629|0335|0526|1305|1700|2033|2217|24 Muharrem 1449
20270630|0335|0527|1305|1700|2033|2216|25 Muharrem 1449
20270701|0336|0527|1305|1700|2033|2216|26 Muharrem 1449
20270702|0336|0528|1305|1701|2033|2216|27 Muharrem 1449
20270703|0337|0528|1305|1701|2033|2216|28 Muharrem 1449
20270704|0338|0529|1306|1701|2033|2215|29 Muharrem 1449
20270705|0339|0529|1306|1701|2032|2215|1 Safer 1449
20270706|0340|0530|1306|1701|2032|2214|2 Safer 1449
20270707|0340|0530|1306|1701|2032|2214|3 Safer 1449
20270708|0341|0531|1306|1701|2032|2213|4 Safer 1449
20270709|0342|0532|1306|1701|2031|2213|5 Safer 1449
20270710|0343|0532|1307|1701|2031|2212|6 Safer 1449
20270711|0344|0533|1307|1701|2031|2211|7 Safer 1449
20270712|0345|0534|1307|1701|2030|2211|8 Safer 1449
20270713|0346|0534|1307|1702|2030|2210|9 Safer 1449
20270714|0348|0535|1307|1702|2029|2209|10 Safer 1449
20270715|0349|0536|1307|1702|2029|2208|11 Safer 1449
20270716|0350|0536|1307|1702|2028|2207|12 Safer 1449
20270717|0351|0537|1307|1701|2028|2206|13 Safer 1449
20270718|0352|0538|1308|1701|2027|2205|14 Safer 1449
20270719|0353|0539|1308|1701|2027|2204|15 Safer 1449
20270720|0355|0539|1308|1701|2026|2203|16 Safer 1449
20270721|0356|0540|1308|1701|2025|2202|17 Safer 1449
20270722|0357|0541|1308|1701|2025|2201|18 Safer 1449
20270723|0358|0542|1308|1701|2024|2200|19 Safer 1449
20270724|0400|0543|1308|1701|2023|2159|20 Safer 1449
20270725|0401|0544|1308|1701|2022|2157|21 Safer 1449
20270726|0402|0544|1308|1700|2021|2156|22 Safer 1449
20270727|0404|0545|1308|1700|2021|2155|23 Safer 1449
20270728|0405|0546|1308|1700|2020|2154|24 Safer 1449
20270729|0406|0547|1308|1700|2019|2152|25 Safer 1449
20270730|0408|0548|1308|1700|2018|2151|26 Safer 1449
20270731|0409|0549|1308|1659|2017|2150|27 Safer 1449
20270801|0410|0550|1308|1659|2016|2148|28 Safer 1449
20270802|0412|0551|1308|1659|2015|2147|29 Safer 1449
20270803|0413|0551|1308|1658|2014|2145|1 Rebiulevvel 1449
20270804|0414|0552|1308|1658|2013|2144|2 Rebiulevvel 1449
20270805|0416|0553|1307|1658|2012|2142|3 Rebiulevvel 1449
20270806|0417|0554|1307|1657|2011|2141|4 Rebiulevvel 1449
20270807|0419|0555|1307|1657|2009|2139|5 Rebiulevvel 1449
20270808|0420|0556|1307|1656|2008|2138|6 Rebiulevvel 1449
20270809|0421|0557|1307|1656|2007|2136|7 Rebiulevvel 1449
20270810|0423|0558|1307|1656|2006|2134|8 Rebiulevvel 1449
20270811|0424|0559|1307|1655|2005|2133|9 Rebiulevvel 1449
20270812|0425|0600|1306|1655|2004|2131|10 Rebiulevvel 1449
20270813|0427|0600|1306|1654|2002|2130|11 Rebiulevvel 1449
20270814|0428|0601|1306|1654|2001|2128|12 Rebiulevvel 1449
20270815|0429|0602|1306|1653|2000|2126|13 Rebiulevvel 1449
20270816|0431|0603|1306|1652|1958|2125|14 Rebiulevvel 1449
20270817|0432|0604|1306|1652|1957|2123|15 Rebiulevvel 1449
20270818|0433|0605|1305|1651|1956|2121|16 Rebiulevvel 1449
20270819|0435|0606|1305|1651|1954|2120|17 Rebiulevvel 1449
20270820|0436|0607|1305|1650|1953|2118|18 Rebiulevvel 1449
20270821|0437|0608|1305|1649|1952|2116|19 Rebiulevvel 1449
20270822|0438|0609|1304|1649|1950|2114|20 Rebiulevvel 1449
20270823|0440|0610|1304|1648|1949|2113|21 Rebiulevvel 1449
20270824|0441|0610|1304|1647|1947|2111|22 Rebiulevvel 1449
20270825|0442|0611|1304|1647|1946|2109|23 Rebiulevvel 1449
20270826|0443|0612|1303|1646|1944|2107|24 Rebiulevvel 1449
20270827|0445|0613|1303|1645|1943|2106|25 Rebiulevvel 1449
20270828|0446|0614|1303|1644|1942|2104|26 Rebiulevvel 1449
20270829|0447|0615|1302|1643|1940|2102|27 Rebiulevvel 1449
20270830|0448|0616|1302|1643|1939|2100|28 Rebiulevvel 1449
20270831|0450|0617|1302|1642|1937|2058|29 Rebiulevvel 1449
20270901|0451|0618|1302|1641|1936|2057|30 Rebiulevvel 1449
20270902|0452|0619|1301|1640|1934|2055|1 Rebiulahir 1449
20270903|0453|0619|1301|1639|1932|2053|2 Rebiulahir 1449
20270904|0454|0620|1301|1638|1931|2051|3 Rebiulahir 1449
20270905|0455|0621|1300|1637|1929|2049|4 Rebiulahir 1449
20270906|0457|0622|1300|1637|1928|2048|5 Rebiulahir 1449
20270907|0458|0623|1300|1636|1926|2046|6 Rebiulahir 1449
20270908|0459|0624|1259|1635|1925|2044|7 Rebiulahir 1449
20270909|0500|0625|1259|1634|1923|2042|8 Rebiulahir 1449
20270910|0501|0626|1259|1633|1921|2041|9 Rebiulahir 1449
20270911|0502|0627|1258|1632|1920|2039|10 Rebiulahir 1449
20270912|0503|0627|1258|1631|1918|2037|11 Rebiulahir 1449
20270913|0504|0628|1257|1630|1917|2035|12 Rebiulahir 1449
20270914|0505|0629|1257|1629|1915|2033|13 Rebiulahir 1449
20270915|0507|0630|1257|1628|1913|2032|14 Rebiulahir 1449
20270916|0508|0631|1256|1627|1912|2030|15 Rebiulahir 1449
20270917|0509|0632|1256|1626|1910|2028|16 Rebiulahir 1449
20270918|0510|0633|1256|1625|1909|2026|17 Rebiulahir 1449
20270919|0511|0634|1255|1624|1907|2025|18 Rebiulahir 1449
20270920|0512|0635|1255|1622|1905|2023|19 Rebiulahir 1449
20270921|0513|0636|1255|1621|1904|2021|20 Rebiulahir 1449
20270922|0514|0636|1254|1620|1902|2019|21 Rebiulahir 1449
20270923|0515|0637|1254|1619|1901|2018|22 Rebiulahir 1449
20270924|0516|0638|1254|1618|1859|2016|23 Rebiulahir 1449
20270925|0517|0639|1253|1617|1857|2014|24 Rebiulahir 1449
20270926|0518|0640|1253|1616|1856|2013|25 Rebiulahir 1449
20270927|0519|0641|1253|1615|1854|2011|26 Rebiulahir 1449
20270928|0520|0642|1252|1614|1853|2009|27 Rebiulahir 1449
20270929|0521|0643|1252|1613|1851|2008|28 Rebiulahir 1449
20270930|0522|0644|1252|1611|1849|2006|29 Rebiulahir 1449
20271001|0523|0645|1251|1610|1848|2004|1 Cemaziyelevvel 1449
20271002|0524|0646|1251|1609|1846|2003|2 Cemaziyelevvel 1449
20271003|0525|0647|1251|1608|1845|2001|3 Cemaziyelevvel 1449
20271004|0526|0648|1250|1607|1843|1959|4 Cemaziyelevvel 1449
20271005|0527|0648|1250|1606|1841|1958|5 Cemaziyelevvel 1449
20271006|0528|0649|1250|1605|1840|1956|6 Cemaziyelevvel 1449
20271007|0529|0650|1249|1604|1838|1955|7 Cemaziyelevvel 1449
20271008|0530|0651|1249|1602|1837|1953|8 Cemaziyelevvel 1449
20271009|0531|0652|1249|1601|1835|1952|9 Cemaziyelevvel 1449
20271010|0532|0653|1249|1600|1834|1950|10 Cemaziyelevvel 1449
20271011|0533|0654|1248|1559|1832|1949|11 Cemaziyelevvel 1449
20271012|0534|0655|1248|1558|1831|1947|12 Cemaziyelevvel 1449
20271013|0535|0656|1248|1557|1829|1946|13 Cemaziyelevvel 1449
20271014|0536|0657|1247|1556|1828|1944|14 Cemaziyelevvel 1449
20271015|0537|0658|1247|1555|1826|1943|15 Cemaziyelevvel 1449
20271016|0537|0659|1247|1553|1825|1941|16 Cemaziyelevvel 1449
20271017|0538|0700|1247|1552|1823|1940|17 Cemaziyelevvel 1449
20271018|0539|0701|1247|1551|1822|1939|18 Cemaziyelevvel 1449
20271019|0540|0702|1246|1550|1821|1937|19 Cemaziyelevvel 1449
20271020|0541|0703|1246|1549|1819|1936|20 Cemaziyelevvel 1449
20271021|0542|0704|1246|1548|1818|1935|21 Cemaziyelevvel 1449
20271022|0543|0705|1246|1547|1816|1933|22 Cemaziyelevvel 1449
20271023|0544|0706|1246|1546|1815|1932|23 Cemaziyelevvel 1449
20271024|0545|0707|1246|1545|1814|1931|24 Cemaziyelevvel 1449
20271025|0546|0708|1245|1544|1813|1930|25 Cemaziyelevvel 1449
20271026|0547|0710|1245|1543|1811|1929|26 Cemaziyelevvel 1449
20271027|0548|0711|1245|1542|1810|1927|27 Cemaziyelevvel 1449
20271028|0549|0712|1245|1541|1809|1926|28 Cemaziyelevvel 1449
20271029|0550|0713|1245|1540|1807|1925|29 Cemaziyelevvel 1449
20271030|0551|0714|1245|1539|1806|1924|30 Cemaziyelevvel 1449
20271031|0552|0715|1245|1538|1805|1923|1 Cemaziyelahir 1449
20271101|0553|0716|1245|1537|1804|1922|2 Cemaziyelahir 1449
20271102|0554|0717|1245|1536|1803|1921|3 Cemaziyelahir 1449
20271103|0555|0718|1245|1535|1802|1920|4 Cemaziyelahir 1449
20271104|0556|0719|1245|1535|1801|1919|5 Cemaziyelahir 1449
20271105|0557|0720|1245|1534|1759|1918|6 Cemaziyelahir 1449
20271106|0558|0721|1245|1533|1758|1917|7 Cemaziyelahir 1449
20271107|0559|0723|1245|1532|1757|1916|8 Cemaziyelahir 1449
20271108|0600|0724|1245|1531|1756|1915|9 Cemaziyelahir 1449
20271109|0601|0725|1245|1530|1755|1914|10 Cemaziyelahir 1449
20271110|0601|0726|1245|1530|1754|1914|11 Cemaziyelahir 1449
20271111|0602|0727|1245|1529|1754|1913|12 Cemaziyelahir 1449
20271112|0603|0728|1245|1528|1753|1912|13 Cemaziyelahir 1449
20271113|0604|0729|1245|1528|1752|1911|14 Cemaziyelahir 1449
20271114|0605|0730|1246|1527|1751|1911|15 Cemaziyelahir 1449
20271115|0606|0731|1246|1526|1750|1910|16 Cemaziyelahir 1449
20271116|0607|0733|1246|1526|1749|1910|17 Cemaziyelahir 1449
20271117|0608|0734|1246|1525|1749|1909|18 Cemaziyelahir 1449
20271118|0609|0735|1246|1525|1748|1908|19 Cemaziyelahir 1449
20271119|0610|0736|1247|1524|1747|1908|20 Cemaziyelahir 1449
20271120|0611|0737|1247|1524|1747|1907|21 Cemaziyelahir 1449
20271121|0612|0738|1247|1523|1746|1907|22 Cemaziyelahir 1449
20271122|0613|0739|1247|1523|1745|1906|23 Cemaziyelahir 1449
20271123|0614|0740|1247|1522|1745|1906|24 Cemaziyelahir 1449
20271124|0615|0741|1248|1522|1744|1906|25 Cemaziyelahir 1449
20271125|0616|0742|1248|1522|1744|1905|26 Cemaziyelahir 1449
20271126|0616|0743|1248|1521|1743|1905|27 Cemaziyelahir 1449
20271127|0617|0744|1249|1521|1743|1905|28 Cemaziyelahir 1449
20271128|0618|0745|1249|1521|1743|1905|29 Cemaziyelahir 1449
20271129|0619|0746|1249|1520|1742|1904|1 Recep 1449
20271130|0620|0747|1250|1520|1742|1904|2 Recep 1449
20271201|0621|0748|1250|1520|1742|1904|3 Recep 1449
20271202|0622|0749|1250|1520|1741|1904|4 Recep 1449
20271203|0623|0750|1251|1520|1741|1904|5 Recep 1449
20271204|0623|0751|1251|1520|1741|1904|6 Recep 1449
20271205|0624|0752|1252|1520|1741|1904|7 Recep 1449
20271206|0625|0753|1252|1520|1741|1904|8 Recep 1449
20271207|0626|0754|1252|1520|1741|1904|9 Recep 1449
20271208|0627|0755|1253|1520|1741|1904|10 Recep 1449
20271209|0627|0756|1253|1520|1741|1904|11 Recep 1449
20271210|0628|0757|1254|1520|1741|1904|12 Recep 1449
20271211|0629|0757|1254|1520|1741|1904|13 Recep 1449
20271212|0630|0758|1255|1520|1741|1904|14 Recep 1449
20271213|0630|0759|1255|1520|1741|1905|15 Recep 1449
20271214|0631|0800|1256|1521|1741|1905|16 Recep 1449
20271215|0632|0800|1256|1521|1742|1905|17 Recep 1449
20271216|0632|0801|1257|1521|1742|1906|18 Recep 1449
20271217|0633|0802|1257|1522|1742|1906|19 Recep 1449
20271218|0633|0802|1258|1522|1743|1906|20 Recep 1449
20271219|0634|0803|1258|1522|1743|1907|21 Recep 1449
20271220|0635|0804|1259|1523|1743|1907|22 Recep 1449
20271221|0635|0804|1259|1523|1744|1908|23 Recep 1449
20271222|0636|0805|1300|1524|1744|1908|24 Recep 1449
20271223|0636|0805|1300|1524|1745|1909|25 Recep 1449
20271224|0637|0806|1300|1525|1745|1909|26 Recep 1449
20271225|0637|0806|1301|1525|1746|1910|27 Recep 1449
20271226|0637|0806|1301|1526|1747|1910|28 Recep 1449
20271227|0638|0807|1302|1527|1747|1911|29 Recep 1449
20271228|0638|0807|1302|1527|1748|1911|30 Recep 1449
20271229|0638|0807|1303|1528|1749|1912|1 Şaban 1449
20271230|0639|0808|1303|1529|1749|1913|2 Şaban 1449
20271231|0639|0808|1304|1529|1750|1913|3 Şaban 1449
#@9170|Bolvadin|AFYONKARAHISAR|730
20260101|0639|0807|1304|1531|1751|1914|12 Recep 1447
20260102|0639|0807|1305|1531|1752|1915|13 Recep 1447
20260103|0639|0807|1305|1532|1753|1916|14 Recep 1447
20260104|0639|0807|1306|1533|1754|1917|15 Recep 1447
20260105|0639|0807|1306|1534|1755|1917|16 Recep 1447
20260106|0639|0807|1306|1535|1756|1918|17 Recep 1447
20260107|0639|0807|1307|1535|1757|1919|18 Recep 1447
20260108|0639|0807|1307|1536|1758|1920|19 Recep 1447
20260109|0639|0807|1308|1537|1759|1921|20 Recep 1447
20260110|0639|0807|1308|1538|1800|1922|21 Recep 1447
20260111|0639|0807|1309|1539|1800|1923|22 Recep 1447
20260112|0639|0806|1309|1540|1802|1923|23 Recep 1447
20260113|0639|0806|1309|1541|1803|1924|24 Recep 1447
20260114|0639|0806|1310|1542|1804|1925|25 Recep 1447
20260115|0639|0806|1310|1543|1805|1926|26 Recep 1447
20260116|0639|0805|1310|1544|1806|1927|27 Recep 1447
20260117|0638|0805|1311|1545|1807|1928|28 Recep 1447
20260118|0638|0804|1311|1545|1808|1929|29 Recep 1447
20260119|0638|0804|1311|1546|1809|1930|30 Recep 1447
20260120|0637|0803|1312|1547|1810|1931|1 Şaban 1447
20260121|0637|0803|1312|1548|1811|1932|2 Şaban 1447
20260122|0637|0802|1312|1549|1812|1933|3 Şaban 1447
20260123|0636|0802|1313|1550|1813|1934|4 Şaban 1447
20260124|0636|0801|1313|1551|1814|1935|5 Şaban 1447
20260125|0635|0800|1313|1552|1816|1936|6 Şaban 1447
20260126|0635|0800|1313|1553|1817|1937|7 Şaban 1447
20260127|0634|0759|1313|1554|1818|1938|8 Şaban 1447
20260128|0634|0758|1314|1555|1819|1939|9 Şaban 1447
20260129|0633|0758|1314|1556|1820|1940|10 Şaban 1447
20260130|0632|0757|1314|1557|1821|1941|11 Şaban 1447
20260131|0632|0756|1314|1558|1822|1942|12 Şaban 1447
20260201|0631|0755|1314|1559|1824|1943|13 Şaban 1447
20260202|0630|0754|1314|1600|1825|1944|14 Şaban 1447
20260203|0629|0753|1315|1601|1826|1945|15 Şaban 1447
20260204|0629|0752|1315|1602|1827|1946|16 Şaban 1447
20260205|0628|0751|1315|1603|1828|1947|17 Şaban 1447
20260206|0627|0750|1315|1604|1829|1948|18 Şaban 1447
20260207|0626|0749|1315|1605|1831|1949|19 Şaban 1447
20260208|0625|0748|1315|1606|1832|1950|20 Şaban 1447
20260209|0624|0747|1315|1607|1833|1951|21 Şaban 1447
20260210|0623|0746|1315|1607|1834|1952|22 Şaban 1447
20260211|0622|0745|1315|1608|1835|1953|23 Şaban 1447
20260212|0621|0744|1315|1609|1836|1954|24 Şaban 1447
20260213|0620|0743|1315|1610|1837|1955|25 Şaban 1447
20260214|0619|0741|1315|1611|1839|1956|26 Şaban 1447
20260215|0618|0740|1315|1612|1840|1957|27 Şaban 1447
20260216|0617|0739|1315|1613|1841|1958|28 Şaban 1447
20260217|0616|0738|1315|1613|1842|1959|29 Şaban 1447
20260218|0615|0737|1315|1614|1843|2000|30 Şaban 1447
20260219|0613|0735|1315|1615|1844|2001|1 Ramazan 1447
20260220|0612|0734|1315|1616|1845|2002|2 Ramazan 1447
20260221|0611|0733|1314|1617|1846|2003|3 Ramazan 1447
20260222|0610|0731|1314|1617|1847|2004|4 Ramazan 1447
20260223|0608|0730|1314|1618|1848|2005|5 Ramazan 1447
20260224|0607|0729|1314|1619|1850|2006|6 Ramazan 1447
20260225|0606|0727|1314|1620|1851|2007|7 Ramazan 1447
20260226|0605|0726|1314|1620|1852|2008|8 Ramazan 1447
20260227|0603|0725|1314|1621|1853|2009|9 Ramazan 1447
20260228|0602|0723|1313|1622|1854|2010|10 Ramazan 1447
20260301|0600|0722|1313|1622|1855|2011|11 Ramazan 1447
20260302|0559|0720|1313|1623|1856|2012|12 Ramazan 1447
20260303|0558|0719|1313|1624|1857|2013|13 Ramazan 1447
20260304|0556|0717|1313|1624|1858|2014|14 Ramazan 1447
20260305|0555|0716|1312|1625|1859|2015|15 Ramazan 1447
20260306|0553|0714|1312|1626|1900|2016|16 Ramazan 1447
20260307|0552|0713|1312|1626|1901|2017|17 Ramazan 1447
20260308|0550|0711|1312|1627|1902|2018|18 Ramazan 1447
20260309|0549|0710|1311|1628|1903|2019|19 Ramazan 1447
20260310|0547|0708|1311|1628|1904|2020|20 Ramazan 1447
20260311|0546|0707|1311|1629|1905|2021|21 Ramazan 1447
20260312|0544|0705|1311|1629|1906|2022|22 Ramazan 1447
20260313|0542|0704|1310|1630|1907|2023|23 Ramazan 1447
20260314|0541|0702|1310|1630|1908|2024|24 Ramazan 1447
20260315|0539|0701|1310|1631|1909|2025|25 Ramazan 1447
20260316|0538|0659|1310|1631|1910|2026|26 Ramazan 1447
20260317|0536|0658|1309|1632|1911|2027|27 Ramazan 1447
20260318|0534|0656|1309|1632|1912|2029|28 Ramazan 1447
20260319|0533|0655|1309|1633|1913|2030|29 Ramazan 1447
20260320|0531|0653|1308|1633|1914|2031|1 Şevval 1447
20260321|0529|0651|1308|1634|1915|2032|2 Şevval 1447
20260322|0528|0650|1308|1634|1916|2033|3 Şevval 1447
20260323|0526|0648|1308|1634|1917|2034|4 Şevval 1447
20260324|0524|0647|1307|1635|1918|2035|5 Şevval 1447
20260325|0523|0645|1307|1635|1919|2036|6 Şevval 1447
20260326|0521|0644|1307|1636|1920|2037|7 Şevval 1447
20260327|0519|0642|1306|1636|1921|2038|8 Şevval 1447
20260328|0517|0640|1306|1636|1922|2039|9 Şevval 1447
20260329|0516|0639|1306|1637|1923|2040|10 Şevval 1447
20260330|0514|0637|1305|1637|1924|2042|11 Şevval 1447
20260331|0512|0636|1305|1638|1925|2043|12 Şevval 1447
20260401|0510|0634|1305|1638|1925|2044|13 Şevval 1447
20260402|0509|0633|1305|1638|1926|2045|14 Şevval 1447
20260403|0507|0631|1304|1639|1927|2046|15 Şevval 1447
20260404|0505|0630|1304|1639|1928|2047|16 Şevval 1447
20260405|0503|0628|1304|1639|1929|2048|17 Şevval 1447
20260406|0502|0627|1303|1640|1930|2050|18 Şevval 1447
20260407|0500|0625|1303|1640|1931|2051|19 Şevval 1447
20260408|0458|0623|1303|1640|1932|2052|20 Şevval 1447
20260409|0456|0622|1303|1640|1933|2053|21 Şevval 1447
20260410|0454|0620|1302|1641|1934|2054|22 Şevval 1447
20260411|0453|0619|1302|1641|1935|2056|23 Şevval 1447
20260412|0451|0618|1302|1641|1936|2057|24 Şevval 1447
20260413|0449|0616|1301|1641|1937|2058|25 Şevval 1447
20260414|0447|0615|1301|1642|1938|2059|26 Şevval 1447
20260415|0446|0613|1301|1642|1939|2101|27 Şevval 1447
20260416|0444|0612|1301|1642|1940|2102|28 Şevval 1447
20260417|0442|0610|1301|1643|1941|2103|29 Şevval 1447
20260418|0440|0609|1300|1643|1942|2104|1 Zilkade 1447
20260419|0439|0607|1300|1643|1943|2106|2 Zilkade 1447
20260420|0437|0606|1300|1643|1944|2107|3 Zilkade 1447
20260421|0435|0605|1300|1643|1945|2108|4 Zilkade 1447
20260422|0433|0603|1259|1644|1946|2109|5 Zilkade 1447
20260423|0432|0602|1259|1644|1947|2111|6 Zilkade 1447
20260424|0430|0601|1259|1644|1947|2112|7 Zilkade 1447
20260425|0428|0559|1259|1644|1948|2113|8 Zilkade 1447
20260426|0427|0558|1259|1645|1949|2115|9 Zilkade 1447
20260427|0425|0557|1259|1645|1950|2116|10 Zilkade 1447
20260428|0423|0555|1258|1645|1951|2117|11 Zilkade 1447
20260429|0422|0554|1258|1645|1952|2119|12 Zilkade 1447
20260430|0420|0553|1258|1645|1953|2120|13 Zilkade 1447
20260501|0418|0552|1258|1646|1954|2121|14 Zilkade 1447
20260502|0417|0551|1258|1646|1955|2123|15 Zilkade 1447
20260503|0415|0549|1258|1646|1956|2124|16 Zilkade 1447
20260504|0413|0548|1258|1646|1957|2125|17 Zilkade 1447
20260505|0412|0547|1258|1647|1958|2127|18 Zilkade 1447
20260506|0410|0546|1257|1647|1959|2128|19 Zilkade 1447
20260507|0409|0545|1257|1647|2000|2129|20 Zilkade 1447
20260508|0407|0544|1257|1647|2001|2131|21 Zilkade 1447
20260509|0406|0543|1257|1647|2002|2132|22 Zilkade 1447
20260510|0404|0542|1257|1648|2003|2133|23 Zilkade 1447
20260511|0403|0541|1257|1648|2004|2135|24 Zilkade 1447
20260512|0401|0540|1257|1648|2005|2136|25 Zilkade 1447
20260513|0400|0539|1257|1648|2005|2137|26 Zilkade 1447
20260514|0359|0538|1257|1648|2006|2139|27 Zilkade 1447
20260515|0357|0537|1257|1649|2007|2140|28 Zilkade 1447
20260516|0356|0536|1257|1649|2008|2141|29 Zilkade 1447
20260517|0355|0535|1257|1649|2009|2143|30 Zilkade 1447
20260518|0353|0535|1257|1649|2010|2144|1 Zilhicce 1447
20260519|0352|0534|1257|1650|2011|2145|2 Zilhicce 1447
20260520|0351|0533|1257|1650|2012|2147|3 Zilhicce 1447
20260521|0350|0532|1257|1650|2013|2148|4 Zilhicce 1447
20260522|0348|0532|1257|1650|2013|2149|5 Zilhicce 1447
20260523|0347|0531|1258|1650|2014|2150|6 Zilhicce 1447
20260524|0346|0530|1258|1651|2015|2152|7 Zilhicce 1447
20260525|0345|0530|1258|1651|2016|2153|8 Zilhicce 1447
20260526|0344|0529|1258|1651|2017|2154|9 Zilhicce 1447
20260527|0343|0528|1258|1651|2017|2155|10 Zilhicce 1447
20260528|0342|0528|1258|1652|2018|2156|11 Zilhicce 1447
20260529|0341|0527|1258|1652|2019|2157|12 Zilhicce 1447
20260530|0340|0527|1258|1652|2020|2159|13 Zilhicce 1447
20260531|0340|0526|1258|1652|2020|2200|14 Zilhicce 1447
20260601|0339|0526|1259|1653|2021|2201|15 Zilhicce 1447
20260602|0338|0526|1259|1653|2022|2202|16 Zilhicce 1447
20260603|0337|0525|1259|1653|2023|2203|17 Zilhicce 1447
20260604|0337|0525|1259|1653|2023|2204|18 Zilhicce 1447
20260605|0336|0525|1259|1654|2024|2205|19 Zilhicce 1447
20260606|0336|0524|1259|1654|2024|2205|20 Zilhicce 1447
20260607|0335|0524|1300|1654|2025|2206|21 Zilhicce 1447
20260608|0335|0524|1300|1654|2026|2207|22 Zilhicce 1447
20260609|0334|0524|1300|1655|2026|2208|23 Zilhicce 1447
20260610|0334|0524|1300|1655|2027|2209|24 Zilhicce 1447
20260611|0333|0524|1300|1655|2027|2209|25 Zilhicce 1447
20260612|0333|0524|1301|1655|2028|2210|26 Zilhicce 1447
20260613|0333|0524|1301|1656|2028|2211|27 Zilhicce 1447
20260614|0333|0524|1301|1656|2029|2211|28 Zilhicce 1447
20260615|0333|0524|1301|1656|2029|2212|29 Zilhicce 1447
20260616|0333|0524|1301|1656|2029|2212|1 Muharrem 1448
20260617|0332|0524|1302|1657|2030|2213|2 Muharrem 1448
20260618|0333|0524|1302|1657|2030|2213|3 Muharrem 1448
20260619|0333|0524|1302|1657|2030|2213|4 Muharrem 1448
20260620|0333|0524|1302|1657|2031|2214|5 Muharrem 1448
20260621|0333|0524|1303|1657|2031|2214|6 Muharrem 1448
20260622|0333|0524|1303|1658|2031|2214|7 Muharrem 1448
20260623|0333|0525|1303|1658|2031|2214|8 Muharrem 1448
20260624|0334|0525|1303|1658|2031|2214|9 Muharrem 1448
20260625|0334|0525|1303|1658|2032|2214|10 Muharrem 1448
20260626|0335|0526|1304|1659|2032|2214|11 Muharrem 1448
20260627|0335|0526|1304|1659|2032|2214|12 Muharrem 1448
20260628|0335|0526|1304|1659|2032|2214|13 Muharrem 1448
20260629|0336|0527|1304|1659|2032|2214|14 Muharrem 1448
20260630|0337|0527|1304|1659|2032|2214|15 Muharrem 1448
20260701|0337|0528|1305|1659|2032|2214|16 Muharrem 1448
20260702|0338|0528|1305|1700|2032|2214|17 Muharrem 1448
20260703|0339|0529|1305|1700|2031|2213|18 Muharrem 1448
20260704|0339|0529|1305|1700|2031|2213|19 Muharrem 1448
20260705|0340|0530|1305|1700|2031|2212|20 Muharrem 1448
20260706|0341|0530|1306|1700|2031|2212|21 Muharrem 1448
20260707|0342|0531|1306|1700|2031|2211|22 Muharrem 1448
20260708|0343|0531|1306|1700|2030|2211|23 Muharrem 1448
20260709|0344|0532|1306|1700|2030|2210|24 Muharrem 1448
20260710|0345|0533|1306|1700|2030|2210|25 Muharrem 1448
20260711|0346|0533|1306|1700|2029|2209|26 Muharrem 1448
20260712|0347|0534|1306|1700|2029|2208|27 Muharrem 1448
20260713|0348|0535|1307|1700|2028|2207|28 Muharrem 1448
20260714|0349|0535|1307|1700|2028|2207|29 Muharrem 1448
20260715|0350|0536|1307|1700|2027|2206|1 Safer 1448
20260716|0351|0537|1307|1700|2027|2205|2 Safer 1448
20260717|0352|0538|1307|1700|2026|2204|3 Safer 1448
20260718|0354|0538|1307|1700|2026|2203|4 Safer 1448
20260719|0355|0539|1307|1700|2025|2202|5 Safer 1448
20260720|0356|0540|1307|1700|2025|2201|6 Safer 1448
20260721|0357|0541|1307|1700|2024|2200|7 Safer 1448
20260722|0359|0542|1307|1700|2023|2159|8 Safer 1448
20260723|0400|0542|1307|1700|2022|2158|9 Safer 1448
20260724|0401|0543|1307|1700|2022|2156|10 Safer 1448
20260725|0402|0544|1307|1700|2021|2155|11 Safer 1448
20260726|0404|0545|1307|1659|2020|2154|12 Safer 1448
20260727|0405|0546|1307|1659|2019|2153|13 Safer 1448
20260728|0406|0547|1307|1659|2018|2151|14 Safer 1448
20260729|0408|0547|1307|1659|2017|2150|15 Safer 1448
20260730|0409|0548|1307|1659|2016|2149|16 Safer 1448
20260731|0410|0549|1307|1658|2015|2147|17 Safer 1448
20260801|0412|0550|1307|1658|2014|2146|18 Safer 1448
20260802|0413|0551|1307|1658|2013|2145|19 Safer 1448
20260803|0414|0552|1307|1657|2012|2143|20 Safer 1448
20260804|0416|0553|1307|1657|2011|2142|21 Safer 1448
20260805|0417|0554|1307|1657|2010|2140|22 Safer 1448
20260806|0418|0554|1307|1656|2009|2139|23 Safer 1448
20260807|0420|0555|1307|1656|2008|2137|24 Safer 1448
20260808|0421|0556|1307|1656|2007|2136|25 Safer 1448
20260809|0422|0557|1306|1655|2006|2134|26 Safer 1448
20260810|0424|0558|1306|1655|2005|2133|27 Safer 1448
20260811|0425|0559|1306|1654|2003|2131|28 Safer 1448
20260812|0426|0600|1306|1654|2002|2129|29 Safer 1448
20260813|0428|0601|1306|1653|2001|2128|30 Safer 1448
20260814|0429|0602|1306|1653|2000|2126|1 Rebiulevvel 1448
20260815|0430|0602|1305|1652|1958|2124|2 Rebiulevvel 1448
20260816|0431|0603|1305|1652|1957|2123|3 Rebiulevvel 1448
20260817|0433|0604|1305|1651|1956|2121|4 Rebiulevvel 1448
20260818|0434|0605|1305|1650|1954|2119|5 Rebiulevvel 1448
20260819|0435|0606|1305|1650|1953|2118|6 Rebiulevvel 1448
20260820|0437|0607|1304|1649|1952|2116|7 Rebiulevvel 1448
20260821|0438|0608|1304|1648|1950|2114|8 Rebiulevvel 1448
20260822|0439|0609|1304|1648|1949|2113|9 Rebiulevvel 1448
20260823|0440|0610|1304|1647|1948|2111|10 Rebiulevvel 1448
20260824|0442|0611|1303|1646|1946|2109|11 Rebiulevvel 1448
20260825|0443|0611|1303|1646|1945|2107|12 Rebiulevvel 1448
20260826|0444|0612|1303|1645|1943|2106|13 Rebiulevvel 1448
20260827|0445|0613|1302|1644|1942|2104|14 Rebiulevvel 1448
20260828|0447|0614|1302|1643|1940|2102|15 Rebiulevvel 1448
20260829|0448|0615|1302|1643|1939|2100|16 Rebiulevvel 1448
20260830|0449|0616|1302|1642|1937|2059|17 Rebiulevvel 1448
20260831|0450|0617|1301|1641|1936|2057|18 Rebiulevvel 1448
20260901|0451|0618|1301|1640|1934|2055|19 Rebiulevvel 1448
20260902|0452|0619|1301|1639|1933|2053|20 Rebiulevvel 1448
20260903|0454|0619|1300|1638|1931|2051|21 Rebiulevvel 1448
20260904|0455|0620|1300|1638|1930|2050|22 Rebiulevvel 1448
20260905|0456|0621|1300|1637|1928|2048|23 Rebiulevvel 1448
20260906|0457|0622|1259|1636|1927|2046|24 Rebiulevvel 1448
20260907|0458|0623|1259|1635|1925|2044|25 Rebiulevvel 1448
20260908|0459|0624|1259|1634|1924|2043|26 Rebiulevvel 1448
20260909|0500|0625|1258|1633|1922|2041|27 Rebiulevvel 1448
20260910|0501|0626|1258|1632|1920|2039|28 Rebiulevvel 1448
20260911|0503|0626|1258|1631|1919|2037|29 Rebiulevvel 1448
20260912|0504|0627|1257|1630|1917|2035|1 Rebiulahir 1448
20260913|0505|0628|1257|1629|1916|2034|2 Rebiulahir 1448
20260914|0506|0629|1257|1628|1914|2032|3 Rebiulahir 1448
20260915|0507|0630|1256|1627|1912|2030|4 Rebiulahir 1448
20260916|0508|0631|1256|1626|1911|2028|5 Rebiulahir 1448
20260917|0509|0632|1255|1625|1909|2027|6 Rebiulahir 1448
20260918|0510|0633|1255|1624|1908|2025|7 Rebiulahir 1448
20260919|0511|0634|1255|1623|1906|2023|8 Rebiulahir 1448
20260920|0512|0634|1254|1622|1904|2022|9 Rebiulahir 1448
20260921|0513|0635|1254|1621|1903|2020|10 Rebiulahir 1448
20260922|0514|0636|1254|1620|1901|2018|11 Rebiulahir 1448
20260923|0515|0637|1253|1619|1900|2016|12 Rebiulahir 1448
20260924|0516|0638|1253|1617|1858|2015|13 Rebiulahir 1448
20260925|0517|0639|1253|1616|1856|2013|14 Rebiulahir 1448
20260926|0518|0640|1252|1615|1855|2011|15 Rebiulahir 1448
20260927|0519|0641|1252|1614|1853|2010|16 Rebiulahir 1448
20260928|0520|0642|1252|1613|1852|2008|17 Rebiulahir 1448
20260929|0521|0643|1251|1612|1850|2006|18 Rebiulahir 1448
20260930|0522|0643|1251|1611|1849|2005|19 Rebiulahir 1448
20261001|0523|0644|1251|1610|1847|2003|20 Rebiulahir 1448
20261002|0524|0645|1250|1609|1845|2002|21 Rebiulahir 1448
20261003|0525|0646|1250|1608|1844|2000|22 Rebiulahir 1448
20261004|0526|0647|1250|1606|1842|1958|23 Rebiulahir 1448
20261005|0527|0648|1249|1605|1841|1957|24 Rebiulahir 1448
20261006|0528|0649|1249|1604|1839|1955|25 Rebiulahir 1448
20261007|0529|0650|1249|1603|1838|1954|26 Rebiulahir 1448
20261008|0530|0651|1248|1602|1836|1952|27 Rebiulahir 1448
20261009|0531|0652|1248|1601|1835|1951|28 Rebiulahir 1448
20261010|0532|0653|1248|1600|1833|1949|29 Rebiulahir 1448
20261011|0533|0654|1248|1559|1832|1948|30 Rebiulahir 1448
20261012|0534|0655|1247|1557|1830|1946|1 Cemaziyelevvel 1448
20261013|0534|0656|1247|1556|1829|1945|2 Cemaziyelevvel 1448
20261014|0535|0657|1247|1555|1827|1943|3 Cemaziyelevvel 1448
20261015|0536|0658|1247|1554|1826|1942|4 Cemaziyelevvel 1448
20261016|0537|0659|1246|1553|1824|1941|5 Cemaziyelevvel 1448
20261017|0538|0700|1246|1552|1823|1939|6 Cemaziyelevvel 1448
20261018|0539|0701|1246|1551|1821|1938|7 Cemaziyelevvel 1448
20261019|0540|0702|1246|1550|1820|1937|8 Cemaziyelevvel 1448
20261020|0541|0703|1246|1549|1819|1935|9 Cemaziyelevvel 1448
20261021|0542|0704|1246|1548|1817|1934|10 Cemaziyelevvel 1448
20261022|0543|0705|1245|1547|1816|1933|11 Cemaziyelevvel 1448
20261023|0544|0706|1245|1546|1815|1931|12 Cemaziyelevvel 1448
20261024|0545|0707|1245|1545|1813|1930|13 Cemaziyelevvel 1448
20261025|0546|0708|1245|1544|1812|1929|14 Cemaziyelevvel 1448
20261026|0547|0709|1245|1543|1811|1928|15 Cemaziyelevvel 1448
20261027|0548|0710|1245|1542|1810|1927|16 Cemaziyelevvel 1448
20261028|0549|0711|1245|1541|1808|1926|17 Cemaziyelevvel 1448
20261029|0550|0712|1245|1540|1807|1924|18 Cemaziyelevvel 1448
20261030|0551|0713|1245|1539|1806|1923|19 Cemaziyelevvel 1448
20261031|0551|0714|1244|1538|1805|1922|20 Cemaziyelevvel 1448
20261101|0552|0715|1244|1537|1804|1921|21 Cemaziyelevvel 1448
20261102|0553|0716|1244|1536|1802|1920|22 Cemaziyelevvel 1448
20261103|0554|0717|1244|1535|1801|1919|23 Cemaziyelevvel 1448
20261104|0555|0719|1244|1534|1800|1918|24 Cemaziyelevvel 1448
20261105|0556|0720|1244|1534|1759|1917|25 Cemaziyelevvel 1448
20261106|0557|0721|1244|1533|1758|1917|26 Cemaziyelevvel 1448
20261107|0558|0722|1244|1532|1757|1916|27 Cemaziyelevvel 1448
20261108|0559|0723|1245|1531|1756|1915|28 Cemaziyelevvel 1448
20261109|0600|0724|1245|1530|1755|1914|29 Cemaziyelevvel 1448
20261110|0601|0725|1245|1530|1754|1913|1 Cemaziyelahir 1448
20261111|0602|0726|1245|1529|1753|1912|2 Cemaziyelahir 1448
20261112|0603|0727|1245|1528|1753|1912|3 Cemaziyelahir 1448
20261113|0604|0728|1245|1528|1752|1911|4 Cemaziyelahir 1448
20261114|0605|0730|1245|1527|1751|1910|5 Cemaziyelahir 1448
20261115|0606|0731|1245|1526|1750|1910|6 Cemaziyelahir 1448
20261116|0607|0732|1245|1526|1749|1909|7 Cemaziyelahir 1448
20261117|0608|0733|1246|1525|1749|1909|8 Cemaziyelahir 1448
20261118|0609|0734|1246|1525|1748|1908|9 Cemaziyelahir 1448
20261119|0609|0735|1246|1524|1747|1908|10 Cemaziyelahir 1448
20261120|0610|0736|1246|1524|1747|1907|11 Cemaziyelahir 1448
20261121|0611|0737|1247|1523|1746|1907|12 Cemaziyelahir 1448
20261122|0612|0738|1247|1523|1745|1906|13 Cemaziyelahir 1448
20261123|0613|0739|1247|1522|1745|1906|14 Cemaziyelahir 1448
20261124|0614|0740|1247|1522|1744|1905|15 Cemaziyelahir 1448
20261125|0615|0741|1248|1522|1744|1905|16 Cemaziyelahir 1448
20261126|0616|0742|1248|1521|1743|1905|17 Cemaziyelahir 1448
20261127|0617|0743|1248|1521|1743|1905|18 Cemaziyelahir 1448
20261128|0618|0744|1249|1521|1743|1904|19 Cemaziyelahir 1448
20261129|0619|0746|1249|1521|1742|1904|20 Cemaziyelahir 1448
20261130|0619|0746|1249|1520|1742|1904|21 Cemaziyelahir 1448
20261201|0620|0747|1250|1520|1742|1904|22 Cemaziyelahir 1448
20261202|0621|0748|1250|1520|1742|1904|23 Cemaziyelahir 1448
20261203|0622|0749|1250|1520|1741|1904|24 Cemaziyelahir 1448
20261204|0623|0750|1251|1520|1741|1904|25 Cemaziyelahir 1448
20261205|0624|0751|1251|1520|1741|1904|26 Cemaziyelahir 1448
20261206|0624|0752|1252|1520|1741|1904|27 Cemaziyelahir 1448
20261207|0625|0753|1252|1520|1741|1904|28 Cemaziyelahir 1448
20261208|0626|0754|1252|1520|1741|1904|29 Cemaziyelahir 1448
20261209|0627|0755|1253|1520|1741|1904|30 Cemaziyelahir 1448
20261210|0627|0756|1253|1520|1741|1904|1 Recep 1448
20261211|0628|0756|1254|1520|1741|1904|2 Recep 1448
20261212|0629|0757|1254|1521|1741|1904|3 Recep 1448
20261213|0630|0758|1255|1521|1742|1905|4 Recep 1448
20261214|0630|0759|1255|1521|1742|1905|5 Recep 1448
20261215|0631|0759|1256|1521|1742|1905|6 Recep 1448
20261216|0631|0800|1256|1522|1742|1906|7 Recep 1448
20261217|0632|0801|1257|1522|1743|1906|8 Recep 1448
20261218|0633|0801|1257|1522|1743|1906|9 Recep 1448
20261219|0633|0802|1258|1523|1743|1907|10 Recep 1448
20261220|0634|0802|1258|1523|1744|1907|11 Recep 1448
20261221|0634|0803|1259|1524|1744|1908|12 Recep 1448
20261222|0635|0804|1259|1524|1745|1908|13 Recep 1448
20261223|0635|0804|1300|1525|1745|1909|14 Recep 1448
20261224|0636|0804|1300|1525|1746|1909|15 Recep 1448
20261225|0636|0805|1301|1526|1746|1910|16 Recep 1448
20261226|0637|0805|1301|1526|1747|1910|17 Recep 1448
20261227|0637|0806|1302|1527|1748|1911|18 Recep 1448
20261228|0637|0806|1302|1528|1748|1912|19 Recep 1448
20261229|0638|0806|1303|1528|1749|1912|20 Recep 1448
20261230|0638|0806|1303|1529|1750|1913|21 Recep 1448
20261231|0638|0807|1304|1530|1751|1914|22 Recep 1448
20270101|0639|0807|1304|1530|1751|1914|23 Recep 1448
20270102|0639|0807|1305|1531|1752|1915|24 Recep 1448
20270103|0639|0807|1305|1532|1753|1916|25 Recep 1448
20270104|0639|0807|1305|1533|1754|1917|26 Recep 1448
20270105|0639|0807|1306|1534|1755|1917|27 Recep 1448
20270106|0639|0807|1306|1534|1756|1918|28 Recep 1448
20270107|0639|0807|1307|1535|1756|1919|29 Recep 1448
20270108|0639|0807|1307|1536|1757|1920|30 Recep 1448
20270109|0639|0807|1308|1537|1758|1921|1 Şaban 1448
20270110|0639|0807|1308|1538|1759|1921|2 Şaban 1448
20270111|0639|0807|1308|1539|1800|1922|3 Şaban 1448
20270112|0639|0806|1309|1540|1801|1923|4 Şaban 1448
20270113|0639|0806|1309|1541|1802|1924|5 Şaban 1448
20270114|0639|0806|1310|1541|1803|1925|6 Şaban 1448
20270115|0639|0806|1310|1542|1804|1926|7 Şaban 1448
20270116|0639|0805|1310|1543|1805|1927|8 Şaban 1448
20270117|0638|0805|1311|1544|1806|1928|9 Şaban 1448
20270118|0638|0804|1311|1545|1808|1929|10 Şaban 1448
20270119|0638|0804|1311|1546|1809|1930|11 Şaban 1448
20270120|0637|0804|1312|1547|1810|1931|12 Şaban 1448
20270121|0637|0803|1312|1548|1811|1932|13 Şaban 1448
20270122|0637|0802|1312|1549|1812|1932|14 Şaban 1448
20270123|0636|0802|1312|1550|1813|1933|15 Şaban 1448
20270124|0636|0801|1313|1551|1814|1934|16 Şaban 1448
20270125|0635|0801|1313|1552|1815|1935|17 Şaban 1448
20270126|0635|0800|1313|1553|1816|1936|18 Şaban 1448
20270127|0634|0759|1313|1554|1818|1937|19 Şaban 1448
20270128|0634|0758|1314|1555|1819|1938|20 Şaban 1448
20270129|0633|0758|1314|1556|1820|1939|21 Şaban 1448
20270130|0632|0757|1314|1557|1821|1940|22 Şaban 1448
20270131|0632|0756|1314|1558|1822|1941|23 Şaban 1448
20270201|0631|0755|1314|1559|1823|1942|24 Şaban 1448
20270202|0630|0754|1314|1600|1825|1943|25 Şaban 1448
20270203|0630|0753|1315|1601|1826|1944|26 Şaban 1448
20270204|0629|0752|1315|1602|1827|1945|27 Şaban 1448
20270205|0628|0752|1315|1603|1828|1946|28 Şaban 1448
20270206|0627|0751|1315|1604|1829|1947|29 Şaban 1448
20270207|0626|0750|1315|1604|1830|1948|30 Şaban 1448
20270208|0625|0748|1315|1605|1831|1949|1 Ramazan 1448
20270209|0624|0747|1315|1606|1833|1950|2 Ramazan 1448
20270210|0623|0746|1315|1607|1834|1951|3 Ramazan 1448
20270211|0622|0745|1315|1608|1835|1952|4 Ramazan 1448
20270212|0621|0744|1315|1609|1836|1953|5 Ramazan 1448
20270213|0620|0743|1315|1610|1837|1955|6 Ramazan 1448
20270214|0619|0742|1315|1611|1838|1956|7 Ramazan 1448
20270215|0618|0741|1315|1612|1839|1957|8 Ramazan 1448
20270216|0617|0739|1315|1612|1840|1958|9 Ramazan 1448
20270217|0616|0738|1315|1613|1842|1959|10 Ramazan 1448
20270218|0615|0737|1315|1614|1843|2000|11 Ramazan 1448
20270219|0614|0736|1315|1615|1844|2001|12 Ramazan 1448
20270220|0612|0734|1315|1616|1845|2002|13 Ramazan 1448
20270221|0611|0733|1314|1616|1846|2003|14 Ramazan 1448
20270222|0610|0732|1314|1617|1847|2004|15 Ramazan 1448
20270223|0609|0730|1314|1618|1848|2005|16 Ramazan 1448
20270224|0607|0729|1314|1619|1849|2006|17 Ramazan 1448
20270225|0606|0728|1314|1619|1850|2007|18 Ramazan 1448
20270226|0605|0726|1314|1620|1851|2008|19 Ramazan 1448
20270227|0603|0725|1314|1621|1852|2009|20 Ramazan 1448
20270228|0602|0723|1313|1622|1854|2010|21 Ramazan 1448
20270301|0601|0722|1313|1622|1855|2011|22 Ramazan 1448
20270302|0559|0721|1313|1623|1856|2012|23 Ramazan 1448
20270303|0558|0719|1313|1624|1857|2013|24 Ramazan 1448
20270304|0556|0718|1313|1624|1858|2014|25 Ramazan 1448
20270305|0555|0716|1312|1625|1859|2015|26 Ramazan 1448
20270306|0554|0715|1312|1626|1900|2016|27 Ramazan 1448
20270307|0552|0713|1312|1626|1901|2017|28 Ramazan 1448
20270308|0551|0712|1312|1627|1902|2018|29 Ramazan 1448
20270309|0549|0710|1312|1627|1903|2019|1 Şevval 1448
20270310|0547|0709|1311|1628|1904|2020|2 Şevval 1448
20270311|0546|0707|1311|1629|1905|2021|3 Şevval 1448
20270312|0544|0706|1311|1629|1906|2022|4 Şevval 1448
20270313|0543|0704|1310|1630|1907|2023|5 Şevval 1448
20270314|0541|0703|1310|1630|1908|2024|6 Şevval 1448
20270315|0540|0701|1310|1631|1909|2025|7 Şevval 1448
20270316|0538|0700|1310|1631|1910|2026|8 Şevval 1448
20270317|0536|0658|1309|1632|1911|2027|9 Şevval 1448
20270318|0535|0656|1309|1632|1912|2028|10 Şevval 1448
20270319|0533|0655|1309|1633|1913|2029|11 Şevval 1448
20270320|0531|0653|1308|1633|1914|2030|12 Şevval 1448
20270321|0530|0652|1308|1634|1915|2031|13 Şevval 1448
20270322|0528|0650|1308|1634|1916|2033|14 Şevval 1448
20270323|0526|0649|1308|1634|1917|2034|15 Şevval 1448
20270324|0525|0647|1307|1635|1918|2035|16 Şevval 1448
20270325|0523|0645|1307|1635|1919|2036|17 Şevval 1448
20270326|0521|0644|1307|1636|1920|2037|18 Şevval 1448
20270327|0519|0642|1306|1636|1920|2038|19 Şevval 1448
20270328|0518|0641|1306|1636|1921|2039|20 Şevval 1448
20270329|0516|0639|1306|1637|1922|2040|21 Şevval 1448
20270330|0514|0638|1305|1637|1923|2041|22 Şevval 1448
20270331|0513|0636|1305|1637|1924|2042|23 Şevval 1448
20270401|0511|0635|1305|1638|1925|2044|24 Şevval 1448
20270402|0509|0633|1305|1638|1926|2045|25 Şevval 1448
20270403|0507|0631|1304|1638|1927|2046|26 Şevval 1448
20270404|0506|0630|1304|1639|1928|2047|27 Şevval 1448
20270405|0504|0628|1304|1639|1929|2048|28 Şevval 1448
20270406|0502|0627|1303|1639|1930|2049|29 Şevval 1448
20270407|0500|0625|1303|1640|1931|2051|30 Şevval 1448
20270408|0458|0624|1303|1640|1932|2052|1 Zilkade 1448
20270409|0457|0622|1303|1640|1933|2053|2 Zilkade 1448
20270410|0455|0621|1302|1641|1934|2054|3 Zilkade 1448
20270411|0453|0619|1302|1641|1935|2055|4 Zilkade 1448
20270412|0451|0618|1302|1641|1936|2057|5 Zilkade 1448
20270413|0450|0616|1302|1641|1937|2058|6 Zilkade 1448
20270414|0448|0615|1301|1642|1938|2059|7 Zilkade 1448
20270415|0446|0613|1301|1642|1939|2100|8 Zilkade 1448
20270416|0444|0612|1301|1642|1940|2101|9 Zilkade 1448
20270417|0443|0611|1301|1642|1941|2103|10 Zilkade 1448
20270418|0441|0609|1300|1643|1941|2104|11 Zilkade 1448
20270419|0439|0608|1300|1643|1942|2105|12 Zilkade 1448
20270420|0437|0606|1300|1643|1943|2107|13 Zilkade 1448
20270421|0436|0605|1300|1643|1944|2108|14 Zilkade 1448
20270422|0434|0604|1259|1644|1945|2109|15 Zilkade 1448
20270423|0432|0602|1259|1644|1946|2110|16 Zilkade 1448
20270424|0430|0601|1259|1644|1947|2112|17 Zilkade 1448
20270425|0429|0600|1259|1644|1948|2113|18 Zilkade 1448
20270426|0427|0558|1259|1645|1949|2114|19 Zilkade 1448
20270427|0425|0557|1259|1645|1950|2116|20 Zilkade 1448
20270428|0424|0556|1258|1645|1951|2117|21 Zilkade 1448
20270429|0422|0555|1258|1645|1952|2118|22 Zilkade 1448
20270430|0420|0553|1258|1645|1953|2120|23 Zilkade 1448
20270501|0419|0552|1258|1646|1954|2121|24 Zilkade 1448
20270502|0417|0551|1258|1646|1955|2122|25 Zilkade 1448
20270503|0415|0550|1258|1646|1956|2124|26 Zilkade 1448
20270504|0414|0549|1258|1646|1957|2125|27 Zilkade 1448
20270505|0412|0547|1258|1646|1958|2126|28 Zilkade 1448
20270506|0411|0546|1258|1647|1959|2128|29 Zilkade 1448
20270507|0409|0545|1257|1647|2000|2129|1 Zilhicce 1448
20270508|0408|0544|1257|1647|2001|2130|2 Zilhicce 1448
20270509|0406|0543|1257|1647|2002|2132|3 Zilhicce 1448
20270510|0405|0542|1257|1648|2002|2133|4 Zilhicce 1448
20270511|0403|0541|1257|1648|2003|2134|5 Zilhicce 1448
20270512|0402|0540|1257|1648|2004|2136|6 Zilhicce 1448
20270513|0400|0539|1257|1648|2005|2137|7 Zilhicce 1448
20270514|0359|0538|1257|1648|2006|2138|8 Zilhicce 1448
20270515|0358|0537|1257|1649|2007|2140|9 Zilhicce 1448
20270516|0356|0536|1257|1649|2008|2141|10 Zilhicce 1448
20270517|0355|0536|1257|1649|2009|2142|11 Zilhicce 1448
20270518|0354|0535|1257|1649|2010|2144|12 Zilhicce 1448
20270519|0352|0534|1257|1650|2011|2145|13 Zilhicce 1448
20270520|0351|0533|1257|1650|2012|2146|14 Zilhicce 1448
20270521|0350|0532|1257|1650|2012|2148|15 Zilhicce 1448
20270522|0349|0532|1257|1650|2013|2149|16 Zilhicce 1448
20270523|0348|0531|1258|1650|2014|2150|17 Zilhicce 1448
20270524|0346|0530|1258|1651|2015|2151|18 Zilhicce 1448
20270525|0345|0530|1258|1651|2016|2153|19 Zilhicce 1448
20270526|0344|0529|1258|1651|2017|2154|20 Zilhicce 1448
20270527|0343|0529|1258|1651|2017|2155|21 Zilhicce 1448
20270528|0342|0528|1258|1652|2018|2156|22 Zilhicce 1448
20270529|0342|0528|1258|1652|2019|2157|23 Zilhicce 1448
20270530|0341|0527|1258|1652|2020|2158|24 Zilhicce 1448
20270531|0340|0527|1258|1652|2020|2159|25 Zilhicce 1448
20270601|0339|0526|1259|1653|2021|2200|26 Zilhicce 1448
20270602|0338|0526|1259|1653|2022|2201|27 Zilhicce 1448
20270603|0338|0525|1259|1653|2022|2202|28 Zilhicce 1448
20270604|0337|0525|1259|1653|2023|2203|29 Zilhicce 1448
20270605|0336|0525|1259|1654|2024|2204|30 Zilhicce 1448
20270606|0336|0525|1259|1654|2024|2205|1 Muharrem 1449
20270607|0335|0524|1300|1654|2025|2206|2 Muharrem 1449
20270608|0335|0524|1300|1654|2025|2207|3 Muharrem 1449
20270609|0334|0524|1300|1655|2026|2208|4 Muharrem 1449
20270610|0334|0524|1300|1655|2027|2208|5 Muharrem 1449
20270611|0333|0524|1300|1655|2027|2209|6 Muharrem 1449
20270612|0333|0524|1301|1655|2028|2210|7 Muharrem 1449
20270613|0333|0524|1301|1656|2028|2210|8 Muharrem 1449
20270614|0333|0524|1301|1656|2028|2211|9 Muharrem 1449
20270615|0333|0524|1301|1656|2029|2212|10 Muharrem 1449
20270616|0333|0524|1301|1656|2029|2212|11 Muharrem 1449
20270617|0332|0524|1302|1657|2030|2213|12 Muharrem 1449
20270618|0333|0524|1302|1657|2030|2213|13 Muharrem 1449
20270619|0333|0524|1302|1657|2030|2213|14 Muharrem 1449
20270620|0333|0524|1302|1657|2031|2214|15 Muharrem 1449
20270621|0333|0524|1302|1657|2031|2214|16 Muharrem 1449
20270622|0333|0524|1303|1658|2031|2214|17 Muharrem 1449
20270623|0333|0525|1303|1658|2031|2214|18 Muharrem 1449
20270624|0334|0525|1303|1658|2031|2214|19 Muharrem 1449
20270625|0334|0525|1303|1658|2032|2214|20 Muharrem 1449
20270626|0334|0526|1304|1658|2032|2214|21 Muharrem 1449
20270627|0335|0526|1304|1659|2032|2214|22 Muharrem 1449
20270628|0335|0526|1304|1659|2032|2214|23 Muharrem 1449
20270629|0336|0527|1304|1659|2032|2214|24 Muharrem 1449
20270630|0336|0527|1304|1659|2032|2214|25 Muharrem 1449
20270701|0337|0528|1305|1659|2032|2214|26 Muharrem 1449
20270702|0338|0528|1305|1659|2032|2214|27 Muharrem 1449
20270703|0339|0529|1305|1700|2031|2213|28 Muharrem 1449
20270704|0339|0529|1305|1700|2031|2213|29 Muharrem 1449
20270705|0340|0530|1305|1700|2031|2213|1 Safer 1449
20270706|0341|0530|1306|1700|2031|2212|2 Safer 1449
20270707|0342|0531|1306|1700|2031|2212|3 Safer 1449
20270708|0343|0531|1306|1700|2030|2211|4 Safer 1449
20270709|0344|0532|1306|1700|2030|2210|5 Safer 1449
20270710|0345|0533|1306|1700|2030|2210|6 Safer 1449
20270711|0346|0533|1306|1700|2029|2209|7 Safer 1449
20270712|0347|0534|1306|1700|2029|2208|8 Safer 1449
20270713|0348|0535|1307|1700|2029|2208|9 Safer 1449
20270714|0349|0535|1307|1700|2028|2207|10 Safer 1449
20270715|0350|0536|1307|1700|2028|2206|11 Safer 1449
20270716|0351|0537|1307|1700|2027|2205|12 Safer 1449
20270717|0352|0537|1307|1700|2027|2204|13 Safer 1449
20270718|0353|0538|1307|1700|2026|2203|14 Safer 1449
20270719|0355|0539|1307|1700|2025|2202|15 Safer 1449
20270720|0356|0540|1307|1700|2025|2201|16 Safer 1449
20270721|0357|0541|1307|1700|2024|2200|17 Safer 1449
20270722|0358|0541|1307|1700|2023|2159|18 Safer 1449
20270723|0359|0542|1307|1700|2023|2158|19 Safer 1449
20270724|0401|0543|1307|1700|2022|2157|20 Safer 1449
20270725|0402|0544|1307|1700|2021|2156|21 Safer 1449
20270726|0403|0545|1307|1659|2020|2154|22 Safer 1449
20270727|0405|0545|1307|1659|2019|2153|23 Safer 1449
20270728|0406|0546|1307|1659|2018|2152|24 Safer 1449
20270729|0407|0547|1307|1659|2018|2150|25 Safer 1449
20270730|0409|0548|1307|1659|2017|2149|26 Safer 1449
20270731|0410|0549|1307|1658|2016|2148|27 Safer 1449
20270801|0411|0550|1307|1658|2015|2146|28 Safer 1449
20270802|0413|0551|1307|1658|2014|2145|29 Safer 1449
20270803|0414|0552|1307|1657|2013|2144|1 Rebiulevvel 1449
20270804|0415|0552|1307|1657|2012|2142|2 Rebiulevvel 1449
20270805|0417|0553|1307|1657|2011|2141|3 Rebiulevvel 1449
20270806|0418|0554|1307|1656|2010|2139|4 Rebiulevvel 1449
20270807|0419|0555|1307|1656|2008|2138|5 Rebiulevvel 1449
20270808|0421|0556|1307|1656|2007|2136|6 Rebiulevvel 1449
20270809|0422|0557|1306|1655|2006|2134|7 Rebiulevvel 1449
20270810|0423|0558|1306|1655|2005|2133|8 Rebiulevvel 1449
20270811|0425|0559|1306|1654|2004|2131|9 Rebiulevvel 1449
20270812|0426|0600|1306|1654|2002|2130|10 Rebiulevvel 1449
20270813|0427|0600|1306|1653|2001|2128|11 Rebiulevvel 1449
20270814|0429|0601|1306|1653|2000|2126|12 Rebiulevvel 1449
20270815|0430|0602|1305|1652|1959|2125|13 Rebiulevvel 1449
20270816|0431|0603|1305|1652|1957|2123|14 Rebiulevvel 1449
20270817|0432|0604|1305|1651|1956|2121|15 Rebiulevvel 1449
20270818|0434|0605|1305|1650|1955|2120|16 Rebiulevvel 1449
20270819|0435|0606|1305|1650|1953|2118|17 Rebiulevvel 1449
20270820|0436|0607|1304|1649|1952|2116|18 Rebiulevvel 1449
20270821|0438|0608|1304|1649|1951|2115|19 Rebiulevvel 1449
20270822|0439|0609|1304|1648|1949|2113|20 Rebiulevvel 1449
20270823|0440|0609|1304|1647|1948|2111|21 Rebiulevvel 1449
20270824|0441|0610|1303|1647|1947|2110|22 Rebiulevvel 1449
20270825|0443|0611|1303|1646|1945|2108|23 Rebiulevvel 1449
20270826|0444|0612|1303|1645|1944|2106|24 Rebiulevvel 1449
20270827|0445|0613|1303|1644|1942|2104|25 Rebiulevvel 1449
20270828|0446|0614|1302|1644|1941|2103|26 Rebiulevvel 1449
20270829|0447|0615|1302|1643|1939|2101|27 Rebiulevvel 1449
20270830|0449|0616|1302|1642|1938|2059|28 Rebiulevvel 1449
20270831|0450|0617|1301|1641|1936|2057|29 Rebiulevvel 1449
20270901|0451|0617|1301|1640|1935|2055|30 Rebiulevvel 1449
20270902|0452|0618|1301|1639|1933|2054|1 Rebiulahir 1449
20270903|0453|0619|1300|1639|1932|2052|2 Rebiulahir 1449
20270904|0454|0620|1300|1638|1930|2050|3 Rebiulahir 1449
20270905|0456|0621|1300|1637|1929|2048|4 Rebiulahir 1449
20270906|0457|0622|1259|1636|1927|2047|5 Rebiulahir 1449
20270907|0458|0623|1259|1635|1925|2045|6 Rebiulahir 1449
20270908|0459|0624|1259|1634|1924|2043|7 Rebiulahir 1449
20270909|0500|0624|1258|1633|1922|2041|8 Rebiulahir 1449
20270910|0501|0625|1258|1632|1921|2039|9 Rebiulahir 1449
20270911|0502|0626|1258|1631|1919|2038|10 Rebiulahir 1449
20270912|0503|0627|1257|1630|1918|2036|11 Rebiulahir 1449
20270913|0504|0628|1257|1629|1916|2034|12 Rebiulahir 1449
20270914|0506|0629|1257|1628|1914|2032|13 Rebiulahir 1449
20270915|0507|0630|1256|1627|1913|2031|14 Rebiulahir 1449
20270916|0508|0631|1256|1626|1911|2029|15 Rebiulahir 1449
20270917|0509|0632|1256|1625|1910|2027|16 Rebiulahir 1449
20270918|0510|0632|1255|1624|1908|2025|17 Rebiulahir 1449
20270919|0511|0633|1255|1623|1906|2024|18 Rebiulahir 1449
20270920|0512|0634|1255|1622|1905|2022|19 Rebiulahir 1449
20270921|0513|0635|1254|1621|1903|2020|20 Rebiulahir 1449
20270922|0514|0636|1254|1620|1902|2019|21 Rebiulahir 1449
20270923|0515|0637|1253|1619|1900|2017|22 Rebiulahir 1449
20270924|0516|0638|1253|1618|1858|2015|23 Rebiulahir 1449
20270925|0517|0639|1253|1617|1857|2013|24 Rebiulahir 1449
20270926|0518|0640|1252|1616|1855|2012|25 Rebiulahir 1449
20270927|0519|0640|1252|1614|1854|2010|26 Rebiulahir 1449
20270928|0520|0641|1252|1613|1852|2008|27 Rebiulahir 1449
20270929|0521|0642|1251|1612|1850|2007|28 Rebiulahir 1449
20270930|0522|0643|1251|1611|1849|2005|29 Rebiulahir 1449
20271001|0523|0644|1251|1610|1847|2004|1 Cemaziyelevvel 1449
20271002|0524|0645|1250|1609|1846|2002|2 Cemaziyelevvel 1449
20271003|0525|0646|1250|1608|1844|2000|3 Cemaziyelevvel 1449
20271004|0526|0647|1250|1607|1843|1959|4 Cemaziyelevvel 1449
20271005|0527|0648|1249|1606|1841|1957|5 Cemaziyelevvel 1449
20271006|0528|0649|1249|1604|1840|1956|6 Cemaziyelevvel 1449
20271007|0529|0650|1249|1603|1838|1954|7 Cemaziyelevvel 1449
20271008|0529|0651|1249|1602|1836|1953|8 Cemaziyelevvel 1449
20271009|0530|0652|1248|1601|1835|1951|9 Cemaziyelevvel 1449
20271010|0531|0653|1248|1600|1833|1950|10 Cemaziyelevvel 1449
20271011|0532|0654|1248|1559|1832|1948|11 Cemaziyelevvel 1449
20271012|0533|0655|1247|1558|1830|1947|12 Cemaziyelevvel 1449
20271013|0534|0655|1247|1557|1829|1945|13 Cemaziyelevvel 1449
20271014|0535|0656|1247|1556|1828|1944|14 Cemaziyelevvel 1449
20271015|0536|0657|1247|1554|1826|1942|15 Cemaziyelevvel 1449
20271016|0537|0658|1247|1553|1825|1941|16 Cemaziyelevvel 1449
20271017|0538|0659|1246|1552|1823|1940|17 Cemaziyelevvel 1449
20271018|0539|0700|1246|1551|1822|1938|18 Cemaziyelevvel 1449
20271019|0540|0701|1246|1550|1820|1937|19 Cemaziyelevvel 1449
20271020|0541|0702|1246|1549|1819|1936|20 Cemaziyelevvel 1449
20271021|0542|0703|1246|1548|1818|1934|21 Cemaziyelevvel 1449
20271022|0543|0705|1245|1547|1816|1933|22 Cemaziyelevvel 1449
20271023|0544|0706|1245|1546|1815|1932|23 Cemaziyelevvel 1449
20271024|0545|0707|1245|1545|1814|1931|24 Cemaziyelevvel 1449
20271025|0546|0708|1245|1544|1812|1929|25 Cemaziyelevvel 1449
20271026|0547|0709|1245|1543|1811|1928|26 Cemaziyelevvel 1449
20271027|0547|0710|1245|1542|1810|1927|27 Cemaziyelevvel 1449
20271028|0548|0711|1245|1541|1809|1926|28 Cemaziyelevvel 1449
20271029|0549|0712|1245|1540|1807|1925|29 Cemaziyelevvel 1449
20271030|0550|0713|1245|1539|1806|1924|30 Cemaziyelevvel 1449
20271031|0551|0714|1244|1538|1805|1923|1 Cemaziyelahir 1449
20271101|0552|0715|1244|1537|1804|1922|2 Cemaziyelahir 1449
20271102|0553|0716|1244|1536|1803|1921|3 Cemaziyelahir 1449
20271103|0554|0717|1244|1535|1802|1920|4 Cemaziyelahir 1449
20271104|0555|0718|1244|1535|1801|1919|5 Cemaziyelahir 1449
20271105|0556|0719|1244|1534|1759|1918|6 Cemaziyelahir 1449
20271106|0557|0720|1244|1533|1758|1917|7 Cemaziyelahir 1449
20271107|0558|0722|1244|1532|1757|1916|8 Cemaziyelahir 1449
20271108|0559|0723|1245|1531|1756|1915|9 Cemaziyelahir 1449
20271109|0600|0724|1245|1531|1755|1914|10 Cemaziyelahir 1449
20271110|0601|0725|1245|1530|1755|1913|11 Cemaziyelahir 1449
20271111|0602|0726|1245|1529|1754|1913|12 Cemaziyelahir 1449
20271112|0603|0727|1245|1528|1753|1912|13 Cemaziyelahir 1449
20271113|0604|0728|1245|1528|1752|1911|14 Cemaziyelahir 1449
20271114|0605|0729|1245|1527|1751|1911|15 Cemaziyelahir 1449
20271115|0606|0730|1245|1526|1750|1910|16 Cemaziyelahir 1449
20271116|0606|0731|1245|1526|1749|1909|17 Cemaziyelahir 1449
20271117|0607|0733|1246|1525|1749|1909|18 Cemaziyelahir 1449
20271118|0608|0734|1246|1525|1748|1908|19 Cemaziyelahir 1449
20271119|0609|0735|1246|1524|1747|1908|20 Cemaziyelahir 1449
20271120|0610|0736|1246|1524|1747|1907|21 Cemaziyelahir 1449
20271121|0611|0737|1246|1523|1746|1907|22 Cemaziyelahir 1449
20271122|0612|0738|1247|1523|1746|1906|23 Cemaziyelahir 1449
20271123|0613|0739|1247|1522|1745|1906|24 Cemaziyelahir 1449
20271124|0614|0740|1247|1522|1745|1905|25 Cemaziyelahir 1449
20271125|0615|0741|1248|1522|1744|1905|26 Cemaziyelahir 1449
20271126|0616|0742|1248|1521|1744|1905|27 Cemaziyelahir 1449
20271127|0617|0743|1248|1521|1743|1905|28 Cemaziyelahir 1449
20271128|0617|0744|1249|1521|1743|1904|29 Cemaziyelahir 1449
20271129|0618|0745|1249|1521|1742|1904|1 Recep 1449
20271130|0619|0746|1249|1520|1742|1904|2 Recep 1449
20271201|0620|0747|1250|1520|1742|1904|3 Recep 1449
20271202|0621|0748|1250|1520|1742|1904|4 Recep 1449
20271203|0622|0749|1250|1520|1742|1904|5 Recep 1449
20271204|0623|0750|1251|1520|1741|1904|6 Recep 1449
20271205|0623|0751|1251|1520|1741|1904|7 Recep 1449
20271206|0624|0752|1252|1520|1741|1904|8 Recep 1449
20271207|0625|0753|1252|1520|1741|1904|9 Recep 1449
20271208|0626|0754|1252|1520|1741|1904|10 Recep 1449
20271209|0626|0755|1253|1520|1741|1904|11 Recep 1449
20271210|0627|0755|1253|1520|1741|1904|12 Recep 1449
20271211|0628|0756|1254|1520|1741|1904|13 Recep 1449
20271212|0629|0757|1254|1521|1741|1904|14 Recep 1449
20271213|0629|0758|1255|1521|1742|1905|15 Recep 1449
20271214|0630|0758|1255|1521|1742|1905|16 Recep 1449
20271215|0631|0759|1256|1521|1742|1905|17 Recep 1449
20271216|0631|0800|1256|1522|1742|1906|18 Recep 1449
20271217|0632|0801|1257|1522|1743|1906|19 Recep 1449
20271218|0633|0801|1257|1522|1743|1906|20 Recep 1449
20271219|0633|0802|1258|1523|1743|1907|21 Recep 1449
20271220|0634|0802|1258|1523|1744|1907|22 Recep 1449
20271221|0634|0803|1259|1524|1744|1908|23 Recep 1449
20271222|0635|0803|1259|1524|1745|1908|24 Recep 1449
20271223|0635|0804|1300|1525|1745|1909|25 Recep 1449
20271224|0636|0804|1300|1525|1746|1909|26 Recep 1449
20271225|0636|0805|1301|1526|1746|1910|27 Recep 1449
20271226|0637|0805|1301|1526|1747|1910|28 Recep 1449
20271227|0637|0806|1301|1527|1748|1911|29 Recep 1449
20271228|0637|0806|1302|1528|1748|1911|30 Recep 1449
20271229|0638|0806|1302|1528|1749|1912|1 Şaban 1449
20271230|0638|0806|1303|1529|1750|1913|2 Şaban 1449
20271231|0638|0807|1303|1530|1750|1913|3 Şaban 1449
#@9171|Çay|AFYONKARAHISAR|730
20260101|0638|0807|1304|1531|1752|1915|12 Recep 1447
20260102|0639|0807|1305|1532|1753|1915|13 Recep 1447
20260103|0639|0807|1305|1533|1754|1916|14 Recep 1447
20260104|0639|0807|1306|1533|1754|1917|15 Recep 1447
20260105|0639|0807|1306|1534|1755|1918|16 Recep 1447
20260106|0639|0807|1307|1535|1756|1919|17 Recep 1447
20260107|0639|0807|1307|1536|1757|1919|18 Recep 1447
20260108|0639|0807|1307|1537|1758|1920|19 Recep 1447
20260109|0639|0807|1308|1538|1759|1921|20 Recep 1447
20260110|0639|0807|1308|1538|1800|1922|21 Recep 1447
20260111|0639|0806|1309|1539|1801|1923|22 Recep 1447
20260112|0639|0806|1309|1540|1802|1924|23 Recep 1447
20260113|0639|0806|1309|1541|1803|1925|24 Recep 1447
20260114|0639|0806|1310|1542|1804|1925|25 Recep 1447
20260115|0639|0805|1310|1543|1805|1926|26 Recep 1447
20260116|0639|0805|1310|1544|1806|1927|27 Recep 1447
20260117|0638|0805|1311|1545|1807|1928|28 Recep 1447
20260118|0638|0804|1311|1546|1808|1929|29 Recep 1447
20260119|0638|0804|1311|1547|1809|1930|30 Recep 1447
20260120|0637|0803|1312|1548|1810|1931|1 Şaban 1447
20260121|0637|0803|1312|1549|1811|1932|2 Şaban 1447
20260122|0637|0802|1312|1550|1813|1933|3 Şaban 1447
20260123|0636|0802|1313|1551|1814|1934|4 Şaban 1447
20260124|0636|0801|1313|1552|1815|1935|5 Şaban 1447
20260125|0635|0800|1313|1553|1816|1936|6 Şaban 1447
20260126|0635|0800|1313|1554|1817|1937|7 Şaban 1447
20260127|0634|0759|1314|1555|1818|1938|8 Şaban 1447
20260128|0634|0758|1314|1556|1819|1939|9 Şaban 1447
20260129|0633|0757|1314|1557|1821|1940|10 Şaban 1447
20260130|0632|0757|1314|1557|1822|1941|11 Şaban 1447
20260131|0632|0756|1314|1558|1823|1942|12 Şaban 1447
20260201|0631|0755|1314|1559|1824|1943|13 Şaban 1447
20260202|0630|0754|1315|1600|1825|1944|14 Şaban 1447
20260203|0629|0753|1315|1601|1826|1945|15 Şaban 1447
20260204|0629|0752|1315|1602|1827|1946|16 Şaban 1447
20260205|0628|0751|1315|1603|1829|1947|17 Şaban 1447
20260206|0627|0750|1315|1604|1830|1948|18 Şaban 1447
20260207|0626|0749|1315|1605|1831|1949|19 Şaban 1447
20260208|0625|0748|1315|1606|1832|1950|20 Şaban 1447
20260209|0624|0747|1315|1607|1833|1951|21 Şaban 1447
20260210|0623|0746|1315|1608|1834|1952|22 Şaban 1447
20260211|0622|0745|1315|1609|1835|1953|23 Şaban 1447
20260212|0621|0744|1315|1609|1837|1954|24 Şaban 1447
20260213|0620|0743|1315|1610|1838|1955|25 Şaban 1447
20260214|0619|0741|1315|1611|1839|1956|26 Şaban 1447
20260215|0618|0740|1315|1612|1840|1957|27 Şaban 1447
20260216|0617|0739|1315|1613|1841|1958|28 Şaban 1447
20260217|0616|0738|1315|1614|1842|1959|29 Şaban 1447
20260218|0615|0736|1315|1615|1843|2000|30 Şaban 1447
20260219|0613|0735|1315|1615|1844|2001|1 Ramazan 1447
20260220|0612|0734|1315|1616|1845|2002|2 Ramazan 1447
20260221|0611|0733|1315|1617|1846|2003|3 Ramazan 1447
20260222|0610|0731|1314|1618|1848|2004|4 Ramazan 1447
20260223|0609|0730|1314|1618|1849|2005|5 Ramazan 1447
20260224|0607|0729|1314|1619|1850|2006|6 Ramazan 1447
20260225|0606|0727|1314|1620|1851|2007|7 Ramazan 1447
20260226|0605|0726|1314|1621|1852|2008|8 Ramazan 1447
20260227|0603|0724|1314|1621|1853|2009|9 Ramazan 1447
20260228|0602|0723|1313|1622|1854|2010|10 Ramazan 1447
20260301|0601|0722|1313|1623|1855|2011|11 Ramazan 1447
20260302|0559|0720|1313|1623|1856|2012|12 Ramazan 1447
20260303|0558|0719|1313|1624|1857|2013|13 Ramazan 1447
20260304|0556|0717|1313|1625|1858|2014|14 Ramazan 1447
20260305|0555|0716|1312|1625|1859|2015|15 Ramazan 1447
20260306|0553|0714|1312|1626|1900|2016|16 Ramazan 1447
20260307|0552|0713|1312|1627|1901|2017|17 Ramazan 1447
20260308|0550|0711|1312|1627|1902|2018|18 Ramazan 1447
20260309|0549|0710|1312|1628|1903|2019|19 Ramazan 1447
20260310|0547|0708|1311|1628|1904|2020|20 Ramazan 1447
20260311|0546|0707|1311|1629|1905|2021|21 Ramazan 1447
20260312|0544|0705|1311|1629|1906|2022|22 Ramazan 1447
20260313|0543|0704|1310|1630|1907|2023|23 Ramazan 1447
20260314|0541|0702|1310|1630|1908|2024|24 Ramazan 1447
20260315|0539|0701|1310|1631|1909|2025|25 Ramazan 1447
20260316|0538|0659|1310|1631|1910|2026|26 Ramazan 1447
20260317|0536|0658|1309|1632|1911|2027|27 Ramazan 1447
20260318|0535|0656|1309|1632|1912|2028|28 Ramazan 1447
20260319|0533|0655|1309|1633|1913|2030|29 Ramazan 1447
20260320|0531|0653|1309|1633|1914|2031|1 Şevval 1447
20260321|0530|0651|1308|1634|1915|2032|2 Şevval 1447
20260322|0528|0650|1308|1634|1916|2033|3 Şevval 1447
20260323|0526|0648|1308|1635|1917|2034|4 Şevval 1447
20260324|0524|0647|1307|1635|1918|2035|5 Şevval 1447
20260325|0523|0645|1307|1635|1919|2036|6 Şevval 1447
20260326|0521|0644|1307|1636|1920|2037|7 Şevval 1447
20260327|0519|0642|1306|1636|1921|2038|8 Şevval 1447
20260328|0518|0641|1306|1637|1922|2039|9 Şevval 1447
20260329|0516|0639|1306|1637|1923|2040|10 Şevval 1447
20260330|0514|0637|1306|1637|1924|2041|11 Şevval 1447
20260331|0512|0636|1305|1638|1925|2043|12 Şevval 1447
20260401|0511|0634|1305|1638|1926|2044|13 Şevval 1447
20260402|0509|0633|1305|1638|1926|2045|14 Şevval 1447
20260403|0507|0631|1304|1639|1927|2046|15 Şevval 1447
20260404|0505|0630|1304|1639|1928|2047|16 Şevval 1447
20260405|0504|0628|1304|1639|1929|2048|17 Şevval 1447
20260406|0502|0627|1303|1640|1930|2049|18 Şevval 1447
20260407|0500|0625|1303|1640|1931|2051|19 Şevval 1447
20260408|0458|0624|1303|1640|1932|2052|20 Şevval 1447
20260409|0457|0622|1303|1640|1933|2053|21 Şevval 1447
20260410|0455|0621|1302|1641|1934|2054|22 Şevval 1447
20260411|0453|0619|1302|1641|1935|2055|23 Şevval 1447
20260412|0451|0618|1302|1641|1936|2057|24 Şevval 1447
20260413|0450|0616|1302|1642|1937|2058|25 Şevval 1447
20260414|0448|0615|1301|1642|1938|2059|26 Şevval 1447
20260415|0446|0613|1301|1642|1939|2100|27 Şevval 1447
20260416|0444|0612|1301|1642|1940|2102|28 Şevval 1447
20260417|0443|0611|1301|1643|1941|2103|29 Şevval 1447
20260418|0441|0609|1300|1643|1942|2104|1 Zilkade 1447
20260419|0439|0608|1300|1643|1943|2105|2 Zilkade 1447
20260420|0437|0606|1300|1643|1944|2107|3 Zilkade 1447
20260421|0436|0605|1300|1643|1945|2108|4 Zilkade 1447
20260422|0434|0604|1300|1644|1945|2109|5 Zilkade 1447
20260423|0432|0602|1259|1644|1946|2110|6 Zilkade 1447
20260424|0430|0601|1259|1644|1947|2112|7 Zilkade 1447
20260425|0429|0600|1259|1644|1948|2113|8 Zilkade 1447
20260426|0427|0558|1259|1645|1949|2114|9 Zilkade 1447
20260427|0425|0557|1259|1645|1950|2116|10 Zilkade 1447
20260428|0424|0556|1258|1645|1951|2117|11 Zilkade 1447
20260429|0422|0555|1258|1645|1952|2118|12 Zilkade 1447
20260430|0420|0553|1258|1645|1953|2120|13 Zilkade 1447
20260501|0419|0552|1258|1646|1954|2121|14 Zilkade 1447
20260502|0417|0551|1258|1646|1955|2122|15 Zilkade 1447
20260503|0416|0550|1258|1646|1956|2124|16 Zilkade 1447
20260504|0414|0549|1258|1646|1957|2125|17 Zilkade 1447
20260505|0412|0547|1258|1646|1958|2126|18 Zilkade 1447
20260506|0411|0546|1258|1647|1959|2128|19 Zilkade 1447
20260507|0409|0545|1257|1647|2000|2129|20 Zilkade 1447
20260508|0408|0544|1257|1647|2001|2130|21 Zilkade 1447
20260509|0406|0543|1257|1647|2002|2132|22 Zilkade 1447
20260510|0405|0542|1257|1647|2003|2133|23 Zilkade 1447
20260511|0403|0541|1257|1648|2003|2134|24 Zilkade 1447
20260512|0402|0540|1257|1648|2004|2136|25 Zilkade 1447
20260513|0401|0539|1257|1648|2005|2137|26 Zilkade 1447
20260514|0359|0538|1257|1648|2006|2138|27 Zilkade 1447
20260515|0358|0537|1257|1649|2007|2140|28 Zilkade 1447
20260516|0357|0537|1257|1649|2008|2141|29 Zilkade 1447
20260517|0355|0536|1257|1649|2009|2142|30 Zilkade 1447
20260518|0354|0535|1257|1649|2010|2144|1 Zilhicce 1447
20260519|0353|0534|1257|1649|2011|2145|2 Zilhicce 1447
20260520|0351|0533|1257|1650|2012|2146|3 Zilhicce 1447
20260521|0350|0533|1257|1650|2012|2147|4 Zilhicce 1447
20260522|0349|0532|1258|1650|2013|2149|5 Zilhicce 1447
20260523|0348|0531|1258|1650|2014|2150|6 Zilhicce 1447
20260524|0347|0531|1258|1651|2015|2151|7 Zilhicce 1447
20260525|0346|0530|1258|1651|2016|2152|8 Zilhicce 1447
20260526|0345|0529|1258|1651|2016|2153|9 Zilhicce 1447
20260527|0344|0529|1258|1651|2017|2155|10 Zilhicce 1447
20260528|0343|0528|1258|1652|2018|2156|11 Zilhicce 1447
20260529|0342|0528|1258|1652|2019|2157|12 Zilhicce 1447
20260530|0341|0527|1258|1652|2019|2158|13 Zilhicce 1447
20260531|0340|0527|1259|1652|2020|2159|14 Zilhicce 1447
20260601|0340|0526|1259|1652|2021|2200|15 Zilhicce 1447
20260602|0339|0526|1259|1653|2022|2201|16 Zilhicce 1447
20260603|0338|0526|1259|1653|2022|2202|17 Zilhicce 1447
20260604|0338|0525|1259|1653|2023|2203|18 Zilhicce 1447
20260605|0337|0525|1259|1653|2024|2204|19 Zilhicce 1447
20260606|0336|0525|1300|1654|2024|2205|20 Zilhicce 1447
20260607|0336|0525|1300|1654|2025|2206|21 Zilhicce 1447
20260608|0335|0524|1300|1654|2025|2206|22 Zilhicce 1447
20260609|0335|0524|1300|1654|2026|2207|23 Zilhicce 1447
20260610|0335|0524|1300|1655|2026|2208|24 Zilhicce 1447
20260611|0334|0524|1300|1655|2027|2209|25 Zilhicce 1447
20260612|0334|0524|1301|1655|2027|2209|26 Zilhicce 1447
20260613|0334|0524|1301|1655|2028|2210|27 Zilhicce 1447
20260614|0334|0524|1301|1656|2028|2210|28 Zilhicce 1447
20260615|0333|0524|1301|1656|2029|2211|29 Zilhicce 1447
20260616|0333|0524|1302|1656|2029|2212|1 Muharrem 1448
20260617|0333|0524|1302|1656|2029|2212|2 Muharrem 1448
20260618|0333|0524|1302|1657|2030|2212|3 Muharrem 1448
20260619|0333|0524|1302|1657|2030|2213|4 Muharrem 1448
20260620|0334|0525|1302|1657|2030|2213|5 Muharrem 1448
20260621|0334|0525|1303|1657|2031|2213|6 Muharrem 1448
20260622|0334|0525|1303|1658|2031|2213|7 Muharrem 1448
20260623|0334|0525|1303|1658|2031|2214|8 Muharrem 1448
20260624|0335|0525|1303|1658|2031|2214|9 Muharrem 1448
20260625|0335|0526|1303|1658|2031|2214|10 Muharrem 1448
20260626|0335|0526|1304|1658|2031|2214|11 Muharrem 1448
20260627|0336|0526|1304|1659|2031|2214|12 Muharrem 1448
20260628|0336|0527|1304|1659|2031|2214|13 Muharrem 1448
20260629|0337|0527|1304|1659|2031|2214|14 Muharrem 1448
20260630|0337|0528|1305|1659|2031|2213|15 Muharrem 1448
20260701|0338|0528|1305|1659|2031|2213|16 Muharrem 1448
20260702|0339|0529|1305|1659|2031|2213|17 Muharrem 1448
20260703|0340|0529|1305|1659|2031|2213|18 Muharrem 1448
20260704|0340|0530|1305|1700|2031|2212|19 Muharrem 1448
20260705|0341|0530|1305|1700|2031|2212|20 Muharrem 1448
20260706|0342|0531|1306|1700|2031|2211|21 Muharrem 1448
20260707|0343|0531|1306|1700|2030|2211|22 Muharrem 1448
20260708|0344|0532|1306|1700|2030|2210|23 Muharrem 1448
20260709|0345|0533|1306|1700|2030|2210|24 Muharrem 1448
20260710|0346|0533|1306|1700|2029|2209|25 Muharrem 1448
20260711|0347|0534|1306|1700|2029|2208|26 Muharrem 1448
20260712|0348|0534|1307|1700|2029|2208|27 Muharrem 1448
20260713|0349|0535|1307|1700|2028|2207|28 Muharrem 1448
20260714|0350|0536|1307|1700|2028|2206|29 Muharrem 1448
20260715|0351|0537|1307|1700|2027|2205|1 Safer 1448
20260716|0352|0537|1307|1700|2027|2204|2 Safer 1448
20260717|0353|0538|1307|1700|2026|2203|3 Safer 1448
20260718|0354|0539|1307|1700|2026|2202|4 Safer 1448
20260719|0356|0540|1307|1700|2025|2201|5 Safer 1448
20260720|0357|0540|1307|1700|2024|2200|6 Safer 1448
20260721|0358|0541|1307|1700|2024|2159|7 Safer 1448
20260722|0359|0542|1307|1700|2023|2158|8 Safer 1448
20260723|0400|0543|1307|1700|2022|2157|9 Safer 1448
20260724|0402|0544|1307|1700|2021|2156|10 Safer 1448
20260725|0403|0544|1307|1700|2021|2155|11 Safer 1448
20260726|0404|0545|1307|1659|2020|2154|12 Safer 1448
20260727|0406|0546|1307|1659|2019|2152|13 Safer 1448
20260728|0407|0547|1307|1659|2018|2151|14 Safer 1448
20260729|0408|0548|1307|1659|2017|2150|15 Safer 1448
20260730|0410|0549|1307|1658|2016|2148|16 Safer 1448
20260731|0411|0549|1307|1658|2015|2147|17 Safer 1448
20260801|0412|0550|1307|1658|2014|2146|18 Safer 1448
20260802|0414|0551|1307|1658|2013|2144|19 Safer 1448
20260803|0415|0552|1307|1657|2012|2143|20 Safer 1448
20260804|0416|0553|1307|1657|2011|2141|21 Safer 1448
20260805|0418|0554|1307|1657|2010|2140|22 Safer 1448
20260806|0419|0555|1307|1656|2009|2138|23 Safer 1448
20260807|0420|0556|1307|1656|2008|2137|24 Safer 1448
20260808|0421|0557|1307|1655|2007|2135|25 Safer 1448
20260809|0423|0557|1307|1655|2006|2134|26 Safer 1448
20260810|0424|0558|1306|1655|2004|2132|27 Safer 1448
20260811|0425|0559|1306|1654|2003|2131|28 Safer 1448
20260812|0427|0600|1306|1654|2002|2129|29 Safer 1448
20260813|0428|0601|1306|1653|2001|2127|30 Safer 1448
20260814|0429|0602|1306|1653|2000|2126|1 Rebiulevvel 1448
20260815|0431|0603|1306|1652|1958|2124|2 Rebiulevvel 1448
20260816|0432|0604|1305|1651|1957|2122|3 Rebiulevvel 1448
20260817|0433|0605|1305|1651|1956|2121|4 Rebiulevvel 1448
20260818|0435|0605|1305|1650|1954|2119|5 Rebiulevvel 1448
20260819|0436|0606|1305|1650|1953|2117|6 Rebiulevvel 1448
20260820|0437|0607|1304|1649|1952|2116|7 Rebiulevvel 1448
20260821|0438|0608|1304|1648|1950|2114|8 Rebiulevvel 1448
20260822|0440|0609|1304|1648|1949|2112|9 Rebiulevvel 1448
20260823|0441|0610|1304|1647|1947|2111|10 Rebiulevvel 1448
20260824|0442|0611|1303|1646|1946|2109|11 Rebiulevvel 1448
20260825|0443|0612|1303|1646|1945|2107|12 Rebiulevvel 1448
20260826|0445|0613|1303|1645|1943|2105|13 Rebiulevvel 1448
20260827|0446|0613|1303|1644|1942|2104|14 Rebiulevvel 1448
20260828|0447|0614|1302|1643|1940|2102|15 Rebiulevvel 1448
20260829|0448|0615|1302|1643|1939|2100|16 Rebiulevvel 1448
20260830|0449|0616|1302|1642|1937|2058|17 Rebiulevvel 1448
20260831|0450|0617|1301|1641|1936|2057|18 Rebiulevvel 1448
20260901|0452|0618|1301|1640|1934|2055|19 Rebiulevvel 1448
20260902|0453|0619|1301|1639|1933|2053|20 Rebiulevvel 1448
20260903|0454|0620|1300|1638|1931|2051|21 Rebiulevvel 1448
20260904|0455|0620|1300|1638|1930|2049|22 Rebiulevvel 1448
20260905|0456|0621|1300|1637|1928|2048|23 Rebiulevvel 1448
20260906|0457|0622|1259|1636|1927|2046|24 Rebiulevvel 1448
20260907|0458|0623|1259|1635|1925|2044|25 Rebiulevvel 1448
20260908|0500|0624|1259|1634|1924|2042|26 Rebiulevvel 1448
20260909|0501|0625|1258|1633|1922|2041|27 Rebiulevvel 1448
20260910|0502|0626|1258|1632|1920|2039|28 Rebiulevvel 1448
20260911|0503|0627|1258|1631|1919|2037|29 Rebiulevvel 1448
20260912|0504|0627|1257|1630|1917|2035|1 Rebiulahir 1448
20260913|0505|0628|1257|1629|1916|2034|2 Rebiulahir 1448
20260914|0506|0629|1257|1628|1914|2032|3 Rebiulahir 1448
20260915|0507|0630|1256|1627|1912|2030|4 Rebiulahir 1448
20260916|0508|0631|1256|1626|1911|2028|5 Rebiulahir 1448
20260917|0509|0632|1256|1625|1909|2027|6 Rebiulahir 1448
20260918|0510|0633|1255|1624|1908|2025|7 Rebiulahir 1448
20260919|0511|0634|1255|1623|1906|2023|8 Rebiulahir 1448
20260920|0512|0635|1255|1622|1905|2021|9 Rebiulahir 1448
20260921|0513|0635|1254|1621|1903|2020|10 Rebiulahir 1448
20260922|0514|0636|1254|1620|1901|2018|11 Rebiulahir 1448
20260923|0515|0637|1253|1619|1900|2016|12 Rebiulahir 1448
20260924|0516|0638|1253|1618|1858|2015|13 Rebiulahir 1448
20260925|0517|0639|1253|1617|1857|2013|14 Rebiulahir 1448
20260926|0518|0640|1252|1615|1855|2011|15 Rebiulahir 1448
20260927|0519|0641|1252|1614|1853|2010|16 Rebiulahir 1448
20260928|0520|0642|1252|1613|1852|2008|17 Rebiulahir 1448
20260929|0521|0643|1251|1612|1850|2006|18 Rebiulahir 1448
20260930|0522|0643|1251|1611|1849|2005|19 Rebiulahir 1448
20261001|0523|0644|1251|1610|1847|2003|20 Rebiulahir 1448
20261002|0524|0645|1250|1609|1846|2002|21 Rebiulahir 1448
20261003|0525|0646|1250|1608|1844|2000|22 Rebiulahir 1448
20261004|0526|0647|1250|1607|1842|1958|23 Rebiulahir 1448
20261005|0527|0648|1249|1605|1841|1957|24 Rebiulahir 1448
20261006|0528|0649|1249|1604|1839|1955|25 Rebiulahir 1448
20261007|0529|0650|1249|1603|1838|1954|26 Rebiulahir 1448
20261008|0530|0651|1249|1602|1836|1952|27 Rebiulahir 1448
20261009|0531|0652|1248|1601|1835|1951|28 Rebiulahir 1448
20261010|0532|0653|1248|1600|1833|1949|29 Rebiulahir 1448
20261011|0533|0654|1248|1559|1832|1948|30 Rebiulahir 1448
20261012|0534|0655|1248|1558|1830|1946|1 Cemaziyelevvel 1448
20261013|0535|0656|1247|1557|1829|1945|2 Cemaziyelevvel 1448
20261014|0536|0657|1247|1555|1827|1943|3 Cemaziyelevvel 1448
20261015|0536|0658|1247|1554|1826|1942|4 Cemaziyelevvel 1448
20261016|0537|0659|1247|1553|1825|1941|5 Cemaziyelevvel 1448
20261017|0538|0700|1246|1552|1823|1939|6 Cemaziyelevvel 1448
20261018|0539|0701|1246|1551|1822|1938|7 Cemaziyelevvel 1448
20261019|0540|0702|1246|1550|1820|1937|8 Cemaziyelevvel 1448
20261020|0541|0703|1246|1549|1819|1935|9 Cemaziyelevvel 1448
20261021|0542|0704|1246|1548|1818|1934|10 Cemaziyelevvel 1448
20261022|0543|0705|1245|1547|1816|1933|11 Cemaziyelevvel 1448
20261023|0544|0706|1245|1546|1815|1932|12 Cemaziyelevvel 1448
20261024|0545|0707|1245|1545|1814|1930|13 Cemaziyelevvel 1448
20261025|0546|0708|1245|1544|1812|1929|14 Cemaziyelevvel 1448
20261026|0547|0709|1245|1543|1811|1928|15 Cemaziyelevvel 1448
20261027|0548|0710|1245|1542|1810|1927|16 Cemaziyelevvel 1448
20261028|0549|0711|1245|1541|1809|1926|17 Cemaziyelevvel 1448
20261029|0550|0712|1245|1540|1807|1925|18 Cemaziyelevvel 1448
20261030|0551|0713|1245|1539|1806|1923|19 Cemaziyelevvel 1448
20261031|0552|0714|1245|1538|1805|1922|20 Cemaziyelevvel 1448
20261101|0552|0715|1244|1537|1804|1921|21 Cemaziyelevvel 1448
20261102|0553|0716|1244|1536|1803|1920|22 Cemaziyelevvel 1448
20261103|0554|0717|1244|1536|1802|1919|23 Cemaziyelevvel 1448
20261104|0555|0718|1244|1535|1801|1918|24 Cemaziyelevvel 1448
20261105|0556|0720|1244|1534|1759|1918|25 Cemaziyelevvel 1448
20261106|0557|0721|1245|1533|1758|1917|26 Cemaziyelevvel 1448
20261107|0558|0722|1245|1532|1757|1916|27 Cemaziyelevvel 1448
20261108|0559|0723|1245|1531|1756|1915|28 Cemaziyelevvel 1448
20261109|0600|0724|1245|1531|1756|1914|29 Cemaziyelevvel 1448
20261110|0601|0725|1245|1530|1755|1913|1 Cemaziyelahir 1448
20261111|0602|0726|1245|1529|1754|1913|2 Cemaziyelahir 1448
20261112|0603|0727|1245|1529|1753|1912|3 Cemaziyelahir 1448
20261113|0604|0728|1245|1528|1752|1911|4 Cemaziyelahir 1448
20261114|0605|0729|1245|1527|1751|1911|5 Cemaziyelahir 1448
20261115|0606|0730|1245|1527|1750|1910|6 Cemaziyelahir 1448
20261116|0607|0732|1246|1526|1750|1909|7 Cemaziyelahir 1448
20261117|0608|0733|1246|1526|1749|1909|8 Cemaziyelahir 1448
20261118|0609|0734|1246|1525|1748|1908|9 Cemaziyelahir 1448
20261119|0609|0735|1246|1524|1748|1908|10 Cemaziyelahir 1448
20261120|0610|0736|1246|1524|1747|1907|11 Cemaziyelahir 1448
20261121|0611|0737|1247|1524|1746|1907|12 Cemaziyelahir 1448
20261122|0612|0738|1247|1523|1746|1906|13 Cemaziyelahir 1448
20261123|0613|0739|1247|1523|1745|1906|14 Cemaziyelahir 1448
20261124|0614|0740|1247|1522|1745|1906|15 Cemaziyelahir 1448
20261125|0615|0741|1248|1522|1744|1905|16 Cemaziyelahir 1448
20261126|0616|0742|1248|1522|1744|1905|17 Cemaziyelahir 1448
20261127|0617|0743|1248|1521|1743|1905|18 Cemaziyelahir 1448
20261128|0618|0744|1249|1521|1743|1905|19 Cemaziyelahir 1448
20261129|0618|0745|1249|1521|1743|1904|20 Cemaziyelahir 1448
20261130|0619|0746|1249|1521|1743|1904|21 Cemaziyelahir 1448
20261201|0620|0747|1250|1521|1742|1904|22 Cemaziyelahir 1448
20261202|0621|0748|1250|1521|1742|1904|23 Cemaziyelahir 1448
20261203|0622|0749|1250|1520|1742|1904|24 Cemaziyelahir 1448
20261204|0623|0750|1251|1520|1742|1904|25 Cemaziyelahir 1448
20261205|0623|0751|1251|1520|1742|1904|26 Cemaziyelahir 1448
20261206|0624|0752|1252|1520|1742|1904|27 Cemaziyelahir 1448
20261207|0625|0753|1252|1520|1742|1904|28 Cemaziyelahir 1448
20261208|0626|0754|1253|1520|1742|1904|29 Cemaziyelahir 1448
20261209|0627|0755|1253|1521|1742|1904|30 Cemaziyelahir 1448
20261210|0627|0755|1253|1521|1742|1904|1 Recep 1448
20261211|0628|0756|1254|1521|1742|1905|2 Recep 1448
20261212|0629|0757|1254|1521|1742|1905|3 Recep 1448
20261213|0629|0758|1255|1521|1742|1905|4 Recep 1448
20261214|0630|0758|1255|1522|1742|1905|5 Recep 1448
20261215|0631|0759|1256|1522|1743|1906|6 Recep 1448
20261216|0631|0800|1256|1522|1743|1906|7 Recep 1448
20261217|0632|0800|1257|1522|1743|1906|8 Recep 1448
20261218|0633|0801|1257|1523|1743|1907|9 Recep 1448
20261219|0633|0802|1258|1523|1744|1907|10 Recep 1448
20261220|0634|0802|1258|1524|1744|1907|11 Recep 1448
20261221|0634|0803|1259|1524|1745|1908|12 Recep 1448
20261222|0635|0803|1259|1525|1745|1908|13 Recep 1448
20261223|0635|0804|1300|1525|1746|1909|14 Recep 1448
20261224|0636|0804|1300|1526|1746|1909|15 Recep 1448
20261225|0636|0805|1301|1526|1747|1910|16 Recep 1448
20261226|0637|0805|1301|1527|1747|1911|17 Recep 1448
20261227|0637|0805|1302|1527|1748|1911|18 Recep 1448
20261228|0637|0806|1302|1528|1749|1912|19 Recep 1448
20261229|0638|0806|1303|1529|1749|1912|20 Recep 1448
20261230|0638|0806|1303|1529|1750|1913|21 Recep 1448
20261231|0638|0806|1304|1530|1751|1914|22 Recep 1448
20270101|0638|0807|1304|1531|1752|1915|23 Recep 1448
20270102|0639|0807|1305|1532|1753|1915|24 Recep 1448
20270103|0639|0807|1305|1532|1753|1916|25 Recep 1448
20270104|0639|0807|1306|1533|1754|1917|26 Recep 1448
20270105|0639|0807|1306|1534|1755|1918|27 Recep 1448
20270106|0639|0807|1306|1535|1756|1918|28 Recep 1448
20270107|0639|0807|1307|1536|1757|1919|29 Recep 1448
20270108|0639|0807|1307|1536|1758|1920|30 Recep 1448
20270109|0639|0807|1308|1537|1759|1921|1 Şaban 1448
20270110|0639|0807|1308|1538|1800|1922|2 Şaban 1448
20270111|0639|0806|1309|1539|1801|1923|3 Şaban 1448
20270112|0639|0806|1309|1540|1802|1923|4 Şaban 1448
20270113|0639|0806|1309|1541|1803|1924|5 Şaban 1448
20270114|0639|0806|1310|1542|1804|1925|6 Şaban 1448
20270115|0639|0805|1310|1543|1805|1926|7 Şaban 1448
20270116|0639|0805|1310|1544|1806|1927|8 Şaban 1448
20270117|0638|0805|1311|1545|1807|1928|9 Şaban 1448
20270118|0638|0804|1311|1546|1808|1929|10 Şaban 1448
20270119|0638|0804|1311|1547|1809|1930|11 Şaban 1448
20270120|0637|0803|1312|1548|1810|1931|12 Şaban 1448
20270121|0637|0803|1312|1549|1811|1932|13 Şaban 1448
20270122|0637|0802|1312|1549|1812|1933|14 Şaban 1448
20270123|0636|0802|1313|1550|1813|1934|15 Şaban 1448
20270124|0636|0801|1313|1551|1815|1935|16 Şaban 1448
20270125|0635|0800|1313|1552|1816|1936|17 Şaban 1448
20270126|0635|0800|1313|1553|1817|1937|18 Şaban 1448
20270127|0634|0759|1313|1554|1818|1938|19 Şaban 1448
20270128|0634|0758|1314|1555|1819|1939|20 Şaban 1448
20270129|0633|0758|1314|1556|1820|1940|21 Şaban 1448
20270130|0632|0757|1314|1557|1821|1941|22 Şaban 1448
20270131|0632|0756|1314|1558|1823|1942|23 Şaban 1448
20270201|0631|0755|1314|1559|1824|1943|24 Şaban 1448
20270202|0630|0754|1314|1600|1825|1944|25 Şaban 1448
20270203|0630|0753|1315|1601|1826|1945|26 Şaban 1448
20270204|0629|0752|1315|1602|1827|1946|27 Şaban 1448
20270205|0628|0751|1315|1603|1828|1947|28 Şaban 1448
20270206|0627|0750|1315|1604|1829|1948|29 Şaban 1448
20270207|0626|0749|1315|1605|1831|1949|30 Şaban 1448
20270208|0625|0748|1315|1606|1832|1950|1 Ramazan 1448
20270209|0624|0747|1315|1607|1833|1951|2 Ramazan 1448
20270210|0623|0746|1315|1608|1834|1952|3 Ramazan 1448
20270211|0622|0745|1315|1608|1835|1953|4 Ramazan 1448
20270212|0621|0744|1315|1609|1836|1954|5 Ramazan 1448
20270213|0620|0743|1315|1610|1837|1955|6 Ramazan 1448
20270214|0619|0742|1315|1611|1838|1956|7 Ramazan 1448
20270215|0618|0740|1315|1612|1840|1957|8 Ramazan 1448
20270216|0617|0739|1315|1613|1841|1958|9 Ramazan 1448
20270217|0616|0738|1315|1614|1842|1959|10 Ramazan 1448
20270218|0615|0737|1315|1614|1843|2000|11 Ramazan 1448
20270219|0614|0736|1315|1615|1844|2001|12 Ramazan 1448
20270220|0613|0734|1315|1616|1845|2002|13 Ramazan 1448
20270221|0611|0733|1315|1617|1846|2003|14 Ramazan 1448
20270222|0610|0732|1314|1617|1847|2004|15 Ramazan 1448
20270223|0609|0730|1314|1618|1848|2005|16 Ramazan 1448
20270224|0608|0729|1314|1619|1849|2006|17 Ramazan 1448
20270225|0606|0728|1314|1620|1851|2007|18 Ramazan 1448
20270226|0605|0726|1314|1620|1852|2008|19 Ramazan 1448
20270227|0604|0725|1314|1621|1853|2009|20 Ramazan 1448
20270228|0602|0723|1314|1622|1854|2010|21 Ramazan 1448
20270301|0601|0722|1313|1623|1855|2011|22 Ramazan 1448
20270302|0559|0721|1313|1623|1856|2012|23 Ramazan 1448
20270303|0558|0719|1313|1624|1857|2013|24 Ramazan 1448
20270304|0557|0718|1313|1624|1858|2014|25 Ramazan 1448
20270305|0555|0716|1313|1625|1859|2015|26 Ramazan 1448
20270306|0554|0715|1312|1626|1900|2016|27 Ramazan 1448
20270307|0552|0713|1312|1626|1901|2017|28 Ramazan 1448
20270308|0551|0712|1312|1627|1902|2018|29 Ramazan 1448
20270309|0549|0710|1312|1628|1903|2019|1 Şevval 1448
20270310|0548|0709|1311|1628|1904|2020|2 Şevval 1448
20270311|0546|0707|1311|1629|1905|2021|3 Şevval 1448
20270312|0545|0706|1311|1629|1906|2022|4 Şevval 1448
20270313|0543|0704|1311|1630|1907|2023|5 Şevval 1448
20270314|0541|0703|1310|1630|1908|2024|6 Şevval 1448
20270315|0540|0701|1310|1631|1909|2025|7 Şevval 1448
20270316|0538|0700|1310|1631|1910|2026|8 Şevval 1448
20270317|0537|0658|1309|1632|1911|2027|9 Şevval 1448
20270318|0535|0657|1309|1632|1912|2028|10 Şevval 1448
20270319|0533|0655|1309|1633|1913|2029|11 Şevval 1448
20270320|0532|0653|1309|1633|1914|2030|12 Şevval 1448
20270321|0530|0652|1308|1634|1915|2031|13 Şevval 1448
20270322|0528|0650|1308|1634|1916|2032|14 Şevval 1448
20270323|0527|0649|1308|1634|1917|2034|15 Şevval 1448
20270324|0525|0647|1307|1635|1918|2035|16 Şevval 1448
20270325|0523|0646|1307|1635|1919|2036|17 Şevval 1448
20270326|0521|0644|1307|1636|1920|2037|18 Şevval 1448
20270327|0520|0642|1306|1636|1921|2038|19 Şevval 1448
20270328|0518|0641|1306|1636|1921|2039|20 Şevval 1448
20270329|0516|0639|1306|1637|1922|2040|21 Şevval 1448
20270330|0515|0638|1306|1637|1923|2041|22 Şevval 1448
20270331|0513|0636|1305|1638|1924|2042|23 Şevval 1448
20270401|0511|0635|1305|1638|1925|2043|24 Şevval 1448
20270402|0509|0633|1305|1638|1926|2045|25 Şevval 1448
20270403|0508|0632|1304|1639|1927|2046|26 Şevval 1448
20270404|0506|0630|1304|1639|1928|2047|27 Şevval 1448
20270405|0504|0629|1304|1639|1929|2048|28 Şevval 1448
20270406|0502|0627|1304|1639|1930|2049|29 Şevval 1448
20270407|0501|0626|1303|1640|1931|2050|30 Şevval 1448
20270408|0459|0624|1303|1640|1932|2052|1 Zilkade 1448
20270409|0457|0623|1303|1640|1933|2053|2 Zilkade 1448
20270410|0455|0621|1302|1641|1934|2054|3 Zilkade 1448
20270411|0454|0620|1302|1641|1935|2055|4 Zilkade 1448
20270412|0452|0618|1302|1641|1936|2056|5 Zilkade 1448
20270413|0450|0617|1302|1641|1937|2058|6 Zilkade 1448
20270414|0448|0615|1301|1642|1938|2059|7 Zilkade 1448
20270415|0446|0614|1301|1642|1939|2100|8 Zilkade 1448
20270416|0445|0612|1301|1642|1940|2101|9 Zilkade 1448
20270417|0443|0611|1301|1642|1940|2102|10 Zilkade 1448
20270418|0441|0609|1300|1643|1941|2104|11 Zilkade 1448
20270419|0439|0608|1300|1643|1942|2105|12 Zilkade 1448
20270420|0438|0607|1300|1643|1943|2106|13 Zilkade 1448
20270421|0436|0605|1300|1643|1944|2108|14 Zilkade 1448
20270422|0434|0604|1300|1644|1945|2109|15 Zilkade 1448
20270423|0433|0603|1259|1644|1946|2110|16 Zilkade 1448
20270424|0431|0601|1259|1644|1947|2111|17 Zilkade 1448
20270425|0429|0600|1259|1644|1948|2113|18 Zilkade 1448
20270426|0427|0559|1259|1644|1949|2114|19 Zilkade 1448
20270427|0426|0557|1259|1645|1950|2115|20 Zilkade 1448
20270428|0424|0556|1259|1645|1951|2117|21 Zilkade 1448
20270429|0422|0555|1258|1645|1952|2118|22 Zilkade 1448
20270430|0421|0554|1258|1645|1953|2119|23 Zilkade 1448
20270501|0419|0552|1258|1646|1954|2121|24 Zilkade 1448
20270502|0418|0551|1258|1646|1955|2122|25 Zilkade 1448
20270503|0416|0550|1258|1646|1956|2123|26 Zilkade 1448
20270504|0414|0549|1258|1646|1957|2125|27 Zilkade 1448
20270505|0413|0548|1258|1646|1958|2126|28 Zilkade 1448
20270506|0411|0547|1258|1647|1959|2127|29 Zilkade 1448
20270507|0410|0546|1258|1647|2000|2129|1 Zilhicce 1448
20270508|0408|0544|1257|1647|2000|2130|2 Zilhicce 1448
20270509|0407|0543|1257|1647|2001|2131|3 Zilhicce 1448
20270510|0405|0542|1257|1647|2002|2133|4 Zilhicce 1448
20270511|0404|0541|1257|1648|2003|2134|5 Zilhicce 1448
20270512|0402|0540|1257|1648|2004|2135|6 Zilhicce 1448
20270513|0401|0540|1257|1648|2005|2137|7 Zilhicce 1448
20270514|0400|0539|1257|1648|2006|2138|8 Zilhicce 1448
20270515|0358|0538|1257|1649|2007|2139|9 Zilhicce 1448
20270516|0357|0537|1257|1649|2008|2141|10 Zilhicce 1448
20270517|0356|0536|1257|1649|2009|2142|11 Zilhicce 1448
20270518|0354|0535|1257|1649|2010|2143|12 Zilhicce 1448
20270519|0353|0534|1257|1649|2010|2145|13 Zilhicce 1448
20270520|0352|0534|1257|1650|2011|2146|14 Zilhicce 1448
20270521|0351|0533|1257|1650|2012|2147|15 Zilhicce 1448
20270522|0349|0532|1258|1650|2013|2148|16 Zilhicce 1448
20270523|0348|0531|1258|1650|2014|2150|17 Zilhicce 1448
20270524|0347|0531|1258|1651|2015|2151|18 Zilhicce 1448
20270525|0346|0530|1258|1651|2015|2152|19 Zilhicce 1448
20270526|0345|0530|1258|1651|2016|2153|20 Zilhicce 1448
20270527|0344|0529|1258|1651|2017|2154|21 Zilhicce 1448
20270528|0343|0528|1258|1651|2018|2155|22 Zilhicce 1448
20270529|0342|0528|1258|1652|2019|2157|23 Zilhicce 1448
20270530|0341|0527|1258|1652|2019|2158|24 Zilhicce 1448
20270531|0341|0527|1259|1652|2020|2159|25 Zilhicce 1448
20270601|0340|0527|1259|1652|2021|2200|26 Zilhicce 1448
20270602|0339|0526|1259|1653|2021|2201|27 Zilhicce 1448
20270603|0338|0526|1259|1653|2022|2202|28 Zilhicce 1448
20270604|0338|0526|1259|1653|2023|2203|29 Zilhicce 1448
20270605|0337|0525|1259|1653|2023|2204|30 Zilhicce 1448
20270606|0336|0525|1259|1654|2024|2205|1 Muharrem 1449
20270607|0336|0525|1300|1654|2025|2205|2 Muharrem 1449
20270608|0335|0525|1300|1654|2025|2206|3 Muharrem 1449
20270609|0335|0524|1300|1654|2026|2207|4 Muharrem 1449
20270610|0335|0524|1300|1655|2026|2208|5 Muharrem 1449
20270611|0334|0524|1300|1655|2027|2208|6 Muharrem 1449
20270612|0334|0524|1301|1655|2027|2209|7 Muharrem 1449
20270613|0334|0524|1301|1655|2028|2210|8 Muharrem 1449
20270614|0334|0524|1301|1656|2028|2210|9 Muharrem 1449
20270615|0333|0524|1301|1656|2029|2211|10 Muharrem 1449
20270616|0333|0524|1301|1656|2029|2211|11 Muharrem 1449
20270617|0333|0524|1302|1656|2029|2212|12 Muharrem 1449
20270618|0333|0524|1302|1657|2030|2212|13 Muharrem 1449
20270619|0333|0524|1302|1657|2030|2213|14 Muharrem 1449
20270620|0334|0524|1302|1657|2030|2213|15 Muharrem 1449
20270621|0334|0525|1303|1657|2031|2213|16 Muharrem 1449
20270622|0334|0525|1303|1657|2031|2213|17 Muharrem 1449
20270623|0334|0525|1303|1658|2031|2214|18 Muharrem 1449
20270624|0335|0525|1303|1658|2031|2214|19 Muharrem 1449
20270625|0335|0526|1303|1658|2031|2214|20 Muharrem 1449
20270626|0335|0526|1304|1658|2031|2214|21 Muharrem 1449
20270627|0336|0526|1304|1658|2031|2214|22 Muharrem 1449
20270628|0336|0527|1304|1659|2031|2214|23 Muharrem 1449
20270629|0337|0527|1304|1659|2031|2214|24 Muharrem 1449
20270630|0337|0528|1304|1659|2031|2213|25 Muharrem 1449
20270701|0338|0528|1305|1659|2031|2213|26 Muharrem 1449
20270702|0339|0528|1305|1659|2031|2213|27 Muharrem 1449
20270703|0339|0529|1305|1659|2031|2213|28 Muharrem 1449
20270704|0340|0529|1305|1700|2031|2212|29 Muharrem 1449
20270705|0341|0530|1305|1700|2031|2212|1 Safer 1449
20270706|0342|0531|1306|1700|2031|2211|2 Safer 1449
20270707|0343|0531|1306|1700|2030|2211|3 Safer 1449
20270708|0344|0532|1306|1700|2030|2210|4 Safer 1449
20270709|0344|0532|1306|1700|2030|2210|5 Safer 1449
20270710|0345|0533|1306|1700|2029|2209|6 Safer 1449
20270711|0346|0534|1306|1700|2029|2209|7 Safer 1449
20270712|0347|0534|1306|1700|2029|2208|8 Safer 1449
20270713|0348|0535|1307|1700|2028|2207|9 Safer 1449
20270714|0350|0536|1307|1700|2028|2206|10 Safer 1449
20270715|0351|0536|1307|1700|2027|2205|11 Safer 1449
20270716|0352|0537|1307|1700|2027|2205|12 Safer 1449
20270717|0353|0538|1307|1700|2026|2204|13 Safer 1449
20270718|0354|0539|1307|1700|2026|2203|14 Safer 1449
20270719|0355|0539|1307|1700|2025|2202|15 Safer 1449
20270720|0356|0540|1307|1700|2024|2201|16 Safer 1449
20270721|0358|0541|1307|1700|2024|2200|17 Safer 1449
20270722|0359|0542|1307|1700|2023|2159|18 Safer 1449
20270723|0400|0543|1307|1700|2022|2157|19 Safer 1449
20270724|0401|0543|1307|1700|2022|2156|20 Safer 1449
20270725|0403|0544|1307|1700|2021|2155|21 Safer 1449
20270726|0404|0545|1307|1659|2020|2154|22 Safer 1449
20270727|0405|0546|1307|1659|2019|2153|23 Safer 1449
20270728|0407|0547|1307|1659|2018|2151|24 Safer 1449
20270729|0408|0548|1307|1659|2017|2150|25 Safer 1449
20270730|0409|0548|1307|1659|2016|2149|26 Safer 1449
20270731|0411|0549|1307|1658|2016|2147|27 Safer 1449
20270801|0412|0550|1307|1658|2015|2146|28 Safer 1449
20270802|0413|0551|1307|1658|2014|2145|29 Safer 1449
20270803|0415|0552|1307|1657|2013|2143|1 Rebiulevvel 1449
20270804|0416|0553|1307|1657|2011|2142|2 Rebiulevvel 1449
20270805|0417|0554|1307|1657|2010|2140|3 Rebiulevvel 1449
20270806|0419|0555|1307|1656|2009|2139|4 Rebiulevvel 1449
20270807|0420|0555|1307|1656|2008|2137|5 Rebiulevvel 1449
20270808|0421|0556|1307|1656|2007|2136|6 Rebiulevvel 1449
20270809|0423|0557|1307|1655|2006|2134|7 Rebiulevvel 1449
20270810|0424|0558|1306|1655|2005|2133|8 Rebiulevvel 1449
20270811|0425|0559|1306|1654|2004|2131|9 Rebiulevvel 1449
20270812|0426|0600|1306|1654|2002|2129|10 Rebiulevvel 1449
20270813|0428|0601|1306|1653|2001|2128|11 Rebiulevvel 1449
20270814|0429|0602|1306|1653|2000|2126|12 Rebiulevvel 1449
20270815|0430|0603|1306|1652|1959|2124|13 Rebiulevvel 1449
20270816|0432|0603|1305|1652|1957|2123|14 Rebiulevvel 1449
20270817|0433|0604|1305|1651|1956|2121|15 Rebiulevvel 1449
20270818|0434|0605|1305|1650|1955|2119|16 Rebiulevvel 1449
20270819|0436|0606|1305|1650|1953|2118|17 Rebiulevvel 1449
20270820|0437|0607|1304|1649|1952|2116|18 Rebiulevvel 1449
20270821|0438|0608|1304|1649|1951|2114|19 Rebiulevvel 1449
20270822|0439|0609|1304|1648|1949|2113|20 Rebiulevvel 1449
20270823|0441|0610|1304|1647|1948|2111|21 Rebiulevvel 1449
20270824|0442|0611|1303|1647|1946|2109|22 Rebiulevvel 1449
20270825|0443|0611|1303|1646|1945|2108|23 Rebiulevvel 1449
20270826|0444|0612|1303|1645|1944|2106|24 Rebiulevvel 1449
20270827|0445|0613|1303|1644|1942|2104|25 Rebiulevvel 1449
20270828|0447|0614|1302|1644|1941|2102|26 Rebiulevvel 1449
20270829|0448|0615|1302|1643|1939|2101|27 Rebiulevvel 1449
20270830|0449|0616|1302|1642|1938|2059|28 Rebiulevvel 1449
20270831|0450|0617|1301|1641|1936|2057|29 Rebiulevvel 1449
20270901|0451|0618|1301|1640|1935|2055|30 Rebiulevvel 1449
20270902|0453|0619|1301|1639|1933|2053|1 Rebiulahir 1449
20270903|0454|0619|1301|1639|1932|2052|2 Rebiulahir 1449
20270904|0455|0620|1300|1638|1930|2050|3 Rebiulahir 1449
20270905|0456|0621|1300|1637|1929|2048|4 Rebiulahir 1449
20270906|0457|0622|1300|1636|1927|2046|5 Rebiulahir 1449
20270907|0458|0623|1259|1635|1925|2045|6 Rebiulahir 1449
20270908|0459|0624|1259|1634|1924|2043|7 Rebiulahir 1449
20270909|0500|0625|1258|1633|1922|2041|8 Rebiulahir 1449
20270910|0502|0626|1258|1632|1921|2039|9 Rebiulahir 1449
20270911|0503|0626|1258|1631|1919|2038|10 Rebiulahir 1449
20270912|0504|0627|1257|1630|1918|2036|11 Rebiulahir 1449
20270913|0505|0628|1257|1629|1916|2034|12 Rebiulahir 1449
20270914|0506|0629|1257|1628|1914|2032|13 Rebiulahir 1449
20270915|0507|0630|1256|1627|1913|2031|14 Rebiulahir 1449
20270916|0508|0631|1256|1626|1911|2029|15 Rebiulahir 1449
20270917|0509|0632|1256|1625|1910|2027|16 Rebiulahir 1449
20270918|0510|0633|1255|1624|1908|2025|17 Rebiulahir 1449
20270919|0511|0633|1255|1623|1906|2024|18 Rebiulahir 1449
20270920|0512|0634|1255|1622|1905|2022|19 Rebiulahir 1449
20270921|0513|0635|1254|1621|1903|2020|20 Rebiulahir 1449
20270922|0514|0636|1254|1620|1902|2018|21 Rebiulahir 1449
20270923|0515|0637|1254|1619|1900|2017|22 Rebiulahir 1449
20270924|0516|0638|1253|1618|1859|2015|23 Rebiulahir 1449
20270925|0517|0639|1253|1617|1857|2013|24 Rebiulahir 1449
20270926|0518|0640|1252|1616|1855|2012|25 Rebiulahir 1449
20270927|0519|0641|1252|1615|1854|2010|26 Rebiulahir 1449
20270928|0520|0641|1252|1613|1852|2008|27 Rebiulahir 1449
20270929|0521|0642|1251|1612|1851|2007|28 Rebiulahir 1449
20270930|0522|0643|1251|1611|1849|2005|29 Rebiulahir 1449
20271001|0523|0644|1251|1610|1847|2004|1 Cemaziyelevvel 1449
20271002|0524|0645|1250|1609|1846|2002|2 Cemaziyelevvel 1449
20271003|0525|0646|1250|1608|1844|2000|3 Cemaziyelevvel 1449
20271004|0526|0647|1250|1607|1843|1959|4 Cemaziyelevvel 1449
20271005|0527|0648|1250|1606|1841|1957|5 Cemaziyelevvel 1449
20271006|0528|0649|1249|1605|1840|1956|6 Cemaziyelevvel 1449
20271007|0529|0650|1249|1603|1838|1954|7 Cemaziyelevvel 1449
20271008|0530|0651|1249|1602|1837|1953|8 Cemaziyelevvel 1449
20271009|0531|0652|1248|1601|1835|1951|9 Cemaziyelevvel 1449
20271010|0532|0653|1248|1600|1834|1950|10 Cemaziyelevvel 1449
20271011|0532|0654|1248|1559|1832|1948|11 Cemaziyelevvel 1449
20271012|0533|0655|1248|1558|1831|1947|12 Cemaziyelevvel 1449
20271013|0534|0655|1247|1557|1829|1945|13 Cemaziyelevvel 1449
20271014|0535|0656|1247|1556|1828|1944|14 Cemaziyelevvel 1449
20271015|0536|0657|1247|1555|1826|1942|15 Cemaziyelevvel 1449
20271016|0537|0658|1247|1554|1825|1941|16 Cemaziyelevvel 1449
20271017|0538|0659|1246|1552|1823|1940|17 Cemaziyelevvel 1449
20271018|0539|0700|1246|1551|1822|1938|18 Cemaziyelevvel 1449
20271019|0540|0701|1246|1550|1821|1937|19 Cemaziyelevvel 1449
20271020|0541|0702|1246|1549|1819|1936|20 Cemaziyelevvel 1449
20271021|0542|0703|1246|1548|1818|1934|21 Cemaziyelevvel 1449
20271022|0543|0704|1245|1547|1817|1933|22 Cemaziyelevvel 1449
20271023|0544|0705|1245|1546|1815|1932|23 Cemaziyelevvel 1449
20271024|0545|0706|1245|1545|1814|1931|24 Cemaziyelevvel 1449
20271025|0546|0708|1245|1544|1813|1929|25 Cemaziyelevvel 1449
20271026|0547|0709|1245|1543|1811|1928|26 Cemaziyelevvel 1449
20271027|0548|0710|1245|1542|1810|1927|27 Cemaziyelevvel 1449
20271028|0548|0711|1245|1541|1809|1926|28 Cemaziyelevvel 1449
20271029|0549|0712|1245|1540|1808|1925|29 Cemaziyelevvel 1449
20271030|0550|0713|1245|1539|1806|1924|30 Cemaziyelevvel 1449
20271031|0551|0714|1245|1538|1805|1923|1 Cemaziyelahir 1449
20271101|0552|0715|1245|1537|1804|1922|2 Cemaziyelahir 1449
20271102|0553|0716|1244|1537|1803|1921|3 Cemaziyelahir 1449
20271103|0554|0717|1244|1536|1802|1920|4 Cemaziyelahir 1449
20271104|0555|0718|1244|1535|1801|1919|5 Cemaziyelahir 1449
20271105|0556|0719|1244|1534|1800|1918|6 Cemaziyelahir 1449
20271106|0557|0720|1244|1533|1759|1917|7 Cemaziyelahir 1449
20271107|0558|0721|1245|1532|1758|1916|8 Cemaziyelahir 1449
20271108|0559|0723|1245|1532|1757|1915|9 Cemaziyelahir 1449
20271109|0600|0724|1245|1531|1756|1914|10 Cemaziyelahir 1449
20271110|0601|0725|1245|1530|1755|1914|11 Cemaziyelahir 1449
20271111|0602|0726|1245|1529|1754|1913|12 Cemaziyelahir 1449
20271112|0603|0727|1245|1529|1753|1912|13 Cemaziyelahir 1449
20271113|0604|0728|1245|1528|1752|1911|14 Cemaziyelahir 1449
20271114|0605|0729|1245|1527|1751|1911|15 Cemaziyelahir 1449
20271115|0605|0730|1245|1527|1751|1910|16 Cemaziyelahir 1449
20271116|0606|0731|1246|1526|1750|1909|17 Cemaziyelahir 1449
20271117|0607|0732|1246|1526|1749|1909|18 Cemaziyelahir 1449
20271118|0608|0733|1246|1525|1748|1908|19 Cemaziyelahir 1449
20271119|0609|0735|1246|1525|1748|1908|20 Cemaziyelahir 1449
20271120|0610|0736|1246|1524|1747|1907|21 Cemaziyelahir 1449
20271121|0611|0737|1247|1524|1746|1907|22 Cemaziyelahir 1449
20271122|0612|0738|1247|1523|1746|1906|23 Cemaziyelahir 1449
20271123|0613|0739|1247|1523|1745|1906|24 Cemaziyelahir 1449
20271124|0614|0740|1247|1522|1745|1906|25 Cemaziyelahir 1449
20271125|0615|0741|1248|1522|1744|1905|26 Cemaziyelahir 1449
20271126|0616|0742|1248|1522|1744|1905|27 Cemaziyelahir 1449
20271127|0616|0743|1248|1522|1744|1905|28 Cemaziyelahir 1449
20271128|0617|0744|1249|1521|1743|1905|29 Cemaziyelahir 1449
20271129|0618|0745|1249|1521|1743|1904|1 Recep 1449
20271130|0619|0746|1249|1521|1743|1904|2 Recep 1449
20271201|0620|0747|1250|1521|1742|1904|3 Recep 1449
20271202|0621|0748|1250|1521|1742|1904|4 Recep 1449
20271203|0622|0749|1250|1520|1742|1904|5 Recep 1449
20271204|0622|0750|1251|1520|1742|1904|6 Recep 1449
20271205|0623|0751|1251|1520|1742|1904|7 Recep 1449
20271206|0624|0752|1252|1520|1742|1904|8 Recep 1449
20271207|0625|0753|1252|1520|1742|1904|9 Recep 1449
20271208|0626|0753|1252|1520|1742|1904|10 Recep 1449
20271209|0626|0754|1253|1521|1742|1904|11 Recep 1449
20271210|0627|0755|1253|1521|1742|1904|12 Recep 1449
20271211|0628|0756|1254|1521|1742|1904|13 Recep 1449
20271212|0629|0757|1254|1521|1742|1905|14 Recep 1449
20271213|0629|0757|1255|1521|1742|1905|15 Recep 1449
20271214|0630|0758|1255|1521|1742|1905|16 Recep 1449
20271215|0631|0759|1256|1522|1742|1905|17 Recep 1449
20271216|0631|0800|1256|1522|1743|1906|18 Recep 1449
20271217|0632|0800|1257|1522|1743|1906|19 Recep 1449
20271218|0632|0801|1257|1523|1743|1907|20 Recep 1449
20271219|0633|0801|1258|1523|1744|1907|21 Recep 1449
20271220|0634|0802|1258|1524|1744|1907|22 Recep 1449
20271221|0634|0803|1259|1524|1745|1908|23 Recep 1449
20271222|0635|0803|1259|1524|1745|1908|24 Recep 1449
20271223|0635|0804|1300|1525|1746|1909|25 Recep 1449
20271224|0636|0804|1300|1526|1746|1909|26 Recep 1449
20271225|0636|0804|1301|1526|1747|1910|27 Recep 1449
20271226|0636|0805|1301|1527|1747|1910|28 Recep 1449
20271227|0637|0805|1302|1527|1748|1911|29 Recep 1449
20271228|0637|0806|1302|1528|1749|1912|30 Recep 1449
20271229|0638|0806|1303|1529|1749|1912|1 Şaban 1449
20271230|0638|0806|1303|1529|1750|1913|2 Şaban 1449
20271231|0638|0806|1304|1530|1751|1914|3 Şaban 1449
#@9172|Çobanlar|AFYONKARAHISAR|730
20260101|0640|0808|1305|1532|1753|1916|12 Recep 1447
20260102|0640|0808|1306|1532|1753|1916|13 Recep 1447
20260103|0640|0808|1306|1533|1754|1917|14 Recep 1447
20260104|0640|0808|1307|1534|1755|1918|15 Recep 1447
20260105|0640|0808|1307|1535|1756|1919|16 Recep 1447
20260106|0640|0808|1308|1536|1757|1919|17 Recep 1447
20260107|0640|0808|1308|1537|1758|1920|18 Recep 1447
20260108|0640|0808|1308|1537|1759|1921|19 Recep 1447
20260109|0640|0808|1309|1538|1800|1922|20 Recep 1447
20260110|0640|0808|1309|1539|1801|1923|21 Recep 1447
20260111|0640|0808|1310|1540|1802|1924|22 Recep 1447
20260112|0640|0807|1310|1541|1803|1924|23 Recep 1447
20260113|0640|0807|1310|1542|1804|1925|24 Recep 1447
20260114|0640|0807|1311|1543|1805|1926|25 Recep 1447
20260115|0640|0807|1311|1544|1806|1927|26 Recep 1447
20260116|0640|0806|1311|1545|1807|1928|27 Recep 1447
20260117|0639|0806|1312|1546|1808|1929|28 Recep 1447
20260118|0639|0805|1312|1547|1809|1930|29 Recep 1447
20260119|0639|0805|1312|1548|1810|1931|30 Recep 1447
20260120|0638|0804|1313|1548|1811|1932|1 Şaban 1447
20260121|0638|0804|1313|1549|1812|1933|2 Şaban 1447
20260122|0638|0803|1313|1550|1813|1934|3 Şaban 1447
20260123|0637|0803|1314|1551|1814|1935|4 Şaban 1447
20260124|0637|0802|1314|1552|1816|1936|5 Şaban 1447
20260125|0636|0802|1314|1553|1817|1937|6 Şaban 1447
20260126|0636|0801|1314|1554|1818|1938|7 Şaban 1447
20260127|0635|0800|1315|1555|1819|1939|8 Şaban 1447
20260128|0635|0759|1315|1556|1820|1940|9 Şaban 1447
20260129|0634|0759|1315|1557|1821|1941|10 Şaban 1447
20260130|0633|0758|1315|1558|1822|1942|11 Şaban 1447
20260131|0633|0757|1315|1559|1824|1943|12 Şaban 1447
20260201|0632|0756|1315|1600|1825|1944|13 Şaban 1447
20260202|0631|0755|1315|1601|1826|1945|14 Şaban 1447
20260203|0630|0754|1316|1602|1827|1946|15 Şaban 1447
20260204|0630|0753|1316|1603|1828|1947|16 Şaban 1447
20260205|0629|0752|1316|1604|1829|1948|17 Şaban 1447
20260206|0628|0751|1316|1605|1830|1949|18 Şaban 1447
20260207|0627|0750|1316|1606|1832|1950|19 Şaban 1447
20260208|0626|0749|1316|1607|1833|1951|20 Şaban 1447
20260209|0625|0748|1316|1608|1834|1952|21 Şaban 1447
20260210|0624|0747|1316|1608|1835|1953|22 Şaban 1447
20260211|0623|0746|1316|1609|1836|1954|23 Şaban 1447
20260212|0622|0745|1316|1610|1837|1955|24 Şaban 1447
20260213|0621|0744|1316|1611|1838|1956|25 Şaban 1447
20260214|0620|0743|1316|1612|1840|1957|26 Şaban 1447
20260215|0619|0741|1316|1613|1841|1958|27 Şaban 1447
20260216|0618|0740|1316|1614|1842|1959|28 Şaban 1447
20260217|0617|0739|1316|1615|1843|2000|29 Şaban 1447
20260218|0616|0738|1316|1615|1844|2001|30 Şaban 1447
20260219|0614|0736|1316|1616|1845|2002|1 Ramazan 1447
20260220|0613|0735|1316|1617|1846|2003|2 Ramazan 1447
20260221|0612|0734|1316|1618|1847|2004|3 Ramazan 1447
20260222|0611|0732|1315|1618|1848|2005|4 Ramazan 1447
20260223|0610|0731|1315|1619|1849|2006|5 Ramazan 1447
20260224|0608|0730|1315|1620|1851|2007|6 Ramazan 1447
20260225|0607|0728|1315|1621|1852|2008|7 Ramazan 1447
20260226|0606|0727|1315|1621|1853|2009|8 Ramazan 1447
20260227|0604|0726|1315|1622|1854|2010|9 Ramazan 1447
20260228|0603|0724|1314|1623|1855|2011|10 Ramazan 1447
20260301|0601|0723|1314|1624|1856|2012|11 Ramazan 1447
20260302|0600|0721|1314|1624|1857|2013|12 Ramazan 1447
20260303|0559|0720|1314|1625|1858|2014|13 Ramazan 1447
20260304|0557|0718|1314|1626|1859|2015|14 Ramazan 1447
20260305|0556|0717|1313|1626|1900|2016|15 Ramazan 1447
20260306|0554|0715|1313|1627|1901|2017|16 Ramazan 1447
20260307|0553|0714|1313|1627|1902|2018|17 Ramazan 1447
20260308|0551|0712|1313|1628|1903|2019|18 Ramazan 1447
20260309|0550|0711|1313|1629|1904|2020|19 Ramazan 1447
20260310|0548|0709|1312|1629|1905|2021|20 Ramazan 1447
20260311|0547|0708|1312|1630|1906|2022|21 Ramazan 1447
20260312|0545|0706|1312|1630|1907|2023|22 Ramazan 1447
20260313|0543|0705|1311|1631|1908|2024|23 Ramazan 1447
20260314|0542|0703|1311|1631|1909|2025|24 Ramazan 1447
20260315|0540|0702|1311|1632|1910|2026|25 Ramazan 1447
20260316|0539|0700|1311|1632|1911|2027|26 Ramazan 1447
20260317|0537|0659|1310|1633|1912|2028|27 Ramazan 1447
20260318|0535|0657|1310|1633|1913|2030|28 Ramazan 1447
20260319|0534|0656|1310|1634|1914|2031|29 Ramazan 1447
20260320|0532|0654|1309|1634|1915|2032|1 Şevval 1447
20260321|0530|0652|1309|1635|1916|2033|2 Şevval 1447
20260322|0529|0651|1309|1635|1917|2034|3 Şevval 1447
20260323|0527|0649|1309|1636|1918|2035|4 Şevval 1447
20260324|0525|0648|1308|1636|1919|2036|5 Şevval 1447
20260325|0524|0646|1308|1636|1920|2037|6 Şevval 1447
20260326|0522|0645|1308|1637|1921|2038|7 Şevval 1447
20260327|0520|0643|1307|1637|1922|2039|8 Şevval 1447
20260328|0518|0641|1307|1638|1923|2040|9 Şevval 1447
20260329|0517|0640|1307|1638|1924|2042|10 Şevval 1447
20260330|0515|0638|1306|1638|1925|2043|11 Şevval 1447
20260331|0513|0637|1306|1639|1926|2044|12 Şevval 1447
20260401|0511|0635|1306|1639|1927|2045|13 Şevval 1447
20260402|0510|0634|1306|1639|1927|2046|14 Şevval 1447
20260403|0508|0632|1305|1640|1928|2047|15 Şevval 1447
20260404|0506|0631|1305|1640|1929|2048|16 Şevval 1447
20260405|0504|0629|1305|1640|1930|2050|17 Şevval 1447
20260406|0503|0628|1304|1641|1931|2051|18 Şevval 1447
20260407|0501|0626|1304|1641|1932|2052|19 Şevval 1447
20260408|0459|0625|1304|1641|1933|2053|20 Şevval 1447
20260409|0457|0623|1304|1641|1934|2054|21 Şevval 1447
20260410|0456|0622|1303|1642|1935|2055|22 Şevval 1447
20260411|0454|0620|1303|1642|1936|2057|23 Şevval 1447
20260412|0452|0619|1303|1642|1937|2058|24 Şevval 1447
20260413|0450|0617|1303|1643|1938|2059|25 Şevval 1447
20260414|0448|0616|1302|1643|1939|2100|26 Şevval 1447
20260415|0447|0614|1302|1643|1940|2102|27 Şevval 1447
20260416|0445|0613|1302|1643|1941|2103|28 Şevval 1447
20260417|0443|0611|1302|1644|1942|2104|29 Şevval 1447
20260418|0441|0610|1301|1644|1943|2105|1 Zilkade 1447
20260419|0440|0609|1301|1644|1944|2107|2 Zilkade 1447
20260420|0438|0607|1301|1644|1945|2108|3 Zilkade 1447
20260421|0436|0606|1301|1645|1946|2109|4 Zilkade 1447
20260422|0434|0604|1300|1645|1947|2110|5 Zilkade 1447
20260423|0433|0603|1300|1645|1948|2112|6 Zilkade 1447
20260424|0431|0602|1300|1645|1949|2113|7 Zilkade 1447
20260425|0429|0600|1300|1645|1949|2114|8 Zilkade 1447
20260426|0428|0559|1300|1646|1950|2116|9 Zilkade 1447
20260427|0426|0558|1300|1646|1951|2117|10 Zilkade 1447
20260428|0424|0557|1259|1646|1952|2118|11 Zilkade 1447
20260429|0423|0555|1259|1646|1953|2120|12 Zilkade 1447
20260430|0421|0554|1259|1647|1954|2121|13 Zilkade 1447
20260501|0419|0553|1259|1647|1955|2122|14 Zilkade 1447
20260502|0418|0552|1259|1647|1956|2124|15 Zilkade 1447
20260503|0416|0551|1259|1647|1957|2125|16 Zilkade 1447
20260504|0415|0549|1259|1647|1958|2126|17 Zilkade 1447
20260505|0413|0548|1259|1648|1959|2128|18 Zilkade 1447
20260506|0411|0547|1259|1648|2000|2129|19 Zilkade 1447
20260507|0410|0546|1258|1648|2001|2130|20 Zilkade 1447
20260508|0408|0545|1258|1648|2002|2132|21 Zilkade 1447
20260509|0407|0544|1258|1648|2003|2133|22 Zilkade 1447
20260510|0405|0543|1258|1649|2004|2134|23 Zilkade 1447
20260511|0404|0542|1258|1649|2005|2136|24 Zilkade 1447
20260512|0402|0541|1258|1649|2006|2137|25 Zilkade 1447
20260513|0401|0540|1258|1649|2007|2139|26 Zilkade 1447
20260514|0400|0539|1258|1650|2007|2140|27 Zilkade 1447
20260515|0358|0538|1258|1650|2008|2141|28 Zilkade 1447
20260516|0357|0537|1258|1650|2009|2142|29 Zilkade 1447
20260517|0356|0536|1258|1650|2010|2144|30 Zilkade 1447
20260518|0354|0536|1258|1650|2011|2145|1 Zilhicce 1447
20260519|0353|0535|1258|1651|2012|2146|2 Zilhicce 1447
20260520|0352|0534|1258|1651|2013|2148|3 Zilhicce 1447
20260521|0351|0533|1258|1651|2014|2149|4 Zilhicce 1447
20260522|0350|0533|1259|1651|2014|2150|5 Zilhicce 1447
20260523|0348|0532|1259|1652|2015|2151|6 Zilhicce 1447
20260524|0347|0531|1259|1652|2016|2153|7 Zilhicce 1447
20260525|0346|0531|1259|1652|2017|2154|8 Zilhicce 1447
20260526|0345|0530|1259|1652|2018|2155|9 Zilhicce 1447
20260527|0344|0530|1259|1652|2019|2156|10 Zilhicce 1447
20260528|0343|0529|1259|1653|2019|2157|11 Zilhicce 1447
20260529|0342|0528|1259|1653|2020|2158|12 Zilhicce 1447
20260530|0341|0528|1259|1653|2021|2200|13 Zilhicce 1447
20260531|0341|0528|1300|1653|2022|2201|14 Zilhicce 1447
20260601|0340|0527|1300|1654|2022|2202|15 Zilhicce 1447
20260602|0339|0527|1300|1654|2023|2203|16 Zilhicce 1447
20260603|0338|0526|1300|1654|2024|2204|17 Zilhicce 1447
20260604|0338|0526|1300|1654|2024|2205|18 Zilhicce 1447
20260605|0337|0526|1300|1655|2025|2206|19 Zilhicce 1447
20260606|0337|0526|1301|1655|2025|2206|20 Zilhicce 1447
20260607|0336|0525|1301|1655|2026|2207|21 Zilhicce 1447
20260608|0336|0525|1301|1655|2027|2208|22 Zilhicce 1447
20260609|0335|0525|1301|1656|2027|2209|23 Zilhicce 1447
20260610|0335|0525|1301|1656|2028|2210|24 Zilhicce 1447
20260611|0334|0525|1301|1656|2028|2210|25 Zilhicce 1447
20260612|0334|0525|1302|1656|2029|2211|26 Zilhicce 1447
20260613|0334|0525|1302|1657|2029|2212|27 Zilhicce 1447
20260614|0334|0525|1302|1657|2030|2212|28 Zilhicce 1447
20260615|0334|0525|1302|1657|2030|2213|29 Zilhicce 1447
20260616|0334|0525|1303|1657|2030|2213|1 Muharrem 1448
20260617|0334|0525|1303|1658|2031|2214|2 Muharrem 1448
20260618|0334|0525|1303|1658|2031|2214|3 Muharrem 1448
20260619|0334|0525|1303|1658|2031|2214|4 Muharrem 1448
20260620|0334|0525|1303|1658|2032|2215|5 Muharrem 1448
20260621|0334|0525|1304|1659|2032|2215|6 Muharrem 1448
20260622|0334|0526|1304|1659|2032|2215|7 Muharrem 1448
20260623|0334|0526|1304|1659|2032|2215|8 Muharrem 1448
20260624|0335|0526|1304|1659|2032|2215|9 Muharrem 1448
20260625|0335|0526|1304|1659|2033|2215|10 Muharrem 1448
20260626|0336|0527|1305|1700|2033|2216|11 Muharrem 1448
20260627|0336|0527|1305|1700|2033|2215|12 Muharrem 1448
20260628|0337|0527|1305|1700|2033|2215|13 Muharrem 1448
20260629|0337|0528|1305|1700|2033|2215|14 Muharrem 1448
20260630|0338|0528|1305|1700|2033|2215|15 Muharrem 1448
20260701|0338|0529|1306|1700|2033|2215|16 Muharrem 1448
20260702|0339|0529|1306|1701|2033|2215|17 Muharrem 1448
20260703|0340|0530|1306|1701|2032|2214|18 Muharrem 1448
20260704|0341|0530|1306|1701|2032|2214|19 Muharrem 1448
20260705|0341|0531|1306|1701|2032|2213|20 Muharrem 1448
20260706|0342|0531|1307|1701|2032|2213|21 Muharrem 1448
20260707|0343|0532|1307|1701|2032|2212|22 Muharrem 1448
20260708|0344|0533|1307|1701|2031|2212|23 Muharrem 1448
20260709|0345|0533|1307|1701|2031|2211|24 Muharrem 1448
20260710|0346|0534|1307|1701|2031|2211|25 Muharrem 1448
20260711|0347|0534|1307|1701|2030|2210|26 Muharrem 1448
20260712|0348|0535|1307|1701|2030|2209|27 Muharrem 1448
20260713|0349|0536|1308|1702|2029|2208|28 Muharrem 1448
20260714|0350|0537|1308|1702|2029|2208|29 Muharrem 1448
20260715|0351|0537|1308|1702|2029|2207|1 Safer 1448
20260716|0352|0538|1308|1702|2028|2206|2 Safer 1448
20260717|0354|0539|1308|1701|2027|2205|3 Safer 1448
20260718|0355|0539|1308|1701|2027|2204|4 Safer 1448
20260719|0356|0540|1308|1701|2026|2203|5 Safer 1448
20260720|0357|0541|1308|1701|2026|2202|6 Safer 1448
20260721|0358|0542|1308|1701|2025|2201|7 Safer 1448
20260722|0400|0543|1308|1701|2024|2200|8 Safer 1448
20260723|0401|0543|1308|1701|2023|2159|9 Safer 1448
20260724|0402|0544|1308|1701|2023|2157|10 Safer 1448
20260725|0403|0545|1308|1701|2022|2156|11 Safer 1448
20260726|0405|0546|1308|1700|2021|2155|12 Safer 1448
20260727|0406|0547|1308|1700|2020|2154|13 Safer 1448
20260728|0407|0548|1308|1700|2019|2152|14 Safer 1448
20260729|0409|0548|1308|1700|2018|2151|15 Safer 1448
20260730|0410|0549|1308|1700|2017|2150|16 Safer 1448
20260731|0411|0550|1308|1659|2017|2148|17 Safer 1448
20260801|0413|0551|1308|1659|2016|2147|18 Safer 1448
20260802|0414|0552|1308|1659|2015|2146|19 Safer 1448
20260803|0415|0553|1308|1658|2014|2144|20 Safer 1448
20260804|0417|0554|1308|1658|2012|2143|21 Safer 1448
20260805|0418|0555|1308|1658|2011|2141|22 Safer 1448
20260806|0419|0555|1308|1657|2010|2140|23 Safer 1448
20260807|0421|0556|1308|1657|2009|2138|24 Safer 1448
20260808|0422|0557|1308|1657|2008|2137|25 Safer 1448
20260809|0423|0558|1307|1656|2007|2135|26 Safer 1448
20260810|0425|0559|1307|1656|2006|2134|27 Safer 1448
20260811|0426|0600|1307|1655|2004|2132|28 Safer 1448
20260812|0427|0601|1307|1655|2003|2130|29 Safer 1448
20260813|0429|0602|1307|1654|2002|2129|30 Safer 1448
20260814|0430|0603|1307|1654|2001|2127|1 Rebiulevvel 1448
20260815|0431|0604|1306|1653|1959|2125|2 Rebiulevvel 1448
20260816|0433|0604|1306|1653|1958|2124|3 Rebiulevvel 1448
20260817|0434|0605|1306|1652|1957|2122|4 Rebiulevvel 1448
20260818|0435|0606|1306|1651|1956|2120|5 Rebiulevvel 1448
20260819|0436|0607|1306|1651|1954|2119|6 Rebiulevvel 1448
20260820|0438|0608|1305|1650|1953|2117|7 Rebiulevvel 1448
20260821|0439|0609|1305|1649|1951|2115|8 Rebiulevvel 1448
20260822|0440|0610|1305|1649|1950|2114|9 Rebiulevvel 1448
20260823|0441|0611|1305|1648|1949|2112|10 Rebiulevvel 1448
20260824|0443|0612|1304|1647|1947|2110|11 Rebiulevvel 1448
20260825|0444|0612|1304|1647|1946|2108|12 Rebiulevvel 1448
20260826|0445|0613|1304|1646|1944|2107|13 Rebiulevvel 1448
20260827|0446|0614|1304|1645|1943|2105|14 Rebiulevvel 1448
20260828|0448|0615|1303|1644|1941|2103|15 Rebiulevvel 1448
20260829|0449|0616|1303|1644|1940|2101|16 Rebiulevvel 1448
20260830|0450|0617|1303|1643|1938|2100|17 Rebiulevvel 1448
20260831|0451|0618|1302|1642|1937|2058|18 Rebiulevvel 1448
20260901|0452|0619|1302|1641|1935|2056|19 Rebiulevvel 1448
20260902|0454|0620|1302|1640|1934|2054|20 Rebiulevvel 1448
20260903|0455|0620|1301|1639|1932|2053|21 Rebiulevvel 1448
20260904|0456|0621|1301|1639|1931|2051|22 Rebiulevvel 1448
20260905|0457|0622|1301|1638|1929|2049|23 Rebiulevvel 1448
20260906|0458|0623|1300|1637|1928|2047|24 Rebiulevvel 1448
20260907|0459|0624|1300|1636|1926|2045|25 Rebiulevvel 1448
20260908|0500|0625|1300|1635|1925|2044|26 Rebiulevvel 1448
20260909|0501|0626|1259|1634|1923|2042|27 Rebiulevvel 1448
20260910|0503|0627|1259|1633|1921|2040|28 Rebiulevvel 1448
20260911|0504|0628|1259|1632|1920|2038|29 Rebiulevvel 1448
20260912|0505|0628|1258|1631|1918|2037|1 Rebiulahir 1448
20260913|0506|0629|1258|1630|1917|2035|2 Rebiulahir 1448
20260914|0507|0630|1258|1629|1915|2033|3 Rebiulahir 1448
20260915|0508|0631|1257|1628|1914|2031|4 Rebiulahir 1448
20260916|0509|0632|1257|1627|1912|2030|5 Rebiulahir 1448
20260917|0510|0633|1257|1626|1910|2028|6 Rebiulahir 1448
20260918|0511|0634|1256|1625|1909|2026|7 Rebiulahir 1448
20260919|0512|0635|1256|1624|1907|2024|8 Rebiulahir 1448
20260920|0513|0635|1255|1623|1906|2023|9 Rebiulahir 1448
20260921|0514|0636|1255|1622|1904|2021|10 Rebiulahir 1448
20260922|0515|0637|1255|1621|1902|2019|11 Rebiulahir 1448
20260923|0516|0638|1254|1620|1901|2017|12 Rebiulahir 1448
20260924|0517|0639|1254|1619|1859|2016|13 Rebiulahir 1448
20260925|0518|0640|1254|1617|1858|2014|14 Rebiulahir 1448
20260926|0519|0641|1253|1616|1856|2012|15 Rebiulahir 1448
20260927|0520|0642|1253|1615|1854|2011|16 Rebiulahir 1448
20260928|0521|0643|1253|1614|1853|2009|17 Rebiulahir 1448
20260929|0522|0644|1252|1613|1851|2007|18 Rebiulahir 1448
20260930|0523|0644|1252|1612|1850|2006|19 Rebiulahir 1448
20261001|0524|0645|1252|1611|1848|2004|20 Rebiulahir 1448
20261002|0525|0646|1251|1610|1846|2003|21 Rebiulahir 1448
20261003|0526|0647|1251|1609|1845|2001|22 Rebiulahir 1448
20261004|0527|0648|1251|1607|1843|1959|23 Rebiulahir 1448
20261005|0528|0649|1250|1606|1842|1958|24 Rebiulahir 1448
20261006|0529|0650|1250|1605|1840|1956|25 Rebiulahir 1448
20261007|0530|0651|1250|1604|1839|1955|26 Rebiulahir 1448
20261008|0531|0652|1250|1603|1837|1953|27 Rebiulahir 1448
20261009|0532|0653|1249|1602|1836|1952|28 Rebiulahir 1448
20261010|0533|0654|1249|1601|1834|1950|29 Rebiulahir 1448
20261011|0534|0655|1249|1600|1833|1949|30 Rebiulahir 1448
20261012|0535|0656|1248|1559|1831|1947|1 Cemaziyelevvel 1448
20261013|0536|0657|1248|1557|1830|1946|2 Cemaziyelevvel 1448
20261014|0536|0658|1248|1556|1828|1944|3 Cemaziyelevvel 1448
20261015|0537|0659|1248|1555|1827|1943|4 Cemaziyelevvel 1448
20261016|0538|0700|1248|1554|1825|1942|5 Cemaziyelevvel 1448
20261017|0539|0701|1247|1553|1824|1940|6 Cemaziyelevvel 1448
20261018|0540|0702|1247|1552|1823|1939|7 Cemaziyelevvel 1448
20261019|0541|0703|1247|1551|1821|1938|8 Cemaziyelevvel 1448
20261020|0542|0704|1247|1550|1820|1936|9 Cemaziyelevvel 1448
20261021|0543|0705|1247|1549|1818|1935|10 Cemaziyelevvel 1448
20261022|0544|0706|1246|1548|1817|1934|11 Cemaziyelevvel 1448
20261023|0545|0707|1246|1547|1816|1932|12 Cemaziyelevvel 1448
20261024|0546|0708|1246|1546|1814|1931|13 Cemaziyelevvel 1448
20261025|0547|0709|1246|1545|1813|1930|14 Cemaziyelevvel 1448
20261026|0548|0710|1246|1544|1812|1929|15 Cemaziyelevvel 1448
20261027|0549|0711|1246|1543|1811|1928|16 Cemaziyelevvel 1448
20261028|0550|0712|1246|1542|1809|1927|17 Cemaziyelevvel 1448
20261029|0551|0713|1246|1541|1808|1926|18 Cemaziyelevvel 1448
20261030|0552|0714|1246|1540|1807|1924|19 Cemaziyelevvel 1448
20261031|0553|0715|1246|1539|1806|1923|20 Cemaziyelevvel 1448
20261101|0554|0716|1245|1538|1805|1922|21 Cemaziyelevvel 1448
20261102|0554|0717|1245|1537|1804|1921|22 Cemaziyelevvel 1448
20261103|0555|0719|1245|1536|1802|1920|23 Cemaziyelevvel 1448
20261104|0556|0720|1245|1535|1801|1919|24 Cemaziyelevvel 1448
20261105|0557|0721|1245|1535|1800|1918|25 Cemaziyelevvel 1448
20261106|0558|0722|1245|1534|1759|1918|26 Cemaziyelevvel 1448
20261107|0559|0723|1246|1533|1758|1917|27 Cemaziyelevvel 1448
20261108|0600|0724|1246|1532|1757|1916|28 Cemaziyelevvel 1448
20261109|0601|0725|1246|1531|1756|1915|29 Cemaziyelevvel 1448
20261110|0602|0726|1246|1531|1755|1914|1 Cemaziyelahir 1448
20261111|0603|0727|1246|1530|1754|1914|2 Cemaziyelahir 1448
20261112|0604|0728|1246|1529|1754|1913|3 Cemaziyelahir 1448
20261113|0605|0729|1246|1529|1753|1912|4 Cemaziyelahir 1448
20261114|0606|0731|1246|1528|1752|1911|5 Cemaziyelahir 1448
20261115|0607|0732|1246|1527|1751|1911|6 Cemaziyelahir 1448
20261116|0608|0733|1247|1527|1750|1910|7 Cemaziyelahir 1448
20261117|0609|0734|1247|1526|1750|1910|8 Cemaziyelahir 1448
20261118|0610|0735|1247|1526|1749|1909|9 Cemaziyelahir 1448
20261119|0611|0736|1247|1525|1748|1909|10 Cemaziyelahir 1448
20261120|0611|0737|1247|1525|1748|1908|11 Cemaziyelahir 1448
20261121|0612|0738|1248|1524|1747|1908|12 Cemaziyelahir 1448
20261122|0613|0739|1248|1524|1746|1907|13 Cemaziyelahir 1448
20261123|0614|0740|1248|1523|1746|1907|14 Cemaziyelahir 1448
20261124|0615|0741|1248|1523|1745|1906|15 Cemaziyelahir 1448
20261125|0616|0742|1249|1523|1745|1906|16 Cemaziyelahir 1448
20261126|0617|0743|1249|1522|1745|1906|17 Cemaziyelahir 1448
20261127|0618|0745|1249|1522|1744|1906|18 Cemaziyelahir 1448
20261128|0619|0746|1250|1522|1744|1905|19 Cemaziyelahir 1448
20261129|0620|0747|1250|1522|1743|1905|20 Cemaziyelahir 1448
20261130|0620|0748|1250|1521|1743|1905|21 Cemaziyelahir 1448
20261201|0621|0749|1251|1521|1743|1905|22 Cemaziyelahir 1448
20261202|0622|0749|1251|1521|1743|1905|23 Cemaziyelahir 1448
20261203|0623|0750|1251|1521|1743|1905|24 Cemaziyelahir 1448
20261204|0624|0751|1252|1521|1742|1905|25 Cemaziyelahir 1448
20261205|0625|0752|1252|1521|1742|1905|26 Cemaziyelahir 1448
20261206|0625|0753|1253|1521|1742|1905|27 Cemaziyelahir 1448
20261207|0626|0754|1253|1521|1742|1905|28 Cemaziyelahir 1448
20261208|0627|0755|1254|1521|1742|1905|29 Cemaziyelahir 1448
20261209|0628|0756|1254|1521|1742|1905|30 Cemaziyelahir 1448
20261210|0628|0757|1254|1521|1742|1905|1 Recep 1448
20261211|0629|0757|1255|1522|1742|1905|2 Recep 1448
20261212|0630|0758|1255|1522|1743|1906|3 Recep 1448
20261213|0631|0759|1256|1522|1743|1906|4 Recep 1448
20261214|0631|0800|1256|1522|1743|1906|5 Recep 1448
20261215|0632|0800|1257|1522|1743|1906|6 Recep 1448
20261216|0633|0801|1257|1523|1743|1907|7 Recep 1448
20261217|0633|0802|1258|1523|1744|1907|8 Recep 1448
20261218|0634|0802|1258|1523|1744|1907|9 Recep 1448
20261219|0634|0803|1259|1524|1745|1908|10 Recep 1448
20261220|0635|0804|1259|1524|1745|1908|11 Recep 1448
20261221|0635|0804|1300|1525|1745|1909|12 Recep 1448
20261222|0636|0805|1300|1525|1746|1909|13 Recep 1448
20261223|0636|0805|1301|1526|1746|1910|14 Recep 1448
20261224|0637|0805|1301|1526|1747|1910|15 Recep 1448
20261225|0637|0806|1302|1527|1748|1911|16 Recep 1448
20261226|0638|0806|1302|1527|1748|1911|17 Recep 1448
20261227|0638|0807|1303|1528|1749|1912|18 Recep 1448
20261228|0638|0807|1303|1529|1749|1913|19 Recep 1448
20261229|0639|0807|1304|1529|1750|1913|20 Recep 1448
20261230|0639|0807|1304|1530|1751|1914|21 Recep 1448
20261231|0639|0808|1305|1531|1752|1915|22 Recep 1448
20270101|0640|0808|1305|1532|1752|1915|23 Recep 1448
20270102|0640|0808|1306|1532|1753|1916|24 Recep 1448
20270103|0640|0808|1306|1533|1754|1917|25 Recep 1448
20270104|0640|0808|1306|1534|1755|1918|26 Recep 1448
20270105|0640|0808|1307|1535|1756|1918|27 Recep 1448
20270106|0640|0808|1307|1535|1757|1919|28 Recep 1448
20270107|0640|0808|1308|1536|1757|1920|29 Recep 1448
20270108|0640|0808|1308|1537|1758|1921|30 Recep 1448
20270109|0640|0808|1309|1538|1759|1922|1 Şaban 1448
20270110|0640|0808|1309|1539|1800|1922|2 Şaban 1448
20270111|0640|0808|1310|1540|1801|1923|3 Şaban 1448
20270112|0640|0808|1310|1541|1802|1924|4 Şaban 1448
20270113|0640|0807|1310|1542|1803|1925|5 Şaban 1448
20270114|0640|0807|1311|1543|1804|1926|6 Şaban 1448
20270115|0640|0807|1311|1543|1805|1927|7 Şaban 1448
20270116|0640|0806|1311|1544|1806|1928|8 Şaban 1448
20270117|0639|0806|1312|1545|1808|1929|9 Şaban 1448
20270118|0639|0806|1312|1546|1809|1930|10 Şaban 1448
20270119|0639|0805|1312|1547|1810|1931|11 Şaban 1448
20270120|0639|0805|1313|1548|1811|1932|12 Şaban 1448
20270121|0638|0804|1313|1549|1812|1933|13 Şaban 1448
20270122|0638|0804|1313|1550|1813|1934|14 Şaban 1448
20270123|0637|0803|1314|1551|1814|1935|15 Şaban 1448
20270124|0637|0802|1314|1552|1815|1935|16 Şaban 1448
20270125|0636|0802|1314|1553|1816|1936|17 Şaban 1448
20270126|0636|0801|1314|1554|1818|1937|18 Şaban 1448
20270127|0635|0800|1314|1555|1819|1938|19 Şaban 1448
20270128|0635|0800|1315|1556|1820|1939|20 Şaban 1448
20270129|0634|0759|1315|1557|1821|1940|21 Şaban 1448
20270130|0633|0758|1315|1558|1822|1941|22 Şaban 1448
20270131|0633|0757|1315|1559|1823|1942|23 Şaban 1448
20270201|0632|0756|1315|1600|1824|1943|24 Şaban 1448
20270202|0631|0755|1315|1601|1826|1944|25 Şaban 1448
20270203|0631|0754|1316|1602|1827|1945|26 Şaban 1448
20270204|0630|0754|1316|1603|1828|1946|27 Şaban 1448
20270205|0629|0753|1316|1604|1829|1947|28 Şaban 1448
20270206|0628|0752|1316|1605|1830|1948|29 Şaban 1448
20270207|0627|0751|1316|1606|1831|1949|30 Şaban 1448
20270208|0626|0750|1316|1606|1832|1950|1 Ramazan 1448
20270209|0625|0748|1316|1607|1834|1952|2 Ramazan 1448
20270210|0624|0747|1316|1608|1835|1953|3 Ramazan 1448
20270211|0624|0746|1316|1609|1836|1954|4 Ramazan 1448
20270212|0623|0745|1316|1610|1837|1955|5 Ramazan 1448
20270213|0621|0744|1316|1611|1838|1956|6 Ramazan 1448
20270214|0620|0743|1316|1612|1839|1957|7 Ramazan 1448
20270215|0619|0742|1316|1613|1840|1958|8 Ramazan 1448
20270216|0618|0740|1316|1613|1842|1959|9 Ramazan 1448
20270217|0617|0739|1316|1614|1843|2000|10 Ramazan 1448
20270218|0616|0738|1316|1615|1844|2001|11 Ramazan 1448
20270219|0615|0737|1316|1616|1845|2002|12 Ramazan 1448
20270220|0614|0735|1316|1617|1846|2003|13 Ramazan 1448
20270221|0612|0734|1316|1618|1847|2004|14 Ramazan 1448
20270222|0611|0733|1315|1618|1848|2005|15 Ramazan 1448
20270223|0610|0731|1315|1619|1849|2006|16 Ramazan 1448
20270224|0609|0730|1315|1620|1850|2007|17 Ramazan 1448
20270225|0607|0729|1315|1621|1851|2008|18 Ramazan 1448
20270226|0606|0727|1315|1621|1852|2009|19 Ramazan 1448
20270227|0605|0726|1315|1622|1854|2010|20 Ramazan 1448
20270228|0603|0724|1315|1623|1855|2011|21 Ramazan 1448
20270301|0602|0723|1314|1623|1856|2012|22 Ramazan 1448
20270302|0600|0722|1314|1624|1857|2013|23 Ramazan 1448
20270303|0559|0720|1314|1625|1858|2014|24 Ramazan 1448
20270304|0558|0719|1314|1625|1859|2015|25 Ramazan 1448
20270305|0556|0717|1314|1626|1900|2016|26 Ramazan 1448
20270306|0555|0716|1313|1627|1901|2017|27 Ramazan 1448
20270307|0553|0714|1313|1627|1902|2018|28 Ramazan 1448
20270308|0552|0713|1313|1628|1903|2019|29 Ramazan 1448
20270309|0550|0711|1313|1628|1904|2020|1 Şevval 1448
20270310|0549|0710|1312|1629|1905|2021|2 Şevval 1448
20270311|0547|0708|1312|1630|1906|2022|3 Şevval 1448
20270312|0545|0707|1312|1630|1907|2023|4 Şevval 1448
20270313|0544|0705|1312|1631|1908|2024|5 Şevval 1448
20270314|0542|0704|1311|1631|1909|2025|6 Şevval 1448
20270315|0541|0702|1311|1632|1910|2026|7 Şevval 1448
20270316|0539|0701|1311|1632|1911|2027|8 Şevval 1448
20270317|0537|0659|1310|1633|1912|2028|9 Şevval 1448
20270318|0536|0657|1310|1633|1913|2029|10 Şevval 1448
20270319|0534|0656|1310|1634|1914|2030|11 Şevval 1448
20270320|0532|0654|1310|1634|1915|2031|12 Şevval 1448
20270321|0531|0653|1309|1635|1916|2032|13 Şevval 1448
20270322|0529|0651|1309|1635|1917|2034|14 Şevval 1448
20270323|0527|0650|1309|1635|1918|2035|15 Şevval 1448
20270324|0526|0648|1308|1636|1919|2036|16 Şevval 1448
20270325|0524|0647|1308|1636|1920|2037|17 Şevval 1448
20270326|0522|0645|1308|1637|1921|2038|18 Şevval 1448
20270327|0521|0643|1307|1637|1922|2039|19 Şevval 1448
20270328|0519|0642|1307|1637|1922|2040|20 Şevval 1448
20270329|0517|0640|1307|1638|1923|2041|21 Şevval 1448
20270330|0515|0639|1307|1638|1924|2042|22 Şevval 1448
20270331|0514|0637|1306|1639|1925|2043|23 Şevval 1448
20270401|0512|0636|1306|1639|1926|2045|24 Şevval 1448
20270402|0510|0634|1306|1639|1927|2046|25 Şevval 1448
20270403|0508|0633|1305|1640|1928|2047|26 Şevval 1448
20270404|0507|0631|1305|1640|1929|2048|27 Şevval 1448
20270405|0505|0629|1305|1640|1930|2049|28 Şevval 1448
20270406|0503|0628|1304|1640|1931|2050|29 Şevval 1448
20270407|0501|0626|1304|1641|1932|2052|30 Şevval 1448
20270408|0500|0625|1304|1641|1933|2053|1 Zilkade 1448
20270409|0458|0623|1304|1641|1934|2054|2 Zilkade 1448
20270410|0456|0622|1303|1642|1935|2055|3 Zilkade 1448
20270411|0454|0620|1303|1642|1936|2056|4 Zilkade 1448
20270412|0452|0619|1303|1642|1937|2058|5 Zilkade 1448
20270413|0451|0617|1303|1642|1938|2059|6 Zilkade 1448
20270414|0449|0616|1302|1643|1939|2100|7 Zilkade 1448
20270415|0447|0615|1302|1643|1940|2101|8 Zilkade 1448
20270416|0445|0613|1302|1643|1941|2103|9 Zilkade 1448
20270417|0444|0612|1302|1644|1942|2104|10 Zilkade 1448
20270418|0442|0610|1301|1644|1943|2105|11 Zilkade 1448
20270419|0440|0609|1301|1644|1944|2106|12 Zilkade 1448
20270420|0438|0607|1301|1644|1944|2108|13 Zilkade 1448
20270421|0437|0606|1301|1644|1945|2109|14 Zilkade 1448
20270422|0435|0605|1301|1645|1946|2110|15 Zilkade 1448
20270423|0433|0603|1300|1645|1947|2111|16 Zilkade 1448
20270424|0431|0602|1300|1645|1948|2113|17 Zilkade 1448
20270425|0430|0601|1300|1645|1949|2114|18 Zilkade 1448
20270426|0428|0559|1300|1646|1950|2115|19 Zilkade 1448
20270427|0426|0558|1300|1646|1951|2117|20 Zilkade 1448
20270428|0425|0557|1259|1646|1952|2118|21 Zilkade 1448
20270429|0423|0556|1259|1646|1953|2119|22 Zilkade 1448
20270430|0421|0554|1259|1646|1954|2121|23 Zilkade 1448
20270501|0420|0553|1259|1647|1955|2122|24 Zilkade 1448
20270502|0418|0552|1259|1647|1956|2123|25 Zilkade 1448
20270503|0417|0551|1259|1647|1957|2125|26 Zilkade 1448
20270504|0415|0550|1259|1647|1958|2126|27 Zilkade 1448
20270505|0413|0549|1259|1648|1959|2127|28 Zilkade 1448
20270506|0412|0547|1259|1648|2000|2129|29 Zilkade 1448
20270507|0410|0546|1258|1648|2001|2130|1 Zilhicce 1448
20270508|0409|0545|1258|1648|2002|2131|2 Zilhicce 1448
20270509|0407|0544|1258|1648|2003|2133|3 Zilhicce 1448
20270510|0406|0543|1258|1649|2004|2134|4 Zilhicce 1448
20270511|0404|0542|1258|1649|2004|2136|5 Zilhicce 1448
20270512|0403|0541|1258|1649|2005|2137|6 Zilhicce 1448
20270513|0401|0540|1258|1649|2006|2138|7 Zilhicce 1448
20270514|0400|0539|1258|1649|2007|2140|8 Zilhicce 1448
20270515|0359|0538|1258|1650|2008|2141|9 Zilhicce 1448
20270516|0357|0538|1258|1650|2009|2142|10 Zilhicce 1448
20270517|0356|0537|1258|1650|2010|2143|11 Zilhicce 1448
20270518|0355|0536|1258|1650|2011|2145|12 Zilhicce 1448
20270519|0353|0535|1258|1651|2012|2146|13 Zilhicce 1448
20270520|0352|0534|1258|1651|2013|2147|14 Zilhicce 1448
20270521|0351|0534|1258|1651|2013|2149|15 Zilhicce 1448
20270522|0350|0533|1259|1651|2014|2150|16 Zilhicce 1448
20270523|0349|0532|1259|1651|2015|2151|17 Zilhicce 1448
20270524|0348|0531|1259|1652|2016|2152|18 Zilhicce 1448
20270525|0346|0531|1259|1652|2017|2154|19 Zilhicce 1448
20270526|0345|0530|1259|1652|2018|2155|20 Zilhicce 1448
20270527|0344|0530|1259|1652|2018|2156|21 Zilhicce 1448
20270528|0344|0529|1259|1653|2019|2157|22 Zilhicce 1448
20270529|0343|0529|1259|1653|2020|2158|23 Zilhicce 1448
20270530|0342|0528|1259|1653|2021|2159|24 Zilhicce 1448
20270531|0341|0528|1259|1653|2021|2200|25 Zilhicce 1448
20270601|0340|0527|1300|1654|2022|2201|26 Zilhicce 1448
20270602|0339|0527|1300|1654|2023|2202|27 Zilhicce 1448
20270603|0339|0526|1300|1654|2023|2203|28 Zilhicce 1448
20270604|0338|0526|1300|1654|2024|2204|29 Zilhicce 1448
20270605|0337|0526|1300|1655|2025|2205|30 Zilhicce 1448
20270606|0337|0526|1300|1655|2025|2206|1 Muharrem 1449
20270607|0336|0525|1301|1655|2026|2207|2 Muharrem 1449
20270608|0336|0525|1301|1655|2027|2208|3 Muharrem 1449
20270609|0335|0525|1301|1656|2027|2209|4 Muharrem 1449
20270610|0335|0525|1301|1656|2028|2209|5 Muharrem 1449
20270611|0335|0525|1301|1656|2028|2210|6 Muharrem 1449
20270612|0334|0525|1302|1656|2029|2211|7 Muharrem 1449
20270613|0334|0525|1302|1657|2029|2211|8 Muharrem 1449
20270614|0334|0525|1302|1657|2030|2212|9 Muharrem 1449
20270615|0334|0525|1302|1657|2030|2213|10 Muharrem 1449
20270616|0334|0525|1302|1657|2030|2213|11 Muharrem 1449
20270617|0334|0525|1303|1658|2031|2214|12 Muharrem 1449
20270618|0334|0525|1303|1658|2031|2214|13 Muharrem 1449
20270619|0334|0525|1303|1658|2031|2214|14 Muharrem 1449
20270620|0334|0525|1303|1658|2032|2215|15 Muharrem 1449
20270621|0334|0525|1304|1658|2032|2215|16 Muharrem 1449
20270622|0334|0526|1304|1659|2032|2215|17 Muharrem 1449
20270623|0334|0526|1304|1659|2032|2215|18 Muharrem 1449
20270624|0335|0526|1304|1659|2032|2215|19 Muharrem 1449
20270625|0335|0526|1304|1659|2033|2215|20 Muharrem 1449
20270626|0335|0527|1305|1700|2033|2216|21 Muharrem 1449
20270627|0336|0527|1305|1700|2033|2215|22 Muharrem 1449
20270628|0336|0527|1305|1700|2033|2215|23 Muharrem 1449
20270629|0337|0528|1305|1700|2033|2215|24 Muharrem 1449
20270630|0338|0528|1305|1700|2033|2215|25 Muharrem 1449
20270701|0338|0529|1306|1700|2033|2215|26 Muharrem 1449
20270702|0339|0529|1306|1701|2033|2215|27 Muharrem 1449
20270703|0340|0530|1306|1701|2032|2214|28 Muharrem 1449
20270704|0340|0530|1306|1701|2032|2214|29 Muharrem 1449
20270705|0341|0531|1306|1701|2032|2214|1 Safer 1449
20270706|0342|0531|1307|1701|2032|2213|2 Safer 1449
20270707|0343|0532|1307|1701|2032|2213|3 Safer 1449
20270708|0344|0532|1307|1701|2031|2212|4 Safer 1449
20270709|0345|0533|1307|1701|2031|2211|5 Safer 1449
20270710|0346|0534|1307|1701|2031|2211|6 Safer 1449
20270711|0347|0534|1307|1701|2030|2210|7 Safer 1449
20270712|0348|0535|1307|1701|2030|2209|8 Safer 1449
20270713|0349|0536|1308|1702|2030|2209|9 Safer 1449
20270714|0350|0536|1308|1702|2029|2208|10 Safer 1449
20270715|0351|0537|1308|1702|2029|2207|11 Safer 1449
20270716|0352|0538|1308|1702|2028|2206|12 Safer 1449
20270717|0353|0539|1308|1701|2028|2205|13 Safer 1449
20270718|0354|0539|1308|1701|2027|2204|14 Safer 1449
20270719|0356|0540|1308|1701|2026|2203|15 Safer 1449
20270720|0357|0541|1308|1701|2026|2202|16 Safer 1449
20270721|0358|0542|1308|1701|2025|2201|17 Safer 1449
20270722|0359|0542|1308|1701|2024|2200|18 Safer 1449
20270723|0401|0543|1308|1701|2024|2159|19 Safer 1449
20270724|0402|0544|1308|1701|2023|2158|20 Safer 1449
20270725|0403|0545|1308|1701|2022|2157|21 Safer 1449
20270726|0404|0546|1308|1701|2021|2155|22 Safer 1449
20270727|0406|0547|1308|1700|2020|2154|23 Safer 1449
20270728|0407|0547|1308|1700|2020|2153|24 Safer 1449
20270729|0408|0548|1308|1700|2019|2151|25 Safer 1449
20270730|0410|0549|1308|1700|2018|2150|26 Safer 1449
20270731|0411|0550|1308|1659|2017|2149|27 Safer 1449
20270801|0412|0551|1308|1659|2016|2147|28 Safer 1449
20270802|0414|0552|1308|1659|2015|2146|29 Safer 1449
20270803|0415|0553|1308|1659|2014|2145|1 Rebiulevvel 1449
20270804|0416|0553|1308|1658|2013|2143|2 Rebiulevvel 1449
20270805|0418|0554|1308|1658|2012|2142|3 Rebiulevvel 1449
20270806|0419|0555|1308|1657|2011|2140|4 Rebiulevvel 1449
20270807|0420|0556|1308|1657|2009|2139|5 Rebiulevvel 1449
20270808|0422|0557|1308|1657|2008|2137|6 Rebiulevvel 1449
20270809|0423|0558|1308|1656|2007|2136|7 Rebiulevvel 1449
20270810|0424|0559|1307|1656|2006|2134|8 Rebiulevvel 1449
20270811|0426|0600|1307|1655|2005|2132|9 Rebiulevvel 1449
20270812|0427|0601|1307|1655|2004|2131|10 Rebiulevvel 1449
20270813|0428|0602|1307|1654|2002|2129|11 Rebiulevvel 1449
20270814|0430|0602|1307|1654|2001|2127|12 Rebiulevvel 1449
20270815|0431|0603|1307|1653|2000|2126|13 Rebiulevvel 1449
20270816|0432|0604|1306|1653|1958|2124|14 Rebiulevvel 1449
20270817|0434|0605|1306|1652|1957|2123|15 Rebiulevvel 1449
20270818|0435|0606|1306|1652|1956|2121|16 Rebiulevvel 1449
20270819|0436|0607|1306|1651|1955|2119|17 Rebiulevvel 1449
20270820|0437|0608|1305|1650|1953|2117|18 Rebiulevvel 1449
20270821|0439|0609|1305|1650|1952|2116|19 Rebiulevvel 1449
20270822|0440|0610|1305|1649|1950|2114|20 Rebiulevvel 1449
20270823|0441|0610|1305|1648|1949|2112|21 Rebiulevvel 1449
20270824|0442|0611|1304|1648|1948|2111|22 Rebiulevvel 1449
20270825|0444|0612|1304|1647|1946|2109|23 Rebiulevvel 1449
20270826|0445|0613|1304|1646|1945|2107|24 Rebiulevvel 1449
20270827|0446|0614|1304|1645|1943|2105|25 Rebiulevvel 1449
20270828|0447|0615|1303|1645|1942|2104|26 Rebiulevvel 1449
20270829|0449|0616|1303|1644|1940|2102|27 Rebiulevvel 1449
20270830|0450|0617|1303|1643|1939|2100|28 Rebiulevvel 1449
20270831|0451|0618|1302|1642|1937|2058|29 Rebiulevvel 1449
20270901|0452|0618|1302|1641|1936|2056|30 Rebiulevvel 1449
20270902|0453|0619|1302|1641|1934|2055|1 Rebiulahir 1449
20270903|0454|0620|1301|1640|1933|2053|2 Rebiulahir 1449
20270904|0456|0621|1301|1639|1931|2051|3 Rebiulahir 1449
20270905|0457|0622|1301|1638|1930|2049|4 Rebiulahir 1449
20270906|0458|0623|1300|1637|1928|2048|5 Rebiulahir 1449
20270907|0459|0624|1300|1636|1927|2046|6 Rebiulahir 1449
20270908|0500|0625|1300|1635|1925|2044|7 Rebiulahir 1449
20270909|0501|0626|1259|1634|1923|2042|8 Rebiulahir 1449
20270910|0502|0626|1259|1633|1922|2041|9 Rebiulahir 1449
20270911|0503|0627|1259|1632|1920|2039|10 Rebiulahir 1449
20270912|0504|0628|1258|1631|1919|2037|11 Rebiulahir 1449
20270913|0505|0629|1258|1630|1917|2035|12 Rebiulahir 1449
20270914|0507|0630|1258|1629|1915|2033|13 Rebiulahir 1449
20270915|0508|0631|1257|1628|1914|2032|14 Rebiulahir 1449
20270916|0509|0632|1257|1627|1912|2030|15 Rebiulahir 1449
20270917|0510|0633|1257|1626|1911|2028|16 Rebiulahir 1449
20270918|0511|0633|1256|1625|1909|2026|17 Rebiulahir 1449
20270919|0512|0634|1256|1624|1908|2025|18 Rebiulahir 1449
20270920|0513|0635|1256|1623|1906|2023|19 Rebiulahir 1449
20270921|0514|0636|1255|1622|1904|2021|20 Rebiulahir 1449
20270922|0515|0637|1255|1621|1903|2020|21 Rebiulahir 1449
20270923|0516|0638|1254|1620|1901|2018|22 Rebiulahir 1449
20270924|0517|0639|1254|1619|1859|2016|23 Rebiulahir 1449
20270925|0518|0640|1254|1618|1858|2014|24 Rebiulahir 1449
20270926|0519|0641|1253|1617|1856|2013|25 Rebiulahir 1449
20270927|0520|0642|1253|1616|1855|2011|26 Rebiulahir 1449
20270928|0521|0642|1253|1614|1853|2009|27 Rebiulahir 1449
20270929|0522|0643|1252|1613|1852|2008|28 Rebiulahir 1449
20270930|0523|0644|1252|1612|1850|2006|29 Rebiulahir 1449
20271001|0524|0645|1252|1611|1848|2005|1 Cemaziyelevvel 1449
20271002|0525|0646|1251|1610|1847|2003|2 Cemaziyelevvel 1449
20271003|0526|0647|1251|1609|1845|2001|3 Cemaziyelevvel 1449
20271004|0527|0648|1251|1608|1844|2000|4 Cemaziyelevvel 1449
20271005|0528|0649|1251|1607|1842|1958|5 Cemaziyelevvel 1449
20271006|0529|0650|1250|1605|1841|1957|6 Cemaziyelevvel 1449
20271007|0530|0651|1250|1604|1839|1955|7 Cemaziyelevvel 1449
20271008|0531|0652|1250|1603|1838|1954|8 Cemaziyelevvel 1449
20271009|0531|0653|1249|1602|1836|1952|9 Cemaziyelevvel 1449
20271010|0532|0654|1249|1601|1835|1951|10 Cemaziyelevvel 1449
20271011|0533|0655|1249|1600|1833|1949|11 Cemaziyelevvel 1449
20271012|0534|0656|1249|1559|1832|1948|12 Cemaziyelevvel 1449
20271013|0535|0657|1248|1558|1830|1946|13 Cemaziyelevvel 1449
20271014|0536|0658|1248|1557|1829|1945|14 Cemaziyelevvel 1449
20271015|0537|0659|1248|1555|1827|1943|15 Cemaziyelevvel 1449
20271016|0538|0700|1248|1554|1826|1942|16 Cemaziyelevvel 1449
20271017|0539|0700|1247|1553|1824|1941|17 Cemaziyelevvel 1449
20271018|0540|0701|1247|1552|1823|1939|18 Cemaziyelevvel 1449
20271019|0541|0703|1247|1551|1821|1938|19 Cemaziyelevvel 1449
20271020|0542|0704|1247|1550|1820|1937|20 Cemaziyelevvel 1449
20271021|0543|0705|1247|1549|1819|1935|21 Cemaziyelevvel 1449
20271022|0544|0706|1246|1548|1817|1934|22 Cemaziyelevvel 1449
20271023|0545|0707|1246|1547|1816|1933|23 Cemaziyelevvel 1449
20271024|0546|0708|1246|1546|1815|1932|24 Cemaziyelevvel 1449
20271025|0547|0709|1246|1545|1813|1930|25 Cemaziyelevvel 1449
20271026|0548|0710|1246|1544|1812|1929|26 Cemaziyelevvel 1449
20271027|0549|0711|1246|1543|1811|1928|27 Cemaziyelevvel 1449
20271028|0549|0712|1246|1542|1810|1927|28 Cemaziyelevvel 1449
20271029|0550|0713|1246|1541|1808|1926|29 Cemaziyelevvel 1449
20271030|0551|0714|1246|1540|1807|1925|30 Cemaziyelevvel 1449
20271031|0552|0715|1246|1539|1806|1924|1 Cemaziyelahir 1449
20271101|0553|0716|1245|1538|1805|1923|2 Cemaziyelahir 1449
20271102|0554|0717|1245|1537|1804|1922|3 Cemaziyelahir 1449
20271103|0555|0718|1245|1536|1803|1921|4 Cemaziyelahir 1449
20271104|0556|0719|1245|1536|1802|1920|5 Cemaziyelahir 1449
20271105|0557|0720|1245|1535|1801|1919|6 Cemaziyelahir 1449
20271106|0558|0722|1245|1534|1759|1918|7 Cemaziyelahir 1449
20271107|0559|0723|1246|1533|1758|1917|8 Cemaziyelahir 1449
20271108|0600|0724|1246|1532|1757|1916|9 Cemaziyelahir 1449
20271109|0601|0725|1246|1532|1757|1915|10 Cemaziyelahir 1449
20271110|0602|0726|1246|1531|1756|1914|11 Cemaziyelahir 1449
20271111|0603|0727|1246|1530|1755|1914|12 Cemaziyelahir 1449
20271112|0604|0728|1246|1529|1754|1913|13 Cemaziyelahir 1449
20271113|0605|0729|1246|1529|1753|1912|14 Cemaziyelahir 1449
20271114|0606|0730|1246|1528|1752|1912|15 Cemaziyelahir 1449
20271115|0607|0731|1246|1528|1751|1911|16 Cemaziyelahir 1449
20271116|0608|0733|1247|1527|1751|1910|17 Cemaziyelahir 1449
20271117|0608|0734|1247|1526|1750|1910|18 Cemaziyelahir 1449
20271118|0609|0735|1247|1526|1749|1909|19 Cemaziyelahir 1449
20271119|0610|0736|1247|1525|1748|1909|20 Cemaziyelahir 1449
20271120|0611|0737|1247|1525|1748|1908|21 Cemaziyelahir 1449
20271121|0612|0738|1248|1524|1747|1908|22 Cemaziyelahir 1449
20271122|0613|0739|1248|1524|1747|1907|23 Cemaziyelahir 1449
20271123|0614|0740|1248|1524|1746|1907|24 Cemaziyelahir 1449
20271124|0615|0741|1248|1523|1746|1907|25 Cemaziyelahir 1449
20271125|0616|0742|1249|1523|1745|1906|26 Cemaziyelahir 1449
20271126|0617|0743|1249|1522|1745|1906|27 Cemaziyelahir 1449
20271127|0618|0744|1249|1522|1744|1906|28 Cemaziyelahir 1449
20271128|0618|0745|1250|1522|1744|1905|29 Cemaziyelahir 1449
20271129|0619|0746|1250|1522|1744|1905|1 Recep 1449
20271130|0620|0747|1250|1522|1743|1905|2 Recep 1449
20271201|0621|0748|1251|1521|1743|1905|3 Recep 1449
20271202|0622|0749|1251|1521|1743|1905|4 Recep 1449
20271203|0623|0750|1251|1521|1743|1905|5 Recep 1449
20271204|0624|0751|1252|1521|1742|1905|6 Recep 1449
20271205|0624|0752|1252|1521|1742|1905|7 Recep 1449
20271206|0625|0753|1253|1521|1742|1905|8 Recep 1449
20271207|0626|0754|1253|1521|1742|1905|9 Recep 1449
20271208|0627|0755|1253|1521|1742|1905|10 Recep 1449
20271209|0628|0756|1254|1521|1742|1905|11 Recep 1449
20271210|0628|0756|1254|1521|1742|1905|12 Recep 1449
20271211|0629|0757|1255|1521|1742|1905|13 Recep 1449
20271212|0630|0758|1255|1522|1742|1905|14 Recep 1449
20271213|0630|0759|1256|1522|1743|1906|15 Recep 1449
20271214|0631|0800|1256|1522|1743|1906|16 Recep 1449
20271215|0632|0800|1257|1522|1743|1906|17 Recep 1449
20271216|0632|0801|1257|1523|1743|1907|18 Recep 1449
20271217|0633|0802|1258|1523|1744|1907|19 Recep 1449
20271218|0634|0802|1258|1523|1744|1907|20 Recep 1449
20271219|0634|0803|1259|1524|1744|1908|21 Recep 1449
20271220|0635|0803|1259|1524|1745|1908|22 Recep 1449
20271221|0635|0804|1300|1525|1745|1909|23 Recep 1449
20271222|0636|0804|1300|1525|1746|1909|24 Recep 1449
20271223|0636|0805|1301|1526|1746|1910|25 Recep 1449
20271224|0637|0805|1301|1526|1747|1910|26 Recep 1449
20271225|0637|0806|1302|1527|1747|1911|27 Recep 1449
20271226|0638|0806|1302|1527|1748|1911|28 Recep 1449
20271227|0638|0807|1303|1528|1749|1912|29 Recep 1449
20271228|0638|0807|1303|1529|1749|1912|30 Recep 1449
20271229|0639|0807|1304|1529|1750|1913|1 Şaban 1449
20271230|0639|0807|1304|1530|1751|1914|2 Şaban 1449
20271231|0639|0808|1305|1531|1751|1914|3 Şaban 1449
#@9173|Dazkırı|AFYONKARAHISAR|730
20260101|0642|0809|1309|1538|1758|1920|12 Recep 1447
20260102|0642|0810|1309|1538|1759|1921|13 Recep 1447
20260103|0643|0810|1310|1539|1800|1922|14 Recep 1447
20260104|0643|0810|1310|1540|1801|1923|15 Recep 1447
20260105|0643|0810|1311|1541|1802|1923|16 Recep 1447
20260106|0643|0810|1311|1542|1803|1924|17 Recep 1447
20260107|0643|0810|1312|1542|1804|1925|18 Recep 1447
20260108|0643|0810|1312|1543|1805|1926|19 Recep 1447
20260109|0643|0810|1312|1544|1805|1927|20 Recep 1447
20260110|0643|0809|1313|1545|1806|1927|21 Recep 1447
20260111|0643|0809|1313|1546|1807|1928|22 Recep 1447
20260112|0643|0809|1314|1547|1808|1929|23 Recep 1447
20260113|0643|0809|1314|1548|1809|1930|24 Recep 1447
20260114|0643|0809|1314|1549|1810|1931|25 Recep 1447
20260115|0643|0808|1315|1549|1811|1932|26 Recep 1447
20260116|0642|0808|1315|1550|1812|1933|27 Recep 1447
20260117|0642|0808|1316|1551|1813|1934|28 Recep 1447
20260118|0642|0807|1316|1552|1815|1935|29 Recep 1447
20260119|0642|0807|1316|1553|1816|1936|30 Recep 1447
20260120|0641|0806|1316|1554|1817|1936|1 Şaban 1447
20260121|0641|0806|1317|1555|1818|1937|2 Şaban 1447
20260122|0641|0805|1317|1556|1819|1938|3 Şaban 1447
20260123|0640|0805|1317|1557|1820|1939|4 Şaban 1447
20260124|0640|0804|1318|1558|1821|1940|5 Şaban 1447
20260125|0639|0803|1318|1559|1822|1941|6 Şaban 1447
20260126|0639|0803|1318|1600|1823|1942|7 Şaban 1447
20260127|0638|0802|1318|1601|1824|1943|8 Şaban 1447
20260128|0638|0801|1318|1602|1825|1944|9 Şaban 1447
20260129|0637|0801|1319|1603|1827|1945|10 Şaban 1447
20260130|0636|0800|1319|1604|1828|1946|11 Şaban 1447
20260131|0636|0759|1319|1605|1829|1947|12 Şaban 1447
20260201|0635|0758|1319|1605|1830|1948|13 Şaban 1447
20260202|0634|0757|1319|1606|1831|1949|14 Şaban 1447
20260203|0634|0756|1319|1607|1832|1950|15 Şaban 1447
20260204|0633|0756|1319|1608|1833|1951|16 Şaban 1447
20260205|0632|0755|1320|1609|1834|1952|17 Şaban 1447
20260206|0631|0754|1320|1610|1836|1953|18 Şaban 1447
20260207|0630|0753|1320|1611|1837|1954|19 Şaban 1447
20260208|0629|0752|1320|1612|1838|1955|20 Şaban 1447
20260209|0629|0751|1320|1613|1839|1956|21 Şaban 1447
20260210|0628|0750|1320|1614|1840|1957|22 Şaban 1447
20260211|0627|0748|1320|1614|1841|1958|23 Şaban 1447
20260212|0626|0747|1320|1615|1842|1959|24 Şaban 1447
20260213|0625|0746|1320|1616|1843|2000|25 Şaban 1447
20260214|0624|0745|1320|1617|1844|2001|26 Şaban 1447
20260215|0623|0744|1320|1618|1846|2002|27 Şaban 1447
20260216|0622|0743|1320|1619|1847|2003|28 Şaban 1447
20260217|0620|0742|1320|1619|1848|2004|29 Şaban 1447
20260218|0619|0740|1320|1620|1849|2005|30 Şaban 1447
20260219|0618|0739|1319|1621|1850|2006|1 Ramazan 1447
20260220|0617|0738|1319|1622|1851|2007|2 Ramazan 1447
20260221|0616|0737|1319|1623|1852|2008|3 Ramazan 1447
20260222|0615|0735|1319|1623|1853|2009|4 Ramazan 1447
20260223|0613|0734|1319|1624|1854|2010|5 Ramazan 1447
20260224|0612|0733|1319|1625|1855|2011|6 Ramazan 1447
20260225|0611|0731|1319|1625|1856|2012|7 Ramazan 1447
20260226|0609|0730|1319|1626|1857|2013|8 Ramazan 1447
20260227|0608|0729|1318|1627|1858|2013|9 Ramazan 1447
20260228|0607|0727|1318|1627|1859|2014|10 Ramazan 1447
20260301|0605|0726|1318|1628|1900|2015|11 Ramazan 1447
20260302|0604|0724|1318|1629|1901|2016|12 Ramazan 1447
20260303|0603|0723|1318|1629|1902|2017|13 Ramazan 1447
20260304|0601|0722|1317|1630|1903|2018|14 Ramazan 1447
20260305|0600|0720|1317|1631|1904|2019|15 Ramazan 1447
20260306|0558|0719|1317|1631|1905|2020|16 Ramazan 1447
20260307|0557|0717|1317|1632|1906|2021|17 Ramazan 1447
20260308|0555|0716|1316|1632|1907|2022|18 Ramazan 1447
20260309|0554|0714|1316|1633|1908|2023|19 Ramazan 1447
20260310|0553|0713|1316|1633|1909|2024|20 Ramazan 1447
20260311|0551|0711|1316|1634|1910|2025|21 Ramazan 1447
20260312|0549|0710|1315|1634|1911|2026|22 Ramazan 1447
20260313|0548|0708|1315|1635|1912|2027|23 Ramazan 1447
20260314|0546|0707|1315|1635|1913|2028|24 Ramazan 1447
20260315|0545|0705|1315|1636|1914|2029|25 Ramazan 1447
20260316|0543|0704|1314|1636|1915|2030|26 Ramazan 1447
20260317|0542|0702|1314|1637|1916|2031|27 Ramazan 1447
20260318|0540|0701|1314|1637|1917|2032|28 Ramazan 1447
20260319|0538|0659|1313|1638|1918|2033|29 Ramazan 1447
20260320|0537|0658|1313|1638|1919|2034|1 Şevval 1447
20260321|0535|0656|1313|1639|1920|2035|2 Şevval 1447
20260322|0534|0655|1313|1639|1921|2036|3 Şevval 1447
20260323|0532|0653|1312|1639|1921|2038|4 Şevval 1447
20260324|0530|0652|1312|1640|1922|2039|5 Şevval 1447
20260325|0529|0650|1312|1640|1923|2040|6 Şevval 1447
20260326|0527|0649|1311|1641|1924|2041|7 Şevval 1447
20260327|0525|0647|1311|1641|1925|2042|8 Şevval 1447
20260328|0523|0645|1311|1641|1926|2043|9 Şevval 1447
20260329|0522|0644|1310|1642|1927|2044|10 Şevval 1447
20260330|0520|0642|1310|1642|1928|2045|11 Şevval 1447
20260331|0518|0641|1310|1642|1929|2046|12 Şevval 1447
20260401|0517|0639|1310|1643|1930|2047|13 Şevval 1447
20260402|0515|0638|1309|1643|1931|2048|14 Şevval 1447
20260403|0513|0636|1309|1643|1932|2049|15 Şevval 1447
20260404|0512|0635|1309|1643|1933|2050|16 Şevval 1447
20260405|0510|0633|1308|1644|1933|2052|17 Şevval 1447
20260406|0508|0632|1308|1644|1934|2053|18 Şevval 1447
20260407|0506|0630|1308|1644|1935|2054|19 Şevval 1447
20260408|0505|0629|1308|1645|1936|2055|20 Şevval 1447
20260409|0503|0627|1307|1645|1937|2056|21 Şevval 1447
20260410|0501|0626|1307|1645|1938|2057|22 Şevval 1447
20260411|0459|0625|1307|1645|1939|2058|23 Şevval 1447
20260412|0458|0623|1306|1646|1940|2100|24 Şevval 1447
20260413|0456|0622|1306|1646|1941|2101|25 Şevval 1447
20260414|0454|0620|1306|1646|1942|2102|26 Şevval 1447
20260415|0453|0619|1306|1646|1943|2103|27 Şevval 1447
20260416|0451|0617|1305|1646|1944|2104|28 Şevval 1447
20260417|0449|0616|1305|1647|1945|2106|29 Şevval 1447
20260418|0448|0615|1305|1647|1945|2107|1 Zilkade 1447
20260419|0446|0613|1305|1647|1946|2108|2 Zilkade 1447
20260420|0444|0612|1305|1647|1947|2109|3 Zilkade 1447
20260421|0442|0611|1304|1648|1948|2110|4 Zilkade 1447
20260422|0441|0609|1304|1648|1949|2112|5 Zilkade 1447
20260423|0439|0608|1304|1648|1950|2113|6 Zilkade 1447
20260424|0437|0607|1304|1648|1951|2114|7 Zilkade 1447
20260425|0436|0605|1304|1648|1952|2115|8 Zilkade 1447
20260426|0434|0604|1303|1649|1953|2117|9 Zilkade 1447
20260427|0433|0603|1303|1649|1954|2118|10 Zilkade 1447
20260428|0431|0602|1303|1649|1955|2119|11 Zilkade 1447
20260429|0429|0600|1303|1649|1956|2121|12 Zilkade 1447
20260430|0428|0559|1303|1649|1957|2122|13 Zilkade 1447
20260501|0426|0558|1303|1649|1957|2123|14 Zilkade 1447
20260502|0425|0557|1303|1650|1958|2124|15 Zilkade 1447
20260503|0423|0556|1303|1650|1959|2126|16 Zilkade 1447
20260504|0421|0555|1302|1650|2000|2127|17 Zilkade 1447
20260505|0420|0554|1302|1650|2001|2128|18 Zilkade 1447
20260506|0418|0552|1302|1650|2002|2130|19 Zilkade 1447
20260507|0417|0551|1302|1651|2003|2131|20 Zilkade 1447
20260508|0415|0550|1302|1651|2004|2132|21 Zilkade 1447
20260509|0414|0549|1302|1651|2005|2134|22 Zilkade 1447
20260510|0413|0548|1302|1651|2006|2135|23 Zilkade 1447
20260511|0411|0547|1302|1651|2007|2136|24 Zilkade 1447
20260512|0410|0546|1302|1652|2008|2137|25 Zilkade 1447
20260513|0408|0546|1302|1652|2008|2139|26 Zilkade 1447
20260514|0407|0545|1302|1652|2009|2140|27 Zilkade 1447
20260515|0406|0544|1302|1652|2010|2141|28 Zilkade 1447
20260516|0405|0543|1302|1652|2011|2143|29 Zilkade 1447
20260517|0403|0542|1302|1653|2012|2144|30 Zilkade 1447
20260518|0402|0541|1302|1653|2013|2145|1 Zilhicce 1447
20260519|0401|0541|1302|1653|2014|2146|2 Zilhicce 1447
20260520|0400|0540|1302|1653|2014|2147|3 Zilhicce 1447
20260521|0359|0539|1302|1653|2015|2149|4 Zilhicce 1447
20260522|0357|0538|1302|1654|2016|2150|5 Zilhicce 1447
20260523|0356|0538|1302|1654|2017|2151|6 Zilhicce 1447
20260524|0355|0537|1302|1654|2018|2152|7 Zilhicce 1447
20260525|0354|0536|1302|1654|2019|2153|8 Zilhicce 1447
20260526|0353|0536|1303|1654|2019|2155|9 Zilhicce 1447
20260527|0352|0535|1303|1655|2020|2156|10 Zilhicce 1447
20260528|0351|0535|1303|1655|2021|2157|11 Zilhicce 1447
20260529|0351|0534|1303|1655|2022|2158|12 Zilhicce 1447
20260530|0350|0534|1303|1655|2022|2159|13 Zilhicce 1447
20260531|0349|0534|1303|1656|2023|2200|14 Zilhicce 1447
20260601|0348|0533|1303|1656|2024|2201|15 Zilhicce 1447
20260602|0348|0533|1304|1656|2024|2202|16 Zilhicce 1447
20260603|0347|0532|1304|1656|2025|2203|17 Zilhicce 1447
20260604|0346|0532|1304|1656|2026|2204|18 Zilhicce 1447
20260605|0346|0532|1304|1657|2026|2205|19 Zilhicce 1447
20260606|0345|0532|1304|1657|2027|2205|20 Zilhicce 1447
20260607|0345|0531|1304|1657|2027|2206|21 Zilhicce 1447
20260608|0344|0531|1305|1657|2028|2207|22 Zilhicce 1447
20260609|0344|0531|1305|1658|2029|2208|23 Zilhicce 1447
20260610|0344|0531|1305|1658|2029|2209|24 Zilhicce 1447
20260611|0343|0531|1305|1658|2030|2209|25 Zilhicce 1447
20260612|0343|0531|1305|1658|2030|2210|26 Zilhicce 1447
20260613|0343|0531|1306|1659|2030|2210|27 Zilhicce 1447
20260614|0343|0531|1306|1659|2031|2211|28 Zilhicce 1447
20260615|0343|0531|1306|1659|2031|2212|29 Zilhicce 1447
20260616|0342|0531|1306|1659|2032|2212|1 Muharrem 1448
20260617|0342|0531|1306|1700|2032|2212|2 Muharrem 1448
20260618|0342|0531|1307|1700|2032|2213|3 Muharrem 1448
20260619|0343|0531|1307|1700|2033|2213|4 Muharrem 1448
20260620|0343|0531|1307|1700|2033|2214|5 Muharrem 1448
20260621|0343|0531|1307|1700|2033|2214|6 Muharrem 1448
20260622|0343|0532|1308|1701|2033|2214|7 Muharrem 1448
20260623|0343|0532|1308|1701|2034|2214|8 Muharrem 1448
20260624|0344|0532|1308|1701|2034|2214|9 Muharrem 1448
20260625|0344|0533|1308|1701|2034|2214|10 Muharrem 1448
20260626|0344|0533|1308|1702|2034|2214|11 Muharrem 1448
20260627|0345|0533|1309|1702|2034|2214|12 Muharrem 1448
20260628|0345|0534|1309|1702|2034|2214|13 Muharrem 1448
20260629|0346|0534|1309|1702|2034|2214|14 Muharrem 1448
20260630|0347|0534|1309|1702|2034|2214|15 Muharrem 1448
20260701|0347|0535|1309|1702|2034|2214|16 Muharrem 1448
20260702|0348|0535|1310|1703|2034|2214|17 Muharrem 1448
20260703|0348|0536|1310|1703|2034|2213|18 Muharrem 1448
20260704|0349|0536|1310|1703|2034|2213|19 Muharrem 1448
20260705|0350|0537|1310|1703|2033|2212|20 Muharrem 1448
20260706|0351|0537|1310|1703|2033|2212|21 Muharrem 1448
20260707|0352|0538|1310|1703|2033|2212|22 Muharrem 1448
20260708|0353|0539|1311|1703|2033|2211|23 Muharrem 1448
20260709|0353|0539|1311|1703|2032|2210|24 Muharrem 1448
20260710|0354|0540|1311|1703|2032|2210|25 Muharrem 1448
20260711|0355|0540|1311|1704|2032|2209|26 Muharrem 1448
20260712|0356|0541|1311|1704|2031|2209|27 Muharrem 1448
20260713|0357|0542|1311|1704|2031|2208|28 Muharrem 1448
20260714|0358|0542|1311|1704|2030|2207|29 Muharrem 1448
20260715|0359|0543|1312|1704|2030|2206|1 Safer 1448
20260716|0401|0544|1312|1704|2030|2205|2 Safer 1448
20260717|0402|0545|1312|1704|2029|2204|3 Safer 1448
20260718|0403|0545|1312|1704|2028|2204|4 Safer 1448
20260719|0404|0546|1312|1704|2028|2203|5 Safer 1448
20260720|0405|0547|1312|1704|2027|2202|6 Safer 1448
20260721|0406|0548|1312|1703|2026|2201|7 Safer 1448
20260722|0407|0548|1312|1703|2026|2200|8 Safer 1448
20260723|0409|0549|1312|1703|2025|2158|9 Safer 1448
20260724|0410|0550|1312|1703|2024|2157|10 Safer 1448
20260725|0411|0551|1312|1703|2024|2156|11 Safer 1448
20260726|0412|0552|1312|1703|2023|2155|12 Safer 1448
20260727|0414|0552|1312|1703|2022|2154|13 Safer 1448
20260728|0415|0553|1312|1702|2021|2153|14 Safer 1448
20260729|0416|0554|1312|1702|2020|2151|15 Safer 1448
20260730|0417|0555|1312|1702|2019|2150|16 Safer 1448
20260731|0419|0556|1312|1702|2018|2149|17 Safer 1448
20260801|0420|0557|1312|1702|2017|2147|18 Safer 1448
20260802|0421|0557|1312|1701|2016|2146|19 Safer 1448
20260803|0423|0558|1312|1701|2015|2145|20 Safer 1448
20260804|0424|0559|1312|1701|2014|2143|21 Safer 1448
20260805|0425|0600|1312|1700|2013|2142|22 Safer 1448
20260806|0426|0601|1312|1700|2012|2140|23 Safer 1448
20260807|0428|0602|1311|1700|2011|2139|24 Safer 1448
20260808|0429|0603|1311|1659|2010|2137|25 Safer 1448
20260809|0430|0603|1311|1659|2009|2136|26 Safer 1448
20260810|0432|0604|1311|1658|2008|2134|27 Safer 1448
20260811|0433|0605|1311|1658|2007|2133|28 Safer 1448
20260812|0434|0606|1311|1657|2005|2131|29 Safer 1448
20260813|0435|0607|1311|1657|2004|2130|30 Safer 1448
20260814|0437|0608|1310|1656|2003|2128|1 Rebiulevvel 1448
20260815|0438|0609|1310|1656|2002|2126|2 Rebiulevvel 1448
20260816|0439|0609|1310|1655|2001|2125|3 Rebiulevvel 1448
20260817|0440|0610|1310|1655|1959|2123|4 Rebiulevvel 1448
20260818|0442|0611|1310|1654|1958|2122|5 Rebiulevvel 1448
20260819|0443|0612|1309|1654|1957|2120|6 Rebiulevvel 1448
20260820|0444|0613|1309|1653|1955|2118|7 Rebiulevvel 1448
20260821|0445|0614|1309|1652|1954|2117|8 Rebiulevvel 1448
20260822|0446|0615|1309|1652|1953|2115|9 Rebiulevvel 1448
20260823|0448|0616|1308|1651|1951|2113|10 Rebiulevvel 1448
20260824|0449|0616|1308|1650|1950|2112|11 Rebiulevvel 1448
20260825|0450|0617|1308|1650|1948|2110|12 Rebiulevvel 1448
20260826|0451|0618|1308|1649|1947|2108|13 Rebiulevvel 1448
20260827|0452|0619|1307|1648|1946|2106|14 Rebiulevvel 1448
20260828|0454|0620|1307|1648|1944|2105|15 Rebiulevvel 1448
20260829|0455|0621|1307|1647|1943|2103|16 Rebiulevvel 1448
20260830|0456|0622|1306|1646|1941|2101|17 Rebiulevvel 1448
20260831|0457|0622|1306|1645|1940|2100|18 Rebiulevvel 1448
20260901|0458|0623|1306|1644|1938|2058|19 Rebiulevvel 1448
20260902|0459|0624|1305|1644|1937|2056|20 Rebiulevvel 1448
20260903|0500|0625|1305|1643|1935|2054|21 Rebiulevvel 1448
20260904|0501|0626|1305|1642|1934|2053|22 Rebiulevvel 1448
20260905|0502|0627|1304|1641|1932|2051|23 Rebiulevvel 1448
20260906|0504|0627|1304|1640|1931|2049|24 Rebiulevvel 1448
20260907|0505|0628|1304|1639|1929|2047|25 Rebiulevvel 1448
20260908|0506|0629|1303|1638|1928|2046|26 Rebiulevvel 1448
20260909|0507|0630|1303|1637|1926|2044|27 Rebiulevvel 1448
20260910|0508|0631|1303|1637|1925|2042|28 Rebiulevvel 1448
20260911|0509|0632|1302|1636|1923|2041|29 Rebiulevvel 1448
20260912|0510|0633|1302|1635|1922|2039|1 Rebiulahir 1448
20260913|0511|0633|1302|1634|1920|2037|2 Rebiulahir 1448
20260914|0512|0634|1301|1633|1918|2035|3 Rebiulahir 1448
20260915|0513|0635|1301|1632|1917|2034|4 Rebiulahir 1448
20260916|0514|0636|1301|1631|1915|2032|5 Rebiulahir 1448
20260917|0515|0637|1300|1630|1914|2030|6 Rebiulahir 1448
20260918|0516|0638|1300|1629|1912|2029|7 Rebiulahir 1448
20260919|0517|0638|1300|1628|1911|2027|8 Rebiulahir 1448
20260920|0518|0639|1259|1627|1909|2025|9 Rebiulahir 1448
20260921|0519|0640|1259|1626|1907|2023|10 Rebiulahir 1448
20260922|0520|0641|1258|1625|1906|2022|11 Rebiulahir 1448
20260923|0521|0642|1258|1624|1904|2020|12 Rebiulahir 1448
20260924|0522|0643|1258|1623|1903|2018|13 Rebiulahir 1448
20260925|0523|0644|1257|1621|1901|2017|14 Rebiulahir 1448
20260926|0524|0645|1257|1620|1900|2015|15 Rebiulahir 1448
20260927|0525|0645|1257|1619|1858|2014|16 Rebiulahir 1448
20260928|0526|0646|1256|1618|1857|2012|17 Rebiulahir 1448
20260929|0527|0647|1256|1617|1855|2010|18 Rebiulahir 1448
20260930|0528|0648|1256|1616|1853|2009|19 Rebiulahir 1448
20261001|0528|0649|1255|1615|1852|2007|20 Rebiulahir 1448
20261002|0529|0650|1255|1614|1850|2006|21 Rebiulahir 1448
20261003|0530|0651|1255|1613|1849|2004|22 Rebiulahir 1448
20261004|0531|0652|1254|1612|1847|2003|23 Rebiulahir 1448
20261005|0532|0652|1254|1611|1846|2001|24 Rebiulahir 1448
20261006|0533|0653|1254|1610|1844|1959|25 Rebiulahir 1448
20261007|0534|0654|1254|1608|1843|1958|26 Rebiulahir 1448
20261008|0535|0655|1253|1607|1841|1956|27 Rebiulahir 1448
20261009|0536|0656|1253|1606|1840|1955|28 Rebiulahir 1448
20261010|0537|0657|1253|1605|1838|1954|29 Rebiulahir 1448
20261011|0538|0658|1252|1604|1837|1952|30 Rebiulahir 1448
20261012|0539|0659|1252|1603|1836|1951|1 Cemaziyelevvel 1448
20261013|0540|0700|1252|1602|1834|1949|2 Cemaziyelevvel 1448
20261014|0540|0701|1252|1601|1833|1948|3 Cemaziyelevvel 1448
20261015|0541|0702|1251|1600|1831|1947|4 Cemaziyelevvel 1448
20261016|0542|0703|1251|1559|1830|1945|5 Cemaziyelevvel 1448
20261017|0543|0704|1251|1558|1828|1944|6 Cemaziyelevvel 1448
20261018|0544|0705|1251|1557|1827|1943|7 Cemaziyelevvel 1448
20261019|0545|0706|1251|1556|1826|1941|8 Cemaziyelevvel 1448
20261020|0546|0707|1250|1555|1824|1940|9 Cemaziyelevvel 1448
20261021|0547|0708|1250|1554|1823|1939|10 Cemaziyelevvel 1448
20261022|0548|0709|1250|1553|1822|1937|11 Cemaziyelevvel 1448
20261023|0549|0710|1250|1552|1820|1936|12 Cemaziyelevvel 1448
20261024|0550|0711|1250|1551|1819|1935|13 Cemaziyelevvel 1448
20261025|0550|0712|1250|1550|1818|1934|14 Cemaziyelevvel 1448
20261026|0551|0713|1250|1549|1817|1933|15 Cemaziyelevvel 1448
20261027|0552|0714|1249|1548|1815|1932|16 Cemaziyelevvel 1448
20261028|0553|0715|1249|1547|1814|1931|17 Cemaziyelevvel 1448
20261029|0554|0716|1249|1546|1813|1929|18 Cemaziyelevvel 1448
20261030|0555|0717|1249|1545|1812|1928|19 Cemaziyelevvel 1448
20261031|0556|0718|1249|1544|1811|1927|20 Cemaziyelevvel 1448
20261101|0557|0719|1249|1543|1810|1926|21 Cemaziyelevvel 1448
20261102|0558|0720|1249|1542|1809|1925|22 Cemaziyelevvel 1448
20261103|0559|0721|1249|1541|1807|1924|23 Cemaziyelevvel 1448
20261104|0600|0722|1249|1541|1806|1924|24 Cemaziyelevvel 1448
20261105|0601|0723|1249|1540|1805|1923|25 Cemaziyelevvel 1448
20261106|0602|0724|1249|1539|1804|1922|26 Cemaziyelevvel 1448
20261107|0602|0725|1249|1538|1803|1921|27 Cemaziyelevvel 1448
20261108|0603|0726|1249|1538|1802|1920|28 Cemaziyelevvel 1448
20261109|0604|0727|1249|1537|1802|1919|29 Cemaziyelevvel 1448
20261110|0605|0728|1249|1536|1801|1919|1 Cemaziyelahir 1448
20261111|0606|0729|1250|1535|1800|1918|2 Cemaziyelahir 1448
20261112|0607|0730|1250|1535|1759|1917|3 Cemaziyelahir 1448
20261113|0608|0732|1250|1534|1758|1916|4 Cemaziyelahir 1448
20261114|0609|0733|1250|1533|1757|1916|5 Cemaziyelahir 1448
20261115|0610|0734|1250|1533|1757|1915|6 Cemaziyelahir 1448
20261116|0611|0735|1250|1532|1756|1915|7 Cemaziyelahir 1448
20261117|0612|0736|1250|1532|1755|1914|8 Cemaziyelahir 1448
20261118|0613|0737|1251|1531|1754|1914|9 Cemaziyelahir 1448
20261119|0613|0738|1251|1531|1754|1913|10 Cemaziyelahir 1448
20261120|0614|0739|1251|1530|1753|1913|11 Cemaziyelahir 1448
20261121|0615|0740|1251|1530|1753|1912|12 Cemaziyelahir 1448
20261122|0616|0741|1252|1529|1752|1912|13 Cemaziyelahir 1448
20261123|0617|0742|1252|1529|1752|1911|14 Cemaziyelahir 1448
20261124|0618|0743|1252|1529|1751|1911|15 Cemaziyelahir 1448
20261125|0619|0744|1252|1528|1751|1911|16 Cemaziyelahir 1448
20261126|0620|0745|1253|1528|1750|1911|17 Cemaziyelahir 1448
20261127|0621|0746|1253|1528|1750|1910|18 Cemaziyelahir 1448
20261128|0621|0747|1253|1528|1750|1910|19 Cemaziyelahir 1448
20261129|0622|0748|1254|1527|1749|1910|20 Cemaziyelahir 1448
20261130|0623|0749|1254|1527|1749|1910|21 Cemaziyelahir 1448
20261201|0624|0750|1254|1527|1749|1910|22 Cemaziyelahir 1448
20261202|0625|0751|1255|1527|1749|1910|23 Cemaziyelahir 1448
20261203|0626|0752|1255|1527|1748|1910|24 Cemaziyelahir 1448
20261204|0626|0753|1256|1527|1748|1909|25 Cemaziyelahir 1448
20261205|0627|0754|1256|1527|1748|1909|26 Cemaziyelahir 1448
20261206|0628|0755|1256|1527|1748|1910|27 Cemaziyelahir 1448
20261207|0629|0756|1257|1527|1748|1910|28 Cemaziyelahir 1448
20261208|0630|0756|1257|1527|1748|1910|29 Cemaziyelahir 1448
20261209|0630|0757|1258|1527|1748|1910|30 Cemaziyelahir 1448
20261210|0631|0758|1258|1527|1748|1910|1 Recep 1448
20261211|0632|0759|1259|1527|1748|1910|2 Recep 1448
20261212|0632|0800|1259|1528|1748|1910|3 Recep 1448
20261213|0633|0800|1300|1528|1749|1911|4 Recep 1448
20261214|0634|0801|1300|1528|1749|1911|5 Recep 1448
20261215|0634|0802|1300|1528|1749|1911|6 Recep 1448
20261216|0635|0803|1301|1529|1749|1912|7 Recep 1448
20261217|0636|0803|1301|1529|1750|1912|8 Recep 1448
20261218|0636|0804|1302|1529|1750|1912|9 Recep 1448
20261219|0637|0804|1302|1530|1750|1913|10 Recep 1448
20261220|0637|0805|1303|1530|1751|1913|11 Recep 1448
20261221|0638|0805|1303|1531|1751|1914|12 Recep 1448
20261222|0638|0806|1304|1531|1752|1914|13 Recep 1448
20261223|0639|0806|1304|1532|1752|1915|14 Recep 1448
20261224|0639|0807|1305|1532|1753|1915|15 Recep 1448
20261225|0640|0807|1305|1533|1753|1916|16 Recep 1448
20261226|0640|0808|1306|1533|1754|1916|17 Recep 1448
20261227|0641|0808|1306|1534|1755|1917|18 Recep 1448
20261228|0641|0808|1307|1535|1755|1918|19 Recep 1448
20261229|0641|0809|1307|1535|1756|1918|20 Recep 1448
20261230|0642|0809|1308|1536|1757|1919|21 Recep 1448
20261231|0642|0809|1308|1537|1758|1920|22 Recep 1448
20270101|0642|0809|1309|1537|1758|1920|23 Recep 1448
20270102|0642|0809|1309|1538|1759|1921|24 Recep 1448
20270103|0643|0810|1310|1539|1800|1922|25 Recep 1448
20270104|0643|0810|1310|1540|1801|1922|26 Recep 1448
20270105|0643|0810|1311|1541|1802|1923|27 Recep 1448
20270106|0643|0810|1311|1541|1802|1924|28 Recep 1448
20270107|0643|0810|1312|1542|1803|1925|29 Recep 1448
20270108|0643|0810|1312|1543|1804|1926|30 Recep 1448
20270109|0643|0810|1312|1544|1805|1926|1 Şaban 1448
20270110|0643|0809|1313|1545|1806|1927|2 Şaban 1448
20270111|0643|0809|1313|1546|1807|1928|3 Şaban 1448
20270112|0643|0809|1314|1546|1808|1929|4 Şaban 1448
20270113|0643|0809|1314|1547|1809|1930|5 Şaban 1448
20270114|0643|0809|1314|1548|1810|1931|6 Şaban 1448
20270115|0643|0808|1315|1549|1811|1932|7 Şaban 1448
20270116|0642|0808|1315|1550|1812|1933|8 Şaban 1448
20270117|0642|0808|1315|1551|1813|1933|9 Şaban 1448
20270118|0642|0807|1316|1552|1814|1934|10 Şaban 1448
20270119|0642|0807|1316|1553|1815|1935|11 Şaban 1448
20270120|0641|0806|1316|1554|1816|1936|12 Şaban 1448
20270121|0641|0806|1317|1555|1817|1937|13 Şaban 1448
20270122|0641|0805|1317|1556|1819|1938|14 Şaban 1448
20270123|0640|0805|1317|1557|1820|1939|15 Şaban 1448
20270124|0640|0804|1317|1558|1821|1940|16 Şaban 1448
20270125|0639|0804|1318|1559|1822|1941|17 Şaban 1448
20270126|0639|0803|1318|1600|1823|1942|18 Şaban 1448
20270127|0638|0802|1318|1601|1824|1943|19 Şaban 1448
20270128|0638|0802|1318|1601|1825|1944|20 Şaban 1448
20270129|0637|0801|1319|1602|1826|1945|21 Şaban 1448
20270130|0637|0800|1319|1603|1827|1946|22 Şaban 1448
20270131|0636|0759|1319|1604|1829|1947|23 Şaban 1448
20270201|0635|0758|1319|1605|1830|1948|24 Şaban 1448
20270202|0635|0758|1319|1606|1831|1949|25 Şaban 1448
20270203|0634|0757|1319|1607|1832|1950|26 Şaban 1448
20270204|0633|0756|1319|1608|1833|1951|27 Şaban 1448
20270205|0632|0755|1319|1609|1834|1952|28 Şaban 1448
20270206|0631|0754|1320|1610|1835|1953|29 Şaban 1448
20270207|0631|0753|1320|1611|1836|1954|30 Şaban 1448
20270208|0630|0752|1320|1612|1838|1955|1 Ramazan 1448
20270209|0629|0751|1320|1613|1839|1956|2 Ramazan 1448
20270210|0628|0750|1320|1613|1840|1957|3 Ramazan 1448
20270211|0627|0749|1320|1614|1841|1958|4 Ramazan 1448
20270212|0626|0748|1320|1615|1842|1959|5 Ramazan 1448
20270213|0625|0746|1320|1616|1843|2000|6 Ramazan 1448
20270214|0624|0745|1320|1617|1844|2001|7 Ramazan 1448
20270215|0623|0744|1320|1618|1845|2002|8 Ramazan 1448
20270216|0622|0743|1320|1618|1846|2002|9 Ramazan 1448
20270217|0621|0742|1320|1619|1847|2003|10 Ramazan 1448
20270218|0620|0741|1320|1620|1848|2004|11 Ramazan 1448
20270219|0618|0739|1319|1621|1850|2005|12 Ramazan 1448
20270220|0617|0738|1319|1622|1851|2006|13 Ramazan 1448
20270221|0616|0737|1319|1622|1852|2007|14 Ramazan 1448
20270222|0615|0736|1319|1623|1853|2008|15 Ramazan 1448
20270223|0614|0734|1319|1624|1854|2009|16 Ramazan 1448
20270224|0612|0733|1319|1625|1855|2010|17 Ramazan 1448
20270225|0611|0732|1319|1625|1856|2011|18 Ramazan 1448
20270226|0610|0730|1319|1626|1857|2012|19 Ramazan 1448
20270227|0608|0729|1318|1627|1858|2013|20 Ramazan 1448
20270228|0607|0728|1318|1627|1859|2014|21 Ramazan 1448
20270301|0606|0726|1318|1628|1900|2015|22 Ramazan 1448
20270302|0604|0725|1318|1629|1901|2016|23 Ramazan 1448
20270303|0603|0723|1318|1629|1902|2017|24 Ramazan 1448
20270304|0602|0722|1317|1630|1903|2018|25 Ramazan 1448
20270305|0600|0720|1317|1630|1904|2019|26 Ramazan 1448
20270306|0559|0719|1317|1631|1905|2020|27 Ramazan 1448
20270307|0557|0718|1317|1632|1906|2021|28 Ramazan 1448
20270308|0556|0716|1317|1632|1907|2022|29 Ramazan 1448
20270309|0554|0715|1316|1633|1908|2023|1 Şevval 1448
20270310|0553|0713|1316|1633|1909|2024|2 Şevval 1448
20270311|0551|0712|1316|1634|1910|2025|3 Şevval 1448
20270312|0550|0710|1316|1634|1911|2026|4 Şevval 1448
20270313|0548|0709|1315|1635|1912|2027|5 Şevval 1448
20270314|0547|0707|1315|1635|1913|2028|6 Şevval 1448
20270315|0545|0706|1315|1636|1914|2029|7 Şevval 1448
20270316|0544|0704|1314|1636|1915|2030|8 Şevval 1448
20270317|0542|0703|1314|1637|1916|2031|9 Şevval 1448
20270318|0540|0701|1314|1637|1917|2032|10 Şevval 1448
20270319|0539|0700|1314|1638|1918|2033|11 Şevval 1448
20270320|0537|0658|1313|1638|1918|2034|12 Şevval 1448
20270321|0536|0657|1313|1639|1919|2035|13 Şevval 1448
20270322|0534|0655|1313|1639|1920|2036|14 Şevval 1448
20270323|0532|0654|1312|1639|1921|2037|15 Şevval 1448
20270324|0531|0652|1312|1640|1922|2038|16 Şevval 1448
20270325|0529|0650|1312|1640|1923|2039|17 Şevval 1448
20270326|0527|0649|1311|1640|1924|2040|18 Şevval 1448
20270327|0526|0647|1311|1641|1925|2041|19 Şevval 1448
20270328|0524|0646|1311|1641|1926|2043|20 Şevval 1448
20270329|0522|0644|1311|1642|1927|2044|21 Şevval 1448
20270330|0521|0643|1310|1642|1928|2045|22 Şevval 1448
20270331|0519|0641|1310|1642|1929|2046|23 Şevval 1448
20270401|0517|0640|1310|1642|1930|2047|24 Şevval 1448
20270402|0515|0638|1309|1643|1930|2048|25 Şevval 1448
20270403|0514|0637|1309|1643|1931|2049|26 Şevval 1448
20270404|0512|0635|1309|1643|1932|2050|27 Şevval 1448
20270405|0510|0634|1308|1644|1933|2051|28 Şevval 1448
20270406|0509|0632|1308|1644|1934|2052|29 Şevval 1448
20270407|0507|0631|1308|1644|1935|2054|30 Şevval 1448
20270408|0505|0629|1308|1644|1936|2055|1 Zilkade 1448
20270409|0503|0628|1307|1645|1937|2056|2 Zilkade 1448
20270410|0502|0626|1307|1645|1938|2057|3 Zilkade 1448
20270411|0500|0625|1307|1645|1939|2058|4 Zilkade 1448
20270412|0458|0623|1307|1645|1940|2059|5 Zilkade 1448
20270413|0456|0622|1306|1646|1941|2100|6 Zilkade 1448
20270414|0455|0621|1306|1646|1942|2102|7 Zilkade 1448
20270415|0453|0619|1306|1646|1942|2103|8 Zilkade 1448
20270416|0451|0618|1306|1646|1943|2104|9 Zilkade 1448
20270417|0450|0616|1305|1647|1944|2105|10 Zilkade 1448
20270418|0448|0615|1305|1647|1945|2106|11 Zilkade 1448
20270419|0446|0614|1305|1647|1946|2108|12 Zilkade 1448
20270420|0445|0612|1305|1647|1947|2109|13 Zilkade 1448
20270421|0443|0611|1304|1647|1948|2110|14 Zilkade 1448
20270422|0441|0610|1304|1648|1949|2111|15 Zilkade 1448
20270423|0439|0608|1304|1648|1950|2113|16 Zilkade 1448
20270424|0438|0607|1304|1648|1951|2114|17 Zilkade 1448
20270425|0436|0606|1304|1648|1952|2115|18 Zilkade 1448
20270426|0435|0604|1304|1648|1953|2116|19 Zilkade 1448
20270427|0433|0603|1303|1649|1954|2118|20 Zilkade 1448
20270428|0431|0602|1303|1649|1954|2119|21 Zilkade 1448
20270429|0430|0601|1303|1649|1955|2120|22 Zilkade 1448
20270430|0428|0600|1303|1649|1956|2122|23 Zilkade 1448
20270501|0426|0558|1303|1649|1957|2123|24 Zilkade 1448
20270502|0425|0557|1303|1650|1958|2124|25 Zilkade 1448
20270503|0423|0556|1303|1650|1959|2125|26 Zilkade 1448
20270504|0422|0555|1302|1650|2000|2127|27 Zilkade 1448
20270505|0420|0554|1302|1650|2001|2128|28 Zilkade 1448
20270506|0419|0553|1302|1650|2002|2129|29 Zilkade 1448
20270507|0417|0552|1302|1651|2003|2131|1 Zilhicce 1448
20270508|0416|0551|1302|1651|2004|2132|2 Zilhicce 1448
20270509|0414|0550|1302|1651|2005|2133|3 Zilhicce 1448
20270510|0413|0549|1302|1651|2006|2135|4 Zilhicce 1448
20270511|0412|0548|1302|1651|2006|2136|5 Zilhicce 1448
20270512|0410|0547|1302|1651|2007|2137|6 Zilhicce 1448
20270513|0409|0546|1302|1652|2008|2138|7 Zilhicce 1448
20270514|0407|0545|1302|1652|2009|2140|8 Zilhicce 1448
20270515|0406|0544|1302|1652|2010|2141|9 Zilhicce 1448
20270516|0405|0543|1302|1652|2011|2142|10 Zilhicce 1448
20270517|0404|0542|1302|1652|2012|2143|11 Zilhicce 1448
20270518|0402|0541|1302|1653|2013|2145|12 Zilhicce 1448
20270519|0401|0541|1302|1653|2013|2146|13 Zilhicce 1448
20270520|0400|0540|1302|1653|2014|2147|14 Zilhicce 1448
20270521|0359|0539|1302|1653|2015|2148|15 Zilhicce 1448
20270522|0358|0539|1302|1654|2016|2150|16 Zilhicce 1448
20270523|0357|0538|1302|1654|2017|2151|17 Zilhicce 1448
20270524|0356|0537|1302|1654|2018|2152|18 Zilhicce 1448
20270525|0355|0537|1302|1654|2018|2153|19 Zilhicce 1448
20270526|0354|0536|1303|1654|2019|2154|20 Zilhicce 1448
20270527|0353|0536|1303|1655|2020|2155|21 Zilhicce 1448
20270528|0352|0535|1303|1655|2021|2156|22 Zilhicce 1448
20270529|0351|0535|1303|1655|2021|2158|23 Zilhicce 1448
20270530|0350|0534|1303|1655|2022|2159|24 Zilhicce 1448
20270531|0349|0534|1303|1656|2023|2200|25 Zilhicce 1448
20270601|0348|0533|1303|1656|2024|2201|26 Zilhicce 1448
20270602|0348|0533|1303|1656|2024|2202|27 Zilhicce 1448
20270603|0347|0532|1304|1656|2025|2203|28 Zilhicce 1448
20270604|0346|0532|1304|1656|2025|2204|29 Zilhicce 1448
20270605|0346|0532|1304|1657|2026|2204|30 Zilhicce 1448
20270606|0345|0532|1304|1657|2027|2205|1 Muharrem 1449
20270607|0345|0531|1304|1657|2027|2206|2 Muharrem 1449
20270608|0344|0531|1305|1657|2028|2207|3 Muharrem 1449
20270609|0344|0531|1305|1658|2028|2208|4 Muharrem 1449
20270610|0344|0531|1305|1658|2029|2208|5 Muharrem 1449
20270611|0343|0531|1305|1658|2029|2209|6 Muharrem 1449
20270612|0343|0531|1305|1658|2030|2210|7 Muharrem 1449
20270613|0343|0531|1306|1659|2030|2210|8 Muharrem 1449
20270614|0343|0531|1306|1659|2031|2211|9 Muharrem 1449
20270615|0343|0531|1306|1659|2031|2211|10 Muharrem 1449
20270616|0342|0531|1306|1659|2032|2212|11 Muharrem 1449
20270617|0342|0531|1306|1700|2032|2212|12 Muharrem 1449
20270618|0342|0531|1307|1700|2032|2213|13 Muharrem 1449
20270619|0343|0531|1307|1700|2033|2213|14 Muharrem 1449
20270620|0343|0531|1307|1700|2033|2213|15 Muharrem 1449
20270621|0343|0531|1307|1700|2033|2214|16 Muharrem 1449
20270622|0343|0532|1307|1701|2033|2214|17 Muharrem 1449
20270623|0343|0532|1308|1701|2034|2214|18 Muharrem 1449
20270624|0344|0532|1308|1701|2034|2214|19 Muharrem 1449
20270625|0344|0532|1308|1701|2034|2214|20 Muharrem 1449
20270626|0344|0533|1308|1701|2034|2214|21 Muharrem 1449
20270627|0345|0533|1309|1702|2034|2214|22 Muharrem 1449
20270628|0345|0533|1309|1702|2034|2214|23 Muharrem 1449
20270629|0346|0534|1309|1702|2034|2214|24 Muharrem 1449
20270630|0346|0534|1309|1702|2034|2214|25 Muharrem 1449
20270701|0347|0535|1309|1702|2034|2214|26 Muharrem 1449
20270702|0348|0535|1310|1703|2034|2214|27 Muharrem 1449
20270703|0348|0536|1310|1703|2034|2213|28 Muharrem 1449
20270704|0349|0536|1310|1703|2034|2213|29 Muharrem 1449
20270705|0350|0537|1310|1703|2034|2213|1 Safer 1449
20270706|0351|0537|1310|1703|2033|2212|2 Safer 1449
20270707|0351|0538|1310|1703|2033|2212|3 Safer 1449
20270708|0352|0538|1311|1703|2033|2211|4 Safer 1449
20270709|0353|0539|1311|1703|2033|2211|5 Safer 1449
20270710|0354|0540|1311|1703|2032|2210|6 Safer 1449
20270711|0355|0540|1311|1704|2032|2209|7 Safer 1449
20270712|0356|0541|1311|1704|2031|2209|8 Safer 1449
20270713|0357|0542|1311|1704|2031|2208|9 Safer 1449
20270714|0358|0542|1311|1704|2031|2207|10 Safer 1449
20270715|0359|0543|1312|1704|2030|2206|11 Safer 1449
20270716|0400|0544|1312|1704|2030|2206|12 Safer 1449
20270717|0401|0544|1312|1704|2029|2205|13 Safer 1449
20270718|0403|0545|1312|1704|2029|2204|14 Safer 1449
20270719|0404|0546|1312|1704|2028|2203|15 Safer 1449
20270720|0405|0547|1312|1704|2027|2202|16 Safer 1449
20270721|0406|0547|1312|1703|2027|2201|17 Safer 1449
20270722|0407|0548|1312|1703|2026|2200|18 Safer 1449
20270723|0408|0549|1312|1703|2025|2159|19 Safer 1449
20270724|0410|0550|1312|1703|2025|2158|20 Safer 1449
20270725|0411|0551|1312|1703|2024|2156|21 Safer 1449
20270726|0412|0551|1312|1703|2023|2155|22 Safer 1449
20270727|0413|0552|1312|1703|2022|2154|23 Safer 1449
20270728|0415|0553|1312|1703|2021|2153|24 Safer 1449
20270729|0416|0554|1312|1702|2020|2152|25 Safer 1449
20270730|0417|0555|1312|1702|2020|2150|26 Safer 1449
20270731|0418|0556|1312|1702|2019|2149|27 Safer 1449
20270801|0420|0556|1312|1702|2018|2148|28 Safer 1449
20270802|0421|0557|1312|1701|2017|2146|29 Safer 1449
20270803|0422|0558|1312|1701|2016|2145|1 Rebiulevvel 1449
20270804|0424|0559|1312|1701|2015|2143|2 Rebiulevvel 1449
20270805|0425|0600|1312|1700|2014|2142|3 Rebiulevvel 1449
20270806|0426|0601|1312|1700|2013|2141|4 Rebiulevvel 1449
20270807|0427|0601|1311|1700|2012|2139|5 Rebiulevvel 1449
20270808|0429|0602|1311|1659|2010|2138|6 Rebiulevvel 1449
20270809|0430|0603|1311|1659|2009|2136|7 Rebiulevvel 1449
20270810|0431|0604|1311|1658|2008|2135|8 Rebiulevvel 1449
20270811|0432|0605|1311|1658|2007|2133|9 Rebiulevvel 1449
20270812|0434|0606|1311|1658|2006|2132|10 Rebiulevvel 1449
20270813|0435|0607|1311|1657|2005|2130|11 Rebiulevvel 1449
20270814|0436|0608|1310|1657|2003|2128|12 Rebiulevvel 1449
20270815|0438|0608|1310|1656|2002|2127|13 Rebiulevvel 1449
20270816|0439|0609|1310|1656|2001|2125|14 Rebiulevvel 1449
20270817|0440|0610|1310|1655|2000|2124|15 Rebiulevvel 1449
20270818|0441|0611|1310|1654|1958|2122|16 Rebiulevvel 1449
20270819|0443|0612|1309|1654|1957|2120|17 Rebiulevvel 1449
20270820|0444|0613|1309|1653|1956|2119|18 Rebiulevvel 1449
20270821|0445|0614|1309|1653|1954|2117|19 Rebiulevvel 1449
20270822|0446|0614|1309|1652|1953|2115|20 Rebiulevvel 1449
20270823|0447|0615|1308|1651|1952|2114|21 Rebiulevvel 1449
20270824|0449|0616|1308|1651|1950|2112|22 Rebiulevvel 1449
20270825|0450|0617|1308|1650|1949|2110|23 Rebiulevvel 1449
20270826|0451|0618|1308|1649|1947|2109|24 Rebiulevvel 1449
20270827|0452|0619|1307|1649|1946|2107|25 Rebiulevvel 1449
20270828|0453|0620|1307|1648|1945|2105|26 Rebiulevvel 1449
20270829|0454|0620|1307|1647|1943|2103|27 Rebiulevvel 1449
20270830|0456|0621|1306|1646|1942|2102|28 Rebiulevvel 1449
20270831|0457|0622|1306|1645|1940|2100|29 Rebiulevvel 1449
20270901|0458|0623|1306|1645|1939|2058|30 Rebiulevvel 1449
20270902|0459|0624|1306|1644|1937|2057|1 Rebiulahir 1449
20270903|0500|0625|1305|1643|1936|2055|2 Rebiulahir 1449
20270904|0501|0626|1305|1642|1934|2053|3 Rebiulahir 1449
20270905|0502|0626|1305|1641|1933|2051|4 Rebiulahir 1449
20270906|0503|0627|1304|1640|1931|2050|5 Rebiulahir 1449
20270907|0504|0628|1304|1640|1930|2048|6 Rebiulahir 1449
20270908|0505|0629|1304|1639|1928|2046|7 Rebiulahir 1449
20270909|0507|0630|1303|1638|1927|2044|8 Rebiulahir 1449
20270910|0508|0631|1303|1637|1925|2043|9 Rebiulahir 1449
20270911|0509|0631|1302|1636|1923|2041|10 Rebiulahir 1449
20270912|0510|0632|1302|1635|1922|2039|11 Rebiulahir 1449
20270913|0511|0633|1302|1634|1920|2037|12 Rebiulahir 1449
20270914|0512|0634|1301|1633|1919|2036|13 Rebiulahir 1449
20270915|0513|0635|1301|1632|1917|2034|14 Rebiulahir 1449
20270916|0514|0636|1301|1631|1916|2032|15 Rebiulahir 1449
20270917|0515|0637|1300|1630|1914|2031|16 Rebiulahir 1449
20270918|0516|0637|1300|1629|1913|2029|17 Rebiulahir 1449
20270919|0517|0638|1300|1628|1911|2027|18 Rebiulahir 1449
20270920|0518|0639|1259|1627|1909|2026|19 Rebiulahir 1449
20270921|0519|0640|1259|1626|1908|2024|20 Rebiulahir 1449
20270922|0520|0641|1259|1625|1906|2022|21 Rebiulahir 1449
20270923|0521|0642|1258|1624|1905|2021|22 Rebiulahir 1449
20270924|0522|0643|1258|1623|1903|2019|23 Rebiulahir 1449
20270925|0523|0643|1258|1622|1902|2017|24 Rebiulahir 1449
20270926|0524|0644|1257|1621|1900|2016|25 Rebiulahir 1449
20270927|0524|0645|1257|1620|1859|2014|26 Rebiulahir 1449
20270928|0525|0646|1256|1618|1857|2012|27 Rebiulahir 1449
20270929|0526|0647|1256|1617|1855|2011|28 Rebiulahir 1449
20270930|0527|0648|1256|1616|1854|2009|29 Rebiulahir 1449
20271001|0528|0649|1255|1615|1852|2008|1 Cemaziyelevvel 1449
20271002|0529|0650|1255|1614|1851|2006|2 Cemaziyelevvel 1449
20271003|0530|0650|1255|1613|1849|2004|3 Cemaziyelevvel 1449
20271004|0531|0651|1255|1612|1848|2003|4 Cemaziyelevvel 1449
20271005|0532|0652|1254|1611|1846|2001|5 Cemaziyelevvel 1449
20271006|0533|0653|1254|1610|1845|2000|6 Cemaziyelevvel 1449
20271007|0534|0654|1254|1609|1843|1958|7 Cemaziyelevvel 1449
20271008|0535|0655|1253|1608|1842|1957|8 Cemaziyelevvel 1449
20271009|0536|0656|1253|1607|1840|1955|9 Cemaziyelevvel 1449
20271010|0537|0657|1253|1605|1839|1954|10 Cemaziyelevvel 1449
20271011|0537|0658|1253|1604|1837|1952|11 Cemaziyelevvel 1449
20271012|0538|0659|1252|1603|1836|1951|12 Cemaziyelevvel 1449
20271013|0539|0700|1252|1602|1834|1950|13 Cemaziyelevvel 1449
20271014|0540|0701|1252|1601|1833|1948|14 Cemaziyelevvel 1449
20271015|0541|0702|1252|1600|1832|1947|15 Cemaziyelevvel 1449
20271016|0542|0702|1251|1559|1830|1946|16 Cemaziyelevvel 1449
20271017|0543|0703|1251|1558|1829|1944|17 Cemaziyelevvel 1449
20271018|0544|0704|1251|1557|1827|1943|18 Cemaziyelevvel 1449
20271019|0545|0705|1251|1556|1826|1942|19 Cemaziyelevvel 1449
20271020|0546|0706|1250|1555|1825|1940|20 Cemaziyelevvel 1449
20271021|0547|0707|1250|1554|1823|1939|21 Cemaziyelevvel 1449
20271022|0548|0708|1250|1553|1822|1938|22 Cemaziyelevvel 1449
20271023|0548|0709|1250|1552|1821|1937|23 Cemaziyelevvel 1449
20271024|0549|0710|1250|1551|1819|1935|24 Cemaziyelevvel 1449
20271025|0550|0711|1250|1550|1818|1934|25 Cemaziyelevvel 1449
20271026|0551|0712|1250|1549|1817|1933|26 Cemaziyelevvel 1449
20271027|0552|0713|1250|1548|1816|1932|27 Cemaziyelevvel 1449
20271028|0553|0714|1249|1547|1815|1931|28 Cemaziyelevvel 1449
20271029|0554|0715|1249|1546|1813|1930|29 Cemaziyelevvel 1449
20271030|0555|0716|1249|1545|1812|1929|30 Cemaziyelevvel 1449
20271031|0556|0717|1249|1544|1811|1928|1 Cemaziyelahir 1449
20271101|0557|0719|1249|1543|1810|1927|2 Cemaziyelahir 1449
20271102|0558|0720|1249|1543|1809|1926|3 Cemaziyelahir 1449
20271103|0559|0721|1249|1542|1808|1925|4 Cemaziyelahir 1449
20271104|0559|0722|1249|1541|1807|1924|5 Cemaziyelahir 1449
20271105|0600|0723|1249|1540|1806|1923|6 Cemaziyelahir 1449
20271106|0601|0724|1249|1539|1805|1922|7 Cemaziyelahir 1449
20271107|0602|0725|1249|1538|1804|1921|8 Cemaziyelahir 1449
20271108|0603|0726|1249|1538|1803|1920|9 Cemaziyelahir 1449
20271109|0604|0727|1249|1537|1802|1920|10 Cemaziyelahir 1449
20271110|0605|0728|1249|1536|1801|1919|11 Cemaziyelahir 1449
20271111|0606|0729|1250|1536|1800|1918|12 Cemaziyelahir 1449
20271112|0607|0730|1250|1535|1759|1917|13 Cemaziyelahir 1449
20271113|0608|0731|1250|1534|1758|1917|14 Cemaziyelahir 1449
20271114|0609|0732|1250|1534|1757|1916|15 Cemaziyelahir 1449
20271115|0610|0733|1250|1533|1757|1915|16 Cemaziyelahir 1449
20271116|0611|0734|1250|1532|1756|1915|17 Cemaziyelahir 1449
20271117|0611|0736|1250|1532|1755|1914|18 Cemaziyelahir 1449
20271118|0612|0737|1251|1531|1755|1914|19 Cemaziyelahir 1449
20271119|0613|0738|1251|1531|1754|1913|20 Cemaziyelahir 1449
20271120|0614|0739|1251|1530|1753|1913|21 Cemaziyelahir 1449
20271121|0615|0740|1251|1530|1753|1912|22 Cemaziyelahir 1449
20271122|0616|0741|1252|1530|1752|1912|23 Cemaziyelahir 1449
20271123|0617|0742|1252|1529|1752|1912|24 Cemaziyelahir 1449
20271124|0618|0743|1252|1529|1751|1911|25 Cemaziyelahir 1449
20271125|0619|0744|1252|1529|1751|1911|26 Cemaziyelahir 1449
20271126|0620|0745|1253|1528|1750|1911|27 Cemaziyelahir 1449
20271127|0620|0746|1253|1528|1750|1910|28 Cemaziyelahir 1449
20271128|0621|0747|1253|1528|1750|1910|29 Cemaziyelahir 1449
20271129|0622|0748|1254|1527|1749|1910|1 Recep 1449
20271130|0623|0749|1254|1527|1749|1910|2 Recep 1449
20271201|0624|0750|1254|1527|1749|1910|3 Recep 1449
20271202|0625|0751|1255|1527|1749|1910|4 Recep 1449
20271203|0625|0752|1255|1527|1748|1910|5 Recep 1449
20271204|0626|0753|1255|1527|1748|1909|6 Recep 1449
20271205|0627|0754|1256|1527|1748|1909|7 Recep 1449
20271206|0628|0755|1256|1527|1748|1910|8 Recep 1449
20271207|0629|0755|1257|1527|1748|1910|9 Recep 1449
20271208|0629|0756|1257|1527|1748|1910|10 Recep 1449
20271209|0630|0757|1258|1527|1748|1910|11 Recep 1449
20271210|0631|0758|1258|1527|1748|1910|12 Recep 1449
20271211|0632|0759|1258|1527|1748|1910|13 Recep 1449
20271212|0632|0759|1259|1528|1748|1910|14 Recep 1449
20271213|0633|0800|1259|1528|1749|1911|15 Recep 1449
20271214|0634|0801|1300|1528|1749|1911|16 Recep 1449
20271215|0634|0802|1300|1528|1749|1911|17 Recep 1449
20271216|0635|0802|1301|1529|1749|1911|18 Recep 1449
20271217|0636|0803|1301|1529|1750|1912|19 Recep 1449
20271218|0636|0804|1302|1529|1750|1912|20 Recep 1449
20271219|0637|0804|1302|1530|1750|1913|21 Recep 1449
20271220|0637|0805|1303|1530|1751|1913|22 Recep 1449
20271221|0638|0805|1303|1531|1751|1914|23 Recep 1449
20271222|0638|0806|1304|1531|1752|1914|24 Recep 1449
20271223|0639|0806|1304|1532|1752|1915|25 Recep 1449
20271224|0639|0807|1305|1532|1753|1915|26 Recep 1449
20271225|0640|0807|1305|1533|1753|1916|27 Recep 1449
20271226|0640|0808|1306|1533|1754|1916|28 Recep 1449
20271227|0641|0808|1306|1534|1755|1917|29 Recep 1449
20271228|0641|0808|1307|1535|1755|1917|30 Recep 1449
20271229|0641|0809|1307|1535|1756|1918|1 Şaban 1449
20271230|0642|0809|1308|1536|1757|1919|2 Şaban 1449
20271231|0642|0809|1308|1537|1757|1919|3 Şaban 1449
#@9174|Dinar|AFYONKARAHISAR|730
20260101|0641|0809|1308|1536|1757|1919|12 Recep 1447
20260102|0641|0809|1308|1537|1758|1920|13 Recep 1447
20260103|0642|0809|1309|1537|1758|1920|14 Recep 1447
20260104|0642|0809|1309|1538|1759|1921|15 Recep 1447
20260105|0642|0809|1310|1539|1800|1922|16 Recep 1447
20260106|0642|0809|1310|1540|1801|1923|17 Recep 1447
20260107|0642|0809|1310|1541|1802|1924|18 Recep 1447
20260108|0642|0809|1311|1542|1803|1924|19 Recep 1447
20260109|0642|0809|1311|1542|1804|1925|20 Recep 1447
20260110|0642|0809|1312|1543|1805|1926|21 Recep 1447
20260111|0642|0808|1312|1544|1806|1927|22 Recep 1447
20260112|0642|0808|1312|1545|1807|1928|23 Recep 1447
20260113|0642|0808|1313|1546|1808|1929|24 Recep 1447
20260114|0642|0808|1313|1547|1809|1930|25 Recep 1447
20260115|0642|0807|1314|1548|1810|1930|26 Recep 1447
20260116|0641|0807|1314|1549|1811|1931|27 Recep 1447
20260117|0641|0807|1314|1550|1812|1932|28 Recep 1447
20260118|0641|0806|1315|1551|1813|1933|29 Recep 1447
20260119|0641|0806|1315|1552|1814|1934|30 Recep 1447
20260120|0640|0805|1315|1553|1815|1935|1 Şaban 1447
20260121|0640|0805|1316|1553|1816|1936|2 Şaban 1447
20260122|0639|0804|1316|1554|1817|1937|3 Şaban 1447
20260123|0639|0804|1316|1555|1818|1938|4 Şaban 1447
20260124|0639|0803|1316|1556|1819|1939|5 Şaban 1447
20260125|0638|0803|1317|1557|1821|1940|6 Şaban 1447
20260126|0638|0802|1317|1558|1822|1941|7 Şaban 1447
20260127|0637|0801|1317|1559|1823|1942|8 Şaban 1447
20260128|0637|0800|1317|1600|1824|1943|9 Şaban 1447
20260129|0636|0800|1317|1601|1825|1944|10 Şaban 1447
20260130|0635|0759|1318|1602|1826|1945|11 Şaban 1447
20260131|0635|0758|1318|1603|1827|1946|12 Şaban 1447
20260201|0634|0757|1318|1604|1828|1947|13 Şaban 1447
20260202|0633|0756|1318|1605|1830|1948|14 Şaban 1447
20260203|0632|0756|1318|1606|1831|1949|15 Şaban 1447
20260204|0632|0755|1318|1607|1832|1950|16 Şaban 1447
20260205|0631|0754|1318|1608|1833|1951|17 Şaban 1447
20260206|0630|0753|1318|1609|1834|1952|18 Şaban 1447
20260207|0629|0752|1318|1609|1835|1953|19 Şaban 1447
20260208|0628|0751|1318|1610|1836|1954|20 Şaban 1447
20260209|0627|0750|1319|1611|1837|1955|21 Şaban 1447
20260210|0626|0749|1319|1612|1839|1956|22 Şaban 1447
20260211|0626|0747|1319|1613|1840|1957|23 Şaban 1447
20260212|0625|0746|1319|1614|1841|1958|24 Şaban 1447
20260213|0624|0745|1319|1615|1842|1959|25 Şaban 1447
20260214|0622|0744|1319|1616|1843|1959|26 Şaban 1447
20260215|0621|0743|1318|1616|1844|2000|27 Şaban 1447
20260216|0620|0742|1318|1617|1845|2001|28 Şaban 1447
20260217|0619|0741|1318|1618|1846|2002|29 Şaban 1447
20260218|0618|0739|1318|1619|1847|2003|30 Şaban 1447
20260219|0617|0738|1318|1620|1848|2004|1 Ramazan 1447
20260220|0616|0737|1318|1620|1849|2005|2 Ramazan 1447
20260221|0615|0735|1318|1621|1851|2006|3 Ramazan 1447
20260222|0613|0734|1318|1622|1852|2007|4 Ramazan 1447
20260223|0612|0733|1318|1623|1853|2008|5 Ramazan 1447
20260224|0611|0732|1318|1623|1854|2009|6 Ramazan 1447
20260225|0610|0730|1317|1624|1855|2010|7 Ramazan 1447
20260226|0608|0729|1317|1625|1856|2011|8 Ramazan 1447
20260227|0607|0727|1317|1625|1857|2012|9 Ramazan 1447
20260228|0606|0726|1317|1626|1858|2013|10 Ramazan 1447
20260301|0604|0725|1317|1627|1859|2014|11 Ramazan 1447
20260302|0603|0723|1317|1627|1900|2015|12 Ramazan 1447
20260303|0601|0722|1316|1628|1901|2016|13 Ramazan 1447
20260304|0600|0720|1316|1629|1902|2017|14 Ramazan 1447
20260305|0559|0719|1316|1629|1903|2018|15 Ramazan 1447
20260306|0557|0718|1316|1630|1904|2019|16 Ramazan 1447
20260307|0556|0716|1315|1630|1905|2020|17 Ramazan 1447
20260308|0554|0715|1315|1631|1906|2021|18 Ramazan 1447
20260309|0553|0713|1315|1632|1907|2022|19 Ramazan 1447
20260310|0551|0712|1315|1632|1908|2023|20 Ramazan 1447
20260311|0550|0710|1314|1633|1909|2024|21 Ramazan 1447
20260312|0548|0709|1314|1633|1910|2025|22 Ramazan 1447
20260313|0547|0707|1314|1634|1911|2026|23 Ramazan 1447
20260314|0545|0706|1314|1634|1912|2027|24 Ramazan 1447
20260315|0543|0704|1313|1635|1913|2028|25 Ramazan 1447
20260316|0542|0703|1313|1635|1914|2029|26 Ramazan 1447
20260317|0540|0701|1313|1636|1915|2030|27 Ramazan 1447
20260318|0539|0700|1313|1636|1916|2031|28 Ramazan 1447
20260319|0537|0658|1312|1636|1917|2032|29 Ramazan 1447
20260320|0535|0656|1312|1637|1917|2033|1 Şevval 1447
20260321|0534|0655|1312|1637|1918|2034|2 Şevval 1447
20260322|0532|0653|1311|1638|1919|2035|3 Şevval 1447
20260323|0530|0652|1311|1638|1920|2036|4 Şevval 1447
20260324|0529|0650|1311|1639|1921|2038|5 Şevval 1447
20260325|0527|0649|1310|1639|1922|2039|6 Şevval 1447
20260326|0525|0647|1310|1639|1923|2040|7 Şevval 1447
20260327|0524|0646|1310|1640|1924|2041|8 Şevval 1447
20260328|0522|0644|1310|1640|1925|2042|9 Şevval 1447
20260329|0520|0643|1309|1640|1926|2043|10 Şevval 1447
20260330|0519|0641|1309|1641|1927|2044|11 Şevval 1447
20260331|0517|0640|1309|1641|1928|2045|12 Şevval 1447
20260401|0515|0638|1308|1641|1929|2046|13 Şevval 1447
20260402|0513|0637|1308|1642|1930|2047|14 Şevval 1447
20260403|0512|0635|1308|1642|1931|2048|15 Şevval 1447
20260404|0510|0634|1307|1642|1931|2050|16 Şevval 1447
20260405|0508|0632|1307|1643|1932|2051|17 Şevval 1447
20260406|0507|0631|1307|1643|1933|2052|18 Şevval 1447
20260407|0505|0629|1307|1643|1934|2053|19 Şevval 1447
20260408|0503|0628|1306|1643|1935|2054|20 Şevval 1447
20260409|0501|0626|1306|1644|1936|2055|21 Şevval 1447
20260410|0500|0625|1306|1644|1937|2056|22 Şevval 1447
20260411|0458|0623|1306|1644|1938|2058|23 Şevval 1447
20260412|0456|0622|1305|1644|1939|2059|24 Şevval 1447
20260413|0454|0620|1305|1645|1940|2100|25 Şevval 1447
20260414|0453|0619|1305|1645|1941|2101|26 Şevval 1447
20260415|0451|0617|1305|1645|1942|2102|27 Şevval 1447
20260416|0449|0616|1304|1645|1943|2104|28 Şevval 1447
20260417|0448|0615|1304|1646|1943|2105|29 Şevval 1447
20260418|0446|0613|1304|1646|1944|2106|1 Zilkade 1447
20260419|0444|0612|1304|1646|1945|2107|2 Zilkade 1447
20260420|0442|0610|1303|1646|1946|2108|3 Zilkade 1447
20260421|0441|0609|1303|1646|1947|2110|4 Zilkade 1447
20260422|0439|0608|1303|1647|1948|2111|5 Zilkade 1447
20260423|0437|0606|1303|1647|1949|2112|6 Zilkade 1447
20260424|0436|0605|1303|1647|1950|2113|7 Zilkade 1447
20260425|0434|0604|1302|1647|1951|2115|8 Zilkade 1447
20260426|0432|0603|1302|1647|1952|2116|9 Zilkade 1447
20260427|0431|0601|1302|1648|1953|2117|10 Zilkade 1447
20260428|0429|0600|1302|1648|1954|2119|11 Zilkade 1447
20260429|0427|0559|1302|1648|1955|2120|12 Zilkade 1447
20260430|0426|0558|1302|1648|1956|2121|13 Zilkade 1447
20260501|0424|0557|1302|1648|1957|2122|14 Zilkade 1447
20260502|0423|0555|1301|1649|1957|2124|15 Zilkade 1447
20260503|0421|0554|1301|1649|1958|2125|16 Zilkade 1447
20260504|0420|0553|1301|1649|1959|2126|17 Zilkade 1447
20260505|0418|0552|1301|1649|2000|2128|18 Zilkade 1447
20260506|0417|0551|1301|1649|2001|2129|19 Zilkade 1447
20260507|0415|0550|1301|1650|2002|2130|20 Zilkade 1447
20260508|0414|0549|1301|1650|2003|2132|21 Zilkade 1447
20260509|0412|0548|1301|1650|2004|2133|22 Zilkade 1447
20260510|0411|0547|1301|1650|2005|2134|23 Zilkade 1447
20260511|0409|0546|1301|1650|2006|2136|24 Zilkade 1447
20260512|0408|0545|1301|1651|2007|2137|25 Zilkade 1447
20260513|0407|0544|1301|1651|2008|2138|26 Zilkade 1447
20260514|0405|0543|1301|1651|2008|2139|27 Zilkade 1447
20260515|0404|0542|1301|1651|2009|2141|28 Zilkade 1447
20260516|0403|0541|1301|1651|2010|2142|29 Zilkade 1447
20260517|0401|0540|1301|1652|2011|2143|30 Zilkade 1447
20260518|0400|0540|1301|1652|2012|2145|1 Zilhicce 1447
20260519|0359|0539|1301|1652|2013|2146|2 Zilhicce 1447
20260520|0358|0538|1301|1652|2014|2147|3 Zilhicce 1447
20260521|0357|0537|1301|1652|2014|2148|4 Zilhicce 1447
20260522|0355|0537|1301|1653|2015|2149|5 Zilhicce 1447
20260523|0354|0536|1301|1653|2016|2151|6 Zilhicce 1447
20260524|0353|0535|1301|1653|2017|2152|7 Zilhicce 1447
20260525|0352|0535|1301|1653|2018|2153|8 Zilhicce 1447
20260526|0351|0534|1301|1653|2018|2154|9 Zilhicce 1447
20260527|0350|0534|1301|1654|2019|2155|10 Zilhicce 1447
20260528|0349|0533|1302|1654|2020|2156|11 Zilhicce 1447
20260529|0349|0533|1302|1654|2021|2157|12 Zilhicce 1447
20260530|0348|0532|1302|1654|2021|2158|13 Zilhicce 1447
20260531|0347|0532|1302|1655|2022|2200|14 Zilhicce 1447
20260601|0346|0531|1302|1655|2023|2201|15 Zilhicce 1447
20260602|0345|0531|1302|1655|2024|2202|16 Zilhicce 1447
20260603|0345|0531|1302|1655|2024|2202|17 Zilhicce 1447
20260604|0344|0530|1303|1656|2025|2203|18 Zilhicce 1447
20260605|0344|0530|1303|1656|2025|2204|19 Zilhicce 1447
20260606|0343|0530|1303|1656|2026|2205|20 Zilhicce 1447
20260607|0343|0530|1303|1656|2027|2206|21 Zilhicce 1447
20260608|0342|0530|1303|1657|2027|2207|22 Zilhicce 1447
20260609|0342|0529|1304|1657|2028|2208|23 Zilhicce 1447
20260610|0341|0529|1304|1657|2028|2208|24 Zilhicce 1447
20260611|0341|0529|1304|1657|2029|2209|25 Zilhicce 1447
20260612|0341|0529|1304|1658|2029|2210|26 Zilhicce 1447
20260613|0341|0529|1304|1658|2030|2210|27 Zilhicce 1447
20260614|0340|0529|1305|1658|2030|2211|28 Zilhicce 1447
20260615|0340|0529|1305|1658|2031|2211|29 Zilhicce 1447
20260616|0340|0529|1305|1658|2031|2212|1 Muharrem 1448
20260617|0340|0529|1305|1659|2031|2212|2 Muharrem 1448
20260618|0340|0529|1305|1659|2032|2213|3 Muharrem 1448
20260619|0340|0529|1306|1659|2032|2213|4 Muharrem 1448
20260620|0340|0530|1306|1659|2032|2213|5 Muharrem 1448
20260621|0341|0530|1306|1700|2032|2213|6 Muharrem 1448
20260622|0341|0530|1306|1700|2033|2214|7 Muharrem 1448
20260623|0341|0530|1307|1700|2033|2214|8 Muharrem 1448
20260624|0341|0531|1307|1700|2033|2214|9 Muharrem 1448
20260625|0342|0531|1307|1700|2033|2214|10 Muharrem 1448
20260626|0342|0531|1307|1701|2033|2214|11 Muharrem 1448
20260627|0343|0532|1307|1701|2033|2214|12 Muharrem 1448
20260628|0343|0532|1308|1701|2033|2214|13 Muharrem 1448
20260629|0344|0532|1308|1701|2033|2214|14 Muharrem 1448
20260630|0344|0533|1308|1701|2033|2214|15 Muharrem 1448
20260701|0345|0533|1308|1702|2033|2213|16 Muharrem 1448
20260702|0346|0534|1308|1702|2033|2213|17 Muharrem 1448
20260703|0346|0534|1309|1702|2033|2213|18 Muharrem 1448
20260704|0347|0535|1309|1702|2033|2213|19 Muharrem 1448
20260705|0348|0535|1309|1702|2033|2212|20 Muharrem 1448
20260706|0349|0536|1309|1702|2032|2212|21 Muharrem 1448
20260707|0349|0536|1309|1702|2032|2211|22 Muharrem 1448
20260708|0350|0537|1309|1702|2032|2211|23 Muharrem 1448
20260709|0351|0537|1310|1703|2032|2210|24 Muharrem 1448
20260710|0352|0538|1310|1703|2031|2210|25 Muharrem 1448
20260711|0353|0539|1310|1703|2031|2209|26 Muharrem 1448
20260712|0354|0539|1310|1703|2031|2208|27 Muharrem 1448
20260713|0355|0540|1310|1703|2030|2207|28 Muharrem 1448
20260714|0356|0541|1310|1703|2030|2207|29 Muharrem 1448
20260715|0357|0541|1310|1703|2029|2206|1 Safer 1448
20260716|0358|0542|1310|1703|2029|2205|2 Safer 1448
20260717|0400|0543|1311|1703|2028|2204|3 Safer 1448
20260718|0401|0544|1311|1703|2028|2203|4 Safer 1448
20260719|0402|0544|1311|1703|2027|2202|5 Safer 1448
20260720|0403|0545|1311|1703|2026|2201|6 Safer 1448
20260721|0404|0546|1311|1703|2026|2200|7 Safer 1448
20260722|0405|0547|1311|1702|2025|2159|8 Safer 1448
20260723|0407|0548|1311|1702|2024|2158|9 Safer 1448
20260724|0408|0548|1311|1702|2024|2157|10 Safer 1448
20260725|0409|0549|1311|1702|2023|2156|11 Safer 1448
20260726|0410|0550|1311|1702|2022|2154|12 Safer 1448
20260727|0412|0551|1311|1702|2021|2153|13 Safer 1448
20260728|0413|0552|1311|1702|2020|2152|14 Safer 1448
20260729|0414|0552|1311|1701|2019|2151|15 Safer 1448
20260730|0415|0553|1311|1701|2018|2149|16 Safer 1448
20260731|0417|0554|1311|1701|2018|2148|17 Safer 1448
20260801|0418|0555|1311|1701|2017|2147|18 Safer 1448
20260802|0419|0556|1311|1700|2016|2145|19 Safer 1448
20260803|0421|0557|1311|1700|2015|2144|20 Safer 1448
20260804|0422|0558|1311|1700|2014|2143|21 Safer 1448
20260805|0423|0558|1310|1659|2013|2141|22 Safer 1448
20260806|0425|0559|1310|1659|2011|2140|23 Safer 1448
20260807|0426|0600|1310|1659|2010|2138|24 Safer 1448
20260808|0427|0601|1310|1658|2009|2137|25 Safer 1448
20260809|0428|0602|1310|1658|2008|2135|26 Safer 1448
20260810|0430|0603|1310|1657|2007|2134|27 Safer 1448
20260811|0431|0604|1310|1657|2006|2132|28 Safer 1448
20260812|0432|0604|1309|1656|2005|2130|29 Safer 1448
20260813|0434|0605|1309|1656|2003|2129|30 Safer 1448
20260814|0435|0606|1309|1655|2002|2127|1 Rebiulevvel 1448
20260815|0436|0607|1309|1655|2001|2126|2 Rebiulevvel 1448
20260816|0437|0608|1309|1654|2000|2124|3 Rebiulevvel 1448
20260817|0439|0609|1309|1654|1958|2122|4 Rebiulevvel 1448
20260818|0440|0610|1308|1653|1957|2121|5 Rebiulevvel 1448
20260819|0441|0611|1308|1653|1956|2119|6 Rebiulevvel 1448
20260820|0442|0611|1308|1652|1954|2117|7 Rebiulevvel 1448
20260821|0444|0612|1308|1651|1953|2116|8 Rebiulevvel 1448
20260822|0445|0613|1307|1651|1952|2114|9 Rebiulevvel 1448
20260823|0446|0614|1307|1650|1950|2112|10 Rebiulevvel 1448
20260824|0447|0615|1307|1649|1949|2111|11 Rebiulevvel 1448
20260825|0448|0616|1307|1649|1947|2109|12 Rebiulevvel 1448
20260826|0450|0617|1306|1648|1946|2107|13 Rebiulevvel 1448
20260827|0451|0618|1306|1647|1945|2106|14 Rebiulevvel 1448
20260828|0452|0618|1306|1646|1943|2104|15 Rebiulevvel 1448
20260829|0453|0619|1305|1646|1942|2102|16 Rebiulevvel 1448
20260830|0454|0620|1305|1645|1940|2100|17 Rebiulevvel 1448
20260831|0455|0621|1305|1644|1939|2059|18 Rebiulevvel 1448
20260901|0456|0622|1305|1643|1937|2057|19 Rebiulevvel 1448
20260902|0458|0623|1304|1642|1936|2055|20 Rebiulevvel 1448
20260903|0459|0624|1304|1642|1934|2053|21 Rebiulevvel 1448
20260904|0500|0624|1304|1641|1933|2052|22 Rebiulevvel 1448
20260905|0501|0625|1303|1640|1931|2050|23 Rebiulevvel 1448
20260906|0502|0626|1303|1639|1930|2048|24 Rebiulevvel 1448
20260907|0503|0627|1303|1638|1928|2047|25 Rebiulevvel 1448
20260908|0504|0628|1302|1637|1927|2045|26 Rebiulevvel 1448
20260909|0505|0629|1302|1636|1925|2043|27 Rebiulevvel 1448
20260910|0506|0630|1302|1635|1924|2041|28 Rebiulevvel 1448
20260911|0507|0630|1301|1634|1922|2040|29 Rebiulevvel 1448
20260912|0508|0631|1301|1633|1920|2038|1 Rebiulahir 1448
20260913|0509|0632|1300|1632|1919|2036|2 Rebiulahir 1448
20260914|0510|0633|1300|1632|1917|2034|3 Rebiulahir 1448
20260915|0511|0634|1300|1631|1916|2033|4 Rebiulahir 1448
20260916|0513|0635|1259|1630|1914|2031|5 Rebiulahir 1448
20260917|0514|0636|1259|1629|1913|2029|6 Rebiulahir 1448
20260918|0515|0636|1259|1627|1911|2028|7 Rebiulahir 1448
20260919|0516|0637|1258|1626|1909|2026|8 Rebiulahir 1448
20260920|0517|0638|1258|1625|1908|2024|9 Rebiulahir 1448
20260921|0518|0639|1258|1624|1906|2022|10 Rebiulahir 1448
20260922|0518|0640|1257|1623|1905|2021|11 Rebiulahir 1448
20260923|0519|0641|1257|1622|1903|2019|12 Rebiulahir 1448
20260924|0520|0642|1257|1621|1902|2017|13 Rebiulahir 1448
20260925|0521|0642|1256|1620|1900|2016|14 Rebiulahir 1448
20260926|0522|0643|1256|1619|1858|2014|15 Rebiulahir 1448
20260927|0523|0644|1256|1618|1857|2013|16 Rebiulahir 1448
20260928|0524|0645|1255|1617|1855|2011|17 Rebiulahir 1448
20260929|0525|0646|1255|1616|1854|2009|18 Rebiulahir 1448
20260930|0526|0647|1254|1615|1852|2008|19 Rebiulahir 1448
20261001|0527|0648|1254|1614|1851|2006|20 Rebiulahir 1448
20261002|0528|0649|1254|1613|1849|2005|21 Rebiulahir 1448
20261003|0529|0649|1254|1611|1848|2003|22 Rebiulahir 1448
20261004|0530|0650|1253|1610|1846|2001|23 Rebiulahir 1448
20261005|0531|0651|1253|1609|1845|2000|24 Rebiulahir 1448
20261006|0532|0652|1253|1608|1843|1958|25 Rebiulahir 1448
20261007|0533|0653|1252|1607|1842|1957|26 Rebiulahir 1448
20261008|0534|0654|1252|1606|1840|1955|27 Rebiulahir 1448
20261009|0535|0655|1252|1605|1839|1954|28 Rebiulahir 1448
20261010|0535|0656|1251|1604|1837|1952|29 Rebiulahir 1448
20261011|0536|0657|1251|1603|1836|1951|30 Rebiulahir 1448
20261012|0537|0658|1251|1602|1834|1950|1 Cemaziyelevvel 1448
20261013|0538|0659|1251|1601|1833|1948|2 Cemaziyelevvel 1448
20261014|0539|0700|1250|1600|1831|1947|3 Cemaziyelevvel 1448
20261015|0540|0701|1250|1558|1830|1945|4 Cemaziyelevvel 1448
20261016|0541|0702|1250|1557|1828|1944|5 Cemaziyelevvel 1448
20261017|0542|0703|1250|1556|1827|1943|6 Cemaziyelevvel 1448
20261018|0543|0704|1250|1555|1826|1941|7 Cemaziyelevvel 1448
20261019|0544|0705|1249|1554|1824|1940|8 Cemaziyelevvel 1448
20261020|0545|0706|1249|1553|1823|1939|9 Cemaziyelevvel 1448
20261021|0546|0707|1249|1552|1822|1937|10 Cemaziyelevvel 1448
20261022|0547|0708|1249|1551|1820|1936|11 Cemaziyelevvel 1448
20261023|0547|0709|1249|1550|1819|1935|12 Cemaziyelevvel 1448
20261024|0548|0710|1249|1549|1818|1934|13 Cemaziyelevvel 1448
20261025|0549|0711|1248|1548|1816|1933|14 Cemaziyelevvel 1448
20261026|0550|0712|1248|1547|1815|1932|15 Cemaziyelevvel 1448
20261027|0551|0713|1248|1546|1814|1930|16 Cemaziyelevvel 1448
20261028|0552|0714|1248|1545|1813|1929|17 Cemaziyelevvel 1448
20261029|0553|0715|1248|1544|1812|1928|18 Cemaziyelevvel 1448
20261030|0554|0716|1248|1543|1810|1927|19 Cemaziyelevvel 1448
20261031|0555|0717|1248|1543|1809|1926|20 Cemaziyelevvel 1448
20261101|0556|0718|1248|1542|1808|1925|21 Cemaziyelevvel 1448
20261102|0557|0719|1248|1541|1807|1924|22 Cemaziyelevvel 1448
20261103|0558|0720|1248|1540|1806|1923|23 Cemaziyelevvel 1448
20261104|0559|0721|1248|1539|1805|1922|24 Cemaziyelevvel 1448
20261105|0559|0722|1248|1538|1804|1921|25 Cemaziyelevvel 1448
20261106|0600|0723|1248|1538|1803|1920|26 Cemaziyelevvel 1448
20261107|0601|0724|1248|1537|1802|1920|27 Cemaziyelevvel 1448
20261108|0602|0725|1248|1536|1801|1919|28 Cemaziyelevvel 1448
20261109|0603|0726|1248|1535|1800|1918|29 Cemaziyelevvel 1448
20261110|0604|0727|1248|1535|1759|1917|1 Cemaziyelahir 1448
20261111|0605|0728|1248|1534|1758|1917|2 Cemaziyelahir 1448
20261112|0606|0730|1248|1533|1757|1916|3 Cemaziyelahir 1448
20261113|0607|0731|1249|1533|1757|1915|4 Cemaziyelahir 1448
20261114|0608|0732|1249|1532|1756|1914|5 Cemaziyelahir 1448
20261115|0609|0733|1249|1531|1755|1914|6 Cemaziyelahir 1448
20261116|0610|0734|1249|1531|1754|1913|7 Cemaziyelahir 1448
20261117|0611|0735|1249|1530|1754|1913|8 Cemaziyelahir 1448
20261118|0611|0736|1249|1530|1753|1912|9 Cemaziyelahir 1448
20261119|0612|0737|1250|1529|1752|1912|10 Cemaziyelahir 1448
20261120|0613|0738|1250|1529|1752|1911|11 Cemaziyelahir 1448
20261121|0614|0739|1250|1528|1751|1911|12 Cemaziyelahir 1448
20261122|0615|0740|1250|1528|1750|1910|13 Cemaziyelahir 1448
20261123|0616|0741|1251|1527|1750|1910|14 Cemaziyelahir 1448
20261124|0617|0742|1251|1527|1750|1910|15 Cemaziyelahir 1448
20261125|0618|0743|1251|1527|1749|1909|16 Cemaziyelahir 1448
20261126|0619|0744|1251|1527|1749|1909|17 Cemaziyelahir 1448
20261127|0620|0745|1252|1526|1748|1909|18 Cemaziyelahir 1448
20261128|0620|0746|1252|1526|1748|1909|19 Cemaziyelahir 1448
20261129|0621|0747|1252|1526|1748|1908|20 Cemaziyelahir 1448
20261130|0622|0748|1253|1526|1747|1908|21 Cemaziyelahir 1448
20261201|0623|0749|1253|1525|1747|1908|22 Cemaziyelahir 1448
20261202|0624|0750|1254|1525|1747|1908|23 Cemaziyelahir 1448
20261203|0625|0751|1254|1525|1747|1908|24 Cemaziyelahir 1448
20261204|0625|0752|1254|1525|1747|1908|25 Cemaziyelahir 1448
20261205|0626|0753|1255|1525|1746|1908|26 Cemaziyelahir 1448
20261206|0627|0754|1255|1525|1746|1908|27 Cemaziyelahir 1448
20261207|0628|0755|1256|1525|1746|1908|28 Cemaziyelahir 1448
20261208|0629|0756|1256|1525|1746|1908|29 Cemaziyelahir 1448
20261209|0629|0756|1256|1525|1746|1908|30 Cemaziyelahir 1448
20261210|0630|0757|1257|1526|1747|1909|1 Recep 1448
20261211|0631|0758|1257|1526|1747|1909|2 Recep 1448
20261212|0631|0759|1258|1526|1747|1909|3 Recep 1448
20261213|0632|0800|1258|1526|1747|1909|4 Recep 1448
20261214|0633|0800|1259|1526|1747|1909|5 Recep 1448
20261215|0633|0801|1259|1527|1747|1910|6 Recep 1448
20261216|0634|0802|1300|1527|1748|1910|7 Recep 1448
20261217|0635|0802|1300|1527|1748|1910|8 Recep 1448
20261218|0635|0803|1301|1528|1748|1911|9 Recep 1448
20261219|0636|0804|1301|1528|1749|1911|10 Recep 1448
20261220|0636|0804|1302|1529|1749|1912|11 Recep 1448
20261221|0637|0805|1302|1529|1750|1912|12 Recep 1448
20261222|0637|0805|1303|1530|1750|1913|13 Recep 1448
20261223|0638|0806|1303|1530|1751|1913|14 Recep 1448
20261224|0638|0806|1304|1531|1751|1914|15 Recep 1448
20261225|0639|0807|1304|1531|1752|1914|16 Recep 1448
20261226|0639|0807|1305|1532|1752|1915|17 Recep 1448
20261227|0640|0807|1305|1532|1753|1915|18 Recep 1448
20261228|0640|0808|1306|1533|1754|1916|19 Recep 1448
20261229|0640|0808|1306|1534|1754|1917|20 Recep 1448
20261230|0641|0808|1307|1534|1755|1917|21 Recep 1448
20261231|0641|0808|1307|1535|1756|1918|22 Recep 1448
20270101|0641|0809|1308|1536|1757|1919|23 Recep 1448
20270102|0641|0809|1308|1537|1757|1919|24 Recep 1448
20270103|0642|0809|1309|1537|1758|1920|25 Recep 1448
20270104|0642|0809|1309|1538|1759|1921|26 Recep 1448
20270105|0642|0809|1309|1539|1800|1922|27 Recep 1448
20270106|0642|0809|1310|1540|1801|1923|28 Recep 1448
20270107|0642|0809|1310|1541|1802|1923|29 Recep 1448
20270108|0642|0809|1311|1541|1803|1924|30 Recep 1448
20270109|0642|0809|1311|1542|1804|1925|1 Şaban 1448
20270110|0642|0809|1312|1543|1805|1926|2 Şaban 1448
20270111|0642|0809|1312|1544|1805|1927|3 Şaban 1448
20270112|0642|0808|1312|1545|1806|1928|4 Şaban 1448
20270113|0642|0808|1313|1546|1807|1928|5 Şaban 1448
20270114|0642|0808|1313|1547|1808|1929|6 Şaban 1448
20270115|0642|0808|1313|1548|1810|1930|7 Şaban 1448
20270116|0641|0807|1314|1549|1811|1931|8 Şaban 1448
20270117|0641|0807|1314|1549|1812|1932|9 Şaban 1448
20270118|0641|0806|1315|1550|1813|1933|10 Şaban 1448
20270119|0641|0806|1315|1551|1814|1934|11 Şaban 1448
20270120|0640|0806|1315|1552|1815|1935|12 Şaban 1448
20270121|0640|0805|1315|1553|1816|1936|13 Şaban 1448
20270122|0640|0804|1316|1554|1817|1937|14 Şaban 1448
20270123|0639|0804|1316|1555|1818|1938|15 Şaban 1448
20270124|0639|0803|1316|1556|1819|1939|16 Şaban 1448
20270125|0638|0803|1316|1557|1820|1940|17 Şaban 1448
20270126|0638|0802|1317|1558|1821|1941|18 Şaban 1448
20270127|0637|0801|1317|1559|1823|1942|19 Şaban 1448
20270128|0637|0801|1317|1600|1824|1942|20 Şaban 1448
20270129|0636|0800|1317|1601|1825|1943|21 Şaban 1448
20270130|0635|0759|1317|1602|1826|1944|22 Şaban 1448
20270131|0635|0758|1318|1603|1827|1945|23 Şaban 1448
20270201|0634|0757|1318|1604|1828|1946|24 Şaban 1448
20270202|0633|0757|1318|1605|1829|1947|25 Şaban 1448
20270203|0633|0756|1318|1606|1830|1948|26 Şaban 1448
20270204|0632|0755|1318|1607|1832|1949|27 Şaban 1448
20270205|0631|0754|1318|1607|1833|1950|28 Şaban 1448
20270206|0630|0753|1318|1608|1834|1951|29 Şaban 1448
20270207|0629|0752|1318|1609|1835|1952|30 Şaban 1448
20270208|0629|0751|1318|1610|1836|1953|1 Ramazan 1448
20270209|0628|0750|1319|1611|1837|1954|2 Ramazan 1448
20270210|0627|0749|1319|1612|1838|1955|3 Ramazan 1448
20270211|0626|0748|1319|1613|1839|1956|4 Ramazan 1448
20270212|0625|0747|1319|1614|1841|1957|5 Ramazan 1448
20270213|0624|0746|1319|1614|1842|1958|6 Ramazan 1448
20270214|0623|0744|1319|1615|1843|1959|7 Ramazan 1448
20270215|0622|0743|1318|1616|1844|2000|8 Ramazan 1448
20270216|0621|0742|1318|1617|1845|2001|9 Ramazan 1448
20270217|0619|0741|1318|1618|1846|2002|10 Ramazan 1448
20270218|0618|0740|1318|1619|1847|2003|11 Ramazan 1448
20270219|0617|0738|1318|1619|1848|2004|12 Ramazan 1448
20270220|0616|0737|1318|1620|1849|2005|13 Ramazan 1448
20270221|0615|0736|1318|1621|1850|2006|14 Ramazan 1448
20270222|0614|0734|1318|1622|1851|2007|15 Ramazan 1448
20270223|0612|0733|1318|1622|1852|2008|16 Ramazan 1448
20270224|0611|0732|1318|1623|1853|2009|17 Ramazan 1448
20270225|0610|0731|1317|1624|1854|2010|18 Ramazan 1448
20270226|0609|0729|1317|1625|1856|2011|19 Ramazan 1448
20270227|0607|0728|1317|1625|1857|2012|20 Ramazan 1448
20270228|0606|0726|1317|1626|1858|2013|21 Ramazan 1448
20270301|0605|0725|1317|1627|1859|2014|22 Ramazan 1448
20270302|0603|0724|1317|1627|1900|2015|23 Ramazan 1448
20270303|0602|0722|1316|1628|1901|2016|24 Ramazan 1448
20270304|0600|0721|1316|1628|1902|2017|25 Ramazan 1448
20270305|0559|0719|1316|1629|1903|2018|26 Ramazan 1448
20270306|0557|0718|1316|1630|1904|2019|27 Ramazan 1448
20270307|0556|0716|1316|1630|1905|2020|28 Ramazan 1448
20270308|0555|0715|1315|1631|1906|2021|29 Ramazan 1448
20270309|0553|0713|1315|1631|1907|2022|1 Şevval 1448
20270310|0552|0712|1315|1632|1908|2023|2 Şevval 1448
20270311|0550|0711|1315|1632|1909|2024|3 Şevval 1448
20270312|0548|0709|1314|1633|1910|2025|4 Şevval 1448
20270313|0547|0708|1314|1634|1911|2026|5 Şevval 1448
20270314|0545|0706|1314|1634|1912|2027|6 Şevval 1448
20270315|0544|0704|1313|1635|1912|2028|7 Şevval 1448
20270316|0542|0703|1313|1635|1913|2029|8 Şevval 1448
20270317|0541|0701|1313|1635|1914|2030|9 Şevval 1448
20270318|0539|0700|1313|1636|1915|2031|10 Şevval 1448
20270319|0537|0658|1312|1636|1916|2032|11 Şevval 1448
20270320|0536|0657|1312|1637|1917|2033|12 Şevval 1448
20270321|0534|0655|1312|1637|1918|2034|13 Şevval 1448
20270322|0532|0654|1311|1638|1919|2035|14 Şevval 1448
20270323|0531|0652|1311|1638|1920|2036|15 Şevval 1448
20270324|0529|0651|1311|1638|1921|2037|16 Şevval 1448
20270325|0527|0649|1311|1639|1922|2038|17 Şevval 1448
20270326|0526|0648|1310|1639|1923|2039|18 Şevval 1448
20270327|0524|0646|1310|1640|1924|2040|19 Şevval 1448
20270328|0522|0645|1310|1640|1925|2042|20 Şevval 1448
20270329|0521|0643|1309|1640|1926|2043|21 Şevval 1448
20270330|0519|0642|1309|1641|1927|2044|22 Şevval 1448
20270331|0517|0640|1309|1641|1928|2045|23 Şevval 1448
20270401|0516|0638|1308|1641|1928|2046|24 Şevval 1448
20270402|0514|0637|1308|1642|1929|2047|25 Şevval 1448
20270403|0512|0635|1308|1642|1930|2048|26 Şevval 1448
20270404|0510|0634|1308|1642|1931|2049|27 Şevval 1448
20270405|0509|0632|1307|1642|1932|2050|28 Şevval 1448
20270406|0507|0631|1307|1643|1933|2052|29 Şevval 1448
20270407|0505|0629|1307|1643|1934|2053|30 Şevval 1448
20270408|0503|0628|1306|1643|1935|2054|1 Zilkade 1448
20270409|0502|0626|1306|1644|1936|2055|2 Zilkade 1448
20270410|0500|0625|1306|1644|1937|2056|3 Zilkade 1448
20270411|0458|0624|1306|1644|1938|2057|4 Zilkade 1448
20270412|0457|0622|1305|1644|1939|2058|5 Zilkade 1448
20270413|0455|0621|1305|1645|1940|2100|6 Zilkade 1448
20270414|0453|0619|1305|1645|1940|2101|7 Zilkade 1448
20270415|0451|0618|1305|1645|1941|2102|8 Zilkade 1448
20270416|0450|0616|1304|1645|1942|2103|9 Zilkade 1448
20270417|0448|0615|1304|1646|1943|2104|10 Zilkade 1448
20270418|0446|0614|1304|1646|1944|2106|11 Zilkade 1448
20270419|0445|0612|1304|1646|1945|2107|12 Zilkade 1448
20270420|0443|0611|1303|1646|1946|2108|13 Zilkade 1448
20270421|0441|0609|1303|1646|1947|2109|14 Zilkade 1448
20270422|0439|0608|1303|1647|1948|2111|15 Zilkade 1448
20270423|0438|0607|1303|1647|1949|2112|16 Zilkade 1448
20270424|0436|0606|1303|1647|1950|2113|17 Zilkade 1448
20270425|0434|0604|1302|1647|1951|2114|18 Zilkade 1448
20270426|0433|0603|1302|1647|1952|2116|19 Zilkade 1448
20270427|0431|0602|1302|1648|1953|2117|20 Zilkade 1448
20270428|0430|0600|1302|1648|1954|2118|21 Zilkade 1448
20270429|0428|0559|1302|1648|1954|2120|22 Zilkade 1448
20270430|0426|0558|1302|1648|1955|2121|23 Zilkade 1448
20270501|0425|0557|1302|1648|1956|2122|24 Zilkade 1448
20270502|0423|0556|1301|1649|1957|2123|25 Zilkade 1448
20270503|0422|0554|1301|1649|1958|2125|26 Zilkade 1448
20270504|0420|0553|1301|1649|1959|2126|27 Zilkade 1448
20270505|0418|0552|1301|1649|2000|2127|28 Zilkade 1448
20270506|0417|0551|1301|1649|2001|2129|29 Zilkade 1448
20270507|0415|0550|1301|1650|2002|2130|1 Zilhicce 1448
20270508|0414|0549|1301|1650|2003|2131|2 Zilhicce 1448
20270509|0412|0548|1301|1650|2004|2133|3 Zilhicce 1448
20270510|0411|0547|1301|1650|2005|2134|4 Zilhicce 1448
20270511|0410|0546|1301|1650|2006|2135|5 Zilhicce 1448
20270512|0408|0545|1301|1651|2006|2137|6 Zilhicce 1448
20270513|0407|0544|1301|1651|2007|2138|7 Zilhicce 1448
20270514|0406|0543|1301|1651|2008|2139|8 Zilhicce 1448
20270515|0404|0542|1301|1651|2009|2140|9 Zilhicce 1448
20270516|0403|0542|1301|1651|2010|2142|10 Zilhicce 1448
20270517|0402|0541|1301|1652|2011|2143|11 Zilhicce 1448
20270518|0400|0540|1301|1652|2012|2144|12 Zilhicce 1448
20270519|0359|0539|1301|1652|2013|2145|13 Zilhicce 1448
20270520|0358|0538|1301|1652|2013|2147|14 Zilhicce 1448
20270521|0357|0538|1301|1652|2014|2148|15 Zilhicce 1448
20270522|0356|0537|1301|1653|2015|2149|16 Zilhicce 1448
20270523|0355|0536|1301|1653|2016|2150|17 Zilhicce 1448
20270524|0354|0536|1301|1653|2017|2152|18 Zilhicce 1448
20270525|0352|0535|1301|1653|2018|2153|19 Zilhicce 1448
20270526|0351|0534|1301|1653|2018|2154|20 Zilhicce 1448
20270527|0351|0534|1301|1654|2019|2155|21 Zilhicce 1448
20270528|0350|0533|1302|1654|2020|2156|22 Zilhicce 1448
20270529|0349|0533|1302|1654|2021|2157|23 Zilhicce 1448
20270530|0348|0532|1302|1654|2021|2158|24 Zilhicce 1448
20270531|0347|0532|1302|1655|2022|2159|25 Zilhicce 1448
20270601|0346|0532|1302|1655|2023|2200|26 Zilhicce 1448
20270602|0346|0531|1302|1655|2023|2201|27 Zilhicce 1448
20270603|0345|0531|1302|1655|2024|2202|28 Zilhicce 1448
20270604|0344|0531|1303|1656|2025|2203|29 Zilhicce 1448
20270605|0344|0530|1303|1656|2025|2204|30 Zilhicce 1448
20270606|0343|0530|1303|1656|2026|2205|1 Muharrem 1449
20270607|0343|0530|1303|1656|2027|2206|2 Muharrem 1449
20270608|0342|0530|1303|1656|2027|2207|3 Muharrem 1449
20270609|0342|0529|1303|1657|2028|2207|4 Muharrem 1449
20270610|0341|0529|1304|1657|2028|2208|5 Muharrem 1449
20270611|0341|0529|1304|1657|2029|2209|6 Muharrem 1449
20270612|0341|0529|1304|1657|2029|2209|7 Muharrem 1449
20270613|0341|0529|1304|1658|2030|2210|8 Muharrem 1449
20270614|0340|0529|1305|1658|2030|2211|9 Muharrem 1449
20270615|0340|0529|1305|1658|2030|2211|10 Muharrem 1449
20270616|0340|0529|1305|1658|2031|2212|11 Muharrem 1449
20270617|0340|0529|1305|1659|2031|2212|12 Muharrem 1449
20270618|0340|0529|1305|1659|2032|2212|13 Muharrem 1449
20270619|0340|0529|1306|1659|2032|2213|14 Muharrem 1449
20270620|0340|0530|1306|1659|2032|2213|15 Muharrem 1449
20270621|0341|0530|1306|1700|2032|2213|16 Muharrem 1449
20270622|0341|0530|1306|1700|2033|2214|17 Muharrem 1449
20270623|0341|0530|1306|1700|2033|2214|18 Muharrem 1449
20270624|0341|0530|1307|1700|2033|2214|19 Muharrem 1449
20270625|0342|0531|1307|1700|2033|2214|20 Muharrem 1449
20270626|0342|0531|1307|1701|2033|2214|21 Muharrem 1449
20270627|0343|0531|1307|1701|2033|2214|22 Muharrem 1449
20270628|0343|0532|1308|1701|2033|2214|23 Muharrem 1449
20270629|0344|0532|1308|1701|2033|2214|24 Muharrem 1449
20270630|0344|0533|1308|1701|2033|2214|25 Muharrem 1449
20270701|0345|0533|1308|1701|2033|2214|26 Muharrem 1449
20270702|0345|0534|1308|1702|2033|2213|27 Muharrem 1449
20270703|0346|0534|1309|1702|2033|2213|28 Muharrem 1449
20270704|0347|0535|1309|1702|2033|2213|29 Muharrem 1449
20270705|0348|0535|1309|1702|2033|2212|1 Safer 1449
20270706|0348|0536|1309|1702|2033|2212|2 Safer 1449
20270707|0349|0536|1309|1702|2032|2211|3 Safer 1449
20270708|0350|0537|1309|1702|2032|2211|4 Safer 1449
20270709|0351|0537|1310|1702|2032|2210|5 Safer 1449
20270710|0352|0538|1310|1703|2031|2210|6 Safer 1449
20270711|0353|0539|1310|1703|2031|2209|7 Safer 1449
20270712|0354|0539|1310|1703|2031|2208|8 Safer 1449
20270713|0355|0540|1310|1703|2030|2208|9 Safer 1449
20270714|0356|0541|1310|1703|2030|2207|10 Safer 1449
20270715|0357|0541|1310|1703|2029|2206|11 Safer 1449
20270716|0358|0542|1310|1703|2029|2205|12 Safer 1449
20270717|0359|0543|1310|1703|2028|2204|13 Safer 1449
20270718|0400|0543|1311|1703|2028|2203|14 Safer 1449
20270719|0402|0544|1311|1703|2027|2202|15 Safer 1449
20270720|0403|0545|1311|1703|2026|2201|16 Safer 1449
20270721|0404|0546|1311|1703|2026|2200|17 Safer 1449
20270722|0405|0547|1311|1702|2025|2159|18 Safer 1449
20270723|0406|0547|1311|1702|2024|2158|19 Safer 1449
20270724|0408|0548|1311|1702|2024|2157|20 Safer 1449
20270725|0409|0549|1311|1702|2023|2156|21 Safer 1449
20270726|0410|0550|1311|1702|2022|2155|22 Safer 1449
20270727|0411|0551|1311|1702|2021|2154|23 Safer 1449
20270728|0413|0551|1311|1702|2020|2152|24 Safer 1449
20270729|0414|0552|1311|1701|2020|2151|25 Safer 1449
20270730|0415|0553|1311|1701|2019|2150|26 Safer 1449
20270731|0416|0554|1311|1701|2018|2148|27 Safer 1449
20270801|0418|0555|1311|1701|2017|2147|28 Safer 1449
20270802|0419|0556|1311|1700|2016|2146|29 Safer 1449
20270803|0420|0556|1311|1700|2015|2144|1 Rebiulevvel 1449
20270804|0422|0557|1311|1700|2014|2143|2 Rebiulevvel 1449
20270805|0423|0558|1310|1659|2013|2141|3 Rebiulevvel 1449
20270806|0424|0559|1310|1659|2012|2140|4 Rebiulevvel 1449
20270807|0426|0600|1310|1659|2011|2139|5 Rebiulevvel 1449
20270808|0427|0601|1310|1658|2009|2137|6 Rebiulevvel 1449
20270809|0428|0602|1310|1658|2008|2135|7 Rebiulevvel 1449
20270810|0429|0603|1310|1657|2007|2134|8 Rebiulevvel 1449
20270811|0431|0603|1310|1657|2006|2132|9 Rebiulevvel 1449
20270812|0432|0604|1310|1657|2005|2131|10 Rebiulevvel 1449
20270813|0433|0605|1309|1656|2004|2129|11 Rebiulevvel 1449
20270814|0434|0606|1309|1656|2002|2128|12 Rebiulevvel 1449
20270815|0436|0607|1309|1655|2001|2126|13 Rebiulevvel 1449
20270816|0437|0608|1309|1654|2000|2124|14 Rebiulevvel 1449
20270817|0438|0609|1309|1654|1959|2123|15 Rebiulevvel 1449
20270818|0440|0610|1308|1653|1957|2121|16 Rebiulevvel 1449
20270819|0441|0610|1308|1653|1956|2120|17 Rebiulevvel 1449
20270820|0442|0611|1308|1652|1955|2118|18 Rebiulevvel 1449
20270821|0443|0612|1308|1652|1953|2116|19 Rebiulevvel 1449
20270822|0444|0613|1307|1651|1952|2115|20 Rebiulevvel 1449
20270823|0446|0614|1307|1650|1951|2113|21 Rebiulevvel 1449
20270824|0447|0615|1307|1650|1949|2111|22 Rebiulevvel 1449
20270825|0448|0616|1307|1649|1948|2109|23 Rebiulevvel 1449
20270826|0449|0616|1306|1648|1946|2108|24 Rebiulevvel 1449
20270827|0450|0617|1306|1647|1945|2106|25 Rebiulevvel 1449
20270828|0452|0618|1306|1647|1943|2104|26 Rebiulevvel 1449
20270829|0453|0619|1306|1646|1942|2103|27 Rebiulevvel 1449
20270830|0454|0620|1305|1645|1941|2101|28 Rebiulevvel 1449
20270831|0455|0621|1305|1644|1939|2059|29 Rebiulevvel 1449
20270901|0456|0622|1305|1643|1938|2057|30 Rebiulevvel 1449
20270902|0457|0622|1304|1643|1936|2056|1 Rebiulahir 1449
20270903|0458|0623|1304|1642|1935|2054|2 Rebiulahir 1449
20270904|0500|0624|1304|1641|1933|2052|3 Rebiulahir 1449
20270905|0501|0625|1303|1640|1932|2050|4 Rebiulahir 1449
20270906|0502|0626|1303|1639|1930|2049|5 Rebiulahir 1449
20270907|0503|0627|1303|1638|1929|2047|6 Rebiulahir 1449
20270908|0504|0628|1302|1637|1927|2045|7 Rebiulahir 1449
20270909|0505|0628|1302|1637|1925|2043|8 Rebiulahir 1449
20270910|0506|0629|1302|1636|1924|2042|9 Rebiulahir 1449
20270911|0507|0630|1301|1635|1922|2040|10 Rebiulahir 1449
20270912|0508|0631|1301|1634|1921|2038|11 Rebiulahir 1449
20270913|0509|0632|1301|1633|1919|2037|12 Rebiulahir 1449
20270914|0510|0633|1300|1632|1918|2035|13 Rebiulahir 1449
20270915|0511|0634|1300|1631|1916|2033|14 Rebiulahir 1449
20270916|0512|0634|1259|1630|1915|2031|15 Rebiulahir 1449
20270917|0513|0635|1259|1629|1913|2030|16 Rebiulahir 1449
20270918|0514|0636|1259|1628|1911|2028|17 Rebiulahir 1449
20270919|0515|0637|1258|1627|1910|2026|18 Rebiulahir 1449
20270920|0516|0638|1258|1626|1908|2025|19 Rebiulahir 1449
20270921|0517|0639|1258|1625|1907|2023|20 Rebiulahir 1449
20270922|0518|0640|1257|1624|1905|2021|21 Rebiulahir 1449
20270923|0519|0640|1257|1623|1904|2020|22 Rebiulahir 1449
20270924|0520|0641|1257|1621|1902|2018|23 Rebiulahir 1449
20270925|0521|0642|1256|1620|1900|2016|24 Rebiulahir 1449
20270926|0522|0643|1256|1619|1859|2015|25 Rebiulahir 1449
20270927|0523|0644|1256|1618|1857|2013|26 Rebiulahir 1449
20270928|0524|0645|1255|1617|1856|2011|27 Rebiulahir 1449
20270929|0525|0646|1255|1616|1854|2010|28 Rebiulahir 1449
20270930|0526|0647|1255|1615|1853|2008|29 Rebiulahir 1449
20271001|0527|0647|1254|1614|1851|2006|1 Cemaziyelevvel 1449
20271002|0528|0648|1254|1613|1850|2005|2 Cemaziyelevvel 1449
20271003|0529|0649|1254|1612|1848|2003|3 Cemaziyelevvel 1449
20271004|0530|0650|1253|1611|1846|2002|4 Cemaziyelevvel 1449
20271005|0531|0651|1253|1610|1845|2000|5 Cemaziyelevvel 1449
20271006|0532|0652|1253|1608|1843|1959|6 Cemaziyelevvel 1449
20271007|0532|0653|1252|1607|1842|1957|7 Cemaziyelevvel 1449
20271008|0533|0654|1252|1606|1840|1956|8 Cemaziyelevvel 1449
20271009|0534|0655|1252|1605|1839|1954|9 Cemaziyelevvel 1449
20271010|0535|0656|1252|1604|1837|1953|10 Cemaziyelevvel 1449
20271011|0536|0657|1251|1603|1836|1951|11 Cemaziyelevvel 1449
20271012|0537|0658|1251|1602|1835|1950|12 Cemaziyelevvel 1449
20271013|0538|0659|1251|1601|1833|1948|13 Cemaziyelevvel 1449
20271014|0539|0659|1251|1600|1832|1947|14 Cemaziyelevvel 1449
20271015|0540|0700|1250|1559|1830|1946|15 Cemaziyelevvel 1449
20271016|0541|0701|1250|1558|1829|1944|16 Cemaziyelevvel 1449
20271017|0542|0702|1250|1557|1827|1943|17 Cemaziyelevvel 1449
20271018|0543|0703|1250|1556|1826|1942|18 Cemaziyelevvel 1449
20271019|0544|0704|1249|1554|1825|1940|19 Cemaziyelevvel 1449
20271020|0544|0705|1249|1553|1823|1939|20 Cemaziyelevvel 1449
20271021|0545|0706|1249|1552|1822|1938|21 Cemaziyelevvel 1449
20271022|0546|0707|1249|1551|1821|1937|22 Cemaziyelevvel 1449
20271023|0547|0708|1249|1550|1819|1935|23 Cemaziyelevvel 1449
20271024|0548|0709|1249|1549|1818|1934|24 Cemaziyelevvel 1449
20271025|0549|0710|1249|1548|1817|1933|25 Cemaziyelevvel 1449
20271026|0550|0711|1248|1547|1816|1932|26 Cemaziyelevvel 1449
20271027|0551|0712|1248|1546|1814|1931|27 Cemaziyelevvel 1449
20271028|0552|0713|1248|1546|1813|1930|28 Cemaziyelevvel 1449
20271029|0553|0714|1248|1545|1812|1928|29 Cemaziyelevvel 1449
20271030|0554|0715|1248|1544|1811|1927|30 Cemaziyelevvel 1449
20271031|0555|0716|1248|1543|1810|1926|1 Cemaziyelahir 1449
20271101|0556|0718|1248|1542|1808|1925|2 Cemaziyelahir 1449
20271102|0556|0719|1248|1541|1807|1924|3 Cemaziyelahir 1449
20271103|0557|0720|1248|1540|1806|1923|4 Cemaziyelahir 1449
20271104|0558|0721|1248|1539|1805|1922|5 Cemaziyelahir 1449
20271105|0559|0722|1248|1538|1804|1922|6 Cemaziyelahir 1449
20271106|0600|0723|1248|1538|1803|1921|7 Cemaziyelahir 1449
20271107|0601|0724|1248|1537|1802|1920|8 Cemaziyelahir 1449
20271108|0602|0725|1248|1536|1801|1919|9 Cemaziyelahir 1449
20271109|0603|0726|1248|1535|1800|1918|10 Cemaziyelahir 1449
20271110|0604|0727|1248|1535|1759|1917|11 Cemaziyelahir 1449
20271111|0605|0728|1248|1534|1758|1917|12 Cemaziyelahir 1449
20271112|0606|0729|1248|1533|1758|1916|13 Cemaziyelahir 1449
20271113|0607|0730|1249|1533|1757|1915|14 Cemaziyelahir 1449
20271114|0608|0731|1249|1532|1756|1915|15 Cemaziyelahir 1449
20271115|0608|0733|1249|1531|1755|1914|16 Cemaziyelahir 1449
20271116|0609|0734|1249|1531|1754|1913|17 Cemaziyelahir 1449
20271117|0610|0735|1249|1530|1754|1913|18 Cemaziyelahir 1449
20271118|0611|0736|1249|1530|1753|1912|19 Cemaziyelahir 1449
20271119|0612|0737|1250|1529|1752|1912|20 Cemaziyelahir 1449
20271120|0613|0738|1250|1529|1752|1911|21 Cemaziyelahir 1449
20271121|0614|0739|1250|1528|1751|1911|22 Cemaziyelahir 1449
20271122|0615|0740|1250|1528|1751|1911|23 Cemaziyelahir 1449
20271123|0616|0741|1251|1528|1750|1910|24 Cemaziyelahir 1449
20271124|0617|0742|1251|1527|1750|1910|25 Cemaziyelahir 1449
20271125|0618|0743|1251|1527|1749|1909|26 Cemaziyelahir 1449
20271126|0618|0744|1251|1527|1749|1909|27 Cemaziyelahir 1449
20271127|0619|0745|1252|1526|1748|1909|28 Cemaziyelahir 1449
20271128|0620|0746|1252|1526|1748|1909|29 Cemaziyelahir 1449
20271129|0621|0747|1252|1526|1748|1909|1 Recep 1449
20271130|0622|0748|1253|1526|1747|1908|2 Recep 1449
20271201|0623|0749|1253|1526|1747|1908|3 Recep 1449
20271202|0624|0750|1253|1525|1747|1908|4 Recep 1449
20271203|0624|0751|1254|1525|1747|1908|5 Recep 1449
20271204|0625|0752|1254|1525|1747|1908|6 Recep 1449
20271205|0626|0753|1255|1525|1747|1908|7 Recep 1449
20271206|0627|0754|1255|1525|1746|1908|8 Recep 1449
20271207|0628|0755|1255|1525|1746|1908|9 Recep 1449
20271208|0628|0755|1256|1525|1746|1908|10 Recep 1449
20271209|0629|0756|1256|1525|1746|1908|11 Recep 1449
20271210|0630|0757|1257|1526|1747|1909|12 Recep 1449
20271211|0631|0758|1257|1526|1747|1909|13 Recep 1449
20271212|0631|0759|1258|1526|1747|1909|14 Recep 1449
20271213|0632|0759|1258|1526|1747|1909|15 Recep 1449
20271214|0633|0800|1259|1526|1747|1909|16 Recep 1449
20271215|0633|0801|1259|1527|1747|1910|17 Recep 1449
20271216|0634|0802|1300|1527|1748|1910|18 Recep 1449
20271217|0635|0802|1300|1527|1748|1910|19 Recep 1449
20271218|0635|0803|1301|1528|1748|1911|20 Recep 1449
20271219|0636|0803|1301|1528|1749|1911|21 Recep 1449
20271220|0636|0804|1302|1529|1749|1912|22 Recep 1449
20271221|0637|0805|1302|1529|1750|1912|23 Recep 1449
20271222|0637|0805|1303|1529|1750|1913|24 Recep 1449
20271223|0638|0806|1303|1530|1751|1913|25 Recep 1449
20271224|0638|0806|1304|1530|1751|1914|26 Recep 1449
20271225|0639|0806|1304|1531|1752|1914|27 Recep 1449
20271226|0639|0807|1305|1532|1752|1915|28 Recep 1449
20271227|0640|0807|1305|1532|1753|1915|29 Recep 1449
20271228|0640|0808|1306|1533|1754|1916|30 Recep 1449
20271229|0640|0808|1306|1534|1754|1917|1 Şaban 1449
20271230|0641|0808|1306|1534|1755|1917|2 Şaban 1449
20271231|0641|0808|1307|1535|1756|1918|3 Şaban 1449
#@9175|Emirdağ|AFYONKARAHISAR|730
20260101|0639|0807|1304|1529|1750|1914|12 Recep 1447
20260102|0639|0808|1304|1530|1751|1914|13 Recep 1447
20260103|0639|0808|1305|1531|1752|1915|14 Recep 1447
20260104|0639|0808|1305|1532|1753|1916|15 Recep 1447
20260105|0639|0808|1306|1533|1754|1917|16 Recep 1447
20260106|0639|0808|1306|1533|1754|1917|17 Recep 1447
20260107|0639|0808|1307|1534|1755|1918|18 Recep 1447
20260108|0639|0808|1307|1535|1756|1919|19 Recep 1447
20260109|0639|0807|1307|1536|1757|1920|20 Recep 1447
20260110|0639|0807|1308|1537|1758|1921|21 Recep 1447
20260111|0639|0807|1308|1538|1759|1922|22 Recep 1447
20260112|0639|0807|1309|1539|1800|1923|23 Recep 1447
20260113|0639|0807|1309|1540|1801|1923|24 Recep 1447
20260114|0639|0806|1309|1540|1802|1924|25 Recep 1447
20260115|0639|0806|1310|1541|1803|1925|26 Recep 1447
20260116|0639|0806|1310|1542|1804|1926|27 Recep 1447
20260117|0638|0805|1310|1543|1806|1927|28 Recep 1447
20260118|0638|0805|1311|1544|1807|1928|29 Recep 1447
20260119|0638|0804|1311|1545|1808|1929|30 Recep 1447
20260120|0637|0804|1311|1546|1809|1930|1 Şaban 1447
20260121|0637|0803|1312|1547|1810|1931|2 Şaban 1447
20260122|0637|0803|1312|1548|1811|1932|3 Şaban 1447
20260123|0636|0802|1312|1549|1812|1933|4 Şaban 1447
20260124|0636|0801|1312|1550|1813|1934|5 Şaban 1447
20260125|0635|0801|1313|1551|1815|1935|6 Şaban 1447
20260126|0635|0800|1313|1552|1816|1936|7 Şaban 1447
20260127|0634|0759|1313|1553|1817|1937|8 Şaban 1447
20260128|0633|0759|1313|1554|1818|1938|9 Şaban 1447
20260129|0633|0758|1313|1555|1819|1939|10 Şaban 1447
20260130|0632|0757|1314|1556|1820|1940|11 Şaban 1447
20260131|0631|0756|1314|1557|1821|1941|12 Şaban 1447
20260201|0631|0755|1314|1558|1823|1942|13 Şaban 1447
20260202|0630|0754|1314|1559|1824|1943|14 Şaban 1447
20260203|0629|0753|1314|1600|1825|1944|15 Şaban 1447
20260204|0628|0752|1314|1601|1826|1945|16 Şaban 1447
20260205|0628|0751|1314|1602|1827|1946|17 Şaban 1447
20260206|0627|0750|1314|1603|1828|1947|18 Şaban 1447
20260207|0626|0749|1315|1604|1830|1948|19 Şaban 1447
20260208|0625|0748|1315|1605|1831|1949|20 Şaban 1447
20260209|0624|0747|1315|1606|1832|1950|21 Şaban 1447
20260210|0623|0746|1315|1606|1833|1951|22 Şaban 1447
20260211|0622|0745|1315|1607|1834|1952|23 Şaban 1447
20260212|0621|0744|1315|1608|1835|1953|24 Şaban 1447
20260213|0620|0743|1315|1609|1837|1954|25 Şaban 1447
20260214|0619|0742|1315|1610|1838|1955|26 Şaban 1447
20260215|0618|0740|1315|1611|1839|1956|27 Şaban 1447
20260216|0617|0739|1315|1612|1840|1957|28 Şaban 1447
20260217|0615|0738|1314|1613|1841|1958|29 Şaban 1447
20260218|0614|0737|1314|1613|1842|1959|30 Şaban 1447
20260219|0613|0735|1314|1614|1843|2000|1 Ramazan 1447
20260220|0612|0734|1314|1615|1844|2001|2 Ramazan 1447
20260221|0611|0733|1314|1616|1846|2002|3 Ramazan 1447
20260222|0609|0731|1314|1617|1847|2003|4 Ramazan 1447
20260223|0608|0730|1314|1617|1848|2005|5 Ramazan 1447
20260224|0607|0729|1314|1618|1849|2006|6 Ramazan 1447
20260225|0605|0727|1314|1619|1850|2007|7 Ramazan 1447
20260226|0604|0726|1313|1620|1851|2008|8 Ramazan 1447
20260227|0603|0724|1313|1620|1852|2009|9 Ramazan 1447
20260228|0601|0723|1313|1621|1853|2010|10 Ramazan 1447
20260301|0600|0722|1313|1622|1854|2011|11 Ramazan 1447
20260302|0558|0720|1313|1622|1855|2012|12 Ramazan 1447
20260303|0557|0719|1312|1623|1856|2013|13 Ramazan 1447
20260304|0556|0717|1312|1624|1857|2014|14 Ramazan 1447
20260305|0554|0716|1312|1624|1858|2015|15 Ramazan 1447
20260306|0553|0714|1312|1625|1859|2016|16 Ramazan 1447
20260307|0551|0713|1312|1626|1900|2017|17 Ramazan 1447
20260308|0550|0711|1311|1626|1902|2018|18 Ramazan 1447
20260309|0548|0710|1311|1627|1903|2019|19 Ramazan 1447
20260310|0546|0708|1311|1627|1904|2020|20 Ramazan 1447
20260311|0545|0707|1311|1628|1905|2021|21 Ramazan 1447
20260312|0543|0705|1310|1629|1906|2022|22 Ramazan 1447
20260313|0542|0704|1310|1629|1907|2023|23 Ramazan 1447
20260314|0540|0702|1310|1630|1908|2024|24 Ramazan 1447
20260315|0538|0700|1309|1630|1909|2025|25 Ramazan 1447
20260316|0537|0659|1309|1631|1910|2026|26 Ramazan 1447
20260317|0535|0657|1309|1631|1911|2027|27 Ramazan 1447
20260318|0534|0656|1309|1632|1912|2028|28 Ramazan 1447
20260319|0532|0654|1308|1632|1913|2030|29 Ramazan 1447
20260320|0530|0653|1308|1633|1914|2031|1 Şevval 1447
20260321|0528|0651|1308|1633|1915|2032|2 Şevval 1447
20260322|0527|0649|1307|1634|1916|2033|3 Şevval 1447
20260323|0525|0648|1307|1634|1917|2034|4 Şevval 1447
20260324|0523|0646|1307|1634|1918|2035|5 Şevval 1447
20260325|0522|0645|1307|1635|1918|2036|6 Şevval 1447
20260326|0520|0643|1306|1635|1919|2037|7 Şevval 1447
20260327|0518|0642|1306|1636|1920|2038|8 Şevval 1447
20260328|0516|0640|1306|1636|1921|2039|9 Şevval 1447
20260329|0515|0638|1305|1636|1922|2041|10 Şevval 1447
20260330|0513|0637|1305|1637|1923|2042|11 Şevval 1447
20260331|0511|0635|1305|1637|1924|2043|12 Şevval 1447
20260401|0509|0634|1304|1638|1925|2044|13 Şevval 1447
20260402|0508|0632|1304|1638|1926|2045|14 Şevval 1447
20260403|0506|0631|1304|1638|1927|2046|15 Şevval 1447
20260404|0504|0629|1304|1639|1928|2048|16 Şevval 1447
20260405|0502|0627|1303|1639|1929|2049|17 Şevval 1447
20260406|0500|0626|1303|1639|1930|2050|18 Şevval 1447
20260407|0459|0624|1303|1640|1931|2051|19 Şevval 1447
20260408|0457|0623|1302|1640|1932|2052|20 Şevval 1447
20260409|0455|0621|1302|1640|1933|2054|21 Şevval 1447
20260410|0453|0620|1302|1640|1934|2055|22 Şevval 1447
20260411|0452|0618|1302|1641|1935|2056|23 Şevval 1447
20260412|0450|0617|1301|1641|1936|2057|24 Şevval 1447
20260413|0448|0615|1301|1641|1937|2058|25 Şevval 1447
20260414|0446|0614|1301|1642|1938|2100|26 Şevval 1447
20260415|0444|0612|1301|1642|1939|2101|27 Şevval 1447
20260416|0443|0611|1300|1642|1940|2102|28 Şevval 1447
20260417|0441|0609|1300|1642|1941|2104|29 Şevval 1447
20260418|0439|0608|1300|1643|1942|2105|1 Zilkade 1447
20260419|0437|0607|1300|1643|1943|2106|2 Zilkade 1447
20260420|0436|0605|1259|1643|1944|2107|3 Zilkade 1447
20260421|0434|0604|1259|1643|1945|2109|4 Zilkade 1447
20260422|0432|0602|1259|1644|1946|2110|5 Zilkade 1447
20260423|0430|0601|1259|1644|1947|2111|6 Zilkade 1447
20260424|0429|0600|1259|1644|1948|2113|7 Zilkade 1447
20260425|0427|0558|1258|1644|1949|2114|8 Zilkade 1447
20260426|0425|0557|1258|1645|1950|2115|9 Zilkade 1447
20260427|0423|0556|1258|1645|1951|2117|10 Zilkade 1447
20260428|0422|0555|1258|1645|1951|2118|11 Zilkade 1447
20260429|0420|0553|1258|1645|1952|2119|12 Zilkade 1447
20260430|0418|0552|1258|1645|1953|2121|13 Zilkade 1447
20260501|0417|0551|1258|1646|1954|2122|14 Zilkade 1447
20260502|0415|0550|1257|1646|1955|2123|15 Zilkade 1447
20260503|0413|0548|1257|1646|1956|2125|16 Zilkade 1447
20260504|0412|0547|1257|1646|1957|2126|17 Zilkade 1447
20260505|0410|0546|1257|1647|1958|2128|18 Zilkade 1447
20260506|0409|0545|1257|1647|1959|2129|19 Zilkade 1447
20260507|0407|0544|1257|1647|2000|2130|20 Zilkade 1447
20260508|0406|0543|1257|1647|2001|2132|21 Zilkade 1447
20260509|0404|0542|1257|1647|2002|2133|22 Zilkade 1447
20260510|0402|0541|1257|1648|2003|2134|23 Zilkade 1447
20260511|0401|0540|1257|1648|2004|2136|24 Zilkade 1447
20260512|0400|0539|1257|1648|2005|2137|25 Zilkade 1447
20260513|0358|0538|1257|1648|2006|2139|26 Zilkade 1447
20260514|0357|0537|1257|1649|2007|2140|27 Zilkade 1447
20260515|0355|0536|1257|1649|2008|2141|28 Zilkade 1447
20260516|0354|0535|1257|1649|2009|2143|29 Zilkade 1447
20260517|0353|0534|1257|1649|2009|2144|30 Zilkade 1447
20260518|0351|0533|1257|1649|2010|2145|1 Zilhicce 1447
20260519|0350|0533|1257|1650|2011|2147|2 Zilhicce 1447
20260520|0349|0532|1257|1650|2012|2148|3 Zilhicce 1447
20260521|0348|0531|1257|1650|2013|2149|4 Zilhicce 1447
20260522|0346|0530|1257|1650|2014|2150|5 Zilhicce 1447
20260523|0345|0530|1257|1651|2015|2152|6 Zilhicce 1447
20260524|0344|0529|1257|1651|2016|2153|7 Zilhicce 1447
20260525|0343|0528|1257|1651|2016|2154|8 Zilhicce 1447
20260526|0342|0528|1257|1651|2017|2155|9 Zilhicce 1447
20260527|0341|0527|1258|1652|2018|2156|10 Zilhicce 1447
20260528|0340|0527|1258|1652|2019|2158|11 Zilhicce 1447
20260529|0339|0526|1258|1652|2020|2159|12 Zilhicce 1447
20260530|0338|0526|1258|1652|2020|2200|13 Zilhicce 1447
20260531|0337|0525|1258|1653|2021|2201|14 Zilhicce 1447
20260601|0337|0525|1258|1653|2022|2202|15 Zilhicce 1447
20260602|0336|0524|1258|1653|2022|2203|16 Zilhicce 1447
20260603|0335|0524|1259|1653|2023|2204|17 Zilhicce 1447
20260604|0334|0524|1259|1654|2024|2205|18 Zilhicce 1447
20260605|0334|0523|1259|1654|2024|2206|19 Zilhicce 1447
20260606|0333|0523|1259|1654|2025|2207|20 Zilhicce 1447
20260607|0333|0523|1259|1654|2026|2208|21 Zilhicce 1447
20260608|0332|0523|1259|1655|2026|2209|22 Zilhicce 1447
20260609|0332|0523|1300|1655|2027|2209|23 Zilhicce 1447
20260610|0331|0522|1300|1655|2027|2210|24 Zilhicce 1447
20260611|0331|0522|1300|1655|2028|2211|25 Zilhicce 1447
20260612|0331|0522|1300|1656|2028|2211|26 Zilhicce 1447
20260613|0330|0522|1300|1656|2029|2212|27 Zilhicce 1447
20260614|0330|0522|1301|1656|2029|2213|28 Zilhicce 1447
20260615|0330|0522|1301|1656|2030|2213|29 Zilhicce 1447
20260616|0330|0522|1301|1657|2030|2214|1 Muharrem 1448
20260617|0330|0522|1301|1657|2030|2214|2 Muharrem 1448
20260618|0330|0522|1302|1657|2031|2215|3 Muharrem 1448
20260619|0330|0523|1302|1657|2031|2215|4 Muharrem 1448
20260620|0330|0523|1302|1658|2031|2215|5 Muharrem 1448
20260621|0330|0523|1302|1658|2031|2216|6 Muharrem 1448
20260622|0331|0523|1302|1658|2032|2216|7 Muharrem 1448
20260623|0331|0523|1303|1658|2032|2216|8 Muharrem 1448
20260624|0331|0524|1303|1658|2032|2216|9 Muharrem 1448
20260625|0332|0524|1303|1659|2032|2216|10 Muharrem 1448
20260626|0332|0524|1303|1659|2032|2216|11 Muharrem 1448
20260627|0333|0525|1303|1659|2032|2216|12 Muharrem 1448
20260628|0333|0525|1304|1659|2032|2216|13 Muharrem 1448
20260629|0334|0525|1304|1659|2032|2216|14 Muharrem 1448
20260630|0334|0526|1304|1700|2032|2216|15 Muharrem 1448
20260701|0335|0526|1304|1700|2032|2215|16 Muharrem 1448
20260702|0336|0527|1304|1700|2032|2215|17 Muharrem 1448
20260703|0336|0527|1305|1700|2032|2215|18 Muharrem 1448
20260704|0337|0528|1305|1700|2032|2214|19 Muharrem 1448
20260705|0338|0528|1305|1700|2032|2214|20 Muharrem 1448
20260706|0339|0529|1305|1700|2031|2213|21 Muharrem 1448
20260707|0340|0530|1305|1700|2031|2213|22 Muharrem 1448
20260708|0341|0530|1305|1700|2031|2212|23 Muharrem 1448
20260709|0342|0531|1306|1701|2031|2212|24 Muharrem 1448
20260710|0343|0531|1306|1701|2030|2211|25 Muharrem 1448
20260711|0344|0532|1306|1701|2030|2210|26 Muharrem 1448
20260712|0345|0533|1306|1701|2029|2210|27 Muharrem 1448
20260713|0346|0533|1306|1701|2029|2209|28 Muharrem 1448
20260714|0347|0534|1306|1701|2028|2208|29 Muharrem 1448
20260715|0348|0535|1306|1701|2028|2207|1 Safer 1448
20260716|0349|0536|1307|1701|2027|2206|2 Safer 1448
20260717|0350|0536|1307|1701|2027|2205|3 Safer 1448
20260718|0351|0537|1307|1701|2026|2204|4 Safer 1448
20260719|0353|0538|1307|1701|2026|2203|5 Safer 1448
20260720|0354|0539|1307|1700|2025|2202|6 Safer 1448
20260721|0355|0540|1307|1700|2024|2201|7 Safer 1448
20260722|0356|0540|1307|1700|2024|2200|8 Safer 1448
20260723|0358|0541|1307|1700|2023|2159|9 Safer 1448
20260724|0359|0542|1307|1700|2022|2158|10 Safer 1448
20260725|0400|0543|1307|1700|2021|2156|11 Safer 1448
20260726|0402|0544|1307|1700|2020|2155|12 Safer 1448
20260727|0403|0545|1307|1659|2020|2154|13 Safer 1448
20260728|0404|0545|1307|1659|2019|2153|14 Safer 1448
20260729|0406|0546|1307|1659|2018|2151|15 Safer 1448
20260730|0407|0547|1307|1659|2017|2150|16 Safer 1448
20260731|0408|0548|1307|1658|2016|2148|17 Safer 1448
20260801|0410|0549|1307|1658|2015|2147|18 Safer 1448
20260802|0411|0550|1307|1658|2014|2146|19 Safer 1448
20260803|0412|0551|1307|1657|2013|2144|20 Safer 1448
20260804|0414|0552|1307|1657|2012|2143|21 Safer 1448
20260805|0415|0552|1307|1657|2011|2141|22 Safer 1448
20260806|0417|0553|1306|1656|2010|2140|23 Safer 1448
20260807|0418|0554|1306|1656|2008|2138|24 Safer 1448
20260808|0419|0555|1306|1656|2007|2137|25 Safer 1448
20260809|0421|0556|1306|1655|2006|2135|26 Safer 1448
20260810|0422|0557|1306|1655|2005|2133|27 Safer 1448
20260811|0423|0558|1306|1654|2004|2132|28 Safer 1448
20260812|0425|0559|1306|1654|2002|2130|29 Safer 1448
20260813|0426|0600|1305|1653|2001|2128|30 Safer 1448
20260814|0427|0601|1305|1653|2000|2127|1 Rebiulevvel 1448
20260815|0429|0602|1305|1652|1959|2125|2 Rebiulevvel 1448
20260816|0430|0602|1305|1651|1957|2123|3 Rebiulevvel 1448
20260817|0431|0603|1305|1651|1956|2122|4 Rebiulevvel 1448
20260818|0433|0604|1304|1650|1955|2120|5 Rebiulevvel 1448
20260819|0434|0605|1304|1650|1953|2118|6 Rebiulevvel 1448
20260820|0435|0606|1304|1649|1952|2117|7 Rebiulevvel 1448
20260821|0436|0607|1304|1648|1950|2115|8 Rebiulevvel 1448
20260822|0438|0608|1303|1648|1949|2113|9 Rebiulevvel 1448
20260823|0439|0609|1303|1647|1948|2111|10 Rebiulevvel 1448
20260824|0440|0610|1303|1646|1946|2110|11 Rebiulevvel 1448
20260825|0442|0611|1303|1645|1945|2108|12 Rebiulevvel 1448
20260826|0443|0612|1302|1645|1943|2106|13 Rebiulevvel 1448
20260827|0444|0612|1302|1644|1942|2104|14 Rebiulevvel 1448
20260828|0445|0613|1302|1643|1940|2103|15 Rebiulevvel 1448
20260829|0446|0614|1302|1642|1939|2101|16 Rebiulevvel 1448
20260830|0448|0615|1301|1642|1937|2059|17 Rebiulevvel 1448
20260831|0449|0616|1301|1641|1936|2057|18 Rebiulevvel 1448
20260901|0450|0617|1301|1640|1934|2055|19 Rebiulevvel 1448
20260902|0451|0618|1300|1639|1933|2054|20 Rebiulevvel 1448
20260903|0452|0619|1300|1638|1931|2052|21 Rebiulevvel 1448
20260904|0454|0620|1300|1637|1930|2050|22 Rebiulevvel 1448
20260905|0455|0621|1259|1636|1928|2048|23 Rebiulevvel 1448
20260906|0456|0621|1259|1635|1927|2046|24 Rebiulevvel 1448
20260907|0457|0622|1259|1634|1925|2045|25 Rebiulevvel 1448
20260908|0458|0623|1258|1634|1923|2043|26 Rebiulevvel 1448
20260909|0459|0624|1258|1633|1922|2041|27 Rebiulevvel 1448
20260910|0500|0625|1258|1632|1920|2039|28 Rebiulevvel 1448
20260911|0502|0626|1257|1631|1919|2037|29 Rebiulevvel 1448
20260912|0503|0627|1257|1630|1917|2036|1 Rebiulahir 1448
20260913|0504|0628|1257|1629|1915|2034|2 Rebiulahir 1448
20260914|0505|0629|1256|1628|1914|2032|3 Rebiulahir 1448
20260915|0506|0629|1256|1627|1912|2030|4 Rebiulahir 1448
20260916|0507|0630|1255|1626|1911|2029|5 Rebiulahir 1448
20260917|0508|0631|1255|1625|1909|2027|6 Rebiulahir 1448
20260918|0509|0632|1255|1623|1907|2025|7 Rebiulahir 1448
20260919|0510|0633|1254|1622|1906|2023|8 Rebiulahir 1448
20260920|0511|0634|1254|1621|1904|2022|9 Rebiulahir 1448
20260921|0512|0635|1254|1620|1903|2020|10 Rebiulahir 1448
20260922|0513|0636|1253|1619|1901|2018|11 Rebiulahir 1448
20260923|0514|0637|1253|1618|1859|2016|12 Rebiulahir 1448
20260924|0515|0638|1253|1617|1858|2015|13 Rebiulahir 1448
20260925|0516|0639|1252|1616|1856|2013|14 Rebiulahir 1448
20260926|0517|0639|1252|1615|1854|2011|15 Rebiulahir 1448
20260927|0518|0640|1252|1614|1853|2010|16 Rebiulahir 1448
20260928|0519|0641|1251|1613|1851|2008|17 Rebiulahir 1448
20260929|0520|0642|1251|1611|1850|2006|18 Rebiulahir 1448
20260930|0521|0643|1251|1610|1848|2005|19 Rebiulahir 1448
20261001|0522|0644|1250|1609|1846|2003|20 Rebiulahir 1448
20261002|0523|0645|1250|1608|1845|2001|21 Rebiulahir 1448
20261003|0524|0646|1250|1607|1843|2000|22 Rebiulahir 1448
20261004|0525|0647|1249|1606|1842|1958|23 Rebiulahir 1448
20261005|0526|0648|1249|1605|1840|1957|24 Rebiulahir 1448
20261006|0527|0649|1249|1603|1839|1955|25 Rebiulahir 1448
20261007|0528|0650|1248|1602|1837|1954|26 Rebiulahir 1448
20261008|0529|0651|1248|1601|1836|1952|27 Rebiulahir 1448
20261009|0530|0652|1248|1600|1834|1950|28 Rebiulahir 1448
20261010|0531|0653|1248|1559|1833|1949|29 Rebiulahir 1448
20261011|0532|0654|1247|1558|1831|1947|30 Rebiulahir 1448
20261012|0533|0655|1247|1557|1830|1946|1 Cemaziyelevvel 1448
20261013|0534|0656|1247|1556|1828|1945|2 Cemaziyelevvel 1448
20261014|0535|0657|1247|1555|1827|1943|3 Cemaziyelevvel 1448
20261015|0536|0658|1246|1553|1825|1942|4 Cemaziyelevvel 1448
20261016|0537|0659|1246|1552|1824|1940|5 Cemaziyelevvel 1448
20261017|0538|0700|1246|1551|1822|1939|6 Cemaziyelevvel 1448
20261018|0539|0701|1246|1550|1821|1938|7 Cemaziyelevvel 1448
20261019|0540|0702|1245|1549|1819|1936|8 Cemaziyelevvel 1448
20261020|0541|0703|1245|1548|1818|1935|9 Cemaziyelevvel 1448
20261021|0542|0704|1245|1547|1817|1934|10 Cemaziyelevvel 1448
20261022|0543|0705|1245|1546|1815|1932|11 Cemaziyelevvel 1448
20261023|0544|0706|1245|1545|1814|1931|12 Cemaziyelevvel 1448
20261024|0544|0707|1245|1544|1813|1930|13 Cemaziyelevvel 1448
20261025|0545|0708|1245|1543|1811|1929|14 Cemaziyelevvel 1448
20261026|0546|0709|1244|1542|1810|1927|15 Cemaziyelevvel 1448
20261027|0547|0710|1244|1541|1809|1926|16 Cemaziyelevvel 1448
20261028|0548|0711|1244|1540|1807|1925|17 Cemaziyelevvel 1448
20261029|0549|0712|1244|1539|1806|1924|18 Cemaziyelevvel 1448
20261030|0550|0713|1244|1538|1805|1923|19 Cemaziyelevvel 1448
20261031|0551|0714|1244|1537|1804|1922|20 Cemaziyelevvel 1448
20261101|0552|0715|1244|1536|1803|1921|21 Cemaziyelevvel 1448
20261102|0553|0717|1244|1535|1802|1920|22 Cemaziyelevvel 1448
20261103|0554|0718|1244|1534|1800|1919|23 Cemaziyelevvel 1448
20261104|0555|0719|1244|1533|1759|1918|24 Cemaziyelevvel 1448
20261105|0556|0720|1244|1533|1758|1917|25 Cemaziyelevvel 1448
20261106|0557|0721|1244|1532|1757|1916|26 Cemaziyelevvel 1448
20261107|0558|0722|1244|1531|1756|1915|27 Cemaziyelevvel 1448
20261108|0559|0723|1244|1530|1755|1914|28 Cemaziyelevvel 1448
20261109|0600|0724|1244|1529|1754|1913|29 Cemaziyelevvel 1448
20261110|0601|0725|1244|1529|1753|1913|1 Cemaziyelahir 1448
20261111|0602|0726|1244|1528|1752|1912|2 Cemaziyelahir 1448
20261112|0603|0728|1245|1527|1751|1911|3 Cemaziyelahir 1448
20261113|0604|0729|1245|1527|1751|1910|4 Cemaziyelahir 1448
20261114|0605|0730|1245|1526|1750|1910|5 Cemaziyelahir 1448
20261115|0606|0731|1245|1525|1749|1909|6 Cemaziyelahir 1448
20261116|0607|0732|1245|1525|1748|1908|7 Cemaziyelahir 1448
20261117|0608|0733|1245|1524|1747|1908|8 Cemaziyelahir 1448
20261118|0608|0734|1245|1524|1747|1907|9 Cemaziyelahir 1448
20261119|0609|0735|1246|1523|1746|1907|10 Cemaziyelahir 1448
20261120|0610|0736|1246|1523|1745|1906|11 Cemaziyelahir 1448
20261121|0611|0738|1246|1522|1745|1906|12 Cemaziyelahir 1448
20261122|0612|0739|1246|1522|1744|1905|13 Cemaziyelahir 1448
20261123|0613|0740|1247|1521|1744|1905|14 Cemaziyelahir 1448
20261124|0614|0741|1247|1521|1743|1905|15 Cemaziyelahir 1448
20261125|0615|0742|1247|1520|1743|1904|16 Cemaziyelahir 1448
20261126|0616|0743|1248|1520|1742|1904|17 Cemaziyelahir 1448
20261127|0617|0744|1248|1520|1742|1904|18 Cemaziyelahir 1448
20261128|0618|0745|1248|1520|1742|1904|19 Cemaziyelahir 1448
20261129|0619|0746|1249|1519|1741|1903|20 Cemaziyelahir 1448
20261130|0619|0747|1249|1519|1741|1903|21 Cemaziyelahir 1448
20261201|0620|0748|1249|1519|1741|1903|22 Cemaziyelahir 1448
20261202|0621|0749|1250|1519|1740|1903|23 Cemaziyelahir 1448
20261203|0622|0750|1250|1519|1740|1903|24 Cemaziyelahir 1448
20261204|0623|0751|1250|1519|1740|1903|25 Cemaziyelahir 1448
20261205|0624|0752|1251|1519|1740|1903|26 Cemaziyelahir 1448
20261206|0624|0753|1251|1519|1740|1903|27 Cemaziyelahir 1448
20261207|0625|0754|1252|1519|1740|1903|28 Cemaziyelahir 1448
20261208|0626|0754|1252|1519|1740|1903|29 Cemaziyelahir 1448
20261209|0627|0755|1253|1519|1740|1903|30 Cemaziyelahir 1448
20261210|0627|0756|1253|1519|1740|1903|1 Recep 1448
20261211|0628|0757|1253|1519|1740|1903|2 Recep 1448
20261212|0629|0758|1254|1519|1740|1904|3 Recep 1448
20261213|0630|0758|1254|1520|1740|1904|4 Recep 1448
20261214|0630|0759|1255|1520|1741|1904|5 Recep 1448
20261215|0631|0800|1255|1520|1741|1904|6 Recep 1448
20261216|0632|0801|1256|1520|1741|1905|7 Recep 1448
20261217|0632|0801|1256|1521|1741|1905|8 Recep 1448
20261218|0633|0802|1257|1521|1742|1905|9 Recep 1448
20261219|0633|0802|1257|1522|1742|1906|10 Recep 1448
20261220|0634|0803|1258|1522|1743|1906|11 Recep 1448
20261221|0634|0804|1258|1522|1743|1907|12 Recep 1448
20261222|0635|0804|1259|1523|1743|1907|13 Recep 1448
20261223|0635|0805|1259|1523|1744|1908|14 Recep 1448
20261224|0636|0805|1300|1524|1745|1908|15 Recep 1448
20261225|0636|0805|1300|1525|1745|1909|16 Recep 1448
20261226|0637|0806|1301|1525|1746|1909|17 Recep 1448
20261227|0637|0806|1301|1526|1746|1910|18 Recep 1448
20261228|0637|0806|1302|1526|1747|1911|19 Recep 1448
20261229|0638|0807|1302|1527|1748|1911|20 Recep 1448
20261230|0638|0807|1303|1528|1748|1912|21 Recep 1448
20261231|0638|0807|1303|1528|1749|1913|22 Recep 1448
20270101|0639|0807|1304|1529|1750|1913|23 Recep 1448
20270102|0639|0807|1304|1530|1751|1914|24 Recep 1448
20270103|0639|0808|1305|1531|1752|1915|25 Recep 1448
20270104|0639|0808|1305|1532|1752|1916|26 Recep 1448
20270105|0639|0808|1306|1532|1753|1916|27 Recep 1448
20270106|0639|0808|1306|1533|1754|1917|28 Recep 1448
20270107|0639|0808|1306|1534|1755|1918|29 Recep 1448
20270108|0639|0808|1307|1535|1756|1919|30 Recep 1448
20270109|0639|0807|1307|1536|1757|1920|1 Şaban 1448
20270110|0639|0807|1308|1537|1758|1921|2 Şaban 1448
20270111|0639|0807|1308|1537|1759|1922|3 Şaban 1448
20270112|0639|0807|1308|1538|1800|1922|4 Şaban 1448
20270113|0639|0807|1309|1539|1801|1923|5 Şaban 1448
20270114|0639|0806|1309|1540|1802|1924|6 Şaban 1448
20270115|0639|0806|1310|1541|1803|1925|7 Şaban 1448
20270116|0639|0806|1310|1542|1804|1926|8 Şaban 1448
20270117|0638|0805|1310|1543|1805|1927|9 Şaban 1448
20270118|0638|0805|1311|1544|1806|1928|10 Şaban 1448
20270119|0638|0804|1311|1545|1807|1929|11 Şaban 1448
20270120|0637|0804|1311|1546|1809|1930|12 Şaban 1448
20270121|0637|0803|1312|1547|1810|1931|13 Şaban 1448
20270122|0637|0803|1312|1548|1811|1932|14 Şaban 1448
20270123|0636|0802|1312|1549|1812|1933|15 Şaban 1448
20270124|0636|0802|1312|1550|1813|1934|16 Şaban 1448
20270125|0635|0801|1313|1551|1814|1935|17 Şaban 1448
20270126|0635|0800|1313|1552|1815|1936|18 Şaban 1448
20270127|0634|0800|1313|1553|1817|1937|19 Şaban 1448
20270128|0634|0759|1313|1554|1818|1938|20 Şaban 1448
20270129|0633|0758|1313|1555|1819|1939|21 Şaban 1448
20270130|0632|0757|1314|1556|1820|1940|22 Şaban 1448
20270131|0632|0756|1314|1557|1821|1941|23 Şaban 1448
20270201|0631|0755|1314|1558|1822|1942|24 Şaban 1448
20270202|0630|0755|1314|1559|1824|1943|25 Şaban 1448
20270203|0629|0754|1314|1600|1825|1944|26 Şaban 1448
20270204|0629|0753|1314|1601|1826|1945|27 Şaban 1448
20270205|0628|0752|1314|1602|1827|1946|28 Şaban 1448
20270206|0627|0751|1314|1603|1828|1947|29 Şaban 1448
20270207|0626|0750|1314|1603|1829|1948|30 Şaban 1448
20270208|0625|0749|1315|1604|1830|1949|1 Ramazan 1448
20270209|0624|0748|1315|1605|1832|1950|2 Ramazan 1448
20270210|0623|0746|1315|1606|1833|1951|3 Ramazan 1448
20270211|0622|0745|1315|1607|1834|1952|4 Ramazan 1448
20270212|0621|0744|1315|1608|1835|1953|5 Ramazan 1448
20270213|0620|0743|1315|1609|1836|1954|6 Ramazan 1448
20270214|0619|0742|1315|1610|1837|1955|7 Ramazan 1448
20270215|0618|0741|1315|1611|1839|1956|8 Ramazan 1448
20270216|0617|0739|1315|1612|1840|1957|9 Ramazan 1448
20270217|0616|0738|1314|1612|1841|1958|10 Ramazan 1448
20270218|0615|0737|1314|1613|1842|1959|11 Ramazan 1448
20270219|0613|0736|1314|1614|1843|2000|12 Ramazan 1448
20270220|0612|0734|1314|1615|1844|2001|13 Ramazan 1448
20270221|0611|0733|1314|1616|1845|2002|14 Ramazan 1448
20270222|0610|0732|1314|1616|1846|2003|15 Ramazan 1448
20270223|0608|0730|1314|1617|1847|2004|16 Ramazan 1448
20270224|0607|0729|1314|1618|1849|2005|17 Ramazan 1448
20270225|0606|0728|1314|1619|1850|2006|18 Ramazan 1448
20270226|0604|0726|1313|1619|1851|2007|19 Ramazan 1448
20270227|0603|0725|1313|1620|1852|2008|20 Ramazan 1448
20270228|0602|0723|1313|1621|1853|2009|21 Ramazan 1448
20270301|0600|0722|1313|1622|1854|2010|22 Ramazan 1448
20270302|0559|0720|1313|1622|1855|2011|23 Ramazan 1448
20270303|0557|0719|1312|1623|1856|2012|24 Ramazan 1448
20270304|0556|0718|1312|1624|1857|2014|25 Ramazan 1448
20270305|0554|0716|1312|1624|1858|2015|26 Ramazan 1448
20270306|0553|0715|1312|1625|1859|2016|27 Ramazan 1448
20270307|0551|0713|1312|1626|1900|2017|28 Ramazan 1448
20270308|0550|0712|1311|1626|1901|2018|29 Ramazan 1448
20270309|0548|0710|1311|1627|1902|2019|1 Şevval 1448
20270310|0547|0708|1311|1627|1903|2020|2 Şevval 1448
20270311|0545|0707|1311|1628|1904|2021|3 Şevval 1448
20270312|0544|0705|1310|1628|1905|2022|4 Şevval 1448
20270313|0542|0704|1310|1629|1906|2023|5 Şevval 1448
20270314|0540|0702|1310|1630|1907|2024|6 Şevval 1448
20270315|0539|0701|1310|1630|1908|2025|7 Şevval 1448
20270316|0537|0659|1309|1631|1909|2026|8 Şevval 1448
20270317|0536|0658|1309|1631|1910|2027|9 Şevval 1448
20270318|0534|0656|1309|1632|1911|2028|10 Şevval 1448
20270319|0532|0655|1308|1632|1912|2029|11 Şevval 1448
20270320|0531|0653|1308|1633|1913|2030|12 Şevval 1448
20270321|0529|0651|1308|1633|1914|2031|13 Şevval 1448
20270322|0527|0650|1308|1633|1915|2033|14 Şevval 1448
20270323|0525|0648|1307|1634|1916|2034|15 Şevval 1448
20270324|0524|0647|1307|1634|1917|2035|16 Şevval 1448
20270325|0522|0645|1307|1635|1918|2036|17 Şevval 1448
20270326|0520|0643|1306|1635|1919|2037|18 Şevval 1448
20270327|0519|0642|1306|1636|1920|2038|19 Şevval 1448
20270328|0517|0640|1306|1636|1921|2039|20 Şevval 1448
20270329|0515|0639|1305|1636|1922|2040|21 Şevval 1448
20270330|0513|0637|1305|1637|1923|2041|22 Şevval 1448
20270331|0512|0636|1305|1637|1924|2043|23 Şevval 1448
20270401|0510|0634|1305|1637|1925|2044|24 Şevval 1448
20270402|0508|0632|1304|1638|1926|2045|25 Şevval 1448
20270403|0506|0631|1304|1638|1927|2046|26 Şevval 1448
20270404|0504|0629|1304|1639|1928|2047|27 Şevval 1448
20270405|0503|0628|1303|1639|1929|2048|28 Şevval 1448
20270406|0501|0626|1303|1639|1930|2050|29 Şevval 1448
20270407|0459|0625|1303|1639|1931|2051|30 Şevval 1448
20270408|0457|0623|1302|1640|1932|2052|1 Zilkade 1448
20270409|0456|0622|1302|1640|1933|2053|2 Zilkade 1448
20270410|0454|0620|1302|1640|1934|2054|3 Zilkade 1448
20270411|0452|0619|1302|1641|1935|2056|4 Zilkade 1448
20270412|0450|0617|1301|1641|1936|2057|5 Zilkade 1448
20270413|0448|0616|1301|1641|1937|2058|6 Zilkade 1448
20270414|0447|0614|1301|1642|1938|2059|7 Zilkade 1448
20270415|0445|0613|1301|1642|1939|2101|8 Zilkade 1448
20270416|0443|0611|1300|1642|1940|2102|9 Zilkade 1448
20270417|0441|0610|1300|1642|1941|2103|10 Zilkade 1448
20270418|0439|0608|1300|1643|1942|2105|11 Zilkade 1448
20270419|0438|0607|1300|1643|1942|2106|12 Zilkade 1448
20270420|0436|0606|1300|1643|1943|2107|13 Zilkade 1448
20270421|0434|0604|1259|1643|1944|2108|14 Zilkade 1448
20270422|0432|0603|1259|1644|1945|2110|15 Zilkade 1448
20270423|0431|0601|1259|1644|1946|2111|16 Zilkade 1448
20270424|0429|0600|1259|1644|1947|2112|17 Zilkade 1448
20270425|0427|0559|1259|1644|1948|2114|18 Zilkade 1448
20270426|0426|0557|1258|1644|1949|2115|19 Zilkade 1448
20270427|0424|0556|1258|1645|1950|2116|20 Zilkade 1448
20270428|0422|0555|1258|1645|1951|2118|21 Zilkade 1448
20270429|0420|0554|1258|1645|1952|2119|22 Zilkade 1448
20270430|0419|0552|1258|1645|1953|2120|23 Zilkade 1448
20270501|0417|0551|1258|1646|1954|2122|24 Zilkade 1448
20270502|0415|0550|1258|1646|1955|2123|25 Zilkade 1448
20270503|0414|0549|1257|1646|1956|2125|26 Zilkade 1448
20270504|0412|0548|1257|1646|1957|2126|27 Zilkade 1448
20270505|0411|0546|1257|1647|1958|2127|28 Zilkade 1448
20270506|0409|0545|1257|1647|1959|2129|29 Zilkade 1448
20270507|0407|0544|1257|1647|2000|2130|1 Zilhicce 1448
20270508|0406|0543|1257|1647|2001|2131|2 Zilhicce 1448
20270509|0404|0542|1257|1647|2002|2133|3 Zilhicce 1448
20270510|0403|0541|1257|1648|2003|2134|4 Zilhicce 1448
20270511|0401|0540|1257|1648|2004|2135|5 Zilhicce 1448
20270512|0400|0539|1257|1648|2005|2137|6 Zilhicce 1448
20270513|0358|0538|1257|1648|2006|2138|7 Zilhicce 1448
20270514|0357|0537|1257|1649|2007|2140|8 Zilhicce 1448
20270515|0356|0536|1257|1649|2007|2141|9 Zilhicce 1448
20270516|0354|0535|1257|1649|2008|2142|10 Zilhicce 1448
20270517|0353|0534|1257|1649|2009|2144|11 Zilhicce 1448
20270518|0352|0534|1257|1649|2010|2145|12 Zilhicce 1448
20270519|0350|0533|1257|1650|2011|2146|13 Zilhicce 1448
20270520|0349|0532|1257|1650|2012|2148|14 Zilhicce 1448
20270521|0348|0531|1257|1650|2013|2149|15 Zilhicce 1448
20270522|0347|0531|1257|1650|2014|2150|16 Zilhicce 1448
20270523|0345|0530|1257|1651|2015|2151|17 Zilhicce 1448
20270524|0344|0529|1257|1651|2015|2153|18 Zilhicce 1448
20270525|0343|0529|1257|1651|2016|2154|19 Zilhicce 1448
20270526|0342|0528|1257|1651|2017|2155|20 Zilhicce 1448
20270527|0341|0527|1258|1652|2018|2156|21 Zilhicce 1448
20270528|0340|0527|1258|1652|2019|2157|22 Zilhicce 1448
20270529|0339|0526|1258|1652|2019|2159|23 Zilhicce 1448
20270530|0338|0526|1258|1652|2020|2200|24 Zilhicce 1448
20270531|0338|0525|1258|1653|2021|2201|25 Zilhicce 1448
20270601|0337|0525|1258|1653|2022|2202|26 Zilhicce 1448
20270602|0336|0525|1258|1653|2022|2203|27 Zilhicce 1448
20270603|0335|0524|1259|1653|2023|2204|28 Zilhicce 1448
20270604|0335|0524|1259|1654|2024|2205|29 Zilhicce 1448
20270605|0334|0524|1259|1654|2024|2206|30 Zilhicce 1448
20270606|0333|0523|1259|1654|2025|2207|1 Muharrem 1449
20270607|0333|0523|1259|1654|2025|2208|2 Muharrem 1449
20270608|0332|0523|1259|1655|2026|2208|3 Muharrem 1449
20270609|0332|0523|1300|1655|2027|2209|4 Muharrem 1449
20270610|0331|0522|1300|1655|2027|2210|5 Muharrem 1449
20270611|0331|0522|1300|1655|2028|2211|6 Muharrem 1449
20270612|0331|0522|1300|1656|2028|2211|7 Muharrem 1449
20270613|0331|0522|1300|1656|2029|2212|8 Muharrem 1449
20270614|0330|0522|1301|1656|2029|2213|9 Muharrem 1449
20270615|0330|0522|1301|1656|2029|2213|10 Muharrem 1449
20270616|0330|0522|1301|1657|2030|2214|11 Muharrem 1449
20270617|0330|0522|1301|1657|2030|2214|12 Muharrem 1449
20270618|0330|0522|1301|1657|2031|2215|13 Muharrem 1449
20270619|0330|0523|1302|1657|2031|2215|14 Muharrem 1449
20270620|0330|0523|1302|1658|2031|2215|15 Muharrem 1449
20270621|0330|0523|1302|1658|2031|2215|16 Muharrem 1449
20270622|0331|0523|1302|1658|2032|2216|17 Muharrem 1449
20270623|0331|0523|1303|1658|2032|2216|18 Muharrem 1449
20270624|0331|0524|1303|1658|2032|2216|19 Muharrem 1449
20270625|0332|0524|1303|1659|2032|2216|20 Muharrem 1449
20270626|0332|0524|1303|1659|2032|2216|21 Muharrem 1449
20270627|0332|0525|1303|1659|2032|2216|22 Muharrem 1449
20270628|0333|0525|1304|1659|2032|2216|23 Muharrem 1449
20270629|0333|0525|1304|1659|2032|2216|24 Muharrem 1449
20270630|0334|0526|1304|1659|2032|2216|25 Muharrem 1449
20270701|0335|0526|1304|1700|2032|2215|26 Muharrem 1449
20270702|0335|0527|1304|1700|2032|2215|27 Muharrem 1449
20270703|0336|0527|1305|1700|2032|2215|28 Muharrem 1449
20270704|0337|0528|1305|1700|2032|2214|29 Muharrem 1449
20270705|0338|0528|1305|1700|2032|2214|1 Safer 1449
20270706|0339|0529|1305|1700|2031|2214|2 Safer 1449
20270707|0339|0529|1305|1700|2031|2213|3 Safer 1449
20270708|0340|0530|1305|1700|2031|2213|4 Safer 1449
20270709|0341|0531|1306|1701|2031|2212|5 Safer 1449
20270710|0342|0531|1306|1701|2030|2211|6 Safer 1449
20270711|0343|0532|1306|1701|2030|2211|7 Safer 1449
20270712|0344|0533|1306|1701|2029|2210|8 Safer 1449
20270713|0345|0533|1306|1701|2029|2209|9 Safer 1449
20270714|0347|0534|1306|1701|2029|2208|10 Safer 1449
20270715|0348|0535|1306|1701|2028|2207|11 Safer 1449
20270716|0349|0535|1306|1701|2028|2206|12 Safer 1449
20270717|0350|0536|1307|1701|2027|2206|13 Safer 1449
20270718|0351|0537|1307|1701|2026|2205|14 Safer 1449
20270719|0352|0538|1307|1701|2026|2204|15 Safer 1449
20270720|0354|0539|1307|1700|2025|2202|16 Safer 1449
20270721|0355|0539|1307|1700|2024|2201|17 Safer 1449
20270722|0356|0540|1307|1700|2024|2200|18 Safer 1449
20270723|0357|0541|1307|1700|2023|2159|19 Safer 1449
20270724|0359|0542|1307|1700|2022|2158|20 Safer 1449
20270725|0400|0543|1307|1700|2021|2157|21 Safer 1449
20270726|0401|0543|1307|1700|2021|2155|22 Safer 1449
20270727|0403|0544|1307|1659|2020|2154|23 Safer 1449
20270728|0404|0545|1307|1659|2019|2153|24 Safer 1449
20270729|0405|0546|1307|1659|2018|2152|25 Safer 1449
20270730|0407|0547|1307|1659|2017|2150|26 Safer 1449
20270731|0408|0548|1307|1658|2016|2149|27 Safer 1449
20270801|0409|0549|1307|1658|2015|2147|28 Safer 1449
20270802|0411|0550|1307|1658|2014|2146|29 Safer 1449
20270803|0412|0550|1307|1658|2013|2145|1 Rebiulevvel 1449
20270804|0413|0551|1307|1657|2012|2143|2 Rebiulevvel 1449
20270805|0415|0552|1307|1657|2011|2142|3 Rebiulevvel 1449
20270806|0416|0553|1306|1656|2010|2140|4 Rebiulevvel 1449
20270807|0418|0554|1306|1656|2009|2138|5 Rebiulevvel 1449
20270808|0419|0555|1306|1656|2008|2137|6 Rebiulevvel 1449
20270809|0420|0556|1306|1655|2006|2135|7 Rebiulevvel 1449
20270810|0422|0557|1306|1655|2005|2134|8 Rebiulevvel 1449
20270811|0423|0558|1306|1654|2004|2132|9 Rebiulevvel 1449
20270812|0424|0559|1306|1654|2003|2131|10 Rebiulevvel 1449
20270813|0426|0600|1305|1653|2001|2129|11 Rebiulevvel 1449
20270814|0427|0600|1305|1653|2000|2127|12 Rebiulevvel 1449
20270815|0428|0601|1305|1652|1959|2126|13 Rebiulevvel 1449
20270816|0430|0602|1305|1652|1958|2124|14 Rebiulevvel 1449
20270817|0431|0603|1305|1651|1956|2122|15 Rebiulevvel 1449
20270818|0432|0604|1304|1650|1955|2120|16 Rebiulevvel 1449
20270819|0434|0605|1304|1650|1954|2119|17 Rebiulevvel 1449
20270820|0435|0606|1304|1649|1952|2117|18 Rebiulevvel 1449
20270821|0436|0607|1304|1648|1951|2115|19 Rebiulevvel 1449
20270822|0437|0608|1304|1648|1949|2114|20 Rebiulevvel 1449
20270823|0439|0609|1303|1647|1948|2112|21 Rebiulevvel 1449
20270824|0440|0610|1303|1646|1947|2110|22 Rebiulevvel 1449
20270825|0441|0610|1303|1646|1945|2108|23 Rebiulevvel 1449
20270826|0442|0611|1302|1645|1944|2107|24 Rebiulevvel 1449
20270827|0444|0612|1302|1644|1942|2105|25 Rebiulevvel 1449
20270828|0445|0613|1302|1643|1941|2103|26 Rebiulevvel 1449
20270829|0446|0614|1302|1643|1939|2101|27 Rebiulevvel 1449
20270830|0447|0615|1301|1642|1938|2059|28 Rebiulevvel 1449
20270831|0449|0616|1301|1641|1936|2058|29 Rebiulevvel 1449
20270901|0450|0617|1301|1640|1935|2056|30 Rebiulevvel 1449
20270902|0451|0618|1300|1639|1933|2054|1 Rebiulahir 1449
20270903|0452|0619|1300|1638|1932|2052|2 Rebiulahir 1449
20270904|0453|0619|1300|1637|1930|2050|3 Rebiulahir 1449
20270905|0454|0620|1259|1637|1928|2049|4 Rebiulahir 1449
20270906|0456|0621|1259|1636|1927|2047|5 Rebiulahir 1449
20270907|0457|0622|1259|1635|1925|2045|6 Rebiulahir 1449
20270908|0458|0623|1258|1634|1924|2043|7 Rebiulahir 1449
20270909|0459|0624|1258|1633|1922|2041|8 Rebiulahir 1449
20270910|0500|0625|1258|1632|1921|2040|9 Rebiulahir 1449
20270911|0501|0626|1257|1631|1919|2038|10 Rebiulahir 1449
20270912|0502|0627|1257|1630|1917|2036|11 Rebiulahir 1449
20270913|0503|0627|1257|1629|1916|2034|12 Rebiulahir 1449
20270914|0505|0628|1256|1628|1914|2033|13 Rebiulahir 1449
20270915|0506|0629|1256|1627|1913|2031|14 Rebiulahir 1449
20270916|0507|0630|1256|1626|1911|2029|15 Rebiulahir 1449
20270917|0508|0631|1255|1625|1909|2027|16 Rebiulahir 1449
20270918|0509|0632|1255|1624|1908|2026|17 Rebiulahir 1449
20270919|0510|0633|1254|1623|1906|2024|18 Rebiulahir 1449
20270920|0511|0634|1254|1622|1905|2022|19 Rebiulahir 1449
20270921|0512|0635|1254|1621|1903|2020|20 Rebiulahir 1449
20270922|0513|0636|1253|1619|1901|2019|21 Rebiulahir 1449
20270923|0514|0636|1253|1618|1900|2017|22 Rebiulahir 1449
20270924|0515|0637|1253|1617|1858|2015|23 Rebiulahir 1449
20270925|0516|0638|1252|1616|1856|2013|24 Rebiulahir 1449
20270926|0517|0639|1252|1615|1855|2012|25 Rebiulahir 1449
20270927|0518|0640|1252|1614|1853|2010|26 Rebiulahir 1449
20270928|0519|0641|1251|1613|1852|2008|27 Rebiulahir 1449
20270929|0520|0642|1251|1612|1850|2007|28 Rebiulahir 1449
20270930|0521|0643|1251|1611|1848|2005|29 Rebiulahir 1449
20271001|0522|0644|1250|1609|1847|2003|1 Cemaziyelevvel 1449
20271002|0523|0645|1250|1608|1845|2002|2 Cemaziyelevvel 1449
20271003|0524|0646|1250|1607|1844|2000|3 Cemaziyelevvel 1449
20271004|0525|0647|1249|1606|1842|1959|4 Cemaziyelevvel 1449
20271005|0526|0648|1249|1605|1841|1957|5 Cemaziyelevvel 1449
20271006|0527|0649|1249|1604|1839|1955|6 Cemaziyelevvel 1449
20271007|0528|0650|1248|1603|1837|1954|7 Cemaziyelevvel 1449
20271008|0529|0650|1248|1602|1836|1952|8 Cemaziyelevvel 1449
20271009|0530|0651|1248|1600|1834|1951|9 Cemaziyelevvel 1449
20271010|0531|0652|1248|1559|1833|1949|10 Cemaziyelevvel 1449
20271011|0532|0653|1247|1558|1831|1948|11 Cemaziyelevvel 1449
20271012|0533|0654|1247|1557|1830|1946|12 Cemaziyelevvel 1449
20271013|0534|0655|1247|1556|1828|1945|13 Cemaziyelevvel 1449
20271014|0535|0656|1247|1555|1827|1943|14 Cemaziyelevvel 1449
20271015|0536|0657|1246|1554|1825|1942|15 Cemaziyelevvel 1449
20271016|0537|0658|1246|1553|1824|1941|16 Cemaziyelevvel 1449
20271017|0538|0659|1246|1551|1823|1939|17 Cemaziyelevvel 1449
20271018|0539|0700|1246|1550|1821|1938|18 Cemaziyelevvel 1449
20271019|0539|0701|1246|1549|1820|1937|19 Cemaziyelevvel 1449
20271020|0540|0702|1245|1548|1818|1935|20 Cemaziyelevvel 1449
20271021|0541|0703|1245|1547|1817|1934|21 Cemaziyelevvel 1449
20271022|0542|0705|1245|1546|1816|1933|22 Cemaziyelevvel 1449
20271023|0543|0706|1245|1545|1814|1931|23 Cemaziyelevvel 1449
20271024|0544|0707|1245|1544|1813|1930|24 Cemaziyelevvel 1449
20271025|0545|0708|1245|1543|1812|1929|25 Cemaziyelevvel 1449
20271026|0546|0709|1244|1542|1810|1928|26 Cemaziyelevvel 1449
20271027|0547|0710|1244|1541|1809|1927|27 Cemaziyelevvel 1449
20271028|0548|0711|1244|1540|1808|1925|28 Cemaziyelevvel 1449
20271029|0549|0712|1244|1539|1807|1924|29 Cemaziyelevvel 1449
20271030|0550|0713|1244|1538|1805|1923|30 Cemaziyelevvel 1449
20271031|0551|0714|1244|1537|1804|1922|1 Cemaziyelahir 1449
20271101|0552|0715|1244|1536|1803|1921|2 Cemaziyelahir 1449
20271102|0553|0716|1244|1535|1802|1920|3 Cemaziyelahir 1449
20271103|0554|0717|1244|1534|1801|1919|4 Cemaziyelahir 1449
20271104|0555|0718|1244|1534|1800|1918|5 Cemaziyelahir 1449
20271105|0556|0720|1244|1533|1759|1917|6 Cemaziyelahir 1449
20271106|0557|0721|1244|1532|1757|1916|7 Cemaziyelahir 1449
20271107|0558|0722|1244|1531|1756|1915|8 Cemaziyelahir 1449
20271108|0559|0723|1244|1530|1755|1914|9 Cemaziyelahir 1449
20271109|0600|0724|1244|1530|1754|1914|10 Cemaziyelahir 1449
20271110|0601|0725|1244|1529|1754|1913|11 Cemaziyelahir 1449
20271111|0602|0726|1244|1528|1753|1912|12 Cemaziyelahir 1449
20271112|0603|0727|1244|1527|1752|1911|13 Cemaziyelahir 1449
20271113|0603|0728|1245|1527|1751|1911|14 Cemaziyelahir 1449
20271114|0604|0730|1245|1526|1750|1910|15 Cemaziyelahir 1449
20271115|0605|0731|1245|1525|1749|1909|16 Cemaziyelahir 1449
20271116|0606|0732|1245|1525|1748|1909|17 Cemaziyelahir 1449
20271117|0607|0733|1245|1524|1748|1908|18 Cemaziyelahir 1449
20271118|0608|0734|1245|1524|1747|1907|19 Cemaziyelahir 1449
20271119|0609|0735|1246|1523|1746|1907|20 Cemaziyelahir 1449
20271120|0610|0736|1246|1523|1746|1906|21 Cemaziyelahir 1449
20271121|0611|0737|1246|1522|1745|1906|22 Cemaziyelahir 1449
20271122|0612|0738|1246|1522|1744|1906|23 Cemaziyelahir 1449
20271123|0613|0739|1247|1521|1744|1905|24 Cemaziyelahir 1449
20271124|0614|0740|1247|1521|1743|1905|25 Cemaziyelahir 1449
20271125|0615|0742|1247|1521|1743|1904|26 Cemaziyelahir 1449
20271126|0616|0743|1247|1520|1742|1904|27 Cemaziyelahir 1449
20271127|0617|0744|1248|1520|1742|1904|28 Cemaziyelahir 1449
20271128|0617|0745|1248|1520|1742|1904|29 Cemaziyelahir 1449
20271129|0618|0746|1248|1519|1741|1903|1 Recep 1449
20271130|0619|0747|1249|1519|1741|1903|2 Recep 1449
20271201|0620|0748|1249|1519|1741|1903|3 Recep 1449
20271202|0621|0749|1250|1519|1740|1903|4 Recep 1449
20271203|0622|0750|1250|1519|1740|1903|5 Recep 1449
20271204|0623|0751|1250|1519|1740|1903|6 Recep 1449
20271205|0623|0752|1251|1519|1740|1903|7 Recep 1449
20271206|0624|0752|1251|1519|1740|1903|8 Recep 1449
20271207|0625|0753|1252|1519|1740|1903|9 Recep 1449
20271208|0626|0754|1252|1519|1740|1903|10 Recep 1449
20271209|0627|0755|1252|1519|1740|1903|11 Recep 1449
20271210|0627|0756|1253|1519|1740|1903|12 Recep 1449
20271211|0628|0757|1253|1519|1740|1903|13 Recep 1449
20271212|0629|0757|1254|1519|1740|1904|14 Recep 1449
20271213|0629|0758|1254|1520|1740|1904|15 Recep 1449
20271214|0630|0759|1255|1520|1741|1904|16 Recep 1449
20271215|0631|0800|1255|1520|1741|1904|17 Recep 1449
20271216|0631|0800|1256|1520|1741|1905|18 Recep 1449
20271217|0632|0801|1256|1521|1741|1905|19 Recep 1449
20271218|0633|0802|1257|1521|1742|1905|20 Recep 1449
20271219|0633|0802|1257|1521|1742|1906|21 Recep 1449
20271220|0634|0803|1258|1522|1742|1906|22 Recep 1449
20271221|0634|0803|1258|1522|1743|1907|23 Recep 1449
20271222|0635|0804|1259|1523|1743|1907|24 Recep 1449
20271223|0635|0804|1259|1523|1744|1908|25 Recep 1449
20271224|0636|0805|1300|1524|1744|1908|26 Recep 1449
20271225|0636|0805|1300|1524|1745|1909|27 Recep 1449
20271226|0637|0806|1301|1525|1746|1909|28 Recep 1449
20271227|0637|0806|1301|1526|1746|1910|29 Recep 1449
20271228|0637|0806|1302|1526|1747|1911|30 Recep 1449
20271229|0638|0807|1302|1527|1748|1911|1 Şaban 1449
20271230|0638|0807|1303|1528|1748|1912|2 Şaban 1449
20271231|0638|0807|1303|1528|1749|1913|3 Şaban 1449
#@9176|Evciler|AFYONKARAHISAR|730
20260101|0642|0810|1309|1537|1758|1920|12 Recep 1447
20260102|0642|0810|1309|1538|1759|1921|13 Recep 1447
20260103|0643|0810|1310|1539|1800|1922|14 Recep 1447
20260104|0643|0810|1310|1539|1800|1922|15 Recep 1447
20260105|0643|0810|1311|1540|1801|1923|16 Recep 1447
20260106|0643|0810|1311|1541|1802|1924|17 Recep 1447
20260107|0643|0810|1312|1542|1803|1925|18 Recep 1447
20260108|0643|0810|1312|1543|1804|1926|19 Recep 1447
20260109|0643|0810|1312|1544|1805|1926|20 Recep 1447
20260110|0643|0810|1313|1544|1806|1927|21 Recep 1447
20260111|0643|0810|1313|1545|1807|1928|22 Recep 1447
20260112|0643|0809|1314|1546|1808|1929|23 Recep 1447
20260113|0643|0809|1314|1547|1809|1930|24 Recep 1447
20260114|0643|0809|1314|1548|1810|1931|25 Recep 1447
20260115|0643|0808|1315|1549|1811|1932|26 Recep 1447
20260116|0642|0808|1315|1550|1812|1932|27 Recep 1447
20260117|0642|0808|1315|1551|1813|1933|28 Recep 1447
20260118|0642|0807|1316|1552|1814|1934|29 Recep 1447
20260119|0642|0807|1316|1553|1815|1935|30 Recep 1447
20260120|0641|0806|1316|1554|1816|1936|1 Şaban 1447
20260121|0641|0806|1317|1555|1817|1937|2 Şaban 1447
20260122|0641|0805|1317|1556|1818|1938|3 Şaban 1447
20260123|0640|0805|1317|1557|1820|1939|4 Şaban 1447
20260124|0640|0804|1317|1558|1821|1940|5 Şaban 1447
20260125|0639|0804|1318|1558|1822|1941|6 Şaban 1447
20260126|0639|0803|1318|1559|1823|1942|7 Şaban 1447
20260127|0638|0802|1318|1600|1824|1943|8 Şaban 1447
20260128|0638|0802|1318|1601|1825|1944|9 Şaban 1447
20260129|0637|0801|1318|1602|1826|1945|10 Şaban 1447
20260130|0636|0800|1319|1603|1827|1946|11 Şaban 1447
20260131|0636|0759|1319|1604|1828|1947|12 Şaban 1447
20260201|0635|0758|1319|1605|1830|1948|13 Şaban 1447
20260202|0634|0757|1319|1606|1831|1949|14 Şaban 1447
20260203|0634|0757|1319|1607|1832|1950|15 Şaban 1447
20260204|0633|0756|1319|1608|1833|1951|16 Şaban 1447
20260205|0632|0755|1319|1609|1834|1952|17 Şaban 1447
20260206|0631|0754|1319|1610|1835|1953|18 Şaban 1447
20260207|0630|0753|1320|1611|1836|1954|19 Şaban 1447
20260208|0629|0752|1320|1612|1837|1955|20 Şaban 1447
20260209|0629|0751|1320|1612|1839|1956|21 Şaban 1447
20260210|0628|0750|1320|1613|1840|1957|22 Şaban 1447
20260211|0627|0749|1320|1614|1841|1958|23 Şaban 1447
20260212|0626|0747|1320|1615|1842|1959|24 Şaban 1447
20260213|0625|0746|1320|1616|1843|2000|25 Şaban 1447
20260214|0624|0745|1320|1617|1844|2001|26 Şaban 1447
20260215|0623|0744|1320|1618|1845|2002|27 Şaban 1447
20260216|0621|0743|1320|1618|1846|2003|28 Şaban 1447
20260217|0620|0742|1319|1619|1847|2004|29 Şaban 1447
20260218|0619|0740|1319|1620|1848|2005|30 Şaban 1447
20260219|0618|0739|1319|1621|1850|2006|1 Ramazan 1447
20260220|0617|0738|1319|1621|1851|2007|2 Ramazan 1447
20260221|0616|0737|1319|1622|1852|2008|3 Ramazan 1447
20260222|0614|0735|1319|1623|1853|2008|4 Ramazan 1447
20260223|0613|0734|1319|1624|1854|2009|5 Ramazan 1447
20260224|0612|0733|1319|1624|1855|2010|6 Ramazan 1447
20260225|0611|0731|1319|1625|1856|2011|7 Ramazan 1447
20260226|0609|0730|1318|1626|1857|2012|8 Ramazan 1447
20260227|0608|0729|1318|1627|1858|2013|9 Ramazan 1447
20260228|0607|0727|1318|1627|1859|2014|10 Ramazan 1447
20260301|0605|0726|1318|1628|1900|2015|11 Ramazan 1447
20260302|0604|0724|1318|1628|1901|2016|12 Ramazan 1447
20260303|0603|0723|1317|1629|1902|2017|13 Ramazan 1447
20260304|0601|0722|1317|1630|1903|2018|14 Ramazan 1447
20260305|0600|0720|1317|1630|1904|2019|15 Ramazan 1447
20260306|0558|0719|1317|1631|1905|2020|16 Ramazan 1447
20260307|0557|0717|1317|1632|1906|2021|17 Ramazan 1447
20260308|0555|0716|1316|1632|1907|2022|18 Ramazan 1447
20260309|0554|0714|1316|1633|1908|2023|19 Ramazan 1447
20260310|0552|0713|1316|1633|1909|2024|20 Ramazan 1447
20260311|0551|0711|1316|1634|1910|2025|21 Ramazan 1447
20260312|0549|0710|1315|1634|1911|2026|22 Ramazan 1447
20260313|0548|0708|1315|1635|1912|2027|23 Ramazan 1447
20260314|0546|0707|1315|1635|1913|2028|24 Ramazan 1447
20260315|0545|0705|1315|1636|1914|2029|25 Ramazan 1447
20260316|0543|0704|1314|1636|1915|2030|26 Ramazan 1447
20260317|0541|0702|1314|1637|1916|2031|27 Ramazan 1447
20260318|0540|0701|1314|1637|1917|2032|28 Ramazan 1447
20260319|0538|0659|1313|1638|1918|2033|29 Ramazan 1447
20260320|0537|0658|1313|1638|1919|2034|1 Şevval 1447
20260321|0535|0656|1313|1638|1920|2035|2 Şevval 1447
20260322|0533|0655|1312|1639|1920|2037|3 Şevval 1447
20260323|0532|0653|1312|1639|1921|2038|4 Şevval 1447
20260324|0530|0651|1312|1640|1922|2039|5 Şevval 1447
20260325|0528|0650|1312|1640|1923|2040|6 Şevval 1447
20260326|0527|0648|1311|1640|1924|2041|7 Şevval 1447
20260327|0525|0647|1311|1641|1925|2042|8 Şevval 1447
20260328|0523|0645|1311|1641|1926|2043|9 Şevval 1447
20260329|0521|0644|1310|1641|1927|2044|10 Şevval 1447
20260330|0520|0642|1310|1642|1928|2045|11 Şevval 1447
20260331|0518|0641|1310|1642|1929|2046|12 Şevval 1447
20260401|0516|0639|1309|1642|1930|2047|13 Şevval 1447
20260402|0515|0638|1309|1643|1931|2048|14 Şevval 1447
20260403|0513|0636|1309|1643|1932|2049|15 Şevval 1447
20260404|0511|0635|1309|1643|1933|2051|16 Şevval 1447
20260405|0509|0633|1308|1644|1933|2052|17 Şevval 1447
20260406|0508|0632|1308|1644|1934|2053|18 Şevval 1447
20260407|0506|0630|1308|1644|1935|2054|19 Şevval 1447
20260408|0504|0629|1307|1644|1936|2055|20 Şevval 1447
20260409|0503|0627|1307|1645|1937|2056|21 Şevval 1447
20260410|0501|0626|1307|1645|1938|2057|22 Şevval 1447
20260411|0459|0624|1307|1645|1939|2059|23 Şevval 1447
20260412|0457|0623|1306|1646|1940|2100|24 Şevval 1447
20260413|0456|0621|1306|1646|1941|2101|25 Şevval 1447
20260414|0454|0620|1306|1646|1942|2102|26 Şevval 1447
20260415|0452|0619|1306|1646|1943|2103|27 Şevval 1447
20260416|0450|0617|1305|1646|1944|2105|28 Şevval 1447
20260417|0449|0616|1305|1647|1945|2106|29 Şevval 1447
20260418|0447|0614|1305|1647|1945|2107|1 Zilkade 1447
20260419|0445|0613|1305|1647|1946|2108|2 Zilkade 1447
20260420|0444|0612|1304|1647|1947|2109|3 Zilkade 1447
20260421|0442|0610|1304|1648|1948|2111|4 Zilkade 1447
20260422|0440|0609|1304|1648|1949|2112|5 Zilkade 1447
20260423|0439|0608|1304|1648|1950|2113|6 Zilkade 1447
20260424|0437|0606|1304|1648|1951|2115|7 Zilkade 1447
20260425|0435|0605|1304|1648|1952|2116|8 Zilkade 1447
20260426|0434|0604|1303|1649|1953|2117|9 Zilkade 1447
20260427|0432|0603|1303|1649|1954|2118|10 Zilkade 1447
20260428|0430|0601|1303|1649|1955|2120|11 Zilkade 1447
20260429|0429|0600|1303|1649|1956|2121|12 Zilkade 1447
20260430|0427|0559|1303|1649|1957|2122|13 Zilkade 1447
20260501|0426|0558|1303|1650|1958|2123|14 Zilkade 1447
20260502|0424|0557|1303|1650|1959|2125|15 Zilkade 1447
20260503|0422|0555|1302|1650|1959|2126|16 Zilkade 1447
20260504|0421|0554|1302|1650|2000|2127|17 Zilkade 1447
20260505|0419|0553|1302|1650|2001|2129|18 Zilkade 1447
20260506|0418|0552|1302|1650|2002|2130|19 Zilkade 1447
20260507|0416|0551|1302|1651|2003|2131|20 Zilkade 1447
20260508|0415|0550|1302|1651|2004|2133|21 Zilkade 1447
20260509|0413|0549|1302|1651|2005|2134|22 Zilkade 1447
20260510|0412|0548|1302|1651|2006|2135|23 Zilkade 1447
20260511|0411|0547|1302|1651|2007|2137|24 Zilkade 1447
20260512|0409|0546|1302|1652|2008|2138|25 Zilkade 1447
20260513|0408|0545|1302|1652|2009|2139|26 Zilkade 1447
20260514|0406|0544|1302|1652|2009|2140|27 Zilkade 1447
20260515|0405|0543|1302|1652|2010|2142|28 Zilkade 1447
20260516|0404|0542|1302|1652|2011|2143|29 Zilkade 1447
20260517|0403|0542|1302|1653|2012|2144|30 Zilkade 1447
20260518|0401|0541|1302|1653|2013|2145|1 Zilhicce 1447
20260519|0400|0540|1302|1653|2014|2147|2 Zilhicce 1447
20260520|0359|0539|1302|1653|2015|2148|3 Zilhicce 1447
20260521|0358|0539|1302|1653|2016|2149|4 Zilhicce 1447
20260522|0357|0538|1302|1654|2016|2150|5 Zilhicce 1447
20260523|0356|0537|1302|1654|2017|2152|6 Zilhicce 1447
20260524|0355|0537|1302|1654|2018|2153|7 Zilhicce 1447
20260525|0354|0536|1302|1654|2019|2154|8 Zilhicce 1447
20260526|0353|0535|1302|1655|2020|2155|9 Zilhicce 1447
20260527|0352|0535|1303|1655|2020|2156|10 Zilhicce 1447
20260528|0351|0534|1303|1655|2021|2157|11 Zilhicce 1447
20260529|0350|0534|1303|1655|2022|2158|12 Zilhicce 1447
20260530|0349|0533|1303|1655|2023|2159|13 Zilhicce 1447
20260531|0348|0533|1303|1656|2023|2200|14 Zilhicce 1447
20260601|0347|0533|1303|1656|2024|2202|15 Zilhicce 1447
20260602|0347|0532|1303|1656|2025|2202|16 Zilhicce 1447
20260603|0346|0532|1304|1656|2025|2203|17 Zilhicce 1447
20260604|0345|0532|1304|1657|2026|2204|18 Zilhicce 1447
20260605|0345|0531|1304|1657|2027|2205|19 Zilhicce 1447
20260606|0344|0531|1304|1657|2027|2206|20 Zilhicce 1447
20260607|0344|0531|1304|1657|2028|2207|21 Zilhicce 1447
20260608|0343|0531|1304|1658|2028|2208|22 Zilhicce 1447
20260609|0343|0531|1305|1658|2029|2208|23 Zilhicce 1447
20260610|0343|0530|1305|1658|2029|2209|24 Zilhicce 1447
20260611|0342|0530|1305|1658|2030|2210|25 Zilhicce 1447
20260612|0342|0530|1305|1659|2030|2211|26 Zilhicce 1447
20260613|0342|0530|1305|1659|2031|2211|27 Zilhicce 1447
20260614|0342|0530|1306|1659|2031|2212|28 Zilhicce 1447
20260615|0342|0530|1306|1659|2032|2212|29 Zilhicce 1447
20260616|0342|0530|1306|1700|2032|2213|1 Muharrem 1448
20260617|0342|0530|1306|1700|2032|2213|2 Muharrem 1448
20260618|0342|0530|1307|1700|2033|2214|3 Muharrem 1448
20260619|0342|0531|1307|1700|2033|2214|4 Muharrem 1448
20260620|0342|0531|1307|1700|2033|2214|5 Muharrem 1448
20260621|0342|0531|1307|1701|2033|2214|6 Muharrem 1448
20260622|0342|0531|1307|1701|2034|2215|7 Muharrem 1448
20260623|0342|0531|1308|1701|2034|2215|8 Muharrem 1448
20260624|0343|0532|1308|1701|2034|2215|9 Muharrem 1448
20260625|0343|0532|1308|1701|2034|2215|10 Muharrem 1448
20260626|0344|0532|1308|1702|2034|2215|11 Muharrem 1448
20260627|0344|0533|1308|1702|2034|2215|12 Muharrem 1448
20260628|0344|0533|1309|1702|2034|2215|13 Muharrem 1448
20260629|0345|0533|1309|1702|2034|2215|14 Muharrem 1448
20260630|0346|0534|1309|1702|2034|2215|15 Muharrem 1448
20260701|0346|0534|1309|1703|2034|2214|16 Muharrem 1448
20260702|0347|0535|1309|1703|2034|2214|17 Muharrem 1448
20260703|0348|0535|1310|1703|2034|2214|18 Muharrem 1448
20260704|0348|0536|1310|1703|2034|2214|19 Muharrem 1448
20260705|0349|0536|1310|1703|2034|2213|20 Muharrem 1448
20260706|0350|0537|1310|1703|2034|2213|21 Muharrem 1448
20260707|0351|0537|1310|1703|2033|2212|22 Muharrem 1448
20260708|0352|0538|1311|1703|2033|2212|23 Muharrem 1448
20260709|0353|0539|1311|1704|2033|2211|24 Muharrem 1448
20260710|0354|0539|1311|1704|2032|2210|25 Muharrem 1448
20260711|0354|0540|1311|1704|2032|2210|26 Muharrem 1448
20260712|0355|0541|1311|1704|2032|2209|27 Muharrem 1448
20260713|0357|0541|1311|1704|2031|2208|28 Muharrem 1448
20260714|0358|0542|1311|1704|2031|2208|29 Muharrem 1448
20260715|0359|0543|1311|1704|2030|2207|1 Safer 1448
20260716|0400|0543|1312|1704|2030|2206|2 Safer 1448
20260717|0401|0544|1312|1704|2029|2205|3 Safer 1448
20260718|0402|0545|1312|1704|2029|2204|4 Safer 1448
20260719|0403|0546|1312|1704|2028|2203|5 Safer 1448
20260720|0404|0546|1312|1704|2027|2202|6 Safer 1448
20260721|0406|0547|1312|1704|2027|2201|7 Safer 1448
20260722|0407|0548|1312|1703|2026|2200|8 Safer 1448
20260723|0408|0549|1312|1703|2025|2159|9 Safer 1448
20260724|0409|0550|1312|1703|2025|2158|10 Safer 1448
20260725|0410|0550|1312|1703|2024|2157|11 Safer 1448
20260726|0412|0551|1312|1703|2023|2155|12 Safer 1448
20260727|0413|0552|1312|1703|2022|2154|13 Safer 1448
20260728|0414|0553|1312|1703|2021|2153|14 Safer 1448
20260729|0415|0554|1312|1702|2020|2152|15 Safer 1448
20260730|0417|0554|1312|1702|2020|2150|16 Safer 1448
20260731|0418|0555|1312|1702|2019|2149|17 Safer 1448
20260801|0419|0556|1312|1702|2018|2148|18 Safer 1448
20260802|0421|0557|1312|1701|2017|2146|19 Safer 1448
20260803|0422|0558|1312|1701|2016|2145|20 Safer 1448
20260804|0423|0559|1312|1701|2015|2144|21 Safer 1448
20260805|0424|0600|1312|1700|2014|2142|22 Safer 1448
20260806|0426|0600|1311|1700|2012|2141|23 Safer 1448
20260807|0427|0601|1311|1700|2011|2139|24 Safer 1448
20260808|0428|0602|1311|1659|2010|2138|25 Safer 1448
20260809|0430|0603|1311|1659|2009|2136|26 Safer 1448
20260810|0431|0604|1311|1658|2008|2135|27 Safer 1448
20260811|0432|0605|1311|1658|2007|2133|28 Safer 1448
20260812|0433|0606|1311|1657|2006|2131|29 Safer 1448
20260813|0435|0607|1310|1657|2004|2130|30 Safer 1448
20260814|0436|0607|1310|1656|2003|2128|1 Rebiulevvel 1448
20260815|0437|0608|1310|1656|2002|2127|2 Rebiulevvel 1448
20260816|0439|0609|1310|1655|2001|2125|3 Rebiulevvel 1448
20260817|0440|0610|1310|1655|1959|2123|4 Rebiulevvel 1448
20260818|0441|0611|1309|1654|1958|2122|5 Rebiulevvel 1448
20260819|0442|0612|1309|1654|1957|2120|6 Rebiulevvel 1448
20260820|0443|0613|1309|1653|1955|2119|7 Rebiulevvel 1448
20260821|0445|0613|1309|1652|1954|2117|8 Rebiulevvel 1448
20260822|0446|0614|1308|1652|1953|2115|9 Rebiulevvel 1448
20260823|0447|0615|1308|1651|1951|2113|10 Rebiulevvel 1448
20260824|0448|0616|1308|1650|1950|2112|11 Rebiulevvel 1448
20260825|0450|0617|1308|1650|1948|2110|12 Rebiulevvel 1448
20260826|0451|0618|1307|1649|1947|2108|13 Rebiulevvel 1448
20260827|0452|0619|1307|1648|1946|2107|14 Rebiulevvel 1448
20260828|0453|0620|1307|1648|1944|2105|15 Rebiulevvel 1448
20260829|0454|0620|1307|1647|1943|2103|16 Rebiulevvel 1448
20260830|0455|0621|1306|1646|1941|2101|17 Rebiulevvel 1448
20260831|0457|0622|1306|1645|1940|2100|18 Rebiulevvel 1448
20260901|0458|0623|1306|1644|1938|2058|19 Rebiulevvel 1448
20260902|0459|0624|1305|1644|1937|2056|20 Rebiulevvel 1448
20260903|0500|0625|1305|1643|1935|2055|21 Rebiulevvel 1448
20260904|0501|0626|1305|1642|1934|2053|22 Rebiulevvel 1448
20260905|0502|0626|1304|1641|1932|2051|23 Rebiulevvel 1448
20260906|0503|0627|1304|1640|1931|2049|24 Rebiulevvel 1448
20260907|0504|0628|1304|1639|1929|2048|25 Rebiulevvel 1448
20260908|0505|0629|1303|1638|1928|2046|26 Rebiulevvel 1448
20260909|0506|0630|1303|1637|1926|2044|27 Rebiulevvel 1448
20260910|0507|0631|1303|1636|1925|2042|28 Rebiulevvel 1448
20260911|0509|0632|1302|1636|1923|2041|29 Rebiulevvel 1448
20260912|0510|0632|1302|1635|1922|2039|1 Rebiulahir 1448
20260913|0511|0633|1302|1634|1920|2037|2 Rebiulahir 1448
20260914|0512|0634|1301|1633|1918|2035|3 Rebiulahir 1448
20260915|0513|0635|1301|1632|1917|2034|4 Rebiulahir 1448
20260916|0514|0636|1300|1631|1915|2032|5 Rebiulahir 1448
20260917|0515|0637|1300|1630|1914|2030|6 Rebiulahir 1448
20260918|0516|0637|1300|1629|1912|2029|7 Rebiulahir 1448
20260919|0517|0638|1259|1628|1911|2027|8 Rebiulahir 1448
20260920|0518|0639|1259|1627|1909|2025|9 Rebiulahir 1448
20260921|0519|0640|1259|1626|1907|2024|10 Rebiulahir 1448
20260922|0520|0641|1258|1624|1906|2022|11 Rebiulahir 1448
20260923|0521|0642|1258|1623|1904|2020|12 Rebiulahir 1448
20260924|0522|0643|1258|1622|1903|2019|13 Rebiulahir 1448
20260925|0523|0644|1257|1621|1901|2017|14 Rebiulahir 1448
20260926|0524|0644|1257|1620|1900|2015|15 Rebiulahir 1448
20260927|0524|0645|1257|1619|1858|2014|16 Rebiulahir 1448
20260928|0525|0646|1256|1618|1856|2012|17 Rebiulahir 1448
20260929|0526|0647|1256|1617|1855|2010|18 Rebiulahir 1448
20260930|0527|0648|1256|1616|1853|2009|19 Rebiulahir 1448
20261001|0528|0649|1255|1615|1852|2007|20 Rebiulahir 1448
20261002|0529|0650|1255|1614|1850|2006|21 Rebiulahir 1448
20261003|0530|0651|1255|1613|1849|2004|22 Rebiulahir 1448
20261004|0531|0652|1254|1612|1847|2003|23 Rebiulahir 1448
20261005|0532|0652|1254|1610|1846|2001|24 Rebiulahir 1448
20261006|0533|0653|1254|1609|1844|1959|25 Rebiulahir 1448
20261007|0534|0654|1253|1608|1843|1958|26 Rebiulahir 1448
20261008|0535|0655|1253|1607|1841|1956|27 Rebiulahir 1448
20261009|0536|0656|1253|1606|1840|1955|28 Rebiulahir 1448
20261010|0537|0657|1253|1605|1838|1954|29 Rebiulahir 1448
20261011|0538|0658|1252|1604|1837|1952|30 Rebiulahir 1448
20261012|0538|0659|1252|1603|1835|1951|1 Cemaziyelevvel 1448
20261013|0539|0700|1252|1602|1834|1949|2 Cemaziyelevvel 1448
20261014|0540|0701|1252|1601|1832|1948|3 Cemaziyelevvel 1448
20261015|0541|0702|1251|1600|1831|1946|4 Cemaziyelevvel 1448
20261016|0542|0703|1251|1559|1830|1945|5 Cemaziyelevvel 1448
20261017|0543|0704|1251|1557|1828|1944|6 Cemaziyelevvel 1448
20261018|0544|0705|1251|1556|1827|1942|7 Cemaziyelevvel 1448
20261019|0545|0706|1251|1555|1825|1941|8 Cemaziyelevvel 1448
20261020|0546|0707|1250|1554|1824|1940|9 Cemaziyelevvel 1448
20261021|0547|0708|1250|1553|1823|1939|10 Cemaziyelevvel 1448
20261022|0548|0709|1250|1552|1821|1937|11 Cemaziyelevvel 1448
20261023|0549|0710|1250|1551|1820|1936|12 Cemaziyelevvel 1448
20261024|0549|0711|1250|1550|1819|1935|13 Cemaziyelevvel 1448
20261025|0550|0712|1250|1549|1818|1934|14 Cemaziyelevvel 1448
20261026|0551|0713|1249|1548|1816|1933|15 Cemaziyelevvel 1448
20261027|0552|0714|1249|1547|1815|1932|16 Cemaziyelevvel 1448
20261028|0553|0715|1249|1546|1814|1930|17 Cemaziyelevvel 1448
20261029|0554|0716|1249|1546|1813|1929|18 Cemaziyelevvel 1448
20261030|0555|0717|1249|1545|1812|1928|19 Cemaziyelevvel 1448
20261031|0556|0718|1249|1544|1810|1927|20 Cemaziyelevvel 1448
20261101|0557|0719|1249|1543|1809|1926|21 Cemaziyelevvel 1448
20261102|0558|0720|1249|1542|1808|1925|22 Cemaziyelevvel 1448
20261103|0559|0721|1249|1541|1807|1924|23 Cemaziyelevvel 1448
20261104|0600|0722|1249|1540|1806|1923|24 Cemaziyelevvel 1448
20261105|0601|0723|1249|1539|1805|1922|25 Cemaziyelevvel 1448
20261106|0601|0724|1249|1539|1804|1922|26 Cemaziyelevvel 1448
20261107|0602|0725|1249|1538|1803|1921|27 Cemaziyelevvel 1448
20261108|0603|0726|1249|1537|1802|1920|28 Cemaziyelevvel 1448
20261109|0604|0727|1249|1536|1801|1919|29 Cemaziyelevvel 1448
20261110|0605|0728|1249|1536|1800|1918|1 Cemaziyelahir 1448
20261111|0606|0730|1249|1535|1759|1918|2 Cemaziyelahir 1448
20261112|0607|0731|1250|1534|1759|1917|3 Cemaziyelahir 1448
20261113|0608|0732|1250|1534|1758|1916|4 Cemaziyelahir 1448
20261114|0609|0733|1250|1533|1757|1916|5 Cemaziyelahir 1448
20261115|0610|0734|1250|1532|1756|1915|6 Cemaziyelahir 1448
20261116|0611|0735|1250|1532|1755|1914|7 Cemaziyelahir 1448
20261117|0612|0736|1250|1531|1755|1914|8 Cemaziyelahir 1448
20261118|0613|0737|1251|1531|1754|1913|9 Cemaziyelahir 1448
20261119|0613|0738|1251|1530|1753|1913|10 Cemaziyelahir 1448
20261120|0614|0739|1251|1530|1753|1912|11 Cemaziyelahir 1448
20261121|0615|0740|1251|1529|1752|1912|12 Cemaziyelahir 1448
20261122|0616|0741|1251|1529|1752|1912|13 Cemaziyelahir 1448
20261123|0617|0742|1252|1529|1751|1911|14 Cemaziyelahir 1448
20261124|0618|0743|1252|1528|1751|1911|15 Cemaziyelahir 1448
20261125|0619|0744|1252|1528|1750|1911|16 Cemaziyelahir 1448
20261126|0620|0745|1253|1528|1750|1910|17 Cemaziyelahir 1448
20261127|0621|0746|1253|1527|1749|1910|18 Cemaziyelahir 1448
20261128|0621|0747|1253|1527|1749|1910|19 Cemaziyelahir 1448
20261129|0622|0748|1254|1527|1749|1910|20 Cemaziyelahir 1448
20261130|0623|0749|1254|1527|1749|1909|21 Cemaziyelahir 1448
20261201|0624|0750|1254|1527|1748|1909|22 Cemaziyelahir 1448
20261202|0625|0751|1255|1527|1748|1909|23 Cemaziyelahir 1448
20261203|0626|0752|1255|1526|1748|1909|24 Cemaziyelahir 1448
20261204|0627|0753|1255|1526|1748|1909|25 Cemaziyelahir 1448
20261205|0627|0754|1256|1526|1748|1909|26 Cemaziyelahir 1448
20261206|0628|0755|1256|1526|1748|1909|27 Cemaziyelahir 1448
20261207|0629|0756|1257|1526|1748|1909|28 Cemaziyelahir 1448
20261208|0630|0757|1257|1527|1748|1909|29 Cemaziyelahir 1448
20261209|0630|0758|1258|1527|1748|1910|30 Cemaziyelahir 1448
20261210|0631|0758|1258|1527|1748|1910|1 Recep 1448
20261211|0632|0759|1258|1527|1748|1910|2 Recep 1448
20261212|0633|0800|1259|1527|1748|1910|3 Recep 1448
20261213|0633|0801|1259|1527|1748|1910|4 Recep 1448
20261214|0634|0801|1300|1528|1748|1911|5 Recep 1448
20261215|0635|0802|1300|1528|1749|1911|6 Recep 1448
20261216|0635|0803|1301|1528|1749|1911|7 Recep 1448
20261217|0636|0803|1301|1529|1749|1912|8 Recep 1448
20261218|0636|0804|1302|1529|1750|1912|9 Recep 1448
20261219|0637|0805|1302|1529|1750|1912|10 Recep 1448
20261220|0637|0805|1303|1530|1750|1913|11 Recep 1448
20261221|0638|0806|1303|1530|1751|1913|12 Recep 1448
20261222|0639|0806|1304|1531|1751|1914|13 Recep 1448
20261223|0639|0807|1304|1531|1752|1914|14 Recep 1448
20261224|0639|0807|1305|1532|1752|1915|15 Recep 1448
20261225|0640|0808|1305|1532|1753|1915|16 Recep 1448
20261226|0640|0808|1306|1533|1754|1916|17 Recep 1448
20261227|0641|0808|1306|1534|1754|1917|18 Recep 1448
20261228|0641|0809|1307|1534|1755|1917|19 Recep 1448
20261229|0641|0809|1307|1535|1756|1918|20 Recep 1448
20261230|0642|0809|1308|1536|1756|1919|21 Recep 1448
20261231|0642|0809|1308|1536|1757|1919|22 Recep 1448
20270101|0642|0810|1309|1537|1758|1920|23 Recep 1448
20270102|0642|0810|1309|1538|1759|1921|24 Recep 1448
20270103|0643|0810|1310|1538|1759|1921|25 Recep 1448
20270104|0643|0810|1310|1539|1800|1922|26 Recep 1448
20270105|0643|0810|1311|1540|1801|1923|27 Recep 1448
20270106|0643|0810|1311|1541|1802|1924|28 Recep 1448
20270107|0643|0810|1311|1542|1803|1925|29 Recep 1448
20270108|0643|0810|1312|1543|1804|1925|30 Recep 1448
20270109|0643|0810|1312|1543|1805|1926|1 Şaban 1448
20270110|0643|0810|1313|1544|1806|1927|2 Şaban 1448
20270111|0643|0810|1313|1545|1807|1928|3 Şaban 1448
20270112|0643|0809|1313|1546|1808|1929|4 Şaban 1448
20270113|0643|0809|1314|1547|1809|1930|5 Şaban 1448
20270114|0643|0809|1314|1548|1810|1930|6 Şaban 1448
20270115|0643|0809|1315|1549|1811|1931|7 Şaban 1448
20270116|0642|0808|1315|1550|1812|1932|8 Şaban 1448
20270117|0642|0808|1315|1551|1813|1933|9 Şaban 1448
20270118|0642|0807|1316|1552|1814|1934|10 Şaban 1448
20270119|0642|0807|1316|1553|1815|1935|11 Şaban 1448
20270120|0641|0807|1316|1553|1816|1936|12 Şaban 1448
20270121|0641|0806|1317|1554|1817|1937|13 Şaban 1448
20270122|0641|0806|1317|1555|1818|1938|14 Şaban 1448
20270123|0640|0805|1317|1556|1819|1939|15 Şaban 1448
20270124|0640|0804|1317|1557|1820|1940|16 Şaban 1448
20270125|0639|0804|1318|1558|1821|1941|17 Şaban 1448
20270126|0639|0803|1318|1559|1823|1942|18 Şaban 1448
20270127|0638|0802|1318|1600|1824|1943|19 Şaban 1448
20270128|0638|0802|1318|1601|1825|1944|20 Şaban 1448
20270129|0637|0801|1318|1602|1826|1945|21 Şaban 1448
20270130|0637|0800|1319|1603|1827|1946|22 Şaban 1448
20270131|0636|0759|1319|1604|1828|1947|23 Şaban 1448
20270201|0635|0759|1319|1605|1829|1948|24 Şaban 1448
20270202|0634|0758|1319|1606|1830|1949|25 Şaban 1448
20270203|0634|0757|1319|1607|1832|1950|26 Şaban 1448
20270204|0633|0756|1319|1608|1833|1951|27 Şaban 1448
20270205|0632|0755|1319|1609|1834|1951|28 Şaban 1448
20270206|0631|0754|1319|1610|1835|1952|29 Şaban 1448
20270207|0631|0753|1320|1610|1836|1953|30 Şaban 1448
20270208|0630|0752|1320|1611|1837|1954|1 Ramazan 1448
20270209|0629|0751|1320|1612|1838|1955|2 Ramazan 1448
20270210|0628|0750|1320|1613|1839|1956|3 Ramazan 1448
20270211|0627|0749|1320|1614|1841|1957|4 Ramazan 1448
20270212|0626|0748|1320|1615|1842|1958|5 Ramazan 1448
20270213|0625|0747|1320|1616|1843|1959|6 Ramazan 1448
20270214|0624|0745|1320|1616|1844|2000|7 Ramazan 1448
20270215|0623|0744|1320|1617|1845|2001|8 Ramazan 1448
20270216|0622|0743|1320|1618|1846|2002|9 Ramazan 1448
20270217|0621|0742|1319|1619|1847|2003|10 Ramazan 1448
20270218|0619|0741|1319|1620|1848|2004|11 Ramazan 1448
20270219|0618|0739|1319|1621|1849|2005|12 Ramazan 1448
20270220|0617|0738|1319|1621|1850|2006|13 Ramazan 1448
20270221|0616|0737|1319|1622|1851|2007|14 Ramazan 1448
20270222|0615|0736|1319|1623|1852|2008|15 Ramazan 1448
20270223|0613|0734|1319|1624|1854|2009|16 Ramazan 1448
20270224|0612|0733|1319|1624|1855|2010|17 Ramazan 1448
20270225|0611|0732|1319|1625|1856|2011|18 Ramazan 1448
20270226|0610|0730|1318|1626|1857|2012|19 Ramazan 1448
20270227|0608|0729|1318|1626|1858|2013|20 Ramazan 1448
20270228|0607|0728|1318|1627|1859|2014|21 Ramazan 1448
20270301|0606|0726|1318|1628|1900|2015|22 Ramazan 1448
20270302|0604|0725|1318|1628|1901|2016|23 Ramazan 1448
20270303|0603|0723|1318|1629|1902|2017|24 Ramazan 1448
20270304|0601|0722|1317|1630|1903|2018|25 Ramazan 1448
20270305|0600|0720|1317|1630|1904|2019|26 Ramazan 1448
20270306|0559|0719|1317|1631|1905|2020|27 Ramazan 1448
20270307|0557|0718|1317|1631|1906|2021|28 Ramazan 1448
20270308|0556|0716|1316|1632|1907|2022|29 Ramazan 1448
20270309|0554|0715|1316|1633|1908|2023|1 Şevval 1448
20270310|0553|0713|1316|1633|1909|2024|2 Şevval 1448
20270311|0551|0712|1316|1634|1910|2025|3 Şevval 1448
20270312|0550|0710|1315|1634|1911|2026|4 Şevval 1448
20270313|0548|0709|1315|1635|1912|2027|5 Şevval 1448
20270314|0547|0707|1315|1635|1913|2028|6 Şevval 1448
20270315|0545|0706|1315|1636|1914|2029|7 Şevval 1448
20270316|0543|0704|1314|1636|1915|2030|8 Şevval 1448
20270317|0542|0703|1314|1637|1916|2031|9 Şevval 1448
20270318|0540|0701|1314|1637|1916|2032|10 Şevval 1448
20270319|0539|0700|1313|1638|1917|2033|11 Şevval 1448
20270320|0537|0658|1313|1638|1918|2034|12 Şevval 1448
20270321|0535|0656|1313|1638|1919|2035|13 Şevval 1448
20270322|0534|0655|1313|1639|1920|2036|14 Şevval 1448
20270323|0532|0653|1312|1639|1921|2037|15 Şevval 1448
20270324|0530|0652|1312|1640|1922|2038|16 Şevval 1448
20270325|0529|0650|1312|1640|1923|2039|17 Şevval 1448
20270326|0527|0649|1311|1640|1924|2040|18 Şevval 1448
20270327|0525|0647|1311|1641|1925|2042|19 Şevval 1448
20270328|0524|0646|1311|1641|1926|2043|20 Şevval 1448
20270329|0522|0644|1310|1641|1927|2044|21 Şevval 1448
20270330|0520|0643|1310|1642|1928|2045|22 Şevval 1448
20270331|0518|0641|1310|1642|1929|2046|23 Şevval 1448
20270401|0517|0640|1310|1642|1930|2047|24 Şevval 1448
20270402|0515|0638|1309|1643|1930|2048|25 Şevval 1448
20270403|0513|0637|1309|1643|1931|2049|26 Şevval 1448
20270404|0512|0635|1309|1643|1932|2050|27 Şevval 1448
20270405|0510|0634|1308|1644|1933|2051|28 Şevval 1448
20270406|0508|0632|1308|1644|1934|2053|29 Şevval 1448
20270407|0506|0631|1308|1644|1935|2054|30 Şevval 1448
20270408|0505|0629|1308|1644|1936|2055|1 Zilkade 1448
20270409|0503|0628|1307|1645|1937|2056|2 Zilkade 1448
20270410|0501|0626|1307|1645|1938|2057|3 Zilkade 1448
20270411|0459|0625|1307|1645|1939|2058|4 Zilkade 1448
20270412|0458|0623|1306|1645|1940|2100|5 Zilkade 1448
20270413|0456|0622|1306|1646|1941|2101|6 Zilkade 1448
20270414|0454|0620|1306|1646|1942|2102|7 Zilkade 1448
20270415|0453|0619|1306|1646|1942|2103|8 Zilkade 1448
20270416|0451|0618|1305|1646|1943|2104|9 Zilkade 1448
20270417|0449|0616|1305|1647|1944|2106|10 Zilkade 1448
20270418|0447|0615|1305|1647|1945|2107|11 Zilkade 1448
20270419|0446|0613|1305|1647|1946|2108|12 Zilkade 1448
20270420|0444|0612|1305|1647|1947|2109|13 Zilkade 1448
20270421|0442|0611|1304|1647|1948|2110|14 Zilkade 1448
20270422|0441|0609|1304|1648|1949|2112|15 Zilkade 1448
20270423|0439|0608|1304|1648|1950|2113|16 Zilkade 1448
20270424|0437|0607|1304|1648|1951|2114|17 Zilkade 1448
20270425|0436|0605|1304|1648|1952|2115|18 Zilkade 1448
20270426|0434|0604|1303|1648|1953|2117|19 Zilkade 1448
20270427|0432|0603|1303|1649|1954|2118|20 Zilkade 1448
20270428|0431|0602|1303|1649|1955|2119|21 Zilkade 1448
20270429|0429|0600|1303|1649|1956|2121|22 Zilkade 1448
20270430|0427|0559|1303|1649|1956|2122|23 Zilkade 1448
20270501|0426|0558|1303|1649|1957|2123|24 Zilkade 1448
20270502|0424|0557|1303|1650|1958|2124|25 Zilkade 1448
20270503|0423|0556|1302|1650|1959|2126|26 Zilkade 1448
20270504|0421|0555|1302|1650|2000|2127|27 Zilkade 1448
20270505|0420|0553|1302|1650|2001|2128|28 Zilkade 1448
20270506|0418|0552|1302|1650|2002|2130|29 Zilkade 1448
20270507|0417|0551|1302|1651|2003|2131|1 Zilhicce 1448
20270508|0415|0550|1302|1651|2004|2132|2 Zilhicce 1448
20270509|0414|0549|1302|1651|2005|2134|3 Zilhicce 1448
20270510|0412|0548|1302|1651|2006|2135|4 Zilhicce 1448
20270511|0411|0547|1302|1651|2007|2136|5 Zilhicce 1448
20270512|0409|0546|1302|1652|2007|2138|6 Zilhicce 1448
20270513|0408|0545|1302|1652|2008|2139|7 Zilhicce 1448
20270514|0407|0544|1302|1652|2009|2140|8 Zilhicce 1448
20270515|0405|0544|1302|1652|2010|2141|9 Zilhicce 1448
20270516|0404|0543|1302|1652|2011|2143|10 Zilhicce 1448
20270517|0403|0542|1302|1653|2012|2144|11 Zilhicce 1448
20270518|0402|0541|1302|1653|2013|2145|12 Zilhicce 1448
20270519|0400|0540|1302|1653|2014|2146|13 Zilhicce 1448
20270520|0359|0540|1302|1653|2014|2148|14 Zilhicce 1448
20270521|0358|0539|1302|1653|2015|2149|15 Zilhicce 1448
20270522|0357|0538|1302|1654|2016|2150|16 Zilhicce 1448
20270523|0356|0537|1302|1654|2017|2151|17 Zilhicce 1448
20270524|0355|0537|1302|1654|2018|2153|18 Zilhicce 1448
20270525|0354|0536|1302|1654|2019|2154|19 Zilhicce 1448
20270526|0353|0536|1302|1655|2019|2155|20 Zilhicce 1448
20270527|0352|0535|1303|1655|2020|2156|21 Zilhicce 1448
20270528|0351|0535|1303|1655|2021|2157|22 Zilhicce 1448
20270529|0350|0534|1303|1655|2022|2158|23 Zilhicce 1448
20270530|0349|0534|1303|1655|2022|2159|24 Zilhicce 1448
20270531|0348|0533|1303|1656|2023|2200|25 Zilhicce 1448
20270601|0348|0533|1303|1656|2024|2201|26 Zilhicce 1448
20270602|0347|0532|1303|1656|2024|2202|27 Zilhicce 1448
20270603|0346|0532|1304|1656|2025|2203|28 Zilhicce 1448
20270604|0346|0532|1304|1657|2026|2204|29 Zilhicce 1448
20270605|0345|0531|1304|1657|2026|2205|30 Zilhicce 1448
20270606|0344|0531|1304|1657|2027|2206|1 Muharrem 1449
20270607|0344|0531|1304|1657|2028|2207|2 Muharrem 1449
20270608|0343|0531|1304|1658|2028|2208|3 Muharrem 1449
20270609|0343|0531|1305|1658|2029|2208|4 Muharrem 1449
20270610|0343|0530|1305|1658|2029|2209|5 Muharrem 1449
20270611|0342|0530|1305|1658|2030|2210|6 Muharrem 1449
20270612|0342|0530|1305|1659|2030|2210|7 Muharrem 1449
20270613|0342|0530|1305|1659|2031|2211|8 Muharrem 1449
20270614|0342|0530|1306|1659|2031|2212|9 Muharrem 1449
20270615|0342|0530|1306|1659|2031|2212|10 Muharrem 1449
20270616|0342|0530|1306|1659|2032|2213|11 Muharrem 1449
20270617|0342|0530|1306|1700|2032|2213|12 Muharrem 1449
20270618|0342|0530|1306|1700|2033|2213|13 Muharrem 1449
20270619|0342|0531|1307|1700|2033|2214|14 Muharrem 1449
20270620|0342|0531|1307|1700|2033|2214|15 Muharrem 1449
20270621|0342|0531|1307|1701|2033|2214|16 Muharrem 1449
20270622|0342|0531|1307|1701|2034|2215|17 Muharrem 1449
20270623|0342|0531|1308|1701|2034|2215|18 Muharrem 1449
20270624|0343|0532|1308|1701|2034|2215|19 Muharrem 1449
20270625|0343|0532|1308|1701|2034|2215|20 Muharrem 1449
20270626|0343|0532|1308|1702|2034|2215|21 Muharrem 1449
20270627|0344|0533|1308|1702|2034|2215|22 Muharrem 1449
20270628|0344|0533|1309|1702|2034|2215|23 Muharrem 1449
20270629|0345|0533|1309|1702|2034|2215|24 Muharrem 1449
20270630|0345|0534|1309|1702|2034|2215|25 Muharrem 1449
20270701|0346|0534|1309|1703|2034|2214|26 Muharrem 1449
20270702|0347|0535|1309|1703|2034|2214|27 Muharrem 1449
20270703|0347|0535|1310|1703|2034|2214|28 Muharrem 1449
20270704|0348|0536|1310|1703|2034|2214|29 Muharrem 1449
20270705|0349|0536|1310|1703|2034|2213|1 Safer 1449
20270706|0350|0537|1310|1703|2034|2213|2 Safer 1449
20270707|0351|0537|1310|1703|2033|2212|3 Safer 1449
20270708|0351|0538|1310|1703|2033|2212|4 Safer 1449
20270709|0352|0539|1311|1704|2033|2211|5 Safer 1449
20270710|0353|0539|1311|1704|2032|2211|6 Safer 1449
20270711|0354|0540|1311|1704|2032|2210|7 Safer 1449
20270712|0355|0540|1311|1704|2032|2209|8 Safer 1449
20270713|0356|0541|1311|1704|2031|2209|9 Safer 1449
20270714|0357|0542|1311|1704|2031|2208|10 Safer 1449
20270715|0358|0543|1311|1704|2030|2207|11 Safer 1449
20270716|0359|0543|1312|1704|2030|2206|12 Safer 1449
20270717|0401|0544|1312|1704|2029|2205|13 Safer 1449
20270718|0402|0545|1312|1704|2029|2204|14 Safer 1449
20270719|0403|0545|1312|1704|2028|2203|15 Safer 1449
20270720|0404|0546|1312|1704|2028|2202|16 Safer 1449
20270721|0405|0547|1312|1704|2027|2201|17 Safer 1449
20270722|0406|0548|1312|1704|2026|2200|18 Safer 1449
20270723|0408|0549|1312|1703|2025|2159|19 Safer 1449
20270724|0409|0549|1312|1703|2025|2158|20 Safer 1449
20270725|0410|0550|1312|1703|2024|2157|21 Safer 1449
20270726|0411|0551|1312|1703|2023|2156|22 Safer 1449
20270727|0413|0552|1312|1703|2022|2155|23 Safer 1449
20270728|0414|0553|1312|1703|2022|2153|24 Safer 1449
20270729|0415|0553|1312|1702|2021|2152|25 Safer 1449
20270730|0416|0554|1312|1702|2020|2151|26 Safer 1449
20270731|0418|0555|1312|1702|2019|2149|27 Safer 1449
20270801|0419|0556|1312|1702|2018|2148|28 Safer 1449
20270802|0420|0557|1312|1701|2017|2147|29 Safer 1449
20270803|0422|0558|1312|1701|2016|2145|1 Rebiulevvel 1449
20270804|0423|0559|1312|1701|2015|2144|2 Rebiulevvel 1449
20270805|0424|0559|1312|1700|2014|2142|3 Rebiulevvel 1449
20270806|0425|0600|1311|1700|2013|2141|4 Rebiulevvel 1449
20270807|0427|0601|1311|1700|2012|2140|5 Rebiulevvel 1449
20270808|0428|0602|1311|1659|2011|2138|6 Rebiulevvel 1449
20270809|0429|0603|1311|1659|2009|2137|7 Rebiulevvel 1449
20270810|0431|0604|1311|1659|2008|2135|8 Rebiulevvel 1449
20270811|0432|0605|1311|1658|2007|2133|9 Rebiulevvel 1449
20270812|0433|0605|1311|1658|2006|2132|10 Rebiulevvel 1449
20270813|0434|0606|1310|1657|2005|2130|11 Rebiulevvel 1449
20270814|0436|0607|1310|1657|2003|2129|12 Rebiulevvel 1449
20270815|0437|0608|1310|1656|2002|2127|13 Rebiulevvel 1449
20270816|0438|0609|1310|1656|2001|2125|14 Rebiulevvel 1449
20270817|0439|0610|1310|1655|2000|2124|15 Rebiulevvel 1449
20270818|0441|0611|1310|1654|1958|2122|16 Rebiulevvel 1449
20270819|0442|0612|1309|1654|1957|2121|17 Rebiulevvel 1449
20270820|0443|0612|1309|1653|1956|2119|18 Rebiulevvel 1449
20270821|0444|0613|1309|1653|1954|2117|19 Rebiulevvel 1449
20270822|0446|0614|1309|1652|1953|2116|20 Rebiulevvel 1449
20270823|0447|0615|1308|1651|1952|2114|21 Rebiulevvel 1449
20270824|0448|0616|1308|1651|1950|2112|22 Rebiulevvel 1449
20270825|0449|0617|1308|1650|1949|2110|23 Rebiulevvel 1449
20270826|0450|0618|1307|1649|1947|2109|24 Rebiulevvel 1449
20270827|0452|0618|1307|1648|1946|2107|25 Rebiulevvel 1449
20270828|0453|0619|1307|1648|1945|2105|26 Rebiulevvel 1449
20270829|0454|0620|1307|1647|1943|2104|27 Rebiulevvel 1449
20270830|0455|0621|1306|1646|1942|2102|28 Rebiulevvel 1449
20270831|0456|0622|1306|1645|1940|2100|29 Rebiulevvel 1449
20270901|0457|0623|1306|1645|1939|2058|30 Rebiulevvel 1449
20270902|0458|0624|1305|1644|1937|2057|1 Rebiulahir 1449
20270903|0500|0624|1305|1643|1936|2055|2 Rebiulahir 1449
20270904|0501|0625|1305|1642|1934|2053|3 Rebiulahir 1449
20270905|0502|0626|1304|1641|1933|2051|4 Rebiulahir 1449
20270906|0503|0627|1304|1640|1931|2050|5 Rebiulahir 1449
20270907|0504|0628|1304|1639|1930|2048|6 Rebiulahir 1449
20270908|0505|0629|1303|1639|1928|2046|7 Rebiulahir 1449
20270909|0506|0630|1303|1638|1927|2045|8 Rebiulahir 1449
20270910|0507|0630|1303|1637|1925|2043|9 Rebiulahir 1449
20270911|0508|0631|1302|1636|1923|2041|10 Rebiulahir 1449
20270912|0509|0632|1302|1635|1922|2039|11 Rebiulahir 1449
20270913|0510|0633|1302|1634|1920|2038|12 Rebiulahir 1449
20270914|0511|0634|1301|1633|1919|2036|13 Rebiulahir 1449
20270915|0512|0635|1301|1632|1917|2034|14 Rebiulahir 1449
20270916|0513|0636|1301|1631|1916|2032|15 Rebiulahir 1449
20270917|0514|0636|1300|1630|1914|2031|16 Rebiulahir 1449
20270918|0515|0637|1300|1629|1913|2029|17 Rebiulahir 1449
20270919|0516|0638|1300|1628|1911|2027|18 Rebiulahir 1449
20270920|0517|0639|1259|1627|1909|2026|19 Rebiulahir 1449
20270921|0518|0640|1259|1626|1908|2024|20 Rebiulahir 1449
20270922|0519|0641|1258|1625|1906|2022|21 Rebiulahir 1449
20270923|0520|0642|1258|1624|1905|2021|22 Rebiulahir 1449
20270924|0521|0642|1258|1623|1903|2019|23 Rebiulahir 1449
20270925|0522|0643|1257|1622|1902|2017|24 Rebiulahir 1449
20270926|0523|0644|1257|1620|1900|2016|25 Rebiulahir 1449
20270927|0524|0645|1257|1619|1858|2014|26 Rebiulahir 1449
20270928|0525|0646|1256|1618|1857|2012|27 Rebiulahir 1449
20270929|0526|0647|1256|1617|1855|2011|28 Rebiulahir 1449
20270930|0527|0648|1256|1616|1854|2009|29 Rebiulahir 1449
20271001|0528|0649|1255|1615|1852|2008|1 Cemaziyelevvel 1449
20271002|0529|0649|1255|1614|1851|2006|2 Cemaziyelevvel 1449
20271003|0530|0650|1255|1613|1849|2004|3 Cemaziyelevvel 1449
20271004|0531|0651|1254|1612|1848|2003|4 Cemaziyelevvel 1449
20271005|0532|0652|1254|1611|1846|2001|5 Cemaziyelevvel 1449
20271006|0533|0653|1254|1610|1845|2000|6 Cemaziyelevvel 1449
20271007|0534|0654|1254|1609|1843|1958|7 Cemaziyelevvel 1449
20271008|0535|0655|1253|1607|1842|1957|8 Cemaziyelevvel 1449
20271009|0535|0656|1253|1606|1840|1955|9 Cemaziyelevvel 1449
20271010|0536|0657|1253|1605|1839|1954|10 Cemaziyelevvel 1449
20271011|0537|0658|1252|1604|1837|1952|11 Cemaziyelevvel 1449
20271012|0538|0659|1252|1603|1836|1951|12 Cemaziyelevvel 1449
20271013|0539|0700|1252|1602|1834|1950|13 Cemaziyelevvel 1449
20271014|0540|0701|1252|1601|1833|1948|14 Cemaziyelevvel 1449
20271015|0541|0702|1251|1600|1831|1947|15 Cemaziyelevvel 1449
20271016|0542|0702|1251|1559|1830|1945|16 Cemaziyelevvel 1449
20271017|0543|0703|1251|1558|1829|1944|17 Cemaziyelevvel 1449
20271018|0544|0704|1251|1557|1827|1943|18 Cemaziyelevvel 1449
20271019|0545|0705|1251|1556|1826|1941|19 Cemaziyelevvel 1449
20271020|0546|0706|1250|1555|1824|1940|20 Cemaziyelevvel 1449
20271021|0546|0707|1250|1554|1823|1939|21 Cemaziyelevvel 1449
20271022|0547|0708|1250|1553|1822|1938|22 Cemaziyelevvel 1449
20271023|0548|0709|1250|1552|1820|1936|23 Cemaziyelevvel 1449
20271024|0549|0710|1250|1551|1819|1935|24 Cemaziyelevvel 1449
20271025|0550|0711|1250|1550|1818|1934|25 Cemaziyelevvel 1449
20271026|0551|0712|1250|1549|1817|1933|26 Cemaziyelevvel 1449
20271027|0552|0713|1249|1548|1815|1932|27 Cemaziyelevvel 1449
20271028|0553|0714|1249|1547|1814|1931|28 Cemaziyelevvel 1449
20271029|0554|0715|1249|1546|1813|1930|29 Cemaziyelevvel 1449
20271030|0555|0717|1249|1545|1812|1929|30 Cemaziyelevvel 1449
20271031|0556|0718|1249|1544|1811|1927|1 Cemaziyelahir 1449
20271101|0557|0719|1249|1543|1810|1926|2 Cemaziyelahir 1449
20271102|0558|0720|1249|1542|1808|1925|3 Cemaziyelahir 1449
20271103|0558|0721|1249|1541|1807|1925|4 Cemaziyelahir 1449
20271104|0559|0722|1249|1540|1806|1924|5 Cemaziyelahir 1449
20271105|0600|0723|1249|1540|1805|1923|6 Cemaziyelahir 1449
20271106|0601|0724|1249|1539|1804|1922|7 Cemaziyelahir 1449
20271107|0602|0725|1249|1538|1803|1921|8 Cemaziyelahir 1449
20271108|0603|0726|1249|1537|1802|1920|9 Cemaziyelahir 1449
20271109|0604|0727|1249|1537|1801|1919|10 Cemaziyelahir 1449
20271110|0605|0728|1249|1536|1800|1919|11 Cemaziyelahir 1449
20271111|0606|0729|1249|1535|1800|1918|12 Cemaziyelahir 1449
20271112|0607|0730|1250|1535|1759|1917|13 Cemaziyelahir 1449
20271113|0608|0731|1250|1534|1758|1916|14 Cemaziyelahir 1449
20271114|0609|0732|1250|1533|1757|1916|15 Cemaziyelahir 1449
20271115|0610|0734|1250|1533|1756|1915|16 Cemaziyelahir 1449
20271116|0611|0735|1250|1532|1756|1915|17 Cemaziyelahir 1449
20271117|0611|0736|1250|1532|1755|1914|18 Cemaziyelahir 1449
20271118|0612|0737|1250|1531|1754|1913|19 Cemaziyelahir 1449
20271119|0613|0738|1251|1530|1754|1913|20 Cemaziyelahir 1449
20271120|0614|0739|1251|1530|1753|1912|21 Cemaziyelahir 1449
20271121|0615|0740|1251|1530|1752|1912|22 Cemaziyelahir 1449
20271122|0616|0741|1251|1529|1752|1912|23 Cemaziyelahir 1449
20271123|0617|0742|1252|1529|1751|1911|24 Cemaziyelahir 1449
20271124|0618|0743|1252|1528|1751|1911|25 Cemaziyelahir 1449
20271125|0619|0744|1252|1528|1750|1911|26 Cemaziyelahir 1449
20271126|0620|0745|1253|1528|1750|1910|27 Cemaziyelahir 1449
20271127|0620|0746|1253|1528|1750|1910|28 Cemaziyelahir 1449
20271128|0621|0747|1253|1527|1749|1910|29 Cemaziyelahir 1449
20271129|0622|0748|1253|1527|1749|1910|1 Recep 1449
20271130|0623|0749|1254|1527|1749|1910|2 Recep 1449
20271201|0624|0750|1254|1527|1748|1909|3 Recep 1449
20271202|0625|0751|1255|1527|1748|1909|4 Recep 1449
20271203|0625|0752|1255|1527|1748|1909|5 Recep 1449
20271204|0626|0753|1255|1526|1748|1909|6 Recep 1449
20271205|0627|0754|1256|1526|1748|1909|7 Recep 1449
20271206|0628|0755|1256|1526|1748|1909|8 Recep 1449
20271207|0629|0756|1257|1526|1748|1909|9 Recep 1449
20271208|0629|0756|1257|1527|1748|1909|10 Recep 1449
20271209|0630|0757|1257|1527|1748|1910|11 Recep 1449
20271210|0631|0758|1258|1527|1748|1910|12 Recep 1449
20271211|0632|0759|1258|1527|1748|1910|13 Recep 1449
20271212|0632|0800|1259|1527|1748|1910|14 Recep 1449
20271213|0633|0800|1259|1527|1748|1910|15 Recep 1449
20271214|0634|0801|1300|1528|1748|1911|16 Recep 1449
20271215|0634|0802|1300|1528|1749|1911|17 Recep 1449
20271216|0635|0803|1301|1528|1749|1911|18 Recep 1449
20271217|0636|0803|1301|1529|1749|1912|19 Recep 1449
20271218|0636|0804|1302|1529|1750|1912|20 Recep 1449
20271219|0637|0804|1302|1529|1750|1912|21 Recep 1449
20271220|0637|0805|1303|1530|1750|1913|22 Recep 1449
20271221|0638|0806|1303|1530|1751|1913|23 Recep 1449
20271222|0638|0806|1304|1531|1751|1914|24 Recep 1449
20271223|0639|0807|1304|1531|1752|1914|25 Recep 1449
20271224|0639|0807|1305|1532|1752|1915|26 Recep 1449
20271225|0640|0807|1305|1532|1753|1915|27 Recep 1449
20271226|0640|0808|1306|1533|1753|1916|28 Recep 1449
20271227|0641|0808|1306|1533|1754|1916|29 Recep 1449
20271228|0641|0809|1307|1534|1755|1917|30 Recep 1449
20271229|0641|0809|1307|1535|1755|1918|1 Şaban 1449
20271230|0642|0809|1308|1535|1756|1918|2 Şaban 1449
20271231|0642|0809|1308|1536|1757|1919|3 Şaban 1449
#@9177|Hocalar|AFYONKARAHISAR|730
20260101|0643|0811|1308|1535|1756|1919|12 Recep 1447
20260102|0643|0811|1309|1536|1757|1920|13 Recep 1447
20260103|0643|0811|1309|1537|1758|1920|14 Recep 1447
20260104|0643|0811|1310|1538|1759|1921|15 Recep 1447
20260105|0643|0811|1310|1538|1800|1922|16 Recep 1447
20260106|0643|0811|1311|1539|1800|1923|17 Recep 1447
20260107|0644|0811|1311|1540|1801|1924|18 Recep 1447
20260108|0644|0811|1312|1541|1802|1924|19 Recep 1447
20260109|0644|0811|1312|1542|1803|1925|20 Recep 1447
20260110|0644|0811|1312|1543|1804|1926|21 Recep 1447
20260111|0644|0811|1313|1544|1805|1927|22 Recep 1447
20260112|0643|0810|1313|1545|1806|1928|23 Recep 1447
20260113|0643|0810|1314|1545|1807|1929|24 Recep 1447
20260114|0643|0810|1314|1546|1808|1930|25 Recep 1447
20260115|0643|0810|1314|1547|1809|1931|26 Recep 1447
20260116|0643|0809|1315|1548|1810|1932|27 Recep 1447
20260117|0643|0809|1315|1549|1811|1932|28 Recep 1447
20260118|0642|0808|1315|1550|1812|1933|29 Recep 1447
20260119|0642|0808|1316|1551|1814|1934|30 Recep 1447
20260120|0642|0807|1316|1552|1815|1935|1 Şaban 1447
20260121|0641|0807|1316|1553|1816|1936|2 Şaban 1447
20260122|0641|0806|1317|1554|1817|1937|3 Şaban 1447
20260123|0640|0806|1317|1555|1818|1938|4 Şaban 1447
20260124|0640|0805|1317|1556|1819|1939|5 Şaban 1447
20260125|0639|0804|1317|1557|1820|1940|6 Şaban 1447
20260126|0639|0804|1318|1558|1821|1941|7 Şaban 1447
20260127|0638|0803|1318|1559|1823|1942|8 Şaban 1447
20260128|0638|0802|1318|1600|1824|1943|9 Şaban 1447
20260129|0637|0802|1318|1601|1825|1944|10 Şaban 1447
20260130|0636|0801|1318|1602|1826|1945|11 Şaban 1447
20260131|0636|0800|1319|1603|1827|1946|12 Şaban 1447
20260201|0635|0759|1319|1604|1828|1947|13 Şaban 1447
20260202|0634|0758|1319|1605|1829|1948|14 Şaban 1447
20260203|0634|0757|1319|1606|1831|1949|15 Şaban 1447
20260204|0633|0756|1319|1607|1832|1950|16 Şaban 1447
20260205|0632|0755|1319|1607|1833|1951|17 Şaban 1447
20260206|0631|0754|1319|1608|1834|1952|18 Şaban 1447
20260207|0630|0753|1319|1609|1835|1953|19 Şaban 1447
20260208|0629|0752|1319|1610|1836|1954|20 Şaban 1447
20260209|0628|0751|1319|1611|1837|1955|21 Şaban 1447
20260210|0627|0750|1319|1612|1839|1956|22 Şaban 1447
20260211|0627|0749|1319|1613|1840|1957|23 Şaban 1447
20260212|0625|0748|1319|1614|1841|1958|24 Şaban 1447
20260213|0624|0747|1319|1615|1842|1959|25 Şaban 1447
20260214|0623|0746|1319|1615|1843|2000|26 Şaban 1447
20260215|0622|0744|1319|1616|1844|2001|27 Şaban 1447
20260216|0621|0743|1319|1617|1845|2002|28 Şaban 1447
20260217|0620|0742|1319|1618|1846|2003|29 Şaban 1447
20260218|0619|0741|1319|1619|1847|2004|30 Şaban 1447
20260219|0618|0739|1319|1620|1849|2005|1 Ramazan 1447
20260220|0617|0738|1319|1620|1850|2006|2 Ramazan 1447
20260221|0615|0737|1319|1621|1851|2007|3 Ramazan 1447
20260222|0614|0736|1319|1622|1852|2008|4 Ramazan 1447
20260223|0613|0734|1319|1623|1853|2009|5 Ramazan 1447
20260224|0612|0733|1318|1623|1854|2010|6 Ramazan 1447
20260225|0610|0732|1318|1624|1855|2011|7 Ramazan 1447
20260226|0609|0730|1318|1625|1856|2012|8 Ramazan 1447
20260227|0608|0729|1318|1626|1857|2013|9 Ramazan 1447
20260228|0606|0727|1318|1626|1858|2014|10 Ramazan 1447
20260301|0605|0726|1318|1627|1859|2015|11 Ramazan 1447
20260302|0603|0724|1317|1628|1900|2016|12 Ramazan 1447
20260303|0602|0723|1317|1628|1901|2017|13 Ramazan 1447
20260304|0601|0722|1317|1629|1902|2018|14 Ramazan 1447
20260305|0559|0720|1317|1630|1903|2019|15 Ramazan 1447
20260306|0558|0719|1317|1630|1904|2020|16 Ramazan 1447
20260307|0556|0717|1316|1631|1905|2021|17 Ramazan 1447
20260308|0555|0716|1316|1631|1906|2022|18 Ramazan 1447
20260309|0553|0714|1316|1632|1907|2023|19 Ramazan 1447
20260310|0552|0713|1316|1633|1908|2024|20 Ramazan 1447
20260311|0550|0711|1315|1633|1909|2025|21 Ramazan 1447
20260312|0548|0710|1315|1634|1910|2026|22 Ramazan 1447
20260313|0547|0708|1315|1634|1911|2027|23 Ramazan 1447
20260314|0545|0707|1314|1635|1912|2029|24 Ramazan 1447
20260315|0544|0705|1314|1635|1913|2030|25 Ramazan 1447
20260316|0542|0703|1314|1636|1914|2031|26 Ramazan 1447
20260317|0540|0702|1314|1636|1915|2032|27 Ramazan 1447
20260318|0539|0700|1313|1637|1916|2033|28 Ramazan 1447
20260319|0537|0659|1313|1637|1917|2034|29 Ramazan 1447
20260320|0535|0657|1313|1638|1918|2035|1 Şevval 1447
20260321|0534|0656|1312|1638|1919|2036|2 Şevval 1447
20260322|0532|0654|1312|1638|1920|2037|3 Şevval 1447
20260323|0530|0653|1312|1639|1921|2038|4 Şevval 1447
20260324|0529|0651|1312|1639|1922|2039|5 Şevval 1447
20260325|0527|0649|1311|1640|1923|2040|6 Şevval 1447
20260326|0525|0648|1311|1640|1924|2041|7 Şevval 1447
20260327|0524|0646|1311|1640|1925|2042|8 Şevval 1447
20260328|0522|0645|1310|1641|1926|2043|9 Şevval 1447
20260329|0520|0643|1310|1641|1927|2045|10 Şevval 1447
20260330|0518|0642|1310|1642|1928|2046|11 Şevval 1447
20260331|0517|0640|1309|1642|1929|2047|12 Şevval 1447
20260401|0515|0639|1309|1642|1930|2048|13 Şevval 1447
20260402|0513|0637|1309|1643|1931|2049|14 Şevval 1447
20260403|0511|0636|1309|1643|1932|2050|15 Şevval 1447
20260404|0510|0634|1308|1643|1933|2051|16 Şevval 1447
20260405|0508|0632|1308|1644|1934|2053|17 Şevval 1447
20260406|0506|0631|1308|1644|1934|2054|18 Şevval 1447
20260407|0504|0629|1307|1644|1935|2055|19 Şevval 1447
20260408|0503|0628|1307|1644|1936|2056|20 Şevval 1447
20260409|0501|0626|1307|1645|1937|2057|21 Şevval 1447
20260410|0459|0625|1307|1645|1938|2058|22 Şevval 1447
20260411|0457|0623|1306|1645|1939|2100|23 Şevval 1447
20260412|0456|0622|1306|1645|1940|2101|24 Şevval 1447
20260413|0454|0621|1306|1646|1941|2102|25 Şevval 1447
20260414|0452|0619|1306|1646|1942|2103|26 Şevval 1447
20260415|0450|0618|1305|1646|1943|2105|27 Şevval 1447
20260416|0449|0616|1305|1647|1944|2106|28 Şevval 1447
20260417|0447|0615|1305|1647|1945|2107|29 Şevval 1447
20260418|0445|0613|1305|1647|1946|2108|1 Zilkade 1447
20260419|0443|0612|1304|1647|1947|2110|2 Zilkade 1447
20260420|0442|0611|1304|1647|1948|2111|3 Zilkade 1447
20260421|0440|0609|1304|1648|1949|2112|4 Zilkade 1447
20260422|0438|0608|1304|1648|1950|2113|5 Zilkade 1447
20260423|0436|0607|1304|1648|1951|2115|6 Zilkade 1447
20260424|0435|0605|1303|1648|1952|2116|7 Zilkade 1447
20260425|0433|0604|1303|1649|1953|2117|8 Zilkade 1447
20260426|0431|0603|1303|1649|1954|2119|9 Zilkade 1447
20260427|0430|0601|1303|1649|1954|2120|10 Zilkade 1447
20260428|0428|0600|1303|1649|1955|2121|11 Zilkade 1447
20260429|0426|0559|1303|1649|1956|2123|12 Zilkade 1447
20260430|0425|0558|1302|1650|1957|2124|13 Zilkade 1447
20260501|0423|0556|1302|1650|1958|2125|14 Zilkade 1447
20260502|0422|0555|1302|1650|1959|2127|15 Zilkade 1447
20260503|0420|0554|1302|1650|2000|2128|16 Zilkade 1447
20260504|0418|0553|1302|1650|2001|2129|17 Zilkade 1447
20260505|0417|0552|1302|1651|2002|2131|18 Zilkade 1447
20260506|0415|0551|1302|1651|2003|2132|19 Zilkade 1447
20260507|0414|0550|1302|1651|2004|2133|20 Zilkade 1447
20260508|0412|0549|1302|1651|2005|2135|21 Zilkade 1447
20260509|0411|0547|1302|1652|2006|2136|22 Zilkade 1447
20260510|0409|0546|1302|1652|2007|2137|23 Zilkade 1447
20260511|0408|0545|1302|1652|2008|2139|24 Zilkade 1447
20260512|0406|0545|1302|1652|2009|2140|25 Zilkade 1447
20260513|0405|0544|1302|1652|2010|2141|26 Zilkade 1447
20260514|0404|0543|1302|1653|2010|2143|27 Zilkade 1447
20260515|0402|0542|1302|1653|2011|2144|28 Zilkade 1447
20260516|0401|0541|1302|1653|2012|2145|29 Zilkade 1447
20260517|0400|0540|1302|1653|2013|2146|30 Zilkade 1447
20260518|0358|0539|1302|1653|2014|2148|1 Zilhicce 1447
20260519|0357|0538|1302|1654|2015|2149|2 Zilhicce 1447
20260520|0356|0538|1302|1654|2016|2150|3 Zilhicce 1447
20260521|0355|0537|1302|1654|2017|2152|4 Zilhicce 1447
20260522|0353|0536|1302|1654|2017|2153|5 Zilhicce 1447
20260523|0352|0536|1302|1655|2018|2154|6 Zilhicce 1447
20260524|0351|0535|1302|1655|2019|2155|7 Zilhicce 1447
20260525|0350|0534|1302|1655|2020|2156|8 Zilhicce 1447
20260526|0349|0534|1302|1655|2021|2158|9 Zilhicce 1447
20260527|0348|0533|1302|1656|2021|2159|10 Zilhicce 1447
20260528|0347|0533|1302|1656|2022|2200|11 Zilhicce 1447
20260529|0346|0532|1303|1656|2023|2201|12 Zilhicce 1447
20260530|0346|0532|1303|1656|2024|2202|13 Zilhicce 1447
20260531|0345|0531|1303|1656|2024|2203|14 Zilhicce 1447
20260601|0344|0531|1303|1657|2025|2204|15 Zilhicce 1447
20260602|0343|0530|1303|1657|2026|2205|16 Zilhicce 1447
20260603|0342|0530|1303|1657|2027|2206|17 Zilhicce 1447
20260604|0342|0530|1303|1657|2027|2207|18 Zilhicce 1447
20260605|0341|0529|1304|1658|2028|2208|19 Zilhicce 1447
20260606|0341|0529|1304|1658|2028|2209|20 Zilhicce 1447
20260607|0340|0529|1304|1658|2029|2210|21 Zilhicce 1447
20260608|0340|0529|1304|1658|2030|2211|22 Zilhicce 1447
20260609|0339|0529|1304|1659|2030|2211|23 Zilhicce 1447
20260610|0339|0528|1305|1659|2031|2212|24 Zilhicce 1447
20260611|0339|0528|1305|1659|2031|2213|25 Zilhicce 1447
20260612|0338|0528|1305|1659|2032|2213|26 Zilhicce 1447
20260613|0338|0528|1305|1700|2032|2214|27 Zilhicce 1447
20260614|0338|0528|1305|1700|2033|2215|28 Zilhicce 1447
20260615|0338|0528|1306|1700|2033|2215|29 Zilhicce 1447
20260616|0338|0528|1306|1700|2033|2216|1 Muharrem 1448
20260617|0338|0528|1306|1701|2034|2216|2 Muharrem 1448
20260618|0338|0529|1306|1701|2034|2217|3 Muharrem 1448
20260619|0338|0529|1306|1701|2034|2217|4 Muharrem 1448
20260620|0338|0529|1307|1701|2035|2217|5 Muharrem 1448
20260621|0338|0529|1307|1702|2035|2217|6 Muharrem 1448
20260622|0338|0529|1307|1702|2035|2218|7 Muharrem 1448
20260623|0339|0529|1307|1702|2035|2218|8 Muharrem 1448
20260624|0339|0530|1308|1702|2035|2218|9 Muharrem 1448
20260625|0339|0530|1308|1702|2035|2218|10 Muharrem 1448
20260626|0340|0530|1308|1703|2036|2218|11 Muharrem 1448
20260627|0340|0531|1308|1703|2036|2218|12 Muharrem 1448
20260628|0341|0531|1308|1703|2036|2218|13 Muharrem 1448
20260629|0341|0532|1309|1703|2036|2218|14 Muharrem 1448
20260630|0342|0532|1309|1703|2036|2218|15 Muharrem 1448
20260701|0342|0532|1309|1703|2036|2217|16 Muharrem 1448
20260702|0343|0533|1309|1704|2035|2217|17 Muharrem 1448
20260703|0344|0533|1309|1704|2035|2217|18 Muharrem 1448
20260704|0345|0534|1310|1704|2035|2216|19 Muharrem 1448
20260705|0345|0534|1310|1704|2035|2216|20 Muharrem 1448
20260706|0346|0535|1310|1704|2035|2216|21 Muharrem 1448
20260707|0347|0536|1310|1704|2035|2215|22 Muharrem 1448
20260708|0348|0536|1310|1704|2034|2214|23 Muharrem 1448
20260709|0349|0537|1310|1704|2034|2214|24 Muharrem 1448
20260710|0350|0537|1311|1704|2034|2213|25 Muharrem 1448
20260711|0351|0538|1311|1704|2033|2213|26 Muharrem 1448
20260712|0352|0539|1311|1705|2033|2212|27 Muharrem 1448
20260713|0353|0539|1311|1705|2032|2211|28 Muharrem 1448
20260714|0354|0540|1311|1705|2032|2210|29 Muharrem 1448
20260715|0355|0541|1311|1705|2031|2209|1 Safer 1448
20260716|0356|0542|1311|1705|2031|2209|2 Safer 1448
20260717|0358|0542|1311|1705|2030|2208|3 Safer 1448
20260718|0359|0543|1311|1704|2030|2207|4 Safer 1448
20260719|0400|0544|1311|1704|2029|2206|5 Safer 1448
20260720|0401|0545|1312|1704|2028|2205|6 Safer 1448
20260721|0402|0545|1312|1704|2028|2204|7 Safer 1448
20260722|0404|0546|1312|1704|2027|2202|8 Safer 1448
20260723|0405|0547|1312|1704|2026|2201|9 Safer 1448
20260724|0406|0548|1312|1704|2026|2200|10 Safer 1448
20260725|0407|0549|1312|1704|2025|2159|11 Safer 1448
20260726|0409|0549|1312|1704|2024|2158|12 Safer 1448
20260727|0410|0550|1312|1703|2023|2156|13 Safer 1448
20260728|0411|0551|1312|1703|2022|2155|14 Safer 1448
20260729|0413|0552|1312|1703|2021|2154|15 Safer 1448
20260730|0414|0553|1312|1703|2020|2153|16 Safer 1448
20260731|0415|0554|1312|1702|2020|2151|17 Safer 1448
20260801|0416|0555|1312|1702|2019|2150|18 Safer 1448
20260802|0418|0555|1311|1702|2018|2148|19 Safer 1448
20260803|0419|0556|1311|1702|2017|2147|20 Safer 1448
20260804|0420|0557|1311|1701|2015|2145|21 Safer 1448
20260805|0422|0558|1311|1701|2014|2144|22 Safer 1448
20260806|0423|0559|1311|1700|2013|2143|23 Safer 1448
20260807|0424|0600|1311|1700|2012|2141|24 Safer 1448
20260808|0426|0601|1311|1700|2011|2139|25 Safer 1448
20260809|0427|0602|1311|1659|2010|2138|26 Safer 1448
20260810|0428|0603|1311|1659|2009|2136|27 Safer 1448
20260811|0430|0603|1310|1658|2008|2135|28 Safer 1448
20260812|0431|0604|1310|1658|2006|2133|29 Safer 1448
20260813|0432|0605|1310|1657|2005|2132|30 Safer 1448
20260814|0434|0606|1310|1657|2004|2130|1 Rebiulevvel 1448
20260815|0435|0607|1310|1656|2003|2128|2 Rebiulevvel 1448
20260816|0436|0608|1310|1656|2001|2127|3 Rebiulevvel 1448
20260817|0438|0609|1309|1655|2000|2125|4 Rebiulevvel 1448
20260818|0439|0610|1309|1655|1959|2123|5 Rebiulevvel 1448
20260819|0440|0611|1309|1654|1957|2122|6 Rebiulevvel 1448
20260820|0441|0611|1309|1653|1956|2120|7 Rebiulevvel 1448
20260821|0443|0612|1308|1653|1955|2118|8 Rebiulevvel 1448
20260822|0444|0613|1308|1652|1953|2116|9 Rebiulevvel 1448
20260823|0445|0614|1308|1651|1952|2115|10 Rebiulevvel 1448
20260824|0446|0615|1308|1651|1950|2113|11 Rebiulevvel 1448
20260825|0448|0616|1307|1650|1949|2111|12 Rebiulevvel 1448
20260826|0449|0617|1307|1649|1947|2110|13 Rebiulevvel 1448
20260827|0450|0618|1307|1648|1946|2108|14 Rebiulevvel 1448
20260828|0451|0619|1307|1648|1945|2106|15 Rebiulevvel 1448
20260829|0452|0619|1306|1647|1943|2104|16 Rebiulevvel 1448
20260830|0454|0620|1306|1646|1942|2103|17 Rebiulevvel 1448
20260831|0455|0621|1306|1645|1940|2101|18 Rebiulevvel 1448
20260901|0456|0622|1305|1644|1939|2059|19 Rebiulevvel 1448
20260902|0457|0623|1305|1644|1937|2057|20 Rebiulevvel 1448
20260903|0458|0624|1305|1643|1936|2055|21 Rebiulevvel 1448
20260904|0459|0625|1304|1642|1934|2054|22 Rebiulevvel 1448
20260905|0501|0626|1304|1641|1932|2052|23 Rebiulevvel 1448
20260906|0502|0627|1304|1640|1931|2050|24 Rebiulevvel 1448
20260907|0503|0627|1303|1639|1929|2048|25 Rebiulevvel 1448
20260908|0504|0628|1303|1638|1928|2047|26 Rebiulevvel 1448
20260909|0505|0629|1303|1637|1926|2045|27 Rebiulevvel 1448
20260910|0506|0630|1302|1636|1925|2043|28 Rebiulevvel 1448
20260911|0507|0631|1302|1635|1923|2041|29 Rebiulevvel 1448
20260912|0508|0632|1302|1634|1922|2040|1 Rebiulahir 1448
20260913|0509|0633|1301|1633|1920|2038|2 Rebiulahir 1448
20260914|0510|0634|1301|1632|1918|2036|3 Rebiulahir 1448
20260915|0511|0634|1301|1631|1917|2034|4 Rebiulahir 1448
20260916|0512|0635|1300|1630|1915|2033|5 Rebiulahir 1448
20260917|0513|0636|1300|1629|1914|2031|6 Rebiulahir 1448
20260918|0515|0637|1259|1628|1912|2029|7 Rebiulahir 1448
20260919|0516|0638|1259|1627|1910|2027|8 Rebiulahir 1448
20260920|0517|0639|1259|1626|1909|2026|9 Rebiulahir 1448
20260921|0518|0640|1258|1625|1907|2024|10 Rebiulahir 1448
20260922|0519|0641|1258|1624|1906|2022|11 Rebiulahir 1448
20260923|0520|0641|1258|1623|1904|2021|12 Rebiulahir 1448
20260924|0521|0642|1257|1622|1902|2019|13 Rebiulahir 1448
20260925|0522|0643|1257|1621|1901|2017|14 Rebiulahir 1448
20260926|0523|0644|1257|1620|1859|2016|15 Rebiulahir 1448
20260927|0524|0645|1256|1619|1858|2014|16 Rebiulahir 1448
20260928|0525|0646|1256|1617|1856|2012|17 Rebiulahir 1448
20260929|0525|0647|1256|1616|1854|2011|18 Rebiulahir 1448
20260930|0526|0648|1255|1615|1853|2009|19 Rebiulahir 1448
20261001|0527|0649|1255|1614|1851|2007|20 Rebiulahir 1448
20261002|0528|0650|1255|1613|1850|2006|21 Rebiulahir 1448
20261003|0529|0650|1254|1612|1848|2004|22 Rebiulahir 1448
20261004|0530|0651|1254|1611|1847|2003|23 Rebiulahir 1448
20261005|0531|0652|1254|1610|1845|2001|24 Rebiulahir 1448
20261006|0532|0653|1253|1609|1844|1959|25 Rebiulahir 1448
20261007|0533|0654|1253|1607|1842|1958|26 Rebiulahir 1448
20261008|0534|0655|1253|1606|1841|1956|27 Rebiulahir 1448
20261009|0535|0656|1253|1605|1839|1955|28 Rebiulahir 1448
20261010|0536|0657|1252|1604|1838|1953|29 Rebiulahir 1448
20261011|0537|0658|1252|1603|1836|1952|30 Rebiulahir 1448
20261012|0538|0659|1252|1602|1835|1951|1 Cemaziyelevvel 1448
20261013|0539|0700|1252|1601|1833|1949|2 Cemaziyelevvel 1448
20261014|0540|0701|1251|1600|1832|1948|3 Cemaziyelevvel 1448
20261015|0541|0702|1251|1559|1830|1946|4 Cemaziyelevvel 1448
20261016|0542|0703|1251|1558|1829|1945|5 Cemaziyelevvel 1448
20261017|0543|0704|1251|1556|1827|1944|6 Cemaziyelevvel 1448
20261018|0544|0705|1250|1555|1826|1942|7 Cemaziyelevvel 1448
20261019|0544|0706|1250|1554|1825|1941|8 Cemaziyelevvel 1448
20261020|0545|0707|1250|1553|1823|1940|9 Cemaziyelevvel 1448
20261021|0546|0708|1250|1552|1822|1938|10 Cemaziyelevvel 1448
20261022|0547|0709|1250|1551|1821|1937|11 Cemaziyelevvel 1448
20261023|0548|0710|1250|1550|1819|1936|12 Cemaziyelevvel 1448
20261024|0549|0711|1249|1549|1818|1935|13 Cemaziyelevvel 1448
20261025|0550|0712|1249|1548|1817|1933|14 Cemaziyelevvel 1448
20261026|0551|0713|1249|1547|1815|1932|15 Cemaziyelevvel 1448
20261027|0552|0714|1249|1546|1814|1931|16 Cemaziyelevvel 1448
20261028|0553|0715|1249|1545|1813|1930|17 Cemaziyelevvel 1448
20261029|0554|0716|1249|1544|1812|1929|18 Cemaziyelevvel 1448
20261030|0555|0717|1249|1543|1810|1928|19 Cemaziyelevvel 1448
20261031|0556|0718|1249|1542|1809|1927|20 Cemaziyelevvel 1448
20261101|0557|0719|1249|1542|1808|1926|21 Cemaziyelevvel 1448
20261102|0558|0720|1249|1541|1807|1925|22 Cemaziyelevvel 1448
20261103|0559|0722|1249|1540|1806|1924|23 Cemaziyelevvel 1448
20261104|0600|0723|1249|1539|1805|1923|24 Cemaziyelevvel 1448
20261105|0601|0724|1249|1538|1804|1922|25 Cemaziyelevvel 1448
20261106|0601|0725|1249|1537|1803|1921|26 Cemaziyelevvel 1448
20261107|0602|0726|1249|1537|1802|1920|27 Cemaziyelevvel 1448
20261108|0603|0727|1249|1536|1801|1919|28 Cemaziyelevvel 1448
20261109|0604|0728|1249|1535|1800|1918|29 Cemaziyelevvel 1448
20261110|0605|0729|1249|1534|1759|1918|1 Cemaziyelahir 1448
20261111|0606|0730|1249|1534|1758|1917|2 Cemaziyelahir 1448
20261112|0607|0731|1249|1533|1757|1916|3 Cemaziyelahir 1448
20261113|0608|0732|1249|1532|1756|1915|4 Cemaziyelahir 1448
20261114|0609|0734|1250|1532|1755|1915|5 Cemaziyelahir 1448
20261115|0610|0735|1250|1531|1755|1914|6 Cemaziyelahir 1448
20261116|0611|0736|1250|1530|1754|1914|7 Cemaziyelahir 1448
20261117|0612|0737|1250|1530|1753|1913|8 Cemaziyelahir 1448
20261118|0613|0738|1250|1529|1753|1912|9 Cemaziyelahir 1448
20261119|0614|0739|1250|1529|1752|1912|10 Cemaziyelahir 1448
20261120|0615|0740|1251|1528|1751|1911|11 Cemaziyelahir 1448
20261121|0616|0741|1251|1528|1751|1911|12 Cemaziyelahir 1448
20261122|0616|0742|1251|1527|1750|1911|13 Cemaziyelahir 1448
20261123|0617|0743|1251|1527|1750|1910|14 Cemaziyelahir 1448
20261124|0618|0744|1252|1527|1749|1910|15 Cemaziyelahir 1448
20261125|0619|0745|1252|1526|1749|1910|16 Cemaziyelahir 1448
20261126|0620|0746|1252|1526|1748|1909|17 Cemaziyelahir 1448
20261127|0621|0747|1253|1526|1748|1909|18 Cemaziyelahir 1448
20261128|0622|0748|1253|1525|1747|1909|19 Cemaziyelahir 1448
20261129|0623|0749|1253|1525|1747|1909|20 Cemaziyelahir 1448
20261130|0624|0750|1254|1525|1747|1908|21 Cemaziyelahir 1448
20261201|0624|0751|1254|1525|1747|1908|22 Cemaziyelahir 1448
20261202|0625|0752|1254|1525|1746|1908|23 Cemaziyelahir 1448
20261203|0626|0753|1255|1525|1746|1908|24 Cemaziyelahir 1448
20261204|0627|0754|1255|1525|1746|1908|25 Cemaziyelahir 1448
20261205|0628|0755|1256|1525|1746|1908|26 Cemaziyelahir 1448
20261206|0628|0756|1256|1525|1746|1908|27 Cemaziyelahir 1448
20261207|0629|0757|1256|1525|1746|1908|28 Cemaziyelahir 1448
20261208|0630|0758|1257|1525|1746|1908|29 Cemaziyelahir 1448
20261209|0631|0759|1257|1525|1746|1908|30 Cemaziyelahir 1448
20261210|0632|0800|1258|1525|1746|1909|1 Recep 1448
20261211|0632|0800|1258|1525|1746|1909|2 Recep 1448
20261212|0633|0801|1259|1525|1746|1909|3 Recep 1448
20261213|0634|0802|1259|1526|1746|1909|4 Recep 1448
20261214|0634|0803|1300|1526|1747|1910|5 Recep 1448
20261215|0635|0803|1300|1526|1747|1910|6 Recep 1448
20261216|0636|0804|1301|1526|1747|1910|7 Recep 1448
20261217|0636|0805|1301|1527|1747|1910|8 Recep 1448
20261218|0637|0805|1301|1527|1748|1911|9 Recep 1448
20261219|0637|0806|1302|1528|1748|1911|10 Recep 1448
20261220|0638|0806|1302|1528|1749|1912|11 Recep 1448
20261221|0638|0807|1303|1528|1749|1912|12 Recep 1448
20261222|0639|0807|1303|1529|1750|1913|13 Recep 1448
20261223|0639|0808|1304|1529|1750|1913|14 Recep 1448
20261224|0640|0808|1304|1530|1751|1914|15 Recep 1448
20261225|0640|0809|1305|1531|1751|1914|16 Recep 1448
20261226|0641|0809|1305|1531|1752|1915|17 Recep 1448
20261227|0641|0810|1306|1532|1752|1915|18 Recep 1448
20261228|0641|0810|1306|1532|1753|1916|19 Recep 1448
20261229|0642|0810|1307|1533|1754|1917|20 Recep 1448
20261230|0642|0810|1307|1534|1754|1917|21 Recep 1448
20261231|0642|0811|1308|1534|1755|1918|22 Recep 1448
20270101|0643|0811|1308|1535|1756|1919|23 Recep 1448
20270102|0643|0811|1309|1536|1757|1920|24 Recep 1448
20270103|0643|0811|1309|1537|1758|1920|25 Recep 1448
20270104|0643|0811|1310|1537|1758|1921|26 Recep 1448
20270105|0643|0811|1310|1538|1759|1922|27 Recep 1448
20270106|0643|0811|1311|1539|1800|1923|28 Recep 1448
20270107|0644|0811|1311|1540|1801|1923|29 Recep 1448
20270108|0644|0811|1312|1541|1802|1924|30 Recep 1448
20270109|0644|0811|1312|1542|1803|1925|1 Şaban 1448
20270110|0644|0811|1312|1543|1804|1926|2 Şaban 1448
20270111|0644|0811|1313|1543|1805|1927|3 Şaban 1448
20270112|0643|0810|1313|1544|1806|1928|4 Şaban 1448
20270113|0643|0810|1314|1545|1807|1929|5 Şaban 1448
20270114|0643|0810|1314|1546|1808|1929|6 Şaban 1448
20270115|0643|0810|1314|1547|1809|1930|7 Şaban 1448
20270116|0643|0809|1315|1548|1810|1931|8 Şaban 1448
20270117|0643|0809|1315|1549|1811|1932|9 Şaban 1448
20270118|0642|0808|1315|1550|1812|1933|10 Şaban 1448
20270119|0642|0808|1316|1551|1813|1934|11 Şaban 1448
20270120|0642|0808|1316|1552|1814|1935|12 Şaban 1448
20270121|0641|0807|1316|1553|1815|1936|13 Şaban 1448
20270122|0641|0806|1317|1554|1817|1937|14 Şaban 1448
20270123|0640|0806|1317|1555|1818|1938|15 Şaban 1448
20270124|0640|0805|1317|1556|1819|1939|16 Şaban 1448
20270125|0640|0805|1317|1557|1820|1940|17 Şaban 1448
20270126|0639|0804|1318|1558|1821|1941|18 Şaban 1448
20270127|0638|0803|1318|1559|1822|1942|19 Şaban 1448
20270128|0638|0803|1318|1600|1823|1943|20 Şaban 1448
20270129|0637|0802|1318|1601|1825|1944|21 Şaban 1448
20270130|0637|0801|1318|1602|1826|1945|22 Şaban 1448
20270131|0636|0800|1318|1602|1827|1946|23 Şaban 1448
20270201|0635|0759|1319|1603|1828|1947|24 Şaban 1448
20270202|0635|0758|1319|1604|1829|1948|25 Şaban 1448
20270203|0634|0758|1319|1605|1830|1949|26 Şaban 1448
20270204|0633|0757|1319|1606|1831|1950|27 Şaban 1448
20270205|0632|0756|1319|1607|1833|1951|28 Şaban 1448
20270206|0631|0755|1319|1608|1834|1952|29 Şaban 1448
20270207|0630|0754|1319|1609|1835|1953|30 Şaban 1448
20270208|0630|0753|1319|1610|1836|1954|1 Ramazan 1448
20270209|0629|0752|1319|1611|1837|1955|2 Ramazan 1448
20270210|0628|0750|1319|1612|1838|1956|3 Ramazan 1448
20270211|0627|0749|1319|1613|1839|1957|4 Ramazan 1448
20270212|0626|0748|1319|1614|1841|1958|5 Ramazan 1448
20270213|0625|0747|1319|1614|1842|1959|6 Ramazan 1448
20270214|0624|0746|1319|1615|1843|2000|7 Ramazan 1448
20270215|0623|0745|1319|1616|1844|2001|8 Ramazan 1448
20270216|0621|0744|1319|1617|1845|2002|9 Ramazan 1448
20270217|0620|0742|1319|1618|1846|2003|10 Ramazan 1448
20270218|0619|0741|1319|1619|1847|2004|11 Ramazan 1448
20270219|0618|0740|1319|1619|1848|2005|12 Ramazan 1448
20270220|0617|0738|1319|1620|1849|2006|13 Ramazan 1448
20270221|0616|0737|1319|1621|1850|2007|14 Ramazan 1448
20270222|0614|0736|1319|1622|1852|2008|15 Ramazan 1448
20270223|0613|0735|1319|1623|1853|2009|16 Ramazan 1448
20270224|0612|0733|1318|1623|1854|2010|17 Ramazan 1448
20270225|0611|0732|1318|1624|1855|2011|18 Ramazan 1448
20270226|0609|0730|1318|1625|1856|2012|19 Ramazan 1448
20270227|0608|0729|1318|1625|1857|2013|20 Ramazan 1448
20270228|0607|0728|1318|1626|1858|2014|21 Ramazan 1448
20270301|0605|0726|1318|1627|1859|2015|22 Ramazan 1448
20270302|0604|0725|1317|1627|1900|2016|23 Ramazan 1448
20270303|0602|0723|1317|1628|1901|2017|24 Ramazan 1448
20270304|0601|0722|1317|1629|1902|2018|25 Ramazan 1448
20270305|0559|0720|1317|1629|1903|2019|26 Ramazan 1448
20270306|0558|0719|1317|1630|1904|2020|27 Ramazan 1448
20270307|0556|0718|1316|1631|1905|2021|28 Ramazan 1448
20270308|0555|0716|1316|1631|1906|2022|29 Ramazan 1448
20270309|0553|0715|1316|1632|1907|2023|1 Şevval 1448
20270310|0552|0713|1316|1632|1908|2024|2 Şevval 1448
20270311|0550|0712|1315|1633|1909|2025|3 Şevval 1448
20270312|0549|0710|1315|1633|1910|2026|4 Şevval 1448
20270313|0547|0708|1315|1634|1911|2027|5 Şevval 1448
20270314|0546|0707|1315|1635|1912|2028|6 Şevval 1448
20270315|0544|0705|1314|1635|1913|2029|7 Şevval 1448
20270316|0542|0704|1314|1636|1914|2030|8 Şevval 1448
20270317|0541|0702|1314|1636|1915|2031|9 Şevval 1448
20270318|0539|0701|1313|1637|1916|2032|10 Şevval 1448
20270319|0538|0659|1313|1637|1917|2033|11 Şevval 1448
20270320|0536|0658|1313|1637|1918|2035|12 Şevval 1448
20270321|0534|0656|1313|1638|1919|2036|13 Şevval 1448
20270322|0533|0655|1312|1638|1920|2037|14 Şevval 1448
20270323|0531|0653|1312|1639|1921|2038|15 Şevval 1448
20270324|0529|0651|1312|1639|1922|2039|16 Şevval 1448
20270325|0527|0650|1311|1640|1923|2040|17 Şevval 1448
20270326|0526|0648|1311|1640|1924|2041|18 Şevval 1448
20270327|0524|0647|1311|1640|1925|2042|19 Şevval 1448
20270328|0522|0645|1310|1641|1926|2043|20 Şevval 1448
20270329|0521|0644|1310|1641|1927|2044|21 Şevval 1448
20270330|0519|0642|1310|1641|1928|2045|22 Şevval 1448
20270331|0517|0641|1310|1642|1929|2047|23 Şevval 1448
20270401|0515|0639|1309|1642|1930|2048|24 Şevval 1448
20270402|0514|0637|1309|1642|1930|2049|25 Şevval 1448
20270403|0512|0636|1309|1643|1931|2050|26 Şevval 1448
20270404|0510|0634|1308|1643|1932|2051|27 Şevval 1448
20270405|0508|0633|1308|1643|1933|2052|28 Şevval 1448
20270406|0507|0631|1308|1644|1934|2053|29 Şevval 1448
20270407|0505|0630|1307|1644|1935|2055|30 Şevval 1448
20270408|0503|0628|1307|1644|1936|2056|1 Zilkade 1448
20270409|0501|0627|1307|1645|1937|2057|2 Zilkade 1448
20270410|0500|0625|1307|1645|1938|2058|3 Zilkade 1448
20270411|0458|0624|1306|1645|1939|2059|4 Zilkade 1448
20270412|0456|0622|1306|1645|1940|2101|5 Zilkade 1448
20270413|0454|0621|1306|1646|1941|2102|6 Zilkade 1448
20270414|0453|0619|1306|1646|1942|2103|7 Zilkade 1448
20270415|0451|0618|1305|1646|1943|2104|8 Zilkade 1448
20270416|0449|0617|1305|1646|1944|2105|9 Zilkade 1448
20270417|0447|0615|1305|1647|1945|2107|10 Zilkade 1448
20270418|0446|0614|1305|1647|1946|2108|11 Zilkade 1448
20270419|0444|0612|1304|1647|1947|2109|12 Zilkade 1448
20270420|0442|0611|1304|1647|1948|2110|13 Zilkade 1448
20270421|0440|0610|1304|1648|1949|2112|14 Zilkade 1448
20270422|0439|0608|1304|1648|1949|2113|15 Zilkade 1448
20270423|0437|0607|1304|1648|1950|2114|16 Zilkade 1448
20270424|0435|0606|1303|1648|1951|2116|17 Zilkade 1448
20270425|0433|0604|1303|1649|1952|2117|18 Zilkade 1448
20270426|0432|0603|1303|1649|1953|2118|19 Zilkade 1448
20270427|0430|0602|1303|1649|1954|2120|20 Zilkade 1448
20270428|0428|0600|1303|1649|1955|2121|21 Zilkade 1448
20270429|0427|0559|1303|1649|1956|2122|22 Zilkade 1448
20270430|0425|0558|1302|1650|1957|2124|23 Zilkade 1448
20270501|0424|0557|1302|1650|1958|2125|24 Zilkade 1448
20270502|0422|0555|1302|1650|1959|2126|25 Zilkade 1448
20270503|0420|0554|1302|1650|2000|2128|26 Zilkade 1448
20270504|0419|0553|1302|1650|2001|2129|27 Zilkade 1448
20270505|0417|0552|1302|1651|2002|2130|28 Zilkade 1448
20270506|0416|0551|1302|1651|2003|2132|29 Zilkade 1448
20270507|0414|0550|1302|1651|2004|2133|1 Zilhicce 1448
20270508|0413|0549|1302|1651|2005|2134|2 Zilhicce 1448
20270509|0411|0548|1302|1651|2006|2136|3 Zilhicce 1448
20270510|0410|0547|1302|1652|2007|2137|4 Zilhicce 1448
20270511|0408|0546|1302|1652|2007|2138|5 Zilhicce 1448
20270512|0407|0545|1302|1652|2008|2140|6 Zilhicce 1448
20270513|0405|0544|1302|1652|2009|2141|7 Zilhicce 1448
20270514|0404|0543|1302|1653|2010|2142|8 Zilhicce 1448
20270515|0403|0542|1302|1653|2011|2144|9 Zilhicce 1448
20270516|0401|0541|1302|1653|2012|2145|10 Zilhicce 1448
20270517|0400|0540|1302|1653|2013|2146|11 Zilhicce 1448
20270518|0359|0539|1302|1653|2014|2147|12 Zilhicce 1448
20270519|0357|0539|1302|1654|2015|2149|13 Zilhicce 1448
20270520|0356|0538|1302|1654|2016|2150|14 Zilhicce 1448
20270521|0355|0537|1302|1654|2016|2151|15 Zilhicce 1448
20270522|0354|0536|1302|1654|2017|2153|16 Zilhicce 1448
20270523|0353|0536|1302|1655|2018|2154|17 Zilhicce 1448
20270524|0352|0535|1302|1655|2019|2155|18 Zilhicce 1448
20270525|0350|0534|1302|1655|2020|2156|19 Zilhicce 1448
20270526|0349|0534|1302|1655|2020|2157|20 Zilhicce 1448
20270527|0348|0533|1302|1655|2021|2159|21 Zilhicce 1448
20270528|0348|0533|1302|1656|2022|2200|22 Zilhicce 1448
20270529|0347|0532|1302|1656|2023|2201|23 Zilhicce 1448
20270530|0346|0532|1303|1656|2024|2202|24 Zilhicce 1448
20270531|0345|0531|1303|1656|2024|2203|25 Zilhicce 1448
20270601|0344|0531|1303|1657|2025|2204|26 Zilhicce 1448
20270602|0343|0531|1303|1657|2026|2205|27 Zilhicce 1448
20270603|0343|0530|1303|1657|2026|2206|28 Zilhicce 1448
20270604|0342|0530|1303|1657|2027|2207|29 Zilhicce 1448
20270605|0341|0530|1304|1658|2028|2208|30 Zilhicce 1448
20270606|0341|0529|1304|1658|2028|2209|1 Muharrem 1449
20270607|0340|0529|1304|1658|2029|2210|2 Muharrem 1449
20270608|0340|0529|1304|1658|2029|2210|3 Muharrem 1449
20270609|0339|0529|1304|1659|2030|2211|4 Muharrem 1449
20270610|0339|0529|1304|1659|2031|2212|5 Muharrem 1449
20270611|0339|0528|1305|1659|2031|2213|6 Muharrem 1449
20270612|0338|0528|1305|1659|2032|2213|7 Muharrem 1449
20270613|0338|0528|1305|1700|2032|2214|8 Muharrem 1449
20270614|0338|0528|1305|1700|2032|2215|9 Muharrem 1449
20270615|0338|0528|1306|1700|2033|2215|10 Muharrem 1449
20270616|0338|0528|1306|1700|2033|2216|11 Muharrem 1449
20270617|0338|0528|1306|1701|2034|2216|12 Muharrem 1449
20270618|0338|0528|1306|1701|2034|2216|13 Muharrem 1449
20270619|0338|0529|1306|1701|2034|2217|14 Muharrem 1449
20270620|0338|0529|1307|1701|2034|2217|15 Muharrem 1449
20270621|0338|0529|1307|1701|2035|2217|16 Muharrem 1449
20270622|0338|0529|1307|1702|2035|2218|17 Muharrem 1449
20270623|0339|0529|1307|1702|2035|2218|18 Muharrem 1449
20270624|0339|0530|1307|1702|2035|2218|19 Muharrem 1449
20270625|0339|0530|1308|1702|2035|2218|20 Muharrem 1449
20270626|0340|0530|1308|1703|2036|2218|21 Muharrem 1449
20270627|0340|0531|1308|1703|2036|2218|22 Muharrem 1449
20270628|0341|0531|1308|1703|2036|2218|23 Muharrem 1449
20270629|0341|0531|1309|1703|2036|2218|24 Muharrem 1449
20270630|0342|0532|1309|1703|2036|2218|25 Muharrem 1449
20270701|0342|0532|1309|1703|2036|2217|26 Muharrem 1449
20270702|0343|0533|1309|1704|2036|2217|27 Muharrem 1449
20270703|0344|0533|1309|1704|2035|2217|28 Muharrem 1449
20270704|0344|0534|1309|1704|2035|2216|29 Muharrem 1449
20270705|0345|0534|1310|1704|2035|2216|1 Safer 1449
20270706|0346|0535|1310|1704|2035|2216|2 Safer 1449
20270707|0347|0535|1310|1704|2035|2215|3 Safer 1449
20270708|0348|0536|1310|1704|2034|2215|4 Safer 1449
20270709|0349|0537|1310|1704|2034|2214|5 Safer 1449
20270710|0350|0537|1310|1704|2034|2213|6 Safer 1449
20270711|0351|0538|1311|1704|2033|2213|7 Safer 1449
20270712|0352|0539|1311|1705|2033|2212|8 Safer 1449
20270713|0353|0539|1311|1705|2033|2211|9 Safer 1449
20270714|0354|0540|1311|1705|2032|2210|10 Safer 1449
20270715|0355|0541|1311|1705|2032|2210|11 Safer 1449
20270716|0356|0541|1311|1705|2031|2209|12 Safer 1449
20270717|0357|0542|1311|1705|2030|2208|13 Safer 1449
20270718|0358|0543|1311|1704|2030|2207|14 Safer 1449
20270719|0400|0544|1311|1704|2029|2206|15 Safer 1449
20270720|0401|0544|1312|1704|2029|2205|16 Safer 1449
20270721|0402|0545|1312|1704|2028|2204|17 Safer 1449
20270722|0403|0546|1312|1704|2027|2203|18 Safer 1449
20270723|0404|0547|1312|1704|2027|2202|19 Safer 1449
20270724|0406|0548|1312|1704|2026|2200|20 Safer 1449
20270725|0407|0548|1312|1704|2025|2159|21 Safer 1449
20270726|0408|0549|1312|1704|2024|2158|22 Safer 1449
20270727|0410|0550|1312|1703|2023|2157|23 Safer 1449
20270728|0411|0551|1312|1703|2022|2155|24 Safer 1449
20270729|0412|0552|1312|1703|2022|2154|25 Safer 1449
20270730|0414|0553|1312|1703|2021|2153|26 Safer 1449
20270731|0415|0554|1312|1702|2020|2151|27 Safer 1449
20270801|0416|0554|1312|1702|2019|2150|28 Safer 1449
20270802|0418|0555|1312|1702|2018|2149|29 Safer 1449
20270803|0419|0556|1311|1702|2017|2147|1 Rebiulevvel 1449
20270804|0420|0557|1311|1701|2016|2146|2 Rebiulevvel 1449
20270805|0421|0558|1311|1701|2015|2144|3 Rebiulevvel 1449
20270806|0423|0559|1311|1701|2014|2143|4 Rebiulevvel 1449
20270807|0424|0600|1311|1700|2012|2141|5 Rebiulevvel 1449
20270808|0425|0601|1311|1700|2011|2140|6 Rebiulevvel 1449
20270809|0427|0601|1311|1659|2010|2138|7 Rebiulevvel 1449
20270810|0428|0602|1311|1659|2009|2137|8 Rebiulevvel 1449
20270811|0429|0603|1311|1658|2008|2135|9 Rebiulevvel 1449
20270812|0431|0604|1310|1658|2007|2134|10 Rebiulevvel 1449
20270813|0432|0605|1310|1657|2005|2132|11 Rebiulevvel 1449
20270814|0433|0606|1310|1657|2004|2130|12 Rebiulevvel 1449
20270815|0435|0607|1310|1656|2003|2129|13 Rebiulevvel 1449
20270816|0436|0608|1310|1656|2002|2127|14 Rebiulevvel 1449
20270817|0437|0609|1309|1655|2000|2125|15 Rebiulevvel 1449
20270818|0439|0609|1309|1655|1959|2124|16 Rebiulevvel 1449
20270819|0440|0610|1309|1654|1958|2122|17 Rebiulevvel 1449
20270820|0441|0611|1309|1653|1956|2120|18 Rebiulevvel 1449
20270821|0442|0612|1308|1653|1955|2119|19 Rebiulevvel 1449
20270822|0444|0613|1308|1652|1953|2117|20 Rebiulevvel 1449
20270823|0445|0614|1308|1651|1952|2115|21 Rebiulevvel 1449
20270824|0446|0615|1308|1651|1951|2113|22 Rebiulevvel 1449
20270825|0447|0616|1307|1650|1949|2112|23 Rebiulevvel 1449
20270826|0449|0617|1307|1649|1948|2110|24 Rebiulevvel 1449
20270827|0450|0618|1307|1649|1946|2108|25 Rebiulevvel 1449
20270828|0451|0618|1307|1648|1945|2106|26 Rebiulevvel 1449
20270829|0452|0619|1306|1647|1943|2105|27 Rebiulevvel 1449
20270830|0453|0620|1306|1646|1942|2103|28 Rebiulevvel 1449
20270831|0454|0621|1306|1645|1940|2101|29 Rebiulevvel 1449
20270901|0456|0622|1305|1645|1939|2059|30 Rebiulevvel 1449
20270902|0457|0623|1305|1644|1937|2058|1 Rebiulahir 1449
20270903|0458|0624|1305|1643|1936|2056|2 Rebiulahir 1449
20270904|0459|0625|1304|1642|1934|2054|3 Rebiulahir 1449
20270905|0500|0625|1304|1641|1933|2052|4 Rebiulahir 1449
20270906|0501|0626|1304|1640|1931|2051|5 Rebiulahir 1449
20270907|0502|0627|1303|1639|1930|2049|6 Rebiulahir 1449
20270908|0504|0628|1303|1638|1928|2047|7 Rebiulahir 1449
20270909|0505|0629|1303|1637|1927|2045|8 Rebiulahir 1449
20270910|0506|0630|1302|1636|1925|2044|9 Rebiulahir 1449
20270911|0507|0631|1302|1636|1923|2042|10 Rebiulahir 1449
20270912|0508|0632|1302|1635|1922|2040|11 Rebiulahir 1449
20270913|0509|0632|1301|1634|1920|2038|12 Rebiulahir 1449
20270914|0510|0633|1301|1633|1919|2036|13 Rebiulahir 1449
20270915|0511|0634|1301|1632|1917|2035|14 Rebiulahir 1449
20270916|0512|0635|1300|1631|1916|2033|15 Rebiulahir 1449
20270917|0513|0636|1300|1630|1914|2031|16 Rebiulahir 1449
20270918|0514|0637|1300|1628|1912|2030|17 Rebiulahir 1449
20270919|0515|0638|1259|1627|1911|2028|18 Rebiulahir 1449
20270920|0516|0639|1259|1626|1909|2026|19 Rebiulahir 1449
20270921|0517|0639|1258|1625|1908|2024|20 Rebiulahir 1449
20270922|0518|0640|1258|1624|1906|2023|21 Rebiulahir 1449
20270923|0519|0641|1258|1623|1904|2021|22 Rebiulahir 1449
20270924|0520|0642|1257|1622|1903|2019|23 Rebiulahir 1449
20270925|0521|0643|1257|1621|1901|2018|24 Rebiulahir 1449
20270926|0522|0644|1257|1620|1900|2016|25 Rebiulahir 1449
20270927|0523|0645|1256|1619|1858|2014|26 Rebiulahir 1449
20270928|0524|0646|1256|1618|1856|2013|27 Rebiulahir 1449
20270929|0525|0647|1256|1617|1855|2011|28 Rebiulahir 1449
20270930|0526|0648|1255|1616|1853|2009|29 Rebiulahir 1449
20271001|0527|0648|1255|1614|1852|2008|1 Cemaziyelevvel 1449
20271002|0528|0649|1255|1613|1850|2006|2 Cemaziyelevvel 1449
20271003|0529|0650|1254|1612|1849|2005|3 Cemaziyelevvel 1449
20271004|0530|0651|1254|1611|1847|2003|4 Cemaziyelevvel 1449
20271005|0531|0652|1254|1610|1845|2001|5 Cemaziyelevvel 1449
20271006|0532|0653|1253|1609|1844|2000|6 Cemaziyelevvel 1449
20271007|0533|0654|1253|1608|1842|1958|7 Cemaziyelevvel 1449
20271008|0534|0655|1253|1607|1841|1957|8 Cemaziyelevvel 1449
20271009|0535|0656|1253|1606|1839|1955|9 Cemaziyelevvel 1449
20271010|0536|0657|1252|1604|1838|1954|10 Cemaziyelevvel 1449
20271011|0537|0658|1252|1603|1836|1952|11 Cemaziyelevvel 1449
20271012|0538|0659|1252|1602|1835|1951|12 Cemaziyelevvel 1449
20271013|0539|0700|1252|1601|1833|1949|13 Cemaziyelevvel 1449
20271014|0540|0701|1251|1600|1832|1948|14 Cemaziyelevvel 1449
20271015|0540|0702|1251|1559|1831|1947|15 Cemaziyelevvel 1449
20271016|0541|0703|1251|1558|1829|1945|16 Cemaziyelevvel 1449
20271017|0542|0704|1251|1557|1828|1944|17 Cemaziyelevvel 1449
20271018|0543|0705|1250|1556|1826|1943|18 Cemaziyelevvel 1449
20271019|0544|0706|1250|1555|1825|1941|19 Cemaziyelevvel 1449
20271020|0545|0707|1250|1554|1824|1940|20 Cemaziyelevvel 1449
20271021|0546|0708|1250|1553|1822|1939|21 Cemaziyelevvel 1449
20271022|0547|0709|1250|1551|1821|1937|22 Cemaziyelevvel 1449
20271023|0548|0710|1250|1550|1819|1936|23 Cemaziyelevvel 1449
20271024|0549|0711|1249|1549|1818|1935|24 Cemaziyelevvel 1449
20271025|0550|0712|1249|1548|1817|1934|25 Cemaziyelevvel 1449
20271026|0551|0713|1249|1547|1816|1932|26 Cemaziyelevvel 1449
20271027|0552|0714|1249|1546|1814|1931|27 Cemaziyelevvel 1449
20271028|0553|0715|1249|1545|1813|1930|28 Cemaziyelevvel 1449
20271029|0554|0716|1249|1545|1812|1929|29 Cemaziyelevvel 1449
20271030|0555|0717|1249|1544|1811|1928|30 Cemaziyelevvel 1449
20271031|0556|0718|1249|1543|1810|1927|1 Cemaziyelahir 1449
20271101|0557|0719|1249|1542|1808|1926|2 Cemaziyelahir 1449
20271102|0557|0720|1249|1541|1807|1925|3 Cemaziyelahir 1449
20271103|0558|0721|1249|1540|1806|1924|4 Cemaziyelahir 1449
20271104|0559|0722|1249|1539|1805|1923|5 Cemaziyelahir 1449
20271105|0600|0723|1249|1538|1804|1922|6 Cemaziyelahir 1449
20271106|0601|0725|1249|1537|1803|1921|7 Cemaziyelahir 1449
20271107|0602|0726|1249|1537|1802|1920|8 Cemaziyelahir 1449
20271108|0603|0727|1249|1536|1801|1919|9 Cemaziyelahir 1449
20271109|0604|0728|1249|1535|1800|1919|10 Cemaziyelahir 1449
20271110|0605|0729|1249|1534|1759|1918|11 Cemaziyelahir 1449
20271111|0606|0730|1249|1534|1758|1917|12 Cemaziyelahir 1449
20271112|0607|0731|1249|1533|1757|1916|13 Cemaziyelahir 1449
20271113|0608|0732|1249|1532|1756|1916|14 Cemaziyelahir 1449
20271114|0609|0733|1249|1532|1756|1915|15 Cemaziyelahir 1449
20271115|0610|0734|1250|1531|1755|1914|16 Cemaziyelahir 1449
20271116|0611|0736|1250|1531|1754|1914|17 Cemaziyelahir 1449
20271117|0612|0737|1250|1530|1753|1913|18 Cemaziyelahir 1449
20271118|0613|0738|1250|1529|1753|1913|19 Cemaziyelahir 1449
20271119|0613|0739|1250|1529|1752|1912|20 Cemaziyelahir 1449
20271120|0614|0740|1251|1528|1751|1912|21 Cemaziyelahir 1449
20271121|0615|0741|1251|1528|1751|1911|22 Cemaziyelahir 1449
20271122|0616|0742|1251|1528|1750|1911|23 Cemaziyelahir 1449
20271123|0617|0743|1251|1527|1750|1910|24 Cemaziyelahir 1449
20271124|0618|0744|1252|1527|1749|1910|25 Cemaziyelahir 1449
20271125|0619|0745|1252|1526|1749|1910|26 Cemaziyelahir 1449
20271126|0620|0746|1252|1526|1748|1909|27 Cemaziyelahir 1449
20271127|0621|0747|1253|1526|1748|1909|28 Cemaziyelahir 1449
20271128|0622|0748|1253|1526|1747|1909|29 Cemaziyelahir 1449
20271129|0622|0749|1253|1525|1747|1909|1 Recep 1449
20271130|0623|0750|1254|1525|1747|1908|2 Recep 1449
20271201|0624|0751|1254|1525|1747|1908|3 Recep 1449
20271202|0625|0752|1254|1525|1746|1908|4 Recep 1449
20271203|0626|0753|1255|1525|1746|1908|5 Recep 1449
20271204|0627|0754|1255|1525|1746|1908|6 Recep 1449
20271205|0628|0755|1255|1525|1746|1908|7 Recep 1449
20271206|0628|0756|1256|1525|1746|1908|8 Recep 1449
20271207|0629|0757|1256|1525|1746|1908|9 Recep 1449
20271208|0630|0758|1257|1525|1746|1908|10 Recep 1449
20271209|0631|0759|1257|1525|1746|1908|11 Recep 1449
20271210|0631|0759|1258|1525|1746|1909|12 Recep 1449
20271211|0632|0800|1258|1525|1746|1909|13 Recep 1449
20271212|0633|0801|1259|1525|1746|1909|14 Recep 1449
20271213|0633|0802|1259|1526|1746|1909|15 Recep 1449
20271214|0634|0802|1259|1526|1746|1909|16 Recep 1449
20271215|0635|0803|1300|1526|1747|1910|17 Recep 1449
20271216|0635|0804|1300|1526|1747|1910|18 Recep 1449
20271217|0636|0804|1301|1527|1747|1910|19 Recep 1449
20271218|0637|0805|1301|1527|1748|1911|20 Recep 1449
20271219|0637|0806|1302|1527|1748|1911|21 Recep 1449
20271220|0638|0806|1302|1528|1748|1912|22 Recep 1449
20271221|0638|0807|1303|1528|1749|1912|23 Recep 1449
20271222|0639|0807|1303|1529|1749|1913|24 Recep 1449
20271223|0639|0808|1304|1529|1750|1913|25 Recep 1449
20271224|0640|0808|1304|1530|1750|1914|26 Recep 1449
20271225|0640|0809|1305|1530|1751|1914|27 Recep 1449
20271226|0641|0809|1305|1531|1752|1915|28 Recep 1449
20271227|0641|0809|1306|1532|1752|1915|29 Recep 1449
20271228|0641|0810|1306|1532|1753|1916|30 Recep 1449
20271229|0642|0810|1307|1533|1754|1917|1 Şaban 1449
20271230|0642|0810|1307|1534|1754|1917|2 Şaban 1449
20271231|0642|0811|1308|1534|1755|1918|3 Şaban 1449
#@9178|İhsaniye|AFYONKARAHISAR|730
20260101|0642|0810|1307|1532|1753|1917|12 Recep 1447
20260102|0642|0810|1307|1533|1754|1917|13 Recep 1447
20260103|0642|0811|1308|1534|1755|1918|14 Recep 1447
20260104|0642|0811|1308|1535|1756|1919|15 Recep 1447
20260105|0642|0811|1309|1535|1756|1920|16 Recep 1447
20260106|0642|0811|1309|1536|1757|1920|17 Recep 1447
20260107|0642|0811|1309|1537|1758|1921|18 Recep 1447
20260108|0642|0811|1310|1538|1759|1922|19 Recep 1447
20260109|0642|0810|1310|1539|1800|1923|20 Recep 1447
20260110|0642|0810|1311|1540|1801|1924|21 Recep 1447
20260111|0642|0810|1311|1541|1802|1925|22 Recep 1447
20260112|0642|0810|1311|1542|1803|1925|23 Recep 1447
20260113|0642|0810|1312|1542|1804|1926|24 Recep 1447
20260114|0642|0809|1312|1543|1805|1927|25 Recep 1447
20260115|0642|0809|1313|1544|1806|1928|26 Recep 1447
20260116|0641|0809|1313|1545|1807|1929|27 Recep 1447
20260117|0641|0808|1313|1546|1808|1930|28 Recep 1447
20260118|0641|0808|1314|1547|1810|1931|29 Recep 1447
20260119|0641|0807|1314|1548|1811|1932|30 Recep 1447
20260120|0640|0807|1314|1549|1812|1933|1 Şaban 1447
20260121|0640|0806|1315|1550|1813|1934|2 Şaban 1447
20260122|0639|0806|1315|1551|1814|1935|3 Şaban 1447
20260123|0639|0805|1315|1552|1815|1936|4 Şaban 1447
20260124|0639|0804|1315|1553|1816|1937|5 Şaban 1447
20260125|0638|0804|1316|1554|1817|1938|6 Şaban 1447
20260126|0637|0803|1316|1555|1819|1939|7 Şaban 1447
20260127|0637|0802|1316|1556|1820|1940|8 Şaban 1447
20260128|0636|0802|1316|1557|1821|1941|9 Şaban 1447
20260129|0636|0801|1316|1558|1822|1942|10 Şaban 1447
20260130|0635|0800|1317|1559|1823|1943|11 Şaban 1447
20260131|0634|0759|1317|1600|1824|1944|12 Şaban 1447
20260201|0634|0758|1317|1601|1826|1945|13 Şaban 1447
20260202|0633|0757|1317|1602|1827|1946|14 Şaban 1447
20260203|0632|0756|1317|1603|1828|1947|15 Şaban 1447
20260204|0631|0755|1317|1604|1829|1948|16 Şaban 1447
20260205|0630|0754|1317|1605|1830|1949|17 Şaban 1447
20260206|0630|0753|1317|1606|1831|1950|18 Şaban 1447
20260207|0629|0752|1317|1607|1833|1951|19 Şaban 1447
20260208|0628|0751|1317|1608|1834|1952|20 Şaban 1447
20260209|0627|0750|1318|1608|1835|1953|21 Şaban 1447
20260210|0626|0749|1318|1609|1836|1954|22 Şaban 1447
20260211|0625|0748|1318|1610|1837|1955|23 Şaban 1447
20260212|0624|0747|1318|1611|1838|1956|24 Şaban 1447
20260213|0623|0746|1318|1612|1839|1957|25 Şaban 1447
20260214|0622|0744|1318|1613|1841|1958|26 Şaban 1447
20260215|0621|0743|1317|1614|1842|1959|27 Şaban 1447
20260216|0619|0742|1317|1615|1843|2000|28 Şaban 1447
20260217|0618|0741|1317|1615|1844|2001|29 Şaban 1447
20260218|0617|0740|1317|1616|1845|2002|30 Şaban 1447
20260219|0616|0738|1317|1617|1846|2003|1 Ramazan 1447
20260220|0615|0737|1317|1618|1847|2004|2 Ramazan 1447
20260221|0613|0736|1317|1619|1848|2005|3 Ramazan 1447
20260222|0612|0734|1317|1619|1850|2006|4 Ramazan 1447
20260223|0611|0733|1317|1620|1851|2007|5 Ramazan 1447
20260224|0610|0732|1317|1621|1852|2008|6 Ramazan 1447
20260225|0608|0730|1316|1622|1853|2009|7 Ramazan 1447
20260226|0607|0729|1316|1623|1854|2011|8 Ramazan 1447
20260227|0606|0727|1316|1623|1855|2012|9 Ramazan 1447
20260228|0604|0726|1316|1624|1856|2013|10 Ramazan 1447
20260301|0603|0724|1316|1625|1857|2014|11 Ramazan 1447
20260302|0601|0723|1316|1625|1858|2015|12 Ramazan 1447
20260303|0600|0722|1315|1626|1859|2016|13 Ramazan 1447
20260304|0558|0720|1315|1627|1900|2017|14 Ramazan 1447
20260305|0557|0719|1315|1627|1901|2018|15 Ramazan 1447
20260306|0555|0717|1315|1628|1902|2019|16 Ramazan 1447
20260307|0554|0716|1314|1629|1903|2020|17 Ramazan 1447
20260308|0552|0714|1314|1629|1904|2021|18 Ramazan 1447
20260309|0551|0713|1314|1630|1905|2022|19 Ramazan 1447
20260310|0549|0711|1314|1630|1906|2023|20 Ramazan 1447
20260311|0548|0710|1313|1631|1907|2024|21 Ramazan 1447
20260312|0546|0708|1313|1632|1908|2025|22 Ramazan 1447
20260313|0545|0706|1313|1632|1910|2026|23 Ramazan 1447
20260314|0543|0705|1313|1633|1911|2027|24 Ramazan 1447
20260315|0541|0703|1312|1633|1912|2028|25 Ramazan 1447
20260316|0540|0702|1312|1634|1913|2029|26 Ramazan 1447
20260317|0538|0700|1312|1634|1914|2030|27 Ramazan 1447
20260318|0536|0659|1312|1635|1915|2031|28 Ramazan 1447
20260319|0535|0657|1311|1635|1915|2032|29 Ramazan 1447
20260320|0533|0655|1311|1636|1916|2034|1 Şevval 1447
20260321|0531|0654|1311|1636|1917|2035|2 Şevval 1447
20260322|0530|0652|1310|1636|1918|2036|3 Şevval 1447
20260323|0528|0651|1310|1637|1919|2037|4 Şevval 1447
20260324|0526|0649|1310|1637|1920|2038|5 Şevval 1447
20260325|0525|0648|1309|1638|1921|2039|6 Şevval 1447
20260326|0523|0646|1309|1638|1922|2040|7 Şevval 1447
20260327|0521|0644|1309|1639|1923|2041|8 Şevval 1447
20260328|0519|0643|1309|1639|1924|2042|9 Şevval 1447
20260329|0518|0641|1308|1639|1925|2044|10 Şevval 1447
20260330|0516|0640|1308|1640|1926|2045|11 Şevval 1447
20260331|0514|0638|1308|1640|1927|2046|12 Şevval 1447
20260401|0512|0637|1307|1640|1928|2047|13 Şevval 1447
20260402|0510|0635|1307|1641|1929|2048|14 Şevval 1447
20260403|0509|0633|1307|1641|1930|2049|15 Şevval 1447
20260404|0507|0632|1306|1642|1931|2050|16 Şevval 1447
20260405|0505|0630|1306|1642|1932|2052|17 Şevval 1447
20260406|0503|0629|1306|1642|1933|2053|18 Şevval 1447
20260407|0502|0627|1306|1642|1934|2054|19 Şevval 1447
20260408|0500|0626|1305|1643|1935|2055|20 Şevval 1447
20260409|0458|0624|1305|1643|1936|2056|21 Şevval 1447
20260410|0456|0623|1305|1643|1937|2058|22 Şevval 1447
20260411|0454|0621|1305|1644|1938|2059|23 Şevval 1447
20260412|0453|0620|1304|1644|1939|2100|24 Şevval 1447
20260413|0451|0618|1304|1644|1940|2101|25 Şevval 1447
20260414|0449|0617|1304|1644|1941|2103|26 Şevval 1447
20260415|0447|0615|1304|1645|1942|2104|27 Şevval 1447
20260416|0445|0614|1303|1645|1943|2105|28 Şevval 1447
20260417|0444|0612|1303|1645|1944|2106|29 Şevval 1447
20260418|0442|0611|1303|1646|1945|2108|1 Zilkade 1447
20260419|0440|0610|1303|1646|1946|2109|2 Zilkade 1447
20260420|0438|0608|1302|1646|1947|2110|3 Zilkade 1447
20260421|0437|0607|1302|1646|1948|2112|4 Zilkade 1447
20260422|0435|0605|1302|1647|1949|2113|5 Zilkade 1447
20260423|0433|0604|1302|1647|1950|2114|6 Zilkade 1447
20260424|0431|0603|1302|1647|1951|2116|7 Zilkade 1447
20260425|0430|0601|1301|1647|1952|2117|8 Zilkade 1447
20260426|0428|0600|1301|1647|1952|2118|9 Zilkade 1447
20260427|0426|0559|1301|1648|1953|2120|10 Zilkade 1447
20260428|0425|0557|1301|1648|1954|2121|11 Zilkade 1447
20260429|0423|0556|1301|1648|1955|2122|12 Zilkade 1447
20260430|0421|0555|1301|1648|1956|2124|13 Zilkade 1447
20260501|0420|0554|1301|1649|1957|2125|14 Zilkade 1447
20260502|0418|0553|1300|1649|1958|2126|15 Zilkade 1447
20260503|0416|0551|1300|1649|1959|2128|16 Zilkade 1447
20260504|0415|0550|1300|1649|2000|2129|17 Zilkade 1447
20260505|0413|0549|1300|1649|2001|2131|18 Zilkade 1447
20260506|0411|0548|1300|1650|2002|2132|19 Zilkade 1447
20260507|0410|0547|1300|1650|2003|2133|20 Zilkade 1447
20260508|0408|0546|1300|1650|2004|2135|21 Zilkade 1447
20260509|0407|0545|1300|1650|2005|2136|22 Zilkade 1447
20260510|0405|0544|1300|1651|2006|2137|23 Zilkade 1447
20260511|0404|0543|1300|1651|2007|2139|24 Zilkade 1447
20260512|0402|0542|1300|1651|2008|2140|25 Zilkade 1447
20260513|0401|0541|1300|1651|2009|2142|26 Zilkade 1447
20260514|0400|0540|1300|1652|2010|2143|27 Zilkade 1447
20260515|0358|0539|1300|1652|2011|2144|28 Zilkade 1447
20260516|0357|0538|1300|1652|2012|2146|29 Zilkade 1447
20260517|0355|0537|1300|1652|2012|2147|30 Zilkade 1447
20260518|0354|0536|1300|1652|2013|2148|1 Zilhicce 1447
20260519|0353|0535|1300|1653|2014|2150|2 Zilhicce 1447
20260520|0352|0535|1300|1653|2015|2151|3 Zilhicce 1447
20260521|0350|0534|1300|1653|2016|2152|4 Zilhicce 1447
20260522|0349|0533|1300|1653|2017|2153|5 Zilhicce 1447
20260523|0348|0533|1300|1654|2018|2155|6 Zilhicce 1447
20260524|0347|0532|1300|1654|2018|2156|7 Zilhicce 1447
20260525|0346|0531|1300|1654|2019|2157|8 Zilhicce 1447
20260526|0345|0531|1300|1654|2020|2158|9 Zilhicce 1447
20260527|0344|0530|1300|1655|2021|2159|10 Zilhicce 1447
20260528|0343|0530|1301|1655|2022|2201|11 Zilhicce 1447
20260529|0342|0529|1301|1655|2022|2202|12 Zilhicce 1447
20260530|0341|0529|1301|1655|2023|2203|13 Zilhicce 1447
20260531|0340|0528|1301|1656|2024|2204|14 Zilhicce 1447
20260601|0339|0528|1301|1656|2025|2205|15 Zilhicce 1447
20260602|0339|0527|1301|1656|2025|2206|16 Zilhicce 1447
20260603|0338|0527|1301|1656|2026|2207|17 Zilhicce 1447
20260604|0337|0527|1302|1657|2027|2208|18 Zilhicce 1447
20260605|0337|0526|1302|1657|2027|2209|19 Zilhicce 1447
20260606|0336|0526|1302|1657|2028|2210|20 Zilhicce 1447
20260607|0335|0526|1302|1657|2029|2211|21 Zilhicce 1447
20260608|0335|0526|1302|1658|2029|2212|22 Zilhicce 1447
20260609|0335|0525|1303|1658|2030|2212|23 Zilhicce 1447
20260610|0334|0525|1303|1658|2030|2213|24 Zilhicce 1447
20260611|0334|0525|1303|1658|2031|2214|25 Zilhicce 1447
20260612|0334|0525|1303|1659|2031|2214|26 Zilhicce 1447
20260613|0333|0525|1303|1659|2032|2215|27 Zilhicce 1447
20260614|0333|0525|1304|1659|2032|2216|28 Zilhicce 1447
20260615|0333|0525|1304|1659|2033|2216|29 Zilhicce 1447
20260616|0333|0525|1304|1700|2033|2217|1 Muharrem 1448
20260617|0333|0525|1304|1700|2033|2217|2 Muharrem 1448
20260618|0333|0525|1304|1700|2034|2218|3 Muharrem 1448
20260619|0333|0525|1305|1700|2034|2218|4 Muharrem 1448
20260620|0333|0526|1305|1700|2034|2218|5 Muharrem 1448
20260621|0333|0526|1305|1701|2034|2219|6 Muharrem 1448
20260622|0333|0526|1305|1701|2035|2219|7 Muharrem 1448
20260623|0334|0526|1306|1701|2035|2219|8 Muharrem 1448
20260624|0334|0527|1306|1701|2035|2219|9 Muharrem 1448
20260625|0334|0527|1306|1702|2035|2219|10 Muharrem 1448
20260626|0335|0527|1306|1702|2035|2219|11 Muharrem 1448
20260627|0335|0528|1306|1702|2035|2219|12 Muharrem 1448
20260628|0336|0528|1307|1702|2035|2219|13 Muharrem 1448
20260629|0336|0528|1307|1702|2035|2219|14 Muharrem 1448
20260630|0337|0529|1307|1702|2035|2219|15 Muharrem 1448
20260701|0338|0529|1307|1703|2035|2218|16 Muharrem 1448
20260702|0338|0530|1307|1703|2035|2218|17 Muharrem 1448
20260703|0339|0530|1308|1703|2035|2218|18 Muharrem 1448
20260704|0340|0531|1308|1703|2035|2217|19 Muharrem 1448
20260705|0341|0531|1308|1703|2035|2217|20 Muharrem 1448
20260706|0342|0532|1308|1703|2034|2216|21 Muharrem 1448
20260707|0342|0532|1308|1703|2034|2216|22 Muharrem 1448
20260708|0343|0533|1308|1703|2034|2215|23 Muharrem 1448
20260709|0344|0534|1309|1703|2033|2215|24 Muharrem 1448
20260710|0345|0534|1309|1704|2033|2214|25 Muharrem 1448
20260711|0346|0535|1309|1704|2033|2213|26 Muharrem 1448
20260712|0347|0536|1309|1704|2032|2213|27 Muharrem 1448
20260713|0349|0536|1309|1704|2032|2212|28 Muharrem 1448
20260714|0350|0537|1309|1704|2031|2211|29 Muharrem 1448
20260715|0351|0538|1309|1704|2031|2210|1 Safer 1448
20260716|0352|0539|1309|1704|2030|2209|2 Safer 1448
20260717|0353|0539|1310|1704|2030|2208|3 Safer 1448
20260718|0354|0540|1310|1704|2029|2207|4 Safer 1448
20260719|0356|0541|1310|1703|2029|2206|5 Safer 1448
20260720|0357|0542|1310|1703|2028|2205|6 Safer 1448
20260721|0358|0542|1310|1703|2027|2204|7 Safer 1448
20260722|0359|0543|1310|1703|2026|2203|8 Safer 1448
20260723|0401|0544|1310|1703|2026|2202|9 Safer 1448
20260724|0402|0545|1310|1703|2025|2201|10 Safer 1448
20260725|0403|0546|1310|1703|2024|2159|11 Safer 1448
20260726|0404|0547|1310|1703|2023|2158|12 Safer 1448
20260727|0406|0547|1310|1702|2022|2157|13 Safer 1448
20260728|0407|0548|1310|1702|2022|2156|14 Safer 1448
20260729|0408|0549|1310|1702|2021|2154|15 Safer 1448
20260730|0410|0550|1310|1702|2020|2153|16 Safer 1448
20260731|0411|0551|1310|1701|2019|2151|17 Safer 1448
20260801|0413|0552|1310|1701|2018|2150|18 Safer 1448
20260802|0414|0553|1310|1701|2017|2149|19 Safer 1448
20260803|0415|0554|1310|1700|2016|2147|20 Safer 1448
20260804|0417|0554|1310|1700|2015|2146|21 Safer 1448
20260805|0418|0555|1309|1700|2014|2144|22 Safer 1448
20260806|0419|0556|1309|1659|2012|2143|23 Safer 1448
20260807|0421|0557|1309|1659|2011|2141|24 Safer 1448
20260808|0422|0558|1309|1658|2010|2139|25 Safer 1448
20260809|0423|0559|1309|1658|2009|2138|26 Safer 1448
20260810|0425|0600|1309|1658|2008|2136|27 Safer 1448
20260811|0426|0601|1309|1657|2007|2135|28 Safer 1448
20260812|0427|0602|1308|1657|2005|2133|29 Safer 1448
20260813|0429|0603|1308|1656|2004|2131|30 Safer 1448
20260814|0430|0604|1308|1656|2003|2130|1 Rebiulevvel 1448
20260815|0431|0604|1308|1655|2002|2128|2 Rebiulevvel 1448
20260816|0433|0605|1308|1654|2000|2126|3 Rebiulevvel 1448
20260817|0434|0606|1308|1654|1959|2125|4 Rebiulevvel 1448
20260818|0435|0607|1307|1653|1958|2123|5 Rebiulevvel 1448
20260819|0437|0608|1307|1653|1956|2121|6 Rebiulevvel 1448
20260820|0438|0609|1307|1652|1955|2120|7 Rebiulevvel 1448
20260821|0439|0610|1307|1651|1953|2118|8 Rebiulevvel 1448
20260822|0441|0611|1306|1651|1952|2116|9 Rebiulevvel 1448
20260823|0442|0612|1306|1650|1951|2114|10 Rebiulevvel 1448
20260824|0443|0613|1306|1649|1949|2113|11 Rebiulevvel 1448
20260825|0444|0614|1306|1648|1948|2111|12 Rebiulevvel 1448
20260826|0446|0614|1305|1648|1946|2109|13 Rebiulevvel 1448
20260827|0447|0615|1305|1647|1945|2107|14 Rebiulevvel 1448
20260828|0448|0616|1305|1646|1943|2106|15 Rebiulevvel 1448
20260829|0449|0617|1304|1645|1942|2104|16 Rebiulevvel 1448
20260830|0451|0618|1304|1644|1940|2102|17 Rebiulevvel 1448
20260831|0452|0619|1304|1644|1939|2100|18 Rebiulevvel 1448
20260901|0453|0620|1304|1643|1937|2058|19 Rebiulevvel 1448
20260902|0454|0621|1303|1642|1936|2057|20 Rebiulevvel 1448
20260903|0455|0622|1303|1641|1934|2055|21 Rebiulevvel 1448
20260904|0456|0623|1303|1640|1933|2053|22 Rebiulevvel 1448
20260905|0458|0623|1302|1639|1931|2051|23 Rebiulevvel 1448
20260906|0459|0624|1302|1638|1929|2049|24 Rebiulevvel 1448
20260907|0500|0625|1302|1637|1928|2048|25 Rebiulevvel 1448
20260908|0501|0626|1301|1636|1926|2046|26 Rebiulevvel 1448
20260909|0502|0627|1301|1636|1925|2044|27 Rebiulevvel 1448
20260910|0503|0628|1301|1635|1923|2042|28 Rebiulevvel 1448
20260911|0504|0629|1300|1634|1922|2040|29 Rebiulevvel 1448
20260912|0506|0630|1300|1633|1920|2039|1 Rebiulahir 1448
20260913|0507|0631|1259|1632|1918|2037|2 Rebiulahir 1448
20260914|0508|0631|1259|1631|1917|2035|3 Rebiulahir 1448
20260915|0509|0632|1259|1630|1915|2033|4 Rebiulahir 1448
20260916|0510|0633|1258|1628|1914|2032|5 Rebiulahir 1448
20260917|0511|0634|1258|1627|1912|2030|6 Rebiulahir 1448
20260918|0512|0635|1258|1626|1910|2028|7 Rebiulahir 1448
20260919|0513|0636|1257|1625|1909|2026|8 Rebiulahir 1448
20260920|0514|0637|1257|1624|1907|2025|9 Rebiulahir 1448
20260921|0515|0638|1257|1623|1905|2023|10 Rebiulahir 1448
20260922|0516|0639|1256|1622|1904|2021|11 Rebiulahir 1448
20260923|0517|0640|1256|1621|1902|2019|12 Rebiulahir 1448
20260924|0518|0641|1256|1620|1901|2018|13 Rebiulahir 1448
20260925|0519|0641|1255|1619|1859|2016|14 Rebiulahir 1448
20260926|0520|0642|1255|1618|1857|2014|15 Rebiulahir 1448
20260927|0521|0643|1255|1617|1856|2013|16 Rebiulahir 1448
20260928|0522|0644|1254|1615|1854|2011|17 Rebiulahir 1448
20260929|0523|0645|1254|1614|1853|2009|18 Rebiulahir 1448
20260930|0524|0646|1253|1613|1851|2008|19 Rebiulahir 1448
20261001|0525|0647|1253|1612|1849|2006|20 Rebiulahir 1448
20261002|0526|0648|1253|1611|1848|2004|21 Rebiulahir 1448
20261003|0527|0649|1253|1610|1846|2003|22 Rebiulahir 1448
20261004|0528|0650|1252|1609|1845|2001|23 Rebiulahir 1448
20261005|0529|0651|1252|1608|1843|2000|24 Rebiulahir 1448
20261006|0530|0652|1252|1606|1842|1958|25 Rebiulahir 1448
20261007|0531|0653|1251|1605|1840|1956|26 Rebiulahir 1448
20261008|0532|0654|1251|1604|1838|1955|27 Rebiulahir 1448
20261009|0533|0655|1251|1603|1837|1953|28 Rebiulahir 1448
20261010|0534|0656|1250|1602|1835|1952|29 Rebiulahir 1448
20261011|0535|0657|1250|1601|1834|1950|30 Rebiulahir 1448
20261012|0536|0658|1250|1600|1832|1949|1 Cemaziyelevvel 1448
20261013|0537|0659|1250|1559|1831|1947|2 Cemaziyelevvel 1448
20261014|0538|0700|1249|1557|1829|1946|3 Cemaziyelevvel 1448
20261015|0539|0701|1249|1556|1828|1945|4 Cemaziyelevvel 1448
20261016|0540|0702|1249|1555|1827|1943|5 Cemaziyelevvel 1448
20261017|0541|0703|1249|1554|1825|1942|6 Cemaziyelevvel 1448
20261018|0542|0704|1249|1553|1824|1940|7 Cemaziyelevvel 1448
20261019|0543|0705|1248|1552|1822|1939|8 Cemaziyelevvel 1448
20261020|0544|0706|1248|1551|1821|1938|9 Cemaziyelevvel 1448
20261021|0545|0707|1248|1550|1820|1936|10 Cemaziyelevvel 1448
20261022|0545|0708|1248|1549|1818|1935|11 Cemaziyelevvel 1448
20261023|0546|0709|1248|1548|1817|1934|12 Cemaziyelevvel 1448
20261024|0547|0710|1248|1547|1815|1933|13 Cemaziyelevvel 1448
20261025|0548|0711|1247|1546|1814|1931|14 Cemaziyelevvel 1448
20261026|0549|0712|1247|1545|1813|1930|15 Cemaziyelevvel 1448
20261027|0550|0713|1247|1544|1812|1929|16 Cemaziyelevvel 1448
20261028|0551|0714|1247|1543|1810|1928|17 Cemaziyelevvel 1448
20261029|0552|0715|1247|1542|1809|1927|18 Cemaziyelevvel 1448
20261030|0553|0716|1247|1541|1808|1926|19 Cemaziyelevvel 1448
20261031|0554|0717|1247|1540|1807|1925|20 Cemaziyelevvel 1448
20261101|0555|0718|1247|1539|1806|1924|21 Cemaziyelevvel 1448
20261102|0556|0719|1247|1538|1804|1923|22 Cemaziyelevvel 1448
20261103|0557|0721|1247|1537|1803|1922|23 Cemaziyelevvel 1448
20261104|0558|0722|1247|1536|1802|1921|24 Cemaziyelevvel 1448
20261105|0559|0723|1247|1535|1801|1920|25 Cemaziyelevvel 1448
20261106|0600|0724|1247|1535|1800|1919|26 Cemaziyelevvel 1448
20261107|0601|0725|1247|1534|1759|1918|27 Cemaziyelevvel 1448
20261108|0602|0726|1247|1533|1758|1917|28 Cemaziyelevvel 1448
20261109|0603|0727|1247|1532|1757|1916|29 Cemaziyelevvel 1448
20261110|0604|0728|1247|1531|1756|1916|1 Cemaziyelahir 1448
20261111|0605|0729|1247|1531|1755|1915|2 Cemaziyelahir 1448
20261112|0606|0731|1247|1530|1754|1914|3 Cemaziyelahir 1448
20261113|0607|0732|1248|1529|1754|1913|4 Cemaziyelahir 1448
20261114|0608|0733|1248|1529|1753|1913|5 Cemaziyelahir 1448
20261115|0609|0734|1248|1528|1752|1912|6 Cemaziyelahir 1448
20261116|0610|0735|1248|1528|1751|1911|7 Cemaziyelahir 1448
20261117|0610|0736|1248|1527|1750|1911|8 Cemaziyelahir 1448
20261118|0611|0737|1248|1526|1750|1910|9 Cemaziyelahir 1448
20261119|0612|0738|1249|1526|1749|1910|10 Cemaziyelahir 1448
20261120|0613|0739|1249|1525|1748|1909|11 Cemaziyelahir 1448
20261121|0614|0740|1249|1525|1748|1909|12 Cemaziyelahir 1448
20261122|0615|0742|1249|1524|1747|1908|13 Cemaziyelahir 1448
20261123|0616|0743|1250|1524|1747|1908|14 Cemaziyelahir 1448
20261124|0617|0744|1250|1524|1746|1908|15 Cemaziyelahir 1448
20261125|0618|0745|1250|1523|1746|1907|16 Cemaziyelahir 1448
20261126|0619|0746|1250|1523|1745|1907|17 Cemaziyelahir 1448
20261127|0620|0747|1251|1523|1745|1907|18 Cemaziyelahir 1448
20261128|0621|0748|1251|1523|1744|1906|19 Cemaziyelahir 1448
20261129|0621|0749|1251|1522|1744|1906|20 Cemaziyelahir 1448
20261130|0622|0750|1252|1522|1744|1906|21 Cemaziyelahir 1448
20261201|0623|0751|1252|1522|1744|1906|22 Cemaziyelahir 1448
20261202|0624|0752|1253|1522|1743|1906|23 Cemaziyelahir 1448
20261203|0625|0753|1253|1522|1743|1906|24 Cemaziyelahir 1448
20261204|0626|0754|1253|1522|1743|1906|25 Cemaziyelahir 1448
20261205|0627|0755|1254|1522|1743|1906|26 Cemaziyelahir 1448
20261206|0627|0756|1254|1522|1743|1906|27 Cemaziyelahir 1448
20261207|0628|0756|1255|1522|1743|1906|28 Cemaziyelahir 1448
20261208|0629|0757|1255|1522|1743|1906|29 Cemaziyelahir 1448
20261209|0630|0758|1255|1522|1743|1906|30 Cemaziyelahir 1448
20261210|0630|0759|1256|1522|1743|1906|1 Recep 1448
20261211|0631|0800|1256|1522|1743|1906|2 Recep 1448
20261212|0632|0801|1257|1522|1743|1907|3 Recep 1448
20261213|0632|0801|1257|1522|1743|1907|4 Recep 1448
20261214|0633|0802|1258|1523|1743|1907|5 Recep 1448
20261215|0634|0803|1258|1523|1744|1907|6 Recep 1448
20261216|0634|0804|1259|1523|1744|1908|7 Recep 1448
20261217|0635|0804|1259|1524|1744|1908|8 Recep 1448
20261218|0636|0805|1300|1524|1745|1908|9 Recep 1448
20261219|0636|0805|1300|1524|1745|1909|10 Recep 1448
20261220|0637|0806|1301|1525|1745|1909|11 Recep 1448
20261221|0637|0806|1301|1525|1746|1910|12 Recep 1448
20261222|0638|0807|1302|1526|1746|1910|13 Recep 1448
20261223|0638|0807|1302|1526|1747|1911|14 Recep 1448
20261224|0639|0808|1303|1527|1747|1911|15 Recep 1448
20261225|0639|0808|1303|1527|1748|1912|16 Recep 1448
20261226|0640|0809|1304|1528|1749|1912|17 Recep 1448
20261227|0640|0809|1304|1529|1749|1913|18 Recep 1448
20261228|0640|0809|1305|1529|1750|1914|19 Recep 1448
20261229|0641|0810|1305|1530|1751|1914|20 Recep 1448
20261230|0641|0810|1306|1531|1751|1915|21 Recep 1448
20261231|0641|0810|1306|1531|1752|1916|22 Recep 1448
20270101|0641|0810|1307|1532|1753|1916|23 Recep 1448
20270102|0642|0810|1307|1533|1754|1917|24 Recep 1448
20270103|0642|0811|1308|1534|1755|1918|25 Recep 1448
20270104|0642|0811|1308|1534|1755|1919|26 Recep 1448
20270105|0642|0811|1308|1535|1756|1919|27 Recep 1448
20270106|0642|0811|1309|1536|1757|1920|28 Recep 1448
20270107|0642|0811|1309|1537|1758|1921|29 Recep 1448
20270108|0642|0811|1310|1538|1759|1922|30 Recep 1448
20270109|0642|0810|1310|1539|1800|1923|1 Şaban 1448
20270110|0642|0810|1311|1539|1801|1924|2 Şaban 1448
20270111|0642|0810|1311|1540|1802|1924|3 Şaban 1448
20270112|0642|0810|1311|1541|1803|1925|4 Şaban 1448
20270113|0642|0810|1312|1542|1804|1926|5 Şaban 1448
20270114|0642|0809|1312|1543|1805|1927|6 Şaban 1448
20270115|0642|0809|1312|1544|1806|1928|7 Şaban 1448
20270116|0642|0809|1313|1545|1807|1929|8 Şaban 1448
20270117|0641|0808|1313|1546|1808|1930|9 Şaban 1448
20270118|0641|0808|1314|1547|1809|1931|10 Şaban 1448
20270119|0641|0807|1314|1548|1810|1932|11 Şaban 1448
20270120|0640|0807|1314|1549|1811|1933|12 Şaban 1448
20270121|0640|0806|1314|1550|1813|1934|13 Şaban 1448
20270122|0640|0806|1315|1551|1814|1935|14 Şaban 1448
20270123|0639|0805|1315|1552|1815|1936|15 Şaban 1448
20270124|0639|0805|1315|1553|1816|1937|16 Şaban 1448
20270125|0638|0804|1315|1554|1817|1938|17 Şaban 1448
20270126|0638|0803|1316|1555|1818|1939|18 Şaban 1448
20270127|0637|0802|1316|1556|1819|1940|19 Şaban 1448
20270128|0636|0802|1316|1557|1821|1941|20 Şaban 1448
20270129|0636|0801|1316|1558|1822|1942|21 Şaban 1448
20270130|0635|0800|1316|1559|1823|1943|22 Şaban 1448
20270131|0635|0759|1317|1600|1824|1944|23 Şaban 1448
20270201|0634|0758|1317|1601|1825|1945|24 Şaban 1448
20270202|0633|0758|1317|1602|1826|1946|25 Şaban 1448
20270203|0632|0757|1317|1603|1828|1947|26 Şaban 1448
20270204|0631|0756|1317|1604|1829|1948|27 Şaban 1448
20270205|0631|0755|1317|1604|1830|1949|28 Şaban 1448
20270206|0630|0754|1317|1605|1831|1950|29 Şaban 1448
20270207|0629|0753|1317|1606|1832|1951|30 Şaban 1448
20270208|0628|0752|1317|1607|1833|1952|1 Ramazan 1448
20270209|0627|0751|1318|1608|1835|1953|2 Ramazan 1448
20270210|0626|0749|1318|1609|1836|1954|3 Ramazan 1448
20270211|0625|0748|1318|1610|1837|1955|4 Ramazan 1448
20270212|0624|0747|1318|1611|1838|1956|5 Ramazan 1448
20270213|0623|0746|1318|1612|1839|1957|6 Ramazan 1448
20270214|0622|0745|1318|1613|1840|1958|7 Ramazan 1448
20270215|0621|0744|1317|1614|1841|1959|8 Ramazan 1448
20270216|0620|0742|1317|1614|1843|2000|9 Ramazan 1448
20270217|0619|0741|1317|1615|1844|2001|10 Ramazan 1448
20270218|0617|0740|1317|1616|1845|2002|11 Ramazan 1448
20270219|0616|0739|1317|1617|1846|2003|12 Ramazan 1448
20270220|0615|0737|1317|1618|1847|2004|13 Ramazan 1448
20270221|0614|0736|1317|1619|1848|2005|14 Ramazan 1448
20270222|0613|0735|1317|1619|1849|2006|15 Ramazan 1448
20270223|0611|0733|1317|1620|1850|2007|16 Ramazan 1448
20270224|0610|0732|1317|1621|1851|2008|17 Ramazan 1448
20270225|0609|0730|1316|1622|1853|2009|18 Ramazan 1448
20270226|0607|0729|1316|1622|1854|2010|19 Ramazan 1448
20270227|0606|0728|1316|1623|1855|2011|20 Ramazan 1448
20270228|0605|0726|1316|1624|1856|2012|21 Ramazan 1448
20270301|0603|0725|1316|1624|1857|2013|22 Ramazan 1448
20270302|0602|0723|1316|1625|1858|2014|23 Ramazan 1448
20270303|0600|0722|1315|1626|1859|2015|24 Ramazan 1448
20270304|0559|0720|1315|1627|1900|2016|25 Ramazan 1448
20270305|0557|0719|1315|1627|1901|2017|26 Ramazan 1448
20270306|0556|0717|1315|1628|1902|2019|27 Ramazan 1448
20270307|0554|0716|1315|1628|1903|2020|28 Ramazan 1448
20270308|0553|0714|1314|1629|1904|2021|29 Ramazan 1448
20270309|0551|0713|1314|1630|1905|2022|1 Şevval 1448
20270310|0550|0711|1314|1630|1906|2023|2 Şevval 1448
20270311|0548|0710|1314|1631|1907|2024|3 Şevval 1448
20270312|0547|0708|1313|1631|1908|2025|4 Şevval 1448
20270313|0545|0707|1313|1632|1909|2026|5 Şevval 1448
20270314|0543|0705|1313|1632|1910|2027|6 Şevval 1448
20270315|0542|0704|1312|1633|1911|2028|7 Şevval 1448
20270316|0540|0702|1312|1634|1912|2029|8 Şevval 1448
20270317|0538|0701|1312|1634|1913|2030|9 Şevval 1448
20270318|0537|0659|1312|1635|1914|2031|10 Şevval 1448
20270319|0535|0657|1311|1635|1915|2032|11 Şevval 1448
20270320|0533|0656|1311|1635|1916|2033|12 Şevval 1448
20270321|0532|0654|1311|1636|1917|2034|13 Şevval 1448
20270322|0530|0653|1310|1636|1918|2035|14 Şevval 1448
20270323|0528|0651|1310|1637|1919|2037|15 Şevval 1448
20270324|0527|0650|1310|1637|1920|2038|16 Şevval 1448
20270325|0525|0648|1310|1638|1921|2039|17 Şevval 1448
20270326|0523|0646|1309|1638|1922|2040|18 Şevval 1448
20270327|0521|0645|1309|1639|1923|2041|19 Şevval 1448
20270328|0520|0643|1309|1639|1924|2042|20 Şevval 1448
20270329|0518|0642|1308|1639|1925|2043|21 Şevval 1448
20270330|0516|0640|1308|1640|1926|2044|22 Şevval 1448
20270331|0514|0638|1308|1640|1927|2046|23 Şevval 1448
20270401|0513|0637|1307|1640|1928|2047|24 Şevval 1448
20270402|0511|0635|1307|1641|1929|2048|25 Şevval 1448
20270403|0509|0634|1307|1641|1930|2049|26 Şevval 1448
20270404|0507|0632|1307|1641|1931|2050|27 Şevval 1448
20270405|0506|0631|1306|1642|1932|2051|28 Şevval 1448
20270406|0504|0629|1306|1642|1933|2053|29 Şevval 1448
20270407|0502|0628|1306|1642|1934|2054|30 Şevval 1448
20270408|0500|0626|1305|1643|1935|2055|1 Zilkade 1448
20270409|0458|0625|1305|1643|1936|2056|2 Zilkade 1448
20270410|0457|0623|1305|1643|1937|2057|3 Zilkade 1448
20270411|0455|0622|1305|1644|1938|2059|4 Zilkade 1448
20270412|0453|0620|1304|1644|1939|2100|5 Zilkade 1448
20270413|0451|0619|1304|1644|1940|2101|6 Zilkade 1448
20270414|0449|0617|1304|1644|1941|2102|7 Zilkade 1448
20270415|0448|0616|1304|1645|1942|2104|8 Zilkade 1448
20270416|0446|0614|1303|1645|1943|2105|9 Zilkade 1448
20270417|0444|0613|1303|1645|1943|2106|10 Zilkade 1448
20270418|0442|0611|1303|1645|1944|2107|11 Zilkade 1448
20270419|0441|0610|1303|1646|1945|2109|12 Zilkade 1448
20270420|0439|0608|1302|1646|1946|2110|13 Zilkade 1448
20270421|0437|0607|1302|1646|1947|2111|14 Zilkade 1448
20270422|0435|0606|1302|1646|1948|2113|15 Zilkade 1448
20270423|0434|0604|1302|1647|1949|2114|16 Zilkade 1448
20270424|0432|0603|1302|1647|1950|2115|17 Zilkade 1448
20270425|0430|0602|1301|1647|1951|2117|18 Zilkade 1448
20270426|0428|0600|1301|1647|1952|2118|19 Zilkade 1448
20270427|0427|0559|1301|1648|1953|2119|20 Zilkade 1448
20270428|0425|0558|1301|1648|1954|2121|21 Zilkade 1448
20270429|0423|0557|1301|1648|1955|2122|22 Zilkade 1448
20270430|0422|0555|1301|1648|1956|2123|23 Zilkade 1448
20270501|0420|0554|1301|1649|1957|2125|24 Zilkade 1448
20270502|0418|0553|1300|1649|1958|2126|25 Zilkade 1448
20270503|0417|0552|1300|1649|1959|2127|26 Zilkade 1448
20270504|0415|0550|1300|1649|2000|2129|27 Zilkade 1448
20270505|0413|0549|1300|1649|2001|2130|28 Zilkade 1448
20270506|0412|0548|1300|1650|2002|2132|29 Zilkade 1448
20270507|0410|0547|1300|1650|2003|2133|1 Zilhicce 1448
20270508|0409|0546|1300|1650|2004|2134|2 Zilhicce 1448
20270509|0407|0545|1300|1650|2005|2136|3 Zilhicce 1448
20270510|0406|0544|1300|1651|2006|2137|4 Zilhicce 1448
20270511|0404|0543|1300|1651|2007|2138|5 Zilhicce 1448
20270512|0403|0542|1300|1651|2008|2140|6 Zilhicce 1448
20270513|0401|0541|1300|1651|2009|2141|7 Zilhicce 1448
20270514|0400|0540|1300|1651|2009|2143|8 Zilhicce 1448
20270515|0358|0539|1300|1652|2010|2144|9 Zilhicce 1448
20270516|0357|0538|1300|1652|2011|2145|10 Zilhicce 1448
20270517|0356|0537|1300|1652|2012|2147|11 Zilhicce 1448
20270518|0354|0536|1300|1652|2013|2148|12 Zilhicce 1448
20270519|0353|0536|1300|1653|2014|2149|13 Zilhicce 1448
20270520|0352|0535|1300|1653|2015|2150|14 Zilhicce 1448
20270521|0351|0534|1300|1653|2016|2152|15 Zilhicce 1448
20270522|0349|0533|1300|1653|2017|2153|16 Zilhicce 1448
20270523|0348|0533|1300|1654|2017|2154|17 Zilhicce 1448
20270524|0347|0532|1300|1654|2018|2156|18 Zilhicce 1448
20270525|0346|0531|1300|1654|2019|2157|19 Zilhicce 1448
20270526|0345|0531|1300|1654|2020|2158|20 Zilhicce 1448
20270527|0344|0530|1300|1655|2021|2159|21 Zilhicce 1448
20270528|0343|0530|1301|1655|2022|2200|22 Zilhicce 1448
20270529|0342|0529|1301|1655|2022|2202|23 Zilhicce 1448
20270530|0341|0529|1301|1655|2023|2203|24 Zilhicce 1448
20270531|0340|0528|1301|1656|2024|2204|25 Zilhicce 1448
20270601|0340|0528|1301|1656|2024|2205|26 Zilhicce 1448
20270602|0339|0527|1301|1656|2025|2206|27 Zilhicce 1448
20270603|0338|0527|1301|1656|2026|2207|28 Zilhicce 1448
20270604|0337|0527|1302|1657|2027|2208|29 Zilhicce 1448
20270605|0337|0526|1302|1657|2027|2209|30 Zilhicce 1448
20270606|0336|0526|1302|1657|2028|2210|1 Muharrem 1449
20270607|0336|0526|1302|1657|2028|2211|2 Muharrem 1449
20270608|0335|0526|1302|1658|2029|2211|3 Muharrem 1449
20270609|0335|0525|1302|1658|2030|2212|4 Muharrem 1449
20270610|0334|0525|1303|1658|2030|2213|5 Muharrem 1449
20270611|0334|0525|1303|1658|2031|2214|6 Muharrem 1449
20270612|0334|0525|1303|1659|2031|2214|7 Muharrem 1449
20270613|0333|0525|1303|1659|2032|2215|8 Muharrem 1449
20270614|0333|0525|1304|1659|2032|2216|9 Muharrem 1449
20270615|0333|0525|1304|1659|2032|2216|10 Muharrem 1449
20270616|0333|0525|1304|1700|2033|2217|11 Muharrem 1449
20270617|0333|0525|1304|1700|2033|2217|12 Muharrem 1449
20270618|0333|0525|1304|1700|2034|2217|13 Muharrem 1449
20270619|0333|0525|1305|1700|2034|2218|14 Muharrem 1449
20270620|0333|0526|1305|1700|2034|2218|15 Muharrem 1449
20270621|0333|0526|1305|1701|2034|2218|16 Muharrem 1449
20270622|0333|0526|1305|1701|2035|2219|17 Muharrem 1449
20270623|0334|0526|1305|1701|2035|2219|18 Muharrem 1449
20270624|0334|0526|1306|1701|2035|2219|19 Muharrem 1449
20270625|0334|0527|1306|1702|2035|2219|20 Muharrem 1449
20270626|0335|0527|1306|1702|2035|2219|21 Muharrem 1449
20270627|0335|0527|1306|1702|2035|2219|22 Muharrem 1449
20270628|0336|0528|1307|1702|2035|2219|23 Muharrem 1449
20270629|0336|0528|1307|1702|2035|2219|24 Muharrem 1449
20270630|0337|0529|1307|1702|2035|2219|25 Muharrem 1449
20270701|0338|0529|1307|1703|2035|2218|26 Muharrem 1449
20270702|0338|0530|1307|1703|2035|2218|27 Muharrem 1449
20270703|0339|0530|1308|1703|2035|2218|28 Muharrem 1449
20270704|0340|0531|1308|1703|2035|2217|29 Muharrem 1449
20270705|0341|0531|1308|1703|2035|2217|1 Safer 1449
20270706|0341|0532|1308|1703|2034|2217|2 Safer 1449
20270707|0342|0532|1308|1703|2034|2216|3 Safer 1449
20270708|0343|0533|1308|1703|2034|2216|4 Safer 1449
20270709|0344|0534|1309|1703|2034|2215|5 Safer 1449
20270710|0345|0534|1309|1704|2033|2214|6 Safer 1449
20270711|0346|0535|1309|1704|2033|2214|7 Safer 1449
20270712|0347|0535|1309|1704|2032|2213|8 Safer 1449
20270713|0348|0536|1309|1704|2032|2212|9 Safer 1449
20270714|0349|0537|1309|1704|2032|2211|10 Safer 1449
20270715|0350|0538|1309|1704|2031|2210|11 Safer 1449
20270716|0352|0538|1309|1704|2031|2209|12 Safer 1449
20270717|0353|0539|1309|1704|2030|2209|13 Safer 1449
20270718|0354|0540|1310|1704|2029|2208|14 Safer 1449
20270719|0355|0541|1310|1703|2029|2207|15 Safer 1449
20270720|0356|0541|1310|1703|2028|2205|16 Safer 1449
20270721|0358|0542|1310|1703|2027|2204|17 Safer 1449
20270722|0359|0543|1310|1703|2027|2203|18 Safer 1449
20270723|0400|0544|1310|1703|2026|2202|19 Safer 1449
20270724|0402|0545|1310|1703|2025|2201|20 Safer 1449
20270725|0403|0546|1310|1703|2024|2200|21 Safer 1449
20270726|0404|0546|1310|1703|2024|2158|22 Safer 1449
20270727|0405|0547|1310|1702|2023|2157|23 Safer 1449
20270728|0407|0548|1310|1702|2022|2156|24 Safer 1449
20270729|0408|0549|1310|1702|2021|2155|25 Safer 1449
20270730|0410|0550|1310|1702|2020|2153|26 Safer 1449
20270731|0411|0551|1310|1701|2019|2152|27 Safer 1449
20270801|0412|0552|1310|1701|2018|2150|28 Safer 1449
20270802|0414|0552|1310|1701|2017|2149|29 Safer 1449
20270803|0415|0553|1310|1700|2016|2147|1 Rebiulevvel 1449
20270804|0416|0554|1310|1700|2015|2146|2 Rebiulevvel 1449
20270805|0418|0555|1309|1700|2014|2144|3 Rebiulevvel 1449
20270806|0419|0556|1309|1659|2013|2143|4 Rebiulevvel 1449
20270807|0420|0557|1309|1659|2012|2141|5 Rebiulevvel 1449
20270808|0422|0558|1309|1659|2010|2140|6 Rebiulevvel 1449
20270809|0423|0559|1309|1658|2009|2138|7 Rebiulevvel 1449
20270810|0424|0600|1309|1658|2008|2137|8 Rebiulevvel 1449
20270811|0426|0601|1309|1657|2007|2135|9 Rebiulevvel 1449
20270812|0427|0601|1309|1657|2006|2133|10 Rebiulevvel 1449
20270813|0429|0602|1308|1656|2004|2132|11 Rebiulevvel 1449
20270814|0430|0603|1308|1656|2003|2130|12 Rebiulevvel 1449
20270815|0431|0604|1308|1655|2002|2129|13 Rebiulevvel 1449
20270816|0433|0605|1308|1655|2001|2127|14 Rebiulevvel 1449
20270817|0434|0606|1308|1654|1959|2125|15 Rebiulevvel 1449
20270818|0435|0607|1307|1653|1958|2123|16 Rebiulevvel 1449
20270819|0436|0608|1307|1653|1957|2122|17 Rebiulevvel 1449
20270820|0438|0609|1307|1652|1955|2120|18 Rebiulevvel 1449
20270821|0439|0610|1307|1651|1954|2118|19 Rebiulevvel 1449
20270822|0440|0611|1306|1651|1952|2117|20 Rebiulevvel 1449
20270823|0442|0612|1306|1650|1951|2115|21 Rebiulevvel 1449
20270824|0443|0612|1306|1649|1949|2113|22 Rebiulevvel 1449
20270825|0444|0613|1306|1649|1948|2111|23 Rebiulevvel 1449
20270826|0445|0614|1305|1648|1947|2109|24 Rebiulevvel 1449
20270827|0447|0615|1305|1647|1945|2108|25 Rebiulevvel 1449
20270828|0448|0616|1305|1646|1944|2106|26 Rebiulevvel 1449
20270829|0449|0617|1305|1645|1942|2104|27 Rebiulevvel 1449
20270830|0450|0618|1304|1645|1941|2102|28 Rebiulevvel 1449
20270831|0451|0619|1304|1644|1939|2101|29 Rebiulevvel 1449
20270901|0453|0620|1304|1643|1938|2059|30 Rebiulevvel 1449
20270902|0454|0621|1303|1642|1936|2057|1 Rebiulahir 1449
20270903|0455|0621|1303|1641|1935|2055|2 Rebiulahir 1449
20270904|0456|0622|1303|1640|1933|2053|3 Rebiulahir 1449
20270905|0457|0623|1302|1639|1931|2052|4 Rebiulahir 1449
20270906|0459|0624|1302|1639|1930|2050|5 Rebiulahir 1449
20270907|0500|0625|1302|1638|1928|2048|6 Rebiulahir 1449
20270908|0501|0626|1301|1637|1927|2046|7 Rebiulahir 1449
20270909|0502|0627|1301|1636|1925|2044|8 Rebiulahir 1449
20270910|0503|0628|1301|1635|1924|2043|9 Rebiulahir 1449
20270911|0504|0629|1300|1634|1922|2041|10 Rebiulahir 1449
20270912|0505|0629|1300|1633|1920|2039|11 Rebiulahir 1449
20270913|0506|0630|1300|1632|1919|2037|12 Rebiulahir 1449
20270914|0507|0631|1259|1631|1917|2036|13 Rebiulahir 1449
20270915|0509|0632|1259|1630|1916|2034|14 Rebiulahir 1449
20270916|0510|0633|1258|1629|1914|2032|15 Rebiulahir 1449
20270917|0511|0634|1258|1628|1912|2030|16 Rebiulahir 1449
20270918|0512|0635|1258|1627|1911|2028|17 Rebiulahir 1449
20270919|0513|0636|1257|1626|1909|2027|18 Rebiulahir 1449
20270920|0514|0637|1257|1624|1907|2025|19 Rebiulahir 1449
20270921|0515|0638|1257|1623|1906|2023|20 Rebiulahir 1449
20270922|0516|0638|1256|1622|1904|2021|21 Rebiulahir 1449
20270923|0517|0639|1256|1621|1903|2020|22 Rebiulahir 1449
20270924|0518|0640|1256|1620|1901|2018|23 Rebiulahir 1449
20270925|0519|0641|1255|1619|1859|2016|24 Rebiulahir 1449
20270926|0520|0642|1255|1618|1858|2015|25 Rebiulahir 1449
20270927|0521|0643|1255|1617|1856|2013|26 Rebiulahir 1449
20270928|0522|0644|1254|1616|1855|2011|27 Rebiulahir 1449
20270929|0523|0645|1254|1615|1853|2010|28 Rebiulahir 1449
20270930|0524|0646|1254|1613|1851|2008|29 Rebiulahir 1449
20271001|0525|0647|1253|1612|1850|2006|1 Cemaziyelevvel 1449
20271002|0526|0648|1253|1611|1848|2005|2 Cemaziyelevvel 1449
20271003|0527|0649|1253|1610|1847|2003|3 Cemaziyelevvel 1449
20271004|0528|0650|1252|1609|1845|2002|4 Cemaziyelevvel 1449
20271005|0529|0651|1252|1608|1843|2000|5 Cemaziyelevvel 1449
20271006|0530|0651|1252|1607|1842|1958|6 Cemaziyelevvel 1449
20271007|0531|0652|1251|1606|1840|1957|7 Cemaziyelevvel 1449
20271008|0532|0653|1251|1604|1839|1955|8 Cemaziyelevvel 1449
20271009|0533|0654|1251|1603|1837|1954|9 Cemaziyelevvel 1449
20271010|0534|0655|1251|1602|1836|1952|10 Cemaziyelevvel 1449
20271011|0535|0656|1250|1601|1834|1951|11 Cemaziyelevvel 1449
20271012|0536|0657|1250|1600|1833|1949|12 Cemaziyelevvel 1449
20271013|0537|0658|1250|1559|1831|1948|13 Cemaziyelevvel 1449
20271014|0538|0659|1250|1558|1830|1946|14 Cemaziyelevvel 1449
20271015|0539|0700|1249|1557|1828|1945|15 Cemaziyelevvel 1449
20271016|0540|0701|1249|1555|1827|1944|16 Cemaziyelevvel 1449
20271017|0540|0702|1249|1554|1825|1942|17 Cemaziyelevvel 1449
20271018|0541|0703|1249|1553|1824|1941|18 Cemaziyelevvel 1449
20271019|0542|0704|1248|1552|1823|1939|19 Cemaziyelevvel 1449
20271020|0543|0705|1248|1551|1821|1938|20 Cemaziyelevvel 1449
20271021|0544|0706|1248|1550|1820|1937|21 Cemaziyelevvel 1449
20271022|0545|0707|1248|1549|1818|1936|22 Cemaziyelevvel 1449
20271023|0546|0708|1248|1548|1817|1934|23 Cemaziyelevvel 1449
20271024|0547|0710|1248|1547|1816|1933|24 Cemaziyelevvel 1449
20271025|0548|0711|1248|1546|1814|1932|25 Cemaziyelevvel 1449
20271026|0549|0712|1247|1545|1813|1931|26 Cemaziyelevvel 1449
20271027|0550|0713|1247|1544|1812|1929|27 Cemaziyelevvel 1449
20271028|0551|0714|1247|1543|1811|1928|28 Cemaziyelevvel 1449
20271029|0552|0715|1247|1542|1809|1927|29 Cemaziyelevvel 1449
20271030|0553|0716|1247|1541|1808|1926|30 Cemaziyelevvel 1449
20271031|0554|0717|1247|1540|1807|1925|1 Cemaziyelahir 1449
20271101|0555|0718|1247|1539|1806|1924|2 Cemaziyelahir 1449
20271102|0556|0719|1247|1538|1805|1923|3 Cemaziyelahir 1449
20271103|0557|0720|1247|1537|1804|1922|4 Cemaziyelahir 1449
20271104|0558|0721|1247|1536|1802|1921|5 Cemaziyelahir 1449
20271105|0559|0722|1247|1536|1801|1920|6 Cemaziyelahir 1449
20271106|0600|0724|1247|1535|1800|1919|7 Cemaziyelahir 1449
20271107|0601|0725|1247|1534|1759|1918|8 Cemaziyelahir 1449
20271108|0602|0726|1247|1533|1758|1917|9 Cemaziyelahir 1449
20271109|0603|0727|1247|1532|1757|1916|10 Cemaziyelahir 1449
20271110|0604|0728|1247|1532|1756|1916|11 Cemaziyelahir 1449
20271111|0604|0729|1247|1531|1755|1915|12 Cemaziyelahir 1449
20271112|0605|0730|1247|1530|1755|1914|13 Cemaziyelahir 1449
20271113|0606|0731|1248|1530|1754|1913|14 Cemaziyelahir 1449
20271114|0607|0732|1248|1529|1753|1913|15 Cemaziyelahir 1449
20271115|0608|0734|1248|1528|1752|1912|16 Cemaziyelahir 1449
20271116|0609|0735|1248|1528|1751|1912|17 Cemaziyelahir 1449
20271117|0610|0736|1248|1527|1751|1911|18 Cemaziyelahir 1449
20271118|0611|0737|1248|1527|1750|1910|19 Cemaziyelahir 1449
20271119|0612|0738|1249|1526|1749|1910|20 Cemaziyelahir 1449
20271120|0613|0739|1249|1526|1749|1909|21 Cemaziyelahir 1449
20271121|0614|0740|1249|1525|1748|1909|22 Cemaziyelahir 1449
20271122|0615|0741|1249|1525|1747|1908|23 Cemaziyelahir 1449
20271123|0616|0742|1250|1524|1747|1908|24 Cemaziyelahir 1449
20271124|0617|0743|1250|1524|1746|1908|25 Cemaziyelahir 1449
20271125|0618|0744|1250|1523|1746|1907|26 Cemaziyelahir 1449
20271126|0619|0746|1250|1523|1745|1907|27 Cemaziyelahir 1449
20271127|0619|0747|1251|1523|1745|1907|28 Cemaziyelahir 1449
20271128|0620|0748|1251|1523|1745|1906|29 Cemaziyelahir 1449
20271129|0621|0749|1251|1522|1744|1906|1 Recep 1449
20271130|0622|0750|1252|1522|1744|1906|2 Recep 1449
20271201|0623|0751|1252|1522|1744|1906|3 Recep 1449
20271202|0624|0752|1252|1522|1743|1906|4 Recep 1449
20271203|0625|0753|1253|1522|1743|1906|5 Recep 1449
20271204|0625|0754|1253|1522|1743|1906|6 Recep 1449
20271205|0626|0754|1254|1522|1743|1906|7 Recep 1449
20271206|0627|0755|1254|1522|1743|1906|8 Recep 1449
20271207|0628|0756|1254|1522|1743|1906|9 Recep 1449
20271208|0629|0757|1255|1522|1743|1906|10 Recep 1449
20271209|0629|0758|1255|1522|1743|1906|11 Recep 1449
20271210|0630|0759|1256|1522|1743|1906|12 Recep 1449
20271211|0631|0800|1256|1522|1743|1906|13 Recep 1449
20271212|0632|0800|1257|1522|1743|1906|14 Recep 1449
20271213|0632|0801|1257|1522|1743|1907|15 Recep 1449
20271214|0633|0802|1258|1523|1743|1907|16 Recep 1449
20271215|0634|0803|1258|1523|1744|1907|17 Recep 1449
20271216|0634|0803|1259|1523|1744|1908|18 Recep 1449
20271217|0635|0804|1259|1524|1744|1908|19 Recep 1449
20271218|0636|0805|1300|1524|1745|1908|20 Recep 1449
20271219|0636|0805|1300|1524|1745|1909|21 Recep 1449
20271220|0637|0806|1301|1525|1745|1909|22 Recep 1449
20271221|0637|0806|1301|1525|1746|1910|23 Recep 1449
20271222|0638|0807|1302|1526|1746|1910|24 Recep 1449
20271223|0638|0807|1302|1526|1747|1911|25 Recep 1449
20271224|0639|0808|1303|1527|1747|1911|26 Recep 1449
20271225|0639|0808|1303|1527|1748|1912|27 Recep 1449
20271226|0640|0809|1304|1528|1748|1912|28 Recep 1449
20271227|0640|0809|1304|1528|1749|1913|29 Recep 1449
20271228|0640|0809|1305|1529|1750|1913|30 Recep 1449
20271229|0641|0810|1305|1530|1750|1914|1 Şaban 1449
20271230|0641|0810|1305|1530|1751|1915|2 Şaban 1449
20271231|0641|0810|1306|1531|1752|1915|3 Şaban 1449
#@9179|İscehisar|AFYONKARAHISAR|730
20260101|0640|0809|1305|1531|1752|1915|12 Recep 1447
20260102|0640|0809|1306|1532|1753|1916|13 Recep 1447
20260103|0640|0809|1306|1533|1754|1917|14 Recep 1447
20260104|0641|0809|1307|1534|1755|1918|15 Recep 1447
20260105|0641|0809|1307|1535|1756|1918|16 Recep 1447
20260106|0641|0809|1308|1535|1757|1919|17 Recep 1447
20260107|0641|0809|1308|1536|1757|1920|18 Recep 1447
20260108|0641|0809|1309|1537|1758|1921|19 Recep 1447
20260109|0641|0809|1309|1538|1759|1922|20 Recep 1447
20260110|0641|0808|1309|1539|1800|1923|21 Recep 1447
20260111|0641|0808|1310|1540|1801|1924|22 Recep 1447
20260112|0641|0808|1310|1541|1802|1924|23 Recep 1447
20260113|0641|0808|1311|1542|1803|1925|24 Recep 1447
20260114|0640|0807|1311|1542|1804|1926|25 Recep 1447
20260115|0640|0807|1311|1543|1805|1927|26 Recep 1447
20260116|0640|0807|1312|1544|1806|1928|27 Recep 1447
20260117|0640|0806|1312|1545|1808|1929|28 Recep 1447
20260118|0639|0806|1312|1546|1809|1930|29 Recep 1447
20260119|0639|0806|1313|1547|1810|1931|30 Recep 1447
20260120|0639|0805|1313|1548|1811|1932|1 Şaban 1447
20260121|0638|0804|1313|1549|1812|1933|2 Şaban 1447
20260122|0638|0804|1313|1550|1813|1934|3 Şaban 1447
20260123|0638|0803|1314|1551|1814|1935|4 Şaban 1447
20260124|0637|0803|1314|1552|1815|1936|5 Şaban 1447
20260125|0637|0802|1314|1553|1816|1937|6 Şaban 1447
20260126|0636|0801|1314|1554|1818|1938|7 Şaban 1447
20260127|0635|0801|1315|1555|1819|1939|8 Şaban 1447
20260128|0635|0800|1315|1556|1820|1940|9 Şaban 1447
20260129|0634|0759|1315|1557|1821|1941|10 Şaban 1447
20260130|0634|0758|1315|1558|1822|1942|11 Şaban 1447
20260131|0633|0757|1315|1559|1823|1943|12 Şaban 1447
20260201|0632|0757|1316|1600|1825|1944|13 Şaban 1447
20260202|0631|0756|1316|1601|1826|1945|14 Şaban 1447
20260203|0631|0755|1316|1602|1827|1946|15 Şaban 1447
20260204|0630|0754|1316|1603|1828|1947|16 Şaban 1447
20260205|0629|0753|1316|1604|1829|1948|17 Şaban 1447
20260206|0628|0752|1316|1605|1830|1949|18 Şaban 1447
20260207|0627|0751|1316|1606|1831|1950|19 Şaban 1447
20260208|0626|0750|1316|1607|1833|1951|20 Şaban 1447
20260209|0625|0749|1316|1607|1834|1952|21 Şaban 1447
20260210|0624|0748|1316|1608|1835|1953|22 Şaban 1447
20260211|0623|0746|1316|1609|1836|1954|23 Şaban 1447
20260212|0622|0745|1316|1610|1837|1955|24 Şaban 1447
20260213|0621|0744|1316|1611|1838|1956|25 Şaban 1447
20260214|0620|0743|1316|1612|1839|1957|26 Şaban 1447
20260215|0619|0742|1316|1613|1841|1958|27 Şaban 1447
20260216|0618|0741|1316|1614|1842|1959|28 Şaban 1447
20260217|0617|0739|1316|1614|1843|2000|29 Şaban 1447
20260218|0616|0738|1316|1615|1844|2001|30 Şaban 1447
20260219|0615|0737|1316|1616|1845|2002|1 Ramazan 1447
20260220|0613|0735|1316|1617|1846|2003|2 Ramazan 1447
20260221|0612|0734|1316|1618|1847|2004|3 Ramazan 1447
20260222|0611|0733|1316|1618|1848|2005|4 Ramazan 1447
20260223|0610|0731|1315|1619|1849|2006|5 Ramazan 1447
20260224|0608|0730|1315|1620|1851|2007|6 Ramazan 1447
20260225|0607|0729|1315|1621|1852|2008|7 Ramazan 1447
20260226|0606|0727|1315|1621|1853|2009|8 Ramazan 1447
20260227|0604|0726|1315|1622|1854|2010|9 Ramazan 1447
20260228|0603|0724|1315|1623|1855|2011|10 Ramazan 1447
20260301|0602|0723|1314|1624|1856|2012|11 Ramazan 1447
20260302|0600|0722|1314|1624|1857|2013|12 Ramazan 1447
20260303|0559|0720|1314|1625|1858|2014|13 Ramazan 1447
20260304|0557|0719|1314|1626|1859|2015|14 Ramazan 1447
20260305|0556|0717|1314|1626|1900|2016|15 Ramazan 1447
20260306|0554|0716|1313|1627|1901|2017|16 Ramazan 1447
20260307|0553|0714|1313|1627|1902|2018|17 Ramazan 1447
20260308|0551|0713|1313|1628|1903|2019|18 Ramazan 1447
20260309|0550|0711|1313|1629|1904|2020|19 Ramazan 1447
20260310|0548|0710|1312|1629|1905|2021|20 Ramazan 1447
20260311|0547|0708|1312|1630|1906|2023|21 Ramazan 1447
20260312|0545|0707|1312|1630|1907|2024|22 Ramazan 1447
20260313|0543|0705|1312|1631|1908|2025|23 Ramazan 1447
20260314|0542|0704|1311|1631|1909|2026|24 Ramazan 1447
20260315|0540|0702|1311|1632|1910|2027|25 Ramazan 1447
20260316|0539|0700|1311|1632|1911|2028|26 Ramazan 1447
20260317|0537|0659|1311|1633|1912|2029|27 Ramazan 1447
20260318|0535|0657|1310|1633|1913|2030|28 Ramazan 1447
20260319|0534|0656|1310|1634|1914|2031|29 Ramazan 1447
20260320|0532|0654|1310|1634|1915|2032|1 Şevval 1447
20260321|0530|0653|1309|1635|1916|2033|2 Şevval 1447
20260322|0529|0651|1309|1635|1917|2034|3 Şevval 1447
20260323|0527|0649|1309|1636|1918|2035|4 Şevval 1447
20260324|0525|0648|1308|1636|1919|2036|5 Şevval 1447
20260325|0523|0646|1308|1636|1920|2037|6 Şevval 1447
20260326|0522|0645|1308|1637|1921|2039|7 Şevval 1447
20260327|0520|0643|1308|1637|1922|2040|8 Şevval 1447
20260328|0518|0642|1307|1638|1923|2041|9 Şevval 1447
20260329|0517|0640|1307|1638|1924|2042|10 Şevval 1447
20260330|0515|0638|1307|1638|1925|2043|11 Şevval 1447
20260331|0513|0637|1306|1639|1926|2044|12 Şevval 1447
20260401|0511|0635|1306|1639|1927|2045|13 Şevval 1447
20260402|0509|0634|1306|1639|1928|2047|14 Şevval 1447
20260403|0508|0632|1305|1640|1929|2048|15 Şevval 1447
20260404|0506|0631|1305|1640|1930|2049|16 Şevval 1447
20260405|0504|0629|1305|1640|1931|2050|17 Şevval 1447
20260406|0502|0628|1305|1641|1932|2051|18 Şevval 1447
20260407|0501|0626|1304|1641|1933|2052|19 Şevval 1447
20260408|0459|0625|1304|1641|1934|2054|20 Şevval 1447
20260409|0457|0623|1304|1642|1934|2055|21 Şevval 1447
20260410|0455|0622|1303|1642|1935|2056|22 Şevval 1447
20260411|0454|0620|1303|1642|1936|2057|23 Şevval 1447
20260412|0452|0619|1303|1643|1937|2058|24 Şevval 1447
20260413|0450|0617|1303|1643|1938|2100|25 Şevval 1447
20260414|0448|0616|1302|1643|1939|2101|26 Şevval 1447
20260415|0446|0614|1302|1643|1940|2102|27 Şevval 1447
20260416|0445|0613|1302|1644|1941|2103|28 Şevval 1447
20260417|0443|0611|1302|1644|1942|2105|29 Şevval 1447
20260418|0441|0610|1301|1644|1943|2106|1 Zilkade 1447
20260419|0439|0608|1301|1644|1944|2107|2 Zilkade 1447
20260420|0438|0607|1301|1645|1945|2109|3 Zilkade 1447
20260421|0436|0606|1301|1645|1946|2110|4 Zilkade 1447
20260422|0434|0604|1301|1645|1947|2111|5 Zilkade 1447
20260423|0432|0603|1300|1645|1948|2112|6 Zilkade 1447
20260424|0431|0602|1300|1646|1949|2114|7 Zilkade 1447
20260425|0429|0600|1300|1646|1950|2115|8 Zilkade 1447
20260426|0427|0559|1300|1646|1951|2116|9 Zilkade 1447
20260427|0426|0558|1300|1646|1952|2118|10 Zilkade 1447
20260428|0424|0556|1300|1646|1953|2119|11 Zilkade 1447
20260429|0422|0555|1259|1647|1954|2120|12 Zilkade 1447
20260430|0421|0554|1259|1647|1955|2122|13 Zilkade 1447
20260501|0419|0553|1259|1647|1956|2123|14 Zilkade 1447
20260502|0417|0552|1259|1647|1957|2124|15 Zilkade 1447
20260503|0416|0550|1259|1648|1958|2126|16 Zilkade 1447
20260504|0414|0549|1259|1648|1959|2127|17 Zilkade 1447
20260505|0412|0548|1259|1648|2000|2129|18 Zilkade 1447
20260506|0411|0547|1259|1648|2001|2130|19 Zilkade 1447
20260507|0409|0546|1259|1648|2001|2131|20 Zilkade 1447
20260508|0408|0545|1259|1649|2002|2133|21 Zilkade 1447
20260509|0406|0544|1259|1649|2003|2134|22 Zilkade 1447
20260510|0405|0543|1258|1649|2004|2135|23 Zilkade 1447
20260511|0403|0542|1258|1649|2005|2137|24 Zilkade 1447
20260512|0402|0541|1258|1649|2006|2138|25 Zilkade 1447
20260513|0400|0540|1258|1650|2007|2139|26 Zilkade 1447
20260514|0359|0539|1258|1650|2008|2141|27 Zilkade 1447
20260515|0358|0538|1258|1650|2009|2142|28 Zilkade 1447
20260516|0356|0537|1258|1650|2010|2143|29 Zilkade 1447
20260517|0355|0536|1258|1651|2011|2145|30 Zilkade 1447
20260518|0354|0535|1258|1651|2012|2146|1 Zilhicce 1447
20260519|0352|0535|1259|1651|2012|2147|2 Zilhicce 1447
20260520|0351|0534|1259|1651|2013|2149|3 Zilhicce 1447
20260521|0350|0533|1259|1652|2014|2150|4 Zilhicce 1447
20260522|0349|0532|1259|1652|2015|2151|5 Zilhicce 1447
20260523|0348|0532|1259|1652|2016|2152|6 Zilhicce 1447
20260524|0347|0531|1259|1652|2017|2154|7 Zilhicce 1447
20260525|0345|0530|1259|1652|2018|2155|8 Zilhicce 1447
20260526|0344|0530|1259|1653|2018|2156|9 Zilhicce 1447
20260527|0343|0529|1259|1653|2019|2157|10 Zilhicce 1447
20260528|0342|0529|1259|1653|2020|2158|11 Zilhicce 1447
20260529|0342|0528|1259|1653|2021|2200|12 Zilhicce 1447
20260530|0341|0528|1300|1654|2021|2201|13 Zilhicce 1447
20260531|0340|0527|1300|1654|2022|2202|14 Zilhicce 1447
20260601|0339|0527|1300|1654|2023|2203|15 Zilhicce 1447
20260602|0338|0526|1300|1654|2024|2204|16 Zilhicce 1447
20260603|0338|0526|1300|1655|2024|2205|17 Zilhicce 1447
20260604|0337|0526|1300|1655|2025|2206|18 Zilhicce 1447
20260605|0336|0525|1300|1655|2026|2207|19 Zilhicce 1447
20260606|0336|0525|1301|1655|2026|2208|20 Zilhicce 1447
20260607|0335|0525|1301|1656|2027|2208|21 Zilhicce 1447
20260608|0335|0525|1301|1656|2027|2209|22 Zilhicce 1447
20260609|0334|0525|1301|1656|2028|2210|23 Zilhicce 1447
20260610|0334|0524|1301|1656|2028|2211|24 Zilhicce 1447
20260611|0334|0524|1302|1657|2029|2211|25 Zilhicce 1447
20260612|0333|0524|1302|1657|2029|2212|26 Zilhicce 1447
20260613|0333|0524|1302|1657|2030|2213|27 Zilhicce 1447
20260614|0333|0524|1302|1657|2030|2213|28 Zilhicce 1447
20260615|0333|0524|1302|1658|2031|2214|29 Zilhicce 1447
20260616|0333|0524|1303|1658|2031|2214|1 Muharrem 1448
20260617|0333|0524|1303|1658|2031|2215|2 Muharrem 1448
20260618|0333|0524|1303|1658|2032|2215|3 Muharrem 1448
20260619|0333|0525|1303|1659|2032|2216|4 Muharrem 1448
20260620|0333|0525|1304|1659|2032|2216|5 Muharrem 1448
20260621|0333|0525|1304|1659|2033|2216|6 Muharrem 1448
20260622|0333|0525|1304|1659|2033|2216|7 Muharrem 1448
20260623|0334|0525|1304|1659|2033|2217|8 Muharrem 1448
20260624|0334|0526|1304|1700|2033|2217|9 Muharrem 1448
20260625|0334|0526|1305|1700|2033|2217|10 Muharrem 1448
20260626|0335|0526|1305|1700|2033|2217|11 Muharrem 1448
20260627|0335|0527|1305|1700|2033|2217|12 Muharrem 1448
20260628|0336|0527|1305|1700|2033|2217|13 Muharrem 1448
20260629|0336|0528|1305|1701|2033|2216|14 Muharrem 1448
20260630|0337|0528|1306|1701|2033|2216|15 Muharrem 1448
20260701|0337|0528|1306|1701|2033|2216|16 Muharrem 1448
20260702|0338|0529|1306|1701|2033|2216|17 Muharrem 1448
20260703|0339|0529|1306|1701|2033|2215|18 Muharrem 1448
20260704|0340|0530|1306|1701|2033|2215|19 Muharrem 1448
20260705|0340|0530|1307|1701|2033|2215|20 Muharrem 1448
20260706|0341|0531|1307|1702|2033|2214|21 Muharrem 1448
20260707|0342|0532|1307|1702|2032|2214|22 Muharrem 1448
20260708|0343|0532|1307|1702|2032|2213|23 Muharrem 1448
20260709|0344|0533|1307|1702|2032|2212|24 Muharrem 1448
20260710|0345|0533|1307|1702|2031|2212|25 Muharrem 1448
20260711|0346|0534|1308|1702|2031|2211|26 Muharrem 1448
20260712|0347|0535|1308|1702|2031|2210|27 Muharrem 1448
20260713|0348|0536|1308|1702|2030|2210|28 Muharrem 1448
20260714|0349|0536|1308|1702|2030|2209|29 Muharrem 1448
20260715|0350|0537|1308|1702|2029|2208|1 Safer 1448
20260716|0352|0538|1308|1702|2029|2207|2 Safer 1448
20260717|0353|0538|1308|1702|2028|2206|3 Safer 1448
20260718|0354|0539|1308|1702|2027|2205|4 Safer 1448
20260719|0355|0540|1308|1702|2027|2204|5 Safer 1448
20260720|0356|0541|1308|1702|2026|2203|6 Safer 1448
20260721|0358|0542|1308|1702|2025|2202|7 Safer 1448
20260722|0359|0542|1309|1702|2025|2201|8 Safer 1448
20260723|0400|0543|1309|1701|2024|2200|9 Safer 1448
20260724|0401|0544|1309|1701|2023|2158|10 Safer 1448
20260725|0403|0545|1309|1701|2022|2157|11 Safer 1448
20260726|0404|0546|1309|1701|2022|2156|12 Safer 1448
20260727|0405|0547|1309|1701|2021|2155|13 Safer 1448
20260728|0407|0547|1309|1701|2020|2153|14 Safer 1448
20260729|0408|0548|1309|1700|2019|2152|15 Safer 1448
20260730|0409|0549|1309|1700|2018|2151|16 Safer 1448
20260731|0411|0550|1308|1700|2017|2149|17 Safer 1448
20260801|0412|0551|1308|1659|2016|2148|18 Safer 1448
20260802|0413|0552|1308|1659|2015|2147|19 Safer 1448
20260803|0415|0553|1308|1659|2014|2145|20 Safer 1448
20260804|0416|0553|1308|1659|2013|2144|21 Safer 1448
20260805|0417|0554|1308|1658|2012|2142|22 Safer 1448
20260806|0419|0555|1308|1658|2011|2141|23 Safer 1448
20260807|0420|0556|1308|1657|2010|2139|24 Safer 1448
20260808|0421|0557|1308|1657|2009|2138|25 Safer 1448
20260809|0423|0558|1308|1656|2007|2136|26 Safer 1448
20260810|0424|0559|1307|1656|2006|2134|27 Safer 1448
20260811|0425|0600|1307|1656|2005|2133|28 Safer 1448
20260812|0427|0601|1307|1655|2004|2131|29 Safer 1448
20260813|0428|0602|1307|1655|2002|2129|30 Safer 1448
20260814|0429|0603|1307|1654|2001|2128|1 Rebiulevvel 1448
20260815|0431|0603|1307|1653|2000|2126|2 Rebiulevvel 1448
20260816|0432|0604|1306|1653|1959|2125|3 Rebiulevvel 1448
20260817|0433|0605|1306|1652|1957|2123|4 Rebiulevvel 1448
20260818|0435|0606|1306|1652|1956|2121|5 Rebiulevvel 1448
20260819|0436|0607|1306|1651|1955|2119|6 Rebiulevvel 1448
20260820|0437|0608|1306|1650|1953|2118|7 Rebiulevvel 1448
20260821|0439|0609|1305|1650|1952|2116|8 Rebiulevvel 1448
20260822|0440|0610|1305|1649|1950|2114|9 Rebiulevvel 1448
20260823|0441|0611|1305|1648|1949|2113|10 Rebiulevvel 1448
20260824|0442|0612|1305|1648|1948|2111|11 Rebiulevvel 1448
20260825|0444|0612|1304|1647|1946|2109|12 Rebiulevvel 1448
20260826|0445|0613|1304|1646|1945|2107|13 Rebiulevvel 1448
20260827|0446|0614|1304|1645|1943|2106|14 Rebiulevvel 1448
20260828|0447|0615|1303|1645|1942|2104|15 Rebiulevvel 1448
20260829|0448|0616|1303|1644|1940|2102|16 Rebiulevvel 1448
20260830|0450|0617|1303|1643|1939|2100|17 Rebiulevvel 1448
20260831|0451|0618|1303|1642|1937|2058|18 Rebiulevvel 1448
20260901|0452|0619|1302|1641|1936|2057|19 Rebiulevvel 1448
20260902|0453|0620|1302|1641|1934|2055|20 Rebiulevvel 1448
20260903|0454|0620|1302|1640|1933|2053|21 Rebiulevvel 1448
20260904|0456|0621|1301|1639|1931|2051|22 Rebiulevvel 1448
20260905|0457|0622|1301|1638|1930|2049|23 Rebiulevvel 1448
20260906|0458|0623|1301|1637|1928|2048|24 Rebiulevvel 1448
20260907|0459|0624|1300|1636|1926|2046|25 Rebiulevvel 1448
20260908|0500|0625|1300|1635|1925|2044|26 Rebiulevvel 1448
20260909|0501|0626|1300|1634|1923|2042|27 Rebiulevvel 1448
20260910|0502|0627|1259|1633|1922|2041|28 Rebiulevvel 1448
20260911|0503|0628|1259|1632|1920|2039|29 Rebiulevvel 1448
20260912|0505|0628|1258|1631|1919|2037|1 Rebiulahir 1448
20260913|0506|0629|1258|1630|1917|2035|2 Rebiulahir 1448
20260914|0507|0630|1258|1629|1915|2033|3 Rebiulahir 1448
20260915|0508|0631|1257|1628|1914|2032|4 Rebiulahir 1448
20260916|0509|0632|1257|1627|1912|2030|5 Rebiulahir 1448
20260917|0510|0633|1257|1626|1911|2028|6 Rebiulahir 1448
20260918|0511|0634|1256|1625|1909|2026|7 Rebiulahir 1448
20260919|0512|0635|1256|1624|1907|2025|8 Rebiulahir 1448
20260920|0513|0636|1256|1623|1906|2023|9 Rebiulahir 1448
20260921|0514|0637|1255|1622|1904|2021|10 Rebiulahir 1448
20260922|0515|0637|1255|1621|1902|2020|11 Rebiulahir 1448
20260923|0516|0638|1255|1620|1901|2018|12 Rebiulahir 1448
20260924|0517|0639|1254|1619|1859|2016|13 Rebiulahir 1448
20260925|0518|0640|1254|1618|1858|2014|14 Rebiulahir 1448
20260926|0519|0641|1254|1616|1856|2013|15 Rebiulahir 1448
20260927|0520|0642|1253|1615|1854|2011|16 Rebiulahir 1448
20260928|0521|0643|1253|1614|1853|2009|17 Rebiulahir 1448
20260929|0522|0644|1253|1613|1851|2008|18 Rebiulahir 1448
20260930|0523|0645|1252|1612|1850|2006|19 Rebiulahir 1448
20261001|0524|0646|1252|1611|1848|2004|20 Rebiulahir 1448
20261002|0525|0647|1252|1610|1847|2003|21 Rebiulahir 1448
20261003|0526|0647|1251|1609|1845|2001|22 Rebiulahir 1448
20261004|0527|0648|1251|1607|1843|2000|23 Rebiulahir 1448
20261005|0528|0649|1251|1606|1842|1958|24 Rebiulahir 1448
20261006|0529|0650|1250|1605|1840|1957|25 Rebiulahir 1448
20261007|0530|0651|1250|1604|1839|1955|26 Rebiulahir 1448
20261008|0531|0652|1250|1603|1837|1953|27 Rebiulahir 1448
20261009|0532|0653|1249|1602|1836|1952|28 Rebiulahir 1448
20261010|0533|0654|1249|1601|1834|1950|29 Rebiulahir 1448
20261011|0534|0655|1249|1600|1833|1949|30 Rebiulahir 1448
20261012|0535|0656|1249|1558|1831|1948|1 Cemaziyelevvel 1448
20261013|0536|0657|1248|1557|1830|1946|2 Cemaziyelevvel 1448
20261014|0537|0658|1248|1556|1828|1945|3 Cemaziyelevvel 1448
20261015|0538|0659|1248|1555|1827|1943|4 Cemaziyelevvel 1448
20261016|0538|0700|1248|1554|1825|1942|5 Cemaziyelevvel 1448
20261017|0539|0701|1247|1553|1824|1940|6 Cemaziyelevvel 1448
20261018|0540|0702|1247|1552|1823|1939|7 Cemaziyelevvel 1448
20261019|0541|0703|1247|1551|1821|1938|8 Cemaziyelevvel 1448
20261020|0542|0704|1247|1550|1820|1936|9 Cemaziyelevvel 1448
20261021|0543|0705|1247|1549|1818|1935|10 Cemaziyelevvel 1448
20261022|0544|0706|1247|1548|1817|1934|11 Cemaziyelevvel 1448
20261023|0545|0707|1246|1547|1816|1933|12 Cemaziyelevvel 1448
20261024|0546|0708|1246|1546|1814|1931|13 Cemaziyelevvel 1448
20261025|0547|0709|1246|1545|1813|1930|14 Cemaziyelevvel 1448
20261026|0548|0710|1246|1544|1812|1929|15 Cemaziyelevvel 1448
20261027|0549|0711|1246|1543|1811|1928|16 Cemaziyelevvel 1448
20261028|0550|0712|1246|1542|1809|1927|17 Cemaziyelevvel 1448
20261029|0551|0714|1246|1541|1808|1926|18 Cemaziyelevvel 1448
20261030|0552|0715|1246|1540|1807|1925|19 Cemaziyelevvel 1448
20261031|0553|0716|1246|1539|1806|1923|20 Cemaziyelevvel 1448
20261101|0554|0717|1246|1538|1805|1922|21 Cemaziyelevvel 1448
20261102|0555|0718|1246|1537|1803|1921|22 Cemaziyelevvel 1448
20261103|0556|0719|1246|1536|1802|1920|23 Cemaziyelevvel 1448
20261104|0557|0720|1246|1535|1801|1919|24 Cemaziyelevvel 1448
20261105|0558|0721|1246|1534|1800|1919|25 Cemaziyelevvel 1448
20261106|0559|0722|1246|1534|1759|1918|26 Cemaziyelevvel 1448
20261107|0559|0723|1246|1533|1758|1917|27 Cemaziyelevvel 1448
20261108|0600|0724|1246|1532|1757|1916|28 Cemaziyelevvel 1448
20261109|0601|0726|1246|1531|1756|1915|29 Cemaziyelevvel 1448
20261110|0602|0727|1246|1531|1755|1914|1 Cemaziyelahir 1448
20261111|0603|0728|1246|1530|1754|1914|2 Cemaziyelahir 1448
20261112|0604|0729|1246|1529|1753|1913|3 Cemaziyelahir 1448
20261113|0605|0730|1246|1528|1753|1912|4 Cemaziyelahir 1448
20261114|0606|0731|1246|1528|1752|1911|5 Cemaziyelahir 1448
20261115|0607|0732|1247|1527|1751|1911|6 Cemaziyelahir 1448
20261116|0608|0733|1247|1527|1750|1910|7 Cemaziyelahir 1448
20261117|0609|0734|1247|1526|1749|1910|8 Cemaziyelahir 1448
20261118|0610|0735|1247|1525|1749|1909|9 Cemaziyelahir 1448
20261119|0611|0737|1247|1525|1748|1909|10 Cemaziyelahir 1448
20261120|0612|0738|1248|1524|1747|1908|11 Cemaziyelahir 1448
20261121|0613|0739|1248|1524|1747|1908|12 Cemaziyelahir 1448
20261122|0614|0740|1248|1524|1746|1907|13 Cemaziyelahir 1448
20261123|0615|0741|1248|1523|1746|1907|14 Cemaziyelahir 1448
20261124|0615|0742|1249|1523|1745|1906|15 Cemaziyelahir 1448
20261125|0616|0743|1249|1522|1745|1906|16 Cemaziyelahir 1448
20261126|0617|0744|1249|1522|1744|1906|17 Cemaziyelahir 1448
20261127|0618|0745|1249|1522|1744|1906|18 Cemaziyelahir 1448
20261128|0619|0746|1250|1522|1744|1905|19 Cemaziyelahir 1448
20261129|0620|0747|1250|1521|1743|1905|20 Cemaziyelahir 1448
20261130|0621|0748|1251|1521|1743|1905|21 Cemaziyelahir 1448
20261201|0622|0749|1251|1521|1743|1905|22 Cemaziyelahir 1448
20261202|0622|0750|1251|1521|1742|1905|23 Cemaziyelahir 1448
20261203|0623|0751|1252|1521|1742|1905|24 Cemaziyelahir 1448
20261204|0624|0752|1252|1521|1742|1905|25 Cemaziyelahir 1448
20261205|0625|0753|1252|1521|1742|1905|26 Cemaziyelahir 1448
20261206|0626|0754|1253|1521|1742|1905|27 Cemaziyelahir 1448
20261207|0627|0755|1253|1521|1742|1905|28 Cemaziyelahir 1448
20261208|0627|0756|1254|1521|1742|1905|29 Cemaziyelahir 1448
20261209|0628|0756|1254|1521|1742|1905|30 Cemaziyelahir 1448
20261210|0629|0757|1255|1521|1742|1905|1 Recep 1448
20261211|0630|0758|1255|1521|1742|1905|2 Recep 1448
20261212|0630|0759|1256|1521|1742|1905|3 Recep 1448
20261213|0631|0800|1256|1522|1742|1906|4 Recep 1448
20261214|0632|0800|1256|1522|1743|1906|5 Recep 1448
20261215|0632|0801|1257|1522|1743|1906|6 Recep 1448
20261216|0633|0802|1257|1522|1743|1907|7 Recep 1448
20261217|0634|0802|1258|1523|1743|1907|8 Recep 1448
20261218|0634|0803|1258|1523|1744|1907|9 Recep 1448
20261219|0635|0804|1259|1524|1744|1908|10 Recep 1448
20261220|0635|0804|1259|1524|1745|1908|11 Recep 1448
20261221|0636|0805|1300|1524|1745|1909|12 Recep 1448
20261222|0636|0805|1300|1525|1746|1909|13 Recep 1448
20261223|0637|0806|1301|1525|1746|1910|14 Recep 1448
20261224|0637|0806|1301|1526|1747|1910|15 Recep 1448
20261225|0638|0807|1302|1527|1747|1911|16 Recep 1448
20261226|0638|0807|1302|1527|1748|1911|17 Recep 1448
20261227|0638|0807|1303|1528|1748|1912|18 Recep 1448
20261228|0639|0808|1303|1528|1749|1913|19 Recep 1448
20261229|0639|0808|1304|1529|1750|1913|20 Recep 1448
20261230|0639|0808|1304|1530|1751|1914|21 Recep 1448
20261231|0640|0808|1305|1530|1751|1915|22 Recep 1448
20270101|0640|0808|1305|1531|1752|1915|23 Recep 1448
20270102|0640|0809|1306|1532|1753|1916|24 Recep 1448
20270103|0640|0809|1306|1533|1754|1917|25 Recep 1448
20270104|0641|0809|1307|1534|1755|1918|26 Recep 1448
20270105|0641|0809|1307|1534|1755|1918|27 Recep 1448
20270106|0641|0809|1308|1535|1756|1919|28 Recep 1448
20270107|0641|0809|1308|1536|1757|1920|29 Recep 1448
20270108|0641|0809|1308|1537|1758|1921|30 Recep 1448
20270109|0641|0809|1309|1538|1759|1922|1 Şaban 1448
20270110|0641|0808|1309|1539|1800|1922|2 Şaban 1448
20270111|0641|0808|1310|1540|1801|1923|3 Şaban 1448
20270112|0641|0808|1310|1540|1802|1924|4 Şaban 1448
20270113|0641|0808|1310|1541|1803|1925|5 Şaban 1448
20270114|0640|0808|1311|1542|1804|1926|6 Şaban 1448
20270115|0640|0807|1311|1543|1805|1927|7 Şaban 1448
20270116|0640|0807|1312|1544|1806|1928|8 Şaban 1448
20270117|0640|0807|1312|1545|1807|1929|9 Şaban 1448
20270118|0639|0806|1312|1546|1808|1930|10 Şaban 1448
20270119|0639|0806|1313|1547|1809|1931|11 Şaban 1448
20270120|0639|0805|1313|1548|1811|1932|12 Şaban 1448
20270121|0638|0805|1313|1549|1812|1933|13 Şaban 1448
20270122|0638|0804|1313|1550|1813|1934|14 Şaban 1448
20270123|0638|0803|1314|1551|1814|1934|15 Şaban 1448
20270124|0637|0803|1314|1552|1815|1935|16 Şaban 1448
20270125|0637|0802|1314|1553|1816|1936|17 Şaban 1448
20270126|0636|0802|1314|1554|1817|1937|18 Şaban 1448
20270127|0636|0801|1315|1555|1818|1938|19 Şaban 1448
20270128|0635|0800|1315|1556|1820|1939|20 Şaban 1448
20270129|0634|0759|1315|1557|1821|1940|21 Şaban 1448
20270130|0634|0758|1315|1558|1822|1941|22 Şaban 1448
20270131|0633|0758|1315|1559|1823|1942|23 Şaban 1448
20270201|0632|0757|1315|1600|1824|1943|24 Şaban 1448
20270202|0632|0756|1316|1601|1825|1944|25 Şaban 1448
20270203|0631|0755|1316|1602|1827|1945|26 Şaban 1448
20270204|0630|0754|1316|1603|1828|1947|27 Şaban 1448
20270205|0629|0753|1316|1604|1829|1948|28 Şaban 1448
20270206|0628|0752|1316|1604|1830|1949|29 Şaban 1448
20270207|0628|0751|1316|1605|1831|1950|30 Şaban 1448
20270208|0627|0750|1316|1606|1832|1951|1 Ramazan 1448
20270209|0626|0749|1316|1607|1834|1952|2 Ramazan 1448
20270210|0625|0748|1316|1608|1835|1953|3 Ramazan 1448
20270211|0624|0747|1316|1609|1836|1954|4 Ramazan 1448
20270212|0623|0746|1316|1610|1837|1955|5 Ramazan 1448
20270213|0622|0744|1316|1611|1838|1956|6 Ramazan 1448
20270214|0621|0743|1316|1612|1839|1957|7 Ramazan 1448
20270215|0620|0742|1316|1613|1840|1958|8 Ramazan 1448
20270216|0618|0741|1316|1613|1841|1959|9 Ramazan 1448
20270217|0617|0740|1316|1614|1843|2000|10 Ramazan 1448
20270218|0616|0738|1316|1615|1844|2001|11 Ramazan 1448
20270219|0615|0737|1316|1616|1845|2002|12 Ramazan 1448
20270220|0614|0736|1316|1617|1846|2003|13 Ramazan 1448
20270221|0612|0734|1316|1617|1847|2004|14 Ramazan 1448
20270222|0611|0733|1316|1618|1848|2005|15 Ramazan 1448
20270223|0610|0732|1315|1619|1849|2006|16 Ramazan 1448
20270224|0609|0730|1315|1620|1850|2007|17 Ramazan 1448
20270225|0607|0729|1315|1620|1851|2008|18 Ramazan 1448
20270226|0606|0728|1315|1621|1852|2009|19 Ramazan 1448
20270227|0605|0726|1315|1622|1854|2010|20 Ramazan 1448
20270228|0603|0725|1315|1623|1855|2011|21 Ramazan 1448
20270301|0602|0723|1314|1623|1856|2012|22 Ramazan 1448
20270302|0600|0722|1314|1624|1857|2013|23 Ramazan 1448
20270303|0559|0720|1314|1625|1858|2014|24 Ramazan 1448
20270304|0558|0719|1314|1625|1859|2015|25 Ramazan 1448
20270305|0556|0718|1314|1626|1900|2016|26 Ramazan 1448
20270306|0555|0716|1313|1627|1901|2017|27 Ramazan 1448
20270307|0553|0715|1313|1627|1902|2018|28 Ramazan 1448
20270308|0552|0713|1313|1628|1903|2019|29 Ramazan 1448
20270309|0550|0712|1313|1628|1904|2020|1 Şevval 1448
20270310|0549|0710|1312|1629|1905|2021|2 Şevval 1448
20270311|0547|0709|1312|1630|1906|2022|3 Şevval 1448
20270312|0545|0707|1312|1630|1907|2023|4 Şevval 1448
20270313|0544|0705|1312|1631|1908|2024|5 Şevval 1448
20270314|0542|0704|1311|1631|1909|2025|6 Şevval 1448
20270315|0541|0702|1311|1632|1910|2026|7 Şevval 1448
20270316|0539|0701|1311|1632|1911|2028|8 Şevval 1448
20270317|0537|0659|1311|1633|1912|2029|9 Şevval 1448
20270318|0536|0658|1310|1633|1913|2030|10 Şevval 1448
20270319|0534|0656|1310|1634|1914|2031|11 Şevval 1448
20270320|0532|0655|1310|1634|1915|2032|12 Şevval 1448
20270321|0531|0653|1309|1635|1916|2033|13 Şevval 1448
20270322|0529|0651|1309|1635|1917|2034|14 Şevval 1448
20270323|0527|0650|1309|1636|1918|2035|15 Şevval 1448
20270324|0526|0648|1309|1636|1919|2036|16 Şevval 1448
20270325|0524|0647|1308|1636|1920|2037|17 Şevval 1448
20270326|0522|0645|1308|1637|1921|2038|18 Şevval 1448
20270327|0520|0644|1308|1637|1922|2039|19 Şevval 1448
20270328|0519|0642|1307|1638|1923|2041|20 Şevval 1448
20270329|0517|0640|1307|1638|1924|2042|21 Şevval 1448
20270330|0515|0639|1307|1638|1925|2043|22 Şevval 1448
20270331|0513|0637|1306|1639|1926|2044|23 Şevval 1448
20270401|0512|0636|1306|1639|1927|2045|24 Şevval 1448
20270402|0510|0634|1306|1639|1928|2046|25 Şevval 1448
20270403|0508|0633|1306|1640|1928|2047|26 Şevval 1448
20270404|0506|0631|1305|1640|1929|2049|27 Şevval 1448
20270405|0505|0630|1305|1640|1930|2050|28 Şevval 1448
20270406|0503|0628|1305|1641|1931|2051|29 Şevval 1448
20270407|0501|0626|1304|1641|1932|2052|30 Şevval 1448
20270408|0459|0625|1304|1641|1933|2053|1 Zilkade 1448
20270409|0457|0623|1304|1642|1934|2054|2 Zilkade 1448
20270410|0456|0622|1304|1642|1935|2056|3 Zilkade 1448
20270411|0454|0620|1303|1642|1936|2057|4 Zilkade 1448
20270412|0452|0619|1303|1642|1937|2058|5 Zilkade 1448
20270413|0450|0617|1303|1643|1938|2059|6 Zilkade 1448
20270414|0449|0616|1302|1643|1939|2101|7 Zilkade 1448
20270415|0447|0615|1302|1643|1940|2102|8 Zilkade 1448
20270416|0445|0613|1302|1644|1941|2103|9 Zilkade 1448
20270417|0443|0612|1302|1644|1942|2104|10 Zilkade 1448
20270418|0442|0610|1302|1644|1943|2106|11 Zilkade 1448
20270419|0440|0609|1301|1644|1944|2107|12 Zilkade 1448
20270420|0438|0607|1301|1645|1945|2108|13 Zilkade 1448
20270421|0436|0606|1301|1645|1946|2110|14 Zilkade 1448
20270422|0435|0605|1301|1645|1947|2111|15 Zilkade 1448
20270423|0433|0603|1301|1645|1948|2112|16 Zilkade 1448
20270424|0431|0602|1300|1645|1949|2113|17 Zilkade 1448
20270425|0429|0601|1300|1646|1950|2115|18 Zilkade 1448
20270426|0428|0559|1300|1646|1951|2116|19 Zilkade 1448
20270427|0426|0558|1300|1646|1952|2117|20 Zilkade 1448
20270428|0424|0557|1300|1646|1953|2119|21 Zilkade 1448
20270429|0423|0555|1259|1647|1954|2120|22 Zilkade 1448
20270430|0421|0554|1259|1647|1955|2121|23 Zilkade 1448
20270501|0419|0553|1259|1647|1955|2123|24 Zilkade 1448
20270502|0418|0552|1259|1647|1956|2124|25 Zilkade 1448
20270503|0416|0551|1259|1647|1957|2126|26 Zilkade 1448
20270504|0414|0549|1259|1648|1958|2127|27 Zilkade 1448
20270505|0413|0548|1259|1648|1959|2128|28 Zilkade 1448
20270506|0411|0547|1259|1648|2000|2130|29 Zilkade 1448
20270507|0410|0546|1259|1648|2001|2131|1 Zilhicce 1448
20270508|0408|0545|1259|1649|2002|2132|2 Zilhicce 1448
20270509|0407|0544|1259|1649|2003|2134|3 Zilhicce 1448
20270510|0405|0543|1258|1649|2004|2135|4 Zilhicce 1448
20270511|0404|0542|1258|1649|2005|2136|5 Zilhicce 1448
20270512|0402|0541|1258|1649|2006|2138|6 Zilhicce 1448
20270513|0401|0540|1258|1650|2007|2139|7 Zilhicce 1448
20270514|0359|0539|1258|1650|2008|2140|8 Zilhicce 1448
20270515|0358|0538|1258|1650|2009|2142|9 Zilhicce 1448
20270516|0357|0537|1258|1650|2010|2143|10 Zilhicce 1448
20270517|0355|0536|1258|1651|2010|2144|11 Zilhicce 1448
20270518|0354|0536|1258|1651|2011|2146|12 Zilhicce 1448
20270519|0353|0535|1259|1651|2012|2147|13 Zilhicce 1448
20270520|0351|0534|1259|1651|2013|2148|14 Zilhicce 1448
20270521|0350|0533|1259|1651|2014|2150|15 Zilhicce 1448
20270522|0349|0533|1259|1652|2015|2151|16 Zilhicce 1448
20270523|0348|0532|1259|1652|2016|2152|17 Zilhicce 1448
20270524|0347|0531|1259|1652|2017|2153|18 Zilhicce 1448
20270525|0346|0531|1259|1652|2017|2155|19 Zilhicce 1448
20270526|0345|0530|1259|1653|2018|2156|20 Zilhicce 1448
20270527|0344|0529|1259|1653|2019|2157|21 Zilhicce 1448
20270528|0343|0529|1259|1653|2020|2158|22 Zilhicce 1448
20270529|0342|0528|1259|1653|2020|2159|23 Zilhicce 1448
20270530|0341|0528|1300|1654|2021|2200|24 Zilhicce 1448
20270531|0340|0527|1300|1654|2022|2201|25 Zilhicce 1448
20270601|0339|0527|1300|1654|2023|2202|26 Zilhicce 1448
20270602|0338|0527|1300|1654|2023|2204|27 Zilhicce 1448
20270603|0338|0526|1300|1655|2024|2205|28 Zilhicce 1448
20270604|0337|0526|1300|1655|2025|2205|29 Zilhicce 1448
20270605|0336|0526|1300|1655|2025|2206|30 Zilhicce 1448
20270606|0336|0525|1301|1655|2026|2207|1 Muharrem 1449
20270607|0335|0525|1301|1656|2027|2208|2 Muharrem 1449
20270608|0335|0525|1301|1656|2027|2209|3 Muharrem 1449
20270609|0334|0525|1301|1656|2028|2210|4 Muharrem 1449
20270610|0334|0525|1301|1656|2028|2211|5 Muharrem 1449
20270611|0334|0524|1302|1657|2029|2211|6 Muharrem 1449
20270612|0333|0524|1302|1657|2029|2212|7 Muharrem 1449
20270613|0333|0524|1302|1657|2030|2213|8 Muharrem 1449
20270614|0333|0524|1302|1657|2030|2213|9 Muharrem 1449
20270615|0333|0524|1302|1658|2031|2214|10 Muharrem 1449
20270616|0333|0524|1303|1658|2031|2214|11 Muharrem 1449
20270617|0333|0524|1303|1658|2031|2215|12 Muharrem 1449
20270618|0333|0524|1303|1658|2032|2215|13 Muharrem 1449
20270619|0333|0525|1303|1659|2032|2215|14 Muharrem 1449
20270620|0333|0525|1303|1659|2032|2216|15 Muharrem 1449
20270621|0333|0525|1304|1659|2033|2216|16 Muharrem 1449
20270622|0333|0525|1304|1659|2033|2216|17 Muharrem 1449
20270623|0333|0525|1304|1659|2033|2216|18 Muharrem 1449
20270624|0334|0526|1304|1700|2033|2217|19 Muharrem 1449
20270625|0334|0526|1305|1700|2033|2217|20 Muharrem 1449
20270626|0335|0526|1305|1700|2033|2217|21 Muharrem 1449
20270627|0335|0527|1305|1700|2033|2217|22 Muharrem 1449
20270628|0336|0527|1305|1700|2033|2217|23 Muharrem 1449
20270629|0336|0527|1305|1701|2033|2216|24 Muharrem 1449
20270630|0337|0528|1306|1701|2033|2216|25 Muharrem 1449
20270701|0337|0528|1306|1701|2033|2216|26 Muharrem 1449
20270702|0338|0529|1306|1701|2033|2216|27 Muharrem 1449
20270703|0339|0529|1306|1701|2033|2215|28 Muharrem 1449
20270704|0339|0530|1306|1701|2033|2215|29 Muharrem 1449
20270705|0340|0530|1307|1701|2033|2215|1 Safer 1449
20270706|0341|0531|1307|1702|2033|2214|2 Safer 1449
20270707|0342|0531|1307|1702|2032|2214|3 Safer 1449
20270708|0343|0532|1307|1702|2032|2213|4 Safer 1449
20270709|0344|0533|1307|1702|2032|2213|5 Safer 1449
20270710|0345|0533|1307|1702|2031|2212|6 Safer 1449
20270711|0346|0534|1307|1702|2031|2211|7 Safer 1449
20270712|0347|0535|1308|1702|2031|2211|8 Safer 1449
20270713|0348|0535|1308|1702|2030|2210|9 Safer 1449
20270714|0349|0536|1308|1702|2030|2209|10 Safer 1449
20270715|0350|0537|1308|1702|2029|2208|11 Safer 1449
20270716|0351|0537|1308|1702|2029|2207|12 Safer 1449
20270717|0352|0538|1308|1702|2028|2206|13 Safer 1449
20270718|0354|0539|1308|1702|2028|2205|14 Safer 1449
20270719|0355|0540|1308|1702|2027|2204|15 Safer 1449
20270720|0356|0541|1308|1702|2026|2203|16 Safer 1449
20270721|0357|0541|1308|1702|2026|2202|17 Safer 1449
20270722|0359|0542|1309|1702|2025|2201|18 Safer 1449
20270723|0400|0543|1309|1701|2024|2200|19 Safer 1449
20270724|0401|0544|1309|1701|2023|2159|20 Safer 1449
20270725|0402|0545|1309|1701|2023|2158|21 Safer 1449
20270726|0404|0545|1309|1701|2022|2156|22 Safer 1449
20270727|0405|0546|1309|1701|2021|2155|23 Safer 1449
20270728|0406|0547|1309|1701|2020|2154|24 Safer 1449
20270729|0408|0548|1309|1700|2019|2152|25 Safer 1449
20270730|0409|0549|1309|1700|2018|2151|26 Safer 1449
20270731|0410|0550|1308|1700|2017|2150|27 Safer 1449
20270801|0412|0551|1308|1700|2016|2148|28 Safer 1449
20270802|0413|0552|1308|1659|2015|2147|29 Safer 1449
20270803|0414|0552|1308|1659|2014|2145|1 Rebiulevvel 1449
20270804|0416|0553|1308|1659|2013|2144|2 Rebiulevvel 1449
20270805|0417|0554|1308|1658|2012|2142|3 Rebiulevvel 1449
20270806|0418|0555|1308|1658|2011|2141|4 Rebiulevvel 1449
20270807|0420|0556|1308|1657|2010|2139|5 Rebiulevvel 1449
20270808|0421|0557|1308|1657|2009|2138|6 Rebiulevvel 1449
20270809|0422|0558|1308|1657|2008|2136|7 Rebiulevvel 1449
20270810|0424|0559|1308|1656|2006|2135|8 Rebiulevvel 1449
20270811|0425|0600|1307|1656|2005|2133|9 Rebiulevvel 1449
20270812|0427|0600|1307|1655|2004|2132|10 Rebiulevvel 1449
20270813|0428|0601|1307|1655|2003|2130|11 Rebiulevvel 1449
20270814|0429|0602|1307|1654|2002|2128|12 Rebiulevvel 1449
20270815|0430|0603|1307|1654|2000|2127|13 Rebiulevvel 1449
20270816|0432|0604|1306|1653|1959|2125|14 Rebiulevvel 1449
20270817|0433|0605|1306|1652|1958|2123|15 Rebiulevvel 1449
20270818|0434|0606|1306|1652|1956|2122|16 Rebiulevvel 1449
20270819|0436|0607|1306|1651|1955|2120|17 Rebiulevvel 1449
20270820|0437|0608|1306|1651|1954|2118|18 Rebiulevvel 1449
20270821|0438|0609|1305|1650|1952|2116|19 Rebiulevvel 1449
20270822|0440|0610|1305|1649|1951|2115|20 Rebiulevvel 1449
20270823|0441|0610|1305|1649|1949|2113|21 Rebiulevvel 1449
20270824|0442|0611|1305|1648|1948|2111|22 Rebiulevvel 1449
20270825|0443|0612|1304|1647|1947|2109|23 Rebiulevvel 1449
20270826|0445|0613|1304|1646|1945|2108|24 Rebiulevvel 1449
20270827|0446|0614|1304|1646|1944|2106|25 Rebiulevvel 1449
20270828|0447|0615|1303|1645|1942|2104|26 Rebiulevvel 1449
20270829|0448|0616|1303|1644|1941|2102|27 Rebiulevvel 1449
20270830|0449|0617|1303|1643|1939|2101|28 Rebiulevvel 1449
20270831|0451|0618|1303|1642|1938|2059|29 Rebiulevvel 1449
20270901|0452|0618|1302|1642|1936|2057|30 Rebiulevvel 1449
20270902|0453|0619|1302|1641|1935|2055|1 Rebiulahir 1449
20270903|0454|0620|1302|1640|1933|2053|2 Rebiulahir 1449
20270904|0455|0621|1301|1639|1932|2052|3 Rebiulahir 1449
20270905|0456|0622|1301|1638|1930|2050|4 Rebiulahir 1449
20270906|0458|0623|1301|1637|1928|2048|5 Rebiulahir 1449
20270907|0459|0624|1300|1636|1927|2046|6 Rebiulahir 1449
20270908|0500|0625|1300|1635|1925|2045|7 Rebiulahir 1449
20270909|0501|0626|1300|1634|1924|2043|8 Rebiulahir 1449
20270910|0502|0626|1259|1633|1922|2041|9 Rebiulahir 1449
20270911|0503|0627|1259|1632|1921|2039|10 Rebiulahir 1449
20270912|0504|0628|1259|1631|1919|2037|11 Rebiulahir 1449
20270913|0505|0629|1258|1630|1917|2036|12 Rebiulahir 1449
20270914|0506|0630|1258|1629|1916|2034|13 Rebiulahir 1449
20270915|0507|0631|1258|1628|1914|2032|14 Rebiulahir 1449
20270916|0509|0632|1257|1627|1913|2030|15 Rebiulahir 1449
20270917|0510|0633|1257|1626|1911|2029|16 Rebiulahir 1449
20270918|0511|0634|1256|1625|1909|2027|17 Rebiulahir 1449
20270919|0512|0634|1256|1624|1908|2025|18 Rebiulahir 1449
20270920|0513|0635|1256|1623|1906|2023|19 Rebiulahir 1449
20270921|0514|0636|1255|1622|1904|2022|20 Rebiulahir 1449
20270922|0515|0637|1255|1621|1903|2020|21 Rebiulahir 1449
20270923|0516|0638|1255|1620|1901|2018|22 Rebiulahir 1449
20270924|0517|0639|1254|1619|1900|2017|23 Rebiulahir 1449
20270925|0518|0640|1254|1618|1858|2015|24 Rebiulahir 1449
20270926|0519|0641|1254|1617|1856|2013|25 Rebiulahir 1449
20270927|0520|0642|1253|1616|1855|2011|26 Rebiulahir 1449
20270928|0521|0643|1253|1614|1853|2010|27 Rebiulahir 1449
20270929|0522|0644|1253|1613|1852|2008|28 Rebiulahir 1449
20270930|0523|0644|1252|1612|1850|2007|29 Rebiulahir 1449
20271001|0524|0645|1252|1611|1849|2005|1 Cemaziyelevvel 1449
20271002|0525|0646|1252|1610|1847|2003|2 Cemaziyelevvel 1449
20271003|0526|0647|1251|1609|1845|2002|3 Cemaziyelevvel 1449
20271004|0527|0648|1251|1608|1844|2000|4 Cemaziyelevvel 1449
20271005|0528|0649|1251|1607|1842|1958|5 Cemaziyelevvel 1449
20271006|0529|0650|1250|1605|1841|1957|6 Cemaziyelevvel 1449
20271007|0530|0651|1250|1604|1839|1955|7 Cemaziyelevvel 1449
20271008|0531|0652|1250|1603|1838|1954|8 Cemaziyelevvel 1449
20271009|0532|0653|1250|1602|1836|1952|9 Cemaziyelevvel 1449
20271010|0533|0654|1249|1601|1835|1951|10 Cemaziyelevvel 1449
20271011|0533|0655|1249|1600|1833|1949|11 Cemaziyelevvel 1449
20271012|0534|0656|1249|1559|1832|1948|12 Cemaziyelevvel 1449
20271013|0535|0657|1248|1558|1830|1946|13 Cemaziyelevvel 1449
20271014|0536|0658|1248|1557|1829|1945|14 Cemaziyelevvel 1449
20271015|0537|0659|1248|1555|1827|1944|15 Cemaziyelevvel 1449
20271016|0538|0700|1248|1554|1826|1942|16 Cemaziyelevvel 1449
20271017|0539|0701|1248|1553|1824|1941|17 Cemaziyelevvel 1449
20271018|0540|0702|1247|1552|1823|1939|18 Cemaziyelevvel 1449
20271019|0541|0703|1247|1551|1821|1938|19 Cemaziyelevvel 1449
20271020|0542|0704|1247|1550|1820|1937|20 Cemaziyelevvel 1449
20271021|0543|0705|1247|1549|1819|1935|21 Cemaziyelevvel 1449
20271022|0544|0706|1247|1548|1817|1934|22 Cemaziyelevvel 1449
20271023|0545|0707|1246|1547|1816|1933|23 Cemaziyelevvel 1449
20271024|0546|0708|1246|1546|1815|1932|24 Cemaziyelevvel 1449
20271025|0547|0709|1246|1545|1813|1930|25 Cemaziyelevvel 1449
20271026|0548|0710|1246|1544|1812|1929|26 Cemaziyelevvel 1449
20271027|0549|0711|1246|1543|1811|1928|27 Cemaziyelevvel 1449
20271028|0550|0712|1246|1542|1810|1927|28 Cemaziyelevvel 1449
20271029|0551|0713|1246|1541|1808|1926|29 Cemaziyelevvel 1449
20271030|0552|0714|1246|1540|1807|1925|30 Cemaziyelevvel 1449
20271031|0553|0715|1246|1539|1806|1924|1 Cemaziyelahir 1449
20271101|0553|0717|1246|1538|1805|1923|2 Cemaziyelahir 1449
20271102|0554|0718|1246|1537|1804|1922|3 Cemaziyelahir 1449
20271103|0555|0719|1246|1536|1803|1921|4 Cemaziyelahir 1449
20271104|0556|0720|1246|1535|1801|1920|5 Cemaziyelahir 1449
20271105|0557|0721|1246|1535|1800|1919|6 Cemaziyelahir 1449
20271106|0558|0722|1246|1534|1759|1918|7 Cemaziyelahir 1449
20271107|0559|0723|1246|1533|1758|1917|8 Cemaziyelahir 1449
20271108|0600|0724|1246|1532|1757|1916|9 Cemaziyelahir 1449
20271109|0601|0725|1246|1531|1756|1915|10 Cemaziyelahir 1449
20271110|0602|0726|1246|1531|1755|1915|11 Cemaziyelahir 1449
20271111|0603|0727|1246|1530|1754|1914|12 Cemaziyelahir 1449
20271112|0604|0729|1246|1529|1754|1913|13 Cemaziyelahir 1449
20271113|0605|0730|1246|1529|1753|1912|14 Cemaziyelahir 1449
20271114|0606|0731|1246|1528|1752|1912|15 Cemaziyelahir 1449
20271115|0607|0732|1246|1527|1751|1911|16 Cemaziyelahir 1449
20271116|0608|0733|1247|1527|1750|1910|17 Cemaziyelahir 1449
20271117|0609|0734|1247|1526|1750|1910|18 Cemaziyelahir 1449
20271118|0610|0735|1247|1526|1749|1909|19 Cemaziyelahir 1449
20271119|0611|0736|1247|1525|1748|1909|20 Cemaziyelahir 1449
20271120|0612|0737|1247|1525|1748|1908|21 Cemaziyelahir 1449
20271121|0612|0738|1248|1524|1747|1908|22 Cemaziyelahir 1449
20271122|0613|0740|1248|1524|1746|1907|23 Cemaziyelahir 1449
20271123|0614|0741|1248|1523|1746|1907|24 Cemaziyelahir 1449
20271124|0615|0742|1248|1523|1745|1907|25 Cemaziyelahir 1449
20271125|0616|0743|1249|1523|1745|1906|26 Cemaziyelahir 1449
20271126|0617|0744|1249|1522|1744|1906|27 Cemaziyelahir 1449
20271127|0618|0745|1249|1522|1744|1906|28 Cemaziyelahir 1449
20271128|0619|0746|1250|1522|1744|1905|29 Cemaziyelahir 1449
20271129|0620|0747|1250|1521|1743|1905|1 Recep 1449
20271130|0621|0748|1250|1521|1743|1905|2 Recep 1449
20271201|0621|0749|1251|1521|1743|1905|3 Recep 1449
20271202|0622|0750|1251|1521|1742|1905|4 Recep 1449
20271203|0623|0751|1252|1521|1742|1905|5 Recep 1449
20271204|0624|0752|1252|1521|1742|1905|6 Recep 1449
20271205|0625|0753|1252|1521|1742|1905|7 Recep 1449
20271206|0626|0754|1253|1521|1742|1905|8 Recep 1449
20271207|0626|0754|1253|1521|1742|1905|9 Recep 1449
20271208|0627|0755|1254|1521|1742|1905|10 Recep 1449
20271209|0628|0756|1254|1521|1742|1905|11 Recep 1449
20271210|0629|0757|1254|1521|1742|1905|12 Recep 1449
20271211|0629|0758|1255|1521|1742|1905|13 Recep 1449
20271212|0630|0759|1255|1521|1742|1905|14 Recep 1449
20271213|0631|0759|1256|1522|1742|1906|15 Recep 1449
20271214|0631|0800|1256|1522|1743|1906|16 Recep 1449
20271215|0632|0801|1257|1522|1743|1906|17 Recep 1449
20271216|0633|0802|1257|1522|1743|1906|18 Recep 1449
20271217|0633|0802|1258|1523|1743|1907|19 Recep 1449
20271218|0634|0803|1258|1523|1744|1907|20 Recep 1449
20271219|0635|0803|1259|1523|1744|1908|21 Recep 1449
20271220|0635|0804|1259|1524|1745|1908|22 Recep 1449
20271221|0636|0805|1300|1524|1745|1909|23 Recep 1449
20271222|0636|0805|1300|1525|1745|1909|24 Recep 1449
20271223|0637|0806|1301|1525|1746|1909|25 Recep 1449
20271224|0637|0806|1301|1526|1746|1910|26 Recep 1449
20271225|0638|0806|1302|1526|1747|1911|27 Recep 1449
20271226|0638|0807|1302|1527|1748|1911|28 Recep 1449
20271227|0638|0807|1303|1528|1748|1912|29 Recep 1449
20271228|0639|0808|1303|1528|1749|1912|30 Recep 1449
20271229|0639|0808|1304|1529|1750|1913|1 Şaban 1449
20271230|0639|0808|1304|1530|1750|1914|2 Şaban 1449
20271231|0640|0808|1305|1530|1751|1914|3 Şaban 1449
#@9180|Kızılören|AFYONKARAHISAR|730
20260101|0642|0809|1308|1536|1756|1919|12 Recep 1447
20260102|0642|0809|1308|1536|1757|1919|13 Recep 1447
20260103|0642|0809|1309|1537|1758|1920|14 Recep 1447
20260104|0642|0810|1309|1538|1759|1921|15 Recep 1447
20260105|0642|0810|1310|1539|1800|1922|16 Recep 1447
20260106|0642|0810|1310|1539|1801|1923|17 Recep 1447
20260107|0642|0810|1310|1540|1802|1923|18 Recep 1447
20260108|0642|0809|1311|1541|1802|1924|19 Recep 1447
20260109|0642|0809|1311|1542|1803|1925|20 Recep 1447
20260110|0642|0809|1312|1543|1804|1926|21 Recep 1447
20260111|0642|0809|1312|1544|1805|1927|22 Recep 1447
20260112|0642|0809|1313|1545|1806|1928|23 Recep 1447
20260113|0642|0809|1313|1546|1807|1928|24 Recep 1447
20260114|0642|0808|1313|1546|1808|1929|25 Recep 1447
20260115|0642|0808|1314|1547|1809|1930|26 Recep 1447
20260116|0642|0808|1314|1548|1810|1931|27 Recep 1447
20260117|0641|0807|1314|1549|1811|1932|28 Recep 1447
20260118|0641|0807|1315|1550|1813|1933|29 Recep 1447
20260119|0641|0806|1315|1551|1814|1934|30 Recep 1447
20260120|0641|0806|1315|1552|1815|1935|1 Şaban 1447
20260121|0640|0805|1316|1553|1816|1936|2 Şaban 1447
20260122|0640|0805|1316|1554|1817|1937|3 Şaban 1447
20260123|0639|0804|1316|1555|1818|1938|4 Şaban 1447
20260124|0639|0804|1316|1556|1819|1939|5 Şaban 1447
20260125|0638|0803|1317|1557|1820|1940|6 Şaban 1447
20260126|0638|0802|1317|1558|1821|1941|7 Şaban 1447
20260127|0637|0802|1317|1559|1822|1942|8 Şaban 1447
20260128|0637|0801|1317|1600|1824|1943|9 Şaban 1447
20260129|0636|0800|1317|1601|1825|1944|10 Şaban 1447
20260130|0636|0759|1318|1602|1826|1945|11 Şaban 1447
20260131|0635|0759|1318|1603|1827|1946|12 Şaban 1447
20260201|0634|0758|1318|1604|1828|1947|13 Şaban 1447
20260202|0633|0757|1318|1605|1829|1948|14 Şaban 1447
20260203|0633|0756|1318|1606|1830|1949|15 Şaban 1447
20260204|0632|0755|1318|1606|1832|1950|16 Şaban 1447
20260205|0631|0754|1318|1607|1833|1951|17 Şaban 1447
20260206|0630|0753|1318|1608|1834|1952|18 Şaban 1447
20260207|0629|0752|1319|1609|1835|1953|19 Şaban 1447
20260208|0628|0751|1319|1610|1836|1954|20 Şaban 1447
20260209|0628|0750|1319|1611|1837|1955|21 Şaban 1447
20260210|0627|0749|1319|1612|1838|1956|22 Şaban 1447
20260211|0626|0748|1319|1613|1839|1957|23 Şaban 1447
20260212|0625|0747|1319|1614|1841|1958|24 Şaban 1447
20260213|0624|0746|1319|1614|1842|1959|25 Şaban 1447
20260214|0623|0744|1319|1615|1843|2000|26 Şaban 1447
20260215|0622|0743|1319|1616|1844|2001|27 Şaban 1447
20260216|0620|0742|1318|1617|1845|2001|28 Şaban 1447
20260217|0619|0741|1318|1618|1846|2002|29 Şaban 1447
20260218|0618|0740|1318|1619|1847|2003|30 Şaban 1447
20260219|0617|0738|1318|1619|1848|2004|1 Ramazan 1447
20260220|0616|0737|1318|1620|1849|2005|2 Ramazan 1447
20260221|0615|0736|1318|1621|1850|2006|3 Ramazan 1447
20260222|0613|0734|1318|1622|1851|2007|4 Ramazan 1447
20260223|0612|0733|1318|1622|1853|2008|5 Ramazan 1447
20260224|0611|0732|1318|1623|1854|2009|6 Ramazan 1447
20260225|0610|0730|1318|1624|1855|2010|7 Ramazan 1447
20260226|0608|0729|1317|1625|1856|2011|8 Ramazan 1447
20260227|0607|0728|1317|1625|1857|2012|9 Ramazan 1447
20260228|0606|0726|1317|1626|1858|2013|10 Ramazan 1447
20260301|0604|0725|1317|1627|1859|2014|11 Ramazan 1447
20260302|0603|0723|1317|1627|1900|2015|12 Ramazan 1447
20260303|0601|0722|1316|1628|1901|2016|13 Ramazan 1447
20260304|0600|0721|1316|1629|1902|2017|14 Ramazan 1447
20260305|0559|0719|1316|1629|1903|2018|15 Ramazan 1447
20260306|0557|0718|1316|1630|1904|2019|16 Ramazan 1447
20260307|0556|0716|1316|1630|1905|2020|17 Ramazan 1447
20260308|0554|0715|1315|1631|1906|2021|18 Ramazan 1447
20260309|0553|0713|1315|1631|1907|2022|19 Ramazan 1447
20260310|0551|0712|1315|1632|1908|2023|20 Ramazan 1447
20260311|0550|0710|1315|1633|1909|2024|21 Ramazan 1447
20260312|0548|0709|1314|1633|1910|2025|22 Ramazan 1447
20260313|0546|0707|1314|1634|1911|2026|23 Ramazan 1447
20260314|0545|0706|1314|1634|1912|2027|24 Ramazan 1447
20260315|0543|0704|1313|1635|1913|2029|25 Ramazan 1447
20260316|0542|0703|1313|1635|1914|2030|26 Ramazan 1447
20260317|0540|0701|1313|1636|1915|2031|27 Ramazan 1447
20260318|0538|0700|1313|1636|1916|2032|28 Ramazan 1447
20260319|0537|0658|1312|1636|1917|2033|29 Ramazan 1447
20260320|0535|0657|1312|1637|1918|2034|1 Şevval 1447
20260321|0534|0655|1312|1637|1918|2035|2 Şevval 1447
20260322|0532|0653|1311|1638|1919|2036|3 Şevval 1447
20260323|0530|0652|1311|1638|1920|2037|4 Şevval 1447
20260324|0529|0650|1311|1639|1921|2038|5 Şevval 1447
20260325|0527|0649|1311|1639|1922|2039|6 Şevval 1447
20260326|0525|0647|1310|1639|1923|2040|7 Şevval 1447
20260327|0523|0646|1310|1640|1924|2041|8 Şevval 1447
20260328|0522|0644|1310|1640|1925|2042|9 Şevval 1447
20260329|0520|0643|1309|1640|1926|2043|10 Şevval 1447
20260330|0518|0641|1309|1641|1927|2044|11 Şevval 1447
20260331|0517|0640|1309|1641|1928|2045|12 Şevval 1447
20260401|0515|0638|1308|1641|1929|2047|13 Şevval 1447
20260402|0513|0637|1308|1642|1930|2048|14 Şevval 1447
20260403|0511|0635|1308|1642|1931|2049|15 Şevval 1447
20260404|0510|0634|1308|1642|1932|2050|16 Şevval 1447
20260405|0508|0632|1307|1643|1933|2051|17 Şevval 1447
20260406|0506|0630|1307|1643|1934|2052|18 Şevval 1447
20260407|0504|0629|1307|1643|1934|2053|19 Şevval 1447
20260408|0503|0627|1306|1644|1935|2055|20 Şevval 1447
20260409|0501|0626|1306|1644|1936|2056|21 Şevval 1447
20260410|0459|0625|1306|1644|1937|2057|22 Şevval 1447
20260411|0457|0623|1306|1644|1938|2058|23 Şevval 1447
20260412|0456|0622|1305|1645|1939|2059|24 Şevval 1447
20260413|0454|0620|1305|1645|1940|2100|25 Şevval 1447
20260414|0452|0619|1305|1645|1941|2102|26 Şevval 1447
20260415|0451|0617|1305|1645|1942|2103|27 Şevval 1447
20260416|0449|0616|1304|1646|1943|2104|28 Şevval 1447
20260417|0447|0614|1304|1646|1944|2105|29 Şevval 1447
20260418|0445|0613|1304|1646|1945|2107|1 Zilkade 1447
20260419|0444|0612|1304|1646|1946|2108|2 Zilkade 1447
20260420|0442|0610|1303|1646|1947|2109|3 Zilkade 1447
20260421|0440|0609|1303|1647|1948|2110|4 Zilkade 1447
20260422|0438|0608|1303|1647|1949|2112|5 Zilkade 1447
20260423|0437|0606|1303|1647|1949|2113|6 Zilkade 1447
20260424|0435|0605|1303|1647|1950|2114|7 Zilkade 1447
20260425|0433|0604|1302|1648|1951|2115|8 Zilkade 1447
20260426|0432|0602|1302|1648|1952|2117|9 Zilkade 1447
20260427|0430|0601|1302|1648|1953|2118|10 Zilkade 1447
20260428|0428|0600|1302|1648|1954|2119|11 Zilkade 1447
20260429|0427|0559|1302|1648|1955|2121|12 Zilkade 1447
20260430|0425|0557|1302|1649|1956|2122|13 Zilkade 1447
20260501|0424|0556|1302|1649|1957|2123|14 Zilkade 1447
20260502|0422|0555|1301|1649|1958|2125|15 Zilkade 1447
20260503|0420|0554|1301|1649|1959|2126|16 Zilkade 1447
20260504|0419|0553|1301|1649|2000|2127|17 Zilkade 1447
20260505|0417|0552|1301|1650|2001|2129|18 Zilkade 1447
20260506|0416|0551|1301|1650|2002|2130|19 Zilkade 1447
20260507|0414|0550|1301|1650|2003|2131|20 Zilkade 1447
20260508|0413|0548|1301|1650|2003|2132|21 Zilkade 1447
20260509|0411|0547|1301|1650|2004|2134|22 Zilkade 1447
20260510|0410|0546|1301|1651|2005|2135|23 Zilkade 1447
20260511|0409|0545|1301|1651|2006|2136|24 Zilkade 1447
20260512|0407|0545|1301|1651|2007|2138|25 Zilkade 1447
20260513|0406|0544|1301|1651|2008|2139|26 Zilkade 1447
20260514|0404|0543|1301|1651|2009|2140|27 Zilkade 1447
20260515|0403|0542|1301|1652|2010|2142|28 Zilkade 1447
20260516|0402|0541|1301|1652|2011|2143|29 Zilkade 1447
20260517|0400|0540|1301|1652|2012|2144|30 Zilkade 1447
20260518|0359|0539|1301|1652|2012|2145|1 Zilhicce 1447
20260519|0358|0539|1301|1652|2013|2147|2 Zilhicce 1447
20260520|0357|0538|1301|1653|2014|2148|3 Zilhicce 1447
20260521|0356|0537|1301|1653|2015|2149|4 Zilhicce 1447
20260522|0354|0536|1301|1653|2016|2150|5 Zilhicce 1447
20260523|0353|0536|1301|1653|2017|2152|6 Zilhicce 1447
20260524|0352|0535|1301|1653|2017|2153|7 Zilhicce 1447
20260525|0351|0534|1301|1654|2018|2154|8 Zilhicce 1447
20260526|0350|0534|1301|1654|2019|2155|9 Zilhicce 1447
20260527|0349|0533|1302|1654|2020|2156|10 Zilhicce 1447
20260528|0348|0533|1302|1654|2021|2157|11 Zilhicce 1447
20260529|0348|0532|1302|1655|2021|2159|12 Zilhicce 1447
20260530|0347|0532|1302|1655|2022|2200|13 Zilhicce 1447
20260531|0346|0531|1302|1655|2023|2201|14 Zilhicce 1447
20260601|0345|0531|1302|1655|2023|2202|15 Zilhicce 1447
20260602|0344|0531|1302|1656|2024|2203|16 Zilhicce 1447
20260603|0344|0530|1303|1656|2025|2204|17 Zilhicce 1447
20260604|0343|0530|1303|1656|2025|2205|18 Zilhicce 1447
20260605|0342|0530|1303|1656|2026|2205|19 Zilhicce 1447
20260606|0342|0529|1303|1657|2027|2206|20 Zilhicce 1447
20260607|0341|0529|1303|1657|2027|2207|21 Zilhicce 1447
20260608|0341|0529|1303|1657|2028|2208|22 Zilhicce 1447
20260609|0341|0529|1304|1657|2028|2209|23 Zilhicce 1447
20260610|0340|0529|1304|1658|2029|2209|24 Zilhicce 1447
20260611|0340|0529|1304|1658|2029|2210|25 Zilhicce 1447
20260612|0340|0529|1304|1658|2030|2211|26 Zilhicce 1447
20260613|0339|0529|1304|1658|2030|2211|27 Zilhicce 1447
20260614|0339|0529|1305|1658|2031|2212|28 Zilhicce 1447
20260615|0339|0529|1305|1659|2031|2212|29 Zilhicce 1447
20260616|0339|0529|1305|1659|2032|2213|1 Muharrem 1448
20260617|0339|0529|1305|1659|2032|2213|2 Muharrem 1448
20260618|0339|0529|1305|1659|2032|2214|3 Muharrem 1448
20260619|0339|0529|1306|1700|2033|2214|4 Muharrem 1448
20260620|0339|0529|1306|1700|2033|2214|5 Muharrem 1448
20260621|0339|0529|1306|1700|2033|2215|6 Muharrem 1448
20260622|0340|0530|1306|1700|2033|2215|7 Muharrem 1448
20260623|0340|0530|1307|1701|2033|2215|8 Muharrem 1448
20260624|0340|0530|1307|1701|2034|2215|9 Muharrem 1448
20260625|0341|0530|1307|1701|2034|2215|10 Muharrem 1448
20260626|0341|0531|1307|1701|2034|2215|11 Muharrem 1448
20260627|0342|0531|1307|1701|2034|2215|12 Muharrem 1448
20260628|0342|0531|1308|1702|2034|2215|13 Muharrem 1448
20260629|0343|0532|1308|1702|2034|2215|14 Muharrem 1448
20260630|0343|0532|1308|1702|2034|2215|15 Muharrem 1448
20260701|0344|0533|1308|1702|2034|2215|16 Muharrem 1448
20260702|0344|0533|1308|1702|2034|2214|17 Muharrem 1448
20260703|0345|0534|1309|1702|2034|2214|18 Muharrem 1448
20260704|0346|0534|1309|1702|2034|2214|19 Muharrem 1448
20260705|0347|0535|1309|1703|2033|2213|20 Muharrem 1448
20260706|0348|0535|1309|1703|2033|2213|21 Muharrem 1448
20260707|0348|0536|1309|1703|2033|2212|22 Muharrem 1448
20260708|0349|0536|1309|1703|2033|2212|23 Muharrem 1448
20260709|0350|0537|1310|1703|2032|2211|24 Muharrem 1448
20260710|0351|0538|1310|1703|2032|2211|25 Muharrem 1448
20260711|0352|0538|1310|1703|2032|2210|26 Muharrem 1448
20260712|0353|0539|1310|1703|2031|2209|27 Muharrem 1448
20260713|0354|0540|1310|1703|2031|2209|28 Muharrem 1448
20260714|0355|0540|1310|1703|2030|2208|29 Muharrem 1448
20260715|0356|0541|1310|1703|2030|2207|1 Safer 1448
20260716|0357|0542|1310|1703|2029|2206|2 Safer 1448
20260717|0359|0542|1311|1703|2029|2205|3 Safer 1448
20260718|0400|0543|1311|1703|2028|2204|4 Safer 1448
20260719|0401|0544|1311|1703|2028|2203|5 Safer 1448
20260720|0402|0545|1311|1703|2027|2202|6 Safer 1448
20260721|0403|0546|1311|1703|2026|2201|7 Safer 1448
20260722|0405|0546|1311|1703|2026|2200|8 Safer 1448
20260723|0406|0547|1311|1703|2025|2159|9 Safer 1448
20260724|0407|0548|1311|1703|2024|2158|10 Safer 1448
20260725|0408|0549|1311|1702|2023|2157|11 Safer 1448
20260726|0410|0550|1311|1702|2022|2155|12 Safer 1448
20260727|0411|0550|1311|1702|2022|2154|13 Safer 1448
20260728|0412|0551|1311|1702|2021|2153|14 Safer 1448
20260729|0413|0552|1311|1702|2020|2152|15 Safer 1448
20260730|0415|0553|1311|1701|2019|2150|16 Safer 1448
20260731|0416|0554|1311|1701|2018|2149|17 Safer 1448
20260801|0417|0555|1311|1701|2017|2148|18 Safer 1448
20260802|0419|0555|1311|1701|2016|2146|19 Safer 1448
20260803|0420|0556|1311|1700|2015|2145|20 Safer 1448
20260804|0421|0557|1311|1700|2014|2143|21 Safer 1448
20260805|0422|0558|1311|1700|2013|2142|22 Safer 1448
20260806|0424|0559|1310|1659|2012|2140|23 Safer 1448
20260807|0425|0600|1310|1659|2011|2139|24 Safer 1448
20260808|0426|0601|1310|1659|2010|2137|25 Safer 1448
20260809|0428|0602|1310|1658|2009|2136|26 Safer 1448
20260810|0429|0602|1310|1658|2007|2134|27 Safer 1448
20260811|0430|0603|1310|1657|2006|2133|28 Safer 1448
20260812|0432|0604|1310|1657|2005|2131|29 Safer 1448
20260813|0433|0605|1309|1656|2004|2130|30 Safer 1448
20260814|0434|0606|1309|1656|2002|2128|1 Rebiulevvel 1448
20260815|0435|0607|1309|1655|2001|2126|2 Rebiulevvel 1448
20260816|0437|0608|1309|1655|2000|2125|3 Rebiulevvel 1448
20260817|0438|0609|1309|1654|1959|2123|4 Rebiulevvel 1448
20260818|0439|0610|1308|1653|1957|2121|5 Rebiulevvel 1448
20260819|0440|0610|1308|1653|1956|2120|6 Rebiulevvel 1448
20260820|0442|0611|1308|1652|1955|2118|7 Rebiulevvel 1448
20260821|0443|0612|1308|1652|1953|2116|8 Rebiulevvel 1448
20260822|0444|0613|1307|1651|1952|2115|9 Rebiulevvel 1448
20260823|0445|0614|1307|1650|1951|2113|10 Rebiulevvel 1448
20260824|0447|0615|1307|1650|1949|2111|11 Rebiulevvel 1448
20260825|0448|0616|1307|1649|1948|2110|12 Rebiulevvel 1448
20260826|0449|0617|1306|1648|1946|2108|13 Rebiulevvel 1448
20260827|0450|0617|1306|1647|1945|2106|14 Rebiulevvel 1448
20260828|0451|0618|1306|1647|1943|2104|15 Rebiulevvel 1448
20260829|0453|0619|1306|1646|1942|2103|16 Rebiulevvel 1448
20260830|0454|0620|1305|1645|1940|2101|17 Rebiulevvel 1448
20260831|0455|0621|1305|1644|1939|2059|18 Rebiulevvel 1448
20260901|0456|0622|1305|1643|1938|2058|19 Rebiulevvel 1448
20260902|0457|0623|1304|1643|1936|2056|20 Rebiulevvel 1448
20260903|0458|0623|1304|1642|1934|2054|21 Rebiulevvel 1448
20260904|0459|0624|1304|1641|1933|2052|22 Rebiulevvel 1448
20260905|0501|0625|1303|1640|1931|2050|23 Rebiulevvel 1448
20260906|0502|0626|1303|1639|1930|2049|24 Rebiulevvel 1448
20260907|0503|0627|1303|1638|1928|2047|25 Rebiulevvel 1448
20260908|0504|0628|1302|1637|1927|2045|26 Rebiulevvel 1448
20260909|0505|0629|1302|1636|1925|2043|27 Rebiulevvel 1448
20260910|0506|0629|1302|1635|1924|2042|28 Rebiulevvel 1448
20260911|0507|0630|1301|1635|1922|2040|29 Rebiulevvel 1448
20260912|0508|0631|1301|1634|1921|2038|1 Rebiulahir 1448
20260913|0509|0632|1301|1633|1919|2037|2 Rebiulahir 1448
20260914|0510|0633|1300|1632|1917|2035|3 Rebiulahir 1448
20260915|0511|0634|1300|1631|1916|2033|4 Rebiulahir 1448
20260916|0512|0635|1259|1630|1914|2031|5 Rebiulahir 1448
20260917|0513|0636|1259|1629|1913|2030|6 Rebiulahir 1448
20260918|0514|0636|1259|1628|1911|2028|7 Rebiulahir 1448
20260919|0515|0637|1258|1627|1910|2026|8 Rebiulahir 1448
20260920|0516|0638|1258|1625|1908|2024|9 Rebiulahir 1448
20260921|0517|0639|1258|1624|1906|2023|10 Rebiulahir 1448
20260922|0518|0640|1257|1623|1905|2021|11 Rebiulahir 1448
20260923|0519|0641|1257|1622|1903|2019|12 Rebiulahir 1448
20260924|0520|0642|1257|1621|1902|2018|13 Rebiulahir 1448
20260925|0521|0642|1256|1620|1900|2016|14 Rebiulahir 1448
20260926|0522|0643|1256|1619|1859|2014|15 Rebiulahir 1448
20260927|0523|0644|1256|1618|1857|2013|16 Rebiulahir 1448
20260928|0524|0645|1255|1617|1855|2011|17 Rebiulahir 1448
20260929|0525|0646|1255|1616|1854|2010|18 Rebiulahir 1448
20260930|0526|0647|1255|1615|1852|2008|19 Rebiulahir 1448
20261001|0527|0648|1254|1614|1851|2006|20 Rebiulahir 1448
20261002|0528|0649|1254|1613|1849|2005|21 Rebiulahir 1448
20261003|0529|0650|1254|1611|1848|2003|22 Rebiulahir 1448
20261004|0530|0651|1253|1610|1846|2002|23 Rebiulahir 1448
20261005|0531|0651|1253|1609|1845|2000|24 Rebiulahir 1448
20261006|0532|0652|1253|1608|1843|1959|25 Rebiulahir 1448
20261007|0533|0653|1252|1607|1842|1957|26 Rebiulahir 1448
20261008|0534|0654|1252|1606|1840|1956|27 Rebiulahir 1448
20261009|0535|0655|1252|1605|1839|1954|28 Rebiulahir 1448
20261010|0535|0656|1252|1604|1837|1953|29 Rebiulahir 1448
20261011|0536|0657|1251|1603|1836|1951|30 Rebiulahir 1448
20261012|0537|0658|1251|1602|1834|1950|1 Cemaziyelevvel 1448
20261013|0538|0659|1251|1600|1833|1948|2 Cemaziyelevvel 1448
20261014|0539|0700|1251|1559|1831|1947|3 Cemaziyelevvel 1448
20261015|0540|0701|1250|1558|1830|1945|4 Cemaziyelevvel 1448
20261016|0541|0702|1250|1557|1828|1944|5 Cemaziyelevvel 1448
20261017|0542|0703|1250|1556|1827|1943|6 Cemaziyelevvel 1448
20261018|0543|0704|1250|1555|1826|1941|7 Cemaziyelevvel 1448
20261019|0544|0705|1249|1554|1824|1940|8 Cemaziyelevvel 1448
20261020|0545|0706|1249|1553|1823|1939|9 Cemaziyelevvel 1448
20261021|0546|0707|1249|1552|1821|1938|10 Cemaziyelevvel 1448
20261022|0547|0708|1249|1551|1820|1936|11 Cemaziyelevvel 1448
20261023|0548|0709|1249|1550|1819|1935|12 Cemaziyelevvel 1448
20261024|0548|0710|1249|1549|1818|1934|13 Cemaziyelevvel 1448
20261025|0549|0711|1249|1548|1816|1933|14 Cemaziyelevvel 1448
20261026|0550|0712|1248|1547|1815|1932|15 Cemaziyelevvel 1448
20261027|0551|0713|1248|1546|1814|1930|16 Cemaziyelevvel 1448
20261028|0552|0714|1248|1545|1813|1929|17 Cemaziyelevvel 1448
20261029|0553|0715|1248|1544|1811|1928|18 Cemaziyelevvel 1448
20261030|0554|0716|1248|1543|1810|1927|19 Cemaziyelevvel 1448
20261031|0555|0717|1248|1542|1809|1926|20 Cemaziyelevvel 1448
20261101|0556|0718|1248|1541|1808|1925|21 Cemaziyelevvel 1448
20261102|0557|0719|1248|1541|1807|1924|22 Cemaziyelevvel 1448
20261103|0558|0720|1248|1540|1806|1923|23 Cemaziyelevvel 1448
20261104|0559|0721|1248|1539|1805|1922|24 Cemaziyelevvel 1448
20261105|0600|0722|1248|1538|1804|1921|25 Cemaziyelevvel 1448
20261106|0601|0724|1248|1537|1803|1920|26 Cemaziyelevvel 1448
20261107|0601|0725|1248|1536|1802|1920|27 Cemaziyelevvel 1448
20261108|0602|0726|1248|1536|1801|1919|28 Cemaziyelevvel 1448
20261109|0603|0727|1248|1535|1800|1918|29 Cemaziyelevvel 1448
20261110|0604|0728|1248|1534|1759|1917|1 Cemaziyelahir 1448
20261111|0605|0729|1248|1534|1758|1916|2 Cemaziyelahir 1448
20261112|0606|0730|1249|1533|1757|1916|3 Cemaziyelahir 1448
20261113|0607|0731|1249|1532|1756|1915|4 Cemaziyelahir 1448
20261114|0608|0732|1249|1532|1755|1914|5 Cemaziyelahir 1448
20261115|0609|0733|1249|1531|1755|1914|6 Cemaziyelahir 1448
20261116|0610|0734|1249|1530|1754|1913|7 Cemaziyelahir 1448
20261117|0611|0735|1249|1530|1753|1913|8 Cemaziyelahir 1448
20261118|0612|0736|1249|1529|1753|1912|9 Cemaziyelahir 1448
20261119|0613|0738|1250|1529|1752|1912|10 Cemaziyelahir 1448
20261120|0614|0739|1250|1528|1751|1911|11 Cemaziyelahir 1448
20261121|0614|0740|1250|1528|1751|1911|12 Cemaziyelahir 1448
20261122|0615|0741|1250|1527|1750|1910|13 Cemaziyelahir 1448
20261123|0616|0742|1251|1527|1750|1910|14 Cemaziyelahir 1448
20261124|0617|0743|1251|1527|1749|1910|15 Cemaziyelahir 1448
20261125|0618|0744|1251|1526|1749|1909|16 Cemaziyelahir 1448
20261126|0619|0745|1252|1526|1748|1909|17 Cemaziyelahir 1448
20261127|0620|0746|1252|1526|1748|1909|18 Cemaziyelahir 1448
20261128|0621|0747|1252|1526|1748|1908|19 Cemaziyelahir 1448
20261129|0622|0748|1253|1525|1747|1908|20 Cemaziyelahir 1448
20261130|0622|0749|1253|1525|1747|1908|21 Cemaziyelahir 1448
20261201|0623|0750|1253|1525|1747|1908|22 Cemaziyelahir 1448
20261202|0624|0751|1254|1525|1746|1908|23 Cemaziyelahir 1448
20261203|0625|0752|1254|1525|1746|1908|24 Cemaziyelahir 1448
20261204|0626|0753|1254|1525|1746|1908|25 Cemaziyelahir 1448
20261205|0627|0754|1255|1525|1746|1908|26 Cemaziyelahir 1448
20261206|0627|0755|1255|1525|1746|1908|27 Cemaziyelahir 1448
20261207|0628|0755|1256|1525|1746|1908|28 Cemaziyelahir 1448
20261208|0629|0756|1256|1525|1746|1908|29 Cemaziyelahir 1448
20261209|0630|0757|1257|1525|1746|1908|30 Cemaziyelahir 1448
20261210|0630|0758|1257|1525|1746|1908|1 Recep 1448
20261211|0631|0759|1257|1525|1746|1909|2 Recep 1448
20261212|0632|0759|1258|1526|1746|1909|3 Recep 1448
20261213|0632|0800|1258|1526|1747|1909|4 Recep 1448
20261214|0633|0801|1259|1526|1747|1909|5 Recep 1448
20261215|0634|0802|1259|1526|1747|1910|6 Recep 1448
20261216|0634|0802|1300|1527|1747|1910|7 Recep 1448
20261217|0635|0803|1300|1527|1748|1910|8 Recep 1448
20261218|0636|0804|1301|1527|1748|1911|9 Recep 1448
20261219|0636|0804|1301|1528|1748|1911|10 Recep 1448
20261220|0637|0805|1302|1528|1749|1911|11 Recep 1448
20261221|0637|0805|1302|1529|1749|1912|12 Recep 1448
20261222|0638|0806|1303|1529|1750|1912|13 Recep 1448
20261223|0638|0806|1303|1530|1750|1913|14 Recep 1448
20261224|0639|0807|1304|1530|1751|1913|15 Recep 1448
20261225|0639|0807|1304|1531|1751|1914|16 Recep 1448
20261226|0640|0808|1305|1531|1752|1915|17 Recep 1448
20261227|0640|0808|1305|1532|1753|1915|18 Recep 1448
20261228|0640|0808|1306|1533|1753|1916|19 Recep 1448
20261229|0641|0808|1306|1533|1754|1917|20 Recep 1448
20261230|0641|0809|1307|1534|1755|1917|21 Recep 1448
20261231|0641|0809|1307|1535|1755|1918|22 Recep 1448
20270101|0641|0809|1308|1535|1756|1919|23 Recep 1448
20270102|0642|0809|1308|1536|1757|1919|24 Recep 1448
20270103|0642|0809|1309|1537|1758|1920|25 Recep 1448
20270104|0642|0809|1309|1538|1759|1921|26 Recep 1448
20270105|0642|0810|1309|1538|1759|1922|27 Recep 1448
20270106|0642|0810|1310|1539|1800|1922|28 Recep 1448
20270107|0642|0810|1310|1540|1801|1923|29 Recep 1448
20270108|0642|0809|1311|1541|1802|1924|30 Recep 1448
20270109|0642|0809|1311|1542|1803|1925|1 Şaban 1448
20270110|0642|0809|1312|1543|1804|1926|2 Şaban 1448
20270111|0642|0809|1312|1544|1805|1927|3 Şaban 1448
20270112|0642|0809|1312|1544|1806|1927|4 Şaban 1448
20270113|0642|0809|1313|1545|1807|1928|5 Şaban 1448
20270114|0642|0808|1313|1546|1808|1929|6 Şaban 1448
20270115|0642|0808|1314|1547|1809|1930|7 Şaban 1448
20270116|0642|0808|1314|1548|1810|1931|8 Şaban 1448
20270117|0641|0807|1314|1549|1811|1932|9 Şaban 1448
20270118|0641|0807|1315|1550|1812|1933|10 Şaban 1448
20270119|0641|0807|1315|1551|1813|1934|11 Şaban 1448
20270120|0641|0806|1315|1552|1814|1935|12 Şaban 1448
20270121|0640|0806|1316|1553|1816|1936|13 Şaban 1448
20270122|0640|0805|1316|1554|1817|1937|14 Şaban 1448
20270123|0639|0804|1316|1555|1818|1938|15 Şaban 1448
20270124|0639|0804|1316|1556|1819|1938|16 Şaban 1448
20270125|0639|0803|1317|1557|1820|1939|17 Şaban 1448
20270126|0638|0803|1317|1558|1821|1940|18 Şaban 1448
20270127|0637|0802|1317|1559|1822|1941|19 Şaban 1448
20270128|0637|0801|1317|1600|1823|1942|20 Şaban 1448
20270129|0636|0800|1317|1601|1824|1943|21 Şaban 1448
20270130|0636|0800|1318|1601|1826|1944|22 Şaban 1448
20270131|0635|0759|1318|1602|1827|1945|23 Şaban 1448
20270201|0634|0758|1318|1603|1828|1946|24 Şaban 1448
20270202|0634|0757|1318|1604|1829|1947|25 Şaban 1448
20270203|0633|0756|1318|1605|1830|1948|26 Şaban 1448
20270204|0632|0755|1318|1606|1831|1949|27 Şaban 1448
20270205|0631|0754|1318|1607|1832|1950|28 Şaban 1448
20270206|0630|0753|1318|1608|1834|1951|29 Şaban 1448
20270207|0630|0752|1318|1609|1835|1952|30 Şaban 1448
20270208|0629|0751|1319|1610|1836|1953|1 Ramazan 1448
20270209|0628|0750|1319|1611|1837|1954|2 Ramazan 1448
20270210|0627|0749|1319|1612|1838|1955|3 Ramazan 1448
20270211|0626|0748|1319|1613|1839|1956|4 Ramazan 1448
20270212|0625|0747|1319|1613|1840|1957|5 Ramazan 1448
20270213|0624|0746|1319|1614|1841|1958|6 Ramazan 1448
20270214|0623|0745|1319|1615|1843|1959|7 Ramazan 1448
20270215|0622|0744|1319|1616|1844|2000|8 Ramazan 1448
20270216|0621|0742|1319|1617|1845|2001|9 Ramazan 1448
20270217|0620|0741|1318|1618|1846|2002|10 Ramazan 1448
20270218|0618|0740|1318|1618|1847|2003|11 Ramazan 1448
20270219|0617|0739|1318|1619|1848|2004|12 Ramazan 1448
20270220|0616|0737|1318|1620|1849|2005|13 Ramazan 1448
20270221|0615|0736|1318|1621|1850|2006|14 Ramazan 1448
20270222|0614|0735|1318|1621|1851|2007|15 Ramazan 1448
20270223|0612|0733|1318|1622|1852|2008|16 Ramazan 1448
20270224|0611|0732|1318|1623|1853|2009|17 Ramazan 1448
20270225|0610|0731|1318|1624|1854|2010|18 Ramazan 1448
20270226|0609|0729|1317|1624|1855|2011|19 Ramazan 1448
20270227|0607|0728|1317|1625|1856|2012|20 Ramazan 1448
20270228|0606|0727|1317|1626|1858|2013|21 Ramazan 1448
20270301|0605|0725|1317|1626|1859|2014|22 Ramazan 1448
20270302|0603|0724|1317|1627|1900|2015|23 Ramazan 1448
20270303|0602|0722|1316|1628|1901|2016|24 Ramazan 1448
20270304|0600|0721|1316|1628|1902|2017|25 Ramazan 1448
20270305|0559|0720|1316|1629|1903|2018|26 Ramazan 1448
20270306|0557|0718|1316|1630|1904|2019|27 Ramazan 1448
20270307|0556|0717|1316|1630|1905|2020|28 Ramazan 1448
20270308|0554|0715|1315|1631|1906|2021|29 Ramazan 1448
20270309|0553|0714|1315|1631|1907|2022|1 Şevval 1448
20270310|0551|0712|1315|1632|1908|2023|2 Şevval 1448
20270311|0550|0711|1315|1632|1909|2024|3 Şevval 1448
20270312|0548|0709|1314|1633|1910|2025|4 Şevval 1448
20270313|0547|0708|1314|1633|1911|2026|5 Şevval 1448
20270314|0545|0706|1314|1634|1912|2027|6 Şevval 1448
20270315|0544|0705|1314|1634|1913|2028|7 Şevval 1448
20270316|0542|0703|1313|1635|1913|2029|8 Şevval 1448
20270317|0540|0702|1313|1635|1914|2030|9 Şevval 1448
20270318|0539|0700|1313|1636|1915|2031|10 Şevval 1448
20270319|0537|0658|1312|1636|1916|2032|11 Şevval 1448
20270320|0536|0657|1312|1637|1917|2033|12 Şevval 1448
20270321|0534|0655|1312|1637|1918|2034|13 Şevval 1448
20270322|0532|0654|1312|1638|1919|2036|14 Şevval 1448
20270323|0531|0652|1311|1638|1920|2037|15 Şevval 1448
20270324|0529|0651|1311|1638|1921|2038|16 Şevval 1448
20270325|0527|0649|1311|1639|1922|2039|17 Şevval 1448
20270326|0526|0648|1310|1639|1923|2040|18 Şevval 1448
20270327|0524|0646|1310|1640|1924|2041|19 Şevval 1448
20270328|0522|0645|1310|1640|1925|2042|20 Şevval 1448
20270329|0520|0643|1309|1640|1926|2043|21 Şevval 1448
20270330|0519|0642|1309|1641|1927|2044|22 Şevval 1448
20270331|0517|0640|1309|1641|1928|2045|23 Şevval 1448
20270401|0515|0638|1309|1641|1929|2046|24 Şevval 1448
20270402|0514|0637|1308|1642|1930|2047|25 Şevval 1448
20270403|0512|0635|1308|1642|1930|2049|26 Şevval 1448
20270404|0510|0634|1308|1642|1931|2050|27 Şevval 1448
20270405|0508|0632|1307|1643|1932|2051|28 Şevval 1448
20270406|0507|0631|1307|1643|1933|2052|29 Şevval 1448
20270407|0505|0629|1307|1643|1934|2053|30 Şevval 1448
20270408|0503|0628|1306|1643|1935|2054|1 Zilkade 1448
20270409|0501|0626|1306|1644|1936|2055|2 Zilkade 1448
20270410|0500|0625|1306|1644|1937|2057|3 Zilkade 1448
20270411|0458|0623|1306|1644|1938|2058|4 Zilkade 1448
20270412|0456|0622|1305|1645|1939|2059|5 Zilkade 1448
20270413|0454|0621|1305|1645|1940|2100|6 Zilkade 1448
20270414|0453|0619|1305|1645|1941|2101|7 Zilkade 1448
20270415|0451|0618|1305|1645|1942|2103|8 Zilkade 1448
20270416|0449|0616|1304|1646|1943|2104|9 Zilkade 1448
20270417|0447|0615|1304|1646|1944|2105|10 Zilkade 1448
20270418|0446|0613|1304|1646|1945|2106|11 Zilkade 1448
20270419|0444|0612|1304|1646|1945|2108|12 Zilkade 1448
20270420|0442|0611|1303|1646|1946|2109|13 Zilkade 1448
20270421|0441|0609|1303|1647|1947|2110|14 Zilkade 1448
20270422|0439|0608|1303|1647|1948|2111|15 Zilkade 1448
20270423|0437|0607|1303|1647|1949|2113|16 Zilkade 1448
20270424|0436|0605|1303|1647|1950|2114|17 Zilkade 1448
20270425|0434|0604|1303|1647|1951|2115|18 Zilkade 1448
20270426|0432|0603|1302|1648|1952|2116|19 Zilkade 1448
20270427|0431|0601|1302|1648|1953|2118|20 Zilkade 1448
20270428|0429|0600|1302|1648|1954|2119|21 Zilkade 1448
20270429|0427|0559|1302|1648|1955|2120|22 Zilkade 1448
20270430|0426|0558|1302|1648|1956|2122|23 Zilkade 1448
20270501|0424|0557|1302|1649|1957|2123|24 Zilkade 1448
20270502|0422|0555|1302|1649|1958|2124|25 Zilkade 1448
20270503|0421|0554|1301|1649|1959|2126|26 Zilkade 1448
20270504|0419|0553|1301|1649|2000|2127|27 Zilkade 1448
20270505|0418|0552|1301|1649|2000|2128|28 Zilkade 1448
20270506|0416|0551|1301|1650|2001|2130|29 Zilkade 1448
20270507|0415|0550|1301|1650|2002|2131|1 Zilhicce 1448
20270508|0413|0549|1301|1650|2003|2132|2 Zilhicce 1448
20270509|0412|0548|1301|1650|2004|2133|3 Zilhicce 1448
20270510|0410|0547|1301|1650|2005|2135|4 Zilhicce 1448
20270511|0409|0546|1301|1651|2006|2136|5 Zilhicce 1448
20270512|0407|0545|1301|1651|2007|2137|6 Zilhicce 1448
20270513|0406|0544|1301|1651|2008|2139|7 Zilhicce 1448
20270514|0405|0543|1301|1651|2009|2140|8 Zilhicce 1448
20270515|0403|0542|1301|1651|2010|2141|9 Zilhicce 1448
20270516|0402|0541|1301|1652|2011|2143|10 Zilhicce 1448
20270517|0401|0540|1301|1652|2011|2144|11 Zilhicce 1448
20270518|0359|0539|1301|1652|2012|2145|12 Zilhicce 1448
20270519|0358|0539|1301|1652|2013|2146|13 Zilhicce 1448
20270520|0357|0538|1301|1653|2014|2148|14 Zilhicce 1448
20270521|0356|0537|1301|1653|2015|2149|15 Zilhicce 1448
20270522|0355|0537|1301|1653|2016|2150|16 Zilhicce 1448
20270523|0354|0536|1301|1653|2016|2151|17 Zilhicce 1448
20270524|0353|0535|1301|1653|2017|2153|18 Zilhicce 1448
20270525|0352|0535|1301|1654|2018|2154|19 Zilhicce 1448
20270526|0351|0534|1301|1654|2019|2155|20 Zilhicce 1448
20270527|0350|0533|1302|1654|2020|2156|21 Zilhicce 1448
20270528|0349|0533|1302|1654|2020|2157|22 Zilhicce 1448
20270529|0348|0532|1302|1655|2021|2158|23 Zilhicce 1448
20270530|0347|0532|1302|1655|2022|2159|24 Zilhicce 1448
20270531|0346|0531|1302|1655|2023|2200|25 Zilhicce 1448
20270601|0345|0531|1302|1655|2023|2201|26 Zilhicce 1448
20270602|0345|0531|1302|1656|2024|2202|27 Zilhicce 1448
20270603|0344|0530|1302|1656|2025|2203|28 Zilhicce 1448
20270604|0343|0530|1303|1656|2025|2204|29 Zilhicce 1448
20270605|0343|0530|1303|1656|2026|2205|30 Zilhicce 1448
20270606|0342|0529|1303|1656|2027|2206|1 Muharrem 1449
20270607|0342|0529|1303|1657|2027|2207|2 Muharrem 1449
20270608|0341|0529|1303|1657|2028|2208|3 Muharrem 1449
20270609|0341|0529|1304|1657|2028|2209|4 Muharrem 1449
20270610|0340|0529|1304|1657|2029|2209|5 Muharrem 1449
20270611|0340|0529|1304|1658|2029|2210|6 Muharrem 1449
20270612|0340|0529|1304|1658|2030|2211|7 Muharrem 1449
20270613|0339|0529|1304|1658|2030|2211|8 Muharrem 1449
20270614|0339|0529|1305|1658|2031|2212|9 Muharrem 1449
20270615|0339|0529|1305|1659|2031|2212|10 Muharrem 1449
20270616|0339|0529|1305|1659|2031|2213|11 Muharrem 1449
20270617|0339|0529|1305|1659|2032|2213|12 Muharrem 1449
20270618|0339|0529|1305|1659|2032|2214|13 Muharrem 1449
20270619|0339|0529|1306|1700|2032|2214|14 Muharrem 1449
20270620|0339|0529|1306|1700|2033|2214|15 Muharrem 1449
20270621|0339|0529|1306|1700|2033|2215|16 Muharrem 1449
20270622|0340|0529|1306|1700|2033|2215|17 Muharrem 1449
20270623|0340|0530|1307|1700|2033|2215|18 Muharrem 1449
20270624|0340|0530|1307|1701|2034|2215|19 Muharrem 1449
20270625|0341|0530|1307|1701|2034|2215|20 Muharrem 1449
20270626|0341|0531|1307|1701|2034|2215|21 Muharrem 1449
20270627|0341|0531|1307|1701|2034|2215|22 Muharrem 1449
20270628|0342|0531|1308|1701|2034|2215|23 Muharrem 1449
20270629|0342|0532|1308|1702|2034|2215|24 Muharrem 1449
20270630|0343|0532|1308|1702|2034|2215|25 Muharrem 1449
20270701|0344|0533|1308|1702|2034|2215|26 Muharrem 1449
20270702|0344|0533|1308|1702|2034|2214|27 Muharrem 1449
20270703|0345|0534|1309|1702|2034|2214|28 Muharrem 1449
20270704|0346|0534|1309|1702|2034|2214|29 Muharrem 1449
20270705|0347|0535|1309|1703|2033|2213|1 Safer 1449
20270706|0347|0535|1309|1703|2033|2213|2 Safer 1449
20270707|0348|0536|1309|1703|2033|2213|3 Safer 1449
20270708|0349|0536|1309|1703|2033|2212|4 Safer 1449
20270709|0350|0537|1310|1703|2032|2211|5 Safer 1449
20270710|0351|0537|1310|1703|2032|2211|6 Safer 1449
20270711|0352|0538|1310|1703|2032|2210|7 Safer 1449
20270712|0353|0539|1310|1703|2031|2209|8 Safer 1449
20270713|0354|0539|1310|1703|2031|2209|9 Safer 1449
20270714|0355|0540|1310|1703|2030|2208|10 Safer 1449
20270715|0356|0541|1310|1703|2030|2207|11 Safer 1449
20270716|0357|0542|1310|1703|2029|2206|12 Safer 1449
20270717|0358|0542|1311|1703|2029|2205|13 Safer 1449
20270718|0359|0543|1311|1703|2028|2204|14 Safer 1449
20270719|0401|0544|1311|1703|2028|2203|15 Safer 1449
20270720|0402|0545|1311|1703|2027|2202|16 Safer 1449
20270721|0403|0545|1311|1703|2026|2201|17 Safer 1449
20270722|0404|0546|1311|1703|2026|2200|18 Safer 1449
20270723|0405|0547|1311|1703|2025|2159|19 Safer 1449
20270724|0407|0548|1311|1703|2024|2158|20 Safer 1449
20270725|0408|0549|1311|1702|2023|2157|21 Safer 1449
20270726|0409|0549|1311|1702|2023|2156|22 Safer 1449
20270727|0410|0550|1311|1702|2022|2154|23 Safer 1449
20270728|0412|0551|1311|1702|2021|2153|24 Safer 1449
20270729|0413|0552|1311|1702|2020|2152|25 Safer 1449
20270730|0414|0553|1311|1702|2019|2151|26 Safer 1449
20270731|0416|0554|1311|1701|2018|2149|27 Safer 1449
20270801|0417|0554|1311|1701|2017|2148|28 Safer 1449
20270802|0418|0555|1311|1701|2016|2147|29 Safer 1449
20270803|0420|0556|1311|1700|2015|2145|1 Rebiulevvel 1449
20270804|0421|0557|1311|1700|2014|2144|2 Rebiulevvel 1449
20270805|0422|0558|1311|1700|2013|2142|3 Rebiulevvel 1449
20270806|0423|0559|1310|1659|2012|2141|4 Rebiulevvel 1449
20270807|0425|0600|1310|1659|2011|2139|5 Rebiulevvel 1449
20270808|0426|0600|1310|1659|2010|2138|6 Rebiulevvel 1449
20270809|0427|0601|1310|1658|2009|2136|7 Rebiulevvel 1449
20270810|0429|0602|1310|1658|2008|2135|8 Rebiulevvel 1449
20270811|0430|0603|1310|1657|2006|2133|9 Rebiulevvel 1449
20270812|0431|0604|1310|1657|2005|2132|10 Rebiulevvel 1449
20270813|0433|0605|1309|1656|2004|2130|11 Rebiulevvel 1449
20270814|0434|0606|1309|1656|2003|2128|12 Rebiulevvel 1449
20270815|0435|0607|1309|1655|2002|2127|13 Rebiulevvel 1449
20270816|0436|0608|1309|1655|2000|2125|14 Rebiulevvel 1449
20270817|0438|0608|1309|1654|1959|2124|15 Rebiulevvel 1449
20270818|0439|0609|1308|1654|1958|2122|16 Rebiulevvel 1449
20270819|0440|0610|1308|1653|1956|2120|17 Rebiulevvel 1449
20270820|0441|0611|1308|1652|1955|2119|18 Rebiulevvel 1449
20270821|0443|0612|1308|1652|1954|2117|19 Rebiulevvel 1449
20270822|0444|0613|1308|1651|1952|2115|20 Rebiulevvel 1449
20270823|0445|0614|1307|1650|1951|2113|21 Rebiulevvel 1449
20270824|0446|0615|1307|1650|1949|2112|22 Rebiulevvel 1449
20270825|0448|0615|1307|1649|1948|2110|23 Rebiulevvel 1449
20270826|0449|0616|1306|1648|1947|2108|24 Rebiulevvel 1449
20270827|0450|0617|1306|1648|1945|2107|25 Rebiulevvel 1449
20270828|0451|0618|1306|1647|1944|2105|26 Rebiulevvel 1449
20270829|0452|0619|1306|1646|1942|2103|27 Rebiulevvel 1449
20270830|0453|0620|1305|1645|1941|2101|28 Rebiulevvel 1449
20270831|0455|0621|1305|1644|1939|2100|29 Rebiulevvel 1449
20270901|0456|0622|1305|1644|1938|2058|30 Rebiulevvel 1449
20270902|0457|0622|1304|1643|1936|2056|1 Rebiulahir 1449
20270903|0458|0623|1304|1642|1935|2054|2 Rebiulahir 1449
20270904|0459|0624|1304|1641|1933|2053|3 Rebiulahir 1449
20270905|0500|0625|1303|1640|1932|2051|4 Rebiulahir 1449
20270906|0501|0626|1303|1639|1930|2049|5 Rebiulahir 1449
20270907|0502|0627|1303|1638|1929|2047|6 Rebiulahir 1449
20270908|0504|0628|1302|1638|1927|2046|7 Rebiulahir 1449
20270909|0505|0628|1302|1637|1926|2044|8 Rebiulahir 1449
20270910|0506|0629|1302|1636|1924|2042|9 Rebiulahir 1449
20270911|0507|0630|1301|1635|1923|2040|10 Rebiulahir 1449
20270912|0508|0631|1301|1634|1921|2039|11 Rebiulahir 1449
20270913|0509|0632|1301|1633|1919|2037|12 Rebiulahir 1449
20270914|0510|0633|1300|1632|1918|2035|13 Rebiulahir 1449
20270915|0511|0634|1300|1631|1916|2033|14 Rebiulahir 1449
20270916|0512|0634|1300|1630|1915|2032|15 Rebiulahir 1449
20270917|0513|0635|1259|1629|1913|2030|16 Rebiulahir 1449
20270918|0514|0636|1259|1628|1912|2028|17 Rebiulahir 1449
20270919|0515|0637|1258|1627|1910|2027|18 Rebiulahir 1449
20270920|0516|0638|1258|1626|1908|2025|19 Rebiulahir 1449
20270921|0517|0639|1258|1625|1907|2023|20 Rebiulahir 1449
20270922|0518|0640|1257|1624|1905|2022|21 Rebiulahir 1449
20270923|0519|0641|1257|1623|1904|2020|22 Rebiulahir 1449
20270924|0520|0641|1257|1622|1902|2018|23 Rebiulahir 1449
20270925|0521|0642|1256|1620|1900|2016|24 Rebiulahir 1449
20270926|0522|0643|1256|1619|1859|2015|25 Rebiulahir 1449
20270927|0523|0644|1256|1618|1857|2013|26 Rebiulahir 1449
20270928|0524|0645|1255|1617|1856|2012|27 Rebiulahir 1449
20270929|0525|0646|1255|1616|1854|2010|28 Rebiulahir 1449
20270930|0526|0647|1255|1615|1853|2008|29 Rebiulahir 1449
20271001|0527|0648|1254|1614|1851|2007|1 Cemaziyelevvel 1449
20271002|0528|0649|1254|1613|1850|2005|2 Cemaziyelevvel 1449
20271003|0529|0649|1254|1612|1848|2004|3 Cemaziyelevvel 1449
20271004|0530|0650|1253|1611|1846|2002|4 Cemaziyelevvel 1449
20271005|0531|0651|1253|1609|1845|2000|5 Cemaziyelevvel 1449
20271006|0531|0652|1253|1608|1843|1959|6 Cemaziyelevvel 1449
20271007|0532|0653|1252|1607|1842|1957|7 Cemaziyelevvel 1449
20271008|0533|0654|1252|1606|1840|1956|8 Cemaziyelevvel 1449
20271009|0534|0655|1252|1605|1839|1954|9 Cemaziyelevvel 1449
20271010|0535|0656|1252|1604|1837|1953|10 Cemaziyelevvel 1449
20271011|0536|0657|1251|1603|1836|1951|11 Cemaziyelevvel 1449
20271012|0537|0658|1251|1602|1834|1950|12 Cemaziyelevvel 1449
20271013|0538|0659|1251|1601|1833|1949|13 Cemaziyelevvel 1449
20271014|0539|0700|1251|1600|1832|1947|14 Cemaziyelevvel 1449
20271015|0540|0701|1250|1559|1830|1946|15 Cemaziyelevvel 1449
20271016|0541|0702|1250|1557|1829|1944|16 Cemaziyelevvel 1449
20271017|0542|0703|1250|1556|1827|1943|17 Cemaziyelevvel 1449
20271018|0543|0704|1250|1555|1826|1942|18 Cemaziyelevvel 1449
20271019|0544|0705|1250|1554|1825|1940|19 Cemaziyelevvel 1449
20271020|0544|0706|1249|1553|1823|1939|20 Cemaziyelevvel 1449
20271021|0545|0707|1249|1552|1822|1938|21 Cemaziyelevvel 1449
20271022|0546|0708|1249|1551|1820|1937|22 Cemaziyelevvel 1449
20271023|0547|0709|1249|1550|1819|1935|23 Cemaziyelevvel 1449
20271024|0548|0710|1249|1549|1818|1934|24 Cemaziyelevvel 1449
20271025|0549|0711|1249|1548|1817|1933|25 Cemaziyelevvel 1449
20271026|0550|0712|1248|1547|1815|1932|26 Cemaziyelevvel 1449
20271027|0551|0713|1248|1546|1814|1931|27 Cemaziyelevvel 1449
20271028|0552|0714|1248|1545|1813|1930|28 Cemaziyelevvel 1449
20271029|0553|0715|1248|1544|1812|1928|29 Cemaziyelevvel 1449
20271030|0554|0716|1248|1543|1810|1927|30 Cemaziyelevvel 1449
20271031|0555|0717|1248|1543|1809|1926|1 Cemaziyelahir 1449
20271101|0556|0718|1248|1542|1808|1925|2 Cemaziyelahir 1449
20271102|0557|0719|1248|1541|1807|1924|3 Cemaziyelahir 1449
20271103|0558|0720|1248|1540|1806|1923|4 Cemaziyelahir 1449
20271104|0558|0721|1248|1539|1805|1922|5 Cemaziyelahir 1449
20271105|0559|0722|1248|1538|1804|1922|6 Cemaziyelahir 1449
20271106|0600|0723|1248|1537|1803|1921|7 Cemaziyelahir 1449
20271107|0601|0724|1248|1537|1802|1920|8 Cemaziyelahir 1449
20271108|0602|0725|1248|1536|1801|1919|9 Cemaziyelahir 1449
20271109|0603|0726|1248|1535|1800|1918|10 Cemaziyelahir 1449
20271110|0604|0728|1248|1534|1759|1917|11 Cemaziyelahir 1449
20271111|0605|0729|1248|1534|1758|1917|12 Cemaziyelahir 1449
20271112|0606|0730|1248|1533|1757|1916|13 Cemaziyelahir 1449
20271113|0607|0731|1249|1532|1756|1915|14 Cemaziyelahir 1449
20271114|0608|0732|1249|1532|1756|1915|15 Cemaziyelahir 1449
20271115|0609|0733|1249|1531|1755|1914|16 Cemaziyelahir 1449
20271116|0610|0734|1249|1531|1754|1913|17 Cemaziyelahir 1449
20271117|0611|0735|1249|1530|1753|1913|18 Cemaziyelahir 1449
20271118|0612|0736|1249|1529|1753|1912|19 Cemaziyelahir 1449
20271119|0612|0737|1250|1529|1752|1912|20 Cemaziyelahir 1449
20271120|0613|0738|1250|1528|1751|1911|21 Cemaziyelahir 1449
20271121|0614|0739|1250|1528|1751|1911|22 Cemaziyelahir 1449
20271122|0615|0740|1250|1528|1750|1910|23 Cemaziyelahir 1449
20271123|0616|0742|1251|1527|1750|1910|24 Cemaziyelahir 1449
20271124|0617|0743|1251|1527|1749|1910|25 Cemaziyelahir 1449
20271125|0618|0744|1251|1526|1749|1909|26 Cemaziyelahir 1449
20271126|0619|0745|1251|1526|1748|1909|27 Cemaziyelahir 1449
20271127|0620|0746|1252|1526|1748|1909|28 Cemaziyelahir 1449
20271128|0620|0747|1252|1526|1748|1909|29 Cemaziyelahir 1449
20271129|0621|0748|1252|1525|1747|1908|1 Recep 1449
20271130|0622|0749|1253|1525|1747|1908|2 Recep 1449
20271201|0623|0750|1253|1525|1747|1908|3 Recep 1449
20271202|0624|0751|1254|1525|1747|1908|4 Recep 1449
20271203|0625|0752|1254|1525|1746|1908|5 Recep 1449
20271204|0626|0752|1254|1525|1746|1908|6 Recep 1449
20271205|0626|0753|1255|1525|1746|1908|7 Recep 1449
20271206|0627|0754|1255|1525|1746|1908|8 Recep 1449
20271207|0628|0755|1256|1525|1746|1908|9 Recep 1449
20271208|0629|0756|1256|1525|1746|1908|10 Recep 1449
20271209|0629|0757|1256|1525|1746|1908|11 Recep 1449
20271210|0630|0758|1257|1525|1746|1908|12 Recep 1449
20271211|0631|0759|1257|1525|1746|1908|13 Recep 1449
20271212|0632|0759|1258|1525|1746|1909|14 Recep 1449
20271213|0632|0800|1258|1526|1746|1909|15 Recep 1449
20271214|0633|0801|1259|1526|1747|1909|16 Recep 1449
20271215|0634|0801|1259|1526|1747|1909|17 Recep 1449
20271216|0634|0802|1300|1527|1747|1910|18 Recep 1449
20271217|0635|0803|1300|1527|1748|1910|19 Recep 1449
20271218|0635|0803|1301|1527|1748|1911|20 Recep 1449
20271219|0636|0804|1301|1528|1748|1911|21 Recep 1449
20271220|0637|0805|1302|1528|1749|1911|22 Recep 1449
20271221|0637|0805|1302|1529|1749|1912|23 Recep 1449
20271222|0638|0806|1303|1529|1750|1912|24 Recep 1449
20271223|0638|0806|1303|1529|1750|1913|25 Recep 1449
20271224|0639|0807|1304|1530|1751|1913|26 Recep 1449
20271225|0639|0807|1304|1531|1751|1914|27 Recep 1449
20271226|0639|0807|1305|1531|1752|1914|28 Recep 1449
20271227|0640|0808|1305|1532|1752|1915|29 Recep 1449
20271228|0640|0808|1306|1532|1753|1916|30 Recep 1449
20271229|0641|0808|1306|1533|1754|1916|1 Şaban 1449
20271230|0641|0809|1307|1534|1754|1917|2 Şaban 1449
20271231|0641|0809|1307|1534|1755|1918|3 Şaban 1449
#@9181|Sandıklı|AFYONKARAHISAR|730
20260101|0641|0809|1307|1534|1755|1918|12 Recep 1447
20260102|0642|0809|1308|1535|1756|1919|13 Recep 1447
20260103|0642|0809|1308|1536|1757|1919|14 Recep 1447
20260104|0642|0810|1309|1537|1758|1920|15 Recep 1447
20260105|0642|0810|1309|1538|1759|1921|16 Recep 1447
20260106|0642|0810|1310|1538|1800|1922|17 Recep 1447
20260107|0642|0810|1310|1539|1800|1923|18 Recep 1447
20260108|0642|0809|1310|1540|1801|1923|19 Recep 1447
20260109|0642|0809|1311|1541|1802|1924|20 Recep 1447
20260110|0642|0809|1311|1542|1803|1925|21 Recep 1447
20260111|0642|0809|1312|1543|1804|1926|22 Recep 1447
20260112|0642|0809|1312|1544|1805|1927|23 Recep 1447
20260113|0642|0809|1312|1545|1806|1928|24 Recep 1447
20260114|0642|0808|1313|1545|1807|1929|25 Recep 1447
20260115|0642|0808|1313|1546|1808|1929|26 Recep 1447
20260116|0641|0808|1313|1547|1809|1930|27 Recep 1447
20260117|0641|0807|1314|1548|1810|1931|28 Recep 1447
20260118|0641|0807|1314|1549|1812|1932|29 Recep 1447
20260119|0641|0806|1314|1550|1813|1933|30 Recep 1447
20260120|0640|0806|1315|1551|1814|1934|1 Şaban 1447
20260121|0640|0805|1315|1552|1815|1935|2 Şaban 1447
20260122|0639|0805|1315|1553|1816|1936|3 Şaban 1447
20260123|0639|0804|1316|1554|1817|1937|4 Şaban 1447
20260124|0639|0804|1316|1555|1818|1938|5 Şaban 1447
20260125|0638|0803|1316|1556|1819|1939|6 Şaban 1447
20260126|0638|0802|1316|1557|1820|1940|7 Şaban 1447
20260127|0637|0802|1317|1558|1822|1941|8 Şaban 1447
20260128|0636|0801|1317|1559|1823|1942|9 Şaban 1447
20260129|0636|0800|1317|1600|1824|1943|10 Şaban 1447
20260130|0635|0759|1317|1601|1825|1944|11 Şaban 1447
20260131|0634|0758|1317|1602|1826|1945|12 Şaban 1447
20260201|0634|0758|1317|1603|1827|1946|13 Şaban 1447
20260202|0633|0757|1318|1604|1828|1947|14 Şaban 1447
20260203|0632|0756|1318|1605|1830|1948|15 Şaban 1447
20260204|0632|0755|1318|1606|1831|1949|16 Şaban 1447
20260205|0631|0754|1318|1606|1832|1950|17 Şaban 1447
20260206|0630|0753|1318|1607|1833|1951|18 Şaban 1447
20260207|0629|0752|1318|1608|1834|1952|19 Şaban 1447
20260208|0628|0751|1318|1609|1835|1953|20 Şaban 1447
20260209|0627|0750|1318|1610|1836|1954|21 Şaban 1447
20260210|0626|0749|1318|1611|1837|1955|22 Şaban 1447
20260211|0625|0748|1318|1612|1839|1956|23 Şaban 1447
20260212|0624|0747|1318|1613|1840|1957|24 Şaban 1447
20260213|0623|0745|1318|1614|1841|1958|25 Şaban 1447
20260214|0622|0744|1318|1614|1842|1959|26 Şaban 1447
20260215|0621|0743|1318|1615|1843|2000|27 Şaban 1447
20260216|0620|0742|1318|1616|1844|2001|28 Şaban 1447
20260217|0619|0741|1318|1617|1845|2002|29 Şaban 1447
20260218|0618|0739|1318|1618|1846|2003|30 Şaban 1447
20260219|0616|0738|1318|1619|1847|2004|1 Ramazan 1447
20260220|0615|0737|1318|1619|1849|2005|2 Ramazan 1447
20260221|0614|0735|1318|1620|1850|2006|3 Ramazan 1447
20260222|0613|0734|1317|1621|1851|2007|4 Ramazan 1447
20260223|0612|0733|1317|1622|1852|2008|5 Ramazan 1447
20260224|0610|0731|1317|1622|1853|2009|6 Ramazan 1447
20260225|0609|0730|1317|1623|1854|2010|7 Ramazan 1447
20260226|0608|0729|1317|1624|1855|2011|8 Ramazan 1447
20260227|0606|0727|1317|1624|1856|2012|9 Ramazan 1447
20260228|0605|0726|1317|1625|1857|2013|10 Ramazan 1447
20260301|0604|0725|1316|1626|1858|2014|11 Ramazan 1447
20260302|0602|0723|1316|1627|1859|2015|12 Ramazan 1447
20260303|0601|0722|1316|1627|1900|2016|13 Ramazan 1447
20260304|0559|0720|1316|1628|1901|2017|14 Ramazan 1447
20260305|0558|0719|1315|1628|1902|2018|15 Ramazan 1447
20260306|0556|0717|1315|1629|1903|2019|16 Ramazan 1447
20260307|0555|0716|1315|1630|1904|2020|17 Ramazan 1447
20260308|0553|0714|1315|1630|1905|2021|18 Ramazan 1447
20260309|0552|0713|1315|1631|1906|2022|19 Ramazan 1447
20260310|0550|0711|1314|1631|1907|2023|20 Ramazan 1447
20260311|0549|0710|1314|1632|1908|2024|21 Ramazan 1447
20260312|0547|0708|1314|1632|1909|2025|22 Ramazan 1447
20260313|0546|0707|1313|1633|1910|2026|23 Ramazan 1447
20260314|0544|0705|1313|1633|1911|2027|24 Ramazan 1447
20260315|0543|0704|1313|1634|1912|2028|25 Ramazan 1447
20260316|0541|0702|1313|1634|1913|2029|26 Ramazan 1447
20260317|0539|0701|1312|1635|1914|2030|27 Ramazan 1447
20260318|0538|0659|1312|1635|1915|2031|28 Ramazan 1447
20260319|0536|0658|1312|1636|1916|2032|29 Ramazan 1447
20260320|0534|0656|1312|1636|1917|2033|1 Şevval 1447
20260321|0533|0654|1311|1637|1918|2034|2 Şevval 1447
20260322|0531|0653|1311|1637|1919|2036|3 Şevval 1447
20260323|0529|0651|1311|1638|1920|2037|4 Şevval 1447
20260324|0528|0650|1310|1638|1921|2038|5 Şevval 1447
20260325|0526|0648|1310|1638|1922|2039|6 Şevval 1447
20260326|0524|0647|1310|1639|1923|2040|7 Şevval 1447
20260327|0523|0645|1309|1639|1924|2041|8 Şevval 1447
20260328|0521|0644|1309|1640|1925|2042|9 Şevval 1447
20260329|0519|0642|1309|1640|1926|2043|10 Şevval 1447
20260330|0517|0641|1309|1640|1927|2044|11 Şevval 1447
20260331|0516|0639|1308|1641|1927|2045|12 Şevval 1447
20260401|0514|0637|1308|1641|1928|2046|13 Şevval 1447
20260402|0512|0636|1308|1641|1929|2048|14 Şevval 1447
20260403|0510|0634|1307|1642|1930|2049|15 Şevval 1447
20260404|0509|0633|1307|1642|1931|2050|16 Şevval 1447
20260405|0507|0631|1307|1642|1932|2051|17 Şevval 1447
20260406|0505|0630|1306|1643|1933|2052|18 Şevval 1447
20260407|0503|0628|1306|1643|1934|2053|19 Şevval 1447
20260408|0502|0627|1306|1643|1935|2055|20 Şevval 1447
20260409|0500|0625|1306|1643|1936|2056|21 Şevval 1447
20260410|0458|0624|1305|1644|1937|2057|22 Şevval 1447
20260411|0456|0622|1305|1644|1938|2058|23 Şevval 1447
20260412|0455|0621|1305|1644|1939|2059|24 Şevval 1447
20260413|0453|0619|1305|1644|1940|2100|25 Şevval 1447
20260414|0451|0618|1304|1645|1941|2102|26 Şevval 1447
20260415|0449|0617|1304|1645|1942|2103|27 Şevval 1447
20260416|0448|0615|1304|1645|1943|2104|28 Şevval 1447
20260417|0446|0614|1304|1645|1944|2105|29 Şevval 1447
20260418|0444|0612|1303|1646|1944|2107|1 Zilkade 1447
20260419|0442|0611|1303|1646|1945|2108|2 Zilkade 1447
20260420|0441|0610|1303|1646|1946|2109|3 Zilkade 1447
20260421|0439|0608|1303|1646|1947|2110|4 Zilkade 1447
20260422|0437|0607|1303|1647|1948|2112|5 Zilkade 1447
20260423|0436|0605|1302|1647|1949|2113|6 Zilkade 1447
20260424|0434|0604|1302|1647|1950|2114|7 Zilkade 1447
20260425|0432|0603|1302|1647|1951|2116|8 Zilkade 1447
20260426|0431|0602|1302|1647|1952|2117|9 Zilkade 1447
20260427|0429|0600|1302|1648|1953|2118|10 Zilkade 1447
20260428|0427|0559|1301|1648|1954|2120|11 Zilkade 1447
20260429|0426|0558|1301|1648|1955|2121|12 Zilkade 1447
20260430|0424|0557|1301|1648|1956|2122|13 Zilkade 1447
20260501|0422|0555|1301|1648|1957|2123|14 Zilkade 1447
20260502|0421|0554|1301|1649|1958|2125|15 Zilkade 1447
20260503|0419|0553|1301|1649|1959|2126|16 Zilkade 1447
20260504|0418|0552|1301|1649|2000|2127|17 Zilkade 1447
20260505|0416|0551|1301|1649|2001|2129|18 Zilkade 1447
20260506|0414|0550|1301|1649|2002|2130|19 Zilkade 1447
20260507|0413|0549|1301|1650|2002|2131|20 Zilkade 1447
20260508|0411|0548|1300|1650|2003|2133|21 Zilkade 1447
20260509|0410|0546|1300|1650|2004|2134|22 Zilkade 1447
20260510|0409|0545|1300|1650|2005|2135|23 Zilkade 1447
20260511|0407|0544|1300|1651|2006|2137|24 Zilkade 1447
20260512|0406|0544|1300|1651|2007|2138|25 Zilkade 1447
20260513|0404|0543|1300|1651|2008|2139|26 Zilkade 1447
20260514|0403|0542|1300|1651|2009|2141|27 Zilkade 1447
20260515|0402|0541|1300|1651|2010|2142|28 Zilkade 1447
20260516|0400|0540|1300|1652|2011|2143|29 Zilkade 1447
20260517|0359|0539|1300|1652|2012|2145|30 Zilkade 1447
20260518|0358|0538|1300|1652|2012|2146|1 Zilhicce 1447
20260519|0356|0537|1300|1652|2013|2147|2 Zilhicce 1447
20260520|0355|0537|1300|1652|2014|2148|3 Zilhicce 1447
20260521|0354|0536|1300|1653|2015|2150|4 Zilhicce 1447
20260522|0353|0535|1301|1653|2016|2151|5 Zilhicce 1447
20260523|0352|0535|1301|1653|2017|2152|6 Zilhicce 1447
20260524|0351|0534|1301|1653|2018|2153|7 Zilhicce 1447
20260525|0350|0533|1301|1654|2018|2155|8 Zilhicce 1447
20260526|0349|0533|1301|1654|2019|2156|9 Zilhicce 1447
20260527|0348|0532|1301|1654|2020|2157|10 Zilhicce 1447
20260528|0347|0532|1301|1654|2021|2158|11 Zilhicce 1447
20260529|0346|0531|1301|1655|2021|2159|12 Zilhicce 1447
20260530|0345|0531|1301|1655|2022|2200|13 Zilhicce 1447
20260531|0344|0530|1302|1655|2023|2201|14 Zilhicce 1447
20260601|0343|0530|1302|1655|2024|2202|15 Zilhicce 1447
20260602|0343|0530|1302|1655|2024|2203|16 Zilhicce 1447
20260603|0342|0529|1302|1656|2025|2204|17 Zilhicce 1447
20260604|0341|0529|1302|1656|2026|2205|18 Zilhicce 1447
20260605|0341|0529|1302|1656|2026|2206|19 Zilhicce 1447
20260606|0340|0528|1303|1656|2027|2207|20 Zilhicce 1447
20260607|0340|0528|1303|1657|2027|2208|21 Zilhicce 1447
20260608|0339|0528|1303|1657|2028|2209|22 Zilhicce 1447
20260609|0339|0528|1303|1657|2029|2209|23 Zilhicce 1447
20260610|0338|0528|1303|1657|2029|2210|24 Zilhicce 1447
20260611|0338|0527|1303|1658|2030|2211|25 Zilhicce 1447
20260612|0338|0527|1304|1658|2030|2211|26 Zilhicce 1447
20260613|0338|0527|1304|1658|2030|2212|27 Zilhicce 1447
20260614|0337|0527|1304|1658|2031|2213|28 Zilhicce 1447
20260615|0337|0527|1304|1659|2031|2213|29 Zilhicce 1447
20260616|0337|0527|1305|1659|2032|2214|1 Muharrem 1448
20260617|0337|0528|1305|1659|2032|2214|2 Muharrem 1448
20260618|0337|0528|1305|1659|2032|2215|3 Muharrem 1448
20260619|0337|0528|1305|1700|2033|2215|4 Muharrem 1448
20260620|0337|0528|1305|1700|2033|2215|5 Muharrem 1448
20260621|0338|0528|1306|1700|2033|2215|6 Muharrem 1448
20260622|0338|0528|1306|1700|2033|2216|7 Muharrem 1448
20260623|0338|0529|1306|1700|2034|2216|8 Muharrem 1448
20260624|0338|0529|1306|1701|2034|2216|9 Muharrem 1448
20260625|0339|0529|1306|1701|2034|2216|10 Muharrem 1448
20260626|0339|0530|1307|1701|2034|2216|11 Muharrem 1448
20260627|0340|0530|1307|1701|2034|2216|12 Muharrem 1448
20260628|0340|0530|1307|1701|2034|2216|13 Muharrem 1448
20260629|0341|0531|1307|1702|2034|2216|14 Muharrem 1448
20260630|0341|0531|1308|1702|2034|2216|15 Muharrem 1448
20260701|0342|0532|1308|1702|2034|2215|16 Muharrem 1448
20260702|0343|0532|1308|1702|2034|2215|17 Muharrem 1448
20260703|0343|0533|1308|1702|2034|2215|18 Muharrem 1448
20260704|0344|0533|1308|1702|2034|2214|19 Muharrem 1448
20260705|0345|0534|1308|1702|2033|2214|20 Muharrem 1448
20260706|0346|0534|1309|1703|2033|2214|21 Muharrem 1448
20260707|0347|0535|1309|1703|2033|2213|22 Muharrem 1448
20260708|0348|0535|1309|1703|2033|2213|23 Muharrem 1448
20260709|0348|0536|1309|1703|2032|2212|24 Muharrem 1448
20260710|0349|0537|1309|1703|2032|2211|25 Muharrem 1448
20260711|0350|0537|1309|1703|2032|2211|26 Muharrem 1448
20260712|0351|0538|1310|1703|2031|2210|27 Muharrem 1448
20260713|0353|0539|1310|1703|2031|2209|28 Muharrem 1448
20260714|0354|0539|1310|1703|2030|2208|29 Muharrem 1448
20260715|0355|0540|1310|1703|2030|2207|1 Safer 1448
20260716|0356|0541|1310|1703|2029|2207|2 Safer 1448
20260717|0357|0541|1310|1703|2029|2206|3 Safer 1448
20260718|0358|0542|1310|1703|2028|2205|4 Safer 1448
20260719|0359|0543|1310|1703|2028|2204|5 Safer 1448
20260720|0400|0544|1310|1703|2027|2203|6 Safer 1448
20260721|0402|0544|1310|1703|2026|2202|7 Safer 1448
20260722|0403|0545|1310|1703|2026|2201|8 Safer 1448
20260723|0404|0546|1310|1703|2025|2159|9 Safer 1448
20260724|0405|0547|1310|1702|2024|2158|10 Safer 1448
20260725|0407|0548|1310|1702|2023|2157|11 Safer 1448
20260726|0408|0549|1310|1702|2022|2156|12 Safer 1448
20260727|0409|0549|1310|1702|2022|2155|13 Safer 1448
20260728|0411|0550|1310|1702|2021|2153|14 Safer 1448
20260729|0412|0551|1310|1701|2020|2152|15 Safer 1448
20260730|0413|0552|1310|1701|2019|2151|16 Safer 1448
20260731|0414|0553|1310|1701|2018|2149|17 Safer 1448
20260801|0416|0554|1310|1701|2017|2148|18 Safer 1448
20260802|0417|0555|1310|1700|2016|2147|19 Safer 1448
20260803|0418|0555|1310|1700|2015|2145|20 Safer 1448
20260804|0420|0556|1310|1700|2014|2144|21 Safer 1448
20260805|0421|0557|1310|1659|2013|2142|22 Safer 1448
20260806|0422|0558|1310|1659|2012|2141|23 Safer 1448
20260807|0424|0559|1310|1659|2011|2139|24 Safer 1448
20260808|0425|0600|1310|1658|2010|2138|25 Safer 1448
20260809|0426|0601|1310|1658|2008|2136|26 Safer 1448
20260810|0428|0602|1309|1657|2007|2135|27 Safer 1448
20260811|0429|0602|1309|1657|2006|2133|28 Safer 1448
20260812|0430|0603|1309|1656|2005|2131|29 Safer 1448
20260813|0432|0604|1309|1656|2004|2130|30 Safer 1448
20260814|0433|0605|1309|1655|2002|2128|1 Rebiulevvel 1448
20260815|0434|0606|1309|1655|2001|2127|2 Rebiulevvel 1448
20260816|0435|0607|1308|1654|2000|2125|3 Rebiulevvel 1448
20260817|0437|0608|1308|1654|1958|2123|4 Rebiulevvel 1448
20260818|0438|0609|1308|1653|1957|2122|5 Rebiulevvel 1448
20260819|0439|0610|1308|1653|1956|2120|6 Rebiulevvel 1448
20260820|0441|0610|1307|1652|1954|2118|7 Rebiulevvel 1448
20260821|0442|0611|1307|1651|1953|2117|8 Rebiulevvel 1448
20260822|0443|0612|1307|1651|1952|2115|9 Rebiulevvel 1448
20260823|0444|0613|1307|1650|1950|2113|10 Rebiulevvel 1448
20260824|0446|0614|1306|1649|1949|2111|11 Rebiulevvel 1448
20260825|0447|0615|1306|1649|1947|2110|12 Rebiulevvel 1448
20260826|0448|0616|1306|1648|1946|2108|13 Rebiulevvel 1448
20260827|0449|0617|1306|1647|1945|2106|14 Rebiulevvel 1448
20260828|0450|0617|1305|1646|1943|2104|15 Rebiulevvel 1448
20260829|0452|0618|1305|1645|1942|2103|16 Rebiulevvel 1448
20260830|0453|0619|1305|1645|1940|2101|17 Rebiulevvel 1448
20260831|0454|0620|1304|1644|1939|2059|18 Rebiulevvel 1448
20260901|0455|0621|1304|1643|1937|2057|19 Rebiulevvel 1448
20260902|0456|0622|1304|1642|1936|2056|20 Rebiulevvel 1448
20260903|0457|0623|1303|1641|1934|2054|21 Rebiulevvel 1448
20260904|0458|0624|1303|1640|1933|2052|22 Rebiulevvel 1448
20260905|0500|0624|1303|1640|1931|2050|23 Rebiulevvel 1448
20260906|0501|0625|1302|1639|1930|2049|24 Rebiulevvel 1448
20260907|0502|0626|1302|1638|1928|2047|25 Rebiulevvel 1448
20260908|0503|0627|1302|1637|1926|2045|26 Rebiulevvel 1448
20260909|0504|0628|1301|1636|1925|2043|27 Rebiulevvel 1448
20260910|0505|0629|1301|1635|1923|2042|28 Rebiulevvel 1448
20260911|0506|0630|1301|1634|1922|2040|29 Rebiulevvel 1448
20260912|0507|0631|1300|1633|1920|2038|1 Rebiulahir 1448
20260913|0508|0631|1300|1632|1919|2036|2 Rebiulahir 1448
20260914|0509|0632|1300|1631|1917|2035|3 Rebiulahir 1448
20260915|0510|0633|1259|1630|1915|2033|4 Rebiulahir 1448
20260916|0511|0634|1259|1629|1914|2031|5 Rebiulahir 1448
20260917|0512|0635|1259|1628|1912|2029|6 Rebiulahir 1448
20260918|0513|0636|1258|1627|1911|2028|7 Rebiulahir 1448
20260919|0514|0637|1258|1626|1909|2026|8 Rebiulahir 1448
20260920|0515|0638|1258|1625|1907|2024|9 Rebiulahir 1448
20260921|0516|0638|1257|1624|1906|2023|10 Rebiulahir 1448
20260922|0517|0639|1257|1623|1904|2021|11 Rebiulahir 1448
20260923|0518|0640|1256|1622|1903|2019|12 Rebiulahir 1448
20260924|0519|0641|1256|1621|1901|2017|13 Rebiulahir 1448
20260925|0520|0642|1256|1620|1900|2016|14 Rebiulahir 1448
20260926|0521|0643|1255|1618|1858|2014|15 Rebiulahir 1448
20260927|0522|0644|1255|1617|1856|2012|16 Rebiulahir 1448
20260928|0523|0645|1255|1616|1855|2011|17 Rebiulahir 1448
20260929|0524|0646|1254|1615|1853|2009|18 Rebiulahir 1448
20260930|0525|0646|1254|1614|1852|2008|19 Rebiulahir 1448
20261001|0526|0647|1254|1613|1850|2006|20 Rebiulahir 1448
20261002|0527|0648|1253|1612|1849|2004|21 Rebiulahir 1448
20261003|0528|0649|1253|1611|1847|2003|22 Rebiulahir 1448
20261004|0529|0650|1253|1610|1845|2001|23 Rebiulahir 1448
20261005|0530|0651|1252|1609|1844|2000|24 Rebiulahir 1448
20261006|0531|0652|1252|1607|1842|1958|25 Rebiulahir 1448
20261007|0532|0653|1252|1606|1841|1957|26 Rebiulahir 1448
20261008|0533|0654|1252|1605|1839|1955|27 Rebiulahir 1448
20261009|0534|0655|1251|1604|1838|1954|28 Rebiulahir 1448
20261010|0535|0656|1251|1603|1836|1952|29 Rebiulahir 1448
20261011|0536|0657|1251|1602|1835|1951|30 Rebiulahir 1448
20261012|0537|0658|1251|1601|1833|1949|1 Cemaziyelevvel 1448
20261013|0538|0659|1250|1600|1832|1948|2 Cemaziyelevvel 1448
20261014|0539|0700|1250|1559|1831|1946|3 Cemaziyelevvel 1448
20261015|0540|0701|1250|1558|1829|1945|4 Cemaziyelevvel 1448
20261016|0540|0702|1250|1556|1828|1944|5 Cemaziyelevvel 1448
20261017|0541|0703|1249|1555|1826|1942|6 Cemaziyelevvel 1448
20261018|0542|0704|1249|1554|1825|1941|7 Cemaziyelevvel 1448
20261019|0543|0705|1249|1553|1823|1940|8 Cemaziyelevvel 1448
20261020|0544|0706|1249|1552|1822|1938|9 Cemaziyelevvel 1448
20261021|0545|0707|1249|1551|1821|1937|10 Cemaziyelevvel 1448
20261022|0546|0708|1248|1550|1819|1936|11 Cemaziyelevvel 1448
20261023|0547|0709|1248|1549|1818|1935|12 Cemaziyelevvel 1448
20261024|0548|0710|1248|1548|1817|1933|13 Cemaziyelevvel 1448
20261025|0549|0711|1248|1547|1815|1932|14 Cemaziyelevvel 1448
20261026|0550|0712|1248|1546|1814|1931|15 Cemaziyelevvel 1448
20261027|0551|0713|1248|1545|1813|1930|16 Cemaziyelevvel 1448
20261028|0552|0714|1248|1544|1812|1929|17 Cemaziyelevvel 1448
20261029|0553|0715|1248|1543|1811|1928|18 Cemaziyelevvel 1448
20261030|0554|0716|1248|1542|1809|1927|19 Cemaziyelevvel 1448
20261031|0554|0717|1248|1541|1808|1926|20 Cemaziyelevvel 1448
20261101|0555|0718|1248|1541|1807|1924|21 Cemaziyelevvel 1448
20261102|0556|0719|1247|1540|1806|1923|22 Cemaziyelevvel 1448
20261103|0557|0720|1247|1539|1805|1923|23 Cemaziyelevvel 1448
20261104|0558|0721|1247|1538|1804|1922|24 Cemaziyelevvel 1448
20261105|0559|0722|1247|1537|1803|1921|25 Cemaziyelevvel 1448
20261106|0600|0723|1248|1536|1802|1920|26 Cemaziyelevvel 1448
20261107|0601|0724|1248|1536|1801|1919|27 Cemaziyelevvel 1448
20261108|0602|0726|1248|1535|1800|1918|28 Cemaziyelevvel 1448
20261109|0603|0727|1248|1534|1759|1917|29 Cemaziyelevvel 1448
20261110|0604|0728|1248|1533|1758|1916|1 Cemaziyelahir 1448
20261111|0605|0729|1248|1533|1757|1916|2 Cemaziyelahir 1448
20261112|0606|0730|1248|1532|1756|1915|3 Cemaziyelahir 1448
20261113|0607|0731|1248|1531|1755|1914|4 Cemaziyelahir 1448
20261114|0608|0732|1248|1531|1754|1914|5 Cemaziyelahir 1448
20261115|0609|0733|1248|1530|1754|1913|6 Cemaziyelahir 1448
20261116|0610|0734|1249|1529|1753|1912|7 Cemaziyelahir 1448
20261117|0610|0735|1249|1529|1752|1912|8 Cemaziyelahir 1448
20261118|0611|0736|1249|1528|1752|1911|9 Cemaziyelahir 1448
20261119|0612|0738|1249|1528|1751|1911|10 Cemaziyelahir 1448
20261120|0613|0739|1249|1527|1750|1910|11 Cemaziyelahir 1448
20261121|0614|0740|1250|1527|1750|1910|12 Cemaziyelahir 1448
20261122|0615|0741|1250|1526|1749|1910|13 Cemaziyelahir 1448
20261123|0616|0742|1250|1526|1749|1909|14 Cemaziyelahir 1448
20261124|0617|0743|1250|1526|1748|1909|15 Cemaziyelahir 1448
20261125|0618|0744|1251|1525|1748|1908|16 Cemaziyelahir 1448
20261126|0619|0745|1251|1525|1747|1908|17 Cemaziyelahir 1448
20261127|0620|0746|1251|1525|1747|1908|18 Cemaziyelahir 1448
20261128|0620|0747|1252|1525|1746|1908|19 Cemaziyelahir 1448
20261129|0621|0748|1252|1524|1746|1908|20 Cemaziyelahir 1448
20261130|0622|0749|1252|1524|1746|1907|21 Cemaziyelahir 1448
20261201|0623|0750|1253|1524|1746|1907|22 Cemaziyelahir 1448
20261202|0624|0751|1253|1524|1745|1907|23 Cemaziyelahir 1448
20261203|0625|0752|1254|1524|1745|1907|24 Cemaziyelahir 1448
20261204|0625|0753|1254|1524|1745|1907|25 Cemaziyelahir 1448
20261205|0626|0754|1254|1524|1745|1907|26 Cemaziyelahir 1448
20261206|0627|0755|1255|1524|1745|1907|27 Cemaziyelahir 1448
20261207|0628|0755|1255|1524|1745|1907|28 Cemaziyelahir 1448
20261208|0629|0756|1256|1524|1745|1907|29 Cemaziyelahir 1448
20261209|0629|0757|1256|1524|1745|1907|30 Cemaziyelahir 1448
20261210|0630|0758|1256|1524|1745|1908|1 Recep 1448
20261211|0631|0759|1257|1524|1745|1908|2 Recep 1448
20261212|0632|0800|1257|1524|1745|1908|3 Recep 1448
20261213|0632|0800|1258|1525|1745|1908|4 Recep 1448
20261214|0633|0801|1258|1525|1746|1908|5 Recep 1448
20261215|0634|0802|1259|1525|1746|1909|6 Recep 1448
20261216|0634|0802|1259|1526|1746|1909|7 Recep 1448
20261217|0635|0803|1300|1526|1747|1909|8 Recep 1448
20261218|0635|0804|1300|1526|1747|1910|9 Recep 1448
20261219|0636|0804|1301|1527|1747|1910|10 Recep 1448
20261220|0637|0805|1301|1527|1748|1911|11 Recep 1448
20261221|0637|0805|1302|1528|1748|1911|12 Recep 1448
20261222|0638|0806|1302|1528|1749|1912|13 Recep 1448
20261223|0638|0806|1303|1529|1749|1912|14 Recep 1448
20261224|0638|0807|1303|1529|1750|1913|15 Recep 1448
20261225|0639|0807|1304|1530|1750|1913|16 Recep 1448
20261226|0639|0808|1304|1530|1751|1914|17 Recep 1448
20261227|0640|0808|1305|1531|1751|1914|18 Recep 1448
20261228|0640|0808|1305|1531|1752|1915|19 Recep 1448
20261229|0640|0809|1306|1532|1753|1916|20 Recep 1448
20261230|0641|0809|1306|1533|1754|1916|21 Recep 1448
20261231|0641|0809|1307|1534|1754|1917|22 Recep 1448
20270101|0641|0809|1307|1534|1755|1918|23 Recep 1448
20270102|0641|0809|1308|1535|1756|1918|24 Recep 1448
20270103|0642|0809|1308|1536|1757|1919|25 Recep 1448
20270104|0642|0810|1309|1537|1758|1920|26 Recep 1448
20270105|0642|0810|1309|1537|1758|1921|27 Recep 1448
20270106|0642|0810|1309|1538|1759|1922|28 Recep 1448
20270107|0642|0810|1310|1539|1800|1922|29 Recep 1448
20270108|0642|0809|1310|1540|1801|1923|30 Recep 1448
20270109|0642|0809|1311|1541|1802|1924|1 Şaban 1448
20270110|0642|0809|1311|1542|1803|1925|2 Şaban 1448
20270111|0642|0809|1312|1542|1804|1926|3 Şaban 1448
20270112|0642|0809|1312|1543|1805|1927|4 Şaban 1448
20270113|0642|0809|1312|1544|1806|1927|5 Şaban 1448
20270114|0642|0808|1313|1545|1807|1928|6 Şaban 1448
20270115|0642|0808|1313|1546|1808|1929|7 Şaban 1448
20270116|0641|0808|1313|1547|1809|1930|8 Şaban 1448
20270117|0641|0807|1314|1548|1810|1931|9 Şaban 1448
20270118|0641|0807|1314|1549|1811|1932|10 Şaban 1448
20270119|0641|0806|1314|1550|1812|1933|11 Şaban 1448
20270120|0640|0806|1315|1551|1813|1934|12 Şaban 1448
20270121|0640|0806|1315|1552|1815|1935|13 Şaban 1448
20270122|0640|0805|1315|1553|1816|1936|14 Şaban 1448
20270123|0639|0804|1316|1554|1817|1937|15 Şaban 1448
20270124|0639|0804|1316|1555|1818|1938|16 Şaban 1448
20270125|0638|0803|1316|1556|1819|1939|17 Şaban 1448
20270126|0638|0802|1316|1557|1820|1940|18 Şaban 1448
20270127|0637|0802|1316|1558|1821|1941|19 Şaban 1448
20270128|0637|0801|1317|1559|1822|1942|20 Şaban 1448
20270129|0636|0800|1317|1600|1824|1943|21 Şaban 1448
20270130|0635|0759|1317|1601|1825|1944|22 Şaban 1448
20270131|0635|0759|1317|1601|1826|1945|23 Şaban 1448
20270201|0634|0758|1317|1602|1827|1946|24 Şaban 1448
20270202|0633|0757|1317|1603|1828|1947|25 Şaban 1448
20270203|0632|0756|1318|1604|1829|1948|26 Şaban 1448
20270204|0632|0755|1318|1605|1830|1949|27 Şaban 1448
20270205|0631|0754|1318|1606|1832|1950|28 Şaban 1448
20270206|0630|0753|1318|1607|1833|1951|29 Şaban 1448
20270207|0629|0752|1318|1608|1834|1952|30 Şaban 1448
20270208|0628|0751|1318|1609|1835|1953|1 Ramazan 1448
20270209|0627|0750|1318|1610|1836|1954|2 Ramazan 1448
20270210|0626|0749|1318|1611|1837|1955|3 Ramazan 1448
20270211|0625|0748|1318|1612|1838|1956|4 Ramazan 1448
20270212|0624|0747|1318|1613|1839|1957|5 Ramazan 1448
20270213|0623|0746|1318|1613|1841|1958|6 Ramazan 1448
20270214|0622|0744|1318|1614|1842|1959|7 Ramazan 1448
20270215|0621|0743|1318|1615|1843|2000|8 Ramazan 1448
20270216|0620|0742|1318|1616|1844|2001|9 Ramazan 1448
20270217|0619|0741|1318|1617|1845|2002|10 Ramazan 1448
20270218|0618|0740|1318|1618|1846|2003|11 Ramazan 1448
20270219|0617|0738|1318|1618|1847|2004|12 Ramazan 1448
20270220|0616|0737|1318|1619|1848|2005|13 Ramazan 1448
20270221|0614|0736|1318|1620|1849|2006|14 Ramazan 1448
20270222|0613|0734|1317|1621|1850|2007|15 Ramazan 1448
20270223|0612|0733|1317|1621|1852|2008|16 Ramazan 1448
20270224|0611|0732|1317|1622|1853|2009|17 Ramazan 1448
20270225|0609|0730|1317|1623|1854|2010|18 Ramazan 1448
20270226|0608|0729|1317|1624|1855|2011|19 Ramazan 1448
20270227|0607|0728|1317|1624|1856|2012|20 Ramazan 1448
20270228|0605|0726|1317|1625|1857|2013|21 Ramazan 1448
20270301|0604|0725|1316|1626|1858|2014|22 Ramazan 1448
20270302|0603|0723|1316|1626|1859|2015|23 Ramazan 1448
20270303|0601|0722|1316|1627|1900|2016|24 Ramazan 1448
20270304|0600|0721|1316|1628|1901|2017|25 Ramazan 1448
20270305|0558|0719|1316|1628|1902|2018|26 Ramazan 1448
20270306|0557|0718|1315|1629|1903|2019|27 Ramazan 1448
20270307|0555|0716|1315|1629|1904|2020|28 Ramazan 1448
20270308|0554|0715|1315|1630|1905|2021|29 Ramazan 1448
20270309|0552|0713|1315|1631|1906|2022|1 Şevval 1448
20270310|0551|0712|1314|1631|1907|2023|2 Şevval 1448
20270311|0549|0710|1314|1632|1908|2024|3 Şevval 1448
20270312|0548|0709|1314|1632|1909|2025|4 Şevval 1448
20270313|0546|0707|1314|1633|1910|2026|5 Şevval 1448
20270314|0545|0706|1313|1633|1911|2027|6 Şevval 1448
20270315|0543|0704|1313|1634|1912|2028|7 Şevval 1448
20270316|0541|0703|1313|1634|1913|2029|8 Şevval 1448
20270317|0540|0701|1312|1635|1914|2030|9 Şevval 1448
20270318|0538|0700|1312|1635|1915|2031|10 Şevval 1448
20270319|0536|0658|1312|1636|1916|2032|11 Şevval 1448
20270320|0535|0656|1312|1636|1917|2033|12 Şevval 1448
20270321|0533|0655|1311|1637|1918|2034|13 Şevval 1448
20270322|0531|0653|1311|1637|1919|2035|14 Şevval 1448
20270323|0530|0652|1311|1638|1920|2036|15 Şevval 1448
20270324|0528|0650|1310|1638|1921|2037|16 Şevval 1448
20270325|0526|0649|1310|1638|1922|2038|17 Şevval 1448
20270326|0525|0647|1310|1639|1923|2040|18 Şevval 1448
20270327|0523|0646|1309|1639|1923|2041|19 Şevval 1448
20270328|0521|0644|1309|1639|1924|2042|20 Şevval 1448
20270329|0520|0642|1309|1640|1925|2043|21 Şevval 1448
20270330|0518|0641|1309|1640|1926|2044|22 Şevval 1448
20270331|0516|0639|1308|1641|1927|2045|23 Şevval 1448
20270401|0514|0638|1308|1641|1928|2046|24 Şevval 1448
20270402|0513|0636|1308|1641|1929|2047|25 Şevval 1448
20270403|0511|0635|1307|1642|1930|2048|26 Şevval 1448
20270404|0509|0633|1307|1642|1931|2050|27 Şevval 1448
20270405|0507|0632|1307|1642|1932|2051|28 Şevval 1448
20270406|0506|0630|1307|1642|1933|2052|29 Şevval 1448
20270407|0504|0629|1306|1643|1934|2053|30 Şevval 1448
20270408|0502|0627|1306|1643|1935|2054|1 Zilkade 1448
20270409|0500|0626|1306|1643|1936|2055|2 Zilkade 1448
20270410|0459|0624|1305|1644|1937|2057|3 Zilkade 1448
20270411|0457|0623|1305|1644|1938|2058|4 Zilkade 1448
20270412|0455|0621|1305|1644|1939|2059|5 Zilkade 1448
20270413|0453|0620|1305|1644|1940|2100|6 Zilkade 1448
20270414|0452|0618|1304|1645|1940|2101|7 Zilkade 1448
20270415|0450|0617|1304|1645|1941|2103|8 Zilkade 1448
20270416|0448|0615|1304|1645|1942|2104|9 Zilkade 1448
20270417|0446|0614|1304|1645|1943|2105|10 Zilkade 1448
20270418|0445|0613|1303|1646|1944|2106|11 Zilkade 1448
20270419|0443|0611|1303|1646|1945|2108|12 Zilkade 1448
20270420|0441|0610|1303|1646|1946|2109|13 Zilkade 1448
20270421|0439|0608|1303|1646|1947|2110|14 Zilkade 1448
20270422|0438|0607|1303|1647|1948|2111|15 Zilkade 1448
20270423|0436|0606|1302|1647|1949|2113|16 Zilkade 1448
20270424|0434|0604|1302|1647|1950|2114|17 Zilkade 1448
20270425|0433|0603|1302|1647|1951|2115|18 Zilkade 1448
20270426|0431|0602|1302|1647|1952|2117|19 Zilkade 1448
20270427|0429|0601|1302|1648|1953|2118|20 Zilkade 1448
20270428|0428|0559|1302|1648|1954|2119|21 Zilkade 1448
20270429|0426|0558|1301|1648|1955|2121|22 Zilkade 1448
20270430|0424|0557|1301|1648|1956|2122|23 Zilkade 1448
20270501|0423|0556|1301|1648|1957|2123|24 Zilkade 1448
20270502|0421|0554|1301|1649|1958|2124|25 Zilkade 1448
20270503|0420|0553|1301|1649|1958|2126|26 Zilkade 1448
20270504|0418|0552|1301|1649|1959|2127|27 Zilkade 1448
20270505|0416|0551|1301|1649|2000|2128|28 Zilkade 1448
20270506|0415|0550|1301|1649|2001|2130|29 Zilkade 1448
20270507|0413|0549|1301|1650|2002|2131|1 Zilhicce 1448
20270508|0412|0548|1300|1650|2003|2132|2 Zilhicce 1448
20270509|0410|0547|1300|1650|2004|2134|3 Zilhicce 1448
20270510|0409|0546|1300|1650|2005|2135|4 Zilhicce 1448
20270511|0407|0545|1300|1650|2006|2136|5 Zilhicce 1448
20270512|0406|0544|1300|1651|2007|2138|6 Zilhicce 1448
20270513|0405|0543|1300|1651|2008|2139|7 Zilhicce 1448
20270514|0403|0542|1300|1651|2009|2140|8 Zilhicce 1448
20270515|0402|0541|1300|1651|2010|2142|9 Zilhicce 1448
20270516|0401|0540|1300|1652|2010|2143|10 Zilhicce 1448
20270517|0359|0539|1300|1652|2011|2144|11 Zilhicce 1448
20270518|0358|0538|1300|1652|2012|2146|12 Zilhicce 1448
20270519|0357|0538|1300|1652|2013|2147|13 Zilhicce 1448
20270520|0355|0537|1300|1652|2014|2148|14 Zilhicce 1448
20270521|0354|0536|1300|1653|2015|2149|15 Zilhicce 1448
20270522|0353|0535|1301|1653|2016|2151|16 Zilhicce 1448
20270523|0352|0535|1301|1653|2016|2152|17 Zilhicce 1448
20270524|0351|0534|1301|1653|2017|2153|18 Zilhicce 1448
20270525|0350|0534|1301|1654|2018|2154|19 Zilhicce 1448
20270526|0349|0533|1301|1654|2019|2155|20 Zilhicce 1448
20270527|0348|0532|1301|1654|2020|2157|21 Zilhicce 1448
20270528|0347|0532|1301|1654|2020|2158|22 Zilhicce 1448
20270529|0346|0531|1301|1654|2021|2159|23 Zilhicce 1448
20270530|0345|0531|1301|1655|2022|2200|24 Zilhicce 1448
20270531|0344|0530|1302|1655|2023|2201|25 Zilhicce 1448
20270601|0344|0530|1302|1655|2023|2202|26 Zilhicce 1448
20270602|0343|0530|1302|1655|2024|2203|27 Zilhicce 1448
20270603|0342|0529|1302|1656|2025|2204|28 Zilhicce 1448
20270604|0341|0529|1302|1656|2025|2205|29 Zilhicce 1448
20270605|0341|0529|1302|1656|2026|2206|30 Zilhicce 1448
20270606|0340|0528|1302|1656|2027|2207|1 Muharrem 1449
20270607|0340|0528|1303|1657|2027|2208|2 Muharrem 1449
20270608|0339|0528|1303|1657|2028|2208|3 Muharrem 1449
20270609|0339|0528|1303|1657|2028|2209|4 Muharrem 1449
20270610|0339|0528|1303|1657|2029|2210|5 Muharrem 1449
20270611|0338|0528|1303|1658|2029|2211|6 Muharrem 1449
20270612|0338|0527|1304|1658|2030|2211|7 Muharrem 1449
20270613|0338|0527|1304|1658|2030|2212|8 Muharrem 1449
20270614|0337|0527|1304|1658|2031|2213|9 Muharrem 1449
20270615|0337|0527|1304|1659|2031|2213|10 Muharrem 1449
20270616|0337|0527|1304|1659|2032|2214|11 Muharrem 1449
20270617|0337|0528|1305|1659|2032|2214|12 Muharrem 1449
20270618|0337|0528|1305|1659|2032|2214|13 Muharrem 1449
20270619|0337|0528|1305|1700|2033|2215|14 Muharrem 1449
20270620|0337|0528|1305|1700|2033|2215|15 Muharrem 1449
20270621|0338|0528|1306|1700|2033|2215|16 Muharrem 1449
20270622|0338|0528|1306|1700|2033|2216|17 Muharrem 1449
20270623|0338|0529|1306|1700|2034|2216|18 Muharrem 1449
20270624|0338|0529|1306|1701|2034|2216|19 Muharrem 1449
20270625|0339|0529|1306|1701|2034|2216|20 Muharrem 1449
20270626|0339|0529|1307|1701|2034|2216|21 Muharrem 1449
20270627|0340|0530|1307|1701|2034|2216|22 Muharrem 1449
20270628|0340|0530|1307|1701|2034|2216|23 Muharrem 1449
20270629|0341|0531|1307|1702|2034|2216|24 Muharrem 1449
20270630|0341|0531|1307|1702|2034|2216|25 Muharrem 1449
20270701|0342|0531|1308|1702|2034|2215|26 Muharrem 1449
20270702|0343|0532|1308|1702|2034|2215|27 Muharrem 1449
20270703|0343|0532|1308|1702|2034|2215|28 Muharrem 1449
20270704|0344|0533|1308|1702|2034|2215|29 Muharrem 1449
20270705|0345|0533|1308|1702|2033|2214|1 Safer 1449
20270706|0346|0534|1309|1703|2033|2214|2 Safer 1449
20270707|0346|0535|1309|1703|2033|2213|3 Safer 1449
20270708|0347|0535|1309|1703|2033|2213|4 Safer 1449
20270709|0348|0536|1309|1703|2032|2212|5 Safer 1449
20270710|0349|0536|1309|1703|2032|2211|6 Safer 1449
20270711|0350|0537|1309|1703|2032|2211|7 Safer 1449
20270712|0351|0538|1310|1703|2031|2210|8 Safer 1449
20270713|0352|0538|1310|1703|2031|2209|9 Safer 1449
20270714|0353|0539|1310|1703|2030|2209|10 Safer 1449
20270715|0354|0540|1310|1703|2030|2208|11 Safer 1449
20270716|0356|0541|1310|1703|2029|2207|12 Safer 1449
20270717|0357|0541|1310|1703|2029|2206|13 Safer 1449
20270718|0358|0542|1310|1703|2028|2205|14 Safer 1449
20270719|0359|0543|1310|1703|2028|2204|15 Safer 1449
20270720|0400|0544|1310|1703|2027|2203|16 Safer 1449
20270721|0401|0544|1310|1703|2026|2202|17 Safer 1449
20270722|0403|0545|1310|1703|2026|2201|18 Safer 1449
20270723|0404|0546|1310|1703|2025|2200|19 Safer 1449
20270724|0405|0547|1310|1702|2024|2159|20 Safer 1449
20270725|0406|0548|1310|1702|2023|2157|21 Safer 1449
20270726|0408|0548|1310|1702|2023|2156|22 Safer 1449
20270727|0409|0549|1310|1702|2022|2155|23 Safer 1449
20270728|0410|0550|1310|1702|2021|2154|24 Safer 1449
20270729|0412|0551|1310|1702|2020|2152|25 Safer 1449
20270730|0413|0552|1310|1701|2019|2151|26 Safer 1449
20270731|0414|0553|1310|1701|2018|2150|27 Safer 1449
20270801|0415|0553|1310|1701|2017|2148|28 Safer 1449
20270802|0417|0554|1310|1700|2016|2147|29 Safer 1449
20270803|0418|0555|1310|1700|2015|2146|1 Rebiulevvel 1449
20270804|0419|0556|1310|1700|2014|2144|2 Rebiulevvel 1449
20270805|0421|0557|1310|1700|2013|2143|3 Rebiulevvel 1449
20270806|0422|0558|1310|1659|2012|2141|4 Rebiulevvel 1449
20270807|0423|0559|1310|1659|2011|2140|5 Rebiulevvel 1449
20270808|0425|0600|1310|1658|2010|2138|6 Rebiulevvel 1449
20270809|0426|0600|1310|1658|2009|2137|7 Rebiulevvel 1449
20270810|0427|0601|1309|1657|2008|2135|8 Rebiulevvel 1449
20270811|0429|0602|1309|1657|2006|2133|9 Rebiulevvel 1449
20270812|0430|0603|1309|1657|2005|2132|10 Rebiulevvel 1449
20270813|0431|0604|1309|1656|2004|2130|11 Rebiulevvel 1449
20270814|0433|0605|1309|1656|2003|2129|12 Rebiulevvel 1449
20270815|0434|0606|1309|1655|2001|2127|13 Rebiulevvel 1449
20270816|0435|0607|1308|1654|2000|2125|14 Rebiulevvel 1449
20270817|0436|0608|1308|1654|1959|2124|15 Rebiulevvel 1449
20270818|0438|0608|1308|1653|1957|2122|16 Rebiulevvel 1449
20270819|0439|0609|1308|1653|1956|2120|17 Rebiulevvel 1449
20270820|0440|0610|1307|1652|1955|2119|18 Rebiulevvel 1449
20270821|0442|0611|1307|1651|1953|2117|19 Rebiulevvel 1449
20270822|0443|0612|1307|1651|1952|2115|20 Rebiulevvel 1449
20270823|0444|0613|1307|1650|1951|2114|21 Rebiulevvel 1449
20270824|0445|0614|1306|1649|1949|2112|22 Rebiulevvel 1449
20270825|0446|0615|1306|1649|1948|2110|23 Rebiulevvel 1449
20270826|0448|0616|1306|1648|1946|2108|24 Rebiulevvel 1449
20270827|0449|0616|1306|1647|1945|2107|25 Rebiulevvel 1449
20270828|0450|0617|1305|1646|1943|2105|26 Rebiulevvel 1449
20270829|0451|0618|1305|1646|1942|2103|27 Rebiulevvel 1449
20270830|0452|0619|1305|1645|1941|2101|28 Rebiulevvel 1449
20270831|0454|0620|1304|1644|1939|2100|29 Rebiulevvel 1449
20270901|0455|0621|1304|1643|1938|2058|30 Rebiulevvel 1449
20270902|0456|0622|1304|1642|1936|2056|1 Rebiulahir 1449
20270903|0457|0623|1304|1642|1935|2054|2 Rebiulahir 1449
20270904|0458|0623|1303|1641|1933|2053|3 Rebiulahir 1449
20270905|0459|0624|1303|1640|1931|2051|4 Rebiulahir 1449
20270906|0500|0625|1303|1639|1930|2049|5 Rebiulahir 1449
20270907|0502|0626|1302|1638|1928|2047|6 Rebiulahir 1449
20270908|0503|0627|1302|1637|1927|2046|7 Rebiulahir 1449
20270909|0504|0628|1301|1636|1925|2044|8 Rebiulahir 1449
20270910|0505|0629|1301|1635|1924|2042|9 Rebiulahir 1449
20270911|0506|0629|1301|1634|1922|2040|10 Rebiulahir 1449
20270912|0507|0630|1300|1633|1921|2039|11 Rebiulahir 1449
20270913|0508|0631|1300|1632|1919|2037|12 Rebiulahir 1449
20270914|0509|0632|1300|1631|1917|2035|13 Rebiulahir 1449
20270915|0510|0633|1259|1630|1916|2033|14 Rebiulahir 1449
20270916|0511|0634|1259|1629|1914|2032|15 Rebiulahir 1449
20270917|0512|0635|1259|1628|1913|2030|16 Rebiulahir 1449
20270918|0513|0636|1258|1627|1911|2028|17 Rebiulahir 1449
20270919|0514|0636|1258|1626|1909|2026|18 Rebiulahir 1449
20270920|0515|0637|1258|1625|1908|2025|19 Rebiulahir 1449
20270921|0516|0638|1257|1624|1906|2023|20 Rebiulahir 1449
20270922|0517|0639|1257|1623|1905|2021|21 Rebiulahir 1449
20270923|0518|0640|1257|1622|1903|2020|22 Rebiulahir 1449
20270924|0519|0641|1256|1621|1902|2018|23 Rebiulahir 1449
20270925|0520|0642|1256|1620|1900|2016|24 Rebiulahir 1449
20270926|0521|0643|1255|1619|1858|2015|25 Rebiulahir 1449
20270927|0522|0644|1255|1618|1857|2013|26 Rebiulahir 1449
20270928|0523|0644|1255|1617|1855|2011|27 Rebiulahir 1449
20270929|0524|0645|1254|1615|1854|2010|28 Rebiulahir 1449
20270930|0525|0646|1254|1614|1852|2008|29 Rebiulahir 1449
20271001|0526|0647|1254|1613|1850|2006|1 Cemaziyelevvel 1449
20271002|0527|0648|1253|1612|1849|2005|2 Cemaziyelevvel 1449
20271003|0528|0649|1253|1611|1847|2003|3 Cemaziyelevvel 1449
20271004|0529|0650|1253|1610|1846|2002|4 Cemaziyelevvel 1449
20271005|0530|0651|1253|1609|1844|2000|5 Cemaziyelevvel 1449
20271006|0531|0652|1252|1608|1843|1959|6 Cemaziyelevvel 1449
20271007|0532|0653|1252|1607|1841|1957|7 Cemaziyelevvel 1449
20271008|0533|0654|1252|1605|1840|1955|8 Cemaziyelevvel 1449
20271009|0534|0655|1251|1604|1838|1954|9 Cemaziyelevvel 1449
20271010|0535|0656|1251|1603|1837|1953|10 Cemaziyelevvel 1449
20271011|0536|0656|1251|1602|1835|1951|11 Cemaziyelevvel 1449
20271012|0536|0657|1251|1601|1834|1950|12 Cemaziyelevvel 1449
20271013|0537|0658|1250|1600|1832|1948|13 Cemaziyelevvel 1449
20271014|0538|0659|1250|1559|1831|1947|14 Cemaziyelevvel 1449
20271015|0539|0700|1250|1558|1829|1945|15 Cemaziyelevvel 1449
20271016|0540|0701|1250|1557|1828|1944|16 Cemaziyelevvel 1449
20271017|0541|0702|1249|1556|1827|1943|17 Cemaziyelevvel 1449
20271018|0542|0703|1249|1555|1825|1941|18 Cemaziyelevvel 1449
20271019|0543|0704|1249|1554|1824|1940|19 Cemaziyelevvel 1449
20271020|0544|0705|1249|1552|1822|1939|20 Cemaziyelevvel 1449
20271021|0545|0706|1249|1551|1821|1937|21 Cemaziyelevvel 1449
20271022|0546|0707|1248|1550|1820|1936|22 Cemaziyelevvel 1449
20271023|0547|0708|1248|1549|1818|1935|23 Cemaziyelevvel 1449
20271024|0548|0709|1248|1548|1817|1934|24 Cemaziyelevvel 1449
20271025|0549|0710|1248|1547|1816|1932|25 Cemaziyelevvel 1449
20271026|0550|0711|1248|1546|1815|1931|26 Cemaziyelevvel 1449
20271027|0551|0712|1248|1545|1813|1930|27 Cemaziyelevvel 1449
20271028|0551|0713|1248|1544|1812|1929|28 Cemaziyelevvel 1449
20271029|0552|0715|1248|1543|1811|1928|29 Cemaziyelevvel 1449
20271030|0553|0716|1248|1543|1810|1927|30 Cemaziyelevvel 1449
20271031|0554|0717|1248|1542|1808|1926|1 Cemaziyelahir 1449
20271101|0555|0718|1248|1541|1807|1925|2 Cemaziyelahir 1449
20271102|0556|0719|1247|1540|1806|1924|3 Cemaziyelahir 1449
20271103|0557|0720|1247|1539|1805|1923|4 Cemaziyelahir 1449
20271104|0558|0721|1247|1538|1804|1922|5 Cemaziyelahir 1449
20271105|0559|0722|1247|1537|1803|1921|6 Cemaziyelahir 1449
20271106|0600|0723|1248|1536|1802|1920|7 Cemaziyelahir 1449
20271107|0601|0724|1248|1536|1801|1919|8 Cemaziyelahir 1449
20271108|0602|0725|1248|1535|1800|1918|9 Cemaziyelahir 1449
20271109|0603|0726|1248|1534|1759|1917|10 Cemaziyelahir 1449
20271110|0604|0727|1248|1533|1758|1917|11 Cemaziyelahir 1449
20271111|0605|0729|1248|1533|1757|1916|12 Cemaziyelahir 1449
20271112|0606|0730|1248|1532|1756|1915|13 Cemaziyelahir 1449
20271113|0607|0731|1248|1531|1755|1915|14 Cemaziyelahir 1449
20271114|0607|0732|1248|1531|1755|1914|15 Cemaziyelahir 1449
20271115|0608|0733|1248|1530|1754|1913|16 Cemaziyelahir 1449
20271116|0609|0734|1249|1530|1753|1913|17 Cemaziyelahir 1449
20271117|0610|0735|1249|1529|1752|1912|18 Cemaziyelahir 1449
20271118|0611|0736|1249|1528|1752|1911|19 Cemaziyelahir 1449
20271119|0612|0737|1249|1528|1751|1911|20 Cemaziyelahir 1449
20271120|0613|0738|1249|1527|1750|1910|21 Cemaziyelahir 1449
20271121|0614|0739|1250|1527|1750|1910|22 Cemaziyelahir 1449
20271122|0615|0740|1250|1527|1749|1910|23 Cemaziyelahir 1449
20271123|0616|0742|1250|1526|1749|1909|24 Cemaziyelahir 1449
20271124|0617|0743|1250|1526|1748|1909|25 Cemaziyelahir 1449
20271125|0618|0744|1251|1525|1748|1909|26 Cemaziyelahir 1449
20271126|0618|0745|1251|1525|1747|1908|27 Cemaziyelahir 1449
20271127|0619|0746|1251|1525|1747|1908|28 Cemaziyelahir 1449
20271128|0620|0747|1252|1525|1747|1908|29 Cemaziyelahir 1449
20271129|0621|0748|1252|1524|1746|1908|1 Recep 1449
20271130|0622|0749|1252|1524|1746|1907|2 Recep 1449
20271201|0623|0750|1253|1524|1746|1907|3 Recep 1449
20271202|0624|0751|1253|1524|1745|1907|4 Recep 1449
20271203|0624|0752|1253|1524|1745|1907|5 Recep 1449
20271204|0625|0753|1254|1524|1745|1907|6 Recep 1449
20271205|0626|0753|1254|1524|1745|1907|7 Recep 1449
20271206|0627|0754|1255|1524|1745|1907|8 Recep 1449
20271207|0628|0755|1255|1524|1745|1907|9 Recep 1449
20271208|0628|0756|1255|1524|1745|1907|10 Recep 1449
20271209|0629|0757|1256|1524|1745|1907|11 Recep 1449
20271210|0630|0758|1256|1524|1745|1907|12 Recep 1449
20271211|0631|0759|1257|1524|1745|1908|13 Recep 1449
20271212|0631|0759|1257|1524|1745|1908|14 Recep 1449
20271213|0632|0800|1258|1525|1745|1908|15 Recep 1449
20271214|0633|0801|1258|1525|1746|1908|16 Recep 1449
20271215|0633|0802|1259|1525|1746|1909|17 Recep 1449
20271216|0634|0802|1259|1525|1746|1909|18 Recep 1449
20271217|0635|0803|1300|1526|1746|1909|19 Recep 1449
20271218|0635|0804|1300|1526|1747|1910|20 Recep 1449
20271219|0636|0804|1301|1527|1747|1910|21 Recep 1449
20271220|0636|0805|1301|1527|1748|1911|22 Recep 1449
20271221|0637|0805|1302|1527|1748|1911|23 Recep 1449
20271222|0637|0806|1302|1528|1748|1911|24 Recep 1449
20271223|0638|0806|1303|1528|1749|1912|25 Recep 1449
20271224|0638|0807|1303|1529|1750|1913|26 Recep 1449
20271225|0639|0807|1304|1529|1750|1913|27 Recep 1449
20271226|0639|0808|1304|1530|1751|1914|28 Recep 1449
20271227|0640|0808|1305|1531|1751|1914|29 Recep 1449
20271228|0640|0808|1305|1531|1752|1915|30 Recep 1449
20271229|0640|0808|1306|1532|1753|1916|1 Şaban 1449
20271230|0641|0809|1306|1533|1753|1916|2 Şaban 1449
20271231|0641|0809|1307|1533|1754|1917|3 Şaban 1449
#@9182|Sinanpaşa|AFYONKARAHISAR|730
20260101|0642|0810|1307|1534|1755|1918|12 Recep 1447
20260102|0642|0810|1308|1535|1755|1918|13 Recep 1447
20260103|0642|0810|1308|1535|1756|1919|14 Recep 1447
20260104|0642|0811|1309|1536|1757|1920|15 Recep 1447
20260105|0643|0811|1309|1537|1758|1921|16 Recep 1447
20260106|0643|0811|1310|1538|1759|1921|17 Recep 1447
20260107|0643|0810|1310|1539|1800|1922|18 Recep 1447
20260108|0643|0810|1311|1539|1801|1923|19 Recep 1447
20260109|0643|0810|1311|1540|1802|1924|20 Recep 1447
20260110|0643|0810|1311|1541|1803|1925|21 Recep 1447
20260111|0643|0810|1312|1542|1804|1926|22 Recep 1447
20260112|0643|0810|1312|1543|1805|1927|23 Recep 1447
20260113|0642|0809|1313|1544|1806|1927|24 Recep 1447
20260114|0642|0809|1313|1545|1807|1928|25 Recep 1447
20260115|0642|0809|1313|1546|1808|1929|26 Recep 1447
20260116|0642|0809|1314|1547|1809|1930|27 Recep 1447
20260117|0642|0808|1314|1548|1810|1931|28 Recep 1447
20260118|0641|0808|1314|1549|1811|1932|29 Recep 1447
20260119|0641|0807|1315|1550|1812|1933|30 Recep 1447
20260120|0641|0807|1315|1551|1813|1934|1 Şaban 1447
20260121|0640|0806|1315|1551|1814|1935|2 Şaban 1447
20260122|0640|0806|1315|1552|1815|1936|3 Şaban 1447
20260123|0639|0805|1316|1553|1816|1937|4 Şaban 1447
20260124|0639|0804|1316|1554|1818|1938|5 Şaban 1447
20260125|0638|0804|1316|1555|1819|1939|6 Şaban 1447
20260126|0638|0803|1316|1556|1820|1940|7 Şaban 1447
20260127|0637|0802|1317|1557|1821|1941|8 Şaban 1447
20260128|0637|0802|1317|1558|1822|1942|9 Şaban 1447
20260129|0636|0801|1317|1559|1823|1943|10 Şaban 1447
20260130|0636|0800|1317|1600|1824|1944|11 Şaban 1447
20260131|0635|0759|1317|1601|1826|1945|12 Şaban 1447
20260201|0634|0758|1318|1602|1827|1946|13 Şaban 1447
20260202|0633|0757|1318|1603|1828|1947|14 Şaban 1447
20260203|0633|0757|1318|1604|1829|1948|15 Şaban 1447
20260204|0632|0756|1318|1605|1830|1949|16 Şaban 1447
20260205|0631|0755|1318|1606|1831|1950|17 Şaban 1447
20260206|0630|0754|1318|1607|1833|1951|18 Şaban 1447
20260207|0629|0753|1318|1608|1834|1952|19 Şaban 1447
20260208|0628|0752|1318|1609|1835|1953|20 Şaban 1447
20260209|0627|0750|1318|1610|1836|1954|21 Şaban 1447
20260210|0626|0749|1318|1611|1837|1955|22 Şaban 1447
20260211|0625|0748|1318|1611|1838|1956|23 Şaban 1447
20260212|0624|0747|1318|1612|1839|1957|24 Şaban 1447
20260213|0623|0746|1318|1613|1841|1958|25 Şaban 1447
20260214|0622|0745|1318|1614|1842|1959|26 Şaban 1447
20260215|0621|0744|1318|1615|1843|2000|27 Şaban 1447
20260216|0620|0742|1318|1616|1844|2001|28 Şaban 1447
20260217|0619|0741|1318|1617|1845|2002|29 Şaban 1447
20260218|0618|0740|1318|1617|1846|2003|30 Şaban 1447
20260219|0617|0739|1318|1618|1847|2004|1 Ramazan 1447
20260220|0615|0737|1318|1619|1848|2005|2 Ramazan 1447
20260221|0614|0736|1318|1620|1849|2006|3 Ramazan 1447
20260222|0613|0735|1318|1621|1851|2007|4 Ramazan 1447
20260223|0612|0733|1317|1621|1852|2008|5 Ramazan 1447
20260224|0610|0732|1317|1622|1853|2009|6 Ramazan 1447
20260225|0609|0731|1317|1623|1854|2010|7 Ramazan 1447
20260226|0608|0729|1317|1624|1855|2011|8 Ramazan 1447
20260227|0606|0728|1317|1624|1856|2012|9 Ramazan 1447
20260228|0605|0726|1317|1625|1857|2013|10 Ramazan 1447
20260301|0604|0725|1316|1626|1858|2014|11 Ramazan 1447
20260302|0602|0723|1316|1626|1859|2015|12 Ramazan 1447
20260303|0601|0722|1316|1627|1900|2016|13 Ramazan 1447
20260304|0559|0721|1316|1628|1901|2017|14 Ramazan 1447
20260305|0558|0719|1316|1628|1902|2018|15 Ramazan 1447
20260306|0556|0718|1315|1629|1903|2019|16 Ramazan 1447
20260307|0555|0716|1315|1630|1904|2020|17 Ramazan 1447
20260308|0553|0715|1315|1630|1905|2021|18 Ramazan 1447
20260309|0552|0713|1315|1631|1906|2022|19 Ramazan 1447
20260310|0550|0712|1314|1631|1907|2023|20 Ramazan 1447
20260311|0549|0710|1314|1632|1908|2024|21 Ramazan 1447
20260312|0547|0709|1314|1632|1909|2025|22 Ramazan 1447
20260313|0546|0707|1314|1633|1910|2027|23 Ramazan 1447
20260314|0544|0705|1313|1633|1911|2028|24 Ramazan 1447
20260315|0542|0704|1313|1634|1912|2029|25 Ramazan 1447
20260316|0541|0702|1313|1634|1913|2030|26 Ramazan 1447
20260317|0539|0701|1313|1635|1914|2031|27 Ramazan 1447
20260318|0537|0659|1312|1635|1915|2032|28 Ramazan 1447
20260319|0536|0658|1312|1636|1916|2033|29 Ramazan 1447
20260320|0534|0656|1312|1636|1917|2034|1 Şevval 1447
20260321|0532|0655|1311|1637|1918|2035|2 Şevval 1447
20260322|0531|0653|1311|1637|1919|2036|3 Şevval 1447
20260323|0529|0651|1311|1638|1920|2037|4 Şevval 1447
20260324|0527|0650|1310|1638|1921|2038|5 Şevval 1447
20260325|0526|0648|1310|1639|1922|2039|6 Şevval 1447
20260326|0524|0647|1310|1639|1923|2040|7 Şevval 1447
20260327|0522|0645|1310|1639|1924|2042|8 Şevval 1447
20260328|0520|0644|1309|1640|1925|2043|9 Şevval 1447
20260329|0519|0642|1309|1640|1926|2044|10 Şevval 1447
20260330|0517|0641|1309|1640|1927|2045|11 Şevval 1447
20260331|0515|0639|1308|1641|1928|2046|12 Şevval 1447
20260401|0514|0637|1308|1641|1929|2047|13 Şevval 1447
20260402|0512|0636|1308|1641|1930|2048|14 Şevval 1447
20260403|0510|0634|1307|1642|1931|2049|15 Şevval 1447
20260404|0508|0633|1307|1642|1932|2051|16 Şevval 1447
20260405|0506|0631|1307|1642|1933|2052|17 Şevval 1447
20260406|0505|0630|1307|1643|1934|2053|18 Şevval 1447
20260407|0503|0628|1306|1643|1934|2054|19 Şevval 1447
20260408|0501|0627|1306|1643|1935|2055|20 Şevval 1447
20260409|0459|0625|1306|1644|1936|2057|21 Şevval 1447
20260410|0458|0624|1305|1644|1937|2058|22 Şevval 1447
20260411|0456|0622|1305|1644|1938|2059|23 Şevval 1447
20260412|0454|0621|1305|1644|1939|2100|24 Şevval 1447
20260413|0452|0619|1305|1645|1940|2101|25 Şevval 1447
20260414|0451|0618|1304|1645|1941|2103|26 Şevval 1447
20260415|0449|0616|1304|1645|1942|2104|27 Şevval 1447
20260416|0447|0615|1304|1646|1943|2105|28 Şevval 1447
20260417|0445|0613|1304|1646|1944|2106|29 Şevval 1447
20260418|0443|0612|1303|1646|1945|2108|1 Zilkade 1447
20260419|0442|0611|1303|1646|1946|2109|2 Zilkade 1447
20260420|0440|0609|1303|1646|1947|2110|3 Zilkade 1447
20260421|0438|0608|1303|1647|1948|2111|4 Zilkade 1447
20260422|0437|0607|1303|1647|1949|2113|5 Zilkade 1447
20260423|0435|0605|1302|1647|1950|2114|6 Zilkade 1447
20260424|0433|0604|1302|1647|1951|2115|7 Zilkade 1447
20260425|0431|0603|1302|1648|1952|2117|8 Zilkade 1447
20260426|0430|0601|1302|1648|1953|2118|9 Zilkade 1447
20260427|0428|0600|1302|1648|1954|2119|10 Zilkade 1447
20260428|0426|0559|1302|1648|1955|2121|11 Zilkade 1447
20260429|0425|0557|1301|1649|1956|2122|12 Zilkade 1447
20260430|0423|0556|1301|1649|1957|2123|13 Zilkade 1447
20260501|0421|0555|1301|1649|1957|2125|14 Zilkade 1447
20260502|0420|0554|1301|1649|1958|2126|15 Zilkade 1447
20260503|0418|0553|1301|1649|1959|2127|16 Zilkade 1447
20260504|0417|0551|1301|1650|2000|2129|17 Zilkade 1447
20260505|0415|0550|1301|1650|2001|2130|18 Zilkade 1447
20260506|0413|0549|1301|1650|2002|2131|19 Zilkade 1447
20260507|0412|0548|1301|1650|2003|2133|20 Zilkade 1447
20260508|0410|0547|1301|1650|2004|2134|21 Zilkade 1447
20260509|0409|0546|1301|1651|2005|2135|22 Zilkade 1447
20260510|0407|0545|1300|1651|2006|2137|23 Zilkade 1447
20260511|0406|0544|1300|1651|2007|2138|24 Zilkade 1447
20260512|0404|0543|1300|1651|2008|2140|25 Zilkade 1447
20260513|0403|0542|1300|1652|2009|2141|26 Zilkade 1447
20260514|0402|0541|1300|1652|2010|2142|27 Zilkade 1447
20260515|0400|0540|1300|1652|2011|2144|28 Zilkade 1447
20260516|0359|0539|1300|1652|2012|2145|29 Zilkade 1447
20260517|0358|0539|1300|1652|2012|2146|30 Zilkade 1447
20260518|0356|0538|1300|1653|2013|2147|1 Zilhicce 1447
20260519|0355|0537|1301|1653|2014|2149|2 Zilhicce 1447
20260520|0354|0536|1301|1653|2015|2150|3 Zilhicce 1447
20260521|0353|0535|1301|1653|2016|2151|4 Zilhicce 1447
20260522|0351|0535|1301|1654|2017|2153|5 Zilhicce 1447
20260523|0350|0534|1301|1654|2018|2154|6 Zilhicce 1447
20260524|0349|0533|1301|1654|2018|2155|7 Zilhicce 1447
20260525|0348|0533|1301|1654|2019|2156|8 Zilhicce 1447
20260526|0347|0532|1301|1654|2020|2157|9 Zilhicce 1447
20260527|0346|0532|1301|1655|2021|2159|10 Zilhicce 1447
20260528|0345|0531|1301|1655|2022|2200|11 Zilhicce 1447
20260529|0344|0531|1301|1655|2022|2201|12 Zilhicce 1447
20260530|0343|0530|1302|1655|2023|2202|13 Zilhicce 1447
20260531|0343|0530|1302|1656|2024|2203|14 Zilhicce 1447
20260601|0342|0529|1302|1656|2025|2204|15 Zilhicce 1447
20260602|0341|0529|1302|1656|2025|2205|16 Zilhicce 1447
20260603|0340|0528|1302|1656|2026|2206|17 Zilhicce 1447
20260604|0340|0528|1302|1657|2027|2207|18 Zilhicce 1447
20260605|0339|0528|1302|1657|2027|2208|19 Zilhicce 1447
20260606|0339|0528|1303|1657|2028|2209|20 Zilhicce 1447
20260607|0338|0527|1303|1657|2028|2210|21 Zilhicce 1447
20260608|0338|0527|1303|1658|2029|2211|22 Zilhicce 1447
20260609|0337|0527|1303|1658|2030|2211|23 Zilhicce 1447
20260610|0337|0527|1303|1658|2030|2212|24 Zilhicce 1447
20260611|0336|0527|1304|1658|2031|2213|25 Zilhicce 1447
20260612|0336|0527|1304|1659|2031|2213|26 Zilhicce 1447
20260613|0336|0527|1304|1659|2031|2214|27 Zilhicce 1447
20260614|0336|0527|1304|1659|2032|2215|28 Zilhicce 1447
20260615|0336|0527|1304|1659|2032|2215|29 Zilhicce 1447
20260616|0335|0527|1305|1700|2033|2216|1 Muharrem 1448
20260617|0335|0527|1305|1700|2033|2216|2 Muharrem 1448
20260618|0335|0527|1305|1700|2033|2216|3 Muharrem 1448
20260619|0336|0527|1305|1700|2034|2217|4 Muharrem 1448
20260620|0336|0527|1306|1701|2034|2217|5 Muharrem 1448
20260621|0336|0527|1306|1701|2034|2217|6 Muharrem 1448
20260622|0336|0528|1306|1701|2034|2218|7 Muharrem 1448
20260623|0336|0528|1306|1701|2035|2218|8 Muharrem 1448
20260624|0337|0528|1306|1701|2035|2218|9 Muharrem 1448
20260625|0337|0528|1307|1702|2035|2218|10 Muharrem 1448
20260626|0337|0529|1307|1702|2035|2218|11 Muharrem 1448
20260627|0338|0529|1307|1702|2035|2218|12 Muharrem 1448
20260628|0338|0529|1307|1702|2035|2218|13 Muharrem 1448
20260629|0339|0530|1307|1702|2035|2218|14 Muharrem 1448
20260630|0340|0530|1308|1703|2035|2218|15 Muharrem 1448
20260701|0340|0531|1308|1703|2035|2217|16 Muharrem 1448
20260702|0341|0531|1308|1703|2035|2217|17 Muharrem 1448
20260703|0342|0532|1308|1703|2035|2217|18 Muharrem 1448
20260704|0342|0532|1308|1703|2035|2216|19 Muharrem 1448
20260705|0343|0533|1309|1703|2034|2216|20 Muharrem 1448
20260706|0344|0533|1309|1703|2034|2215|21 Muharrem 1448
20260707|0345|0534|1309|1703|2034|2215|22 Muharrem 1448
20260708|0346|0535|1309|1704|2034|2214|23 Muharrem 1448
20260709|0347|0535|1309|1704|2033|2214|24 Muharrem 1448
20260710|0348|0536|1309|1704|2033|2213|25 Muharrem 1448
20260711|0349|0536|1310|1704|2033|2212|26 Muharrem 1448
20260712|0350|0537|1310|1704|2032|2212|27 Muharrem 1448
20260713|0351|0538|1310|1704|2032|2211|28 Muharrem 1448
20260714|0352|0539|1310|1704|2031|2210|29 Muharrem 1448
20260715|0353|0539|1310|1704|2031|2209|1 Safer 1448
20260716|0354|0540|1310|1704|2030|2208|2 Safer 1448
20260717|0355|0541|1310|1704|2030|2207|3 Safer 1448
20260718|0357|0542|1310|1704|2029|2206|4 Safer 1448
20260719|0358|0542|1310|1704|2028|2205|5 Safer 1448
20260720|0359|0543|1310|1704|2028|2204|6 Safer 1448
20260721|0400|0544|1310|1703|2027|2203|7 Safer 1448
20260722|0402|0545|1311|1703|2026|2202|8 Safer 1448
20260723|0403|0545|1311|1703|2026|2201|9 Safer 1448
20260724|0404|0546|1311|1703|2025|2200|10 Safer 1448
20260725|0405|0547|1311|1703|2024|2159|11 Safer 1448
20260726|0407|0548|1311|1703|2023|2157|12 Safer 1448
20260727|0408|0549|1311|1703|2022|2156|13 Safer 1448
20260728|0409|0550|1311|1702|2022|2155|14 Safer 1448
20260729|0411|0551|1311|1702|2021|2154|15 Safer 1448
20260730|0412|0551|1311|1702|2020|2152|16 Safer 1448
20260731|0413|0552|1310|1702|2019|2151|17 Safer 1448
20260801|0415|0553|1310|1701|2018|2149|18 Safer 1448
20260802|0416|0554|1310|1701|2017|2148|19 Safer 1448
20260803|0417|0555|1310|1701|2016|2147|20 Safer 1448
20260804|0419|0556|1310|1700|2015|2145|21 Safer 1448
20260805|0420|0557|1310|1700|2014|2144|22 Safer 1448
20260806|0421|0558|1310|1700|2013|2142|23 Safer 1448
20260807|0423|0558|1310|1659|2011|2141|24 Safer 1448
20260808|0424|0559|1310|1659|2010|2139|25 Safer 1448
20260809|0425|0600|1310|1658|2009|2137|26 Safer 1448
20260810|0427|0601|1310|1658|2008|2136|27 Safer 1448
20260811|0428|0602|1309|1657|2007|2134|28 Safer 1448
20260812|0429|0603|1309|1657|2005|2133|29 Safer 1448
20260813|0431|0604|1309|1656|2004|2131|30 Safer 1448
20260814|0432|0605|1309|1656|2003|2129|1 Rebiulevvel 1448
20260815|0433|0606|1309|1655|2002|2128|2 Rebiulevvel 1448
20260816|0435|0607|1308|1655|2000|2126|3 Rebiulevvel 1448
20260817|0436|0607|1308|1654|1959|2124|4 Rebiulevvel 1448
20260818|0437|0608|1308|1654|1958|2123|5 Rebiulevvel 1448
20260819|0438|0609|1308|1653|1956|2121|6 Rebiulevvel 1448
20260820|0440|0610|1308|1652|1955|2119|7 Rebiulevvel 1448
20260821|0441|0611|1307|1652|1954|2118|8 Rebiulevvel 1448
20260822|0442|0612|1307|1651|1952|2116|9 Rebiulevvel 1448
20260823|0444|0613|1307|1650|1951|2114|10 Rebiulevvel 1448
20260824|0445|0614|1307|1650|1949|2112|11 Rebiulevvel 1448
20260825|0446|0615|1306|1649|1948|2111|12 Rebiulevvel 1448
20260826|0447|0615|1306|1648|1947|2109|13 Rebiulevvel 1448
20260827|0448|0616|1306|1647|1945|2107|14 Rebiulevvel 1448
20260828|0450|0617|1305|1647|1944|2105|15 Rebiulevvel 1448
20260829|0451|0618|1305|1646|1942|2104|16 Rebiulevvel 1448
20260830|0452|0619|1305|1645|1941|2102|17 Rebiulevvel 1448
20260831|0453|0620|1305|1644|1939|2100|18 Rebiulevvel 1448
20260901|0454|0621|1304|1643|1938|2058|19 Rebiulevvel 1448
20260902|0456|0622|1304|1642|1936|2057|20 Rebiulevvel 1448
20260903|0457|0623|1304|1642|1935|2055|21 Rebiulevvel 1448
20260904|0458|0623|1303|1641|1933|2053|22 Rebiulevvel 1448
20260905|0459|0624|1303|1640|1931|2051|23 Rebiulevvel 1448
20260906|0500|0625|1303|1639|1930|2049|24 Rebiulevvel 1448
20260907|0501|0626|1302|1638|1928|2048|25 Rebiulevvel 1448
20260908|0502|0627|1302|1637|1927|2046|26 Rebiulevvel 1448
20260909|0503|0628|1302|1636|1925|2044|27 Rebiulevvel 1448
20260910|0505|0629|1301|1635|1924|2042|28 Rebiulevvel 1448
20260911|0506|0630|1301|1634|1922|2041|29 Rebiulevvel 1448
20260912|0507|0631|1300|1633|1920|2039|1 Rebiulahir 1448
20260913|0508|0631|1300|1632|1919|2037|2 Rebiulahir 1448
20260914|0509|0632|1300|1631|1917|2035|3 Rebiulahir 1448
20260915|0510|0633|1259|1630|1916|2034|4 Rebiulahir 1448
20260916|0511|0634|1259|1629|1914|2032|5 Rebiulahir 1448
20260917|0512|0635|1259|1628|1912|2030|6 Rebiulahir 1448
20260918|0513|0636|1258|1627|1911|2028|7 Rebiulahir 1448
20260919|0514|0637|1258|1626|1909|2027|8 Rebiulahir 1448
20260920|0515|0638|1258|1625|1908|2025|9 Rebiulahir 1448
20260921|0516|0639|1257|1624|1906|2023|10 Rebiulahir 1448
20260922|0517|0639|1257|1623|1904|2021|11 Rebiulahir 1448
20260923|0518|0640|1257|1622|1903|2020|12 Rebiulahir 1448
20260924|0519|0641|1256|1621|1901|2018|13 Rebiulahir 1448
20260925|0520|0642|1256|1620|1900|2016|14 Rebiulahir 1448
20260926|0521|0643|1256|1618|1858|2015|15 Rebiulahir 1448
20260927|0522|0644|1255|1617|1856|2013|16 Rebiulahir 1448
20260928|0523|0645|1255|1616|1855|2011|17 Rebiulahir 1448
20260929|0524|0646|1255|1615|1853|2010|18 Rebiulahir 1448
20260930|0525|0647|1254|1614|1852|2008|19 Rebiulahir 1448
20261001|0526|0648|1254|1613|1850|2006|20 Rebiulahir 1448
20261002|0527|0649|1254|1612|1849|2005|21 Rebiulahir 1448
20261003|0528|0649|1253|1611|1847|2003|22 Rebiulahir 1448
20261004|0529|0650|1253|1610|1845|2002|23 Rebiulahir 1448
20261005|0530|0651|1253|1608|1844|2000|24 Rebiulahir 1448
20261006|0531|0652|1252|1607|1842|1958|25 Rebiulahir 1448
20261007|0532|0653|1252|1606|1841|1957|26 Rebiulahir 1448
20261008|0533|0654|1252|1605|1839|1955|27 Rebiulahir 1448
20261009|0534|0655|1251|1604|1838|1954|28 Rebiulahir 1448
20261010|0535|0656|1251|1603|1836|1952|29 Rebiulahir 1448
20261011|0536|0657|1251|1602|1835|1951|30 Rebiulahir 1448
20261012|0537|0658|1251|1601|1833|1949|1 Cemaziyelevvel 1448
20261013|0538|0659|1250|1600|1832|1948|2 Cemaziyelevvel 1448
20261014|0539|0700|1250|1558|1830|1947|3 Cemaziyelevvel 1448
20261015|0540|0701|1250|1557|1829|1945|4 Cemaziyelevvel 1448
20261016|0541|0702|1250|1556|1828|1944|5 Cemaziyelevvel 1448
20261017|0541|0703|1249|1555|1826|1942|6 Cemaziyelevvel 1448
20261018|0542|0704|1249|1554|1825|1941|7 Cemaziyelevvel 1448
20261019|0543|0705|1249|1553|1823|1940|8 Cemaziyelevvel 1448
20261020|0544|0706|1249|1552|1822|1938|9 Cemaziyelevvel 1448
20261021|0545|0707|1249|1551|1821|1937|10 Cemaziyelevvel 1448
20261022|0546|0708|1249|1550|1819|1936|11 Cemaziyelevvel 1448
20261023|0547|0709|1248|1549|1818|1935|12 Cemaziyelevvel 1448
20261024|0548|0710|1248|1548|1817|1933|13 Cemaziyelevvel 1448
20261025|0549|0711|1248|1547|1815|1932|14 Cemaziyelevvel 1448
20261026|0550|0712|1248|1546|1814|1931|15 Cemaziyelevvel 1448
20261027|0551|0713|1248|1545|1813|1930|16 Cemaziyelevvel 1448
20261028|0552|0714|1248|1544|1811|1929|17 Cemaziyelevvel 1448
20261029|0553|0715|1248|1543|1810|1928|18 Cemaziyelevvel 1448
20261030|0554|0716|1248|1542|1809|1927|19 Cemaziyelevvel 1448
20261031|0555|0718|1248|1541|1808|1926|20 Cemaziyelevvel 1448
20261101|0556|0719|1248|1540|1807|1924|21 Cemaziyelevvel 1448
20261102|0557|0720|1248|1539|1806|1923|22 Cemaziyelevvel 1448
20261103|0558|0721|1248|1538|1804|1923|23 Cemaziyelevvel 1448
20261104|0559|0722|1248|1538|1803|1922|24 Cemaziyelevvel 1448
20261105|0559|0723|1248|1537|1802|1921|25 Cemaziyelevvel 1448
20261106|0600|0724|1248|1536|1801|1920|26 Cemaziyelevvel 1448
20261107|0601|0725|1248|1535|1800|1919|27 Cemaziyelevvel 1448
20261108|0602|0726|1248|1534|1759|1918|28 Cemaziyelevvel 1448
20261109|0603|0727|1248|1534|1758|1917|29 Cemaziyelevvel 1448
20261110|0604|0728|1248|1533|1757|1916|1 Cemaziyelahir 1448
20261111|0605|0730|1248|1532|1757|1916|2 Cemaziyelahir 1448
20261112|0606|0731|1248|1531|1756|1915|3 Cemaziyelahir 1448
20261113|0607|0732|1248|1531|1755|1914|4 Cemaziyelahir 1448
20261114|0608|0733|1248|1530|1754|1914|5 Cemaziyelahir 1448
20261115|0609|0734|1249|1529|1753|1913|6 Cemaziyelahir 1448
20261116|0610|0735|1249|1529|1752|1912|7 Cemaziyelahir 1448
20261117|0611|0736|1249|1528|1752|1912|8 Cemaziyelahir 1448
20261118|0612|0737|1249|1528|1751|1911|9 Cemaziyelahir 1448
20261119|0613|0738|1249|1527|1750|1911|10 Cemaziyelahir 1448
20261120|0614|0739|1250|1527|1750|1910|11 Cemaziyelahir 1448
20261121|0615|0740|1250|1526|1749|1910|12 Cemaziyelahir 1448
20261122|0616|0742|1250|1526|1749|1909|13 Cemaziyelahir 1448
20261123|0616|0743|1250|1525|1748|1909|14 Cemaziyelahir 1448
20261124|0617|0744|1251|1525|1748|1909|15 Cemaziyelahir 1448
20261125|0618|0745|1251|1525|1747|1908|16 Cemaziyelahir 1448
20261126|0619|0746|1251|1524|1747|1908|17 Cemaziyelahir 1448
20261127|0620|0747|1251|1524|1746|1908|18 Cemaziyelahir 1448
20261128|0621|0748|1252|1524|1746|1907|19 Cemaziyelahir 1448
20261129|0622|0749|1252|1524|1746|1907|20 Cemaziyelahir 1448
20261130|0623|0750|1253|1524|1745|1907|21 Cemaziyelahir 1448
20261201|0624|0751|1253|1523|1745|1907|22 Cemaziyelahir 1448
20261202|0624|0752|1253|1523|1745|1907|23 Cemaziyelahir 1448
20261203|0625|0753|1254|1523|1745|1907|24 Cemaziyelahir 1448
20261204|0626|0754|1254|1523|1744|1907|25 Cemaziyelahir 1448
20261205|0627|0755|1254|1523|1744|1907|26 Cemaziyelahir 1448
20261206|0628|0755|1255|1523|1744|1907|27 Cemaziyelahir 1448
20261207|0628|0756|1255|1523|1744|1907|28 Cemaziyelahir 1448
20261208|0629|0757|1256|1523|1744|1907|29 Cemaziyelahir 1448
20261209|0630|0758|1256|1523|1744|1907|30 Cemaziyelahir 1448
20261210|0631|0759|1257|1523|1744|1907|1 Recep 1448
20261211|0631|0800|1257|1524|1744|1907|2 Recep 1448
20261212|0632|0800|1258|1524|1745|1908|3 Recep 1448
20261213|0633|0801|1258|1524|1745|1908|4 Recep 1448
20261214|0633|0802|1258|1524|1745|1908|5 Recep 1448
20261215|0634|0803|1259|1525|1745|1908|6 Recep 1448
20261216|0635|0803|1259|1525|1745|1909|7 Recep 1448
20261217|0635|0804|1300|1525|1746|1909|8 Recep 1448
20261218|0636|0805|1300|1526|1746|1910|9 Recep 1448
20261219|0637|0805|1301|1526|1747|1910|10 Recep 1448
20261220|0637|0806|1301|1526|1747|1910|11 Recep 1448
20261221|0638|0806|1302|1527|1747|1911|12 Recep 1448
20261222|0638|0807|1302|1527|1748|1911|13 Recep 1448
20261223|0639|0807|1303|1528|1748|1912|14 Recep 1448
20261224|0639|0808|1303|1528|1749|1912|15 Recep 1448
20261225|0639|0808|1304|1529|1750|1913|16 Recep 1448
20261226|0640|0809|1304|1530|1750|1913|17 Recep 1448
20261227|0640|0809|1305|1530|1751|1914|18 Recep 1448
20261228|0641|0809|1305|1531|1751|1915|19 Recep 1448
20261229|0641|0810|1306|1531|1752|1915|20 Recep 1448
20261230|0641|0810|1306|1532|1753|1916|21 Recep 1448
20261231|0642|0810|1307|1533|1754|1917|22 Recep 1448
20270101|0642|0810|1307|1534|1754|1917|23 Recep 1448
20270102|0642|0810|1308|1534|1755|1918|24 Recep 1448
20270103|0642|0810|1308|1535|1756|1919|25 Recep 1448
20270104|0642|0810|1309|1536|1757|1920|26 Recep 1448
20270105|0642|0811|1309|1537|1758|1920|27 Recep 1448
20270106|0643|0811|1310|1538|1759|1921|28 Recep 1448
20270107|0643|0810|1310|1538|1800|1922|29 Recep 1448
20270108|0643|0810|1310|1539|1800|1923|30 Recep 1448
20270109|0643|0810|1311|1540|1801|1924|1 Şaban 1448
20270110|0643|0810|1311|1541|1802|1925|2 Şaban 1448
20270111|0643|0810|1312|1542|1803|1925|3 Şaban 1448
20270112|0643|0810|1312|1543|1804|1926|4 Şaban 1448
20270113|0642|0810|1312|1544|1805|1927|5 Şaban 1448
20270114|0642|0809|1313|1545|1806|1928|6 Şaban 1448
20270115|0642|0809|1313|1546|1807|1929|7 Şaban 1448
20270116|0642|0809|1314|1546|1809|1930|8 Şaban 1448
20270117|0642|0808|1314|1547|1810|1931|9 Şaban 1448
20270118|0641|0808|1314|1548|1811|1932|10 Şaban 1448
20270119|0641|0807|1315|1549|1812|1933|11 Şaban 1448
20270120|0641|0807|1315|1550|1813|1934|12 Şaban 1448
20270121|0640|0806|1315|1551|1814|1935|13 Şaban 1448
20270122|0640|0806|1315|1552|1815|1936|14 Şaban 1448
20270123|0640|0805|1316|1553|1816|1937|15 Şaban 1448
20270124|0639|0805|1316|1554|1817|1938|16 Şaban 1448
20270125|0639|0804|1316|1555|1818|1939|17 Şaban 1448
20270126|0638|0803|1316|1556|1820|1940|18 Şaban 1448
20270127|0638|0803|1317|1557|1821|1941|19 Şaban 1448
20270128|0637|0802|1317|1558|1822|1942|20 Şaban 1448
20270129|0636|0801|1317|1559|1823|1943|21 Şaban 1448
20270130|0636|0800|1317|1600|1824|1944|22 Şaban 1448
20270131|0635|0759|1317|1601|1825|1945|23 Şaban 1448
20270201|0634|0759|1317|1602|1827|1946|24 Şaban 1448
20270202|0634|0758|1318|1603|1828|1947|25 Şaban 1448
20270203|0633|0757|1318|1604|1829|1948|26 Şaban 1448
20270204|0632|0756|1318|1605|1830|1949|27 Şaban 1448
20270205|0631|0755|1318|1606|1831|1950|28 Şaban 1448
20270206|0630|0754|1318|1607|1832|1951|29 Şaban 1448
20270207|0629|0753|1318|1608|1833|1952|30 Şaban 1448
20270208|0629|0752|1318|1609|1835|1953|1 Ramazan 1448
20270209|0628|0751|1318|1609|1836|1954|2 Ramazan 1448
20270210|0627|0750|1318|1610|1837|1955|3 Ramazan 1448
20270211|0626|0749|1318|1611|1838|1956|4 Ramazan 1448
20270212|0625|0747|1318|1612|1839|1957|5 Ramazan 1448
20270213|0624|0746|1318|1613|1840|1958|6 Ramazan 1448
20270214|0623|0745|1318|1614|1841|1959|7 Ramazan 1448
20270215|0622|0744|1318|1615|1843|2000|8 Ramazan 1448
20270216|0620|0743|1318|1616|1844|2001|9 Ramazan 1448
20270217|0619|0741|1318|1616|1845|2002|10 Ramazan 1448
20270218|0618|0740|1318|1617|1846|2003|11 Ramazan 1448
20270219|0617|0739|1318|1618|1847|2004|12 Ramazan 1448
20270220|0616|0738|1318|1619|1848|2005|13 Ramazan 1448
20270221|0614|0736|1318|1620|1849|2006|14 Ramazan 1448
20270222|0613|0735|1318|1620|1850|2007|15 Ramazan 1448
20270223|0612|0734|1317|1621|1851|2008|16 Ramazan 1448
20270224|0611|0732|1317|1622|1852|2009|17 Ramazan 1448
20270225|0609|0731|1317|1623|1854|2010|18 Ramazan 1448
20270226|0608|0730|1317|1623|1855|2011|19 Ramazan 1448
20270227|0607|0728|1317|1624|1856|2012|20 Ramazan 1448
20270228|0605|0727|1317|1625|1857|2013|21 Ramazan 1448
20270301|0604|0725|1316|1625|1858|2014|22 Ramazan 1448
20270302|0603|0724|1316|1626|1859|2015|23 Ramazan 1448
20270303|0601|0722|1316|1627|1900|2016|24 Ramazan 1448
20270304|0600|0721|1316|1627|1901|2017|25 Ramazan 1448
20270305|0558|0719|1316|1628|1902|2018|26 Ramazan 1448
20270306|0557|0718|1315|1629|1903|2019|27 Ramazan 1448
20270307|0555|0716|1315|1629|1904|2020|28 Ramazan 1448
20270308|0554|0715|1315|1630|1905|2021|29 Ramazan 1448
20270309|0552|0713|1315|1631|1906|2022|1 Şevval 1448
20270310|0551|0712|1314|1631|1907|2023|2 Şevval 1448
20270311|0549|0710|1314|1632|1908|2024|3 Şevval 1448
20270312|0548|0709|1314|1632|1909|2025|4 Şevval 1448
20270313|0546|0707|1314|1633|1910|2026|5 Şevval 1448
20270314|0544|0706|1313|1633|1911|2027|6 Şevval 1448
20270315|0543|0704|1313|1634|1912|2028|7 Şevval 1448
20270316|0541|0703|1313|1634|1913|2029|8 Şevval 1448
20270317|0540|0701|1313|1635|1914|2030|9 Şevval 1448
20270318|0538|0700|1312|1635|1915|2032|10 Şevval 1448
20270319|0536|0658|1312|1636|1916|2033|11 Şevval 1448
20270320|0535|0657|1312|1636|1917|2034|12 Şevval 1448
20270321|0533|0655|1311|1637|1918|2035|13 Şevval 1448
20270322|0531|0653|1311|1637|1919|2036|14 Şevval 1448
20270323|0529|0652|1311|1638|1920|2037|15 Şevval 1448
20270324|0528|0650|1311|1638|1921|2038|16 Şevval 1448
20270325|0526|0649|1310|1638|1922|2039|17 Şevval 1448
20270326|0524|0647|1310|1639|1923|2040|18 Şevval 1448
20270327|0523|0646|1310|1639|1924|2041|19 Şevval 1448
20270328|0521|0644|1309|1640|1925|2042|20 Şevval 1448
20270329|0519|0642|1309|1640|1926|2043|21 Şevval 1448
20270330|0517|0641|1309|1640|1927|2045|22 Şevval 1448
20270331|0516|0639|1308|1641|1928|2046|23 Şevval 1448
20270401|0514|0638|1308|1641|1929|2047|24 Şevval 1448
20270402|0512|0636|1308|1641|1929|2048|25 Şevval 1448
20270403|0510|0635|1308|1642|1930|2049|26 Şevval 1448
20270404|0509|0633|1307|1642|1931|2050|27 Şevval 1448
20270405|0507|0632|1307|1642|1932|2051|28 Şevval 1448
20270406|0505|0630|1307|1643|1933|2053|29 Şevval 1448
20270407|0503|0629|1306|1643|1934|2054|30 Şevval 1448
20270408|0502|0627|1306|1643|1935|2055|1 Zilkade 1448
20270409|0500|0626|1306|1644|1936|2056|2 Zilkade 1448
20270410|0458|0624|1306|1644|1937|2057|3 Zilkade 1448
20270411|0456|0623|1305|1644|1938|2059|4 Zilkade 1448
20270412|0454|0621|1305|1644|1939|2100|5 Zilkade 1448
20270413|0453|0620|1305|1645|1940|2101|6 Zilkade 1448
20270414|0451|0618|1305|1645|1941|2102|7 Zilkade 1448
20270415|0449|0617|1304|1645|1942|2104|8 Zilkade 1448
20270416|0447|0615|1304|1645|1943|2105|9 Zilkade 1448
20270417|0446|0614|1304|1646|1944|2106|10 Zilkade 1448
20270418|0444|0612|1304|1646|1945|2107|11 Zilkade 1448
20270419|0442|0611|1303|1646|1946|2109|12 Zilkade 1448
20270420|0440|0610|1303|1646|1947|2110|13 Zilkade 1448
20270421|0439|0608|1303|1647|1948|2111|14 Zilkade 1448
20270422|0437|0607|1303|1647|1949|2112|15 Zilkade 1448
20270423|0435|0605|1303|1647|1950|2114|16 Zilkade 1448
20270424|0433|0604|1302|1647|1951|2115|17 Zilkade 1448
20270425|0432|0603|1302|1648|1951|2116|18 Zilkade 1448
20270426|0430|0602|1302|1648|1952|2118|19 Zilkade 1448
20270427|0428|0600|1302|1648|1953|2119|20 Zilkade 1448
20270428|0427|0559|1302|1648|1954|2120|21 Zilkade 1448
20270429|0425|0558|1302|1648|1955|2122|22 Zilkade 1448
20270430|0423|0556|1301|1649|1956|2123|23 Zilkade 1448
20270501|0422|0555|1301|1649|1957|2124|24 Zilkade 1448
20270502|0420|0554|1301|1649|1958|2126|25 Zilkade 1448
20270503|0419|0553|1301|1649|1959|2127|26 Zilkade 1448
20270504|0417|0552|1301|1650|2000|2128|27 Zilkade 1448
20270505|0415|0551|1301|1650|2001|2130|28 Zilkade 1448
20270506|0414|0549|1301|1650|2002|2131|29 Zilkade 1448
20270507|0412|0548|1301|1650|2003|2132|1 Zilhicce 1448
20270508|0411|0547|1301|1650|2004|2134|2 Zilhicce 1448
20270509|0409|0546|1301|1651|2005|2135|3 Zilhicce 1448
20270510|0408|0545|1300|1651|2006|2137|4 Zilhicce 1448
20270511|0406|0544|1300|1651|2007|2138|5 Zilhicce 1448
20270512|0405|0543|1300|1651|2008|2139|6 Zilhicce 1448
20270513|0403|0542|1300|1651|2009|2141|7 Zilhicce 1448
20270514|0402|0541|1300|1652|2009|2142|8 Zilhicce 1448
20270515|0401|0540|1300|1652|2010|2143|9 Zilhicce 1448
20270516|0359|0540|1300|1652|2011|2145|10 Zilhicce 1448
20270517|0358|0539|1300|1652|2012|2146|11 Zilhicce 1448
20270518|0357|0538|1300|1653|2013|2147|12 Zilhicce 1448
20270519|0355|0537|1301|1653|2014|2148|13 Zilhicce 1448
20270520|0354|0536|1301|1653|2015|2150|14 Zilhicce 1448
20270521|0353|0536|1301|1653|2016|2151|15 Zilhicce 1448
20270522|0352|0535|1301|1653|2017|2152|16 Zilhicce 1448
20270523|0351|0534|1301|1654|2017|2154|17 Zilhicce 1448
20270524|0349|0534|1301|1654|2018|2155|18 Zilhicce 1448
20270525|0348|0533|1301|1654|2019|2156|19 Zilhicce 1448
20270526|0347|0532|1301|1654|2020|2157|20 Zilhicce 1448
20270527|0346|0532|1301|1655|2021|2158|21 Zilhicce 1448
20270528|0345|0531|1301|1655|2021|2159|22 Zilhicce 1448
20270529|0345|0531|1301|1655|2022|2201|23 Zilhicce 1448
20270530|0344|0530|1302|1655|2023|2202|24 Zilhicce 1448
20270531|0343|0530|1302|1656|2024|2203|25 Zilhicce 1448
20270601|0342|0529|1302|1656|2024|2204|26 Zilhicce 1448
20270602|0341|0529|1302|1656|2025|2205|27 Zilhicce 1448
20270603|0341|0529|1302|1656|2026|2206|28 Zilhicce 1448
20270604|0340|0528|1302|1657|2026|2207|29 Zilhicce 1448
20270605|0339|0528|1302|1657|2027|2208|30 Zilhicce 1448
20270606|0339|0528|1303|1657|2028|2209|1 Muharrem 1449
20270607|0338|0527|1303|1657|2028|2209|2 Muharrem 1449
20270608|0338|0527|1303|1658|2029|2210|3 Muharrem 1449
20270609|0337|0527|1303|1658|2029|2211|4 Muharrem 1449
20270610|0337|0527|1303|1658|2030|2212|5 Muharrem 1449
20270611|0336|0527|1304|1658|2030|2213|6 Muharrem 1449
20270612|0336|0527|1304|1659|2031|2213|7 Muharrem 1449
20270613|0336|0527|1304|1659|2031|2214|8 Muharrem 1449
20270614|0336|0527|1304|1659|2032|2214|9 Muharrem 1449
20270615|0336|0527|1304|1659|2032|2215|10 Muharrem 1449
20270616|0336|0527|1305|1700|2033|2216|11 Muharrem 1449
20270617|0335|0527|1305|1700|2033|2216|12 Muharrem 1449
20270618|0335|0527|1305|1700|2033|2216|13 Muharrem 1449
20270619|0336|0527|1305|1700|2034|2217|14 Muharrem 1449
20270620|0336|0527|1305|1701|2034|2217|15 Muharrem 1449
20270621|0336|0527|1306|1701|2034|2217|16 Muharrem 1449
20270622|0336|0528|1306|1701|2034|2218|17 Muharrem 1449
20270623|0336|0528|1306|1701|2035|2218|18 Muharrem 1449
20270624|0337|0528|1306|1701|2035|2218|19 Muharrem 1449
20270625|0337|0528|1307|1702|2035|2218|20 Muharrem 1449
20270626|0337|0529|1307|1702|2035|2218|21 Muharrem 1449
20270627|0338|0529|1307|1702|2035|2218|22 Muharrem 1449
20270628|0338|0529|1307|1702|2035|2218|23 Muharrem 1449
20270629|0339|0530|1307|1702|2035|2218|24 Muharrem 1449
20270630|0339|0530|1308|1702|2035|2218|25 Muharrem 1449
20270701|0340|0531|1308|1703|2035|2217|26 Muharrem 1449
20270702|0341|0531|1308|1703|2035|2217|27 Muharrem 1449
20270703|0342|0532|1308|1703|2035|2217|28 Muharrem 1449
20270704|0342|0532|1308|1703|2035|2216|29 Muharrem 1449
20270705|0343|0533|1309|1703|2034|2216|1 Safer 1449
20270706|0344|0533|1309|1703|2034|2216|2 Safer 1449
20270707|0345|0534|1309|1703|2034|2215|3 Safer 1449
20270708|0346|0534|1309|1704|2034|2214|4 Safer 1449
20270709|0347|0535|1309|1704|2033|2214|5 Safer 1449
20270710|0348|0536|1309|1704|2033|2213|6 Safer 1449
20270711|0349|0536|1310|1704|2033|2213|7 Safer 1449
20270712|0350|0537|1310|1704|2032|2212|8 Safer 1449
20270713|0351|0538|1310|1704|2032|2211|9 Safer 1449
20270714|0352|0538|1310|1704|2031|2210|10 Safer 1449
20270715|0353|0539|1310|1704|2031|2209|11 Safer 1449
20270716|0354|0540|1310|1704|2030|2209|12 Safer 1449
20270717|0355|0541|1310|1704|2030|2208|13 Safer 1449
20270718|0356|0541|1310|1704|2029|2207|14 Safer 1449
20270719|0358|0542|1310|1704|2029|2206|15 Safer 1449
20270720|0359|0543|1310|1704|2028|2205|16 Safer 1449
20270721|0400|0544|1310|1703|2027|2204|17 Safer 1449
20270722|0401|0544|1311|1703|2027|2202|18 Safer 1449
20270723|0402|0545|1311|1703|2026|2201|19 Safer 1449
20270724|0404|0546|1311|1703|2025|2200|20 Safer 1449
20270725|0405|0547|1311|1703|2024|2159|21 Safer 1449
20270726|0406|0548|1311|1703|2024|2158|22 Safer 1449
20270727|0408|0549|1311|1703|2023|2156|23 Safer 1449
20270728|0409|0549|1311|1702|2022|2155|24 Safer 1449
20270729|0410|0550|1311|1702|2021|2154|25 Safer 1449
20270730|0412|0551|1311|1702|2020|2153|26 Safer 1449
20270731|0413|0552|1311|1702|2019|2151|27 Safer 1449
20270801|0414|0553|1310|1701|2018|2150|28 Safer 1449
20270802|0416|0554|1310|1701|2017|2148|29 Safer 1449
20270803|0417|0555|1310|1701|2016|2147|1 Rebiulevvel 1449
20270804|0418|0556|1310|1700|2015|2145|2 Rebiulevvel 1449
20270805|0420|0556|1310|1700|2014|2144|3 Rebiulevvel 1449
20270806|0421|0557|1310|1700|2013|2142|4 Rebiulevvel 1449
20270807|0422|0558|1310|1659|2012|2141|5 Rebiulevvel 1449
20270808|0424|0559|1310|1659|2011|2139|6 Rebiulevvel 1449
20270809|0425|0600|1310|1658|2009|2138|7 Rebiulevvel 1449
20270810|0426|0601|1310|1658|2008|2136|8 Rebiulevvel 1449
20270811|0428|0602|1309|1658|2007|2135|9 Rebiulevvel 1449
20270812|0429|0603|1309|1657|2006|2133|10 Rebiulevvel 1449
20270813|0430|0604|1309|1657|2005|2131|11 Rebiulevvel 1449
20270814|0432|0605|1309|1656|2003|2130|12 Rebiulevvel 1449
20270815|0433|0605|1309|1655|2002|2128|13 Rebiulevvel 1449
20270816|0434|0606|1308|1655|2001|2127|14 Rebiulevvel 1449
20270817|0436|0607|1308|1654|1959|2125|15 Rebiulevvel 1449
20270818|0437|0608|1308|1654|1958|2123|16 Rebiulevvel 1449
20270819|0438|0609|1308|1653|1957|2121|17 Rebiulevvel 1449
20270820|0439|0610|1308|1652|1955|2120|18 Rebiulevvel 1449
20270821|0441|0611|1307|1652|1954|2118|19 Rebiulevvel 1449
20270822|0442|0612|1307|1651|1953|2116|20 Rebiulevvel 1449
20270823|0443|0613|1307|1650|1951|2115|21 Rebiulevvel 1449
20270824|0444|0613|1307|1650|1950|2113|22 Rebiulevvel 1449
20270825|0446|0614|1306|1649|1948|2111|23 Rebiulevvel 1449
20270826|0447|0615|1306|1648|1947|2109|24 Rebiulevvel 1449
20270827|0448|0616|1306|1648|1945|2108|25 Rebiulevvel 1449
20270828|0449|0617|1306|1647|1944|2106|26 Rebiulevvel 1449
20270829|0451|0618|1305|1646|1942|2104|27 Rebiulevvel 1449
20270830|0452|0619|1305|1645|1941|2102|28 Rebiulevvel 1449
20270831|0453|0620|1305|1644|1940|2101|29 Rebiulevvel 1449
20270901|0454|0621|1304|1644|1938|2059|30 Rebiulevvel 1449
20270902|0455|0622|1304|1643|1936|2057|1 Rebiulahir 1449
20270903|0456|0622|1304|1642|1935|2055|2 Rebiulahir 1449
20270904|0458|0623|1303|1641|1933|2053|3 Rebiulahir 1449
20270905|0459|0624|1303|1640|1932|2052|4 Rebiulahir 1449
20270906|0500|0625|1303|1639|1930|2050|5 Rebiulahir 1449
20270907|0501|0626|1302|1638|1929|2048|6 Rebiulahir 1449
20270908|0502|0627|1302|1637|1927|2046|7 Rebiulahir 1449
20270909|0503|0628|1302|1636|1926|2045|8 Rebiulahir 1449
20270910|0504|0629|1301|1635|1924|2043|9 Rebiulahir 1449
20270911|0505|0629|1301|1634|1922|2041|10 Rebiulahir 1449
20270912|0507|0630|1301|1633|1921|2039|11 Rebiulahir 1449
20270913|0508|0631|1300|1632|1919|2037|12 Rebiulahir 1449
20270914|0509|0632|1300|1631|1918|2036|13 Rebiulahir 1449
20270915|0510|0633|1300|1630|1916|2034|14 Rebiulahir 1449
20270916|0511|0634|1259|1629|1914|2032|15 Rebiulahir 1449
20270917|0512|0635|1259|1628|1913|2030|16 Rebiulahir 1449
20270918|0513|0636|1258|1627|1911|2029|17 Rebiulahir 1449
20270919|0514|0637|1258|1626|1910|2027|18 Rebiulahir 1449
20270920|0515|0637|1258|1625|1908|2025|19 Rebiulahir 1449
20270921|0516|0638|1257|1624|1906|2023|20 Rebiulahir 1449
20270922|0517|0639|1257|1623|1905|2022|21 Rebiulahir 1449
20270923|0518|0640|1257|1622|1903|2020|22 Rebiulahir 1449
20270924|0519|0641|1256|1621|1902|2018|23 Rebiulahir 1449
20270925|0520|0642|1256|1620|1900|2017|24 Rebiulahir 1449
20270926|0521|0643|1256|1619|1858|2015|25 Rebiulahir 1449
20270927|0522|0644|1255|1618|1857|2013|26 Rebiulahir 1449
20270928|0523|0645|1255|1617|1855|2012|27 Rebiulahir 1449
20270929|0524|0646|1255|1615|1854|2010|28 Rebiulahir 1449
20270930|0525|0646|1254|1614|1852|2008|29 Rebiulahir 1449
20271001|0526|0647|1254|1613|1851|2007|1 Cemaziyelevvel 1449
20271002|0527|0648|1254|1612|1849|2005|2 Cemaziyelevvel 1449
20271003|0528|0649|1253|1611|1847|2004|3 Cemaziyelevvel 1449
20271004|0529|0650|1253|1610|1846|2002|4 Cemaziyelevvel 1449
20271005|0530|0651|1253|1609|1844|2000|5 Cemaziyelevvel 1449
20271006|0531|0652|1252|1608|1843|1959|6 Cemaziyelevvel 1449
20271007|0532|0653|1252|1606|1841|1957|7 Cemaziyelevvel 1449
20271008|0533|0654|1252|1605|1840|1956|8 Cemaziyelevvel 1449
20271009|0534|0655|1252|1604|1838|1954|9 Cemaziyelevvel 1449
20271010|0535|0656|1251|1603|1837|1953|10 Cemaziyelevvel 1449
20271011|0536|0657|1251|1602|1835|1951|11 Cemaziyelevvel 1449
20271012|0536|0658|1251|1601|1834|1950|12 Cemaziyelevvel 1449
20271013|0537|0659|1250|1600|1832|1948|13 Cemaziyelevvel 1449
20271014|0538|0700|1250|1559|1831|1947|14 Cemaziyelevvel 1449
20271015|0539|0701|1250|1558|1829|1946|15 Cemaziyelevvel 1449
20271016|0540|0702|1250|1557|1828|1944|16 Cemaziyelevvel 1449
20271017|0541|0703|1250|1555|1826|1943|17 Cemaziyelevvel 1449
20271018|0542|0704|1249|1554|1825|1941|18 Cemaziyelevvel 1449
20271019|0543|0705|1249|1553|1824|1940|19 Cemaziyelevvel 1449
20271020|0544|0706|1249|1552|1822|1939|20 Cemaziyelevvel 1449
20271021|0545|0707|1249|1551|1821|1937|21 Cemaziyelevvel 1449
20271022|0546|0708|1249|1550|1820|1936|22 Cemaziyelevvel 1449
20271023|0547|0709|1248|1549|1818|1935|23 Cemaziyelevvel 1449
20271024|0548|0710|1248|1548|1817|1934|24 Cemaziyelevvel 1449
20271025|0549|0711|1248|1547|1816|1933|25 Cemaziyelevvel 1449
20271026|0550|0712|1248|1546|1814|1931|26 Cemaziyelevvel 1449
20271027|0551|0713|1248|1545|1813|1930|27 Cemaziyelevvel 1449
20271028|0552|0714|1248|1544|1812|1929|28 Cemaziyelevvel 1449
20271029|0553|0715|1248|1543|1811|1928|29 Cemaziyelevvel 1449
20271030|0554|0716|1248|1542|1809|1927|30 Cemaziyelevvel 1449
20271031|0555|0717|1248|1541|1808|1926|1 Cemaziyelahir 1449
20271101|0555|0718|1248|1540|1807|1925|2 Cemaziyelahir 1449
20271102|0556|0719|1248|1539|1806|1924|3 Cemaziyelahir 1449
20271103|0557|0720|1248|1539|1805|1923|4 Cemaziyelahir 1449
20271104|0558|0722|1248|1538|1804|1922|5 Cemaziyelahir 1449
20271105|0559|0723|1248|1537|1803|1921|6 Cemaziyelahir 1449
20271106|0600|0724|1248|1536|1802|1920|7 Cemaziyelahir 1449
20271107|0601|0725|1248|1535|1801|1919|8 Cemaziyelahir 1449
20271108|0602|0726|1248|1534|1800|1918|9 Cemaziyelahir 1449
20271109|0603|0727|1248|1534|1759|1917|10 Cemaziyelahir 1449
20271110|0604|0728|1248|1533|1758|1917|11 Cemaziyelahir 1449
20271111|0605|0729|1248|1532|1757|1916|12 Cemaziyelahir 1449
20271112|0606|0730|1248|1532|1756|1915|13 Cemaziyelahir 1449
20271113|0607|0731|1248|1531|1755|1914|14 Cemaziyelahir 1449
20271114|0608|0733|1248|1530|1754|1914|15 Cemaziyelahir 1449
20271115|0609|0734|1249|1530|1753|1913|16 Cemaziyelahir 1449
20271116|0610|0735|1249|1529|1753|1912|17 Cemaziyelahir 1449
20271117|0611|0736|1249|1528|1752|1912|18 Cemaziyelahir 1449
20271118|0612|0737|1249|1528|1751|1911|19 Cemaziyelahir 1449
20271119|0613|0738|1249|1527|1751|1911|20 Cemaziyelahir 1449
20271120|0613|0739|1249|1527|1750|1910|21 Cemaziyelahir 1449
20271121|0614|0740|1250|1526|1749|1910|22 Cemaziyelahir 1449
20271122|0615|0741|1250|1526|1749|1909|23 Cemaziyelahir 1449
20271123|0616|0742|1250|1526|1748|1909|24 Cemaziyelahir 1449
20271124|0617|0743|1251|1525|1748|1909|25 Cemaziyelahir 1449
20271125|0618|0744|1251|1525|1747|1908|26 Cemaziyelahir 1449
20271126|0619|0746|1251|1525|1747|1908|27 Cemaziyelahir 1449
20271127|0620|0747|1251|1524|1746|1908|28 Cemaziyelahir 1449
20271128|0621|0748|1252|1524|1746|1908|29 Cemaziyelahir 1449
20271129|0622|0749|1252|1524|1746|1907|1 Recep 1449
20271130|0622|0750|1252|1524|1745|1907|2 Recep 1449
20271201|0623|0751|1253|1523|1745|1907|3 Recep 1449
20271202|0624|0752|1253|1523|1745|1907|4 Recep 1449
20271203|0625|0752|1254|1523|1745|1907|5 Recep 1449
20271204|0626|0753|1254|1523|1744|1907|6 Recep 1449
20271205|0627|0754|1254|1523|1744|1907|7 Recep 1449
20271206|0627|0755|1255|1523|1744|1907|8 Recep 1449
20271207|0628|0756|1255|1523|1744|1907|9 Recep 1449
20271208|0629|0757|1256|1523|1744|1907|10 Recep 1449
20271209|0630|0758|1256|1523|1744|1907|11 Recep 1449
20271210|0630|0759|1256|1523|1744|1907|12 Recep 1449
20271211|0631|0800|1257|1524|1744|1907|13 Recep 1449
20271212|0632|0800|1257|1524|1745|1908|14 Recep 1449
20271213|0633|0801|1258|1524|1745|1908|15 Recep 1449
20271214|0633|0802|1258|1524|1745|1908|16 Recep 1449
20271215|0634|0803|1259|1524|1745|1908|17 Recep 1449
20271216|0635|0803|1259|1525|1745|1909|18 Recep 1449
20271217|0635|0804|1300|1525|1746|1909|19 Recep 1449
20271218|0636|0804|1300|1525|1746|1909|20 Recep 1449
20271219|0636|0805|1301|1526|1746|1910|21 Recep 1449
20271220|0637|0806|1301|1526|1747|1910|22 Recep 1449
20271221|0637|0806|1302|1527|1747|1911|23 Recep 1449
20271222|0638|0807|1302|1527|1748|1911|24 Recep 1449
20271223|0638|0807|1303|1528|1748|1912|25 Recep 1449
20271224|0639|0808|1303|1528|1749|1912|26 Recep 1449
20271225|0639|0808|1304|1529|1749|1913|27 Recep 1449
20271226|0640|0808|1304|1529|1750|1913|28 Recep 1449
20271227|0640|0809|1305|1530|1751|1914|29 Recep 1449
20271228|0641|0809|1305|1531|1751|1915|30 Recep 1449
20271229|0641|0809|1306|1531|1752|1915|1 Şaban 1449
20271230|0641|0810|1306|1532|1753|1916|2 Şaban 1449
20271231|0641|0810|1307|1533|1753|1917|3 Şaban 1449
#@9183|Şuhut|AFYONKARAHISAR|730
20260101|0640|0808|1306|1533|1754|1917|12 Recep 1447
20260102|0641|0809|1307|1534|1755|1918|13 Recep 1447
20260103|0641|0809|1307|1535|1756|1918|14 Recep 1447
20260104|0641|0809|1308|1536|1757|1919|15 Recep 1447
20260105|0641|0809|1308|1536|1757|1920|16 Recep 1447
20260106|0641|0809|1308|1537|1758|1921|17 Recep 1447
20260107|0641|0809|1309|1538|1759|1921|18 Recep 1447
20260108|0641|0809|1309|1539|1800|1922|19 Recep 1447
20260109|0641|0809|1310|1540|1801|1923|20 Recep 1447
20260110|0641|0808|1310|1541|1802|1924|21 Recep 1447
20260111|0641|0808|1311|1541|1803|1925|22 Recep 1447
20260112|0641|0808|1311|1542|1804|1926|23 Recep 1447
20260113|0641|0808|1311|1543|1805|1927|24 Recep 1447
20260114|0641|0807|1312|1544|1806|1927|25 Recep 1447
20260115|0641|0807|1312|1545|1807|1928|26 Recep 1447
20260116|0640|0807|1312|1546|1808|1929|27 Recep 1447
20260117|0640|0806|1313|1547|1809|1930|28 Recep 1447
20260118|0640|0806|1313|1548|1810|1931|29 Recep 1447
20260119|0640|0806|1313|1549|1811|1932|30 Recep 1447
20260120|0639|0805|1314|1550|1812|1933|1 Şaban 1447
20260121|0639|0804|1314|1551|1814|1934|2 Şaban 1447
20260122|0638|0804|1314|1552|1815|1935|3 Şaban 1447
20260123|0638|0803|1315|1553|1816|1936|4 Şaban 1447
20260124|0638|0803|1315|1554|1817|1937|5 Şaban 1447
20260125|0637|0802|1315|1555|1818|1938|6 Şaban 1447
20260126|0637|0801|1315|1556|1819|1939|7 Şaban 1447
20260127|0636|0801|1315|1557|1820|1940|8 Şaban 1447
20260128|0635|0800|1316|1558|1821|1941|9 Şaban 1447
20260129|0635|0759|1316|1559|1823|1942|10 Şaban 1447
20260130|0634|0758|1316|1600|1824|1943|11 Şaban 1447
20260131|0633|0758|1316|1601|1825|1944|12 Şaban 1447
20260201|0633|0757|1316|1601|1826|1945|13 Şaban 1447
20260202|0632|0756|1316|1602|1827|1946|14 Şaban 1447
20260203|0631|0755|1317|1603|1828|1947|15 Şaban 1447
20260204|0630|0754|1317|1604|1829|1948|16 Şaban 1447
20260205|0630|0753|1317|1605|1831|1949|17 Şaban 1447
20260206|0629|0752|1317|1606|1832|1950|18 Şaban 1447
20260207|0628|0751|1317|1607|1833|1951|19 Şaban 1447
20260208|0627|0750|1317|1608|1834|1952|20 Şaban 1447
20260209|0626|0749|1317|1609|1835|1953|21 Şaban 1447
20260210|0625|0748|1317|1610|1836|1954|22 Şaban 1447
20260211|0624|0747|1317|1611|1837|1955|23 Şaban 1447
20260212|0623|0746|1317|1612|1839|1956|24 Şaban 1447
20260213|0622|0744|1317|1612|1840|1957|25 Şaban 1447
20260214|0621|0743|1317|1613|1841|1958|26 Şaban 1447
20260215|0620|0742|1317|1614|1842|1959|27 Şaban 1447
20260216|0619|0741|1317|1615|1843|2000|28 Şaban 1447
20260217|0618|0740|1317|1616|1844|2001|29 Şaban 1447
20260218|0617|0738|1317|1617|1845|2002|30 Şaban 1447
20260219|0615|0737|1317|1617|1846|2003|1 Ramazan 1447
20260220|0614|0736|1317|1618|1847|2004|2 Ramazan 1447
20260221|0613|0735|1317|1619|1849|2005|3 Ramazan 1447
20260222|0612|0733|1316|1620|1850|2006|4 Ramazan 1447
20260223|0611|0732|1316|1620|1851|2007|5 Ramazan 1447
20260224|0609|0731|1316|1621|1852|2008|6 Ramazan 1447
20260225|0608|0729|1316|1622|1853|2009|7 Ramazan 1447
20260226|0607|0728|1316|1623|1854|2010|8 Ramazan 1447
20260227|0605|0726|1316|1623|1855|2011|9 Ramazan 1447
20260228|0604|0725|1315|1624|1856|2012|10 Ramazan 1447
20260301|0603|0724|1315|1625|1857|2013|11 Ramazan 1447
20260302|0601|0722|1315|1625|1858|2014|12 Ramazan 1447
20260303|0600|0721|1315|1626|1859|2015|13 Ramazan 1447
20260304|0558|0719|1315|1627|1900|2016|14 Ramazan 1447
20260305|0557|0718|1314|1627|1901|2017|15 Ramazan 1447
20260306|0555|0716|1314|1628|1902|2018|16 Ramazan 1447
20260307|0554|0715|1314|1629|1903|2019|17 Ramazan 1447
20260308|0552|0713|1314|1629|1904|2020|18 Ramazan 1447
20260309|0551|0712|1313|1630|1905|2021|19 Ramazan 1447
20260310|0549|0710|1313|1630|1906|2022|20 Ramazan 1447
20260311|0548|0709|1313|1631|1907|2023|21 Ramazan 1447
20260312|0546|0707|1313|1631|1908|2024|22 Ramazan 1447
20260313|0545|0706|1312|1632|1909|2025|23 Ramazan 1447
20260314|0543|0704|1312|1632|1910|2026|24 Ramazan 1447
20260315|0541|0703|1312|1633|1911|2027|25 Ramazan 1447
20260316|0540|0701|1312|1633|1912|2028|26 Ramazan 1447
20260317|0538|0700|1311|1634|1913|2029|27 Ramazan 1447
20260318|0537|0658|1311|1634|1914|2030|28 Ramazan 1447
20260319|0535|0657|1311|1635|1915|2031|29 Ramazan 1447
20260320|0533|0655|1310|1635|1916|2032|1 Şevval 1447
20260321|0532|0653|1310|1636|1917|2034|2 Şevval 1447
20260322|0530|0652|1310|1636|1918|2035|3 Şevval 1447
20260323|0528|0650|1310|1637|1919|2036|4 Şevval 1447
20260324|0527|0649|1309|1637|1920|2037|5 Şevval 1447
20260325|0525|0647|1309|1637|1921|2038|6 Şevval 1447
20260326|0523|0646|1309|1638|1922|2039|7 Şevval 1447
20260327|0521|0644|1308|1638|1923|2040|8 Şevval 1447
20260328|0520|0643|1308|1639|1924|2041|9 Şevval 1447
20260329|0518|0641|1308|1639|1925|2042|10 Şevval 1447
20260330|0516|0639|1307|1639|1926|2043|11 Şevval 1447
20260331|0515|0638|1307|1640|1926|2044|12 Şevval 1447
20260401|0513|0636|1307|1640|1927|2046|13 Şevval 1447
20260402|0511|0635|1307|1640|1928|2047|14 Şevval 1447
20260403|0509|0633|1306|1641|1929|2048|15 Şevval 1447
20260404|0508|0632|1306|1641|1930|2049|16 Şevval 1447
20260405|0506|0630|1306|1641|1931|2050|17 Şevval 1447
20260406|0504|0629|1305|1642|1932|2051|18 Şevval 1447
20260407|0502|0627|1305|1642|1933|2052|19 Şevval 1447
20260408|0500|0626|1305|1642|1934|2054|20 Şevval 1447
20260409|0459|0624|1305|1642|1935|2055|21 Şevval 1447
20260410|0457|0623|1304|1643|1936|2056|22 Şevval 1447
20260411|0455|0621|1304|1643|1937|2057|23 Şevval 1447
20260412|0453|0620|1304|1643|1938|2058|24 Şevval 1447
20260413|0452|0618|1304|1643|1939|2100|25 Şevval 1447
20260414|0450|0617|1303|1644|1940|2101|26 Şevval 1447
20260415|0448|0615|1303|1644|1941|2102|27 Şevval 1447
20260416|0446|0614|1303|1644|1942|2103|28 Şevval 1447
20260417|0445|0613|1303|1644|1943|2105|29 Şevval 1447
20260418|0443|0611|1302|1645|1944|2106|1 Zilkade 1447
20260419|0441|0610|1302|1645|1944|2107|2 Zilkade 1447
20260420|0439|0608|1302|1645|1945|2108|3 Zilkade 1447
20260421|0438|0607|1302|1645|1946|2110|4 Zilkade 1447
20260422|0436|0606|1301|1646|1947|2111|5 Zilkade 1447
20260423|0434|0604|1301|1646|1948|2112|6 Zilkade 1447
20260424|0433|0603|1301|1646|1949|2113|7 Zilkade 1447
20260425|0431|0602|1301|1646|1950|2115|8 Zilkade 1447
20260426|0429|0600|1301|1646|1951|2116|9 Zilkade 1447
20260427|0428|0559|1301|1647|1952|2117|10 Zilkade 1447
20260428|0426|0558|1300|1647|1953|2119|11 Zilkade 1447
20260429|0424|0557|1300|1647|1954|2120|12 Zilkade 1447
20260430|0423|0555|1300|1647|1955|2121|13 Zilkade 1447
20260501|0421|0554|1300|1647|1956|2123|14 Zilkade 1447
20260502|0419|0553|1300|1648|1957|2124|15 Zilkade 1447
20260503|0418|0552|1300|1648|1958|2125|16 Zilkade 1447
20260504|0416|0551|1300|1648|1959|2127|17 Zilkade 1447
20260505|0415|0550|1300|1648|2000|2128|18 Zilkade 1447
20260506|0413|0548|1300|1649|2001|2129|19 Zilkade 1447
20260507|0412|0547|1259|1649|2002|2131|20 Zilkade 1447
20260508|0410|0546|1259|1649|2003|2132|21 Zilkade 1447
20260509|0409|0545|1259|1649|2003|2133|22 Zilkade 1447
20260510|0407|0544|1259|1649|2004|2135|23 Zilkade 1447
20260511|0406|0543|1259|1650|2005|2136|24 Zilkade 1447
20260512|0404|0542|1259|1650|2006|2137|25 Zilkade 1447
20260513|0403|0541|1259|1650|2007|2139|26 Zilkade 1447
20260514|0401|0540|1259|1650|2008|2140|27 Zilkade 1447
20260515|0400|0540|1259|1650|2009|2141|28 Zilkade 1447
20260516|0359|0539|1259|1651|2010|2143|29 Zilkade 1447
20260517|0358|0538|1259|1651|2011|2144|30 Zilkade 1447
20260518|0356|0537|1259|1651|2012|2145|1 Zilhicce 1447
20260519|0355|0536|1259|1651|2012|2147|2 Zilhicce 1447
20260520|0354|0536|1259|1652|2013|2148|3 Zilhicce 1447
20260521|0353|0535|1259|1652|2014|2149|4 Zilhicce 1447
20260522|0351|0534|1300|1652|2015|2150|5 Zilhicce 1447
20260523|0350|0533|1300|1652|2016|2151|6 Zilhicce 1447
20260524|0349|0533|1300|1652|2017|2153|7 Zilhicce 1447
20260525|0348|0532|1300|1653|2017|2154|8 Zilhicce 1447
20260526|0347|0532|1300|1653|2018|2155|9 Zilhicce 1447
20260527|0346|0531|1300|1653|2019|2156|10 Zilhicce 1447
20260528|0345|0530|1300|1653|2020|2157|11 Zilhicce 1447
20260529|0344|0530|1300|1654|2021|2158|12 Zilhicce 1447
20260530|0344|0529|1300|1654|2021|2200|13 Zilhicce 1447
20260531|0343|0529|1301|1654|2022|2201|14 Zilhicce 1447
20260601|0342|0529|1301|1654|2023|2202|15 Zilhicce 1447
20260602|0341|0528|1301|1655|2023|2203|16 Zilhicce 1447
20260603|0341|0528|1301|1655|2024|2204|17 Zilhicce 1447
20260604|0340|0528|1301|1655|2025|2205|18 Zilhicce 1447
20260605|0339|0527|1301|1655|2025|2205|19 Zilhicce 1447
20260606|0339|0527|1301|1656|2026|2206|20 Zilhicce 1447
20260607|0338|0527|1302|1656|2027|2207|21 Zilhicce 1447
20260608|0338|0527|1302|1656|2027|2208|22 Zilhicce 1447
20260609|0337|0526|1302|1656|2028|2209|23 Zilhicce 1447
20260610|0337|0526|1302|1657|2028|2210|24 Zilhicce 1447
20260611|0337|0526|1302|1657|2029|2210|25 Zilhicce 1447
20260612|0336|0526|1303|1657|2029|2211|26 Zilhicce 1447
20260613|0336|0526|1303|1657|2030|2211|27 Zilhicce 1447
20260614|0336|0526|1303|1658|2030|2212|28 Zilhicce 1447
20260615|0336|0526|1303|1658|2030|2213|29 Zilhicce 1447
20260616|0336|0526|1303|1658|2031|2213|1 Muharrem 1448
20260617|0336|0526|1304|1658|2031|2214|2 Muharrem 1448
20260618|0336|0526|1304|1658|2032|2214|3 Muharrem 1448
20260619|0336|0527|1304|1659|2032|2214|4 Muharrem 1448
20260620|0336|0527|1304|1659|2032|2215|5 Muharrem 1448
20260621|0336|0527|1305|1659|2032|2215|6 Muharrem 1448
20260622|0336|0527|1305|1659|2033|2215|7 Muharrem 1448
20260623|0337|0527|1305|1700|2033|2215|8 Muharrem 1448
20260624|0337|0528|1305|1700|2033|2215|9 Muharrem 1448
20260625|0337|0528|1305|1700|2033|2215|10 Muharrem 1448
20260626|0338|0528|1306|1700|2033|2215|11 Muharrem 1448
20260627|0338|0529|1306|1700|2033|2215|12 Muharrem 1448
20260628|0339|0529|1306|1701|2033|2215|13 Muharrem 1448
20260629|0339|0529|1306|1701|2033|2215|14 Muharrem 1448
20260630|0340|0530|1306|1701|2033|2215|15 Muharrem 1448
20260701|0341|0530|1307|1701|2033|2215|16 Muharrem 1448
20260702|0341|0531|1307|1701|2033|2214|17 Muharrem 1448
20260703|0342|0531|1307|1701|2033|2214|18 Muharrem 1448
20260704|0343|0532|1307|1701|2033|2214|19 Muharrem 1448
20260705|0343|0532|1307|1702|2033|2213|20 Muharrem 1448
20260706|0344|0533|1308|1702|2032|2213|21 Muharrem 1448
20260707|0345|0533|1308|1702|2032|2212|22 Muharrem 1448
20260708|0346|0534|1308|1702|2032|2212|23 Muharrem 1448
20260709|0347|0535|1308|1702|2032|2211|24 Muharrem 1448
20260710|0348|0535|1308|1702|2031|2211|25 Muharrem 1448
20260711|0349|0536|1308|1702|2031|2210|26 Muharrem 1448
20260712|0350|0537|1308|1702|2030|2209|27 Muharrem 1448
20260713|0351|0537|1309|1702|2030|2208|28 Muharrem 1448
20260714|0352|0538|1309|1702|2029|2208|29 Muharrem 1448
20260715|0353|0539|1309|1702|2029|2207|1 Safer 1448
20260716|0354|0539|1309|1702|2028|2206|2 Safer 1448
20260717|0356|0540|1309|1702|2028|2205|3 Safer 1448
20260718|0357|0541|1309|1702|2027|2204|4 Safer 1448
20260719|0358|0542|1309|1702|2027|2203|5 Safer 1448
20260720|0359|0542|1309|1702|2026|2202|6 Safer 1448
20260721|0400|0543|1309|1702|2025|2201|7 Safer 1448
20260722|0402|0544|1309|1702|2025|2200|8 Safer 1448
20260723|0403|0545|1309|1702|2024|2159|9 Safer 1448
20260724|0404|0546|1309|1702|2023|2158|10 Safer 1448
20260725|0405|0546|1309|1701|2022|2156|11 Safer 1448
20260726|0407|0547|1309|1701|2022|2155|12 Safer 1448
20260727|0408|0548|1309|1701|2021|2154|13 Safer 1448
20260728|0409|0549|1309|1701|2020|2153|14 Safer 1448
20260729|0410|0550|1309|1701|2019|2151|15 Safer 1448
20260730|0412|0551|1309|1700|2018|2150|16 Safer 1448
20260731|0413|0552|1309|1700|2017|2149|17 Safer 1448
20260801|0414|0552|1309|1700|2016|2147|18 Safer 1448
20260802|0416|0553|1309|1659|2015|2146|19 Safer 1448
20260803|0417|0554|1309|1659|2014|2144|20 Safer 1448
20260804|0418|0555|1309|1659|2013|2143|21 Safer 1448
20260805|0420|0556|1309|1658|2012|2142|22 Safer 1448
20260806|0421|0557|1309|1658|2011|2140|23 Safer 1448
20260807|0422|0558|1309|1658|2010|2139|24 Safer 1448
20260808|0424|0559|1309|1657|2009|2137|25 Safer 1448
20260809|0425|0559|1308|1657|2007|2135|26 Safer 1448
20260810|0426|0600|1308|1656|2006|2134|27 Safer 1448
20260811|0428|0601|1308|1656|2005|2132|28 Safer 1448
20260812|0429|0602|1308|1655|2004|2131|29 Safer 1448
20260813|0430|0603|1308|1655|2003|2129|30 Safer 1448
20260814|0432|0604|1308|1654|2001|2127|1 Rebiulevvel 1448
20260815|0433|0605|1307|1654|2000|2126|2 Rebiulevvel 1448
20260816|0434|0606|1307|1653|1959|2124|3 Rebiulevvel 1448
20260817|0435|0607|1307|1653|1958|2123|4 Rebiulevvel 1448
20260818|0437|0608|1307|1652|1956|2121|5 Rebiulevvel 1448
20260819|0438|0608|1307|1652|1955|2119|6 Rebiulevvel 1448
20260820|0439|0609|1306|1651|1954|2117|7 Rebiulevvel 1448
20260821|0441|0610|1306|1650|1952|2116|8 Rebiulevvel 1448
20260822|0442|0611|1306|1650|1951|2114|9 Rebiulevvel 1448
20260823|0443|0612|1306|1649|1949|2112|10 Rebiulevvel 1448
20260824|0444|0613|1305|1648|1948|2111|11 Rebiulevvel 1448
20260825|0445|0614|1305|1648|1947|2109|12 Rebiulevvel 1448
20260826|0447|0615|1305|1647|1945|2107|13 Rebiulevvel 1448
20260827|0448|0615|1305|1646|1944|2105|14 Rebiulevvel 1448
20260828|0449|0616|1304|1645|1942|2104|15 Rebiulevvel 1448
20260829|0450|0617|1304|1644|1941|2102|16 Rebiulevvel 1448
20260830|0451|0618|1304|1644|1939|2100|17 Rebiulevvel 1448
20260831|0453|0619|1303|1643|1938|2058|18 Rebiulevvel 1448
20260901|0454|0620|1303|1642|1936|2057|19 Rebiulevvel 1448
20260902|0455|0621|1303|1641|1935|2055|20 Rebiulevvel 1448
20260903|0456|0622|1302|1640|1933|2053|21 Rebiulevvel 1448
20260904|0457|0623|1302|1639|1932|2051|22 Rebiulevvel 1448
20260905|0458|0623|1302|1639|1930|2050|23 Rebiulevvel 1448
20260906|0459|0624|1301|1638|1929|2048|24 Rebiulevvel 1448
20260907|0501|0625|1301|1637|1927|2046|25 Rebiulevvel 1448
20260908|0502|0626|1301|1636|1925|2044|26 Rebiulevvel 1448
20260909|0503|0627|1300|1635|1924|2042|27 Rebiulevvel 1448
20260910|0504|0628|1300|1634|1922|2041|28 Rebiulevvel 1448
20260911|0505|0629|1300|1633|1921|2039|29 Rebiulevvel 1448
20260912|0506|0629|1259|1632|1919|2037|1 Rebiulahir 1448
20260913|0507|0630|1259|1631|1918|2035|2 Rebiulahir 1448
20260914|0508|0631|1259|1630|1916|2034|3 Rebiulahir 1448
20260915|0509|0632|1258|1629|1914|2032|4 Rebiulahir 1448
20260916|0510|0633|1258|1628|1913|2030|5 Rebiulahir 1448
20260917|0511|0634|1258|1627|1911|2028|6 Rebiulahir 1448
20260918|0512|0635|1257|1626|1910|2027|7 Rebiulahir 1448
20260919|0513|0636|1257|1625|1908|2025|8 Rebiulahir 1448
20260920|0514|0637|1256|1624|1906|2023|9 Rebiulahir 1448
20260921|0515|0637|1256|1623|1905|2022|10 Rebiulahir 1448
20260922|0516|0638|1256|1622|1903|2020|11 Rebiulahir 1448
20260923|0517|0639|1255|1621|1902|2018|12 Rebiulahir 1448
20260924|0518|0640|1255|1620|1900|2017|13 Rebiulahir 1448
20260925|0519|0641|1255|1618|1859|2015|14 Rebiulahir 1448
20260926|0520|0642|1254|1617|1857|2013|15 Rebiulahir 1448
20260927|0521|0643|1254|1616|1855|2012|16 Rebiulahir 1448
20260928|0522|0644|1254|1615|1854|2010|17 Rebiulahir 1448
20260929|0523|0645|1253|1614|1852|2008|18 Rebiulahir 1448
20260930|0524|0645|1253|1613|1851|2007|19 Rebiulahir 1448
20261001|0525|0646|1253|1612|1849|2005|20 Rebiulahir 1448
20261002|0526|0647|1252|1611|1847|2003|21 Rebiulahir 1448
20261003|0527|0648|1252|1610|1846|2002|22 Rebiulahir 1448
20261004|0528|0649|1252|1609|1844|2000|23 Rebiulahir 1448
20261005|0529|0650|1251|1607|1843|1959|24 Rebiulahir 1448
20261006|0530|0651|1251|1606|1841|1957|25 Rebiulahir 1448
20261007|0531|0652|1251|1605|1840|1956|26 Rebiulahir 1448
20261008|0532|0653|1251|1604|1838|1954|27 Rebiulahir 1448
20261009|0533|0654|1250|1603|1837|1953|28 Rebiulahir 1448
20261010|0534|0655|1250|1602|1835|1951|29 Rebiulahir 1448
20261011|0535|0656|1250|1601|1834|1950|30 Rebiulahir 1448
20261012|0536|0657|1249|1600|1832|1948|1 Cemaziyelevvel 1448
20261013|0537|0658|1249|1559|1831|1947|2 Cemaziyelevvel 1448
20261014|0538|0659|1249|1557|1829|1945|3 Cemaziyelevvel 1448
20261015|0538|0700|1249|1556|1828|1944|4 Cemaziyelevvel 1448
20261016|0539|0701|1249|1555|1827|1943|5 Cemaziyelevvel 1448
20261017|0540|0702|1248|1554|1825|1941|6 Cemaziyelevvel 1448
20261018|0541|0703|1248|1553|1824|1940|7 Cemaziyelevvel 1448
20261019|0542|0704|1248|1552|1822|1939|8 Cemaziyelevvel 1448
20261020|0543|0705|1248|1551|1821|1937|9 Cemaziyelevvel 1448
20261021|0544|0706|1248|1550|1820|1936|10 Cemaziyelevvel 1448
20261022|0545|0707|1247|1549|1818|1935|11 Cemaziyelevvel 1448
20261023|0546|0708|1247|1548|1817|1933|12 Cemaziyelevvel 1448
20261024|0547|0709|1247|1547|1816|1932|13 Cemaziyelevvel 1448
20261025|0548|0710|1247|1546|1814|1931|14 Cemaziyelevvel 1448
20261026|0549|0711|1247|1545|1813|1930|15 Cemaziyelevvel 1448
20261027|0550|0712|1247|1544|1812|1929|16 Cemaziyelevvel 1448
20261028|0551|0713|1247|1543|1811|1928|17 Cemaziyelevvel 1448
20261029|0552|0714|1247|1542|1809|1927|18 Cemaziyelevvel 1448
20261030|0553|0715|1247|1541|1808|1925|19 Cemaziyelevvel 1448
20261031|0553|0716|1246|1540|1807|1924|20 Cemaziyelevvel 1448
20261101|0554|0717|1246|1539|1806|1923|21 Cemaziyelevvel 1448
20261102|0555|0718|1246|1538|1805|1922|22 Cemaziyelevvel 1448
20261103|0556|0719|1246|1538|1804|1921|23 Cemaziyelevvel 1448
20261104|0557|0720|1246|1537|1803|1920|24 Cemaziyelevvel 1448
20261105|0558|0721|1246|1536|1802|1920|25 Cemaziyelevvel 1448
20261106|0559|0722|1246|1535|1801|1919|26 Cemaziyelevvel 1448
20261107|0600|0724|1247|1534|1800|1918|27 Cemaziyelevvel 1448
20261108|0601|0725|1247|1534|1759|1917|28 Cemaziyelevvel 1448
20261109|0602|0726|1247|1533|1758|1916|29 Cemaziyelevvel 1448
20261110|0603|0727|1247|1532|1757|1915|1 Cemaziyelahir 1448
20261111|0604|0728|1247|1531|1756|1915|2 Cemaziyelahir 1448
20261112|0605|0729|1247|1531|1755|1914|3 Cemaziyelahir 1448
20261113|0606|0730|1247|1530|1754|1913|4 Cemaziyelahir 1448
20261114|0607|0731|1247|1529|1753|1913|5 Cemaziyelahir 1448
20261115|0608|0732|1247|1529|1752|1912|6 Cemaziyelahir 1448
20261116|0609|0733|1248|1528|1752|1911|7 Cemaziyelahir 1448
20261117|0610|0734|1248|1528|1751|1911|8 Cemaziyelahir 1448
20261118|0610|0736|1248|1527|1750|1910|9 Cemaziyelahir 1448
20261119|0611|0737|1248|1527|1750|1910|10 Cemaziyelahir 1448
20261120|0612|0738|1248|1526|1749|1909|11 Cemaziyelahir 1448
20261121|0613|0739|1249|1526|1748|1909|12 Cemaziyelahir 1448
20261122|0614|0740|1249|1525|1748|1908|13 Cemaziyelahir 1448
20261123|0615|0741|1249|1525|1747|1908|14 Cemaziyelahir 1448
20261124|0616|0742|1249|1525|1747|1908|15 Cemaziyelahir 1448
20261125|0617|0743|1250|1524|1746|1907|16 Cemaziyelahir 1448
20261126|0618|0744|1250|1524|1746|1907|17 Cemaziyelahir 1448
20261127|0619|0745|1250|1524|1746|1907|18 Cemaziyelahir 1448
20261128|0619|0746|1251|1523|1745|1907|19 Cemaziyelahir 1448
20261129|0620|0747|1251|1523|1745|1906|20 Cemaziyelahir 1448
20261130|0621|0748|1251|1523|1745|1906|21 Cemaziyelahir 1448
20261201|0622|0749|1252|1523|1744|1906|22 Cemaziyelahir 1448
20261202|0623|0750|1252|1523|1744|1906|23 Cemaziyelahir 1448
20261203|0624|0751|1252|1523|1744|1906|24 Cemaziyelahir 1448
20261204|0625|0752|1253|1523|1744|1906|25 Cemaziyelahir 1448
20261205|0625|0753|1253|1522|1744|1906|26 Cemaziyelahir 1448
20261206|0626|0754|1254|1522|1744|1906|27 Cemaziyelahir 1448
20261207|0627|0755|1254|1523|1744|1906|28 Cemaziyelahir 1448
20261208|0628|0755|1255|1523|1744|1906|29 Cemaziyelahir 1448
20261209|0628|0756|1255|1523|1744|1906|30 Cemaziyelahir 1448
20261210|0629|0757|1255|1523|1744|1906|1 Recep 1448
20261211|0630|0758|1256|1523|1744|1907|2 Recep 1448
20261212|0631|0759|1256|1523|1744|1907|3 Recep 1448
20261213|0631|0759|1257|1523|1744|1907|4 Recep 1448
20261214|0632|0800|1257|1524|1744|1907|5 Recep 1448
20261215|0633|0801|1258|1524|1745|1908|6 Recep 1448
20261216|0633|0802|1258|1524|1745|1908|7 Recep 1448
20261217|0634|0802|1259|1525|1745|1908|8 Recep 1448
20261218|0634|0803|1259|1525|1746|1909|9 Recep 1448
20261219|0635|0803|1300|1525|1746|1909|10 Recep 1448
20261220|0636|0804|1300|1526|1746|1910|11 Recep 1448
20261221|0636|0805|1301|1526|1747|1910|12 Recep 1448
20261222|0637|0805|1301|1527|1747|1910|13 Recep 1448
20261223|0637|0806|1302|1527|1748|1911|14 Recep 1448
20261224|0638|0806|1302|1528|1748|1912|15 Recep 1448
20261225|0638|0806|1303|1528|1749|1912|16 Recep 1448
20261226|0638|0807|1303|1529|1750|1913|17 Recep 1448
20261227|0639|0807|1304|1530|1750|1913|18 Recep 1448
20261228|0639|0807|1304|1530|1751|1914|19 Recep 1448
20261229|0639|0808|1305|1531|1752|1915|20 Recep 1448
20261230|0640|0808|1305|1532|1752|1915|21 Recep 1448
20261231|0640|0808|1306|1532|1753|1916|22 Recep 1448
20270101|0640|0808|1306|1533|1754|1917|23 Recep 1448
20270102|0641|0809|1307|1534|1755|1917|24 Recep 1448
20270103|0641|0809|1307|1535|1755|1918|25 Recep 1448
20270104|0641|0809|1307|1535|1756|1919|26 Recep 1448
20270105|0641|0809|1308|1536|1757|1920|27 Recep 1448
20270106|0641|0809|1308|1537|1758|1920|28 Recep 1448
20270107|0641|0809|1309|1538|1759|1921|29 Recep 1448
20270108|0641|0809|1309|1539|1800|1922|30 Recep 1448
20270109|0641|0809|1310|1539|1801|1923|1 Şaban 1448
20270110|0641|0808|1310|1540|1802|1924|2 Şaban 1448
20270111|0641|0808|1310|1541|1803|1925|3 Şaban 1448
20270112|0641|0808|1311|1542|1804|1925|4 Şaban 1448
20270113|0641|0808|1311|1543|1805|1926|5 Şaban 1448
20270114|0641|0808|1312|1544|1806|1927|6 Şaban 1448
20270115|0641|0807|1312|1545|1807|1928|7 Şaban 1448
20270116|0640|0807|1312|1546|1808|1929|8 Şaban 1448
20270117|0640|0806|1313|1547|1809|1930|9 Şaban 1448
20270118|0640|0806|1313|1548|1810|1931|10 Şaban 1448
20270119|0640|0806|1313|1549|1811|1932|11 Şaban 1448
20270120|0639|0805|1314|1550|1812|1933|12 Şaban 1448
20270121|0639|0805|1314|1551|1813|1934|13 Şaban 1448
20270122|0639|0804|1314|1552|1814|1935|14 Şaban 1448
20270123|0638|0803|1315|1553|1816|1936|15 Şaban 1448
20270124|0638|0803|1315|1554|1817|1937|16 Şaban 1448
20270125|0637|0802|1315|1554|1818|1938|17 Şaban 1448
20270126|0637|0802|1315|1555|1819|1939|18 Şaban 1448
20270127|0636|0801|1315|1556|1820|1940|19 Şaban 1448
20270128|0636|0800|1316|1557|1821|1941|20 Şaban 1448
20270129|0635|0759|1316|1558|1822|1942|21 Şaban 1448
20270130|0634|0759|1316|1559|1823|1943|22 Şaban 1448
20270131|0634|0758|1316|1600|1825|1944|23 Şaban 1448
20270201|0633|0757|1316|1601|1826|1945|24 Şaban 1448
20270202|0632|0756|1316|1602|1827|1946|25 Şaban 1448
20270203|0631|0755|1317|1603|1828|1947|26 Şaban 1448
20270204|0631|0754|1317|1604|1829|1948|27 Şaban 1448
20270205|0630|0753|1317|1605|1830|1949|28 Şaban 1448
20270206|0629|0752|1317|1606|1831|1950|29 Şaban 1448
20270207|0628|0751|1317|1607|1833|1951|30 Şaban 1448
20270208|0627|0750|1317|1608|1834|1952|1 Ramazan 1448
20270209|0626|0749|1317|1609|1835|1953|2 Ramazan 1448
20270210|0625|0748|1317|1610|1836|1954|3 Ramazan 1448
20270211|0624|0747|1317|1610|1837|1955|4 Ramazan 1448
20270212|0623|0746|1317|1611|1838|1956|5 Ramazan 1448
20270213|0622|0745|1317|1612|1839|1957|6 Ramazan 1448
20270214|0621|0744|1317|1613|1841|1958|7 Ramazan 1448
20270215|0620|0742|1317|1614|1842|1959|8 Ramazan 1448
20270216|0619|0741|1317|1615|1843|2000|9 Ramazan 1448
20270217|0618|0740|1317|1616|1844|2001|10 Ramazan 1448
20270218|0617|0739|1317|1616|1845|2002|11 Ramazan 1448
20270219|0616|0737|1317|1617|1846|2003|12 Ramazan 1448
20270220|0615|0736|1317|1618|1847|2004|13 Ramazan 1448
20270221|0613|0735|1317|1619|1848|2005|14 Ramazan 1448
20270222|0612|0734|1316|1620|1849|2006|15 Ramazan 1448
20270223|0611|0732|1316|1620|1850|2007|16 Ramazan 1448
20270224|0610|0731|1316|1621|1851|2008|17 Ramazan 1448
20270225|0608|0729|1316|1622|1853|2009|18 Ramazan 1448
20270226|0607|0728|1316|1622|1854|2010|19 Ramazan 1448
20270227|0606|0727|1316|1623|1855|2011|20 Ramazan 1448
20270228|0604|0725|1315|1624|1856|2012|21 Ramazan 1448
20270301|0603|0724|1315|1625|1857|2013|22 Ramazan 1448
20270302|0601|0722|1315|1625|1858|2014|23 Ramazan 1448
20270303|0600|0721|1315|1626|1859|2015|24 Ramazan 1448
20270304|0559|0720|1315|1627|1900|2016|25 Ramazan 1448
20270305|0557|0718|1314|1627|1901|2017|26 Ramazan 1448
20270306|0556|0717|1314|1628|1902|2018|27 Ramazan 1448
20270307|0554|0715|1314|1628|1903|2019|28 Ramazan 1448
20270308|0553|0714|1314|1629|1904|2020|29 Ramazan 1448
20270309|0551|0712|1314|1630|1905|2021|1 Şevval 1448
20270310|0550|0711|1313|1630|1906|2022|2 Şevval 1448
20270311|0548|0709|1313|1631|1907|2023|3 Şevval 1448
20270312|0547|0708|1313|1631|1908|2024|4 Şevval 1448
20270313|0545|0706|1313|1632|1909|2025|5 Şevval 1448
20270314|0543|0705|1312|1632|1910|2026|6 Şevval 1448
20270315|0542|0703|1312|1633|1911|2027|7 Şevval 1448
20270316|0540|0702|1312|1633|1912|2028|8 Şevval 1448
20270317|0539|0700|1311|1634|1913|2029|9 Şevval 1448
20270318|0537|0658|1311|1634|1914|2030|10 Şevval 1448
20270319|0535|0657|1311|1635|1915|2031|11 Şevval 1448
20270320|0534|0655|1311|1635|1916|2032|12 Şevval 1448
20270321|0532|0654|1310|1636|1917|2033|13 Şevval 1448
20270322|0530|0652|1310|1636|1918|2034|14 Şevval 1448
20270323|0529|0651|1310|1636|1919|2035|15 Şevval 1448
20270324|0527|0649|1309|1637|1920|2036|16 Şevval 1448
20270325|0525|0648|1309|1637|1921|2038|17 Şevval 1448
20270326|0524|0646|1309|1638|1922|2039|18 Şevval 1448
20270327|0522|0644|1308|1638|1922|2040|19 Şevval 1448
20270328|0520|0643|1308|1638|1923|2041|20 Şevval 1448
20270329|0518|0641|1308|1639|1924|2042|21 Şevval 1448
20270330|0517|0640|1308|1639|1925|2043|22 Şevval 1448
20270331|0515|0638|1307|1640|1926|2044|23 Şevval 1448
20270401|0513|0637|1307|1640|1927|2045|24 Şevval 1448
20270402|0511|0635|1307|1640|1928|2046|25 Şevval 1448
20270403|0510|0634|1306|1641|1929|2048|26 Şevval 1448
20270404|0508|0632|1306|1641|1930|2049|27 Şevval 1448
20270405|0506|0631|1306|1641|1931|2050|28 Şevval 1448
20270406|0504|0629|1305|1641|1932|2051|29 Şevval 1448
20270407|0503|0628|1305|1642|1933|2052|30 Şevval 1448
20270408|0501|0626|1305|1642|1934|2053|1 Zilkade 1448
20270409|0459|0625|1305|1642|1935|2055|2 Zilkade 1448
20270410|0457|0623|1304|1643|1936|2056|3 Zilkade 1448
20270411|0456|0622|1304|1643|1937|2057|4 Zilkade 1448
20270412|0454|0620|1304|1643|1938|2058|5 Zilkade 1448
20270413|0452|0619|1304|1643|1939|2059|6 Zilkade 1448
20270414|0450|0617|1303|1644|1940|2101|7 Zilkade 1448
20270415|0449|0616|1303|1644|1940|2102|8 Zilkade 1448
20270416|0447|0614|1303|1644|1941|2103|9 Zilkade 1448
20270417|0445|0613|1303|1644|1942|2104|10 Zilkade 1448
20270418|0443|0611|1302|1645|1943|2106|11 Zilkade 1448
20270419|0442|0610|1302|1645|1944|2107|12 Zilkade 1448
20270420|0440|0609|1302|1645|1945|2108|13 Zilkade 1448
20270421|0438|0607|1302|1645|1946|2109|14 Zilkade 1448
20270422|0436|0606|1302|1646|1947|2111|15 Zilkade 1448
20270423|0435|0605|1301|1646|1948|2112|16 Zilkade 1448
20270424|0433|0603|1301|1646|1949|2113|17 Zilkade 1448
20270425|0431|0602|1301|1646|1950|2114|18 Zilkade 1448
20270426|0430|0601|1301|1646|1951|2116|19 Zilkade 1448
20270427|0428|0559|1301|1647|1952|2117|20 Zilkade 1448
20270428|0426|0558|1300|1647|1953|2118|21 Zilkade 1448
20270429|0425|0557|1300|1647|1954|2120|22 Zilkade 1448
20270430|0423|0556|1300|1647|1955|2121|23 Zilkade 1448
20270501|0421|0554|1300|1647|1956|2122|24 Zilkade 1448
20270502|0420|0553|1300|1648|1957|2124|25 Zilkade 1448
20270503|0418|0552|1300|1648|1958|2125|26 Zilkade 1448
20270504|0417|0551|1300|1648|1959|2126|27 Zilkade 1448
20270505|0415|0550|1300|1648|1959|2128|28 Zilkade 1448
20270506|0414|0549|1300|1648|2000|2129|29 Zilkade 1448
20270507|0412|0548|1259|1649|2001|2130|1 Zilhicce 1448
20270508|0410|0547|1259|1649|2002|2132|2 Zilhicce 1448
20270509|0409|0546|1259|1649|2003|2133|3 Zilhicce 1448
20270510|0408|0545|1259|1649|2004|2134|4 Zilhicce 1448
20270511|0406|0544|1259|1650|2005|2136|5 Zilhicce 1448
20270512|0405|0543|1259|1650|2006|2137|6 Zilhicce 1448
20270513|0403|0542|1259|1650|2007|2138|7 Zilhicce 1448
20270514|0402|0541|1259|1650|2008|2140|8 Zilhicce 1448
20270515|0400|0540|1259|1650|2009|2141|9 Zilhicce 1448
20270516|0359|0539|1259|1651|2010|2142|10 Zilhicce 1448
20270517|0358|0538|1259|1651|2010|2144|11 Zilhicce 1448
20270518|0357|0537|1259|1651|2011|2145|12 Zilhicce 1448
20270519|0355|0536|1259|1651|2012|2146|13 Zilhicce 1448
20270520|0354|0536|1259|1651|2013|2147|14 Zilhicce 1448
20270521|0353|0535|1259|1652|2014|2149|15 Zilhicce 1448
20270522|0352|0534|1300|1652|2015|2150|16 Zilhicce 1448
20270523|0351|0534|1300|1652|2016|2151|17 Zilhicce 1448
20270524|0350|0533|1300|1652|2016|2152|18 Zilhicce 1448
20270525|0348|0532|1300|1653|2017|2154|19 Zilhicce 1448
20270526|0347|0532|1300|1653|2018|2155|20 Zilhicce 1448
20270527|0346|0531|1300|1653|2019|2156|21 Zilhicce 1448
20270528|0346|0531|1300|1653|2020|2157|22 Zilhicce 1448
20270529|0345|0530|1300|1654|2020|2158|23 Zilhicce 1448
20270530|0344|0530|1300|1654|2021|2159|24 Zilhicce 1448
20270531|0343|0529|1300|1654|2022|2200|25 Zilhicce 1448
20270601|0342|0529|1301|1654|2023|2201|26 Zilhicce 1448
20270602|0341|0528|1301|1655|2023|2202|27 Zilhicce 1448
20270603|0341|0528|1301|1655|2024|2203|28 Zilhicce 1448
20270604|0340|0528|1301|1655|2025|2204|29 Zilhicce 1448
20270605|0339|0527|1301|1655|2025|2205|30 Zilhicce 1448
20270606|0339|0527|1301|1655|2026|2206|1 Muharrem 1449
20270607|0338|0527|1302|1656|2026|2207|2 Muharrem 1449
20270608|0338|0527|1302|1656|2027|2208|3 Muharrem 1449
20270609|0337|0527|1302|1656|2028|2209|4 Muharrem 1449
20270610|0337|0526|1302|1656|2028|2209|5 Muharrem 1449
20270611|0337|0526|1302|1657|2029|2210|6 Muharrem 1449
20270612|0336|0526|1303|1657|2029|2211|7 Muharrem 1449
20270613|0336|0526|1303|1657|2030|2211|8 Muharrem 1449
20270614|0336|0526|1303|1657|2030|2212|9 Muharrem 1449
20270615|0336|0526|1303|1658|2030|2212|10 Muharrem 1449
20270616|0336|0526|1303|1658|2031|2213|11 Muharrem 1449
20270617|0336|0526|1304|1658|2031|2213|12 Muharrem 1449
20270618|0336|0526|1304|1658|2031|2214|13 Muharrem 1449
20270619|0336|0526|1304|1659|2032|2214|14 Muharrem 1449
20270620|0336|0527|1304|1659|2032|2214|15 Muharrem 1449
20270621|0336|0527|1305|1659|2032|2215|16 Muharrem 1449
20270622|0336|0527|1305|1659|2032|2215|17 Muharrem 1449
20270623|0337|0527|1305|1700|2033|2215|18 Muharrem 1449
20270624|0337|0528|1305|1700|2033|2215|19 Muharrem 1449
20270625|0337|0528|1305|1700|2033|2215|20 Muharrem 1449
20270626|0338|0528|1306|1700|2033|2215|21 Muharrem 1449
20270627|0338|0529|1306|1700|2033|2215|22 Muharrem 1449
20270628|0339|0529|1306|1700|2033|2215|23 Muharrem 1449
20270629|0339|0529|1306|1701|2033|2215|24 Muharrem 1449
20270630|0340|0530|1306|1701|2033|2215|25 Muharrem 1449
20270701|0340|0530|1307|1701|2033|2215|26 Muharrem 1449
20270702|0341|0531|1307|1701|2033|2215|27 Muharrem 1449
20270703|0342|0531|1307|1701|2033|2214|28 Muharrem 1449
20270704|0342|0532|1307|1701|2033|2214|29 Muharrem 1449
20270705|0343|0532|1307|1702|2033|2213|1 Safer 1449
20270706|0344|0533|1308|1702|2032|2213|2 Safer 1449
20270707|0345|0533|1308|1702|2032|2213|3 Safer 1449
20270708|0346|0534|1308|1702|2032|2212|4 Safer 1449
20270709|0347|0535|1308|1702|2032|2211|5 Safer 1449
20270710|0348|0535|1308|1702|2031|2211|6 Safer 1449
20270711|0349|0536|1308|1702|2031|2210|7 Safer 1449
20270712|0350|0536|1308|1702|2031|2209|8 Safer 1449
20270713|0351|0537|1309|1702|2030|2209|9 Safer 1449
20270714|0352|0538|1309|1702|2030|2208|10 Safer 1449
20270715|0353|0539|1309|1702|2029|2207|11 Safer 1449
20270716|0354|0539|1309|1702|2029|2206|12 Safer 1449
20270717|0355|0540|1309|1702|2028|2205|13 Safer 1449
20270718|0356|0541|1309|1702|2027|2204|14 Safer 1449
20270719|0358|0542|1309|1702|2027|2203|15 Safer 1449
20270720|0359|0542|1309|1702|2026|2202|16 Safer 1449
20270721|0400|0543|1309|1702|2026|2201|17 Safer 1449
20270722|0401|0544|1309|1702|2025|2200|18 Safer 1449
20270723|0402|0545|1309|1702|2024|2159|19 Safer 1449
20270724|0404|0545|1309|1702|2023|2158|20 Safer 1449
20270725|0405|0546|1309|1701|2023|2157|21 Safer 1449
20270726|0406|0547|1309|1701|2022|2155|22 Safer 1449
20270727|0408|0548|1309|1701|2021|2154|23 Safer 1449
20270728|0409|0549|1309|1701|2020|2153|24 Safer 1449
20270729|0410|0550|1309|1701|2019|2152|25 Safer 1449
20270730|0411|0551|1309|1700|2018|2150|26 Safer 1449
20270731|0413|0551|1309|1700|2017|2149|27 Safer 1449
20270801|0414|0552|1309|1700|2016|2148|28 Safer 1449
20270802|0415|0553|1309|1700|2015|2146|29 Safer 1449
20270803|0417|0554|1309|1659|2014|2145|1 Rebiulevvel 1449
20270804|0418|0555|1309|1659|2013|2143|2 Rebiulevvel 1449
20270805|0419|0556|1309|1659|2012|2142|3 Rebiulevvel 1449
20270806|0421|0557|1309|1658|2011|2140|4 Rebiulevvel 1449
20270807|0422|0557|1309|1658|2010|2139|5 Rebiulevvel 1449
20270808|0423|0558|1309|1657|2009|2137|6 Rebiulevvel 1449
20270809|0425|0559|1309|1657|2008|2136|7 Rebiulevvel 1449
20270810|0426|0600|1308|1657|2007|2134|8 Rebiulevvel 1449
20270811|0427|0601|1308|1656|2005|2133|9 Rebiulevvel 1449
20270812|0429|0602|1308|1656|2004|2131|10 Rebiulevvel 1449
20270813|0430|0603|1308|1655|2003|2129|11 Rebiulevvel 1449
20270814|0431|0604|1308|1655|2002|2128|12 Rebiulevvel 1449
20270815|0433|0605|1308|1654|2000|2126|13 Rebiulevvel 1449
20270816|0434|0606|1307|1654|1959|2125|14 Rebiulevvel 1449
20270817|0435|0606|1307|1653|1958|2123|15 Rebiulevvel 1449
20270818|0436|0607|1307|1652|1957|2121|16 Rebiulevvel 1449
20270819|0438|0608|1307|1652|1955|2120|17 Rebiulevvel 1449
20270820|0439|0609|1306|1651|1954|2118|18 Rebiulevvel 1449
20270821|0440|0610|1306|1650|1952|2116|19 Rebiulevvel 1449
20270822|0441|0611|1306|1650|1951|2114|20 Rebiulevvel 1449
20270823|0443|0612|1306|1649|1950|2113|21 Rebiulevvel 1449
20270824|0444|0613|1305|1648|1948|2111|22 Rebiulevvel 1449
20270825|0445|0614|1305|1648|1947|2109|23 Rebiulevvel 1449
20270826|0446|0614|1305|1647|1945|2108|24 Rebiulevvel 1449
20270827|0448|0615|1305|1646|1944|2106|25 Rebiulevvel 1449
20270828|0449|0616|1304|1645|1943|2104|26 Rebiulevvel 1449
20270829|0450|0617|1304|1645|1941|2102|27 Rebiulevvel 1449
20270830|0451|0618|1304|1644|1940|2101|28 Rebiulevvel 1449
20270831|0452|0619|1303|1643|1938|2059|29 Rebiulevvel 1449
20270901|0454|0620|1303|1642|1937|2057|30 Rebiulevvel 1449
20270902|0455|0621|1303|1641|1935|2055|1 Rebiulahir 1449
20270903|0456|0621|1302|1641|1934|2054|2 Rebiulahir 1449
20270904|0457|0622|1302|1640|1932|2052|3 Rebiulahir 1449
20270905|0458|0623|1302|1639|1930|2050|4 Rebiulahir 1449
20270906|0459|0624|1301|1638|1929|2048|5 Rebiulahir 1449
20270907|0500|0625|1301|1637|1927|2046|6 Rebiulahir 1449
20270908|0501|0626|1301|1636|1926|2045|7 Rebiulahir 1449
20270909|0503|0627|1300|1635|1924|2043|8 Rebiulahir 1449
20270910|0504|0628|1300|1634|1923|2041|9 Rebiulahir 1449
20270911|0505|0628|1300|1633|1921|2039|10 Rebiulahir 1449
20270912|0506|0629|1259|1632|1920|2038|11 Rebiulahir 1449
20270913|0507|0630|1259|1631|1918|2036|12 Rebiulahir 1449
20270914|0508|0631|1259|1630|1916|2034|13 Rebiulahir 1449
20270915|0509|0632|1258|1629|1915|2032|14 Rebiulahir 1449
20270916|0510|0633|1258|1628|1913|2031|15 Rebiulahir 1449
20270917|0511|0634|1258|1627|1912|2029|16 Rebiulahir 1449
20270918|0512|0635|1257|1626|1910|2027|17 Rebiulahir 1449
20270919|0513|0635|1257|1625|1908|2025|18 Rebiulahir 1449
20270920|0514|0636|1257|1624|1907|2024|19 Rebiulahir 1449
20270921|0515|0637|1256|1623|1905|2022|20 Rebiulahir 1449
20270922|0516|0638|1256|1622|1904|2020|21 Rebiulahir 1449
20270923|0517|0639|1255|1621|1902|2019|22 Rebiulahir 1449
20270924|0518|0640|1255|1620|1900|2017|23 Rebiulahir 1449
20270925|0519|0641|1255|1619|1859|2015|24 Rebiulahir 1449
20270926|0520|0642|1254|1618|1857|2014|25 Rebiulahir 1449
20270927|0521|0643|1254|1617|1856|2012|26 Rebiulahir 1449
20270928|0522|0643|1254|1615|1854|2010|27 Rebiulahir 1449
20270929|0523|0644|1253|1614|1853|2009|28 Rebiulahir 1449
20270930|0524|0645|1253|1613|1851|2007|29 Rebiulahir 1449
20271001|0525|0646|1253|1612|1849|2005|1 Cemaziyelevvel 1449
20271002|0526|0647|1252|1611|1848|2004|2 Cemaziyelevvel 1449
20271003|0527|0648|1252|1610|1846|2002|3 Cemaziyelevvel 1449
20271004|0528|0649|1252|1609|1845|2001|4 Cemaziyelevvel 1449
20271005|0529|0650|1251|1608|1843|1959|5 Cemaziyelevvel 1449
20271006|0530|0651|1251|1607|1842|1958|6 Cemaziyelevvel 1449
20271007|0531|0652|1251|1605|1840|1956|7 Cemaziyelevvel 1449
20271008|0532|0653|1251|1604|1839|1954|8 Cemaziyelevvel 1449
20271009|0533|0654|1250|1603|1837|1953|9 Cemaziyelevvel 1449
20271010|0534|0655|1250|1602|1836|1951|10 Cemaziyelevvel 1449
20271011|0534|0655|1250|1601|1834|1950|11 Cemaziyelevvel 1449
20271012|0535|0656|1250|1600|1833|1949|12 Cemaziyelevvel 1449
20271013|0536|0657|1249|1559|1831|1947|13 Cemaziyelevvel 1449
20271014|0537|0658|1249|1558|1830|1946|14 Cemaziyelevvel 1449
20271015|0538|0659|1249|1557|1828|1944|15 Cemaziyelevvel 1449
20271016|0539|0700|1249|1556|1827|1943|16 Cemaziyelevvel 1449
20271017|0540|0701|1248|1555|1825|1942|17 Cemaziyelevvel 1449
20271018|0541|0702|1248|1553|1824|1940|18 Cemaziyelevvel 1449
20271019|0542|0703|1248|1552|1823|1939|19 Cemaziyelevvel 1449
20271020|0543|0704|1248|1551|1821|1938|20 Cemaziyelevvel 1449
20271021|0544|0705|1248|1550|1820|1936|21 Cemaziyelevvel 1449
20271022|0545|0706|1247|1549|1819|1935|22 Cemaziyelevvel 1449
20271023|0546|0707|1247|1548|1817|1934|23 Cemaziyelevvel 1449
20271024|0547|0708|1247|1547|1816|1933|24 Cemaziyelevvel 1449
20271025|0548|0709|1247|1546|1815|1931|25 Cemaziyelevvel 1449
20271026|0549|0710|1247|1545|1813|1930|26 Cemaziyelevvel 1449
20271027|0549|0711|1247|1544|1812|1929|27 Cemaziyelevvel 1449
20271028|0550|0713|1247|1543|1811|1928|28 Cemaziyelevvel 1449
20271029|0551|0714|1247|1542|1810|1927|29 Cemaziyelevvel 1449
20271030|0552|0715|1247|1541|1809|1926|30 Cemaziyelevvel 1449
20271031|0553|0716|1247|1540|1807|1925|1 Cemaziyelahir 1449
20271101|0554|0717|1246|1540|1806|1924|2 Cemaziyelahir 1449
20271102|0555|0718|1246|1539|1805|1923|3 Cemaziyelahir 1449
20271103|0556|0719|1246|1538|1804|1922|4 Cemaziyelahir 1449
20271104|0557|0720|1246|1537|1803|1921|5 Cemaziyelahir 1449
20271105|0558|0721|1246|1536|1802|1920|6 Cemaziyelahir 1449
20271106|0559|0722|1246|1535|1801|1919|7 Cemaziyelahir 1449
20271107|0600|0723|1247|1535|1800|1918|8 Cemaziyelahir 1449
20271108|0601|0724|1247|1534|1759|1917|9 Cemaziyelahir 1449
20271109|0602|0725|1247|1533|1758|1916|10 Cemaziyelahir 1449
20271110|0603|0727|1247|1532|1757|1916|11 Cemaziyelahir 1449
20271111|0604|0728|1247|1532|1756|1915|12 Cemaziyelahir 1449
20271112|0605|0729|1247|1531|1755|1914|13 Cemaziyelahir 1449
20271113|0606|0730|1247|1530|1754|1913|14 Cemaziyelahir 1449
20271114|0606|0731|1247|1530|1753|1913|15 Cemaziyelahir 1449
20271115|0607|0732|1247|1529|1753|1912|16 Cemaziyelahir 1449
20271116|0608|0733|1247|1528|1752|1911|17 Cemaziyelahir 1449
20271117|0609|0734|1248|1528|1751|1911|18 Cemaziyelahir 1449
20271118|0610|0735|1248|1527|1751|1910|19 Cemaziyelahir 1449
20271119|0611|0736|1248|1527|1750|1910|20 Cemaziyelahir 1449
20271120|0612|0737|1248|1526|1749|1909|21 Cemaziyelahir 1449
20271121|0613|0739|1249|1526|1749|1909|22 Cemaziyelahir 1449
20271122|0614|0740|1249|1525|1748|1908|23 Cemaziyelahir 1449
20271123|0615|0741|1249|1525|1748|1908|24 Cemaziyelahir 1449
20271124|0616|0742|1249|1525|1747|1908|25 Cemaziyelahir 1449
20271125|0617|0743|1250|1524|1747|1907|26 Cemaziyelahir 1449
20271126|0617|0744|1250|1524|1746|1907|27 Cemaziyelahir 1449
20271127|0618|0745|1250|1524|1746|1907|28 Cemaziyelahir 1449
20271128|0619|0746|1251|1523|1745|1907|29 Cemaziyelahir 1449
20271129|0620|0747|1251|1523|1745|1906|1 Recep 1449
20271130|0621|0748|1251|1523|1745|1906|2 Recep 1449
20271201|0622|0749|1252|1523|1744|1906|3 Recep 1449
20271202|0623|0750|1252|1523|1744|1906|4 Recep 1449
20271203|0624|0751|1252|1523|1744|1906|5 Recep 1449
20271204|0624|0752|1253|1523|1744|1906|6 Recep 1449
20271205|0625|0753|1253|1522|1744|1906|7 Recep 1449
20271206|0626|0753|1254|1522|1744|1906|8 Recep 1449
20271207|0627|0754|1254|1523|1744|1906|9 Recep 1449
20271208|0627|0755|1254|1523|1744|1906|10 Recep 1449
20271209|0628|0756|1255|1523|1744|1906|11 Recep 1449
20271210|0629|0757|1255|1523|1744|1906|12 Recep 1449
20271211|0630|0758|1256|1523|1744|1907|13 Recep 1449
20271212|0630|0758|1256|1523|1744|1907|14 Recep 1449
20271213|0631|0759|1257|1523|1744|1907|15 Recep 1449
20271214|0632|0800|1257|1524|1744|1907|16 Recep 1449
20271215|0632|0801|1258|1524|1745|1908|17 Recep 1449
20271216|0633|0801|1258|1524|1745|1908|18 Recep 1449
20271217|0634|0802|1259|1525|1745|1908|19 Recep 1449
20271218|0634|0803|1259|1525|1746|1909|20 Recep 1449
20271219|0635|0803|1300|1525|1746|1909|21 Recep 1449
20271220|0635|0804|1300|1526|1746|1909|22 Recep 1449
20271221|0636|0804|1301|1526|1747|1910|23 Recep 1449
20271222|0636|0805|1301|1527|1747|1910|24 Recep 1449
20271223|0637|0805|1302|1527|1748|1911|25 Recep 1449
20271224|0637|0806|1302|1528|1748|1911|26 Recep 1449
20271225|0638|0806|1303|1528|1749|1912|27 Recep 1449
20271226|0638|0807|1303|1529|1749|1913|28 Recep 1449
20271227|0639|0807|1304|1529|1750|1913|29 Recep 1449
20271228|0639|0807|1304|1530|1751|1914|30 Recep 1449
20271229|0639|0808|1305|1531|1751|1914|1 Şaban 1449
20271230|0640|0808|1305|1531|1752|1915|2 Şaban 1449
20271231|0640|0808|1305|1532|1753|1916|3 Şaban 1449
#@9184|Sultandağı|AFYONKARAHISAR|730
20260101|0638|0806|1303|1530|1751|1914|12 Recep 1447
20260102|0638|0806|1304|1531|1752|1915|13 Recep 1447
20260103|0638|0806|1304|1532|1753|1915|14 Recep 1447
20260104|0638|0806|1305|1533|1754|1916|15 Recep 1447
20260105|0638|0806|1305|1534|1755|1917|16 Recep 1447
20260106|0638|0806|1306|1534|1756|1918|17 Recep 1447
20260107|0638|0806|1306|1535|1756|1919|18 Recep 1447
20260108|0638|0806|1307|1536|1757|1919|19 Recep 1447
20260109|0638|0806|1307|1537|1758|1920|20 Recep 1447
20260110|0638|0806|1307|1538|1759|1921|21 Recep 1447
20260111|0638|0805|1308|1539|1800|1922|22 Recep 1447
20260112|0638|0805|1308|1540|1801|1923|23 Recep 1447
20260113|0638|0805|1309|1541|1802|1924|24 Recep 1447
20260114|0638|0805|1309|1541|1803|1925|25 Recep 1447
20260115|0638|0804|1309|1542|1804|1926|26 Recep 1447
20260116|0638|0804|1310|1543|1805|1927|27 Recep 1447
20260117|0637|0804|1310|1544|1806|1927|28 Recep 1447
20260118|0637|0803|1310|1545|1808|1928|29 Recep 1447
20260119|0637|0803|1311|1546|1809|1929|30 Recep 1447
20260120|0636|0802|1311|1547|1810|1930|1 Şaban 1447
20260121|0636|0802|1311|1548|1811|1931|2 Şaban 1447
20260122|0636|0801|1312|1549|1812|1932|3 Şaban 1447
20260123|0635|0801|1312|1550|1813|1933|4 Şaban 1447
20260124|0635|0800|1312|1551|1814|1934|5 Şaban 1447
20260125|0634|0759|1312|1552|1815|1935|6 Şaban 1447
20260126|0634|0759|1313|1553|1816|1936|7 Şaban 1447
20260127|0633|0758|1313|1554|1818|1937|8 Şaban 1447
20260128|0633|0757|1313|1555|1819|1938|9 Şaban 1447
20260129|0632|0756|1313|1556|1820|1939|10 Şaban 1447
20260130|0631|0756|1313|1557|1821|1940|11 Şaban 1447
20260131|0631|0755|1313|1558|1822|1941|12 Şaban 1447
20260201|0630|0754|1314|1559|1823|1942|13 Şaban 1447
20260202|0629|0753|1314|1600|1824|1943|14 Şaban 1447
20260203|0629|0752|1314|1601|1826|1944|15 Şaban 1447
20260204|0628|0751|1314|1602|1827|1945|16 Şaban 1447
20260205|0627|0750|1314|1602|1828|1946|17 Şaban 1447
20260206|0626|0749|1314|1603|1829|1947|18 Şaban 1447
20260207|0625|0748|1314|1604|1830|1948|19 Şaban 1447
20260208|0624|0747|1314|1605|1831|1949|20 Şaban 1447
20260209|0623|0746|1314|1606|1832|1950|21 Şaban 1447
20260210|0622|0745|1314|1607|1834|1951|22 Şaban 1447
20260211|0621|0744|1314|1608|1835|1952|23 Şaban 1447
20260212|0620|0743|1314|1609|1836|1953|24 Şaban 1447
20260213|0619|0742|1314|1610|1837|1954|25 Şaban 1447
20260214|0618|0741|1314|1611|1838|1955|26 Şaban 1447
20260215|0617|0739|1314|1611|1839|1956|27 Şaban 1447
20260216|0616|0738|1314|1612|1840|1957|28 Şaban 1447
20260217|0615|0737|1314|1613|1841|1958|29 Şaban 1447
20260218|0614|0736|1314|1614|1842|1959|30 Şaban 1447
20260219|0613|0734|1314|1615|1844|2000|1 Ramazan 1447
20260220|0612|0733|1314|1615|1845|2001|2 Ramazan 1447
20260221|0610|0732|1314|1616|1846|2002|3 Ramazan 1447
20260222|0609|0730|1314|1617|1847|2003|4 Ramazan 1447
20260223|0608|0729|1314|1618|1848|2004|5 Ramazan 1447
20260224|0606|0728|1313|1618|1849|2005|6 Ramazan 1447
20260225|0605|0726|1313|1619|1850|2006|7 Ramazan 1447
20260226|0604|0725|1313|1620|1851|2007|8 Ramazan 1447
20260227|0603|0724|1313|1621|1852|2008|9 Ramazan 1447
20260228|0601|0722|1313|1621|1853|2009|10 Ramazan 1447
20260301|0600|0721|1313|1622|1854|2010|11 Ramazan 1447
20260302|0558|0719|1312|1623|1855|2011|12 Ramazan 1447
20260303|0557|0718|1312|1623|1856|2012|13 Ramazan 1447
20260304|0556|0716|1312|1624|1857|2013|14 Ramazan 1447
20260305|0554|0715|1312|1625|1858|2014|15 Ramazan 1447
20260306|0553|0714|1311|1625|1859|2015|16 Ramazan 1447
20260307|0551|0712|1311|1626|1900|2016|17 Ramazan 1447
20260308|0550|0711|1311|1626|1901|2017|18 Ramazan 1447
20260309|0548|0709|1311|1627|1902|2018|19 Ramazan 1447
20260310|0547|0708|1310|1628|1903|2019|20 Ramazan 1447
20260311|0545|0706|1310|1628|1904|2020|21 Ramazan 1447
20260312|0543|0705|1310|1629|1905|2021|22 Ramazan 1447
20260313|0542|0703|1310|1629|1906|2022|23 Ramazan 1447
20260314|0540|0702|1309|1630|1907|2023|24 Ramazan 1447
20260315|0539|0700|1309|1630|1908|2024|25 Ramazan 1447
20260316|0537|0658|1309|1631|1909|2025|26 Ramazan 1447
20260317|0535|0657|1309|1631|1910|2027|27 Ramazan 1447
20260318|0534|0655|1308|1632|1911|2028|28 Ramazan 1447
20260319|0532|0654|1308|1632|1912|2029|29 Ramazan 1447
20260320|0531|0652|1308|1633|1913|2030|1 Şevval 1447
20260321|0529|0651|1307|1633|1914|2031|2 Şevval 1447
20260322|0527|0649|1307|1633|1915|2032|3 Şevval 1447
20260323|0525|0648|1307|1634|1916|2033|4 Şevval 1447
20260324|0524|0646|1307|1634|1917|2034|5 Şevval 1447
20260325|0522|0644|1306|1635|1918|2035|6 Şevval 1447
20260326|0520|0643|1306|1635|1919|2036|7 Şevval 1447
20260327|0519|0641|1306|1635|1920|2037|8 Şevval 1447
20260328|0517|0640|1305|1636|1921|2038|9 Şevval 1447
20260329|0515|0638|1305|1636|1922|2039|10 Şevval 1447
20260330|0513|0637|1305|1636|1923|2041|11 Şevval 1447
20260331|0512|0635|1304|1637|1924|2042|12 Şevval 1447
20260401|0510|0634|1304|1637|1925|2043|13 Şevval 1447
20260402|0508|0632|1304|1638|1926|2044|14 Şevval 1447
20260403|0507|0631|1304|1638|1927|2045|15 Şevval 1447
20260404|0505|0629|1303|1638|1928|2046|16 Şevval 1447
20260405|0503|0627|1303|1638|1928|2047|17 Şevval 1447
20260406|0501|0626|1303|1639|1929|2049|18 Şevval 1447
20260407|0459|0624|1302|1639|1930|2050|19 Şevval 1447
20260408|0458|0623|1302|1639|1931|2051|20 Şevval 1447
20260409|0456|0621|1302|1640|1932|2052|21 Şevval 1447
20260410|0454|0620|1302|1640|1933|2053|22 Şevval 1447
20260411|0452|0618|1301|1640|1934|2054|23 Şevval 1447
20260412|0451|0617|1301|1640|1935|2056|24 Şevval 1447
20260413|0449|0616|1301|1641|1936|2057|25 Şevval 1447
20260414|0447|0614|1301|1641|1937|2058|26 Şevval 1447
20260415|0445|0613|1300|1641|1938|2059|27 Şevval 1447
20260416|0444|0611|1300|1641|1939|2101|28 Şevval 1447
20260417|0442|0610|1300|1642|1940|2102|29 Şevval 1447
20260418|0440|0608|1300|1642|1941|2103|1 Zilkade 1447
20260419|0438|0607|1259|1642|1942|2104|2 Zilkade 1447
20260420|0437|0606|1259|1642|1943|2106|3 Zilkade 1447
20260421|0435|0604|1259|1643|1944|2107|4 Zilkade 1447
20260422|0433|0603|1259|1643|1945|2108|5 Zilkade 1447
20260423|0432|0602|1259|1643|1946|2109|6 Zilkade 1447
20260424|0430|0600|1258|1643|1946|2111|7 Zilkade 1447
20260425|0428|0559|1258|1643|1947|2112|8 Zilkade 1447
20260426|0427|0558|1258|1644|1948|2113|9 Zilkade 1447
20260427|0425|0556|1258|1644|1949|2115|10 Zilkade 1447
20260428|0423|0555|1258|1644|1950|2116|11 Zilkade 1447
20260429|0422|0554|1258|1644|1951|2117|12 Zilkade 1447
20260430|0420|0553|1257|1645|1952|2119|13 Zilkade 1447
20260501|0418|0551|1257|1645|1953|2120|14 Zilkade 1447
20260502|0417|0550|1257|1645|1954|2121|15 Zilkade 1447
20260503|0415|0549|1257|1645|1955|2123|16 Zilkade 1447
20260504|0413|0548|1257|1645|1956|2124|17 Zilkade 1447
20260505|0412|0547|1257|1646|1957|2125|18 Zilkade 1447
20260506|0410|0546|1257|1646|1958|2127|19 Zilkade 1447
20260507|0409|0545|1257|1646|1959|2128|20 Zilkade 1447
20260508|0407|0544|1257|1646|2000|2129|21 Zilkade 1447
20260509|0406|0543|1257|1646|2001|2131|22 Zilkade 1447
20260510|0404|0542|1257|1647|2002|2132|23 Zilkade 1447
20260511|0403|0541|1257|1647|2003|2133|24 Zilkade 1447
20260512|0402|0540|1256|1647|2003|2135|25 Zilkade 1447
20260513|0400|0539|1256|1647|2004|2136|26 Zilkade 1447
20260514|0359|0538|1256|1647|2005|2137|27 Zilkade 1447
20260515|0357|0537|1256|1648|2006|2139|28 Zilkade 1447
20260516|0356|0536|1256|1648|2007|2140|29 Zilkade 1447
20260517|0355|0535|1257|1648|2008|2141|30 Zilkade 1447
20260518|0353|0534|1257|1648|2009|2142|1 Zilhicce 1447
20260519|0352|0534|1257|1649|2010|2144|2 Zilhicce 1447
20260520|0351|0533|1257|1649|2011|2145|3 Zilhicce 1447
20260521|0350|0532|1257|1649|2011|2146|4 Zilhicce 1447
20260522|0349|0531|1257|1649|2012|2148|5 Zilhicce 1447
20260523|0348|0531|1257|1649|2013|2149|6 Zilhicce 1447
20260524|0346|0530|1257|1650|2014|2150|7 Zilhicce 1447
20260525|0345|0529|1257|1650|2015|2151|8 Zilhicce 1447
20260526|0344|0529|1257|1650|2016|2152|9 Zilhicce 1447
20260527|0343|0528|1257|1650|2016|2153|10 Zilhicce 1447
20260528|0343|0528|1257|1651|2017|2155|11 Zilhicce 1447
20260529|0342|0527|1257|1651|2018|2156|12 Zilhicce 1447
20260530|0341|0527|1258|1651|2019|2157|13 Zilhicce 1447
20260531|0340|0526|1258|1651|2019|2158|14 Zilhicce 1447
20260601|0339|0526|1258|1652|2020|2159|15 Zilhicce 1447
20260602|0338|0526|1258|1652|2021|2200|16 Zilhicce 1447
20260603|0338|0525|1258|1652|2021|2201|17 Zilhicce 1447
20260604|0337|0525|1258|1652|2022|2202|18 Zilhicce 1447
20260605|0336|0525|1259|1653|2023|2203|19 Zilhicce 1447
20260606|0336|0524|1259|1653|2023|2204|20 Zilhicce 1447
20260607|0335|0524|1259|1653|2024|2204|21 Zilhicce 1447
20260608|0335|0524|1259|1653|2024|2205|22 Zilhicce 1447
20260609|0335|0524|1259|1654|2025|2206|23 Zilhicce 1447
20260610|0334|0524|1259|1654|2025|2207|24 Zilhicce 1447
20260611|0334|0523|1300|1654|2026|2207|25 Zilhicce 1447
20260612|0334|0523|1300|1654|2026|2208|26 Zilhicce 1447
20260613|0333|0523|1300|1655|2027|2209|27 Zilhicce 1447
20260614|0333|0523|1300|1655|2027|2209|28 Zilhicce 1447
20260615|0333|0523|1301|1655|2028|2210|29 Zilhicce 1447
20260616|0333|0523|1301|1655|2028|2210|1 Muharrem 1448
20260617|0333|0524|1301|1655|2028|2211|2 Muharrem 1448
20260618|0333|0524|1301|1656|2029|2211|3 Muharrem 1448
20260619|0333|0524|1301|1656|2029|2212|4 Muharrem 1448
20260620|0333|0524|1302|1656|2029|2212|5 Muharrem 1448
20260621|0333|0524|1302|1656|2030|2212|6 Muharrem 1448
20260622|0334|0524|1302|1657|2030|2212|7 Muharrem 1448
20260623|0334|0525|1302|1657|2030|2212|8 Muharrem 1448
20260624|0334|0525|1302|1657|2030|2213|9 Muharrem 1448
20260625|0335|0525|1303|1657|2030|2213|10 Muharrem 1448
20260626|0335|0525|1303|1657|2030|2213|11 Muharrem 1448
20260627|0335|0526|1303|1658|2030|2213|12 Muharrem 1448
20260628|0336|0526|1303|1658|2030|2213|13 Muharrem 1448
20260629|0337|0527|1304|1658|2030|2212|14 Muharrem 1448
20260630|0337|0527|1304|1658|2030|2212|15 Muharrem 1448
20260701|0338|0528|1304|1658|2030|2212|16 Muharrem 1448
20260702|0338|0528|1304|1658|2030|2212|17 Muharrem 1448
20260703|0339|0528|1304|1659|2030|2211|18 Muharrem 1448
20260704|0340|0529|1304|1659|2030|2211|19 Muharrem 1448
20260705|0341|0530|1305|1659|2030|2211|20 Muharrem 1448
20260706|0342|0530|1305|1659|2030|2210|21 Muharrem 1448
20260707|0342|0531|1305|1659|2029|2210|22 Muharrem 1448
20260708|0343|0531|1305|1659|2029|2209|23 Muharrem 1448
20260709|0344|0532|1305|1659|2029|2209|24 Muharrem 1448
20260710|0345|0533|1305|1659|2028|2208|25 Muharrem 1448
20260711|0346|0533|1306|1659|2028|2207|26 Muharrem 1448
20260712|0347|0534|1306|1659|2028|2207|27 Muharrem 1448
20260713|0348|0535|1306|1659|2027|2206|28 Muharrem 1448
20260714|0349|0535|1306|1659|2027|2205|29 Muharrem 1448
20260715|0350|0536|1306|1659|2026|2204|1 Safer 1448
20260716|0352|0537|1306|1659|2026|2203|2 Safer 1448
20260717|0353|0537|1306|1659|2025|2202|3 Safer 1448
20260718|0354|0538|1306|1659|2025|2201|4 Safer 1448
20260719|0355|0539|1306|1659|2024|2200|5 Safer 1448
20260720|0356|0540|1306|1659|2023|2159|6 Safer 1448
20260721|0358|0540|1307|1659|2023|2158|7 Safer 1448
20260722|0359|0541|1307|1659|2022|2157|8 Safer 1448
20260723|0400|0542|1307|1659|2021|2156|9 Safer 1448
20260724|0401|0543|1307|1659|2020|2155|10 Safer 1448
20260725|0403|0544|1307|1659|2020|2154|11 Safer 1448
20260726|0404|0545|1307|1658|2019|2152|12 Safer 1448
20260727|0405|0545|1307|1658|2018|2151|13 Safer 1448
20260728|0406|0546|1307|1658|2017|2150|14 Safer 1448
20260729|0408|0547|1307|1658|2016|2149|15 Safer 1448
20260730|0409|0548|1307|1658|2015|2147|16 Safer 1448
20260731|0410|0549|1307|1657|2014|2146|17 Safer 1448
20260801|0412|0550|1307|1657|2013|2145|18 Safer 1448
20260802|0413|0551|1306|1657|2012|2143|19 Safer 1448
20260803|0414|0551|1306|1656|2011|2142|20 Safer 1448
20260804|0416|0552|1306|1656|2010|2140|21 Safer 1448
20260805|0417|0553|1306|1656|2009|2139|22 Safer 1448
20260806|0418|0554|1306|1655|2008|2137|23 Safer 1448
20260807|0420|0555|1306|1655|2007|2136|24 Safer 1448
20260808|0421|0556|1306|1655|2006|2134|25 Safer 1448
20260809|0422|0557|1306|1654|2005|2133|26 Safer 1448
20260810|0424|0558|1306|1654|2004|2131|27 Safer 1448
20260811|0425|0559|1305|1653|2002|2130|28 Safer 1448
20260812|0426|0559|1305|1653|2001|2128|29 Safer 1448
20260813|0428|0600|1305|1652|2000|2126|30 Safer 1448
20260814|0429|0601|1305|1652|1959|2125|1 Rebiulevvel 1448
20260815|0430|0602|1305|1651|1957|2123|2 Rebiulevvel 1448
20260816|0431|0603|1305|1651|1956|2121|3 Rebiulevvel 1448
20260817|0433|0604|1304|1650|1955|2120|4 Rebiulevvel 1448
20260818|0434|0605|1304|1649|1953|2118|5 Rebiulevvel 1448
20260819|0435|0606|1304|1649|1952|2116|6 Rebiulevvel 1448
20260820|0437|0607|1304|1648|1951|2115|7 Rebiulevvel 1448
20260821|0438|0607|1303|1648|1949|2113|8 Rebiulevvel 1448
20260822|0439|0608|1303|1647|1948|2111|9 Rebiulevvel 1448
20260823|0440|0609|1303|1646|1947|2110|10 Rebiulevvel 1448
20260824|0441|0610|1303|1646|1945|2108|11 Rebiulevvel 1448
20260825|0443|0611|1302|1645|1944|2106|12 Rebiulevvel 1448
20260826|0444|0612|1302|1644|1942|2104|13 Rebiulevvel 1448
20260827|0445|0613|1302|1643|1941|2103|14 Rebiulevvel 1448
20260828|0446|0614|1302|1643|1939|2101|15 Rebiulevvel 1448
20260829|0448|0614|1301|1642|1938|2059|16 Rebiulevvel 1448
20260830|0449|0615|1301|1641|1936|2057|17 Rebiulevvel 1448
20260831|0450|0616|1301|1640|1935|2056|18 Rebiulevvel 1448
20260901|0451|0617|1300|1639|1933|2054|19 Rebiulevvel 1448
20260902|0452|0618|1300|1638|1932|2052|20 Rebiulevvel 1448
20260903|0453|0619|1300|1638|1930|2050|21 Rebiulevvel 1448
20260904|0454|0620|1259|1637|1929|2049|22 Rebiulevvel 1448
20260905|0456|0621|1259|1636|1927|2047|23 Rebiulevvel 1448
20260906|0457|0622|1259|1635|1926|2045|24 Rebiulevvel 1448
20260907|0458|0622|1258|1634|1924|2043|25 Rebiulevvel 1448
20260908|0459|0623|1258|1633|1923|2041|26 Rebiulevvel 1448
20260909|0500|0624|1258|1632|1921|2040|27 Rebiulevvel 1448
20260910|0501|0625|1257|1631|1920|2038|28 Rebiulevvel 1448
20260911|0502|0626|1257|1630|1918|2036|29 Rebiulevvel 1448
20260912|0503|0627|1257|1629|1916|2034|1 Rebiulahir 1448
20260913|0504|0628|1256|1628|1915|2033|2 Rebiulahir 1448
20260914|0505|0628|1256|1627|1913|2031|3 Rebiulahir 1448
20260915|0506|0629|1255|1626|1912|2029|4 Rebiulahir 1448
20260916|0507|0630|1255|1625|1910|2027|5 Rebiulahir 1448
20260917|0509|0631|1255|1624|1908|2026|6 Rebiulahir 1448
20260918|0510|0632|1254|1623|1907|2024|7 Rebiulahir 1448
20260919|0511|0633|1254|1622|1905|2022|8 Rebiulahir 1448
20260920|0512|0634|1254|1621|1904|2021|9 Rebiulahir 1448
20260921|0513|0635|1253|1620|1902|2019|10 Rebiulahir 1448
20260922|0514|0636|1253|1619|1901|2017|11 Rebiulahir 1448
20260923|0515|0636|1253|1618|1859|2015|12 Rebiulahir 1448
20260924|0516|0637|1252|1617|1857|2014|13 Rebiulahir 1448
20260925|0517|0638|1252|1616|1856|2012|14 Rebiulahir 1448
20260926|0518|0639|1252|1615|1854|2010|15 Rebiulahir 1448
20260927|0519|0640|1251|1614|1853|2009|16 Rebiulahir 1448
20260928|0520|0641|1251|1612|1851|2007|17 Rebiulahir 1448
20260929|0520|0642|1251|1611|1849|2006|18 Rebiulahir 1448
20260930|0521|0643|1250|1610|1848|2004|19 Rebiulahir 1448
20261001|0522|0644|1250|1609|1846|2002|20 Rebiulahir 1448
20261002|0523|0645|1250|1608|1845|2001|21 Rebiulahir 1448
20261003|0524|0645|1249|1607|1843|1959|22 Rebiulahir 1448
20261004|0525|0646|1249|1606|1842|1958|23 Rebiulahir 1448
20261005|0526|0647|1249|1605|1840|1956|24 Rebiulahir 1448
20261006|0527|0648|1248|1604|1839|1954|25 Rebiulahir 1448
20261007|0528|0649|1248|1602|1837|1953|26 Rebiulahir 1448
20261008|0529|0650|1248|1601|1836|1951|27 Rebiulahir 1448
20261009|0530|0651|1248|1600|1834|1950|28 Rebiulahir 1448
20261010|0531|0652|1247|1559|1833|1948|29 Rebiulahir 1448
20261011|0532|0653|1247|1558|1831|1947|30 Rebiulahir 1448
20261012|0533|0654|1247|1557|1830|1945|1 Cemaziyelevvel 1448
20261013|0534|0655|1246|1556|1828|1944|2 Cemaziyelevvel 1448
20261014|0535|0656|1246|1555|1827|1943|3 Cemaziyelevvel 1448
20261015|0536|0657|1246|1554|1825|1941|4 Cemaziyelevvel 1448
20261016|0537|0658|1246|1553|1824|1940|5 Cemaziyelevvel 1448
20261017|0538|0659|1246|1551|1822|1938|6 Cemaziyelevvel 1448
20261018|0539|0700|1245|1550|1821|1937|7 Cemaziyelevvel 1448
20261019|0539|0701|1245|1549|1820|1936|8 Cemaziyelevvel 1448
20261020|0540|0702|1245|1548|1818|1935|9 Cemaziyelevvel 1448
20261021|0541|0703|1245|1547|1817|1933|10 Cemaziyelevvel 1448
20261022|0542|0704|1245|1546|1816|1932|11 Cemaziyelevvel 1448
20261023|0543|0705|1245|1545|1814|1931|12 Cemaziyelevvel 1448
20261024|0544|0706|1244|1544|1813|1930|13 Cemaziyelevvel 1448
20261025|0545|0707|1244|1543|1812|1928|14 Cemaziyelevvel 1448
20261026|0546|0708|1244|1542|1810|1927|15 Cemaziyelevvel 1448
20261027|0547|0709|1244|1541|1809|1926|16 Cemaziyelevvel 1448
20261028|0548|0710|1244|1540|1808|1925|17 Cemaziyelevvel 1448
20261029|0549|0711|1244|1539|1807|1924|18 Cemaziyelevvel 1448
20261030|0550|0712|1244|1538|1805|1923|19 Cemaziyelevvel 1448
20261031|0551|0713|1244|1537|1804|1922|20 Cemaziyelevvel 1448
20261101|0552|0714|1244|1537|1803|1921|21 Cemaziyelevvel 1448
20261102|0553|0715|1244|1536|1802|1920|22 Cemaziyelevvel 1448
20261103|0554|0716|1244|1535|1801|1919|23 Cemaziyelevvel 1448
20261104|0555|0718|1244|1534|1800|1918|24 Cemaziyelevvel 1448
20261105|0555|0719|1244|1533|1759|1917|25 Cemaziyelevvel 1448
20261106|0556|0720|1244|1532|1758|1916|26 Cemaziyelevvel 1448
20261107|0557|0721|1244|1532|1757|1915|27 Cemaziyelevvel 1448
20261108|0558|0722|1244|1531|1756|1914|28 Cemaziyelevvel 1448
20261109|0559|0723|1244|1530|1755|1913|29 Cemaziyelevvel 1448
20261110|0600|0724|1244|1529|1754|1913|1 Cemaziyelahir 1448
20261111|0601|0725|1244|1529|1753|1912|2 Cemaziyelahir 1448
20261112|0602|0726|1244|1528|1752|1911|3 Cemaziyelahir 1448
20261113|0603|0727|1244|1527|1751|1910|4 Cemaziyelahir 1448
20261114|0604|0728|1244|1527|1751|1910|5 Cemaziyelahir 1448
20261115|0605|0730|1245|1526|1750|1909|6 Cemaziyelahir 1448
20261116|0606|0731|1245|1525|1749|1909|7 Cemaziyelahir 1448
20261117|0607|0732|1245|1525|1748|1908|8 Cemaziyelahir 1448
20261118|0608|0733|1245|1524|1748|1907|9 Cemaziyelahir 1448
20261119|0609|0734|1245|1524|1747|1907|10 Cemaziyelahir 1448
20261120|0610|0735|1246|1523|1746|1907|11 Cemaziyelahir 1448
20261121|0610|0736|1246|1523|1746|1906|12 Cemaziyelahir 1448
20261122|0611|0737|1246|1522|1745|1906|13 Cemaziyelahir 1448
20261123|0612|0738|1246|1522|1745|1905|14 Cemaziyelahir 1448
20261124|0613|0739|1247|1522|1744|1905|15 Cemaziyelahir 1448
20261125|0614|0740|1247|1521|1744|1905|16 Cemaziyelahir 1448
20261126|0615|0741|1247|1521|1743|1904|17 Cemaziyelahir 1448
20261127|0616|0742|1248|1521|1743|1904|18 Cemaziyelahir 1448
20261128|0617|0743|1248|1521|1742|1904|19 Cemaziyelahir 1448
20261129|0618|0744|1248|1520|1742|1904|20 Cemaziyelahir 1448
20261130|0618|0745|1249|1520|1742|1903|21 Cemaziyelahir 1448
20261201|0619|0746|1249|1520|1742|1903|22 Cemaziyelahir 1448
20261202|0620|0747|1249|1520|1741|1903|23 Cemaziyelahir 1448
20261203|0621|0748|1250|1520|1741|1903|24 Cemaziyelahir 1448
20261204|0622|0749|1250|1520|1741|1903|25 Cemaziyelahir 1448
20261205|0623|0750|1251|1520|1741|1903|26 Cemaziyelahir 1448
20261206|0623|0751|1251|1520|1741|1903|27 Cemaziyelahir 1448
20261207|0624|0752|1251|1520|1741|1903|28 Cemaziyelahir 1448
20261208|0625|0753|1252|1520|1741|1903|29 Cemaziyelahir 1448
20261209|0626|0754|1252|1520|1741|1903|30 Cemaziyelahir 1448
20261210|0626|0754|1253|1520|1741|1904|1 Recep 1448
20261211|0627|0755|1253|1520|1741|1904|2 Recep 1448
20261212|0628|0756|1254|1520|1741|1904|3 Recep 1448
20261213|0629|0757|1254|1521|1741|1904|4 Recep 1448
20261214|0629|0757|1255|1521|1742|1905|5 Recep 1448
20261215|0630|0758|1255|1521|1742|1905|6 Recep 1448
20261216|0630|0759|1255|1522|1742|1905|7 Recep 1448
20261217|0631|0759|1256|1522|1743|1906|8 Recep 1448
20261218|0632|0800|1256|1522|1743|1906|9 Recep 1448
20261219|0632|0801|1257|1523|1743|1906|10 Recep 1448
20261220|0633|0801|1257|1523|1744|1907|11 Recep 1448
20261221|0633|0802|1258|1524|1744|1907|12 Recep 1448
20261222|0634|0802|1258|1524|1745|1908|13 Recep 1448
20261223|0634|0803|1259|1525|1745|1908|14 Recep 1448
20261224|0635|0803|1259|1525|1746|1909|15 Recep 1448
20261225|0635|0804|1300|1526|1746|1909|16 Recep 1448
20261226|0636|0804|1300|1526|1747|1910|17 Recep 1448
20261227|0636|0804|1301|1527|1747|1911|18 Recep 1448
20261228|0636|0805|1301|1527|1748|1911|19 Recep 1448
20261229|0637|0805|1302|1528|1749|1912|20 Recep 1448
20261230|0637|0805|1302|1529|1750|1912|21 Recep 1448
20261231|0637|0805|1303|1530|1750|1913|22 Recep 1448
20270101|0638|0806|1303|1530|1751|1914|23 Recep 1448
20270102|0638|0806|1304|1531|1752|1915|24 Recep 1448
20270103|0638|0806|1304|1532|1753|1915|25 Recep 1448
20270104|0638|0806|1305|1533|1754|1916|26 Recep 1448
20270105|0638|0806|1305|1533|1754|1917|27 Recep 1448
20270106|0638|0806|1306|1534|1755|1918|28 Recep 1448
20270107|0638|0806|1306|1535|1756|1918|29 Recep 1448
20270108|0638|0806|1306|1536|1757|1919|30 Recep 1448
20270109|0638|0806|1307|1537|1758|1920|1 Şaban 1448
20270110|0638|0806|1307|1538|1759|1921|2 Şaban 1448
20270111|0638|0805|1308|1538|1800|1922|3 Şaban 1448
20270112|0638|0805|1308|1539|1801|1923|4 Şaban 1448
20270113|0638|0805|1309|1540|1802|1924|5 Şaban 1448
20270114|0638|0805|1309|1541|1803|1924|6 Şaban 1448
20270115|0638|0804|1309|1542|1804|1925|7 Şaban 1448
20270116|0638|0804|1310|1543|1805|1926|8 Şaban 1448
20270117|0637|0804|1310|1544|1806|1927|9 Şaban 1448
20270118|0637|0803|1310|1545|1807|1928|10 Şaban 1448
20270119|0637|0803|1311|1546|1808|1929|11 Şaban 1448
20270120|0637|0802|1311|1547|1809|1930|12 Şaban 1448
20270121|0636|0802|1311|1548|1811|1931|13 Şaban 1448
20270122|0636|0801|1311|1549|1812|1932|14 Şaban 1448
20270123|0635|0801|1312|1550|1813|1933|15 Şaban 1448
20270124|0635|0800|1312|1551|1814|1934|16 Şaban 1448
20270125|0634|0800|1312|1552|1815|1935|17 Şaban 1448
20270126|0634|0759|1312|1553|1816|1936|18 Şaban 1448
20270127|0633|0758|1313|1554|1817|1937|19 Şaban 1448
20270128|0633|0757|1313|1555|1818|1938|20 Şaban 1448
20270129|0632|0757|1313|1556|1820|1939|21 Şaban 1448
20270130|0632|0756|1313|1557|1821|1940|22 Şaban 1448
20270131|0631|0755|1313|1558|1822|1941|23 Şaban 1448
20270201|0630|0754|1314|1558|1823|1942|24 Şaban 1448
20270202|0629|0753|1314|1559|1824|1943|25 Şaban 1448
20270203|0629|0752|1314|1600|1825|1944|26 Şaban 1448
20270204|0628|0751|1314|1601|1826|1945|27 Şaban 1448
20270205|0627|0750|1314|1602|1828|1946|28 Şaban 1448
20270206|0626|0750|1314|1603|1829|1947|29 Şaban 1448
20270207|0625|0749|1314|1604|1830|1948|30 Şaban 1448
20270208|0625|0747|1314|1605|1831|1949|1 Ramazan 1448
20270209|0624|0746|1314|1606|1832|1950|2 Ramazan 1448
20270210|0623|0745|1314|1607|1833|1951|3 Ramazan 1448
20270211|0622|0744|1314|1608|1834|1952|4 Ramazan 1448
20270212|0621|0743|1314|1609|1836|1953|5 Ramazan 1448
20270213|0620|0742|1314|1609|1837|1954|6 Ramazan 1448
20270214|0619|0741|1314|1610|1838|1955|7 Ramazan 1448
20270215|0618|0740|1314|1611|1839|1956|8 Ramazan 1448
20270216|0616|0738|1314|1612|1840|1957|9 Ramazan 1448
20270217|0615|0737|1314|1613|1841|1958|10 Ramazan 1448
20270218|0614|0736|1314|1614|1842|1959|11 Ramazan 1448
20270219|0613|0735|1314|1614|1843|2000|12 Ramazan 1448
20270220|0612|0733|1314|1615|1844|2001|13 Ramazan 1448
20270221|0611|0732|1314|1616|1845|2002|14 Ramazan 1448
20270222|0609|0731|1314|1617|1847|2003|15 Ramazan 1448
20270223|0608|0729|1314|1618|1848|2004|16 Ramazan 1448
20270224|0607|0728|1313|1618|1849|2005|17 Ramazan 1448
20270225|0605|0727|1313|1619|1850|2006|18 Ramazan 1448
20270226|0604|0725|1313|1620|1851|2007|19 Ramazan 1448
20270227|0603|0724|1313|1620|1852|2008|20 Ramazan 1448
20270228|0601|0723|1313|1621|1853|2009|21 Ramazan 1448
20270301|0600|0721|1313|1622|1854|2010|22 Ramazan 1448
20270302|0559|0720|1312|1622|1855|2011|23 Ramazan 1448
20270303|0557|0718|1312|1623|1856|2012|24 Ramazan 1448
20270304|0556|0717|1312|1624|1857|2013|25 Ramazan 1448
20270305|0554|0715|1312|1624|1858|2014|26 Ramazan 1448
20270306|0553|0714|1312|1625|1859|2015|27 Ramazan 1448
20270307|0551|0712|1311|1626|1900|2016|28 Ramazan 1448
20270308|0550|0711|1311|1626|1901|2017|29 Ramazan 1448
20270309|0548|0709|1311|1627|1902|2018|1 Şevval 1448
20270310|0547|0708|1311|1627|1903|2019|2 Şevval 1448
20270311|0545|0706|1310|1628|1904|2020|3 Şevval 1448
20270312|0544|0705|1310|1628|1905|2021|4 Şevval 1448
20270313|0542|0703|1310|1629|1906|2022|5 Şevval 1448
20270314|0541|0702|1309|1630|1907|2023|6 Şevval 1448
20270315|0539|0700|1309|1630|1908|2024|7 Şevval 1448
20270316|0537|0659|1309|1631|1909|2025|8 Şevval 1448
20270317|0536|0657|1309|1631|1910|2026|9 Şevval 1448
20270318|0534|0656|1308|1631|1911|2027|10 Şevval 1448
20270319|0533|0654|1308|1632|1912|2028|11 Şevval 1448
20270320|0531|0653|1308|1632|1913|2029|12 Şevval 1448
20270321|0529|0651|1307|1633|1914|2031|13 Şevval 1448
20270322|0528|0650|1307|1633|1915|2032|14 Şevval 1448
20270323|0526|0648|1307|1634|1916|2033|15 Şevval 1448
20270324|0524|0646|1307|1634|1917|2034|16 Şevval 1448
20270325|0522|0645|1306|1635|1918|2035|17 Şevval 1448
20270326|0521|0643|1306|1635|1919|2036|18 Şevval 1448
20270327|0519|0642|1306|1635|1920|2037|19 Şevval 1448
20270328|0517|0640|1305|1636|1921|2038|20 Şevval 1448
20270329|0516|0639|1305|1636|1922|2039|21 Şevval 1448
20270330|0514|0637|1305|1636|1923|2040|22 Şevval 1448
20270331|0512|0636|1304|1637|1924|2041|23 Şevval 1448
20270401|0510|0634|1304|1637|1924|2043|24 Şevval 1448
20270402|0509|0632|1304|1637|1925|2044|25 Şevval 1448
20270403|0507|0631|1304|1638|1926|2045|26 Şevval 1448
20270404|0505|0629|1303|1638|1927|2046|27 Şevval 1448
20270405|0503|0628|1303|1638|1928|2047|28 Şevval 1448
20270406|0502|0626|1303|1639|1929|2048|29 Şevval 1448
20270407|0500|0625|1302|1639|1930|2049|30 Şevval 1448
20270408|0458|0623|1302|1639|1931|2051|1 Zilkade 1448
20270409|0456|0622|1302|1640|1932|2052|2 Zilkade 1448
20270410|0455|0620|1302|1640|1933|2053|3 Zilkade 1448
20270411|0453|0619|1301|1640|1934|2054|4 Zilkade 1448
20270412|0451|0617|1301|1640|1935|2055|5 Zilkade 1448
20270413|0449|0616|1301|1641|1936|2057|6 Zilkade 1448
20270414|0448|0614|1301|1641|1937|2058|7 Zilkade 1448
20270415|0446|0613|1300|1641|1938|2059|8 Zilkade 1448
20270416|0444|0612|1300|1641|1939|2100|9 Zilkade 1448
20270417|0442|0610|1300|1642|1940|2102|10 Zilkade 1448
20270418|0441|0609|1300|1642|1941|2103|11 Zilkade 1448
20270419|0439|0607|1259|1642|1942|2104|12 Zilkade 1448
20270420|0437|0606|1259|1642|1942|2105|13 Zilkade 1448
20270421|0435|0605|1259|1643|1943|2107|14 Zilkade 1448
20270422|0434|0603|1259|1643|1944|2108|15 Zilkade 1448
20270423|0432|0602|1259|1643|1945|2109|16 Zilkade 1448
20270424|0430|0601|1258|1643|1946|2110|17 Zilkade 1448
20270425|0429|0559|1258|1643|1947|2112|18 Zilkade 1448
20270426|0427|0558|1258|1644|1948|2113|19 Zilkade 1448
20270427|0425|0557|1258|1644|1949|2114|20 Zilkade 1448
20270428|0424|0555|1258|1644|1950|2116|21 Zilkade 1448
20270429|0422|0554|1258|1644|1951|2117|22 Zilkade 1448
20270430|0420|0553|1257|1644|1952|2118|23 Zilkade 1448
20270501|0419|0552|1257|1645|1953|2120|24 Zilkade 1448
20270502|0417|0551|1257|1645|1954|2121|25 Zilkade 1448
20270503|0415|0549|1257|1645|1955|2122|26 Zilkade 1448
20270504|0414|0548|1257|1645|1956|2124|27 Zilkade 1448
20270505|0412|0547|1257|1646|1957|2125|28 Zilkade 1448
20270506|0411|0546|1257|1646|1958|2126|29 Zilkade 1448
20270507|0409|0545|1257|1646|1959|2128|1 Zilhicce 1448
20270508|0408|0544|1257|1646|2000|2129|2 Zilhicce 1448
20270509|0406|0543|1257|1646|2000|2130|3 Zilhicce 1448
20270510|0405|0542|1257|1647|2001|2132|4 Zilhicce 1448
20270511|0403|0541|1257|1647|2002|2133|5 Zilhicce 1448
20270512|0402|0540|1256|1647|2003|2134|6 Zilhicce 1448
20270513|0400|0539|1256|1647|2004|2136|7 Zilhicce 1448
20270514|0359|0538|1256|1647|2005|2137|8 Zilhicce 1448
20270515|0358|0537|1256|1648|2006|2138|9 Zilhicce 1448
20270516|0356|0536|1256|1648|2007|2140|10 Zilhicce 1448
20270517|0355|0535|1257|1648|2008|2141|11 Zilhicce 1448
20270518|0354|0534|1257|1648|2009|2142|12 Zilhicce 1448
20270519|0353|0534|1257|1648|2009|2143|13 Zilhicce 1448
20270520|0351|0533|1257|1649|2010|2145|14 Zilhicce 1448
20270521|0350|0532|1257|1649|2011|2146|15 Zilhicce 1448
20270522|0349|0531|1257|1649|2012|2147|16 Zilhicce 1448
20270523|0348|0531|1257|1649|2013|2148|17 Zilhicce 1448
20270524|0347|0530|1257|1650|2014|2150|18 Zilhicce 1448
20270525|0346|0530|1257|1650|2015|2151|19 Zilhicce 1448
20270526|0345|0529|1257|1650|2015|2152|20 Zilhicce 1448
20270527|0344|0528|1257|1650|2016|2153|21 Zilhicce 1448
20270528|0343|0528|1257|1651|2017|2154|22 Zilhicce 1448
20270529|0342|0527|1257|1651|2018|2155|23 Zilhicce 1448
20270530|0341|0527|1258|1651|2018|2157|24 Zilhicce 1448
20270531|0340|0526|1258|1651|2019|2158|25 Zilhicce 1448
20270601|0339|0526|1258|1652|2020|2159|26 Zilhicce 1448
20270602|0339|0526|1258|1652|2020|2200|27 Zilhicce 1448
20270603|0338|0525|1258|1652|2021|2201|28 Zilhicce 1448
20270604|0337|0525|1258|1652|2022|2202|29 Zilhicce 1448
20270605|0337|0525|1259|1652|2022|2203|30 Zilhicce 1448
20270606|0336|0524|1259|1653|2023|2203|1 Muharrem 1449
20270607|0336|0524|1259|1653|2024|2204|2 Muharrem 1449
20270608|0335|0524|1259|1653|2024|2205|3 Muharrem 1449
20270609|0335|0524|1259|1653|2025|2206|4 Muharrem 1449
20270610|0334|0524|1259|1654|2025|2207|5 Muharrem 1449
20270611|0334|0524|1300|1654|2026|2207|6 Muharrem 1449
20270612|0334|0523|1300|1654|2026|2208|7 Muharrem 1449
20270613|0333|0523|1300|1654|2027|2209|8 Muharrem 1449
20270614|0333|0523|1300|1655|2027|2209|9 Muharrem 1449
20270615|0333|0523|1300|1655|2028|2210|10 Muharrem 1449
20270616|0333|0523|1301|1655|2028|2210|11 Muharrem 1449
20270617|0333|0523|1301|1655|2028|2211|12 Muharrem 1449
20270618|0333|0524|1301|1656|2029|2211|13 Muharrem 1449
20270619|0333|0524|1301|1656|2029|2211|14 Muharrem 1449
20270620|0333|0524|1302|1656|2029|2212|15 Muharrem 1449
20270621|0333|0524|1302|1656|2030|2212|16 Muharrem 1449
20270622|0334|0524|1302|1657|2030|2212|17 Muharrem 1449
20270623|0334|0525|1302|1657|2030|2212|18 Muharrem 1449
20270624|0334|0525|1302|1657|2030|2213|19 Muharrem 1449
20270625|0334|0525|1303|1657|2030|2213|20 Muharrem 1449
20270626|0335|0525|1303|1657|2030|2213|21 Muharrem 1449
20270627|0335|0526|1303|1658|2030|2213|22 Muharrem 1449
20270628|0336|0526|1303|1658|2030|2213|23 Muharrem 1449
20270629|0336|0527|1303|1658|2030|2212|24 Muharrem 1449
20270630|0337|0527|1304|1658|2030|2212|25 Muharrem 1449
20270701|0338|0527|1304|1658|2030|2212|26 Muharrem 1449
20270702|0338|0528|1304|1658|2030|2212|27 Muharrem 1449
20270703|0339|0528|1304|1659|2030|2212|28 Muharrem 1449
20270704|0340|0529|1304|1659|2030|2211|29 Muharrem 1449
20270705|0341|0529|1305|1659|2030|2211|1 Safer 1449
20270706|0341|0530|1305|1659|2030|2210|2 Safer 1449
20270707|0342|0531|1305|1659|2029|2210|3 Safer 1449
20270708|0343|0531|1305|1659|2029|2209|4 Safer 1449
20270709|0344|0532|1305|1659|2029|2209|5 Safer 1449
20270710|0345|0532|1305|1659|2029|2208|6 Safer 1449
20270711|0346|0533|1306|1659|2028|2207|7 Safer 1449
20270712|0347|0534|1306|1659|2028|2207|8 Safer 1449
20270713|0348|0534|1306|1659|2027|2206|9 Safer 1449
20270714|0349|0535|1306|1659|2027|2205|10 Safer 1449
20270715|0350|0536|1306|1659|2026|2204|11 Safer 1449
20270716|0351|0537|1306|1659|2026|2203|12 Safer 1449
20270717|0352|0537|1306|1659|2025|2203|13 Safer 1449
20270718|0354|0538|1306|1659|2025|2202|14 Safer 1449
20270719|0355|0539|1306|1659|2024|2201|15 Safer 1449
20270720|0356|0540|1306|1659|2023|2200|16 Safer 1449
20270721|0357|0540|1307|1659|2023|2159|17 Safer 1449
20270722|0358|0541|1307|1659|2022|2157|18 Safer 1449
20270723|0400|0542|1307|1659|2021|2156|19 Safer 1449
20270724|0401|0543|1307|1659|2021|2155|20 Safer 1449
20270725|0402|0544|1307|1659|2020|2154|21 Safer 1449
20270726|0404|0544|1307|1658|2019|2153|22 Safer 1449
20270727|0405|0545|1307|1658|2018|2151|23 Safer 1449
20270728|0406|0546|1307|1658|2017|2150|24 Safer 1449
20270729|0407|0547|1307|1658|2016|2149|25 Safer 1449
20270730|0409|0548|1307|1658|2016|2148|26 Safer 1449
20270731|0410|0549|1307|1657|2015|2146|27 Safer 1449
20270801|0411|0549|1307|1657|2014|2145|28 Safer 1449
20270802|0413|0550|1306|1657|2013|2143|29 Safer 1449
20270803|0414|0551|1306|1656|2012|2142|1 Rebiulevvel 1449
20270804|0415|0552|1306|1656|2011|2141|2 Rebiulevvel 1449
20270805|0417|0553|1306|1656|2010|2139|3 Rebiulevvel 1449
20270806|0418|0554|1306|1655|2008|2138|4 Rebiulevvel 1449
20270807|0419|0555|1306|1655|2007|2136|5 Rebiulevvel 1449
20270808|0421|0556|1306|1655|2006|2135|6 Rebiulevvel 1449
20270809|0422|0557|1306|1654|2005|2133|7 Rebiulevvel 1449
20270810|0423|0557|1306|1654|2004|2131|8 Rebiulevvel 1449
20270811|0425|0558|1305|1653|2003|2130|9 Rebiulevvel 1449
20270812|0426|0559|1305|1653|2001|2128|10 Rebiulevvel 1449
20270813|0427|0600|1305|1652|2000|2127|11 Rebiulevvel 1449
20270814|0429|0601|1305|1652|1959|2125|12 Rebiulevvel 1449
20270815|0430|0602|1305|1651|1958|2123|13 Rebiulevvel 1449
20270816|0431|0603|1305|1651|1956|2122|14 Rebiulevvel 1449
20270817|0432|0604|1304|1650|1955|2120|15 Rebiulevvel 1449
20270818|0434|0605|1304|1650|1954|2118|16 Rebiulevvel 1449
20270819|0435|0605|1304|1649|1952|2117|17 Rebiulevvel 1449
20270820|0436|0606|1304|1648|1951|2115|18 Rebiulevvel 1449
20270821|0437|0607|1303|1648|1950|2113|19 Rebiulevvel 1449
20270822|0439|0608|1303|1647|1948|2112|20 Rebiulevvel 1449
20270823|0440|0609|1303|1646|1947|2110|21 Rebiulevvel 1449
20270824|0441|0610|1303|1646|1946|2108|22 Rebiulevvel 1449
20270825|0442|0611|1302|1645|1944|2107|23 Rebiulevvel 1449
20270826|0444|0612|1302|1644|1943|2105|24 Rebiulevvel 1449
20270827|0445|0613|1302|1643|1941|2103|25 Rebiulevvel 1449
20270828|0446|0613|1302|1643|1940|2101|26 Rebiulevvel 1449
20270829|0447|0614|1301|1642|1938|2100|27 Rebiulevvel 1449
20270830|0448|0615|1301|1641|1937|2058|28 Rebiulevvel 1449
20270831|0450|0616|1301|1640|1935|2056|29 Rebiulevvel 1449
20270901|0451|0617|1300|1640|1934|2054|30 Rebiulevvel 1449
20270902|0452|0618|1300|1639|1932|2053|1 Rebiulahir 1449
20270903|0453|0619|1300|1638|1931|2051|2 Rebiulahir 1449
20270904|0454|0620|1259|1637|1929|2049|3 Rebiulahir 1449
20270905|0455|0620|1259|1636|1928|2047|4 Rebiulahir 1449
20270906|0456|0621|1259|1635|1926|2045|5 Rebiulahir 1449
20270907|0458|0622|1258|1634|1925|2044|6 Rebiulahir 1449
20270908|0459|0623|1258|1633|1923|2042|7 Rebiulahir 1449
20270909|0500|0624|1258|1632|1922|2040|8 Rebiulahir 1449
20270910|0501|0625|1257|1631|1920|2038|9 Rebiulahir 1449
20270911|0502|0626|1257|1630|1918|2037|10 Rebiulahir 1449
20270912|0503|0627|1257|1630|1917|2035|11 Rebiulahir 1449
20270913|0504|0627|1256|1629|1915|2033|12 Rebiulahir 1449
20270914|0505|0628|1256|1628|1914|2031|13 Rebiulahir 1449
20270915|0506|0629|1256|1627|1912|2030|14 Rebiulahir 1449
20270916|0507|0630|1255|1626|1910|2028|15 Rebiulahir 1449
20270917|0508|0631|1255|1624|1909|2026|16 Rebiulahir 1449
20270918|0509|0632|1255|1623|1907|2024|17 Rebiulahir 1449
20270919|0510|0633|1254|1622|1906|2023|18 Rebiulahir 1449
20270920|0511|0634|1254|1621|1904|2021|19 Rebiulahir 1449
20270921|0512|0634|1253|1620|1903|2019|20 Rebiulahir 1449
20270922|0513|0635|1253|1619|1901|2018|21 Rebiulahir 1449
20270923|0514|0636|1253|1618|1859|2016|22 Rebiulahir 1449
20270924|0515|0637|1252|1617|1858|2014|23 Rebiulahir 1449
20270925|0516|0638|1252|1616|1856|2013|24 Rebiulahir 1449
20270926|0517|0639|1252|1615|1855|2011|25 Rebiulahir 1449
20270927|0518|0640|1251|1614|1853|2009|26 Rebiulahir 1449
20270928|0519|0641|1251|1613|1851|2008|27 Rebiulahir 1449
20270929|0520|0642|1251|1612|1850|2006|28 Rebiulahir 1449
20270930|0521|0642|1250|1611|1848|2004|29 Rebiulahir 1449
20271001|0522|0643|1250|1609|1847|2003|1 Cemaziyelevvel 1449
20271002|0523|0644|1250|1608|1845|2001|2 Cemaziyelevvel 1449
20271003|0524|0645|1249|1607|1844|1959|3 Cemaziyelevvel 1449
20271004|0525|0646|1249|1606|1842|1958|4 Cemaziyelevvel 1449
20271005|0526|0647|1249|1605|1840|1956|5 Cemaziyelevvel 1449
20271006|0527|0648|1248|1604|1839|1955|6 Cemaziyelevvel 1449
20271007|0528|0649|1248|1603|1837|1953|7 Cemaziyelevvel 1449
20271008|0529|0650|1248|1602|1836|1952|8 Cemaziyelevvel 1449
20271009|0530|0651|1248|1601|1834|1950|9 Cemaziyelevvel 1449
20271010|0531|0652|1247|1559|1833|1949|10 Cemaziyelevvel 1449
20271011|0532|0653|1247|1558|1831|1947|11 Cemaziyelevvel 1449
20271012|0533|0654|1247|1557|1830|1946|12 Cemaziyelevvel 1449
20271013|0534|0655|1247|1556|1828|1944|13 Cemaziyelevvel 1449
20271014|0535|0656|1246|1555|1827|1943|14 Cemaziyelevvel 1449
20271015|0535|0657|1246|1554|1826|1942|15 Cemaziyelevvel 1449
20271016|0536|0658|1246|1553|1824|1940|16 Cemaziyelevvel 1449
20271017|0537|0659|1246|1552|1823|1939|17 Cemaziyelevvel 1449
20271018|0538|0700|1245|1551|1821|1937|18 Cemaziyelevvel 1449
20271019|0539|0701|1245|1550|1820|1936|19 Cemaziyelevvel 1449
20271020|0540|0702|1245|1549|1819|1935|20 Cemaziyelevvel 1449
20271021|0541|0703|1245|1548|1817|1934|21 Cemaziyelevvel 1449
20271022|0542|0704|1245|1546|1816|1932|22 Cemaziyelevvel 1449
20271023|0543|0705|1245|1545|1815|1931|23 Cemaziyelevvel 1449
20271024|0544|0706|1244|1544|1813|1930|24 Cemaziyelevvel 1449
20271025|0545|0707|1244|1543|1812|1929|25 Cemaziyelevvel 1449
20271026|0546|0708|1244|1542|1811|1927|26 Cemaziyelevvel 1449
20271027|0547|0709|1244|1541|1809|1926|27 Cemaziyelevvel 1449
20271028|0548|0710|1244|1541|1808|1925|28 Cemaziyelevvel 1449
20271029|0549|0711|1244|1540|1807|1924|29 Cemaziyelevvel 1449
20271030|0550|0712|1244|1539|1806|1923|30 Cemaziyelevvel 1449
20271031|0550|0713|1244|1538|1805|1922|1 Cemaziyelahir 1449
20271101|0551|0714|1244|1537|1803|1921|2 Cemaziyelahir 1449
20271102|0552|0715|1244|1536|1802|1920|3 Cemaziyelahir 1449
20271103|0553|0716|1244|1535|1801|1919|4 Cemaziyelahir 1449
20271104|0554|0717|1244|1534|1800|1918|5 Cemaziyelahir 1449
20271105|0555|0718|1244|1533|1759|1917|6 Cemaziyelahir 1449
20271106|0556|0719|1244|1533|1758|1916|7 Cemaziyelahir 1449
20271107|0557|0721|1244|1532|1757|1915|8 Cemaziyelahir 1449
20271108|0558|0722|1244|1531|1756|1914|9 Cemaziyelahir 1449
20271109|0559|0723|1244|1530|1755|1914|10 Cemaziyelahir 1449
20271110|0600|0724|1244|1529|1754|1913|11 Cemaziyelahir 1449
20271111|0601|0725|1244|1529|1753|1912|12 Cemaziyelahir 1449
20271112|0602|0726|1244|1528|1752|1911|13 Cemaziyelahir 1449
20271113|0603|0727|1244|1527|1752|1911|14 Cemaziyelahir 1449
20271114|0604|0728|1244|1527|1751|1910|15 Cemaziyelahir 1449
20271115|0605|0729|1245|1526|1750|1909|16 Cemaziyelahir 1449
20271116|0606|0730|1245|1526|1749|1909|17 Cemaziyelahir 1449
20271117|0607|0731|1245|1525|1748|1908|18 Cemaziyelahir 1449
20271118|0607|0733|1245|1524|1748|1908|19 Cemaziyelahir 1449
20271119|0608|0734|1245|1524|1747|1907|20 Cemaziyelahir 1449
20271120|0609|0735|1246|1523|1746|1907|21 Cemaziyelahir 1449
20271121|0610|0736|1246|1523|1746|1906|22 Cemaziyelahir 1449
20271122|0611|0737|1246|1523|1745|1906|23 Cemaziyelahir 1449
20271123|0612|0738|1246|1522|1745|1905|24 Cemaziyelahir 1449
20271124|0613|0739|1247|1522|1744|1905|25 Cemaziyelahir 1449
20271125|0614|0740|1247|1521|1744|1905|26 Cemaziyelahir 1449
20271126|0615|0741|1247|1521|1743|1904|27 Cemaziyelahir 1449
20271127|0616|0742|1247|1521|1743|1904|28 Cemaziyelahir 1449
20271128|0617|0743|1248|1521|1743|1904|29 Cemaziyelahir 1449
20271129|0617|0744|1248|1520|1742|1904|1 Recep 1449
20271130|0618|0745|1248|1520|1742|1904|2 Recep 1449
20271201|0619|0746|1249|1520|1742|1903|3 Recep 1449
20271202|0620|0747|1249|1520|1741|1903|4 Recep 1449
20271203|0621|0748|1250|1520|1741|1903|5 Recep 1449
20271204|0622|0749|1250|1520|1741|1903|6 Recep 1449
20271205|0622|0750|1250|1520|1741|1903|7 Recep 1449
20271206|0623|0751|1251|1520|1741|1903|8 Recep 1449
20271207|0624|0752|1251|1520|1741|1903|9 Recep 1449
20271208|0625|0752|1252|1520|1741|1903|10 Recep 1449
20271209|0626|0753|1252|1520|1741|1903|11 Recep 1449
20271210|0626|0754|1253|1520|1741|1904|12 Recep 1449
20271211|0627|0755|1253|1520|1741|1904|13 Recep 1449
20271212|0628|0756|1253|1520|1741|1904|14 Recep 1449
20271213|0628|0757|1254|1521|1741|1904|15 Recep 1449
20271214|0629|0757|1254|1521|1742|1904|16 Recep 1449
20271215|0630|0758|1255|1521|1742|1905|17 Recep 1449
20271216|0630|0759|1255|1521|1742|1905|18 Recep 1449
20271217|0631|0759|1256|1522|1742|1905|19 Recep 1449
20271218|0632|0800|1256|1522|1743|1906|20 Recep 1449
20271219|0632|0801|1257|1523|1743|1906|21 Recep 1449
20271220|0633|0801|1257|1523|1744|1907|22 Recep 1449
20271221|0633|0802|1258|1523|1744|1907|23 Recep 1449
20271222|0634|0802|1258|1524|1744|1908|24 Recep 1449
20271223|0634|0803|1259|1524|1745|1908|25 Recep 1449
20271224|0635|0803|1259|1525|1746|1909|26 Recep 1449
20271225|0635|0804|1300|1525|1746|1909|27 Recep 1449
20271226|0636|0804|1300|1526|1747|1910|28 Recep 1449
20271227|0636|0804|1301|1527|1747|1910|29 Recep 1449
20271228|0636|0805|1301|1527|1748|1911|30 Recep 1449
20271229|0637|0805|1302|1528|1749|1912|1 Şaban 1449
20271230|0637|0805|1302|1529|1749|1912|2 Şaban 1449
20271231|0637|0805|1303|1529|1750|1913|3 Şaban 1449
