# diyanet | surum=diyanet-2026-10-04.1 | il=BILECIK | yerlesim=8 | 2026-01-01..2027-12-31
#@9297|Bilecik|BILECIK|730
20260101|0645|0815|1308|1531|1752|1917|12 Recep 1447
20260102|0645|0815|1309|1531|1752|1917|13 Recep 1447
20260103|0645|0816|1309|1532|1753|1918|14 Recep 1447
20260104|0645|0816|1310|1533|1754|1919|15 Recep 1447
20260105|0645|0816|1310|1534|1755|1920|16 Recep 1447
20260106|0646|0816|1311|1535|1756|1920|17 Recep 1447
20260107|0646|0815|1311|1536|1757|1921|18 Recep 1447
20260108|0646|0815|1312|1536|1758|1922|19 Recep 1447
20260109|0646|0815|1312|1537|1759|1923|20 Recep 1447
20260110|0646|0815|1312|1538|1800|1924|21 Recep 1447
20260111|0645|0815|1313|1539|1801|1925|22 Recep 1447
20260112|0645|0815|1313|1540|1802|1926|23 Recep 1447
20260113|0645|0814|1314|1541|1803|1927|24 Recep 1447
20260114|0645|0814|1314|1542|1804|1928|25 Recep 1447
20260115|0645|0814|1314|1543|1805|1929|26 Recep 1447
20260116|0644|0813|1315|1544|1806|1929|27 Recep 1447
20260117|0644|0813|1315|1545|1807|1930|28 Recep 1447
20260118|0644|0812|1315|1546|1808|1931|29 Recep 1447
20260119|0644|0812|1316|1547|1810|1932|30 Recep 1447
20260120|0643|0811|1316|1548|1811|1933|1 Şaban 1447
20260121|0643|0811|1316|1549|1812|1934|2 Şaban 1447
20260122|0642|0810|1317|1550|1813|1935|3 Şaban 1447
20260123|0642|0809|1317|1551|1814|1936|4 Şaban 1447
20260124|0641|0809|1317|1552|1815|1937|5 Şaban 1447
20260125|0641|0808|1317|1553|1817|1938|6 Şaban 1447
20260126|0640|0807|1317|1554|1818|1939|7 Şaban 1447
20260127|0640|0807|1318|1555|1819|1941|8 Şaban 1447
20260128|0639|0806|1318|1556|1820|1942|9 Şaban 1447
20260129|0638|0805|1318|1557|1821|1943|10 Şaban 1447
20260130|0638|0804|1318|1558|1823|1944|11 Şaban 1447
20260131|0637|0803|1318|1559|1824|1945|12 Şaban 1447
20260201|0636|0802|1319|1600|1825|1946|13 Şaban 1447
20260202|0635|0801|1319|1601|1826|1947|14 Şaban 1447
20260203|0635|0800|1319|1602|1827|1948|15 Şaban 1447
20260204|0634|0759|1319|1603|1829|1949|16 Şaban 1447
20260205|0633|0758|1319|1604|1830|1950|17 Şaban 1447
20260206|0632|0757|1319|1605|1831|1951|18 Şaban 1447
20260207|0631|0756|1319|1606|1832|1952|19 Şaban 1447
20260208|0630|0755|1319|1607|1833|1953|20 Şaban 1447
20260209|0629|0754|1319|1608|1835|1954|21 Şaban 1447
20260210|0628|0753|1319|1609|1836|1955|22 Şaban 1447
20260211|0627|0752|1319|1610|1837|1956|23 Şaban 1447
20260212|0626|0750|1319|1611|1838|1957|24 Şaban 1447
20260213|0625|0749|1319|1612|1839|1959|25 Şaban 1447
20260214|0624|0748|1319|1613|1841|2000|26 Şaban 1447
20260215|0623|0747|1319|1614|1842|2001|27 Şaban 1447
20260216|0621|0745|1319|1614|1843|2002|28 Şaban 1447
20260217|0620|0744|1319|1615|1844|2003|29 Şaban 1447
20260218|0619|0743|1319|1616|1845|2004|30 Şaban 1447
20260219|0618|0741|1319|1617|1846|2005|1 Ramazan 1447
20260220|0616|0740|1319|1618|1848|2006|2 Ramazan 1447
20260221|0615|0739|1319|1619|1849|2007|3 Ramazan 1447
20260222|0614|0737|1319|1620|1850|2008|4 Ramazan 1447
20260223|0612|0736|1318|1620|1851|2009|5 Ramazan 1447
20260224|0611|0734|1318|1621|1852|2010|6 Ramazan 1447
20260225|0610|0733|1318|1622|1853|2011|7 Ramazan 1447
20260226|0608|0732|1318|1623|1854|2012|8 Ramazan 1447
20260227|0607|0730|1318|1624|1856|2014|9 Ramazan 1447
20260228|0605|0729|1318|1624|1857|2015|10 Ramazan 1447
20260301|0604|0727|1317|1625|1858|2016|11 Ramazan 1447
20260302|0603|0726|1317|1626|1859|2017|12 Ramazan 1447
20260303|0601|0724|1317|1627|1900|2018|13 Ramazan 1447
20260304|0600|0723|1317|1627|1901|2019|14 Ramazan 1447
20260305|0558|0721|1317|1628|1902|2020|15 Ramazan 1447
20260306|0556|0720|1316|1629|1903|2021|16 Ramazan 1447
20260307|0555|0718|1316|1629|1904|2022|17 Ramazan 1447
20260308|0553|0716|1316|1630|1906|2023|18 Ramazan 1447
20260309|0552|0715|1316|1631|1907|2024|19 Ramazan 1447
20260310|0550|0713|1315|1631|1908|2026|20 Ramazan 1447
20260311|0548|0712|1315|1632|1909|2027|21 Ramazan 1447
20260312|0547|0710|1315|1632|1910|2028|22 Ramazan 1447
20260313|0545|0708|1315|1633|1911|2029|23 Ramazan 1447
20260314|0543|0707|1314|1634|1912|2030|24 Ramazan 1447
20260315|0542|0705|1314|1634|1913|2031|25 Ramazan 1447
20260316|0540|0704|1314|1635|1914|2032|26 Ramazan 1447
20260317|0538|0702|1314|1635|1915|2033|27 Ramazan 1447
20260318|0537|0700|1313|1636|1916|2034|28 Ramazan 1447
20260319|0535|0659|1313|1636|1917|2036|29 Ramazan 1447
20260320|0533|0657|1313|1637|1918|2037|1 Şevval 1447
20260321|0531|0656|1312|1637|1919|2038|2 Şevval 1447
20260322|0530|0654|1312|1638|1920|2039|3 Şevval 1447
20260323|0528|0652|1312|1638|1921|2040|4 Şevval 1447
20260324|0526|0651|1311|1639|1922|2041|5 Şevval 1447
20260325|0524|0649|1311|1639|1923|2043|6 Şevval 1447
20260326|0523|0647|1311|1640|1924|2044|7 Şevval 1447
20260327|0521|0646|1311|1640|1925|2045|8 Şevval 1447
20260328|0519|0644|1310|1641|1926|2046|9 Şevval 1447
20260329|0517|0642|1310|1641|1928|2047|10 Şevval 1447
20260330|0515|0641|1310|1641|1929|2049|11 Şevval 1447
20260331|0513|0639|1309|1642|1930|2050|12 Şevval 1447
20260401|0512|0638|1309|1642|1931|2051|13 Şevval 1447
20260402|0510|0636|1309|1643|1932|2052|14 Şevval 1447
20260403|0508|0634|1308|1643|1933|2053|15 Şevval 1447
20260404|0506|0633|1308|1643|1934|2055|16 Şevval 1447
20260405|0504|0631|1308|1644|1935|2056|17 Şevval 1447
20260406|0502|0630|1308|1644|1936|2057|18 Şevval 1447
20260407|0501|0628|1307|1645|1937|2058|19 Şevval 1447
20260408|0459|0626|1307|1645|1938|2100|20 Şevval 1447
20260409|0457|0625|1307|1645|1939|2101|21 Şevval 1447
20260410|0455|0623|1307|1646|1940|2102|22 Şevval 1447
20260411|0453|0622|1306|1646|1941|2104|23 Şevval 1447
20260412|0451|0620|1306|1646|1942|2105|24 Şevval 1447
20260413|0449|0619|1306|1647|1943|2106|25 Şevval 1447
20260414|0447|0617|1305|1647|1944|2108|26 Şevval 1447
20260415|0446|0616|1305|1647|1945|2109|27 Şevval 1447
20260416|0444|0614|1305|1647|1946|2110|28 Şevval 1447
20260417|0442|0613|1305|1648|1947|2112|29 Şevval 1447
20260418|0440|0611|1305|1648|1948|2113|1 Zilkade 1447
20260419|0438|0610|1304|1648|1949|2114|2 Zilkade 1447
20260420|0436|0608|1304|1649|1950|2116|3 Zilkade 1447
20260421|0435|0607|1304|1649|1951|2117|4 Zilkade 1447
20260422|0433|0605|1304|1649|1952|2118|5 Zilkade 1447
20260423|0431|0604|1303|1650|1953|2120|6 Zilkade 1447
20260424|0429|0603|1303|1650|1954|2121|7 Zilkade 1447
20260425|0427|0601|1303|1650|1955|2123|8 Zilkade 1447
20260426|0425|0600|1303|1650|1956|2124|9 Zilkade 1447
20260427|0424|0558|1303|1651|1957|2125|10 Zilkade 1447
20260428|0422|0557|1303|1651|1958|2127|11 Zilkade 1447
20260429|0420|0556|1302|1651|1959|2128|12 Zilkade 1447
20260430|0418|0555|1302|1651|2000|2130|13 Zilkade 1447
20260501|0417|0553|1302|1652|2001|2131|14 Zilkade 1447
20260502|0415|0552|1302|1652|2002|2133|15 Zilkade 1447
20260503|0413|0551|1302|1652|2003|2134|16 Zilkade 1447
20260504|0412|0550|1302|1652|2004|2136|17 Zilkade 1447
20260505|0410|0548|1302|1653|2005|2137|18 Zilkade 1447
20260506|0408|0547|1302|1653|2006|2138|19 Zilkade 1447
20260507|0407|0546|1302|1653|2007|2140|20 Zilkade 1447
20260508|0405|0545|1302|1653|2008|2141|21 Zilkade 1447
20260509|0403|0544|1302|1654|2009|2143|22 Zilkade 1447
20260510|0402|0543|1302|1654|2010|2144|23 Zilkade 1447
20260511|0400|0542|1301|1654|2011|2146|24 Zilkade 1447
20260512|0359|0541|1301|1654|2012|2147|25 Zilkade 1447
20260513|0357|0540|1301|1655|2013|2149|26 Zilkade 1447
20260514|0356|0539|1301|1655|2014|2150|27 Zilkade 1447
20260515|0354|0538|1301|1655|2015|2151|28 Zilkade 1447
20260516|0353|0537|1301|1656|2016|2153|29 Zilkade 1447
20260517|0351|0536|1301|1656|2017|2154|30 Zilkade 1447
20260518|0350|0535|1302|1656|2018|2156|1 Zilhicce 1447
20260519|0348|0534|1302|1656|2019|2157|2 Zilhicce 1447
20260520|0347|0533|1302|1657|2020|2158|3 Zilhicce 1447
20260521|0346|0533|1302|1657|2021|2200|4 Zilhicce 1447
20260522|0344|0532|1302|1657|2022|2201|5 Zilhicce 1447
20260523|0343|0531|1302|1657|2022|2203|6 Zilhicce 1447
20260524|0342|0531|1302|1658|2023|2204|7 Zilhicce 1447
20260525|0341|0530|1302|1658|2024|2205|8 Zilhicce 1447
20260526|0340|0529|1302|1658|2025|2206|9 Zilhicce 1447
20260527|0339|0529|1302|1658|2026|2208|10 Zilhicce 1447
20260528|0338|0528|1302|1659|2027|2209|11 Zilhicce 1447
20260529|0337|0527|1302|1659|2027|2210|12 Zilhicce 1447
20260530|0336|0527|1303|1659|2028|2211|13 Zilhicce 1447
20260531|0335|0527|1303|1700|2029|2212|14 Zilhicce 1447
20260601|0334|0526|1303|1700|2030|2214|15 Zilhicce 1447
20260602|0333|0526|1303|1700|2030|2215|16 Zilhicce 1447
20260603|0332|0525|1303|1700|2031|2216|17 Zilhicce 1447
20260604|0331|0525|1303|1701|2032|2217|18 Zilhicce 1447
20260605|0331|0525|1304|1701|2032|2218|19 Zilhicce 1447
20260606|0330|0524|1304|1701|2033|2219|20 Zilhicce 1447
20260607|0330|0524|1304|1701|2034|2220|21 Zilhicce 1447
20260608|0329|0524|1304|1702|2034|2220|22 Zilhicce 1447
20260609|0329|0524|1304|1702|2035|2221|23 Zilhicce 1447
20260610|0328|0523|1304|1702|2035|2222|24 Zilhicce 1447
20260611|0328|0523|1305|1702|2036|2223|25 Zilhicce 1447
20260612|0327|0523|1305|1703|2036|2224|26 Zilhicce 1447
20260613|0327|0523|1305|1703|2037|2224|27 Zilhicce 1447
20260614|0327|0523|1305|1703|2037|2225|28 Zilhicce 1447
20260615|0327|0523|1305|1703|2038|2225|29 Zilhicce 1447
20260616|0327|0523|1306|1704|2038|2226|1 Muharrem 1448
20260617|0327|0523|1306|1704|2039|2226|2 Muharrem 1448
20260618|0327|0523|1306|1704|2039|2227|3 Muharrem 1448
20260619|0327|0524|1306|1704|2039|2227|4 Muharrem 1448
20260620|0327|0524|1307|1705|2039|2228|5 Muharrem 1448
20260621|0327|0524|1307|1705|2040|2228|6 Muharrem 1448
20260622|0327|0524|1307|1705|2040|2228|7 Muharrem 1448
20260623|0327|0524|1307|1705|2040|2228|8 Muharrem 1448
20260624|0328|0525|1307|1705|2040|2228|9 Muharrem 1448
20260625|0328|0525|1308|1706|2040|2228|10 Muharrem 1448
20260626|0329|0525|1308|1706|2040|2228|11 Muharrem 1448
20260627|0329|0526|1308|1706|2041|2228|12 Muharrem 1448
20260628|0330|0526|1308|1706|2041|2228|13 Muharrem 1448
20260629|0330|0526|1308|1706|2041|2228|14 Muharrem 1448
20260630|0331|0527|1309|1707|2040|2228|15 Muharrem 1448
20260701|0332|0527|1309|1707|2040|2227|16 Muharrem 1448
20260702|0332|0528|1309|1707|2040|2227|17 Muharrem 1448
20260703|0333|0528|1309|1707|2040|2227|18 Muharrem 1448
20260704|0334|0529|1309|1707|2040|2226|19 Muharrem 1448
20260705|0335|0530|1310|1707|2040|2226|20 Muharrem 1448
20260706|0336|0530|1310|1707|2040|2225|21 Muharrem 1448
20260707|0337|0531|1310|1707|2039|2225|22 Muharrem 1448
20260708|0338|0531|1310|1707|2039|2224|23 Muharrem 1448
20260709|0339|0532|1310|1707|2039|2223|24 Muharrem 1448
20260710|0340|0533|1310|1708|2038|2223|25 Muharrem 1448
20260711|0341|0533|1311|1708|2038|2222|26 Muharrem 1448
20260712|0342|0534|1311|1708|2037|2221|27 Muharrem 1448
20260713|0343|0535|1311|1708|2037|2220|28 Muharrem 1448
20260714|0344|0535|1311|1708|2036|2219|29 Muharrem 1448
20260715|0345|0536|1311|1708|2036|2218|1 Safer 1448
20260716|0347|0537|1311|1707|2035|2217|2 Safer 1448
20260717|0348|0538|1311|1707|2035|2216|3 Safer 1448
20260718|0349|0539|1311|1707|2034|2215|4 Safer 1448
20260719|0351|0539|1311|1707|2033|2214|5 Safer 1448
20260720|0352|0540|1311|1707|2033|2213|6 Safer 1448
20260721|0353|0541|1312|1707|2032|2212|7 Safer 1448
20260722|0355|0542|1312|1707|2031|2211|8 Safer 1448
20260723|0356|0543|1312|1707|2030|2210|9 Safer 1448
20260724|0357|0544|1312|1707|2030|2208|10 Safer 1448
20260725|0359|0545|1312|1706|2029|2207|11 Safer 1448
20260726|0400|0545|1312|1706|2028|2206|12 Safer 1448
20260727|0402|0546|1312|1706|2027|2204|13 Safer 1448
20260728|0403|0547|1312|1706|2026|2203|14 Safer 1448
20260729|0404|0548|1312|1705|2025|2201|15 Safer 1448
20260730|0406|0549|1312|1705|2024|2200|16 Safer 1448
20260731|0407|0550|1312|1705|2023|2159|17 Safer 1448
20260801|0409|0551|1311|1704|2022|2157|18 Safer 1448
20260802|0410|0552|1311|1704|2021|2155|19 Safer 1448
20260803|0412|0553|1311|1704|2020|2154|20 Safer 1448
20260804|0413|0554|1311|1703|2019|2152|21 Safer 1448
20260805|0415|0555|1311|1703|2018|2151|22 Safer 1448
20260806|0416|0556|1311|1703|2017|2149|23 Safer 1448
20260807|0417|0556|1311|1702|2015|2148|24 Safer 1448
20260808|0419|0557|1311|1702|2014|2146|25 Safer 1448
20260809|0420|0558|1311|1701|2013|2144|26 Safer 1448
20260810|0422|0559|1311|1701|2012|2143|27 Safer 1448
20260811|0423|0600|1310|1700|2010|2141|28 Safer 1448
20260812|0425|0601|1310|1700|2009|2139|29 Safer 1448
20260813|0426|0602|1310|1659|2008|2137|30 Safer 1448
20260814|0427|0603|1310|1659|2007|2136|1 Rebiulevvel 1448
20260815|0429|0604|1310|1658|2005|2134|2 Rebiulevvel 1448
20260816|0430|0605|1309|1657|2004|2132|3 Rebiulevvel 1448
20260817|0432|0606|1309|1657|2003|2130|4 Rebiulevvel 1448
20260818|0433|0607|1309|1656|2001|2129|5 Rebiulevvel 1448
20260819|0434|0608|1309|1655|2000|2127|6 Rebiulevvel 1448
20260820|0436|0609|1309|1655|1958|2125|7 Rebiulevvel 1448
20260821|0437|0610|1308|1654|1957|2123|8 Rebiulevvel 1448
20260822|0439|0611|1308|1653|1955|2121|9 Rebiulevvel 1448
20260823|0440|0612|1308|1652|1954|2120|10 Rebiulevvel 1448
20260824|0441|0613|1308|1652|1952|2118|11 Rebiulevvel 1448
20260825|0443|0614|1307|1651|1951|2116|12 Rebiulevvel 1448
20260826|0444|0615|1307|1650|1949|2114|13 Rebiulevvel 1448
20260827|0445|0616|1307|1649|1948|2112|14 Rebiulevvel 1448
20260828|0446|0617|1306|1649|1946|2110|15 Rebiulevvel 1448
20260829|0448|0618|1306|1648|1945|2109|16 Rebiulevvel 1448
20260830|0449|0618|1306|1647|1943|2107|17 Rebiulevvel 1448
20260831|0450|0619|1306|1646|1942|2105|18 Rebiulevvel 1448
20260901|0452|0620|1305|1645|1940|2103|19 Rebiulevvel 1448
20260902|0453|0621|1305|1644|1939|2101|20 Rebiulevvel 1448
20260903|0454|0622|1305|1643|1937|2059|21 Rebiulevvel 1448
20260904|0455|0623|1304|1642|1935|2057|22 Rebiulevvel 1448
20260905|0457|0624|1304|1641|1934|2056|23 Rebiulevvel 1448
20260906|0458|0625|1304|1640|1932|2054|24 Rebiulevvel 1448
20260907|0459|0626|1303|1639|1931|2052|25 Rebiulevvel 1448
20260908|0500|0627|1303|1638|1929|2050|26 Rebiulevvel 1448
20260909|0501|0628|1303|1637|1927|2048|27 Rebiulevvel 1448
20260910|0503|0629|1302|1636|1926|2046|28 Rebiulevvel 1448
20260911|0504|0630|1302|1635|1924|2044|29 Rebiulevvel 1448
20260912|0505|0631|1302|1634|1922|2043|1 Rebiulahir 1448
20260913|0506|0632|1301|1633|1921|2041|2 Rebiulahir 1448
20260914|0507|0633|1301|1632|1919|2039|3 Rebiulahir 1448
20260915|0508|0634|1300|1631|1917|2037|4 Rebiulahir 1448
20260916|0510|0635|1300|1630|1916|2035|5 Rebiulahir 1448
20260917|0511|0636|1300|1629|1914|2033|6 Rebiulahir 1448
20260918|0512|0636|1259|1628|1912|2032|7 Rebiulahir 1448
20260919|0513|0637|1259|1627|1911|2030|8 Rebiulahir 1448
20260920|0514|0638|1259|1626|1909|2028|9 Rebiulahir 1448
20260921|0515|0639|1258|1625|1907|2026|10 Rebiulahir 1448
20260922|0516|0640|1258|1623|1906|2024|11 Rebiulahir 1448
20260923|0517|0641|1258|1622|1904|2023|12 Rebiulahir 1448
20260924|0518|0642|1257|1621|1902|2021|13 Rebiulahir 1448
20260925|0519|0643|1257|1620|1901|2019|14 Rebiulahir 1448
20260926|0520|0644|1257|1619|1859|2017|15 Rebiulahir 1448
20260927|0522|0645|1256|1618|1857|2016|16 Rebiulahir 1448
20260928|0523|0646|1256|1617|1856|2014|17 Rebiulahir 1448
20260929|0524|0647|1256|1615|1854|2012|18 Rebiulahir 1448
20260930|0525|0648|1255|1614|1852|2010|19 Rebiulahir 1448
20261001|0526|0649|1255|1613|1851|2009|20 Rebiulahir 1448
20261002|0527|0650|1255|1612|1849|2007|21 Rebiulahir 1448
20261003|0528|0651|1254|1611|1848|2005|22 Rebiulahir 1448
20261004|0529|0652|1254|1609|1846|2004|23 Rebiulahir 1448
20261005|0530|0653|1254|1608|1844|2002|24 Rebiulahir 1448
20261006|0531|0654|1253|1607|1843|2000|25 Rebiulahir 1448
20261007|0532|0655|1253|1606|1841|1959|26 Rebiulahir 1448
20261008|0533|0656|1253|1605|1839|1957|27 Rebiulahir 1448
20261009|0534|0657|1252|1604|1838|1956|28 Rebiulahir 1448
20261010|0535|0658|1252|1602|1836|1954|29 Rebiulahir 1448
20261011|0536|0659|1252|1601|1835|1953|30 Rebiulahir 1448
20261012|0537|0700|1252|1600|1833|1951|1 Cemaziyelevvel 1448
20261013|0538|0701|1251|1559|1832|1950|2 Cemaziyelevvel 1448
20261014|0539|0702|1251|1558|1830|1948|3 Cemaziyelevvel 1448
20261015|0540|0703|1251|1557|1829|1947|4 Cemaziyelevvel 1448
20261016|0541|0704|1251|1555|1827|1945|5 Cemaziyelevvel 1448
20261017|0542|0705|1251|1554|1826|1944|6 Cemaziyelevvel 1448
20261018|0543|0706|1250|1553|1824|1942|7 Cemaziyelevvel 1448
20261019|0544|0708|1250|1552|1823|1941|8 Cemaziyelevvel 1448
20261020|0545|0709|1250|1551|1821|1940|9 Cemaziyelevvel 1448
20261021|0546|0710|1250|1550|1820|1938|10 Cemaziyelevvel 1448
20261022|0547|0711|1250|1549|1818|1937|11 Cemaziyelevvel 1448
20261023|0548|0712|1249|1548|1817|1936|12 Cemaziyelevvel 1448
20261024|0549|0713|1249|1547|1816|1934|13 Cemaziyelevvel 1448
20261025|0550|0714|1249|1546|1814|1933|14 Cemaziyelevvel 1448
20261026|0551|0715|1249|1545|1813|1932|15 Cemaziyelevvel 1448
20261027|0552|0716|1249|1543|1812|1931|16 Cemaziyelevvel 1448
20261028|0553|0717|1249|1542|1810|1929|17 Cemaziyelevvel 1448
20261029|0554|0719|1249|1541|1809|1928|18 Cemaziyelevvel 1448
20261030|0555|0720|1249|1540|1808|1927|19 Cemaziyelevvel 1448
20261031|0556|0721|1249|1539|1807|1926|20 Cemaziyelevvel 1448
20261101|0557|0722|1249|1539|1805|1925|21 Cemaziyelevvel 1448
20261102|0558|0723|1249|1538|1804|1924|22 Cemaziyelevvel 1448
20261103|0559|0724|1249|1537|1803|1923|23 Cemaziyelevvel 1448
20261104|0600|0725|1249|1536|1802|1922|24 Cemaziyelevvel 1448
20261105|0601|0727|1249|1535|1801|1921|25 Cemaziyelevvel 1448
20261106|0602|0728|1249|1534|1800|1920|26 Cemaziyelevvel 1448
20261107|0603|0729|1249|1533|1759|1919|27 Cemaziyelevvel 1448
20261108|0604|0730|1249|1532|1758|1918|28 Cemaziyelevvel 1448
20261109|0605|0731|1249|1532|1757|1917|29 Cemaziyelevvel 1448
20261110|0606|0732|1249|1531|1756|1916|1 Cemaziyelahir 1448
20261111|0607|0733|1249|1530|1755|1916|2 Cemaziyelahir 1448
20261112|0608|0735|1249|1529|1754|1915|3 Cemaziyelahir 1448
20261113|0609|0736|1249|1529|1753|1914|4 Cemaziyelahir 1448
20261114|0610|0737|1249|1528|1752|1913|5 Cemaziyelahir 1448
20261115|0611|0738|1250|1527|1751|1913|6 Cemaziyelahir 1448
20261116|0612|0739|1250|1527|1750|1912|7 Cemaziyelahir 1448
20261117|0613|0740|1250|1526|1750|1911|8 Cemaziyelahir 1448
20261118|0614|0742|1250|1525|1749|1911|9 Cemaziyelahir 1448
20261119|0615|0743|1250|1525|1748|1910|10 Cemaziyelahir 1448
20261120|0616|0744|1251|1524|1747|1910|11 Cemaziyelahir 1448
20261121|0617|0745|1251|1524|1747|1909|12 Cemaziyelahir 1448
20261122|0618|0746|1251|1523|1746|1909|13 Cemaziyelahir 1448
20261123|0619|0747|1251|1523|1746|1908|14 Cemaziyelahir 1448
20261124|0620|0748|1252|1523|1745|1908|15 Cemaziyelahir 1448
20261125|0621|0749|1252|1522|1744|1908|16 Cemaziyelahir 1448
20261126|0622|0750|1252|1522|1744|1907|17 Cemaziyelahir 1448
20261127|0623|0752|1253|1521|1744|1907|18 Cemaziyelahir 1448
20261128|0624|0753|1253|1521|1743|1907|19 Cemaziyelahir 1448
20261129|0625|0754|1253|1521|1743|1906|20 Cemaziyelahir 1448
20261130|0625|0755|1254|1521|1742|1906|21 Cemaziyelahir 1448
20261201|0626|0756|1254|1521|1742|1906|22 Cemaziyelahir 1448
20261202|0627|0757|1254|1520|1742|1906|23 Cemaziyelahir 1448
20261203|0628|0758|1255|1520|1742|1906|24 Cemaziyelahir 1448
20261204|0629|0759|1255|1520|1742|1906|25 Cemaziyelahir 1448
20261205|0630|0800|1255|1520|1741|1906|26 Cemaziyelahir 1448
20261206|0631|0801|1256|1520|1741|1906|27 Cemaziyelahir 1448
20261207|0631|0801|1256|1520|1741|1906|28 Cemaziyelahir 1448
20261208|0632|0802|1257|1520|1741|1906|29 Cemaziyelahir 1448
20261209|0633|0803|1257|1520|1741|1906|30 Cemaziyelahir 1448
20261210|0634|0804|1258|1520|1741|1906|1 Recep 1448
20261211|0634|0805|1258|1520|1741|1906|2 Recep 1448
20261212|0635|0806|1259|1521|1741|1907|3 Recep 1448
20261213|0636|0806|1259|1521|1742|1907|4 Recep 1448
20261214|0637|0807|1259|1521|1742|1907|5 Recep 1448
20261215|0637|0808|1300|1521|1742|1907|6 Recep 1448
20261216|0638|0809|1300|1522|1742|1908|7 Recep 1448
20261217|0638|0809|1301|1522|1743|1908|8 Recep 1448
20261218|0639|0810|1301|1522|1743|1908|9 Recep 1448
20261219|0640|0810|1302|1523|1743|1909|10 Recep 1448
20261220|0640|0811|1302|1523|1744|1909|11 Recep 1448
20261221|0641|0812|1303|1524|1744|1910|12 Recep 1448
20261222|0641|0812|1303|1524|1745|1910|13 Recep 1448
20261223|0642|0813|1304|1525|1745|1911|14 Recep 1448
20261224|0642|0813|1304|1525|1746|1911|15 Recep 1448
20261225|0643|0813|1305|1526|1746|1912|16 Recep 1448
20261226|0643|0814|1305|1526|1747|1912|17 Recep 1448
20261227|0643|0814|1306|1527|1748|1913|18 Recep 1448
20261228|0644|0814|1306|1528|1748|1914|19 Recep 1448
20261229|0644|0815|1307|1528|1749|1914|20 Recep 1448
20261230|0644|0815|1307|1529|1750|1915|21 Recep 1448
20261231|0645|0815|1308|1530|1751|1916|22 Recep 1448
20270101|0645|0815|1308|1531|1751|1916|23 Recep 1448
20270102|0645|0815|1309|1531|1752|1917|24 Recep 1448
20270103|0645|0816|1309|1532|1753|1918|25 Recep 1448
20270104|0645|0816|1310|1533|1754|1919|26 Recep 1448
20270105|0645|0816|1310|1534|1755|1919|27 Recep 1448
20270106|0646|0816|1311|1535|1756|1920|28 Recep 1448
20270107|0646|0816|1311|1535|1757|1921|29 Recep 1448
20270108|0646|0815|1311|1536|1758|1922|30 Recep 1448
20270109|0646|0815|1312|1537|1759|1923|1 Şaban 1448
20270110|0646|0815|1312|1538|1800|1924|2 Şaban 1448
20270111|0645|0815|1313|1539|1801|1925|3 Şaban 1448
20270112|0645|0815|1313|1540|1802|1926|4 Şaban 1448
20270113|0645|0814|1313|1541|1803|1926|5 Şaban 1448
20270114|0645|0814|1314|1542|1804|1927|6 Şaban 1448
20270115|0645|0814|1314|1543|1805|1928|7 Şaban 1448
20270116|0645|0813|1315|1544|1806|1929|8 Şaban 1448
20270117|0644|0813|1315|1545|1807|1930|9 Şaban 1448
20270118|0644|0812|1315|1546|1808|1931|10 Şaban 1448
20270119|0644|0812|1316|1547|1809|1932|11 Şaban 1448
20270120|0643|0811|1316|1548|1810|1933|12 Şaban 1448
20270121|0643|0811|1316|1549|1812|1934|13 Şaban 1448
20270122|0642|0810|1316|1550|1813|1935|14 Şaban 1448
20270123|0642|0810|1317|1551|1814|1936|15 Şaban 1448
20270124|0641|0809|1317|1552|1815|1937|16 Şaban 1448
20270125|0641|0808|1317|1553|1816|1938|17 Şaban 1448
20270126|0640|0807|1317|1554|1817|1939|18 Şaban 1448
20270127|0640|0807|1318|1555|1819|1940|19 Şaban 1448
20270128|0639|0806|1318|1556|1820|1941|20 Şaban 1448
20270129|0638|0805|1318|1557|1821|1942|21 Şaban 1448
20270130|0638|0804|1318|1558|1822|1943|22 Şaban 1448
20270131|0637|0803|1318|1559|1823|1944|23 Şaban 1448
20270201|0636|0802|1319|1600|1825|1945|24 Şaban 1448
20270202|0636|0802|1319|1601|1826|1947|25 Şaban 1448
20270203|0635|0801|1319|1602|1827|1948|26 Şaban 1448
20270204|0634|0800|1319|1603|1828|1949|27 Şaban 1448
20270205|0633|0759|1319|1604|1829|1950|28 Şaban 1448
20270206|0632|0757|1319|1605|1831|1951|29 Şaban 1448
20270207|0631|0756|1319|1606|1832|1952|30 Şaban 1448
20270208|0630|0755|1319|1607|1833|1953|1 Ramazan 1448
20270209|0629|0754|1319|1608|1834|1954|2 Ramazan 1448
20270210|0628|0753|1319|1609|1836|1955|3 Ramazan 1448
20270211|0627|0752|1319|1610|1837|1956|4 Ramazan 1448
20270212|0626|0751|1319|1611|1838|1957|5 Ramazan 1448
20270213|0625|0749|1319|1612|1839|1958|6 Ramazan 1448
20270214|0624|0748|1319|1612|1840|1959|7 Ramazan 1448
20270215|0623|0747|1319|1613|1841|2000|8 Ramazan 1448
20270216|0622|0746|1319|1614|1843|2001|9 Ramazan 1448
20270217|0620|0744|1319|1615|1844|2003|10 Ramazan 1448
20270218|0619|0743|1319|1616|1845|2004|11 Ramazan 1448
20270219|0618|0742|1319|1617|1846|2005|12 Ramazan 1448
20270220|0617|0740|1319|1618|1847|2006|13 Ramazan 1448
20270221|0615|0739|1319|1619|1848|2007|14 Ramazan 1448
20270222|0614|0738|1319|1619|1850|2008|15 Ramazan 1448
20270223|0613|0736|1318|1620|1851|2009|16 Ramazan 1448
20270224|0611|0735|1318|1621|1852|2010|17 Ramazan 1448
20270225|0610|0733|1318|1622|1853|2011|18 Ramazan 1448
20270226|0609|0732|1318|1623|1854|2012|19 Ramazan 1448
20270227|0607|0730|1318|1623|1855|2013|20 Ramazan 1448
20270228|0606|0729|1318|1624|1856|2014|21 Ramazan 1448
20270301|0604|0727|1318|1625|1858|2015|22 Ramazan 1448
20270302|0603|0726|1317|1626|1859|2017|23 Ramazan 1448
20270303|0601|0724|1317|1626|1900|2018|24 Ramazan 1448
20270304|0600|0723|1317|1627|1901|2019|25 Ramazan 1448
20270305|0558|0721|1317|1628|1902|2020|26 Ramazan 1448
20270306|0557|0720|1316|1628|1903|2021|27 Ramazan 1448
20270307|0555|0718|1316|1629|1904|2022|28 Ramazan 1448
20270308|0554|0717|1316|1630|1905|2023|29 Ramazan 1448
20270309|0552|0715|1316|1630|1906|2024|1 Şevval 1448
20270310|0550|0714|1316|1631|1907|2025|2 Şevval 1448
20270311|0549|0712|1315|1632|1909|2026|3 Şevval 1448
20270312|0547|0710|1315|1632|1910|2027|4 Şevval 1448
20270313|0546|0709|1315|1633|1911|2029|5 Şevval 1448
20270314|0544|0707|1314|1633|1912|2030|6 Şevval 1448
20270315|0542|0706|1314|1634|1913|2031|7 Şevval 1448
20270316|0541|0704|1314|1635|1914|2032|8 Şevval 1448
20270317|0539|0702|1314|1635|1915|2033|9 Şevval 1448
20270318|0537|0701|1313|1636|1916|2034|10 Şevval 1448
20270319|0535|0659|1313|1636|1917|2035|11 Şevval 1448
20270320|0534|0658|1313|1637|1918|2036|12 Şevval 1448
20270321|0532|0656|1312|1637|1919|2038|13 Şevval 1448
20270322|0530|0654|1312|1638|1920|2039|14 Şevval 1448
20270323|0528|0653|1312|1638|1921|2040|15 Şevval 1448
20270324|0527|0651|1312|1639|1922|2041|16 Şevval 1448
20270325|0525|0649|1311|1639|1923|2042|17 Şevval 1448
20270326|0523|0648|1311|1640|1924|2043|18 Şevval 1448
20270327|0521|0646|1311|1640|1925|2045|19 Şevval 1448
20270328|0519|0644|1310|1641|1926|2046|20 Şevval 1448
20270329|0518|0643|1310|1641|1927|2047|21 Şevval 1448
20270330|0516|0641|1310|1641|1928|2048|22 Şevval 1448
20270331|0514|0640|1309|1642|1929|2049|23 Şevval 1448
20270401|0512|0638|1309|1642|1930|2051|24 Şevval 1448
20270402|0510|0636|1309|1643|1931|2052|25 Şevval 1448
20270403|0508|0635|1309|1643|1932|2053|26 Şevval 1448
20270404|0507|0633|1308|1643|1933|2054|27 Şevval 1448
20270405|0505|0632|1308|1644|1934|2056|28 Şevval 1448
20270406|0503|0630|1308|1644|1935|2057|29 Şevval 1448
20270407|0501|0628|1307|1644|1936|2058|30 Şevval 1448
20270408|0459|0627|1307|1645|1937|2059|1 Zilkade 1448
20270409|0457|0625|1307|1645|1938|2101|2 Zilkade 1448
20270410|0455|0624|1307|1645|1940|2102|3 Zilkade 1448
20270411|0454|0622|1306|1646|1941|2103|4 Zilkade 1448
20270412|0452|0621|1306|1646|1942|2105|5 Zilkade 1448
20270413|0450|0619|1306|1646|1943|2106|6 Zilkade 1448
20270414|0448|0618|1306|1647|1944|2107|7 Zilkade 1448
20270415|0446|0616|1305|1647|1945|2109|8 Zilkade 1448
20270416|0444|0614|1305|1647|1946|2110|9 Zilkade 1448
20270417|0442|0613|1305|1648|1947|2111|10 Zilkade 1448
20270418|0441|0612|1305|1648|1948|2113|11 Zilkade 1448
20270419|0439|0610|1304|1648|1949|2114|12 Zilkade 1448
20270420|0437|0609|1304|1649|1950|2115|13 Zilkade 1448
20270421|0435|0607|1304|1649|1951|2117|14 Zilkade 1448
20270422|0433|0606|1304|1649|1952|2118|15 Zilkade 1448
20270423|0431|0604|1304|1649|1953|2119|16 Zilkade 1448
20270424|0430|0603|1303|1650|1954|2121|17 Zilkade 1448
20270425|0428|0602|1303|1650|1955|2122|18 Zilkade 1448
20270426|0426|0600|1303|1650|1956|2124|19 Zilkade 1448
20270427|0424|0559|1303|1651|1957|2125|20 Zilkade 1448
20270428|0422|0557|1303|1651|1958|2127|21 Zilkade 1448
20270429|0421|0556|1303|1651|1959|2128|22 Zilkade 1448
20270430|0419|0555|1302|1651|2000|2129|23 Zilkade 1448
20270501|0417|0554|1302|1652|2001|2131|24 Zilkade 1448
20270502|0415|0552|1302|1652|2002|2132|25 Zilkade 1448
20270503|0414|0551|1302|1652|2003|2134|26 Zilkade 1448
20270504|0412|0550|1302|1652|2004|2135|27 Zilkade 1448
20270505|0410|0549|1302|1653|2005|2137|28 Zilkade 1448
20270506|0409|0548|1302|1653|2006|2138|29 Zilkade 1448
20270507|0407|0546|1302|1653|2007|2140|1 Zilhicce 1448
20270508|0405|0545|1302|1653|2008|2141|2 Zilhicce 1448
20270509|0404|0544|1302|1654|2009|2142|3 Zilhicce 1448
20270510|0402|0543|1302|1654|2010|2144|4 Zilhicce 1448
20270511|0400|0542|1301|1654|2011|2145|5 Zilhicce 1448
20270512|0359|0541|1301|1654|2012|2147|6 Zilhicce 1448
20270513|0357|0540|1301|1655|2013|2148|7 Zilhicce 1448
20270514|0356|0539|1301|1655|2014|2150|8 Zilhicce 1448
20270515|0354|0538|1301|1655|2015|2151|9 Zilhicce 1448
20270516|0353|0537|1301|1655|2016|2153|10 Zilhicce 1448
20270517|0352|0536|1301|1656|2017|2154|11 Zilhicce 1448
20270518|0350|0535|1301|1656|2018|2155|12 Zilhicce 1448
20270519|0349|0534|1302|1656|2019|2157|13 Zilhicce 1448
20270520|0347|0534|1302|1657|2020|2158|14 Zilhicce 1448
20270521|0346|0533|1302|1657|2020|2200|15 Zilhicce 1448
20270522|0345|0532|1302|1657|2021|2201|16 Zilhicce 1448
20270523|0344|0531|1302|1657|2022|2202|17 Zilhicce 1448
20270524|0342|0531|1302|1658|2023|2204|18 Zilhicce 1448
20270525|0341|0530|1302|1658|2024|2205|19 Zilhicce 1448
20270526|0340|0529|1302|1658|2025|2206|20 Zilhicce 1448
20270527|0339|0529|1302|1658|2026|2207|21 Zilhicce 1448
20270528|0338|0528|1302|1659|2026|2209|22 Zilhicce 1448
20270529|0337|0528|1302|1659|2027|2210|23 Zilhicce 1448
20270530|0336|0527|1303|1659|2028|2211|24 Zilhicce 1448
20270531|0335|0527|1303|1659|2029|2212|25 Zilhicce 1448
20270601|0334|0526|1303|1700|2030|2213|26 Zilhicce 1448
20270602|0333|0526|1303|1700|2030|2214|27 Zilhicce 1448
20270603|0332|0525|1303|1700|2031|2215|28 Zilhicce 1448
20270604|0332|0525|1303|1701|2032|2216|29 Zilhicce 1448
20270605|0331|0525|1303|1701|2032|2217|30 Zilhicce 1448
20270606|0330|0524|1304|1701|2033|2218|1 Muharrem 1449
20270607|0330|0524|1304|1701|2034|2219|2 Muharrem 1449
20270608|0329|0524|1304|1702|2034|2220|3 Muharrem 1449
20270609|0329|0524|1304|1702|2035|2221|4 Muharrem 1449
20270610|0328|0524|1304|1702|2035|2222|5 Muharrem 1449
20270611|0328|0523|1305|1702|2036|2223|6 Muharrem 1449
20270612|0327|0523|1305|1703|2036|2223|7 Muharrem 1449
20270613|0327|0523|1305|1703|2037|2224|8 Muharrem 1449
20270614|0327|0523|1305|1703|2037|2225|9 Muharrem 1449
20270615|0327|0523|1305|1703|2038|2225|10 Muharrem 1449
20270616|0327|0523|1306|1704|2038|2226|11 Muharrem 1449
20270617|0327|0523|1306|1704|2038|2226|12 Muharrem 1449
20270618|0327|0523|1306|1704|2039|2227|13 Muharrem 1449
20270619|0327|0524|1306|1704|2039|2227|14 Muharrem 1449
20270620|0327|0524|1307|1705|2039|2227|15 Muharrem 1449
20270621|0327|0524|1307|1705|2040|2228|16 Muharrem 1449
20270622|0327|0524|1307|1705|2040|2228|17 Muharrem 1449
20270623|0327|0524|1307|1705|2040|2228|18 Muharrem 1449
20270624|0328|0525|1307|1705|2040|2228|19 Muharrem 1449
20270625|0328|0525|1308|1706|2040|2228|20 Muharrem 1449
20270626|0328|0525|1308|1706|2040|2228|21 Muharrem 1449
20270627|0329|0526|1308|1706|2041|2228|22 Muharrem 1449
20270628|0329|0526|1308|1706|2041|2228|23 Muharrem 1449
20270629|0330|0526|1308|1706|2041|2228|24 Muharrem 1449
20270630|0331|0527|1309|1707|2041|2228|25 Muharrem 1449
20270701|0331|0527|1309|1707|2040|2228|26 Muharrem 1449
20270702|0332|0528|1309|1707|2040|2227|27 Muharrem 1449
20270703|0333|0528|1309|1707|2040|2227|28 Muharrem 1449
20270704|0334|0529|1309|1707|2040|2226|29 Muharrem 1449
20270705|0335|0529|1310|1707|2040|2226|1 Safer 1449
20270706|0335|0530|1310|1707|2040|2225|2 Safer 1449
20270707|0336|0531|1310|1707|2039|2225|3 Safer 1449
20270708|0337|0531|1310|1707|2039|2224|4 Safer 1449
20270709|0338|0532|1310|1707|2039|2224|5 Safer 1449
20270710|0339|0532|1310|1708|2038|2223|6 Safer 1449
20270711|0341|0533|1311|1708|2038|2222|7 Safer 1449
20270712|0342|0534|1311|1708|2038|2221|8 Safer 1449
20270713|0343|0535|1311|1708|2037|2221|9 Safer 1449
20270714|0344|0535|1311|1708|2037|2220|10 Safer 1449
20270715|0345|0536|1311|1708|2036|2219|11 Safer 1449
20270716|0346|0537|1311|1708|2035|2218|12 Safer 1449
20270717|0348|0538|1311|1707|2035|2217|13 Safer 1449
20270718|0349|0538|1311|1707|2034|2216|14 Safer 1449
20270719|0350|0539|1311|1707|2034|2215|15 Safer 1449
20270720|0352|0540|1311|1707|2033|2213|16 Safer 1449
20270721|0353|0541|1311|1707|2032|2212|17 Safer 1449
20270722|0354|0542|1312|1707|2031|2211|18 Safer 1449
20270723|0356|0543|1312|1707|2031|2210|19 Safer 1449
20270724|0357|0543|1312|1707|2030|2209|20 Safer 1449
20270725|0358|0544|1312|1706|2029|2207|21 Safer 1449
20270726|0400|0545|1312|1706|2028|2206|22 Safer 1449
20270727|0401|0546|1312|1706|2027|2205|23 Safer 1449
20270728|0403|0547|1312|1706|2026|2203|24 Safer 1449
20270729|0404|0548|1312|1705|2025|2202|25 Safer 1449
20270730|0405|0549|1312|1705|2024|2200|26 Safer 1449
20270731|0407|0550|1312|1705|2023|2159|27 Safer 1449
20270801|0408|0551|1311|1705|2022|2157|28 Safer 1449
20270802|0410|0552|1311|1704|2021|2156|29 Safer 1449
20270803|0411|0552|1311|1704|2020|2154|1 Rebiulevvel 1449
20270804|0413|0553|1311|1703|2019|2153|2 Rebiulevvel 1449
20270805|0414|0554|1311|1703|2018|2151|3 Rebiulevvel 1449
20270806|0416|0555|1311|1703|2017|2150|4 Rebiulevvel 1449
20270807|0417|0556|1311|1702|2016|2148|5 Rebiulevvel 1449
20270808|0419|0557|1311|1702|2015|2146|6 Rebiulevvel 1449
20270809|0420|0558|1311|1701|2013|2145|7 Rebiulevvel 1449
20270810|0421|0559|1311|1701|2012|2143|8 Rebiulevvel 1449
20270811|0423|0600|1310|1700|2011|2141|9 Rebiulevvel 1449
20270812|0424|0601|1310|1700|2010|2140|10 Rebiulevvel 1449
20270813|0426|0602|1310|1659|2008|2138|11 Rebiulevvel 1449
20270814|0427|0603|1310|1659|2007|2136|12 Rebiulevvel 1449
20270815|0429|0604|1310|1658|2006|2134|13 Rebiulevvel 1449
20270816|0430|0605|1310|1657|2004|2133|14 Rebiulevvel 1449
20270817|0431|0606|1309|1657|2003|2131|15 Rebiulevvel 1449
20270818|0433|0607|1309|1656|2001|2129|16 Rebiulevvel 1449
20270819|0434|0608|1309|1656|2000|2127|17 Rebiulevvel 1449
20270820|0435|0609|1309|1655|1959|2126|18 Rebiulevvel 1449
20270821|0437|0610|1308|1654|1957|2124|19 Rebiulevvel 1449
20270822|0438|0611|1308|1653|1956|2122|20 Rebiulevvel 1449
20270823|0440|0612|1308|1653|1954|2120|21 Rebiulevvel 1449
20270824|0441|0613|1308|1652|1953|2118|22 Rebiulevvel 1449
20270825|0442|0613|1307|1651|1951|2116|23 Rebiulevvel 1449
20270826|0444|0614|1307|1650|1950|2115|24 Rebiulevvel 1449
20270827|0445|0615|1307|1650|1948|2113|25 Rebiulevvel 1449
20270828|0446|0616|1307|1649|1947|2111|26 Rebiulevvel 1449
20270829|0447|0617|1306|1648|1945|2109|27 Rebiulevvel 1449
20270830|0449|0618|1306|1647|1944|2107|28 Rebiulevvel 1449
20270831|0450|0619|1306|1646|1942|2105|29 Rebiulevvel 1449
20270901|0451|0620|1305|1645|1941|2103|30 Rebiulevvel 1449
20270902|0453|0621|1305|1644|1939|2102|1 Rebiulahir 1449
20270903|0454|0622|1305|1643|1937|2100|2 Rebiulahir 1449
20270904|0455|0623|1304|1643|1936|2058|3 Rebiulahir 1449
20270905|0456|0624|1304|1642|1934|2056|4 Rebiulahir 1449
20270906|0458|0625|1304|1641|1933|2054|5 Rebiulahir 1449
20270907|0459|0626|1303|1640|1931|2052|6 Rebiulahir 1449
20270908|0500|0627|1303|1639|1929|2050|7 Rebiulahir 1449
20270909|0501|0628|1303|1638|1928|2049|8 Rebiulahir 1449
20270910|0502|0629|1302|1637|1926|2047|9 Rebiulahir 1449
20270911|0503|0630|1302|1636|1924|2045|10 Rebiulahir 1449
20270912|0505|0631|1302|1635|1923|2043|11 Rebiulahir 1449
20270913|0506|0632|1301|1634|1921|2041|12 Rebiulahir 1449
20270914|0507|0632|1301|1632|1919|2039|13 Rebiulahir 1449
20270915|0508|0633|1301|1631|1918|2037|14 Rebiulahir 1449
20270916|0509|0634|1300|1630|1916|2036|15 Rebiulahir 1449
20270917|0510|0635|1300|1629|1914|2034|16 Rebiulahir 1449
20270918|0511|0636|1259|1628|1913|2032|17 Rebiulahir 1449
20270919|0513|0637|1259|1627|1911|2030|18 Rebiulahir 1449
20270920|0514|0638|1259|1626|1909|2028|19 Rebiulahir 1449
20270921|0515|0639|1258|1625|1908|2027|20 Rebiulahir 1449
20270922|0516|0640|1258|1624|1906|2025|21 Rebiulahir 1449
20270923|0517|0641|1258|1623|1904|2023|22 Rebiulahir 1449
20270924|0518|0642|1257|1621|1903|2021|23 Rebiulahir 1449
20270925|0519|0643|1257|1620|1901|2019|24 Rebiulahir 1449
20270926|0520|0644|1257|1619|1859|2018|25 Rebiulahir 1449
20270927|0521|0645|1256|1618|1858|2016|26 Rebiulahir 1449
20270928|0522|0646|1256|1617|1856|2014|27 Rebiulahir 1449
20270929|0523|0647|1256|1616|1854|2013|28 Rebiulahir 1449
20270930|0524|0648|1255|1614|1853|2011|29 Rebiulahir 1449
20271001|0525|0649|1255|1613|1851|2009|1 Cemaziyelevvel 1449
20271002|0527|0650|1255|1612|1850|2007|2 Cemaziyelevvel 1449
20271003|0528|0651|1254|1611|1848|2006|3 Cemaziyelevvel 1449
20271004|0529|0652|1254|1610|1846|2004|4 Cemaziyelevvel 1449
20271005|0530|0653|1254|1609|1845|2002|5 Cemaziyelevvel 1449
20271006|0531|0654|1253|1607|1843|2001|6 Cemaziyelevvel 1449
20271007|0532|0655|1253|1606|1841|1959|7 Cemaziyelevvel 1449
20271008|0533|0656|1253|1605|1840|1958|8 Cemaziyelevvel 1449
20271009|0534|0657|1253|1604|1838|1956|9 Cemaziyelevvel 1449
20271010|0535|0658|1252|1603|1837|1955|10 Cemaziyelevvel 1449
20271011|0536|0659|1252|1602|1835|1953|11 Cemaziyelevvel 1449
20271012|0537|0700|1252|1600|1834|1951|12 Cemaziyelevvel 1449
20271013|0538|0701|1251|1559|1832|1950|13 Cemaziyelevvel 1449
20271014|0539|0702|1251|1558|1831|1948|14 Cemaziyelevvel 1449
20271015|0540|0703|1251|1557|1829|1947|15 Cemaziyelevvel 1449
20271016|0541|0704|1251|1556|1828|1946|16 Cemaziyelevvel 1449
20271017|0542|0705|1251|1555|1826|1944|17 Cemaziyelevvel 1449
20271018|0543|0706|1250|1553|1825|1943|18 Cemaziyelevvel 1449
20271019|0544|0707|1250|1552|1823|1941|19 Cemaziyelevvel 1449
20271020|0545|0708|1250|1551|1822|1940|20 Cemaziyelevvel 1449
20271021|0546|0709|1250|1550|1820|1939|21 Cemaziyelevvel 1449
20271022|0547|0711|1250|1549|1819|1937|22 Cemaziyelevvel 1449
20271023|0548|0712|1250|1548|1817|1936|23 Cemaziyelevvel 1449
20271024|0549|0713|1249|1547|1816|1935|24 Cemaziyelevvel 1449
20271025|0550|0714|1249|1546|1815|1933|25 Cemaziyelevvel 1449
20271026|0551|0715|1249|1545|1813|1932|26 Cemaziyelevvel 1449
20271027|0552|0716|1249|1544|1812|1931|27 Cemaziyelevvel 1449
20271028|0553|0717|1249|1543|1811|1930|28 Cemaziyelevvel 1449
20271029|0554|0718|1249|1542|1809|1929|29 Cemaziyelevvel 1449
20271030|0555|0719|1249|1541|1808|1927|30 Cemaziyelevvel 1449
20271031|0556|0721|1249|1540|1807|1926|1 Cemaziyelahir 1449
20271101|0557|0722|1249|1539|1806|1925|2 Cemaziyelahir 1449
20271102|0558|0723|1249|1538|1804|1924|3 Cemaziyelahir 1449
20271103|0559|0724|1249|1537|1803|1923|4 Cemaziyelahir 1449
20271104|0600|0725|1249|1536|1802|1922|5 Cemaziyelahir 1449
20271105|0601|0726|1249|1535|1801|1921|6 Cemaziyelahir 1449
20271106|0602|0727|1249|1534|1800|1920|7 Cemaziyelahir 1449
20271107|0603|0729|1249|1533|1759|1919|8 Cemaziyelahir 1449
20271108|0604|0730|1249|1533|1758|1918|9 Cemaziyelahir 1449
20271109|0605|0731|1249|1532|1757|1917|10 Cemaziyelahir 1449
20271110|0606|0732|1249|1531|1756|1917|11 Cemaziyelahir 1449
20271111|0607|0733|1249|1530|1755|1916|12 Cemaziyelahir 1449
20271112|0608|0734|1249|1529|1754|1915|13 Cemaziyelahir 1449
20271113|0609|0736|1249|1529|1753|1914|14 Cemaziyelahir 1449
20271114|0610|0737|1249|1528|1752|1914|15 Cemaziyelahir 1449
20271115|0611|0738|1250|1527|1751|1913|16 Cemaziyelahir 1449
20271116|0612|0739|1250|1527|1750|1912|17 Cemaziyelahir 1449
20271117|0613|0740|1250|1526|1750|1912|18 Cemaziyelahir 1449
20271118|0614|0741|1250|1526|1749|1911|19 Cemaziyelahir 1449
20271119|0615|0742|1250|1525|1748|1910|20 Cemaziyelahir 1449
20271120|0616|0744|1251|1524|1748|1910|21 Cemaziyelahir 1449
20271121|0617|0745|1251|1524|1747|1909|22 Cemaziyelahir 1449
20271122|0618|0746|1251|1523|1746|1909|23 Cemaziyelahir 1449
20271123|0619|0747|1251|1523|1746|1908|24 Cemaziyelahir 1449
20271124|0620|0748|1252|1523|1745|1908|25 Cemaziyelahir 1449
20271125|0621|0749|1252|1522|1745|1908|26 Cemaziyelahir 1449
20271126|0622|0750|1252|1522|1744|1907|27 Cemaziyelahir 1449
20271127|0622|0751|1252|1522|1744|1907|28 Cemaziyelahir 1449
20271128|0623|0752|1253|1521|1743|1907|29 Cemaziyelahir 1449
20271129|0624|0753|1253|1521|1743|1907|1 Recep 1449
20271130|0625|0754|1253|1521|1743|1906|2 Recep 1449
20271201|0626|0755|1254|1521|1742|1906|3 Recep 1449
20271202|0627|0756|1254|1520|1742|1906|4 Recep 1449
20271203|0628|0757|1255|1520|1742|1906|5 Recep 1449
20271204|0629|0758|1255|1520|1742|1906|6 Recep 1449
20271205|0630|0759|1255|1520|1741|1906|7 Recep 1449
20271206|0630|0800|1256|1520|1741|1906|8 Recep 1449
20271207|0631|0801|1256|1520|1741|1906|9 Recep 1449
20271208|0632|0802|1257|1520|1741|1906|10 Recep 1449
20271209|0633|0803|1257|1520|1741|1906|11 Recep 1449
20271210|0633|0804|1258|1520|1741|1906|12 Recep 1449
20271211|0634|0805|1258|1520|1741|1906|13 Recep 1449
20271212|0635|0805|1258|1521|1741|1907|14 Recep 1449
20271213|0636|0806|1259|1521|1742|1907|15 Recep 1449
20271214|0636|0807|1259|1521|1742|1907|16 Recep 1449
20271215|0637|0808|1300|1521|1742|1907|17 Recep 1449
20271216|0638|0808|1300|1522|1742|1908|18 Recep 1449
20271217|0638|0809|1301|1522|1743|1908|19 Recep 1449
20271218|0639|0810|1301|1522|1743|1908|20 Recep 1449
20271219|0639|0810|1302|1523|1743|1909|21 Recep 1449
20271220|0640|0811|1302|1523|1744|1909|22 Recep 1449
20271221|0641|0811|1303|1524|1744|1910|23 Recep 1449
20271222|0641|0812|1303|1524|1745|1910|24 Recep 1449
20271223|0642|0812|1304|1525|1745|1911|25 Recep 1449
20271224|0642|0813|1304|1525|1746|1911|26 Recep 1449
20271225|0642|0813|1305|1526|1746|1912|27 Recep 1449
20271226|0643|0814|1305|1526|1747|1912|28 Recep 1449
20271227|0643|0814|1306|1527|1747|1913|29 Recep 1449
20271228|0644|0814|1306|1528|1748|1913|30 Recep 1449
20271229|0644|0815|1307|1528|1749|1914|1 Şaban 1449
20271230|0644|0815|1307|1529|1750|1915|2 Şaban 1449
20271231|0645|0815|1308|1530|1750|1915|3 Şaban 1449
#@9298|Bozüyük|BILECIK|730
20260101|0644|0814|1308|1531|1752|1917|12 Recep 1447
20260102|0645|0815|1309|1532|1753|1917|13 Recep 1447
20260103|0645|0815|1309|1533|1754|1918|14 Recep 1447
20260104|0645|0815|1310|1534|1755|1919|15 Recep 1447
20260105|0645|0815|1310|1534|1755|1920|16 Recep 1447
20260106|0645|0815|1311|1535|1756|1921|17 Recep 1447
20260107|0645|0815|1311|1536|1757|1921|18 Recep 1447
20260108|0645|0815|1311|1537|1758|1922|19 Recep 1447
20260109|0645|0814|1312|1538|1759|1923|20 Recep 1447
20260110|0645|0814|1312|1539|1800|1924|21 Recep 1447
20260111|0645|0814|1313|1540|1801|1925|22 Recep 1447
20260112|0645|0814|1313|1541|1802|1926|23 Recep 1447
20260113|0645|0813|1313|1542|1803|1927|24 Recep 1447
20260114|0644|0813|1314|1543|1804|1928|25 Recep 1447
20260115|0644|0813|1314|1543|1806|1929|26 Recep 1447
20260116|0644|0812|1314|1544|1807|1930|27 Recep 1447
20260117|0644|0812|1315|1545|1808|1931|28 Recep 1447
20260118|0643|0811|1315|1546|1809|1932|29 Recep 1447
20260119|0643|0811|1315|1547|1810|1933|30 Recep 1447
20260120|0643|0810|1316|1548|1811|1933|1 Şaban 1447
20260121|0642|0810|1316|1549|1812|1934|2 Şaban 1447
20260122|0642|0809|1316|1550|1813|1935|3 Şaban 1447
20260123|0641|0809|1317|1551|1815|1936|4 Şaban 1447
20260124|0641|0808|1317|1552|1816|1937|5 Şaban 1447
20260125|0640|0807|1317|1553|1817|1939|6 Şaban 1447
20260126|0640|0807|1317|1554|1818|1940|7 Şaban 1447
20260127|0639|0806|1318|1555|1819|1941|8 Şaban 1447
20260128|0639|0805|1318|1556|1820|1942|9 Şaban 1447
20260129|0638|0804|1318|1557|1822|1943|10 Şaban 1447
20260130|0637|0803|1318|1558|1823|1944|11 Şaban 1447
20260131|0637|0802|1318|1559|1824|1945|12 Şaban 1447
20260201|0636|0802|1318|1600|1825|1946|13 Şaban 1447
20260202|0635|0801|1319|1601|1826|1947|14 Şaban 1447
20260203|0634|0800|1319|1602|1828|1948|15 Şaban 1447
20260204|0633|0759|1319|1603|1829|1949|16 Şaban 1447
20260205|0632|0758|1319|1604|1830|1950|17 Şaban 1447
20260206|0632|0757|1319|1605|1831|1951|18 Şaban 1447
20260207|0631|0756|1319|1606|1832|1952|19 Şaban 1447
20260208|0630|0754|1319|1607|1834|1953|20 Şaban 1447
20260209|0629|0753|1319|1608|1835|1954|21 Şaban 1447
20260210|0628|0752|1319|1609|1836|1955|22 Şaban 1447
20260211|0627|0751|1319|1610|1837|1956|23 Şaban 1447
20260212|0626|0750|1319|1611|1838|1957|24 Şaban 1447
20260213|0625|0749|1319|1612|1840|1958|25 Şaban 1447
20260214|0623|0747|1319|1613|1841|1959|26 Şaban 1447
20260215|0622|0746|1319|1614|1842|2001|27 Şaban 1447
20260216|0621|0745|1319|1615|1843|2002|28 Şaban 1447
20260217|0620|0744|1319|1616|1844|2003|29 Şaban 1447
20260218|0619|0742|1319|1616|1845|2004|30 Şaban 1447
20260219|0617|0741|1319|1617|1847|2005|1 Ramazan 1447
20260220|0616|0740|1319|1618|1848|2006|2 Ramazan 1447
20260221|0615|0738|1319|1619|1849|2007|3 Ramazan 1447
20260222|0614|0737|1318|1620|1850|2008|4 Ramazan 1447
20260223|0612|0735|1318|1621|1851|2009|5 Ramazan 1447
20260224|0611|0734|1318|1621|1852|2010|6 Ramazan 1447
20260225|0610|0733|1318|1622|1853|2011|7 Ramazan 1447
20260226|0608|0731|1318|1623|1855|2012|8 Ramazan 1447
20260227|0607|0730|1318|1624|1856|2013|9 Ramazan 1447
20260228|0605|0728|1317|1624|1857|2014|10 Ramazan 1447
20260301|0604|0727|1317|1625|1858|2015|11 Ramazan 1447
20260302|0602|0725|1317|1626|1859|2017|12 Ramazan 1447
20260303|0601|0724|1317|1627|1900|2018|13 Ramazan 1447
20260304|0559|0722|1317|1627|1901|2019|14 Ramazan 1447
20260305|0558|0721|1316|1628|1902|2020|15 Ramazan 1447
20260306|0556|0719|1316|1629|1903|2021|16 Ramazan 1447
20260307|0555|0718|1316|1629|1904|2022|17 Ramazan 1447
20260308|0553|0716|1316|1630|1905|2023|18 Ramazan 1447
20260309|0552|0715|1316|1631|1907|2024|19 Ramazan 1447
20260310|0550|0713|1315|1631|1908|2025|20 Ramazan 1447
20260311|0549|0711|1315|1632|1909|2026|21 Ramazan 1447
20260312|0547|0710|1315|1632|1910|2027|22 Ramazan 1447
20260313|0545|0708|1314|1633|1911|2028|23 Ramazan 1447
20260314|0544|0707|1314|1634|1912|2030|24 Ramazan 1447
20260315|0542|0705|1314|1634|1913|2031|25 Ramazan 1447
20260316|0540|0703|1314|1635|1914|2032|26 Ramazan 1447
20260317|0539|0702|1313|1635|1915|2033|27 Ramazan 1447
20260318|0537|0700|1313|1636|1916|2034|28 Ramazan 1447
20260319|0535|0659|1313|1636|1917|2035|29 Ramazan 1447
20260320|0533|0657|1312|1637|1918|2036|1 Şevval 1447
20260321|0532|0655|1312|1637|1919|2037|2 Şevval 1447
20260322|0530|0654|1312|1638|1920|2039|3 Şevval 1447
20260323|0528|0652|1312|1638|1921|2040|4 Şevval 1447
20260324|0526|0650|1311|1639|1922|2041|5 Şevval 1447
20260325|0525|0649|1311|1639|1923|2042|6 Şevval 1447
20260326|0523|0647|1311|1640|1924|2043|7 Şevval 1447
20260327|0521|0646|1310|1640|1925|2044|8 Şevval 1447
20260328|0519|0644|1310|1640|1926|2045|9 Şevval 1447
20260329|0517|0642|1310|1641|1927|2047|10 Şevval 1447
20260330|0516|0641|1309|1641|1928|2048|11 Şevval 1447
20260331|0514|0639|1309|1642|1929|2049|12 Şevval 1447
20260401|0512|0638|1309|1642|1930|2050|13 Şevval 1447
20260402|0510|0636|1309|1642|1931|2051|14 Şevval 1447
20260403|0508|0634|1308|1643|1932|2053|15 Şevval 1447
20260404|0506|0633|1308|1643|1933|2054|16 Şevval 1447
20260405|0505|0631|1308|1644|1934|2055|17 Şevval 1447
20260406|0503|0630|1307|1644|1935|2056|18 Şevval 1447
20260407|0501|0628|1307|1644|1936|2058|19 Şevval 1447
20260408|0459|0626|1307|1645|1937|2059|20 Şevval 1447
20260409|0457|0625|1307|1645|1938|2100|21 Şevval 1447
20260410|0455|0623|1306|1645|1939|2101|22 Şevval 1447
20260411|0454|0622|1306|1646|1940|2103|23 Şevval 1447
20260412|0452|0620|1306|1646|1941|2104|24 Şevval 1447
20260413|0450|0619|1306|1646|1942|2105|25 Şevval 1447
20260414|0448|0617|1305|1647|1943|2107|26 Şevval 1447
20260415|0446|0616|1305|1647|1944|2108|27 Şevval 1447
20260416|0444|0614|1305|1647|1945|2109|28 Şevval 1447
20260417|0443|0613|1305|1647|1946|2111|29 Şevval 1447
20260418|0441|0611|1304|1648|1947|2112|1 Zilkade 1447
20260419|0439|0610|1304|1648|1948|2113|2 Zilkade 1447
20260420|0437|0608|1304|1648|1949|2115|3 Zilkade 1447
20260421|0435|0607|1304|1649|1950|2116|4 Zilkade 1447
20260422|0433|0606|1303|1649|1951|2117|5 Zilkade 1447
20260423|0432|0604|1303|1649|1952|2119|6 Zilkade 1447
20260424|0430|0603|1303|1649|1953|2120|7 Zilkade 1447
20260425|0428|0601|1303|1650|1954|2122|8 Zilkade 1447
20260426|0426|0600|1303|1650|1956|2123|9 Zilkade 1447
20260427|0424|0559|1303|1650|1957|2124|10 Zilkade 1447
20260428|0423|0557|1302|1650|1958|2126|11 Zilkade 1447
20260429|0421|0556|1302|1651|1959|2127|12 Zilkade 1447
20260430|0419|0555|1302|1651|2000|2129|13 Zilkade 1447
20260501|0417|0554|1302|1651|2001|2130|14 Zilkade 1447
20260502|0416|0552|1302|1651|2002|2131|15 Zilkade 1447
20260503|0414|0551|1302|1652|2003|2133|16 Zilkade 1447
20260504|0412|0550|1302|1652|2004|2134|17 Zilkade 1447
20260505|0411|0549|1302|1652|2005|2136|18 Zilkade 1447
20260506|0409|0548|1302|1652|2006|2137|19 Zilkade 1447
20260507|0407|0546|1301|1653|2007|2139|20 Zilkade 1447
20260508|0406|0545|1301|1653|2008|2140|21 Zilkade 1447
20260509|0404|0544|1301|1653|2009|2141|22 Zilkade 1447
20260510|0403|0543|1301|1653|2009|2143|23 Zilkade 1447
20260511|0401|0542|1301|1654|2010|2144|24 Zilkade 1447
20260512|0400|0541|1301|1654|2011|2146|25 Zilkade 1447
20260513|0358|0540|1301|1654|2012|2147|26 Zilkade 1447
20260514|0357|0539|1301|1654|2013|2149|27 Zilkade 1447
20260515|0355|0538|1301|1655|2014|2150|28 Zilkade 1447
20260516|0354|0537|1301|1655|2015|2151|29 Zilkade 1447
20260517|0352|0536|1301|1655|2016|2153|30 Zilkade 1447
20260518|0351|0536|1301|1655|2017|2154|1 Zilhicce 1447
20260519|0350|0535|1301|1656|2018|2156|2 Zilhicce 1447
20260520|0348|0534|1301|1656|2019|2157|3 Zilhicce 1447
20260521|0347|0533|1301|1656|2020|2158|4 Zilhicce 1447
20260522|0346|0532|1302|1656|2021|2200|5 Zilhicce 1447
20260523|0345|0532|1302|1657|2022|2201|6 Zilhicce 1447
20260524|0343|0531|1302|1657|2022|2202|7 Zilhicce 1447
20260525|0342|0530|1302|1657|2023|2204|8 Zilhicce 1447
20260526|0341|0530|1302|1658|2024|2205|9 Zilhicce 1447
20260527|0340|0529|1302|1658|2025|2206|10 Zilhicce 1447
20260528|0339|0529|1302|1658|2026|2207|11 Zilhicce 1447
20260529|0338|0528|1302|1658|2027|2208|12 Zilhicce 1447
20260530|0337|0528|1302|1659|2027|2210|13 Zilhicce 1447
20260531|0336|0527|1303|1659|2028|2211|14 Zilhicce 1447
20260601|0335|0527|1303|1659|2029|2212|15 Zilhicce 1447
20260602|0334|0526|1303|1659|2030|2213|16 Zilhicce 1447
20260603|0334|0526|1303|1700|2030|2214|17 Zilhicce 1447
20260604|0333|0525|1303|1700|2031|2215|18 Zilhicce 1447
20260605|0332|0525|1303|1700|2032|2216|19 Zilhicce 1447
20260606|0332|0525|1304|1700|2032|2217|20 Zilhicce 1447
20260607|0331|0525|1304|1701|2033|2218|21 Zilhicce 1447
20260608|0331|0524|1304|1701|2033|2219|22 Zilhicce 1447
20260609|0330|0524|1304|1701|2034|2220|23 Zilhicce 1447
20260610|0330|0524|1304|1701|2034|2220|24 Zilhicce 1447
20260611|0329|0524|1304|1702|2035|2221|25 Zilhicce 1447
20260612|0329|0524|1305|1702|2036|2222|26 Zilhicce 1447
20260613|0329|0524|1305|1702|2036|2222|27 Zilhicce 1447
20260614|0328|0524|1305|1702|2036|2223|28 Zilhicce 1447
20260615|0328|0524|1305|1703|2037|2224|29 Zilhicce 1447
20260616|0328|0524|1306|1703|2037|2224|1 Muharrem 1448
20260617|0328|0524|1306|1703|2038|2225|2 Muharrem 1448
20260618|0328|0524|1306|1703|2038|2225|3 Muharrem 1448
20260619|0328|0524|1306|1704|2038|2225|4 Muharrem 1448
20260620|0328|0524|1306|1704|2038|2226|5 Muharrem 1448
20260621|0329|0525|1307|1704|2039|2226|6 Muharrem 1448
20260622|0329|0525|1307|1704|2039|2226|7 Muharrem 1448
20260623|0329|0525|1307|1705|2039|2226|8 Muharrem 1448
20260624|0329|0525|1307|1705|2039|2226|9 Muharrem 1448
20260625|0330|0526|1307|1705|2039|2226|10 Muharrem 1448
20260626|0330|0526|1308|1705|2039|2226|11 Muharrem 1448
20260627|0331|0526|1308|1705|2040|2226|12 Muharrem 1448
20260628|0331|0527|1308|1706|2040|2226|13 Muharrem 1448
20260629|0332|0527|1308|1706|2040|2226|14 Muharrem 1448
20260630|0332|0528|1309|1706|2040|2226|15 Muharrem 1448
20260701|0333|0528|1309|1706|2039|2226|16 Muharrem 1448
20260702|0334|0528|1309|1706|2039|2225|17 Muharrem 1448
20260703|0335|0529|1309|1706|2039|2225|18 Muharrem 1448
20260704|0335|0530|1309|1706|2039|2225|19 Muharrem 1448
20260705|0336|0530|1309|1706|2039|2224|20 Muharrem 1448
20260706|0337|0531|1310|1707|2039|2224|21 Muharrem 1448
20260707|0338|0531|1310|1707|2038|2223|22 Muharrem 1448
20260708|0339|0532|1310|1707|2038|2222|23 Muharrem 1448
20260709|0340|0533|1310|1707|2038|2222|24 Muharrem 1448
20260710|0341|0533|1310|1707|2037|2221|25 Muharrem 1448
20260711|0342|0534|1310|1707|2037|2220|26 Muharrem 1448
20260712|0343|0535|1311|1707|2036|2219|27 Muharrem 1448
20260713|0344|0535|1311|1707|2036|2219|28 Muharrem 1448
20260714|0346|0536|1311|1707|2036|2218|29 Muharrem 1448
20260715|0347|0537|1311|1707|2035|2217|1 Safer 1448
20260716|0348|0538|1311|1707|2034|2216|2 Safer 1448
20260717|0349|0538|1311|1707|2034|2215|3 Safer 1448
20260718|0351|0539|1311|1707|2033|2214|4 Safer 1448
20260719|0352|0540|1311|1707|2033|2213|5 Safer 1448
20260720|0353|0541|1311|1707|2032|2212|6 Safer 1448
20260721|0354|0542|1311|1706|2031|2210|7 Safer 1448
20260722|0356|0542|1311|1706|2030|2209|8 Safer 1448
20260723|0357|0543|1311|1706|2030|2208|9 Safer 1448
20260724|0359|0544|1311|1706|2029|2207|10 Safer 1448
20260725|0400|0545|1311|1706|2028|2205|11 Safer 1448
20260726|0401|0546|1311|1706|2027|2204|12 Safer 1448
20260727|0403|0547|1311|1705|2026|2203|13 Safer 1448
20260728|0404|0548|1311|1705|2025|2201|14 Safer 1448
20260729|0406|0549|1311|1705|2024|2200|15 Safer 1448
20260730|0407|0549|1311|1705|2023|2159|16 Safer 1448
20260731|0408|0550|1311|1704|2022|2157|17 Safer 1448
20260801|0410|0551|1311|1704|2021|2156|18 Safer 1448
20260802|0411|0552|1311|1704|2020|2154|19 Safer 1448
20260803|0413|0553|1311|1703|2019|2153|20 Safer 1448
20260804|0414|0554|1311|1703|2018|2151|21 Safer 1448
20260805|0415|0555|1311|1702|2017|2150|22 Safer 1448
20260806|0417|0556|1311|1702|2016|2148|23 Safer 1448
20260807|0418|0557|1311|1702|2015|2146|24 Safer 1448
20260808|0420|0558|1311|1701|2014|2145|25 Safer 1448
20260809|0421|0559|1310|1701|2012|2143|26 Safer 1448
20260810|0423|0600|1310|1700|2011|2141|27 Safer 1448
20260811|0424|0601|1310|1700|2010|2140|28 Safer 1448
20260812|0425|0602|1310|1659|2009|2138|29 Safer 1448
20260813|0427|0602|1310|1659|2007|2136|30 Safer 1448
20260814|0428|0603|1310|1658|2006|2135|1 Rebiulevvel 1448
20260815|0430|0604|1309|1657|2005|2133|2 Rebiulevvel 1448
20260816|0431|0605|1309|1657|2003|2131|3 Rebiulevvel 1448
20260817|0432|0606|1309|1656|2002|2129|4 Rebiulevvel 1448
20260818|0434|0607|1309|1656|2001|2128|5 Rebiulevvel 1448
20260819|0435|0608|1309|1655|1959|2126|6 Rebiulevvel 1448
20260820|0437|0609|1308|1654|1958|2124|7 Rebiulevvel 1448
20260821|0438|0610|1308|1654|1956|2122|8 Rebiulevvel 1448
20260822|0439|0611|1308|1653|1955|2120|9 Rebiulevvel 1448
20260823|0441|0612|1308|1652|1953|2119|10 Rebiulevvel 1448
20260824|0442|0613|1307|1651|1952|2117|11 Rebiulevvel 1448
20260825|0443|0614|1307|1651|1950|2115|12 Rebiulevvel 1448
20260826|0444|0615|1307|1650|1949|2113|13 Rebiulevvel 1448
20260827|0446|0616|1307|1649|1947|2111|14 Rebiulevvel 1448
20260828|0447|0617|1306|1648|1946|2110|15 Rebiulevvel 1448
20260829|0448|0618|1306|1647|1944|2108|16 Rebiulevvel 1448
20260830|0450|0619|1306|1647|1943|2106|17 Rebiulevvel 1448
20260831|0451|0620|1305|1646|1941|2104|18 Rebiulevvel 1448
20260901|0452|0620|1305|1645|1940|2102|19 Rebiulevvel 1448
20260902|0453|0621|1305|1644|1938|2100|20 Rebiulevvel 1448
20260903|0455|0622|1304|1643|1937|2058|21 Rebiulevvel 1448
20260904|0456|0623|1304|1642|1935|2057|22 Rebiulevvel 1448
20260905|0457|0624|1304|1641|1933|2055|23 Rebiulevvel 1448
20260906|0458|0625|1303|1640|1932|2053|24 Rebiulevvel 1448
20260907|0459|0626|1303|1639|1930|2051|25 Rebiulevvel 1448
20260908|0501|0627|1303|1638|1928|2049|26 Rebiulevvel 1448
20260909|0502|0628|1302|1637|1927|2047|27 Rebiulevvel 1448
20260910|0503|0629|1302|1636|1925|2046|28 Rebiulevvel 1448
20260911|0504|0630|1302|1635|1924|2044|29 Rebiulevvel 1448
20260912|0505|0631|1301|1634|1922|2042|1 Rebiulahir 1448
20260913|0506|0632|1301|1633|1920|2040|2 Rebiulahir 1448
20260914|0508|0633|1301|1632|1919|2038|3 Rebiulahir 1448
20260915|0509|0634|1300|1631|1917|2036|4 Rebiulahir 1448
20260916|0510|0634|1300|1630|1915|2035|5 Rebiulahir 1448
20260917|0511|0635|1300|1629|1914|2033|6 Rebiulahir 1448
20260918|0512|0636|1259|1628|1912|2031|7 Rebiulahir 1448
20260919|0513|0637|1259|1627|1910|2029|8 Rebiulahir 1448
20260920|0514|0638|1258|1626|1909|2027|9 Rebiulahir 1448
20260921|0515|0639|1258|1624|1907|2026|10 Rebiulahir 1448
20260922|0516|0640|1258|1623|1905|2024|11 Rebiulahir 1448
20260923|0517|0641|1257|1622|1904|2022|12 Rebiulahir 1448
20260924|0518|0642|1257|1621|1902|2020|13 Rebiulahir 1448
20260925|0520|0643|1257|1620|1900|2019|14 Rebiulahir 1448
20260926|0521|0644|1256|1619|1859|2017|15 Rebiulahir 1448
20260927|0522|0645|1256|1618|1857|2015|16 Rebiulahir 1448
20260928|0523|0646|1256|1616|1856|2013|17 Rebiulahir 1448
20260929|0524|0647|1255|1615|1854|2012|18 Rebiulahir 1448
20260930|0525|0648|1255|1614|1852|2010|19 Rebiulahir 1448
20261001|0526|0649|1255|1613|1851|2008|20 Rebiulahir 1448
20261002|0527|0650|1254|1612|1849|2007|21 Rebiulahir 1448
20261003|0528|0651|1254|1611|1847|2005|22 Rebiulahir 1448
20261004|0529|0652|1254|1609|1846|2003|23 Rebiulahir 1448
20261005|0530|0653|1253|1608|1844|2002|24 Rebiulahir 1448
20261006|0531|0654|1253|1607|1843|2000|25 Rebiulahir 1448
20261007|0532|0655|1253|1606|1841|1959|26 Rebiulahir 1448
20261008|0533|0656|1253|1605|1839|1957|27 Rebiulahir 1448
20261009|0534|0657|1252|1604|1838|1955|28 Rebiulahir 1448
20261010|0535|0658|1252|1602|1836|1954|29 Rebiulahir 1448
20261011|0536|0659|1252|1601|1835|1952|30 Rebiulahir 1448
20261012|0537|0700|1251|1600|1833|1951|1 Cemaziyelevvel 1448
20261013|0538|0701|1251|1559|1832|1949|2 Cemaziyelevvel 1448
20261014|0539|0702|1251|1558|1830|1948|3 Cemaziyelevvel 1448
20261015|0540|0703|1251|1557|1829|1946|4 Cemaziyelevvel 1448
20261016|0541|0704|1251|1556|1827|1945|5 Cemaziyelevvel 1448
20261017|0542|0705|1250|1554|1826|1943|6 Cemaziyelevvel 1448
20261018|0543|0706|1250|1553|1824|1942|7 Cemaziyelevvel 1448
20261019|0544|0707|1250|1552|1823|1941|8 Cemaziyelevvel 1448
20261020|0545|0708|1250|1551|1821|1939|9 Cemaziyelevvel 1448
20261021|0546|0709|1250|1550|1820|1938|10 Cemaziyelevvel 1448
20261022|0547|0710|1249|1549|1819|1937|11 Cemaziyelevvel 1448
20261023|0548|0711|1249|1548|1817|1935|12 Cemaziyelevvel 1448
20261024|0549|0712|1249|1547|1816|1934|13 Cemaziyelevvel 1448
20261025|0550|0714|1249|1546|1814|1933|14 Cemaziyelevvel 1448
20261026|0551|0715|1249|1545|1813|1932|15 Cemaziyelevvel 1448
20261027|0552|0716|1249|1544|1812|1930|16 Cemaziyelevvel 1448
20261028|0553|0717|1249|1543|1811|1929|17 Cemaziyelevvel 1448
20261029|0554|0718|1249|1542|1809|1928|18 Cemaziyelevvel 1448
20261030|0555|0719|1249|1541|1808|1927|19 Cemaziyelevvel 1448
20261031|0556|0720|1249|1540|1807|1926|20 Cemaziyelevvel 1448
20261101|0557|0721|1248|1539|1806|1925|21 Cemaziyelevvel 1448
20261102|0558|0722|1248|1538|1804|1924|22 Cemaziyelevvel 1448
20261103|0559|0724|1248|1537|1803|1923|23 Cemaziyelevvel 1448
20261104|0600|0725|1248|1536|1802|1922|24 Cemaziyelevvel 1448
20261105|0601|0726|1248|1535|1801|1921|25 Cemaziyelevvel 1448
20261106|0602|0727|1248|1534|1800|1920|26 Cemaziyelevvel 1448
20261107|0603|0728|1249|1533|1759|1919|27 Cemaziyelevvel 1448
20261108|0604|0729|1249|1533|1758|1918|28 Cemaziyelevvel 1448
20261109|0605|0730|1249|1532|1757|1917|29 Cemaziyelevvel 1448
20261110|0606|0732|1249|1531|1756|1916|1 Cemaziyelahir 1448
20261111|0607|0733|1249|1530|1755|1916|2 Cemaziyelahir 1448
20261112|0608|0734|1249|1530|1754|1915|3 Cemaziyelahir 1448
20261113|0609|0735|1249|1529|1753|1914|4 Cemaziyelahir 1448
20261114|0610|0736|1249|1528|1752|1913|5 Cemaziyelahir 1448
20261115|0611|0737|1249|1528|1751|1913|6 Cemaziyelahir 1448
20261116|0612|0739|1250|1527|1751|1912|7 Cemaziyelahir 1448
20261117|0613|0740|1250|1526|1750|1911|8 Cemaziyelahir 1448
20261118|0614|0741|1250|1526|1749|1911|9 Cemaziyelahir 1448
20261119|0615|0742|1250|1525|1748|1910|10 Cemaziyelahir 1448
20261120|0616|0743|1250|1525|1748|1910|11 Cemaziyelahir 1448
20261121|0617|0744|1251|1524|1747|1909|12 Cemaziyelahir 1448
20261122|0618|0745|1251|1524|1747|1909|13 Cemaziyelahir 1448
20261123|0619|0746|1251|1523|1746|1908|14 Cemaziyelahir 1448
20261124|0619|0747|1251|1523|1745|1908|15 Cemaziyelahir 1448
20261125|0620|0749|1252|1523|1745|1908|16 Cemaziyelahir 1448
20261126|0621|0750|1252|1522|1744|1907|17 Cemaziyelahir 1448
20261127|0622|0751|1252|1522|1744|1907|18 Cemaziyelahir 1448
20261128|0623|0752|1253|1522|1744|1907|19 Cemaziyelahir 1448
20261129|0624|0753|1253|1521|1743|1907|20 Cemaziyelahir 1448
20261130|0625|0754|1253|1521|1743|1906|21 Cemaziyelahir 1448
20261201|0626|0755|1254|1521|1743|1906|22 Cemaziyelahir 1448
20261202|0627|0756|1254|1521|1742|1906|23 Cemaziyelahir 1448
20261203|0628|0757|1254|1521|1742|1906|24 Cemaziyelahir 1448
20261204|0628|0758|1255|1521|1742|1906|25 Cemaziyelahir 1448
20261205|0629|0759|1255|1521|1742|1906|26 Cemaziyelahir 1448
20261206|0630|0800|1256|1521|1742|1906|27 Cemaziyelahir 1448
20261207|0631|0801|1256|1521|1742|1906|28 Cemaziyelahir 1448
20261208|0632|0801|1257|1521|1742|1906|29 Cemaziyelahir 1448
20261209|0632|0802|1257|1521|1742|1906|30 Cemaziyelahir 1448
20261210|0633|0803|1257|1521|1742|1906|1 Recep 1448
20261211|0634|0804|1258|1521|1742|1907|2 Recep 1448
20261212|0635|0805|1258|1521|1742|1907|3 Recep 1448
20261213|0635|0806|1259|1521|1742|1907|4 Recep 1448
20261214|0636|0806|1259|1522|1742|1907|5 Recep 1448
20261215|0637|0807|1300|1522|1743|1908|6 Recep 1448
20261216|0637|0808|1300|1522|1743|1908|7 Recep 1448
20261217|0638|0808|1301|1523|1743|1908|8 Recep 1448
20261218|0638|0809|1301|1523|1744|1909|9 Recep 1448
20261219|0639|0810|1302|1523|1744|1909|10 Recep 1448
20261220|0640|0810|1302|1524|1744|1909|11 Recep 1448
20261221|0640|0811|1303|1524|1745|1910|12 Recep 1448
20261222|0641|0811|1303|1525|1745|1910|13 Recep 1448
20261223|0641|0812|1304|1525|1746|1911|14 Recep 1448
20261224|0642|0812|1304|1526|1746|1911|15 Recep 1448
20261225|0642|0813|1305|1526|1747|1912|16 Recep 1448
20261226|0642|0813|1305|1527|1748|1913|17 Recep 1448
20261227|0643|0813|1306|1528|1748|1913|18 Recep 1448
20261228|0643|0814|1306|1528|1749|1914|19 Recep 1448
20261229|0643|0814|1307|1529|1750|1914|20 Recep 1448
20261230|0644|0814|1307|1530|1750|1915|21 Recep 1448
20261231|0644|0814|1308|1530|1751|1916|22 Recep 1448
20270101|0644|0814|1308|1531|1752|1917|23 Recep 1448
20270102|0644|0815|1309|1532|1753|1917|24 Recep 1448
20270103|0645|0815|1309|1533|1754|1918|25 Recep 1448
20270104|0645|0815|1310|1533|1754|1919|26 Recep 1448
20270105|0645|0815|1310|1534|1755|1920|27 Recep 1448
20270106|0645|0815|1310|1535|1756|1920|28 Recep 1448
20270107|0645|0815|1311|1536|1757|1921|29 Recep 1448
20270108|0645|0815|1311|1537|1758|1922|30 Recep 1448
20270109|0645|0814|1312|1538|1759|1923|1 Şaban 1448
20270110|0645|0814|1312|1539|1800|1924|2 Şaban 1448
20270111|0645|0814|1313|1539|1801|1925|3 Şaban 1448
20270112|0645|0814|1313|1540|1802|1926|4 Şaban 1448
20270113|0645|0814|1313|1541|1803|1927|5 Şaban 1448
20270114|0645|0813|1314|1542|1804|1927|6 Şaban 1448
20270115|0644|0813|1314|1543|1805|1928|7 Şaban 1448
20270116|0644|0812|1314|1544|1806|1929|8 Şaban 1448
20270117|0644|0812|1315|1545|1807|1930|9 Şaban 1448
20270118|0644|0812|1315|1546|1809|1931|10 Şaban 1448
20270119|0643|0811|1315|1547|1810|1932|11 Şaban 1448
20270120|0643|0811|1316|1548|1811|1933|12 Şaban 1448
20270121|0642|0810|1316|1549|1812|1934|13 Şaban 1448
20270122|0642|0809|1316|1550|1813|1935|14 Şaban 1448
20270123|0642|0809|1317|1551|1814|1936|15 Şaban 1448
20270124|0641|0808|1317|1552|1815|1937|16 Şaban 1448
20270125|0641|0807|1317|1553|1817|1938|17 Şaban 1448
20270126|0640|0807|1317|1554|1818|1939|18 Şaban 1448
20270127|0639|0806|1317|1555|1819|1940|19 Şaban 1448
20270128|0639|0805|1318|1556|1820|1941|20 Şaban 1448
20270129|0638|0804|1318|1557|1821|1942|21 Şaban 1448
20270130|0637|0804|1318|1558|1823|1943|22 Şaban 1448
20270131|0637|0803|1318|1559|1824|1944|23 Şaban 1448
20270201|0636|0802|1318|1600|1825|1945|24 Şaban 1448
20270202|0635|0801|1318|1601|1826|1947|25 Şaban 1448
20270203|0634|0800|1319|1602|1827|1948|26 Şaban 1448
20270204|0634|0759|1319|1603|1829|1949|27 Şaban 1448
20270205|0633|0758|1319|1604|1830|1950|28 Şaban 1448
20270206|0632|0757|1319|1605|1831|1951|29 Şaban 1448
20270207|0631|0756|1319|1606|1832|1952|30 Şaban 1448
20270208|0630|0755|1319|1607|1833|1953|1 Ramazan 1448
20270209|0629|0754|1319|1608|1835|1954|2 Ramazan 1448
20270210|0628|0752|1319|1609|1836|1955|3 Ramazan 1448
20270211|0627|0751|1319|1610|1837|1956|4 Ramazan 1448
20270212|0626|0750|1319|1611|1838|1957|5 Ramazan 1448
20270213|0625|0749|1319|1612|1839|1958|6 Ramazan 1448
20270214|0624|0748|1319|1613|1840|1959|7 Ramazan 1448
20270215|0623|0746|1319|1614|1842|2000|8 Ramazan 1448
20270216|0621|0745|1319|1614|1843|2001|9 Ramazan 1448
20270217|0620|0744|1319|1615|1844|2002|10 Ramazan 1448
20270218|0619|0743|1319|1616|1845|2003|11 Ramazan 1448
20270219|0618|0741|1319|1617|1846|2005|12 Ramazan 1448
20270220|0617|0740|1319|1618|1847|2006|13 Ramazan 1448
20270221|0615|0739|1319|1619|1849|2007|14 Ramazan 1448
20270222|0614|0737|1318|1620|1850|2008|15 Ramazan 1448
20270223|0613|0736|1318|1620|1851|2009|16 Ramazan 1448
20270224|0611|0734|1318|1621|1852|2010|17 Ramazan 1448
20270225|0610|0733|1318|1622|1853|2011|18 Ramazan 1448
20270226|0609|0731|1318|1623|1854|2012|19 Ramazan 1448
20270227|0607|0730|1318|1623|1855|2013|20 Ramazan 1448
20270228|0606|0729|1318|1624|1857|2014|21 Ramazan 1448
20270301|0604|0727|1317|1625|1858|2015|22 Ramazan 1448
20270302|0603|0726|1317|1626|1859|2016|23 Ramazan 1448
20270303|0601|0724|1317|1626|1900|2017|24 Ramazan 1448
20270304|0600|0723|1317|1627|1901|2018|25 Ramazan 1448
20270305|0558|0721|1317|1628|1902|2019|26 Ramazan 1448
20270306|0557|0720|1316|1628|1903|2021|27 Ramazan 1448
20270307|0555|0718|1316|1629|1904|2022|28 Ramazan 1448
20270308|0554|0716|1316|1630|1905|2023|29 Ramazan 1448
20270309|0552|0715|1316|1630|1906|2024|1 Şevval 1448
20270310|0551|0713|1315|1631|1907|2025|2 Şevval 1448
20270311|0549|0712|1315|1632|1908|2026|3 Şevval 1448
20270312|0547|0710|1315|1632|1909|2027|4 Şevval 1448
20270313|0546|0709|1315|1633|1911|2028|5 Şevval 1448
20270314|0544|0707|1314|1633|1912|2029|6 Şevval 1448
20270315|0542|0705|1314|1634|1913|2030|7 Şevval 1448
20270316|0541|0704|1314|1635|1914|2031|8 Şevval 1448
20270317|0539|0702|1313|1635|1915|2033|9 Şevval 1448
20270318|0537|0701|1313|1636|1916|2034|10 Şevval 1448
20270319|0536|0659|1313|1636|1917|2035|11 Şevval 1448
20270320|0534|0657|1313|1637|1918|2036|12 Şevval 1448
20270321|0532|0656|1312|1637|1919|2037|13 Şevval 1448
20270322|0530|0654|1312|1638|1920|2038|14 Şevval 1448
20270323|0529|0653|1312|1638|1921|2039|15 Şevval 1448
20270324|0527|0651|1311|1639|1922|2041|16 Şevval 1448
20270325|0525|0649|1311|1639|1923|2042|17 Şevval 1448
20270326|0523|0648|1311|1639|1924|2043|18 Şevval 1448
20270327|0521|0646|1310|1640|1925|2044|19 Şevval 1448
20270328|0520|0644|1310|1640|1926|2045|20 Şevval 1448
20270329|0518|0643|1310|1641|1927|2046|21 Şevval 1448
20270330|0516|0641|1310|1641|1928|2048|22 Şevval 1448
20270331|0514|0640|1309|1642|1929|2049|23 Şevval 1448
20270401|0512|0638|1309|1642|1930|2050|24 Şevval 1448
20270402|0511|0636|1309|1642|1931|2051|25 Şevval 1448
20270403|0509|0635|1308|1643|1932|2052|26 Şevval 1448
20270404|0507|0633|1308|1643|1933|2054|27 Şevval 1448
20270405|0505|0632|1308|1643|1934|2055|28 Şevval 1448
20270406|0503|0630|1308|1644|1935|2056|29 Şevval 1448
20270407|0501|0628|1307|1644|1936|2057|30 Şevval 1448
20270408|0500|0627|1307|1645|1937|2059|1 Zilkade 1448
20270409|0458|0625|1307|1645|1938|2100|2 Zilkade 1448
20270410|0456|0624|1306|1645|1939|2101|3 Zilkade 1448
20270411|0454|0622|1306|1646|1940|2102|4 Zilkade 1448
20270412|0452|0621|1306|1646|1941|2104|5 Zilkade 1448
20270413|0450|0619|1306|1646|1942|2105|6 Zilkade 1448
20270414|0448|0618|1305|1646|1943|2106|7 Zilkade 1448
20270415|0447|0616|1305|1647|1944|2108|8 Zilkade 1448
20270416|0445|0615|1305|1647|1945|2109|9 Zilkade 1448
20270417|0443|0613|1305|1647|1946|2110|10 Zilkade 1448
20270418|0441|0612|1304|1648|1947|2112|11 Zilkade 1448
20270419|0439|0610|1304|1648|1948|2113|12 Zilkade 1448
20270420|0437|0609|1304|1648|1949|2114|13 Zilkade 1448
20270421|0436|0607|1304|1648|1950|2116|14 Zilkade 1448
20270422|0434|0606|1304|1649|1951|2117|15 Zilkade 1448
20270423|0432|0605|1303|1649|1952|2118|16 Zilkade 1448
20270424|0430|0603|1303|1649|1953|2120|17 Zilkade 1448
20270425|0428|0602|1303|1650|1954|2121|18 Zilkade 1448
20270426|0427|0600|1303|1650|1955|2123|19 Zilkade 1448
20270427|0425|0559|1303|1650|1956|2124|20 Zilkade 1448
20270428|0423|0558|1302|1650|1957|2125|21 Zilkade 1448
20270429|0421|0556|1302|1651|1958|2127|22 Zilkade 1448
20270430|0420|0555|1302|1651|1959|2128|23 Zilkade 1448
20270501|0418|0554|1302|1651|2000|2130|24 Zilkade 1448
20270502|0416|0553|1302|1651|2001|2131|25 Zilkade 1448
20270503|0414|0551|1302|1652|2002|2133|26 Zilkade 1448
20270504|0413|0550|1302|1652|2003|2134|27 Zilkade 1448
20270505|0411|0549|1302|1652|2004|2135|28 Zilkade 1448
20270506|0409|0548|1302|1652|2005|2137|29 Zilkade 1448
20270507|0408|0547|1301|1653|2006|2138|1 Zilhicce 1448
20270508|0406|0546|1301|1653|2007|2140|2 Zilhicce 1448
20270509|0405|0545|1301|1653|2008|2141|3 Zilhicce 1448
20270510|0403|0543|1301|1653|2009|2143|4 Zilhicce 1448
20270511|0402|0542|1301|1654|2010|2144|5 Zilhicce 1448
20270512|0400|0541|1301|1654|2011|2145|6 Zilhicce 1448
20270513|0358|0540|1301|1654|2012|2147|7 Zilhicce 1448
20270514|0357|0539|1301|1654|2013|2148|8 Zilhicce 1448
20270515|0356|0538|1301|1655|2014|2150|9 Zilhicce 1448
20270516|0354|0538|1301|1655|2015|2151|10 Zilhicce 1448
20270517|0353|0537|1301|1655|2016|2152|11 Zilhicce 1448
20270518|0351|0536|1301|1655|2017|2154|12 Zilhicce 1448
20270519|0350|0535|1301|1656|2018|2155|13 Zilhicce 1448
20270520|0349|0534|1301|1656|2019|2157|14 Zilhicce 1448
20270521|0347|0533|1301|1656|2020|2158|15 Zilhicce 1448
20270522|0346|0533|1302|1656|2020|2159|16 Zilhicce 1448
20270523|0345|0532|1302|1657|2021|2201|17 Zilhicce 1448
20270524|0344|0531|1302|1657|2022|2202|18 Zilhicce 1448
20270525|0342|0531|1302|1657|2023|2203|19 Zilhicce 1448
20270526|0341|0530|1302|1657|2024|2204|20 Zilhicce 1448
20270527|0340|0529|1302|1658|2025|2206|21 Zilhicce 1448
20270528|0339|0529|1302|1658|2026|2207|22 Zilhicce 1448
20270529|0338|0528|1302|1658|2026|2208|23 Zilhicce 1448
20270530|0337|0528|1302|1659|2027|2209|24 Zilhicce 1448
20270531|0336|0527|1302|1659|2028|2210|25 Zilhicce 1448
20270601|0335|0527|1303|1659|2029|2212|26 Zilhicce 1448
20270602|0335|0526|1303|1659|2029|2213|27 Zilhicce 1448
20270603|0334|0526|1303|1700|2030|2214|28 Zilhicce 1448
20270604|0333|0526|1303|1700|2031|2215|29 Zilhicce 1448
20270605|0332|0525|1303|1700|2031|2216|30 Zilhicce 1448
20270606|0332|0525|1303|1700|2032|2217|1 Muharrem 1449
20270607|0331|0525|1304|1701|2033|2218|2 Muharrem 1449
20270608|0331|0524|1304|1701|2033|2218|3 Muharrem 1449
20270609|0330|0524|1304|1701|2034|2219|4 Muharrem 1449
20270610|0330|0524|1304|1701|2034|2220|5 Muharrem 1449
20270611|0329|0524|1304|1702|2035|2221|6 Muharrem 1449
20270612|0329|0524|1305|1702|2035|2222|7 Muharrem 1449
20270613|0329|0524|1305|1702|2036|2222|8 Muharrem 1449
20270614|0329|0524|1305|1702|2036|2223|9 Muharrem 1449
20270615|0328|0524|1305|1703|2037|2223|10 Muharrem 1449
20270616|0328|0524|1305|1703|2037|2224|11 Muharrem 1449
20270617|0328|0524|1306|1703|2038|2224|12 Muharrem 1449
20270618|0328|0524|1306|1703|2038|2225|13 Muharrem 1449
20270619|0328|0524|1306|1704|2038|2225|14 Muharrem 1449
20270620|0328|0524|1306|1704|2038|2226|15 Muharrem 1449
20270621|0328|0524|1307|1704|2039|2226|16 Muharrem 1449
20270622|0329|0525|1307|1704|2039|2226|17 Muharrem 1449
20270623|0329|0525|1307|1705|2039|2226|18 Muharrem 1449
20270624|0329|0525|1307|1705|2039|2226|19 Muharrem 1449
20270625|0330|0526|1307|1705|2039|2226|20 Muharrem 1449
20270626|0330|0526|1308|1705|2039|2226|21 Muharrem 1449
20270627|0331|0526|1308|1705|2040|2226|22 Muharrem 1449
20270628|0331|0527|1308|1705|2040|2226|23 Muharrem 1449
20270629|0332|0527|1308|1706|2040|2226|24 Muharrem 1449
20270630|0332|0527|1308|1706|2040|2226|25 Muharrem 1449
20270701|0333|0528|1309|1706|2039|2226|26 Muharrem 1449
20270702|0334|0528|1309|1706|2039|2225|27 Muharrem 1449
20270703|0334|0529|1309|1706|2039|2225|28 Muharrem 1449
20270704|0335|0529|1309|1706|2039|2225|29 Muharrem 1449
20270705|0336|0530|1309|1706|2039|2224|1 Safer 1449
20270706|0337|0531|1310|1707|2039|2224|2 Safer 1449
20270707|0338|0531|1310|1707|2038|2223|3 Safer 1449
20270708|0339|0532|1310|1707|2038|2223|4 Safer 1449
20270709|0340|0532|1310|1707|2038|2222|5 Safer 1449
20270710|0341|0533|1310|1707|2037|2221|6 Safer 1449
20270711|0342|0534|1310|1707|2037|2220|7 Safer 1449
20270712|0343|0534|1310|1707|2037|2220|8 Safer 1449
20270713|0344|0535|1311|1707|2036|2219|9 Safer 1449
20270714|0345|0536|1311|1707|2036|2218|10 Safer 1449
20270715|0347|0537|1311|1707|2035|2217|11 Safer 1449
20270716|0348|0537|1311|1707|2035|2216|12 Safer 1449
20270717|0349|0538|1311|1707|2034|2215|13 Safer 1449
20270718|0350|0539|1311|1707|2033|2214|14 Safer 1449
20270719|0352|0540|1311|1707|2033|2213|15 Safer 1449
20270720|0353|0541|1311|1707|2032|2212|16 Safer 1449
20270721|0354|0541|1311|1706|2031|2211|17 Safer 1449
20270722|0356|0542|1311|1706|2031|2210|18 Safer 1449
20270723|0357|0543|1311|1706|2030|2208|19 Safer 1449
20270724|0358|0544|1311|1706|2029|2207|20 Safer 1449
20270725|0400|0545|1311|1706|2028|2206|21 Safer 1449
20270726|0401|0546|1311|1706|2027|2204|22 Safer 1449
20270727|0402|0547|1311|1705|2026|2203|23 Safer 1449
20270728|0404|0547|1311|1705|2026|2202|24 Safer 1449
20270729|0405|0548|1311|1705|2025|2200|25 Safer 1449
20270730|0407|0549|1311|1705|2024|2159|26 Safer 1449
20270731|0408|0550|1311|1704|2023|2157|27 Safer 1449
20270801|0409|0551|1311|1704|2022|2156|28 Safer 1449
20270802|0411|0552|1311|1704|2021|2155|29 Safer 1449
20270803|0412|0553|1311|1703|2019|2153|1 Rebiulevvel 1449
20270804|0414|0554|1311|1703|2018|2151|2 Rebiulevvel 1449
20270805|0415|0555|1311|1703|2017|2150|3 Rebiulevvel 1449
20270806|0417|0556|1311|1702|2016|2148|4 Rebiulevvel 1449
20270807|0418|0557|1311|1702|2015|2147|5 Rebiulevvel 1449
20270808|0419|0558|1311|1701|2014|2145|6 Rebiulevvel 1449
20270809|0421|0558|1311|1701|2013|2143|7 Rebiulevvel 1449
20270810|0422|0559|1310|1700|2011|2142|8 Rebiulevvel 1449
20270811|0424|0600|1310|1700|2010|2140|9 Rebiulevvel 1449
20270812|0425|0601|1310|1659|2009|2138|10 Rebiulevvel 1449
20270813|0427|0602|1310|1659|2008|2137|11 Rebiulevvel 1449
20270814|0428|0603|1310|1658|2006|2135|12 Rebiulevvel 1449
20270815|0429|0604|1310|1658|2005|2133|13 Rebiulevvel 1449
20270816|0431|0605|1309|1657|2004|2132|14 Rebiulevvel 1449
20270817|0432|0606|1309|1656|2002|2130|15 Rebiulevvel 1449
20270818|0433|0607|1309|1656|2001|2128|16 Rebiulevvel 1449
20270819|0435|0608|1309|1655|1959|2126|17 Rebiulevvel 1449
20270820|0436|0609|1308|1654|1958|2124|18 Rebiulevvel 1449
20270821|0438|0610|1308|1654|1957|2123|19 Rebiulevvel 1449
20270822|0439|0611|1308|1653|1955|2121|20 Rebiulevvel 1449
20270823|0440|0612|1308|1652|1954|2119|21 Rebiulevvel 1449
20270824|0442|0613|1307|1652|1952|2117|22 Rebiulevvel 1449
20270825|0443|0614|1307|1651|1951|2115|23 Rebiulevvel 1449
20270826|0444|0615|1307|1650|1949|2114|24 Rebiulevvel 1449
20270827|0445|0616|1307|1649|1948|2112|25 Rebiulevvel 1449
20270828|0447|0616|1306|1648|1946|2110|26 Rebiulevvel 1449
20270829|0448|0617|1306|1648|1945|2108|27 Rebiulevvel 1449
20270830|0449|0618|1306|1647|1943|2106|28 Rebiulevvel 1449
20270831|0451|0619|1305|1646|1942|2104|29 Rebiulevvel 1449
20270901|0452|0620|1305|1645|1940|2103|30 Rebiulevvel 1449
20270902|0453|0621|1305|1644|1938|2101|1 Rebiulahir 1449
20270903|0454|0622|1304|1643|1937|2059|2 Rebiulahir 1449
20270904|0456|0623|1304|1642|1935|2057|3 Rebiulahir 1449
20270905|0457|0624|1304|1641|1934|2055|4 Rebiulahir 1449
20270906|0458|0625|1303|1640|1932|2053|5 Rebiulahir 1449
20270907|0459|0626|1303|1639|1931|2052|6 Rebiulahir 1449
20270908|0500|0627|1303|1638|1929|2050|7 Rebiulahir 1449
20270909|0501|0628|1302|1637|1927|2048|8 Rebiulahir 1449
20270910|0503|0629|1302|1636|1926|2046|9 Rebiulahir 1449
20270911|0504|0630|1302|1635|1924|2044|10 Rebiulahir 1449
20270912|0505|0631|1301|1634|1922|2042|11 Rebiulahir 1449
20270913|0506|0631|1301|1633|1921|2040|12 Rebiulahir 1449
20270914|0507|0632|1301|1632|1919|2039|13 Rebiulahir 1449
20270915|0508|0633|1300|1631|1917|2037|14 Rebiulahir 1449
20270916|0510|0634|1300|1630|1916|2035|15 Rebiulahir 1449
20270917|0511|0635|1300|1629|1914|2033|16 Rebiulahir 1449
20270918|0512|0636|1259|1628|1912|2031|17 Rebiulahir 1449
20270919|0513|0637|1259|1627|1911|2030|18 Rebiulahir 1449
20270920|0514|0638|1259|1626|1909|2028|19 Rebiulahir 1449
20270921|0515|0639|1258|1625|1908|2026|20 Rebiulahir 1449
20270922|0516|0640|1258|1624|1906|2024|21 Rebiulahir 1449
20270923|0517|0641|1258|1622|1904|2022|22 Rebiulahir 1449
20270924|0518|0642|1257|1621|1903|2021|23 Rebiulahir 1449
20270925|0519|0643|1257|1620|1901|2019|24 Rebiulahir 1449
20270926|0520|0644|1256|1619|1859|2017|25 Rebiulahir 1449
20270927|0521|0645|1256|1618|1858|2016|26 Rebiulahir 1449
20270928|0522|0646|1256|1617|1856|2014|27 Rebiulahir 1449
20270929|0523|0647|1255|1616|1854|2012|28 Rebiulahir 1449
20270930|0525|0648|1255|1614|1853|2010|29 Rebiulahir 1449
20271001|0526|0649|1255|1613|1851|2009|1 Cemaziyelevvel 1449
20271002|0527|0650|1254|1612|1849|2007|2 Cemaziyelevvel 1449
20271003|0528|0651|1254|1611|1848|2005|3 Cemaziyelevvel 1449
20271004|0529|0651|1254|1610|1846|2004|4 Cemaziyelevvel 1449
20271005|0530|0652|1254|1609|1845|2002|5 Cemaziyelevvel 1449
20271006|0531|0653|1253|1607|1843|2001|6 Cemaziyelevvel 1449
20271007|0532|0654|1253|1606|1841|1959|7 Cemaziyelevvel 1449
20271008|0533|0655|1253|1605|1840|1957|8 Cemaziyelevvel 1449
20271009|0534|0656|1252|1604|1838|1956|9 Cemaziyelevvel 1449
20271010|0535|0657|1252|1603|1837|1954|10 Cemaziyelevvel 1449
20271011|0536|0659|1252|1602|1835|1953|11 Cemaziyelevvel 1449
20271012|0537|0700|1252|1600|1834|1951|12 Cemaziyelevvel 1449
20271013|0538|0701|1251|1559|1832|1950|13 Cemaziyelevvel 1449
20271014|0539|0702|1251|1558|1831|1948|14 Cemaziyelevvel 1449
20271015|0540|0703|1251|1557|1829|1947|15 Cemaziyelevvel 1449
20271016|0541|0704|1251|1556|1828|1945|16 Cemaziyelevvel 1449
20271017|0542|0705|1250|1555|1826|1944|17 Cemaziyelevvel 1449
20271018|0543|0706|1250|1554|1825|1942|18 Cemaziyelevvel 1449
20271019|0544|0707|1250|1553|1823|1941|19 Cemaziyelevvel 1449
20271020|0545|0708|1250|1551|1822|1940|20 Cemaziyelevvel 1449
20271021|0546|0709|1250|1550|1820|1938|21 Cemaziyelevvel 1449
20271022|0547|0710|1249|1549|1819|1937|22 Cemaziyelevvel 1449
20271023|0548|0711|1249|1548|1818|1936|23 Cemaziyelevvel 1449
20271024|0549|0712|1249|1547|1816|1934|24 Cemaziyelevvel 1449
20271025|0550|0713|1249|1546|1815|1933|25 Cemaziyelevvel 1449
20271026|0551|0714|1249|1545|1813|1932|26 Cemaziyelevvel 1449
20271027|0552|0716|1249|1544|1812|1931|27 Cemaziyelevvel 1449
20271028|0553|0717|1249|1543|1811|1930|28 Cemaziyelevvel 1449
20271029|0554|0718|1249|1542|1810|1928|29 Cemaziyelevvel 1449
20271030|0555|0719|1249|1541|1808|1927|30 Cemaziyelevvel 1449
20271031|0556|0720|1249|1540|1807|1926|1 Cemaziyelahir 1449
20271101|0557|0721|1248|1539|1806|1925|2 Cemaziyelahir 1449
20271102|0558|0722|1248|1538|1805|1924|3 Cemaziyelahir 1449
20271103|0559|0723|1248|1537|1804|1923|4 Cemaziyelahir 1449
20271104|0600|0724|1248|1536|1802|1922|5 Cemaziyelahir 1449
20271105|0601|0726|1248|1535|1801|1921|6 Cemaziyelahir 1449
20271106|0602|0727|1248|1535|1800|1920|7 Cemaziyelahir 1449
20271107|0603|0728|1249|1534|1759|1919|8 Cemaziyelahir 1449
20271108|0604|0729|1249|1533|1758|1918|9 Cemaziyelahir 1449
20271109|0605|0730|1249|1532|1757|1917|10 Cemaziyelahir 1449
20271110|0606|0731|1249|1531|1756|1917|11 Cemaziyelahir 1449
20271111|0607|0732|1249|1531|1755|1916|12 Cemaziyelahir 1449
20271112|0608|0734|1249|1530|1754|1915|13 Cemaziyelahir 1449
20271113|0609|0735|1249|1529|1753|1914|14 Cemaziyelahir 1449
20271114|0610|0736|1249|1528|1752|1914|15 Cemaziyelahir 1449
20271115|0611|0737|1249|1528|1752|1913|16 Cemaziyelahir 1449
20271116|0612|0738|1250|1527|1751|1912|17 Cemaziyelahir 1449
20271117|0613|0739|1250|1527|1750|1912|18 Cemaziyelahir 1449
20271118|0614|0740|1250|1526|1749|1911|19 Cemaziyelahir 1449
20271119|0614|0742|1250|1525|1749|1910|20 Cemaziyelahir 1449
20271120|0615|0743|1250|1525|1748|1910|21 Cemaziyelahir 1449
20271121|0616|0744|1251|1524|1747|1909|22 Cemaziyelahir 1449
20271122|0617|0745|1251|1524|1747|1909|23 Cemaziyelahir 1449
20271123|0618|0746|1251|1523|1746|1909|24 Cemaziyelahir 1449
20271124|0619|0747|1251|1523|1746|1908|25 Cemaziyelahir 1449
20271125|0620|0748|1252|1523|1745|1908|26 Cemaziyelahir 1449
20271126|0621|0749|1252|1522|1745|1907|27 Cemaziyelahir 1449
20271127|0622|0750|1252|1522|1744|1907|28 Cemaziyelahir 1449
20271128|0623|0751|1253|1522|1744|1907|29 Cemaziyelahir 1449
20271129|0624|0753|1253|1521|1743|1907|1 Recep 1449
20271130|0625|0754|1253|1521|1743|1906|2 Recep 1449
20271201|0626|0755|1254|1521|1743|1906|3 Recep 1449
20271202|0626|0756|1254|1521|1742|1906|4 Recep 1449
20271203|0627|0757|1254|1521|1742|1906|5 Recep 1449
20271204|0628|0758|1255|1521|1742|1906|6 Recep 1449
20271205|0629|0758|1255|1521|1742|1906|7 Recep 1449
20271206|0630|0759|1256|1521|1742|1906|8 Recep 1449
20271207|0631|0800|1256|1521|1742|1906|9 Recep 1449
20271208|0631|0801|1256|1521|1742|1906|10 Recep 1449
20271209|0632|0802|1257|1521|1742|1906|11 Recep 1449
20271210|0633|0803|1257|1521|1742|1906|12 Recep 1449
20271211|0634|0804|1258|1521|1742|1906|13 Recep 1449
20271212|0634|0805|1258|1521|1742|1907|14 Recep 1449
20271213|0635|0805|1259|1521|1742|1907|15 Recep 1449
20271214|0636|0806|1259|1522|1742|1907|16 Recep 1449
20271215|0636|0807|1300|1522|1743|1907|17 Recep 1449
20271216|0637|0807|1300|1522|1743|1908|18 Recep 1449
20271217|0638|0808|1301|1522|1743|1908|19 Recep 1449
20271218|0638|0809|1301|1523|1743|1908|20 Recep 1449
20271219|0639|0809|1302|1523|1744|1909|21 Recep 1449
20271220|0639|0810|1302|1524|1744|1909|22 Recep 1449
20271221|0640|0811|1303|1524|1745|1910|23 Recep 1449
20271222|0641|0811|1303|1525|1745|1910|24 Recep 1449
20271223|0641|0812|1304|1525|1746|1911|25 Recep 1449
20271224|0641|0812|1304|1526|1746|1911|26 Recep 1449
20271225|0642|0812|1305|1526|1747|1912|27 Recep 1449
20271226|0642|0813|1305|1527|1747|1912|28 Recep 1449
20271227|0643|0813|1306|1527|1748|1913|29 Recep 1449
20271228|0643|0813|1306|1528|1749|1914|30 Recep 1449
20271229|0643|0814|1307|1529|1749|1914|1 Şaban 1449
20271230|0644|0814|1307|1529|1750|1915|2 Şaban 1449
20271231|0644|0814|1308|1530|1751|1916|3 Şaban 1449
#@9299|Gölpazarı|BILECIK|730
20260101|0644|0814|1307|1529|1750|1915|12 Recep 1447
20260102|0644|0815|1308|1530|1751|1916|13 Recep 1447
20260103|0644|0815|1308|1531|1751|1917|14 Recep 1447
20260104|0644|0815|1309|1531|1752|1917|15 Recep 1447
20260105|0644|0815|1309|1532|1753|1918|16 Recep 1447
20260106|0644|0815|1309|1533|1754|1919|17 Recep 1447
20260107|0644|0815|1310|1534|1755|1920|18 Recep 1447
20260108|0644|0814|1310|1535|1756|1921|19 Recep 1447
20260109|0644|0814|1311|1536|1757|1922|20 Recep 1447
20260110|0644|0814|1311|1537|1758|1922|21 Recep 1447
20260111|0644|0814|1311|1538|1759|1923|22 Recep 1447
20260112|0644|0814|1312|1538|1800|1924|23 Recep 1447
20260113|0644|0813|1312|1539|1801|1925|24 Recep 1447
20260114|0644|0813|1313|1540|1802|1926|25 Recep 1447
20260115|0644|0813|1313|1541|1803|1927|26 Recep 1447
20260116|0643|0812|1313|1542|1804|1928|27 Recep 1447
20260117|0643|0812|1314|1543|1806|1929|28 Recep 1447
20260118|0643|0811|1314|1544|1807|1930|29 Recep 1447
20260119|0642|0811|1314|1545|1808|1931|30 Recep 1447
20260120|0642|0810|1315|1546|1809|1932|1 Şaban 1447
20260121|0642|0810|1315|1547|1810|1933|2 Şaban 1447
20260122|0641|0809|1315|1548|1811|1934|3 Şaban 1447
20260123|0641|0808|1315|1549|1813|1935|4 Şaban 1447
20260124|0640|0808|1316|1550|1814|1936|5 Şaban 1447
20260125|0640|0807|1316|1551|1815|1937|6 Şaban 1447
20260126|0639|0806|1316|1552|1816|1938|7 Şaban 1447
20260127|0638|0806|1316|1553|1817|1939|8 Şaban 1447
20260128|0638|0805|1317|1554|1819|1940|9 Şaban 1447
20260129|0637|0804|1317|1555|1820|1941|10 Şaban 1447
20260130|0636|0803|1317|1557|1821|1942|11 Şaban 1447
20260131|0636|0802|1317|1558|1822|1943|12 Şaban 1447
20260201|0635|0801|1317|1559|1823|1944|13 Şaban 1447
20260202|0634|0800|1317|1600|1825|1945|14 Şaban 1447
20260203|0633|0759|1318|1601|1826|1946|15 Şaban 1447
20260204|0632|0758|1318|1602|1827|1948|16 Şaban 1447
20260205|0632|0757|1318|1603|1828|1949|17 Şaban 1447
20260206|0631|0756|1318|1604|1829|1950|18 Şaban 1447
20260207|0630|0755|1318|1605|1831|1951|19 Şaban 1447
20260208|0629|0754|1318|1605|1832|1952|20 Şaban 1447
20260209|0628|0753|1318|1606|1833|1953|21 Şaban 1447
20260210|0627|0752|1318|1607|1834|1954|22 Şaban 1447
20260211|0626|0751|1318|1608|1835|1955|23 Şaban 1447
20260212|0625|0749|1318|1609|1837|1956|24 Şaban 1447
20260213|0624|0748|1318|1610|1838|1957|25 Şaban 1447
20260214|0622|0747|1318|1611|1839|1958|26 Şaban 1447
20260215|0621|0746|1318|1612|1840|1959|27 Şaban 1447
20260216|0620|0744|1318|1613|1841|2000|28 Şaban 1447
20260217|0619|0743|1318|1614|1843|2002|29 Şaban 1447
20260218|0618|0742|1318|1615|1844|2003|30 Şaban 1447
20260219|0616|0740|1318|1616|1845|2004|1 Ramazan 1447
20260220|0615|0739|1318|1616|1846|2005|2 Ramazan 1447
20260221|0614|0738|1317|1617|1847|2006|3 Ramazan 1447
20260222|0612|0736|1317|1618|1848|2007|4 Ramazan 1447
20260223|0611|0735|1317|1619|1850|2008|5 Ramazan 1447
20260224|0610|0733|1317|1620|1851|2009|6 Ramazan 1447
20260225|0608|0732|1317|1621|1852|2010|7 Ramazan 1447
20260226|0607|0730|1317|1621|1853|2011|8 Ramazan 1447
20260227|0606|0729|1317|1622|1854|2012|9 Ramazan 1447
20260228|0604|0727|1316|1623|1855|2013|10 Ramazan 1447
20260301|0603|0726|1316|1624|1856|2014|11 Ramazan 1447
20260302|0601|0724|1316|1624|1858|2016|12 Ramazan 1447
20260303|0600|0723|1316|1625|1859|2017|13 Ramazan 1447
20260304|0558|0721|1316|1626|1900|2018|14 Ramazan 1447
20260305|0557|0720|1315|1626|1901|2019|15 Ramazan 1447
20260306|0555|0718|1315|1627|1902|2020|16 Ramazan 1447
20260307|0553|0717|1315|1628|1903|2021|17 Ramazan 1447
20260308|0552|0715|1315|1628|1904|2022|18 Ramazan 1447
20260309|0550|0714|1314|1629|1905|2023|19 Ramazan 1447
20260310|0549|0712|1314|1630|1906|2024|20 Ramazan 1447
20260311|0547|0710|1314|1630|1907|2025|21 Ramazan 1447
20260312|0545|0709|1314|1631|1908|2027|22 Ramazan 1447
20260313|0544|0707|1313|1632|1910|2028|23 Ramazan 1447
20260314|0542|0706|1313|1632|1911|2029|24 Ramazan 1447
20260315|0540|0704|1313|1633|1912|2030|25 Ramazan 1447
20260316|0539|0702|1313|1633|1913|2031|26 Ramazan 1447
20260317|0537|0701|1312|1634|1914|2032|27 Ramazan 1447
20260318|0535|0659|1312|1634|1915|2033|28 Ramazan 1447
20260319|0533|0657|1312|1635|1916|2035|29 Ramazan 1447
20260320|0532|0656|1311|1636|1917|2036|1 Şevval 1447
20260321|0530|0654|1311|1636|1918|2037|2 Şevval 1447
20260322|0528|0653|1311|1637|1919|2038|3 Şevval 1447
20260323|0526|0651|1310|1637|1920|2039|4 Şevval 1447
20260324|0525|0649|1310|1637|1921|2040|5 Şevval 1447
20260325|0523|0648|1310|1638|1922|2041|6 Şevval 1447
20260326|0521|0646|1310|1638|1923|2043|7 Şevval 1447
20260327|0519|0644|1309|1639|1924|2044|8 Şevval 1447
20260328|0517|0643|1309|1639|1925|2045|9 Şevval 1447
20260329|0516|0641|1309|1640|1926|2046|10 Şevval 1447
20260330|0514|0639|1308|1640|1927|2047|11 Şevval 1447
20260331|0512|0638|1308|1641|1928|2049|12 Şevval 1447
20260401|0510|0636|1308|1641|1929|2050|13 Şevval 1447
20260402|0508|0635|1307|1641|1930|2051|14 Şevval 1447
20260403|0506|0633|1307|1642|1931|2052|15 Şevval 1447
20260404|0504|0631|1307|1642|1932|2054|16 Şevval 1447
20260405|0503|0630|1307|1643|1933|2055|17 Şevval 1447
20260406|0501|0628|1306|1643|1934|2056|18 Şevval 1447
20260407|0459|0627|1306|1643|1936|2057|19 Şevval 1447
20260408|0457|0625|1306|1644|1937|2059|20 Şevval 1447
20260409|0455|0623|1305|1644|1938|2100|21 Şevval 1447
20260410|0453|0622|1305|1644|1939|2101|22 Şevval 1447
20260411|0451|0620|1305|1645|1940|2103|23 Şevval 1447
20260412|0450|0619|1305|1645|1941|2104|24 Şevval 1447
20260413|0448|0617|1304|1645|1942|2105|25 Şevval 1447
20260414|0446|0616|1304|1646|1943|2107|26 Şevval 1447
20260415|0444|0614|1304|1646|1944|2108|27 Şevval 1447
20260416|0442|0613|1304|1646|1945|2109|28 Şevval 1447
20260417|0440|0611|1303|1647|1946|2111|29 Şevval 1447
20260418|0438|0610|1303|1647|1947|2112|1 Zilkade 1447
20260419|0436|0608|1303|1647|1948|2113|2 Zilkade 1447
20260420|0435|0607|1303|1647|1949|2115|3 Zilkade 1447
20260421|0433|0605|1303|1648|1950|2116|4 Zilkade 1447
20260422|0431|0604|1302|1648|1951|2118|5 Zilkade 1447
20260423|0429|0602|1302|1648|1952|2119|6 Zilkade 1447
20260424|0427|0601|1302|1649|1953|2120|7 Zilkade 1447
20260425|0425|0600|1302|1649|1954|2122|8 Zilkade 1447
20260426|0424|0558|1302|1649|1955|2123|9 Zilkade 1447
20260427|0422|0557|1301|1649|1956|2125|10 Zilkade 1447
20260428|0420|0556|1301|1650|1957|2126|11 Zilkade 1447
20260429|0418|0554|1301|1650|1958|2128|12 Zilkade 1447
20260430|0417|0553|1301|1650|1959|2129|13 Zilkade 1447
20260501|0415|0552|1301|1651|2000|2130|14 Zilkade 1447
20260502|0413|0550|1301|1651|2001|2132|15 Zilkade 1447
20260503|0411|0549|1301|1651|2002|2133|16 Zilkade 1447
20260504|0410|0548|1301|1651|2003|2135|17 Zilkade 1447
20260505|0408|0547|1301|1652|2004|2136|18 Zilkade 1447
20260506|0406|0546|1300|1652|2005|2138|19 Zilkade 1447
20260507|0405|0545|1300|1652|2006|2139|20 Zilkade 1447
20260508|0403|0543|1300|1652|2007|2141|21 Zilkade 1447
20260509|0401|0542|1300|1653|2008|2142|22 Zilkade 1447
20260510|0400|0541|1300|1653|2009|2144|23 Zilkade 1447
20260511|0358|0540|1300|1653|2010|2145|24 Zilkade 1447
20260512|0357|0539|1300|1653|2011|2147|25 Zilkade 1447
20260513|0355|0538|1300|1654|2012|2148|26 Zilkade 1447
20260514|0354|0537|1300|1654|2013|2149|27 Zilkade 1447
20260515|0352|0536|1300|1654|2014|2151|28 Zilkade 1447
20260516|0351|0535|1300|1654|2015|2152|29 Zilkade 1447
20260517|0349|0534|1300|1655|2016|2154|30 Zilkade 1447
20260518|0348|0533|1300|1655|2017|2155|1 Zilhicce 1447
20260519|0346|0533|1300|1655|2018|2157|2 Zilhicce 1447
20260520|0345|0532|1300|1656|2019|2158|3 Zilhicce 1447
20260521|0344|0531|1300|1656|2020|2159|4 Zilhicce 1447
20260522|0342|0530|1300|1656|2021|2201|5 Zilhicce 1447
20260523|0341|0530|1301|1656|2022|2202|6 Zilhicce 1447
20260524|0340|0529|1301|1657|2022|2203|7 Zilhicce 1447
20260525|0339|0528|1301|1657|2023|2205|8 Zilhicce 1447
20260526|0338|0528|1301|1657|2024|2206|9 Zilhicce 1447
20260527|0337|0527|1301|1657|2025|2207|10 Zilhicce 1447
20260528|0335|0526|1301|1658|2026|2208|11 Zilhicce 1447
20260529|0334|0526|1301|1658|2027|2210|12 Zilhicce 1447
20260530|0333|0525|1301|1658|2027|2211|13 Zilhicce 1447
20260531|0333|0525|1301|1658|2028|2212|14 Zilhicce 1447
20260601|0332|0524|1302|1659|2029|2213|15 Zilhicce 1447
20260602|0331|0524|1302|1659|2030|2214|16 Zilhicce 1447
20260603|0330|0524|1302|1659|2030|2215|17 Zilhicce 1447
20260604|0329|0523|1302|1700|2031|2216|18 Zilhicce 1447
20260605|0329|0523|1302|1700|2032|2217|19 Zilhicce 1447
20260606|0328|0523|1302|1700|2032|2218|20 Zilhicce 1447
20260607|0327|0522|1303|1700|2033|2219|21 Zilhicce 1447
20260608|0327|0522|1303|1701|2033|2220|22 Zilhicce 1447
20260609|0326|0522|1303|1701|2034|2221|23 Zilhicce 1447
20260610|0326|0522|1303|1701|2035|2222|24 Zilhicce 1447
20260611|0325|0522|1303|1701|2035|2222|25 Zilhicce 1447
20260612|0325|0522|1304|1702|2036|2223|26 Zilhicce 1447
20260613|0325|0521|1304|1702|2036|2224|27 Zilhicce 1447
20260614|0325|0521|1304|1702|2037|2224|28 Zilhicce 1447
20260615|0324|0521|1304|1702|2037|2225|29 Zilhicce 1447
20260616|0324|0522|1304|1703|2037|2226|1 Muharrem 1448
20260617|0324|0522|1305|1703|2038|2226|2 Muharrem 1448
20260618|0324|0522|1305|1703|2038|2226|3 Muharrem 1448
20260619|0324|0522|1305|1703|2038|2227|4 Muharrem 1448
20260620|0324|0522|1305|1704|2039|2227|5 Muharrem 1448
20260621|0325|0522|1305|1704|2039|2227|6 Muharrem 1448
20260622|0325|0522|1306|1704|2039|2228|7 Muharrem 1448
20260623|0325|0523|1306|1704|2039|2228|8 Muharrem 1448
20260624|0325|0523|1306|1704|2039|2228|9 Muharrem 1448
20260625|0326|0523|1306|1705|2040|2228|10 Muharrem 1448
20260626|0326|0524|1307|1705|2040|2228|11 Muharrem 1448
20260627|0327|0524|1307|1705|2040|2228|12 Muharrem 1448
20260628|0327|0524|1307|1705|2040|2228|13 Muharrem 1448
20260629|0328|0525|1307|1705|2040|2228|14 Muharrem 1448
20260630|0329|0525|1307|1706|2040|2227|15 Muharrem 1448
20260701|0329|0526|1308|1706|2040|2227|16 Muharrem 1448
20260702|0330|0526|1308|1706|2039|2227|17 Muharrem 1448
20260703|0331|0527|1308|1706|2039|2226|18 Muharrem 1448
20260704|0332|0527|1308|1706|2039|2226|19 Muharrem 1448
20260705|0333|0528|1308|1706|2039|2225|20 Muharrem 1448
20260706|0333|0528|1309|1706|2039|2225|21 Muharrem 1448
20260707|0334|0529|1309|1706|2038|2224|22 Muharrem 1448
20260708|0335|0530|1309|1706|2038|2224|23 Muharrem 1448
20260709|0336|0530|1309|1706|2038|2223|24 Muharrem 1448
20260710|0337|0531|1309|1707|2037|2222|25 Muharrem 1448
20260711|0339|0532|1309|1707|2037|2222|26 Muharrem 1448
20260712|0340|0532|1309|1707|2036|2221|27 Muharrem 1448
20260713|0341|0533|1310|1707|2036|2220|28 Muharrem 1448
20260714|0342|0534|1310|1707|2036|2219|29 Muharrem 1448
20260715|0343|0535|1310|1706|2035|2218|1 Safer 1448
20260716|0345|0535|1310|1706|2034|2217|2 Safer 1448
20260717|0346|0536|1310|1706|2034|2216|3 Safer 1448
20260718|0347|0537|1310|1706|2033|2215|4 Safer 1448
20260719|0348|0538|1310|1706|2032|2214|5 Safer 1448
20260720|0350|0539|1310|1706|2032|2213|6 Safer 1448
20260721|0351|0539|1310|1706|2031|2211|7 Safer 1448
20260722|0352|0540|1310|1706|2030|2210|8 Safer 1448
20260723|0354|0541|1310|1706|2030|2209|9 Safer 1448
20260724|0355|0542|1310|1705|2029|2208|10 Safer 1448
20260725|0357|0543|1310|1705|2028|2206|11 Safer 1448
20260726|0358|0544|1310|1705|2027|2205|12 Safer 1448
20260727|0400|0545|1310|1705|2026|2204|13 Safer 1448
20260728|0401|0546|1310|1705|2025|2202|14 Safer 1448
20260729|0402|0546|1310|1704|2024|2201|15 Safer 1448
20260730|0404|0547|1310|1704|2023|2159|16 Safer 1448
20260731|0405|0548|1310|1704|2022|2158|17 Safer 1448
20260801|0407|0549|1310|1703|2021|2156|18 Safer 1448
20260802|0408|0550|1310|1703|2020|2155|19 Safer 1448
20260803|0410|0551|1310|1703|2019|2153|20 Safer 1448
20260804|0411|0552|1310|1702|2018|2152|21 Safer 1448
20260805|0413|0553|1310|1702|2017|2150|22 Safer 1448
20260806|0414|0554|1310|1701|2016|2148|23 Safer 1448
20260807|0415|0555|1310|1701|2014|2147|24 Safer 1448
20260808|0417|0556|1310|1701|2013|2145|25 Safer 1448
20260809|0418|0557|1309|1700|2012|2144|26 Safer 1448
20260810|0420|0558|1309|1700|2011|2142|27 Safer 1448
20260811|0421|0559|1309|1659|2009|2140|28 Safer 1448
20260812|0423|0600|1309|1658|2008|2138|29 Safer 1448
20260813|0424|0601|1309|1658|2007|2137|30 Safer 1448
20260814|0426|0602|1309|1657|2006|2135|1 Rebiulevvel 1448
20260815|0427|0603|1308|1657|2004|2133|2 Rebiulevvel 1448
20260816|0428|0604|1308|1656|2003|2131|3 Rebiulevvel 1448
20260817|0430|0605|1308|1656|2001|2130|4 Rebiulevvel 1448
20260818|0431|0605|1308|1655|2000|2128|5 Rebiulevvel 1448
20260819|0433|0606|1308|1654|1959|2126|6 Rebiulevvel 1448
20260820|0434|0607|1307|1653|1957|2124|7 Rebiulevvel 1448
20260821|0435|0608|1307|1653|1956|2122|8 Rebiulevvel 1448
20260822|0437|0609|1307|1652|1954|2121|9 Rebiulevvel 1448
20260823|0438|0610|1307|1651|1953|2119|10 Rebiulevvel 1448
20260824|0439|0611|1306|1651|1951|2117|11 Rebiulevvel 1448
20260825|0441|0612|1306|1650|1950|2115|12 Rebiulevvel 1448
20260826|0442|0613|1306|1649|1948|2113|13 Rebiulevvel 1448
20260827|0443|0614|1305|1648|1947|2111|14 Rebiulevvel 1448
20260828|0445|0615|1305|1647|1945|2110|15 Rebiulevvel 1448
20260829|0446|0616|1305|1646|1944|2108|16 Rebiulevvel 1448
20260830|0447|0617|1305|1646|1942|2106|17 Rebiulevvel 1448
20260831|0449|0618|1304|1645|1941|2104|18 Rebiulevvel 1448
20260901|0450|0619|1304|1644|1939|2102|19 Rebiulevvel 1448
20260902|0451|0620|1304|1643|1937|2100|20 Rebiulevvel 1448
20260903|0452|0621|1303|1642|1936|2058|21 Rebiulevvel 1448
20260904|0454|0622|1303|1641|1934|2056|22 Rebiulevvel 1448
20260905|0455|0623|1303|1640|1933|2055|23 Rebiulevvel 1448
20260906|0456|0624|1302|1639|1931|2053|24 Rebiulevvel 1448
20260907|0457|0625|1302|1638|1929|2051|25 Rebiulevvel 1448
20260908|0459|0626|1302|1637|1928|2049|26 Rebiulevvel 1448
20260909|0500|0627|1301|1636|1926|2047|27 Rebiulevvel 1448
20260910|0501|0628|1301|1635|1924|2045|28 Rebiulevvel 1448
20260911|0502|0628|1301|1634|1923|2043|29 Rebiulevvel 1448
20260912|0503|0629|1300|1633|1921|2042|1 Rebiulahir 1448
20260913|0505|0630|1300|1632|1919|2040|2 Rebiulahir 1448
20260914|0506|0631|1300|1631|1918|2038|3 Rebiulahir 1448
20260915|0507|0632|1259|1630|1916|2036|4 Rebiulahir 1448
20260916|0508|0633|1259|1629|1914|2034|5 Rebiulahir 1448
20260917|0509|0634|1258|1628|1913|2032|6 Rebiulahir 1448
20260918|0510|0635|1258|1627|1911|2030|7 Rebiulahir 1448
20260919|0511|0636|1258|1625|1909|2029|8 Rebiulahir 1448
20260920|0512|0637|1257|1624|1908|2027|9 Rebiulahir 1448
20260921|0514|0638|1257|1623|1906|2025|10 Rebiulahir 1448
20260922|0515|0639|1257|1622|1904|2023|11 Rebiulahir 1448
20260923|0516|0640|1256|1621|1903|2021|12 Rebiulahir 1448
20260924|0517|0641|1256|1620|1901|2020|13 Rebiulahir 1448
20260925|0518|0642|1256|1619|1859|2018|14 Rebiulahir 1448
20260926|0519|0643|1255|1617|1858|2016|15 Rebiulahir 1448
20260927|0520|0644|1255|1616|1856|2014|16 Rebiulahir 1448
20260928|0521|0645|1255|1615|1854|2013|17 Rebiulahir 1448
20260929|0522|0646|1254|1614|1853|2011|18 Rebiulahir 1448
20260930|0523|0647|1254|1613|1851|2009|19 Rebiulahir 1448
20261001|0524|0648|1254|1612|1849|2008|20 Rebiulahir 1448
20261002|0525|0649|1253|1610|1848|2006|21 Rebiulahir 1448
20261003|0526|0650|1253|1609|1846|2004|22 Rebiulahir 1448
20261004|0527|0651|1253|1608|1845|2003|23 Rebiulahir 1448
20261005|0528|0652|1252|1607|1843|2001|24 Rebiulahir 1448
20261006|0530|0653|1252|1606|1841|1959|25 Rebiulahir 1448
20261007|0531|0654|1252|1605|1840|1958|26 Rebiulahir 1448
20261008|0532|0655|1251|1603|1838|1956|27 Rebiulahir 1448
20261009|0533|0656|1251|1602|1837|1954|28 Rebiulahir 1448
20261010|0534|0657|1251|1601|1835|1953|29 Rebiulahir 1448
20261011|0535|0658|1251|1600|1833|1951|30 Rebiulahir 1448
20261012|0536|0659|1250|1559|1832|1950|1 Cemaziyelevvel 1448
20261013|0537|0700|1250|1557|1830|1948|2 Cemaziyelevvel 1448
20261014|0538|0701|1250|1556|1829|1947|3 Cemaziyelevvel 1448
20261015|0539|0702|1250|1555|1827|1945|4 Cemaziyelevvel 1448
20261016|0540|0703|1249|1554|1826|1944|5 Cemaziyelevvel 1448
20261017|0541|0704|1249|1553|1824|1942|6 Cemaziyelevvel 1448
20261018|0542|0705|1249|1552|1823|1941|7 Cemaziyelevvel 1448
20261019|0543|0706|1249|1551|1821|1940|8 Cemaziyelevvel 1448
20261020|0544|0707|1249|1549|1820|1938|9 Cemaziyelevvel 1448
20261021|0545|0709|1248|1548|1818|1937|10 Cemaziyelevvel 1448
20261022|0546|0710|1248|1547|1817|1936|11 Cemaziyelevvel 1448
20261023|0547|0711|1248|1546|1816|1934|12 Cemaziyelevvel 1448
20261024|0548|0712|1248|1545|1814|1933|13 Cemaziyelevvel 1448
20261025|0549|0713|1248|1544|1813|1932|14 Cemaziyelevvel 1448
20261026|0550|0714|1248|1543|1812|1930|15 Cemaziyelevvel 1448
20261027|0551|0715|1248|1542|1810|1929|16 Cemaziyelevvel 1448
20261028|0552|0716|1248|1541|1809|1928|17 Cemaziyelevvel 1448
20261029|0553|0717|1248|1540|1808|1927|18 Cemaziyelevvel 1448
20261030|0554|0719|1247|1539|1806|1926|19 Cemaziyelevvel 1448
20261031|0555|0720|1247|1538|1805|1925|20 Cemaziyelevvel 1448
20261101|0556|0721|1247|1537|1804|1924|21 Cemaziyelevvel 1448
20261102|0557|0722|1247|1536|1803|1922|22 Cemaziyelevvel 1448
20261103|0558|0723|1247|1535|1802|1921|23 Cemaziyelevvel 1448
20261104|0559|0724|1247|1534|1800|1920|24 Cemaziyelevvel 1448
20261105|0600|0726|1247|1533|1759|1919|25 Cemaziyelevvel 1448
20261106|0601|0727|1247|1532|1758|1918|26 Cemaziyelevvel 1448
20261107|0602|0728|1247|1532|1757|1918|27 Cemaziyelevvel 1448
20261108|0603|0729|1247|1531|1756|1917|28 Cemaziyelevvel 1448
20261109|0604|0730|1248|1530|1755|1916|29 Cemaziyelevvel 1448
20261110|0605|0731|1248|1529|1754|1915|1 Cemaziyelahir 1448
20261111|0606|0732|1248|1528|1753|1914|2 Cemaziyelahir 1448
20261112|0607|0734|1248|1528|1752|1913|3 Cemaziyelahir 1448
20261113|0608|0735|1248|1527|1751|1913|4 Cemaziyelahir 1448
20261114|0609|0736|1248|1526|1750|1912|5 Cemaziyelahir 1448
20261115|0610|0737|1248|1526|1749|1911|6 Cemaziyelahir 1448
20261116|0611|0738|1248|1525|1749|1911|7 Cemaziyelahir 1448
20261117|0612|0739|1249|1524|1748|1910|8 Cemaziyelahir 1448
20261118|0613|0741|1249|1524|1747|1909|9 Cemaziyelahir 1448
20261119|0614|0742|1249|1523|1746|1909|10 Cemaziyelahir 1448
20261120|0615|0743|1249|1523|1746|1908|11 Cemaziyelahir 1448
20261121|0616|0744|1250|1522|1745|1908|12 Cemaziyelahir 1448
20261122|0617|0745|1250|1522|1744|1907|13 Cemaziyelahir 1448
20261123|0618|0746|1250|1521|1744|1907|14 Cemaziyelahir 1448
20261124|0619|0747|1250|1521|1743|1907|15 Cemaziyelahir 1448
20261125|0620|0748|1251|1520|1743|1906|16 Cemaziyelahir 1448
20261126|0621|0750|1251|1520|1742|1906|17 Cemaziyelahir 1448
20261127|0622|0751|1251|1520|1742|1906|18 Cemaziyelahir 1448
20261128|0622|0752|1252|1520|1741|1905|19 Cemaziyelahir 1448
20261129|0623|0753|1252|1519|1741|1905|20 Cemaziyelahir 1448
20261130|0624|0754|1252|1519|1741|1905|21 Cemaziyelahir 1448
20261201|0625|0755|1253|1519|1741|1905|22 Cemaziyelahir 1448
20261202|0626|0756|1253|1519|1740|1905|23 Cemaziyelahir 1448
20261203|0627|0757|1253|1519|1740|1904|24 Cemaziyelahir 1448
20261204|0628|0758|1254|1518|1740|1904|25 Cemaziyelahir 1448
20261205|0629|0759|1254|1518|1740|1904|26 Cemaziyelahir 1448
20261206|0629|0800|1255|1518|1740|1904|27 Cemaziyelahir 1448
20261207|0630|0801|1255|1518|1740|1904|28 Cemaziyelahir 1448
20261208|0631|0801|1255|1518|1739|1904|29 Cemaziyelahir 1448
20261209|0632|0802|1256|1519|1740|1905|30 Cemaziyelahir 1448
20261210|0633|0803|1256|1519|1740|1905|1 Recep 1448
20261211|0633|0804|1257|1519|1740|1905|2 Recep 1448
20261212|0634|0805|1257|1519|1740|1905|3 Recep 1448
20261213|0635|0806|1258|1519|1740|1905|4 Recep 1448
20261214|0635|0806|1258|1519|1740|1906|5 Recep 1448
20261215|0636|0807|1259|1520|1740|1906|6 Recep 1448
20261216|0637|0808|1259|1520|1741|1906|7 Recep 1448
20261217|0637|0808|1300|1520|1741|1906|8 Recep 1448
20261218|0638|0809|1300|1521|1741|1907|9 Recep 1448
20261219|0639|0810|1301|1521|1742|1907|10 Recep 1448
20261220|0639|0810|1301|1522|1742|1908|11 Recep 1448
20261221|0640|0811|1302|1522|1743|1908|12 Recep 1448
20261222|0640|0811|1302|1522|1743|1909|13 Recep 1448
20261223|0641|0812|1303|1523|1744|1909|14 Recep 1448
20261224|0641|0812|1303|1524|1744|1910|15 Recep 1448
20261225|0641|0813|1304|1524|1745|1910|16 Recep 1448
20261226|0642|0813|1304|1525|1745|1911|17 Recep 1448
20261227|0642|0813|1305|1525|1746|1911|18 Recep 1448
20261228|0643|0814|1305|1526|1747|1912|19 Recep 1448
20261229|0643|0814|1306|1527|1747|1913|20 Recep 1448
20261230|0643|0814|1306|1527|1748|1913|21 Recep 1448
20261231|0643|0814|1307|1528|1749|1914|22 Recep 1448
20270101|0644|0814|1307|1529|1750|1915|23 Recep 1448
20270102|0644|0815|1307|1530|1750|1916|24 Recep 1448
20270103|0644|0815|1308|1530|1751|1916|25 Recep 1448
20270104|0644|0815|1308|1531|1752|1917|26 Recep 1448
20270105|0644|0815|1309|1532|1753|1918|27 Recep 1448
20270106|0644|0815|1309|1533|1754|1919|28 Recep 1448
20270107|0644|0815|1310|1534|1755|1920|29 Recep 1448
20270108|0644|0814|1310|1535|1756|1920|30 Recep 1448
20270109|0644|0814|1311|1535|1757|1921|1 Şaban 1448
20270110|0644|0814|1311|1536|1758|1922|2 Şaban 1448
20270111|0644|0814|1311|1537|1759|1923|3 Şaban 1448
20270112|0644|0814|1312|1538|1800|1924|4 Şaban 1448
20270113|0644|0813|1312|1539|1801|1925|5 Şaban 1448
20270114|0644|0813|1313|1540|1802|1926|6 Şaban 1448
20270115|0644|0813|1313|1541|1803|1927|7 Şaban 1448
20270116|0643|0812|1313|1542|1804|1928|8 Şaban 1448
20270117|0643|0812|1314|1543|1805|1929|9 Şaban 1448
20270118|0643|0811|1314|1544|1806|1930|10 Şaban 1448
20270119|0642|0811|1314|1545|1808|1931|11 Şaban 1448
20270120|0642|0810|1315|1546|1809|1932|12 Şaban 1448
20270121|0642|0810|1315|1547|1810|1933|13 Şaban 1448
20270122|0641|0809|1315|1548|1811|1934|14 Şaban 1448
20270123|0641|0809|1315|1549|1812|1935|15 Şaban 1448
20270124|0640|0808|1316|1550|1813|1936|16 Şaban 1448
20270125|0640|0807|1316|1551|1815|1937|17 Şaban 1448
20270126|0639|0807|1316|1552|1816|1938|18 Şaban 1448
20270127|0639|0806|1316|1553|1817|1939|19 Şaban 1448
20270128|0638|0805|1317|1554|1818|1940|20 Şaban 1448
20270129|0637|0804|1317|1555|1819|1941|21 Şaban 1448
20270130|0637|0803|1317|1556|1821|1942|22 Şaban 1448
20270131|0636|0802|1317|1557|1822|1943|23 Şaban 1448
20270201|0635|0801|1317|1558|1823|1944|24 Şaban 1448
20270202|0634|0800|1317|1559|1824|1945|25 Şaban 1448
20270203|0634|0800|1317|1600|1825|1946|26 Şaban 1448
20270204|0633|0759|1318|1601|1827|1947|27 Şaban 1448
20270205|0632|0757|1318|1602|1828|1948|28 Şaban 1448
20270206|0631|0756|1318|1603|1829|1949|29 Şaban 1448
20270207|0630|0755|1318|1604|1830|1950|30 Şaban 1448
20270208|0629|0754|1318|1605|1832|1952|1 Ramazan 1448
20270209|0628|0753|1318|1606|1833|1953|2 Ramazan 1448
20270210|0627|0752|1318|1607|1834|1954|3 Ramazan 1448
20270211|0626|0751|1318|1608|1835|1955|4 Ramazan 1448
20270212|0625|0750|1318|1609|1836|1956|5 Ramazan 1448
20270213|0624|0748|1318|1610|1838|1957|6 Ramazan 1448
20270214|0623|0747|1318|1611|1839|1958|7 Ramazan 1448
20270215|0622|0746|1318|1612|1840|1959|8 Ramazan 1448
20270216|0620|0745|1318|1613|1841|2000|9 Ramazan 1448
20270217|0619|0743|1318|1614|1842|2001|10 Ramazan 1448
20270218|0618|0742|1318|1614|1844|2002|11 Ramazan 1448
20270219|0617|0741|1318|1615|1845|2003|12 Ramazan 1448
20270220|0615|0739|1318|1616|1846|2004|13 Ramazan 1448
20270221|0614|0738|1317|1617|1847|2006|14 Ramazan 1448
20270222|0613|0736|1317|1618|1848|2007|15 Ramazan 1448
20270223|0611|0735|1317|1619|1849|2008|16 Ramazan 1448
20270224|0610|0734|1317|1620|1850|2009|17 Ramazan 1448
20270225|0609|0732|1317|1620|1852|2010|18 Ramazan 1448
20270226|0607|0731|1317|1621|1853|2011|19 Ramazan 1448
20270227|0606|0729|1317|1622|1854|2012|20 Ramazan 1448
20270228|0604|0728|1316|1623|1855|2013|21 Ramazan 1448
20270301|0603|0726|1316|1623|1856|2014|22 Ramazan 1448
20270302|0602|0725|1316|1624|1857|2015|23 Ramazan 1448
20270303|0600|0723|1316|1625|1858|2016|24 Ramazan 1448
20270304|0559|0722|1316|1626|1900|2017|25 Ramazan 1448
20270305|0557|0720|1315|1626|1901|2019|26 Ramazan 1448
20270306|0555|0719|1315|1627|1902|2020|27 Ramazan 1448
20270307|0554|0717|1315|1628|1903|2021|28 Ramazan 1448
20270308|0552|0716|1315|1628|1904|2022|29 Ramazan 1448
20270309|0551|0714|1314|1629|1905|2023|1 Şevval 1448
20270310|0549|0712|1314|1630|1906|2024|2 Şevval 1448
20270311|0547|0711|1314|1630|1907|2025|3 Şevval 1448
20270312|0546|0709|1314|1631|1908|2026|4 Şevval 1448
20270313|0544|0708|1313|1631|1909|2027|5 Şevval 1448
20270314|0542|0706|1313|1632|1910|2029|6 Şevval 1448
20270315|0541|0704|1313|1633|1911|2030|7 Şevval 1448
20270316|0539|0703|1313|1633|1912|2031|8 Şevval 1448
20270317|0537|0701|1312|1634|1914|2032|9 Şevval 1448
20270318|0536|0700|1312|1634|1915|2033|10 Şevval 1448
20270319|0534|0658|1312|1635|1916|2034|11 Şevval 1448
20270320|0532|0656|1311|1635|1917|2035|12 Şevval 1448
20270321|0530|0655|1311|1636|1918|2037|13 Şevval 1448
20270322|0529|0653|1311|1636|1919|2038|14 Şevval 1448
20270323|0527|0651|1311|1637|1920|2039|15 Şevval 1448
20270324|0525|0650|1310|1637|1921|2040|16 Şevval 1448
20270325|0523|0648|1310|1638|1922|2041|17 Şevval 1448
20270326|0521|0646|1310|1638|1923|2042|18 Şevval 1448
20270327|0520|0645|1309|1639|1924|2044|19 Şevval 1448
20270328|0518|0643|1309|1639|1925|2045|20 Şevval 1448
20270329|0516|0642|1309|1640|1926|2046|21 Şevval 1448
20270330|0514|0640|1308|1640|1927|2047|22 Şevval 1448
20270331|0512|0638|1308|1640|1928|2048|23 Şevval 1448
20270401|0510|0637|1308|1641|1929|2050|24 Şevval 1448
20270402|0509|0635|1308|1641|1930|2051|25 Şevval 1448
20270403|0507|0633|1307|1642|1931|2052|26 Şevval 1448
20270404|0505|0632|1307|1642|1932|2053|27 Şevval 1448
20270405|0503|0630|1307|1642|1933|2055|28 Şevval 1448
20270406|0501|0629|1306|1643|1934|2056|29 Şevval 1448
20270407|0459|0627|1306|1643|1935|2057|30 Şevval 1448
20270408|0457|0625|1306|1644|1936|2058|1 Zilkade 1448
20270409|0456|0624|1306|1644|1937|2100|2 Zilkade 1448
20270410|0454|0622|1305|1644|1938|2101|3 Zilkade 1448
20270411|0452|0621|1305|1645|1939|2102|4 Zilkade 1448
20270412|0450|0619|1305|1645|1940|2104|5 Zilkade 1448
20270413|0448|0618|1304|1645|1941|2105|6 Zilkade 1448
20270414|0446|0616|1304|1646|1942|2106|7 Zilkade 1448
20270415|0444|0615|1304|1646|1943|2108|8 Zilkade 1448
20270416|0443|0613|1304|1646|1945|2109|9 Zilkade 1448
20270417|0441|0612|1304|1646|1946|2110|10 Zilkade 1448
20270418|0439|0610|1303|1647|1947|2112|11 Zilkade 1448
20270419|0437|0609|1303|1647|1948|2113|12 Zilkade 1448
20270420|0435|0607|1303|1647|1949|2114|13 Zilkade 1448
20270421|0433|0606|1303|1648|1950|2116|14 Zilkade 1448
20270422|0431|0604|1302|1648|1951|2117|15 Zilkade 1448
20270423|0430|0603|1302|1648|1952|2119|16 Zilkade 1448
20270424|0428|0601|1302|1649|1953|2120|17 Zilkade 1448
20270425|0426|0600|1302|1649|1954|2121|18 Zilkade 1448
20270426|0424|0559|1302|1649|1955|2123|19 Zilkade 1448
20270427|0422|0557|1302|1649|1956|2124|20 Zilkade 1448
20270428|0421|0556|1301|1650|1957|2126|21 Zilkade 1448
20270429|0419|0555|1301|1650|1958|2127|22 Zilkade 1448
20270430|0417|0553|1301|1650|1959|2129|23 Zilkade 1448
20270501|0415|0552|1301|1650|2000|2130|24 Zilkade 1448
20270502|0413|0551|1301|1651|2001|2132|25 Zilkade 1448
20270503|0412|0550|1301|1651|2002|2133|26 Zilkade 1448
20270504|0410|0548|1301|1651|2003|2134|27 Zilkade 1448
20270505|0408|0547|1301|1652|2004|2136|28 Zilkade 1448
20270506|0407|0546|1300|1652|2005|2137|29 Zilkade 1448
20270507|0405|0545|1300|1652|2006|2139|1 Zilhicce 1448
20270508|0403|0544|1300|1652|2007|2140|2 Zilhicce 1448
20270509|0402|0543|1300|1653|2008|2142|3 Zilhicce 1448
20270510|0400|0541|1300|1653|2009|2143|4 Zilhicce 1448
20270511|0359|0540|1300|1653|2010|2145|5 Zilhicce 1448
20270512|0357|0539|1300|1653|2011|2146|6 Zilhicce 1448
20270513|0355|0538|1300|1654|2012|2148|7 Zilhicce 1448
20270514|0354|0537|1300|1654|2013|2149|8 Zilhicce 1448
20270515|0352|0536|1300|1654|2014|2150|9 Zilhicce 1448
20270516|0351|0535|1300|1654|2015|2152|10 Zilhicce 1448
20270517|0349|0535|1300|1655|2016|2153|11 Zilhicce 1448
20270518|0348|0534|1300|1655|2017|2155|12 Zilhicce 1448
20270519|0347|0533|1300|1655|2018|2156|13 Zilhicce 1448
20270520|0345|0532|1300|1655|2019|2158|14 Zilhicce 1448
20270521|0344|0531|1300|1656|2020|2159|15 Zilhicce 1448
20270522|0343|0530|1300|1656|2020|2200|16 Zilhicce 1448
20270523|0341|0530|1300|1656|2021|2202|17 Zilhicce 1448
20270524|0340|0529|1301|1657|2022|2203|18 Zilhicce 1448
20270525|0339|0528|1301|1657|2023|2204|19 Zilhicce 1448
20270526|0338|0528|1301|1657|2024|2206|20 Zilhicce 1448
20270527|0337|0527|1301|1657|2025|2207|21 Zilhicce 1448
20270528|0336|0526|1301|1658|2026|2208|22 Zilhicce 1448
20270529|0335|0526|1301|1658|2026|2209|23 Zilhicce 1448
20270530|0334|0525|1301|1658|2027|2211|24 Zilhicce 1448
20270531|0333|0525|1301|1658|2028|2212|25 Zilhicce 1448
20270601|0332|0524|1302|1659|2029|2213|26 Zilhicce 1448
20270602|0331|0524|1302|1659|2029|2214|27 Zilhicce 1448
20270603|0330|0524|1302|1659|2030|2215|28 Zilhicce 1448
20270604|0329|0523|1302|1659|2031|2216|29 Zilhicce 1448
20270605|0329|0523|1302|1700|2031|2217|30 Zilhicce 1448
20270606|0328|0523|1302|1700|2032|2218|1 Muharrem 1449
20270607|0327|0522|1303|1700|2033|2219|2 Muharrem 1449
20270608|0327|0522|1303|1701|2033|2220|3 Muharrem 1449
20270609|0326|0522|1303|1701|2034|2221|4 Muharrem 1449
20270610|0326|0522|1303|1701|2034|2222|5 Muharrem 1449
20270611|0326|0522|1303|1701|2035|2222|6 Muharrem 1449
20270612|0325|0522|1304|1702|2035|2223|7 Muharrem 1449
20270613|0325|0522|1304|1702|2036|2224|8 Muharrem 1449
20270614|0325|0521|1304|1702|2036|2224|9 Muharrem 1449
20270615|0324|0521|1304|1702|2037|2225|10 Muharrem 1449
20270616|0324|0522|1304|1703|2037|2225|11 Muharrem 1449
20270617|0324|0522|1305|1703|2038|2226|12 Muharrem 1449
20270618|0324|0522|1305|1703|2038|2226|13 Muharrem 1449
20270619|0324|0522|1305|1703|2038|2227|14 Muharrem 1449
20270620|0324|0522|1305|1704|2039|2227|15 Muharrem 1449
20270621|0325|0522|1305|1704|2039|2227|16 Muharrem 1449
20270622|0325|0522|1306|1704|2039|2228|17 Muharrem 1449
20270623|0325|0523|1306|1704|2039|2228|18 Muharrem 1449
20270624|0325|0523|1306|1704|2039|2228|19 Muharrem 1449
20270625|0326|0523|1306|1705|2039|2228|20 Muharrem 1449
20270626|0326|0523|1307|1705|2040|2228|21 Muharrem 1449
20270627|0327|0524|1307|1705|2040|2228|22 Muharrem 1449
20270628|0327|0524|1307|1705|2040|2228|23 Muharrem 1449
20270629|0328|0525|1307|1705|2040|2228|24 Muharrem 1449
20270630|0328|0525|1307|1706|2040|2227|25 Muharrem 1449
20270701|0329|0526|1308|1706|2040|2227|26 Muharrem 1449
20270702|0330|0526|1308|1706|2039|2227|27 Muharrem 1449
20270703|0331|0527|1308|1706|2039|2226|28 Muharrem 1449
20270704|0331|0527|1308|1706|2039|2226|29 Muharrem 1449
20270705|0332|0528|1308|1706|2039|2226|1 Safer 1449
20270706|0333|0528|1308|1706|2039|2225|2 Safer 1449
20270707|0334|0529|1309|1706|2038|2224|3 Safer 1449
20270708|0335|0529|1309|1706|2038|2224|4 Safer 1449
20270709|0336|0530|1309|1706|2038|2223|5 Safer 1449
20270710|0337|0531|1309|1706|2037|2222|6 Safer 1449
20270711|0338|0531|1309|1707|2037|2222|7 Safer 1449
20270712|0339|0532|1309|1707|2037|2221|8 Safer 1449
20270713|0341|0533|1309|1707|2036|2220|9 Safer 1449
20270714|0342|0534|1310|1707|2036|2219|10 Safer 1449
20270715|0343|0534|1310|1707|2035|2218|11 Safer 1449
20270716|0344|0535|1310|1706|2035|2217|12 Safer 1449
20270717|0346|0536|1310|1706|2034|2216|13 Safer 1449
20270718|0347|0537|1310|1706|2033|2215|14 Safer 1449
20270719|0348|0538|1310|1706|2033|2214|15 Safer 1449
20270720|0349|0538|1310|1706|2032|2213|16 Safer 1449
20270721|0351|0539|1310|1706|2031|2212|17 Safer 1449
20270722|0352|0540|1310|1706|2030|2211|18 Safer 1449
20270723|0354|0541|1310|1706|2030|2209|19 Safer 1449
20270724|0355|0542|1310|1706|2029|2208|20 Safer 1449
20270725|0356|0543|1310|1705|2028|2207|21 Safer 1449
20270726|0358|0544|1310|1705|2027|2205|22 Safer 1449
20270727|0359|0544|1310|1705|2026|2204|23 Safer 1449
20270728|0401|0545|1310|1705|2025|2203|24 Safer 1449
20270729|0402|0546|1310|1704|2024|2201|25 Safer 1449
20270730|0403|0547|1310|1704|2023|2200|26 Safer 1449
20270731|0405|0548|1310|1704|2022|2158|27 Safer 1449
20270801|0406|0549|1310|1703|2021|2157|28 Safer 1449
20270802|0408|0550|1310|1703|2020|2155|29 Safer 1449
20270803|0409|0551|1310|1703|2019|2154|1 Rebiulevvel 1449
20270804|0411|0552|1310|1702|2018|2152|2 Rebiulevvel 1449
20270805|0412|0553|1310|1702|2017|2150|3 Rebiulevvel 1449
20270806|0414|0554|1310|1702|2016|2149|4 Rebiulevvel 1449
20270807|0415|0555|1310|1701|2015|2147|5 Rebiulevvel 1449
20270808|0417|0556|1310|1701|2013|2146|6 Rebiulevvel 1449
20270809|0418|0557|1309|1700|2012|2144|7 Rebiulevvel 1449
20270810|0420|0558|1309|1700|2011|2142|8 Rebiulevvel 1449
20270811|0421|0559|1309|1659|2010|2141|9 Rebiulevvel 1449
20270812|0422|0559|1309|1659|2008|2139|10 Rebiulevvel 1449
20270813|0424|0600|1309|1658|2007|2137|11 Rebiulevvel 1449
20270814|0425|0601|1309|1658|2006|2135|12 Rebiulevvel 1449
20270815|0427|0602|1308|1657|2005|2134|13 Rebiulevvel 1449
20270816|0428|0603|1308|1656|2003|2132|14 Rebiulevvel 1449
20270817|0430|0604|1308|1656|2002|2130|15 Rebiulevvel 1449
20270818|0431|0605|1308|1655|2000|2128|16 Rebiulevvel 1449
20270819|0432|0606|1308|1654|1959|2126|17 Rebiulevvel 1449
20270820|0434|0607|1307|1654|1958|2125|18 Rebiulevvel 1449
20270821|0435|0608|1307|1653|1956|2123|19 Rebiulevvel 1449
20270822|0436|0609|1307|1652|1955|2121|20 Rebiulevvel 1449
20270823|0438|0610|1307|1651|1953|2119|21 Rebiulevvel 1449
20270824|0439|0611|1306|1651|1952|2117|22 Rebiulevvel 1449
20270825|0440|0612|1306|1650|1950|2116|23 Rebiulevvel 1449
20270826|0442|0613|1306|1649|1949|2114|24 Rebiulevvel 1449
20270827|0443|0614|1306|1648|1947|2112|25 Rebiulevvel 1449
20270828|0444|0615|1305|1648|1946|2110|26 Rebiulevvel 1449
20270829|0446|0616|1305|1647|1944|2108|27 Rebiulevvel 1449
20270830|0447|0617|1305|1646|1943|2106|28 Rebiulevvel 1449
20270831|0448|0618|1304|1645|1941|2104|29 Rebiulevvel 1449
20270901|0450|0619|1304|1644|1939|2103|30 Rebiulevvel 1449
20270902|0451|0620|1304|1643|1938|2101|1 Rebiulahir 1449
20270903|0452|0621|1303|1642|1936|2059|2 Rebiulahir 1449
20270904|0453|0622|1303|1641|1935|2057|3 Rebiulahir 1449
20270905|0455|0623|1303|1640|1933|2055|4 Rebiulahir 1449
20270906|0456|0623|1302|1639|1931|2053|5 Rebiulahir 1449
20270907|0457|0624|1302|1638|1930|2051|6 Rebiulahir 1449
20270908|0458|0625|1302|1637|1928|2049|7 Rebiulahir 1449
20270909|0500|0626|1301|1636|1926|2048|8 Rebiulahir 1449
20270910|0501|0627|1301|1635|1925|2046|9 Rebiulahir 1449
20270911|0502|0628|1301|1634|1923|2044|10 Rebiulahir 1449
20270912|0503|0629|1300|1633|1921|2042|11 Rebiulahir 1449
20270913|0504|0630|1300|1632|1920|2040|12 Rebiulahir 1449
20270914|0505|0631|1300|1631|1918|2038|13 Rebiulahir 1449
20270915|0507|0632|1259|1630|1916|2036|14 Rebiulahir 1449
20270916|0508|0633|1259|1629|1915|2035|15 Rebiulahir 1449
20270917|0509|0634|1259|1628|1913|2033|16 Rebiulahir 1449
20270918|0510|0635|1258|1627|1911|2031|17 Rebiulahir 1449
20270919|0511|0636|1258|1626|1910|2029|18 Rebiulahir 1449
20270920|0512|0637|1257|1625|1908|2027|19 Rebiulahir 1449
20270921|0513|0638|1257|1623|1906|2025|20 Rebiulahir 1449
20270922|0514|0639|1257|1622|1905|2024|21 Rebiulahir 1449
20270923|0515|0640|1256|1621|1903|2022|22 Rebiulahir 1449
20270924|0517|0641|1256|1620|1901|2020|23 Rebiulahir 1449
20270925|0518|0642|1256|1619|1900|2018|24 Rebiulahir 1449
20270926|0519|0643|1255|1618|1858|2017|25 Rebiulahir 1449
20270927|0520|0644|1255|1617|1856|2015|26 Rebiulahir 1449
20270928|0521|0645|1255|1615|1855|2013|27 Rebiulahir 1449
20270929|0522|0646|1254|1614|1853|2011|28 Rebiulahir 1449
20270930|0523|0647|1254|1613|1851|2010|29 Rebiulahir 1449
20271001|0524|0648|1254|1612|1850|2008|1 Cemaziyelevvel 1449
20271002|0525|0649|1253|1611|1848|2006|2 Cemaziyelevvel 1449
20271003|0526|0650|1253|1610|1847|2005|3 Cemaziyelevvel 1449
20271004|0527|0651|1253|1608|1845|2003|4 Cemaziyelevvel 1449
20271005|0528|0652|1252|1607|1843|2001|5 Cemaziyelevvel 1449
20271006|0529|0653|1252|1606|1842|2000|6 Cemaziyelevvel 1449
20271007|0530|0654|1252|1605|1840|1958|7 Cemaziyelevvel 1449
20271008|0531|0655|1252|1604|1838|1956|8 Cemaziyelevvel 1449
20271009|0532|0656|1251|1602|1837|1955|9 Cemaziyelevvel 1449
20271010|0533|0657|1251|1601|1835|1953|10 Cemaziyelevvel 1449
20271011|0534|0658|1251|1600|1834|1952|11 Cemaziyelevvel 1449
20271012|0535|0659|1250|1559|1832|1950|12 Cemaziyelevvel 1449
20271013|0536|0700|1250|1558|1831|1949|13 Cemaziyelevvel 1449
20271014|0537|0701|1250|1557|1829|1947|14 Cemaziyelevvel 1449
20271015|0538|0702|1250|1555|1828|1946|15 Cemaziyelevvel 1449
20271016|0540|0703|1249|1554|1826|1944|16 Cemaziyelevvel 1449
20271017|0541|0704|1249|1553|1825|1943|17 Cemaziyelevvel 1449
20271018|0542|0705|1249|1552|1823|1941|18 Cemaziyelevvel 1449
20271019|0543|0706|1249|1551|1822|1940|19 Cemaziyelevvel 1449
20271020|0544|0707|1249|1550|1820|1939|20 Cemaziyelevvel 1449
20271021|0545|0708|1249|1549|1819|1937|21 Cemaziyelevvel 1449
20271022|0546|0709|1248|1548|1817|1936|22 Cemaziyelevvel 1449
20271023|0547|0711|1248|1546|1816|1935|23 Cemaziyelevvel 1449
20271024|0548|0712|1248|1545|1815|1933|24 Cemaziyelevvel 1449
20271025|0549|0713|1248|1544|1813|1932|25 Cemaziyelevvel 1449
20271026|0550|0714|1248|1543|1812|1931|26 Cemaziyelevvel 1449
20271027|0551|0715|1248|1542|1811|1930|27 Cemaziyelevvel 1449
20271028|0552|0716|1248|1541|1809|1928|28 Cemaziyelevvel 1449
20271029|0553|0717|1248|1540|1808|1927|29 Cemaziyelevvel 1449
20271030|0554|0718|1247|1539|1807|1926|30 Cemaziyelevvel 1449
20271031|0555|0719|1247|1538|1805|1925|1 Cemaziyelahir 1449
20271101|0556|0721|1247|1537|1804|1924|2 Cemaziyelahir 1449
20271102|0557|0722|1247|1536|1803|1923|3 Cemaziyelahir 1449
20271103|0558|0723|1247|1535|1802|1922|4 Cemaziyelahir 1449
20271104|0559|0724|1247|1534|1801|1921|5 Cemaziyelahir 1449
20271105|0600|0725|1247|1533|1800|1920|6 Cemaziyelahir 1449
20271106|0601|0726|1247|1533|1758|1919|7 Cemaziyelahir 1449
20271107|0602|0728|1247|1532|1757|1918|8 Cemaziyelahir 1449
20271108|0603|0729|1247|1531|1756|1917|9 Cemaziyelahir 1449
20271109|0604|0730|1248|1530|1755|1916|10 Cemaziyelahir 1449
20271110|0605|0731|1248|1529|1754|1915|11 Cemaziyelahir 1449
20271111|0606|0732|1248|1529|1753|1914|12 Cemaziyelahir 1449
20271112|0607|0733|1248|1528|1752|1914|13 Cemaziyelahir 1449
20271113|0608|0735|1248|1527|1751|1913|14 Cemaziyelahir 1449
20271114|0609|0736|1248|1526|1751|1912|15 Cemaziyelahir 1449
20271115|0610|0737|1248|1526|1750|1911|16 Cemaziyelahir 1449
20271116|0611|0738|1248|1525|1749|1911|17 Cemaziyelahir 1449
20271117|0612|0739|1249|1524|1748|1910|18 Cemaziyelahir 1449
20271118|0613|0740|1249|1524|1747|1910|19 Cemaziyelahir 1449
20271119|0614|0741|1249|1523|1747|1909|20 Cemaziyelahir 1449
20271120|0615|0743|1249|1523|1746|1908|21 Cemaziyelahir 1449
20271121|0616|0744|1249|1522|1745|1908|22 Cemaziyelahir 1449
20271122|0617|0745|1250|1522|1745|1907|23 Cemaziyelahir 1449
20271123|0618|0746|1250|1521|1744|1907|24 Cemaziyelahir 1449
20271124|0619|0747|1250|1521|1743|1907|25 Cemaziyelahir 1449
20271125|0619|0748|1251|1521|1743|1906|26 Cemaziyelahir 1449
20271126|0620|0749|1251|1520|1742|1906|27 Cemaziyelahir 1449
20271127|0621|0750|1251|1520|1742|1906|28 Cemaziyelahir 1449
20271128|0622|0751|1251|1520|1742|1905|29 Cemaziyelahir 1449
20271129|0623|0752|1252|1519|1741|1905|1 Recep 1449
20271130|0624|0753|1252|1519|1741|1905|2 Recep 1449
20271201|0625|0754|1253|1519|1741|1905|3 Recep 1449
20271202|0626|0756|1253|1519|1740|1905|4 Recep 1449
20271203|0627|0757|1253|1519|1740|1904|5 Recep 1449
20271204|0628|0757|1254|1519|1740|1904|6 Recep 1449
20271205|0628|0758|1254|1518|1740|1904|7 Recep 1449
20271206|0629|0759|1254|1518|1740|1904|8 Recep 1449
20271207|0630|0800|1255|1518|1740|1904|9 Recep 1449
20271208|0631|0801|1255|1518|1739|1904|10 Recep 1449
20271209|0632|0802|1256|1519|1739|1905|11 Recep 1449
20271210|0632|0803|1256|1519|1740|1905|12 Recep 1449
20271211|0633|0804|1257|1519|1740|1905|13 Recep 1449
20271212|0634|0805|1257|1519|1740|1905|14 Recep 1449
20271213|0635|0805|1258|1519|1740|1905|15 Recep 1449
20271214|0635|0806|1258|1519|1740|1905|16 Recep 1449
20271215|0636|0807|1259|1520|1740|1906|17 Recep 1449
20271216|0637|0808|1259|1520|1741|1906|18 Recep 1449
20271217|0637|0808|1259|1520|1741|1906|19 Recep 1449
20271218|0638|0809|1300|1521|1741|1907|20 Recep 1449
20271219|0638|0809|1300|1521|1742|1907|21 Recep 1449
20271220|0639|0810|1301|1521|1742|1908|22 Recep 1449
20271221|0639|0811|1301|1522|1742|1908|23 Recep 1449
20271222|0640|0811|1302|1522|1743|1909|24 Recep 1449
20271223|0640|0812|1302|1523|1743|1909|25 Recep 1449
20271224|0641|0812|1303|1523|1744|1910|26 Recep 1449
20271225|0641|0812|1303|1524|1745|1910|27 Recep 1449
20271226|0642|0813|1304|1525|1745|1911|28 Recep 1449
20271227|0642|0813|1304|1525|1746|1911|29 Recep 1449
20271228|0643|0813|1305|1526|1746|1912|30 Recep 1449
20271229|0643|0814|1305|1526|1747|1913|1 Şaban 1449
20271230|0643|0814|1306|1527|1748|1913|2 Şaban 1449
20271231|0643|0814|1306|1528|1749|1914|3 Şaban 1449
#@9300|İnhisar|BILECIK|730
20260101|0643|0813|1307|1529|1750|1915|12 Recep 1447
20260102|0643|0814|1307|1530|1751|1916|13 Recep 1447
20260103|0643|0814|1308|1531|1752|1917|14 Recep 1447
20260104|0644|0814|1308|1532|1753|1917|15 Recep 1447
20260105|0644|0814|1309|1533|1754|1918|16 Recep 1447
20260106|0644|0814|1309|1533|1755|1919|17 Recep 1447
20260107|0644|0814|1310|1534|1755|1920|18 Recep 1447
20260108|0644|0813|1310|1535|1756|1921|19 Recep 1447
20260109|0644|0813|1310|1536|1757|1922|20 Recep 1447
20260110|0644|0813|1311|1537|1758|1922|21 Recep 1447
20260111|0644|0813|1311|1538|1759|1923|22 Recep 1447
20260112|0644|0813|1312|1539|1800|1924|23 Recep 1447
20260113|0643|0812|1312|1540|1802|1925|24 Recep 1447
20260114|0643|0812|1312|1541|1803|1926|25 Recep 1447
20260115|0643|0812|1313|1542|1804|1927|26 Recep 1447
20260116|0643|0811|1313|1543|1805|1928|27 Recep 1447
20260117|0642|0811|1313|1544|1806|1929|28 Recep 1447
20260118|0642|0810|1314|1545|1807|1930|29 Recep 1447
20260119|0642|0810|1314|1546|1808|1931|30 Recep 1447
20260120|0641|0809|1314|1547|1809|1932|1 Şaban 1447
20260121|0641|0809|1315|1548|1810|1933|2 Şaban 1447
20260122|0641|0808|1315|1549|1812|1934|3 Şaban 1447
20260123|0640|0808|1315|1550|1813|1935|4 Şaban 1447
20260124|0640|0807|1315|1551|1814|1936|5 Şaban 1447
20260125|0639|0806|1316|1552|1815|1937|6 Şaban 1447
20260126|0639|0805|1316|1553|1816|1938|7 Şaban 1447
20260127|0638|0805|1316|1554|1818|1939|8 Şaban 1447
20260128|0637|0804|1316|1555|1819|1940|9 Şaban 1447
20260129|0637|0803|1316|1556|1820|1941|10 Şaban 1447
20260130|0636|0802|1317|1557|1821|1942|11 Şaban 1447
20260131|0635|0801|1317|1558|1822|1943|12 Şaban 1447
20260201|0634|0800|1317|1559|1824|1944|13 Şaban 1447
20260202|0634|0759|1317|1600|1825|1945|14 Şaban 1447
20260203|0633|0758|1317|1601|1826|1946|15 Şaban 1447
20260204|0632|0758|1317|1602|1827|1947|16 Şaban 1447
20260205|0631|0756|1317|1603|1828|1948|17 Şaban 1447
20260206|0630|0755|1317|1604|1830|1949|18 Şaban 1447
20260207|0629|0754|1318|1605|1831|1951|19 Şaban 1447
20260208|0628|0753|1318|1606|1832|1952|20 Şaban 1447
20260209|0627|0752|1318|1607|1833|1953|21 Şaban 1447
20260210|0626|0751|1318|1608|1834|1954|22 Şaban 1447
20260211|0625|0750|1318|1608|1836|1955|23 Şaban 1447
20260212|0624|0749|1318|1609|1837|1956|24 Şaban 1447
20260213|0623|0747|1318|1610|1838|1957|25 Şaban 1447
20260214|0622|0746|1318|1611|1839|1958|26 Şaban 1447
20260215|0621|0745|1318|1612|1840|1959|27 Şaban 1447
20260216|0620|0744|1318|1613|1841|2000|28 Şaban 1447
20260217|0619|0742|1317|1614|1843|2001|29 Şaban 1447
20260218|0617|0741|1317|1615|1844|2002|30 Şaban 1447
20260219|0616|0740|1317|1616|1845|2003|1 Ramazan 1447
20260220|0615|0738|1317|1616|1846|2004|2 Ramazan 1447
20260221|0614|0737|1317|1617|1847|2005|3 Ramazan 1447
20260222|0612|0736|1317|1618|1848|2007|4 Ramazan 1447
20260223|0611|0734|1317|1619|1850|2008|5 Ramazan 1447
20260224|0610|0733|1317|1620|1851|2009|6 Ramazan 1447
20260225|0608|0731|1317|1621|1852|2010|7 Ramazan 1447
20260226|0607|0730|1316|1621|1853|2011|8 Ramazan 1447
20260227|0605|0728|1316|1622|1854|2012|9 Ramazan 1447
20260228|0604|0727|1316|1623|1855|2013|10 Ramazan 1447
20260301|0602|0725|1316|1624|1856|2014|11 Ramazan 1447
20260302|0601|0724|1316|1624|1857|2015|12 Ramazan 1447
20260303|0559|0722|1315|1625|1859|2016|13 Ramazan 1447
20260304|0558|0721|1315|1626|1900|2017|14 Ramazan 1447
20260305|0556|0719|1315|1626|1901|2018|15 Ramazan 1447
20260306|0555|0718|1315|1627|1902|2019|16 Ramazan 1447
20260307|0553|0716|1315|1628|1903|2021|17 Ramazan 1447
20260308|0552|0715|1314|1628|1904|2022|18 Ramazan 1447
20260309|0550|0713|1314|1629|1905|2023|19 Ramazan 1447
20260310|0549|0712|1314|1630|1906|2024|20 Ramazan 1447
20260311|0547|0710|1314|1630|1907|2025|21 Ramazan 1447
20260312|0545|0708|1313|1631|1908|2026|22 Ramazan 1447
20260313|0544|0707|1313|1631|1909|2027|23 Ramazan 1447
20260314|0542|0705|1313|1632|1910|2028|24 Ramazan 1447
20260315|0540|0704|1312|1633|1911|2029|25 Ramazan 1447
20260316|0539|0702|1312|1633|1912|2031|26 Ramazan 1447
20260317|0537|0700|1312|1634|1914|2032|27 Ramazan 1447
20260318|0535|0659|1312|1634|1915|2033|28 Ramazan 1447
20260319|0533|0657|1311|1635|1916|2034|29 Ramazan 1447
20260320|0532|0656|1311|1635|1917|2035|1 Şevval 1447
20260321|0530|0654|1311|1636|1918|2036|2 Şevval 1447
20260322|0528|0652|1310|1636|1919|2037|3 Şevval 1447
20260323|0526|0651|1310|1637|1920|2038|4 Şevval 1447
20260324|0525|0649|1310|1637|1921|2040|5 Şevval 1447
20260325|0523|0647|1310|1638|1922|2041|6 Şevval 1447
20260326|0521|0646|1309|1638|1923|2042|7 Şevval 1447
20260327|0519|0644|1309|1639|1924|2043|8 Şevval 1447
20260328|0518|0643|1309|1639|1925|2044|9 Şevval 1447
20260329|0516|0641|1308|1639|1926|2046|10 Şevval 1447
20260330|0514|0639|1308|1640|1927|2047|11 Şevval 1447
20260331|0512|0638|1308|1640|1928|2048|12 Şevval 1447
20260401|0510|0636|1307|1641|1929|2049|13 Şevval 1447
20260402|0508|0634|1307|1641|1930|2050|14 Şevval 1447
20260403|0507|0633|1307|1641|1931|2052|15 Şevval 1447
20260404|0505|0631|1307|1642|1932|2053|16 Şevval 1447
20260405|0503|0630|1306|1642|1933|2054|17 Şevval 1447
20260406|0501|0628|1306|1643|1934|2055|18 Şevval 1447
20260407|0459|0626|1306|1643|1935|2057|19 Şevval 1447
20260408|0457|0625|1305|1643|1936|2058|20 Şevval 1447
20260409|0455|0623|1305|1644|1937|2059|21 Şevval 1447
20260410|0454|0622|1305|1644|1938|2100|22 Şevval 1447
20260411|0452|0620|1305|1644|1939|2102|23 Şevval 1447
20260412|0450|0619|1304|1645|1940|2103|24 Şevval 1447
20260413|0448|0617|1304|1645|1941|2104|25 Şevval 1447
20260414|0446|0616|1304|1645|1942|2106|26 Şevval 1447
20260415|0444|0614|1304|1645|1943|2107|27 Şevval 1447
20260416|0442|0613|1303|1646|1944|2108|28 Şevval 1447
20260417|0441|0611|1303|1646|1945|2110|29 Şevval 1447
20260418|0439|0610|1303|1646|1946|2111|1 Zilkade 1447
20260419|0437|0608|1303|1647|1947|2112|2 Zilkade 1447
20260420|0435|0607|1302|1647|1948|2114|3 Zilkade 1447
20260421|0433|0605|1302|1647|1949|2115|4 Zilkade 1447
20260422|0431|0604|1302|1648|1950|2116|5 Zilkade 1447
20260423|0430|0603|1302|1648|1951|2118|6 Zilkade 1447
20260424|0428|0601|1302|1648|1952|2119|7 Zilkade 1447
20260425|0426|0600|1302|1648|1953|2121|8 Zilkade 1447
20260426|0424|0558|1301|1649|1954|2122|9 Zilkade 1447
20260427|0422|0557|1301|1649|1955|2123|10 Zilkade 1447
20260428|0421|0556|1301|1649|1956|2125|11 Zilkade 1447
20260429|0419|0554|1301|1649|1957|2126|12 Zilkade 1447
20260430|0417|0553|1301|1650|1958|2128|13 Zilkade 1447
20260501|0415|0552|1301|1650|1959|2129|14 Zilkade 1447
20260502|0414|0551|1301|1650|2000|2131|15 Zilkade 1447
20260503|0412|0549|1300|1650|2001|2132|16 Zilkade 1447
20260504|0410|0548|1300|1651|2002|2133|17 Zilkade 1447
20260505|0409|0547|1300|1651|2003|2135|18 Zilkade 1447
20260506|0407|0546|1300|1651|2004|2136|19 Zilkade 1447
20260507|0405|0545|1300|1651|2005|2138|20 Zilkade 1447
20260508|0404|0544|1300|1652|2006|2139|21 Zilkade 1447
20260509|0402|0542|1300|1652|2007|2141|22 Zilkade 1447
20260510|0401|0541|1300|1652|2008|2142|23 Zilkade 1447
20260511|0359|0540|1300|1652|2009|2144|24 Zilkade 1447
20260512|0357|0539|1300|1653|2010|2145|25 Zilkade 1447
20260513|0356|0538|1300|1653|2011|2146|26 Zilkade 1447
20260514|0354|0537|1300|1653|2012|2148|27 Zilkade 1447
20260515|0353|0536|1300|1653|2013|2149|28 Zilkade 1447
20260516|0352|0536|1300|1654|2014|2151|29 Zilkade 1447
20260517|0350|0535|1300|1654|2015|2152|30 Zilkade 1447
20260518|0349|0534|1300|1654|2016|2154|1 Zilhicce 1447
20260519|0347|0533|1300|1655|2017|2155|2 Zilhicce 1447
20260520|0346|0532|1300|1655|2018|2156|3 Zilhicce 1447
20260521|0345|0531|1300|1655|2019|2158|4 Zilhicce 1447
20260522|0343|0531|1300|1655|2020|2159|5 Zilhicce 1447
20260523|0342|0530|1300|1656|2021|2200|6 Zilhicce 1447
20260524|0341|0529|1300|1656|2021|2202|7 Zilhicce 1447
20260525|0340|0529|1300|1656|2022|2203|8 Zilhicce 1447
20260526|0339|0528|1300|1656|2023|2204|9 Zilhicce 1447
20260527|0338|0527|1301|1657|2024|2205|10 Zilhicce 1447
20260528|0337|0527|1301|1657|2025|2207|11 Zilhicce 1447
20260529|0336|0526|1301|1657|2026|2208|12 Zilhicce 1447
20260530|0335|0526|1301|1657|2026|2209|13 Zilhicce 1447
20260531|0334|0525|1301|1658|2027|2210|14 Zilhicce 1447
20260601|0333|0525|1301|1658|2028|2211|15 Zilhicce 1447
20260602|0332|0524|1301|1658|2029|2212|16 Zilhicce 1447
20260603|0331|0524|1302|1659|2029|2213|17 Zilhicce 1447
20260604|0331|0524|1302|1659|2030|2214|18 Zilhicce 1447
20260605|0330|0523|1302|1659|2031|2215|19 Zilhicce 1447
20260606|0329|0523|1302|1659|2031|2216|20 Zilhicce 1447
20260607|0329|0523|1302|1700|2032|2217|21 Zilhicce 1447
20260608|0328|0523|1302|1700|2032|2218|22 Zilhicce 1447
20260609|0328|0522|1303|1700|2033|2219|23 Zilhicce 1447
20260610|0327|0522|1303|1700|2034|2220|24 Zilhicce 1447
20260611|0327|0522|1303|1701|2034|2221|25 Zilhicce 1447
20260612|0326|0522|1303|1701|2035|2221|26 Zilhicce 1447
20260613|0326|0522|1303|1701|2035|2222|27 Zilhicce 1447
20260614|0326|0522|1304|1701|2035|2223|28 Zilhicce 1447
20260615|0326|0522|1304|1702|2036|2223|29 Zilhicce 1447
20260616|0326|0522|1304|1702|2036|2224|1 Muharrem 1448
20260617|0326|0522|1304|1702|2037|2224|2 Muharrem 1448
20260618|0326|0522|1305|1702|2037|2225|3 Muharrem 1448
20260619|0326|0522|1305|1703|2037|2225|4 Muharrem 1448
20260620|0326|0522|1305|1703|2038|2225|5 Muharrem 1448
20260621|0326|0523|1305|1703|2038|2225|6 Muharrem 1448
20260622|0326|0523|1305|1703|2038|2226|7 Muharrem 1448
20260623|0327|0523|1306|1703|2038|2226|8 Muharrem 1448
20260624|0327|0523|1306|1704|2038|2226|9 Muharrem 1448
20260625|0327|0524|1306|1704|2038|2226|10 Muharrem 1448
20260626|0328|0524|1306|1704|2039|2226|11 Muharrem 1448
20260627|0328|0524|1306|1704|2039|2226|12 Muharrem 1448
20260628|0329|0525|1307|1704|2039|2226|13 Muharrem 1448
20260629|0329|0525|1307|1705|2039|2226|14 Muharrem 1448
20260630|0330|0526|1307|1705|2039|2225|15 Muharrem 1448
20260701|0331|0526|1307|1705|2038|2225|16 Muharrem 1448
20260702|0331|0527|1307|1705|2038|2225|17 Muharrem 1448
20260703|0332|0527|1308|1705|2038|2224|18 Muharrem 1448
20260704|0333|0528|1308|1705|2038|2224|19 Muharrem 1448
20260705|0334|0528|1308|1705|2038|2224|20 Muharrem 1448
20260706|0335|0529|1308|1705|2038|2223|21 Muharrem 1448
20260707|0336|0529|1308|1706|2037|2222|22 Muharrem 1448
20260708|0337|0530|1309|1706|2037|2222|23 Muharrem 1448
20260709|0338|0531|1309|1706|2037|2221|24 Muharrem 1448
20260710|0339|0531|1309|1706|2036|2220|25 Muharrem 1448
20260711|0340|0532|1309|1706|2036|2220|26 Muharrem 1448
20260712|0341|0533|1309|1706|2035|2219|27 Muharrem 1448
20260713|0342|0533|1309|1706|2035|2218|28 Muharrem 1448
20260714|0343|0534|1309|1706|2035|2217|29 Muharrem 1448
20260715|0345|0535|1309|1706|2034|2216|1 Safer 1448
20260716|0346|0536|1310|1706|2033|2215|2 Safer 1448
20260717|0347|0536|1310|1706|2033|2214|3 Safer 1448
20260718|0348|0537|1310|1706|2032|2213|4 Safer 1448
20260719|0350|0538|1310|1705|2032|2212|5 Safer 1448
20260720|0351|0539|1310|1705|2031|2211|6 Safer 1448
20260721|0352|0540|1310|1705|2030|2210|7 Safer 1448
20260722|0354|0541|1310|1705|2029|2209|8 Safer 1448
20260723|0355|0541|1310|1705|2029|2207|9 Safer 1448
20260724|0356|0542|1310|1705|2028|2206|10 Safer 1448
20260725|0358|0543|1310|1705|2027|2205|11 Safer 1448
20260726|0359|0544|1310|1704|2026|2203|12 Safer 1448
20260727|0400|0545|1310|1704|2025|2202|13 Safer 1448
20260728|0402|0546|1310|1704|2024|2201|14 Safer 1448
20260729|0403|0547|1310|1704|2023|2159|15 Safer 1448
20260730|0405|0548|1310|1703|2022|2158|16 Safer 1448
20260731|0406|0549|1310|1703|2021|2156|17 Safer 1448
20260801|0408|0549|1310|1703|2020|2155|18 Safer 1448
20260802|0409|0550|1310|1702|2019|2153|19 Safer 1448
20260803|0410|0551|1310|1702|2018|2152|20 Safer 1448
20260804|0412|0552|1310|1702|2017|2150|21 Safer 1448
20260805|0413|0553|1310|1701|2016|2149|22 Safer 1448
20260806|0415|0554|1309|1701|2015|2147|23 Safer 1448
20260807|0416|0555|1309|1700|2014|2146|24 Safer 1448
20260808|0418|0556|1309|1700|2012|2144|25 Safer 1448
20260809|0419|0557|1309|1659|2011|2142|26 Safer 1448
20260810|0421|0558|1309|1659|2010|2141|27 Safer 1448
20260811|0422|0559|1309|1658|2009|2139|28 Safer 1448
20260812|0423|0600|1309|1658|2007|2137|29 Safer 1448
20260813|0425|0601|1308|1657|2006|2135|30 Safer 1448
20260814|0426|0602|1308|1657|2005|2134|1 Rebiulevvel 1448
20260815|0428|0603|1308|1656|2003|2132|2 Rebiulevvel 1448
20260816|0429|0604|1308|1656|2002|2130|3 Rebiulevvel 1448
20260817|0430|0605|1308|1655|2001|2128|4 Rebiulevvel 1448
20260818|0432|0606|1307|1654|1959|2127|5 Rebiulevvel 1448
20260819|0433|0607|1307|1654|1958|2125|6 Rebiulevvel 1448
20260820|0435|0607|1307|1653|1957|2123|7 Rebiulevvel 1448
20260821|0436|0608|1307|1652|1955|2121|8 Rebiulevvel 1448
20260822|0437|0609|1306|1652|1954|2120|9 Rebiulevvel 1448
20260823|0439|0610|1306|1651|1952|2118|10 Rebiulevvel 1448
20260824|0440|0611|1306|1650|1951|2116|11 Rebiulevvel 1448
20260825|0441|0612|1306|1649|1949|2114|12 Rebiulevvel 1448
20260826|0443|0613|1305|1648|1948|2112|13 Rebiulevvel 1448
20260827|0444|0614|1305|1648|1946|2110|14 Rebiulevvel 1448
20260828|0445|0615|1305|1647|1945|2109|15 Rebiulevvel 1448
20260829|0446|0616|1305|1646|1943|2107|16 Rebiulevvel 1448
20260830|0448|0617|1304|1645|1942|2105|17 Rebiulevvel 1448
20260831|0449|0618|1304|1644|1940|2103|18 Rebiulevvel 1448
20260901|0450|0619|1304|1643|1938|2101|19 Rebiulevvel 1448
20260902|0452|0620|1303|1642|1937|2059|20 Rebiulevvel 1448
20260903|0453|0621|1303|1642|1935|2057|21 Rebiulevvel 1448
20260904|0454|0622|1303|1641|1934|2056|22 Rebiulevvel 1448
20260905|0455|0623|1302|1640|1932|2054|23 Rebiulevvel 1448
20260906|0456|0624|1302|1639|1930|2052|24 Rebiulevvel 1448
20260907|0458|0625|1302|1638|1929|2050|25 Rebiulevvel 1448
20260908|0459|0625|1301|1637|1927|2048|26 Rebiulevvel 1448
20260909|0500|0626|1301|1636|1926|2046|27 Rebiulevvel 1448
20260910|0501|0627|1301|1635|1924|2044|28 Rebiulevvel 1448
20260911|0502|0628|1300|1634|1922|2043|29 Rebiulevvel 1448
20260912|0504|0629|1300|1633|1921|2041|1 Rebiulahir 1448
20260913|0505|0630|1300|1632|1919|2039|2 Rebiulahir 1448
20260914|0506|0631|1259|1631|1917|2037|3 Rebiulahir 1448
20260915|0507|0632|1259|1630|1916|2035|4 Rebiulahir 1448
20260916|0508|0633|1258|1628|1914|2033|5 Rebiulahir 1448
20260917|0509|0634|1258|1627|1912|2032|6 Rebiulahir 1448
20260918|0510|0635|1258|1626|1911|2030|7 Rebiulahir 1448
20260919|0511|0636|1257|1625|1909|2028|8 Rebiulahir 1448
20260920|0513|0637|1257|1624|1907|2026|9 Rebiulahir 1448
20260921|0514|0638|1257|1623|1906|2024|10 Rebiulahir 1448
20260922|0515|0639|1256|1622|1904|2023|11 Rebiulahir 1448
20260923|0516|0640|1256|1621|1902|2021|12 Rebiulahir 1448
20260924|0517|0641|1256|1620|1901|2019|13 Rebiulahir 1448
20260925|0518|0642|1255|1618|1859|2017|14 Rebiulahir 1448
20260926|0519|0643|1255|1617|1857|2016|15 Rebiulahir 1448
20260927|0520|0644|1255|1616|1856|2014|16 Rebiulahir 1448
20260928|0521|0644|1254|1615|1854|2012|17 Rebiulahir 1448
20260929|0522|0645|1254|1614|1852|2010|18 Rebiulahir 1448
20260930|0523|0646|1254|1613|1851|2009|19 Rebiulahir 1448
20261001|0524|0647|1253|1611|1849|2007|20 Rebiulahir 1448
20261002|0525|0648|1253|1610|1848|2005|21 Rebiulahir 1448
20261003|0526|0649|1253|1609|1846|2004|22 Rebiulahir 1448
20261004|0527|0650|1252|1608|1844|2002|23 Rebiulahir 1448
20261005|0528|0651|1252|1607|1843|2000|24 Rebiulahir 1448
20261006|0529|0652|1252|1606|1841|1959|25 Rebiulahir 1448
20261007|0530|0653|1251|1604|1840|1957|26 Rebiulahir 1448
20261008|0531|0654|1251|1603|1838|1956|27 Rebiulahir 1448
20261009|0532|0655|1251|1602|1836|1954|28 Rebiulahir 1448
20261010|0533|0656|1251|1601|1835|1952|29 Rebiulahir 1448
20261011|0534|0657|1250|1600|1833|1951|30 Rebiulahir 1448
20261012|0535|0658|1250|1559|1832|1949|1 Cemaziyelevvel 1448
20261013|0537|0700|1250|1557|1830|1948|2 Cemaziyelevvel 1448
20261014|0538|0701|1250|1556|1829|1946|3 Cemaziyelevvel 1448
20261015|0539|0702|1249|1555|1827|1945|4 Cemaziyelevvel 1448
20261016|0540|0703|1249|1554|1826|1944|5 Cemaziyelevvel 1448
20261017|0541|0704|1249|1553|1824|1942|6 Cemaziyelevvel 1448
20261018|0542|0705|1249|1552|1823|1941|7 Cemaziyelevvel 1448
20261019|0543|0706|1249|1551|1821|1939|8 Cemaziyelevvel 1448
20261020|0544|0707|1248|1549|1820|1938|9 Cemaziyelevvel 1448
20261021|0545|0708|1248|1548|1818|1937|10 Cemaziyelevvel 1448
20261022|0546|0709|1248|1547|1817|1935|11 Cemaziyelevvel 1448
20261023|0547|0710|1248|1546|1816|1934|12 Cemaziyelevvel 1448
20261024|0548|0711|1248|1545|1814|1933|13 Cemaziyelevvel 1448
20261025|0549|0712|1248|1544|1813|1931|14 Cemaziyelevvel 1448
20261026|0550|0713|1247|1543|1812|1930|15 Cemaziyelevvel 1448
20261027|0551|0715|1247|1542|1810|1929|16 Cemaziyelevvel 1448
20261028|0552|0716|1247|1541|1809|1928|17 Cemaziyelevvel 1448
20261029|0553|0717|1247|1540|1808|1927|18 Cemaziyelevvel 1448
20261030|0554|0718|1247|1539|1806|1926|19 Cemaziyelevvel 1448
20261031|0555|0719|1247|1538|1805|1924|20 Cemaziyelevvel 1448
20261101|0556|0720|1247|1537|1804|1923|21 Cemaziyelevvel 1448
20261102|0557|0721|1247|1536|1803|1922|22 Cemaziyelevvel 1448
20261103|0558|0722|1247|1535|1802|1921|23 Cemaziyelevvel 1448
20261104|0559|0724|1247|1534|1800|1920|24 Cemaziyelevvel 1448
20261105|0600|0725|1247|1533|1759|1919|25 Cemaziyelevvel 1448
20261106|0601|0726|1247|1533|1758|1918|26 Cemaziyelevvel 1448
20261107|0602|0727|1247|1532|1757|1917|27 Cemaziyelevvel 1448
20261108|0603|0728|1247|1531|1756|1917|28 Cemaziyelevvel 1448
20261109|0604|0729|1247|1530|1755|1916|29 Cemaziyelevvel 1448
20261110|0605|0731|1247|1529|1754|1915|1 Cemaziyelahir 1448
20261111|0606|0732|1247|1529|1753|1914|2 Cemaziyelahir 1448
20261112|0607|0733|1248|1528|1752|1913|3 Cemaziyelahir 1448
20261113|0608|0734|1248|1527|1751|1913|4 Cemaziyelahir 1448
20261114|0609|0735|1248|1526|1751|1912|5 Cemaziyelahir 1448
20261115|0610|0736|1248|1526|1750|1911|6 Cemaziyelahir 1448
20261116|0611|0737|1248|1525|1749|1910|7 Cemaziyelahir 1448
20261117|0611|0739|1248|1525|1748|1910|8 Cemaziyelahir 1448
20261118|0612|0740|1249|1524|1747|1909|9 Cemaziyelahir 1448
20261119|0613|0741|1249|1523|1747|1909|10 Cemaziyelahir 1448
20261120|0614|0742|1249|1523|1746|1908|11 Cemaziyelahir 1448
20261121|0615|0743|1249|1522|1745|1908|12 Cemaziyelahir 1448
20261122|0616|0744|1249|1522|1745|1907|13 Cemaziyelahir 1448
20261123|0617|0745|1250|1522|1744|1907|14 Cemaziyelahir 1448
20261124|0618|0746|1250|1521|1744|1906|15 Cemaziyelahir 1448
20261125|0619|0747|1250|1521|1743|1906|16 Cemaziyelahir 1448
20261126|0620|0749|1251|1520|1743|1906|17 Cemaziyelahir 1448
20261127|0621|0750|1251|1520|1742|1905|18 Cemaziyelahir 1448
20261128|0622|0751|1251|1520|1742|1905|19 Cemaziyelahir 1448
20261129|0623|0752|1252|1520|1741|1905|20 Cemaziyelahir 1448
20261130|0624|0753|1252|1519|1741|1905|21 Cemaziyelahir 1448
20261201|0625|0754|1252|1519|1741|1905|22 Cemaziyelahir 1448
20261202|0625|0755|1253|1519|1741|1905|23 Cemaziyelahir 1448
20261203|0626|0756|1253|1519|1740|1904|24 Cemaziyelahir 1448
20261204|0627|0757|1253|1519|1740|1904|25 Cemaziyelahir 1448
20261205|0628|0758|1254|1519|1740|1904|26 Cemaziyelahir 1448
20261206|0629|0759|1254|1519|1740|1904|27 Cemaziyelahir 1448
20261207|0630|0800|1255|1519|1740|1904|28 Cemaziyelahir 1448
20261208|0630|0800|1255|1519|1740|1904|29 Cemaziyelahir 1448
20261209|0631|0801|1256|1519|1740|1905|30 Cemaziyelahir 1448
20261210|0632|0802|1256|1519|1740|1905|1 Recep 1448
20261211|0633|0803|1256|1519|1740|1905|2 Recep 1448
20261212|0633|0804|1257|1519|1740|1905|3 Recep 1448
20261213|0634|0805|1257|1520|1740|1905|4 Recep 1448
20261214|0635|0805|1258|1520|1741|1906|5 Recep 1448
20261215|0635|0806|1258|1520|1741|1906|6 Recep 1448
20261216|0636|0807|1259|1520|1741|1906|7 Recep 1448
20261217|0637|0807|1259|1521|1741|1907|8 Recep 1448
20261218|0637|0808|1300|1521|1742|1907|9 Recep 1448
20261219|0638|0809|1300|1521|1742|1907|10 Recep 1448
20261220|0638|0809|1301|1522|1742|1908|11 Recep 1448
20261221|0639|0810|1301|1522|1743|1908|12 Recep 1448
20261222|0639|0810|1302|1523|1743|1909|13 Recep 1448
20261223|0640|0811|1302|1523|1744|1909|14 Recep 1448
20261224|0640|0811|1303|1524|1744|1910|15 Recep 1448
20261225|0641|0812|1303|1524|1745|1910|16 Recep 1448
20261226|0641|0812|1304|1525|1746|1911|17 Recep 1448
20261227|0642|0812|1304|1526|1746|1912|18 Recep 1448
20261228|0642|0813|1305|1526|1747|1912|19 Recep 1448
20261229|0642|0813|1305|1527|1748|1913|20 Recep 1448
20261230|0643|0813|1306|1528|1748|1913|21 Recep 1448
20261231|0643|0813|1306|1528|1749|1914|22 Recep 1448
20270101|0643|0813|1307|1529|1750|1915|23 Recep 1448
20270102|0643|0814|1307|1530|1751|1916|24 Recep 1448
20270103|0643|0814|1308|1531|1752|1916|25 Recep 1448
20270104|0644|0814|1308|1532|1753|1917|26 Recep 1448
20270105|0644|0814|1309|1532|1753|1918|27 Recep 1448
20270106|0644|0814|1309|1533|1754|1919|28 Recep 1448
20270107|0644|0814|1309|1534|1755|1920|29 Recep 1448
20270108|0644|0814|1310|1535|1756|1920|30 Recep 1448
20270109|0644|0813|1310|1536|1757|1921|1 Şaban 1448
20270110|0644|0813|1311|1537|1758|1922|2 Şaban 1448
20270111|0644|0813|1311|1538|1759|1923|3 Şaban 1448
20270112|0644|0813|1311|1539|1800|1924|4 Şaban 1448
20270113|0643|0812|1312|1540|1801|1925|5 Şaban 1448
20270114|0643|0812|1312|1540|1802|1926|6 Şaban 1448
20270115|0643|0812|1313|1541|1803|1927|7 Şaban 1448
20270116|0643|0811|1313|1542|1805|1928|8 Şaban 1448
20270117|0643|0811|1313|1543|1806|1929|9 Şaban 1448
20270118|0642|0811|1314|1544|1807|1930|10 Şaban 1448
20270119|0642|0810|1314|1545|1808|1931|11 Şaban 1448
20270120|0642|0810|1314|1546|1809|1932|12 Şaban 1448
20270121|0641|0809|1315|1547|1810|1933|13 Şaban 1448
20270122|0641|0808|1315|1548|1811|1934|14 Şaban 1448
20270123|0640|0808|1315|1549|1812|1935|15 Şaban 1448
20270124|0640|0807|1315|1550|1814|1936|16 Şaban 1448
20270125|0639|0806|1316|1551|1815|1937|17 Şaban 1448
20270126|0639|0806|1316|1552|1816|1938|18 Şaban 1448
20270127|0638|0805|1316|1553|1817|1939|19 Şaban 1448
20270128|0637|0804|1316|1554|1818|1940|20 Şaban 1448
20270129|0637|0803|1316|1555|1820|1941|21 Şaban 1448
20270130|0636|0802|1317|1556|1821|1942|22 Şaban 1448
20270131|0635|0802|1317|1557|1822|1943|23 Şaban 1448
20270201|0635|0801|1317|1558|1823|1944|24 Şaban 1448
20270202|0634|0800|1317|1559|1824|1945|25 Şaban 1448
20270203|0633|0759|1317|1600|1826|1946|26 Şaban 1448
20270204|0632|0758|1317|1601|1827|1947|27 Şaban 1448
20270205|0631|0757|1317|1602|1828|1948|28 Şaban 1448
20270206|0630|0756|1317|1603|1829|1949|29 Şaban 1448
20270207|0630|0755|1318|1604|1830|1950|30 Şaban 1448
20270208|0629|0754|1318|1605|1832|1951|1 Ramazan 1448
20270209|0628|0752|1318|1606|1833|1952|2 Ramazan 1448
20270210|0627|0751|1318|1607|1834|1953|3 Ramazan 1448
20270211|0626|0750|1318|1608|1835|1955|4 Ramazan 1448
20270212|0624|0749|1318|1609|1836|1956|5 Ramazan 1448
20270213|0623|0748|1318|1610|1838|1957|6 Ramazan 1448
20270214|0622|0746|1318|1611|1839|1958|7 Ramazan 1448
20270215|0621|0745|1318|1612|1840|1959|8 Ramazan 1448
20270216|0620|0744|1318|1613|1841|2000|9 Ramazan 1448
20270217|0619|0743|1317|1614|1842|2001|10 Ramazan 1448
20270218|0618|0741|1317|1615|1844|2002|11 Ramazan 1448
20270219|0616|0740|1317|1615|1845|2003|12 Ramazan 1448
20270220|0615|0739|1317|1616|1846|2004|13 Ramazan 1448
20270221|0614|0737|1317|1617|1847|2005|14 Ramazan 1448
20270222|0613|0736|1317|1618|1848|2006|15 Ramazan 1448
20270223|0611|0734|1317|1619|1849|2007|16 Ramazan 1448
20270224|0610|0733|1317|1620|1850|2008|17 Ramazan 1448
20270225|0608|0732|1317|1620|1852|2010|18 Ramazan 1448
20270226|0607|0730|1316|1621|1853|2011|19 Ramazan 1448
20270227|0606|0729|1316|1622|1854|2012|20 Ramazan 1448
20270228|0604|0727|1316|1623|1855|2013|21 Ramazan 1448
20270301|0603|0726|1316|1623|1856|2014|22 Ramazan 1448
20270302|0601|0724|1316|1624|1857|2015|23 Ramazan 1448
20270303|0600|0723|1316|1625|1858|2016|24 Ramazan 1448
20270304|0558|0721|1315|1626|1859|2017|25 Ramazan 1448
20270305|0557|0720|1315|1626|1900|2018|26 Ramazan 1448
20270306|0555|0718|1315|1627|1902|2019|27 Ramazan 1448
20270307|0554|0717|1315|1628|1903|2020|28 Ramazan 1448
20270308|0552|0715|1314|1628|1904|2021|29 Ramazan 1448
20270309|0551|0714|1314|1629|1905|2022|1 Şevval 1448
20270310|0549|0712|1314|1629|1906|2024|2 Şevval 1448
20270311|0547|0710|1314|1630|1907|2025|3 Şevval 1448
20270312|0546|0709|1313|1631|1908|2026|4 Şevval 1448
20270313|0544|0707|1313|1631|1909|2027|5 Şevval 1448
20270314|0542|0706|1313|1632|1910|2028|6 Şevval 1448
20270315|0541|0704|1313|1632|1911|2029|7 Şevval 1448
20270316|0539|0702|1312|1633|1912|2030|8 Şevval 1448
20270317|0537|0701|1312|1634|1913|2031|9 Şevval 1448
20270318|0536|0659|1312|1634|1914|2032|10 Şevval 1448
20270319|0534|0658|1311|1635|1915|2034|11 Şevval 1448
20270320|0532|0656|1311|1635|1916|2035|12 Şevval 1448
20270321|0530|0654|1311|1636|1917|2036|13 Şevval 1448
20270322|0529|0653|1311|1636|1918|2037|14 Şevval 1448
20270323|0527|0651|1310|1637|1919|2038|15 Şevval 1448
20270324|0525|0649|1310|1637|1920|2039|16 Şevval 1448
20270325|0523|0648|1310|1638|1922|2040|17 Şevval 1448
20270326|0522|0646|1309|1638|1923|2042|18 Şevval 1448
20270327|0520|0645|1309|1638|1924|2043|19 Şevval 1448
20270328|0518|0643|1309|1639|1925|2044|20 Şevval 1448
20270329|0516|0641|1308|1639|1926|2045|21 Şevval 1448
20270330|0514|0640|1308|1640|1927|2046|22 Şevval 1448
20270331|0512|0638|1308|1640|1928|2048|23 Şevval 1448
20270401|0511|0636|1308|1641|1929|2049|24 Şevval 1448
20270402|0509|0635|1307|1641|1930|2050|25 Şevval 1448
20270403|0507|0633|1307|1641|1931|2051|26 Şevval 1448
20270404|0505|0632|1307|1642|1932|2053|27 Şevval 1448
20270405|0503|0630|1306|1642|1933|2054|28 Şevval 1448
20270406|0501|0628|1306|1642|1934|2055|29 Şevval 1448
20270407|0500|0627|1306|1643|1935|2056|30 Şevval 1448
20270408|0458|0625|1306|1643|1936|2058|1 Zilkade 1448
20270409|0456|0624|1305|1643|1937|2059|2 Zilkade 1448
20270410|0454|0622|1305|1644|1938|2100|3 Zilkade 1448
20270411|0452|0621|1305|1644|1939|2101|4 Zilkade 1448
20270412|0450|0619|1304|1644|1940|2103|5 Zilkade 1448
20270413|0448|0618|1304|1645|1941|2104|6 Zilkade 1448
20270414|0447|0616|1304|1645|1942|2105|7 Zilkade 1448
20270415|0445|0615|1304|1645|1943|2107|8 Zilkade 1448
20270416|0443|0613|1303|1646|1944|2108|9 Zilkade 1448
20270417|0441|0612|1303|1646|1945|2109|10 Zilkade 1448
20270418|0439|0610|1303|1646|1946|2111|11 Zilkade 1448
20270419|0437|0609|1303|1647|1947|2112|12 Zilkade 1448
20270420|0436|0607|1303|1647|1948|2113|13 Zilkade 1448
20270421|0434|0606|1302|1647|1949|2115|14 Zilkade 1448
20270422|0432|0604|1302|1647|1950|2116|15 Zilkade 1448
20270423|0430|0603|1302|1648|1951|2117|16 Zilkade 1448
20270424|0428|0601|1302|1648|1952|2119|17 Zilkade 1448
20270425|0426|0600|1302|1648|1953|2120|18 Zilkade 1448
20270426|0425|0559|1301|1649|1954|2122|19 Zilkade 1448
20270427|0423|0557|1301|1649|1955|2123|20 Zilkade 1448
20270428|0421|0556|1301|1649|1956|2125|21 Zilkade 1448
20270429|0419|0555|1301|1649|1957|2126|22 Zilkade 1448
20270430|0418|0553|1301|1650|1958|2127|23 Zilkade 1448
20270501|0416|0552|1301|1650|1959|2129|24 Zilkade 1448
20270502|0414|0551|1301|1650|2000|2130|25 Zilkade 1448
20270503|0412|0550|1300|1650|2001|2132|26 Zilkade 1448
20270504|0411|0548|1300|1651|2002|2133|27 Zilkade 1448
20270505|0409|0547|1300|1651|2003|2135|28 Zilkade 1448
20270506|0407|0546|1300|1651|2004|2136|29 Zilkade 1448
20270507|0406|0545|1300|1651|2005|2137|1 Zilhicce 1448
20270508|0404|0544|1300|1652|2006|2139|2 Zilhicce 1448
20270509|0403|0543|1300|1652|2007|2140|3 Zilhicce 1448
20270510|0401|0542|1300|1652|2008|2142|4 Zilhicce 1448
20270511|0359|0541|1300|1652|2009|2143|5 Zilhicce 1448
20270512|0358|0540|1300|1653|2010|2145|6 Zilhicce 1448
20270513|0356|0539|1300|1653|2011|2146|7 Zilhicce 1448
20270514|0355|0538|1300|1653|2012|2148|8 Zilhicce 1448
20270515|0353|0537|1300|1653|2013|2149|9 Zilhicce 1448
20270516|0352|0536|1300|1654|2014|2150|10 Zilhicce 1448
20270517|0350|0535|1300|1654|2015|2152|11 Zilhicce 1448
20270518|0349|0534|1300|1654|2016|2153|12 Zilhicce 1448
20270519|0348|0533|1300|1654|2017|2155|13 Zilhicce 1448
20270520|0346|0532|1300|1655|2018|2156|14 Zilhicce 1448
20270521|0345|0532|1300|1655|2019|2157|15 Zilhicce 1448
20270522|0344|0531|1300|1655|2019|2159|16 Zilhicce 1448
20270523|0343|0530|1300|1656|2020|2200|17 Zilhicce 1448
20270524|0341|0529|1300|1656|2021|2201|18 Zilhicce 1448
20270525|0340|0529|1300|1656|2022|2203|19 Zilhicce 1448
20270526|0339|0528|1300|1656|2023|2204|20 Zilhicce 1448
20270527|0338|0527|1301|1657|2024|2205|21 Zilhicce 1448
20270528|0337|0527|1301|1657|2025|2206|22 Zilhicce 1448
20270529|0336|0526|1301|1657|2025|2208|23 Zilhicce 1448
20270530|0335|0526|1301|1657|2026|2209|24 Zilhicce 1448
20270531|0334|0525|1301|1658|2027|2210|25 Zilhicce 1448
20270601|0333|0525|1301|1658|2028|2211|26 Zilhicce 1448
20270602|0332|0524|1301|1658|2028|2212|27 Zilhicce 1448
20270603|0331|0524|1302|1658|2029|2213|28 Zilhicce 1448
20270604|0331|0524|1302|1659|2030|2214|29 Zilhicce 1448
20270605|0330|0523|1302|1659|2030|2215|30 Zilhicce 1448
20270606|0329|0523|1302|1659|2031|2216|1 Muharrem 1449
20270607|0329|0523|1302|1700|2032|2217|2 Muharrem 1449
20270608|0328|0523|1302|1700|2032|2218|3 Muharrem 1449
20270609|0328|0522|1303|1700|2033|2219|4 Muharrem 1449
20270610|0327|0522|1303|1700|2033|2220|5 Muharrem 1449
20270611|0327|0522|1303|1701|2034|2220|6 Muharrem 1449
20270612|0327|0522|1303|1701|2034|2221|7 Muharrem 1449
20270613|0326|0522|1303|1701|2035|2222|8 Muharrem 1449
20270614|0326|0522|1304|1701|2035|2222|9 Muharrem 1449
20270615|0326|0522|1304|1702|2036|2223|10 Muharrem 1449
20270616|0326|0522|1304|1702|2036|2224|11 Muharrem 1449
20270617|0326|0522|1304|1702|2037|2224|12 Muharrem 1449
20270618|0326|0522|1304|1702|2037|2224|13 Muharrem 1449
20270619|0326|0522|1305|1703|2037|2225|14 Muharrem 1449
20270620|0326|0522|1305|1703|2037|2225|15 Muharrem 1449
20270621|0326|0523|1305|1703|2038|2225|16 Muharrem 1449
20270622|0326|0523|1305|1703|2038|2226|17 Muharrem 1449
20270623|0326|0523|1306|1703|2038|2226|18 Muharrem 1449
20270624|0327|0523|1306|1704|2038|2226|19 Muharrem 1449
20270625|0327|0524|1306|1704|2038|2226|20 Muharrem 1449
20270626|0328|0524|1306|1704|2039|2226|21 Muharrem 1449
20270627|0328|0524|1306|1704|2039|2226|22 Muharrem 1449
20270628|0329|0525|1307|1704|2039|2226|23 Muharrem 1449
20270629|0329|0525|1307|1705|2039|2226|24 Muharrem 1449
20270630|0330|0526|1307|1705|2039|2225|25 Muharrem 1449
20270701|0330|0526|1307|1705|2039|2225|26 Muharrem 1449
20270702|0331|0526|1307|1705|2038|2225|27 Muharrem 1449
20270703|0332|0527|1308|1705|2038|2225|28 Muharrem 1449
20270704|0333|0528|1308|1705|2038|2224|29 Muharrem 1449
20270705|0334|0528|1308|1705|2038|2224|1 Safer 1449
20270706|0335|0529|1308|1705|2038|2223|2 Safer 1449
20270707|0335|0529|1308|1706|2037|2223|3 Safer 1449
20270708|0336|0530|1308|1706|2037|2222|4 Safer 1449
20270709|0337|0531|1309|1706|2037|2221|5 Safer 1449
20270710|0339|0531|1309|1706|2036|2221|6 Safer 1449
20270711|0340|0532|1309|1706|2036|2220|7 Safer 1449
20270712|0341|0533|1309|1706|2036|2219|8 Safer 1449
20270713|0342|0533|1309|1706|2035|2218|9 Safer 1449
20270714|0343|0534|1309|1706|2035|2217|10 Safer 1449
20270715|0344|0535|1309|1706|2034|2216|11 Safer 1449
20270716|0345|0536|1310|1706|2034|2215|12 Safer 1449
20270717|0347|0536|1310|1706|2033|2214|13 Safer 1449
20270718|0348|0537|1310|1706|2032|2213|14 Safer 1449
20270719|0349|0538|1310|1705|2032|2212|15 Safer 1449
20270720|0351|0539|1310|1705|2031|2211|16 Safer 1449
20270721|0352|0540|1310|1705|2030|2210|17 Safer 1449
20270722|0353|0540|1310|1705|2030|2209|18 Safer 1449
20270723|0355|0541|1310|1705|2029|2208|19 Safer 1449
20270724|0356|0542|1310|1705|2028|2206|20 Safer 1449
20270725|0357|0543|1310|1705|2027|2205|21 Safer 1449
20270726|0359|0544|1310|1704|2026|2204|22 Safer 1449
20270727|0400|0545|1310|1704|2025|2202|23 Safer 1449
20270728|0402|0546|1310|1704|2024|2201|24 Safer 1449
20270729|0403|0547|1310|1704|2024|2200|25 Safer 1449
20270730|0404|0547|1310|1703|2023|2158|26 Safer 1449
20270731|0406|0548|1310|1703|2022|2157|27 Safer 1449
20270801|0407|0549|1310|1703|2021|2155|28 Safer 1449
20270802|0409|0550|1310|1702|2019|2154|29 Safer 1449
20270803|0410|0551|1310|1702|2018|2152|1 Rebiulevvel 1449
20270804|0412|0552|1310|1702|2017|2151|2 Rebiulevvel 1449
20270805|0413|0553|1310|1701|2016|2149|3 Rebiulevvel 1449
20270806|0414|0554|1309|1701|2015|2148|4 Rebiulevvel 1449
20270807|0416|0555|1309|1700|2014|2146|5 Rebiulevvel 1449
20270808|0417|0556|1309|1700|2013|2144|6 Rebiulevvel 1449
20270809|0419|0557|1309|1700|2011|2143|7 Rebiulevvel 1449
20270810|0420|0558|1309|1659|2010|2141|8 Rebiulevvel 1449
20270811|0422|0559|1309|1659|2009|2139|9 Rebiulevvel 1449
20270812|0423|0600|1309|1658|2008|2138|10 Rebiulevvel 1449
20270813|0424|0601|1308|1657|2006|2136|11 Rebiulevvel 1449
20270814|0426|0602|1308|1657|2005|2134|12 Rebiulevvel 1449
20270815|0427|0602|1308|1656|2004|2132|13 Rebiulevvel 1449
20270816|0429|0603|1308|1656|2002|2131|14 Rebiulevvel 1449
20270817|0430|0604|1308|1655|2001|2129|15 Rebiulevvel 1449
20270818|0431|0605|1307|1654|2000|2127|16 Rebiulevvel 1449
20270819|0433|0606|1307|1654|1958|2125|17 Rebiulevvel 1449
20270820|0434|0607|1307|1653|1957|2124|18 Rebiulevvel 1449
20270821|0436|0608|1307|1652|1955|2122|19 Rebiulevvel 1449
20270822|0437|0609|1307|1652|1954|2120|20 Rebiulevvel 1449
20270823|0438|0610|1306|1651|1953|2118|21 Rebiulevvel 1449
20270824|0440|0611|1306|1650|1951|2116|22 Rebiulevvel 1449
20270825|0441|0612|1306|1649|1950|2114|23 Rebiulevvel 1449
20270826|0442|0613|1305|1649|1948|2113|24 Rebiulevvel 1449
20270827|0444|0614|1305|1648|1947|2111|25 Rebiulevvel 1449
20270828|0445|0615|1305|1647|1945|2109|26 Rebiulevvel 1449
20270829|0446|0616|1305|1646|1943|2107|27 Rebiulevvel 1449
20270830|0447|0617|1304|1645|1942|2105|28 Rebiulevvel 1449
20270831|0449|0618|1304|1644|1940|2103|29 Rebiulevvel 1449
20270901|0450|0619|1304|1644|1939|2102|30 Rebiulevvel 1449
20270902|0451|0620|1303|1643|1937|2100|1 Rebiulahir 1449
20270903|0452|0621|1303|1642|1936|2058|2 Rebiulahir 1449
20270904|0454|0621|1303|1641|1934|2056|3 Rebiulahir 1449
20270905|0455|0622|1302|1640|1932|2054|4 Rebiulahir 1449
20270906|0456|0623|1302|1639|1931|2052|5 Rebiulahir 1449
20270907|0457|0624|1302|1638|1929|2050|6 Rebiulahir 1449
20270908|0459|0625|1301|1637|1928|2049|7 Rebiulahir 1449
20270909|0500|0626|1301|1636|1926|2047|8 Rebiulahir 1449
20270910|0501|0627|1301|1635|1924|2045|9 Rebiulahir 1449
20270911|0502|0628|1300|1634|1923|2043|10 Rebiulahir 1449
20270912|0503|0629|1300|1633|1921|2041|11 Rebiulahir 1449
20270913|0504|0630|1300|1632|1919|2039|12 Rebiulahir 1449
20270914|0506|0631|1259|1631|1918|2037|13 Rebiulahir 1449
20270915|0507|0632|1259|1630|1916|2036|14 Rebiulahir 1449
20270916|0508|0633|1259|1629|1914|2034|15 Rebiulahir 1449
20270917|0509|0634|1258|1628|1913|2032|16 Rebiulahir 1449
20270918|0510|0635|1258|1627|1911|2030|17 Rebiulahir 1449
20270919|0511|0636|1257|1625|1909|2028|18 Rebiulahir 1449
20270920|0512|0637|1257|1624|1908|2027|19 Rebiulahir 1449
20270921|0513|0638|1257|1623|1906|2025|20 Rebiulahir 1449
20270922|0514|0638|1256|1622|1904|2023|21 Rebiulahir 1449
20270923|0516|0639|1256|1621|1903|2021|22 Rebiulahir 1449
20270924|0517|0640|1256|1620|1901|2019|23 Rebiulahir 1449
20270925|0518|0641|1255|1619|1859|2018|24 Rebiulahir 1449
20270926|0519|0642|1255|1618|1858|2016|25 Rebiulahir 1449
20270927|0520|0643|1255|1616|1856|2014|26 Rebiulahir 1449
20270928|0521|0644|1254|1615|1854|2013|27 Rebiulahir 1449
20270929|0522|0645|1254|1614|1853|2011|28 Rebiulahir 1449
20270930|0523|0646|1254|1613|1851|2009|29 Rebiulahir 1449
20271001|0524|0647|1253|1612|1850|2007|1 Cemaziyelevvel 1449
20271002|0525|0648|1253|1611|1848|2006|2 Cemaziyelevvel 1449
20271003|0526|0649|1253|1609|1846|2004|3 Cemaziyelevvel 1449
20271004|0527|0650|1252|1608|1845|2002|4 Cemaziyelevvel 1449
20271005|0528|0651|1252|1607|1843|2001|5 Cemaziyelevvel 1449
20271006|0529|0652|1252|1606|1841|1959|6 Cemaziyelevvel 1449
20271007|0530|0653|1251|1605|1840|1958|7 Cemaziyelevvel 1449
20271008|0531|0654|1251|1604|1838|1956|8 Cemaziyelevvel 1449
20271009|0532|0655|1251|1602|1837|1954|9 Cemaziyelevvel 1449
20271010|0533|0656|1251|1601|1835|1953|10 Cemaziyelevvel 1449
20271011|0534|0657|1250|1600|1834|1951|11 Cemaziyelevvel 1449
20271012|0535|0658|1250|1559|1832|1950|12 Cemaziyelevvel 1449
20271013|0536|0659|1250|1558|1831|1948|13 Cemaziyelevvel 1449
20271014|0537|0700|1250|1557|1829|1947|14 Cemaziyelevvel 1449
20271015|0538|0701|1249|1555|1827|1945|15 Cemaziyelevvel 1449
20271016|0539|0702|1249|1554|1826|1944|16 Cemaziyelevvel 1449
20271017|0540|0703|1249|1553|1825|1942|17 Cemaziyelevvel 1449
20271018|0541|0705|1249|1552|1823|1941|18 Cemaziyelevvel 1449
20271019|0542|0706|1249|1551|1822|1940|19 Cemaziyelevvel 1449
20271020|0543|0707|1248|1550|1820|1938|20 Cemaziyelevvel 1449
20271021|0544|0708|1248|1549|1819|1937|21 Cemaziyelevvel 1449
20271022|0545|0709|1248|1548|1817|1936|22 Cemaziyelevvel 1449
20271023|0546|0710|1248|1546|1816|1934|23 Cemaziyelevvel 1449
20271024|0547|0711|1248|1545|1815|1933|24 Cemaziyelevvel 1449
20271025|0548|0712|1248|1544|1813|1932|25 Cemaziyelevvel 1449
20271026|0549|0713|1247|1543|1812|1930|26 Cemaziyelevvel 1449
20271027|0550|0714|1247|1542|1811|1929|27 Cemaziyelevvel 1449
20271028|0551|0715|1247|1541|1809|1928|28 Cemaziyelevvel 1449
20271029|0552|0717|1247|1540|1808|1927|29 Cemaziyelevvel 1449
20271030|0553|0718|1247|1539|1807|1926|30 Cemaziyelevvel 1449
20271031|0554|0719|1247|1538|1805|1925|1 Cemaziyelahir 1449
20271101|0555|0720|1247|1537|1804|1924|2 Cemaziyelahir 1449
20271102|0556|0721|1247|1536|1803|1923|3 Cemaziyelahir 1449
20271103|0557|0722|1247|1535|1802|1921|4 Cemaziyelahir 1449
20271104|0558|0723|1247|1535|1801|1920|5 Cemaziyelahir 1449
20271105|0559|0724|1247|1534|1800|1920|6 Cemaziyelahir 1449
20271106|0600|0726|1247|1533|1759|1919|7 Cemaziyelahir 1449
20271107|0601|0727|1247|1532|1757|1918|8 Cemaziyelahir 1449
20271108|0602|0728|1247|1531|1756|1917|9 Cemaziyelahir 1449
20271109|0603|0729|1247|1530|1755|1916|10 Cemaziyelahir 1449
20271110|0604|0730|1247|1530|1754|1915|11 Cemaziyelahir 1449
20271111|0605|0731|1247|1529|1753|1914|12 Cemaziyelahir 1449
20271112|0606|0733|1248|1528|1753|1913|13 Cemaziyelahir 1449
20271113|0607|0734|1248|1527|1752|1913|14 Cemaziyelahir 1449
20271114|0608|0735|1248|1527|1751|1912|15 Cemaziyelahir 1449
20271115|0609|0736|1248|1526|1750|1911|16 Cemaziyelahir 1449
20271116|0610|0737|1248|1525|1749|1911|17 Cemaziyelahir 1449
20271117|0611|0738|1248|1525|1748|1910|18 Cemaziyelahir 1449
20271118|0612|0739|1248|1524|1748|1909|19 Cemaziyelahir 1449
20271119|0613|0741|1249|1524|1747|1909|20 Cemaziyelahir 1449
20271120|0614|0742|1249|1523|1746|1908|21 Cemaziyelahir 1449
20271121|0615|0743|1249|1523|1746|1908|22 Cemaziyelahir 1449
20271122|0616|0744|1249|1522|1745|1907|23 Cemaziyelahir 1449
20271123|0617|0745|1250|1522|1744|1907|24 Cemaziyelahir 1449
20271124|0618|0746|1250|1521|1744|1907|25 Cemaziyelahir 1449
20271125|0619|0747|1250|1521|1743|1906|26 Cemaziyelahir 1449
20271126|0620|0748|1251|1521|1743|1906|27 Cemaziyelahir 1449
20271127|0621|0749|1251|1520|1742|1906|28 Cemaziyelahir 1449
20271128|0622|0750|1251|1520|1742|1905|29 Cemaziyelahir 1449
20271129|0623|0751|1251|1520|1742|1905|1 Recep 1449
20271130|0623|0753|1252|1519|1741|1905|2 Recep 1449
20271201|0624|0754|1252|1519|1741|1905|3 Recep 1449
20271202|0625|0755|1253|1519|1741|1905|4 Recep 1449
20271203|0626|0756|1253|1519|1740|1904|5 Recep 1449
20271204|0627|0756|1253|1519|1740|1904|6 Recep 1449
20271205|0628|0757|1254|1519|1740|1904|7 Recep 1449
20271206|0629|0758|1254|1519|1740|1904|8 Recep 1449
20271207|0629|0759|1255|1519|1740|1904|9 Recep 1449
20271208|0630|0800|1255|1519|1740|1904|10 Recep 1449
20271209|0631|0801|1255|1519|1740|1905|11 Recep 1449
20271210|0632|0802|1256|1519|1740|1905|12 Recep 1449
20271211|0632|0803|1256|1519|1740|1905|13 Recep 1449
20271212|0633|0804|1257|1519|1740|1905|14 Recep 1449
20271213|0634|0804|1257|1520|1740|1905|15 Recep 1449
20271214|0635|0805|1258|1520|1740|1906|16 Recep 1449
20271215|0635|0806|1258|1520|1741|1906|17 Recep 1449
20271216|0636|0806|1259|1520|1741|1906|18 Recep 1449
20271217|0637|0807|1259|1521|1741|1906|19 Recep 1449
20271218|0637|0808|1300|1521|1742|1907|20 Recep 1449
20271219|0638|0808|1300|1521|1742|1907|21 Recep 1449
20271220|0638|0809|1301|1522|1742|1908|22 Recep 1449
20271221|0639|0810|1301|1522|1743|1908|23 Recep 1449
20271222|0639|0810|1302|1523|1743|1909|24 Recep 1449
20271223|0640|0811|1302|1523|1744|1909|25 Recep 1449
20271224|0640|0811|1303|1524|1744|1910|26 Recep 1449
20271225|0641|0811|1303|1524|1745|1910|27 Recep 1449
20271226|0641|0812|1304|1525|1746|1911|28 Recep 1449
20271227|0641|0812|1304|1526|1746|1911|29 Recep 1449
20271228|0642|0812|1305|1526|1747|1912|30 Recep 1449
20271229|0642|0813|1305|1527|1748|1913|1 Şaban 1449
20271230|0642|0813|1306|1528|1748|1913|2 Şaban 1449
20271231|0643|0813|1306|1528|1749|1914|3 Şaban 1449
#@9301|Söğüt|BILECIK|730
20260101|0644|0814|1308|1530|1751|1916|12 Recep 1447
20260102|0644|0814|1308|1531|1752|1917|13 Recep 1447
20260103|0644|0814|1309|1532|1753|1917|14 Recep 1447
20260104|0644|0814|1309|1533|1754|1918|15 Recep 1447
20260105|0645|0814|1309|1533|1755|1919|16 Recep 1447
20260106|0645|0814|1310|1534|1755|1920|17 Recep 1447
20260107|0645|0814|1310|1535|1756|1921|18 Recep 1447
20260108|0645|0814|1311|1536|1757|1922|19 Recep 1447
20260109|0645|0814|1311|1537|1758|1922|20 Recep 1447
20260110|0645|0814|1312|1538|1759|1923|21 Recep 1447
20260111|0644|0814|1312|1539|1800|1924|22 Recep 1447
20260112|0644|0813|1312|1540|1801|1925|23 Recep 1447
20260113|0644|0813|1313|1541|1802|1926|24 Recep 1447
20260114|0644|0813|1313|1542|1804|1927|25 Recep 1447
20260115|0644|0812|1314|1543|1805|1928|26 Recep 1447
20260116|0644|0812|1314|1544|1806|1929|27 Recep 1447
20260117|0643|0812|1314|1545|1807|1930|28 Recep 1447
20260118|0643|0811|1315|1546|1808|1931|29 Recep 1447
20260119|0643|0811|1315|1547|1809|1932|30 Recep 1447
20260120|0642|0810|1315|1548|1810|1933|1 Şaban 1447
20260121|0642|0810|1315|1549|1811|1934|2 Şaban 1447
20260122|0641|0809|1316|1550|1813|1935|3 Şaban 1447
20260123|0641|0808|1316|1551|1814|1936|4 Şaban 1447
20260124|0640|0808|1316|1552|1815|1937|5 Şaban 1447
20260125|0640|0807|1316|1553|1816|1938|6 Şaban 1447
20260126|0639|0806|1317|1554|1817|1939|7 Şaban 1447
20260127|0639|0805|1317|1555|1818|1940|8 Şaban 1447
20260128|0638|0805|1317|1556|1820|1941|9 Şaban 1447
20260129|0637|0804|1317|1557|1821|1942|10 Şaban 1447
20260130|0637|0803|1317|1558|1822|1943|11 Şaban 1447
20260131|0636|0802|1318|1559|1823|1944|12 Şaban 1447
20260201|0635|0801|1318|1600|1824|1945|13 Şaban 1447
20260202|0634|0800|1318|1601|1826|1946|14 Şaban 1447
20260203|0634|0759|1318|1602|1827|1947|15 Şaban 1447
20260204|0633|0758|1318|1603|1828|1948|16 Şaban 1447
20260205|0632|0757|1318|1604|1829|1949|17 Şaban 1447
20260206|0631|0756|1318|1605|1830|1950|18 Şaban 1447
20260207|0630|0755|1318|1606|1832|1951|19 Şaban 1447
20260208|0629|0754|1318|1607|1833|1952|20 Şaban 1447
20260209|0628|0753|1318|1607|1834|1954|21 Şaban 1447
20260210|0627|0752|1318|1608|1835|1955|22 Şaban 1447
20260211|0626|0751|1318|1609|1836|1956|23 Şaban 1447
20260212|0625|0749|1318|1610|1838|1957|24 Şaban 1447
20260213|0624|0748|1318|1611|1839|1958|25 Şaban 1447
20260214|0623|0747|1318|1612|1840|1959|26 Şaban 1447
20260215|0622|0746|1318|1613|1841|2000|27 Şaban 1447
20260216|0621|0744|1318|1614|1842|2001|28 Şaban 1447
20260217|0619|0743|1318|1615|1844|2002|29 Şaban 1447
20260218|0618|0742|1318|1616|1845|2003|30 Şaban 1447
20260219|0617|0740|1318|1617|1846|2004|1 Ramazan 1447
20260220|0616|0739|1318|1617|1847|2005|2 Ramazan 1447
20260221|0614|0738|1318|1618|1848|2006|3 Ramazan 1447
20260222|0613|0736|1318|1619|1849|2007|4 Ramazan 1447
20260223|0612|0735|1318|1620|1850|2008|5 Ramazan 1447
20260224|0610|0734|1318|1621|1852|2010|6 Ramazan 1447
20260225|0609|0732|1317|1621|1853|2011|7 Ramazan 1447
20260226|0608|0731|1317|1622|1854|2012|8 Ramazan 1447
20260227|0606|0729|1317|1623|1855|2013|9 Ramazan 1447
20260228|0605|0728|1317|1624|1856|2014|10 Ramazan 1447
20260301|0603|0726|1317|1624|1857|2015|11 Ramazan 1447
20260302|0602|0725|1317|1625|1858|2016|12 Ramazan 1447
20260303|0600|0723|1316|1626|1859|2017|13 Ramazan 1447
20260304|0559|0722|1316|1627|1900|2018|14 Ramazan 1447
20260305|0557|0720|1316|1627|1902|2019|15 Ramazan 1447
20260306|0556|0719|1316|1628|1903|2020|16 Ramazan 1447
20260307|0554|0717|1315|1629|1904|2021|17 Ramazan 1447
20260308|0553|0716|1315|1629|1905|2022|18 Ramazan 1447
20260309|0551|0714|1315|1630|1906|2024|19 Ramazan 1447
20260310|0549|0712|1315|1631|1907|2025|20 Ramazan 1447
20260311|0548|0711|1314|1631|1908|2026|21 Ramazan 1447
20260312|0546|0709|1314|1632|1909|2027|22 Ramazan 1447
20260313|0545|0708|1314|1632|1910|2028|23 Ramazan 1447
20260314|0543|0706|1314|1633|1911|2029|24 Ramazan 1447
20260315|0541|0704|1313|1633|1912|2030|25 Ramazan 1447
20260316|0539|0703|1313|1634|1913|2031|26 Ramazan 1447
20260317|0538|0701|1313|1635|1914|2032|27 Ramazan 1447
20260318|0536|0700|1312|1635|1915|2034|28 Ramazan 1447
20260319|0534|0658|1312|1636|1916|2035|29 Ramazan 1447
20260320|0533|0656|1312|1636|1917|2036|1 Şevval 1447
20260321|0531|0655|1312|1637|1918|2037|2 Şevval 1447
20260322|0529|0653|1311|1637|1920|2038|3 Şevval 1447
20260323|0527|0652|1311|1638|1921|2039|4 Şevval 1447
20260324|0526|0650|1311|1638|1922|2040|5 Şevval 1447
20260325|0524|0648|1310|1639|1923|2042|6 Şevval 1447
20260326|0522|0647|1310|1639|1924|2043|7 Şevval 1447
20260327|0520|0645|1310|1639|1925|2044|8 Şevval 1447
20260328|0518|0643|1310|1640|1926|2045|9 Şevval 1447
20260329|0517|0642|1309|1640|1927|2046|10 Şevval 1447
20260330|0515|0640|1309|1641|1928|2047|11 Şevval 1447
20260331|0513|0639|1309|1641|1929|2049|12 Şevval 1447
20260401|0511|0637|1308|1642|1930|2050|13 Şevval 1447
20260402|0509|0635|1308|1642|1931|2051|14 Şevval 1447
20260403|0507|0634|1308|1642|1932|2052|15 Şevval 1447
20260404|0506|0632|1307|1643|1933|2054|16 Şevval 1447
20260405|0504|0631|1307|1643|1934|2055|17 Şevval 1447
20260406|0502|0629|1307|1643|1935|2056|18 Şevval 1447
20260407|0500|0627|1307|1644|1936|2057|19 Şevval 1447
20260408|0458|0626|1306|1644|1937|2059|20 Şevval 1447
20260409|0456|0624|1306|1644|1938|2100|21 Şevval 1447
20260410|0455|0623|1306|1645|1939|2101|22 Şevval 1447
20260411|0453|0621|1305|1645|1940|2102|23 Şevval 1447
20260412|0451|0620|1305|1645|1941|2104|24 Şevval 1447
20260413|0449|0618|1305|1646|1942|2105|25 Şevval 1447
20260414|0447|0617|1305|1646|1943|2106|26 Şevval 1447
20260415|0445|0615|1304|1646|1944|2108|27 Şevval 1447
20260416|0443|0614|1304|1647|1945|2109|28 Şevval 1447
20260417|0442|0612|1304|1647|1946|2110|29 Şevval 1447
20260418|0440|0611|1304|1647|1947|2112|1 Zilkade 1447
20260419|0438|0609|1304|1647|1948|2113|2 Zilkade 1447
20260420|0436|0608|1303|1648|1949|2114|3 Zilkade 1447
20260421|0434|0606|1303|1648|1950|2116|4 Zilkade 1447
20260422|0432|0605|1303|1648|1951|2117|5 Zilkade 1447
20260423|0431|0603|1303|1649|1952|2119|6 Zilkade 1447
20260424|0429|0602|1303|1649|1953|2120|7 Zilkade 1447
20260425|0427|0601|1302|1649|1954|2121|8 Zilkade 1447
20260426|0425|0559|1302|1649|1955|2123|9 Zilkade 1447
20260427|0423|0558|1302|1650|1956|2124|10 Zilkade 1447
20260428|0422|0557|1302|1650|1957|2126|11 Zilkade 1447
20260429|0420|0555|1302|1650|1958|2127|12 Zilkade 1447
20260430|0418|0554|1302|1650|1959|2128|13 Zilkade 1447
20260501|0416|0553|1301|1651|2000|2130|14 Zilkade 1447
20260502|0415|0552|1301|1651|2001|2131|15 Zilkade 1447
20260503|0413|0550|1301|1651|2002|2133|16 Zilkade 1447
20260504|0411|0549|1301|1651|2003|2134|17 Zilkade 1447
20260505|0410|0548|1301|1652|2004|2136|18 Zilkade 1447
20260506|0408|0547|1301|1652|2005|2137|19 Zilkade 1447
20260507|0406|0546|1301|1652|2006|2139|20 Zilkade 1447
20260508|0405|0545|1301|1653|2007|2140|21 Zilkade 1447
20260509|0403|0543|1301|1653|2008|2141|22 Zilkade 1447
20260510|0402|0542|1301|1653|2009|2143|23 Zilkade 1447
20260511|0400|0541|1301|1653|2010|2144|24 Zilkade 1447
20260512|0358|0540|1301|1654|2011|2146|25 Zilkade 1447
20260513|0357|0539|1301|1654|2012|2147|26 Zilkade 1447
20260514|0355|0538|1301|1654|2013|2149|27 Zilkade 1447
20260515|0354|0537|1301|1654|2014|2150|28 Zilkade 1447
20260516|0353|0536|1301|1655|2015|2151|29 Zilkade 1447
20260517|0351|0536|1301|1655|2016|2153|30 Zilkade 1447
20260518|0350|0535|1301|1655|2017|2154|1 Zilhicce 1447
20260519|0348|0534|1301|1655|2018|2156|2 Zilhicce 1447
20260520|0347|0533|1301|1656|2019|2157|3 Zilhicce 1447
20260521|0346|0532|1301|1656|2020|2158|4 Zilhicce 1447
20260522|0344|0532|1301|1656|2020|2200|5 Zilhicce 1447
20260523|0343|0531|1301|1656|2021|2201|6 Zilhicce 1447
20260524|0342|0530|1301|1657|2022|2202|7 Zilhicce 1447
20260525|0341|0529|1301|1657|2023|2204|8 Zilhicce 1447
20260526|0340|0529|1301|1657|2024|2205|9 Zilhicce 1447
20260527|0339|0528|1301|1657|2025|2206|10 Zilhicce 1447
20260528|0338|0528|1302|1658|2025|2207|11 Zilhicce 1447
20260529|0337|0527|1302|1658|2026|2209|12 Zilhicce 1447
20260530|0336|0527|1302|1658|2027|2210|13 Zilhicce 1447
20260531|0335|0526|1302|1658|2028|2211|14 Zilhicce 1447
20260601|0334|0526|1302|1659|2029|2212|15 Zilhicce 1447
20260602|0333|0525|1302|1659|2029|2213|16 Zilhicce 1447
20260603|0332|0525|1302|1659|2030|2214|17 Zilhicce 1447
20260604|0332|0525|1303|1700|2031|2215|18 Zilhicce 1447
20260605|0331|0524|1303|1700|2031|2216|19 Zilhicce 1447
20260606|0330|0524|1303|1700|2032|2217|20 Zilhicce 1447
20260607|0330|0524|1303|1700|2033|2218|21 Zilhicce 1447
20260608|0329|0523|1303|1701|2033|2219|22 Zilhicce 1447
20260609|0329|0523|1303|1701|2034|2220|23 Zilhicce 1447
20260610|0328|0523|1304|1701|2034|2220|24 Zilhicce 1447
20260611|0328|0523|1304|1701|2035|2221|25 Zilhicce 1447
20260612|0328|0523|1304|1702|2035|2222|26 Zilhicce 1447
20260613|0327|0523|1304|1702|2036|2223|27 Zilhicce 1447
20260614|0327|0523|1305|1702|2036|2223|28 Zilhicce 1447
20260615|0327|0523|1305|1702|2037|2224|29 Zilhicce 1447
20260616|0327|0523|1305|1703|2037|2224|1 Muharrem 1448
20260617|0327|0523|1305|1703|2037|2225|2 Muharrem 1448
20260618|0327|0523|1305|1703|2038|2225|3 Muharrem 1448
20260619|0327|0523|1306|1703|2038|2225|4 Muharrem 1448
20260620|0327|0523|1306|1704|2038|2226|5 Muharrem 1448
20260621|0327|0524|1306|1704|2039|2226|6 Muharrem 1448
20260622|0327|0524|1306|1704|2039|2226|7 Muharrem 1448
20260623|0328|0524|1306|1704|2039|2226|8 Muharrem 1448
20260624|0328|0524|1307|1704|2039|2227|9 Muharrem 1448
20260625|0328|0525|1307|1705|2039|2227|10 Muharrem 1448
20260626|0329|0525|1307|1705|2039|2227|11 Muharrem 1448
20260627|0329|0525|1307|1705|2039|2227|12 Muharrem 1448
20260628|0330|0526|1308|1705|2039|2226|13 Muharrem 1448
20260629|0330|0526|1308|1705|2039|2226|14 Muharrem 1448
20260630|0331|0527|1308|1706|2039|2226|15 Muharrem 1448
20260701|0332|0527|1308|1706|2039|2226|16 Muharrem 1448
20260702|0332|0528|1308|1706|2039|2225|17 Muharrem 1448
20260703|0333|0528|1308|1706|2039|2225|18 Muharrem 1448
20260704|0334|0529|1309|1706|2039|2225|19 Muharrem 1448
20260705|0335|0529|1309|1706|2039|2224|20 Muharrem 1448
20260706|0336|0530|1309|1706|2038|2224|21 Muharrem 1448
20260707|0337|0530|1309|1706|2038|2223|22 Muharrem 1448
20260708|0338|0531|1309|1706|2038|2222|23 Muharrem 1448
20260709|0339|0532|1310|1706|2037|2222|24 Muharrem 1448
20260710|0340|0532|1310|1706|2037|2221|25 Muharrem 1448
20260711|0341|0533|1310|1707|2037|2220|26 Muharrem 1448
20260712|0342|0534|1310|1707|2036|2220|27 Muharrem 1448
20260713|0343|0534|1310|1707|2036|2219|28 Muharrem 1448
20260714|0344|0535|1310|1707|2035|2218|29 Muharrem 1448
20260715|0346|0536|1310|1707|2035|2217|1 Safer 1448
20260716|0347|0537|1310|1706|2034|2216|2 Safer 1448
20260717|0348|0537|1310|1706|2034|2215|3 Safer 1448
20260718|0349|0538|1311|1706|2033|2214|4 Safer 1448
20260719|0351|0539|1311|1706|2032|2213|5 Safer 1448
20260720|0352|0540|1311|1706|2032|2212|6 Safer 1448
20260721|0353|0541|1311|1706|2031|2210|7 Safer 1448
20260722|0355|0542|1311|1706|2030|2209|8 Safer 1448
20260723|0356|0542|1311|1706|2029|2208|9 Safer 1448
20260724|0357|0543|1311|1706|2029|2207|10 Safer 1448
20260725|0359|0544|1311|1705|2028|2205|11 Safer 1448
20260726|0400|0545|1311|1705|2027|2204|12 Safer 1448
20260727|0401|0546|1311|1705|2026|2203|13 Safer 1448
20260728|0403|0547|1311|1705|2025|2201|14 Safer 1448
20260729|0404|0548|1311|1704|2024|2200|15 Safer 1448
20260730|0406|0549|1311|1704|2023|2159|16 Safer 1448
20260731|0407|0549|1311|1704|2022|2157|17 Safer 1448
20260801|0409|0550|1311|1704|2021|2156|18 Safer 1448
20260802|0410|0551|1311|1703|2020|2154|19 Safer 1448
20260803|0411|0552|1311|1703|2019|2153|20 Safer 1448
20260804|0413|0553|1310|1702|2018|2151|21 Safer 1448
20260805|0414|0554|1310|1702|2017|2149|22 Safer 1448
20260806|0416|0555|1310|1702|2016|2148|23 Safer 1448
20260807|0417|0556|1310|1701|2014|2146|24 Safer 1448
20260808|0419|0557|1310|1701|2013|2145|25 Safer 1448
20260809|0420|0558|1310|1700|2012|2143|26 Safer 1448
20260810|0422|0559|1310|1700|2011|2141|27 Safer 1448
20260811|0423|0600|1310|1659|2009|2140|28 Safer 1448
20260812|0424|0601|1309|1659|2008|2138|29 Safer 1448
20260813|0426|0602|1309|1658|2007|2136|30 Safer 1448
20260814|0427|0603|1309|1658|2006|2134|1 Rebiulevvel 1448
20260815|0429|0604|1309|1657|2004|2133|2 Rebiulevvel 1448
20260816|0430|0605|1309|1656|2003|2131|3 Rebiulevvel 1448
20260817|0431|0606|1308|1656|2002|2129|4 Rebiulevvel 1448
20260818|0433|0606|1308|1655|2000|2127|5 Rebiulevvel 1448
20260819|0434|0607|1308|1654|1959|2126|6 Rebiulevvel 1448
20260820|0436|0608|1308|1654|1957|2124|7 Rebiulevvel 1448
20260821|0437|0609|1308|1653|1956|2122|8 Rebiulevvel 1448
20260822|0438|0610|1307|1652|1954|2120|9 Rebiulevvel 1448
20260823|0440|0611|1307|1652|1953|2118|10 Rebiulevvel 1448
20260824|0441|0612|1307|1651|1951|2117|11 Rebiulevvel 1448
20260825|0442|0613|1307|1650|1950|2115|12 Rebiulevvel 1448
20260826|0444|0614|1306|1649|1948|2113|13 Rebiulevvel 1448
20260827|0445|0615|1306|1648|1947|2111|14 Rebiulevvel 1448
20260828|0446|0616|1306|1648|1945|2109|15 Rebiulevvel 1448
20260829|0447|0617|1305|1647|1944|2107|16 Rebiulevvel 1448
20260830|0449|0618|1305|1646|1942|2106|17 Rebiulevvel 1448
20260831|0450|0619|1305|1645|1941|2104|18 Rebiulevvel 1448
20260901|0451|0620|1304|1644|1939|2102|19 Rebiulevvel 1448
20260902|0452|0621|1304|1643|1938|2100|20 Rebiulevvel 1448
20260903|0454|0622|1304|1642|1936|2058|21 Rebiulevvel 1448
20260904|0455|0623|1303|1641|1934|2056|22 Rebiulevvel 1448
20260905|0456|0624|1303|1641|1933|2054|23 Rebiulevvel 1448
20260906|0457|0624|1303|1640|1931|2053|24 Rebiulevvel 1448
20260907|0459|0625|1302|1639|1930|2051|25 Rebiulevvel 1448
20260908|0500|0626|1302|1638|1928|2049|26 Rebiulevvel 1448
20260909|0501|0627|1302|1637|1926|2047|27 Rebiulevvel 1448
20260910|0502|0628|1301|1636|1925|2045|28 Rebiulevvel 1448
20260911|0503|0629|1301|1635|1923|2043|29 Rebiulevvel 1448
20260912|0504|0630|1301|1634|1921|2041|1 Rebiulahir 1448
20260913|0506|0631|1300|1633|1920|2040|2 Rebiulahir 1448
20260914|0507|0632|1300|1631|1918|2038|3 Rebiulahir 1448
20260915|0508|0633|1300|1630|1916|2036|4 Rebiulahir 1448
20260916|0509|0634|1259|1629|1915|2034|5 Rebiulahir 1448
20260917|0510|0635|1259|1628|1913|2032|6 Rebiulahir 1448
20260918|0511|0636|1259|1627|1912|2031|7 Rebiulahir 1448
20260919|0512|0637|1258|1626|1910|2029|8 Rebiulahir 1448
20260920|0513|0638|1258|1625|1908|2027|9 Rebiulahir 1448
20260921|0515|0639|1258|1624|1907|2025|10 Rebiulahir 1448
20260922|0516|0640|1257|1623|1905|2023|11 Rebiulahir 1448
20260923|0517|0640|1257|1622|1903|2022|12 Rebiulahir 1448
20260924|0518|0641|1256|1620|1902|2020|13 Rebiulahir 1448
20260925|0519|0642|1256|1619|1900|2018|14 Rebiulahir 1448
20260926|0520|0643|1256|1618|1858|2016|15 Rebiulahir 1448
20260927|0521|0644|1255|1617|1857|2015|16 Rebiulahir 1448
20260928|0522|0645|1255|1616|1855|2013|17 Rebiulahir 1448
20260929|0523|0646|1255|1615|1853|2011|18 Rebiulahir 1448
20260930|0524|0647|1254|1613|1852|2010|19 Rebiulahir 1448
20261001|0525|0648|1254|1612|1850|2008|20 Rebiulahir 1448
20261002|0526|0649|1254|1611|1848|2006|21 Rebiulahir 1448
20261003|0527|0650|1253|1610|1847|2005|22 Rebiulahir 1448
20261004|0528|0651|1253|1609|1845|2003|23 Rebiulahir 1448
20261005|0529|0652|1253|1608|1844|2001|24 Rebiulahir 1448
20261006|0530|0653|1253|1606|1842|2000|25 Rebiulahir 1448
20261007|0531|0654|1252|1605|1840|1958|26 Rebiulahir 1448
20261008|0532|0655|1252|1604|1839|1956|27 Rebiulahir 1448
20261009|0533|0656|1252|1603|1837|1955|28 Rebiulahir 1448
20261010|0534|0657|1251|1602|1836|1953|29 Rebiulahir 1448
20261011|0535|0658|1251|1601|1834|1952|30 Rebiulahir 1448
20261012|0536|0659|1251|1559|1833|1950|1 Cemaziyelevvel 1448
20261013|0537|0700|1251|1558|1831|1949|2 Cemaziyelevvel 1448
20261014|0538|0701|1250|1557|1830|1947|3 Cemaziyelevvel 1448
20261015|0539|0702|1250|1556|1828|1946|4 Cemaziyelevvel 1448
20261016|0540|0703|1250|1555|1827|1944|5 Cemaziyelevvel 1448
20261017|0541|0705|1250|1554|1825|1943|6 Cemaziyelevvel 1448
20261018|0542|0706|1250|1553|1824|1942|7 Cemaziyelevvel 1448
20261019|0543|0707|1249|1551|1822|1940|8 Cemaziyelevvel 1448
20261020|0544|0708|1249|1550|1821|1939|9 Cemaziyelevvel 1448
20261021|0545|0709|1249|1549|1819|1937|10 Cemaziyelevvel 1448
20261022|0546|0710|1249|1548|1818|1936|11 Cemaziyelevvel 1448
20261023|0547|0711|1249|1547|1816|1935|12 Cemaziyelevvel 1448
20261024|0548|0712|1249|1546|1815|1934|13 Cemaziyelevvel 1448
20261025|0549|0713|1248|1545|1814|1932|14 Cemaziyelevvel 1448
20261026|0550|0714|1248|1544|1812|1931|15 Cemaziyelevvel 1448
20261027|0551|0715|1248|1543|1811|1930|16 Cemaziyelevvel 1448
20261028|0552|0716|1248|1542|1810|1929|17 Cemaziyelevvel 1448
20261029|0553|0718|1248|1541|1809|1927|18 Cemaziyelevvel 1448
20261030|0554|0719|1248|1540|1807|1926|19 Cemaziyelevvel 1448
20261031|0555|0720|1248|1539|1806|1925|20 Cemaziyelevvel 1448
20261101|0556|0721|1248|1538|1805|1924|21 Cemaziyelevvel 1448
20261102|0557|0722|1248|1537|1804|1923|22 Cemaziyelevvel 1448
20261103|0558|0723|1248|1536|1803|1922|23 Cemaziyelevvel 1448
20261104|0559|0724|1248|1535|1801|1921|24 Cemaziyelevvel 1448
20261105|0600|0726|1248|1534|1800|1920|25 Cemaziyelevvel 1448
20261106|0601|0727|1248|1533|1759|1919|26 Cemaziyelevvel 1448
20261107|0602|0728|1248|1533|1758|1918|27 Cemaziyelevvel 1448
20261108|0603|0729|1248|1532|1757|1917|28 Cemaziyelevvel 1448
20261109|0604|0730|1248|1531|1756|1917|29 Cemaziyelevvel 1448
20261110|0605|0731|1248|1530|1755|1916|1 Cemaziyelahir 1448
20261111|0606|0732|1248|1530|1754|1915|2 Cemaziyelahir 1448
20261112|0607|0734|1248|1529|1753|1914|3 Cemaziyelahir 1448
20261113|0608|0735|1249|1528|1752|1913|4 Cemaziyelahir 1448
20261114|0609|0736|1249|1527|1751|1913|5 Cemaziyelahir 1448
20261115|0610|0737|1249|1527|1751|1912|6 Cemaziyelahir 1448
20261116|0611|0738|1249|1526|1750|1911|7 Cemaziyelahir 1448
20261117|0612|0739|1249|1526|1749|1911|8 Cemaziyelahir 1448
20261118|0613|0740|1249|1525|1748|1910|9 Cemaziyelahir 1448
20261119|0614|0742|1250|1524|1748|1910|10 Cemaziyelahir 1448
20261120|0615|0743|1250|1524|1747|1909|11 Cemaziyelahir 1448
20261121|0616|0744|1250|1523|1746|1909|12 Cemaziyelahir 1448
20261122|0617|0745|1250|1523|1746|1908|13 Cemaziyelahir 1448
20261123|0618|0746|1251|1522|1745|1908|14 Cemaziyelahir 1448
20261124|0619|0747|1251|1522|1745|1907|15 Cemaziyelahir 1448
20261125|0620|0748|1251|1522|1744|1907|16 Cemaziyelahir 1448
20261126|0621|0749|1251|1521|1744|1907|17 Cemaziyelahir 1448
20261127|0622|0750|1252|1521|1743|1906|18 Cemaziyelahir 1448
20261128|0623|0751|1252|1521|1743|1906|19 Cemaziyelahir 1448
20261129|0624|0752|1252|1521|1742|1906|20 Cemaziyelahir 1448
20261130|0624|0754|1253|1520|1742|1906|21 Cemaziyelahir 1448
20261201|0625|0755|1253|1520|1742|1906|22 Cemaziyelahir 1448
20261202|0626|0756|1254|1520|1742|1905|23 Cemaziyelahir 1448
20261203|0627|0757|1254|1520|1741|1905|24 Cemaziyelahir 1448
20261204|0628|0757|1254|1520|1741|1905|25 Cemaziyelahir 1448
20261205|0629|0758|1255|1520|1741|1905|26 Cemaziyelahir 1448
20261206|0630|0759|1255|1520|1741|1905|27 Cemaziyelahir 1448
20261207|0630|0800|1256|1520|1741|1905|28 Cemaziyelahir 1448
20261208|0631|0801|1256|1520|1741|1905|29 Cemaziyelahir 1448
20261209|0632|0802|1256|1520|1741|1905|30 Cemaziyelahir 1448
20261210|0633|0803|1257|1520|1741|1906|1 Recep 1448
20261211|0633|0804|1257|1520|1741|1906|2 Recep 1448
20261212|0634|0804|1258|1520|1741|1906|3 Recep 1448
20261213|0635|0805|1258|1520|1741|1906|4 Recep 1448
20261214|0636|0806|1259|1521|1741|1906|5 Recep 1448
20261215|0636|0807|1259|1521|1742|1907|6 Recep 1448
20261216|0637|0807|1300|1521|1742|1907|7 Recep 1448
20261217|0637|0808|1300|1522|1742|1907|8 Recep 1448
20261218|0638|0809|1301|1522|1743|1908|9 Recep 1448
20261219|0639|0809|1301|1522|1743|1908|10 Recep 1448
20261220|0639|0810|1302|1523|1743|1909|11 Recep 1448
20261221|0640|0810|1302|1523|1744|1909|12 Recep 1448
20261222|0640|0811|1303|1524|1744|1910|13 Recep 1448
20261223|0641|0811|1303|1524|1745|1910|14 Recep 1448
20261224|0641|0812|1304|1525|1745|1911|15 Recep 1448
20261225|0642|0812|1304|1525|1746|1911|16 Recep 1448
20261226|0642|0813|1305|1526|1747|1912|17 Recep 1448
20261227|0642|0813|1305|1527|1747|1912|18 Recep 1448
20261228|0643|0813|1306|1527|1748|1913|19 Recep 1448
20261229|0643|0814|1306|1528|1749|1914|20 Recep 1448
20261230|0643|0814|1307|1529|1749|1914|21 Recep 1448
20261231|0644|0814|1307|1529|1750|1915|22 Recep 1448
20270101|0644|0814|1308|1530|1751|1916|23 Recep 1448
20270102|0644|0814|1308|1531|1752|1917|24 Recep 1448
20270103|0644|0814|1308|1532|1753|1917|25 Recep 1448
20270104|0644|0814|1309|1532|1753|1918|26 Recep 1448
20270105|0644|0814|1309|1533|1754|1919|27 Recep 1448
20270106|0645|0814|1310|1534|1755|1920|28 Recep 1448
20270107|0645|0814|1310|1535|1756|1921|29 Recep 1448
20270108|0645|0814|1311|1536|1757|1921|30 Recep 1448
20270109|0645|0814|1311|1537|1758|1922|1 Şaban 1448
20270110|0645|0814|1312|1538|1759|1923|2 Şaban 1448
20270111|0644|0814|1312|1539|1800|1924|3 Şaban 1448
20270112|0644|0814|1312|1540|1801|1925|4 Şaban 1448
20270113|0644|0813|1313|1540|1802|1926|5 Şaban 1448
20270114|0644|0813|1313|1541|1803|1927|6 Şaban 1448
20270115|0644|0813|1313|1542|1804|1928|7 Şaban 1448
20270116|0644|0812|1314|1543|1805|1929|8 Şaban 1448
20270117|0643|0812|1314|1544|1807|1930|9 Şaban 1448
20270118|0643|0811|1314|1545|1808|1931|10 Şaban 1448
20270119|0643|0811|1315|1546|1809|1932|11 Şaban 1448
20270120|0642|0810|1315|1547|1810|1933|12 Şaban 1448
20270121|0642|0810|1315|1548|1811|1934|13 Şaban 1448
20270122|0642|0809|1316|1549|1812|1935|14 Şaban 1448
20270123|0641|0808|1316|1550|1813|1936|15 Şaban 1448
20270124|0641|0808|1316|1551|1815|1937|16 Şaban 1448
20270125|0640|0807|1316|1552|1816|1938|17 Şaban 1448
20270126|0639|0806|1317|1553|1817|1939|18 Şaban 1448
20270127|0639|0806|1317|1554|1818|1940|19 Şaban 1448
20270128|0638|0805|1317|1555|1819|1941|20 Şaban 1448
20270129|0638|0804|1317|1556|1821|1942|21 Şaban 1448
20270130|0637|0803|1317|1557|1822|1943|22 Şaban 1448
20270131|0636|0802|1318|1558|1823|1944|23 Şaban 1448
20270201|0635|0801|1318|1559|1824|1945|24 Şaban 1448
20270202|0635|0800|1318|1600|1825|1946|25 Şaban 1448
20270203|0634|0800|1318|1601|1827|1947|26 Şaban 1448
20270204|0633|0759|1318|1602|1828|1948|27 Şaban 1448
20270205|0632|0757|1318|1603|1829|1949|28 Şaban 1448
20270206|0631|0756|1318|1604|1830|1950|29 Şaban 1448
20270207|0630|0755|1318|1605|1831|1951|30 Şaban 1448
20270208|0629|0754|1318|1606|1833|1952|1 Ramazan 1448
20270209|0628|0753|1318|1607|1834|1953|2 Ramazan 1448
20270210|0627|0752|1318|1608|1835|1954|3 Ramazan 1448
20270211|0626|0751|1318|1609|1836|1955|4 Ramazan 1448
20270212|0625|0750|1318|1610|1837|1956|5 Ramazan 1448
20270213|0624|0748|1318|1611|1839|1958|6 Ramazan 1448
20270214|0623|0747|1318|1612|1840|1959|7 Ramazan 1448
20270215|0622|0746|1318|1613|1841|2000|8 Ramazan 1448
20270216|0621|0745|1318|1614|1842|2001|9 Ramazan 1448
20270217|0620|0743|1318|1615|1843|2002|10 Ramazan 1448
20270218|0618|0742|1318|1615|1844|2003|11 Ramazan 1448
20270219|0617|0741|1318|1616|1846|2004|12 Ramazan 1448
20270220|0616|0739|1318|1617|1847|2005|13 Ramazan 1448
20270221|0615|0738|1318|1618|1848|2006|14 Ramazan 1448
20270222|0613|0737|1318|1619|1849|2007|15 Ramazan 1448
20270223|0612|0735|1318|1620|1850|2008|16 Ramazan 1448
20270224|0611|0734|1318|1620|1851|2009|17 Ramazan 1448
20270225|0609|0732|1317|1621|1852|2010|18 Ramazan 1448
20270226|0608|0731|1317|1622|1854|2011|19 Ramazan 1448
20270227|0607|0730|1317|1623|1855|2012|20 Ramazan 1448
20270228|0605|0728|1317|1624|1856|2014|21 Ramazan 1448
20270301|0604|0727|1317|1624|1857|2015|22 Ramazan 1448
20270302|0602|0725|1317|1625|1858|2016|23 Ramazan 1448
20270303|0601|0724|1316|1626|1859|2017|24 Ramazan 1448
20270304|0559|0722|1316|1626|1900|2018|25 Ramazan 1448
20270305|0558|0721|1316|1627|1901|2019|26 Ramazan 1448
20270306|0556|0719|1316|1628|1902|2020|27 Ramazan 1448
20270307|0555|0717|1315|1628|1903|2021|28 Ramazan 1448
20270308|0553|0716|1315|1629|1905|2022|29 Ramazan 1448
20270309|0551|0714|1315|1630|1906|2023|1 Şevval 1448
20270310|0550|0713|1315|1630|1907|2024|2 Şevval 1448
20270311|0548|0711|1314|1631|1908|2026|3 Şevval 1448
20270312|0547|0710|1314|1632|1909|2027|4 Şevval 1448
20270313|0545|0708|1314|1632|1910|2028|5 Şevval 1448
20270314|0543|0706|1314|1633|1911|2029|6 Şevval 1448
20270315|0542|0705|1313|1633|1912|2030|7 Şevval 1448
20270316|0540|0703|1313|1634|1913|2031|8 Şevval 1448
20270317|0538|0702|1313|1634|1914|2032|9 Şevval 1448
20270318|0536|0700|1313|1635|1915|2033|10 Şevval 1448
20270319|0535|0658|1312|1636|1916|2034|11 Şevval 1448
20270320|0533|0657|1312|1636|1917|2036|12 Şevval 1448
20270321|0531|0655|1312|1637|1918|2037|13 Şevval 1448
20270322|0530|0654|1311|1637|1919|2038|14 Şevval 1448
20270323|0528|0652|1311|1637|1920|2039|15 Şevval 1448
20270324|0526|0650|1311|1638|1921|2040|16 Şevval 1448
20270325|0524|0649|1310|1638|1922|2041|17 Şevval 1448
20270326|0522|0647|1310|1639|1923|2042|18 Şevval 1448
20270327|0521|0645|1310|1639|1924|2044|19 Şevval 1448
20270328|0519|0644|1310|1640|1925|2045|20 Şevval 1448
20270329|0517|0642|1309|1640|1926|2046|21 Şevval 1448
20270330|0515|0641|1309|1641|1927|2047|22 Şevval 1448
20270331|0513|0639|1309|1641|1928|2048|23 Şevval 1448
20270401|0512|0637|1308|1641|1929|2050|24 Şevval 1448
20270402|0510|0636|1308|1642|1930|2051|25 Şevval 1448
20270403|0508|0634|1308|1642|1932|2052|26 Şevval 1448
20270404|0506|0632|1307|1643|1933|2053|27 Şevval 1448
20270405|0504|0631|1307|1643|1934|2055|28 Şevval 1448
20270406|0502|0629|1307|1643|1935|2056|29 Şevval 1448
20270407|0501|0628|1307|1644|1936|2057|30 Şevval 1448
20270408|0459|0626|1306|1644|1937|2058|1 Zilkade 1448
20270409|0457|0625|1306|1644|1938|2100|2 Zilkade 1448
20270410|0455|0623|1306|1645|1939|2101|3 Zilkade 1448
20270411|0453|0621|1306|1645|1940|2102|4 Zilkade 1448
20270412|0451|0620|1305|1645|1941|2103|5 Zilkade 1448
20270413|0449|0618|1305|1646|1942|2105|6 Zilkade 1448
20270414|0448|0617|1305|1646|1943|2106|7 Zilkade 1448
20270415|0446|0615|1305|1646|1944|2107|8 Zilkade 1448
20270416|0444|0614|1304|1647|1945|2109|9 Zilkade 1448
20270417|0442|0612|1304|1647|1946|2110|10 Zilkade 1448
20270418|0440|0611|1304|1647|1947|2111|11 Zilkade 1448
20270419|0438|0609|1304|1647|1948|2113|12 Zilkade 1448
20270420|0436|0608|1303|1648|1949|2114|13 Zilkade 1448
20270421|0435|0607|1303|1648|1950|2115|14 Zilkade 1448
20270422|0433|0605|1303|1648|1951|2117|15 Zilkade 1448
20270423|0431|0604|1303|1649|1952|2118|16 Zilkade 1448
20270424|0429|0602|1303|1649|1953|2120|17 Zilkade 1448
20270425|0427|0601|1302|1649|1954|2121|18 Zilkade 1448
20270426|0426|0600|1302|1649|1955|2122|19 Zilkade 1448
20270427|0424|0558|1302|1650|1956|2124|20 Zilkade 1448
20270428|0422|0557|1302|1650|1957|2125|21 Zilkade 1448
20270429|0420|0556|1302|1650|1958|2127|22 Zilkade 1448
20270430|0419|0554|1302|1650|1959|2128|23 Zilkade 1448
20270501|0417|0553|1301|1651|2000|2130|24 Zilkade 1448
20270502|0415|0552|1301|1651|2001|2131|25 Zilkade 1448
20270503|0413|0551|1301|1651|2002|2132|26 Zilkade 1448
20270504|0412|0549|1301|1651|2003|2134|27 Zilkade 1448
20270505|0410|0548|1301|1652|2004|2135|28 Zilkade 1448
20270506|0408|0547|1301|1652|2005|2137|29 Zilkade 1448
20270507|0407|0546|1301|1652|2006|2138|1 Zilhicce 1448
20270508|0405|0545|1301|1652|2007|2140|2 Zilhicce 1448
20270509|0404|0544|1301|1653|2008|2141|3 Zilhicce 1448
20270510|0402|0543|1301|1653|2009|2143|4 Zilhicce 1448
20270511|0400|0542|1301|1653|2010|2144|5 Zilhicce 1448
20270512|0359|0541|1301|1653|2011|2145|6 Zilhicce 1448
20270513|0357|0540|1301|1654|2012|2147|7 Zilhicce 1448
20270514|0356|0539|1301|1654|2013|2148|8 Zilhicce 1448
20270515|0354|0538|1301|1654|2014|2150|9 Zilhicce 1448
20270516|0353|0537|1301|1654|2015|2151|10 Zilhicce 1448
20270517|0351|0536|1301|1655|2016|2152|11 Zilhicce 1448
20270518|0350|0535|1301|1655|2017|2154|12 Zilhicce 1448
20270519|0349|0534|1301|1655|2018|2155|13 Zilhicce 1448
20270520|0347|0533|1301|1656|2018|2157|14 Zilhicce 1448
20270521|0346|0532|1301|1656|2019|2158|15 Zilhicce 1448
20270522|0345|0532|1301|1656|2020|2159|16 Zilhicce 1448
20270523|0344|0531|1301|1656|2021|2201|17 Zilhicce 1448
20270524|0342|0530|1301|1657|2022|2202|18 Zilhicce 1448
20270525|0341|0530|1301|1657|2023|2203|19 Zilhicce 1448
20270526|0340|0529|1301|1657|2024|2205|20 Zilhicce 1448
20270527|0339|0528|1301|1657|2024|2206|21 Zilhicce 1448
20270528|0338|0528|1302|1658|2025|2207|22 Zilhicce 1448
20270529|0337|0527|1302|1658|2026|2208|23 Zilhicce 1448
20270530|0336|0527|1302|1658|2027|2209|24 Zilhicce 1448
20270531|0335|0526|1302|1658|2028|2211|25 Zilhicce 1448
20270601|0334|0526|1302|1659|2028|2212|26 Zilhicce 1448
20270602|0333|0525|1302|1659|2029|2213|27 Zilhicce 1448
20270603|0333|0525|1302|1659|2030|2214|28 Zilhicce 1448
20270604|0332|0525|1303|1659|2030|2215|29 Zilhicce 1448
20270605|0331|0524|1303|1700|2031|2216|30 Zilhicce 1448
20270606|0330|0524|1303|1700|2032|2217|1 Muharrem 1449
20270607|0330|0524|1303|1700|2032|2218|2 Muharrem 1449
20270608|0329|0524|1303|1701|2033|2219|3 Muharrem 1449
20270609|0329|0523|1303|1701|2034|2219|4 Muharrem 1449
20270610|0328|0523|1304|1701|2034|2220|5 Muharrem 1449
20270611|0328|0523|1304|1701|2035|2221|6 Muharrem 1449
20270612|0328|0523|1304|1702|2035|2222|7 Muharrem 1449
20270613|0327|0523|1304|1702|2036|2222|8 Muharrem 1449
20270614|0327|0523|1304|1702|2036|2223|9 Muharrem 1449
20270615|0327|0523|1305|1702|2037|2224|10 Muharrem 1449
20270616|0327|0523|1305|1703|2037|2224|11 Muharrem 1449
20270617|0327|0523|1305|1703|2037|2225|12 Muharrem 1449
20270618|0327|0523|1305|1703|2038|2225|13 Muharrem 1449
20270619|0327|0523|1306|1703|2038|2225|14 Muharrem 1449
20270620|0327|0523|1306|1704|2038|2226|15 Muharrem 1449
20270621|0327|0524|1306|1704|2038|2226|16 Muharrem 1449
20270622|0327|0524|1306|1704|2039|2226|17 Muharrem 1449
20270623|0328|0524|1306|1704|2039|2226|18 Muharrem 1449
20270624|0328|0524|1307|1704|2039|2227|19 Muharrem 1449
20270625|0328|0525|1307|1705|2039|2227|20 Muharrem 1449
20270626|0329|0525|1307|1705|2039|2227|21 Muharrem 1449
20270627|0329|0525|1307|1705|2039|2227|22 Muharrem 1449
20270628|0330|0526|1307|1705|2039|2226|23 Muharrem 1449
20270629|0330|0526|1308|1705|2039|2226|24 Muharrem 1449
20270630|0331|0526|1308|1705|2039|2226|25 Muharrem 1449
20270701|0332|0527|1308|1706|2039|2226|26 Muharrem 1449
20270702|0332|0527|1308|1706|2039|2226|27 Muharrem 1449
20270703|0333|0528|1308|1706|2039|2225|28 Muharrem 1449
20270704|0334|0528|1309|1706|2039|2225|29 Muharrem 1449
20270705|0335|0529|1309|1706|2039|2224|1 Safer 1449
20270706|0336|0530|1309|1706|2038|2224|2 Safer 1449
20270707|0337|0530|1309|1706|2038|2223|3 Safer 1449
20270708|0338|0531|1309|1706|2038|2223|4 Safer 1449
20270709|0339|0531|1309|1706|2038|2222|5 Safer 1449
20270710|0340|0532|1310|1706|2037|2221|6 Safer 1449
20270711|0341|0533|1310|1707|2037|2221|7 Safer 1449
20270712|0342|0533|1310|1707|2036|2220|8 Safer 1449
20270713|0343|0534|1310|1707|2036|2219|9 Safer 1449
20270714|0344|0535|1310|1707|2035|2218|10 Safer 1449
20270715|0345|0536|1310|1707|2035|2217|11 Safer 1449
20270716|0346|0536|1310|1706|2034|2216|12 Safer 1449
20270717|0348|0537|1310|1706|2034|2215|13 Safer 1449
20270718|0349|0538|1311|1706|2033|2214|14 Safer 1449
20270719|0350|0539|1311|1706|2032|2213|15 Safer 1449
20270720|0352|0540|1311|1706|2032|2212|16 Safer 1449
20270721|0353|0540|1311|1706|2031|2211|17 Safer 1449
20270722|0354|0541|1311|1706|2030|2210|18 Safer 1449
20270723|0356|0542|1311|1706|2030|2208|19 Safer 1449
20270724|0357|0543|1311|1706|2029|2207|20 Safer 1449
20270725|0358|0544|1311|1705|2028|2206|21 Safer 1449
20270726|0400|0545|1311|1705|2027|2204|22 Safer 1449
20270727|0401|0546|1311|1705|2026|2203|23 Safer 1449
20270728|0403|0547|1311|1705|2025|2202|24 Safer 1449
20270729|0404|0547|1311|1704|2024|2200|25 Safer 1449
20270730|0405|0548|1311|1704|2023|2159|26 Safer 1449
20270731|0407|0549|1311|1704|2022|2157|27 Safer 1449
20270801|0408|0550|1311|1704|2021|2156|28 Safer 1449
20270802|0410|0551|1311|1703|2020|2154|29 Safer 1449
20270803|0411|0552|1311|1703|2019|2153|1 Rebiulevvel 1449
20270804|0413|0553|1310|1703|2018|2151|2 Rebiulevvel 1449
20270805|0414|0554|1310|1702|2017|2150|3 Rebiulevvel 1449
20270806|0415|0555|1310|1702|2016|2148|4 Rebiulevvel 1449
20270807|0417|0556|1310|1701|2015|2147|5 Rebiulevvel 1449
20270808|0418|0557|1310|1701|2013|2145|6 Rebiulevvel 1449
20270809|0420|0558|1310|1700|2012|2143|7 Rebiulevvel 1449
20270810|0421|0559|1310|1700|2011|2142|8 Rebiulevvel 1449
20270811|0423|0600|1310|1659|2010|2140|9 Rebiulevvel 1449
20270812|0424|0601|1309|1659|2008|2138|10 Rebiulevvel 1449
20270813|0425|0601|1309|1658|2007|2137|11 Rebiulevvel 1449
20270814|0427|0602|1309|1658|2006|2135|12 Rebiulevvel 1449
20270815|0428|0603|1309|1657|2005|2133|13 Rebiulevvel 1449
20270816|0430|0604|1309|1657|2003|2131|14 Rebiulevvel 1449
20270817|0431|0605|1309|1656|2002|2130|15 Rebiulevvel 1449
20270818|0432|0606|1308|1655|2000|2128|16 Rebiulevvel 1449
20270819|0434|0607|1308|1655|1959|2126|17 Rebiulevvel 1449
20270820|0435|0608|1308|1654|1958|2124|18 Rebiulevvel 1449
20270821|0437|0609|1308|1653|1956|2122|19 Rebiulevvel 1449
20270822|0438|0610|1307|1653|1955|2121|20 Rebiulevvel 1449
20270823|0439|0611|1307|1652|1953|2119|21 Rebiulevvel 1449
20270824|0441|0612|1307|1651|1952|2117|22 Rebiulevvel 1449
20270825|0442|0613|1307|1650|1950|2115|23 Rebiulevvel 1449
20270826|0443|0614|1306|1649|1949|2113|24 Rebiulevvel 1449
20270827|0445|0615|1306|1649|1947|2112|25 Rebiulevvel 1449
20270828|0446|0616|1306|1648|1946|2110|26 Rebiulevvel 1449
20270829|0447|0617|1305|1647|1944|2108|27 Rebiulevvel 1449
20270830|0448|0618|1305|1646|1943|2106|28 Rebiulevvel 1449
20270831|0450|0619|1305|1645|1941|2104|29 Rebiulevvel 1449
20270901|0451|0620|1305|1644|1940|2102|30 Rebiulevvel 1449
20270902|0452|0620|1304|1644|1938|2100|1 Rebiulahir 1449
20270903|0453|0621|1304|1643|1936|2059|2 Rebiulahir 1449
20270904|0455|0622|1304|1642|1935|2057|3 Rebiulahir 1449
20270905|0456|0623|1303|1641|1933|2055|4 Rebiulahir 1449
20270906|0457|0624|1303|1640|1932|2053|5 Rebiulahir 1449
20270907|0458|0625|1303|1639|1930|2051|6 Rebiulahir 1449
20270908|0459|0626|1302|1638|1928|2049|7 Rebiulahir 1449
20270909|0501|0627|1302|1637|1927|2047|8 Rebiulahir 1449
20270910|0502|0628|1302|1636|1925|2046|9 Rebiulahir 1449
20270911|0503|0629|1301|1635|1923|2044|10 Rebiulahir 1449
20270912|0504|0630|1301|1634|1922|2042|11 Rebiulahir 1449
20270913|0505|0631|1300|1633|1920|2040|12 Rebiulahir 1449
20270914|0506|0632|1300|1632|1919|2038|13 Rebiulahir 1449
20270915|0508|0633|1300|1631|1917|2036|14 Rebiulahir 1449
20270916|0509|0634|1259|1630|1915|2035|15 Rebiulahir 1449
20270917|0510|0635|1259|1629|1914|2033|16 Rebiulahir 1449
20270918|0511|0636|1259|1627|1912|2031|17 Rebiulahir 1449
20270919|0512|0636|1258|1626|1910|2029|18 Rebiulahir 1449
20270920|0513|0637|1258|1625|1909|2027|19 Rebiulahir 1449
20270921|0514|0638|1258|1624|1907|2026|20 Rebiulahir 1449
20270922|0515|0639|1257|1623|1905|2024|21 Rebiulahir 1449
20270923|0516|0640|1257|1622|1904|2022|22 Rebiulahir 1449
20270924|0517|0641|1257|1621|1902|2020|23 Rebiulahir 1449
20270925|0519|0642|1256|1620|1900|2019|24 Rebiulahir 1449
20270926|0520|0643|1256|1618|1859|2017|25 Rebiulahir 1449
20270927|0521|0644|1256|1617|1857|2015|26 Rebiulahir 1449
20270928|0522|0645|1255|1616|1855|2013|27 Rebiulahir 1449
20270929|0523|0646|1255|1615|1854|2012|28 Rebiulahir 1449
20270930|0524|0647|1255|1614|1852|2010|29 Rebiulahir 1449
20271001|0525|0648|1254|1613|1850|2008|1 Cemaziyelevvel 1449
20271002|0526|0649|1254|1611|1849|2007|2 Cemaziyelevvel 1449
20271003|0527|0650|1254|1610|1847|2005|3 Cemaziyelevvel 1449
20271004|0528|0651|1253|1609|1846|2003|4 Cemaziyelevvel 1449
20271005|0529|0652|1253|1608|1844|2002|5 Cemaziyelevvel 1449
20271006|0530|0653|1253|1607|1842|2000|6 Cemaziyelevvel 1449
20271007|0531|0654|1252|1606|1841|1958|7 Cemaziyelevvel 1449
20271008|0532|0655|1252|1604|1839|1957|8 Cemaziyelevvel 1449
20271009|0533|0656|1252|1603|1838|1955|9 Cemaziyelevvel 1449
20271010|0534|0657|1251|1602|1836|1954|10 Cemaziyelevvel 1449
20271011|0535|0658|1251|1601|1834|1952|11 Cemaziyelevvel 1449
20271012|0536|0659|1251|1600|1833|1951|12 Cemaziyelevvel 1449
20271013|0537|0700|1251|1559|1831|1949|13 Cemaziyelevvel 1449
20271014|0538|0701|1250|1557|1830|1948|14 Cemaziyelevvel 1449
20271015|0539|0702|1250|1556|1828|1946|15 Cemaziyelevvel 1449
20271016|0540|0703|1250|1555|1827|1945|16 Cemaziyelevvel 1449
20271017|0541|0704|1250|1554|1825|1943|17 Cemaziyelevvel 1449
20271018|0542|0705|1250|1553|1824|1942|18 Cemaziyelevvel 1449
20271019|0543|0706|1249|1552|1822|1940|19 Cemaziyelevvel 1449
20271020|0544|0707|1249|1551|1821|1939|20 Cemaziyelevvel 1449
20271021|0545|0709|1249|1550|1820|1938|21 Cemaziyelevvel 1449
20271022|0546|0710|1249|1548|1818|1936|22 Cemaziyelevvel 1449
20271023|0547|0711|1249|1547|1817|1935|23 Cemaziyelevvel 1449
20271024|0548|0712|1249|1546|1815|1934|24 Cemaziyelevvel 1449
20271025|0549|0713|1248|1545|1814|1933|25 Cemaziyelevvel 1449
20271026|0550|0714|1248|1544|1813|1931|26 Cemaziyelevvel 1449
20271027|0551|0715|1248|1543|1811|1930|27 Cemaziyelevvel 1449
20271028|0552|0716|1248|1542|1810|1929|28 Cemaziyelevvel 1449
20271029|0553|0717|1248|1541|1809|1928|29 Cemaziyelevvel 1449
20271030|0554|0718|1248|1540|1808|1927|30 Cemaziyelevvel 1449
20271031|0555|0720|1248|1539|1806|1926|1 Cemaziyelahir 1449
20271101|0556|0721|1248|1538|1805|1924|2 Cemaziyelahir 1449
20271102|0557|0722|1248|1537|1804|1923|3 Cemaziyelahir 1449
20271103|0558|0723|1248|1536|1803|1922|4 Cemaziyelahir 1449
20271104|0559|0724|1248|1535|1802|1921|5 Cemaziyelahir 1449
20271105|0600|0725|1248|1535|1801|1920|6 Cemaziyelahir 1449
20271106|0601|0726|1248|1534|1759|1919|7 Cemaziyelahir 1449
20271107|0602|0728|1248|1533|1758|1918|8 Cemaziyelahir 1449
20271108|0603|0729|1248|1532|1757|1918|9 Cemaziyelahir 1449
20271109|0604|0730|1248|1531|1756|1917|10 Cemaziyelahir 1449
20271110|0605|0731|1248|1530|1755|1916|11 Cemaziyelahir 1449
20271111|0606|0732|1248|1530|1754|1915|12 Cemaziyelahir 1449
20271112|0607|0733|1248|1529|1753|1914|13 Cemaziyelahir 1449
20271113|0608|0734|1248|1528|1753|1914|14 Cemaziyelahir 1449
20271114|0609|0736|1249|1528|1752|1913|15 Cemaziyelahir 1449
20271115|0610|0737|1249|1527|1751|1912|16 Cemaziyelahir 1449
20271116|0611|0738|1249|1526|1750|1912|17 Cemaziyelahir 1449
20271117|0612|0739|1249|1526|1749|1911|18 Cemaziyelahir 1449
20271118|0613|0740|1249|1525|1748|1910|19 Cemaziyelahir 1449
20271119|0614|0741|1250|1525|1748|1910|20 Cemaziyelahir 1449
20271120|0615|0742|1250|1524|1747|1909|21 Cemaziyelahir 1449
20271121|0616|0744|1250|1523|1746|1909|22 Cemaziyelahir 1449
20271122|0617|0745|1250|1523|1746|1908|23 Cemaziyelahir 1449
20271123|0618|0746|1250|1523|1745|1908|24 Cemaziyelahir 1449
20271124|0619|0747|1251|1522|1745|1907|25 Cemaziyelahir 1449
20271125|0620|0748|1251|1522|1744|1907|26 Cemaziyelahir 1449
20271126|0621|0749|1251|1521|1744|1907|27 Cemaziyelahir 1449
20271127|0622|0750|1252|1521|1743|1906|28 Cemaziyelahir 1449
20271128|0622|0751|1252|1521|1743|1906|29 Cemaziyelahir 1449
20271129|0623|0752|1252|1521|1742|1906|1 Recep 1449
20271130|0624|0753|1253|1520|1742|1906|2 Recep 1449
20271201|0625|0754|1253|1520|1742|1906|3 Recep 1449
20271202|0626|0755|1253|1520|1742|1905|4 Recep 1449
20271203|0627|0756|1254|1520|1741|1905|5 Recep 1449
20271204|0628|0757|1254|1520|1741|1905|6 Recep 1449
20271205|0629|0758|1255|1520|1741|1905|7 Recep 1449
20271206|0629|0759|1255|1520|1741|1905|8 Recep 1449
20271207|0630|0800|1255|1520|1741|1905|9 Recep 1449
20271208|0631|0801|1256|1520|1741|1905|10 Recep 1449
20271209|0632|0802|1256|1520|1741|1905|11 Recep 1449
20271210|0633|0803|1257|1520|1741|1906|12 Recep 1449
20271211|0633|0803|1257|1520|1741|1906|13 Recep 1449
20271212|0634|0804|1258|1520|1741|1906|14 Recep 1449
20271213|0635|0805|1258|1520|1741|1906|15 Recep 1449
20271214|0635|0806|1259|1521|1741|1906|16 Recep 1449
20271215|0636|0807|1259|1521|1742|1907|17 Recep 1449
20271216|0637|0807|1300|1521|1742|1907|18 Recep 1449
20271217|0637|0808|1300|1522|1742|1907|19 Recep 1449
20271218|0638|0809|1301|1522|1743|1908|20 Recep 1449
20271219|0639|0809|1301|1522|1743|1908|21 Recep 1449
20271220|0639|0810|1301|1523|1743|1909|22 Recep 1449
20271221|0640|0810|1302|1523|1744|1909|23 Recep 1449
20271222|0640|0811|1302|1524|1744|1909|24 Recep 1449
20271223|0641|0811|1303|1524|1745|1910|25 Recep 1449
20271224|0641|0812|1303|1525|1745|1911|26 Recep 1449
20271225|0641|0812|1304|1525|1746|1911|27 Recep 1449
20271226|0642|0813|1304|1526|1746|1912|28 Recep 1449
20271227|0642|0813|1305|1526|1747|1912|29 Recep 1449
20271228|0643|0813|1305|1527|1748|1913|30 Recep 1449
20271229|0643|0813|1306|1528|1748|1914|1 Şaban 1449
20271230|0643|0814|1306|1528|1749|1914|2 Şaban 1449
20271231|0644|0814|1307|1529|1750|1915|3 Şaban 1449
#@9302|Yenipazar|BILECIK|730
20260101|0643|0813|1306|1528|1749|1914|12 Recep 1447
20260102|0643|0813|1307|1529|1750|1915|13 Recep 1447
20260103|0643|0814|1307|1530|1751|1916|14 Recep 1447
20260104|0643|0814|1308|1531|1752|1917|15 Recep 1447
20260105|0643|0814|1308|1532|1753|1918|16 Recep 1447
20260106|0643|0814|1309|1533|1754|1918|17 Recep 1447
20260107|0644|0813|1309|1533|1755|1919|18 Recep 1447
20260108|0644|0813|1309|1534|1756|1920|19 Recep 1447
20260109|0643|0813|1310|1535|1757|1921|20 Recep 1447
20260110|0643|0813|1310|1536|1758|1922|21 Recep 1447
20260111|0643|0813|1311|1537|1759|1923|22 Recep 1447
20260112|0643|0813|1311|1538|1800|1924|23 Recep 1447
20260113|0643|0812|1311|1539|1801|1925|24 Recep 1447
20260114|0643|0812|1312|1540|1802|1925|25 Recep 1447
20260115|0643|0812|1312|1541|1803|1926|26 Recep 1447
20260116|0642|0811|1313|1542|1804|1927|27 Recep 1447
20260117|0642|0811|1313|1543|1805|1928|28 Recep 1447
20260118|0642|0810|1313|1544|1806|1929|29 Recep 1447
20260119|0641|0810|1314|1545|1807|1930|30 Recep 1447
20260120|0641|0809|1314|1546|1808|1931|1 Şaban 1447
20260121|0641|0809|1314|1547|1810|1932|2 Şaban 1447
20260122|0640|0808|1314|1548|1811|1933|3 Şaban 1447
20260123|0640|0807|1315|1549|1812|1934|4 Şaban 1447
20260124|0639|0807|1315|1550|1813|1935|5 Şaban 1447
20260125|0639|0806|1315|1551|1814|1936|6 Şaban 1447
20260126|0638|0805|1315|1552|1816|1937|7 Şaban 1447
20260127|0638|0805|1316|1553|1817|1938|8 Şaban 1447
20260128|0637|0804|1316|1554|1818|1939|9 Şaban 1447
20260129|0636|0803|1316|1555|1819|1940|10 Şaban 1447
20260130|0636|0802|1316|1556|1820|1942|11 Şaban 1447
20260131|0635|0801|1316|1557|1822|1943|12 Şaban 1447
20260201|0634|0800|1316|1558|1823|1944|13 Şaban 1447
20260202|0633|0759|1317|1559|1824|1945|14 Şaban 1447
20260203|0632|0758|1317|1600|1825|1946|15 Şaban 1447
20260204|0632|0757|1317|1601|1826|1947|16 Şaban 1447
20260205|0631|0756|1317|1602|1828|1948|17 Şaban 1447
20260206|0630|0755|1317|1603|1829|1949|18 Şaban 1447
20260207|0629|0754|1317|1604|1830|1950|19 Şaban 1447
20260208|0628|0753|1317|1605|1831|1951|20 Şaban 1447
20260209|0627|0752|1317|1606|1832|1952|21 Şaban 1447
20260210|0626|0751|1317|1607|1834|1953|22 Şaban 1447
20260211|0625|0750|1317|1608|1835|1954|23 Şaban 1447
20260212|0624|0748|1317|1609|1836|1955|24 Şaban 1447
20260213|0623|0747|1317|1610|1837|1956|25 Şaban 1447
20260214|0622|0746|1317|1611|1838|1957|26 Şaban 1447
20260215|0620|0745|1317|1611|1840|1959|27 Şaban 1447
20260216|0619|0743|1317|1612|1841|2000|28 Şaban 1447
20260217|0618|0742|1317|1613|1842|2001|29 Şaban 1447
20260218|0617|0741|1317|1614|1843|2002|30 Şaban 1447
20260219|0616|0739|1317|1615|1844|2003|1 Ramazan 1447
20260220|0614|0738|1317|1616|1845|2004|2 Ramazan 1447
20260221|0613|0737|1317|1617|1847|2005|3 Ramazan 1447
20260222|0612|0735|1316|1617|1848|2006|4 Ramazan 1447
20260223|0610|0734|1316|1618|1849|2007|5 Ramazan 1447
20260224|0609|0732|1316|1619|1850|2008|6 Ramazan 1447
20260225|0608|0731|1316|1620|1851|2009|7 Ramazan 1447
20260226|0606|0729|1316|1621|1852|2010|8 Ramazan 1447
20260227|0605|0728|1316|1621|1853|2011|9 Ramazan 1447
20260228|0603|0727|1316|1622|1855|2013|10 Ramazan 1447
20260301|0602|0725|1315|1623|1856|2014|11 Ramazan 1447
20260302|0600|0724|1315|1624|1857|2015|12 Ramazan 1447
20260303|0559|0722|1315|1624|1858|2016|13 Ramazan 1447
20260304|0557|0721|1315|1625|1859|2017|14 Ramazan 1447
20260305|0556|0719|1315|1626|1900|2018|15 Ramazan 1447
20260306|0554|0717|1314|1626|1901|2019|16 Ramazan 1447
20260307|0553|0716|1314|1627|1902|2020|17 Ramazan 1447
20260308|0551|0714|1314|1628|1903|2021|18 Ramazan 1447
20260309|0550|0713|1314|1628|1904|2022|19 Ramazan 1447
20260310|0548|0711|1313|1629|1906|2023|20 Ramazan 1447
20260311|0546|0710|1313|1630|1907|2025|21 Ramazan 1447
20260312|0545|0708|1313|1630|1908|2026|22 Ramazan 1447
20260313|0543|0706|1313|1631|1909|2027|23 Ramazan 1447
20260314|0541|0705|1312|1631|1910|2028|24 Ramazan 1447
20260315|0540|0703|1312|1632|1911|2029|25 Ramazan 1447
20260316|0538|0702|1312|1633|1912|2030|26 Ramazan 1447
20260317|0536|0700|1311|1633|1913|2031|27 Ramazan 1447
20260318|0535|0658|1311|1634|1914|2032|28 Ramazan 1447
20260319|0533|0657|1311|1634|1915|2034|29 Ramazan 1447
20260320|0531|0655|1311|1635|1916|2035|1 Şevval 1447
20260321|0529|0653|1310|1635|1917|2036|2 Şevval 1447
20260322|0528|0652|1310|1636|1918|2037|3 Şevval 1447
20260323|0526|0650|1310|1636|1919|2038|4 Şevval 1447
20260324|0524|0649|1309|1637|1920|2039|5 Şevval 1447
20260325|0522|0647|1309|1637|1921|2040|6 Şevval 1447
20260326|0520|0645|1309|1638|1922|2042|7 Şevval 1447
20260327|0519|0644|1308|1638|1923|2043|8 Şevval 1447
20260328|0517|0642|1308|1639|1924|2044|9 Şevval 1447
20260329|0515|0640|1308|1639|1925|2045|10 Şevval 1447
20260330|0513|0639|1308|1639|1926|2046|11 Şevval 1447
20260331|0511|0637|1307|1640|1927|2048|12 Şevval 1447
20260401|0509|0635|1307|1640|1928|2049|13 Şevval 1447
20260402|0508|0634|1307|1641|1930|2050|14 Şevval 1447
20260403|0506|0632|1306|1641|1931|2051|15 Şevval 1447
20260404|0504|0631|1306|1641|1932|2053|16 Şevval 1447
20260405|0502|0629|1306|1642|1933|2054|17 Şevval 1447
20260406|0500|0627|1306|1642|1934|2055|18 Şevval 1447
20260407|0458|0626|1305|1642|1935|2056|19 Şevval 1447
20260408|0456|0624|1305|1643|1936|2058|20 Şevval 1447
20260409|0455|0623|1305|1643|1937|2059|21 Şevval 1447
20260410|0453|0621|1304|1643|1938|2100|22 Şevval 1447
20260411|0451|0620|1304|1644|1939|2102|23 Şevval 1447
20260412|0449|0618|1304|1644|1940|2103|24 Şevval 1447
20260413|0447|0617|1304|1644|1941|2104|25 Şevval 1447
20260414|0445|0615|1303|1645|1942|2105|26 Şevval 1447
20260415|0443|0613|1303|1645|1943|2107|27 Şevval 1447
20260416|0442|0612|1303|1645|1944|2108|28 Şevval 1447
20260417|0440|0610|1303|1646|1945|2110|29 Şevval 1447
20260418|0438|0609|1302|1646|1946|2111|1 Zilkade 1447
20260419|0436|0608|1302|1646|1947|2112|2 Zilkade 1447
20260420|0434|0606|1302|1647|1948|2114|3 Zilkade 1447
20260421|0432|0605|1302|1647|1949|2115|4 Zilkade 1447
20260422|0430|0603|1302|1647|1950|2116|5 Zilkade 1447
20260423|0429|0602|1301|1647|1951|2118|6 Zilkade 1447
20260424|0427|0600|1301|1648|1952|2119|7 Zilkade 1447
20260425|0425|0559|1301|1648|1953|2121|8 Zilkade 1447
20260426|0423|0558|1301|1648|1954|2122|9 Zilkade 1447
20260427|0421|0556|1301|1649|1955|2123|10 Zilkade 1447
20260428|0420|0555|1301|1649|1956|2125|11 Zilkade 1447
20260429|0418|0554|1300|1649|1957|2126|12 Zilkade 1447
20260430|0416|0552|1300|1649|1958|2128|13 Zilkade 1447
20260501|0414|0551|1300|1650|1959|2129|14 Zilkade 1447
20260502|0413|0550|1300|1650|2000|2131|15 Zilkade 1447
20260503|0411|0549|1300|1650|2001|2132|16 Zilkade 1447
20260504|0409|0547|1300|1650|2002|2134|17 Zilkade 1447
20260505|0408|0546|1300|1651|2003|2135|18 Zilkade 1447
20260506|0406|0545|1300|1651|2004|2136|19 Zilkade 1447
20260507|0404|0544|1300|1651|2005|2138|20 Zilkade 1447
20260508|0403|0543|1259|1651|2006|2139|21 Zilkade 1447
20260509|0401|0542|1259|1652|2007|2141|22 Zilkade 1447
20260510|0359|0541|1259|1652|2008|2142|23 Zilkade 1447
20260511|0358|0540|1259|1652|2009|2144|24 Zilkade 1447
20260512|0356|0539|1259|1652|2010|2145|25 Zilkade 1447
20260513|0355|0538|1259|1653|2011|2147|26 Zilkade 1447
20260514|0353|0537|1259|1653|2012|2148|27 Zilkade 1447
20260515|0352|0536|1259|1653|2013|2150|28 Zilkade 1447
20260516|0350|0535|1259|1653|2014|2151|29 Zilkade 1447
20260517|0349|0534|1259|1654|2015|2152|30 Zilkade 1447
20260518|0347|0533|1259|1654|2016|2154|1 Zilhicce 1447
20260519|0346|0532|1259|1654|2017|2155|2 Zilhicce 1447
20260520|0345|0531|1259|1655|2018|2157|3 Zilhicce 1447
20260521|0343|0530|1300|1655|2019|2158|4 Zilhicce 1447
20260522|0342|0530|1300|1655|2020|2159|5 Zilhicce 1447
20260523|0341|0529|1300|1655|2020|2201|6 Zilhicce 1447
20260524|0340|0528|1300|1656|2021|2202|7 Zilhicce 1447
20260525|0339|0528|1300|1656|2022|2203|8 Zilhicce 1447
20260526|0337|0527|1300|1656|2023|2204|9 Zilhicce 1447
20260527|0336|0526|1300|1656|2024|2206|10 Zilhicce 1447
20260528|0335|0526|1300|1657|2025|2207|11 Zilhicce 1447
20260529|0334|0525|1300|1657|2025|2208|12 Zilhicce 1447
20260530|0333|0525|1300|1657|2026|2209|13 Zilhicce 1447
20260531|0332|0524|1301|1657|2027|2211|14 Zilhicce 1447
20260601|0332|0524|1301|1658|2028|2212|15 Zilhicce 1447
20260602|0331|0523|1301|1658|2028|2213|16 Zilhicce 1447
20260603|0330|0523|1301|1658|2029|2214|17 Zilhicce 1447
20260604|0329|0523|1301|1659|2030|2215|18 Zilhicce 1447
20260605|0328|0522|1301|1659|2030|2216|19 Zilhicce 1447
20260606|0328|0522|1302|1659|2031|2217|20 Zilhicce 1447
20260607|0327|0522|1302|1659|2032|2218|21 Zilhicce 1447
20260608|0327|0522|1302|1700|2032|2219|22 Zilhicce 1447
20260609|0326|0521|1302|1700|2033|2219|23 Zilhicce 1447
20260610|0326|0521|1302|1700|2033|2220|24 Zilhicce 1447
20260611|0325|0521|1303|1700|2034|2221|25 Zilhicce 1447
20260612|0325|0521|1303|1701|2034|2222|26 Zilhicce 1447
20260613|0325|0521|1303|1701|2035|2222|27 Zilhicce 1447
20260614|0325|0521|1303|1701|2035|2223|28 Zilhicce 1447
20260615|0324|0521|1303|1701|2036|2224|29 Zilhicce 1447
20260616|0324|0521|1304|1702|2036|2224|1 Muharrem 1448
20260617|0324|0521|1304|1702|2037|2225|2 Muharrem 1448
20260618|0324|0521|1304|1702|2037|2225|3 Muharrem 1448
20260619|0324|0521|1304|1702|2037|2225|4 Muharrem 1448
20260620|0324|0522|1304|1703|2037|2226|5 Muharrem 1448
20260621|0325|0522|1305|1703|2038|2226|6 Muharrem 1448
20260622|0325|0522|1305|1703|2038|2226|7 Muharrem 1448
20260623|0325|0522|1305|1703|2038|2226|8 Muharrem 1448
20260624|0325|0522|1305|1703|2038|2226|9 Muharrem 1448
20260625|0326|0523|1306|1704|2038|2226|10 Muharrem 1448
20260626|0326|0523|1306|1704|2038|2226|11 Muharrem 1448
20260627|0327|0523|1306|1704|2039|2226|12 Muharrem 1448
20260628|0327|0524|1306|1704|2039|2226|13 Muharrem 1448
20260629|0328|0524|1306|1704|2039|2226|14 Muharrem 1448
20260630|0329|0525|1307|1705|2038|2226|15 Muharrem 1448
20260701|0329|0525|1307|1705|2038|2226|16 Muharrem 1448
20260702|0330|0526|1307|1705|2038|2225|17 Muharrem 1448
20260703|0331|0526|1307|1705|2038|2225|18 Muharrem 1448
20260704|0332|0527|1307|1705|2038|2224|19 Muharrem 1448
20260705|0332|0527|1308|1705|2038|2224|20 Muharrem 1448
20260706|0333|0528|1308|1705|2038|2223|21 Muharrem 1448
20260707|0334|0528|1308|1705|2037|2223|22 Muharrem 1448
20260708|0335|0529|1308|1705|2037|2222|23 Muharrem 1448
20260709|0336|0530|1308|1705|2037|2222|24 Muharrem 1448
20260710|0337|0530|1308|1705|2036|2221|25 Muharrem 1448
20260711|0338|0531|1308|1706|2036|2220|26 Muharrem 1448
20260712|0340|0532|1309|1706|2035|2219|27 Muharrem 1448
20260713|0341|0533|1309|1706|2035|2218|28 Muharrem 1448
20260714|0342|0533|1309|1706|2034|2217|29 Muharrem 1448
20260715|0343|0534|1309|1705|2034|2217|1 Safer 1448
20260716|0344|0535|1309|1705|2033|2216|2 Safer 1448
20260717|0346|0536|1309|1705|2033|2215|3 Safer 1448
20260718|0347|0536|1309|1705|2032|2213|4 Safer 1448
20260719|0348|0537|1309|1705|2031|2212|5 Safer 1448
20260720|0350|0538|1309|1705|2031|2211|6 Safer 1448
20260721|0351|0539|1309|1705|2030|2210|7 Safer 1448
20260722|0352|0540|1309|1705|2029|2209|8 Safer 1448
20260723|0354|0541|1309|1705|2028|2208|9 Safer 1448
20260724|0355|0541|1310|1704|2028|2206|10 Safer 1448
20260725|0356|0542|1310|1704|2027|2205|11 Safer 1448
20260726|0358|0543|1310|1704|2026|2204|12 Safer 1448
20260727|0359|0544|1310|1704|2025|2202|13 Safer 1448
20260728|0401|0545|1310|1704|2024|2201|14 Safer 1448
20260729|0402|0546|1309|1703|2023|2159|15 Safer 1448
20260730|0404|0547|1309|1703|2022|2158|16 Safer 1448
20260731|0405|0548|1309|1703|2021|2157|17 Safer 1448
20260801|0406|0549|1309|1702|2020|2155|18 Safer 1448
20260802|0408|0550|1309|1702|2019|2154|19 Safer 1448
20260803|0409|0551|1309|1702|2018|2152|20 Safer 1448
20260804|0411|0551|1309|1701|2017|2150|21 Safer 1448
20260805|0412|0552|1309|1701|2016|2149|22 Safer 1448
20260806|0414|0553|1309|1701|2015|2147|23 Safer 1448
20260807|0415|0554|1309|1700|2013|2146|24 Safer 1448
20260808|0417|0555|1309|1700|2012|2144|25 Safer 1448
20260809|0418|0556|1309|1659|2011|2142|26 Safer 1448
20260810|0419|0557|1308|1659|2010|2141|27 Safer 1448
20260811|0421|0558|1308|1658|2008|2139|28 Safer 1448
20260812|0422|0559|1308|1658|2007|2137|29 Safer 1448
20260813|0424|0600|1308|1657|2006|2135|30 Safer 1448
20260814|0425|0601|1308|1656|2005|2134|1 Rebiulevvel 1448
20260815|0427|0602|1308|1656|2003|2132|2 Rebiulevvel 1448
20260816|0428|0603|1307|1655|2002|2130|3 Rebiulevvel 1448
20260817|0429|0604|1307|1655|2000|2128|4 Rebiulevvel 1448
20260818|0431|0605|1307|1654|1959|2127|5 Rebiulevvel 1448
20260819|0432|0606|1307|1653|1958|2125|6 Rebiulevvel 1448
20260820|0434|0607|1306|1653|1956|2123|7 Rebiulevvel 1448
20260821|0435|0608|1306|1652|1955|2121|8 Rebiulevvel 1448
20260822|0436|0609|1306|1651|1953|2119|9 Rebiulevvel 1448
20260823|0438|0610|1306|1650|1952|2118|10 Rebiulevvel 1448
20260824|0439|0611|1305|1650|1950|2116|11 Rebiulevvel 1448
20260825|0440|0612|1305|1649|1949|2114|12 Rebiulevvel 1448
20260826|0442|0613|1305|1648|1947|2112|13 Rebiulevvel 1448
20260827|0443|0613|1305|1647|1946|2110|14 Rebiulevvel 1448
20260828|0444|0614|1304|1646|1944|2108|15 Rebiulevvel 1448
20260829|0446|0615|1304|1646|1943|2107|16 Rebiulevvel 1448
20260830|0447|0616|1304|1645|1941|2105|17 Rebiulevvel 1448
20260831|0448|0617|1303|1644|1940|2103|18 Rebiulevvel 1448
20260901|0449|0618|1303|1643|1938|2101|19 Rebiulevvel 1448
20260902|0451|0619|1303|1642|1936|2059|20 Rebiulevvel 1448
20260903|0452|0620|1302|1641|1935|2057|21 Rebiulevvel 1448
20260904|0453|0621|1302|1640|1933|2055|22 Rebiulevvel 1448
20260905|0454|0622|1302|1639|1932|2053|23 Rebiulevvel 1448
20260906|0456|0623|1301|1638|1930|2052|24 Rebiulevvel 1448
20260907|0457|0624|1301|1637|1928|2050|25 Rebiulevvel 1448
20260908|0458|0625|1301|1636|1927|2048|26 Rebiulevvel 1448
20260909|0459|0626|1300|1635|1925|2046|27 Rebiulevvel 1448
20260910|0500|0627|1300|1634|1924|2044|28 Rebiulevvel 1448
20260911|0502|0628|1300|1633|1922|2042|29 Rebiulevvel 1448
20260912|0503|0629|1259|1632|1920|2040|1 Rebiulahir 1448
20260913|0504|0630|1259|1631|1919|2039|2 Rebiulahir 1448
20260914|0505|0631|1259|1630|1917|2037|3 Rebiulahir 1448
20260915|0506|0632|1258|1629|1915|2035|4 Rebiulahir 1448
20260916|0507|0632|1258|1628|1914|2033|5 Rebiulahir 1448
20260917|0508|0633|1258|1627|1912|2031|6 Rebiulahir 1448
20260918|0510|0634|1257|1626|1910|2029|7 Rebiulahir 1448
20260919|0511|0635|1257|1625|1909|2028|8 Rebiulahir 1448
20260920|0512|0636|1257|1624|1907|2026|9 Rebiulahir 1448
20260921|0513|0637|1256|1622|1905|2024|10 Rebiulahir 1448
20260922|0514|0638|1256|1621|1904|2022|11 Rebiulahir 1448
20260923|0515|0639|1255|1620|1902|2021|12 Rebiulahir 1448
20260924|0516|0640|1255|1619|1900|2019|13 Rebiulahir 1448
20260925|0517|0641|1255|1618|1859|2017|14 Rebiulahir 1448
20260926|0518|0642|1254|1617|1857|2015|15 Rebiulahir 1448
20260927|0519|0643|1254|1616|1855|2013|16 Rebiulahir 1448
20260928|0520|0644|1254|1614|1854|2012|17 Rebiulahir 1448
20260929|0522|0645|1253|1613|1852|2010|18 Rebiulahir 1448
20260930|0523|0646|1253|1612|1850|2008|19 Rebiulahir 1448
20261001|0524|0647|1253|1611|1849|2007|20 Rebiulahir 1448
20261002|0525|0648|1252|1610|1847|2005|21 Rebiulahir 1448
20261003|0526|0649|1252|1609|1845|2003|22 Rebiulahir 1448
20261004|0527|0650|1252|1607|1844|2002|23 Rebiulahir 1448
20261005|0528|0651|1252|1606|1842|2000|24 Rebiulahir 1448
20261006|0529|0652|1251|1605|1841|1958|25 Rebiulahir 1448
20261007|0530|0653|1251|1604|1839|1957|26 Rebiulahir 1448
20261008|0531|0654|1251|1603|1837|1955|27 Rebiulahir 1448
20261009|0532|0655|1250|1601|1836|1954|28 Rebiulahir 1448
20261010|0533|0656|1250|1600|1834|1952|29 Rebiulahir 1448
20261011|0534|0657|1250|1559|1833|1951|30 Rebiulahir 1448
20261012|0535|0658|1250|1558|1831|1949|1 Cemaziyelevvel 1448
20261013|0536|0659|1249|1557|1830|1947|2 Cemaziyelevvel 1448
20261014|0537|0700|1249|1556|1828|1946|3 Cemaziyelevvel 1448
20261015|0538|0701|1249|1554|1827|1945|4 Cemaziyelevvel 1448
20261016|0539|0702|1249|1553|1825|1943|5 Cemaziyelevvel 1448
20261017|0540|0703|1248|1552|1824|1942|6 Cemaziyelevvel 1448
20261018|0541|0704|1248|1551|1822|1940|7 Cemaziyelevvel 1448
20261019|0542|0705|1248|1550|1821|1939|8 Cemaziyelevvel 1448
20261020|0543|0707|1248|1549|1819|1937|9 Cemaziyelevvel 1448
20261021|0544|0708|1248|1548|1818|1936|10 Cemaziyelevvel 1448
20261022|0545|0709|1248|1547|1816|1935|11 Cemaziyelevvel 1448
20261023|0546|0710|1247|1546|1815|1933|12 Cemaziyelevvel 1448
20261024|0547|0711|1247|1544|1814|1932|13 Cemaziyelevvel 1448
20261025|0548|0712|1247|1543|1812|1931|14 Cemaziyelevvel 1448
20261026|0549|0713|1247|1542|1811|1930|15 Cemaziyelevvel 1448
20261027|0550|0714|1247|1541|1810|1928|16 Cemaziyelevvel 1448
20261028|0551|0715|1247|1540|1808|1927|17 Cemaziyelevvel 1448
20261029|0552|0717|1247|1539|1807|1926|18 Cemaziyelevvel 1448
20261030|0553|0718|1247|1538|1806|1925|19 Cemaziyelevvel 1448
20261031|0554|0719|1247|1537|1804|1924|20 Cemaziyelevvel 1448
20261101|0555|0720|1247|1536|1803|1923|21 Cemaziyelevvel 1448
20261102|0556|0721|1247|1535|1802|1922|22 Cemaziyelevvel 1448
20261103|0557|0722|1247|1534|1801|1921|23 Cemaziyelevvel 1448
20261104|0558|0723|1247|1534|1800|1920|24 Cemaziyelevvel 1448
20261105|0559|0724|1247|1533|1759|1919|25 Cemaziyelevvel 1448
20261106|0600|0726|1247|1532|1758|1918|26 Cemaziyelevvel 1448
20261107|0601|0727|1247|1531|1756|1917|27 Cemaziyelevvel 1448
20261108|0602|0728|1247|1530|1755|1916|28 Cemaziyelevvel 1448
20261109|0603|0729|1247|1529|1754|1915|29 Cemaziyelevvel 1448
20261110|0604|0730|1247|1529|1753|1914|1 Cemaziyelahir 1448
20261111|0605|0731|1247|1528|1752|1913|2 Cemaziyelahir 1448
20261112|0606|0733|1247|1527|1752|1913|3 Cemaziyelahir 1448
20261113|0607|0734|1247|1526|1751|1912|4 Cemaziyelahir 1448
20261114|0608|0735|1247|1526|1750|1911|5 Cemaziyelahir 1448
20261115|0609|0736|1247|1525|1749|1911|6 Cemaziyelahir 1448
20261116|0610|0737|1248|1524|1748|1910|7 Cemaziyelahir 1448
20261117|0611|0738|1248|1524|1747|1909|8 Cemaziyelahir 1448
20261118|0612|0740|1248|1523|1747|1909|9 Cemaziyelahir 1448
20261119|0613|0741|1248|1523|1746|1908|10 Cemaziyelahir 1448
20261120|0614|0742|1248|1522|1745|1908|11 Cemaziyelahir 1448
20261121|0615|0743|1249|1522|1745|1907|12 Cemaziyelahir 1448
20261122|0616|0744|1249|1521|1744|1907|13 Cemaziyelahir 1448
20261123|0617|0745|1249|1521|1743|1906|14 Cemaziyelahir 1448
20261124|0618|0746|1249|1520|1743|1906|15 Cemaziyelahir 1448
20261125|0619|0747|1250|1520|1742|1905|16 Cemaziyelahir 1448
20261126|0620|0748|1250|1520|1742|1905|17 Cemaziyelahir 1448
20261127|0621|0749|1250|1519|1741|1905|18 Cemaziyelahir 1448
20261128|0622|0751|1251|1519|1741|1905|19 Cemaziyelahir 1448
20261129|0622|0752|1251|1519|1741|1904|20 Cemaziyelahir 1448
20261130|0623|0753|1251|1519|1740|1904|21 Cemaziyelahir 1448
20261201|0624|0754|1252|1518|1740|1904|22 Cemaziyelahir 1448
20261202|0625|0755|1252|1518|1740|1904|23 Cemaziyelahir 1448
20261203|0626|0756|1253|1518|1740|1904|24 Cemaziyelahir 1448
20261204|0627|0757|1253|1518|1739|1904|25 Cemaziyelahir 1448
20261205|0628|0758|1253|1518|1739|1904|26 Cemaziyelahir 1448
20261206|0628|0758|1254|1518|1739|1904|27 Cemaziyelahir 1448
20261207|0629|0759|1254|1518|1739|1904|28 Cemaziyelahir 1448
20261208|0630|0800|1255|1518|1739|1904|29 Cemaziyelahir 1448
20261209|0631|0801|1255|1518|1739|1904|30 Cemaziyelahir 1448
20261210|0632|0802|1256|1518|1739|1904|1 Recep 1448
20261211|0632|0803|1256|1518|1739|1904|2 Recep 1448
20261212|0633|0804|1256|1518|1739|1904|3 Recep 1448
20261213|0634|0804|1257|1519|1739|1905|4 Recep 1448
20261214|0634|0805|1257|1519|1740|1905|5 Recep 1448
20261215|0635|0806|1258|1519|1740|1905|6 Recep 1448
20261216|0636|0807|1258|1519|1740|1905|7 Recep 1448
20261217|0636|0807|1259|1520|1740|1906|8 Recep 1448
20261218|0637|0808|1259|1520|1741|1906|9 Recep 1448
20261219|0638|0808|1300|1521|1741|1907|10 Recep 1448
20261220|0638|0809|1300|1521|1742|1907|11 Recep 1448
20261221|0639|0810|1301|1521|1742|1908|12 Recep 1448
20261222|0639|0810|1301|1522|1743|1908|13 Recep 1448
20261223|0640|0811|1302|1522|1743|1909|14 Recep 1448
20261224|0640|0811|1302|1523|1744|1909|15 Recep 1448
20261225|0641|0811|1303|1524|1744|1910|16 Recep 1448
20261226|0641|0812|1303|1524|1745|1910|17 Recep 1448
20261227|0641|0812|1304|1525|1745|1911|18 Recep 1448
20261228|0642|0812|1304|1525|1746|1911|19 Recep 1448
20261229|0642|0813|1305|1526|1747|1912|20 Recep 1448
20261230|0642|0813|1305|1527|1748|1913|21 Recep 1448
20261231|0643|0813|1306|1528|1748|1914|22 Recep 1448
20270101|0643|0813|1306|1528|1749|1914|23 Recep 1448
20270102|0643|0813|1307|1529|1750|1915|24 Recep 1448
20270103|0643|0814|1307|1530|1751|1916|25 Recep 1448
20270104|0643|0814|1308|1531|1752|1917|26 Recep 1448
20270105|0643|0814|1308|1531|1753|1917|27 Recep 1448
20270106|0643|0814|1308|1532|1753|1918|28 Recep 1448
20270107|0643|0813|1309|1533|1754|1919|29 Recep 1448
20270108|0644|0813|1309|1534|1755|1920|30 Recep 1448
20270109|0643|0813|1310|1535|1756|1921|1 Şaban 1448
20270110|0643|0813|1310|1536|1757|1922|2 Şaban 1448
20270111|0643|0813|1311|1537|1758|1922|3 Şaban 1448
20270112|0643|0813|1311|1538|1759|1923|4 Şaban 1448
20270113|0643|0812|1311|1539|1800|1924|5 Şaban 1448
20270114|0643|0812|1312|1540|1802|1925|6 Şaban 1448
20270115|0643|0812|1312|1541|1803|1926|7 Şaban 1448
20270116|0642|0811|1312|1542|1804|1927|8 Şaban 1448
20270117|0642|0811|1313|1543|1805|1928|9 Şaban 1448
20270118|0642|0810|1313|1544|1806|1929|10 Şaban 1448
20270119|0642|0810|1313|1545|1807|1930|11 Şaban 1448
20270120|0641|0809|1314|1546|1808|1931|12 Şaban 1448
20270121|0641|0809|1314|1547|1809|1932|13 Şaban 1448
20270122|0640|0808|1314|1548|1811|1933|14 Şaban 1448
20270123|0640|0808|1315|1549|1812|1934|15 Şaban 1448
20270124|0639|0807|1315|1550|1813|1935|16 Şaban 1448
20270125|0639|0806|1315|1551|1814|1936|17 Şaban 1448
20270126|0638|0805|1315|1552|1815|1937|18 Şaban 1448
20270127|0638|0805|1316|1553|1816|1938|19 Şaban 1448
20270128|0637|0804|1316|1554|1818|1939|20 Şaban 1448
20270129|0636|0803|1316|1555|1819|1940|21 Şaban 1448
20270130|0636|0802|1316|1556|1820|1941|22 Şaban 1448
20270131|0635|0801|1316|1557|1821|1942|23 Şaban 1448
20270201|0634|0800|1316|1558|1822|1943|24 Şaban 1448
20270202|0633|0759|1317|1559|1824|1944|25 Şaban 1448
20270203|0633|0758|1317|1600|1825|1945|26 Şaban 1448
20270204|0632|0758|1317|1601|1826|1947|27 Şaban 1448
20270205|0631|0756|1317|1602|1827|1948|28 Şaban 1448
20270206|0630|0755|1317|1603|1829|1949|29 Şaban 1448
20270207|0629|0754|1317|1604|1830|1950|30 Şaban 1448
20270208|0628|0753|1317|1605|1831|1951|1 Ramazan 1448
20270209|0627|0752|1317|1606|1832|1952|2 Ramazan 1448
20270210|0626|0751|1317|1607|1833|1953|3 Ramazan 1448
20270211|0625|0750|1317|1607|1835|1954|4 Ramazan 1448
20270212|0624|0749|1317|1608|1836|1955|5 Ramazan 1448
20270213|0623|0747|1317|1609|1837|1956|6 Ramazan 1448
20270214|0622|0746|1317|1610|1838|1957|7 Ramazan 1448
20270215|0621|0745|1317|1611|1839|1958|8 Ramazan 1448
20270216|0620|0744|1317|1612|1840|1959|9 Ramazan 1448
20270217|0618|0742|1317|1613|1842|2000|10 Ramazan 1448
20270218|0617|0741|1317|1614|1843|2002|11 Ramazan 1448
20270219|0616|0740|1317|1615|1844|2003|12 Ramazan 1448
20270220|0615|0738|1317|1616|1845|2004|13 Ramazan 1448
20270221|0613|0737|1317|1616|1846|2005|14 Ramazan 1448
20270222|0612|0736|1317|1617|1848|2006|15 Ramazan 1448
20270223|0611|0734|1316|1618|1849|2007|16 Ramazan 1448
20270224|0609|0733|1316|1619|1850|2008|17 Ramazan 1448
20270225|0608|0731|1316|1620|1851|2009|18 Ramazan 1448
20270226|0607|0730|1316|1620|1852|2010|19 Ramazan 1448
20270227|0605|0728|1316|1621|1853|2011|20 Ramazan 1448
20270228|0604|0727|1316|1622|1854|2012|21 Ramazan 1448
20270301|0602|0725|1315|1623|1855|2013|22 Ramazan 1448
20270302|0601|0724|1315|1623|1857|2014|23 Ramazan 1448
20270303|0559|0722|1315|1624|1858|2016|24 Ramazan 1448
20270304|0558|0721|1315|1625|1859|2017|25 Ramazan 1448
20270305|0556|0719|1315|1626|1900|2018|26 Ramazan 1448
20270306|0555|0718|1314|1626|1901|2019|27 Ramazan 1448
20270307|0553|0716|1314|1627|1902|2020|28 Ramazan 1448
20270308|0552|0715|1314|1628|1903|2021|29 Ramazan 1448
20270309|0550|0713|1314|1628|1904|2022|1 Şevval 1448
20270310|0548|0712|1313|1629|1905|2023|2 Şevval 1448
20270311|0547|0710|1313|1630|1906|2024|3 Şevval 1448
20270312|0545|0708|1313|1630|1907|2025|4 Şevval 1448
20270313|0543|0707|1313|1631|1909|2027|5 Şevval 1448
20270314|0542|0705|1312|1631|1910|2028|6 Şevval 1448
20270315|0540|0704|1312|1632|1911|2029|7 Şevval 1448
20270316|0538|0702|1312|1632|1912|2030|8 Şevval 1448
20270317|0537|0700|1312|1633|1913|2031|9 Şevval 1448
20270318|0535|0659|1311|1634|1914|2032|10 Şevval 1448
20270319|0533|0657|1311|1634|1915|2033|11 Şevval 1448
20270320|0531|0655|1311|1635|1916|2034|12 Şevval 1448
20270321|0530|0654|1310|1635|1917|2036|13 Şevval 1448
20270322|0528|0652|1310|1636|1918|2037|14 Şevval 1448
20270323|0526|0651|1310|1636|1919|2038|15 Şevval 1448
20270324|0524|0649|1309|1637|1920|2039|16 Şevval 1448
20270325|0523|0647|1309|1637|1921|2040|17 Şevval 1448
20270326|0521|0646|1309|1638|1922|2041|18 Şevval 1448
20270327|0519|0644|1309|1638|1923|2043|19 Şevval 1448
20270328|0517|0642|1308|1638|1924|2044|20 Şevval 1448
20270329|0515|0641|1308|1639|1925|2045|21 Şevval 1448
20270330|0514|0639|1308|1639|1926|2046|22 Şevval 1448
20270331|0512|0637|1307|1640|1927|2047|23 Şevval 1448
20270401|0510|0636|1307|1640|1928|2049|24 Şevval 1448
20270402|0508|0634|1307|1640|1929|2050|25 Şevval 1448
20270403|0506|0633|1306|1641|1930|2051|26 Şevval 1448
20270404|0504|0631|1306|1641|1931|2052|27 Şevval 1448
20270405|0502|0629|1306|1642|1932|2054|28 Şevval 1448
20270406|0501|0628|1306|1642|1933|2055|29 Şevval 1448
20270407|0459|0626|1305|1642|1934|2056|30 Şevval 1448
20270408|0457|0625|1305|1643|1935|2057|1 Zilkade 1448
20270409|0455|0623|1305|1643|1936|2059|2 Zilkade 1448
20270410|0453|0622|1304|1643|1937|2100|3 Zilkade 1448
20270411|0451|0620|1304|1644|1938|2101|4 Zilkade 1448
20270412|0449|0618|1304|1644|1939|2103|5 Zilkade 1448
20270413|0448|0617|1304|1644|1940|2104|6 Zilkade 1448
20270414|0446|0615|1303|1645|1942|2105|7 Zilkade 1448
20270415|0444|0614|1303|1645|1943|2106|8 Zilkade 1448
20270416|0442|0612|1303|1645|1944|2108|9 Zilkade 1448
20270417|0440|0611|1303|1646|1945|2109|10 Zilkade 1448
20270418|0438|0609|1302|1646|1946|2111|11 Zilkade 1448
20270419|0436|0608|1302|1646|1947|2112|12 Zilkade 1448
20270420|0435|0606|1302|1647|1948|2113|13 Zilkade 1448
20270421|0433|0605|1302|1647|1949|2115|14 Zilkade 1448
20270422|0431|0604|1302|1647|1950|2116|15 Zilkade 1448
20270423|0429|0602|1301|1647|1951|2117|16 Zilkade 1448
20270424|0427|0601|1301|1648|1952|2119|17 Zilkade 1448
20270425|0425|0559|1301|1648|1953|2120|18 Zilkade 1448
20270426|0424|0558|1301|1648|1954|2122|19 Zilkade 1448
20270427|0422|0557|1301|1648|1955|2123|20 Zilkade 1448
20270428|0420|0555|1301|1649|1956|2125|21 Zilkade 1448
20270429|0418|0554|1300|1649|1957|2126|22 Zilkade 1448
20270430|0417|0553|1300|1649|1958|2127|23 Zilkade 1448
20270501|0415|0551|1300|1650|1959|2129|24 Zilkade 1448
20270502|0413|0550|1300|1650|2000|2130|25 Zilkade 1448
20270503|0411|0549|1300|1650|2001|2132|26 Zilkade 1448
20270504|0410|0548|1300|1650|2002|2133|27 Zilkade 1448
20270505|0408|0547|1300|1651|2003|2135|28 Zilkade 1448
20270506|0406|0545|1300|1651|2004|2136|29 Zilkade 1448
20270507|0405|0544|1300|1651|2005|2138|1 Zilhicce 1448
20270508|0403|0543|1300|1651|2006|2139|2 Zilhicce 1448
20270509|0401|0542|1259|1652|2007|2140|3 Zilhicce 1448
20270510|0400|0541|1259|1652|2008|2142|4 Zilhicce 1448
20270511|0358|0540|1259|1652|2009|2143|5 Zilhicce 1448
20270512|0357|0539|1259|1652|2010|2145|6 Zilhicce 1448
20270513|0355|0538|1259|1653|2011|2146|7 Zilhicce 1448
20270514|0354|0537|1259|1653|2012|2148|8 Zilhicce 1448
20270515|0352|0536|1259|1653|2013|2149|9 Zilhicce 1448
20270516|0351|0535|1259|1653|2014|2151|10 Zilhicce 1448
20270517|0349|0534|1259|1654|2015|2152|11 Zilhicce 1448
20270518|0348|0533|1259|1654|2016|2153|12 Zilhicce 1448
20270519|0346|0532|1259|1654|2017|2155|13 Zilhicce 1448
20270520|0345|0531|1259|1654|2018|2156|14 Zilhicce 1448
20270521|0344|0531|1300|1655|2018|2158|15 Zilhicce 1448
20270522|0343|0530|1300|1655|2019|2159|16 Zilhicce 1448
20270523|0341|0529|1300|1655|2020|2200|17 Zilhicce 1448
20270524|0340|0528|1300|1656|2021|2202|18 Zilhicce 1448
20270525|0339|0528|1300|1656|2022|2203|19 Zilhicce 1448
20270526|0338|0527|1300|1656|2023|2204|20 Zilhicce 1448
20270527|0337|0527|1300|1656|2024|2205|21 Zilhicce 1448
20270528|0336|0526|1300|1657|2024|2207|22 Zilhicce 1448
20270529|0335|0525|1300|1657|2025|2208|23 Zilhicce 1448
20270530|0334|0525|1300|1657|2026|2209|24 Zilhicce 1448
20270531|0333|0524|1301|1657|2027|2210|25 Zilhicce 1448
20270601|0332|0524|1301|1658|2028|2211|26 Zilhicce 1448
20270602|0331|0524|1301|1658|2028|2212|27 Zilhicce 1448
20270603|0330|0523|1301|1658|2029|2214|28 Zilhicce 1448
20270604|0329|0523|1301|1658|2030|2215|29 Zilhicce 1448
20270605|0329|0522|1301|1659|2030|2216|30 Zilhicce 1448
20270606|0328|0522|1302|1659|2031|2217|1 Muharrem 1449
20270607|0327|0522|1302|1659|2032|2217|2 Muharrem 1449
20270608|0327|0522|1302|1700|2032|2218|3 Muharrem 1449
20270609|0326|0521|1302|1700|2033|2219|4 Muharrem 1449
20270610|0326|0521|1302|1700|2033|2220|5 Muharrem 1449
20270611|0325|0521|1303|1700|2034|2221|6 Muharrem 1449
20270612|0325|0521|1303|1701|2034|2222|7 Muharrem 1449
20270613|0325|0521|1303|1701|2035|2222|8 Muharrem 1449
20270614|0325|0521|1303|1701|2035|2223|9 Muharrem 1449
20270615|0324|0521|1303|1701|2036|2223|10 Muharrem 1449
20270616|0324|0521|1304|1702|2036|2224|11 Muharrem 1449
20270617|0324|0521|1304|1702|2036|2224|12 Muharrem 1449
20270618|0324|0521|1304|1702|2037|2225|13 Muharrem 1449
20270619|0324|0521|1304|1702|2037|2225|14 Muharrem 1449
20270620|0324|0521|1304|1703|2037|2226|15 Muharrem 1449
20270621|0325|0522|1305|1703|2038|2226|16 Muharrem 1449
20270622|0325|0522|1305|1703|2038|2226|17 Muharrem 1449
20270623|0325|0522|1305|1703|2038|2226|18 Muharrem 1449
20270624|0325|0522|1305|1703|2038|2226|19 Muharrem 1449
20270625|0326|0523|1305|1704|2038|2226|20 Muharrem 1449
20270626|0326|0523|1306|1704|2038|2226|21 Muharrem 1449
20270627|0327|0523|1306|1704|2039|2226|22 Muharrem 1449
20270628|0327|0524|1306|1704|2039|2226|23 Muharrem 1449
20270629|0328|0524|1306|1704|2039|2226|24 Muharrem 1449
20270630|0328|0525|1307|1704|2038|2226|25 Muharrem 1449
20270701|0329|0525|1307|1705|2038|2226|26 Muharrem 1449
20270702|0330|0526|1307|1705|2038|2225|27 Muharrem 1449
20270703|0331|0526|1307|1705|2038|2225|28 Muharrem 1449
20270704|0331|0527|1307|1705|2038|2225|29 Muharrem 1449
20270705|0332|0527|1307|1705|2038|2224|1 Safer 1449
20270706|0333|0528|1308|1705|2038|2224|2 Safer 1449
20270707|0334|0528|1308|1705|2037|2223|3 Safer 1449
20270708|0335|0529|1308|1705|2037|2222|4 Safer 1449
20270709|0336|0530|1308|1705|2037|2222|5 Safer 1449
20270710|0337|0530|1308|1705|2036|2221|6 Safer 1449
20270711|0338|0531|1308|1706|2036|2220|7 Safer 1449
20270712|0339|0532|1309|1706|2035|2219|8 Safer 1449
20270713|0340|0532|1309|1706|2035|2219|9 Safer 1449
20270714|0342|0533|1309|1706|2035|2218|10 Safer 1449
20270715|0343|0534|1309|1705|2034|2217|11 Safer 1449
20270716|0344|0535|1309|1705|2033|2216|12 Safer 1449
20270717|0345|0535|1309|1705|2033|2215|13 Safer 1449
20270718|0347|0536|1309|1705|2032|2214|14 Safer 1449
20270719|0348|0537|1309|1705|2032|2213|15 Safer 1449
20270720|0349|0538|1309|1705|2031|2211|16 Safer 1449
20270721|0351|0539|1309|1705|2030|2210|17 Safer 1449
20270722|0352|0540|1309|1705|2029|2209|18 Safer 1449
20270723|0353|0540|1309|1705|2029|2208|19 Safer 1449
20270724|0355|0541|1310|1705|2028|2207|20 Safer 1449
20270725|0356|0542|1310|1704|2027|2205|21 Safer 1449
20270726|0358|0543|1310|1704|2026|2204|22 Safer 1449
20270727|0359|0544|1310|1704|2025|2203|23 Safer 1449
20270728|0400|0545|1310|1704|2024|2201|24 Safer 1449
20270729|0402|0546|1309|1703|2023|2200|25 Safer 1449
20270730|0403|0547|1309|1703|2022|2158|26 Safer 1449
20270731|0405|0548|1309|1703|2021|2157|27 Safer 1449
20270801|0406|0548|1309|1702|2020|2155|28 Safer 1449
20270802|0408|0549|1309|1702|2019|2154|29 Safer 1449
20270803|0409|0550|1309|1702|2018|2152|1 Rebiulevvel 1449
20270804|0410|0551|1309|1701|2017|2151|2 Rebiulevvel 1449
20270805|0412|0552|1309|1701|2016|2149|3 Rebiulevvel 1449
20270806|0413|0553|1309|1701|2015|2148|4 Rebiulevvel 1449
20270807|0415|0554|1309|1700|2014|2146|5 Rebiulevvel 1449
20270808|0416|0555|1309|1700|2012|2144|6 Rebiulevvel 1449
20270809|0418|0556|1309|1659|2011|2143|7 Rebiulevvel 1449
20270810|0419|0557|1308|1659|2010|2141|8 Rebiulevvel 1449
20270811|0421|0558|1308|1658|2009|2139|9 Rebiulevvel 1449
20270812|0422|0559|1308|1658|2007|2138|10 Rebiulevvel 1449
20270813|0423|0600|1308|1657|2006|2136|11 Rebiulevvel 1449
20270814|0425|0601|1308|1657|2005|2134|12 Rebiulevvel 1449
20270815|0426|0602|1308|1656|2004|2132|13 Rebiulevvel 1449
20270816|0428|0603|1307|1655|2002|2131|14 Rebiulevvel 1449
20270817|0429|0604|1307|1655|2001|2129|15 Rebiulevvel 1449
20270818|0430|0605|1307|1654|1959|2127|16 Rebiulevvel 1449
20270819|0432|0606|1307|1653|1958|2125|17 Rebiulevvel 1449
20270820|0433|0607|1307|1653|1957|2124|18 Rebiulevvel 1449
20270821|0435|0608|1306|1652|1955|2122|19 Rebiulevvel 1449
20270822|0436|0608|1306|1651|1954|2120|20 Rebiulevvel 1449
20270823|0437|0609|1306|1651|1952|2118|21 Rebiulevvel 1449
20270824|0439|0610|1306|1650|1951|2116|22 Rebiulevvel 1449
20270825|0440|0611|1305|1649|1949|2114|23 Rebiulevvel 1449
20270826|0441|0612|1305|1648|1948|2113|24 Rebiulevvel 1449
20270827|0443|0613|1305|1647|1946|2111|25 Rebiulevvel 1449
20270828|0444|0614|1304|1647|1945|2109|26 Rebiulevvel 1449
20270829|0445|0615|1304|1646|1943|2107|27 Rebiulevvel 1449
20270830|0447|0616|1304|1645|1942|2105|28 Rebiulevvel 1449
20270831|0448|0617|1304|1644|1940|2103|29 Rebiulevvel 1449
20270901|0449|0618|1303|1643|1938|2101|30 Rebiulevvel 1449
20270902|0450|0619|1303|1642|1937|2100|1 Rebiulahir 1449
20270903|0452|0620|1303|1641|1935|2058|2 Rebiulahir 1449
20270904|0453|0621|1302|1640|1934|2056|3 Rebiulahir 1449
20270905|0454|0622|1302|1639|1932|2054|4 Rebiulahir 1449
20270906|0455|0623|1302|1639|1930|2052|5 Rebiulahir 1449
20270907|0457|0624|1301|1638|1929|2050|6 Rebiulahir 1449
20270908|0458|0625|1301|1637|1927|2048|7 Rebiulahir 1449
20270909|0459|0626|1301|1636|1926|2046|8 Rebiulahir 1449
20270910|0500|0627|1300|1635|1924|2045|9 Rebiulahir 1449
20270911|0501|0627|1300|1634|1922|2043|10 Rebiulahir 1449
20270912|0502|0628|1259|1632|1921|2041|11 Rebiulahir 1449
20270913|0504|0629|1259|1631|1919|2039|12 Rebiulahir 1449
20270914|0505|0630|1259|1630|1917|2037|13 Rebiulahir 1449
20270915|0506|0631|1258|1629|1916|2035|14 Rebiulahir 1449
20270916|0507|0632|1258|1628|1914|2034|15 Rebiulahir 1449
20270917|0508|0633|1258|1627|1912|2032|16 Rebiulahir 1449
20270918|0509|0634|1257|1626|1911|2030|17 Rebiulahir 1449
20270919|0510|0635|1257|1625|1909|2028|18 Rebiulahir 1449
20270920|0512|0636|1257|1624|1907|2026|19 Rebiulahir 1449
20270921|0513|0637|1256|1623|1906|2025|20 Rebiulahir 1449
20270922|0514|0638|1256|1622|1904|2023|21 Rebiulahir 1449
20270923|0515|0639|1256|1620|1902|2021|22 Rebiulahir 1449
20270924|0516|0640|1255|1619|1901|2019|23 Rebiulahir 1449
20270925|0517|0641|1255|1618|1859|2017|24 Rebiulahir 1449
20270926|0518|0642|1255|1617|1857|2016|25 Rebiulahir 1449
20270927|0519|0643|1254|1616|1856|2014|26 Rebiulahir 1449
20270928|0520|0644|1254|1615|1854|2012|27 Rebiulahir 1449
20270929|0521|0645|1254|1613|1852|2010|28 Rebiulahir 1449
20270930|0522|0646|1253|1612|1851|2009|29 Rebiulahir 1449
20271001|0523|0647|1253|1611|1849|2007|1 Cemaziyelevvel 1449
20271002|0524|0648|1253|1610|1847|2005|2 Cemaziyelevvel 1449
20271003|0525|0649|1252|1609|1846|2004|3 Cemaziyelevvel 1449
20271004|0526|0650|1252|1608|1844|2002|4 Cemaziyelevvel 1449
20271005|0528|0651|1252|1606|1843|2000|5 Cemaziyelevvel 1449
20271006|0529|0652|1251|1605|1841|1959|6 Cemaziyelevvel 1449
20271007|0530|0653|1251|1604|1839|1957|7 Cemaziyelevvel 1449
20271008|0531|0654|1251|1603|1838|1956|8 Cemaziyelevvel 1449
20271009|0532|0655|1250|1602|1836|1954|9 Cemaziyelevvel 1449
20271010|0533|0656|1250|1601|1835|1952|10 Cemaziyelevvel 1449
20271011|0534|0657|1250|1559|1833|1951|11 Cemaziyelevvel 1449
20271012|0535|0658|1250|1558|1831|1949|12 Cemaziyelevvel 1449
20271013|0536|0659|1249|1557|1830|1948|13 Cemaziyelevvel 1449
20271014|0537|0700|1249|1556|1828|1946|14 Cemaziyelevvel 1449
20271015|0538|0701|1249|1555|1827|1945|15 Cemaziyelevvel 1449
20271016|0539|0702|1249|1554|1825|1943|16 Cemaziyelevvel 1449
20271017|0540|0703|1248|1552|1824|1942|17 Cemaziyelevvel 1449
20271018|0541|0704|1248|1551|1822|1941|18 Cemaziyelevvel 1449
20271019|0542|0705|1248|1550|1821|1939|19 Cemaziyelevvel 1449
20271020|0543|0706|1248|1549|1820|1938|20 Cemaziyelevvel 1449
20271021|0544|0707|1248|1548|1818|1936|21 Cemaziyelevvel 1449
20271022|0545|0708|1248|1547|1817|1935|22 Cemaziyelevvel 1449
20271023|0546|0710|1247|1546|1815|1934|23 Cemaziyelevvel 1449
20271024|0547|0711|1247|1545|1814|1932|24 Cemaziyelevvel 1449
20271025|0548|0712|1247|1544|1813|1931|25 Cemaziyelevvel 1449
20271026|0549|0713|1247|1543|1811|1930|26 Cemaziyelevvel 1449
20271027|0550|0714|1247|1542|1810|1929|27 Cemaziyelevvel 1449
20271028|0551|0715|1247|1541|1809|1928|28 Cemaziyelevvel 1449
20271029|0552|0716|1247|1540|1807|1926|29 Cemaziyelevvel 1449
20271030|0553|0717|1247|1539|1806|1925|30 Cemaziyelevvel 1449
20271031|0554|0718|1247|1538|1805|1924|1 Cemaziyelahir 1449
20271101|0555|0720|1247|1537|1804|1923|2 Cemaziyelahir 1449
20271102|0556|0721|1247|1536|1802|1922|3 Cemaziyelahir 1449
20271103|0557|0722|1247|1535|1801|1921|4 Cemaziyelahir 1449
20271104|0558|0723|1247|1534|1800|1920|5 Cemaziyelahir 1449
20271105|0559|0724|1247|1533|1759|1919|6 Cemaziyelahir 1449
20271106|0600|0725|1247|1532|1758|1918|7 Cemaziyelahir 1449
20271107|0601|0727|1247|1531|1757|1917|8 Cemaziyelahir 1449
20271108|0602|0728|1247|1530|1756|1916|9 Cemaziyelahir 1449
20271109|0603|0729|1247|1530|1755|1915|10 Cemaziyelahir 1449
20271110|0604|0730|1247|1529|1754|1914|11 Cemaziyelahir 1449
20271111|0605|0731|1247|1528|1753|1914|12 Cemaziyelahir 1449
20271112|0606|0732|1247|1527|1752|1913|13 Cemaziyelahir 1449
20271113|0607|0733|1247|1527|1751|1912|14 Cemaziyelahir 1449
20271114|0608|0735|1247|1526|1750|1911|15 Cemaziyelahir 1449
20271115|0609|0736|1247|1525|1749|1911|16 Cemaziyelahir 1449
20271116|0610|0737|1248|1525|1748|1910|17 Cemaziyelahir 1449
20271117|0611|0738|1248|1524|1748|1909|18 Cemaziyelahir 1449
20271118|0612|0739|1248|1523|1747|1909|19 Cemaziyelahir 1449
20271119|0613|0740|1248|1523|1746|1908|20 Cemaziyelahir 1449
20271120|0614|0741|1248|1522|1745|1908|21 Cemaziyelahir 1449
20271121|0615|0743|1249|1522|1745|1907|22 Cemaziyelahir 1449
20271122|0616|0744|1249|1521|1744|1907|23 Cemaziyelahir 1449
20271123|0617|0745|1249|1521|1743|1906|24 Cemaziyelahir 1449
20271124|0618|0746|1249|1520|1743|1906|25 Cemaziyelahir 1449
20271125|0619|0747|1250|1520|1742|1906|26 Cemaziyelahir 1449
20271126|0619|0748|1250|1520|1742|1905|27 Cemaziyelahir 1449
20271127|0620|0749|1250|1519|1741|1905|28 Cemaziyelahir 1449
20271128|0621|0750|1251|1519|1741|1905|29 Cemaziyelahir 1449
20271129|0622|0751|1251|1519|1741|1904|1 Recep 1449
20271130|0623|0752|1251|1519|1740|1904|2 Recep 1449
20271201|0624|0753|1252|1518|1740|1904|3 Recep 1449
20271202|0625|0754|1252|1518|1740|1904|4 Recep 1449
20271203|0626|0755|1252|1518|1740|1904|5 Recep 1449
20271204|0627|0756|1253|1518|1739|1904|6 Recep 1449
20271205|0627|0757|1253|1518|1739|1904|7 Recep 1449
20271206|0628|0758|1254|1518|1739|1904|8 Recep 1449
20271207|0629|0759|1254|1518|1739|1904|9 Recep 1449
20271208|0630|0800|1255|1518|1739|1904|10 Recep 1449
20271209|0631|0801|1255|1518|1739|1904|11 Recep 1449
20271210|0631|0802|1255|1518|1739|1904|12 Recep 1449
20271211|0632|0803|1256|1518|1739|1904|13 Recep 1449
20271212|0633|0803|1256|1518|1739|1904|14 Recep 1449
20271213|0634|0804|1257|1519|1739|1905|15 Recep 1449
20271214|0634|0805|1257|1519|1740|1905|16 Recep 1449
20271215|0635|0806|1258|1519|1740|1905|17 Recep 1449
20271216|0636|0806|1258|1519|1740|1905|18 Recep 1449
20271217|0636|0807|1259|1520|1740|1906|19 Recep 1449
20271218|0637|0808|1259|1520|1741|1906|20 Recep 1449
20271219|0637|0808|1300|1520|1741|1907|21 Recep 1449
20271220|0638|0809|1300|1521|1741|1907|22 Recep 1449
20271221|0639|0809|1301|1521|1742|1907|23 Recep 1449
20271222|0639|0810|1301|1522|1742|1908|24 Recep 1449
20271223|0640|0810|1302|1522|1743|1908|25 Recep 1449
20271224|0640|0811|1302|1523|1743|1909|26 Recep 1449
20271225|0640|0811|1303|1523|1744|1909|27 Recep 1449
20271226|0641|0812|1303|1524|1745|1910|28 Recep 1449
20271227|0641|0812|1304|1525|1745|1911|29 Recep 1449
20271228|0642|0812|1304|1525|1746|1911|30 Recep 1449
20271229|0642|0813|1305|1526|1747|1912|1 Şaban 1449
20271230|0642|0813|1305|1527|1747|1913|2 Şaban 1449
20271231|0642|0813|1306|1527|1748|1913|3 Şaban 1449
#@17895|Osmaneli|BILECIK|730
20260101|0645|0816|1308|1530|1751|1916|12 Recep 1447
20260102|0645|0816|1309|1531|1752|1917|13 Recep 1447
20260103|0645|0816|1309|1532|1752|1918|14 Recep 1447
20260104|0646|0816|1310|1532|1753|1918|15 Recep 1447
20260105|0646|0816|1310|1533|1754|1919|16 Recep 1447
20260106|0646|0816|1311|1534|1755|1920|17 Recep 1447
20260107|0646|0816|1311|1535|1756|1921|18 Recep 1447
20260108|0646|0816|1311|1536|1757|1922|19 Recep 1447
20260109|0646|0816|1312|1537|1758|1923|20 Recep 1447
20260110|0646|0816|1312|1538|1759|1924|21 Recep 1447
20260111|0646|0815|1313|1539|1800|1924|22 Recep 1447
20260112|0645|0815|1313|1539|1801|1925|23 Recep 1447
20260113|0645|0815|1313|1540|1802|1926|24 Recep 1447
20260114|0645|0814|1314|1541|1803|1927|25 Recep 1447
20260115|0645|0814|1314|1542|1804|1928|26 Recep 1447
20260116|0645|0814|1315|1543|1805|1929|27 Recep 1447
20260117|0644|0813|1315|1544|1807|1930|28 Recep 1447
20260118|0644|0813|1315|1545|1808|1931|29 Recep 1447
20260119|0644|0812|1316|1546|1809|1932|30 Recep 1447
20260120|0643|0812|1316|1547|1810|1933|1 Şaban 1447
20260121|0643|0811|1316|1548|1811|1934|2 Şaban 1447
20260122|0642|0810|1316|1549|1812|1935|3 Şaban 1447
20260123|0642|0810|1317|1550|1814|1936|4 Şaban 1447
20260124|0641|0809|1317|1551|1815|1937|5 Şaban 1447
20260125|0641|0808|1317|1552|1816|1938|6 Şaban 1447
20260126|0640|0808|1317|1553|1817|1939|7 Şaban 1447
20260127|0640|0807|1318|1554|1818|1940|8 Şaban 1447
20260128|0639|0806|1318|1555|1820|1941|9 Şaban 1447
20260129|0638|0805|1318|1557|1821|1942|10 Şaban 1447
20260130|0638|0804|1318|1558|1822|1943|11 Şaban 1447
20260131|0637|0803|1318|1559|1823|1944|12 Şaban 1447
20260201|0636|0803|1318|1600|1824|1945|13 Şaban 1447
20260202|0635|0802|1319|1601|1826|1947|14 Şaban 1447
20260203|0635|0801|1319|1602|1827|1948|15 Şaban 1447
20260204|0634|0800|1319|1603|1828|1949|16 Şaban 1447
20260205|0633|0759|1319|1604|1829|1950|17 Şaban 1447
20260206|0632|0758|1319|1605|1830|1951|18 Şaban 1447
20260207|0631|0756|1319|1606|1832|1952|19 Şaban 1447
20260208|0630|0755|1319|1607|1833|1953|20 Şaban 1447
20260209|0629|0754|1319|1607|1834|1954|21 Şaban 1447
20260210|0628|0753|1319|1608|1835|1955|22 Şaban 1447
20260211|0627|0752|1319|1609|1837|1956|23 Şaban 1447
20260212|0626|0751|1319|1610|1838|1957|24 Şaban 1447
20260213|0625|0749|1319|1611|1839|1958|25 Şaban 1447
20260214|0624|0748|1319|1612|1840|1959|26 Şaban 1447
20260215|0622|0747|1319|1613|1841|2001|27 Şaban 1447
20260216|0621|0746|1319|1614|1843|2002|28 Şaban 1447
20260217|0620|0744|1319|1615|1844|2003|29 Şaban 1447
20260218|0619|0743|1319|1616|1845|2004|30 Şaban 1447
20260219|0618|0742|1319|1617|1846|2005|1 Ramazan 1447
20260220|0616|0740|1319|1618|1847|2006|2 Ramazan 1447
20260221|0615|0739|1319|1618|1848|2007|3 Ramazan 1447
20260222|0614|0737|1318|1619|1850|2008|4 Ramazan 1447
20260223|0612|0736|1318|1620|1851|2009|5 Ramazan 1447
20260224|0611|0735|1318|1621|1852|2010|6 Ramazan 1447
20260225|0610|0733|1318|1622|1853|2011|7 Ramazan 1447
20260226|0608|0732|1318|1622|1854|2012|8 Ramazan 1447
20260227|0607|0730|1318|1623|1855|2014|9 Ramazan 1447
20260228|0605|0729|1318|1624|1856|2015|10 Ramazan 1447
20260301|0604|0727|1317|1625|1858|2016|11 Ramazan 1447
20260302|0602|0726|1317|1625|1859|2017|12 Ramazan 1447
20260303|0601|0724|1317|1626|1900|2018|13 Ramazan 1447
20260304|0559|0723|1317|1627|1901|2019|14 Ramazan 1447
20260305|0558|0721|1317|1628|1902|2020|15 Ramazan 1447
20260306|0556|0720|1316|1628|1903|2021|16 Ramazan 1447
20260307|0555|0718|1316|1629|1904|2022|17 Ramazan 1447
20260308|0553|0716|1316|1630|1905|2023|18 Ramazan 1447
20260309|0551|0715|1316|1630|1906|2025|19 Ramazan 1447
20260310|0550|0713|1315|1631|1907|2026|20 Ramazan 1447
20260311|0548|0712|1315|1632|1909|2027|21 Ramazan 1447
20260312|0546|0710|1315|1632|1910|2028|22 Ramazan 1447
20260313|0545|0708|1315|1633|1911|2029|23 Ramazan 1447
20260314|0543|0707|1314|1633|1912|2030|24 Ramazan 1447
20260315|0541|0705|1314|1634|1913|2031|25 Ramazan 1447
20260316|0540|0704|1314|1634|1914|2032|26 Ramazan 1447
20260317|0538|0702|1313|1635|1915|2034|27 Ramazan 1447
20260318|0536|0700|1313|1636|1916|2035|28 Ramazan 1447
20260319|0535|0659|1313|1636|1917|2036|29 Ramazan 1447
20260320|0533|0657|1313|1637|1918|2037|1 Şevval 1447
20260321|0531|0655|1312|1637|1919|2038|2 Şevval 1447
20260322|0529|0654|1312|1638|1920|2039|3 Şevval 1447
20260323|0527|0652|1312|1638|1921|2040|4 Şevval 1447
20260324|0526|0650|1311|1639|1922|2042|5 Şevval 1447
20260325|0524|0649|1311|1639|1923|2043|6 Şevval 1447
20260326|0522|0647|1311|1640|1924|2044|7 Şevval 1447
20260327|0520|0646|1310|1640|1925|2045|8 Şevval 1447
20260328|0518|0644|1310|1640|1926|2046|9 Şevval 1447
20260329|0517|0642|1310|1641|1928|2048|10 Şevval 1447
20260330|0515|0641|1310|1641|1929|2049|11 Şevval 1447
20260331|0513|0639|1309|1642|1930|2050|12 Şevval 1447
20260401|0511|0637|1309|1642|1931|2051|13 Şevval 1447
20260402|0509|0636|1309|1643|1932|2052|14 Şevval 1447
20260403|0507|0634|1308|1643|1933|2054|15 Şevval 1447
20260404|0505|0633|1308|1643|1934|2055|16 Şevval 1447
20260405|0504|0631|1308|1644|1935|2056|17 Şevval 1447
20260406|0502|0629|1308|1644|1936|2058|18 Şevval 1447
20260407|0500|0628|1307|1644|1937|2059|19 Şevval 1447
20260408|0458|0626|1307|1645|1938|2100|20 Şevval 1447
20260409|0456|0625|1307|1645|1939|2101|21 Şevval 1447
20260410|0454|0623|1306|1646|1940|2103|22 Şevval 1447
20260411|0452|0621|1306|1646|1941|2104|23 Şevval 1447
20260412|0451|0620|1306|1646|1942|2105|24 Şevval 1447
20260413|0449|0618|1306|1647|1943|2107|25 Şevval 1447
20260414|0447|0617|1305|1647|1944|2108|26 Şevval 1447
20260415|0445|0615|1305|1647|1945|2109|27 Şevval 1447
20260416|0443|0614|1305|1648|1946|2111|28 Şevval 1447
20260417|0441|0612|1305|1648|1947|2112|29 Şevval 1447
20260418|0439|0611|1304|1648|1948|2113|1 Zilkade 1447
20260419|0437|0609|1304|1648|1949|2115|2 Zilkade 1447
20260420|0436|0608|1304|1649|1950|2116|3 Zilkade 1447
20260421|0434|0606|1304|1649|1951|2118|4 Zilkade 1447
20260422|0432|0605|1304|1649|1952|2119|5 Zilkade 1447
20260423|0430|0604|1303|1650|1953|2120|6 Zilkade 1447
20260424|0428|0602|1303|1650|1954|2122|7 Zilkade 1447
20260425|0426|0601|1303|1650|1955|2123|8 Zilkade 1447
20260426|0425|0559|1303|1650|1956|2125|9 Zilkade 1447
20260427|0423|0558|1303|1651|1957|2126|10 Zilkade 1447
20260428|0421|0557|1303|1651|1958|2128|11 Zilkade 1447
20260429|0419|0555|1302|1651|1959|2129|12 Zilkade 1447
20260430|0417|0554|1302|1652|2000|2130|13 Zilkade 1447
20260501|0416|0553|1302|1652|2002|2132|14 Zilkade 1447
20260502|0414|0552|1302|1652|2003|2133|15 Zilkade 1447
20260503|0412|0550|1302|1652|2004|2135|16 Zilkade 1447
20260504|0410|0549|1302|1653|2005|2136|17 Zilkade 1447
20260505|0409|0548|1302|1653|2006|2138|18 Zilkade 1447
20260506|0407|0547|1302|1653|2007|2139|19 Zilkade 1447
20260507|0405|0546|1302|1653|2008|2141|20 Zilkade 1447
20260508|0404|0544|1301|1654|2009|2142|21 Zilkade 1447
20260509|0402|0543|1301|1654|2010|2144|22 Zilkade 1447
20260510|0401|0542|1301|1654|2011|2145|23 Zilkade 1447
20260511|0359|0541|1301|1654|2012|2147|24 Zilkade 1447
20260512|0357|0540|1301|1655|2013|2148|25 Zilkade 1447
20260513|0356|0539|1301|1655|2014|2150|26 Zilkade 1447
20260514|0354|0538|1301|1655|2015|2151|27 Zilkade 1447
20260515|0353|0537|1301|1655|2016|2152|28 Zilkade 1447
20260516|0351|0536|1301|1656|2016|2154|29 Zilkade 1447
20260517|0350|0535|1301|1656|2017|2155|30 Zilkade 1447
20260518|0348|0534|1301|1656|2018|2157|1 Zilhicce 1447
20260519|0347|0534|1301|1657|2019|2158|2 Zilhicce 1447
20260520|0346|0533|1301|1657|2020|2200|3 Zilhicce 1447
20260521|0344|0532|1302|1657|2021|2201|4 Zilhicce 1447
20260522|0343|0531|1302|1657|2022|2202|5 Zilhicce 1447
20260523|0342|0531|1302|1658|2023|2204|6 Zilhicce 1447
20260524|0341|0530|1302|1658|2024|2205|7 Zilhicce 1447
20260525|0339|0529|1302|1658|2025|2206|8 Zilhicce 1447
20260526|0338|0529|1302|1658|2025|2208|9 Zilhicce 1447
20260527|0337|0528|1302|1659|2026|2209|10 Zilhicce 1447
20260528|0336|0527|1302|1659|2027|2210|11 Zilhicce 1447
20260529|0335|0527|1302|1659|2028|2211|12 Zilhicce 1447
20260530|0334|0526|1302|1700|2029|2212|13 Zilhicce 1447
20260531|0333|0526|1303|1700|2029|2214|14 Zilhicce 1447
20260601|0332|0525|1303|1700|2030|2215|15 Zilhicce 1447
20260602|0331|0525|1303|1700|2031|2216|16 Zilhicce 1447
20260603|0331|0525|1303|1701|2032|2217|17 Zilhicce 1447
20260604|0330|0524|1303|1701|2032|2218|18 Zilhicce 1447
20260605|0329|0524|1303|1701|2033|2219|19 Zilhicce 1447
20260606|0329|0524|1304|1701|2034|2220|20 Zilhicce 1447
20260607|0328|0523|1304|1702|2034|2221|21 Zilhicce 1447
20260608|0327|0523|1304|1702|2035|2222|22 Zilhicce 1447
20260609|0327|0523|1304|1702|2035|2223|23 Zilhicce 1447
20260610|0326|0523|1304|1703|2036|2223|24 Zilhicce 1447
20260611|0326|0523|1305|1703|2037|2224|25 Zilhicce 1447
20260612|0326|0523|1305|1703|2037|2225|26 Zilhicce 1447
20260613|0325|0522|1305|1703|2038|2226|27 Zilhicce 1447
20260614|0325|0522|1305|1704|2038|2226|28 Zilhicce 1447
20260615|0325|0522|1305|1704|2038|2227|29 Zilhicce 1447
20260616|0325|0522|1306|1704|2039|2227|1 Muharrem 1448
20260617|0325|0523|1306|1704|2039|2228|2 Muharrem 1448
20260618|0325|0523|1306|1705|2039|2228|3 Muharrem 1448
20260619|0325|0523|1306|1705|2040|2229|4 Muharrem 1448
20260620|0325|0523|1306|1705|2040|2229|5 Muharrem 1448
20260621|0325|0523|1307|1705|2040|2229|6 Muharrem 1448
20260622|0325|0523|1307|1705|2041|2229|7 Muharrem 1448
20260623|0326|0524|1307|1706|2041|2229|8 Muharrem 1448
20260624|0326|0524|1307|1706|2041|2230|9 Muharrem 1448
20260625|0326|0524|1308|1706|2041|2230|10 Muharrem 1448
20260626|0327|0525|1308|1706|2041|2230|11 Muharrem 1448
20260627|0327|0525|1308|1706|2041|2230|12 Muharrem 1448
20260628|0328|0525|1308|1707|2041|2229|13 Muharrem 1448
20260629|0329|0526|1308|1707|2041|2229|14 Muharrem 1448
20260630|0329|0526|1309|1707|2041|2229|15 Muharrem 1448
20260701|0330|0527|1309|1707|2041|2229|16 Muharrem 1448
20260702|0331|0527|1309|1707|2041|2228|17 Muharrem 1448
20260703|0331|0528|1309|1707|2041|2228|18 Muharrem 1448
20260704|0332|0528|1309|1707|2041|2228|19 Muharrem 1448
20260705|0333|0529|1310|1708|2040|2227|20 Muharrem 1448
20260706|0334|0529|1310|1708|2040|2227|21 Muharrem 1448
20260707|0335|0530|1310|1708|2040|2226|22 Muharrem 1448
20260708|0336|0531|1310|1708|2039|2225|23 Muharrem 1448
20260709|0337|0531|1310|1708|2039|2225|24 Muharrem 1448
20260710|0338|0532|1310|1708|2039|2224|25 Muharrem 1448
20260711|0339|0533|1310|1708|2038|2223|26 Muharrem 1448
20260712|0340|0533|1311|1708|2038|2222|27 Muharrem 1448
20260713|0342|0534|1311|1708|2037|2221|28 Muharrem 1448
20260714|0343|0535|1311|1708|2037|2221|29 Muharrem 1448
20260715|0344|0536|1311|1708|2036|2220|1 Safer 1448
20260716|0345|0536|1311|1708|2036|2219|2 Safer 1448
20260717|0347|0537|1311|1708|2035|2218|3 Safer 1448
20260718|0348|0538|1311|1708|2035|2217|4 Safer 1448
20260719|0349|0539|1311|1708|2034|2215|5 Safer 1448
20260720|0350|0540|1311|1707|2033|2214|6 Safer 1448
20260721|0352|0540|1311|1707|2032|2213|7 Safer 1448
20260722|0353|0541|1311|1707|2032|2212|8 Safer 1448
20260723|0355|0542|1311|1707|2031|2211|9 Safer 1448
20260724|0356|0543|1312|1707|2030|2209|10 Safer 1448
20260725|0357|0544|1312|1707|2029|2208|11 Safer 1448
20260726|0359|0545|1312|1706|2028|2207|12 Safer 1448
20260727|0400|0546|1312|1706|2027|2205|13 Safer 1448
20260728|0402|0547|1312|1706|2027|2204|14 Safer 1448
20260729|0403|0547|1311|1706|2026|2202|15 Safer 1448
20260730|0405|0548|1311|1705|2025|2201|16 Safer 1448
20260731|0406|0549|1311|1705|2024|2159|17 Safer 1448
20260801|0408|0550|1311|1705|2023|2158|18 Safer 1448
20260802|0409|0551|1311|1704|2021|2156|19 Safer 1448
20260803|0410|0552|1311|1704|2020|2155|20 Safer 1448
20260804|0412|0553|1311|1704|2019|2153|21 Safer 1448
20260805|0413|0554|1311|1703|2018|2152|22 Safer 1448
20260806|0415|0555|1311|1703|2017|2150|23 Safer 1448
20260807|0416|0556|1311|1702|2016|2148|24 Safer 1448
20260808|0418|0557|1311|1702|2015|2147|25 Safer 1448
20260809|0419|0558|1311|1701|2013|2145|26 Safer 1448
20260810|0421|0559|1310|1701|2012|2143|27 Safer 1448
20260811|0422|0600|1310|1700|2011|2142|28 Safer 1448
20260812|0424|0601|1310|1700|2010|2140|29 Safer 1448
20260813|0425|0602|1310|1659|2008|2138|30 Safer 1448
20260814|0426|0603|1310|1659|2007|2136|1 Rebiulevvel 1448
20260815|0428|0604|1310|1658|2006|2135|2 Rebiulevvel 1448
20260816|0429|0605|1309|1657|2004|2133|3 Rebiulevvel 1448
20260817|0431|0606|1309|1657|2003|2131|4 Rebiulevvel 1448
20260818|0432|0607|1309|1656|2001|2129|5 Rebiulevvel 1448
20260819|0434|0608|1309|1655|2000|2128|6 Rebiulevvel 1448
20260820|0435|0608|1308|1655|1959|2126|7 Rebiulevvel 1448
20260821|0436|0609|1308|1654|1957|2124|8 Rebiulevvel 1448
20260822|0438|0610|1308|1653|1956|2122|9 Rebiulevvel 1448
20260823|0439|0611|1308|1653|1954|2120|10 Rebiulevvel 1448
20260824|0440|0612|1307|1652|1953|2118|11 Rebiulevvel 1448
20260825|0442|0613|1307|1651|1951|2117|12 Rebiulevvel 1448
20260826|0443|0614|1307|1650|1950|2115|13 Rebiulevvel 1448
20260827|0444|0615|1307|1649|1948|2113|14 Rebiulevvel 1448
20260828|0446|0616|1306|1649|1947|2111|15 Rebiulevvel 1448
20260829|0447|0617|1306|1648|1945|2109|16 Rebiulevvel 1448
20260830|0448|0618|1306|1647|1943|2107|17 Rebiulevvel 1448
20260831|0450|0619|1305|1646|1942|2105|18 Rebiulevvel 1448
20260901|0451|0620|1305|1645|1940|2103|19 Rebiulevvel 1448
20260902|0452|0621|1305|1644|1939|2102|20 Rebiulevvel 1448
20260903|0453|0622|1304|1643|1937|2100|21 Rebiulevvel 1448
20260904|0455|0623|1304|1642|1935|2058|22 Rebiulevvel 1448
20260905|0456|0624|1304|1641|1934|2056|23 Rebiulevvel 1448
20260906|0457|0625|1303|1640|1932|2054|24 Rebiulevvel 1448
20260907|0458|0626|1303|1639|1931|2052|25 Rebiulevvel 1448
20260908|0500|0627|1303|1638|1929|2050|26 Rebiulevvel 1448
20260909|0501|0628|1302|1637|1927|2048|27 Rebiulevvel 1448
20260910|0502|0629|1302|1636|1926|2047|28 Rebiulevvel 1448
20260911|0503|0630|1302|1635|1924|2045|29 Rebiulevvel 1448
20260912|0504|0631|1301|1634|1922|2043|1 Rebiulahir 1448
20260913|0506|0632|1301|1633|1921|2041|2 Rebiulahir 1448
20260914|0507|0632|1301|1632|1919|2039|3 Rebiulahir 1448
20260915|0508|0633|1300|1631|1917|2037|4 Rebiulahir 1448
20260916|0509|0634|1300|1630|1916|2035|5 Rebiulahir 1448
20260917|0510|0635|1300|1629|1914|2034|6 Rebiulahir 1448
20260918|0511|0636|1259|1628|1912|2032|7 Rebiulahir 1448
20260919|0512|0637|1259|1627|1911|2030|8 Rebiulahir 1448
20260920|0514|0638|1259|1626|1909|2028|9 Rebiulahir 1448
20260921|0515|0639|1258|1624|1907|2026|10 Rebiulahir 1448
20260922|0516|0640|1258|1623|1906|2025|11 Rebiulahir 1448
20260923|0517|0641|1258|1622|1904|2023|12 Rebiulahir 1448
20260924|0518|0642|1257|1621|1902|2021|13 Rebiulahir 1448
20260925|0519|0643|1257|1620|1901|2019|14 Rebiulahir 1448
20260926|0520|0644|1256|1619|1859|2017|15 Rebiulahir 1448
20260927|0521|0645|1256|1617|1857|2016|16 Rebiulahir 1448
20260928|0522|0646|1256|1616|1856|2014|17 Rebiulahir 1448
20260929|0523|0647|1255|1615|1854|2012|18 Rebiulahir 1448
20260930|0524|0648|1255|1614|1852|2011|19 Rebiulahir 1448
20261001|0525|0649|1255|1613|1851|2009|20 Rebiulahir 1448
20261002|0526|0650|1254|1612|1849|2007|21 Rebiulahir 1448
20261003|0528|0651|1254|1610|1847|2005|22 Rebiulahir 1448
20261004|0529|0652|1254|1609|1846|2004|23 Rebiulahir 1448
20261005|0530|0653|1254|1608|1844|2002|24 Rebiulahir 1448
20261006|0531|0654|1253|1607|1842|2001|25 Rebiulahir 1448
20261007|0532|0655|1253|1606|1841|1959|26 Rebiulahir 1448
20261008|0533|0656|1253|1604|1839|1957|27 Rebiulahir 1448
20261009|0534|0657|1252|1603|1838|1956|28 Rebiulahir 1448
20261010|0535|0658|1252|1602|1836|1954|29 Rebiulahir 1448
20261011|0536|0659|1252|1601|1835|1953|30 Rebiulahir 1448
20261012|0537|0700|1252|1600|1833|1951|1 Cemaziyelevvel 1448
20261013|0538|0701|1251|1559|1831|1950|2 Cemaziyelevvel 1448
20261014|0539|0702|1251|1557|1830|1948|3 Cemaziyelevvel 1448
20261015|0540|0703|1251|1556|1828|1947|4 Cemaziyelevvel 1448
20261016|0541|0704|1251|1555|1827|1945|5 Cemaziyelevvel 1448
20261017|0542|0706|1250|1554|1825|1944|6 Cemaziyelevvel 1448
20261018|0543|0707|1250|1553|1824|1942|7 Cemaziyelevvel 1448
20261019|0544|0708|1250|1552|1822|1941|8 Cemaziyelevvel 1448
20261020|0545|0709|1250|1551|1821|1939|9 Cemaziyelevvel 1448
20261021|0546|0710|1250|1549|1820|1938|10 Cemaziyelevvel 1448
20261022|0547|0711|1250|1548|1818|1937|11 Cemaziyelevvel 1448
20261023|0548|0712|1249|1547|1817|1935|12 Cemaziyelevvel 1448
20261024|0549|0713|1249|1546|1815|1934|13 Cemaziyelevvel 1448
20261025|0550|0714|1249|1545|1814|1933|14 Cemaziyelevvel 1448
20261026|0551|0715|1249|1544|1813|1932|15 Cemaziyelevvel 1448
20261027|0552|0717|1249|1543|1811|1930|16 Cemaziyelevvel 1448
20261028|0553|0718|1249|1542|1810|1929|17 Cemaziyelevvel 1448
20261029|0554|0719|1249|1541|1809|1928|18 Cemaziyelevvel 1448
20261030|0555|0720|1249|1540|1807|1927|19 Cemaziyelevvel 1448
20261031|0556|0721|1249|1539|1806|1926|20 Cemaziyelevvel 1448
20261101|0557|0722|1249|1538|1805|1925|21 Cemaziyelevvel 1448
20261102|0558|0723|1249|1537|1804|1924|22 Cemaziyelevvel 1448
20261103|0559|0725|1249|1536|1803|1923|23 Cemaziyelevvel 1448
20261104|0600|0726|1249|1535|1801|1922|24 Cemaziyelevvel 1448
20261105|0601|0727|1249|1534|1800|1921|25 Cemaziyelevvel 1448
20261106|0602|0728|1249|1533|1759|1920|26 Cemaziyelevvel 1448
20261107|0603|0729|1249|1533|1758|1919|27 Cemaziyelevvel 1448
20261108|0604|0730|1249|1532|1757|1918|28 Cemaziyelevvel 1448
20261109|0605|0731|1249|1531|1756|1917|29 Cemaziyelevvel 1448
20261110|0606|0733|1249|1530|1755|1916|1 Cemaziyelahir 1448
20261111|0607|0734|1249|1529|1754|1915|2 Cemaziyelahir 1448
20261112|0608|0735|1249|1529|1753|1915|3 Cemaziyelahir 1448
20261113|0609|0736|1249|1528|1752|1914|4 Cemaziyelahir 1448
20261114|0610|0737|1249|1527|1751|1913|5 Cemaziyelahir 1448
20261115|0611|0738|1249|1527|1751|1912|6 Cemaziyelahir 1448
20261116|0612|0740|1250|1526|1750|1912|7 Cemaziyelahir 1448
20261117|0613|0741|1250|1525|1749|1911|8 Cemaziyelahir 1448
20261118|0614|0742|1250|1525|1748|1910|9 Cemaziyelahir 1448
20261119|0615|0743|1250|1524|1747|1910|10 Cemaziyelahir 1448
20261120|0616|0744|1250|1524|1747|1909|11 Cemaziyelahir 1448
20261121|0617|0745|1251|1523|1746|1909|12 Cemaziyelahir 1448
20261122|0618|0746|1251|1523|1745|1908|13 Cemaziyelahir 1448
20261123|0619|0748|1251|1522|1745|1908|14 Cemaziyelahir 1448
20261124|0620|0749|1251|1522|1744|1908|15 Cemaziyelahir 1448
20261125|0621|0750|1252|1521|1744|1907|16 Cemaziyelahir 1448
20261126|0622|0751|1252|1521|1743|1907|17 Cemaziyelahir 1448
20261127|0623|0752|1252|1521|1743|1907|18 Cemaziyelahir 1448
20261128|0624|0753|1253|1521|1742|1906|19 Cemaziyelahir 1448
20261129|0625|0754|1253|1520|1742|1906|20 Cemaziyelahir 1448
20261130|0626|0755|1253|1520|1742|1906|21 Cemaziyelahir 1448
20261201|0626|0756|1254|1520|1741|1906|22 Cemaziyelahir 1448
20261202|0627|0757|1254|1520|1741|1906|23 Cemaziyelahir 1448
20261203|0628|0758|1255|1520|1741|1906|24 Cemaziyelahir 1448
20261204|0629|0759|1255|1519|1741|1905|25 Cemaziyelahir 1448
20261205|0630|0800|1255|1519|1741|1905|26 Cemaziyelahir 1448
20261206|0631|0801|1256|1519|1741|1905|27 Cemaziyelahir 1448
20261207|0632|0802|1256|1519|1740|1905|28 Cemaziyelahir 1448
20261208|0632|0803|1257|1519|1740|1906|29 Cemaziyelahir 1448
20261209|0633|0804|1257|1520|1740|1906|30 Cemaziyelahir 1448
20261210|0634|0805|1258|1520|1741|1906|1 Recep 1448
20261211|0635|0805|1258|1520|1741|1906|2 Recep 1448
20261212|0635|0806|1258|1520|1741|1906|3 Recep 1448
20261213|0636|0807|1259|1520|1741|1906|4 Recep 1448
20261214|0637|0808|1259|1520|1741|1907|5 Recep 1448
20261215|0637|0808|1300|1521|1741|1907|6 Recep 1448
20261216|0638|0809|1300|1521|1742|1907|7 Recep 1448
20261217|0639|0810|1301|1521|1742|1908|8 Recep 1448
20261218|0639|0810|1301|1522|1742|1908|9 Recep 1448
20261219|0640|0811|1302|1522|1743|1908|10 Recep 1448
20261220|0640|0812|1302|1522|1743|1909|11 Recep 1448
20261221|0641|0812|1303|1523|1743|1909|12 Recep 1448
20261222|0641|0813|1303|1523|1744|1910|13 Recep 1448
20261223|0642|0813|1304|1524|1744|1910|14 Recep 1448
20261224|0642|0814|1304|1524|1745|1911|15 Recep 1448
20261225|0643|0814|1305|1525|1746|1911|16 Recep 1448
20261226|0643|0814|1305|1526|1746|1912|17 Recep 1448
20261227|0644|0815|1306|1526|1747|1913|18 Recep 1448
20261228|0644|0815|1306|1527|1748|1913|19 Recep 1448
20261229|0644|0815|1307|1528|1748|1914|20 Recep 1448
20261230|0645|0815|1307|1528|1749|1915|21 Recep 1448
20261231|0645|0816|1308|1529|1750|1915|22 Recep 1448
20270101|0645|0816|1308|1530|1751|1916|23 Recep 1448
20270102|0645|0816|1309|1531|1751|1917|24 Recep 1448
20270103|0645|0816|1309|1531|1752|1917|25 Recep 1448
20270104|0646|0816|1310|1532|1753|1918|26 Recep 1448
20270105|0646|0816|1310|1533|1754|1919|27 Recep 1448
20270106|0646|0816|1310|1534|1755|1920|28 Recep 1448
20270107|0646|0816|1311|1535|1756|1921|29 Recep 1448
20270108|0646|0816|1311|1536|1757|1922|30 Recep 1448
20270109|0646|0816|1312|1536|1758|1922|1 Şaban 1448
20270110|0646|0816|1312|1537|1759|1923|2 Şaban 1448
20270111|0646|0815|1313|1538|1800|1924|3 Şaban 1448
20270112|0645|0815|1313|1539|1801|1925|4 Şaban 1448
20270113|0645|0815|1313|1540|1802|1926|5 Şaban 1448
20270114|0645|0815|1314|1541|1803|1927|6 Şaban 1448
20270115|0645|0814|1314|1542|1804|1928|7 Şaban 1448
20270116|0645|0814|1314|1543|1805|1929|8 Şaban 1448
20270117|0644|0813|1315|1544|1806|1930|9 Şaban 1448
20270118|0644|0813|1315|1545|1807|1931|10 Şaban 1448
20270119|0644|0812|1315|1546|1809|1932|11 Şaban 1448
20270120|0643|0812|1316|1547|1810|1933|12 Şaban 1448
20270121|0643|0811|1316|1548|1811|1934|13 Şaban 1448
20270122|0643|0811|1316|1549|1812|1935|14 Şaban 1448
20270123|0642|0810|1317|1550|1813|1936|15 Şaban 1448
20270124|0642|0809|1317|1551|1814|1937|16 Şaban 1448
20270125|0641|0809|1317|1552|1816|1938|17 Şaban 1448
20270126|0640|0808|1317|1553|1817|1939|18 Şaban 1448
20270127|0640|0807|1318|1554|1818|1940|19 Şaban 1448
20270128|0639|0806|1318|1555|1819|1941|20 Şaban 1448
20270129|0639|0805|1318|1556|1820|1942|21 Şaban 1448
20270130|0638|0805|1318|1557|1822|1943|22 Şaban 1448
20270131|0637|0804|1318|1558|1823|1944|23 Şaban 1448
20270201|0636|0803|1318|1559|1824|1945|24 Şaban 1448
20270202|0636|0802|1319|1600|1825|1946|25 Şaban 1448
20270203|0635|0801|1319|1601|1827|1947|26 Şaban 1448
20270204|0634|0800|1319|1602|1828|1948|27 Şaban 1448
20270205|0633|0759|1319|1603|1829|1949|28 Şaban 1448
20270206|0632|0758|1319|1604|1830|1951|29 Şaban 1448
20270207|0631|0757|1319|1605|1831|1952|30 Şaban 1448
20270208|0630|0756|1319|1606|1833|1953|1 Ramazan 1448
20270209|0629|0754|1319|1607|1834|1954|2 Ramazan 1448
20270210|0628|0753|1319|1608|1835|1955|3 Ramazan 1448
20270211|0627|0752|1319|1609|1836|1956|4 Ramazan 1448
20270212|0626|0751|1319|1610|1837|1957|5 Ramazan 1448
20270213|0625|0750|1319|1611|1839|1958|6 Ramazan 1448
20270214|0624|0748|1319|1612|1840|1959|7 Ramazan 1448
20270215|0623|0747|1319|1613|1841|2000|8 Ramazan 1448
20270216|0622|0746|1319|1614|1842|2001|9 Ramazan 1448
20270217|0620|0745|1319|1615|1843|2002|10 Ramazan 1448
20270218|0619|0743|1319|1616|1845|2004|11 Ramazan 1448
20270219|0618|0742|1319|1616|1846|2005|12 Ramazan 1448
20270220|0617|0741|1319|1617|1847|2006|13 Ramazan 1448
20270221|0615|0739|1319|1618|1848|2007|14 Ramazan 1448
20270222|0614|0738|1319|1619|1849|2008|15 Ramazan 1448
20270223|0613|0736|1318|1620|1850|2009|16 Ramazan 1448
20270224|0611|0735|1318|1621|1852|2010|17 Ramazan 1448
20270225|0610|0733|1318|1621|1853|2011|18 Ramazan 1448
20270226|0608|0732|1318|1622|1854|2012|19 Ramazan 1448
20270227|0607|0731|1318|1623|1855|2013|20 Ramazan 1448
20270228|0606|0729|1318|1624|1856|2014|21 Ramazan 1448
20270301|0604|0728|1317|1625|1857|2015|22 Ramazan 1448
20270302|0603|0726|1317|1625|1858|2017|23 Ramazan 1448
20270303|0601|0725|1317|1626|1900|2018|24 Ramazan 1448
20270304|0600|0723|1317|1627|1901|2019|25 Ramazan 1448
20270305|0558|0721|1317|1627|1902|2020|26 Ramazan 1448
20270306|0557|0720|1316|1628|1903|2021|27 Ramazan 1448
20270307|0555|0718|1316|1629|1904|2022|28 Ramazan 1448
20270308|0553|0717|1316|1629|1905|2023|29 Ramazan 1448
20270309|0552|0715|1316|1630|1906|2024|1 Şevval 1448
20270310|0550|0714|1315|1631|1907|2025|2 Şevval 1448
20270311|0549|0712|1315|1631|1908|2026|3 Şevval 1448
20270312|0547|0710|1315|1632|1909|2028|4 Şevval 1448
20270313|0545|0709|1315|1633|1910|2029|5 Şevval 1448
20270314|0544|0707|1314|1633|1912|2030|6 Şevval 1448
20270315|0542|0706|1314|1634|1913|2031|7 Şevval 1448
20270316|0540|0704|1314|1634|1914|2032|8 Şevval 1448
20270317|0538|0702|1314|1635|1915|2033|9 Şevval 1448
20270318|0537|0701|1313|1635|1916|2034|10 Şevval 1448
20270319|0535|0659|1313|1636|1917|2036|11 Şevval 1448
20270320|0533|0657|1313|1637|1918|2037|12 Şevval 1448
20270321|0531|0656|1312|1637|1919|2038|13 Şevval 1448
20270322|0530|0654|1312|1638|1920|2039|14 Şevval 1448
20270323|0528|0653|1312|1638|1921|2040|15 Şevval 1448
20270324|0526|0651|1311|1639|1922|2041|16 Şevval 1448
20270325|0524|0649|1311|1639|1923|2043|17 Şevval 1448
20270326|0523|0648|1311|1639|1924|2044|18 Şevval 1448
20270327|0521|0646|1311|1640|1925|2045|19 Şevval 1448
20270328|0519|0644|1310|1640|1926|2046|20 Şevval 1448
20270329|0517|0643|1310|1641|1927|2047|21 Şevval 1448
20270330|0515|0641|1310|1641|1928|2049|22 Şevval 1448
20270331|0513|0639|1309|1642|1929|2050|23 Şevval 1448
20270401|0512|0638|1309|1642|1930|2051|24 Şevval 1448
20270402|0510|0636|1309|1642|1931|2052|25 Şevval 1448
20270403|0508|0635|1308|1643|1932|2053|26 Şevval 1448
20270404|0506|0633|1308|1643|1933|2055|27 Şevval 1448
20270405|0504|0631|1308|1644|1934|2056|28 Şevval 1448
20270406|0502|0630|1308|1644|1935|2057|29 Şevval 1448
20270407|0500|0628|1307|1644|1937|2058|30 Şevval 1448
20270408|0458|0627|1307|1645|1938|2100|1 Zilkade 1448
20270409|0457|0625|1307|1645|1939|2101|2 Zilkade 1448
20270410|0455|0623|1306|1645|1940|2102|3 Zilkade 1448
20270411|0453|0622|1306|1646|1941|2104|4 Zilkade 1448
20270412|0451|0620|1306|1646|1942|2105|5 Zilkade 1448
20270413|0449|0619|1306|1646|1943|2106|6 Zilkade 1448
20270414|0447|0617|1305|1647|1944|2108|7 Zilkade 1448
20270415|0445|0616|1305|1647|1945|2109|8 Zilkade 1448
20270416|0443|0614|1305|1647|1946|2110|9 Zilkade 1448
20270417|0442|0613|1305|1648|1947|2112|10 Zilkade 1448
20270418|0440|0611|1304|1648|1948|2113|11 Zilkade 1448
20270419|0438|0610|1304|1648|1949|2114|12 Zilkade 1448
20270420|0436|0608|1304|1649|1950|2116|13 Zilkade 1448
20270421|0434|0607|1304|1649|1951|2117|14 Zilkade 1448
20270422|0432|0605|1304|1649|1952|2119|15 Zilkade 1448
20270423|0430|0604|1303|1650|1953|2120|16 Zilkade 1448
20270424|0429|0602|1303|1650|1954|2121|17 Zilkade 1448
20270425|0427|0601|1303|1650|1955|2123|18 Zilkade 1448
20270426|0425|0600|1303|1650|1956|2124|19 Zilkade 1448
20270427|0423|0558|1303|1651|1957|2126|20 Zilkade 1448
20270428|0421|0557|1303|1651|1958|2127|21 Zilkade 1448
20270429|0420|0556|1302|1651|1959|2129|22 Zilkade 1448
20270430|0418|0554|1302|1651|2000|2130|23 Zilkade 1448
20270501|0416|0553|1302|1652|2001|2132|24 Zilkade 1448
20270502|0414|0552|1302|1652|2002|2133|25 Zilkade 1448
20270503|0413|0551|1302|1652|2003|2134|26 Zilkade 1448
20270504|0411|0549|1302|1653|2004|2136|27 Zilkade 1448
20270505|0409|0548|1302|1653|2005|2137|28 Zilkade 1448
20270506|0407|0547|1302|1653|2006|2139|29 Zilkade 1448
20270507|0406|0546|1302|1653|2007|2140|1 Zilhicce 1448
20270508|0404|0545|1302|1654|2008|2142|2 Zilhicce 1448
20270509|0403|0544|1301|1654|2009|2143|3 Zilhicce 1448
20270510|0401|0542|1301|1654|2010|2145|4 Zilhicce 1448
20270511|0359|0541|1301|1654|2011|2146|5 Zilhicce 1448
20270512|0358|0540|1301|1655|2012|2148|6 Zilhicce 1448
20270513|0356|0539|1301|1655|2013|2149|7 Zilhicce 1448
20270514|0355|0538|1301|1655|2014|2151|8 Zilhicce 1448
20270515|0353|0537|1301|1655|2015|2152|9 Zilhicce 1448
20270516|0352|0536|1301|1656|2016|2154|10 Zilhicce 1448
20270517|0350|0536|1301|1656|2017|2155|11 Zilhicce 1448
20270518|0349|0535|1301|1656|2018|2156|12 Zilhicce 1448
20270519|0347|0534|1301|1656|2019|2158|13 Zilhicce 1448
20270520|0346|0533|1301|1657|2020|2159|14 Zilhicce 1448
20270521|0345|0532|1302|1657|2021|2201|15 Zilhicce 1448
20270522|0343|0531|1302|1657|2022|2202|16 Zilhicce 1448
20270523|0342|0531|1302|1658|2023|2203|17 Zilhicce 1448
20270524|0341|0530|1302|1658|2024|2205|18 Zilhicce 1448
20270525|0340|0529|1302|1658|2024|2206|19 Zilhicce 1448
20270526|0339|0529|1302|1658|2025|2207|20 Zilhicce 1448
20270527|0337|0528|1302|1659|2026|2209|21 Zilhicce 1448
20270528|0336|0527|1302|1659|2027|2210|22 Zilhicce 1448
20270529|0335|0527|1302|1659|2028|2211|23 Zilhicce 1448
20270530|0334|0526|1302|1659|2029|2212|24 Zilhicce 1448
20270531|0333|0526|1303|1700|2029|2213|25 Zilhicce 1448
20270601|0333|0525|1303|1700|2030|2215|26 Zilhicce 1448
20270602|0332|0525|1303|1700|2031|2216|27 Zilhicce 1448
20270603|0331|0525|1303|1701|2032|2217|28 Zilhicce 1448
20270604|0330|0524|1303|1701|2032|2218|29 Zilhicce 1448
20270605|0329|0524|1303|1701|2033|2219|30 Zilhicce 1448
20270606|0329|0524|1304|1701|2034|2220|1 Muharrem 1449
20270607|0328|0523|1304|1702|2034|2221|2 Muharrem 1449
20270608|0328|0523|1304|1702|2035|2222|3 Muharrem 1449
20270609|0327|0523|1304|1702|2035|2222|4 Muharrem 1449
20270610|0327|0523|1304|1702|2036|2223|5 Muharrem 1449
20270611|0326|0523|1305|1703|2036|2224|6 Muharrem 1449
20270612|0326|0523|1305|1703|2037|2225|7 Muharrem 1449
20270613|0326|0522|1305|1703|2037|2225|8 Muharrem 1449
20270614|0325|0522|1305|1703|2038|2226|9 Muharrem 1449
20270615|0325|0522|1305|1704|2038|2227|10 Muharrem 1449
20270616|0325|0522|1306|1704|2039|2227|11 Muharrem 1449
20270617|0325|0523|1306|1704|2039|2228|12 Muharrem 1449
20270618|0325|0523|1306|1704|2039|2228|13 Muharrem 1449
20270619|0325|0523|1306|1705|2040|2228|14 Muharrem 1449
20270620|0325|0523|1306|1705|2040|2229|15 Muharrem 1449
20270621|0325|0523|1307|1705|2040|2229|16 Muharrem 1449
20270622|0325|0523|1307|1705|2040|2229|17 Muharrem 1449
20270623|0326|0524|1307|1706|2041|2229|18 Muharrem 1449
20270624|0326|0524|1307|1706|2041|2230|19 Muharrem 1449
20270625|0326|0524|1308|1706|2041|2230|20 Muharrem 1449
20270626|0327|0524|1308|1706|2041|2230|21 Muharrem 1449
20270627|0327|0525|1308|1706|2041|2230|22 Muharrem 1449
20270628|0328|0525|1308|1707|2041|2229|23 Muharrem 1449
20270629|0328|0526|1308|1707|2041|2229|24 Muharrem 1449
20270630|0329|0526|1309|1707|2041|2229|25 Muharrem 1449
20270701|0330|0527|1309|1707|2041|2229|26 Muharrem 1449
20270702|0330|0527|1309|1707|2041|2229|27 Muharrem 1449
20270703|0331|0528|1309|1707|2041|2228|28 Muharrem 1449
20270704|0332|0528|1309|1707|2041|2228|29 Muharrem 1449
20270705|0333|0529|1309|1707|2040|2227|1 Safer 1449
20270706|0334|0529|1310|1708|2040|2227|2 Safer 1449
20270707|0335|0530|1310|1708|2040|2226|3 Safer 1449
20270708|0336|0530|1310|1708|2040|2226|4 Safer 1449
20270709|0337|0531|1310|1708|2039|2225|5 Safer 1449
20270710|0338|0532|1310|1708|2039|2224|6 Safer 1449
20270711|0339|0532|1310|1708|2038|2223|7 Safer 1449
20270712|0340|0533|1311|1708|2038|2223|8 Safer 1449
20270713|0341|0534|1311|1708|2038|2222|9 Safer 1449
20270714|0342|0535|1311|1708|2037|2221|10 Safer 1449
20270715|0344|0535|1311|1708|2037|2220|11 Safer 1449
20270716|0345|0536|1311|1708|2036|2219|12 Safer 1449
20270717|0346|0537|1311|1708|2035|2218|13 Safer 1449
20270718|0348|0538|1311|1708|2035|2217|14 Safer 1449
20270719|0349|0539|1311|1708|2034|2216|15 Safer 1449
20270720|0350|0539|1311|1707|2033|2215|16 Safer 1449
20270721|0352|0540|1311|1707|2033|2213|17 Safer 1449
20270722|0353|0541|1311|1707|2032|2212|18 Safer 1449
20270723|0354|0542|1311|1707|2031|2211|19 Safer 1449
20270724|0356|0543|1312|1707|2030|2210|20 Safer 1449
20270725|0357|0544|1312|1707|2029|2208|21 Safer 1449
20270726|0359|0545|1312|1706|2029|2207|22 Safer 1449
20270727|0400|0545|1312|1706|2028|2206|23 Safer 1449
20270728|0401|0546|1312|1706|2027|2204|24 Safer 1449
20270729|0403|0547|1312|1706|2026|2203|25 Safer 1449
20270730|0404|0548|1311|1705|2025|2201|26 Safer 1449
20270731|0406|0549|1311|1705|2024|2200|27 Safer 1449
20270801|0407|0550|1311|1705|2023|2158|28 Safer 1449
20270802|0409|0551|1311|1704|2022|2157|29 Safer 1449
20270803|0410|0552|1311|1704|2021|2155|1 Rebiulevvel 1449
20270804|0412|0553|1311|1704|2020|2154|2 Rebiulevvel 1449
20270805|0413|0554|1311|1703|2018|2152|3 Rebiulevvel 1449
20270806|0415|0555|1311|1703|2017|2150|4 Rebiulevvel 1449
20270807|0416|0556|1311|1702|2016|2149|5 Rebiulevvel 1449
20270808|0417|0557|1311|1702|2015|2147|6 Rebiulevvel 1449
20270809|0419|0558|1311|1701|2014|2145|7 Rebiulevvel 1449
20270810|0420|0559|1310|1701|2012|2144|8 Rebiulevvel 1449
20270811|0422|0600|1310|1700|2011|2142|9 Rebiulevvel 1449
20270812|0423|0601|1310|1700|2010|2140|10 Rebiulevvel 1449
20270813|0425|0601|1310|1659|2009|2139|11 Rebiulevvel 1449
20270814|0426|0602|1310|1659|2007|2137|12 Rebiulevvel 1449
20270815|0428|0603|1310|1658|2006|2135|13 Rebiulevvel 1449
20270816|0429|0604|1309|1658|2004|2133|14 Rebiulevvel 1449
20270817|0430|0605|1309|1657|2003|2132|15 Rebiulevvel 1449
20270818|0432|0606|1309|1656|2002|2130|16 Rebiulevvel 1449
20270819|0433|0607|1309|1656|2000|2128|17 Rebiulevvel 1449
20270820|0435|0608|1309|1655|1959|2126|18 Rebiulevvel 1449
20270821|0436|0609|1308|1654|1957|2124|19 Rebiulevvel 1449
20270822|0437|0610|1308|1653|1956|2122|20 Rebiulevvel 1449
20270823|0439|0611|1308|1653|1954|2121|21 Rebiulevvel 1449
20270824|0440|0612|1308|1652|1953|2119|22 Rebiulevvel 1449
20270825|0441|0613|1307|1651|1951|2117|23 Rebiulevvel 1449
20270826|0443|0614|1307|1650|1950|2115|24 Rebiulevvel 1449
20270827|0444|0615|1307|1650|1948|2113|25 Rebiulevvel 1449
20270828|0445|0616|1306|1649|1947|2111|26 Rebiulevvel 1449
20270829|0447|0617|1306|1648|1945|2110|27 Rebiulevvel 1449
20270830|0448|0618|1306|1647|1944|2108|28 Rebiulevvel 1449
20270831|0449|0619|1306|1646|1942|2106|29 Rebiulevvel 1449
20270901|0451|0620|1305|1645|1941|2104|30 Rebiulevvel 1449
20270902|0452|0621|1305|1644|1939|2102|1 Rebiulahir 1449
20270903|0453|0622|1305|1643|1937|2100|2 Rebiulahir 1449
20270904|0454|0623|1304|1642|1936|2058|3 Rebiulahir 1449
20270905|0456|0624|1304|1642|1934|2056|4 Rebiulahir 1449
20270906|0457|0625|1304|1641|1933|2055|5 Rebiulahir 1449
20270907|0458|0626|1303|1640|1931|2053|6 Rebiulahir 1449
20270908|0459|0627|1303|1639|1929|2051|7 Rebiulahir 1449
20270909|0501|0627|1303|1638|1928|2049|8 Rebiulahir 1449
20270910|0502|0628|1302|1637|1926|2047|9 Rebiulahir 1449
20270911|0503|0629|1302|1636|1924|2045|10 Rebiulahir 1449
20270912|0504|0630|1302|1634|1923|2043|11 Rebiulahir 1449
20270913|0505|0631|1301|1633|1921|2041|12 Rebiulahir 1449
20270914|0506|0632|1301|1632|1919|2040|13 Rebiulahir 1449
20270915|0508|0633|1300|1631|1918|2038|14 Rebiulahir 1449
20270916|0509|0634|1300|1630|1916|2036|15 Rebiulahir 1449
20270917|0510|0635|1300|1629|1914|2034|16 Rebiulahir 1449
20270918|0511|0636|1259|1628|1913|2032|17 Rebiulahir 1449
20270919|0512|0637|1259|1627|1911|2030|18 Rebiulahir 1449
20270920|0513|0638|1259|1626|1909|2029|19 Rebiulahir 1449
20270921|0514|0639|1258|1625|1908|2027|20 Rebiulahir 1449
20270922|0515|0640|1258|1624|1906|2025|21 Rebiulahir 1449
20270923|0517|0641|1258|1622|1904|2023|22 Rebiulahir 1449
20270924|0518|0642|1257|1621|1903|2021|23 Rebiulahir 1449
20270925|0519|0643|1257|1620|1901|2020|24 Rebiulahir 1449
20270926|0520|0644|1257|1619|1859|2018|25 Rebiulahir 1449
20270927|0521|0645|1256|1618|1858|2016|26 Rebiulahir 1449
20270928|0522|0646|1256|1617|1856|2014|27 Rebiulahir 1449
20270929|0523|0647|1256|1615|1854|2013|28 Rebiulahir 1449
20270930|0524|0648|1255|1614|1853|2011|29 Rebiulahir 1449
20271001|0525|0649|1255|1613|1851|2009|1 Cemaziyelevvel 1449
20271002|0526|0650|1255|1612|1849|2008|2 Cemaziyelevvel 1449
20271003|0527|0651|1254|1611|1848|2006|3 Cemaziyelevvel 1449
20271004|0528|0652|1254|1609|1846|2004|4 Cemaziyelevvel 1449
20271005|0529|0653|1254|1608|1844|2003|5 Cemaziyelevvel 1449
20271006|0530|0654|1253|1607|1843|2001|6 Cemaziyelevvel 1449
20271007|0531|0655|1253|1606|1841|1959|7 Cemaziyelevvel 1449
20271008|0532|0656|1253|1605|1840|1958|8 Cemaziyelevvel 1449
20271009|0534|0657|1252|1604|1838|1956|9 Cemaziyelevvel 1449
20271010|0535|0658|1252|1602|1836|1955|10 Cemaziyelevvel 1449
20271011|0536|0659|1252|1601|1835|1953|11 Cemaziyelevvel 1449
20271012|0537|0700|1252|1600|1833|1951|12 Cemaziyelevvel 1449
20271013|0538|0701|1251|1559|1832|1950|13 Cemaziyelevvel 1449
20271014|0539|0702|1251|1558|1830|1948|14 Cemaziyelevvel 1449
20271015|0540|0703|1251|1557|1829|1947|15 Cemaziyelevvel 1449
20271016|0541|0704|1251|1555|1827|1945|16 Cemaziyelevvel 1449
20271017|0542|0705|1250|1554|1826|1944|17 Cemaziyelevvel 1449
20271018|0543|0706|1250|1553|1824|1943|18 Cemaziyelevvel 1449
20271019|0544|0707|1250|1552|1823|1941|19 Cemaziyelevvel 1449
20271020|0545|0709|1250|1551|1821|1940|20 Cemaziyelevvel 1449
20271021|0546|0710|1250|1550|1820|1938|21 Cemaziyelevvel 1449
20271022|0547|0711|1250|1549|1818|1937|22 Cemaziyelevvel 1449
20271023|0548|0712|1249|1548|1817|1936|23 Cemaziyelevvel 1449
20271024|0549|0713|1249|1546|1816|1934|24 Cemaziyelevvel 1449
20271025|0550|0714|1249|1545|1814|1933|25 Cemaziyelevvel 1449
20271026|0551|0715|1249|1544|1813|1932|26 Cemaziyelevvel 1449
20271027|0552|0716|1249|1543|1812|1931|27 Cemaziyelevvel 1449
20271028|0553|0717|1249|1542|1810|1930|28 Cemaziyelevvel 1449
20271029|0554|0719|1249|1541|1809|1928|29 Cemaziyelevvel 1449
20271030|0555|0720|1249|1540|1808|1927|30 Cemaziyelevvel 1449
20271031|0556|0721|1249|1539|1806|1926|1 Cemaziyelahir 1449
20271101|0557|0722|1249|1538|1805|1925|2 Cemaziyelahir 1449
20271102|0558|0723|1249|1537|1804|1924|3 Cemaziyelahir 1449
20271103|0559|0724|1249|1536|1803|1923|4 Cemaziyelahir 1449
20271104|0600|0725|1249|1535|1802|1922|5 Cemaziyelahir 1449
20271105|0601|0727|1249|1535|1801|1921|6 Cemaziyelahir 1449
20271106|0602|0728|1249|1534|1759|1920|7 Cemaziyelahir 1449
20271107|0603|0729|1249|1533|1758|1919|8 Cemaziyelahir 1449
20271108|0604|0730|1249|1532|1757|1918|9 Cemaziyelahir 1449
20271109|0605|0731|1249|1531|1756|1917|10 Cemaziyelahir 1449
20271110|0606|0732|1249|1530|1755|1916|11 Cemaziyelahir 1449
20271111|0607|0734|1249|1530|1754|1915|12 Cemaziyelahir 1449
20271112|0608|0735|1249|1529|1753|1915|13 Cemaziyelahir 1449
20271113|0609|0736|1249|1528|1752|1914|14 Cemaziyelahir 1449
20271114|0610|0737|1249|1527|1752|1913|15 Cemaziyelahir 1449
20271115|0611|0738|1249|1527|1751|1913|16 Cemaziyelahir 1449
20271116|0612|0739|1250|1526|1750|1912|17 Cemaziyelahir 1449
20271117|0613|0741|1250|1525|1749|1911|18 Cemaziyelahir 1449
20271118|0614|0742|1250|1525|1748|1911|19 Cemaziyelahir 1449
20271119|0615|0743|1250|1524|1748|1910|20 Cemaziyelahir 1449
20271120|0616|0744|1250|1524|1747|1910|21 Cemaziyelahir 1449
20271121|0617|0745|1251|1523|1746|1909|22 Cemaziyelahir 1449
20271122|0618|0746|1251|1523|1746|1909|23 Cemaziyelahir 1449
20271123|0619|0747|1251|1522|1745|1908|24 Cemaziyelahir 1449
20271124|0620|0748|1251|1522|1744|1908|25 Cemaziyelahir 1449
20271125|0621|0750|1252|1522|1744|1907|26 Cemaziyelahir 1449
20271126|0622|0751|1252|1521|1743|1907|27 Cemaziyelahir 1449
20271127|0623|0752|1252|1521|1743|1907|28 Cemaziyelahir 1449
20271128|0624|0753|1253|1521|1743|1906|29 Cemaziyelahir 1449
20271129|0624|0754|1253|1520|1742|1906|1 Recep 1449
20271130|0625|0755|1253|1520|1742|1906|2 Recep 1449
20271201|0626|0756|1254|1520|1742|1906|3 Recep 1449
20271202|0627|0757|1254|1520|1741|1906|4 Recep 1449
20271203|0628|0758|1254|1520|1741|1906|5 Recep 1449
20271204|0629|0759|1255|1519|1741|1905|6 Recep 1449
20271205|0630|0800|1255|1519|1741|1905|7 Recep 1449
20271206|0631|0801|1256|1519|1741|1905|8 Recep 1449
20271207|0631|0802|1256|1519|1741|1905|9 Recep 1449
20271208|0632|0803|1257|1519|1740|1906|10 Recep 1449
20271209|0633|0803|1257|1519|1740|1906|11 Recep 1449
20271210|0634|0804|1257|1520|1741|1906|12 Recep 1449
20271211|0634|0805|1258|1520|1741|1906|13 Recep 1449
20271212|0635|0806|1258|1520|1741|1906|14 Recep 1449
20271213|0636|0807|1259|1520|1741|1906|15 Recep 1449
20271214|0637|0808|1259|1520|1741|1907|16 Recep 1449
20271215|0637|0808|1300|1521|1741|1907|17 Recep 1449
20271216|0638|0809|1300|1521|1742|1907|18 Recep 1449
20271217|0638|0810|1301|1521|1742|1907|19 Recep 1449
20271218|0639|0810|1301|1522|1742|1908|20 Recep 1449
20271219|0640|0811|1302|1522|1743|1908|21 Recep 1449
20271220|0640|0811|1302|1522|1743|1909|22 Recep 1449
20271221|0641|0812|1303|1523|1743|1909|23 Recep 1449
20271222|0641|0813|1303|1523|1744|1910|24 Recep 1449
20271223|0642|0813|1304|1524|1744|1910|25 Recep 1449
20271224|0642|0813|1304|1524|1745|1911|26 Recep 1449
20271225|0643|0814|1305|1525|1745|1911|27 Recep 1449
20271226|0643|0814|1305|1526|1746|1912|28 Recep 1449
20271227|0643|0815|1306|1526|1747|1912|29 Recep 1449
20271228|0644|0815|1306|1527|1747|1913|30 Recep 1449
20271229|0644|0815|1307|1527|1748|1914|1 Şaban 1449
20271230|0644|0815|1307|1528|1749|1914|2 Şaban 1449
20271231|0645|0816|1308|1529|1750|1915|3 Şaban 1449
#@17896|Pazaryeri|BILECIK|730
20260101|0645|0815|1309|1531|1752|1917|12 Recep 1447
20260102|0645|0815|1309|1532|1753|1918|13 Recep 1447
20260103|0645|0815|1310|1533|1754|1919|14 Recep 1447
20260104|0646|0816|1310|1534|1755|1919|15 Recep 1447
20260105|0646|0816|1311|1535|1756|1920|16 Recep 1447
20260106|0646|0815|1311|1536|1757|1921|17 Recep 1447
20260107|0646|0815|1311|1536|1758|1922|18 Recep 1447
20260108|0646|0815|1312|1537|1759|1923|19 Recep 1447
20260109|0646|0815|1312|1538|1800|1924|20 Recep 1447
20260110|0646|0815|1313|1539|1801|1924|21 Recep 1447
20260111|0646|0815|1313|1540|1802|1925|22 Recep 1447
20260112|0645|0815|1314|1541|1803|1926|23 Recep 1447
20260113|0645|0814|1314|1542|1804|1927|24 Recep 1447
20260114|0645|0814|1314|1543|1805|1928|25 Recep 1447
20260115|0645|0814|1315|1544|1806|1929|26 Recep 1447
20260116|0645|0813|1315|1545|1807|1930|27 Recep 1447
20260117|0644|0813|1315|1546|1808|1931|28 Recep 1447
20260118|0644|0812|1316|1547|1809|1932|29 Recep 1447
20260119|0644|0812|1316|1548|1810|1933|30 Recep 1447
20260120|0643|0811|1316|1549|1811|1934|1 Şaban 1447
20260121|0643|0811|1317|1550|1813|1935|2 Şaban 1447
20260122|0643|0810|1317|1551|1814|1936|3 Şaban 1447
20260123|0642|0809|1317|1552|1815|1937|4 Şaban 1447
20260124|0642|0809|1317|1553|1816|1938|5 Şaban 1447
20260125|0641|0808|1318|1554|1817|1939|6 Şaban 1447
20260126|0640|0807|1318|1555|1818|1940|7 Şaban 1447
20260127|0640|0807|1318|1556|1820|1941|8 Şaban 1447
20260128|0639|0806|1318|1557|1821|1942|9 Şaban 1447
20260129|0639|0805|1318|1558|1822|1943|10 Şaban 1447
20260130|0638|0804|1319|1559|1823|1944|11 Şaban 1447
20260131|0637|0803|1319|1600|1824|1945|12 Şaban 1447
20260201|0636|0802|1319|1601|1826|1946|13 Şaban 1447
20260202|0636|0801|1319|1602|1827|1947|14 Şaban 1447
20260203|0635|0800|1319|1603|1828|1948|15 Şaban 1447
20260204|0634|0759|1319|1604|1829|1949|16 Şaban 1447
20260205|0633|0758|1319|1605|1830|1950|17 Şaban 1447
20260206|0632|0757|1319|1606|1832|1952|18 Şaban 1447
20260207|0631|0756|1320|1607|1833|1953|19 Şaban 1447
20260208|0630|0755|1320|1608|1834|1954|20 Şaban 1447
20260209|0629|0754|1320|1609|1835|1955|21 Şaban 1447
20260210|0628|0753|1320|1610|1836|1956|22 Şaban 1447
20260211|0627|0752|1320|1611|1838|1957|23 Şaban 1447
20260212|0626|0750|1320|1611|1839|1958|24 Şaban 1447
20260213|0625|0749|1320|1612|1840|1959|25 Şaban 1447
20260214|0624|0748|1320|1613|1841|2000|26 Şaban 1447
20260215|0623|0747|1320|1614|1842|2001|27 Şaban 1447
20260216|0622|0746|1319|1615|1844|2002|28 Şaban 1447
20260217|0620|0744|1319|1616|1845|2003|29 Şaban 1447
20260218|0619|0743|1319|1617|1846|2004|30 Şaban 1447
20260219|0618|0742|1319|1618|1847|2005|1 Ramazan 1447
20260220|0617|0740|1319|1619|1848|2006|2 Ramazan 1447
20260221|0615|0739|1319|1619|1849|2007|3 Ramazan 1447
20260222|0614|0737|1319|1620|1850|2009|4 Ramazan 1447
20260223|0613|0736|1319|1621|1852|2010|5 Ramazan 1447
20260224|0611|0735|1319|1622|1853|2011|6 Ramazan 1447
20260225|0610|0733|1319|1623|1854|2012|7 Ramazan 1447
20260226|0609|0732|1318|1623|1855|2013|8 Ramazan 1447
20260227|0607|0730|1318|1624|1856|2014|9 Ramazan 1447
20260228|0606|0729|1318|1625|1857|2015|10 Ramazan 1447
20260301|0604|0727|1318|1626|1858|2016|11 Ramazan 1447
20260302|0603|0726|1318|1626|1859|2017|12 Ramazan 1447
20260303|0601|0724|1317|1627|1901|2018|13 Ramazan 1447
20260304|0600|0723|1317|1628|1902|2019|14 Ramazan 1447
20260305|0558|0721|1317|1628|1903|2020|15 Ramazan 1447
20260306|0557|0720|1317|1629|1904|2021|16 Ramazan 1447
20260307|0555|0718|1317|1630|1905|2023|17 Ramazan 1447
20260308|0554|0717|1316|1630|1906|2024|18 Ramazan 1447
20260309|0552|0715|1316|1631|1907|2025|19 Ramazan 1447
20260310|0551|0714|1316|1632|1908|2026|20 Ramazan 1447
20260311|0549|0712|1316|1632|1909|2027|21 Ramazan 1447
20260312|0547|0710|1315|1633|1910|2028|22 Ramazan 1447
20260313|0546|0709|1315|1633|1911|2029|23 Ramazan 1447
20260314|0544|0707|1315|1634|1912|2030|24 Ramazan 1447
20260315|0542|0706|1314|1635|1913|2031|25 Ramazan 1447
20260316|0541|0704|1314|1635|1914|2032|26 Ramazan 1447
20260317|0539|0702|1314|1636|1915|2034|27 Ramazan 1447
20260318|0537|0701|1314|1636|1917|2035|28 Ramazan 1447
20260319|0536|0659|1313|1637|1918|2036|29 Ramazan 1447
20260320|0534|0658|1313|1637|1919|2037|1 Şevval 1447
20260321|0532|0656|1313|1638|1920|2038|2 Şevval 1447
20260322|0530|0654|1312|1638|1921|2039|3 Şevval 1447
20260323|0529|0653|1312|1639|1922|2040|4 Şevval 1447
20260324|0527|0651|1312|1639|1923|2042|5 Şevval 1447
20260325|0525|0649|1312|1640|1924|2043|6 Şevval 1447
20260326|0523|0648|1311|1640|1925|2044|7 Şevval 1447
20260327|0521|0646|1311|1641|1926|2045|8 Şevval 1447
20260328|0520|0645|1311|1641|1927|2046|9 Şevval 1447
20260329|0518|0643|1310|1641|1928|2047|10 Şevval 1447
20260330|0516|0641|1310|1642|1929|2049|11 Şevval 1447
20260331|0514|0640|1310|1642|1930|2050|12 Şevval 1447
20260401|0512|0638|1309|1643|1931|2051|13 Şevval 1447
20260402|0510|0636|1309|1643|1932|2052|14 Şevval 1447
20260403|0509|0635|1309|1643|1933|2053|15 Şevval 1447
20260404|0507|0633|1309|1644|1934|2055|16 Şevval 1447
20260405|0505|0632|1308|1644|1935|2056|17 Şevval 1447
20260406|0503|0630|1308|1644|1936|2057|18 Şevval 1447
20260407|0501|0629|1308|1645|1937|2058|19 Şevval 1447
20260408|0459|0627|1307|1645|1938|2100|20 Şevval 1447
20260409|0458|0625|1307|1646|1939|2101|21 Şevval 1447
20260410|0456|0624|1307|1646|1940|2102|22 Şevval 1447
20260411|0454|0622|1307|1646|1941|2104|23 Şevval 1447
20260412|0452|0621|1306|1647|1942|2105|24 Şevval 1447
20260413|0450|0619|1306|1647|1943|2106|25 Şevval 1447
20260414|0448|0618|1306|1647|1944|2107|26 Şevval 1447
20260415|0446|0616|1306|1647|1945|2109|27 Şevval 1447
20260416|0445|0615|1305|1648|1946|2110|28 Şevval 1447
20260417|0443|0613|1305|1648|1947|2111|29 Şevval 1447
20260418|0441|0612|1305|1648|1948|2113|1 Zilkade 1447
20260419|0439|0610|1305|1649|1949|2114|2 Zilkade 1447
20260420|0437|0609|1304|1649|1950|2115|3 Zilkade 1447
20260421|0435|0607|1304|1649|1951|2117|4 Zilkade 1447
20260422|0434|0606|1304|1649|1952|2118|5 Zilkade 1447
20260423|0432|0605|1304|1650|1953|2120|6 Zilkade 1447
20260424|0430|0603|1304|1650|1954|2121|7 Zilkade 1447
20260425|0428|0602|1303|1650|1955|2122|8 Zilkade 1447
20260426|0426|0600|1303|1651|1956|2124|9 Zilkade 1447
20260427|0425|0559|1303|1651|1957|2125|10 Zilkade 1447
20260428|0423|0558|1303|1651|1958|2127|11 Zilkade 1447
20260429|0421|0557|1303|1651|1959|2128|12 Zilkade 1447
20260430|0419|0555|1303|1652|2000|2130|13 Zilkade 1447
20260501|0418|0554|1303|1652|2001|2131|14 Zilkade 1447
20260502|0416|0553|1302|1652|2002|2132|15 Zilkade 1447
20260503|0414|0551|1302|1652|2003|2134|16 Zilkade 1447
20260504|0413|0550|1302|1653|2004|2135|17 Zilkade 1447
20260505|0411|0549|1302|1653|2005|2137|18 Zilkade 1447
20260506|0409|0548|1302|1653|2006|2138|19 Zilkade 1447
20260507|0408|0547|1302|1653|2007|2140|20 Zilkade 1447
20260508|0406|0546|1302|1654|2008|2141|21 Zilkade 1447
20260509|0404|0545|1302|1654|2009|2142|22 Zilkade 1447
20260510|0403|0544|1302|1654|2010|2144|23 Zilkade 1447
20260511|0401|0542|1302|1654|2011|2145|24 Zilkade 1447
20260512|0400|0541|1302|1655|2012|2147|25 Zilkade 1447
20260513|0358|0540|1302|1655|2013|2148|26 Zilkade 1447
20260514|0357|0539|1302|1655|2014|2150|27 Zilkade 1447
20260515|0355|0539|1302|1655|2015|2151|28 Zilkade 1447
20260516|0354|0538|1302|1656|2016|2152|29 Zilkade 1447
20260517|0352|0537|1302|1656|2017|2154|30 Zilkade 1447
20260518|0351|0536|1302|1656|2018|2155|1 Zilhicce 1447
20260519|0350|0535|1302|1656|2019|2157|2 Zilhicce 1447
20260520|0348|0534|1302|1657|2020|2158|3 Zilhicce 1447
20260521|0347|0533|1302|1657|2021|2159|4 Zilhicce 1447
20260522|0346|0533|1302|1657|2021|2201|5 Zilhicce 1447
20260523|0345|0532|1302|1657|2022|2202|6 Zilhicce 1447
20260524|0343|0531|1302|1658|2023|2203|7 Zilhicce 1447
20260525|0342|0531|1302|1658|2024|2205|8 Zilhicce 1447
20260526|0341|0530|1302|1658|2025|2206|9 Zilhicce 1447
20260527|0340|0529|1303|1659|2026|2207|10 Zilhicce 1447
20260528|0339|0529|1303|1659|2027|2208|11 Zilhicce 1447
20260529|0338|0528|1303|1659|2027|2210|12 Zilhicce 1447
20260530|0337|0528|1303|1659|2028|2211|13 Zilhicce 1447
20260531|0336|0527|1303|1700|2029|2212|14 Zilhicce 1447
20260601|0335|0527|1303|1700|2030|2213|15 Zilhicce 1447
20260602|0334|0526|1303|1700|2030|2214|16 Zilhicce 1447
20260603|0334|0526|1304|1700|2031|2215|17 Zilhicce 1447
20260604|0333|0526|1304|1701|2032|2216|18 Zilhicce 1447
20260605|0332|0525|1304|1701|2032|2217|19 Zilhicce 1447
20260606|0332|0525|1304|1701|2033|2218|20 Zilhicce 1447
20260607|0331|0525|1304|1701|2034|2219|21 Zilhicce 1447
20260608|0330|0525|1304|1702|2034|2220|22 Zilhicce 1447
20260609|0330|0524|1305|1702|2035|2221|23 Zilhicce 1447
20260610|0330|0524|1305|1702|2035|2221|24 Zilhicce 1447
20260611|0329|0524|1305|1702|2036|2222|25 Zilhicce 1447
20260612|0329|0524|1305|1703|2036|2223|26 Zilhicce 1447
20260613|0329|0524|1305|1703|2037|2224|27 Zilhicce 1447
20260614|0328|0524|1306|1703|2037|2224|28 Zilhicce 1447
20260615|0328|0524|1306|1703|2038|2225|29 Zilhicce 1447
20260616|0328|0524|1306|1704|2038|2225|1 Muharrem 1448
20260617|0328|0524|1306|1704|2038|2226|2 Muharrem 1448
20260618|0328|0524|1306|1704|2039|2226|3 Muharrem 1448
20260619|0328|0524|1307|1704|2039|2226|4 Muharrem 1448
20260620|0328|0525|1307|1705|2039|2227|5 Muharrem 1448
20260621|0328|0525|1307|1705|2040|2227|6 Muharrem 1448
20260622|0329|0525|1307|1705|2040|2227|7 Muharrem 1448
20260623|0329|0525|1308|1705|2040|2227|8 Muharrem 1448
20260624|0329|0526|1308|1706|2040|2228|9 Muharrem 1448
20260625|0330|0526|1308|1706|2040|2228|10 Muharrem 1448
20260626|0330|0526|1308|1706|2040|2228|11 Muharrem 1448
20260627|0331|0527|1308|1706|2040|2228|12 Muharrem 1448
20260628|0331|0527|1309|1706|2040|2227|13 Muharrem 1448
20260629|0332|0527|1309|1706|2040|2227|14 Muharrem 1448
20260630|0332|0528|1309|1707|2040|2227|15 Muharrem 1448
20260701|0333|0528|1309|1707|2040|2227|16 Muharrem 1448
20260702|0334|0529|1309|1707|2040|2226|17 Muharrem 1448
20260703|0335|0529|1310|1707|2040|2226|18 Muharrem 1448
20260704|0335|0530|1310|1707|2040|2226|19 Muharrem 1448
20260705|0336|0530|1310|1707|2040|2225|20 Muharrem 1448
20260706|0337|0531|1310|1707|2039|2225|21 Muharrem 1448
20260707|0338|0532|1310|1707|2039|2224|22 Muharrem 1448
20260708|0339|0532|1310|1707|2039|2223|23 Muharrem 1448
20260709|0340|0533|1311|1708|2039|2223|24 Muharrem 1448
20260710|0341|0533|1311|1708|2038|2222|25 Muharrem 1448
20260711|0342|0534|1311|1708|2038|2221|26 Muharrem 1448
20260712|0343|0535|1311|1708|2037|2221|27 Muharrem 1448
20260713|0344|0536|1311|1708|2037|2220|28 Muharrem 1448
20260714|0346|0536|1311|1708|2036|2219|29 Muharrem 1448
20260715|0347|0537|1311|1708|2036|2218|1 Safer 1448
20260716|0348|0538|1311|1708|2035|2217|2 Safer 1448
20260717|0349|0539|1312|1708|2035|2216|3 Safer 1448
20260718|0351|0539|1312|1707|2034|2215|4 Safer 1448
20260719|0352|0540|1312|1707|2033|2214|5 Safer 1448
20260720|0353|0541|1312|1707|2033|2213|6 Safer 1448
20260721|0354|0542|1312|1707|2032|2211|7 Safer 1448
20260722|0356|0543|1312|1707|2031|2210|8 Safer 1448
20260723|0357|0544|1312|1707|2030|2209|9 Safer 1448
20260724|0359|0544|1312|1707|2030|2208|10 Safer 1448
20260725|0400|0545|1312|1706|2029|2206|11 Safer 1448
20260726|0401|0546|1312|1706|2028|2205|12 Safer 1448
20260727|0403|0547|1312|1706|2027|2204|13 Safer 1448
20260728|0404|0548|1312|1706|2026|2202|14 Safer 1448
20260729|0406|0549|1312|1706|2025|2201|15 Safer 1448
20260730|0407|0550|1312|1705|2024|2200|16 Safer 1448
20260731|0408|0551|1312|1705|2023|2158|17 Safer 1448
20260801|0410|0552|1312|1705|2022|2157|18 Safer 1448
20260802|0411|0552|1312|1704|2021|2155|19 Safer 1448
20260803|0413|0553|1312|1704|2020|2154|20 Safer 1448
20260804|0414|0554|1312|1704|2019|2152|21 Safer 1448
20260805|0416|0555|1312|1703|2018|2150|22 Safer 1448
20260806|0417|0556|1311|1703|2017|2149|23 Safer 1448
20260807|0418|0557|1311|1702|2015|2147|24 Safer 1448
20260808|0420|0558|1311|1702|2014|2146|25 Safer 1448
20260809|0421|0559|1311|1701|2013|2144|26 Safer 1448
20260810|0423|0600|1311|1701|2012|2142|27 Safer 1448
20260811|0424|0601|1311|1700|2011|2141|28 Safer 1448
20260812|0426|0602|1311|1700|2009|2139|29 Safer 1448
20260813|0427|0603|1310|1659|2008|2137|30 Safer 1448
20260814|0428|0604|1310|1659|2007|2135|1 Rebiulevvel 1448
20260815|0430|0605|1310|1658|2005|2134|2 Rebiulevvel 1448
20260816|0431|0606|1310|1658|2004|2132|3 Rebiulevvel 1448
20260817|0433|0607|1310|1657|2003|2130|4 Rebiulevvel 1448
20260818|0434|0608|1309|1656|2001|2128|5 Rebiulevvel 1448
20260819|0435|0609|1309|1656|2000|2127|6 Rebiulevvel 1448
20260820|0437|0610|1309|1655|1958|2125|7 Rebiulevvel 1448
20260821|0438|0610|1309|1654|1957|2123|8 Rebiulevvel 1448
20260822|0439|0611|1308|1653|1956|2121|9 Rebiulevvel 1448
20260823|0441|0612|1308|1653|1954|2119|10 Rebiulevvel 1448
20260824|0442|0613|1308|1652|1953|2118|11 Rebiulevvel 1448
20260825|0443|0614|1308|1651|1951|2116|12 Rebiulevvel 1448
20260826|0445|0615|1307|1650|1950|2114|13 Rebiulevvel 1448
20260827|0446|0616|1307|1650|1948|2112|14 Rebiulevvel 1448
20260828|0447|0617|1307|1649|1947|2110|15 Rebiulevvel 1448
20260829|0449|0618|1307|1648|1945|2108|16 Rebiulevvel 1448
20260830|0450|0619|1306|1647|1943|2107|17 Rebiulevvel 1448
20260831|0451|0620|1306|1646|1942|2105|18 Rebiulevvel 1448
20260901|0452|0621|1306|1645|1940|2103|19 Rebiulevvel 1448
20260902|0454|0622|1305|1644|1939|2101|20 Rebiulevvel 1448
20260903|0455|0623|1305|1644|1937|2059|21 Rebiulevvel 1448
20260904|0456|0624|1305|1643|1936|2057|22 Rebiulevvel 1448
20260905|0457|0625|1304|1642|1934|2056|23 Rebiulevvel 1448
20260906|0459|0626|1304|1641|1932|2054|24 Rebiulevvel 1448
20260907|0500|0627|1304|1640|1931|2052|25 Rebiulevvel 1448
20260908|0501|0627|1303|1639|1929|2050|26 Rebiulevvel 1448
20260909|0502|0628|1303|1638|1927|2048|27 Rebiulevvel 1448
20260910|0503|0629|1303|1637|1926|2046|28 Rebiulevvel 1448
20260911|0504|0630|1302|1636|1924|2044|29 Rebiulevvel 1448
20260912|0506|0631|1302|1635|1923|2043|1 Rebiulahir 1448
20260913|0507|0632|1302|1634|1921|2041|2 Rebiulahir 1448
20260914|0508|0633|1301|1633|1919|2039|3 Rebiulahir 1448
20260915|0509|0634|1301|1632|1918|2037|4 Rebiulahir 1448
20260916|0510|0635|1300|1630|1916|2035|5 Rebiulahir 1448
20260917|0511|0636|1300|1629|1914|2033|6 Rebiulahir 1448
20260918|0512|0637|1300|1628|1913|2032|7 Rebiulahir 1448
20260919|0513|0638|1259|1627|1911|2030|8 Rebiulahir 1448
20260920|0515|0639|1259|1626|1909|2028|9 Rebiulahir 1448
20260921|0516|0640|1259|1625|1908|2026|10 Rebiulahir 1448
20260922|0517|0641|1258|1624|1906|2024|11 Rebiulahir 1448
20260923|0518|0642|1258|1623|1904|2023|12 Rebiulahir 1448
20260924|0519|0643|1258|1622|1903|2021|13 Rebiulahir 1448
20260925|0520|0644|1257|1620|1901|2019|14 Rebiulahir 1448
20260926|0521|0645|1257|1619|1859|2017|15 Rebiulahir 1448
20260927|0522|0645|1257|1618|1858|2016|16 Rebiulahir 1448
20260928|0523|0646|1256|1617|1856|2014|17 Rebiulahir 1448
20260929|0524|0647|1256|1616|1854|2012|18 Rebiulahir 1448
20260930|0525|0648|1256|1615|1853|2011|19 Rebiulahir 1448
20261001|0526|0649|1255|1613|1851|2009|20 Rebiulahir 1448
20261002|0527|0650|1255|1612|1850|2007|21 Rebiulahir 1448
20261003|0528|0651|1255|1611|1848|2006|22 Rebiulahir 1448
20261004|0529|0652|1254|1610|1846|2004|23 Rebiulahir 1448
20261005|0530|0653|1254|1609|1845|2002|24 Rebiulahir 1448
20261006|0531|0654|1254|1608|1843|2001|25 Rebiulahir 1448
20261007|0532|0655|1253|1606|1842|1959|26 Rebiulahir 1448
20261008|0533|0656|1253|1605|1840|1958|27 Rebiulahir 1448
20261009|0534|0657|1253|1604|1838|1956|28 Rebiulahir 1448
20261010|0535|0658|1253|1603|1837|1954|29 Rebiulahir 1448
20261011|0536|0659|1252|1602|1835|1953|30 Rebiulahir 1448
20261012|0537|0700|1252|1601|1834|1951|1 Cemaziyelevvel 1448
20261013|0538|0701|1252|1559|1832|1950|2 Cemaziyelevvel 1448
20261014|0540|0702|1252|1558|1831|1948|3 Cemaziyelevvel 1448
20261015|0541|0704|1251|1557|1829|1947|4 Cemaziyelevvel 1448
20261016|0542|0705|1251|1556|1828|1945|5 Cemaziyelevvel 1448
20261017|0543|0706|1251|1555|1826|1944|6 Cemaziyelevvel 1448
20261018|0544|0707|1251|1554|1825|1943|7 Cemaziyelevvel 1448
20261019|0545|0708|1250|1553|1823|1941|8 Cemaziyelevvel 1448
20261020|0546|0709|1250|1552|1822|1940|9 Cemaziyelevvel 1448
20261021|0547|0710|1250|1550|1820|1939|10 Cemaziyelevvel 1448
20261022|0548|0711|1250|1549|1819|1937|11 Cemaziyelevvel 1448
20261023|0549|0712|1250|1548|1818|1936|12 Cemaziyelevvel 1448
20261024|0550|0713|1250|1547|1816|1935|13 Cemaziyelevvel 1448
20261025|0551|0714|1250|1546|1815|1933|14 Cemaziyelevvel 1448
20261026|0552|0715|1249|1545|1814|1932|15 Cemaziyelevvel 1448
20261027|0553|0716|1249|1544|1812|1931|16 Cemaziyelevvel 1448
20261028|0554|0718|1249|1543|1811|1930|17 Cemaziyelevvel 1448
20261029|0555|0719|1249|1542|1810|1929|18 Cemaziyelevvel 1448
20261030|0556|0720|1249|1541|1808|1928|19 Cemaziyelevvel 1448
20261031|0557|0721|1249|1540|1807|1926|20 Cemaziyelevvel 1448
20261101|0558|0722|1249|1539|1806|1925|21 Cemaziyelevvel 1448
20261102|0559|0723|1249|1538|1805|1924|22 Cemaziyelevvel 1448
20261103|0600|0724|1249|1537|1804|1923|23 Cemaziyelevvel 1448
20261104|0601|0725|1249|1536|1803|1922|24 Cemaziyelevvel 1448
20261105|0602|0727|1249|1536|1801|1921|25 Cemaziyelevvel 1448
20261106|0603|0728|1249|1535|1800|1920|26 Cemaziyelevvel 1448
20261107|0604|0729|1249|1534|1759|1919|27 Cemaziyelevvel 1448
20261108|0605|0730|1249|1533|1758|1919|28 Cemaziyelevvel 1448
20261109|0606|0731|1249|1532|1757|1918|29 Cemaziyelevvel 1448
20261110|0607|0732|1249|1531|1756|1917|1 Cemaziyelahir 1448
20261111|0608|0734|1249|1531|1755|1916|2 Cemaziyelahir 1448
20261112|0608|0735|1250|1530|1754|1915|3 Cemaziyelahir 1448
20261113|0609|0736|1250|1529|1753|1915|4 Cemaziyelahir 1448
20261114|0610|0737|1250|1529|1753|1914|5 Cemaziyelahir 1448
20261115|0611|0738|1250|1528|1752|1913|6 Cemaziyelahir 1448
20261116|0612|0739|1250|1527|1751|1913|7 Cemaziyelahir 1448
20261117|0613|0740|1250|1527|1750|1912|8 Cemaziyelahir 1448
20261118|0614|0742|1250|1526|1749|1911|9 Cemaziyelahir 1448
20261119|0615|0743|1251|1526|1749|1911|10 Cemaziyelahir 1448
20261120|0616|0744|1251|1525|1748|1910|11 Cemaziyelahir 1448
20261121|0617|0745|1251|1525|1747|1910|12 Cemaziyelahir 1448
20261122|0618|0746|1251|1524|1747|1909|13 Cemaziyelahir 1448
20261123|0619|0747|1252|1524|1746|1909|14 Cemaziyelahir 1448
20261124|0620|0748|1252|1523|1746|1908|15 Cemaziyelahir 1448
20261125|0621|0749|1252|1523|1745|1908|16 Cemaziyelahir 1448
20261126|0622|0750|1253|1523|1745|1908|17 Cemaziyelahir 1448
20261127|0623|0751|1253|1522|1744|1908|18 Cemaziyelahir 1448
20261128|0624|0753|1253|1522|1744|1907|19 Cemaziyelahir 1448
20261129|0625|0754|1254|1522|1744|1907|20 Cemaziyelahir 1448
20261130|0626|0755|1254|1522|1743|1907|21 Cemaziyelahir 1448
20261201|0626|0756|1254|1521|1743|1907|22 Cemaziyelahir 1448
20261202|0627|0757|1255|1521|1743|1907|23 Cemaziyelahir 1448
20261203|0628|0758|1255|1521|1742|1906|24 Cemaziyelahir 1448
20261204|0629|0759|1255|1521|1742|1906|25 Cemaziyelahir 1448
20261205|0630|0800|1256|1521|1742|1906|26 Cemaziyelahir 1448
20261206|0631|0800|1256|1521|1742|1906|27 Cemaziyelahir 1448
20261207|0631|0801|1257|1521|1742|1906|28 Cemaziyelahir 1448
20261208|0632|0802|1257|1521|1742|1907|29 Cemaziyelahir 1448
20261209|0633|0803|1258|1521|1742|1907|30 Cemaziyelahir 1448
20261210|0634|0804|1258|1521|1742|1907|1 Recep 1448
20261211|0635|0805|1258|1521|1742|1907|2 Recep 1448
20261212|0635|0806|1259|1521|1742|1907|3 Recep 1448
20261213|0636|0806|1259|1522|1742|1907|4 Recep 1448
20261214|0637|0807|1300|1522|1743|1908|5 Recep 1448
20261215|0637|0808|1300|1522|1743|1908|6 Recep 1448
20261216|0638|0808|1301|1523|1743|1908|7 Recep 1448
20261217|0639|0809|1301|1523|1743|1909|8 Recep 1448
20261218|0639|0810|1302|1523|1744|1909|9 Recep 1448
20261219|0640|0810|1302|1524|1744|1909|10 Recep 1448
20261220|0640|0811|1303|1524|1745|1910|11 Recep 1448
20261221|0641|0811|1303|1525|1745|1910|12 Recep 1448
20261222|0641|0812|1304|1525|1746|1911|13 Recep 1448
20261223|0642|0812|1304|1526|1746|1911|14 Recep 1448
20261224|0642|0813|1305|1526|1747|1912|15 Recep 1448
20261225|0643|0813|1305|1527|1747|1912|16 Recep 1448
20261226|0643|0814|1306|1527|1748|1913|17 Recep 1448
20261227|0643|0814|1306|1528|1748|1914|18 Recep 1448
20261228|0644|0814|1307|1528|1749|1914|19 Recep 1448
20261229|0644|0815|1307|1529|1750|1915|20 Recep 1448
20261230|0644|0815|1308|1530|1751|1916|21 Recep 1448
20261231|0645|0815|1308|1531|1751|1916|22 Recep 1448
20270101|0645|0815|1309|1531|1752|1917|23 Recep 1448
20270102|0645|0815|1309|1532|1753|1918|24 Recep 1448
20270103|0645|0815|1310|1533|1754|1918|25 Recep 1448
20270104|0645|0815|1310|1534|1755|1919|26 Recep 1448
20270105|0646|0816|1310|1534|1756|1920|27 Recep 1448
20270106|0646|0815|1311|1535|1756|1921|28 Recep 1448
20270107|0646|0815|1311|1536|1757|1922|29 Recep 1448
20270108|0646|0815|1312|1537|1758|1923|30 Recep 1448
20270109|0646|0815|1312|1538|1759|1923|1 Şaban 1448
20270110|0646|0815|1313|1539|1800|1924|2 Şaban 1448
20270111|0646|0815|1313|1540|1801|1925|3 Şaban 1448
20270112|0645|0815|1313|1541|1802|1926|4 Şaban 1448
20270113|0645|0814|1314|1542|1803|1927|5 Şaban 1448
20270114|0645|0814|1314|1543|1804|1928|6 Şaban 1448
20270115|0645|0814|1315|1544|1806|1929|7 Şaban 1448
20270116|0645|0813|1315|1545|1807|1930|8 Şaban 1448
20270117|0644|0813|1315|1545|1808|1931|9 Şaban 1448
20270118|0644|0812|1316|1546|1809|1932|10 Şaban 1448
20270119|0644|0812|1316|1547|1810|1933|11 Şaban 1448
20270120|0643|0811|1316|1548|1811|1934|12 Şaban 1448
20270121|0643|0811|1317|1549|1812|1935|13 Şaban 1448
20270122|0643|0810|1317|1550|1813|1936|14 Şaban 1448
20270123|0642|0810|1317|1551|1815|1937|15 Şaban 1448
20270124|0642|0809|1317|1553|1816|1938|16 Şaban 1448
20270125|0641|0808|1318|1554|1817|1939|17 Şaban 1448
20270126|0641|0807|1318|1555|1818|1940|18 Şaban 1448
20270127|0640|0807|1318|1556|1819|1941|19 Şaban 1448
20270128|0639|0806|1318|1557|1821|1942|20 Şaban 1448
20270129|0639|0805|1318|1558|1822|1943|21 Şaban 1448
20270130|0638|0804|1319|1559|1823|1944|22 Şaban 1448
20270131|0637|0803|1319|1600|1824|1945|23 Şaban 1448
20270201|0637|0802|1319|1601|1825|1946|24 Şaban 1448
20270202|0636|0802|1319|1602|1827|1947|25 Şaban 1448
20270203|0635|0801|1319|1603|1828|1948|26 Şaban 1448
20270204|0634|0800|1319|1604|1829|1949|27 Şaban 1448
20270205|0633|0759|1319|1605|1830|1950|28 Şaban 1448
20270206|0632|0758|1319|1606|1831|1951|29 Şaban 1448
20270207|0631|0756|1319|1607|1833|1952|30 Şaban 1448
20270208|0631|0755|1320|1607|1834|1953|1 Ramazan 1448
20270209|0630|0754|1320|1608|1835|1954|2 Ramazan 1448
20270210|0629|0753|1320|1609|1836|1955|3 Ramazan 1448
20270211|0628|0752|1320|1610|1837|1957|4 Ramazan 1448
20270212|0626|0751|1320|1611|1839|1958|5 Ramazan 1448
20270213|0625|0750|1320|1612|1840|1959|6 Ramazan 1448
20270214|0624|0748|1320|1613|1841|2000|7 Ramazan 1448
20270215|0623|0747|1320|1614|1842|2001|8 Ramazan 1448
20270216|0622|0746|1320|1615|1843|2002|9 Ramazan 1448
20270217|0621|0745|1319|1616|1844|2003|10 Ramazan 1448
20270218|0620|0743|1319|1617|1846|2004|11 Ramazan 1448
20270219|0618|0742|1319|1617|1847|2005|12 Ramazan 1448
20270220|0617|0741|1319|1618|1848|2006|13 Ramazan 1448
20270221|0616|0739|1319|1619|1849|2007|14 Ramazan 1448
20270222|0614|0738|1319|1620|1850|2008|15 Ramazan 1448
20270223|0613|0736|1319|1621|1851|2009|16 Ramazan 1448
20270224|0612|0735|1319|1622|1852|2010|17 Ramazan 1448
20270225|0610|0734|1319|1622|1854|2011|18 Ramazan 1448
20270226|0609|0732|1318|1623|1855|2013|19 Ramazan 1448
20270227|0608|0731|1318|1624|1856|2014|20 Ramazan 1448
20270228|0606|0729|1318|1625|1857|2015|21 Ramazan 1448
20270301|0605|0728|1318|1625|1858|2016|22 Ramazan 1448
20270302|0603|0726|1318|1626|1859|2017|23 Ramazan 1448
20270303|0602|0725|1317|1627|1900|2018|24 Ramazan 1448
20270304|0600|0723|1317|1628|1901|2019|25 Ramazan 1448
20270305|0559|0722|1317|1628|1902|2020|26 Ramazan 1448
20270306|0557|0720|1317|1629|1904|2021|27 Ramazan 1448
20270307|0556|0719|1317|1630|1905|2022|28 Ramazan 1448
20270308|0554|0717|1316|1630|1906|2023|29 Ramazan 1448
20270309|0553|0715|1316|1631|1907|2024|1 Şevval 1448
20270310|0551|0714|1316|1632|1908|2026|2 Şevval 1448
20270311|0549|0712|1316|1632|1909|2027|3 Şevval 1448
20270312|0548|0711|1315|1633|1910|2028|4 Şevval 1448
20270313|0546|0709|1315|1633|1911|2029|5 Şevval 1448
20270314|0544|0708|1315|1634|1912|2030|6 Şevval 1448
20270315|0543|0706|1315|1634|1913|2031|7 Şevval 1448
20270316|0541|0704|1314|1635|1914|2032|8 Şevval 1448
20270317|0539|0703|1314|1636|1915|2033|9 Şevval 1448
20270318|0538|0701|1314|1636|1916|2034|10 Şevval 1448
20270319|0536|0700|1313|1637|1917|2036|11 Şevval 1448
20270320|0534|0658|1313|1637|1918|2037|12 Şevval 1448
20270321|0532|0656|1313|1638|1919|2038|13 Şevval 1448
20270322|0531|0655|1313|1638|1920|2039|14 Şevval 1448
20270323|0529|0653|1312|1639|1921|2040|15 Şevval 1448
20270324|0527|0651|1312|1639|1922|2041|16 Şevval 1448
20270325|0525|0650|1312|1640|1923|2042|17 Şevval 1448
20270326|0524|0648|1311|1640|1925|2044|18 Şevval 1448
20270327|0522|0647|1311|1640|1926|2045|19 Şevval 1448
20270328|0520|0645|1311|1641|1927|2046|20 Şevval 1448
20270329|0518|0643|1310|1641|1928|2047|21 Şevval 1448
20270330|0516|0642|1310|1642|1929|2048|22 Şevval 1448
20270331|0515|0640|1310|1642|1930|2049|23 Şevval 1448
20270401|0513|0638|1310|1643|1931|2051|24 Şevval 1448
20270402|0511|0637|1309|1643|1932|2052|25 Şevval 1448
20270403|0509|0635|1309|1643|1933|2053|26 Şevval 1448
20270404|0507|0634|1309|1644|1934|2054|27 Şevval 1448
20270405|0505|0632|1308|1644|1935|2056|28 Şevval 1448
20270406|0504|0630|1308|1644|1936|2057|29 Şevval 1448
20270407|0502|0629|1308|1645|1937|2058|30 Şevval 1448
20270408|0500|0627|1307|1645|1938|2059|1 Zilkade 1448
20270409|0458|0626|1307|1645|1939|2101|2 Zilkade 1448
20270410|0456|0624|1307|1646|1940|2102|3 Zilkade 1448
20270411|0454|0623|1307|1646|1941|2103|4 Zilkade 1448
20270412|0452|0621|1306|1646|1942|2104|5 Zilkade 1448
20270413|0451|0620|1306|1647|1943|2106|6 Zilkade 1448
20270414|0449|0618|1306|1647|1944|2107|7 Zilkade 1448
20270415|0447|0617|1306|1647|1945|2108|8 Zilkade 1448
20270416|0445|0615|1305|1648|1946|2110|9 Zilkade 1448
20270417|0443|0614|1305|1648|1947|2111|10 Zilkade 1448
20270418|0441|0612|1305|1648|1948|2112|11 Zilkade 1448
20270419|0440|0611|1305|1649|1949|2114|12 Zilkade 1448
20270420|0438|0609|1304|1649|1950|2115|13 Zilkade 1448
20270421|0436|0608|1304|1649|1951|2117|14 Zilkade 1448
20270422|0434|0606|1304|1649|1952|2118|15 Zilkade 1448
20270423|0432|0605|1304|1650|1953|2119|16 Zilkade 1448
20270424|0430|0604|1304|1650|1954|2121|17 Zilkade 1448
20270425|0429|0602|1304|1650|1955|2122|18 Zilkade 1448
20270426|0427|0601|1303|1650|1956|2123|19 Zilkade 1448
20270427|0425|0559|1303|1651|1957|2125|20 Zilkade 1448
20270428|0423|0558|1303|1651|1958|2126|21 Zilkade 1448
20270429|0422|0557|1303|1651|1959|2128|22 Zilkade 1448
20270430|0420|0556|1303|1652|2000|2129|23 Zilkade 1448
20270501|0418|0554|1303|1652|2001|2131|24 Zilkade 1448
20270502|0416|0553|1303|1652|2002|2132|25 Zilkade 1448
20270503|0415|0552|1302|1652|2003|2133|26 Zilkade 1448
20270504|0413|0551|1302|1653|2004|2135|27 Zilkade 1448
20270505|0411|0549|1302|1653|2005|2136|28 Zilkade 1448
20270506|0410|0548|1302|1653|2006|2138|29 Zilkade 1448
20270507|0408|0547|1302|1653|2007|2139|1 Zilhicce 1448
20270508|0406|0546|1302|1654|2008|2141|2 Zilhicce 1448
20270509|0405|0545|1302|1654|2009|2142|3 Zilhicce 1448
20270510|0403|0544|1302|1654|2010|2144|4 Zilhicce 1448
20270511|0402|0543|1302|1654|2011|2145|5 Zilhicce 1448
20270512|0400|0542|1302|1655|2012|2146|6 Zilhicce 1448
20270513|0359|0541|1302|1655|2013|2148|7 Zilhicce 1448
20270514|0357|0540|1302|1655|2014|2149|8 Zilhicce 1448
20270515|0356|0539|1302|1655|2015|2151|9 Zilhicce 1448
20270516|0354|0538|1302|1656|2016|2152|10 Zilhicce 1448
20270517|0353|0537|1302|1656|2017|2154|11 Zilhicce 1448
20270518|0351|0536|1302|1656|2018|2155|12 Zilhicce 1448
20270519|0350|0535|1302|1656|2019|2156|13 Zilhicce 1448
20270520|0349|0534|1302|1657|2019|2158|14 Zilhicce 1448
20270521|0347|0534|1302|1657|2020|2159|15 Zilhicce 1448
20270522|0346|0533|1302|1657|2021|2200|16 Zilhicce 1448
20270523|0345|0532|1302|1657|2022|2202|17 Zilhicce 1448
20270524|0344|0531|1302|1658|2023|2203|18 Zilhicce 1448
20270525|0342|0531|1302|1658|2024|2204|19 Zilhicce 1448
20270526|0341|0530|1302|1658|2025|2206|20 Zilhicce 1448
20270527|0340|0530|1303|1658|2026|2207|21 Zilhicce 1448
20270528|0339|0529|1303|1659|2026|2208|22 Zilhicce 1448
20270529|0338|0528|1303|1659|2027|2209|23 Zilhicce 1448
20270530|0337|0528|1303|1659|2028|2210|24 Zilhicce 1448
20270531|0336|0527|1303|1700|2029|2212|25 Zilhicce 1448
20270601|0335|0527|1303|1700|2029|2213|26 Zilhicce 1448
20270602|0335|0527|1303|1700|2030|2214|27 Zilhicce 1448
20270603|0334|0526|1303|1700|2031|2215|28 Zilhicce 1448
20270604|0333|0526|1304|1701|2032|2216|29 Zilhicce 1448
20270605|0332|0526|1304|1701|2032|2217|30 Zilhicce 1448
20270606|0332|0525|1304|1701|2033|2218|1 Muharrem 1449
20270607|0331|0525|1304|1701|2033|2219|2 Muharrem 1449
20270608|0331|0525|1304|1702|2034|2220|3 Muharrem 1449
20270609|0330|0525|1305|1702|2035|2220|4 Muharrem 1449
20270610|0330|0524|1305|1702|2035|2221|5 Muharrem 1449
20270611|0329|0524|1305|1702|2036|2222|6 Muharrem 1449
20270612|0329|0524|1305|1703|2036|2223|7 Muharrem 1449
20270613|0329|0524|1305|1703|2037|2223|8 Muharrem 1449
20270614|0328|0524|1306|1703|2037|2224|9 Muharrem 1449
20270615|0328|0524|1306|1703|2038|2225|10 Muharrem 1449
20270616|0328|0524|1306|1704|2038|2225|11 Muharrem 1449
20270617|0328|0524|1306|1704|2038|2226|12 Muharrem 1449
20270618|0328|0524|1306|1704|2039|2226|13 Muharrem 1449
20270619|0328|0524|1307|1704|2039|2226|14 Muharrem 1449
20270620|0328|0525|1307|1705|2039|2227|15 Muharrem 1449
20270621|0328|0525|1307|1705|2040|2227|16 Muharrem 1449
20270622|0329|0525|1307|1705|2040|2227|17 Muharrem 1449
20270623|0329|0525|1308|1705|2040|2227|18 Muharrem 1449
20270624|0329|0525|1308|1705|2040|2228|19 Muharrem 1449
20270625|0330|0526|1308|1706|2040|2228|20 Muharrem 1449
20270626|0330|0526|1308|1706|2040|2228|21 Muharrem 1449
20270627|0330|0526|1308|1706|2040|2228|22 Muharrem 1449
20270628|0331|0527|1309|1706|2040|2227|23 Muharrem 1449
20270629|0332|0527|1309|1706|2040|2227|24 Muharrem 1449
20270630|0332|0528|1309|1707|2040|2227|25 Muharrem 1449
20270701|0333|0528|1309|1707|2040|2227|26 Muharrem 1449
20270702|0334|0529|1309|1707|2040|2227|27 Muharrem 1449
20270703|0334|0529|1310|1707|2040|2226|28 Muharrem 1449
20270704|0335|0530|1310|1707|2040|2226|29 Muharrem 1449
20270705|0336|0530|1310|1707|2040|2225|1 Safer 1449
20270706|0337|0531|1310|1707|2039|2225|2 Safer 1449
20270707|0338|0531|1310|1707|2039|2224|3 Safer 1449
20270708|0339|0532|1310|1707|2039|2224|4 Safer 1449
20270709|0340|0533|1311|1708|2039|2223|5 Safer 1449
20270710|0341|0533|1311|1708|2038|2222|6 Safer 1449
20270711|0342|0534|1311|1708|2038|2222|7 Safer 1449
20270712|0343|0535|1311|1708|2037|2221|8 Safer 1449
20270713|0344|0535|1311|1708|2037|2220|9 Safer 1449
20270714|0345|0536|1311|1708|2036|2219|10 Safer 1449
20270715|0347|0537|1311|1708|2036|2218|11 Safer 1449
20270716|0348|0538|1311|1708|2035|2217|12 Safer 1449
20270717|0349|0538|1312|1708|2035|2216|13 Safer 1449
20270718|0350|0539|1312|1707|2034|2215|14 Safer 1449
20270719|0352|0540|1312|1707|2033|2214|15 Safer 1449
20270720|0353|0541|1312|1707|2033|2213|16 Safer 1449
20270721|0354|0542|1312|1707|2032|2212|17 Safer 1449
20270722|0356|0542|1312|1707|2031|2211|18 Safer 1449
20270723|0357|0543|1312|1707|2031|2209|19 Safer 1449
20270724|0358|0544|1312|1707|2030|2208|20 Safer 1449
20270725|0400|0545|1312|1707|2029|2207|21 Safer 1449
20270726|0401|0546|1312|1706|2028|2205|22 Safer 1449
20270727|0402|0547|1312|1706|2027|2204|23 Safer 1449
20270728|0404|0548|1312|1706|2026|2203|24 Safer 1449
20270729|0405|0549|1312|1706|2025|2201|25 Safer 1449
20270730|0407|0550|1312|1705|2024|2200|26 Safer 1449
20270731|0408|0550|1312|1705|2023|2158|27 Safer 1449
20270801|0410|0551|1312|1705|2022|2157|28 Safer 1449
20270802|0411|0552|1312|1704|2021|2155|29 Safer 1449
20270803|0412|0553|1312|1704|2020|2154|1 Rebiulevvel 1449
20270804|0414|0554|1312|1704|2019|2152|2 Rebiulevvel 1449
20270805|0415|0555|1312|1703|2018|2151|3 Rebiulevvel 1449
20270806|0417|0556|1311|1703|2017|2149|4 Rebiulevvel 1449
20270807|0418|0557|1311|1702|2016|2148|5 Rebiulevvel 1449
20270808|0420|0558|1311|1702|2015|2146|6 Rebiulevvel 1449
20270809|0421|0559|1311|1701|2013|2144|7 Rebiulevvel 1449
20270810|0422|0600|1311|1701|2012|2143|8 Rebiulevvel 1449
20270811|0424|0601|1311|1700|2011|2141|9 Rebiulevvel 1449
20270812|0425|0602|1311|1700|2010|2139|10 Rebiulevvel 1449
20270813|0427|0603|1310|1659|2008|2138|11 Rebiulevvel 1449
20270814|0428|0604|1310|1659|2007|2136|12 Rebiulevvel 1449
20270815|0429|0605|1310|1658|2006|2134|13 Rebiulevvel 1449
20270816|0431|0605|1310|1658|2004|2132|14 Rebiulevvel 1449
20270817|0432|0606|1310|1657|2003|2131|15 Rebiulevvel 1449
20270818|0434|0607|1309|1656|2002|2129|16 Rebiulevvel 1449
20270819|0435|0608|1309|1656|2000|2127|17 Rebiulevvel 1449
20270820|0436|0609|1309|1655|1959|2125|18 Rebiulevvel 1449
20270821|0438|0610|1309|1654|1957|2124|19 Rebiulevvel 1449
20270822|0439|0611|1309|1654|1956|2122|20 Rebiulevvel 1449
20270823|0440|0612|1308|1653|1954|2120|21 Rebiulevvel 1449
20270824|0442|0613|1308|1652|1953|2118|22 Rebiulevvel 1449
20270825|0443|0614|1308|1651|1951|2116|23 Rebiulevvel 1449
20270826|0444|0615|1307|1651|1950|2114|24 Rebiulevvel 1449
20270827|0446|0616|1307|1650|1948|2113|25 Rebiulevvel 1449
20270828|0447|0617|1307|1649|1947|2111|26 Rebiulevvel 1449
20270829|0448|0618|1307|1648|1945|2109|27 Rebiulevvel 1449
20270830|0450|0619|1306|1647|1944|2107|28 Rebiulevvel 1449
20270831|0451|0620|1306|1646|1942|2105|29 Rebiulevvel 1449
20270901|0452|0621|1306|1646|1941|2103|30 Rebiulevvel 1449
20270902|0453|0622|1305|1645|1939|2102|1 Rebiulahir 1449
20270903|0455|0623|1305|1644|1938|2100|2 Rebiulahir 1449
20270904|0456|0623|1305|1643|1936|2058|3 Rebiulahir 1449
20270905|0457|0624|1304|1642|1934|2056|4 Rebiulahir 1449
20270906|0458|0625|1304|1641|1933|2054|5 Rebiulahir 1449
20270907|0459|0626|1304|1640|1931|2052|6 Rebiulahir 1449
20270908|0501|0627|1303|1639|1930|2050|7 Rebiulahir 1449
20270909|0502|0628|1303|1638|1928|2049|8 Rebiulahir 1449
20270910|0503|0629|1303|1637|1926|2047|9 Rebiulahir 1449
20270911|0504|0630|1302|1636|1925|2045|10 Rebiulahir 1449
20270912|0505|0631|1302|1635|1923|2043|11 Rebiulahir 1449
20270913|0506|0632|1302|1634|1921|2041|12 Rebiulahir 1449
20270914|0508|0633|1301|1633|1920|2039|13 Rebiulahir 1449
20270915|0509|0634|1301|1632|1918|2038|14 Rebiulahir 1449
20270916|0510|0635|1301|1631|1916|2036|15 Rebiulahir 1449
20270917|0511|0636|1300|1630|1915|2034|16 Rebiulahir 1449
20270918|0512|0637|1300|1629|1913|2032|17 Rebiulahir 1449
20270919|0513|0638|1259|1627|1911|2030|18 Rebiulahir 1449
20270920|0514|0639|1259|1626|1910|2028|19 Rebiulahir 1449
20270921|0515|0639|1259|1625|1908|2027|20 Rebiulahir 1449
20270922|0516|0640|1258|1624|1906|2025|21 Rebiulahir 1449
20270923|0518|0641|1258|1623|1905|2023|22 Rebiulahir 1449
20270924|0519|0642|1258|1622|1903|2021|23 Rebiulahir 1449
20270925|0520|0643|1257|1621|1901|2020|24 Rebiulahir 1449
20270926|0521|0644|1257|1620|1900|2018|25 Rebiulahir 1449
20270927|0522|0645|1257|1618|1858|2016|26 Rebiulahir 1449
20270928|0523|0646|1256|1617|1856|2014|27 Rebiulahir 1449
20270929|0524|0647|1256|1616|1855|2013|28 Rebiulahir 1449
20270930|0525|0648|1256|1615|1853|2011|29 Rebiulahir 1449
20271001|0526|0649|1255|1614|1852|2009|1 Cemaziyelevvel 1449
20271002|0527|0650|1255|1613|1850|2008|2 Cemaziyelevvel 1449
20271003|0528|0651|1255|1611|1848|2006|3 Cemaziyelevvel 1449
20271004|0529|0652|1254|1610|1847|2004|4 Cemaziyelevvel 1449
20271005|0530|0653|1254|1609|1845|2003|5 Cemaziyelevvel 1449
20271006|0531|0654|1254|1608|1843|2001|6 Cemaziyelevvel 1449
20271007|0532|0655|1253|1607|1842|2000|7 Cemaziyelevvel 1449
20271008|0533|0656|1253|1606|1840|1958|8 Cemaziyelevvel 1449
20271009|0534|0657|1253|1604|1839|1956|9 Cemaziyelevvel 1449
20271010|0535|0658|1253|1603|1837|1955|10 Cemaziyelevvel 1449
20271011|0536|0659|1252|1602|1836|1953|11 Cemaziyelevvel 1449
20271012|0537|0700|1252|1601|1834|1952|12 Cemaziyelevvel 1449
20271013|0538|0701|1252|1600|1833|1950|13 Cemaziyelevvel 1449
20271014|0539|0702|1252|1559|1831|1949|14 Cemaziyelevvel 1449
20271015|0540|0703|1251|1557|1830|1947|15 Cemaziyelevvel 1449
20271016|0541|0704|1251|1556|1828|1946|16 Cemaziyelevvel 1449
20271017|0542|0705|1251|1555|1827|1944|17 Cemaziyelevvel 1449
20271018|0543|0706|1251|1554|1825|1943|18 Cemaziyelevvel 1449
20271019|0544|0707|1251|1553|1824|1942|19 Cemaziyelevvel 1449
20271020|0545|0709|1250|1552|1822|1940|20 Cemaziyelevvel 1449
20271021|0546|0710|1250|1551|1821|1939|21 Cemaziyelevvel 1449
20271022|0547|0711|1250|1550|1819|1938|22 Cemaziyelevvel 1449
20271023|0548|0712|1250|1549|1818|1936|23 Cemaziyelevvel 1449
20271024|0549|0713|1250|1547|1817|1935|24 Cemaziyelevvel 1449
20271025|0550|0714|1250|1546|1815|1934|25 Cemaziyelevvel 1449
20271026|0551|0715|1249|1545|1814|1932|26 Cemaziyelevvel 1449
20271027|0552|0716|1249|1544|1813|1931|27 Cemaziyelevvel 1449
20271028|0553|0717|1249|1543|1811|1930|28 Cemaziyelevvel 1449
20271029|0554|0718|1249|1542|1810|1929|29 Cemaziyelevvel 1449
20271030|0555|0720|1249|1541|1809|1928|30 Cemaziyelevvel 1449
20271031|0556|0721|1249|1540|1808|1927|1 Cemaziyelahir 1449
20271101|0557|0722|1249|1539|1806|1926|2 Cemaziyelahir 1449
20271102|0558|0723|1249|1538|1805|1925|3 Cemaziyelahir 1449
20271103|0559|0724|1249|1538|1804|1923|4 Cemaziyelahir 1449
20271104|0600|0725|1249|1537|1803|1922|5 Cemaziyelahir 1449
20271105|0601|0726|1249|1536|1802|1922|6 Cemaziyelahir 1449
20271106|0602|0727|1249|1535|1801|1921|7 Cemaziyelahir 1449
20271107|0603|0729|1249|1534|1800|1920|8 Cemaziyelahir 1449
20271108|0604|0730|1249|1533|1758|1919|9 Cemaziyelahir 1449
20271109|0605|0731|1249|1532|1757|1918|10 Cemaziyelahir 1449
20271110|0606|0732|1249|1532|1756|1917|11 Cemaziyelahir 1449
20271111|0607|0733|1249|1531|1756|1916|12 Cemaziyelahir 1449
20271112|0608|0734|1249|1530|1755|1915|13 Cemaziyelahir 1449
20271113|0609|0736|1250|1529|1754|1915|14 Cemaziyelahir 1449
20271114|0610|0737|1250|1529|1753|1914|15 Cemaziyelahir 1449
20271115|0611|0738|1250|1528|1752|1913|16 Cemaziyelahir 1449
20271116|0612|0739|1250|1527|1751|1913|17 Cemaziyelahir 1449
20271117|0613|0740|1250|1527|1750|1912|18 Cemaziyelahir 1449
20271118|0614|0741|1250|1526|1750|1911|19 Cemaziyelahir 1449
20271119|0615|0742|1251|1526|1749|1911|20 Cemaziyelahir 1449
20271120|0616|0744|1251|1525|1748|1910|21 Cemaziyelahir 1449
20271121|0617|0745|1251|1525|1748|1910|22 Cemaziyelahir 1449
20271122|0618|0746|1251|1524|1747|1909|23 Cemaziyelahir 1449
20271123|0619|0747|1252|1524|1746|1909|24 Cemaziyelahir 1449
20271124|0620|0748|1252|1523|1746|1909|25 Cemaziyelahir 1449
20271125|0621|0749|1252|1523|1745|1908|26 Cemaziyelahir 1449
20271126|0622|0750|1252|1523|1745|1908|27 Cemaziyelahir 1449
20271127|0623|0751|1253|1522|1744|1908|28 Cemaziyelahir 1449
20271128|0624|0752|1253|1522|1744|1907|29 Cemaziyelahir 1449
20271129|0624|0753|1253|1522|1744|1907|1 Recep 1449
20271130|0625|0754|1254|1522|1743|1907|2 Recep 1449
20271201|0626|0755|1254|1521|1743|1907|3 Recep 1449
20271202|0627|0756|1255|1521|1743|1907|4 Recep 1449
20271203|0628|0757|1255|1521|1743|1907|5 Recep 1449
20271204|0629|0758|1255|1521|1742|1906|6 Recep 1449
20271205|0630|0759|1256|1521|1742|1906|7 Recep 1449
20271206|0630|0800|1256|1521|1742|1906|8 Recep 1449
20271207|0631|0801|1257|1521|1742|1906|9 Recep 1449
20271208|0632|0802|1257|1521|1742|1907|10 Recep 1449
20271209|0633|0803|1257|1521|1742|1907|11 Recep 1449
20271210|0634|0804|1258|1521|1742|1907|12 Recep 1449
20271211|0634|0805|1258|1521|1742|1907|13 Recep 1449
20271212|0635|0805|1259|1521|1742|1907|14 Recep 1449
20271213|0636|0806|1259|1522|1742|1907|15 Recep 1449
20271214|0636|0807|1300|1522|1743|1908|16 Recep 1449
20271215|0637|0808|1300|1522|1743|1908|17 Recep 1449
20271216|0638|0808|1301|1522|1743|1908|18 Recep 1449
20271217|0638|0809|1301|1523|1743|1908|19 Recep 1449
20271218|0639|0810|1302|1523|1744|1909|20 Recep 1449
20271219|0640|0810|1302|1524|1744|1909|21 Recep 1449
20271220|0640|0811|1303|1524|1744|1910|22 Recep 1449
20271221|0641|0811|1303|1524|1745|1910|23 Recep 1449
20271222|0641|0812|1304|1525|1745|1911|24 Recep 1449
20271223|0642|0812|1304|1525|1746|1911|25 Recep 1449
20271224|0642|0813|1305|1526|1746|1912|26 Recep 1449
20271225|0643|0813|1305|1526|1747|1912|27 Recep 1449
20271226|0643|0814|1306|1527|1748|1913|28 Recep 1449
20271227|0643|0814|1306|1528|1748|1913|29 Recep 1449
20271228|0644|0814|1307|1528|1749|1914|30 Recep 1449
20271229|0644|0815|1307|1529|1750|1915|1 Şaban 1449
20271230|0644|0815|1308|1530|1750|1915|2 Şaban 1449
20271231|0645|0815|1308|1530|1751|1916|3 Şaban 1449
