# diyanet | surum=diyanet-2026-10-04.1 | il=BITLIS | yerlesim=7 | 2026-01-01..2027-12-31
#@9309|Adilcevaz|BITLIS|730
20260101|0552|0720|1217|1444|1704|1828|12 Recep 1447
20260102|0552|0721|1218|1444|1705|1828|13 Recep 1447
20260103|0552|0721|1218|1445|1706|1829|14 Recep 1447
20260104|0552|0721|1219|1446|1707|1830|15 Recep 1447
20260105|0553|0721|1219|1447|1708|1831|16 Recep 1447
20260106|0553|0721|1220|1448|1709|1831|17 Recep 1447
20260107|0553|0721|1220|1448|1710|1832|18 Recep 1447
20260108|0553|0721|1221|1449|1711|1833|19 Recep 1447
20260109|0553|0720|1221|1450|1712|1834|20 Recep 1447
20260110|0553|0720|1221|1451|1713|1835|21 Recep 1447
20260111|0553|0720|1222|1452|1714|1836|22 Recep 1447
20260112|0553|0720|1222|1453|1715|1837|23 Recep 1447
20260113|0552|0720|1223|1454|1716|1837|24 Recep 1447
20260114|0552|0719|1223|1455|1717|1838|25 Recep 1447
20260115|0552|0719|1223|1456|1718|1839|26 Recep 1447
20260116|0552|0719|1224|1457|1719|1840|27 Recep 1447
20260117|0552|0718|1224|1458|1720|1841|28 Recep 1447
20260118|0551|0718|1224|1458|1721|1842|29 Recep 1447
20260119|0551|0717|1225|1459|1722|1843|30 Recep 1447
20260120|0551|0717|1225|1500|1723|1844|1 Şaban 1447
20260121|0550|0716|1225|1501|1724|1845|2 Şaban 1447
20260122|0550|0716|1226|1502|1725|1846|3 Şaban 1447
20260123|0550|0715|1226|1503|1726|1847|4 Şaban 1447
20260124|0549|0715|1226|1504|1728|1848|5 Şaban 1447
20260125|0549|0714|1226|1505|1729|1849|6 Şaban 1447
20260126|0548|0713|1226|1506|1730|1850|7 Şaban 1447
20260127|0547|0713|1227|1507|1731|1851|8 Şaban 1447
20260128|0547|0712|1227|1508|1732|1852|9 Şaban 1447
20260129|0546|0711|1227|1509|1733|1853|10 Şaban 1447
20260130|0546|0710|1227|1510|1734|1854|11 Şaban 1447
20260131|0545|0709|1227|1511|1736|1855|12 Şaban 1447
20260201|0544|0708|1228|1512|1737|1856|13 Şaban 1447
20260202|0543|0708|1228|1513|1738|1857|14 Şaban 1447
20260203|0543|0707|1228|1514|1739|1858|15 Şaban 1447
20260204|0542|0706|1228|1515|1740|1859|16 Şaban 1447
20260205|0541|0705|1228|1516|1741|1900|17 Şaban 1447
20260206|0540|0704|1228|1517|1742|1901|18 Şaban 1447
20260207|0539|0703|1228|1518|1744|1902|19 Şaban 1447
20260208|0538|0702|1228|1519|1745|1903|20 Şaban 1447
20260209|0537|0701|1228|1520|1746|1904|21 Şaban 1447
20260210|0536|0659|1228|1521|1747|1905|22 Şaban 1447
20260211|0535|0658|1228|1521|1748|1906|23 Şaban 1447
20260212|0534|0657|1228|1522|1749|1907|24 Şaban 1447
20260213|0533|0656|1228|1523|1750|1908|25 Şaban 1447
20260214|0532|0655|1228|1524|1752|1909|26 Şaban 1447
20260215|0531|0654|1228|1525|1753|1910|27 Şaban 1447
20260216|0530|0652|1228|1526|1754|1911|28 Şaban 1447
20260217|0529|0651|1228|1527|1755|1912|29 Şaban 1447
20260218|0528|0650|1228|1527|1756|1913|30 Şaban 1447
20260219|0527|0649|1228|1528|1757|1914|1 Ramazan 1447
20260220|0525|0647|1228|1529|1758|1915|2 Ramazan 1447
20260221|0524|0646|1228|1530|1759|1916|3 Ramazan 1447
20260222|0523|0645|1228|1531|1800|1917|4 Ramazan 1447
20260223|0522|0643|1227|1531|1802|1918|5 Ramazan 1447
20260224|0520|0642|1227|1532|1803|1919|6 Ramazan 1447
20260225|0519|0641|1227|1533|1804|1920|7 Ramazan 1447
20260226|0518|0639|1227|1534|1805|1921|8 Ramazan 1447
20260227|0516|0638|1227|1534|1806|1922|9 Ramazan 1447
20260228|0515|0636|1227|1535|1807|1923|10 Ramazan 1447
20260301|0514|0635|1226|1536|1808|1924|11 Ramazan 1447
20260302|0512|0634|1226|1536|1809|1925|12 Ramazan 1447
20260303|0511|0632|1226|1537|1810|1926|13 Ramazan 1447
20260304|0509|0631|1226|1538|1811|1927|14 Ramazan 1447
20260305|0508|0629|1226|1538|1812|1928|15 Ramazan 1447
20260306|0506|0628|1225|1539|1813|1929|16 Ramazan 1447
20260307|0505|0626|1225|1539|1814|1930|17 Ramazan 1447
20260308|0503|0625|1225|1540|1815|1931|18 Ramazan 1447
20260309|0502|0623|1225|1541|1816|1932|19 Ramazan 1447
20260310|0500|0622|1224|1541|1817|1933|20 Ramazan 1447
20260311|0459|0620|1224|1542|1818|1935|21 Ramazan 1447
20260312|0457|0619|1224|1542|1819|1936|22 Ramazan 1447
20260313|0456|0617|1224|1543|1820|1937|23 Ramazan 1447
20260314|0454|0616|1223|1543|1821|1938|24 Ramazan 1447
20260315|0452|0614|1223|1544|1822|1939|25 Ramazan 1447
20260316|0451|0612|1223|1544|1823|1940|26 Ramazan 1447
20260317|0449|0611|1223|1545|1824|1941|27 Ramazan 1447
20260318|0447|0609|1222|1545|1825|1942|28 Ramazan 1447
20260319|0446|0608|1222|1546|1826|1943|29 Ramazan 1447
20260320|0444|0606|1222|1546|1827|1944|1 Şevval 1447
20260321|0442|0605|1221|1547|1828|1945|2 Şevval 1447
20260322|0441|0603|1221|1547|1829|1946|3 Şevval 1447
20260323|0439|0601|1221|1548|1830|1947|4 Şevval 1447
20260324|0437|0600|1220|1548|1831|1948|5 Şevval 1447
20260325|0436|0558|1220|1549|1832|1949|6 Şevval 1447
20260326|0434|0557|1220|1549|1833|1951|7 Şevval 1447
20260327|0432|0555|1220|1549|1834|1952|8 Şevval 1447
20260328|0430|0554|1219|1550|1835|1953|9 Şevval 1447
20260329|0429|0552|1219|1550|1836|1954|10 Şevval 1447
20260330|0427|0551|1219|1550|1837|1955|11 Şevval 1447
20260331|0425|0549|1218|1551|1838|1956|12 Şevval 1447
20260401|0423|0547|1218|1551|1839|1957|13 Şevval 1447
20260402|0422|0546|1218|1552|1840|1958|14 Şevval 1447
20260403|0420|0544|1217|1552|1841|2000|15 Şevval 1447
20260404|0418|0543|1217|1552|1842|2001|16 Şevval 1447
20260405|0416|0541|1217|1552|1843|2002|17 Şevval 1447
20260406|0415|0540|1217|1553|1844|2003|18 Şevval 1447
20260407|0413|0538|1216|1553|1845|2004|19 Şevval 1447
20260408|0411|0537|1216|1553|1846|2005|20 Şevval 1447
20260409|0409|0535|1216|1554|1846|2007|21 Şevval 1447
20260410|0407|0534|1216|1554|1847|2008|22 Şevval 1447
20260411|0406|0532|1215|1554|1848|2009|23 Şevval 1447
20260412|0404|0531|1215|1555|1849|2010|24 Şevval 1447
20260413|0402|0529|1215|1555|1850|2012|25 Şevval 1447
20260414|0400|0528|1214|1555|1851|2013|26 Şevval 1447
20260415|0359|0526|1214|1555|1852|2014|27 Şevval 1447
20260416|0357|0525|1214|1556|1853|2015|28 Şevval 1447
20260417|0355|0523|1214|1556|1854|2017|29 Şevval 1447
20260418|0353|0522|1214|1556|1855|2018|1 Zilkade 1447
20260419|0352|0521|1213|1556|1856|2019|2 Zilkade 1447
20260420|0350|0519|1213|1557|1857|2020|3 Zilkade 1447
20260421|0348|0518|1213|1557|1858|2022|4 Zilkade 1447
20260422|0346|0516|1213|1557|1859|2023|5 Zilkade 1447
20260423|0345|0515|1212|1557|1900|2024|6 Zilkade 1447
20260424|0343|0514|1212|1557|1901|2026|7 Zilkade 1447
20260425|0341|0512|1212|1558|1902|2027|8 Zilkade 1447
20260426|0339|0511|1212|1558|1903|2028|9 Zilkade 1447
20260427|0338|0510|1212|1558|1904|2030|10 Zilkade 1447
20260428|0336|0509|1212|1558|1905|2031|11 Zilkade 1447
20260429|0334|0507|1211|1559|1906|2032|12 Zilkade 1447
20260430|0333|0506|1211|1559|1907|2034|13 Zilkade 1447
20260501|0331|0505|1211|1559|1908|2035|14 Zilkade 1447
20260502|0330|0504|1211|1559|1909|2036|15 Zilkade 1447
20260503|0328|0503|1211|1559|1910|2038|16 Zilkade 1447
20260504|0326|0501|1211|1600|1911|2039|17 Zilkade 1447
20260505|0325|0500|1211|1600|1911|2040|18 Zilkade 1447
20260506|0323|0459|1211|1600|1912|2042|19 Zilkade 1447
20260507|0322|0458|1211|1600|1913|2043|20 Zilkade 1447
20260508|0320|0457|1211|1601|1914|2044|21 Zilkade 1447
20260509|0319|0456|1211|1601|1915|2046|22 Zilkade 1447
20260510|0317|0455|1211|1601|1916|2047|23 Zilkade 1447
20260511|0316|0454|1210|1601|1917|2048|24 Zilkade 1447
20260512|0314|0453|1210|1601|1918|2050|25 Zilkade 1447
20260513|0313|0452|1210|1602|1919|2051|26 Zilkade 1447
20260514|0311|0451|1210|1602|1920|2053|27 Zilkade 1447
20260515|0310|0450|1210|1602|1921|2054|28 Zilkade 1447
20260516|0309|0449|1210|1602|1922|2055|29 Zilkade 1447
20260517|0307|0448|1210|1603|1923|2056|30 Zilkade 1447
20260518|0306|0448|1211|1603|1923|2058|1 Zilhicce 1447
20260519|0305|0447|1211|1603|1924|2059|2 Zilhicce 1447
20260520|0304|0446|1211|1603|1925|2100|3 Zilhicce 1447
20260521|0302|0445|1211|1603|1926|2102|4 Zilhicce 1447
20260522|0301|0445|1211|1604|1927|2103|5 Zilhicce 1447
20260523|0300|0444|1211|1604|1928|2104|6 Zilhicce 1447
20260524|0259|0443|1211|1604|1929|2105|7 Zilhicce 1447
20260525|0258|0443|1211|1604|1929|2107|8 Zilhicce 1447
20260526|0257|0442|1211|1605|1930|2108|9 Zilhicce 1447
20260527|0256|0441|1211|1605|1931|2109|10 Zilhicce 1447
20260528|0255|0441|1211|1605|1932|2110|11 Zilhicce 1447
20260529|0254|0440|1211|1605|1933|2111|12 Zilhicce 1447
20260530|0253|0440|1212|1606|1933|2112|13 Zilhicce 1447
20260531|0252|0439|1212|1606|1934|2113|14 Zilhicce 1447
20260601|0251|0439|1212|1606|1935|2114|15 Zilhicce 1447
20260602|0251|0439|1212|1606|1935|2115|16 Zilhicce 1447
20260603|0250|0438|1212|1607|1936|2116|17 Zilhicce 1447
20260604|0249|0438|1212|1607|1937|2117|18 Zilhicce 1447
20260605|0249|0438|1213|1607|1937|2118|19 Zilhicce 1447
20260606|0248|0437|1213|1607|1938|2119|20 Zilhicce 1447
20260607|0248|0437|1213|1608|1939|2120|21 Zilhicce 1447
20260608|0247|0437|1213|1608|1939|2121|22 Zilhicce 1447
20260609|0247|0437|1213|1608|1940|2122|23 Zilhicce 1447
20260610|0246|0437|1213|1608|1940|2122|24 Zilhicce 1447
20260611|0246|0437|1214|1609|1941|2123|25 Zilhicce 1447
20260612|0246|0437|1214|1609|1941|2124|26 Zilhicce 1447
20260613|0246|0436|1214|1609|1942|2124|27 Zilhicce 1447
20260614|0245|0436|1214|1609|1942|2125|28 Zilhicce 1447
20260615|0245|0437|1214|1610|1943|2126|29 Zilhicce 1447
20260616|0245|0437|1215|1610|1943|2126|1 Muharrem 1448
20260617|0245|0437|1215|1610|1943|2126|2 Muharrem 1448
20260618|0245|0437|1215|1610|1944|2127|3 Muharrem 1448
20260619|0245|0437|1215|1610|1944|2127|4 Muharrem 1448
20260620|0245|0437|1216|1611|1944|2128|5 Muharrem 1448
20260621|0246|0437|1216|1611|1944|2128|6 Muharrem 1448
20260622|0246|0437|1216|1611|1945|2128|7 Muharrem 1448
20260623|0246|0438|1216|1611|1945|2128|8 Muharrem 1448
20260624|0246|0438|1216|1612|1945|2128|9 Muharrem 1448
20260625|0247|0438|1217|1612|1945|2128|10 Muharrem 1448
20260626|0247|0439|1217|1612|1945|2128|11 Muharrem 1448
20260627|0248|0439|1217|1612|1945|2128|12 Muharrem 1448
20260628|0248|0439|1217|1612|1945|2128|13 Muharrem 1448
20260629|0249|0440|1217|1613|1945|2128|14 Muharrem 1448
20260630|0249|0440|1218|1613|1945|2128|15 Muharrem 1448
20260701|0250|0441|1218|1613|1945|2128|16 Muharrem 1448
20260702|0251|0441|1218|1613|1945|2127|17 Muharrem 1448
20260703|0251|0442|1218|1613|1945|2127|18 Muharrem 1448
20260704|0252|0442|1218|1613|1945|2127|19 Muharrem 1448
20260705|0253|0443|1219|1613|1945|2126|20 Muharrem 1448
20260706|0254|0443|1219|1613|1944|2126|21 Muharrem 1448
20260707|0255|0444|1219|1614|1944|2125|22 Muharrem 1448
20260708|0256|0444|1219|1614|1944|2125|23 Muharrem 1448
20260709|0257|0445|1219|1614|1944|2124|24 Muharrem 1448
20260710|0257|0446|1219|1614|1943|2123|25 Muharrem 1448
20260711|0259|0446|1220|1614|1943|2123|26 Muharrem 1448
20260712|0300|0447|1220|1614|1942|2122|27 Muharrem 1448
20260713|0301|0448|1220|1614|1942|2121|28 Muharrem 1448
20260714|0302|0448|1220|1614|1941|2120|29 Muharrem 1448
20260715|0303|0449|1220|1614|1941|2120|1 Safer 1448
20260716|0304|0450|1220|1614|1940|2119|2 Safer 1448
20260717|0305|0451|1220|1614|1940|2118|3 Safer 1448
20260718|0306|0451|1220|1614|1939|2117|4 Safer 1448
20260719|0308|0452|1220|1614|1939|2116|5 Safer 1448
20260720|0309|0453|1220|1614|1938|2115|6 Safer 1448
20260721|0310|0454|1221|1614|1937|2114|7 Safer 1448
20260722|0311|0455|1221|1613|1937|2113|8 Safer 1448
20260723|0313|0455|1221|1613|1936|2111|9 Safer 1448
20260724|0314|0456|1221|1613|1935|2110|10 Safer 1448
20260725|0315|0457|1221|1613|1934|2109|11 Safer 1448
20260726|0316|0458|1221|1613|1933|2108|12 Safer 1448
20260727|0318|0459|1221|1613|1933|2106|13 Safer 1448
20260728|0319|0500|1221|1612|1932|2105|14 Safer 1448
20260729|0320|0500|1221|1612|1931|2104|15 Safer 1448
20260730|0322|0501|1221|1612|1930|2102|16 Safer 1448
20260731|0323|0502|1221|1612|1929|2101|17 Safer 1448
20260801|0324|0503|1220|1611|1928|2100|18 Safer 1448
20260802|0326|0504|1220|1611|1927|2058|19 Safer 1448
20260803|0327|0505|1220|1611|1926|2057|20 Safer 1448
20260804|0328|0506|1220|1610|1925|2055|21 Safer 1448
20260805|0330|0507|1220|1610|1924|2054|22 Safer 1448
20260806|0331|0507|1220|1610|1923|2052|23 Safer 1448
20260807|0332|0508|1220|1609|1922|2051|24 Safer 1448
20260808|0334|0509|1220|1609|1920|2049|25 Safer 1448
20260809|0335|0510|1220|1608|1919|2048|26 Safer 1448
20260810|0336|0511|1220|1608|1918|2046|27 Safer 1448
20260811|0338|0512|1219|1608|1917|2045|28 Safer 1448
20260812|0339|0513|1219|1607|1916|2043|29 Safer 1448
20260813|0340|0514|1219|1607|1914|2041|30 Safer 1448
20260814|0342|0515|1219|1606|1913|2040|1 Rebiulevvel 1448
20260815|0343|0516|1219|1605|1912|2038|2 Rebiulevvel 1448
20260816|0344|0516|1218|1605|1911|2036|3 Rebiulevvel 1448
20260817|0346|0517|1218|1604|1909|2035|4 Rebiulevvel 1448
20260818|0347|0518|1218|1604|1908|2033|5 Rebiulevvel 1448
20260819|0348|0519|1218|1603|1907|2031|6 Rebiulevvel 1448
20260820|0350|0520|1218|1602|1905|2030|7 Rebiulevvel 1448
20260821|0351|0521|1217|1602|1904|2028|8 Rebiulevvel 1448
20260822|0352|0522|1217|1601|1902|2026|9 Rebiulevvel 1448
20260823|0353|0523|1217|1600|1901|2024|10 Rebiulevvel 1448
20260824|0355|0524|1217|1600|1900|2023|11 Rebiulevvel 1448
20260825|0356|0525|1216|1559|1858|2021|12 Rebiulevvel 1448
20260826|0357|0525|1216|1558|1857|2019|13 Rebiulevvel 1448
20260827|0358|0526|1216|1557|1855|2017|14 Rebiulevvel 1448
20260828|0400|0527|1215|1557|1854|2016|15 Rebiulevvel 1448
20260829|0401|0528|1215|1556|1852|2014|16 Rebiulevvel 1448
20260830|0402|0529|1215|1555|1851|2012|17 Rebiulevvel 1448
20260831|0403|0530|1215|1554|1849|2010|18 Rebiulevvel 1448
20260901|0404|0531|1214|1553|1848|2008|19 Rebiulevvel 1448
20260902|0405|0532|1214|1553|1846|2007|20 Rebiulevvel 1448
20260903|0407|0533|1214|1552|1845|2005|21 Rebiulevvel 1448
20260904|0408|0533|1213|1551|1843|2003|22 Rebiulevvel 1448
20260905|0409|0534|1213|1550|1842|2001|23 Rebiulevvel 1448
20260906|0410|0535|1213|1549|1840|2000|24 Rebiulevvel 1448
20260907|0411|0536|1212|1548|1838|1958|25 Rebiulevvel 1448
20260908|0412|0537|1212|1547|1837|1956|26 Rebiulevvel 1448
20260909|0413|0538|1212|1546|1835|1954|27 Rebiulevvel 1448
20260910|0415|0539|1211|1545|1834|1952|28 Rebiulevvel 1448
20260911|0416|0540|1211|1544|1832|1951|29 Rebiulevvel 1448
20260912|0417|0541|1211|1543|1831|1949|1 Rebiulahir 1448
20260913|0418|0541|1210|1542|1829|1947|2 Rebiulahir 1448
20260914|0419|0542|1210|1541|1827|1945|3 Rebiulahir 1448
20260915|0420|0543|1209|1540|1826|1944|4 Rebiulahir 1448
20260916|0421|0544|1209|1539|1824|1942|5 Rebiulahir 1448
20260917|0422|0545|1209|1538|1823|1940|6 Rebiulahir 1448
20260918|0423|0546|1208|1537|1821|1938|7 Rebiulahir 1448
20260919|0424|0547|1208|1536|1819|1937|8 Rebiulahir 1448
20260920|0425|0548|1208|1535|1818|1935|9 Rebiulahir 1448
20260921|0426|0549|1207|1534|1816|1933|10 Rebiulahir 1448
20260922|0427|0549|1207|1533|1815|1931|11 Rebiulahir 1448
20260923|0428|0550|1207|1532|1813|1930|12 Rebiulahir 1448
20260924|0429|0551|1206|1531|1811|1928|13 Rebiulahir 1448
20260925|0430|0552|1206|1530|1810|1926|14 Rebiulahir 1448
20260926|0431|0553|1206|1528|1808|1925|15 Rebiulahir 1448
20260927|0432|0554|1205|1527|1807|1923|16 Rebiulahir 1448
20260928|0433|0555|1205|1526|1805|1921|17 Rebiulahir 1448
20260929|0434|0556|1205|1525|1803|1920|18 Rebiulahir 1448
20260930|0435|0557|1204|1524|1802|1918|19 Rebiulahir 1448
20261001|0436|0558|1204|1523|1800|1916|20 Rebiulahir 1448
20261002|0437|0559|1204|1522|1759|1915|21 Rebiulahir 1448
20261003|0438|0559|1203|1521|1757|1913|22 Rebiulahir 1448
20261004|0439|0600|1203|1520|1755|1912|23 Rebiulahir 1448
20261005|0440|0601|1203|1518|1754|1910|24 Rebiulahir 1448
20261006|0441|0602|1202|1517|1752|1909|25 Rebiulahir 1448
20261007|0442|0603|1202|1516|1751|1907|26 Rebiulahir 1448
20261008|0443|0604|1202|1515|1749|1905|27 Rebiulahir 1448
20261009|0444|0605|1201|1514|1748|1904|28 Rebiulahir 1448
20261010|0445|0606|1201|1513|1746|1902|29 Rebiulahir 1448
20261011|0446|0607|1201|1512|1745|1901|30 Rebiulahir 1448
20261012|0447|0608|1201|1511|1743|1900|1 Cemaziyelevvel 1448
20261013|0448|0609|1200|1509|1742|1858|2 Cemaziyelevvel 1448
20261014|0449|0610|1200|1508|1740|1857|3 Cemaziyelevvel 1448
20261015|0450|0611|1200|1507|1739|1855|4 Cemaziyelevvel 1448
20261016|0451|0612|1200|1506|1737|1854|5 Cemaziyelevvel 1448
20261017|0451|0613|1200|1505|1736|1852|6 Cemaziyelevvel 1448
20261018|0452|0614|1159|1504|1735|1851|7 Cemaziyelevvel 1448
20261019|0453|0615|1159|1503|1733|1850|8 Cemaziyelevvel 1448
20261020|0454|0616|1159|1502|1732|1848|9 Cemaziyelevvel 1448
20261021|0455|0617|1159|1501|1730|1847|10 Cemaziyelevvel 1448
20261022|0456|0618|1159|1500|1729|1846|11 Cemaziyelevvel 1448
20261023|0457|0619|1158|1459|1728|1845|12 Cemaziyelevvel 1448
20261024|0458|0620|1158|1458|1726|1843|13 Cemaziyelevvel 1448
20261025|0459|0621|1158|1457|1725|1842|14 Cemaziyelevvel 1448
20261026|0500|0622|1158|1456|1724|1841|15 Cemaziyelevvel 1448
20261027|0501|0623|1158|1455|1723|1840|16 Cemaziyelevvel 1448
20261028|0502|0624|1158|1454|1721|1839|17 Cemaziyelevvel 1448
20261029|0503|0625|1158|1453|1720|1838|18 Cemaziyelevvel 1448
20261030|0504|0627|1158|1452|1719|1837|19 Cemaziyelevvel 1448
20261031|0505|0628|1158|1451|1718|1836|20 Cemaziyelevvel 1448
20261101|0506|0629|1158|1450|1717|1834|21 Cemaziyelevvel 1448
20261102|0507|0630|1158|1449|1716|1833|22 Cemaziyelevvel 1448
20261103|0508|0631|1158|1448|1714|1833|23 Cemaziyelevvel 1448
20261104|0509|0632|1158|1447|1713|1832|24 Cemaziyelevvel 1448
20261105|0510|0633|1158|1447|1712|1831|25 Cemaziyelevvel 1448
20261106|0511|0634|1158|1446|1711|1830|26 Cemaziyelevvel 1448
20261107|0511|0635|1158|1445|1710|1829|27 Cemaziyelevvel 1448
20261108|0512|0636|1158|1444|1709|1828|28 Cemaziyelevvel 1448
20261109|0513|0637|1158|1443|1708|1827|29 Cemaziyelevvel 1448
20261110|0514|0639|1158|1443|1707|1826|1 Cemaziyelahir 1448
20261111|0515|0640|1158|1442|1706|1826|2 Cemaziyelahir 1448
20261112|0516|0641|1158|1441|1706|1825|3 Cemaziyelahir 1448
20261113|0517|0642|1158|1441|1705|1824|4 Cemaziyelahir 1448
20261114|0518|0643|1158|1440|1704|1824|5 Cemaziyelahir 1448
20261115|0519|0644|1159|1439|1703|1823|6 Cemaziyelahir 1448
20261116|0520|0645|1159|1439|1702|1822|7 Cemaziyelahir 1448
20261117|0521|0646|1159|1438|1702|1822|8 Cemaziyelahir 1448
20261118|0522|0647|1159|1438|1701|1821|9 Cemaziyelahir 1448
20261119|0523|0648|1159|1437|1700|1821|10 Cemaziyelahir 1448
20261120|0524|0650|1200|1437|1700|1820|11 Cemaziyelahir 1448
20261121|0525|0651|1200|1436|1659|1820|12 Cemaziyelahir 1448
20261122|0526|0652|1200|1436|1658|1819|13 Cemaziyelahir 1448
20261123|0527|0653|1200|1435|1658|1819|14 Cemaziyelahir 1448
20261124|0527|0654|1201|1435|1657|1819|15 Cemaziyelahir 1448
20261125|0528|0655|1201|1435|1657|1818|16 Cemaziyelahir 1448
20261126|0529|0656|1201|1434|1657|1818|17 Cemaziyelahir 1448
20261127|0530|0657|1202|1434|1656|1818|18 Cemaziyelahir 1448
20261128|0531|0658|1202|1434|1656|1817|19 Cemaziyelahir 1448
20261129|0532|0659|1202|1434|1655|1817|20 Cemaziyelahir 1448
20261130|0533|0700|1203|1433|1655|1817|21 Cemaziyelahir 1448
20261201|0534|0701|1203|1433|1655|1817|22 Cemaziyelahir 1448
20261202|0534|0702|1203|1433|1655|1817|23 Cemaziyelahir 1448
20261203|0535|0703|1204|1433|1654|1817|24 Cemaziyelahir 1448
20261204|0536|0704|1204|1433|1654|1817|25 Cemaziyelahir 1448
20261205|0537|0705|1204|1433|1654|1817|26 Cemaziyelahir 1448
20261206|0538|0706|1205|1433|1654|1817|27 Cemaziyelahir 1448
20261207|0539|0707|1205|1433|1654|1817|28 Cemaziyelahir 1448
20261208|0539|0707|1206|1433|1654|1817|29 Cemaziyelahir 1448
20261209|0540|0708|1206|1433|1654|1817|30 Cemaziyelahir 1448
20261210|0541|0709|1207|1433|1654|1817|1 Recep 1448
20261211|0541|0710|1207|1433|1654|1817|2 Recep 1448
20261212|0542|0711|1208|1434|1654|1818|3 Recep 1448
20261213|0543|0711|1208|1434|1655|1818|4 Recep 1448
20261214|0544|0712|1208|1434|1655|1818|5 Recep 1448
20261215|0544|0713|1209|1434|1655|1818|6 Recep 1448
20261216|0545|0714|1209|1435|1655|1819|7 Recep 1448
20261217|0545|0714|1210|1435|1656|1819|8 Recep 1448
20261218|0546|0715|1210|1435|1656|1819|9 Recep 1448
20261219|0547|0715|1211|1436|1656|1820|10 Recep 1448
20261220|0547|0716|1211|1436|1657|1820|11 Recep 1448
20261221|0548|0717|1212|1437|1657|1821|12 Recep 1448
20261222|0548|0717|1212|1437|1658|1821|13 Recep 1448
20261223|0549|0718|1213|1438|1658|1822|14 Recep 1448
20261224|0549|0718|1213|1438|1659|1822|15 Recep 1448
20261225|0550|0718|1214|1439|1659|1823|16 Recep 1448
20261226|0550|0719|1214|1439|1700|1823|17 Recep 1448
20261227|0550|0719|1215|1440|1701|1824|18 Recep 1448
20261228|0551|0719|1215|1441|1701|1825|19 Recep 1448
20261229|0551|0720|1216|1441|1702|1825|20 Recep 1448
20261230|0551|0720|1216|1442|1703|1826|21 Recep 1448
20261231|0552|0720|1217|1443|1703|1827|22 Recep 1448
20270101|0552|0720|1217|1443|1704|1827|23 Recep 1448
20270102|0552|0720|1218|1444|1705|1828|24 Recep 1448
20270103|0552|0721|1218|1445|1706|1829|25 Recep 1448
20270104|0552|0721|1219|1446|1707|1830|26 Recep 1448
20270105|0553|0721|1219|1447|1708|1830|27 Recep 1448
20270106|0553|0721|1220|1447|1709|1831|28 Recep 1448
20270107|0553|0721|1220|1448|1709|1832|29 Recep 1448
20270108|0553|0721|1220|1449|1710|1833|30 Recep 1448
20270109|0553|0721|1221|1450|1711|1834|1 Şaban 1448
20270110|0553|0720|1221|1451|1712|1835|2 Şaban 1448
20270111|0553|0720|1222|1452|1713|1835|3 Şaban 1448
20270112|0553|0720|1222|1453|1714|1836|4 Şaban 1448
20270113|0553|0720|1222|1454|1715|1837|5 Şaban 1448
20270114|0552|0719|1223|1454|1716|1838|6 Şaban 1448
20270115|0552|0719|1223|1455|1717|1839|7 Şaban 1448
20270116|0552|0719|1224|1456|1718|1840|8 Şaban 1448
20270117|0552|0718|1224|1457|1719|1841|9 Şaban 1448
20270118|0551|0718|1224|1458|1721|1842|10 Şaban 1448
20270119|0551|0718|1225|1459|1722|1843|11 Şaban 1448
20270120|0551|0717|1225|1500|1723|1844|12 Şaban 1448
20270121|0550|0716|1225|1501|1724|1845|13 Şaban 1448
20270122|0550|0716|1225|1502|1725|1846|14 Şaban 1448
20270123|0550|0715|1226|1503|1726|1847|15 Şaban 1448
20270124|0549|0715|1226|1504|1727|1848|16 Şaban 1448
20270125|0549|0714|1226|1505|1728|1849|17 Şaban 1448
20270126|0548|0713|1226|1506|1730|1850|18 Şaban 1448
20270127|0548|0713|1227|1507|1731|1851|19 Şaban 1448
20270128|0547|0712|1227|1508|1732|1852|20 Şaban 1448
20270129|0546|0711|1227|1509|1733|1853|21 Şaban 1448
20270130|0546|0710|1227|1510|1734|1854|22 Şaban 1448
20270131|0545|0710|1227|1511|1735|1855|23 Şaban 1448
20270201|0544|0709|1228|1512|1736|1856|24 Şaban 1448
20270202|0544|0708|1228|1513|1738|1857|25 Şaban 1448
20270203|0543|0707|1228|1514|1739|1858|26 Şaban 1448
20270204|0542|0706|1228|1515|1740|1859|27 Şaban 1448
20270205|0541|0705|1228|1516|1741|1900|28 Şaban 1448
20270206|0540|0704|1228|1517|1742|1901|29 Şaban 1448
20270207|0540|0703|1228|1518|1743|1902|30 Şaban 1448
20270208|0539|0702|1228|1518|1745|1903|1 Ramazan 1448
20270209|0538|0701|1228|1519|1746|1904|2 Ramazan 1448
20270210|0537|0700|1228|1520|1747|1905|3 Ramazan 1448
20270211|0536|0659|1228|1521|1748|1906|4 Ramazan 1448
20270212|0535|0657|1228|1522|1749|1907|5 Ramazan 1448
20270213|0534|0656|1228|1523|1750|1908|6 Ramazan 1448
20270214|0533|0655|1228|1524|1751|1909|7 Ramazan 1448
20270215|0532|0654|1228|1525|1752|1910|8 Ramazan 1448
20270216|0530|0653|1228|1526|1754|1911|9 Ramazan 1448
20270217|0529|0652|1228|1526|1755|1912|10 Ramazan 1448
20270218|0528|0650|1228|1527|1756|1913|11 Ramazan 1448
20270219|0527|0649|1228|1528|1757|1914|12 Ramazan 1448
20270220|0526|0648|1228|1529|1758|1915|13 Ramazan 1448
20270221|0525|0646|1228|1530|1759|1916|14 Ramazan 1448
20270222|0523|0645|1228|1530|1800|1917|15 Ramazan 1448
20270223|0522|0644|1227|1531|1801|1918|16 Ramazan 1448
20270224|0521|0642|1227|1532|1802|1919|17 Ramazan 1448
20270225|0519|0641|1227|1533|1803|1920|18 Ramazan 1448
20270226|0518|0640|1227|1533|1805|1921|19 Ramazan 1448
20270227|0517|0638|1227|1534|1806|1922|20 Ramazan 1448
20270228|0515|0637|1227|1535|1807|1923|21 Ramazan 1448
20270301|0514|0635|1227|1535|1808|1924|22 Ramazan 1448
20270302|0513|0634|1226|1536|1809|1925|23 Ramazan 1448
20270303|0511|0632|1226|1537|1810|1926|24 Ramazan 1448
20270304|0510|0631|1226|1537|1811|1927|25 Ramazan 1448
20270305|0508|0630|1226|1538|1812|1928|26 Ramazan 1448
20270306|0507|0628|1225|1539|1813|1929|27 Ramazan 1448
20270307|0505|0627|1225|1539|1814|1930|28 Ramazan 1448
20270308|0504|0625|1225|1540|1815|1931|29 Ramazan 1448
20270309|0502|0624|1225|1541|1816|1932|1 Şevval 1448
20270310|0501|0622|1225|1541|1817|1933|2 Şevval 1448
20270311|0459|0621|1224|1542|1818|1934|3 Şevval 1448
20270312|0458|0619|1224|1542|1819|1935|4 Şevval 1448
20270313|0456|0617|1224|1543|1820|1936|5 Şevval 1448
20270314|0454|0616|1223|1543|1821|1937|6 Şevval 1448
20270315|0453|0614|1223|1544|1822|1938|7 Şevval 1448
20270316|0451|0613|1223|1544|1823|1939|8 Şevval 1448
20270317|0449|0611|1223|1545|1824|1941|9 Şevval 1448
20270318|0448|0610|1222|1545|1825|1942|10 Şevval 1448
20270319|0446|0608|1222|1546|1826|1943|11 Şevval 1448
20270320|0444|0607|1222|1546|1827|1944|12 Şevval 1448
20270321|0443|0605|1221|1547|1828|1945|13 Şevval 1448
20270322|0441|0603|1221|1547|1829|1946|14 Şevval 1448
20270323|0439|0602|1221|1548|1830|1947|15 Şevval 1448
20270324|0438|0600|1221|1548|1831|1948|16 Şevval 1448
20270325|0436|0559|1220|1548|1832|1949|17 Şevval 1448
20270326|0434|0557|1220|1549|1833|1950|18 Şevval 1448
20270327|0433|0556|1220|1549|1834|1951|19 Şevval 1448
20270328|0431|0554|1219|1550|1835|1952|20 Şevval 1448
20270329|0429|0552|1219|1550|1836|1954|21 Şevval 1448
20270330|0427|0551|1219|1550|1837|1955|22 Şevval 1448
20270331|0426|0549|1218|1551|1838|1956|23 Şevval 1448
20270401|0424|0548|1218|1551|1839|1957|24 Şevval 1448
20270402|0422|0546|1218|1551|1840|1958|25 Şevval 1448
20270403|0420|0545|1218|1552|1840|1959|26 Şevval 1448
20270404|0419|0543|1217|1552|1841|2000|27 Şevval 1448
20270405|0417|0542|1217|1552|1842|2002|28 Şevval 1448
20270406|0415|0540|1217|1553|1843|2003|29 Şevval 1448
20270407|0413|0539|1216|1553|1844|2004|30 Şevval 1448
20270408|0411|0537|1216|1553|1845|2005|1 Zilkade 1448
20270409|0410|0536|1216|1554|1846|2006|2 Zilkade 1448
20270410|0408|0534|1216|1554|1847|2008|3 Zilkade 1448
20270411|0406|0533|1215|1554|1848|2009|4 Zilkade 1448
20270412|0404|0531|1215|1554|1849|2010|5 Zilkade 1448
20270413|0403|0530|1215|1555|1850|2011|6 Zilkade 1448
20270414|0401|0528|1215|1555|1851|2012|7 Zilkade 1448
20270415|0359|0527|1214|1555|1852|2014|8 Zilkade 1448
20270416|0357|0525|1214|1556|1853|2015|9 Zilkade 1448
20270417|0356|0524|1214|1556|1854|2016|10 Zilkade 1448
20270418|0354|0522|1214|1556|1855|2018|11 Zilkade 1448
20270419|0352|0521|1213|1556|1856|2019|12 Zilkade 1448
20270420|0350|0520|1213|1557|1857|2020|13 Zilkade 1448
20270421|0349|0518|1213|1557|1858|2021|14 Zilkade 1448
20270422|0347|0517|1213|1557|1859|2023|15 Zilkade 1448
20270423|0345|0515|1213|1557|1900|2024|16 Zilkade 1448
20270424|0343|0514|1212|1557|1901|2025|17 Zilkade 1448
20270425|0342|0513|1212|1558|1902|2027|18 Zilkade 1448
20270426|0340|0511|1212|1558|1903|2028|19 Zilkade 1448
20270427|0338|0510|1212|1558|1904|2029|20 Zilkade 1448
20270428|0337|0509|1212|1558|1905|2031|21 Zilkade 1448
20270429|0335|0508|1212|1559|1905|2032|22 Zilkade 1448
20270430|0333|0506|1211|1559|1906|2033|23 Zilkade 1448
20270501|0332|0505|1211|1559|1907|2035|24 Zilkade 1448
20270502|0330|0504|1211|1559|1908|2036|25 Zilkade 1448
20270503|0328|0503|1211|1559|1909|2037|26 Zilkade 1448
20270504|0327|0502|1211|1600|1910|2039|27 Zilkade 1448
20270505|0325|0500|1211|1600|1911|2040|28 Zilkade 1448
20270506|0324|0459|1211|1600|1912|2041|29 Zilkade 1448
20270507|0322|0458|1211|1600|1913|2043|1 Zilhicce 1448
20270508|0320|0457|1211|1601|1914|2044|2 Zilhicce 1448
20270509|0319|0456|1211|1601|1915|2045|3 Zilhicce 1448
20270510|0317|0455|1211|1601|1916|2047|4 Zilhicce 1448
20270511|0316|0454|1210|1601|1917|2048|5 Zilhicce 1448
20270512|0315|0453|1210|1601|1918|2049|6 Zilhicce 1448
20270513|0313|0452|1210|1602|1919|2051|7 Zilhicce 1448
20270514|0312|0451|1210|1602|1920|2052|8 Zilhicce 1448
20270515|0310|0450|1210|1602|1921|2054|9 Zilhicce 1448
20270516|0309|0449|1210|1602|1921|2055|10 Zilhicce 1448
20270517|0308|0449|1210|1602|1922|2056|11 Zilhicce 1448
20270518|0306|0448|1210|1603|1923|2057|12 Zilhicce 1448
20270519|0305|0447|1211|1603|1924|2059|13 Zilhicce 1448
20270520|0304|0446|1211|1603|1925|2100|14 Zilhicce 1448
20270521|0303|0445|1211|1603|1926|2101|15 Zilhicce 1448
20270522|0301|0445|1211|1604|1927|2103|16 Zilhicce 1448
20270523|0300|0444|1211|1604|1928|2104|17 Zilhicce 1448
20270524|0259|0443|1211|1604|1928|2105|18 Zilhicce 1448
20270525|0258|0443|1211|1604|1929|2106|19 Zilhicce 1448
20270526|0257|0442|1211|1605|1930|2107|20 Zilhicce 1448
20270527|0256|0442|1211|1605|1931|2109|21 Zilhicce 1448
20270528|0255|0441|1211|1605|1932|2110|22 Zilhicce 1448
20270529|0254|0441|1211|1605|1932|2111|23 Zilhicce 1448
20270530|0253|0440|1212|1606|1933|2112|24 Zilhicce 1448
20270531|0252|0440|1212|1606|1934|2113|25 Zilhicce 1448
20270601|0252|0439|1212|1606|1935|2114|26 Zilhicce 1448
20270602|0251|0439|1212|1606|1935|2115|27 Zilhicce 1448
20270603|0250|0438|1212|1607|1936|2116|28 Zilhicce 1448
20270604|0250|0438|1212|1607|1937|2117|29 Zilhicce 1448
20270605|0249|0438|1212|1607|1937|2118|30 Zilhicce 1448
20270606|0248|0438|1213|1607|1938|2119|1 Muharrem 1449
20270607|0248|0437|1213|1608|1938|2120|2 Muharrem 1449
20270608|0247|0437|1213|1608|1939|2121|3 Muharrem 1449
20270609|0247|0437|1213|1608|1940|2121|4 Muharrem 1449
20270610|0246|0437|1213|1608|1940|2122|5 Muharrem 1449
20270611|0246|0437|1214|1609|1941|2123|6 Muharrem 1449
20270612|0246|0437|1214|1609|1941|2124|7 Muharrem 1449
20270613|0246|0437|1214|1609|1942|2124|8 Muharrem 1449
20270614|0245|0436|1214|1609|1942|2125|9 Muharrem 1449
20270615|0245|0436|1214|1609|1942|2125|10 Muharrem 1449
20270616|0245|0437|1215|1610|1943|2126|11 Muharrem 1449
20270617|0245|0437|1215|1610|1943|2126|12 Muharrem 1449
20270618|0245|0437|1215|1610|1944|2127|13 Muharrem 1449
20270619|0245|0437|1215|1610|1944|2127|14 Muharrem 1449
20270620|0245|0437|1216|1611|1944|2127|15 Muharrem 1449
20270621|0245|0437|1216|1611|1944|2128|16 Muharrem 1449
20270622|0246|0437|1216|1611|1945|2128|17 Muharrem 1449
20270623|0246|0438|1216|1611|1945|2128|18 Muharrem 1449
20270624|0246|0438|1216|1612|1945|2128|19 Muharrem 1449
20270625|0247|0438|1217|1612|1945|2128|20 Muharrem 1449
20270626|0247|0439|1217|1612|1945|2128|21 Muharrem 1449
20270627|0247|0439|1217|1612|1945|2128|22 Muharrem 1449
20270628|0248|0439|1217|1612|1945|2128|23 Muharrem 1449
20270629|0249|0440|1217|1612|1945|2128|24 Muharrem 1449
20270630|0249|0440|1218|1613|1945|2128|25 Muharrem 1449
20270701|0250|0441|1218|1613|1945|2128|26 Muharrem 1449
20270702|0250|0441|1218|1613|1945|2127|27 Muharrem 1449
20270703|0251|0442|1218|1613|1945|2127|28 Muharrem 1449
20270704|0252|0442|1218|1613|1945|2127|29 Muharrem 1449
20270705|0253|0443|1219|1613|1945|2126|1 Safer 1449
20270706|0254|0443|1219|1613|1944|2126|2 Safer 1449
20270707|0254|0444|1219|1614|1944|2125|3 Safer 1449
20270708|0255|0444|1219|1614|1944|2125|4 Safer 1449
20270709|0256|0445|1219|1614|1944|2124|5 Safer 1449
20270710|0257|0446|1219|1614|1943|2124|6 Safer 1449
20270711|0258|0446|1220|1614|1943|2123|7 Safer 1449
20270712|0259|0447|1220|1614|1943|2122|8 Safer 1449
20270713|0300|0448|1220|1614|1942|2121|9 Safer 1449
20270714|0301|0448|1220|1614|1942|2121|10 Safer 1449
20270715|0303|0449|1220|1614|1941|2120|11 Safer 1449
20270716|0304|0450|1220|1614|1941|2119|12 Safer 1449
20270717|0305|0450|1220|1614|1940|2118|13 Safer 1449
20270718|0306|0451|1220|1614|1939|2117|14 Safer 1449
20270719|0307|0452|1220|1614|1939|2116|15 Safer 1449
20270720|0308|0453|1220|1614|1938|2115|16 Safer 1449
20270721|0310|0454|1220|1614|1937|2114|17 Safer 1449
20270722|0311|0454|1221|1614|1937|2113|18 Safer 1449
20270723|0312|0455|1221|1613|1936|2112|19 Safer 1449
20270724|0313|0456|1221|1613|1935|2110|20 Safer 1449
20270725|0315|0457|1221|1613|1934|2109|21 Safer 1449
20270726|0316|0458|1221|1613|1934|2108|22 Safer 1449
20270727|0317|0458|1221|1613|1933|2107|23 Safer 1449
20270728|0319|0459|1221|1613|1932|2105|24 Safer 1449
20270729|0320|0500|1221|1612|1931|2104|25 Safer 1449
20270730|0321|0501|1221|1612|1930|2103|26 Safer 1449
20270731|0323|0502|1221|1612|1929|2101|27 Safer 1449
20270801|0324|0503|1220|1611|1928|2100|28 Safer 1449
20270802|0325|0504|1220|1611|1927|2059|29 Safer 1449
20270803|0327|0505|1220|1611|1926|2057|1 Rebiulevvel 1449
20270804|0328|0505|1220|1611|1925|2056|2 Rebiulevvel 1449
20270805|0329|0506|1220|1610|1924|2054|3 Rebiulevvel 1449
20270806|0331|0507|1220|1610|1923|2053|4 Rebiulevvel 1449
20270807|0332|0508|1220|1609|1922|2051|5 Rebiulevvel 1449
20270808|0333|0509|1220|1609|1921|2050|6 Rebiulevvel 1449
20270809|0335|0510|1220|1609|1920|2048|7 Rebiulevvel 1449
20270810|0336|0511|1220|1608|1918|2047|8 Rebiulevvel 1449
20270811|0337|0512|1219|1608|1917|2045|9 Rebiulevvel 1449
20270812|0339|0513|1219|1607|1916|2043|10 Rebiulevvel 1449
20270813|0340|0514|1219|1607|1915|2042|11 Rebiulevvel 1449
20270814|0341|0514|1219|1606|1913|2040|12 Rebiulevvel 1449
20270815|0343|0515|1219|1606|1912|2038|13 Rebiulevvel 1449
20270816|0344|0516|1219|1605|1911|2037|14 Rebiulevvel 1449
20270817|0345|0517|1218|1604|1910|2035|15 Rebiulevvel 1449
20270818|0347|0518|1218|1604|1908|2033|16 Rebiulevvel 1449
20270819|0348|0519|1218|1603|1907|2032|17 Rebiulevvel 1449
20270820|0349|0520|1218|1603|1905|2030|18 Rebiulevvel 1449
20270821|0351|0521|1217|1602|1904|2028|19 Rebiulevvel 1449
20270822|0352|0522|1217|1601|1903|2027|20 Rebiulevvel 1449
20270823|0353|0523|1217|1601|1901|2025|21 Rebiulevvel 1449
20270824|0354|0523|1217|1600|1900|2023|22 Rebiulevvel 1449
20270825|0356|0524|1216|1559|1858|2021|23 Rebiulevvel 1449
20270826|0357|0525|1216|1558|1857|2020|24 Rebiulevvel 1449
20270827|0358|0526|1216|1558|1856|2018|25 Rebiulevvel 1449
20270828|0359|0527|1216|1557|1854|2016|26 Rebiulevvel 1449
20270829|0400|0528|1215|1556|1853|2014|27 Rebiulevvel 1449
20270830|0402|0529|1215|1555|1851|2012|28 Rebiulevvel 1449
20270831|0403|0530|1215|1554|1850|2011|29 Rebiulevvel 1449
20270901|0404|0531|1214|1554|1848|2009|30 Rebiulevvel 1449
20270902|0405|0531|1214|1553|1847|2007|1 Rebiulahir 1449
20270903|0406|0532|1214|1552|1845|2005|2 Rebiulahir 1449
20270904|0407|0533|1213|1551|1843|2004|3 Rebiulahir 1449
20270905|0409|0534|1213|1550|1842|2002|4 Rebiulahir 1449
20270906|0410|0535|1213|1549|1840|2000|5 Rebiulahir 1449
20270907|0411|0536|1212|1548|1839|1958|6 Rebiulahir 1449
20270908|0412|0537|1212|1547|1837|1956|7 Rebiulahir 1449
20270909|0413|0538|1212|1546|1836|1955|8 Rebiulahir 1449
20270910|0414|0539|1211|1545|1834|1953|9 Rebiulahir 1449
20270911|0415|0539|1211|1544|1833|1951|10 Rebiulahir 1449
20270912|0416|0540|1211|1543|1831|1949|11 Rebiulahir 1449
20270913|0418|0541|1210|1543|1829|1948|12 Rebiulahir 1449
20270914|0419|0542|1210|1541|1828|1946|13 Rebiulahir 1449
20270915|0420|0543|1210|1540|1826|1944|14 Rebiulahir 1449
20270916|0421|0544|1209|1539|1825|1942|15 Rebiulahir 1449
20270917|0422|0545|1209|1538|1823|1941|16 Rebiulahir 1449
20270918|0423|0546|1208|1537|1821|1939|17 Rebiulahir 1449
20270919|0424|0547|1208|1536|1820|1937|18 Rebiulahir 1449
20270920|0425|0547|1208|1535|1818|1935|19 Rebiulahir 1449
20270921|0426|0548|1207|1534|1817|1934|20 Rebiulahir 1449
20270922|0427|0549|1207|1533|1815|1932|21 Rebiulahir 1449
20270923|0428|0550|1207|1532|1813|1930|22 Rebiulahir 1449
20270924|0429|0551|1206|1531|1812|1928|23 Rebiulahir 1449
20270925|0430|0552|1206|1530|1810|1927|24 Rebiulahir 1449
20270926|0431|0553|1206|1529|1808|1925|25 Rebiulahir 1449
20270927|0432|0554|1205|1528|1807|1923|26 Rebiulahir 1449
20270928|0433|0555|1205|1527|1805|1922|27 Rebiulahir 1449
20270929|0434|0556|1205|1525|1804|1920|28 Rebiulahir 1449
20270930|0435|0556|1204|1524|1802|1918|29 Rebiulahir 1449
20271001|0436|0557|1204|1523|1801|1917|1 Cemaziyelevvel 1449
20271002|0437|0558|1204|1522|1759|1915|2 Cemaziyelevvel 1449
20271003|0438|0559|1203|1521|1757|1914|3 Cemaziyelevvel 1449
20271004|0439|0600|1203|1520|1756|1912|4 Cemaziyelevvel 1449
20271005|0440|0601|1203|1519|1754|1910|5 Cemaziyelevvel 1449
20271006|0441|0602|1202|1518|1753|1909|6 Cemaziyelevvel 1449
20271007|0442|0603|1202|1516|1751|1907|7 Cemaziyelevvel 1449
20271008|0443|0604|1202|1515|1750|1906|8 Cemaziyelevvel 1449
20271009|0444|0605|1202|1514|1748|1904|9 Cemaziyelevvel 1449
20271010|0445|0606|1201|1513|1747|1903|10 Cemaziyelevvel 1449
20271011|0446|0607|1201|1512|1745|1901|11 Cemaziyelevvel 1449
20271012|0446|0608|1201|1511|1744|1900|12 Cemaziyelevvel 1449
20271013|0447|0609|1200|1510|1742|1858|13 Cemaziyelevvel 1449
20271014|0448|0610|1200|1509|1741|1857|14 Cemaziyelevvel 1449
20271015|0449|0611|1200|1508|1739|1856|15 Cemaziyelevvel 1449
20271016|0450|0612|1200|1506|1738|1854|16 Cemaziyelevvel 1449
20271017|0451|0613|1200|1505|1736|1853|17 Cemaziyelevvel 1449
20271018|0452|0614|1159|1504|1735|1851|18 Cemaziyelevvel 1449
20271019|0453|0615|1159|1503|1734|1850|19 Cemaziyelevvel 1449
20271020|0454|0616|1159|1502|1732|1849|20 Cemaziyelevvel 1449
20271021|0455|0617|1159|1501|1731|1848|21 Cemaziyelevvel 1449
20271022|0456|0618|1159|1500|1729|1846|22 Cemaziyelevvel 1449
20271023|0457|0619|1159|1459|1728|1845|23 Cemaziyelevvel 1449
20271024|0458|0620|1158|1458|1727|1844|24 Cemaziyelevvel 1449
20271025|0459|0621|1158|1457|1726|1843|25 Cemaziyelevvel 1449
20271026|0500|0622|1158|1456|1724|1841|26 Cemaziyelevvel 1449
20271027|0501|0623|1158|1455|1723|1840|27 Cemaziyelevvel 1449
20271028|0502|0624|1158|1454|1722|1839|28 Cemaziyelevvel 1449
20271029|0503|0625|1158|1453|1720|1838|29 Cemaziyelevvel 1449
20271030|0504|0626|1158|1452|1719|1837|30 Cemaziyelevvel 1449
20271031|0505|0627|1158|1451|1718|1836|1 Cemaziyelahir 1449
20271101|0506|0628|1158|1450|1717|1835|2 Cemaziyelahir 1449
20271102|0506|0630|1158|1449|1716|1834|3 Cemaziyelahir 1449
20271103|0507|0631|1158|1448|1715|1833|4 Cemaziyelahir 1449
20271104|0508|0632|1158|1448|1714|1832|5 Cemaziyelahir 1449
20271105|0509|0633|1158|1447|1713|1831|6 Cemaziyelahir 1449
20271106|0510|0634|1158|1446|1711|1830|7 Cemaziyelahir 1449
20271107|0511|0635|1158|1445|1710|1829|8 Cemaziyelahir 1449
20271108|0512|0636|1158|1444|1709|1828|9 Cemaziyelahir 1449
20271109|0513|0637|1158|1444|1709|1827|10 Cemaziyelahir 1449
20271110|0514|0638|1158|1443|1708|1827|11 Cemaziyelahir 1449
20271111|0515|0639|1158|1442|1707|1826|12 Cemaziyelahir 1449
20271112|0516|0641|1158|1441|1706|1825|13 Cemaziyelahir 1449
20271113|0517|0642|1158|1441|1705|1824|14 Cemaziyelahir 1449
20271114|0518|0643|1158|1440|1704|1824|15 Cemaziyelahir 1449
20271115|0519|0644|1159|1440|1703|1823|16 Cemaziyelahir 1449
20271116|0520|0645|1159|1439|1703|1822|17 Cemaziyelahir 1449
20271117|0521|0646|1159|1438|1702|1822|18 Cemaziyelahir 1449
20271118|0522|0647|1159|1438|1701|1821|19 Cemaziyelahir 1449
20271119|0523|0648|1159|1437|1700|1821|20 Cemaziyelahir 1449
20271120|0524|0649|1200|1437|1700|1820|21 Cemaziyelahir 1449
20271121|0524|0650|1200|1436|1659|1820|22 Cemaziyelahir 1449
20271122|0525|0651|1200|1436|1659|1819|23 Cemaziyelahir 1449
20271123|0526|0653|1200|1435|1658|1819|24 Cemaziyelahir 1449
20271124|0527|0654|1201|1435|1658|1819|25 Cemaziyelahir 1449
20271125|0528|0655|1201|1435|1657|1818|26 Cemaziyelahir 1449
20271126|0529|0656|1201|1434|1657|1818|27 Cemaziyelahir 1449
20271127|0530|0657|1201|1434|1656|1818|28 Cemaziyelahir 1449
20271128|0531|0658|1202|1434|1656|1817|29 Cemaziyelahir 1449
20271129|0532|0659|1202|1434|1655|1817|1 Recep 1449
20271130|0533|0700|1202|1433|1655|1817|2 Recep 1449
20271201|0533|0701|1203|1433|1655|1817|3 Recep 1449
20271202|0534|0702|1203|1433|1655|1817|4 Recep 1449
20271203|0535|0703|1204|1433|1655|1817|5 Recep 1449
20271204|0536|0704|1204|1433|1654|1817|6 Recep 1449
20271205|0537|0705|1204|1433|1654|1817|7 Recep 1449
20271206|0538|0705|1205|1433|1654|1817|8 Recep 1449
20271207|0538|0706|1205|1433|1654|1817|9 Recep 1449
20271208|0539|0707|1206|1433|1654|1817|10 Recep 1449
20271209|0540|0708|1206|1433|1654|1817|11 Recep 1449
20271210|0541|0709|1207|1433|1654|1817|12 Recep 1449
20271211|0541|0710|1207|1433|1654|1817|13 Recep 1449
20271212|0542|0710|1207|1434|1654|1818|14 Recep 1449
20271213|0543|0711|1208|1434|1655|1818|15 Recep 1449
20271214|0543|0712|1208|1434|1655|1818|16 Recep 1449
20271215|0544|0713|1209|1434|1655|1818|17 Recep 1449
20271216|0545|0713|1209|1435|1655|1819|18 Recep 1449
20271217|0545|0714|1210|1435|1656|1819|19 Recep 1449
20271218|0546|0715|1210|1435|1656|1819|20 Recep 1449
20271219|0546|0715|1211|1436|1656|1820|21 Recep 1449
20271220|0547|0716|1211|1436|1657|1820|22 Recep 1449
20271221|0548|0716|1212|1437|1657|1821|23 Recep 1449
20271222|0548|0717|1212|1437|1658|1821|24 Recep 1449
20271223|0549|0717|1213|1438|1658|1822|25 Recep 1449
20271224|0549|0718|1213|1438|1659|1822|26 Recep 1449
20271225|0549|0718|1214|1439|1659|1823|27 Recep 1449
20271226|0550|0719|1214|1439|1700|1823|28 Recep 1449
20271227|0550|0719|1215|1440|1701|1824|29 Recep 1449
20271228|0551|0719|1215|1440|1701|1825|30 Recep 1449
20271229|0551|0720|1216|1441|1702|1825|1 Şaban 1449
20271230|0551|0720|1216|1442|1703|1826|2 Şaban 1449
20271231|0552|0720|1217|1443|1703|1827|3 Şaban 1449
#@9310|Ahlat|BITLIS|730
20260101|0553|0721|1218|1445|1706|1829|12 Recep 1447
20260102|0553|0721|1219|1446|1706|1829|13 Recep 1447
20260103|0553|0721|1219|1446|1707|1830|14 Recep 1447
20260104|0553|0722|1220|1447|1708|1831|15 Recep 1447
20260105|0554|0722|1220|1448|1709|1832|16 Recep 1447
20260106|0554|0722|1221|1449|1710|1832|17 Recep 1447
20260107|0554|0722|1221|1450|1711|1833|18 Recep 1447
20260108|0554|0721|1222|1450|1712|1834|19 Recep 1447
20260109|0554|0721|1222|1451|1713|1835|20 Recep 1447
20260110|0554|0721|1222|1452|1714|1836|21 Recep 1447
20260111|0554|0721|1223|1453|1715|1837|22 Recep 1447
20260112|0554|0721|1223|1454|1716|1838|23 Recep 1447
20260113|0553|0721|1224|1455|1717|1838|24 Recep 1447
20260114|0553|0720|1224|1456|1718|1839|25 Recep 1447
20260115|0553|0720|1224|1457|1719|1840|26 Recep 1447
20260116|0553|0720|1225|1458|1720|1841|27 Recep 1447
20260117|0553|0719|1225|1459|1721|1842|28 Recep 1447
20260118|0552|0719|1225|1500|1722|1843|29 Recep 1447
20260119|0552|0718|1226|1501|1723|1844|30 Recep 1447
20260120|0552|0718|1226|1502|1724|1845|1 Şaban 1447
20260121|0551|0717|1226|1503|1725|1846|2 Şaban 1447
20260122|0551|0717|1227|1503|1726|1847|3 Şaban 1447
20260123|0550|0716|1227|1504|1728|1848|4 Şaban 1447
20260124|0550|0715|1227|1505|1729|1849|5 Şaban 1447
20260125|0550|0715|1227|1506|1730|1850|6 Şaban 1447
20260126|0549|0714|1227|1507|1731|1851|7 Şaban 1447
20260127|0548|0713|1228|1508|1732|1852|8 Şaban 1447
20260128|0548|0713|1228|1509|1733|1853|9 Şaban 1447
20260129|0547|0712|1228|1510|1734|1854|10 Şaban 1447
20260130|0547|0711|1228|1511|1736|1855|11 Şaban 1447
20260131|0546|0710|1228|1512|1737|1856|12 Şaban 1447
20260201|0545|0709|1229|1513|1738|1857|13 Şaban 1447
20260202|0544|0708|1229|1514|1739|1858|14 Şaban 1447
20260203|0544|0708|1229|1515|1740|1859|15 Şaban 1447
20260204|0543|0707|1229|1516|1741|1900|16 Şaban 1447
20260205|0542|0706|1229|1517|1742|1901|17 Şaban 1447
20260206|0541|0705|1229|1518|1744|1902|18 Şaban 1447
20260207|0540|0704|1229|1519|1745|1903|19 Şaban 1447
20260208|0539|0703|1229|1520|1746|1904|20 Şaban 1447
20260209|0538|0702|1229|1521|1747|1905|21 Şaban 1447
20260210|0537|0700|1229|1522|1748|1906|22 Şaban 1447
20260211|0536|0659|1229|1522|1749|1907|23 Şaban 1447
20260212|0535|0658|1229|1523|1750|1908|24 Şaban 1447
20260213|0534|0657|1229|1524|1752|1909|25 Şaban 1447
20260214|0533|0656|1229|1525|1753|1910|26 Şaban 1447
20260215|0532|0655|1229|1526|1754|1911|27 Şaban 1447
20260216|0531|0653|1229|1527|1755|1912|28 Şaban 1447
20260217|0530|0652|1229|1528|1756|1913|29 Şaban 1447
20260218|0529|0651|1229|1528|1757|1914|30 Şaban 1447
20260219|0528|0650|1229|1529|1758|1915|1 Ramazan 1447
20260220|0526|0648|1229|1530|1759|1916|2 Ramazan 1447
20260221|0525|0647|1229|1531|1800|1917|3 Ramazan 1447
20260222|0524|0646|1229|1532|1802|1918|4 Ramazan 1447
20260223|0523|0644|1228|1532|1803|1919|5 Ramazan 1447
20260224|0521|0643|1228|1533|1804|1920|6 Ramazan 1447
20260225|0520|0642|1228|1534|1805|1921|7 Ramazan 1447
20260226|0519|0640|1228|1535|1806|1922|8 Ramazan 1447
20260227|0517|0639|1228|1535|1807|1923|9 Ramazan 1447
20260228|0516|0637|1228|1536|1808|1924|10 Ramazan 1447
20260301|0515|0636|1227|1537|1809|1925|11 Ramazan 1447
20260302|0513|0635|1227|1537|1810|1926|12 Ramazan 1447
20260303|0512|0633|1227|1538|1811|1927|13 Ramazan 1447
20260304|0510|0632|1227|1539|1812|1928|14 Ramazan 1447
20260305|0509|0630|1227|1539|1813|1929|15 Ramazan 1447
20260306|0507|0629|1226|1540|1814|1930|16 Ramazan 1447
20260307|0506|0627|1226|1541|1815|1931|17 Ramazan 1447
20260308|0504|0626|1226|1541|1816|1932|18 Ramazan 1447
20260309|0503|0624|1226|1542|1817|1933|19 Ramazan 1447
20260310|0501|0623|1225|1542|1818|1934|20 Ramazan 1447
20260311|0500|0621|1225|1543|1819|1935|21 Ramazan 1447
20260312|0458|0620|1225|1543|1820|1937|22 Ramazan 1447
20260313|0457|0618|1225|1544|1821|1938|23 Ramazan 1447
20260314|0455|0617|1224|1544|1822|1939|24 Ramazan 1447
20260315|0453|0615|1224|1545|1823|1940|25 Ramazan 1447
20260316|0452|0613|1224|1546|1824|1941|26 Ramazan 1447
20260317|0450|0612|1224|1546|1825|1942|27 Ramazan 1447
20260318|0448|0610|1223|1546|1826|1943|28 Ramazan 1447
20260319|0447|0609|1223|1547|1827|1944|29 Ramazan 1447
20260320|0445|0607|1223|1547|1828|1945|1 Şevval 1447
20260321|0443|0606|1222|1548|1829|1946|2 Şevval 1447
20260322|0442|0604|1222|1548|1830|1947|3 Şevval 1447
20260323|0440|0603|1222|1549|1831|1948|4 Şevval 1447
20260324|0438|0601|1221|1549|1832|1949|5 Şevval 1447
20260325|0437|0559|1221|1550|1833|1950|6 Şevval 1447
20260326|0435|0558|1221|1550|1834|1951|7 Şevval 1447
20260327|0433|0556|1221|1550|1835|1953|8 Şevval 1447
20260328|0432|0555|1220|1551|1836|1954|9 Şevval 1447
20260329|0430|0553|1220|1551|1837|1955|10 Şevval 1447
20260330|0428|0552|1220|1551|1838|1956|11 Şevval 1447
20260331|0426|0550|1219|1552|1839|1957|12 Şevval 1447
20260401|0425|0548|1219|1552|1840|1958|13 Şevval 1447
20260402|0423|0547|1219|1553|1841|1959|14 Şevval 1447
20260403|0421|0545|1218|1553|1842|2000|15 Şevval 1447
20260404|0419|0544|1218|1553|1843|2002|16 Şevval 1447
20260405|0417|0542|1218|1553|1844|2003|17 Şevval 1447
20260406|0416|0541|1218|1554|1845|2004|18 Şevval 1447
20260407|0414|0539|1217|1554|1846|2005|19 Şevval 1447
20260408|0412|0538|1217|1554|1846|2006|20 Şevval 1447
20260409|0410|0536|1217|1555|1847|2008|21 Şevval 1447
20260410|0409|0535|1217|1555|1848|2009|22 Şevval 1447
20260411|0407|0533|1216|1555|1849|2010|23 Şevval 1447
20260412|0405|0532|1216|1556|1850|2011|24 Şevval 1447
20260413|0403|0530|1216|1556|1851|2012|25 Şevval 1447
20260414|0402|0529|1215|1556|1852|2014|26 Şevval 1447
20260415|0400|0527|1215|1556|1853|2015|27 Şevval 1447
20260416|0358|0526|1215|1557|1854|2016|28 Şevval 1447
20260417|0356|0524|1215|1557|1855|2017|29 Şevval 1447
20260418|0354|0523|1215|1557|1856|2019|1 Zilkade 1447
20260419|0353|0522|1214|1557|1857|2020|2 Zilkade 1447
20260420|0351|0520|1214|1558|1858|2021|3 Zilkade 1447
20260421|0349|0519|1214|1558|1859|2023|4 Zilkade 1447
20260422|0348|0518|1214|1558|1900|2024|5 Zilkade 1447
20260423|0346|0516|1213|1558|1901|2025|6 Zilkade 1447
20260424|0344|0515|1213|1558|1902|2026|7 Zilkade 1447
20260425|0342|0514|1213|1559|1903|2028|8 Zilkade 1447
20260426|0341|0512|1213|1559|1904|2029|9 Zilkade 1447
20260427|0339|0511|1213|1559|1905|2030|10 Zilkade 1447
20260428|0337|0510|1213|1559|1906|2032|11 Zilkade 1447
20260429|0336|0508|1213|1600|1907|2033|12 Zilkade 1447
20260430|0334|0507|1212|1600|1908|2034|13 Zilkade 1447
20260501|0332|0506|1212|1600|1909|2036|14 Zilkade 1447
20260502|0331|0505|1212|1600|1910|2037|15 Zilkade 1447
20260503|0329|0504|1212|1600|1910|2038|16 Zilkade 1447
20260504|0328|0502|1212|1601|1911|2040|17 Zilkade 1447
20260505|0326|0501|1212|1601|1912|2041|18 Zilkade 1447
20260506|0324|0500|1212|1601|1913|2042|19 Zilkade 1447
20260507|0323|0459|1212|1601|1914|2044|20 Zilkade 1447
20260508|0321|0458|1212|1601|1915|2045|21 Zilkade 1447
20260509|0320|0457|1212|1602|1916|2047|22 Zilkade 1447
20260510|0318|0456|1212|1602|1917|2048|23 Zilkade 1447
20260511|0317|0455|1211|1602|1918|2049|24 Zilkade 1447
20260512|0315|0454|1211|1602|1919|2051|25 Zilkade 1447
20260513|0314|0453|1211|1603|1920|2052|26 Zilkade 1447
20260514|0313|0452|1211|1603|1921|2053|27 Zilkade 1447
20260515|0311|0451|1211|1603|1922|2055|28 Zilkade 1447
20260516|0310|0450|1211|1603|1923|2056|29 Zilkade 1447
20260517|0309|0450|1211|1603|1923|2057|30 Zilkade 1447
20260518|0307|0449|1212|1604|1924|2059|1 Zilhicce 1447
20260519|0306|0448|1212|1604|1925|2100|2 Zilhicce 1447
20260520|0305|0447|1212|1604|1926|2101|3 Zilhicce 1447
20260521|0304|0446|1212|1604|1927|2102|4 Zilhicce 1447
20260522|0302|0446|1212|1605|1928|2104|5 Zilhicce 1447
20260523|0301|0445|1212|1605|1929|2105|6 Zilhicce 1447
20260524|0300|0444|1212|1605|1929|2106|7 Zilhicce 1447
20260525|0259|0444|1212|1605|1930|2107|8 Zilhicce 1447
20260526|0258|0443|1212|1606|1931|2108|9 Zilhicce 1447
20260527|0257|0443|1212|1606|1932|2110|10 Zilhicce 1447
20260528|0256|0442|1212|1606|1933|2111|11 Zilhicce 1447
20260529|0255|0442|1212|1606|1933|2112|12 Zilhicce 1447
20260530|0254|0441|1213|1607|1934|2113|13 Zilhicce 1447
20260531|0254|0441|1213|1607|1935|2114|14 Zilhicce 1447
20260601|0253|0440|1213|1607|1936|2115|15 Zilhicce 1447
20260602|0252|0440|1213|1607|1936|2116|16 Zilhicce 1447
20260603|0251|0439|1213|1607|1937|2117|17 Zilhicce 1447
20260604|0251|0439|1213|1608|1938|2118|18 Zilhicce 1447
20260605|0250|0439|1214|1608|1938|2119|19 Zilhicce 1447
20260606|0249|0439|1214|1608|1939|2120|20 Zilhicce 1447
20260607|0249|0438|1214|1608|1939|2121|21 Zilhicce 1447
20260608|0249|0438|1214|1609|1940|2122|22 Zilhicce 1447
20260609|0248|0438|1214|1609|1941|2122|23 Zilhicce 1447
20260610|0248|0438|1214|1609|1941|2123|24 Zilhicce 1447
20260611|0247|0438|1215|1609|1942|2124|25 Zilhicce 1447
20260612|0247|0438|1215|1610|1942|2124|26 Zilhicce 1447
20260613|0247|0438|1215|1610|1943|2125|27 Zilhicce 1447
20260614|0247|0438|1215|1610|1943|2126|28 Zilhicce 1447
20260615|0247|0438|1216|1610|1943|2126|29 Zilhicce 1447
20260616|0246|0438|1216|1611|1944|2127|1 Muharrem 1448
20260617|0246|0438|1216|1611|1944|2127|2 Muharrem 1448
20260618|0246|0438|1216|1611|1944|2128|3 Muharrem 1448
20260619|0247|0438|1216|1611|1945|2128|4 Muharrem 1448
20260620|0247|0438|1217|1612|1945|2128|5 Muharrem 1448
20260621|0247|0438|1217|1612|1945|2128|6 Muharrem 1448
20260622|0247|0439|1217|1612|1945|2129|7 Muharrem 1448
20260623|0247|0439|1217|1612|1946|2129|8 Muharrem 1448
20260624|0248|0439|1217|1612|1946|2129|9 Muharrem 1448
20260625|0248|0439|1218|1613|1946|2129|10 Muharrem 1448
20260626|0248|0440|1218|1613|1946|2129|11 Muharrem 1448
20260627|0249|0440|1218|1613|1946|2129|12 Muharrem 1448
20260628|0249|0441|1218|1613|1946|2129|13 Muharrem 1448
20260629|0250|0441|1218|1613|1946|2129|14 Muharrem 1448
20260630|0251|0441|1219|1614|1946|2129|15 Muharrem 1448
20260701|0251|0442|1219|1614|1946|2128|16 Muharrem 1448
20260702|0252|0442|1219|1614|1946|2128|17 Muharrem 1448
20260703|0253|0443|1219|1614|1946|2128|18 Muharrem 1448
20260704|0253|0443|1219|1614|1946|2127|19 Muharrem 1448
20260705|0254|0444|1220|1614|1945|2127|20 Muharrem 1448
20260706|0255|0444|1220|1614|1945|2126|21 Muharrem 1448
20260707|0256|0445|1220|1614|1945|2126|22 Muharrem 1448
20260708|0257|0446|1220|1615|1945|2125|23 Muharrem 1448
20260709|0258|0446|1220|1615|1944|2125|24 Muharrem 1448
20260710|0259|0447|1220|1615|1944|2124|25 Muharrem 1448
20260711|0300|0448|1221|1615|1944|2123|26 Muharrem 1448
20260712|0301|0448|1221|1615|1943|2123|27 Muharrem 1448
20260713|0302|0449|1221|1615|1943|2122|28 Muharrem 1448
20260714|0303|0450|1221|1615|1942|2121|29 Muharrem 1448
20260715|0304|0450|1221|1615|1942|2120|1 Safer 1448
20260716|0305|0451|1221|1615|1941|2119|2 Safer 1448
20260717|0306|0452|1221|1615|1941|2118|3 Safer 1448
20260718|0308|0453|1221|1615|1940|2117|4 Safer 1448
20260719|0309|0453|1221|1615|1940|2116|5 Safer 1448
20260720|0310|0454|1221|1615|1939|2115|6 Safer 1448
20260721|0311|0455|1222|1615|1938|2114|7 Safer 1448
20260722|0313|0456|1222|1614|1937|2113|8 Safer 1448
20260723|0314|0456|1222|1614|1937|2112|9 Safer 1448
20260724|0315|0457|1222|1614|1936|2111|10 Safer 1448
20260725|0316|0458|1222|1614|1935|2110|11 Safer 1448
20260726|0318|0459|1222|1614|1934|2108|12 Safer 1448
20260727|0319|0500|1222|1614|1934|2107|13 Safer 1448
20260728|0320|0501|1222|1613|1933|2106|14 Safer 1448
20260729|0322|0502|1222|1613|1932|2105|15 Safer 1448
20260730|0323|0502|1222|1613|1931|2103|16 Safer 1448
20260731|0324|0503|1222|1613|1930|2102|17 Safer 1448
20260801|0326|0504|1221|1612|1929|2100|18 Safer 1448
20260802|0327|0505|1221|1612|1928|2059|19 Safer 1448
20260803|0328|0506|1221|1612|1927|2058|20 Safer 1448
20260804|0330|0507|1221|1611|1926|2056|21 Safer 1448
20260805|0331|0508|1221|1611|1925|2055|22 Safer 1448
20260806|0332|0509|1221|1611|1924|2053|23 Safer 1448
20260807|0334|0509|1221|1610|1922|2052|24 Safer 1448
20260808|0335|0510|1221|1610|1921|2050|25 Safer 1448
20260809|0336|0511|1221|1609|1920|2049|26 Safer 1448
20260810|0338|0512|1221|1609|1919|2047|27 Safer 1448
20260811|0339|0513|1220|1608|1918|2045|28 Safer 1448
20260812|0340|0514|1220|1608|1917|2044|29 Safer 1448
20260813|0342|0515|1220|1607|1915|2042|30 Safer 1448
20260814|0343|0516|1220|1607|1914|2040|1 Rebiulevvel 1448
20260815|0344|0517|1220|1606|1913|2039|2 Rebiulevvel 1448
20260816|0346|0518|1219|1606|1911|2037|3 Rebiulevvel 1448
20260817|0347|0518|1219|1605|1910|2035|4 Rebiulevvel 1448
20260818|0348|0519|1219|1605|1909|2034|5 Rebiulevvel 1448
20260819|0349|0520|1219|1604|1907|2032|6 Rebiulevvel 1448
20260820|0351|0521|1219|1603|1906|2030|7 Rebiulevvel 1448
20260821|0352|0522|1218|1603|1905|2029|8 Rebiulevvel 1448
20260822|0353|0523|1218|1602|1903|2027|9 Rebiulevvel 1448
20260823|0355|0524|1218|1601|1902|2025|10 Rebiulevvel 1448
20260824|0356|0525|1218|1601|1900|2023|11 Rebiulevvel 1448
20260825|0357|0526|1217|1600|1859|2022|12 Rebiulevvel 1448
20260826|0358|0527|1217|1559|1858|2020|13 Rebiulevvel 1448
20260827|0359|0527|1217|1558|1856|2018|14 Rebiulevvel 1448
20260828|0401|0528|1216|1558|1855|2016|15 Rebiulevvel 1448
20260829|0402|0529|1216|1557|1853|2015|16 Rebiulevvel 1448
20260830|0403|0530|1216|1556|1852|2013|17 Rebiulevvel 1448
20260831|0404|0531|1216|1555|1850|2011|18 Rebiulevvel 1448
20260901|0405|0532|1215|1554|1849|2009|19 Rebiulevvel 1448
20260902|0407|0533|1215|1554|1847|2008|20 Rebiulevvel 1448
20260903|0408|0534|1215|1553|1846|2006|21 Rebiulevvel 1448
20260904|0409|0535|1214|1552|1844|2004|22 Rebiulevvel 1448
20260905|0410|0535|1214|1551|1843|2002|23 Rebiulevvel 1448
20260906|0411|0536|1214|1550|1841|2000|24 Rebiulevvel 1448
20260907|0412|0537|1213|1549|1839|1959|25 Rebiulevvel 1448
20260908|0413|0538|1213|1548|1838|1957|26 Rebiulevvel 1448
20260909|0415|0539|1213|1547|1836|1955|27 Rebiulevvel 1448
20260910|0416|0540|1212|1546|1835|1953|28 Rebiulevvel 1448
20260911|0417|0541|1212|1545|1833|1952|29 Rebiulevvel 1448
20260912|0418|0542|1212|1544|1832|1950|1 Rebiulahir 1448
20260913|0419|0542|1211|1543|1830|1948|2 Rebiulahir 1448
20260914|0420|0543|1211|1542|1828|1946|3 Rebiulahir 1448
20260915|0421|0544|1210|1541|1827|1945|4 Rebiulahir 1448
20260916|0422|0545|1210|1540|1825|1943|5 Rebiulahir 1448
20260917|0423|0546|1210|1539|1824|1941|6 Rebiulahir 1448
20260918|0424|0547|1209|1538|1822|1939|7 Rebiulahir 1448
20260919|0425|0548|1209|1537|1820|1938|8 Rebiulahir 1448
20260920|0426|0549|1209|1536|1819|1936|9 Rebiulahir 1448
20260921|0427|0550|1208|1535|1817|1934|10 Rebiulahir 1448
20260922|0428|0550|1208|1534|1816|1932|11 Rebiulahir 1448
20260923|0429|0551|1208|1533|1814|1931|12 Rebiulahir 1448
20260924|0430|0552|1207|1532|1812|1929|13 Rebiulahir 1448
20260925|0431|0553|1207|1531|1811|1927|14 Rebiulahir 1448
20260926|0432|0554|1207|1530|1809|1926|15 Rebiulahir 1448
20260927|0433|0555|1206|1528|1808|1924|16 Rebiulahir 1448
20260928|0434|0556|1206|1527|1806|1922|17 Rebiulahir 1448
20260929|0435|0557|1206|1526|1804|1921|18 Rebiulahir 1448
20260930|0436|0558|1205|1525|1803|1919|19 Rebiulahir 1448
20261001|0437|0559|1205|1524|1801|1917|20 Rebiulahir 1448
20261002|0438|0600|1205|1523|1800|1916|21 Rebiulahir 1448
20261003|0439|0600|1204|1522|1758|1914|22 Rebiulahir 1448
20261004|0440|0601|1204|1521|1757|1913|23 Rebiulahir 1448
20261005|0441|0602|1204|1519|1755|1911|24 Rebiulahir 1448
20261006|0442|0603|1203|1518|1753|1910|25 Rebiulahir 1448
20261007|0443|0604|1203|1517|1752|1908|26 Rebiulahir 1448
20261008|0444|0605|1203|1516|1750|1906|27 Rebiulahir 1448
20261009|0445|0606|1202|1515|1749|1905|28 Rebiulahir 1448
20261010|0446|0607|1202|1514|1747|1903|29 Rebiulahir 1448
20261011|0447|0608|1202|1513|1746|1902|30 Rebiulahir 1448
20261012|0448|0609|1202|1512|1744|1901|1 Cemaziyelevvel 1448
20261013|0449|0610|1201|1511|1743|1859|2 Cemaziyelevvel 1448
20261014|0450|0611|1201|1509|1741|1858|3 Cemaziyelevvel 1448
20261015|0451|0612|1201|1508|1740|1856|4 Cemaziyelevvel 1448
20261016|0452|0613|1201|1507|1739|1855|5 Cemaziyelevvel 1448
20261017|0452|0614|1201|1506|1737|1853|6 Cemaziyelevvel 1448
20261018|0453|0615|1200|1505|1736|1852|7 Cemaziyelevvel 1448
20261019|0454|0616|1200|1504|1734|1851|8 Cemaziyelevvel 1448
20261020|0455|0617|1200|1503|1733|1849|9 Cemaziyelevvel 1448
20261021|0456|0618|1200|1502|1732|1848|10 Cemaziyelevvel 1448
20261022|0457|0619|1200|1501|1730|1847|11 Cemaziyelevvel 1448
20261023|0458|0620|1159|1500|1729|1846|12 Cemaziyelevvel 1448
20261024|0459|0621|1159|1459|1728|1844|13 Cemaziyelevvel 1448
20261025|0500|0622|1159|1458|1726|1843|14 Cemaziyelevvel 1448
20261026|0501|0623|1159|1457|1725|1842|15 Cemaziyelevvel 1448
20261027|0502|0624|1159|1456|1724|1841|16 Cemaziyelevvel 1448
20261028|0503|0625|1159|1455|1723|1840|17 Cemaziyelevvel 1448
20261029|0504|0626|1159|1454|1721|1839|18 Cemaziyelevvel 1448
20261030|0505|0627|1159|1453|1720|1838|19 Cemaziyelevvel 1448
20261031|0506|0629|1159|1452|1719|1837|20 Cemaziyelevvel 1448
20261101|0507|0630|1159|1451|1718|1836|21 Cemaziyelevvel 1448
20261102|0508|0631|1159|1450|1717|1835|22 Cemaziyelevvel 1448
20261103|0509|0632|1159|1449|1716|1834|23 Cemaziyelevvel 1448
20261104|0510|0633|1159|1449|1714|1833|24 Cemaziyelevvel 1448
20261105|0511|0634|1159|1448|1713|1832|25 Cemaziyelevvel 1448
20261106|0511|0635|1159|1447|1712|1831|26 Cemaziyelevvel 1448
20261107|0512|0636|1159|1446|1711|1830|27 Cemaziyelevvel 1448
20261108|0513|0637|1159|1445|1710|1829|28 Cemaziyelevvel 1448
20261109|0514|0638|1159|1445|1709|1828|29 Cemaziyelevvel 1448
20261110|0515|0639|1159|1444|1708|1827|1 Cemaziyelahir 1448
20261111|0516|0641|1159|1443|1708|1827|2 Cemaziyelahir 1448
20261112|0517|0642|1159|1442|1707|1826|3 Cemaziyelahir 1448
20261113|0518|0643|1159|1442|1706|1825|4 Cemaziyelahir 1448
20261114|0519|0644|1159|1441|1705|1825|5 Cemaziyelahir 1448
20261115|0520|0645|1200|1440|1704|1824|6 Cemaziyelahir 1448
20261116|0521|0646|1200|1440|1703|1823|7 Cemaziyelahir 1448
20261117|0522|0647|1200|1439|1703|1823|8 Cemaziyelahir 1448
20261118|0523|0648|1200|1439|1702|1822|9 Cemaziyelahir 1448
20261119|0524|0649|1200|1438|1701|1822|10 Cemaziyelahir 1448
20261120|0525|0650|1201|1438|1701|1821|11 Cemaziyelahir 1448
20261121|0526|0652|1201|1437|1700|1821|12 Cemaziyelahir 1448
20261122|0527|0653|1201|1437|1700|1820|13 Cemaziyelahir 1448
20261123|0527|0654|1201|1437|1659|1820|14 Cemaziyelahir 1448
20261124|0528|0655|1202|1436|1659|1820|15 Cemaziyelahir 1448
20261125|0529|0656|1202|1436|1658|1819|16 Cemaziyelahir 1448
20261126|0530|0657|1202|1435|1658|1819|17 Cemaziyelahir 1448
20261127|0531|0658|1203|1435|1657|1819|18 Cemaziyelahir 1448
20261128|0532|0659|1203|1435|1657|1819|19 Cemaziyelahir 1448
20261129|0533|0700|1203|1435|1657|1818|20 Cemaziyelahir 1448
20261130|0534|0701|1204|1435|1656|1818|21 Cemaziyelahir 1448
20261201|0535|0702|1204|1434|1656|1818|22 Cemaziyelahir 1448
20261202|0535|0703|1204|1434|1656|1818|23 Cemaziyelahir 1448
20261203|0536|0704|1205|1434|1656|1818|24 Cemaziyelahir 1448
20261204|0537|0705|1205|1434|1655|1818|25 Cemaziyelahir 1448
20261205|0538|0706|1205|1434|1655|1818|26 Cemaziyelahir 1448
20261206|0539|0707|1206|1434|1655|1818|27 Cemaziyelahir 1448
20261207|0539|0707|1206|1434|1655|1818|28 Cemaziyelahir 1448
20261208|0540|0708|1207|1434|1655|1818|29 Cemaziyelahir 1448
20261209|0541|0709|1207|1434|1655|1818|30 Cemaziyelahir 1448
20261210|0542|0710|1208|1434|1655|1818|1 Recep 1448
20261211|0542|0711|1208|1435|1655|1818|2 Recep 1448
20261212|0543|0712|1209|1435|1656|1819|3 Recep 1448
20261213|0544|0712|1209|1435|1656|1819|4 Recep 1448
20261214|0545|0713|1209|1435|1656|1819|5 Recep 1448
20261215|0545|0714|1210|1436|1656|1819|6 Recep 1448
20261216|0546|0714|1210|1436|1657|1820|7 Recep 1448
20261217|0546|0715|1211|1436|1657|1820|8 Recep 1448
20261218|0547|0716|1211|1437|1657|1821|9 Recep 1448
20261219|0548|0716|1212|1437|1658|1821|10 Recep 1448
20261220|0548|0717|1212|1437|1658|1821|11 Recep 1448
20261221|0549|0717|1213|1438|1658|1822|12 Recep 1448
20261222|0549|0718|1213|1438|1659|1822|13 Recep 1448
20261223|0550|0718|1214|1439|1659|1823|14 Recep 1448
20261224|0550|0719|1214|1439|1700|1823|15 Recep 1448
20261225|0551|0719|1215|1440|1701|1824|16 Recep 1448
20261226|0551|0720|1215|1441|1701|1825|17 Recep 1448
20261227|0551|0720|1216|1441|1702|1825|18 Recep 1448
20261228|0552|0720|1216|1442|1702|1826|19 Recep 1448
20261229|0552|0721|1217|1442|1703|1826|20 Recep 1448
20261230|0552|0721|1217|1443|1704|1827|21 Recep 1448
20261231|0553|0721|1218|1444|1705|1828|22 Recep 1448
20270101|0553|0721|1218|1445|1705|1828|23 Recep 1448
20270102|0553|0721|1219|1445|1706|1829|24 Recep 1448
20270103|0553|0721|1219|1446|1707|1830|25 Recep 1448
20270104|0553|0722|1220|1447|1708|1831|26 Recep 1448
20270105|0554|0722|1220|1448|1709|1832|27 Recep 1448
20270106|0554|0722|1221|1449|1710|1832|28 Recep 1448
20270107|0554|0722|1221|1449|1711|1833|29 Recep 1448
20270108|0554|0721|1221|1450|1711|1834|30 Recep 1448
20270109|0554|0721|1222|1451|1712|1835|1 Şaban 1448
20270110|0554|0721|1222|1452|1713|1836|2 Şaban 1448
20270111|0554|0721|1223|1453|1714|1836|3 Şaban 1448
20270112|0554|0721|1223|1454|1715|1837|4 Şaban 1448
20270113|0553|0721|1223|1455|1716|1838|5 Şaban 1448
20270114|0553|0720|1224|1456|1717|1839|6 Şaban 1448
20270115|0553|0720|1224|1457|1718|1840|7 Şaban 1448
20270116|0553|0720|1225|1457|1720|1841|8 Şaban 1448
20270117|0553|0719|1225|1458|1721|1842|9 Şaban 1448
20270118|0552|0719|1225|1459|1722|1843|10 Şaban 1448
20270119|0552|0718|1226|1500|1723|1844|11 Şaban 1448
20270120|0552|0718|1226|1501|1724|1845|12 Şaban 1448
20270121|0551|0717|1226|1502|1725|1846|13 Şaban 1448
20270122|0551|0717|1226|1503|1726|1847|14 Şaban 1448
20270123|0551|0716|1227|1504|1727|1848|15 Şaban 1448
20270124|0550|0716|1227|1505|1728|1849|16 Şaban 1448
20270125|0550|0715|1227|1506|1729|1850|17 Şaban 1448
20270126|0549|0714|1227|1507|1731|1851|18 Şaban 1448
20270127|0549|0714|1228|1508|1732|1852|19 Şaban 1448
20270128|0548|0713|1228|1509|1733|1853|20 Şaban 1448
20270129|0547|0712|1228|1510|1734|1854|21 Şaban 1448
20270130|0547|0711|1228|1511|1735|1855|22 Şaban 1448
20270131|0546|0710|1228|1512|1736|1856|23 Şaban 1448
20270201|0545|0710|1229|1513|1738|1857|24 Şaban 1448
20270202|0545|0709|1229|1514|1739|1858|25 Şaban 1448
20270203|0544|0708|1229|1515|1740|1859|26 Şaban 1448
20270204|0543|0707|1229|1516|1741|1900|27 Şaban 1448
20270205|0542|0706|1229|1517|1742|1901|28 Şaban 1448
20270206|0541|0705|1229|1518|1743|1902|29 Şaban 1448
20270207|0541|0704|1229|1519|1744|1903|30 Şaban 1448
20270208|0540|0703|1229|1520|1746|1904|1 Ramazan 1448
20270209|0539|0702|1229|1520|1747|1905|2 Ramazan 1448
20270210|0538|0701|1229|1521|1748|1906|3 Ramazan 1448
20270211|0537|0700|1229|1522|1749|1907|4 Ramazan 1448
20270212|0536|0658|1229|1523|1750|1908|5 Ramazan 1448
20270213|0535|0657|1229|1524|1751|1909|6 Ramazan 1448
20270214|0534|0656|1229|1525|1752|1910|7 Ramazan 1448
20270215|0533|0655|1229|1526|1754|1911|8 Ramazan 1448
20270216|0531|0654|1229|1527|1755|1912|9 Ramazan 1448
20270217|0530|0652|1229|1527|1756|1913|10 Ramazan 1448
20270218|0529|0651|1229|1528|1757|1914|11 Ramazan 1448
20270219|0528|0650|1229|1529|1758|1915|12 Ramazan 1448
20270220|0527|0649|1229|1530|1759|1916|13 Ramazan 1448
20270221|0526|0647|1229|1531|1800|1917|14 Ramazan 1448
20270222|0524|0646|1229|1531|1801|1918|15 Ramazan 1448
20270223|0523|0645|1228|1532|1802|1919|16 Ramazan 1448
20270224|0522|0643|1228|1533|1803|1920|17 Ramazan 1448
20270225|0520|0642|1228|1534|1805|1921|18 Ramazan 1448
20270226|0519|0641|1228|1534|1806|1922|19 Ramazan 1448
20270227|0518|0639|1228|1535|1807|1923|20 Ramazan 1448
20270228|0516|0638|1228|1536|1808|1924|21 Ramazan 1448
20270301|0515|0636|1228|1537|1809|1925|22 Ramazan 1448
20270302|0514|0635|1227|1537|1810|1926|23 Ramazan 1448
20270303|0512|0633|1227|1538|1811|1927|24 Ramazan 1448
20270304|0511|0632|1227|1539|1812|1928|25 Ramazan 1448
20270305|0509|0631|1227|1539|1813|1929|26 Ramazan 1448
20270306|0508|0629|1226|1540|1814|1930|27 Ramazan 1448
20270307|0506|0628|1226|1540|1815|1931|28 Ramazan 1448
20270308|0505|0626|1226|1541|1816|1932|29 Ramazan 1448
20270309|0503|0625|1226|1542|1817|1933|1 Şevval 1448
20270310|0502|0623|1226|1542|1818|1934|2 Şevval 1448
20270311|0500|0622|1225|1543|1819|1935|3 Şevval 1448
20270312|0459|0620|1225|1543|1820|1936|4 Şevval 1448
20270313|0457|0618|1225|1544|1821|1937|5 Şevval 1448
20270314|0455|0617|1224|1544|1822|1938|6 Şevval 1448
20270315|0454|0615|1224|1545|1823|1939|7 Şevval 1448
20270316|0452|0614|1224|1545|1824|1940|8 Şevval 1448
20270317|0451|0612|1224|1546|1825|1941|9 Şevval 1448
20270318|0449|0611|1223|1546|1826|1943|10 Şevval 1448
20270319|0447|0609|1223|1547|1827|1944|11 Şevval 1448
20270320|0446|0608|1223|1547|1828|1945|12 Şevval 1448
20270321|0444|0606|1222|1548|1829|1946|13 Şevval 1448
20270322|0442|0604|1222|1548|1830|1947|14 Şevval 1448
20270323|0441|0603|1222|1549|1831|1948|15 Şevval 1448
20270324|0439|0601|1222|1549|1832|1949|16 Şevval 1448
20270325|0437|0600|1221|1549|1833|1950|17 Şevval 1448
20270326|0435|0558|1221|1550|1834|1951|18 Şevval 1448
20270327|0434|0557|1221|1550|1835|1952|19 Şevval 1448
20270328|0432|0555|1220|1551|1836|1953|20 Şevval 1448
20270329|0430|0553|1220|1551|1837|1955|21 Şevval 1448
20270330|0428|0552|1220|1551|1838|1956|22 Şevval 1448
20270331|0427|0550|1219|1552|1839|1957|23 Şevval 1448
20270401|0425|0549|1219|1552|1840|1958|24 Şevval 1448
20270402|0423|0547|1219|1552|1840|1959|25 Şevval 1448
20270403|0421|0546|1219|1553|1841|2000|26 Şevval 1448
20270404|0420|0544|1218|1553|1842|2001|27 Şevval 1448
20270405|0418|0543|1218|1553|1843|2003|28 Şevval 1448
20270406|0416|0541|1218|1554|1844|2004|29 Şevval 1448
20270407|0414|0540|1217|1554|1845|2005|30 Şevval 1448
20270408|0413|0538|1217|1554|1846|2006|1 Zilkade 1448
20270409|0411|0537|1217|1555|1847|2007|2 Zilkade 1448
20270410|0409|0535|1217|1555|1848|2008|3 Zilkade 1448
20270411|0407|0534|1216|1555|1849|2010|4 Zilkade 1448
20270412|0406|0532|1216|1555|1850|2011|5 Zilkade 1448
20270413|0404|0531|1216|1556|1851|2012|6 Zilkade 1448
20270414|0402|0529|1216|1556|1852|2013|7 Zilkade 1448
20270415|0400|0528|1215|1556|1853|2015|8 Zilkade 1448
20270416|0358|0526|1215|1556|1854|2016|9 Zilkade 1448
20270417|0357|0525|1215|1557|1855|2017|10 Zilkade 1448
20270418|0355|0523|1215|1557|1856|2018|11 Zilkade 1448
20270419|0353|0522|1214|1557|1857|2020|12 Zilkade 1448
20270420|0351|0521|1214|1557|1858|2021|13 Zilkade 1448
20270421|0350|0519|1214|1558|1859|2022|14 Zilkade 1448
20270422|0348|0518|1214|1558|1900|2024|15 Zilkade 1448
20270423|0346|0517|1214|1558|1901|2025|16 Zilkade 1448
20270424|0345|0515|1213|1558|1902|2026|17 Zilkade 1448
20270425|0343|0514|1213|1559|1903|2027|18 Zilkade 1448
20270426|0341|0513|1213|1559|1904|2029|19 Zilkade 1448
20270427|0339|0511|1213|1559|1904|2030|20 Zilkade 1448
20270428|0338|0510|1213|1559|1905|2031|21 Zilkade 1448
20270429|0336|0509|1213|1600|1906|2033|22 Zilkade 1448
20270430|0334|0507|1212|1600|1907|2034|23 Zilkade 1448
20270501|0333|0506|1212|1600|1908|2035|24 Zilkade 1448
20270502|0331|0505|1212|1600|1909|2037|25 Zilkade 1448
20270503|0330|0504|1212|1600|1910|2038|26 Zilkade 1448
20270504|0328|0503|1212|1601|1911|2039|27 Zilkade 1448
20270505|0326|0502|1212|1601|1912|2041|28 Zilkade 1448
20270506|0325|0500|1212|1601|1913|2042|29 Zilkade 1448
20270507|0323|0459|1212|1601|1914|2044|1 Zilhicce 1448
20270508|0322|0458|1212|1601|1915|2045|2 Zilhicce 1448
20270509|0320|0457|1212|1602|1916|2046|3 Zilhicce 1448
20270510|0319|0456|1212|1602|1917|2048|4 Zilhicce 1448
20270511|0317|0455|1211|1602|1918|2049|5 Zilhicce 1448
20270512|0316|0454|1211|1602|1919|2050|6 Zilhicce 1448
20270513|0314|0453|1211|1603|1920|2052|7 Zilhicce 1448
20270514|0313|0452|1211|1603|1921|2053|8 Zilhicce 1448
20270515|0312|0451|1211|1603|1921|2054|9 Zilhicce 1448
20270516|0310|0451|1211|1603|1922|2056|10 Zilhicce 1448
20270517|0309|0450|1211|1603|1923|2057|11 Zilhicce 1448
20270518|0308|0449|1212|1604|1924|2058|12 Zilhicce 1448
20270519|0306|0448|1212|1604|1925|2100|13 Zilhicce 1448
20270520|0305|0447|1212|1604|1926|2101|14 Zilhicce 1448
20270521|0304|0447|1212|1604|1927|2102|15 Zilhicce 1448
20270522|0303|0446|1212|1605|1928|2103|16 Zilhicce 1448
20270523|0302|0445|1212|1605|1928|2105|17 Zilhicce 1448
20270524|0300|0445|1212|1605|1929|2106|18 Zilhicce 1448
20270525|0259|0444|1212|1605|1930|2107|19 Zilhicce 1448
20270526|0258|0443|1212|1605|1931|2108|20 Zilhicce 1448
20270527|0257|0443|1212|1606|1932|2109|21 Zilhicce 1448
20270528|0256|0442|1212|1606|1932|2111|22 Zilhicce 1448
20270529|0256|0442|1212|1606|1933|2112|23 Zilhicce 1448
20270530|0255|0441|1213|1606|1934|2113|24 Zilhicce 1448
20270531|0254|0441|1213|1607|1935|2114|25 Zilhicce 1448
20270601|0253|0440|1213|1607|1935|2115|26 Zilhicce 1448
20270602|0252|0440|1213|1607|1936|2116|27 Zilhicce 1448
20270603|0252|0440|1213|1607|1937|2117|28 Zilhicce 1448
20270604|0251|0439|1213|1608|1937|2118|29 Zilhicce 1448
20270605|0250|0439|1213|1608|1938|2119|30 Zilhicce 1448
20270606|0250|0439|1214|1608|1939|2120|1 Muharrem 1449
20270607|0249|0438|1214|1608|1939|2121|2 Muharrem 1449
20270608|0249|0438|1214|1609|1940|2121|3 Muharrem 1449
20270609|0248|0438|1214|1609|1940|2122|4 Muharrem 1449
20270610|0248|0438|1214|1609|1941|2123|5 Muharrem 1449
20270611|0247|0438|1215|1609|1941|2124|6 Muharrem 1449
20270612|0247|0438|1215|1610|1942|2124|7 Muharrem 1449
20270613|0247|0438|1215|1610|1942|2125|8 Muharrem 1449
20270614|0247|0438|1215|1610|1943|2126|9 Muharrem 1449
20270615|0247|0438|1215|1610|1943|2126|10 Muharrem 1449
20270616|0247|0438|1216|1611|1944|2127|11 Muharrem 1449
20270617|0246|0438|1216|1611|1944|2127|12 Muharrem 1449
20270618|0246|0438|1216|1611|1944|2127|13 Muharrem 1449
20270619|0247|0438|1216|1611|1945|2128|14 Muharrem 1449
20270620|0247|0438|1217|1612|1945|2128|15 Muharrem 1449
20270621|0247|0438|1217|1612|1945|2128|16 Muharrem 1449
20270622|0247|0439|1217|1612|1945|2129|17 Muharrem 1449
20270623|0247|0439|1217|1612|1946|2129|18 Muharrem 1449
20270624|0248|0439|1217|1612|1946|2129|19 Muharrem 1449
20270625|0248|0439|1218|1613|1946|2129|20 Muharrem 1449
20270626|0248|0440|1218|1613|1946|2129|21 Muharrem 1449
20270627|0249|0440|1218|1613|1946|2129|22 Muharrem 1449
20270628|0249|0440|1218|1613|1946|2129|23 Muharrem 1449
20270629|0250|0441|1218|1613|1946|2129|24 Muharrem 1449
20270630|0250|0441|1219|1614|1946|2129|25 Muharrem 1449
20270701|0251|0442|1219|1614|1946|2128|26 Muharrem 1449
20270702|0252|0442|1219|1614|1946|2128|27 Muharrem 1449
20270703|0253|0443|1219|1614|1946|2128|28 Muharrem 1449
20270704|0253|0443|1219|1614|1946|2127|29 Muharrem 1449
20270705|0254|0444|1220|1614|1946|2127|1 Safer 1449
20270706|0255|0444|1220|1614|1945|2127|2 Safer 1449
20270707|0256|0445|1220|1614|1945|2126|3 Safer 1449
20270708|0257|0445|1220|1615|1945|2126|4 Safer 1449
20270709|0258|0446|1220|1615|1944|2125|5 Safer 1449
20270710|0259|0447|1220|1615|1944|2124|6 Safer 1449
20270711|0300|0447|1221|1615|1944|2124|7 Safer 1449
20270712|0301|0448|1221|1615|1943|2123|8 Safer 1449
20270713|0302|0449|1221|1615|1943|2122|9 Safer 1449
20270714|0303|0449|1221|1615|1942|2121|10 Safer 1449
20270715|0304|0450|1221|1615|1942|2121|11 Safer 1449
20270716|0305|0451|1221|1615|1941|2120|12 Safer 1449
20270717|0306|0452|1221|1615|1941|2119|13 Safer 1449
20270718|0307|0452|1221|1615|1940|2118|14 Safer 1449
20270719|0309|0453|1221|1615|1940|2117|15 Safer 1449
20270720|0310|0454|1221|1615|1939|2116|16 Safer 1449
20270721|0311|0455|1222|1615|1938|2115|17 Safer 1449
20270722|0312|0455|1222|1614|1938|2114|18 Safer 1449
20270723|0313|0456|1222|1614|1937|2112|19 Safer 1449
20270724|0315|0457|1222|1614|1936|2111|20 Safer 1449
20270725|0316|0458|1222|1614|1935|2110|21 Safer 1449
20270726|0317|0459|1222|1614|1935|2109|22 Safer 1449
20270727|0319|0500|1222|1614|1934|2108|23 Safer 1449
20270728|0320|0500|1222|1613|1933|2106|24 Safer 1449
20270729|0321|0501|1222|1613|1932|2105|25 Safer 1449
20270730|0323|0502|1222|1613|1931|2104|26 Safer 1449
20270731|0324|0503|1222|1613|1930|2102|27 Safer 1449
20270801|0325|0504|1221|1612|1929|2101|28 Safer 1449
20270802|0327|0505|1221|1612|1928|2059|29 Safer 1449
20270803|0328|0506|1221|1612|1927|2058|1 Rebiulevvel 1449
20270804|0329|0507|1221|1611|1926|2057|2 Rebiulevvel 1449
20270805|0331|0507|1221|1611|1925|2055|3 Rebiulevvel 1449
20270806|0332|0508|1221|1611|1924|2054|4 Rebiulevvel 1449
20270807|0333|0509|1221|1610|1923|2052|5 Rebiulevvel 1449
20270808|0335|0510|1221|1610|1922|2050|6 Rebiulevvel 1449
20270809|0336|0511|1221|1610|1920|2049|7 Rebiulevvel 1449
20270810|0337|0512|1221|1609|1919|2047|8 Rebiulevvel 1449
20270811|0339|0513|1220|1609|1918|2046|9 Rebiulevvel 1449
20270812|0340|0514|1220|1608|1917|2044|10 Rebiulevvel 1449
20270813|0341|0515|1220|1608|1916|2043|11 Rebiulevvel 1449
20270814|0343|0516|1220|1607|1914|2041|12 Rebiulevvel 1449
20270815|0344|0516|1220|1607|1913|2039|13 Rebiulevvel 1449
20270816|0345|0517|1220|1606|1912|2038|14 Rebiulevvel 1449
20270817|0347|0518|1219|1605|1910|2036|15 Rebiulevvel 1449
20270818|0348|0519|1219|1605|1909|2034|16 Rebiulevvel 1449
20270819|0349|0520|1219|1604|1908|2033|17 Rebiulevvel 1449
20270820|0350|0521|1219|1604|1906|2031|18 Rebiulevvel 1449
20270821|0352|0522|1218|1603|1905|2029|19 Rebiulevvel 1449
20270822|0353|0523|1218|1602|1904|2027|20 Rebiulevvel 1449
20270823|0354|0524|1218|1602|1902|2026|21 Rebiulevvel 1449
20270824|0355|0525|1218|1601|1901|2024|22 Rebiulevvel 1449
20270825|0357|0525|1217|1600|1859|2022|23 Rebiulevvel 1449
20270826|0358|0526|1217|1559|1858|2020|24 Rebiulevvel 1449
20270827|0359|0527|1217|1559|1856|2019|25 Rebiulevvel 1449
20270828|0400|0528|1217|1558|1855|2017|26 Rebiulevvel 1449
20270829|0402|0529|1216|1557|1854|2015|27 Rebiulevvel 1449
20270830|0403|0530|1216|1556|1852|2013|28 Rebiulevvel 1449
20270831|0404|0531|1216|1555|1851|2012|29 Rebiulevvel 1449
20270901|0405|0532|1215|1555|1849|2010|30 Rebiulevvel 1449
20270902|0406|0533|1215|1554|1848|2008|1 Rebiulahir 1449
20270903|0407|0533|1215|1553|1846|2006|2 Rebiulahir 1449
20270904|0409|0534|1214|1552|1844|2004|3 Rebiulahir 1449
20270905|0410|0535|1214|1551|1843|2003|4 Rebiulahir 1449
20270906|0411|0536|1214|1550|1841|2001|5 Rebiulahir 1449
20270907|0412|0537|1213|1549|1840|1959|6 Rebiulahir 1449
20270908|0413|0538|1213|1548|1838|1957|7 Rebiulahir 1449
20270909|0414|0539|1213|1547|1837|1956|8 Rebiulahir 1449
20270910|0415|0540|1212|1546|1835|1954|9 Rebiulahir 1449
20270911|0416|0540|1212|1545|1833|1952|10 Rebiulahir 1449
20270912|0418|0541|1212|1544|1832|1950|11 Rebiulahir 1449
20270913|0419|0542|1211|1544|1830|1948|12 Rebiulahir 1449
20270914|0420|0543|1211|1543|1829|1947|13 Rebiulahir 1449
20270915|0421|0544|1211|1541|1827|1945|14 Rebiulahir 1449
20270916|0422|0545|1210|1540|1826|1943|15 Rebiulahir 1449
20270917|0423|0546|1210|1539|1824|1941|16 Rebiulahir 1449
20270918|0424|0547|1209|1538|1822|1940|17 Rebiulahir 1449
20270919|0425|0548|1209|1537|1821|1938|18 Rebiulahir 1449
20270920|0426|0548|1209|1536|1819|1936|19 Rebiulahir 1449
20270921|0427|0549|1208|1535|1818|1935|20 Rebiulahir 1449
20270922|0428|0550|1208|1534|1816|1933|21 Rebiulahir 1449
20270923|0429|0551|1208|1533|1814|1931|22 Rebiulahir 1449
20270924|0430|0552|1207|1532|1813|1929|23 Rebiulahir 1449
20270925|0431|0553|1207|1531|1811|1928|24 Rebiulahir 1449
20270926|0432|0554|1207|1530|1810|1926|25 Rebiulahir 1449
20270927|0433|0555|1206|1529|1808|1924|26 Rebiulahir 1449
20270928|0434|0556|1206|1528|1806|1923|27 Rebiulahir 1449
20270929|0435|0557|1206|1526|1805|1921|28 Rebiulahir 1449
20270930|0436|0557|1205|1525|1803|1919|29 Rebiulahir 1449
20271001|0437|0558|1205|1524|1802|1918|1 Cemaziyelevvel 1449
20271002|0438|0559|1205|1523|1800|1916|2 Cemaziyelevvel 1449
20271003|0439|0600|1204|1522|1758|1915|3 Cemaziyelevvel 1449
20271004|0440|0601|1204|1521|1757|1913|4 Cemaziyelevvel 1449
20271005|0441|0602|1204|1520|1755|1911|5 Cemaziyelevvel 1449
20271006|0442|0603|1203|1519|1754|1910|6 Cemaziyelevvel 1449
20271007|0443|0604|1203|1518|1752|1908|7 Cemaziyelevvel 1449
20271008|0444|0605|1203|1516|1751|1907|8 Cemaziyelevvel 1449
20271009|0445|0606|1203|1515|1749|1905|9 Cemaziyelevvel 1449
20271010|0446|0607|1202|1514|1748|1904|10 Cemaziyelevvel 1449
20271011|0447|0608|1202|1513|1746|1902|11 Cemaziyelevvel 1449
20271012|0448|0609|1202|1512|1745|1901|12 Cemaziyelevvel 1449
20271013|0448|0610|1201|1511|1743|1859|13 Cemaziyelevvel 1449
20271014|0449|0611|1201|1510|1742|1858|14 Cemaziyelevvel 1449
20271015|0450|0612|1201|1509|1740|1857|15 Cemaziyelevvel 1449
20271016|0451|0613|1201|1508|1739|1855|16 Cemaziyelevvel 1449
20271017|0452|0614|1201|1506|1737|1854|17 Cemaziyelevvel 1449
20271018|0453|0615|1200|1505|1736|1852|18 Cemaziyelevvel 1449
20271019|0454|0616|1200|1504|1735|1851|19 Cemaziyelevvel 1449
20271020|0455|0617|1200|1503|1733|1850|20 Cemaziyelevvel 1449
20271021|0456|0618|1200|1502|1732|1849|21 Cemaziyelevvel 1449
20271022|0457|0619|1200|1501|1731|1847|22 Cemaziyelevvel 1449
20271023|0458|0620|1200|1500|1729|1846|23 Cemaziyelevvel 1449
20271024|0459|0621|1159|1459|1728|1845|24 Cemaziyelevvel 1449
20271025|0500|0622|1159|1458|1727|1844|25 Cemaziyelevvel 1449
20271026|0501|0623|1159|1457|1725|1842|26 Cemaziyelevvel 1449
20271027|0502|0624|1159|1456|1724|1841|27 Cemaziyelevvel 1449
20271028|0503|0625|1159|1455|1723|1840|28 Cemaziyelevvel 1449
20271029|0504|0626|1159|1454|1722|1839|29 Cemaziyelevvel 1449
20271030|0505|0627|1159|1453|1720|1838|30 Cemaziyelevvel 1449
20271031|0506|0628|1159|1452|1719|1837|1 Cemaziyelahir 1449
20271101|0506|0629|1159|1451|1718|1836|2 Cemaziyelahir 1449
20271102|0507|0630|1159|1450|1717|1835|3 Cemaziyelahir 1449
20271103|0508|0632|1159|1450|1716|1834|4 Cemaziyelahir 1449
20271104|0509|0633|1159|1449|1715|1833|5 Cemaziyelahir 1449
20271105|0510|0634|1159|1448|1714|1832|6 Cemaziyelahir 1449
20271106|0511|0635|1159|1447|1713|1831|7 Cemaziyelahir 1449
20271107|0512|0636|1159|1446|1712|1830|8 Cemaziyelahir 1449
20271108|0513|0637|1159|1445|1711|1829|9 Cemaziyelahir 1449
20271109|0514|0638|1159|1445|1710|1828|10 Cemaziyelahir 1449
20271110|0515|0639|1159|1444|1709|1828|11 Cemaziyelahir 1449
20271111|0516|0640|1159|1443|1708|1827|12 Cemaziyelahir 1449
20271112|0517|0641|1159|1443|1707|1826|13 Cemaziyelahir 1449
20271113|0518|0643|1159|1442|1706|1825|14 Cemaziyelahir 1449
20271114|0519|0644|1159|1441|1705|1825|15 Cemaziyelahir 1449
20271115|0520|0645|1200|1441|1704|1824|16 Cemaziyelahir 1449
20271116|0521|0646|1200|1440|1704|1823|17 Cemaziyelahir 1449
20271117|0522|0647|1200|1439|1703|1823|18 Cemaziyelahir 1449
20271118|0523|0648|1200|1439|1702|1822|19 Cemaziyelahir 1449
20271119|0524|0649|1200|1438|1702|1822|20 Cemaziyelahir 1449
20271120|0524|0650|1201|1438|1701|1821|21 Cemaziyelahir 1449
20271121|0525|0651|1201|1437|1700|1821|22 Cemaziyelahir 1449
20271122|0526|0652|1201|1437|1700|1820|23 Cemaziyelahir 1449
20271123|0527|0653|1201|1437|1659|1820|24 Cemaziyelahir 1449
20271124|0528|0654|1202|1436|1659|1820|25 Cemaziyelahir 1449
20271125|0529|0656|1202|1436|1658|1819|26 Cemaziyelahir 1449
20271126|0530|0657|1202|1436|1658|1819|27 Cemaziyelahir 1449
20271127|0531|0658|1202|1435|1657|1819|28 Cemaziyelahir 1449
20271128|0532|0659|1203|1435|1657|1819|29 Cemaziyelahir 1449
20271129|0533|0700|1203|1435|1657|1818|1 Recep 1449
20271130|0533|0701|1203|1435|1656|1818|2 Recep 1449
20271201|0534|0702|1204|1434|1656|1818|3 Recep 1449
20271202|0535|0703|1204|1434|1656|1818|4 Recep 1449
20271203|0536|0704|1205|1434|1656|1818|5 Recep 1449
20271204|0537|0704|1205|1434|1655|1818|6 Recep 1449
20271205|0538|0705|1205|1434|1655|1818|7 Recep 1449
20271206|0538|0706|1206|1434|1655|1818|8 Recep 1449
20271207|0539|0707|1206|1434|1655|1818|9 Recep 1449
20271208|0540|0708|1207|1434|1655|1818|10 Recep 1449
20271209|0541|0709|1207|1434|1655|1818|11 Recep 1449
20271210|0542|0710|1208|1434|1655|1818|12 Recep 1449
20271211|0542|0711|1208|1435|1655|1818|13 Recep 1449
20271212|0543|0711|1208|1435|1656|1819|14 Recep 1449
20271213|0544|0712|1209|1435|1656|1819|15 Recep 1449
20271214|0544|0713|1209|1435|1656|1819|16 Recep 1449
20271215|0545|0714|1210|1435|1656|1819|17 Recep 1449
20271216|0546|0714|1210|1436|1656|1820|18 Recep 1449
20271217|0546|0715|1211|1436|1657|1820|19 Recep 1449
20271218|0547|0716|1211|1436|1657|1820|20 Recep 1449
20271219|0547|0716|1212|1437|1657|1821|21 Recep 1449
20271220|0548|0717|1212|1437|1658|1821|22 Recep 1449
20271221|0549|0717|1213|1438|1658|1822|23 Recep 1449
20271222|0549|0718|1213|1438|1659|1822|24 Recep 1449
20271223|0550|0718|1214|1439|1659|1823|25 Recep 1449
20271224|0550|0719|1214|1439|1700|1823|26 Recep 1449
20271225|0550|0719|1215|1440|1700|1824|27 Recep 1449
20271226|0551|0720|1215|1440|1701|1824|28 Recep 1449
20271227|0551|0720|1216|1441|1702|1825|29 Recep 1449
20271228|0552|0720|1216|1442|1702|1826|30 Recep 1449
20271229|0552|0721|1217|1442|1703|1826|1 Şaban 1449
20271230|0552|0721|1217|1443|1704|1827|2 Şaban 1449
20271231|0553|0721|1218|1444|1704|1828|3 Şaban 1449
#@9311|Bitlis|BITLIS|730
20260101|0554|0722|1220|1447|1708|1831|12 Recep 1447
20260102|0554|0722|1220|1448|1709|1831|13 Recep 1447
20260103|0554|0722|1221|1449|1710|1832|14 Recep 1447
20260104|0554|0722|1221|1450|1711|1833|15 Recep 1447
20260105|0555|0722|1222|1450|1711|1834|16 Recep 1447
20260106|0555|0722|1222|1451|1712|1835|17 Recep 1447
20260107|0555|0722|1223|1452|1713|1835|18 Recep 1447
20260108|0555|0722|1223|1453|1714|1836|19 Recep 1447
20260109|0555|0722|1224|1454|1715|1837|20 Recep 1447
20260110|0555|0722|1224|1455|1716|1838|21 Recep 1447
20260111|0555|0722|1224|1456|1717|1839|22 Recep 1447
20260112|0555|0721|1225|1456|1718|1840|23 Recep 1447
20260113|0555|0721|1225|1457|1719|1840|24 Recep 1447
20260114|0554|0721|1225|1458|1720|1841|25 Recep 1447
20260115|0554|0721|1226|1459|1721|1842|26 Recep 1447
20260116|0554|0720|1226|1500|1722|1843|27 Recep 1447
20260117|0554|0720|1227|1501|1723|1844|28 Recep 1447
20260118|0553|0719|1227|1502|1724|1845|29 Recep 1447
20260119|0553|0719|1227|1503|1725|1846|30 Recep 1447
20260120|0553|0718|1227|1504|1727|1847|1 Şaban 1447
20260121|0552|0718|1228|1505|1728|1848|2 Şaban 1447
20260122|0552|0717|1228|1506|1729|1849|3 Şaban 1447
20260123|0552|0717|1228|1507|1730|1850|4 Şaban 1447
20260124|0551|0716|1229|1508|1731|1851|5 Şaban 1447
20260125|0551|0716|1229|1509|1732|1852|6 Şaban 1447
20260126|0550|0715|1229|1510|1733|1853|7 Şaban 1447
20260127|0550|0714|1229|1511|1734|1854|8 Şaban 1447
20260128|0549|0713|1229|1512|1735|1855|9 Şaban 1447
20260129|0548|0713|1230|1513|1737|1856|10 Şaban 1447
20260130|0548|0712|1230|1514|1738|1857|11 Şaban 1447
20260131|0547|0711|1230|1515|1739|1858|12 Şaban 1447
20260201|0546|0710|1230|1515|1740|1859|13 Şaban 1447
20260202|0546|0709|1230|1516|1741|1900|14 Şaban 1447
20260203|0545|0708|1230|1517|1742|1901|15 Şaban 1447
20260204|0544|0707|1230|1518|1743|1902|16 Şaban 1447
20260205|0543|0706|1231|1519|1745|1903|17 Şaban 1447
20260206|0542|0706|1231|1520|1746|1904|18 Şaban 1447
20260207|0542|0705|1231|1521|1747|1905|19 Şaban 1447
20260208|0541|0703|1231|1522|1748|1906|20 Şaban 1447
20260209|0540|0702|1231|1523|1749|1907|21 Şaban 1447
20260210|0539|0701|1231|1524|1750|1908|22 Şaban 1447
20260211|0538|0700|1231|1525|1751|1909|23 Şaban 1447
20260212|0537|0659|1231|1526|1753|1910|24 Şaban 1447
20260213|0536|0658|1231|1526|1754|1911|25 Şaban 1447
20260214|0535|0657|1231|1527|1755|1912|26 Şaban 1447
20260215|0534|0656|1231|1528|1756|1913|27 Şaban 1447
20260216|0533|0654|1231|1529|1757|1914|28 Şaban 1447
20260217|0531|0653|1231|1530|1758|1915|29 Şaban 1447
20260218|0530|0652|1231|1531|1759|1916|30 Şaban 1447
20260219|0529|0651|1230|1531|1800|1917|1 Ramazan 1447
20260220|0528|0649|1230|1532|1801|1918|2 Ramazan 1447
20260221|0527|0648|1230|1533|1802|1919|3 Ramazan 1447
20260222|0526|0647|1230|1534|1803|1920|4 Ramazan 1447
20260223|0524|0645|1230|1534|1805|1921|5 Ramazan 1447
20260224|0523|0644|1230|1535|1806|1922|6 Ramazan 1447
20260225|0522|0643|1230|1536|1807|1923|7 Ramazan 1447
20260226|0520|0641|1230|1537|1808|1924|8 Ramazan 1447
20260227|0519|0640|1229|1537|1809|1925|9 Ramazan 1447
20260228|0518|0639|1229|1538|1810|1926|10 Ramazan 1447
20260301|0516|0637|1229|1539|1811|1927|11 Ramazan 1447
20260302|0515|0636|1229|1539|1812|1928|12 Ramazan 1447
20260303|0513|0634|1229|1540|1813|1929|13 Ramazan 1447
20260304|0512|0633|1228|1541|1814|1930|14 Ramazan 1447
20260305|0511|0631|1228|1541|1815|1931|15 Ramazan 1447
20260306|0509|0630|1228|1542|1816|1932|16 Ramazan 1447
20260307|0508|0628|1228|1542|1817|1933|17 Ramazan 1447
20260308|0506|0627|1227|1543|1818|1934|18 Ramazan 1447
20260309|0505|0626|1227|1544|1819|1935|19 Ramazan 1447
20260310|0503|0624|1227|1544|1820|1936|20 Ramazan 1447
20260311|0502|0623|1227|1545|1821|1937|21 Ramazan 1447
20260312|0500|0621|1226|1545|1822|1938|22 Ramazan 1447
20260313|0458|0619|1226|1546|1823|1939|23 Ramazan 1447
20260314|0457|0618|1226|1546|1824|1940|24 Ramazan 1447
20260315|0455|0616|1226|1547|1825|1941|25 Ramazan 1447
20260316|0454|0615|1225|1547|1826|1942|26 Ramazan 1447
20260317|0452|0613|1225|1548|1827|1943|27 Ramazan 1447
20260318|0450|0612|1225|1548|1828|1944|28 Ramazan 1447
20260319|0449|0610|1224|1549|1829|1945|29 Ramazan 1447
20260320|0447|0609|1224|1549|1830|1946|1 Şevval 1447
20260321|0445|0607|1224|1549|1831|1947|2 Şevval 1447
20260322|0444|0606|1224|1550|1832|1948|3 Şevval 1447
20260323|0442|0604|1223|1550|1833|1949|4 Şevval 1447
20260324|0440|0603|1223|1551|1834|1950|5 Şevval 1447
20260325|0439|0601|1223|1551|1834|1951|6 Şevval 1447
20260326|0437|0559|1222|1552|1835|1952|7 Şevval 1447
20260327|0435|0558|1222|1552|1836|1954|8 Şevval 1447
20260328|0434|0556|1222|1552|1837|1955|9 Şevval 1447
20260329|0432|0555|1221|1553|1838|1956|10 Şevval 1447
20260330|0430|0553|1221|1553|1839|1957|11 Şevval 1447
20260331|0428|0552|1221|1553|1840|1958|12 Şevval 1447
20260401|0427|0550|1221|1554|1841|1959|13 Şevval 1447
20260402|0425|0549|1220|1554|1842|2000|14 Şevval 1447
20260403|0423|0547|1220|1554|1843|2001|15 Şevval 1447
20260404|0422|0546|1220|1555|1844|2002|16 Şevval 1447
20260405|0420|0544|1219|1555|1845|2004|17 Şevval 1447
20260406|0418|0543|1219|1555|1846|2005|18 Şevval 1447
20260407|0416|0541|1219|1555|1847|2006|19 Şevval 1447
20260408|0415|0540|1219|1556|1848|2007|20 Şevval 1447
20260409|0413|0538|1218|1556|1849|2008|21 Şevval 1447
20260410|0411|0537|1218|1556|1850|2009|22 Şevval 1447
20260411|0409|0535|1218|1557|1850|2011|23 Şevval 1447
20260412|0408|0534|1217|1557|1851|2012|24 Şevval 1447
20260413|0406|0532|1217|1557|1852|2013|25 Şevval 1447
20260414|0404|0531|1217|1557|1853|2014|26 Şevval 1447
20260415|0402|0529|1217|1558|1854|2015|27 Şevval 1447
20260416|0401|0528|1217|1558|1855|2017|28 Şevval 1447
20260417|0359|0526|1216|1558|1856|2018|29 Şevval 1447
20260418|0357|0525|1216|1558|1857|2019|1 Zilkade 1447
20260419|0355|0524|1216|1559|1858|2020|2 Zilkade 1447
20260420|0354|0522|1216|1559|1859|2022|3 Zilkade 1447
20260421|0352|0521|1215|1559|1900|2023|4 Zilkade 1447
20260422|0350|0520|1215|1559|1901|2024|5 Zilkade 1447
20260423|0348|0518|1215|1559|1902|2025|6 Zilkade 1447
20260424|0347|0517|1215|1600|1903|2027|7 Zilkade 1447
20260425|0345|0516|1215|1600|1904|2028|8 Zilkade 1447
20260426|0343|0514|1214|1600|1905|2029|9 Zilkade 1447
20260427|0342|0513|1214|1600|1906|2031|10 Zilkade 1447
20260428|0340|0512|1214|1600|1907|2032|11 Zilkade 1447
20260429|0338|0511|1214|1601|1908|2033|12 Zilkade 1447
20260430|0337|0509|1214|1601|1908|2035|13 Zilkade 1447
20260501|0335|0508|1214|1601|1909|2036|14 Zilkade 1447
20260502|0334|0507|1214|1601|1910|2037|15 Zilkade 1447
20260503|0332|0506|1214|1601|1911|2039|16 Zilkade 1447
20260504|0330|0505|1213|1602|1912|2040|17 Zilkade 1447
20260505|0329|0504|1213|1602|1913|2041|18 Zilkade 1447
20260506|0327|0502|1213|1602|1914|2043|19 Zilkade 1447
20260507|0326|0501|1213|1602|1915|2044|20 Zilkade 1447
20260508|0324|0500|1213|1602|1916|2045|21 Zilkade 1447
20260509|0323|0459|1213|1603|1917|2047|22 Zilkade 1447
20260510|0321|0458|1213|1603|1918|2048|23 Zilkade 1447
20260511|0320|0457|1213|1603|1919|2049|24 Zilkade 1447
20260512|0319|0456|1213|1603|1920|2051|25 Zilkade 1447
20260513|0317|0455|1213|1604|1921|2052|26 Zilkade 1447
20260514|0316|0454|1213|1604|1921|2053|27 Zilkade 1447
20260515|0314|0454|1213|1604|1922|2054|28 Zilkade 1447
20260516|0313|0453|1213|1604|1923|2056|29 Zilkade 1447
20260517|0312|0452|1213|1604|1924|2057|30 Zilkade 1447
20260518|0311|0451|1213|1605|1925|2058|1 Zilhicce 1447
20260519|0309|0450|1213|1605|1926|2100|2 Zilhicce 1447
20260520|0308|0450|1213|1605|1927|2101|3 Zilhicce 1447
20260521|0307|0449|1213|1605|1928|2102|4 Zilhicce 1447
20260522|0306|0448|1213|1605|1928|2103|5 Zilhicce 1447
20260523|0305|0447|1213|1606|1929|2105|6 Zilhicce 1447
20260524|0304|0447|1213|1606|1930|2106|7 Zilhicce 1447
20260525|0303|0446|1213|1606|1931|2107|8 Zilhicce 1447
20260526|0302|0446|1214|1606|1932|2108|9 Zilhicce 1447
20260527|0301|0445|1214|1607|1932|2109|10 Zilhicce 1447
20260528|0300|0445|1214|1607|1933|2110|11 Zilhicce 1447
20260529|0259|0444|1214|1607|1934|2111|12 Zilhicce 1447
20260530|0258|0444|1214|1607|1935|2113|13 Zilhicce 1447
20260531|0257|0443|1214|1608|1935|2114|14 Zilhicce 1447
20260601|0256|0443|1214|1608|1936|2115|15 Zilhicce 1447
20260602|0256|0442|1215|1608|1937|2116|16 Zilhicce 1447
20260603|0255|0442|1215|1608|1937|2117|17 Zilhicce 1447
20260604|0254|0442|1215|1609|1938|2118|18 Zilhicce 1447
20260605|0254|0441|1215|1609|1939|2118|19 Zilhicce 1447
20260606|0253|0441|1215|1609|1939|2119|20 Zilhicce 1447
20260607|0253|0441|1215|1609|1940|2120|21 Zilhicce 1447
20260608|0252|0441|1216|1609|1940|2121|22 Zilhicce 1447
20260609|0252|0441|1216|1610|1941|2122|23 Zilhicce 1447
20260610|0251|0440|1216|1610|1942|2122|24 Zilhicce 1447
20260611|0251|0440|1216|1610|1942|2123|25 Zilhicce 1447
20260612|0251|0440|1216|1610|1943|2124|26 Zilhicce 1447
20260613|0251|0440|1217|1611|1943|2124|27 Zilhicce 1447
20260614|0251|0440|1217|1611|1943|2125|28 Zilhicce 1447
20260615|0250|0440|1217|1611|1944|2126|29 Zilhicce 1447
20260616|0250|0440|1217|1611|1944|2126|1 Muharrem 1448
20260617|0250|0440|1217|1612|1945|2126|2 Muharrem 1448
20260618|0250|0440|1218|1612|1945|2127|3 Muharrem 1448
20260619|0250|0441|1218|1612|1945|2127|4 Muharrem 1448
20260620|0251|0441|1218|1612|1945|2127|5 Muharrem 1448
20260621|0251|0441|1218|1613|1946|2128|6 Muharrem 1448
20260622|0251|0441|1219|1613|1946|2128|7 Muharrem 1448
20260623|0251|0441|1219|1613|1946|2128|8 Muharrem 1448
20260624|0252|0442|1219|1613|1946|2128|9 Muharrem 1448
20260625|0252|0442|1219|1613|1946|2128|10 Muharrem 1448
20260626|0252|0442|1219|1614|1946|2128|11 Muharrem 1448
20260627|0253|0443|1220|1614|1947|2128|12 Muharrem 1448
20260628|0253|0443|1220|1614|1947|2128|13 Muharrem 1448
20260629|0254|0444|1220|1614|1947|2128|14 Muharrem 1448
20260630|0254|0444|1220|1614|1947|2128|15 Muharrem 1448
20260701|0255|0444|1220|1614|1946|2128|16 Muharrem 1448
20260702|0256|0445|1221|1615|1946|2127|17 Muharrem 1448
20260703|0256|0445|1221|1615|1946|2127|18 Muharrem 1448
20260704|0257|0446|1221|1615|1946|2127|19 Muharrem 1448
20260705|0258|0446|1221|1615|1946|2126|20 Muharrem 1448
20260706|0259|0447|1221|1615|1946|2126|21 Muharrem 1448
20260707|0300|0448|1221|1615|1945|2125|22 Muharrem 1448
20260708|0301|0448|1222|1615|1945|2125|23 Muharrem 1448
20260709|0302|0449|1222|1615|1945|2124|24 Muharrem 1448
20260710|0302|0449|1222|1615|1945|2124|25 Muharrem 1448
20260711|0303|0450|1222|1616|1944|2123|26 Muharrem 1448
20260712|0304|0451|1222|1616|1944|2122|27 Muharrem 1448
20260713|0306|0451|1222|1616|1943|2121|28 Muharrem 1448
20260714|0307|0452|1222|1616|1943|2121|29 Muharrem 1448
20260715|0308|0453|1223|1616|1942|2120|1 Safer 1448
20260716|0309|0454|1223|1616|1942|2119|2 Safer 1448
20260717|0310|0454|1223|1616|1941|2118|3 Safer 1448
20260718|0311|0455|1223|1616|1941|2117|4 Safer 1448
20260719|0312|0456|1223|1616|1940|2116|5 Safer 1448
20260720|0313|0457|1223|1615|1939|2115|6 Safer 1448
20260721|0315|0457|1223|1615|1939|2114|7 Safer 1448
20260722|0316|0458|1223|1615|1938|2113|8 Safer 1448
20260723|0317|0459|1223|1615|1937|2112|9 Safer 1448
20260724|0318|0500|1223|1615|1937|2111|10 Safer 1448
20260725|0320|0501|1223|1615|1936|2109|11 Safer 1448
20260726|0321|0501|1223|1615|1935|2108|12 Safer 1448
20260727|0322|0502|1223|1615|1934|2107|13 Safer 1448
20260728|0324|0503|1223|1614|1933|2106|14 Safer 1448
20260729|0325|0504|1223|1614|1932|2104|15 Safer 1448
20260730|0326|0505|1223|1614|1931|2103|16 Safer 1448
20260731|0327|0506|1223|1614|1931|2102|17 Safer 1448
20260801|0329|0506|1223|1613|1930|2100|18 Safer 1448
20260802|0330|0507|1223|1613|1929|2059|19 Safer 1448
20260803|0331|0508|1223|1613|1928|2058|20 Safer 1448
20260804|0333|0509|1223|1612|1927|2056|21 Safer 1448
20260805|0334|0510|1223|1612|1925|2055|22 Safer 1448
20260806|0335|0511|1223|1612|1924|2053|23 Safer 1448
20260807|0337|0512|1222|1611|1923|2052|24 Safer 1448
20260808|0338|0513|1222|1611|1922|2050|25 Safer 1448
20260809|0339|0513|1222|1610|1921|2049|26 Safer 1448
20260810|0341|0514|1222|1610|1920|2047|27 Safer 1448
20260811|0342|0515|1222|1610|1919|2046|28 Safer 1448
20260812|0343|0516|1222|1609|1917|2044|29 Safer 1448
20260813|0345|0517|1222|1609|1916|2042|30 Safer 1448
20260814|0346|0518|1221|1608|1915|2041|1 Rebiulevvel 1448
20260815|0347|0519|1221|1608|1914|2039|2 Rebiulevvel 1448
20260816|0348|0520|1221|1607|1912|2037|3 Rebiulevvel 1448
20260817|0350|0521|1221|1606|1911|2036|4 Rebiulevvel 1448
20260818|0351|0521|1221|1606|1910|2034|5 Rebiulevvel 1448
20260819|0352|0522|1220|1605|1908|2032|6 Rebiulevvel 1448
20260820|0353|0523|1220|1605|1907|2031|7 Rebiulevvel 1448
20260821|0355|0524|1220|1604|1906|2029|8 Rebiulevvel 1448
20260822|0356|0525|1220|1603|1904|2027|9 Rebiulevvel 1448
20260823|0357|0526|1219|1603|1903|2026|10 Rebiulevvel 1448
20260824|0358|0527|1219|1602|1902|2024|11 Rebiulevvel 1448
20260825|0400|0528|1219|1601|1900|2022|12 Rebiulevvel 1448
20260826|0401|0528|1219|1600|1859|2020|13 Rebiulevvel 1448
20260827|0402|0529|1218|1600|1857|2019|14 Rebiulevvel 1448
20260828|0403|0530|1218|1559|1856|2017|15 Rebiulevvel 1448
20260829|0404|0531|1218|1558|1854|2015|16 Rebiulevvel 1448
20260830|0406|0532|1217|1557|1853|2014|17 Rebiulevvel 1448
20260831|0407|0533|1217|1557|1851|2012|18 Rebiulevvel 1448
20260901|0408|0534|1217|1556|1850|2010|19 Rebiulevvel 1448
20260902|0409|0535|1216|1555|1848|2008|20 Rebiulevvel 1448
20260903|0410|0535|1216|1554|1847|2006|21 Rebiulevvel 1448
20260904|0411|0536|1216|1553|1845|2005|22 Rebiulevvel 1448
20260905|0412|0537|1215|1552|1844|2003|23 Rebiulevvel 1448
20260906|0413|0538|1215|1551|1842|2001|24 Rebiulevvel 1448
20260907|0415|0539|1215|1550|1841|1959|25 Rebiulevvel 1448
20260908|0416|0540|1214|1550|1839|1958|26 Rebiulevvel 1448
20260909|0417|0541|1214|1549|1838|1956|27 Rebiulevvel 1448
20260910|0418|0542|1214|1548|1836|1954|28 Rebiulevvel 1448
20260911|0419|0542|1213|1547|1834|1952|29 Rebiulevvel 1448
20260912|0420|0543|1213|1546|1833|1951|1 Rebiulahir 1448
20260913|0421|0544|1213|1545|1831|1949|2 Rebiulahir 1448
20260914|0422|0545|1212|1544|1830|1947|3 Rebiulahir 1448
20260915|0423|0546|1212|1543|1828|1945|4 Rebiulahir 1448
20260916|0424|0547|1212|1542|1827|1944|5 Rebiulahir 1448
20260917|0425|0548|1211|1541|1825|1942|6 Rebiulahir 1448
20260918|0426|0549|1211|1540|1823|1940|7 Rebiulahir 1448
20260919|0427|0549|1211|1539|1822|1939|8 Rebiulahir 1448
20260920|0428|0550|1210|1538|1820|1937|9 Rebiulahir 1448
20260921|0429|0551|1210|1537|1819|1935|10 Rebiulahir 1448
20260922|0430|0552|1209|1535|1817|1933|11 Rebiulahir 1448
20260923|0431|0553|1209|1534|1815|1932|12 Rebiulahir 1448
20260924|0432|0554|1209|1533|1814|1930|13 Rebiulahir 1448
20260925|0433|0555|1208|1532|1812|1928|14 Rebiulahir 1448
20260926|0434|0556|1208|1531|1811|1927|15 Rebiulahir 1448
20260927|0435|0556|1208|1530|1809|1925|16 Rebiulahir 1448
20260928|0436|0557|1207|1529|1808|1923|17 Rebiulahir 1448
20260929|0437|0558|1207|1528|1806|1922|18 Rebiulahir 1448
20260930|0438|0559|1207|1527|1804|1920|19 Rebiulahir 1448
20261001|0439|0600|1206|1526|1803|1919|20 Rebiulahir 1448
20261002|0440|0601|1206|1525|1801|1917|21 Rebiulahir 1448
20261003|0441|0602|1206|1523|1800|1915|22 Rebiulahir 1448
20261004|0442|0603|1205|1522|1758|1914|23 Rebiulahir 1448
20261005|0443|0604|1205|1521|1757|1912|24 Rebiulahir 1448
20261006|0444|0605|1205|1520|1755|1911|25 Rebiulahir 1448
20261007|0445|0606|1205|1519|1754|1909|26 Rebiulahir 1448
20261008|0446|0606|1204|1518|1752|1908|27 Rebiulahir 1448
20261009|0447|0607|1204|1517|1751|1906|28 Rebiulahir 1448
20261010|0448|0608|1204|1516|1749|1905|29 Rebiulahir 1448
20261011|0448|0609|1203|1515|1748|1903|30 Rebiulahir 1448
20261012|0449|0610|1203|1514|1746|1902|1 Cemaziyelevvel 1448
20261013|0450|0611|1203|1512|1745|1900|2 Cemaziyelevvel 1448
20261014|0451|0612|1203|1511|1743|1859|3 Cemaziyelevvel 1448
20261015|0452|0613|1202|1510|1742|1858|4 Cemaziyelevvel 1448
20261016|0453|0614|1202|1509|1740|1856|5 Cemaziyelevvel 1448
20261017|0454|0615|1202|1508|1739|1855|6 Cemaziyelevvel 1448
20261018|0455|0616|1202|1507|1738|1854|7 Cemaziyelevvel 1448
20261019|0456|0617|1202|1506|1736|1852|8 Cemaziyelevvel 1448
20261020|0457|0618|1201|1505|1735|1851|9 Cemaziyelevvel 1448
20261021|0458|0619|1201|1504|1733|1850|10 Cemaziyelevvel 1448
20261022|0459|0620|1201|1503|1732|1848|11 Cemaziyelevvel 1448
20261023|0500|0621|1201|1502|1731|1847|12 Cemaziyelevvel 1448
20261024|0501|0622|1201|1501|1730|1846|13 Cemaziyelevvel 1448
20261025|0502|0623|1201|1500|1728|1845|14 Cemaziyelevvel 1448
20261026|0502|0624|1201|1459|1727|1844|15 Cemaziyelevvel 1448
20261027|0503|0625|1201|1458|1726|1843|16 Cemaziyelevvel 1448
20261028|0504|0626|1200|1457|1725|1841|17 Cemaziyelevvel 1448
20261029|0505|0627|1200|1456|1723|1840|18 Cemaziyelevvel 1448
20261030|0506|0628|1200|1455|1722|1839|19 Cemaziyelevvel 1448
20261031|0507|0629|1200|1454|1721|1838|20 Cemaziyelevvel 1448
20261101|0508|0631|1200|1453|1720|1837|21 Cemaziyelevvel 1448
20261102|0509|0632|1200|1452|1719|1836|22 Cemaziyelevvel 1448
20261103|0510|0633|1200|1452|1718|1835|23 Cemaziyelevvel 1448
20261104|0511|0634|1200|1451|1717|1834|24 Cemaziyelevvel 1448
20261105|0512|0635|1200|1450|1716|1833|25 Cemaziyelevvel 1448
20261106|0513|0636|1200|1449|1714|1832|26 Cemaziyelevvel 1448
20261107|0514|0637|1200|1448|1713|1832|27 Cemaziyelevvel 1448
20261108|0515|0638|1200|1448|1713|1831|28 Cemaziyelevvel 1448
20261109|0516|0639|1200|1447|1712|1830|29 Cemaziyelevvel 1448
20261110|0517|0640|1200|1446|1711|1829|1 Cemaziyelahir 1448
20261111|0518|0641|1201|1445|1710|1828|2 Cemaziyelahir 1448
20261112|0518|0642|1201|1445|1709|1828|3 Cemaziyelahir 1448
20261113|0519|0644|1201|1444|1708|1827|4 Cemaziyelahir 1448
20261114|0520|0645|1201|1443|1707|1826|5 Cemaziyelahir 1448
20261115|0521|0646|1201|1443|1706|1826|6 Cemaziyelahir 1448
20261116|0522|0647|1201|1442|1706|1825|7 Cemaziyelahir 1448
20261117|0523|0648|1201|1442|1705|1825|8 Cemaziyelahir 1448
20261118|0524|0649|1202|1441|1704|1824|9 Cemaziyelahir 1448
20261119|0525|0650|1202|1441|1704|1824|10 Cemaziyelahir 1448
20261120|0526|0651|1202|1440|1703|1823|11 Cemaziyelahir 1448
20261121|0527|0652|1202|1440|1702|1823|12 Cemaziyelahir 1448
20261122|0528|0653|1203|1439|1702|1822|13 Cemaziyelahir 1448
20261123|0529|0654|1203|1439|1701|1822|14 Cemaziyelahir 1448
20261124|0530|0655|1203|1439|1701|1822|15 Cemaziyelahir 1448
20261125|0530|0656|1203|1438|1700|1821|16 Cemaziyelahir 1448
20261126|0531|0657|1204|1438|1700|1821|17 Cemaziyelahir 1448
20261127|0532|0658|1204|1438|1700|1821|18 Cemaziyelahir 1448
20261128|0533|0659|1204|1437|1659|1820|19 Cemaziyelahir 1448
20261129|0534|0700|1205|1437|1659|1820|20 Cemaziyelahir 1448
20261130|0535|0701|1205|1437|1659|1820|21 Cemaziyelahir 1448
20261201|0536|0702|1205|1437|1658|1820|22 Cemaziyelahir 1448
20261202|0536|0703|1206|1437|1658|1820|23 Cemaziyelahir 1448
20261203|0537|0704|1206|1437|1658|1820|24 Cemaziyelahir 1448
20261204|0538|0705|1207|1437|1658|1820|25 Cemaziyelahir 1448
20261205|0539|0706|1207|1437|1658|1820|26 Cemaziyelahir 1448
20261206|0540|0707|1207|1437|1658|1820|27 Cemaziyelahir 1448
20261207|0540|0708|1208|1437|1658|1820|28 Cemaziyelahir 1448
20261208|0541|0709|1208|1437|1658|1820|29 Cemaziyelahir 1448
20261209|0542|0710|1209|1437|1658|1820|30 Cemaziyelahir 1448
20261210|0543|0710|1209|1437|1658|1820|1 Recep 1448
20261211|0543|0711|1210|1437|1658|1820|2 Recep 1448
20261212|0544|0712|1210|1437|1658|1821|3 Recep 1448
20261213|0545|0713|1211|1437|1658|1821|4 Recep 1448
20261214|0546|0714|1211|1438|1658|1821|5 Recep 1448
20261215|0546|0714|1211|1438|1659|1822|6 Recep 1448
20261216|0547|0715|1212|1438|1659|1822|7 Recep 1448
20261217|0547|0716|1212|1439|1659|1822|8 Recep 1448
20261218|0548|0716|1213|1439|1700|1823|9 Recep 1448
20261219|0549|0717|1213|1439|1700|1823|10 Recep 1448
20261220|0549|0717|1214|1440|1701|1823|11 Recep 1448
20261221|0550|0718|1214|1440|1701|1824|12 Recep 1448
20261222|0550|0718|1215|1441|1701|1824|13 Recep 1448
20261223|0551|0719|1215|1441|1702|1825|14 Recep 1448
20261224|0551|0719|1216|1442|1703|1825|15 Recep 1448
20261225|0552|0720|1216|1442|1703|1826|16 Recep 1448
20261226|0552|0720|1217|1443|1704|1827|17 Recep 1448
20261227|0552|0720|1217|1444|1704|1827|18 Recep 1448
20261228|0553|0721|1218|1444|1705|1828|19 Recep 1448
20261229|0553|0721|1218|1445|1706|1828|20 Recep 1448
20261230|0553|0721|1219|1446|1706|1829|21 Recep 1448
20261231|0554|0722|1219|1446|1707|1830|22 Recep 1448
20270101|0554|0722|1220|1447|1708|1831|23 Recep 1448
20270102|0554|0722|1220|1448|1709|1831|24 Recep 1448
20270103|0554|0722|1221|1449|1710|1832|25 Recep 1448
20270104|0554|0722|1221|1449|1710|1833|26 Recep 1448
20270105|0555|0722|1222|1450|1711|1834|27 Recep 1448
20270106|0555|0722|1222|1451|1712|1834|28 Recep 1448
20270107|0555|0722|1223|1452|1713|1835|29 Recep 1448
20270108|0555|0722|1223|1453|1714|1836|30 Recep 1448
20270109|0555|0722|1223|1454|1715|1837|1 Şaban 1448
20270110|0555|0722|1224|1454|1716|1838|2 Şaban 1448
20270111|0555|0722|1224|1455|1717|1838|3 Şaban 1448
20270112|0555|0721|1225|1456|1718|1839|4 Şaban 1448
20270113|0555|0721|1225|1457|1719|1840|5 Şaban 1448
20270114|0554|0721|1225|1458|1720|1841|6 Şaban 1448
20270115|0554|0721|1226|1459|1721|1842|7 Şaban 1448
20270116|0554|0720|1226|1500|1722|1843|8 Şaban 1448
20270117|0554|0720|1226|1501|1723|1844|9 Şaban 1448
20270118|0554|0719|1227|1502|1724|1845|10 Şaban 1448
20270119|0553|0719|1227|1503|1725|1846|11 Şaban 1448
20270120|0553|0719|1227|1504|1726|1847|12 Şaban 1448
20270121|0553|0718|1228|1505|1727|1848|13 Şaban 1448
20270122|0552|0718|1228|1506|1728|1849|14 Şaban 1448
20270123|0552|0717|1228|1507|1730|1850|15 Şaban 1448
20270124|0551|0716|1228|1508|1731|1851|16 Şaban 1448
20270125|0551|0716|1229|1509|1732|1851|17 Şaban 1448
20270126|0550|0715|1229|1509|1733|1852|18 Şaban 1448
20270127|0550|0714|1229|1510|1734|1853|19 Şaban 1448
20270128|0549|0714|1229|1511|1735|1854|20 Şaban 1448
20270129|0549|0713|1230|1512|1736|1855|21 Şaban 1448
20270130|0548|0712|1230|1513|1737|1856|22 Şaban 1448
20270131|0547|0711|1230|1514|1739|1857|23 Şaban 1448
20270201|0547|0710|1230|1515|1740|1858|24 Şaban 1448
20270202|0546|0710|1230|1516|1741|1859|25 Şaban 1448
20270203|0545|0709|1230|1517|1742|1900|26 Şaban 1448
20270204|0544|0708|1230|1518|1743|1901|27 Şaban 1448
20270205|0544|0707|1231|1519|1744|1902|28 Şaban 1448
20270206|0543|0706|1231|1520|1745|1903|29 Şaban 1448
20270207|0542|0705|1231|1521|1747|1904|30 Şaban 1448
20270208|0541|0704|1231|1522|1748|1905|1 Ramazan 1448
20270209|0540|0703|1231|1523|1749|1906|2 Ramazan 1448
20270210|0539|0702|1231|1524|1750|1907|3 Ramazan 1448
20270211|0538|0701|1231|1524|1751|1908|4 Ramazan 1448
20270212|0537|0659|1231|1525|1752|1909|5 Ramazan 1448
20270213|0536|0658|1231|1526|1753|1910|6 Ramazan 1448
20270214|0535|0657|1231|1527|1754|1911|7 Ramazan 1448
20270215|0534|0656|1231|1528|1756|1912|8 Ramazan 1448
20270216|0533|0655|1231|1529|1757|1913|9 Ramazan 1448
20270217|0532|0653|1231|1529|1758|1914|10 Ramazan 1448
20270218|0531|0652|1231|1530|1759|1915|11 Ramazan 1448
20270219|0529|0651|1230|1531|1800|1916|12 Ramazan 1448
20270220|0528|0650|1230|1532|1801|1917|13 Ramazan 1448
20270221|0527|0648|1230|1533|1802|1918|14 Ramazan 1448
20270222|0526|0647|1230|1533|1803|1919|15 Ramazan 1448
20270223|0525|0646|1230|1534|1804|1920|16 Ramazan 1448
20270224|0523|0644|1230|1535|1805|1921|17 Ramazan 1448
20270225|0522|0643|1230|1536|1806|1922|18 Ramazan 1448
20270226|0521|0642|1230|1536|1807|1923|19 Ramazan 1448
20270227|0519|0640|1229|1537|1809|1924|20 Ramazan 1448
20270228|0518|0639|1229|1538|1810|1925|21 Ramazan 1448
20270301|0517|0638|1229|1538|1811|1926|22 Ramazan 1448
20270302|0515|0636|1229|1539|1812|1927|23 Ramazan 1448
20270303|0514|0635|1229|1540|1813|1928|24 Ramazan 1448
20270304|0512|0633|1228|1540|1814|1929|25 Ramazan 1448
20270305|0511|0632|1228|1541|1815|1930|26 Ramazan 1448
20270306|0509|0630|1228|1542|1816|1931|27 Ramazan 1448
20270307|0508|0629|1228|1542|1817|1932|28 Ramazan 1448
20270308|0507|0627|1228|1543|1818|1933|29 Ramazan 1448
20270309|0505|0626|1227|1543|1819|1934|1 Şevval 1448
20270310|0503|0624|1227|1544|1820|1935|2 Şevval 1448
20270311|0502|0623|1227|1544|1821|1936|3 Şevval 1448
20270312|0500|0621|1227|1545|1822|1937|4 Şevval 1448
20270313|0459|0620|1226|1546|1823|1939|5 Şevval 1448
20270314|0457|0618|1226|1546|1824|1940|6 Şevval 1448
20270315|0456|0617|1226|1547|1825|1941|7 Şevval 1448
20270316|0454|0615|1225|1547|1826|1942|8 Şevval 1448
20270317|0452|0614|1225|1548|1827|1943|9 Şevval 1448
20270318|0451|0612|1225|1548|1828|1944|10 Şevval 1448
20270319|0449|0611|1225|1548|1829|1945|11 Şevval 1448
20270320|0448|0609|1224|1549|1829|1946|12 Şevval 1448
20270321|0446|0608|1224|1549|1830|1947|13 Şevval 1448
20270322|0444|0606|1224|1550|1831|1948|14 Şevval 1448
20270323|0443|0604|1223|1550|1832|1949|15 Şevval 1448
20270324|0441|0603|1223|1551|1833|1950|16 Şevval 1448
20270325|0439|0601|1223|1551|1834|1951|17 Şevval 1448
20270326|0437|0600|1222|1551|1835|1952|18 Şevval 1448
20270327|0436|0558|1222|1552|1836|1953|19 Şevval 1448
20270328|0434|0557|1222|1552|1837|1954|20 Şevval 1448
20270329|0432|0555|1222|1553|1838|1955|21 Şevval 1448
20270330|0431|0554|1221|1553|1839|1957|22 Şevval 1448
20270331|0429|0552|1221|1553|1840|1958|23 Şevval 1448
20270401|0427|0551|1221|1554|1841|1959|24 Şevval 1448
20270402|0425|0549|1220|1554|1842|2000|25 Şevval 1448
20270403|0424|0547|1220|1554|1843|2001|26 Şevval 1448
20270404|0422|0546|1220|1555|1844|2002|27 Şevval 1448
20270405|0420|0544|1219|1555|1845|2003|28 Şevval 1448
20270406|0418|0543|1219|1555|1846|2004|29 Şevval 1448
20270407|0417|0541|1219|1555|1846|2006|30 Şevval 1448
20270408|0415|0540|1219|1556|1847|2007|1 Zilkade 1448
20270409|0413|0538|1218|1556|1848|2008|2 Zilkade 1448
20270410|0411|0537|1218|1556|1849|2009|3 Zilkade 1448
20270411|0410|0535|1218|1557|1850|2010|4 Zilkade 1448
20270412|0408|0534|1218|1557|1851|2012|5 Zilkade 1448
20270413|0406|0533|1217|1557|1852|2013|6 Zilkade 1448
20270414|0404|0531|1217|1557|1853|2014|7 Zilkade 1448
20270415|0403|0530|1217|1558|1854|2015|8 Zilkade 1448
20270416|0401|0528|1217|1558|1855|2016|9 Zilkade 1448
20270417|0359|0527|1216|1558|1856|2018|10 Zilkade 1448
20270418|0357|0525|1216|1558|1857|2019|11 Zilkade 1448
20270419|0356|0524|1216|1558|1858|2020|12 Zilkade 1448
20270420|0354|0523|1216|1559|1859|2021|13 Zilkade 1448
20270421|0352|0521|1215|1559|1900|2023|14 Zilkade 1448
20270422|0351|0520|1215|1559|1901|2024|15 Zilkade 1448
20270423|0349|0519|1215|1559|1902|2025|16 Zilkade 1448
20270424|0347|0517|1215|1600|1903|2026|17 Zilkade 1448
20270425|0346|0516|1215|1600|1903|2028|18 Zilkade 1448
20270426|0344|0515|1215|1600|1904|2029|19 Zilkade 1448
20270427|0342|0513|1214|1600|1905|2030|20 Zilkade 1448
20270428|0341|0512|1214|1600|1906|2032|21 Zilkade 1448
20270429|0339|0511|1214|1601|1907|2033|22 Zilkade 1448
20270430|0337|0510|1214|1601|1908|2034|23 Zilkade 1448
20270501|0336|0508|1214|1601|1909|2036|24 Zilkade 1448
20270502|0334|0507|1214|1601|1910|2037|25 Zilkade 1448
20270503|0332|0506|1214|1601|1911|2038|26 Zilkade 1448
20270504|0331|0505|1213|1602|1912|2040|27 Zilkade 1448
20270505|0329|0504|1213|1602|1913|2041|28 Zilkade 1448
20270506|0328|0503|1213|1602|1914|2042|29 Zilkade 1448
20270507|0326|0502|1213|1602|1915|2044|1 Zilhicce 1448
20270508|0325|0501|1213|1602|1916|2045|2 Zilhicce 1448
20270509|0323|0500|1213|1603|1917|2046|3 Zilhicce 1448
20270510|0322|0459|1213|1603|1918|2048|4 Zilhicce 1448
20270511|0320|0458|1213|1603|1918|2049|5 Zilhicce 1448
20270512|0319|0457|1213|1603|1919|2050|6 Zilhicce 1448
20270513|0318|0456|1213|1603|1920|2052|7 Zilhicce 1448
20270514|0316|0455|1213|1604|1921|2053|8 Zilhicce 1448
20270515|0315|0454|1213|1604|1922|2054|9 Zilhicce 1448
20270516|0313|0453|1213|1604|1923|2055|10 Zilhicce 1448
20270517|0312|0452|1213|1604|1924|2057|11 Zilhicce 1448
20270518|0311|0451|1213|1605|1925|2058|12 Zilhicce 1448
20270519|0310|0451|1213|1605|1926|2059|13 Zilhicce 1448
20270520|0308|0450|1213|1605|1926|2101|14 Zilhicce 1448
20270521|0307|0449|1213|1605|1927|2102|15 Zilhicce 1448
20270522|0306|0448|1213|1605|1928|2103|16 Zilhicce 1448
20270523|0305|0448|1213|1606|1929|2104|17 Zilhicce 1448
20270524|0304|0447|1213|1606|1930|2105|18 Zilhicce 1448
20270525|0303|0446|1213|1606|1931|2107|19 Zilhicce 1448
20270526|0302|0446|1214|1606|1931|2108|20 Zilhicce 1448
20270527|0301|0445|1214|1607|1932|2109|21 Zilhicce 1448
20270528|0300|0445|1214|1607|1933|2110|22 Zilhicce 1448
20270529|0259|0444|1214|1607|1934|2111|23 Zilhicce 1448
20270530|0258|0444|1214|1607|1934|2112|24 Zilhicce 1448
20270531|0257|0443|1214|1607|1935|2113|25 Zilhicce 1448
20270601|0257|0443|1214|1608|1936|2114|26 Zilhicce 1448
20270602|0256|0442|1214|1608|1937|2115|27 Zilhicce 1448
20270603|0255|0442|1215|1608|1937|2116|28 Zilhicce 1448
20270604|0255|0442|1215|1608|1938|2117|29 Zilhicce 1448
20270605|0254|0441|1215|1609|1939|2118|30 Zilhicce 1448
20270606|0253|0441|1215|1609|1939|2119|1 Muharrem 1449
20270607|0253|0441|1215|1609|1940|2120|2 Muharrem 1449
20270608|0252|0441|1216|1609|1940|2121|3 Muharrem 1449
20270609|0252|0441|1216|1610|1941|2122|4 Muharrem 1449
20270610|0252|0440|1216|1610|1941|2122|5 Muharrem 1449
20270611|0251|0440|1216|1610|1942|2123|6 Muharrem 1449
20270612|0251|0440|1216|1610|1942|2124|7 Muharrem 1449
20270613|0251|0440|1217|1611|1943|2124|8 Muharrem 1449
20270614|0251|0440|1217|1611|1943|2125|9 Muharrem 1449
20270615|0250|0440|1217|1611|1944|2125|10 Muharrem 1449
20270616|0250|0440|1217|1611|1944|2126|11 Muharrem 1449
20270617|0250|0440|1217|1612|1944|2126|12 Muharrem 1449
20270618|0250|0440|1218|1612|1945|2127|13 Muharrem 1449
20270619|0250|0441|1218|1612|1945|2127|14 Muharrem 1449
20270620|0251|0441|1218|1612|1945|2127|15 Muharrem 1449
20270621|0251|0441|1218|1613|1946|2128|16 Muharrem 1449
20270622|0251|0441|1218|1613|1946|2128|17 Muharrem 1449
20270623|0251|0441|1219|1613|1946|2128|18 Muharrem 1449
20270624|0251|0442|1219|1613|1946|2128|19 Muharrem 1449
20270625|0252|0442|1219|1613|1946|2128|20 Muharrem 1449
20270626|0252|0442|1219|1614|1946|2128|21 Muharrem 1449
20270627|0253|0443|1220|1614|1946|2128|22 Muharrem 1449
20270628|0253|0443|1220|1614|1947|2128|23 Muharrem 1449
20270629|0254|0443|1220|1614|1947|2128|24 Muharrem 1449
20270630|0254|0444|1220|1614|1947|2128|25 Muharrem 1449
20270701|0255|0444|1220|1614|1946|2128|26 Muharrem 1449
20270702|0256|0445|1221|1615|1946|2128|27 Muharrem 1449
20270703|0256|0445|1221|1615|1946|2127|28 Muharrem 1449
20270704|0257|0446|1221|1615|1946|2127|29 Muharrem 1449
20270705|0258|0446|1221|1615|1946|2126|1 Safer 1449
20270706|0259|0447|1221|1615|1946|2126|2 Safer 1449
20270707|0259|0447|1221|1615|1946|2126|3 Safer 1449
20270708|0300|0448|1222|1615|1945|2125|4 Safer 1449
20270709|0301|0449|1222|1615|1945|2124|5 Safer 1449
20270710|0302|0449|1222|1615|1945|2124|6 Safer 1449
20270711|0303|0450|1222|1616|1944|2123|7 Safer 1449
20270712|0304|0451|1222|1616|1944|2122|8 Safer 1449
20270713|0305|0451|1222|1616|1943|2122|9 Safer 1449
20270714|0306|0452|1222|1616|1943|2121|10 Safer 1449
20270715|0307|0453|1223|1616|1942|2120|11 Safer 1449
20270716|0309|0453|1223|1616|1942|2119|12 Safer 1449
20270717|0310|0454|1223|1616|1941|2118|13 Safer 1449
20270718|0311|0455|1223|1616|1941|2117|14 Safer 1449
20270719|0312|0456|1223|1616|1940|2116|15 Safer 1449
20270720|0313|0456|1223|1615|1940|2115|16 Safer 1449
20270721|0314|0457|1223|1615|1939|2114|17 Safer 1449
20270722|0316|0458|1223|1615|1938|2113|18 Safer 1449
20270723|0317|0459|1223|1615|1938|2112|19 Safer 1449
20270724|0318|0500|1223|1615|1937|2111|20 Safer 1449
20270725|0319|0500|1223|1615|1936|2110|21 Safer 1449
20270726|0321|0501|1223|1615|1935|2109|22 Safer 1449
20270727|0322|0502|1223|1615|1934|2107|23 Safer 1449
20270728|0323|0503|1223|1614|1933|2106|24 Safer 1449
20270729|0325|0504|1223|1614|1933|2105|25 Safer 1449
20270730|0326|0505|1223|1614|1932|2103|26 Safer 1449
20270731|0327|0505|1223|1614|1931|2102|27 Safer 1449
20270801|0328|0506|1223|1613|1930|2101|28 Safer 1449
20270802|0330|0507|1223|1613|1929|2059|29 Safer 1449
20270803|0331|0508|1223|1613|1928|2058|1 Rebiulevvel 1449
20270804|0332|0509|1223|1612|1927|2057|2 Rebiulevvel 1449
20270805|0334|0510|1223|1612|1926|2055|3 Rebiulevvel 1449
20270806|0335|0511|1223|1612|1925|2054|4 Rebiulevvel 1449
20270807|0336|0511|1222|1611|1924|2052|5 Rebiulevvel 1449
20270808|0338|0512|1222|1611|1922|2051|6 Rebiulevvel 1449
20270809|0339|0513|1222|1611|1921|2049|7 Rebiulevvel 1449
20270810|0340|0514|1222|1610|1920|2047|8 Rebiulevvel 1449
20270811|0342|0515|1222|1610|1919|2046|9 Rebiulevvel 1449
20270812|0343|0516|1222|1609|1918|2044|10 Rebiulevvel 1449
20270813|0344|0517|1222|1609|1916|2043|11 Rebiulevvel 1449
20270814|0345|0518|1221|1608|1915|2041|12 Rebiulevvel 1449
20270815|0347|0519|1221|1608|1914|2039|13 Rebiulevvel 1449
20270816|0348|0519|1221|1607|1913|2038|14 Rebiulevvel 1449
20270817|0349|0520|1221|1607|1911|2036|15 Rebiulevvel 1449
20270818|0351|0521|1221|1606|1910|2035|16 Rebiulevvel 1449
20270819|0352|0522|1220|1605|1909|2033|17 Rebiulevvel 1449
20270820|0353|0523|1220|1605|1907|2031|18 Rebiulevvel 1449
20270821|0354|0524|1220|1604|1906|2029|19 Rebiulevvel 1449
20270822|0356|0525|1220|1603|1905|2028|20 Rebiulevvel 1449
20270823|0357|0526|1219|1603|1903|2026|21 Rebiulevvel 1449
20270824|0358|0527|1219|1602|1902|2024|22 Rebiulevvel 1449
20270825|0359|0527|1219|1601|1900|2023|23 Rebiulevvel 1449
20270826|0400|0528|1219|1601|1859|2021|24 Rebiulevvel 1449
20270827|0402|0529|1218|1600|1858|2019|25 Rebiulevvel 1449
20270828|0403|0530|1218|1559|1856|2017|26 Rebiulevvel 1449
20270829|0404|0531|1218|1558|1855|2016|27 Rebiulevvel 1449
20270830|0405|0532|1217|1558|1853|2014|28 Rebiulevvel 1449
20270831|0406|0533|1217|1557|1852|2012|29 Rebiulevvel 1449
20270901|0408|0534|1217|1556|1850|2010|30 Rebiulevvel 1449
20270902|0409|0534|1217|1555|1849|2009|1 Rebiulahir 1449
20270903|0410|0535|1216|1554|1847|2007|2 Rebiulahir 1449
20270904|0411|0536|1216|1553|1846|2005|3 Rebiulahir 1449
20270905|0412|0537|1216|1552|1844|2003|4 Rebiulahir 1449
20270906|0413|0538|1215|1552|1843|2002|5 Rebiulahir 1449
20270907|0414|0539|1215|1551|1841|2000|6 Rebiulahir 1449
20270908|0415|0540|1215|1550|1839|1958|7 Rebiulahir 1449
20270909|0417|0540|1214|1549|1838|1956|8 Rebiulahir 1449
20270910|0418|0541|1214|1548|1836|1955|9 Rebiulahir 1449
20270911|0419|0542|1213|1547|1835|1953|10 Rebiulahir 1449
20270912|0420|0543|1213|1546|1833|1951|11 Rebiulahir 1449
20270913|0421|0544|1213|1545|1832|1949|12 Rebiulahir 1449
20270914|0422|0545|1212|1544|1830|1948|13 Rebiulahir 1449
20270915|0423|0546|1212|1543|1828|1946|14 Rebiulahir 1449
20270916|0424|0547|1212|1542|1827|1944|15 Rebiulahir 1449
20270917|0425|0547|1211|1541|1825|1942|16 Rebiulahir 1449
20270918|0426|0548|1211|1540|1824|1941|17 Rebiulahir 1449
20270919|0427|0549|1211|1539|1822|1939|18 Rebiulahir 1449
20270920|0428|0550|1210|1538|1821|1937|19 Rebiulahir 1449
20270921|0429|0551|1210|1537|1819|1936|20 Rebiulahir 1449
20270922|0430|0552|1210|1536|1817|1934|21 Rebiulahir 1449
20270923|0431|0553|1209|1535|1816|1932|22 Rebiulahir 1449
20270924|0432|0554|1209|1534|1814|1930|23 Rebiulahir 1449
20270925|0433|0554|1209|1533|1813|1929|24 Rebiulahir 1449
20270926|0434|0555|1208|1531|1811|1927|25 Rebiulahir 1449
20270927|0435|0556|1208|1530|1809|1926|26 Rebiulahir 1449
20270928|0436|0557|1207|1529|1808|1924|27 Rebiulahir 1449
20270929|0437|0558|1207|1528|1806|1922|28 Rebiulahir 1449
20270930|0438|0559|1207|1527|1805|1921|29 Rebiulahir 1449
20271001|0439|0600|1206|1526|1803|1919|1 Cemaziyelevvel 1449
20271002|0440|0601|1206|1525|1802|1917|2 Cemaziyelevvel 1449
20271003|0441|0602|1206|1524|1800|1916|3 Cemaziyelevvel 1449
20271004|0442|0603|1206|1523|1759|1914|4 Cemaziyelevvel 1449
20271005|0443|0603|1205|1522|1757|1913|5 Cemaziyelevvel 1449
20271006|0444|0604|1205|1520|1755|1911|6 Cemaziyelevvel 1449
20271007|0444|0605|1205|1519|1754|1910|7 Cemaziyelevvel 1449
20271008|0445|0606|1204|1518|1752|1908|8 Cemaziyelevvel 1449
20271009|0446|0607|1204|1517|1751|1907|9 Cemaziyelevvel 1449
20271010|0447|0608|1204|1516|1749|1905|10 Cemaziyelevvel 1449
20271011|0448|0609|1204|1515|1748|1904|11 Cemaziyelevvel 1449
20271012|0449|0610|1203|1514|1746|1902|12 Cemaziyelevvel 1449
20271013|0450|0611|1203|1513|1745|1901|13 Cemaziyelevvel 1449
20271014|0451|0612|1203|1512|1744|1859|14 Cemaziyelevvel 1449
20271015|0452|0613|1203|1511|1742|1858|15 Cemaziyelevvel 1449
20271016|0453|0614|1202|1509|1741|1857|16 Cemaziyelevvel 1449
20271017|0454|0615|1202|1508|1739|1855|17 Cemaziyelevvel 1449
20271018|0455|0616|1202|1507|1738|1854|18 Cemaziyelevvel 1449
20271019|0456|0617|1202|1506|1737|1853|19 Cemaziyelevvel 1449
20271020|0457|0618|1202|1505|1735|1851|20 Cemaziyelevvel 1449
20271021|0458|0619|1201|1504|1734|1850|21 Cemaziyelevvel 1449
20271022|0459|0620|1201|1503|1732|1849|22 Cemaziyelevvel 1449
20271023|0459|0621|1201|1502|1731|1848|23 Cemaziyelevvel 1449
20271024|0500|0622|1201|1501|1730|1846|24 Cemaziyelevvel 1449
20271025|0501|0623|1201|1500|1729|1845|25 Cemaziyelevvel 1449
20271026|0502|0624|1201|1459|1727|1844|26 Cemaziyelevvel 1449
20271027|0503|0625|1201|1458|1726|1843|27 Cemaziyelevvel 1449
20271028|0504|0626|1200|1457|1725|1842|28 Cemaziyelevvel 1449
20271029|0505|0627|1200|1456|1724|1841|29 Cemaziyelevvel 1449
20271030|0506|0628|1200|1455|1722|1840|30 Cemaziyelevvel 1449
20271031|0507|0629|1200|1454|1721|1838|1 Cemaziyelahir 1449
20271101|0508|0630|1200|1454|1720|1837|2 Cemaziyelahir 1449
20271102|0509|0631|1200|1453|1719|1836|3 Cemaziyelahir 1449
20271103|0510|0632|1200|1452|1718|1835|4 Cemaziyelahir 1449
20271104|0511|0634|1200|1451|1717|1835|5 Cemaziyelahir 1449
20271105|0512|0635|1200|1450|1716|1834|6 Cemaziyelahir 1449
20271106|0513|0636|1200|1449|1715|1833|7 Cemaziyelahir 1449
20271107|0514|0637|1200|1448|1714|1832|8 Cemaziyelahir 1449
20271108|0514|0638|1200|1448|1713|1831|9 Cemaziyelahir 1449
20271109|0515|0639|1200|1447|1712|1830|10 Cemaziyelahir 1449
20271110|0516|0640|1200|1446|1711|1829|11 Cemaziyelahir 1449
20271111|0517|0641|1201|1446|1710|1829|12 Cemaziyelahir 1449
20271112|0518|0642|1201|1445|1709|1828|13 Cemaziyelahir 1449
20271113|0519|0643|1201|1444|1708|1827|14 Cemaziyelahir 1449
20271114|0520|0644|1201|1444|1707|1827|15 Cemaziyelahir 1449
20271115|0521|0645|1201|1443|1707|1826|16 Cemaziyelahir 1449
20271116|0522|0647|1201|1442|1706|1825|17 Cemaziyelahir 1449
20271117|0523|0648|1201|1442|1705|1825|18 Cemaziyelahir 1449
20271118|0524|0649|1202|1441|1705|1824|19 Cemaziyelahir 1449
20271119|0525|0650|1202|1441|1704|1824|20 Cemaziyelahir 1449
20271120|0526|0651|1202|1440|1703|1823|21 Cemaziyelahir 1449
20271121|0527|0652|1202|1440|1703|1823|22 Cemaziyelahir 1449
20271122|0527|0653|1203|1439|1702|1822|23 Cemaziyelahir 1449
20271123|0528|0654|1203|1439|1702|1822|24 Cemaziyelahir 1449
20271124|0529|0655|1203|1439|1701|1822|25 Cemaziyelahir 1449
20271125|0530|0656|1203|1438|1701|1821|26 Cemaziyelahir 1449
20271126|0531|0657|1204|1438|1700|1821|27 Cemaziyelahir 1449
20271127|0532|0658|1204|1438|1700|1821|28 Cemaziyelahir 1449
20271128|0533|0659|1204|1437|1659|1821|29 Cemaziyelahir 1449
20271129|0534|0700|1205|1437|1659|1820|1 Recep 1449
20271130|0535|0701|1205|1437|1659|1820|2 Recep 1449
20271201|0535|0702|1205|1437|1659|1820|3 Recep 1449
20271202|0536|0703|1206|1437|1658|1820|4 Recep 1449
20271203|0537|0704|1206|1437|1658|1820|5 Recep 1449
20271204|0538|0705|1206|1437|1658|1820|6 Recep 1449
20271205|0539|0706|1207|1437|1658|1820|7 Recep 1449
20271206|0539|0707|1207|1437|1658|1820|8 Recep 1449
20271207|0540|0708|1208|1437|1658|1820|9 Recep 1449
20271208|0541|0709|1208|1437|1658|1820|10 Recep 1449
20271209|0542|0709|1209|1437|1658|1820|11 Recep 1449
20271210|0543|0710|1209|1437|1658|1820|12 Recep 1449
20271211|0543|0711|1209|1437|1658|1820|13 Recep 1449
20271212|0544|0712|1210|1437|1658|1821|14 Recep 1449
20271213|0545|0713|1210|1437|1658|1821|15 Recep 1449
20271214|0545|0713|1211|1438|1658|1821|16 Recep 1449
20271215|0546|0714|1211|1438|1659|1821|17 Recep 1449
20271216|0547|0715|1212|1438|1659|1822|18 Recep 1449
20271217|0547|0715|1212|1439|1659|1822|19 Recep 1449
20271218|0548|0716|1213|1439|1700|1822|20 Recep 1449
20271219|0548|0717|1213|1439|1700|1823|21 Recep 1449
20271220|0549|0717|1214|1440|1700|1823|22 Recep 1449
20271221|0550|0718|1214|1440|1701|1824|23 Recep 1449
20271222|0550|0718|1215|1441|1701|1824|24 Recep 1449
20271223|0551|0719|1215|1441|1702|1825|25 Recep 1449
20271224|0551|0719|1216|1442|1702|1825|26 Recep 1449
20271225|0551|0720|1216|1442|1703|1826|27 Recep 1449
20271226|0552|0720|1217|1443|1704|1826|28 Recep 1449
20271227|0552|0720|1217|1444|1704|1827|29 Recep 1449
20271228|0553|0721|1218|1444|1705|1828|30 Recep 1449
20271229|0553|0721|1218|1445|1706|1828|1 Şaban 1449
20271230|0553|0721|1219|1445|1706|1829|2 Şaban 1449
20271231|0554|0721|1219|1446|1707|1830|3 Şaban 1449
#@9312|Hizan|BITLIS|730
20260101|0552|0720|1219|1447|1707|1830|12 Recep 1447
20260102|0553|0720|1219|1447|1708|1830|13 Recep 1447
20260103|0553|0720|1220|1448|1709|1831|14 Recep 1447
20260104|0553|0720|1220|1449|1710|1832|15 Recep 1447
20260105|0553|0720|1221|1450|1711|1833|16 Recep 1447
20260106|0553|0720|1221|1450|1712|1833|17 Recep 1447
20260107|0553|0720|1221|1451|1712|1834|18 Recep 1447
20260108|0553|0720|1222|1452|1713|1835|19 Recep 1447
20260109|0553|0720|1222|1453|1714|1836|20 Recep 1447
20260110|0553|0720|1223|1454|1715|1837|21 Recep 1447
20260111|0553|0720|1223|1455|1716|1838|22 Recep 1447
20260112|0553|0720|1223|1456|1717|1839|23 Recep 1447
20260113|0553|0719|1224|1457|1718|1839|24 Recep 1447
20260114|0553|0719|1224|1457|1719|1840|25 Recep 1447
20260115|0553|0719|1225|1458|1720|1841|26 Recep 1447
20260116|0553|0718|1225|1459|1721|1842|27 Recep 1447
20260117|0552|0718|1225|1500|1722|1843|28 Recep 1447
20260118|0552|0718|1226|1501|1724|1844|29 Recep 1447
20260119|0552|0717|1226|1502|1725|1845|30 Recep 1447
20260120|0551|0717|1226|1503|1726|1846|1 Şaban 1447
20260121|0551|0716|1226|1504|1727|1847|2 Şaban 1447
20260122|0551|0716|1227|1505|1728|1848|3 Şaban 1447
20260123|0550|0715|1227|1506|1729|1849|4 Şaban 1447
20260124|0550|0715|1227|1507|1730|1850|5 Şaban 1447
20260125|0549|0714|1228|1508|1731|1851|6 Şaban 1447
20260126|0549|0713|1228|1509|1732|1852|7 Şaban 1447
20260127|0548|0713|1228|1510|1733|1853|8 Şaban 1447
20260128|0548|0712|1228|1511|1735|1854|9 Şaban 1447
20260129|0547|0711|1228|1512|1736|1855|10 Şaban 1447
20260130|0546|0710|1229|1513|1737|1856|11 Şaban 1447
20260131|0546|0709|1229|1514|1738|1857|12 Şaban 1447
20260201|0545|0709|1229|1515|1739|1858|13 Şaban 1447
20260202|0544|0708|1229|1516|1740|1858|14 Şaban 1447
20260203|0544|0707|1229|1516|1741|1859|15 Şaban 1447
20260204|0543|0706|1229|1517|1743|1900|16 Şaban 1447
20260205|0542|0705|1229|1518|1744|1901|17 Şaban 1447
20260206|0541|0704|1229|1519|1745|1902|18 Şaban 1447
20260207|0540|0703|1229|1520|1746|1903|19 Şaban 1447
20260208|0539|0702|1229|1521|1747|1904|20 Şaban 1447
20260209|0538|0701|1229|1522|1748|1905|21 Şaban 1447
20260210|0538|0700|1230|1523|1749|1906|22 Şaban 1447
20260211|0537|0659|1230|1524|1750|1907|23 Şaban 1447
20260212|0536|0658|1230|1525|1752|1908|24 Şaban 1447
20260213|0535|0656|1230|1525|1753|1909|25 Şaban 1447
20260214|0533|0655|1229|1526|1754|1910|26 Şaban 1447
20260215|0532|0654|1229|1527|1755|1911|27 Şaban 1447
20260216|0531|0653|1229|1528|1756|1912|28 Şaban 1447
20260217|0530|0652|1229|1529|1757|1913|29 Şaban 1447
20260218|0529|0650|1229|1530|1758|1914|30 Şaban 1447
20260219|0528|0649|1229|1530|1759|1915|1 Ramazan 1447
20260220|0527|0648|1229|1531|1800|1916|2 Ramazan 1447
20260221|0526|0647|1229|1532|1801|1917|3 Ramazan 1447
20260222|0524|0645|1229|1533|1802|1918|4 Ramazan 1447
20260223|0523|0644|1229|1533|1803|1919|5 Ramazan 1447
20260224|0522|0643|1229|1534|1805|1920|6 Ramazan 1447
20260225|0520|0641|1228|1535|1806|1921|7 Ramazan 1447
20260226|0519|0640|1228|1535|1807|1922|8 Ramazan 1447
20260227|0518|0639|1228|1536|1808|1923|9 Ramazan 1447
20260228|0516|0637|1228|1537|1809|1924|10 Ramazan 1447
20260301|0515|0636|1228|1538|1810|1925|11 Ramazan 1447
20260302|0514|0634|1228|1538|1811|1926|12 Ramazan 1447
20260303|0512|0633|1227|1539|1812|1927|13 Ramazan 1447
20260304|0511|0632|1227|1539|1813|1928|14 Ramazan 1447
20260305|0509|0630|1227|1540|1814|1929|15 Ramazan 1447
20260306|0508|0629|1227|1541|1815|1930|16 Ramazan 1447
20260307|0507|0627|1226|1541|1816|1931|17 Ramazan 1447
20260308|0505|0626|1226|1542|1817|1932|18 Ramazan 1447
20260309|0504|0624|1226|1542|1818|1933|19 Ramazan 1447
20260310|0502|0623|1226|1543|1819|1934|20 Ramazan 1447
20260311|0500|0621|1225|1543|1820|1935|21 Ramazan 1447
20260312|0459|0620|1225|1544|1821|1936|22 Ramazan 1447
20260313|0457|0618|1225|1545|1822|1937|23 Ramazan 1447
20260314|0456|0617|1225|1545|1823|1938|24 Ramazan 1447
20260315|0454|0615|1224|1546|1824|1939|25 Ramazan 1447
20260316|0453|0614|1224|1546|1825|1940|26 Ramazan 1447
20260317|0451|0612|1224|1546|1826|1941|27 Ramazan 1447
20260318|0449|0611|1224|1547|1827|1942|28 Ramazan 1447
20260319|0448|0609|1223|1547|1827|1943|29 Ramazan 1447
20260320|0446|0607|1223|1548|1828|1945|1 Şevval 1447
20260321|0444|0606|1223|1548|1829|1946|2 Şevval 1447
20260322|0443|0604|1222|1549|1830|1947|3 Şevval 1447
20260323|0441|0603|1222|1549|1831|1948|4 Şevval 1447
20260324|0439|0601|1222|1549|1832|1949|5 Şevval 1447
20260325|0438|0600|1221|1550|1833|1950|6 Şevval 1447
20260326|0436|0558|1221|1550|1834|1951|7 Şevval 1447
20260327|0434|0557|1221|1551|1835|1952|8 Şevval 1447
20260328|0433|0555|1221|1551|1836|1953|9 Şevval 1447
20260329|0431|0554|1220|1551|1837|1954|10 Şevval 1447
20260330|0429|0552|1220|1552|1838|1955|11 Şevval 1447
20260331|0428|0551|1220|1552|1839|1956|12 Şevval 1447
20260401|0426|0549|1219|1552|1840|1957|13 Şevval 1447
20260402|0424|0547|1219|1553|1841|1959|14 Şevval 1447
20260403|0422|0546|1219|1553|1842|2000|15 Şevval 1447
20260404|0421|0544|1218|1553|1843|2001|16 Şevval 1447
20260405|0419|0543|1218|1554|1843|2002|17 Şevval 1447
20260406|0417|0541|1218|1554|1844|2003|18 Şevval 1447
20260407|0415|0540|1218|1554|1845|2004|19 Şevval 1447
20260408|0414|0538|1217|1554|1846|2005|20 Şevval 1447
20260409|0412|0537|1217|1555|1847|2007|21 Şevval 1447
20260410|0410|0535|1217|1555|1848|2008|22 Şevval 1447
20260411|0408|0534|1217|1555|1849|2009|23 Şevval 1447
20260412|0407|0533|1216|1555|1850|2010|24 Şevval 1447
20260413|0405|0531|1216|1556|1851|2011|25 Şevval 1447
20260414|0403|0530|1216|1556|1852|2013|26 Şevval 1447
20260415|0401|0528|1215|1556|1853|2014|27 Şevval 1447
20260416|0400|0527|1215|1556|1854|2015|28 Şevval 1447
20260417|0358|0525|1215|1557|1855|2016|29 Şevval 1447
20260418|0356|0524|1215|1557|1856|2017|1 Zilkade 1447
20260419|0355|0523|1215|1557|1857|2019|2 Zilkade 1447
20260420|0353|0521|1214|1557|1857|2020|3 Zilkade 1447
20260421|0351|0520|1214|1558|1858|2021|4 Zilkade 1447
20260422|0349|0519|1214|1558|1859|2022|5 Zilkade 1447
20260423|0348|0517|1214|1558|1900|2024|6 Zilkade 1447
20260424|0346|0516|1214|1558|1901|2025|7 Zilkade 1447
20260425|0344|0515|1213|1558|1902|2026|8 Zilkade 1447
20260426|0343|0513|1213|1559|1903|2028|9 Zilkade 1447
20260427|0341|0512|1213|1559|1904|2029|10 Zilkade 1447
20260428|0340|0511|1213|1559|1905|2030|11 Zilkade 1447
20260429|0338|0510|1213|1559|1906|2031|12 Zilkade 1447
20260430|0336|0508|1213|1559|1907|2033|13 Zilkade 1447
20260501|0335|0507|1212|1600|1908|2034|14 Zilkade 1447
20260502|0333|0506|1212|1600|1909|2035|15 Zilkade 1447
20260503|0331|0505|1212|1600|1910|2037|16 Zilkade 1447
20260504|0330|0504|1212|1600|1911|2038|17 Zilkade 1447
20260505|0328|0503|1212|1600|1912|2039|18 Zilkade 1447
20260506|0327|0502|1212|1601|1912|2041|19 Zilkade 1447
20260507|0325|0500|1212|1601|1913|2042|20 Zilkade 1447
20260508|0324|0459|1212|1601|1914|2043|21 Zilkade 1447
20260509|0322|0458|1212|1601|1915|2045|22 Zilkade 1447
20260510|0321|0457|1212|1601|1916|2046|23 Zilkade 1447
20260511|0320|0456|1212|1602|1917|2047|24 Zilkade 1447
20260512|0318|0455|1212|1602|1918|2049|25 Zilkade 1447
20260513|0317|0455|1212|1602|1919|2050|26 Zilkade 1447
20260514|0315|0454|1212|1602|1920|2051|27 Zilkade 1447
20260515|0314|0453|1212|1602|1921|2052|28 Zilkade 1447
20260516|0313|0452|1212|1603|1922|2054|29 Zilkade 1447
20260517|0311|0451|1212|1603|1922|2055|30 Zilkade 1447
20260518|0310|0450|1212|1603|1923|2056|1 Zilhicce 1447
20260519|0309|0449|1212|1603|1924|2058|2 Zilhicce 1447
20260520|0308|0449|1212|1603|1925|2059|3 Zilhicce 1447
20260521|0307|0448|1212|1604|1926|2100|4 Zilhicce 1447
20260522|0306|0447|1212|1604|1927|2101|5 Zilhicce 1447
20260523|0304|0447|1212|1604|1927|2102|6 Zilhicce 1447
20260524|0303|0446|1212|1604|1928|2104|7 Zilhicce 1447
20260525|0302|0445|1212|1605|1929|2105|8 Zilhicce 1447
20260526|0301|0445|1212|1605|1930|2106|9 Zilhicce 1447
20260527|0300|0444|1212|1605|1931|2107|10 Zilhicce 1447
20260528|0259|0444|1213|1605|1931|2108|11 Zilhicce 1447
20260529|0259|0443|1213|1605|1932|2109|12 Zilhicce 1447
20260530|0258|0443|1213|1606|1933|2110|13 Zilhicce 1447
20260531|0257|0442|1213|1606|1934|2111|14 Zilhicce 1447
20260601|0256|0442|1213|1606|1934|2112|15 Zilhicce 1447
20260602|0255|0442|1213|1606|1935|2113|16 Zilhicce 1447
20260603|0255|0441|1213|1607|1936|2114|17 Zilhicce 1447
20260604|0254|0441|1214|1607|1936|2115|18 Zilhicce 1447
20260605|0254|0441|1214|1607|1937|2116|19 Zilhicce 1447
20260606|0253|0440|1214|1607|1938|2117|20 Zilhicce 1447
20260607|0253|0440|1214|1608|1938|2118|21 Zilhicce 1447
20260608|0252|0440|1214|1608|1939|2119|22 Zilhicce 1447
20260609|0252|0440|1215|1608|1939|2119|23 Zilhicce 1447
20260610|0251|0440|1215|1608|1940|2120|24 Zilhicce 1447
20260611|0251|0440|1215|1609|1940|2121|25 Zilhicce 1447
20260612|0251|0440|1215|1609|1941|2122|26 Zilhicce 1447
20260613|0251|0440|1215|1609|1941|2122|27 Zilhicce 1447
20260614|0250|0440|1216|1609|1942|2123|28 Zilhicce 1447
20260615|0250|0440|1216|1610|1942|2123|29 Zilhicce 1447
20260616|0250|0440|1216|1610|1942|2124|1 Muharrem 1448
20260617|0250|0440|1216|1610|1943|2124|2 Muharrem 1448
20260618|0250|0440|1216|1610|1943|2125|3 Muharrem 1448
20260619|0250|0440|1217|1610|1943|2125|4 Muharrem 1448
20260620|0250|0440|1217|1611|1944|2125|5 Muharrem 1448
20260621|0251|0440|1217|1611|1944|2125|6 Muharrem 1448
20260622|0251|0440|1217|1611|1944|2126|7 Muharrem 1448
20260623|0251|0441|1217|1611|1944|2126|8 Muharrem 1448
20260624|0251|0441|1218|1612|1944|2126|9 Muharrem 1448
20260625|0252|0441|1218|1612|1945|2126|10 Muharrem 1448
20260626|0252|0442|1218|1612|1945|2126|11 Muharrem 1448
20260627|0253|0442|1218|1612|1945|2126|12 Muharrem 1448
20260628|0253|0442|1219|1612|1945|2126|13 Muharrem 1448
20260629|0254|0443|1219|1613|1945|2126|14 Muharrem 1448
20260630|0254|0443|1219|1613|1945|2126|15 Muharrem 1448
20260701|0255|0444|1219|1613|1945|2125|16 Muharrem 1448
20260702|0256|0444|1219|1613|1945|2125|17 Muharrem 1448
20260703|0256|0445|1220|1613|1944|2125|18 Muharrem 1448
20260704|0257|0445|1220|1613|1944|2124|19 Muharrem 1448
20260705|0258|0446|1220|1613|1944|2124|20 Muharrem 1448
20260706|0259|0446|1220|1614|1944|2124|21 Muharrem 1448
20260707|0259|0447|1220|1614|1944|2123|22 Muharrem 1448
20260708|0300|0447|1220|1614|1943|2123|23 Muharrem 1448
20260709|0301|0448|1221|1614|1943|2122|24 Muharrem 1448
20260710|0302|0449|1221|1614|1943|2121|25 Muharrem 1448
20260711|0303|0449|1221|1614|1942|2121|26 Muharrem 1448
20260712|0304|0450|1221|1614|1942|2120|27 Muharrem 1448
20260713|0305|0451|1221|1614|1942|2119|28 Muharrem 1448
20260714|0306|0451|1221|1614|1941|2118|29 Muharrem 1448
20260715|0307|0452|1221|1614|1941|2118|1 Safer 1448
20260716|0309|0453|1221|1614|1940|2117|2 Safer 1448
20260717|0310|0453|1221|1614|1940|2116|3 Safer 1448
20260718|0311|0454|1222|1614|1939|2115|4 Safer 1448
20260719|0312|0455|1222|1614|1938|2114|5 Safer 1448
20260720|0313|0456|1222|1614|1938|2113|6 Safer 1448
20260721|0314|0457|1222|1614|1937|2112|7 Safer 1448
20260722|0316|0457|1222|1614|1936|2111|8 Safer 1448
20260723|0317|0458|1222|1614|1936|2110|9 Safer 1448
20260724|0318|0459|1222|1613|1935|2109|10 Safer 1448
20260725|0319|0500|1222|1613|1934|2107|11 Safer 1448
20260726|0321|0501|1222|1613|1933|2106|12 Safer 1448
20260727|0322|0501|1222|1613|1932|2105|13 Safer 1448
20260728|0323|0502|1222|1613|1932|2104|14 Safer 1448
20260729|0324|0503|1222|1613|1931|2102|15 Safer 1448
20260730|0326|0504|1222|1612|1930|2101|16 Safer 1448
20260731|0327|0505|1222|1612|1929|2100|17 Safer 1448
20260801|0328|0506|1222|1612|1928|2058|18 Safer 1448
20260802|0330|0506|1222|1611|1927|2057|19 Safer 1448
20260803|0331|0507|1222|1611|1926|2056|20 Safer 1448
20260804|0332|0508|1222|1611|1925|2054|21 Safer 1448
20260805|0334|0509|1221|1611|1924|2053|22 Safer 1448
20260806|0335|0510|1221|1610|1923|2051|23 Safer 1448
20260807|0336|0511|1221|1610|1922|2050|24 Safer 1448
20260808|0337|0512|1221|1609|1921|2048|25 Safer 1448
20260809|0339|0513|1221|1609|1919|2047|26 Safer 1448
20260810|0340|0513|1221|1609|1918|2045|27 Safer 1448
20260811|0341|0514|1221|1608|1917|2044|28 Safer 1448
20260812|0343|0515|1220|1608|1916|2042|29 Safer 1448
20260813|0344|0516|1220|1607|1915|2040|30 Safer 1448
20260814|0345|0517|1220|1607|1913|2039|1 Rebiulevvel 1448
20260815|0346|0518|1220|1606|1912|2037|2 Rebiulevvel 1448
20260816|0348|0519|1220|1605|1911|2036|3 Rebiulevvel 1448
20260817|0349|0520|1220|1605|1910|2034|4 Rebiulevvel 1448
20260818|0350|0520|1219|1604|1908|2032|5 Rebiulevvel 1448
20260819|0351|0521|1219|1604|1907|2031|6 Rebiulevvel 1448
20260820|0353|0522|1219|1603|1906|2029|7 Rebiulevvel 1448
20260821|0354|0523|1219|1602|1904|2027|8 Rebiulevvel 1448
20260822|0355|0524|1218|1602|1903|2026|9 Rebiulevvel 1448
20260823|0356|0525|1218|1601|1901|2024|10 Rebiulevvel 1448
20260824|0358|0526|1218|1600|1900|2022|11 Rebiulevvel 1448
20260825|0359|0527|1218|1600|1859|2020|12 Rebiulevvel 1448
20260826|0400|0527|1217|1559|1857|2019|13 Rebiulevvel 1448
20260827|0401|0528|1217|1558|1856|2017|14 Rebiulevvel 1448
20260828|0402|0529|1217|1558|1854|2015|15 Rebiulevvel 1448
20260829|0404|0530|1216|1557|1853|2014|16 Rebiulevvel 1448
20260830|0405|0531|1216|1556|1851|2012|17 Rebiulevvel 1448
20260831|0406|0532|1216|1555|1850|2010|18 Rebiulevvel 1448
20260901|0407|0533|1215|1554|1848|2008|19 Rebiulevvel 1448
20260902|0408|0534|1215|1554|1847|2007|20 Rebiulevvel 1448
20260903|0409|0534|1215|1553|1845|2005|21 Rebiulevvel 1448
20260904|0410|0535|1215|1552|1844|2003|22 Rebiulevvel 1448
20260905|0412|0536|1214|1551|1842|2001|23 Rebiulevvel 1448
20260906|0413|0537|1214|1550|1841|2000|24 Rebiulevvel 1448
20260907|0414|0538|1214|1549|1839|1958|25 Rebiulevvel 1448
20260908|0415|0539|1213|1548|1838|1956|26 Rebiulevvel 1448
20260909|0416|0540|1213|1547|1836|1954|27 Rebiulevvel 1448
20260910|0417|0540|1212|1546|1835|1953|28 Rebiulevvel 1448
20260911|0418|0541|1212|1545|1833|1951|29 Rebiulevvel 1448
20260912|0419|0542|1212|1544|1831|1949|1 Rebiulahir 1448
20260913|0420|0543|1211|1543|1830|1947|2 Rebiulahir 1448
20260914|0421|0544|1211|1542|1828|1946|3 Rebiulahir 1448
20260915|0422|0545|1211|1541|1827|1944|4 Rebiulahir 1448
20260916|0423|0546|1210|1540|1825|1942|5 Rebiulahir 1448
20260917|0424|0546|1210|1539|1824|1940|6 Rebiulahir 1448
20260918|0425|0547|1210|1538|1822|1939|7 Rebiulahir 1448
20260919|0426|0548|1209|1537|1820|1937|8 Rebiulahir 1448
20260920|0427|0549|1209|1536|1819|1935|9 Rebiulahir 1448
20260921|0428|0550|1209|1535|1817|1934|10 Rebiulahir 1448
20260922|0429|0551|1208|1534|1816|1932|11 Rebiulahir 1448
20260923|0430|0552|1208|1533|1814|1930|12 Rebiulahir 1448
20260924|0431|0553|1208|1532|1813|1929|13 Rebiulahir 1448
20260925|0432|0553|1207|1531|1811|1927|14 Rebiulahir 1448
20260926|0433|0554|1207|1530|1809|1925|15 Rebiulahir 1448
20260927|0434|0555|1206|1529|1808|1924|16 Rebiulahir 1448
20260928|0435|0556|1206|1528|1806|1922|17 Rebiulahir 1448
20260929|0436|0557|1206|1527|1805|1920|18 Rebiulahir 1448
20260930|0437|0558|1205|1526|1803|1919|19 Rebiulahir 1448
20261001|0438|0559|1205|1525|1802|1917|20 Rebiulahir 1448
20261002|0439|0600|1205|1523|1800|1916|21 Rebiulahir 1448
20261003|0440|0601|1205|1522|1759|1914|22 Rebiulahir 1448
20261004|0441|0601|1204|1521|1757|1913|23 Rebiulahir 1448
20261005|0442|0602|1204|1520|1755|1911|24 Rebiulahir 1448
20261006|0443|0603|1204|1519|1754|1909|25 Rebiulahir 1448
20261007|0444|0604|1203|1518|1752|1908|26 Rebiulahir 1448
20261008|0445|0605|1203|1517|1751|1906|27 Rebiulahir 1448
20261009|0445|0606|1203|1516|1749|1905|28 Rebiulahir 1448
20261010|0446|0607|1202|1515|1748|1903|29 Rebiulahir 1448
20261011|0447|0608|1202|1514|1746|1902|30 Rebiulahir 1448
20261012|0448|0609|1202|1512|1745|1901|1 Cemaziyelevvel 1448
20261013|0449|0610|1202|1511|1744|1859|2 Cemaziyelevvel 1448
20261014|0450|0611|1201|1510|1742|1858|3 Cemaziyelevvel 1448
20261015|0451|0612|1201|1509|1741|1856|4 Cemaziyelevvel 1448
20261016|0452|0613|1201|1508|1739|1855|5 Cemaziyelevvel 1448
20261017|0453|0614|1201|1507|1738|1854|6 Cemaziyelevvel 1448
20261018|0454|0615|1201|1506|1736|1852|7 Cemaziyelevvel 1448
20261019|0455|0616|1200|1505|1735|1851|8 Cemaziyelevvel 1448
20261020|0456|0617|1200|1504|1734|1850|9 Cemaziyelevvel 1448
20261021|0457|0618|1200|1503|1732|1848|10 Cemaziyelevvel 1448
20261022|0457|0619|1200|1502|1731|1847|11 Cemaziyelevvel 1448
20261023|0458|0620|1200|1501|1730|1846|12 Cemaziyelevvel 1448
20261024|0459|0621|1200|1500|1729|1845|13 Cemaziyelevvel 1448
20261025|0500|0622|1159|1459|1727|1844|14 Cemaziyelevvel 1448
20261026|0501|0623|1159|1458|1726|1842|15 Cemaziyelevvel 1448
20261027|0502|0624|1159|1457|1725|1841|16 Cemaziyelevvel 1448
20261028|0503|0625|1159|1456|1724|1840|17 Cemaziyelevvel 1448
20261029|0504|0626|1159|1455|1722|1839|18 Cemaziyelevvel 1448
20261030|0505|0627|1159|1454|1721|1838|19 Cemaziyelevvel 1448
20261031|0506|0628|1159|1453|1720|1837|20 Cemaziyelevvel 1448
20261101|0507|0629|1159|1452|1719|1836|21 Cemaziyelevvel 1448
20261102|0508|0630|1159|1451|1718|1835|22 Cemaziyelevvel 1448
20261103|0509|0631|1159|1451|1717|1834|23 Cemaziyelevvel 1448
20261104|0510|0632|1159|1450|1716|1833|24 Cemaziyelevvel 1448
20261105|0511|0633|1159|1449|1715|1832|25 Cemaziyelevvel 1448
20261106|0511|0634|1159|1448|1714|1831|26 Cemaziyelevvel 1448
20261107|0512|0635|1159|1447|1713|1830|27 Cemaziyelevvel 1448
20261108|0513|0637|1159|1447|1712|1830|28 Cemaziyelevvel 1448
20261109|0514|0638|1159|1446|1711|1829|29 Cemaziyelevvel 1448
20261110|0515|0639|1159|1445|1710|1828|1 Cemaziyelahir 1448
20261111|0516|0640|1159|1444|1709|1827|2 Cemaziyelahir 1448
20261112|0517|0641|1159|1444|1708|1827|3 Cemaziyelahir 1448
20261113|0518|0642|1200|1443|1707|1826|4 Cemaziyelahir 1448
20261114|0519|0643|1200|1443|1706|1825|5 Cemaziyelahir 1448
20261115|0520|0644|1200|1442|1706|1825|6 Cemaziyelahir 1448
20261116|0521|0645|1200|1441|1705|1824|7 Cemaziyelahir 1448
20261117|0522|0646|1200|1441|1704|1824|8 Cemaziyelahir 1448
20261118|0523|0647|1200|1440|1703|1823|9 Cemaziyelahir 1448
20261119|0524|0648|1201|1440|1703|1823|10 Cemaziyelahir 1448
20261120|0524|0649|1201|1439|1702|1822|11 Cemaziyelahir 1448
20261121|0525|0651|1201|1439|1702|1822|12 Cemaziyelahir 1448
20261122|0526|0652|1201|1438|1701|1821|13 Cemaziyelahir 1448
20261123|0527|0653|1202|1438|1701|1821|14 Cemaziyelahir 1448
20261124|0528|0654|1202|1438|1700|1820|15 Cemaziyelahir 1448
20261125|0529|0655|1202|1437|1700|1820|16 Cemaziyelahir 1448
20261126|0530|0656|1202|1437|1659|1820|17 Cemaziyelahir 1448
20261127|0531|0657|1203|1437|1659|1820|18 Cemaziyelahir 1448
20261128|0532|0658|1203|1437|1658|1819|19 Cemaziyelahir 1448
20261129|0532|0659|1203|1436|1658|1819|20 Cemaziyelahir 1448
20261130|0533|0700|1204|1436|1658|1819|21 Cemaziyelahir 1448
20261201|0534|0701|1204|1436|1658|1819|22 Cemaziyelahir 1448
20261202|0535|0702|1205|1436|1657|1819|23 Cemaziyelahir 1448
20261203|0536|0703|1205|1436|1657|1819|24 Cemaziyelahir 1448
20261204|0537|0704|1205|1436|1657|1819|25 Cemaziyelahir 1448
20261205|0537|0704|1206|1436|1657|1819|26 Cemaziyelahir 1448
20261206|0538|0705|1206|1436|1657|1819|27 Cemaziyelahir 1448
20261207|0539|0706|1207|1436|1657|1819|28 Cemaziyelahir 1448
20261208|0540|0707|1207|1436|1657|1819|29 Cemaziyelahir 1448
20261209|0540|0708|1207|1436|1657|1819|30 Cemaziyelahir 1448
20261210|0541|0709|1208|1436|1657|1819|1 Recep 1448
20261211|0542|0710|1208|1436|1657|1819|2 Recep 1448
20261212|0543|0710|1209|1436|1657|1820|3 Recep 1448
20261213|0543|0711|1209|1437|1658|1820|4 Recep 1448
20261214|0544|0712|1210|1437|1658|1820|5 Recep 1448
20261215|0545|0712|1210|1437|1658|1821|6 Recep 1448
20261216|0545|0713|1211|1438|1658|1821|7 Recep 1448
20261217|0546|0714|1211|1438|1659|1821|8 Recep 1448
20261218|0546|0714|1212|1438|1659|1822|9 Recep 1448
20261219|0547|0715|1212|1439|1659|1822|10 Recep 1448
20261220|0548|0716|1213|1439|1700|1822|11 Recep 1448
20261221|0548|0716|1213|1440|1700|1823|12 Recep 1448
20261222|0549|0717|1214|1440|1701|1823|13 Recep 1448
20261223|0549|0717|1214|1441|1701|1824|14 Recep 1448
20261224|0550|0718|1215|1441|1702|1824|15 Recep 1448
20261225|0550|0718|1215|1442|1702|1825|16 Recep 1448
20261226|0550|0718|1216|1442|1703|1826|17 Recep 1448
20261227|0551|0719|1216|1443|1704|1826|18 Recep 1448
20261228|0551|0719|1217|1444|1704|1827|19 Recep 1448
20261229|0551|0719|1217|1444|1705|1827|20 Recep 1448
20261230|0552|0720|1218|1445|1706|1828|21 Recep 1448
20261231|0552|0720|1218|1446|1706|1829|22 Recep 1448
20270101|0552|0720|1219|1446|1707|1830|23 Recep 1448
20270102|0553|0720|1219|1447|1708|1830|24 Recep 1448
20270103|0553|0720|1219|1448|1709|1831|25 Recep 1448
20270104|0553|0720|1220|1449|1710|1832|26 Recep 1448
20270105|0553|0720|1220|1449|1710|1833|27 Recep 1448
20270106|0553|0720|1221|1450|1711|1833|28 Recep 1448
20270107|0553|0720|1221|1451|1712|1834|29 Recep 1448
20270108|0553|0720|1222|1452|1713|1835|30 Recep 1448
20270109|0553|0720|1222|1453|1714|1836|1 Şaban 1448
20270110|0553|0720|1223|1454|1715|1837|2 Şaban 1448
20270111|0553|0720|1223|1455|1716|1837|3 Şaban 1448
20270112|0553|0720|1223|1455|1717|1838|4 Şaban 1448
20270113|0553|0719|1224|1456|1718|1839|5 Şaban 1448
20270114|0553|0719|1224|1457|1719|1840|6 Şaban 1448
20270115|0553|0719|1224|1458|1720|1841|7 Şaban 1448
20270116|0553|0719|1225|1459|1721|1842|8 Şaban 1448
20270117|0552|0718|1225|1500|1722|1843|9 Şaban 1448
20270118|0552|0718|1225|1501|1723|1844|10 Şaban 1448
20270119|0552|0717|1226|1502|1724|1845|11 Şaban 1448
20270120|0551|0717|1226|1503|1725|1846|12 Şaban 1448
20270121|0551|0716|1226|1504|1727|1847|13 Şaban 1448
20270122|0551|0716|1227|1505|1728|1848|14 Şaban 1448
20270123|0550|0715|1227|1506|1729|1848|15 Şaban 1448
20270124|0550|0715|1227|1507|1730|1849|16 Şaban 1448
20270125|0549|0714|1227|1508|1731|1850|17 Şaban 1448
20270126|0549|0713|1228|1509|1732|1851|18 Şaban 1448
20270127|0548|0713|1228|1510|1733|1852|19 Şaban 1448
20270128|0548|0712|1228|1511|1734|1853|20 Şaban 1448
20270129|0547|0711|1228|1512|1735|1854|21 Şaban 1448
20270130|0547|0710|1228|1512|1737|1855|22 Şaban 1448
20270131|0546|0710|1229|1513|1738|1856|23 Şaban 1448
20270201|0545|0709|1229|1514|1739|1857|24 Şaban 1448
20270202|0544|0708|1229|1515|1740|1858|25 Şaban 1448
20270203|0544|0707|1229|1516|1741|1859|26 Şaban 1448
20270204|0543|0706|1229|1517|1742|1900|27 Şaban 1448
20270205|0542|0705|1229|1518|1743|1901|28 Şaban 1448
20270206|0541|0704|1229|1519|1745|1902|29 Şaban 1448
20270207|0540|0703|1229|1520|1746|1903|30 Şaban 1448
20270208|0540|0702|1229|1521|1747|1904|1 Ramazan 1448
20270209|0539|0701|1229|1522|1748|1905|2 Ramazan 1448
20270210|0538|0700|1230|1523|1749|1906|3 Ramazan 1448
20270211|0537|0659|1230|1523|1750|1907|4 Ramazan 1448
20270212|0536|0658|1230|1524|1751|1908|5 Ramazan 1448
20270213|0535|0657|1230|1525|1752|1909|6 Ramazan 1448
20270214|0534|0656|1229|1526|1753|1910|7 Ramazan 1448
20270215|0533|0654|1229|1527|1755|1911|8 Ramazan 1448
20270216|0532|0653|1229|1528|1756|1912|9 Ramazan 1448
20270217|0530|0652|1229|1529|1757|1913|10 Ramazan 1448
20270218|0529|0651|1229|1529|1758|1914|11 Ramazan 1448
20270219|0528|0650|1229|1530|1759|1915|12 Ramazan 1448
20270220|0527|0648|1229|1531|1800|1916|13 Ramazan 1448
20270221|0526|0647|1229|1532|1801|1917|14 Ramazan 1448
20270222|0525|0646|1229|1532|1802|1918|15 Ramazan 1448
20270223|0523|0644|1229|1533|1803|1919|16 Ramazan 1448
20270224|0522|0643|1229|1534|1804|1920|17 Ramazan 1448
20270225|0521|0642|1228|1535|1805|1921|18 Ramazan 1448
20270226|0519|0640|1228|1535|1806|1922|19 Ramazan 1448
20270227|0518|0639|1228|1536|1807|1923|20 Ramazan 1448
20270228|0517|0638|1228|1537|1808|1924|21 Ramazan 1448
20270301|0515|0636|1228|1537|1809|1925|22 Ramazan 1448
20270302|0514|0635|1228|1538|1810|1926|23 Ramazan 1448
20270303|0513|0633|1227|1539|1812|1927|24 Ramazan 1448
20270304|0511|0632|1227|1539|1813|1928|25 Ramazan 1448
20270305|0510|0630|1227|1540|1814|1929|26 Ramazan 1448
20270306|0508|0629|1227|1541|1815|1930|27 Ramazan 1448
20270307|0507|0627|1227|1541|1816|1931|28 Ramazan 1448
20270308|0505|0626|1226|1542|1817|1932|29 Ramazan 1448
20270309|0504|0625|1226|1542|1818|1933|1 Şevval 1448
20270310|0502|0623|1226|1543|1819|1934|2 Şevval 1448
20270311|0501|0622|1226|1543|1820|1935|3 Şevval 1448
20270312|0459|0620|1225|1544|1820|1936|4 Şevval 1448
20270313|0458|0619|1225|1544|1821|1937|5 Şevval 1448
20270314|0456|0617|1225|1545|1822|1938|6 Şevval 1448
20270315|0455|0615|1224|1545|1823|1939|7 Şevval 1448
20270316|0453|0614|1224|1546|1824|1940|8 Şevval 1448
20270317|0451|0612|1224|1546|1825|1941|9 Şevval 1448
20270318|0450|0611|1224|1547|1826|1942|10 Şevval 1448
20270319|0448|0609|1223|1547|1827|1943|11 Şevval 1448
20270320|0447|0608|1223|1548|1828|1944|12 Şevval 1448
20270321|0445|0606|1223|1548|1829|1945|13 Şevval 1448
20270322|0443|0605|1222|1549|1830|1946|14 Şevval 1448
20270323|0442|0603|1222|1549|1831|1947|15 Şevval 1448
20270324|0440|0602|1222|1549|1832|1948|16 Şevval 1448
20270325|0438|0600|1222|1550|1833|1950|17 Şevval 1448
20270326|0437|0559|1221|1550|1834|1951|18 Şevval 1448
20270327|0435|0557|1221|1551|1835|1952|19 Şevval 1448
20270328|0433|0555|1221|1551|1836|1953|20 Şevval 1448
20270329|0431|0554|1220|1551|1837|1954|21 Şevval 1448
20270330|0430|0552|1220|1552|1838|1955|22 Şevval 1448
20270331|0428|0551|1220|1552|1839|1956|23 Şevval 1448
20270401|0426|0549|1219|1552|1839|1957|24 Şevval 1448
20270402|0425|0548|1219|1553|1840|1958|25 Şevval 1448
20270403|0423|0546|1219|1553|1841|1959|26 Şevval 1448
20270404|0421|0545|1219|1553|1842|2001|27 Şevval 1448
20270405|0419|0543|1218|1554|1843|2002|28 Şevval 1448
20270406|0418|0542|1218|1554|1844|2003|29 Şevval 1448
20270407|0416|0540|1218|1554|1845|2004|30 Şevval 1448
20270408|0414|0539|1217|1554|1846|2005|1 Zilkade 1448
20270409|0412|0537|1217|1555|1847|2006|2 Zilkade 1448
20270410|0411|0536|1217|1555|1848|2007|3 Zilkade 1448
20270411|0409|0534|1217|1555|1849|2009|4 Zilkade 1448
20270412|0407|0533|1216|1555|1850|2010|5 Zilkade 1448
20270413|0405|0531|1216|1556|1851|2011|6 Zilkade 1448
20270414|0404|0530|1216|1556|1852|2012|7 Zilkade 1448
20270415|0402|0529|1216|1556|1853|2013|8 Zilkade 1448
20270416|0400|0527|1215|1556|1853|2015|9 Zilkade 1448
20270417|0358|0526|1215|1557|1854|2016|10 Zilkade 1448
20270418|0357|0524|1215|1557|1855|2017|11 Zilkade 1448
20270419|0355|0523|1215|1557|1856|2018|12 Zilkade 1448
20270420|0353|0522|1214|1557|1857|2020|13 Zilkade 1448
20270421|0352|0520|1214|1557|1858|2021|14 Zilkade 1448
20270422|0350|0519|1214|1558|1859|2022|15 Zilkade 1448
20270423|0348|0518|1214|1558|1900|2023|16 Zilkade 1448
20270424|0347|0516|1214|1558|1901|2025|17 Zilkade 1448
20270425|0345|0515|1213|1558|1902|2026|18 Zilkade 1448
20270426|0343|0514|1213|1559|1903|2027|19 Zilkade 1448
20270427|0342|0512|1213|1559|1904|2029|20 Zilkade 1448
20270428|0340|0511|1213|1559|1905|2030|21 Zilkade 1448
20270429|0338|0510|1213|1559|1906|2031|22 Zilkade 1448
20270430|0337|0509|1213|1559|1907|2032|23 Zilkade 1448
20270501|0335|0507|1213|1600|1908|2034|24 Zilkade 1448
20270502|0333|0506|1212|1600|1909|2035|25 Zilkade 1448
20270503|0332|0505|1212|1600|1909|2036|26 Zilkade 1448
20270504|0330|0504|1212|1600|1910|2038|27 Zilkade 1448
20270505|0329|0503|1212|1600|1911|2039|28 Zilkade 1448
20270506|0327|0502|1212|1601|1912|2040|29 Zilkade 1448
20270507|0326|0501|1212|1601|1913|2042|1 Zilhicce 1448
20270508|0324|0500|1212|1601|1914|2043|2 Zilhicce 1448
20270509|0323|0459|1212|1601|1915|2044|3 Zilhicce 1448
20270510|0321|0458|1212|1601|1916|2046|4 Zilhicce 1448
20270511|0320|0457|1212|1602|1917|2047|5 Zilhicce 1448
20270512|0318|0456|1212|1602|1918|2048|6 Zilhicce 1448
20270513|0317|0455|1212|1602|1919|2050|7 Zilhicce 1448
20270514|0316|0454|1212|1602|1920|2051|8 Zilhicce 1448
20270515|0314|0453|1212|1602|1920|2052|9 Zilhicce 1448
20270516|0313|0452|1212|1603|1921|2053|10 Zilhicce 1448
20270517|0312|0451|1212|1603|1922|2055|11 Zilhicce 1448
20270518|0311|0450|1212|1603|1923|2056|12 Zilhicce 1448
20270519|0309|0450|1212|1603|1924|2057|13 Zilhicce 1448
20270520|0308|0449|1212|1603|1925|2058|14 Zilhicce 1448
20270521|0307|0448|1212|1604|1926|2100|15 Zilhicce 1448
20270522|0306|0447|1212|1604|1926|2101|16 Zilhicce 1448
20270523|0305|0447|1212|1604|1927|2102|17 Zilhicce 1448
20270524|0304|0446|1212|1604|1928|2103|18 Zilhicce 1448
20270525|0303|0446|1212|1604|1929|2104|19 Zilhicce 1448
20270526|0302|0445|1212|1605|1930|2106|20 Zilhicce 1448
20270527|0301|0444|1212|1605|1930|2107|21 Zilhicce 1448
20270528|0300|0444|1213|1605|1931|2108|22 Zilhicce 1448
20270529|0259|0443|1213|1605|1932|2109|23 Zilhicce 1448
20270530|0258|0443|1213|1606|1933|2110|24 Zilhicce 1448
20270531|0257|0442|1213|1606|1933|2111|25 Zilhicce 1448
20270601|0256|0442|1213|1606|1934|2112|26 Zilhicce 1448
20270602|0256|0442|1213|1606|1935|2113|27 Zilhicce 1448
20270603|0255|0441|1213|1607|1935|2114|28 Zilhicce 1448
20270604|0254|0441|1214|1607|1936|2115|29 Zilhicce 1448
20270605|0254|0441|1214|1607|1937|2116|30 Zilhicce 1448
20270606|0253|0440|1214|1607|1937|2117|1 Muharrem 1449
20270607|0253|0440|1214|1608|1938|2118|2 Muharrem 1449
20270608|0252|0440|1214|1608|1939|2118|3 Muharrem 1449
20270609|0252|0440|1214|1608|1939|2119|4 Muharrem 1449
20270610|0251|0440|1215|1608|1940|2120|5 Muharrem 1449
20270611|0251|0440|1215|1609|1940|2121|6 Muharrem 1449
20270612|0251|0440|1215|1609|1941|2121|7 Muharrem 1449
20270613|0251|0440|1215|1609|1941|2122|8 Muharrem 1449
20270614|0250|0440|1215|1609|1942|2123|9 Muharrem 1449
20270615|0250|0440|1216|1609|1942|2123|10 Muharrem 1449
20270616|0250|0440|1216|1610|1942|2124|11 Muharrem 1449
20270617|0250|0440|1216|1610|1943|2124|12 Muharrem 1449
20270618|0250|0440|1216|1610|1943|2124|13 Muharrem 1449
20270619|0250|0440|1217|1610|1943|2125|14 Muharrem 1449
20270620|0250|0440|1217|1611|1944|2125|15 Muharrem 1449
20270621|0251|0440|1217|1611|1944|2125|16 Muharrem 1449
20270622|0251|0440|1217|1611|1944|2126|17 Muharrem 1449
20270623|0251|0441|1217|1611|1944|2126|18 Muharrem 1449
20270624|0251|0441|1218|1612|1944|2126|19 Muharrem 1449
20270625|0252|0441|1218|1612|1945|2126|20 Muharrem 1449
20270626|0252|0442|1218|1612|1945|2126|21 Muharrem 1449
20270627|0253|0442|1218|1612|1945|2126|22 Muharrem 1449
20270628|0253|0442|1218|1612|1945|2126|23 Muharrem 1449
20270629|0254|0443|1219|1612|1945|2126|24 Muharrem 1449
20270630|0254|0443|1219|1613|1945|2126|25 Muharrem 1449
20270701|0255|0444|1219|1613|1945|2125|26 Muharrem 1449
20270702|0255|0444|1219|1613|1945|2125|27 Muharrem 1449
20270703|0256|0445|1219|1613|1945|2125|28 Muharrem 1449
20270704|0257|0445|1220|1613|1944|2125|29 Muharrem 1449
20270705|0258|0446|1220|1613|1944|2124|1 Safer 1449
20270706|0258|0446|1220|1613|1944|2124|2 Safer 1449
20270707|0259|0447|1220|1614|1944|2123|3 Safer 1449
20270708|0300|0447|1220|1614|1943|2123|4 Safer 1449
20270709|0301|0448|1221|1614|1943|2122|5 Safer 1449
20270710|0302|0448|1221|1614|1943|2122|6 Safer 1449
20270711|0303|0449|1221|1614|1942|2121|7 Safer 1449
20270712|0304|0450|1221|1614|1942|2120|8 Safer 1449
20270713|0305|0450|1221|1614|1942|2119|9 Safer 1449
20270714|0306|0451|1221|1614|1941|2119|10 Safer 1449
20270715|0307|0452|1221|1614|1941|2118|11 Safer 1449
20270716|0308|0453|1221|1614|1940|2117|12 Safer 1449
20270717|0309|0453|1221|1614|1940|2116|13 Safer 1449
20270718|0311|0454|1222|1614|1939|2115|14 Safer 1449
20270719|0312|0455|1222|1614|1939|2114|15 Safer 1449
20270720|0313|0456|1222|1614|1938|2113|16 Safer 1449
20270721|0314|0456|1222|1614|1937|2112|17 Safer 1449
20270722|0315|0457|1222|1614|1937|2111|18 Safer 1449
20270723|0317|0458|1222|1614|1936|2110|19 Safer 1449
20270724|0318|0459|1222|1613|1935|2109|20 Safer 1449
20270725|0319|0500|1222|1613|1934|2108|21 Safer 1449
20270726|0320|0500|1222|1613|1933|2106|22 Safer 1449
20270727|0322|0501|1222|1613|1933|2105|23 Safer 1449
20270728|0323|0502|1222|1613|1932|2104|24 Safer 1449
20270729|0324|0503|1222|1613|1931|2103|25 Safer 1449
20270730|0325|0504|1222|1612|1930|2101|26 Safer 1449
20270731|0327|0505|1222|1612|1929|2100|27 Safer 1449
20270801|0328|0505|1222|1612|1928|2059|28 Safer 1449
20270802|0329|0506|1222|1612|1927|2057|29 Safer 1449
20270803|0331|0507|1222|1611|1926|2056|1 Rebiulevvel 1449
20270804|0332|0508|1222|1611|1925|2055|2 Rebiulevvel 1449
20270805|0333|0509|1221|1611|1924|2053|3 Rebiulevvel 1449
20270806|0335|0510|1221|1610|1923|2052|4 Rebiulevvel 1449
20270807|0336|0511|1221|1610|1922|2050|5 Rebiulevvel 1449
20270808|0337|0511|1221|1609|1921|2049|6 Rebiulevvel 1449
20270809|0338|0512|1221|1609|1920|2047|7 Rebiulevvel 1449
20270810|0340|0513|1221|1609|1918|2046|8 Rebiulevvel 1449
20270811|0341|0514|1221|1608|1917|2044|9 Rebiulevvel 1449
20270812|0342|0515|1221|1608|1916|2042|10 Rebiulevvel 1449
20270813|0344|0516|1220|1607|1915|2041|11 Rebiulevvel 1449
20270814|0345|0517|1220|1607|1914|2039|12 Rebiulevvel 1449
20270815|0346|0518|1220|1606|1912|2038|13 Rebiulevvel 1449
20270816|0347|0518|1220|1606|1911|2036|14 Rebiulevvel 1449
20270817|0349|0519|1220|1605|1910|2034|15 Rebiulevvel 1449
20270818|0350|0520|1219|1604|1909|2033|16 Rebiulevvel 1449
20270819|0351|0521|1219|1604|1907|2031|17 Rebiulevvel 1449
20270820|0352|0522|1219|1603|1906|2029|18 Rebiulevvel 1449
20270821|0354|0523|1219|1603|1905|2028|19 Rebiulevvel 1449
20270822|0355|0524|1218|1602|1903|2026|20 Rebiulevvel 1449
20270823|0356|0525|1218|1601|1902|2024|21 Rebiulevvel 1449
20270824|0357|0525|1218|1601|1900|2023|22 Rebiulevvel 1449
20270825|0359|0526|1218|1600|1859|2021|23 Rebiulevvel 1449
20270826|0400|0527|1217|1559|1858|2019|24 Rebiulevvel 1449
20270827|0401|0528|1217|1558|1856|2017|25 Rebiulevvel 1449
20270828|0402|0529|1217|1558|1855|2016|26 Rebiulevvel 1449
20270829|0403|0530|1216|1557|1853|2014|27 Rebiulevvel 1449
20270830|0404|0531|1216|1556|1852|2012|28 Rebiulevvel 1449
20270831|0406|0532|1216|1555|1850|2010|29 Rebiulevvel 1449
20270901|0407|0532|1216|1555|1849|2009|30 Rebiulevvel 1449
20270902|0408|0533|1215|1554|1847|2007|1 Rebiulahir 1449
20270903|0409|0534|1215|1553|1846|2005|2 Rebiulahir 1449
20270904|0410|0535|1215|1552|1844|2004|3 Rebiulahir 1449
20270905|0411|0536|1214|1551|1843|2002|4 Rebiulahir 1449
20270906|0412|0537|1214|1550|1841|2000|5 Rebiulahir 1449
20270907|0413|0538|1214|1549|1840|1958|6 Rebiulahir 1449
20270908|0415|0538|1213|1548|1838|1957|7 Rebiulahir 1449
20270909|0416|0539|1213|1548|1837|1955|8 Rebiulahir 1449
20270910|0417|0540|1213|1547|1835|1953|9 Rebiulahir 1449
20270911|0418|0541|1212|1546|1833|1951|10 Rebiulahir 1449
20270912|0419|0542|1212|1545|1832|1950|11 Rebiulahir 1449
20270913|0420|0543|1212|1544|1830|1948|12 Rebiulahir 1449
20270914|0421|0544|1211|1543|1829|1946|13 Rebiulahir 1449
20270915|0422|0544|1211|1542|1827|1944|14 Rebiulahir 1449
20270916|0423|0545|1210|1541|1826|1943|15 Rebiulahir 1449
20270917|0424|0546|1210|1540|1824|1941|16 Rebiulahir 1449
20270918|0425|0547|1210|1539|1822|1939|17 Rebiulahir 1449
20270919|0426|0548|1209|1538|1821|1937|18 Rebiulahir 1449
20270920|0427|0549|1209|1537|1819|1936|19 Rebiulahir 1449
20270921|0428|0550|1209|1536|1818|1934|20 Rebiulahir 1449
20270922|0429|0551|1208|1535|1816|1932|21 Rebiulahir 1449
20270923|0430|0551|1208|1533|1815|1931|22 Rebiulahir 1449
20270924|0431|0552|1208|1532|1813|1929|23 Rebiulahir 1449
20270925|0432|0553|1207|1531|1811|1927|24 Rebiulahir 1449
20270926|0433|0554|1207|1530|1810|1926|25 Rebiulahir 1449
20270927|0434|0555|1207|1529|1808|1924|26 Rebiulahir 1449
20270928|0435|0556|1206|1528|1807|1922|27 Rebiulahir 1449
20270929|0436|0557|1206|1527|1805|1921|28 Rebiulahir 1449
20270930|0437|0558|1206|1526|1804|1919|29 Rebiulahir 1449
20271001|0438|0559|1205|1525|1802|1918|1 Cemaziyelevvel 1449
20271002|0439|0559|1205|1524|1800|1916|2 Cemaziyelevvel 1449
20271003|0440|0600|1205|1523|1759|1914|3 Cemaziyelevvel 1449
20271004|0441|0601|1204|1522|1757|1913|4 Cemaziyelevvel 1449
20271005|0441|0602|1204|1520|1756|1911|5 Cemaziyelevvel 1449
20271006|0442|0603|1204|1519|1754|1910|6 Cemaziyelevvel 1449
20271007|0443|0604|1203|1518|1753|1908|7 Cemaziyelevvel 1449
20271008|0444|0605|1203|1517|1751|1907|8 Cemaziyelevvel 1449
20271009|0445|0606|1203|1516|1750|1905|9 Cemaziyelevvel 1449
20271010|0446|0607|1203|1515|1748|1904|10 Cemaziyelevvel 1449
20271011|0447|0608|1202|1514|1747|1902|11 Cemaziyelevvel 1449
20271012|0448|0609|1202|1513|1745|1901|12 Cemaziyelevvel 1449
20271013|0449|0610|1202|1512|1744|1859|13 Cemaziyelevvel 1449
20271014|0450|0611|1202|1511|1742|1858|14 Cemaziyelevvel 1449
20271015|0451|0612|1201|1509|1741|1857|15 Cemaziyelevvel 1449
20271016|0452|0613|1201|1508|1740|1855|16 Cemaziyelevvel 1449
20271017|0453|0613|1201|1507|1738|1854|17 Cemaziyelevvel 1449
20271018|0454|0614|1201|1506|1737|1853|18 Cemaziyelevvel 1449
20271019|0454|0615|1200|1505|1735|1851|19 Cemaziyelevvel 1449
20271020|0455|0616|1200|1504|1734|1850|20 Cemaziyelevvel 1449
20271021|0456|0617|1200|1503|1733|1849|21 Cemaziyelevvel 1449
20271022|0457|0618|1200|1502|1731|1848|22 Cemaziyelevvel 1449
20271023|0458|0619|1200|1501|1730|1846|23 Cemaziyelevvel 1449
20271024|0459|0620|1200|1500|1729|1845|24 Cemaziyelevvel 1449
20271025|0500|0621|1159|1459|1728|1844|25 Cemaziyelevvel 1449
20271026|0501|0623|1159|1458|1726|1843|26 Cemaziyelevvel 1449
20271027|0502|0624|1159|1457|1725|1842|27 Cemaziyelevvel 1449
20271028|0503|0625|1159|1456|1724|1840|28 Cemaziyelevvel 1449
20271029|0504|0626|1159|1455|1723|1839|29 Cemaziyelevvel 1449
20271030|0505|0627|1159|1454|1721|1838|30 Cemaziyelevvel 1449
20271031|0506|0628|1159|1453|1720|1837|1 Cemaziyelahir 1449
20271101|0507|0629|1159|1453|1719|1836|2 Cemaziyelahir 1449
20271102|0507|0630|1159|1452|1718|1835|3 Cemaziyelahir 1449
20271103|0508|0631|1159|1451|1717|1834|4 Cemaziyelahir 1449
20271104|0509|0632|1159|1450|1716|1833|5 Cemaziyelahir 1449
20271105|0510|0633|1159|1449|1715|1832|6 Cemaziyelahir 1449
20271106|0511|0634|1159|1448|1714|1832|7 Cemaziyelahir 1449
20271107|0512|0635|1159|1448|1713|1831|8 Cemaziyelahir 1449
20271108|0513|0636|1159|1447|1712|1830|9 Cemaziyelahir 1449
20271109|0514|0637|1159|1446|1711|1829|10 Cemaziyelahir 1449
20271110|0515|0638|1159|1445|1710|1828|11 Cemaziyelahir 1449
20271111|0516|0639|1159|1445|1709|1828|12 Cemaziyelahir 1449
20271112|0517|0641|1159|1444|1708|1827|13 Cemaziyelahir 1449
20271113|0518|0642|1159|1443|1707|1826|14 Cemaziyelahir 1449
20271114|0519|0643|1200|1443|1707|1825|15 Cemaziyelahir 1449
20271115|0520|0644|1200|1442|1706|1825|16 Cemaziyelahir 1449
20271116|0521|0645|1200|1441|1705|1824|17 Cemaziyelahir 1449
20271117|0521|0646|1200|1441|1704|1824|18 Cemaziyelahir 1449
20271118|0522|0647|1200|1440|1704|1823|19 Cemaziyelahir 1449
20271119|0523|0648|1201|1440|1703|1823|20 Cemaziyelahir 1449
20271120|0524|0649|1201|1439|1702|1822|21 Cemaziyelahir 1449
20271121|0525|0650|1201|1439|1702|1822|22 Cemaziyelahir 1449
20271122|0526|0651|1201|1439|1701|1821|23 Cemaziyelahir 1449
20271123|0527|0652|1202|1438|1701|1821|24 Cemaziyelahir 1449
20271124|0528|0653|1202|1438|1700|1821|25 Cemaziyelahir 1449
20271125|0529|0654|1202|1437|1700|1820|26 Cemaziyelahir 1449
20271126|0530|0655|1202|1437|1659|1820|27 Cemaziyelahir 1449
20271127|0530|0657|1203|1437|1659|1820|28 Cemaziyelahir 1449
20271128|0531|0658|1203|1437|1659|1819|29 Cemaziyelahir 1449
20271129|0532|0659|1203|1436|1658|1819|1 Recep 1449
20271130|0533|0659|1204|1436|1658|1819|2 Recep 1449
20271201|0534|0700|1204|1436|1658|1819|3 Recep 1449
20271202|0535|0701|1204|1436|1657|1819|4 Recep 1449
20271203|0536|0702|1205|1436|1657|1819|5 Recep 1449
20271204|0536|0703|1205|1436|1657|1819|6 Recep 1449
20271205|0537|0704|1206|1436|1657|1819|7 Recep 1449
20271206|0538|0705|1206|1436|1657|1819|8 Recep 1449
20271207|0539|0706|1206|1436|1657|1819|9 Recep 1449
20271208|0540|0707|1207|1436|1657|1819|10 Recep 1449
20271209|0540|0708|1207|1436|1657|1819|11 Recep 1449
20271210|0541|0709|1208|1436|1657|1819|12 Recep 1449
20271211|0542|0709|1208|1436|1657|1819|13 Recep 1449
20271212|0542|0710|1209|1436|1657|1820|14 Recep 1449
20271213|0543|0711|1209|1437|1657|1820|15 Recep 1449
20271214|0544|0712|1210|1437|1658|1820|16 Recep 1449
20271215|0544|0712|1210|1437|1658|1820|17 Recep 1449
20271216|0545|0713|1211|1438|1658|1821|18 Recep 1449
20271217|0546|0714|1211|1438|1659|1821|19 Recep 1449
20271218|0546|0714|1212|1438|1659|1821|20 Recep 1449
20271219|0547|0715|1212|1439|1659|1822|21 Recep 1449
20271220|0547|0715|1213|1439|1700|1822|22 Recep 1449
20271221|0548|0716|1213|1439|1700|1823|23 Recep 1449
20271222|0549|0716|1214|1440|1701|1823|24 Recep 1449
20271223|0549|0717|1214|1440|1701|1824|25 Recep 1449
20271224|0549|0717|1215|1441|1702|1824|26 Recep 1449
20271225|0550|0718|1215|1442|1702|1825|27 Recep 1449
20271226|0550|0718|1216|1442|1703|1825|28 Recep 1449
20271227|0551|0719|1216|1443|1703|1826|29 Recep 1449
20271228|0551|0719|1216|1443|1704|1827|30 Recep 1449
20271229|0551|0719|1217|1444|1705|1827|1 Şaban 1449
20271230|0552|0719|1217|1445|1705|1828|2 Şaban 1449
20271231|0552|0720|1218|1445|1706|1829|3 Şaban 1449
#@9313|Mutki|BITLIS|730
20260101|0555|0723|1221|1448|1709|1831|12 Recep 1447
20260102|0555|0723|1221|1449|1710|1832|13 Recep 1447
20260103|0555|0723|1222|1450|1710|1833|14 Recep 1447
20260104|0555|0723|1222|1450|1711|1834|15 Recep 1447
20260105|0555|0723|1223|1451|1712|1834|16 Recep 1447
20260106|0555|0723|1223|1452|1713|1835|17 Recep 1447
20260107|0555|0723|1223|1453|1714|1836|18 Recep 1447
20260108|0556|0723|1224|1454|1715|1837|19 Recep 1447
20260109|0556|0723|1224|1454|1716|1838|20 Recep 1447
20260110|0556|0723|1225|1455|1717|1839|21 Recep 1447
20260111|0555|0722|1225|1456|1718|1839|22 Recep 1447
20260112|0555|0722|1225|1457|1719|1840|23 Recep 1447
20260113|0555|0722|1226|1458|1720|1841|24 Recep 1447
20260114|0555|0722|1226|1459|1721|1842|25 Recep 1447
20260115|0555|0721|1227|1500|1722|1843|26 Recep 1447
20260116|0555|0721|1227|1501|1723|1844|27 Recep 1447
20260117|0554|0721|1227|1502|1724|1845|28 Recep 1447
20260118|0554|0720|1228|1503|1725|1846|29 Recep 1447
20260119|0554|0720|1228|1504|1726|1847|30 Recep 1447
20260120|0554|0719|1228|1505|1727|1848|1 Şaban 1447
20260121|0553|0719|1228|1506|1728|1849|2 Şaban 1447
20260122|0553|0718|1229|1507|1729|1850|3 Şaban 1447
20260123|0552|0718|1229|1508|1731|1851|4 Şaban 1447
20260124|0552|0717|1229|1509|1732|1851|5 Şaban 1447
20260125|0551|0716|1230|1509|1733|1852|6 Şaban 1447
20260126|0551|0716|1230|1510|1734|1853|7 Şaban 1447
20260127|0550|0715|1230|1511|1735|1854|8 Şaban 1447
20260128|0550|0714|1230|1512|1736|1855|9 Şaban 1447
20260129|0549|0713|1230|1513|1737|1856|10 Şaban 1447
20260130|0549|0713|1231|1514|1738|1857|11 Şaban 1447
20260131|0548|0712|1231|1515|1740|1858|12 Şaban 1447
20260201|0547|0711|1231|1516|1741|1859|13 Şaban 1447
20260202|0546|0710|1231|1517|1742|1900|14 Şaban 1447
20260203|0546|0709|1231|1518|1743|1901|15 Şaban 1447
20260204|0545|0708|1231|1519|1744|1902|16 Şaban 1447
20260205|0544|0707|1231|1520|1745|1903|17 Şaban 1447
20260206|0543|0706|1231|1521|1746|1904|18 Şaban 1447
20260207|0542|0705|1231|1522|1748|1905|19 Şaban 1447
20260208|0541|0704|1231|1523|1749|1906|20 Şaban 1447
20260209|0541|0703|1231|1524|1750|1907|21 Şaban 1447
20260210|0540|0702|1232|1524|1751|1908|22 Şaban 1447
20260211|0539|0701|1232|1525|1752|1909|23 Şaban 1447
20260212|0538|0700|1232|1526|1753|1910|24 Şaban 1447
20260213|0537|0659|1232|1527|1754|1911|25 Şaban 1447
20260214|0536|0658|1231|1528|1755|1912|26 Şaban 1447
20260215|0534|0656|1231|1529|1757|1913|27 Şaban 1447
20260216|0533|0655|1231|1530|1758|1914|28 Şaban 1447
20260217|0532|0654|1231|1530|1759|1915|29 Şaban 1447
20260218|0531|0653|1231|1531|1800|1916|30 Şaban 1447
20260219|0530|0651|1231|1532|1801|1917|1 Ramazan 1447
20260220|0529|0650|1231|1533|1802|1918|2 Ramazan 1447
20260221|0527|0649|1231|1534|1803|1919|3 Ramazan 1447
20260222|0526|0648|1231|1534|1804|1920|4 Ramazan 1447
20260223|0525|0646|1231|1535|1805|1921|5 Ramazan 1447
20260224|0524|0645|1231|1536|1806|1922|6 Ramazan 1447
20260225|0522|0643|1230|1537|1807|1923|7 Ramazan 1447
20260226|0521|0642|1230|1537|1808|1924|8 Ramazan 1447
20260227|0520|0641|1230|1538|1809|1925|9 Ramazan 1447
20260228|0518|0639|1230|1539|1811|1926|10 Ramazan 1447
20260301|0517|0638|1230|1539|1812|1927|11 Ramazan 1447
20260302|0516|0637|1230|1540|1813|1928|12 Ramazan 1447
20260303|0514|0635|1229|1541|1814|1929|13 Ramazan 1447
20260304|0513|0634|1229|1541|1815|1930|14 Ramazan 1447
20260305|0511|0632|1229|1542|1816|1931|15 Ramazan 1447
20260306|0510|0631|1229|1542|1817|1932|16 Ramazan 1447
20260307|0508|0629|1228|1543|1818|1933|17 Ramazan 1447
20260308|0507|0628|1228|1544|1819|1934|18 Ramazan 1447
20260309|0505|0626|1228|1544|1820|1935|19 Ramazan 1447
20260310|0504|0625|1228|1545|1821|1936|20 Ramazan 1447
20260311|0502|0623|1227|1545|1822|1937|21 Ramazan 1447
20260312|0501|0622|1227|1546|1823|1938|22 Ramazan 1447
20260313|0459|0620|1227|1546|1824|1939|23 Ramazan 1447
20260314|0458|0619|1227|1547|1825|1941|24 Ramazan 1447
20260315|0456|0617|1226|1547|1826|1942|25 Ramazan 1447
20260316|0454|0616|1226|1548|1827|1943|26 Ramazan 1447
20260317|0453|0614|1226|1548|1828|1944|27 Ramazan 1447
20260318|0451|0613|1226|1549|1829|1945|28 Ramazan 1447
20260319|0450|0611|1225|1549|1829|1946|29 Ramazan 1447
20260320|0448|0609|1225|1550|1830|1947|1 Şevval 1447
20260321|0446|0608|1225|1550|1831|1948|2 Şevval 1447
20260322|0445|0606|1224|1551|1832|1949|3 Şevval 1447
20260323|0443|0605|1224|1551|1833|1950|4 Şevval 1447
20260324|0441|0603|1224|1551|1834|1951|5 Şevval 1447
20260325|0439|0602|1223|1552|1835|1952|6 Şevval 1447
20260326|0438|0600|1223|1552|1836|1953|7 Şevval 1447
20260327|0436|0559|1223|1553|1837|1954|8 Şevval 1447
20260328|0434|0557|1223|1553|1838|1955|9 Şevval 1447
20260329|0433|0555|1222|1553|1839|1956|10 Şevval 1447
20260330|0431|0554|1222|1554|1840|1958|11 Şevval 1447
20260331|0429|0552|1222|1554|1841|1959|12 Şevval 1447
20260401|0427|0551|1221|1554|1842|2000|13 Şevval 1447
20260402|0426|0549|1221|1555|1843|2001|14 Şevval 1447
20260403|0424|0548|1221|1555|1844|2002|15 Şevval 1447
20260404|0422|0546|1220|1555|1845|2003|16 Şevval 1447
20260405|0420|0545|1220|1556|1846|2004|17 Şevval 1447
20260406|0419|0543|1220|1556|1847|2005|18 Şevval 1447
20260407|0417|0542|1220|1556|1847|2007|19 Şevval 1447
20260408|0415|0540|1219|1556|1848|2008|20 Şevval 1447
20260409|0413|0539|1219|1557|1849|2009|21 Şevval 1447
20260410|0412|0537|1219|1557|1850|2010|22 Şevval 1447
20260411|0410|0536|1218|1557|1851|2011|23 Şevval 1447
20260412|0408|0534|1218|1558|1852|2013|24 Şevval 1447
20260413|0406|0533|1218|1558|1853|2014|25 Şevval 1447
20260414|0405|0531|1218|1558|1854|2015|26 Şevval 1447
20260415|0403|0530|1217|1558|1855|2016|27 Şevval 1447
20260416|0401|0529|1217|1559|1856|2017|28 Şevval 1447
20260417|0400|0527|1217|1559|1857|2019|29 Şevval 1447
20260418|0358|0526|1217|1559|1858|2020|1 Zilkade 1447
20260419|0356|0524|1217|1559|1859|2021|2 Zilkade 1447
20260420|0354|0523|1216|1559|1900|2022|3 Zilkade 1447
20260421|0353|0522|1216|1600|1901|2024|4 Zilkade 1447
20260422|0351|0520|1216|1600|1902|2025|5 Zilkade 1447
20260423|0349|0519|1216|1600|1903|2026|6 Zilkade 1447
20260424|0348|0518|1216|1600|1904|2028|7 Zilkade 1447
20260425|0346|0516|1215|1601|1904|2029|8 Zilkade 1447
20260426|0344|0515|1215|1601|1905|2030|9 Zilkade 1447
20260427|0342|0514|1215|1601|1906|2031|10 Zilkade 1447
20260428|0341|0513|1215|1601|1907|2033|11 Zilkade 1447
20260429|0339|0511|1215|1601|1908|2034|12 Zilkade 1447
20260430|0338|0510|1215|1602|1909|2035|13 Zilkade 1447
20260501|0336|0509|1214|1602|1910|2037|14 Zilkade 1447
20260502|0334|0508|1214|1602|1911|2038|15 Zilkade 1447
20260503|0333|0507|1214|1602|1912|2039|16 Zilkade 1447
20260504|0331|0505|1214|1602|1913|2041|17 Zilkade 1447
20260505|0330|0504|1214|1603|1914|2042|18 Zilkade 1447
20260506|0328|0503|1214|1603|1915|2043|19 Zilkade 1447
20260507|0327|0502|1214|1603|1916|2045|20 Zilkade 1447
20260508|0325|0501|1214|1603|1917|2046|21 Zilkade 1447
20260509|0324|0500|1214|1603|1918|2047|22 Zilkade 1447
20260510|0322|0459|1214|1604|1919|2049|23 Zilkade 1447
20260511|0321|0458|1214|1604|1919|2050|24 Zilkade 1447
20260512|0319|0457|1214|1604|1920|2051|25 Zilkade 1447
20260513|0318|0456|1214|1604|1921|2053|26 Zilkade 1447
20260514|0317|0455|1214|1604|1922|2054|27 Zilkade 1447
20260515|0315|0454|1214|1605|1923|2055|28 Zilkade 1447
20260516|0314|0453|1214|1605|1924|2057|29 Zilkade 1447
20260517|0313|0453|1214|1605|1925|2058|30 Zilkade 1447
20260518|0311|0452|1214|1605|1926|2059|1 Zilhicce 1447
20260519|0310|0451|1214|1606|1927|2100|2 Zilhicce 1447
20260520|0309|0450|1214|1606|1927|2102|3 Zilhicce 1447
20260521|0308|0450|1214|1606|1928|2103|4 Zilhicce 1447
20260522|0307|0449|1214|1606|1929|2104|5 Zilhicce 1447
20260523|0305|0448|1214|1606|1930|2105|6 Zilhicce 1447
20260524|0304|0448|1214|1607|1931|2107|7 Zilhicce 1447
20260525|0303|0447|1214|1607|1932|2108|8 Zilhicce 1447
20260526|0302|0446|1214|1607|1932|2109|9 Zilhicce 1447
20260527|0301|0446|1214|1607|1933|2110|10 Zilhicce 1447
20260528|0300|0445|1215|1608|1934|2111|11 Zilhicce 1447
20260529|0300|0445|1215|1608|1935|2112|12 Zilhicce 1447
20260530|0259|0444|1215|1608|1935|2113|13 Zilhicce 1447
20260531|0258|0444|1215|1608|1936|2114|14 Zilhicce 1447
20260601|0257|0443|1215|1609|1937|2115|15 Zilhicce 1447
20260602|0256|0443|1215|1609|1938|2116|16 Zilhicce 1447
20260603|0256|0443|1215|1609|1938|2117|17 Zilhicce 1447
20260604|0255|0442|1216|1609|1939|2118|18 Zilhicce 1447
20260605|0254|0442|1216|1610|1939|2119|19 Zilhicce 1447
20260606|0254|0442|1216|1610|1940|2120|20 Zilhicce 1447
20260607|0253|0442|1216|1610|1941|2121|21 Zilhicce 1447
20260608|0253|0441|1216|1610|1941|2122|22 Zilhicce 1447
20260609|0253|0441|1217|1610|1942|2123|23 Zilhicce 1447
20260610|0252|0441|1217|1611|1942|2123|24 Zilhicce 1447
20260611|0252|0441|1217|1611|1943|2124|25 Zilhicce 1447
20260612|0252|0441|1217|1611|1943|2125|26 Zilhicce 1447
20260613|0251|0441|1217|1611|1944|2125|27 Zilhicce 1447
20260614|0251|0441|1218|1612|1944|2126|28 Zilhicce 1447
20260615|0251|0441|1218|1612|1945|2126|29 Zilhicce 1447
20260616|0251|0441|1218|1612|1945|2127|1 Muharrem 1448
20260617|0251|0441|1218|1612|1945|2127|2 Muharrem 1448
20260618|0251|0441|1218|1613|1946|2128|3 Muharrem 1448
20260619|0251|0441|1219|1613|1946|2128|4 Muharrem 1448
20260620|0251|0442|1219|1613|1946|2128|5 Muharrem 1448
20260621|0251|0442|1219|1613|1946|2129|6 Muharrem 1448
20260622|0252|0442|1219|1614|1947|2129|7 Muharrem 1448
20260623|0252|0442|1219|1614|1947|2129|8 Muharrem 1448
20260624|0252|0442|1220|1614|1947|2129|9 Muharrem 1448
20260625|0253|0443|1220|1614|1947|2129|10 Muharrem 1448
20260626|0253|0443|1220|1614|1947|2129|11 Muharrem 1448
20260627|0253|0443|1220|1615|1947|2129|12 Muharrem 1448
20260628|0254|0444|1221|1615|1947|2129|13 Muharrem 1448
20260629|0255|0444|1221|1615|1947|2129|14 Muharrem 1448
20260630|0255|0445|1221|1615|1947|2129|15 Muharrem 1448
20260701|0256|0445|1221|1615|1947|2128|16 Muharrem 1448
20260702|0256|0446|1221|1615|1947|2128|17 Muharrem 1448
20260703|0257|0446|1222|1616|1947|2128|18 Muharrem 1448
20260704|0258|0447|1222|1616|1947|2128|19 Muharrem 1448
20260705|0259|0447|1222|1616|1947|2127|20 Muharrem 1448
20260706|0300|0448|1222|1616|1946|2127|21 Muharrem 1448
20260707|0300|0448|1222|1616|1946|2126|22 Muharrem 1448
20260708|0301|0449|1222|1616|1946|2126|23 Muharrem 1448
20260709|0302|0449|1223|1616|1946|2125|24 Muharrem 1448
20260710|0303|0450|1223|1616|1945|2124|25 Muharrem 1448
20260711|0304|0451|1223|1616|1945|2124|26 Muharrem 1448
20260712|0305|0451|1223|1616|1945|2123|27 Muharrem 1448
20260713|0306|0452|1223|1616|1944|2122|28 Muharrem 1448
20260714|0307|0453|1223|1616|1944|2121|29 Muharrem 1448
20260715|0308|0454|1223|1616|1943|2121|1 Safer 1448
20260716|0310|0454|1223|1616|1943|2120|2 Safer 1448
20260717|0311|0455|1223|1616|1942|2119|3 Safer 1448
20260718|0312|0456|1224|1616|1941|2118|4 Safer 1448
20260719|0313|0456|1224|1616|1941|2117|5 Safer 1448
20260720|0314|0457|1224|1616|1940|2116|6 Safer 1448
20260721|0315|0458|1224|1616|1940|2115|7 Safer 1448
20260722|0317|0459|1224|1616|1939|2114|8 Safer 1448
20260723|0318|0500|1224|1616|1938|2113|9 Safer 1448
20260724|0319|0500|1224|1616|1937|2111|10 Safer 1448
20260725|0320|0501|1224|1616|1937|2110|11 Safer 1448
20260726|0322|0502|1224|1615|1936|2109|12 Safer 1448
20260727|0323|0503|1224|1615|1935|2108|13 Safer 1448
20260728|0324|0504|1224|1615|1934|2107|14 Safer 1448
20260729|0326|0505|1224|1615|1933|2105|15 Safer 1448
20260730|0327|0505|1224|1615|1932|2104|16 Safer 1448
20260731|0328|0506|1224|1614|1931|2103|17 Safer 1448
20260801|0329|0507|1224|1614|1930|2101|18 Safer 1448
20260802|0331|0508|1224|1614|1929|2100|19 Safer 1448
20260803|0332|0509|1224|1613|1928|2058|20 Safer 1448
20260804|0333|0510|1223|1613|1927|2057|21 Safer 1448
20260805|0335|0511|1223|1613|1926|2055|22 Safer 1448
20260806|0336|0512|1223|1612|1925|2054|23 Safer 1448
20260807|0337|0512|1223|1612|1924|2052|24 Safer 1448
20260808|0339|0513|1223|1612|1923|2051|25 Safer 1448
20260809|0340|0514|1223|1611|1922|2049|26 Safer 1448
20260810|0341|0515|1223|1611|1921|2048|27 Safer 1448
20260811|0343|0516|1223|1610|1919|2046|28 Safer 1448
20260812|0344|0517|1222|1610|1918|2045|29 Safer 1448
20260813|0345|0518|1222|1609|1917|2043|30 Safer 1448
20260814|0347|0519|1222|1609|1916|2041|1 Rebiulevvel 1448
20260815|0348|0519|1222|1608|1914|2040|2 Rebiulevvel 1448
20260816|0349|0520|1222|1608|1913|2038|3 Rebiulevvel 1448
20260817|0350|0521|1222|1607|1912|2037|4 Rebiulevvel 1448
20260818|0352|0522|1221|1607|1910|2035|5 Rebiulevvel 1448
20260819|0353|0523|1221|1606|1909|2033|6 Rebiulevvel 1448
20260820|0354|0524|1221|1605|1908|2032|7 Rebiulevvel 1448
20260821|0355|0525|1221|1605|1906|2030|8 Rebiulevvel 1448
20260822|0357|0526|1220|1604|1905|2028|9 Rebiulevvel 1448
20260823|0358|0527|1220|1603|1904|2026|10 Rebiulevvel 1448
20260824|0359|0527|1220|1603|1902|2025|11 Rebiulevvel 1448
20260825|0400|0528|1220|1602|1901|2023|12 Rebiulevvel 1448
20260826|0401|0529|1219|1601|1859|2021|13 Rebiulevvel 1448
20260827|0403|0530|1219|1600|1858|2020|14 Rebiulevvel 1448
20260828|0404|0531|1219|1600|1856|2018|15 Rebiulevvel 1448
20260829|0405|0532|1218|1559|1855|2016|16 Rebiulevvel 1448
20260830|0406|0533|1218|1558|1854|2014|17 Rebiulevvel 1448
20260831|0407|0534|1218|1557|1852|2013|18 Rebiulevvel 1448
20260901|0409|0534|1217|1556|1851|2011|19 Rebiulevvel 1448
20260902|0410|0535|1217|1556|1849|2009|20 Rebiulevvel 1448
20260903|0411|0536|1217|1555|1848|2007|21 Rebiulevvel 1448
20260904|0412|0537|1217|1554|1846|2005|22 Rebiulevvel 1448
20260905|0413|0538|1216|1553|1844|2004|23 Rebiulevvel 1448
20260906|0414|0539|1216|1552|1843|2002|24 Rebiulevvel 1448
20260907|0415|0540|1216|1551|1841|2000|25 Rebiulevvel 1448
20260908|0416|0541|1215|1550|1840|1958|26 Rebiulevvel 1448
20260909|0417|0541|1215|1549|1838|1957|27 Rebiulevvel 1448
20260910|0419|0542|1214|1548|1837|1955|28 Rebiulevvel 1448
20260911|0420|0543|1214|1547|1835|1953|29 Rebiulevvel 1448
20260912|0421|0544|1214|1546|1834|1951|1 Rebiulahir 1448
20260913|0422|0545|1213|1545|1832|1950|2 Rebiulahir 1448
20260914|0423|0546|1213|1544|1830|1948|3 Rebiulahir 1448
20260915|0424|0547|1213|1543|1829|1946|4 Rebiulahir 1448
20260916|0425|0547|1212|1542|1827|1944|5 Rebiulahir 1448
20260917|0426|0548|1212|1541|1826|1943|6 Rebiulahir 1448
20260918|0427|0549|1212|1540|1824|1941|7 Rebiulahir 1448
20260919|0428|0550|1211|1539|1822|1939|8 Rebiulahir 1448
20260920|0429|0551|1211|1538|1821|1938|9 Rebiulahir 1448
20260921|0430|0552|1211|1537|1819|1936|10 Rebiulahir 1448
20260922|0431|0553|1210|1536|1818|1934|11 Rebiulahir 1448
20260923|0432|0554|1210|1535|1816|1933|12 Rebiulahir 1448
20260924|0433|0555|1210|1534|1815|1931|13 Rebiulahir 1448
20260925|0434|0555|1209|1533|1813|1929|14 Rebiulahir 1448
20260926|0435|0556|1209|1532|1811|1928|15 Rebiulahir 1448
20260927|0436|0557|1208|1531|1810|1926|16 Rebiulahir 1448
20260928|0437|0558|1208|1530|1808|1924|17 Rebiulahir 1448
20260929|0438|0559|1208|1529|1807|1923|18 Rebiulahir 1448
20260930|0439|0600|1207|1528|1805|1921|19 Rebiulahir 1448
20261001|0440|0601|1207|1526|1804|1919|20 Rebiulahir 1448
20261002|0441|0602|1207|1525|1802|1918|21 Rebiulahir 1448
20261003|0442|0603|1206|1524|1800|1916|22 Rebiulahir 1448
20261004|0443|0604|1206|1523|1759|1915|23 Rebiulahir 1448
20261005|0444|0604|1206|1522|1757|1913|24 Rebiulahir 1448
20261006|0445|0605|1206|1521|1756|1912|25 Rebiulahir 1448
20261007|0445|0606|1205|1520|1754|1910|26 Rebiulahir 1448
20261008|0446|0607|1205|1519|1753|1909|27 Rebiulahir 1448
20261009|0447|0608|1205|1518|1751|1907|28 Rebiulahir 1448
20261010|0448|0609|1204|1516|1750|1906|29 Rebiulahir 1448
20261011|0449|0610|1204|1515|1748|1904|30 Rebiulahir 1448
20261012|0450|0611|1204|1514|1747|1903|1 Cemaziyelevvel 1448
20261013|0451|0612|1204|1513|1745|1901|2 Cemaziyelevvel 1448
20261014|0452|0613|1203|1512|1744|1900|3 Cemaziyelevvel 1448
20261015|0453|0614|1203|1511|1743|1858|4 Cemaziyelevvel 1448
20261016|0454|0615|1203|1510|1741|1857|5 Cemaziyelevvel 1448
20261017|0455|0616|1203|1509|1740|1856|6 Cemaziyelevvel 1448
20261018|0456|0617|1203|1508|1738|1854|7 Cemaziyelevvel 1448
20261019|0457|0618|1202|1507|1737|1853|8 Cemaziyelevvel 1448
20261020|0458|0619|1202|1506|1736|1852|9 Cemaziyelevvel 1448
20261021|0459|0620|1202|1505|1734|1850|10 Cemaziyelevvel 1448
20261022|0459|0621|1202|1504|1733|1849|11 Cemaziyelevvel 1448
20261023|0500|0622|1202|1503|1732|1848|12 Cemaziyelevvel 1448
20261024|0501|0623|1202|1502|1730|1847|13 Cemaziyelevvel 1448
20261025|0502|0624|1201|1501|1729|1846|14 Cemaziyelevvel 1448
20261026|0503|0625|1201|1500|1728|1844|15 Cemaziyelevvel 1448
20261027|0504|0626|1201|1459|1726|1843|16 Cemaziyelevvel 1448
20261028|0505|0627|1201|1458|1725|1842|17 Cemaziyelevvel 1448
20261029|0506|0628|1201|1457|1724|1841|18 Cemaziyelevvel 1448
20261030|0507|0629|1201|1456|1723|1840|19 Cemaziyelevvel 1448
20261031|0508|0630|1201|1455|1722|1839|20 Cemaziyelevvel 1448
20261101|0509|0631|1201|1454|1721|1838|21 Cemaziyelevvel 1448
20261102|0510|0632|1201|1453|1719|1837|22 Cemaziyelevvel 1448
20261103|0511|0633|1201|1452|1718|1836|23 Cemaziyelevvel 1448
20261104|0512|0635|1201|1451|1717|1835|24 Cemaziyelevvel 1448
20261105|0513|0636|1201|1451|1716|1834|25 Cemaziyelevvel 1448
20261106|0514|0637|1201|1450|1715|1833|26 Cemaziyelevvel 1448
20261107|0514|0638|1201|1449|1714|1832|27 Cemaziyelevvel 1448
20261108|0515|0639|1201|1448|1713|1832|28 Cemaziyelevvel 1448
20261109|0516|0640|1201|1448|1712|1831|29 Cemaziyelevvel 1448
20261110|0517|0641|1201|1447|1711|1830|1 Cemaziyelahir 1448
20261111|0518|0642|1201|1446|1710|1829|2 Cemaziyelahir 1448
20261112|0519|0643|1201|1445|1710|1828|3 Cemaziyelahir 1448
20261113|0520|0644|1202|1445|1709|1828|4 Cemaziyelahir 1448
20261114|0521|0645|1202|1444|1708|1827|5 Cemaziyelahir 1448
20261115|0522|0646|1202|1444|1707|1827|6 Cemaziyelahir 1448
20261116|0523|0648|1202|1443|1706|1826|7 Cemaziyelahir 1448
20261117|0524|0649|1202|1442|1706|1825|8 Cemaziyelahir 1448
20261118|0525|0650|1202|1442|1705|1825|9 Cemaziyelahir 1448
20261119|0526|0651|1203|1441|1704|1824|10 Cemaziyelahir 1448
20261120|0527|0652|1203|1441|1704|1824|11 Cemaziyelahir 1448
20261121|0528|0653|1203|1440|1703|1823|12 Cemaziyelahir 1448
20261122|0528|0654|1203|1440|1703|1823|13 Cemaziyelahir 1448
20261123|0529|0655|1204|1440|1702|1823|14 Cemaziyelahir 1448
20261124|0530|0656|1204|1439|1702|1822|15 Cemaziyelahir 1448
20261125|0531|0657|1204|1439|1701|1822|16 Cemaziyelahir 1448
20261126|0532|0658|1204|1439|1701|1822|17 Cemaziyelahir 1448
20261127|0533|0659|1205|1438|1700|1821|18 Cemaziyelahir 1448
20261128|0534|0700|1205|1438|1700|1821|19 Cemaziyelahir 1448
20261129|0535|0701|1205|1438|1700|1821|20 Cemaziyelahir 1448
20261130|0536|0702|1206|1438|1659|1821|21 Cemaziyelahir 1448
20261201|0536|0703|1206|1438|1659|1821|22 Cemaziyelahir 1448
20261202|0537|0704|1207|1437|1659|1821|23 Cemaziyelahir 1448
20261203|0538|0705|1207|1437|1659|1821|24 Cemaziyelahir 1448
20261204|0539|0706|1207|1437|1659|1821|25 Cemaziyelahir 1448
20261205|0540|0707|1208|1437|1659|1821|26 Cemaziyelahir 1448
20261206|0540|0708|1208|1437|1658|1821|27 Cemaziyelahir 1448
20261207|0541|0709|1209|1437|1658|1821|28 Cemaziyelahir 1448
20261208|0542|0710|1209|1437|1658|1821|29 Cemaziyelahir 1448
20261209|0543|0710|1209|1437|1658|1821|30 Cemaziyelahir 1448
20261210|0543|0711|1210|1438|1659|1821|1 Recep 1448
20261211|0544|0712|1210|1438|1659|1821|2 Recep 1448
20261212|0545|0713|1211|1438|1659|1821|3 Recep 1448
20261213|0546|0714|1211|1438|1659|1822|4 Recep 1448
20261214|0546|0714|1212|1438|1659|1822|5 Recep 1448
20261215|0547|0715|1212|1439|1659|1822|6 Recep 1448
20261216|0548|0716|1213|1439|1700|1823|7 Recep 1448
20261217|0548|0716|1213|1439|1700|1823|8 Recep 1448
20261218|0549|0717|1214|1440|1700|1823|9 Recep 1448
20261219|0549|0718|1214|1440|1701|1824|10 Recep 1448
20261220|0550|0718|1215|1441|1701|1824|11 Recep 1448
20261221|0550|0719|1215|1441|1702|1825|12 Recep 1448
20261222|0551|0719|1216|1442|1702|1825|13 Recep 1448
20261223|0551|0720|1216|1442|1703|1826|14 Recep 1448
20261224|0552|0720|1217|1443|1703|1826|15 Recep 1448
20261225|0552|0720|1217|1443|1704|1827|16 Recep 1448
20261226|0553|0721|1218|1444|1704|1827|17 Recep 1448
20261227|0553|0721|1218|1444|1705|1828|18 Recep 1448
20261228|0553|0722|1219|1445|1706|1829|19 Recep 1448
20261229|0554|0722|1219|1446|1706|1829|20 Recep 1448
20261230|0554|0722|1220|1446|1707|1830|21 Recep 1448
20261231|0554|0722|1220|1447|1708|1831|22 Recep 1448
20270101|0555|0722|1221|1448|1709|1831|23 Recep 1448
20270102|0555|0723|1221|1449|1709|1832|24 Recep 1448
20270103|0555|0723|1221|1449|1710|1833|25 Recep 1448
20270104|0555|0723|1222|1450|1711|1833|26 Recep 1448
20270105|0555|0723|1222|1451|1712|1834|27 Recep 1448
20270106|0555|0723|1223|1452|1713|1835|28 Recep 1448
20270107|0555|0723|1223|1453|1714|1836|29 Recep 1448
20270108|0556|0723|1224|1453|1715|1837|30 Recep 1448
20270109|0556|0723|1224|1454|1716|1837|1 Şaban 1448
20270110|0556|0723|1225|1455|1717|1838|2 Şaban 1448
20270111|0555|0722|1225|1456|1718|1839|3 Şaban 1448
20270112|0555|0722|1225|1457|1719|1840|4 Şaban 1448
20270113|0555|0722|1226|1458|1720|1841|5 Şaban 1448
20270114|0555|0722|1226|1459|1721|1842|6 Şaban 1448
20270115|0555|0721|1226|1500|1722|1843|7 Şaban 1448
20270116|0555|0721|1227|1501|1723|1844|8 Şaban 1448
20270117|0555|0721|1227|1502|1724|1845|9 Şaban 1448
20270118|0554|0720|1227|1502|1725|1846|10 Şaban 1448
20270119|0554|0720|1228|1503|1726|1846|11 Şaban 1448
20270120|0554|0719|1228|1504|1727|1847|12 Şaban 1448
20270121|0553|0719|1228|1505|1728|1848|13 Şaban 1448
20270122|0553|0718|1229|1506|1729|1849|14 Şaban 1448
20270123|0552|0718|1229|1507|1730|1850|15 Şaban 1448
20270124|0552|0717|1229|1508|1731|1851|16 Şaban 1448
20270125|0552|0716|1229|1509|1733|1852|17 Şaban 1448
20270126|0551|0716|1230|1510|1734|1853|18 Şaban 1448
20270127|0550|0715|1230|1511|1735|1854|19 Şaban 1448
20270128|0550|0714|1230|1512|1736|1855|20 Şaban 1448
20270129|0549|0714|1230|1513|1737|1856|21 Şaban 1448
20270130|0549|0713|1230|1514|1738|1857|22 Şaban 1448
20270131|0548|0712|1231|1515|1739|1858|23 Şaban 1448
20270201|0547|0711|1231|1516|1740|1859|24 Şaban 1448
20270202|0547|0710|1231|1517|1742|1900|25 Şaban 1448
20270203|0546|0709|1231|1518|1743|1901|26 Şaban 1448
20270204|0545|0708|1231|1519|1744|1902|27 Şaban 1448
20270205|0544|0707|1231|1520|1745|1903|28 Şaban 1448
20270206|0543|0706|1231|1521|1746|1904|29 Şaban 1448
20270207|0543|0705|1231|1522|1747|1905|30 Şaban 1448
20270208|0542|0704|1231|1522|1748|1906|1 Ramazan 1448
20270209|0541|0703|1231|1523|1750|1907|2 Ramazan 1448
20270210|0540|0702|1232|1524|1751|1908|3 Ramazan 1448
20270211|0539|0701|1232|1525|1752|1909|4 Ramazan 1448
20270212|0538|0700|1232|1526|1753|1910|5 Ramazan 1448
20270213|0537|0659|1232|1527|1754|1911|6 Ramazan 1448
20270214|0536|0658|1231|1528|1755|1912|7 Ramazan 1448
20270215|0535|0657|1231|1529|1756|1913|8 Ramazan 1448
20270216|0534|0655|1231|1529|1757|1914|9 Ramazan 1448
20270217|0532|0654|1231|1530|1758|1915|10 Ramazan 1448
20270218|0531|0653|1231|1531|1800|1916|11 Ramazan 1448
20270219|0530|0652|1231|1532|1801|1917|12 Ramazan 1448
20270220|0529|0650|1231|1533|1802|1918|13 Ramazan 1448
20270221|0528|0649|1231|1533|1803|1919|14 Ramazan 1448
20270222|0527|0648|1231|1534|1804|1920|15 Ramazan 1448
20270223|0525|0647|1231|1535|1805|1921|16 Ramazan 1448
20270224|0524|0645|1231|1536|1806|1922|17 Ramazan 1448
20270225|0523|0644|1230|1536|1807|1923|18 Ramazan 1448
20270226|0521|0642|1230|1537|1808|1924|19 Ramazan 1448
20270227|0520|0641|1230|1538|1809|1925|20 Ramazan 1448
20270228|0519|0640|1230|1538|1810|1926|21 Ramazan 1448
20270301|0517|0638|1230|1539|1811|1927|22 Ramazan 1448
20270302|0516|0637|1230|1540|1812|1928|23 Ramazan 1448
20270303|0515|0635|1229|1540|1813|1929|24 Ramazan 1448
20270304|0513|0634|1229|1541|1814|1930|25 Ramazan 1448
20270305|0512|0633|1229|1542|1815|1931|26 Ramazan 1448
20270306|0510|0631|1229|1542|1816|1932|27 Ramazan 1448
20270307|0509|0630|1228|1543|1817|1933|28 Ramazan 1448
20270308|0507|0628|1228|1544|1818|1934|29 Ramazan 1448
20270309|0506|0627|1228|1544|1819|1935|1 Şevval 1448
20270310|0504|0625|1228|1545|1820|1936|2 Şevval 1448
20270311|0503|0624|1228|1545|1821|1937|3 Şevval 1448
20270312|0501|0622|1227|1546|1822|1938|4 Şevval 1448
20270313|0500|0621|1227|1546|1823|1939|5 Şevval 1448
20270314|0458|0619|1227|1547|1824|1940|6 Şevval 1448
20270315|0456|0618|1226|1547|1825|1941|7 Şevval 1448
20270316|0455|0616|1226|1548|1826|1942|8 Şevval 1448
20270317|0453|0614|1226|1548|1827|1943|9 Şevval 1448
20270318|0452|0613|1226|1549|1828|1944|10 Şevval 1448
20270319|0450|0611|1225|1549|1829|1945|11 Şevval 1448
20270320|0448|0610|1225|1550|1830|1946|12 Şevval 1448
20270321|0447|0608|1225|1550|1831|1948|13 Şevval 1448
20270322|0445|0607|1224|1551|1832|1949|14 Şevval 1448
20270323|0443|0605|1224|1551|1833|1950|15 Şevval 1448
20270324|0442|0604|1224|1551|1834|1951|16 Şevval 1448
20270325|0440|0602|1224|1552|1835|1952|17 Şevval 1448
20270326|0438|0601|1223|1552|1836|1953|18 Şevval 1448
20270327|0436|0559|1223|1553|1837|1954|19 Şevval 1448
20270328|0435|0557|1223|1553|1838|1955|20 Şevval 1448
20270329|0433|0556|1222|1553|1839|1956|21 Şevval 1448
20270330|0431|0554|1222|1554|1840|1957|22 Şevval 1448
20270331|0430|0553|1222|1554|1841|1958|23 Şevval 1448
20270401|0428|0551|1221|1554|1842|2000|24 Şevval 1448
20270402|0426|0550|1221|1555|1843|2001|25 Şevval 1448
20270403|0424|0548|1221|1555|1843|2002|26 Şevval 1448
20270404|0423|0547|1221|1555|1844|2003|27 Şevval 1448
20270405|0421|0545|1220|1556|1845|2004|28 Şevval 1448
20270406|0419|0544|1220|1556|1846|2005|29 Şevval 1448
20270407|0417|0542|1220|1556|1847|2006|30 Şevval 1448
20270408|0416|0541|1219|1556|1848|2008|1 Zilkade 1448
20270409|0414|0539|1219|1557|1849|2009|2 Zilkade 1448
20270410|0412|0538|1219|1557|1850|2010|3 Zilkade 1448
20270411|0410|0536|1219|1557|1851|2011|4 Zilkade 1448
20270412|0409|0535|1218|1558|1852|2012|5 Zilkade 1448
20270413|0407|0533|1218|1558|1853|2013|6 Zilkade 1448
20270414|0405|0532|1218|1558|1854|2015|7 Zilkade 1448
20270415|0403|0530|1218|1558|1855|2016|8 Zilkade 1448
20270416|0402|0529|1217|1559|1856|2017|9 Zilkade 1448
20270417|0400|0528|1217|1559|1857|2018|10 Zilkade 1448
20270418|0358|0526|1217|1559|1858|2020|11 Zilkade 1448
20270419|0356|0525|1217|1559|1859|2021|12 Zilkade 1448
20270420|0355|0523|1216|1559|1859|2022|13 Zilkade 1448
20270421|0353|0522|1216|1600|1900|2023|14 Zilkade 1448
20270422|0351|0521|1216|1600|1901|2025|15 Zilkade 1448
20270423|0350|0519|1216|1600|1902|2026|16 Zilkade 1448
20270424|0348|0518|1216|1600|1903|2027|17 Zilkade 1448
20270425|0346|0517|1215|1601|1904|2029|18 Zilkade 1448
20270426|0345|0515|1215|1601|1905|2030|19 Zilkade 1448
20270427|0343|0514|1215|1601|1906|2031|20 Zilkade 1448
20270428|0341|0513|1215|1601|1907|2032|21 Zilkade 1448
20270429|0340|0512|1215|1601|1908|2034|22 Zilkade 1448
20270430|0338|0510|1215|1602|1909|2035|23 Zilkade 1448
20270501|0336|0509|1215|1602|1910|2036|24 Zilkade 1448
20270502|0335|0508|1214|1602|1911|2038|25 Zilkade 1448
20270503|0333|0507|1214|1602|1912|2039|26 Zilkade 1448
20270504|0332|0506|1214|1602|1913|2040|27 Zilkade 1448
20270505|0330|0505|1214|1603|1914|2042|28 Zilkade 1448
20270506|0328|0503|1214|1603|1915|2043|29 Zilkade 1448
20270507|0327|0502|1214|1603|1916|2044|1 Zilhicce 1448
20270508|0325|0501|1214|1603|1916|2046|2 Zilhicce 1448
20270509|0324|0500|1214|1603|1917|2047|3 Zilhicce 1448
20270510|0323|0459|1214|1604|1918|2048|4 Zilhicce 1448
20270511|0321|0458|1214|1604|1919|2050|5 Zilhicce 1448
20270512|0320|0457|1214|1604|1920|2051|6 Zilhicce 1448
20270513|0318|0456|1214|1604|1921|2052|7 Zilhicce 1448
20270514|0317|0455|1214|1604|1922|2054|8 Zilhicce 1448
20270515|0316|0455|1214|1605|1923|2055|9 Zilhicce 1448
20270516|0314|0454|1214|1605|1924|2056|10 Zilhicce 1448
20270517|0313|0453|1214|1605|1925|2058|11 Zilhicce 1448
20270518|0312|0452|1214|1605|1926|2059|12 Zilhicce 1448
20270519|0310|0451|1214|1605|1926|2100|13 Zilhicce 1448
20270520|0309|0450|1214|1606|1927|2101|14 Zilhicce 1448
20270521|0308|0450|1214|1606|1928|2103|15 Zilhicce 1448
20270522|0307|0449|1214|1606|1929|2104|16 Zilhicce 1448
20270523|0306|0448|1214|1606|1930|2105|17 Zilhicce 1448
20270524|0305|0448|1214|1607|1931|2106|18 Zilhicce 1448
20270525|0304|0447|1214|1607|1931|2107|19 Zilhicce 1448
20270526|0303|0446|1214|1607|1932|2109|20 Zilhicce 1448
20270527|0302|0446|1214|1607|1933|2110|21 Zilhicce 1448
20270528|0301|0445|1215|1608|1934|2111|22 Zilhicce 1448
20270529|0300|0445|1215|1608|1934|2112|23 Zilhicce 1448
20270530|0259|0444|1215|1608|1935|2113|24 Zilhicce 1448
20270531|0258|0444|1215|1608|1936|2114|25 Zilhicce 1448
20270601|0257|0444|1215|1608|1937|2115|26 Zilhicce 1448
20270602|0257|0443|1215|1609|1937|2116|27 Zilhicce 1448
20270603|0256|0443|1215|1609|1938|2117|28 Zilhicce 1448
20270604|0255|0442|1216|1609|1939|2118|29 Zilhicce 1448
20270605|0255|0442|1216|1609|1939|2119|30 Zilhicce 1448
20270606|0254|0442|1216|1610|1940|2120|1 Muharrem 1449
20270607|0254|0442|1216|1610|1941|2121|2 Muharrem 1449
20270608|0253|0442|1216|1610|1941|2122|3 Muharrem 1449
20270609|0253|0441|1216|1610|1942|2122|4 Muharrem 1449
20270610|0252|0441|1217|1611|1942|2123|5 Muharrem 1449
20270611|0252|0441|1217|1611|1943|2124|6 Muharrem 1449
20270612|0252|0441|1217|1611|1943|2124|7 Muharrem 1449
20270613|0251|0441|1217|1611|1944|2125|8 Muharrem 1449
20270614|0251|0441|1217|1612|1944|2126|9 Muharrem 1449
20270615|0251|0441|1218|1612|1944|2126|10 Muharrem 1449
20270616|0251|0441|1218|1612|1945|2127|11 Muharrem 1449
20270617|0251|0441|1218|1612|1945|2127|12 Muharrem 1449
20270618|0251|0441|1218|1613|1946|2128|13 Muharrem 1449
20270619|0251|0441|1219|1613|1946|2128|14 Muharrem 1449
20270620|0251|0441|1219|1613|1946|2128|15 Muharrem 1449
20270621|0251|0442|1219|1613|1946|2128|16 Muharrem 1449
20270622|0252|0442|1219|1613|1947|2129|17 Muharrem 1449
20270623|0252|0442|1219|1614|1947|2129|18 Muharrem 1449
20270624|0252|0442|1220|1614|1947|2129|19 Muharrem 1449
20270625|0252|0443|1220|1614|1947|2129|20 Muharrem 1449
20270626|0253|0443|1220|1614|1947|2129|21 Muharrem 1449
20270627|0253|0443|1220|1615|1947|2129|22 Muharrem 1449
20270628|0254|0444|1220|1615|1947|2129|23 Muharrem 1449
20270629|0254|0444|1221|1615|1947|2129|24 Muharrem 1449
20270630|0255|0445|1221|1615|1947|2129|25 Muharrem 1449
20270701|0256|0445|1221|1615|1947|2129|26 Muharrem 1449
20270702|0256|0445|1221|1615|1947|2128|27 Muharrem 1449
20270703|0257|0446|1221|1615|1947|2128|28 Muharrem 1449
20270704|0258|0446|1222|1616|1947|2128|29 Muharrem 1449
20270705|0258|0447|1222|1616|1947|2127|1 Safer 1449
20270706|0259|0448|1222|1616|1947|2127|2 Safer 1449
20270707|0300|0448|1222|1616|1946|2126|3 Safer 1449
20270708|0301|0449|1222|1616|1946|2126|4 Safer 1449
20270709|0302|0449|1222|1616|1946|2125|5 Safer 1449
20270710|0303|0450|1223|1616|1945|2125|6 Safer 1449
20270711|0304|0451|1223|1616|1945|2124|7 Safer 1449
20270712|0305|0451|1223|1616|1945|2123|8 Safer 1449
20270713|0306|0452|1223|1616|1944|2122|9 Safer 1449
20270714|0307|0453|1223|1616|1944|2122|10 Safer 1449
20270715|0308|0453|1223|1616|1943|2121|11 Safer 1449
20270716|0309|0454|1223|1616|1943|2120|12 Safer 1449
20270717|0310|0455|1223|1616|1942|2119|13 Safer 1449
20270718|0312|0456|1224|1616|1942|2118|14 Safer 1449
20270719|0313|0456|1224|1616|1941|2117|15 Safer 1449
20270720|0314|0457|1224|1616|1940|2116|16 Safer 1449
20270721|0315|0458|1224|1616|1940|2115|17 Safer 1449
20270722|0316|0459|1224|1616|1939|2114|18 Safer 1449
20270723|0318|0459|1224|1616|1938|2113|19 Safer 1449
20270724|0319|0500|1224|1616|1938|2112|20 Safer 1449
20270725|0320|0501|1224|1616|1937|2111|21 Safer 1449
20270726|0321|0502|1224|1615|1936|2109|22 Safer 1449
20270727|0323|0503|1224|1615|1935|2108|23 Safer 1449
20270728|0324|0504|1224|1615|1934|2107|24 Safer 1449
20270729|0325|0504|1224|1615|1933|2106|25 Safer 1449
20270730|0327|0505|1224|1615|1932|2104|26 Safer 1449
20270731|0328|0506|1224|1614|1932|2103|27 Safer 1449
20270801|0329|0507|1224|1614|1931|2102|28 Safer 1449
20270802|0330|0508|1224|1614|1930|2100|29 Safer 1449
20270803|0332|0509|1224|1614|1929|2059|1 Rebiulevvel 1449
20270804|0333|0510|1224|1613|1928|2057|2 Rebiulevvel 1449
20270805|0334|0510|1223|1613|1926|2056|3 Rebiulevvel 1449
20270806|0336|0511|1223|1612|1925|2054|4 Rebiulevvel 1449
20270807|0337|0512|1223|1612|1924|2053|5 Rebiulevvel 1449
20270808|0338|0513|1223|1612|1923|2051|6 Rebiulevvel 1449
20270809|0340|0514|1223|1611|1922|2050|7 Rebiulevvel 1449
20270810|0341|0515|1223|1611|1921|2048|8 Rebiulevvel 1449
20270811|0342|0516|1223|1610|1920|2047|9 Rebiulevvel 1449
20270812|0344|0517|1223|1610|1918|2045|10 Rebiulevvel 1449
20270813|0345|0518|1222|1609|1917|2043|11 Rebiulevvel 1449
20270814|0346|0518|1222|1609|1916|2042|12 Rebiulevvel 1449
20270815|0347|0519|1222|1608|1915|2040|13 Rebiulevvel 1449
20270816|0349|0520|1222|1608|1913|2039|14 Rebiulevvel 1449
20270817|0350|0521|1222|1607|1912|2037|15 Rebiulevvel 1449
20270818|0351|0522|1221|1607|1911|2035|16 Rebiulevvel 1449
20270819|0353|0523|1221|1606|1909|2034|17 Rebiulevvel 1449
20270820|0354|0524|1221|1605|1908|2032|18 Rebiulevvel 1449
20270821|0355|0525|1221|1605|1907|2030|19 Rebiulevvel 1449
20270822|0356|0525|1220|1604|1905|2029|20 Rebiulevvel 1449
20270823|0358|0526|1220|1603|1904|2027|21 Rebiulevvel 1449
20270824|0359|0527|1220|1603|1903|2025|22 Rebiulevvel 1449
20270825|0400|0528|1220|1602|1901|2023|23 Rebiulevvel 1449
20270826|0401|0529|1219|1601|1900|2022|24 Rebiulevvel 1449
20270827|0402|0530|1219|1601|1858|2020|25 Rebiulevvel 1449
20270828|0404|0531|1219|1600|1857|2018|26 Rebiulevvel 1449
20270829|0405|0532|1218|1559|1855|2016|27 Rebiulevvel 1449
20270830|0406|0533|1218|1558|1854|2015|28 Rebiulevvel 1449
20270831|0407|0533|1218|1557|1852|2013|29 Rebiulevvel 1449
20270901|0408|0534|1218|1557|1851|2011|30 Rebiulevvel 1449
20270902|0409|0535|1217|1556|1849|2009|1 Rebiulahir 1449
20270903|0411|0536|1217|1555|1848|2008|2 Rebiulahir 1449
20270904|0412|0537|1217|1554|1846|2006|3 Rebiulahir 1449
20270905|0413|0538|1216|1553|1845|2004|4 Rebiulahir 1449
20270906|0414|0539|1216|1552|1843|2002|5 Rebiulahir 1449
20270907|0415|0539|1216|1551|1842|2001|6 Rebiulahir 1449
20270908|0416|0540|1215|1551|1840|1959|7 Rebiulahir 1449
20270909|0417|0541|1215|1550|1839|1957|8 Rebiulahir 1449
20270910|0418|0542|1215|1549|1837|1955|9 Rebiulahir 1449
20270911|0419|0543|1214|1548|1836|1954|10 Rebiulahir 1449
20270912|0420|0544|1214|1547|1834|1952|11 Rebiulahir 1449
20270913|0422|0545|1214|1546|1832|1950|12 Rebiulahir 1449
20270914|0423|0546|1213|1545|1831|1948|13 Rebiulahir 1449
20270915|0424|0546|1213|1544|1829|1947|14 Rebiulahir 1449
20270916|0425|0547|1212|1543|1828|1945|15 Rebiulahir 1449
20270917|0426|0548|1212|1542|1826|1943|16 Rebiulahir 1449
20270918|0427|0549|1212|1541|1824|1941|17 Rebiulahir 1449
20270919|0428|0550|1211|1540|1823|1940|18 Rebiulahir 1449
20270920|0429|0551|1211|1539|1821|1938|19 Rebiulahir 1449
20270921|0430|0552|1211|1538|1820|1936|20 Rebiulahir 1449
20270922|0431|0553|1210|1536|1818|1935|21 Rebiulahir 1449
20270923|0432|0553|1210|1535|1817|1933|22 Rebiulahir 1449
20270924|0433|0554|1210|1534|1815|1931|23 Rebiulahir 1449
20270925|0434|0555|1209|1533|1813|1930|24 Rebiulahir 1449
20270926|0435|0556|1209|1532|1812|1928|25 Rebiulahir 1449
20270927|0436|0557|1209|1531|1810|1926|26 Rebiulahir 1449
20270928|0437|0558|1208|1530|1809|1925|27 Rebiulahir 1449
20270929|0438|0559|1208|1529|1807|1923|28 Rebiulahir 1449
20270930|0439|0600|1208|1528|1805|1921|29 Rebiulahir 1449
20271001|0440|0601|1207|1527|1804|1920|1 Cemaziyelevvel 1449
20271002|0440|0601|1207|1526|1802|1918|2 Cemaziyelevvel 1449
20271003|0441|0602|1207|1524|1801|1917|3 Cemaziyelevvel 1449
20271004|0442|0603|1206|1523|1759|1915|4 Cemaziyelevvel 1449
20271005|0443|0604|1206|1522|1758|1913|5 Cemaziyelevvel 1449
20271006|0444|0605|1206|1521|1756|1912|6 Cemaziyelevvel 1449
20271007|0445|0606|1205|1520|1755|1910|7 Cemaziyelevvel 1449
20271008|0446|0607|1205|1519|1753|1909|8 Cemaziyelevvel 1449
20271009|0447|0608|1205|1518|1752|1907|9 Cemaziyelevvel 1449
20271010|0448|0609|1205|1517|1750|1906|10 Cemaziyelevvel 1449
20271011|0449|0610|1204|1516|1749|1904|11 Cemaziyelevvel 1449
20271012|0450|0611|1204|1515|1747|1903|12 Cemaziyelevvel 1449
20271013|0451|0612|1204|1513|1746|1902|13 Cemaziyelevvel 1449
20271014|0452|0613|1203|1512|1744|1900|14 Cemaziyelevvel 1449
20271015|0453|0614|1203|1511|1743|1859|15 Cemaziyelevvel 1449
20271016|0454|0615|1203|1510|1741|1857|16 Cemaziyelevvel 1449
20271017|0455|0616|1203|1509|1740|1856|17 Cemaziyelevvel 1449
20271018|0456|0617|1203|1508|1739|1855|18 Cemaziyelevvel 1449
20271019|0456|0618|1202|1507|1737|1853|19 Cemaziyelevvel 1449
20271020|0457|0619|1202|1506|1736|1852|20 Cemaziyelevvel 1449
20271021|0458|0620|1202|1505|1735|1851|21 Cemaziyelevvel 1449
20271022|0459|0621|1202|1504|1733|1849|22 Cemaziyelevvel 1449
20271023|0500|0622|1202|1503|1732|1848|23 Cemaziyelevvel 1449
20271024|0501|0623|1202|1502|1731|1847|24 Cemaziyelevvel 1449
20271025|0502|0624|1201|1501|1729|1846|25 Cemaziyelevvel 1449
20271026|0503|0625|1201|1500|1728|1845|26 Cemaziyelevvel 1449
20271027|0504|0626|1201|1459|1727|1844|27 Cemaziyelevvel 1449
20271028|0505|0627|1201|1458|1726|1842|28 Cemaziyelevvel 1449
20271029|0506|0628|1201|1457|1724|1841|29 Cemaziyelevvel 1449
20271030|0507|0629|1201|1456|1723|1840|30 Cemaziyelevvel 1449
20271031|0508|0630|1201|1455|1722|1839|1 Cemaziyelahir 1449
20271101|0509|0631|1201|1454|1721|1838|2 Cemaziyelahir 1449
20271102|0510|0632|1201|1453|1720|1837|3 Cemaziyelahir 1449
20271103|0510|0633|1201|1452|1719|1836|4 Cemaziyelahir 1449
20271104|0511|0634|1201|1452|1718|1835|5 Cemaziyelahir 1449
20271105|0512|0635|1201|1451|1716|1834|6 Cemaziyelahir 1449
20271106|0513|0636|1201|1450|1715|1833|7 Cemaziyelahir 1449
20271107|0514|0637|1201|1449|1714|1833|8 Cemaziyelahir 1449
20271108|0515|0639|1201|1448|1713|1832|9 Cemaziyelahir 1449
20271109|0516|0640|1201|1448|1713|1831|10 Cemaziyelahir 1449
20271110|0517|0641|1201|1447|1712|1830|11 Cemaziyelahir 1449
20271111|0518|0642|1201|1446|1711|1829|12 Cemaziyelahir 1449
20271112|0519|0643|1201|1446|1710|1829|13 Cemaziyelahir 1449
20271113|0520|0644|1201|1445|1709|1828|14 Cemaziyelahir 1449
20271114|0521|0645|1202|1444|1708|1827|15 Cemaziyelahir 1449
20271115|0522|0646|1202|1444|1707|1827|16 Cemaziyelahir 1449
20271116|0523|0647|1202|1443|1707|1826|17 Cemaziyelahir 1449
20271117|0524|0648|1202|1443|1706|1825|18 Cemaziyelahir 1449
20271118|0525|0649|1202|1442|1705|1825|19 Cemaziyelahir 1449
20271119|0525|0651|1203|1441|1705|1824|20 Cemaziyelahir 1449
20271120|0526|0652|1203|1441|1704|1824|21 Cemaziyelahir 1449
20271121|0527|0653|1203|1441|1703|1824|22 Cemaziyelahir 1449
20271122|0528|0654|1203|1440|1703|1823|23 Cemaziyelahir 1449
20271123|0529|0655|1204|1440|1702|1823|24 Cemaziyelahir 1449
20271124|0530|0656|1204|1439|1702|1822|25 Cemaziyelahir 1449
20271125|0531|0657|1204|1439|1701|1822|26 Cemaziyelahir 1449
20271126|0532|0658|1204|1439|1701|1822|27 Cemaziyelahir 1449
20271127|0533|0659|1205|1438|1700|1821|28 Cemaziyelahir 1449
20271128|0534|0700|1205|1438|1700|1821|29 Cemaziyelahir 1449
20271129|0534|0701|1205|1438|1700|1821|1 Recep 1449
20271130|0535|0702|1206|1438|1659|1821|2 Recep 1449
20271201|0536|0703|1206|1438|1659|1821|3 Recep 1449
20271202|0537|0704|1206|1437|1659|1821|4 Recep 1449
20271203|0538|0705|1207|1437|1659|1821|5 Recep 1449
20271204|0539|0706|1207|1437|1659|1821|6 Recep 1449
20271205|0539|0707|1208|1437|1659|1821|7 Recep 1449
20271206|0540|0708|1208|1437|1658|1821|8 Recep 1449
20271207|0541|0708|1208|1437|1658|1821|9 Recep 1449
20271208|0542|0709|1209|1437|1658|1821|10 Recep 1449
20271209|0543|0710|1209|1437|1658|1821|11 Recep 1449
20271210|0543|0711|1210|1438|1659|1821|12 Recep 1449
20271211|0544|0712|1210|1438|1659|1821|13 Recep 1449
20271212|0545|0713|1211|1438|1659|1821|14 Recep 1449
20271213|0545|0713|1211|1438|1659|1822|15 Recep 1449
20271214|0546|0714|1212|1438|1659|1822|16 Recep 1449
20271215|0547|0715|1212|1439|1659|1822|17 Recep 1449
20271216|0547|0715|1213|1439|1700|1822|18 Recep 1449
20271217|0548|0716|1213|1439|1700|1823|19 Recep 1449
20271218|0549|0717|1214|1440|1700|1823|20 Recep 1449
20271219|0549|0717|1214|1440|1701|1824|21 Recep 1449
20271220|0550|0718|1215|1441|1701|1824|22 Recep 1449
20271221|0550|0719|1215|1441|1702|1824|23 Recep 1449
20271222|0551|0719|1216|1441|1702|1825|24 Recep 1449
20271223|0551|0720|1216|1442|1703|1825|25 Recep 1449
20271224|0552|0720|1217|1442|1703|1826|26 Recep 1449
20271225|0552|0720|1217|1443|1704|1827|27 Recep 1449
20271226|0553|0721|1218|1444|1704|1827|28 Recep 1449
20271227|0553|0721|1218|1444|1705|1828|29 Recep 1449
20271228|0553|0721|1218|1445|1706|1828|30 Recep 1449
20271229|0554|0722|1219|1446|1706|1829|1 Şaban 1449
20271230|0554|0722|1219|1446|1707|1830|2 Şaban 1449
20271231|0554|0722|1220|1447|1708|1830|3 Şaban 1449
#@9314|Tatvan|BITLIS|730
20260101|0553|0721|1219|1446|1707|1830|12 Recep 1447
20260102|0554|0721|1220|1447|1708|1831|13 Recep 1447
20260103|0554|0722|1220|1448|1709|1831|14 Recep 1447
20260104|0554|0722|1221|1449|1710|1832|15 Recep 1447
20260105|0554|0722|1221|1449|1710|1833|16 Recep 1447
20260106|0554|0722|1221|1450|1711|1834|17 Recep 1447
20260107|0554|0722|1222|1451|1712|1834|18 Recep 1447
20260108|0554|0722|1222|1452|1713|1835|19 Recep 1447
20260109|0554|0721|1223|1453|1714|1836|20 Recep 1447
20260110|0554|0721|1223|1454|1715|1837|21 Recep 1447
20260111|0554|0721|1224|1455|1716|1838|22 Recep 1447
20260112|0554|0721|1224|1455|1717|1839|23 Recep 1447
20260113|0554|0721|1224|1456|1718|1840|24 Recep 1447
20260114|0554|0720|1225|1457|1719|1841|25 Recep 1447
20260115|0554|0720|1225|1458|1720|1841|26 Recep 1447
20260116|0553|0720|1225|1459|1721|1842|27 Recep 1447
20260117|0553|0719|1226|1500|1722|1843|28 Recep 1447
20260118|0553|0719|1226|1501|1723|1844|29 Recep 1447
20260119|0553|0718|1226|1502|1724|1845|30 Recep 1447
20260120|0552|0718|1227|1503|1726|1846|1 Şaban 1447
20260121|0552|0717|1227|1504|1727|1847|2 Şaban 1447
20260122|0551|0717|1227|1505|1728|1848|3 Şaban 1447
20260123|0551|0716|1228|1506|1729|1849|4 Şaban 1447
20260124|0551|0716|1228|1507|1730|1850|5 Şaban 1447
20260125|0550|0715|1228|1508|1731|1851|6 Şaban 1447
20260126|0550|0714|1228|1509|1732|1852|7 Şaban 1447
20260127|0549|0714|1229|1510|1733|1853|8 Şaban 1447
20260128|0548|0713|1229|1511|1735|1854|9 Şaban 1447
20260129|0548|0712|1229|1512|1736|1855|10 Şaban 1447
20260130|0547|0711|1229|1513|1737|1856|11 Şaban 1447
20260131|0546|0710|1229|1514|1738|1857|12 Şaban 1447
20260201|0546|0710|1229|1515|1739|1858|13 Şaban 1447
20260202|0545|0709|1229|1516|1740|1859|14 Şaban 1447
20260203|0544|0708|1230|1516|1741|1900|15 Şaban 1447
20260204|0543|0707|1230|1517|1743|1901|16 Şaban 1447
20260205|0543|0706|1230|1518|1744|1902|17 Şaban 1447
20260206|0542|0705|1230|1519|1745|1903|18 Şaban 1447
20260207|0541|0704|1230|1520|1746|1904|19 Şaban 1447
20260208|0540|0703|1230|1521|1747|1905|20 Şaban 1447
20260209|0539|0702|1230|1522|1748|1906|21 Şaban 1447
20260210|0538|0701|1230|1523|1749|1907|22 Şaban 1447
20260211|0537|0700|1230|1524|1751|1908|23 Şaban 1447
20260212|0536|0659|1230|1525|1752|1909|24 Şaban 1447
20260213|0535|0657|1230|1525|1753|1910|25 Şaban 1447
20260214|0534|0656|1230|1526|1754|1911|26 Şaban 1447
20260215|0533|0655|1230|1527|1755|1912|27 Şaban 1447
20260216|0532|0654|1230|1528|1756|1913|28 Şaban 1447
20260217|0531|0653|1230|1529|1757|1914|29 Şaban 1447
20260218|0530|0651|1230|1530|1758|1915|30 Şaban 1447
20260219|0528|0650|1230|1530|1759|1916|1 Ramazan 1447
20260220|0527|0649|1230|1531|1800|1917|2 Ramazan 1447
20260221|0526|0647|1230|1532|1802|1918|3 Ramazan 1447
20260222|0525|0646|1229|1533|1803|1919|4 Ramazan 1447
20260223|0524|0645|1229|1534|1804|1920|5 Ramazan 1447
20260224|0522|0643|1229|1534|1805|1921|6 Ramazan 1447
20260225|0521|0642|1229|1535|1806|1922|7 Ramazan 1447
20260226|0520|0641|1229|1536|1807|1923|8 Ramazan 1447
20260227|0518|0639|1229|1536|1808|1924|9 Ramazan 1447
20260228|0517|0638|1228|1537|1809|1925|10 Ramazan 1447
20260301|0516|0637|1228|1538|1810|1926|11 Ramazan 1447
20260302|0514|0635|1228|1538|1811|1927|12 Ramazan 1447
20260303|0513|0634|1228|1539|1812|1928|13 Ramazan 1447
20260304|0511|0632|1228|1540|1813|1929|14 Ramazan 1447
20260305|0510|0631|1227|1540|1814|1930|15 Ramazan 1447
20260306|0508|0629|1227|1541|1815|1931|16 Ramazan 1447
20260307|0507|0628|1227|1542|1816|1932|17 Ramazan 1447
20260308|0505|0626|1227|1542|1817|1933|18 Ramazan 1447
20260309|0504|0625|1227|1543|1818|1934|19 Ramazan 1447
20260310|0502|0623|1226|1543|1819|1935|20 Ramazan 1447
20260311|0501|0622|1226|1544|1820|1936|21 Ramazan 1447
20260312|0459|0620|1226|1544|1821|1937|22 Ramazan 1447
20260313|0458|0619|1225|1545|1822|1938|23 Ramazan 1447
20260314|0456|0617|1225|1545|1823|1939|24 Ramazan 1447
20260315|0454|0616|1225|1546|1824|1940|25 Ramazan 1447
20260316|0453|0614|1225|1546|1825|1941|26 Ramazan 1447
20260317|0451|0613|1224|1547|1826|1942|27 Ramazan 1447
20260318|0450|0611|1224|1547|1827|1943|28 Ramazan 1447
20260319|0448|0610|1224|1548|1828|1944|29 Ramazan 1447
20260320|0446|0608|1223|1548|1829|1945|1 Şevval 1447
20260321|0445|0606|1223|1549|1830|1946|2 Şevval 1447
20260322|0443|0605|1223|1549|1831|1948|3 Şevval 1447
20260323|0441|0603|1223|1550|1832|1949|4 Şevval 1447
20260324|0440|0602|1222|1550|1833|1950|5 Şevval 1447
20260325|0438|0600|1222|1550|1834|1951|6 Şevval 1447
20260326|0436|0559|1222|1551|1835|1952|7 Şevval 1447
20260327|0434|0557|1221|1551|1836|1953|8 Şevval 1447
20260328|0433|0556|1221|1552|1837|1954|9 Şevval 1447
20260329|0431|0554|1221|1552|1838|1955|10 Şevval 1447
20260330|0429|0552|1220|1552|1839|1956|11 Şevval 1447
20260331|0428|0551|1220|1553|1839|1957|12 Şevval 1447
20260401|0426|0549|1220|1553|1840|1958|13 Şevval 1447
20260402|0424|0548|1220|1553|1841|2000|14 Şevval 1447
20260403|0422|0546|1219|1554|1842|2001|15 Şevval 1447
20260404|0421|0545|1219|1554|1843|2002|16 Şevval 1447
20260405|0419|0543|1219|1554|1844|2003|17 Şevval 1447
20260406|0417|0542|1218|1554|1845|2004|18 Şevval 1447
20260407|0415|0540|1218|1555|1846|2005|19 Şevval 1447
20260408|0414|0539|1218|1555|1847|2007|20 Şevval 1447
20260409|0412|0537|1218|1555|1848|2008|21 Şevval 1447
20260410|0410|0536|1217|1556|1849|2009|22 Şevval 1447
20260411|0408|0534|1217|1556|1850|2010|23 Şevval 1447
20260412|0407|0533|1217|1556|1851|2011|24 Şevval 1447
20260413|0405|0531|1217|1556|1852|2013|25 Şevval 1447
20260414|0403|0530|1216|1557|1853|2014|26 Şevval 1447
20260415|0401|0528|1216|1557|1854|2015|27 Şevval 1447
20260416|0400|0527|1216|1557|1855|2016|28 Şevval 1447
20260417|0358|0526|1216|1557|1856|2017|29 Şevval 1447
20260418|0356|0524|1215|1558|1856|2019|1 Zilkade 1447
20260419|0354|0523|1215|1558|1857|2020|2 Zilkade 1447
20260420|0353|0521|1215|1558|1858|2021|3 Zilkade 1447
20260421|0351|0520|1215|1558|1859|2023|4 Zilkade 1447
20260422|0349|0519|1214|1559|1900|2024|5 Zilkade 1447
20260423|0347|0517|1214|1559|1901|2025|6 Zilkade 1447
20260424|0346|0516|1214|1559|1902|2026|7 Zilkade 1447
20260425|0344|0515|1214|1559|1903|2028|8 Zilkade 1447
20260426|0342|0513|1214|1559|1904|2029|9 Zilkade 1447
20260427|0341|0512|1214|1600|1905|2030|10 Zilkade 1447
20260428|0339|0511|1213|1600|1906|2032|11 Zilkade 1447
20260429|0337|0510|1213|1600|1907|2033|12 Zilkade 1447
20260430|0336|0508|1213|1600|1908|2034|13 Zilkade 1447
20260501|0334|0507|1213|1600|1909|2036|14 Zilkade 1447
20260502|0333|0506|1213|1601|1910|2037|15 Zilkade 1447
20260503|0331|0505|1213|1601|1911|2038|16 Zilkade 1447
20260504|0329|0504|1213|1601|1912|2040|17 Zilkade 1447
20260505|0328|0503|1213|1601|1913|2041|18 Zilkade 1447
20260506|0326|0502|1213|1601|1914|2042|19 Zilkade 1447
20260507|0325|0500|1212|1602|1915|2044|20 Zilkade 1447
20260508|0323|0459|1212|1602|1915|2045|21 Zilkade 1447
20260509|0322|0458|1212|1602|1916|2046|22 Zilkade 1447
20260510|0320|0457|1212|1602|1917|2048|23 Zilkade 1447
20260511|0319|0456|1212|1603|1918|2049|24 Zilkade 1447
20260512|0317|0455|1212|1603|1919|2050|25 Zilkade 1447
20260513|0316|0454|1212|1603|1920|2052|26 Zilkade 1447
20260514|0315|0454|1212|1603|1921|2053|27 Zilkade 1447
20260515|0313|0453|1212|1603|1922|2054|28 Zilkade 1447
20260516|0312|0452|1212|1604|1923|2055|29 Zilkade 1447
20260517|0311|0451|1212|1604|1924|2057|30 Zilkade 1447
20260518|0309|0450|1212|1604|1924|2058|1 Zilhicce 1447
20260519|0308|0449|1212|1604|1925|2059|2 Zilhicce 1447
20260520|0307|0449|1212|1604|1926|2101|3 Zilhicce 1447
20260521|0306|0448|1212|1605|1927|2102|4 Zilhicce 1447
20260522|0305|0447|1213|1605|1928|2103|5 Zilhicce 1447
20260523|0304|0446|1213|1605|1929|2104|6 Zilhicce 1447
20260524|0302|0446|1213|1605|1930|2106|7 Zilhicce 1447
20260525|0301|0445|1213|1606|1930|2107|8 Zilhicce 1447
20260526|0300|0445|1213|1606|1931|2108|9 Zilhicce 1447
20260527|0259|0444|1213|1606|1932|2109|10 Zilhicce 1447
20260528|0258|0444|1213|1606|1933|2110|11 Zilhicce 1447
20260529|0258|0443|1213|1607|1933|2111|12 Zilhicce 1447
20260530|0257|0443|1213|1607|1934|2112|13 Zilhicce 1447
20260531|0256|0442|1214|1607|1935|2113|14 Zilhicce 1447
20260601|0255|0442|1214|1607|1936|2114|15 Zilhicce 1447
20260602|0254|0441|1214|1608|1936|2115|16 Zilhicce 1447
20260603|0254|0441|1214|1608|1937|2116|17 Zilhicce 1447
20260604|0253|0441|1214|1608|1938|2117|18 Zilhicce 1447
20260605|0252|0440|1214|1608|1938|2118|19 Zilhicce 1447
20260606|0252|0440|1214|1608|1939|2119|20 Zilhicce 1447
20260607|0251|0440|1215|1609|1939|2120|21 Zilhicce 1447
20260608|0251|0440|1215|1609|1940|2121|22 Zilhicce 1447
20260609|0251|0440|1215|1609|1941|2122|23 Zilhicce 1447
20260610|0250|0439|1215|1609|1941|2122|24 Zilhicce 1447
20260611|0250|0439|1215|1610|1942|2123|25 Zilhicce 1447
20260612|0250|0439|1216|1610|1942|2124|26 Zilhicce 1447
20260613|0249|0439|1216|1610|1943|2124|27 Zilhicce 1447
20260614|0249|0439|1216|1610|1943|2125|28 Zilhicce 1447
20260615|0249|0439|1216|1611|1943|2125|29 Zilhicce 1447
20260616|0249|0439|1217|1611|1944|2126|1 Muharrem 1448
20260617|0249|0439|1217|1611|1944|2126|2 Muharrem 1448
20260618|0249|0439|1217|1611|1944|2127|3 Muharrem 1448
20260619|0249|0440|1217|1612|1945|2127|4 Muharrem 1448
20260620|0249|0440|1217|1612|1945|2127|5 Muharrem 1448
20260621|0249|0440|1218|1612|1945|2128|6 Muharrem 1448
20260622|0250|0440|1218|1612|1945|2128|7 Muharrem 1448
20260623|0250|0440|1218|1612|1946|2128|8 Muharrem 1448
20260624|0250|0441|1218|1613|1946|2128|9 Muharrem 1448
20260625|0251|0441|1218|1613|1946|2128|10 Muharrem 1448
20260626|0251|0441|1219|1613|1946|2128|11 Muharrem 1448
20260627|0251|0442|1219|1613|1946|2128|12 Muharrem 1448
20260628|0252|0442|1219|1613|1946|2128|13 Muharrem 1448
20260629|0252|0443|1219|1614|1946|2128|14 Muharrem 1448
20260630|0253|0443|1219|1614|1946|2128|15 Muharrem 1448
20260701|0254|0443|1220|1614|1946|2128|16 Muharrem 1448
20260702|0254|0444|1220|1614|1946|2127|17 Muharrem 1448
20260703|0255|0444|1220|1614|1946|2127|18 Muharrem 1448
20260704|0256|0445|1220|1614|1946|2127|19 Muharrem 1448
20260705|0257|0445|1220|1615|1945|2126|20 Muharrem 1448
20260706|0258|0446|1221|1615|1945|2126|21 Muharrem 1448
20260707|0258|0447|1221|1615|1945|2125|22 Muharrem 1448
20260708|0259|0447|1221|1615|1945|2125|23 Muharrem 1448
20260709|0300|0448|1221|1615|1944|2124|24 Muharrem 1448
20260710|0301|0448|1221|1615|1944|2123|25 Muharrem 1448
20260711|0302|0449|1221|1615|1944|2123|26 Muharrem 1448
20260712|0303|0450|1221|1615|1943|2122|27 Muharrem 1448
20260713|0304|0450|1222|1615|1943|2121|28 Muharrem 1448
20260714|0305|0451|1222|1615|1942|2120|29 Muharrem 1448
20260715|0306|0452|1222|1615|1942|2120|1 Safer 1448
20260716|0308|0453|1222|1615|1941|2119|2 Safer 1448
20260717|0309|0453|1222|1615|1941|2118|3 Safer 1448
20260718|0310|0454|1222|1615|1940|2117|4 Safer 1448
20260719|0311|0455|1222|1615|1940|2116|5 Safer 1448
20260720|0312|0456|1222|1615|1939|2115|6 Safer 1448
20260721|0313|0456|1222|1615|1938|2114|7 Safer 1448
20260722|0315|0457|1222|1615|1938|2113|8 Safer 1448
20260723|0316|0458|1222|1615|1937|2112|9 Safer 1448
20260724|0317|0459|1222|1614|1936|2110|10 Safer 1448
20260725|0318|0500|1222|1614|1935|2109|11 Safer 1448
20260726|0320|0500|1222|1614|1934|2108|12 Safer 1448
20260727|0321|0501|1222|1614|1934|2107|13 Safer 1448
20260728|0322|0502|1222|1614|1933|2105|14 Safer 1448
20260729|0324|0503|1222|1614|1932|2104|15 Safer 1448
20260730|0325|0504|1222|1613|1931|2103|16 Safer 1448
20260731|0326|0505|1222|1613|1930|2101|17 Safer 1448
20260801|0328|0506|1222|1613|1929|2100|18 Safer 1448
20260802|0329|0506|1222|1612|1928|2059|19 Safer 1448
20260803|0330|0507|1222|1612|1927|2057|20 Safer 1448
20260804|0332|0508|1222|1612|1926|2056|21 Safer 1448
20260805|0333|0509|1222|1611|1925|2054|22 Safer 1448
20260806|0334|0510|1222|1611|1924|2053|23 Safer 1448
20260807|0336|0511|1222|1611|1923|2051|24 Safer 1448
20260808|0337|0512|1222|1610|1922|2050|25 Safer 1448
20260809|0338|0513|1221|1610|1920|2048|26 Safer 1448
20260810|0340|0513|1221|1609|1919|2047|27 Safer 1448
20260811|0341|0514|1221|1609|1918|2045|28 Safer 1448
20260812|0342|0515|1221|1608|1917|2044|29 Safer 1448
20260813|0343|0516|1221|1608|1916|2042|30 Safer 1448
20260814|0345|0517|1221|1607|1914|2040|1 Rebiulevvel 1448
20260815|0346|0518|1220|1607|1913|2039|2 Rebiulevvel 1448
20260816|0347|0519|1220|1606|1912|2037|3 Rebiulevvel 1448
20260817|0349|0520|1220|1606|1910|2035|4 Rebiulevvel 1448
20260818|0350|0521|1220|1605|1909|2034|5 Rebiulevvel 1448
20260819|0351|0521|1220|1605|1908|2032|6 Rebiulevvel 1448
20260820|0352|0522|1219|1604|1906|2030|7 Rebiulevvel 1448
20260821|0354|0523|1219|1603|1905|2029|8 Rebiulevvel 1448
20260822|0355|0524|1219|1603|1904|2027|9 Rebiulevvel 1448
20260823|0356|0525|1219|1602|1902|2025|10 Rebiulevvel 1448
20260824|0357|0526|1218|1601|1901|2024|11 Rebiulevvel 1448
20260825|0359|0527|1218|1601|1859|2022|12 Rebiulevvel 1448
20260826|0400|0528|1218|1600|1858|2020|13 Rebiulevvel 1448
20260827|0401|0529|1218|1559|1857|2018|14 Rebiulevvel 1448
20260828|0402|0529|1217|1558|1855|2017|15 Rebiulevvel 1448
20260829|0403|0530|1217|1557|1854|2015|16 Rebiulevvel 1448
20260830|0405|0531|1217|1557|1852|2013|17 Rebiulevvel 1448
20260831|0406|0532|1216|1556|1851|2011|18 Rebiulevvel 1448
20260901|0407|0533|1216|1555|1849|2010|19 Rebiulevvel 1448
20260902|0408|0534|1216|1554|1848|2008|20 Rebiulevvel 1448
20260903|0409|0535|1215|1553|1846|2006|21 Rebiulevvel 1448
20260904|0410|0536|1215|1552|1845|2004|22 Rebiulevvel 1448
20260905|0411|0536|1215|1552|1843|2002|23 Rebiulevvel 1448
20260906|0413|0537|1214|1551|1842|2001|24 Rebiulevvel 1448
20260907|0414|0538|1214|1550|1840|1959|25 Rebiulevvel 1448
20260908|0415|0539|1214|1549|1838|1957|26 Rebiulevvel 1448
20260909|0416|0540|1213|1548|1837|1955|27 Rebiulevvel 1448
20260910|0417|0541|1213|1547|1835|1954|28 Rebiulevvel 1448
20260911|0418|0542|1213|1546|1834|1952|29 Rebiulevvel 1448
20260912|0419|0543|1212|1545|1832|1950|1 Rebiulahir 1448
20260913|0420|0543|1212|1544|1831|1948|2 Rebiulahir 1448
20260914|0421|0544|1212|1543|1829|1947|3 Rebiulahir 1448
20260915|0422|0545|1211|1542|1827|1945|4 Rebiulahir 1448
20260916|0423|0546|1211|1541|1826|1943|5 Rebiulahir 1448
20260917|0424|0547|1211|1540|1824|1941|6 Rebiulahir 1448
20260918|0425|0548|1210|1539|1823|1940|7 Rebiulahir 1448
20260919|0426|0549|1210|1538|1821|1938|8 Rebiulahir 1448
20260920|0427|0550|1209|1537|1819|1936|9 Rebiulahir 1448
20260921|0428|0550|1209|1536|1818|1935|10 Rebiulahir 1448
20260922|0429|0551|1209|1535|1816|1933|11 Rebiulahir 1448
20260923|0430|0552|1208|1534|1815|1931|12 Rebiulahir 1448
20260924|0431|0553|1208|1533|1813|1929|13 Rebiulahir 1448
20260925|0432|0554|1208|1532|1812|1928|14 Rebiulahir 1448
20260926|0433|0555|1207|1530|1810|1926|15 Rebiulahir 1448
20260927|0434|0556|1207|1529|1808|1924|16 Rebiulahir 1448
20260928|0435|0557|1207|1528|1807|1923|17 Rebiulahir 1448
20260929|0436|0558|1206|1527|1805|1921|18 Rebiulahir 1448
20260930|0437|0558|1206|1526|1804|1920|19 Rebiulahir 1448
20261001|0438|0559|1206|1525|1802|1918|20 Rebiulahir 1448
20261002|0439|0600|1205|1524|1801|1916|21 Rebiulahir 1448
20261003|0440|0601|1205|1523|1759|1915|22 Rebiulahir 1448
20261004|0441|0602|1205|1522|1757|1913|23 Rebiulahir 1448
20261005|0442|0603|1204|1520|1756|1912|24 Rebiulahir 1448
20261006|0443|0604|1204|1519|1754|1910|25 Rebiulahir 1448
20261007|0444|0605|1204|1518|1753|1909|26 Rebiulahir 1448
20261008|0445|0606|1204|1517|1751|1907|27 Rebiulahir 1448
20261009|0446|0607|1203|1516|1750|1906|28 Rebiulahir 1448
20261010|0447|0608|1203|1515|1748|1904|29 Rebiulahir 1448
20261011|0448|0609|1203|1514|1747|1903|30 Rebiulahir 1448
20261012|0449|0610|1202|1513|1745|1901|1 Cemaziyelevvel 1448
20261013|0450|0611|1202|1512|1744|1900|2 Cemaziyelevvel 1448
20261014|0451|0612|1202|1511|1742|1858|3 Cemaziyelevvel 1448
20261015|0451|0613|1202|1509|1741|1857|4 Cemaziyelevvel 1448
20261016|0452|0614|1202|1508|1740|1856|5 Cemaziyelevvel 1448
20261017|0453|0615|1201|1507|1738|1854|6 Cemaziyelevvel 1448
20261018|0454|0616|1201|1506|1737|1853|7 Cemaziyelevvel 1448
20261019|0455|0617|1201|1505|1735|1852|8 Cemaziyelevvel 1448
20261020|0456|0618|1201|1504|1734|1850|9 Cemaziyelevvel 1448
20261021|0457|0619|1201|1503|1733|1849|10 Cemaziyelevvel 1448
20261022|0458|0620|1200|1502|1731|1848|11 Cemaziyelevvel 1448
20261023|0459|0621|1200|1501|1730|1847|12 Cemaziyelevvel 1448
20261024|0500|0622|1200|1500|1729|1845|13 Cemaziyelevvel 1448
20261025|0501|0623|1200|1459|1727|1844|14 Cemaziyelevvel 1448
20261026|0502|0624|1200|1458|1726|1843|15 Cemaziyelevvel 1448
20261027|0503|0625|1200|1457|1725|1842|16 Cemaziyelevvel 1448
20261028|0504|0626|1200|1456|1724|1841|17 Cemaziyelevvel 1448
20261029|0505|0627|1200|1455|1722|1840|18 Cemaziyelevvel 1448
20261030|0506|0628|1200|1454|1721|1838|19 Cemaziyelevvel 1448
20261031|0506|0629|1200|1453|1720|1837|20 Cemaziyelevvel 1448
20261101|0507|0630|1159|1452|1719|1836|21 Cemaziyelevvel 1448
20261102|0508|0631|1159|1452|1718|1835|22 Cemaziyelevvel 1448
20261103|0509|0632|1159|1451|1717|1834|23 Cemaziyelevvel 1448
20261104|0510|0633|1159|1450|1716|1834|24 Cemaziyelevvel 1448
20261105|0511|0634|1159|1449|1715|1833|25 Cemaziyelevvel 1448
20261106|0512|0635|1159|1448|1714|1832|26 Cemaziyelevvel 1448
20261107|0513|0636|1200|1447|1713|1831|27 Cemaziyelevvel 1448
20261108|0514|0638|1200|1447|1712|1830|28 Cemaziyelevvel 1448
20261109|0515|0639|1200|1446|1711|1829|29 Cemaziyelevvel 1448
20261110|0516|0640|1200|1445|1710|1828|1 Cemaziyelahir 1448
20261111|0517|0641|1200|1444|1709|1828|2 Cemaziyelahir 1448
20261112|0518|0642|1200|1444|1708|1827|3 Cemaziyelahir 1448
20261113|0519|0643|1200|1443|1707|1826|4 Cemaziyelahir 1448
20261114|0520|0644|1200|1442|1706|1826|5 Cemaziyelahir 1448
20261115|0521|0645|1200|1442|1706|1825|6 Cemaziyelahir 1448
20261116|0522|0646|1201|1441|1705|1824|7 Cemaziyelahir 1448
20261117|0522|0647|1201|1441|1704|1824|8 Cemaziyelahir 1448
20261118|0523|0648|1201|1440|1703|1823|9 Cemaziyelahir 1448
20261119|0524|0650|1201|1440|1703|1823|10 Cemaziyelahir 1448
20261120|0525|0651|1201|1439|1702|1822|11 Cemaziyelahir 1448
20261121|0526|0652|1202|1439|1702|1822|12 Cemaziyelahir 1448
20261122|0527|0653|1202|1438|1701|1821|13 Cemaziyelahir 1448
20261123|0528|0654|1202|1438|1700|1821|14 Cemaziyelahir 1448
20261124|0529|0655|1202|1438|1700|1821|15 Cemaziyelahir 1448
20261125|0530|0656|1203|1437|1700|1820|16 Cemaziyelahir 1448
20261126|0531|0657|1203|1437|1659|1820|17 Cemaziyelahir 1448
20261127|0532|0658|1203|1437|1659|1820|18 Cemaziyelahir 1448
20261128|0532|0659|1204|1436|1658|1820|19 Cemaziyelahir 1448
20261129|0533|0700|1204|1436|1658|1819|20 Cemaziyelahir 1448
20261130|0534|0701|1204|1436|1658|1819|21 Cemaziyelahir 1448
20261201|0535|0702|1205|1436|1657|1819|22 Cemaziyelahir 1448
20261202|0536|0703|1205|1436|1657|1819|23 Cemaziyelahir 1448
20261203|0537|0704|1205|1436|1657|1819|24 Cemaziyelahir 1448
20261204|0537|0705|1206|1436|1657|1819|25 Cemaziyelahir 1448
20261205|0538|0706|1206|1436|1657|1819|26 Cemaziyelahir 1448
20261206|0539|0707|1207|1436|1657|1819|27 Cemaziyelahir 1448
20261207|0540|0707|1207|1436|1657|1819|28 Cemaziyelahir 1448
20261208|0541|0708|1208|1436|1657|1819|29 Cemaziyelahir 1448
20261209|0541|0709|1208|1436|1657|1819|30 Cemaziyelahir 1448
20261210|0542|0710|1208|1436|1657|1819|1 Recep 1448
20261211|0543|0711|1209|1436|1657|1820|2 Recep 1448
20261212|0544|0712|1209|1436|1657|1820|3 Recep 1448
20261213|0544|0712|1210|1437|1657|1820|4 Recep 1448
20261214|0545|0713|1210|1437|1658|1820|5 Recep 1448
20261215|0546|0714|1211|1437|1658|1821|6 Recep 1448
20261216|0546|0714|1211|1437|1658|1821|7 Recep 1448
20261217|0547|0715|1212|1438|1658|1821|8 Recep 1448
20261218|0547|0716|1212|1438|1659|1822|9 Recep 1448
20261219|0548|0716|1213|1438|1659|1822|10 Recep 1448
20261220|0549|0717|1213|1439|1700|1823|11 Recep 1448
20261221|0549|0717|1214|1439|1700|1823|12 Recep 1448
20261222|0550|0718|1214|1440|1700|1824|13 Recep 1448
20261223|0550|0718|1215|1440|1701|1824|14 Recep 1448
20261224|0551|0719|1215|1441|1702|1825|15 Recep 1448
20261225|0551|0719|1216|1441|1702|1825|16 Recep 1448
20261226|0551|0720|1216|1442|1703|1826|17 Recep 1448
20261227|0552|0720|1217|1443|1703|1826|18 Recep 1448
20261228|0552|0720|1217|1443|1704|1827|19 Recep 1448
20261229|0552|0721|1218|1444|1705|1828|20 Recep 1448
20261230|0553|0721|1218|1445|1705|1828|21 Recep 1448
20261231|0553|0721|1219|1445|1706|1829|22 Recep 1448
20270101|0553|0721|1219|1446|1707|1830|23 Recep 1448
20270102|0553|0721|1220|1447|1708|1830|24 Recep 1448
20270103|0554|0722|1220|1448|1709|1831|25 Recep 1448
20270104|0554|0722|1220|1448|1709|1832|26 Recep 1448
20270105|0554|0722|1221|1449|1710|1833|27 Recep 1448
20270106|0554|0722|1221|1450|1711|1833|28 Recep 1448
20270107|0554|0722|1222|1451|1712|1834|29 Recep 1448
20270108|0554|0722|1222|1452|1713|1835|30 Recep 1448
20270109|0554|0721|1223|1453|1714|1836|1 Şaban 1448
20270110|0554|0721|1223|1453|1715|1837|2 Şaban 1448
20270111|0554|0721|1223|1454|1716|1838|3 Şaban 1448
20270112|0554|0721|1224|1455|1717|1839|4 Şaban 1448
20270113|0554|0721|1224|1456|1718|1839|5 Şaban 1448
20270114|0554|0720|1225|1457|1719|1840|6 Şaban 1448
20270115|0554|0720|1225|1458|1720|1841|7 Şaban 1448
20270116|0553|0720|1225|1459|1721|1842|8 Şaban 1448
20270117|0553|0719|1226|1500|1722|1843|9 Şaban 1448
20270118|0553|0719|1226|1501|1723|1844|10 Şaban 1448
20270119|0553|0719|1226|1502|1724|1845|11 Şaban 1448
20270120|0552|0718|1227|1503|1725|1846|12 Şaban 1448
20270121|0552|0718|1227|1504|1726|1847|13 Şaban 1448
20270122|0552|0717|1227|1505|1728|1848|14 Şaban 1448
20270123|0551|0716|1228|1506|1729|1849|15 Şaban 1448
20270124|0551|0716|1228|1507|1730|1850|16 Şaban 1448
20270125|0550|0715|1228|1508|1731|1851|17 Şaban 1448
20270126|0550|0715|1228|1509|1732|1852|18 Şaban 1448
20270127|0549|0714|1228|1510|1733|1853|19 Şaban 1448
20270128|0549|0713|1229|1510|1734|1854|20 Şaban 1448
20270129|0548|0712|1229|1511|1735|1855|21 Şaban 1448
20270130|0547|0712|1229|1512|1737|1856|22 Şaban 1448
20270131|0547|0711|1229|1513|1738|1857|23 Şaban 1448
20270201|0546|0710|1229|1514|1739|1858|24 Şaban 1448
20270202|0545|0709|1229|1515|1740|1859|25 Şaban 1448
20270203|0544|0708|1230|1516|1741|1900|26 Şaban 1448
20270204|0544|0707|1230|1517|1742|1901|27 Şaban 1448
20270205|0543|0706|1230|1518|1743|1902|28 Şaban 1448
20270206|0542|0705|1230|1519|1745|1903|29 Şaban 1448
20270207|0541|0704|1230|1520|1746|1904|30 Şaban 1448
20270208|0540|0703|1230|1521|1747|1905|1 Ramazan 1448
20270209|0539|0702|1230|1522|1748|1906|2 Ramazan 1448
20270210|0538|0701|1230|1523|1749|1907|3 Ramazan 1448
20270211|0537|0700|1230|1524|1750|1908|4 Ramazan 1448
20270212|0536|0659|1230|1524|1751|1909|5 Ramazan 1448
20270213|0535|0658|1230|1525|1752|1910|6 Ramazan 1448
20270214|0534|0657|1230|1526|1754|1911|7 Ramazan 1448
20270215|0533|0655|1230|1527|1755|1912|8 Ramazan 1448
20270216|0532|0654|1230|1528|1756|1913|9 Ramazan 1448
20270217|0531|0653|1230|1529|1757|1914|10 Ramazan 1448
20270218|0530|0652|1230|1529|1758|1915|11 Ramazan 1448
20270219|0529|0650|1230|1530|1759|1916|12 Ramazan 1448
20270220|0528|0649|1230|1531|1800|1917|13 Ramazan 1448
20270221|0526|0648|1230|1532|1801|1918|14 Ramazan 1448
20270222|0525|0646|1229|1533|1802|1919|15 Ramazan 1448
20270223|0524|0645|1229|1533|1803|1920|16 Ramazan 1448
20270224|0523|0644|1229|1534|1805|1921|17 Ramazan 1448
20270225|0521|0642|1229|1535|1806|1922|18 Ramazan 1448
20270226|0520|0641|1229|1536|1807|1923|19 Ramazan 1448
20270227|0519|0640|1229|1536|1808|1924|20 Ramazan 1448
20270228|0517|0638|1229|1537|1809|1925|21 Ramazan 1448
20270301|0516|0637|1228|1538|1810|1926|22 Ramazan 1448
20270302|0514|0635|1228|1538|1811|1927|23 Ramazan 1448
20270303|0513|0634|1228|1539|1812|1928|24 Ramazan 1448
20270304|0512|0633|1228|1540|1813|1929|25 Ramazan 1448
20270305|0510|0631|1227|1540|1814|1930|26 Ramazan 1448
20270306|0509|0630|1227|1541|1815|1931|27 Ramazan 1448
20270307|0507|0628|1227|1541|1816|1932|28 Ramazan 1448
20270308|0506|0627|1227|1542|1817|1933|29 Ramazan 1448
20270309|0504|0625|1227|1543|1818|1934|1 Şevval 1448
20270310|0503|0624|1226|1543|1819|1935|2 Şevval 1448
20270311|0501|0622|1226|1544|1820|1936|3 Şevval 1448
20270312|0500|0621|1226|1544|1821|1937|4 Şevval 1448
20270313|0458|0619|1226|1545|1822|1938|5 Şevval 1448
20270314|0456|0618|1225|1545|1823|1939|6 Şevval 1448
20270315|0455|0616|1225|1546|1824|1940|7 Şevval 1448
20270316|0453|0615|1225|1546|1825|1941|8 Şevval 1448
20270317|0452|0613|1224|1547|1826|1942|9 Şevval 1448
20270318|0450|0611|1224|1547|1827|1943|10 Şevval 1448
20270319|0448|0610|1224|1548|1828|1944|11 Şevval 1448
20270320|0447|0608|1224|1548|1829|1945|12 Şevval 1448
20270321|0445|0607|1223|1549|1830|1946|13 Şevval 1448
20270322|0443|0605|1223|1549|1831|1947|14 Şevval 1448
20270323|0442|0604|1223|1549|1832|1948|15 Şevval 1448
20270324|0440|0602|1222|1550|1833|1949|16 Şevval 1448
20270325|0438|0601|1222|1550|1834|1950|17 Şevval 1448
20270326|0437|0559|1222|1551|1834|1952|18 Şevval 1448
20270327|0435|0557|1221|1551|1835|1953|19 Şevval 1448
20270328|0433|0556|1221|1551|1836|1954|20 Şevval 1448
20270329|0431|0554|1221|1552|1837|1955|21 Şevval 1448
20270330|0430|0553|1221|1552|1838|1956|22 Şevval 1448
20270331|0428|0551|1220|1553|1839|1957|23 Şevval 1448
20270401|0426|0550|1220|1553|1840|1958|24 Şevval 1448
20270402|0425|0548|1220|1553|1841|1959|25 Şevval 1448
20270403|0423|0547|1219|1554|1842|2000|26 Şevval 1448
20270404|0421|0545|1219|1554|1843|2002|27 Şevval 1448
20270405|0419|0544|1219|1554|1844|2003|28 Şevval 1448
20270406|0418|0542|1218|1554|1845|2004|29 Şevval 1448
20270407|0416|0541|1218|1555|1846|2005|30 Şevval 1448
20270408|0414|0539|1218|1555|1847|2006|1 Zilkade 1448
20270409|0412|0538|1218|1555|1848|2007|2 Zilkade 1448
20270410|0410|0536|1217|1556|1849|2009|3 Zilkade 1448
20270411|0409|0535|1217|1556|1850|2010|4 Zilkade 1448
20270412|0407|0533|1217|1556|1851|2011|5 Zilkade 1448
20270413|0405|0532|1217|1556|1852|2012|6 Zilkade 1448
20270414|0403|0530|1216|1557|1852|2013|7 Zilkade 1448
20270415|0402|0529|1216|1557|1853|2015|8 Zilkade 1448
20270416|0400|0527|1216|1557|1854|2016|9 Zilkade 1448
20270417|0358|0526|1216|1557|1855|2017|10 Zilkade 1448
20270418|0356|0525|1215|1558|1856|2018|11 Zilkade 1448
20270419|0355|0523|1215|1558|1857|2020|12 Zilkade 1448
20270420|0353|0522|1215|1558|1858|2021|13 Zilkade 1448
20270421|0351|0520|1215|1558|1859|2022|14 Zilkade 1448
20270422|0350|0519|1215|1558|1900|2023|15 Zilkade 1448
20270423|0348|0518|1214|1559|1901|2025|16 Zilkade 1448
20270424|0346|0516|1214|1559|1902|2026|17 Zilkade 1448
20270425|0344|0515|1214|1559|1903|2027|18 Zilkade 1448
20270426|0343|0514|1214|1559|1904|2029|19 Zilkade 1448
20270427|0341|0512|1214|1600|1905|2030|20 Zilkade 1448
20270428|0339|0511|1213|1600|1906|2031|21 Zilkade 1448
20270429|0338|0510|1213|1600|1907|2033|22 Zilkade 1448
20270430|0336|0509|1213|1600|1908|2034|23 Zilkade 1448
20270501|0335|0508|1213|1600|1909|2035|24 Zilkade 1448
20270502|0333|0506|1213|1601|1910|2037|25 Zilkade 1448
20270503|0331|0505|1213|1601|1911|2038|26 Zilkade 1448
20270504|0330|0504|1213|1601|1911|2039|27 Zilkade 1448
20270505|0328|0503|1213|1601|1912|2041|28 Zilkade 1448
20270506|0327|0502|1213|1601|1913|2042|29 Zilkade 1448
20270507|0325|0501|1212|1602|1914|2043|1 Zilhicce 1448
20270508|0324|0500|1212|1602|1915|2045|2 Zilhicce 1448
20270509|0322|0459|1212|1602|1916|2046|3 Zilhicce 1448
20270510|0321|0458|1212|1602|1917|2047|4 Zilhicce 1448
20270511|0319|0457|1212|1602|1918|2049|5 Zilhicce 1448
20270512|0318|0456|1212|1603|1919|2050|6 Zilhicce 1448
20270513|0316|0455|1212|1603|1920|2051|7 Zilhicce 1448
20270514|0315|0454|1212|1603|1921|2053|8 Zilhicce 1448
20270515|0314|0453|1212|1603|1922|2054|9 Zilhicce 1448
20270516|0312|0452|1212|1604|1923|2055|10 Zilhicce 1448
20270517|0311|0451|1212|1604|1923|2056|11 Zilhicce 1448
20270518|0310|0450|1212|1604|1924|2058|12 Zilhicce 1448
20270519|0308|0450|1212|1604|1925|2059|13 Zilhicce 1448
20270520|0307|0449|1212|1604|1926|2100|14 Zilhicce 1448
20270521|0306|0448|1212|1605|1927|2102|15 Zilhicce 1448
20270522|0305|0447|1213|1605|1928|2103|16 Zilhicce 1448
20270523|0304|0447|1213|1605|1929|2104|17 Zilhicce 1448
20270524|0303|0446|1213|1605|1929|2105|18 Zilhicce 1448
20270525|0302|0445|1213|1606|1930|2106|19 Zilhicce 1448
20270526|0301|0445|1213|1606|1931|2108|20 Zilhicce 1448
20270527|0300|0444|1213|1606|1932|2109|21 Zilhicce 1448
20270528|0259|0444|1213|1606|1933|2110|22 Zilhicce 1448
20270529|0258|0443|1213|1606|1933|2111|23 Zilhicce 1448
20270530|0257|0443|1213|1607|1934|2112|24 Zilhicce 1448
20270531|0256|0442|1213|1607|1935|2113|25 Zilhicce 1448
20270601|0255|0442|1214|1607|1935|2114|26 Zilhicce 1448
20270602|0255|0441|1214|1607|1936|2115|27 Zilhicce 1448
20270603|0254|0441|1214|1608|1937|2116|28 Zilhicce 1448
20270604|0253|0441|1214|1608|1937|2117|29 Zilhicce 1448
20270605|0253|0440|1214|1608|1938|2118|30 Zilhicce 1448
20270606|0252|0440|1214|1608|1939|2119|1 Muharrem 1449
20270607|0252|0440|1215|1609|1939|2120|2 Muharrem 1449
20270608|0251|0440|1215|1609|1940|2121|3 Muharrem 1449
20270609|0251|0440|1215|1609|1940|2121|4 Muharrem 1449
20270610|0250|0439|1215|1609|1941|2122|5 Muharrem 1449
20270611|0250|0439|1215|1610|1941|2123|6 Muharrem 1449
20270612|0250|0439|1216|1610|1942|2124|7 Muharrem 1449
20270613|0249|0439|1216|1610|1942|2124|8 Muharrem 1449
20270614|0249|0439|1216|1610|1943|2125|9 Muharrem 1449
20270615|0249|0439|1216|1611|1943|2125|10 Muharrem 1449
20270616|0249|0439|1216|1611|1944|2126|11 Muharrem 1449
20270617|0249|0439|1217|1611|1944|2126|12 Muharrem 1449
20270618|0249|0439|1217|1611|1944|2127|13 Muharrem 1449
20270619|0249|0440|1217|1612|1945|2127|14 Muharrem 1449
20270620|0249|0440|1217|1612|1945|2127|15 Muharrem 1449
20270621|0249|0440|1218|1612|1945|2128|16 Muharrem 1449
20270622|0250|0440|1218|1612|1945|2128|17 Muharrem 1449
20270623|0250|0440|1218|1612|1946|2128|18 Muharrem 1449
20270624|0250|0441|1218|1613|1946|2128|19 Muharrem 1449
20270625|0250|0441|1218|1613|1946|2128|20 Muharrem 1449
20270626|0251|0441|1219|1613|1946|2128|21 Muharrem 1449
20270627|0251|0442|1219|1613|1946|2128|22 Muharrem 1449
20270628|0252|0442|1219|1613|1946|2128|23 Muharrem 1449
20270629|0252|0442|1219|1614|1946|2128|24 Muharrem 1449
20270630|0253|0443|1219|1614|1946|2128|25 Muharrem 1449
20270701|0254|0443|1220|1614|1946|2128|26 Muharrem 1449
20270702|0254|0444|1220|1614|1946|2127|27 Muharrem 1449
20270703|0255|0444|1220|1614|1946|2127|28 Muharrem 1449
20270704|0256|0445|1220|1614|1946|2127|29 Muharrem 1449
20270705|0256|0445|1220|1614|1946|2126|1 Safer 1449
20270706|0257|0446|1221|1615|1945|2126|2 Safer 1449
20270707|0258|0446|1221|1615|1945|2125|3 Safer 1449
20270708|0259|0447|1221|1615|1945|2125|4 Safer 1449
20270709|0300|0448|1221|1615|1945|2124|5 Safer 1449
20270710|0301|0448|1221|1615|1944|2124|6 Safer 1449
20270711|0302|0449|1221|1615|1944|2123|7 Safer 1449
20270712|0303|0450|1221|1615|1943|2122|8 Safer 1449
20270713|0304|0450|1222|1615|1943|2121|9 Safer 1449
20270714|0305|0451|1222|1615|1943|2121|10 Safer 1449
20270715|0306|0452|1222|1615|1942|2120|11 Safer 1449
20270716|0307|0452|1222|1615|1942|2119|12 Safer 1449
20270717|0308|0453|1222|1615|1941|2118|13 Safer 1449
20270718|0310|0454|1222|1615|1940|2117|14 Safer 1449
20270719|0311|0455|1222|1615|1940|2116|15 Safer 1449
20270720|0312|0455|1222|1615|1939|2115|16 Safer 1449
20270721|0313|0456|1222|1615|1938|2114|17 Safer 1449
20270722|0314|0457|1222|1615|1938|2113|18 Safer 1449
20270723|0316|0458|1222|1615|1937|2112|19 Safer 1449
20270724|0317|0459|1222|1614|1936|2111|20 Safer 1449
20270725|0318|0459|1222|1614|1936|2110|21 Safer 1449
20270726|0319|0500|1222|1614|1935|2108|22 Safer 1449
20270727|0321|0501|1222|1614|1934|2107|23 Safer 1449
20270728|0322|0502|1222|1614|1933|2106|24 Safer 1449
20270729|0323|0503|1222|1614|1932|2105|25 Safer 1449
20270730|0325|0504|1222|1613|1931|2103|26 Safer 1449
20270731|0326|0504|1222|1613|1930|2102|27 Safer 1449
20270801|0327|0505|1222|1613|1929|2100|28 Safer 1449
20270802|0329|0506|1222|1613|1928|2059|29 Safer 1449
20270803|0330|0507|1222|1612|1927|2058|1 Rebiulevvel 1449
20270804|0331|0508|1222|1612|1926|2056|2 Rebiulevvel 1449
20270805|0333|0509|1222|1612|1925|2055|3 Rebiulevvel 1449
20270806|0334|0510|1222|1611|1924|2053|4 Rebiulevvel 1449
20270807|0335|0511|1222|1611|1923|2052|5 Rebiulevvel 1449
20270808|0337|0511|1222|1610|1922|2050|6 Rebiulevvel 1449
20270809|0338|0512|1222|1610|1921|2049|7 Rebiulevvel 1449
20270810|0339|0513|1221|1610|1920|2047|8 Rebiulevvel 1449
20270811|0341|0514|1221|1609|1918|2046|9 Rebiulevvel 1449
20270812|0342|0515|1221|1609|1917|2044|10 Rebiulevvel 1449
20270813|0343|0516|1221|1608|1916|2042|11 Rebiulevvel 1449
20270814|0344|0517|1221|1608|1915|2041|12 Rebiulevvel 1449
20270815|0346|0518|1221|1607|1913|2039|13 Rebiulevvel 1449
20270816|0347|0519|1220|1606|1912|2037|14 Rebiulevvel 1449
20270817|0348|0519|1220|1606|1911|2036|15 Rebiulevvel 1449
20270818|0350|0520|1220|1605|1909|2034|16 Rebiulevvel 1449
20270819|0351|0521|1220|1605|1908|2032|17 Rebiulevvel 1449
20270820|0352|0522|1219|1604|1907|2031|18 Rebiulevvel 1449
20270821|0353|0523|1219|1603|1905|2029|19 Rebiulevvel 1449
20270822|0355|0524|1219|1603|1904|2027|20 Rebiulevvel 1449
20270823|0356|0525|1219|1602|1903|2026|21 Rebiulevvel 1449
20270824|0357|0526|1218|1601|1901|2024|22 Rebiulevvel 1449
20270825|0358|0527|1218|1601|1900|2022|23 Rebiulevvel 1449
20270826|0359|0527|1218|1600|1858|2020|24 Rebiulevvel 1449
20270827|0401|0528|1218|1559|1857|2019|25 Rebiulevvel 1449
20270828|0402|0529|1217|1558|1855|2017|26 Rebiulevvel 1449
20270829|0403|0530|1217|1558|1854|2015|27 Rebiulevvel 1449
20270830|0404|0531|1217|1557|1853|2013|28 Rebiulevvel 1449
20270831|0405|0532|1216|1556|1851|2012|29 Rebiulevvel 1449
20270901|0407|0533|1216|1555|1850|2010|30 Rebiulevvel 1449
20270902|0408|0534|1216|1554|1848|2008|1 Rebiulahir 1449
20270903|0409|0534|1215|1554|1847|2006|2 Rebiulahir 1449
20270904|0410|0535|1215|1553|1845|2005|3 Rebiulahir 1449
20270905|0411|0536|1215|1552|1843|2003|4 Rebiulahir 1449
20270906|0412|0537|1214|1551|1842|2001|5 Rebiulahir 1449
20270907|0413|0538|1214|1550|1840|1959|6 Rebiulahir 1449
20270908|0414|0539|1214|1549|1839|1958|7 Rebiulahir 1449
20270909|0416|0540|1213|1548|1837|1956|8 Rebiulahir 1449
20270910|0417|0541|1213|1547|1836|1954|9 Rebiulahir 1449
20270911|0418|0541|1213|1546|1834|1952|10 Rebiulahir 1449
20270912|0419|0542|1212|1545|1833|1951|11 Rebiulahir 1449
20270913|0420|0543|1212|1544|1831|1949|12 Rebiulahir 1449
20270914|0421|0544|1212|1543|1829|1947|13 Rebiulahir 1449
20270915|0422|0545|1211|1542|1828|1945|14 Rebiulahir 1449
20270916|0423|0546|1211|1541|1826|1944|15 Rebiulahir 1449
20270917|0424|0547|1211|1540|1825|1942|16 Rebiulahir 1449
20270918|0425|0548|1210|1539|1823|1940|17 Rebiulahir 1449
20270919|0426|0548|1210|1538|1821|1938|18 Rebiulahir 1449
20270920|0427|0549|1210|1537|1820|1937|19 Rebiulahir 1449
20270921|0428|0550|1209|1536|1818|1935|20 Rebiulahir 1449
20270922|0429|0551|1209|1535|1817|1933|21 Rebiulahir 1449
20270923|0430|0552|1208|1534|1815|1932|22 Rebiulahir 1449
20270924|0431|0553|1208|1533|1813|1930|23 Rebiulahir 1449
20270925|0432|0554|1208|1532|1812|1928|24 Rebiulahir 1449
20270926|0433|0555|1207|1531|1810|1927|25 Rebiulahir 1449
20270927|0434|0556|1207|1530|1809|1925|26 Rebiulahir 1449
20270928|0435|0556|1207|1529|1807|1923|27 Rebiulahir 1449
20270929|0436|0557|1206|1527|1806|1922|28 Rebiulahir 1449
20270930|0437|0558|1206|1526|1804|1920|29 Rebiulahir 1449
20271001|0438|0559|1206|1525|1802|1918|1 Cemaziyelevvel 1449
20271002|0439|0600|1205|1524|1801|1917|2 Cemaziyelevvel 1449
20271003|0440|0601|1205|1523|1759|1915|3 Cemaziyelevvel 1449
20271004|0441|0602|1205|1522|1758|1914|4 Cemaziyelevvel 1449
20271005|0442|0603|1205|1521|1756|1912|5 Cemaziyelevvel 1449
20271006|0443|0604|1204|1520|1755|1911|6 Cemaziyelevvel 1449
20271007|0444|0605|1204|1519|1753|1909|7 Cemaziyelevvel 1449
20271008|0445|0606|1204|1517|1752|1907|8 Cemaziyelevvel 1449
20271009|0446|0607|1203|1516|1750|1906|9 Cemaziyelevvel 1449
20271010|0447|0607|1203|1515|1749|1904|10 Cemaziyelevvel 1449
20271011|0447|0608|1203|1514|1747|1903|11 Cemaziyelevvel 1449
20271012|0448|0609|1203|1513|1746|1902|12 Cemaziyelevvel 1449
20271013|0449|0610|1202|1512|1744|1900|13 Cemaziyelevvel 1449
20271014|0450|0611|1202|1511|1743|1859|14 Cemaziyelevvel 1449
20271015|0451|0612|1202|1510|1741|1857|15 Cemaziyelevvel 1449
20271016|0452|0613|1202|1509|1740|1856|16 Cemaziyelevvel 1449
20271017|0453|0614|1201|1508|1738|1855|17 Cemaziyelevvel 1449
20271018|0454|0615|1201|1506|1737|1853|18 Cemaziyelevvel 1449
20271019|0455|0616|1201|1505|1736|1852|19 Cemaziyelevvel 1449
20271020|0456|0617|1201|1504|1734|1851|20 Cemaziyelevvel 1449
20271021|0457|0618|1201|1503|1733|1849|21 Cemaziyelevvel 1449
20271022|0458|0619|1200|1502|1732|1848|22 Cemaziyelevvel 1449
20271023|0459|0620|1200|1501|1730|1847|23 Cemaziyelevvel 1449
20271024|0500|0621|1200|1500|1729|1846|24 Cemaziyelevvel 1449
20271025|0501|0622|1200|1459|1728|1844|25 Cemaziyelevvel 1449
20271026|0502|0623|1200|1458|1726|1843|26 Cemaziyelevvel 1449
20271027|0502|0624|1200|1457|1725|1842|27 Cemaziyelevvel 1449
20271028|0503|0625|1200|1456|1724|1841|28 Cemaziyelevvel 1449
20271029|0504|0627|1200|1455|1723|1840|29 Cemaziyelevvel 1449
20271030|0505|0628|1200|1454|1722|1839|30 Cemaziyelevvel 1449
20271031|0506|0629|1200|1454|1720|1838|1 Cemaziyelahir 1449
20271101|0507|0630|1159|1453|1719|1837|2 Cemaziyelahir 1449
20271102|0508|0631|1159|1452|1718|1836|3 Cemaziyelahir 1449
20271103|0509|0632|1159|1451|1717|1835|4 Cemaziyelahir 1449
20271104|0510|0633|1159|1450|1716|1834|5 Cemaziyelahir 1449
20271105|0511|0634|1159|1449|1715|1833|6 Cemaziyelahir 1449
20271106|0512|0635|1159|1448|1714|1832|7 Cemaziyelahir 1449
20271107|0513|0636|1200|1448|1713|1831|8 Cemaziyelahir 1449
20271108|0514|0637|1200|1447|1712|1830|9 Cemaziyelahir 1449
20271109|0515|0638|1200|1446|1711|1829|10 Cemaziyelahir 1449
20271110|0516|0639|1200|1445|1710|1829|11 Cemaziyelahir 1449
20271111|0517|0641|1200|1445|1709|1828|12 Cemaziyelahir 1449
20271112|0518|0642|1200|1444|1708|1827|13 Cemaziyelahir 1449
20271113|0519|0643|1200|1443|1707|1826|14 Cemaziyelahir 1449
20271114|0519|0644|1200|1443|1707|1826|15 Cemaziyelahir 1449
20271115|0520|0645|1200|1442|1706|1825|16 Cemaziyelahir 1449
20271116|0521|0646|1200|1441|1705|1825|17 Cemaziyelahir 1449
20271117|0522|0647|1201|1441|1704|1824|18 Cemaziyelahir 1449
20271118|0523|0648|1201|1440|1704|1823|19 Cemaziyelahir 1449
20271119|0524|0649|1201|1440|1703|1823|20 Cemaziyelahir 1449
20271120|0525|0650|1201|1439|1702|1822|21 Cemaziyelahir 1449
20271121|0526|0651|1202|1439|1702|1822|22 Cemaziyelahir 1449
20271122|0527|0653|1202|1438|1701|1822|23 Cemaziyelahir 1449
20271123|0528|0654|1202|1438|1701|1821|24 Cemaziyelahir 1449
20271124|0529|0655|1202|1438|1700|1821|25 Cemaziyelahir 1449
20271125|0530|0656|1203|1437|1700|1820|26 Cemaziyelahir 1449
20271126|0530|0657|1203|1437|1659|1820|27 Cemaziyelahir 1449
20271127|0531|0658|1203|1437|1659|1820|28 Cemaziyelahir 1449
20271128|0532|0659|1204|1436|1658|1820|29 Cemaziyelahir 1449
20271129|0533|0700|1204|1436|1658|1819|1 Recep 1449
20271130|0534|0701|1204|1436|1658|1819|2 Recep 1449
20271201|0535|0702|1205|1436|1658|1819|3 Recep 1449
20271202|0536|0703|1205|1436|1657|1819|4 Recep 1449
20271203|0536|0704|1205|1436|1657|1819|5 Recep 1449
20271204|0537|0705|1206|1436|1657|1819|6 Recep 1449
20271205|0538|0705|1206|1436|1657|1819|7 Recep 1449
20271206|0539|0706|1207|1436|1657|1819|8 Recep 1449
20271207|0540|0707|1207|1436|1657|1819|9 Recep 1449
20271208|0540|0708|1207|1436|1657|1819|10 Recep 1449
20271209|0541|0709|1208|1436|1657|1819|11 Recep 1449
20271210|0542|0710|1208|1436|1657|1819|12 Recep 1449
20271211|0543|0711|1209|1436|1657|1820|13 Recep 1449
20271212|0543|0711|1209|1436|1657|1820|14 Recep 1449
20271213|0544|0712|1210|1436|1657|1820|15 Recep 1449
20271214|0545|0713|1210|1437|1657|1820|16 Recep 1449
20271215|0545|0714|1211|1437|1658|1821|17 Recep 1449
20271216|0546|0714|1211|1437|1658|1821|18 Recep 1449
20271217|0547|0715|1212|1438|1658|1821|19 Recep 1449
20271218|0547|0716|1212|1438|1659|1822|20 Recep 1449
20271219|0548|0716|1213|1438|1659|1822|21 Recep 1449
20271220|0548|0717|1213|1439|1659|1822|22 Recep 1449
20271221|0549|0717|1214|1439|1700|1823|23 Recep 1449
20271222|0549|0718|1214|1440|1700|1823|24 Recep 1449
20271223|0550|0718|1215|1440|1701|1824|25 Recep 1449
20271224|0550|0719|1215|1441|1701|1824|26 Recep 1449
20271225|0551|0719|1216|1441|1702|1825|27 Recep 1449
20271226|0551|0720|1216|1442|1703|1826|28 Recep 1449
20271227|0552|0720|1217|1443|1703|1826|29 Recep 1449
20271228|0552|0720|1217|1443|1704|1827|30 Recep 1449
20271229|0552|0721|1218|1444|1705|1827|1 Şaban 1449
20271230|0553|0721|1218|1445|1705|1828|2 Şaban 1449
20271231|0553|0721|1218|1445|1706|1829|3 Şaban 1449
#@17887|Güroymak|BITLIS|730
20260101|0554|0723|1220|1447|1708|1831|12 Recep 1447
20260102|0555|0723|1221|1448|1709|1832|13 Recep 1447
20260103|0555|0723|1221|1449|1710|1832|14 Recep 1447
20260104|0555|0723|1222|1449|1710|1833|15 Recep 1447
20260105|0555|0723|1222|1450|1711|1834|16 Recep 1447
20260106|0555|0723|1223|1451|1712|1835|17 Recep 1447
20260107|0555|0723|1223|1452|1713|1835|18 Recep 1447
20260108|0555|0723|1223|1453|1714|1836|19 Recep 1447
20260109|0555|0723|1224|1454|1715|1837|20 Recep 1447
20260110|0555|0723|1224|1455|1716|1838|21 Recep 1447
20260111|0555|0722|1225|1455|1717|1839|22 Recep 1447
20260112|0555|0722|1225|1456|1718|1840|23 Recep 1447
20260113|0555|0722|1225|1457|1719|1841|24 Recep 1447
20260114|0555|0722|1226|1458|1720|1841|25 Recep 1447
20260115|0555|0721|1226|1459|1721|1842|26 Recep 1447
20260116|0555|0721|1227|1500|1722|1843|27 Recep 1447
20260117|0554|0721|1227|1501|1723|1844|28 Recep 1447
20260118|0554|0720|1227|1502|1724|1845|29 Recep 1447
20260119|0554|0720|1228|1503|1725|1846|30 Recep 1447
20260120|0553|0719|1228|1504|1726|1847|1 Şaban 1447
20260121|0553|0719|1228|1505|1728|1848|2 Şaban 1447
20260122|0553|0718|1228|1506|1729|1849|3 Şaban 1447
20260123|0552|0718|1229|1507|1730|1850|4 Şaban 1447
20260124|0552|0717|1229|1508|1731|1851|5 Şaban 1447
20260125|0551|0716|1229|1509|1732|1852|6 Şaban 1447
20260126|0551|0716|1229|1510|1733|1853|7 Şaban 1447
20260127|0550|0715|1230|1511|1734|1854|8 Şaban 1447
20260128|0550|0714|1230|1512|1735|1855|9 Şaban 1447
20260129|0549|0713|1230|1513|1737|1856|10 Şaban 1447
20260130|0548|0713|1230|1514|1738|1857|11 Şaban 1447
20260131|0548|0712|1230|1514|1739|1858|12 Şaban 1447
20260201|0547|0711|1230|1515|1740|1859|13 Şaban 1447
20260202|0546|0710|1231|1516|1741|1900|14 Şaban 1447
20260203|0545|0709|1231|1517|1742|1901|15 Şaban 1447
20260204|0545|0708|1231|1518|1743|1902|16 Şaban 1447
20260205|0544|0707|1231|1519|1745|1903|17 Şaban 1447
20260206|0543|0706|1231|1520|1746|1904|18 Şaban 1447
20260207|0542|0705|1231|1521|1747|1905|19 Şaban 1447
20260208|0541|0704|1231|1522|1748|1906|20 Şaban 1447
20260209|0540|0703|1231|1523|1749|1907|21 Şaban 1447
20260210|0539|0702|1231|1524|1750|1908|22 Şaban 1447
20260211|0538|0701|1231|1525|1751|1909|23 Şaban 1447
20260212|0537|0700|1231|1526|1753|1910|24 Şaban 1447
20260213|0536|0659|1231|1526|1754|1911|25 Şaban 1447
20260214|0535|0657|1231|1527|1755|1912|26 Şaban 1447
20260215|0534|0656|1231|1528|1756|1913|27 Şaban 1447
20260216|0533|0655|1231|1529|1757|1914|28 Şaban 1447
20260217|0532|0654|1231|1530|1758|1915|29 Şaban 1447
20260218|0531|0653|1231|1531|1759|1916|30 Şaban 1447
20260219|0530|0651|1231|1531|1800|1917|1 Ramazan 1447
20260220|0528|0650|1231|1532|1801|1918|2 Ramazan 1447
20260221|0527|0649|1231|1533|1803|1919|3 Ramazan 1447
20260222|0526|0647|1230|1534|1804|1920|4 Ramazan 1447
20260223|0525|0646|1230|1534|1805|1921|5 Ramazan 1447
20260224|0523|0645|1230|1535|1806|1922|6 Ramazan 1447
20260225|0522|0643|1230|1536|1807|1923|7 Ramazan 1447
20260226|0521|0642|1230|1537|1808|1924|8 Ramazan 1447
20260227|0519|0641|1230|1537|1809|1925|9 Ramazan 1447
20260228|0518|0639|1230|1538|1810|1926|10 Ramazan 1447
20260301|0517|0638|1229|1539|1811|1927|11 Ramazan 1447
20260302|0515|0636|1229|1539|1812|1928|12 Ramazan 1447
20260303|0514|0635|1229|1540|1813|1929|13 Ramazan 1447
20260304|0512|0633|1229|1541|1814|1930|14 Ramazan 1447
20260305|0511|0632|1229|1541|1815|1931|15 Ramazan 1447
20260306|0509|0630|1228|1542|1816|1932|16 Ramazan 1447
20260307|0508|0629|1228|1543|1817|1933|17 Ramazan 1447
20260308|0506|0627|1228|1543|1818|1934|18 Ramazan 1447
20260309|0505|0626|1228|1544|1819|1935|19 Ramazan 1447
20260310|0503|0624|1227|1544|1820|1936|20 Ramazan 1447
20260311|0502|0623|1227|1545|1821|1937|21 Ramazan 1447
20260312|0500|0621|1227|1545|1822|1938|22 Ramazan 1447
20260313|0459|0620|1227|1546|1823|1939|23 Ramazan 1447
20260314|0457|0618|1226|1546|1824|1940|24 Ramazan 1447
20260315|0455|0617|1226|1547|1825|1941|25 Ramazan 1447
20260316|0454|0615|1226|1547|1826|1942|26 Ramazan 1447
20260317|0452|0614|1225|1548|1827|1943|27 Ramazan 1447
20260318|0451|0612|1225|1548|1828|1944|28 Ramazan 1447
20260319|0449|0611|1225|1549|1829|1946|29 Ramazan 1447
20260320|0447|0609|1225|1549|1830|1947|1 Şevval 1447
20260321|0446|0608|1224|1550|1831|1948|2 Şevval 1447
20260322|0444|0606|1224|1550|1832|1949|3 Şevval 1447
20260323|0442|0604|1224|1551|1833|1950|4 Şevval 1447
20260324|0441|0603|1223|1551|1834|1951|5 Şevval 1447
20260325|0439|0601|1223|1551|1835|1952|6 Şevval 1447
20260326|0437|0600|1223|1552|1836|1953|7 Şevval 1447
20260327|0435|0558|1222|1552|1837|1954|8 Şevval 1447
20260328|0434|0557|1222|1553|1838|1955|9 Şevval 1447
20260329|0432|0555|1222|1553|1839|1956|10 Şevval 1447
20260330|0430|0553|1222|1553|1840|1957|11 Şevval 1447
20260331|0428|0552|1221|1554|1841|1959|12 Şevval 1447
20260401|0427|0550|1221|1554|1842|2000|13 Şevval 1447
20260402|0425|0549|1221|1554|1842|2001|14 Şevval 1447
20260403|0423|0547|1220|1555|1843|2002|15 Şevval 1447
20260404|0421|0546|1220|1555|1844|2003|16 Şevval 1447
20260405|0420|0544|1220|1555|1845|2004|17 Şevval 1447
20260406|0418|0543|1219|1556|1846|2005|18 Şevval 1447
20260407|0416|0541|1219|1556|1847|2007|19 Şevval 1447
20260408|0414|0540|1219|1556|1848|2008|20 Şevval 1447
20260409|0413|0538|1219|1556|1849|2009|21 Şevval 1447
20260410|0411|0537|1218|1557|1850|2010|22 Şevval 1447
20260411|0409|0535|1218|1557|1851|2011|23 Şevval 1447
20260412|0407|0534|1218|1557|1852|2013|24 Şevval 1447
20260413|0406|0532|1218|1558|1853|2014|25 Şevval 1447
20260414|0404|0531|1217|1558|1854|2015|26 Şevval 1447
20260415|0402|0529|1217|1558|1855|2016|27 Şevval 1447
20260416|0400|0528|1217|1558|1856|2018|28 Şevval 1447
20260417|0359|0527|1217|1559|1857|2019|29 Şevval 1447
20260418|0357|0525|1216|1559|1858|2020|1 Zilkade 1447
20260419|0355|0524|1216|1559|1859|2021|2 Zilkade 1447
20260420|0353|0522|1216|1559|1900|2023|3 Zilkade 1447
20260421|0352|0521|1216|1559|1901|2024|4 Zilkade 1447
20260422|0350|0520|1216|1600|1901|2025|5 Zilkade 1447
20260423|0348|0518|1215|1600|1902|2026|6 Zilkade 1447
20260424|0347|0517|1215|1600|1903|2028|7 Zilkade 1447
20260425|0345|0516|1215|1600|1904|2029|8 Zilkade 1447
20260426|0343|0514|1215|1601|1905|2030|9 Zilkade 1447
20260427|0341|0513|1215|1601|1906|2032|10 Zilkade 1447
20260428|0340|0512|1215|1601|1907|2033|11 Zilkade 1447
20260429|0338|0511|1214|1601|1908|2034|12 Zilkade 1447
20260430|0337|0509|1214|1601|1909|2036|13 Zilkade 1447
20260501|0335|0508|1214|1602|1910|2037|14 Zilkade 1447
20260502|0333|0507|1214|1602|1911|2038|15 Zilkade 1447
20260503|0332|0506|1214|1602|1912|2040|16 Zilkade 1447
20260504|0330|0505|1214|1602|1913|2041|17 Zilkade 1447
20260505|0329|0504|1214|1602|1914|2042|18 Zilkade 1447
20260506|0327|0502|1214|1603|1915|2044|19 Zilkade 1447
20260507|0325|0501|1214|1603|1916|2045|20 Zilkade 1447
20260508|0324|0500|1213|1603|1917|2046|21 Zilkade 1447
20260509|0322|0459|1213|1603|1918|2048|22 Zilkade 1447
20260510|0321|0458|1213|1604|1919|2049|23 Zilkade 1447
20260511|0320|0457|1213|1604|1919|2050|24 Zilkade 1447
20260512|0318|0456|1213|1604|1920|2052|25 Zilkade 1447
20260513|0317|0455|1213|1604|1921|2053|26 Zilkade 1447
20260514|0315|0454|1213|1604|1922|2054|27 Zilkade 1447
20260515|0314|0454|1213|1605|1923|2056|28 Zilkade 1447
20260516|0313|0453|1213|1605|1924|2057|29 Zilkade 1447
20260517|0311|0452|1213|1605|1925|2058|30 Zilkade 1447
20260518|0310|0451|1213|1605|1926|2100|1 Zilhicce 1447
20260519|0309|0450|1213|1605|1927|2101|2 Zilhicce 1447
20260520|0308|0449|1213|1606|1928|2102|3 Zilhicce 1447
20260521|0306|0449|1214|1606|1928|2103|4 Zilhicce 1447
20260522|0305|0448|1214|1606|1929|2105|5 Zilhicce 1447
20260523|0304|0447|1214|1606|1930|2106|6 Zilhicce 1447
20260524|0303|0447|1214|1607|1931|2107|7 Zilhicce 1447
20260525|0302|0446|1214|1607|1932|2108|8 Zilhicce 1447
20260526|0301|0445|1214|1607|1932|2109|9 Zilhicce 1447
20260527|0300|0445|1214|1607|1933|2111|10 Zilhicce 1447
20260528|0259|0444|1214|1608|1934|2112|11 Zilhicce 1447
20260529|0258|0444|1214|1608|1935|2113|12 Zilhicce 1447
20260530|0257|0443|1214|1608|1935|2114|13 Zilhicce 1447
20260531|0256|0443|1215|1608|1936|2115|14 Zilhicce 1447
20260601|0256|0443|1215|1608|1937|2116|15 Zilhicce 1447
20260602|0255|0442|1215|1609|1938|2117|16 Zilhicce 1447
20260603|0254|0442|1215|1609|1938|2118|17 Zilhicce 1447
20260604|0254|0442|1215|1609|1939|2119|18 Zilhicce 1447
20260605|0253|0441|1215|1609|1940|2120|19 Zilhicce 1447
20260606|0252|0441|1216|1610|1940|2121|20 Zilhicce 1447
20260607|0252|0441|1216|1610|1941|2122|21 Zilhicce 1447
20260608|0251|0441|1216|1610|1941|2122|22 Zilhicce 1447
20260609|0251|0440|1216|1610|1942|2123|23 Zilhicce 1447
20260610|0251|0440|1216|1611|1942|2124|24 Zilhicce 1447
20260611|0250|0440|1217|1611|1943|2125|25 Zilhicce 1447
20260612|0250|0440|1217|1611|1943|2125|26 Zilhicce 1447
20260613|0250|0440|1217|1611|1944|2126|27 Zilhicce 1447
20260614|0250|0440|1217|1612|1944|2126|28 Zilhicce 1447
20260615|0250|0440|1217|1612|1945|2127|29 Zilhicce 1447
20260616|0249|0440|1218|1612|1945|2127|1 Muharrem 1448
20260617|0249|0440|1218|1612|1945|2128|2 Muharrem 1448
20260618|0250|0440|1218|1613|1946|2128|3 Muharrem 1448
20260619|0250|0440|1218|1613|1946|2129|4 Muharrem 1448
20260620|0250|0441|1218|1613|1946|2129|5 Muharrem 1448
20260621|0250|0441|1219|1613|1947|2129|6 Muharrem 1448
20260622|0250|0441|1219|1614|1947|2129|7 Muharrem 1448
20260623|0250|0441|1219|1614|1947|2130|8 Muharrem 1448
20260624|0251|0442|1219|1614|1947|2130|9 Muharrem 1448
20260625|0251|0442|1220|1614|1947|2130|10 Muharrem 1448
20260626|0251|0442|1220|1614|1947|2130|11 Muharrem 1448
20260627|0252|0443|1220|1615|1947|2130|12 Muharrem 1448
20260628|0252|0443|1220|1615|1947|2130|13 Muharrem 1448
20260629|0253|0443|1220|1615|1947|2130|14 Muharrem 1448
20260630|0254|0444|1221|1615|1947|2129|15 Muharrem 1448
20260701|0254|0444|1221|1615|1947|2129|16 Muharrem 1448
20260702|0255|0445|1221|1615|1947|2129|17 Muharrem 1448
20260703|0256|0445|1221|1616|1947|2129|18 Muharrem 1448
20260704|0256|0446|1221|1616|1947|2128|19 Muharrem 1448
20260705|0257|0446|1221|1616|1947|2128|20 Muharrem 1448
20260706|0258|0447|1222|1616|1947|2127|21 Muharrem 1448
20260707|0259|0447|1222|1616|1946|2127|22 Muharrem 1448
20260708|0300|0448|1222|1616|1946|2126|23 Muharrem 1448
20260709|0301|0449|1222|1616|1946|2126|24 Muharrem 1448
20260710|0302|0449|1222|1616|1945|2125|25 Muharrem 1448
20260711|0303|0450|1222|1616|1945|2124|26 Muharrem 1448
20260712|0304|0451|1223|1616|1945|2124|27 Muharrem 1448
20260713|0305|0451|1223|1616|1944|2123|28 Muharrem 1448
20260714|0306|0452|1223|1616|1944|2122|29 Muharrem 1448
20260715|0307|0453|1223|1616|1943|2121|1 Safer 1448
20260716|0308|0453|1223|1616|1943|2120|2 Safer 1448
20260717|0309|0454|1223|1616|1942|2119|3 Safer 1448
20260718|0310|0455|1223|1616|1942|2118|4 Safer 1448
20260719|0312|0456|1223|1616|1941|2117|5 Safer 1448
20260720|0313|0456|1223|1616|1940|2116|6 Safer 1448
20260721|0314|0457|1223|1616|1940|2115|7 Safer 1448
20260722|0315|0458|1223|1616|1939|2114|8 Safer 1448
20260723|0317|0459|1223|1616|1938|2113|9 Safer 1448
20260724|0318|0500|1223|1616|1937|2112|10 Safer 1448
20260725|0319|0500|1223|1616|1937|2111|11 Safer 1448
20260726|0320|0501|1224|1615|1936|2109|12 Safer 1448
20260727|0322|0502|1224|1615|1935|2108|13 Safer 1448
20260728|0323|0503|1223|1615|1934|2107|14 Safer 1448
20260729|0324|0504|1223|1615|1933|2106|15 Safer 1448
20260730|0326|0505|1223|1614|1932|2104|16 Safer 1448
20260731|0327|0506|1223|1614|1931|2103|17 Safer 1448
20260801|0328|0506|1223|1614|1930|2102|18 Safer 1448
20260802|0330|0507|1223|1614|1929|2100|19 Safer 1448
20260803|0331|0508|1223|1613|1928|2059|20 Safer 1448
20260804|0332|0509|1223|1613|1927|2057|21 Safer 1448
20260805|0334|0510|1223|1613|1926|2056|22 Safer 1448
20260806|0335|0511|1223|1612|1925|2054|23 Safer 1448
20260807|0336|0512|1223|1612|1924|2053|24 Safer 1448
20260808|0338|0513|1223|1611|1923|2051|25 Safer 1448
20260809|0339|0513|1223|1611|1922|2050|26 Safer 1448
20260810|0340|0514|1222|1611|1920|2048|27 Safer 1448
20260811|0342|0515|1222|1610|1919|2047|28 Safer 1448
20260812|0343|0516|1222|1610|1918|2045|29 Safer 1448
20260813|0344|0517|1222|1609|1917|2043|30 Safer 1448
20260814|0345|0518|1222|1609|1916|2042|1 Rebiulevvel 1448
20260815|0347|0519|1222|1608|1914|2040|2 Rebiulevvel 1448
20260816|0348|0520|1221|1607|1913|2038|3 Rebiulevvel 1448
20260817|0349|0521|1221|1607|1912|2037|4 Rebiulevvel 1448
20260818|0351|0521|1221|1606|1910|2035|5 Rebiulevvel 1448
20260819|0352|0522|1221|1606|1909|2033|6 Rebiulevvel 1448
20260820|0353|0523|1220|1605|1908|2032|7 Rebiulevvel 1448
20260821|0354|0524|1220|1604|1906|2030|8 Rebiulevvel 1448
20260822|0356|0525|1220|1604|1905|2028|9 Rebiulevvel 1448
20260823|0357|0526|1220|1603|1904|2027|10 Rebiulevvel 1448
20260824|0358|0527|1219|1602|1902|2025|11 Rebiulevvel 1448
20260825|0359|0528|1219|1602|1901|2023|12 Rebiulevvel 1448
20260826|0401|0529|1219|1601|1859|2021|13 Rebiulevvel 1448
20260827|0402|0529|1219|1600|1858|2020|14 Rebiulevvel 1448
20260828|0403|0530|1218|1559|1856|2018|15 Rebiulevvel 1448
20260829|0404|0531|1218|1559|1855|2016|16 Rebiulevvel 1448
20260830|0405|0532|1218|1558|1853|2014|17 Rebiulevvel 1448
20260831|0407|0533|1217|1557|1852|2013|18 Rebiulevvel 1448
20260901|0408|0534|1217|1556|1850|2011|19 Rebiulevvel 1448
20260902|0409|0535|1217|1555|1849|2009|20 Rebiulevvel 1448
20260903|0410|0536|1216|1554|1847|2007|21 Rebiulevvel 1448
20260904|0411|0537|1216|1554|1846|2005|22 Rebiulevvel 1448
20260905|0412|0537|1216|1553|1844|2004|23 Rebiulevvel 1448
20260906|0413|0538|1215|1552|1843|2002|24 Rebiulevvel 1448
20260907|0415|0539|1215|1551|1841|2000|25 Rebiulevvel 1448
20260908|0416|0540|1215|1550|1840|1958|26 Rebiulevvel 1448
20260909|0417|0541|1214|1549|1838|1957|27 Rebiulevvel 1448
20260910|0418|0542|1214|1548|1836|1955|28 Rebiulevvel 1448
20260911|0419|0543|1214|1547|1835|1953|29 Rebiulevvel 1448
20260912|0420|0544|1213|1546|1833|1951|1 Rebiulahir 1448
20260913|0421|0544|1213|1545|1832|1950|2 Rebiulahir 1448
20260914|0422|0545|1213|1544|1830|1948|3 Rebiulahir 1448
20260915|0423|0546|1212|1543|1829|1946|4 Rebiulahir 1448
20260916|0424|0547|1212|1542|1827|1944|5 Rebiulahir 1448
20260917|0425|0548|1212|1541|1825|1943|6 Rebiulahir 1448
20260918|0426|0549|1211|1540|1824|1941|7 Rebiulahir 1448
20260919|0427|0550|1211|1539|1822|1939|8 Rebiulahir 1448
20260920|0428|0551|1211|1538|1821|1937|9 Rebiulahir 1448
20260921|0429|0551|1210|1537|1819|1936|10 Rebiulahir 1448
20260922|0430|0552|1210|1536|1817|1934|11 Rebiulahir 1448
20260923|0431|0553|1209|1535|1816|1932|12 Rebiulahir 1448
20260924|0432|0554|1209|1534|1814|1931|13 Rebiulahir 1448
20260925|0433|0555|1209|1533|1813|1929|14 Rebiulahir 1448
20260926|0434|0556|1208|1531|1811|1927|15 Rebiulahir 1448
20260927|0435|0557|1208|1530|1809|1926|16 Rebiulahir 1448
20260928|0436|0558|1208|1529|1808|1924|17 Rebiulahir 1448
20260929|0437|0559|1207|1528|1806|1922|18 Rebiulahir 1448
20260930|0438|0600|1207|1527|1805|1921|19 Rebiulahir 1448
20261001|0439|0600|1207|1526|1803|1919|20 Rebiulahir 1448
20261002|0440|0601|1206|1525|1802|1918|21 Rebiulahir 1448
20261003|0441|0602|1206|1524|1800|1916|22 Rebiulahir 1448
20261004|0442|0603|1206|1523|1758|1914|23 Rebiulahir 1448
20261005|0443|0604|1205|1521|1757|1913|24 Rebiulahir 1448
20261006|0444|0605|1205|1520|1755|1911|25 Rebiulahir 1448
20261007|0445|0606|1205|1519|1754|1910|26 Rebiulahir 1448
20261008|0446|0607|1205|1518|1752|1908|27 Rebiulahir 1448
20261009|0447|0608|1204|1517|1751|1907|28 Rebiulahir 1448
20261010|0448|0609|1204|1516|1749|1905|29 Rebiulahir 1448
20261011|0449|0610|1204|1515|1748|1904|30 Rebiulahir 1448
20261012|0450|0611|1204|1514|1746|1902|1 Cemaziyelevvel 1448
20261013|0451|0612|1203|1513|1745|1901|2 Cemaziyelevvel 1448
20261014|0452|0613|1203|1512|1743|1859|3 Cemaziyelevvel 1448
20261015|0453|0614|1203|1510|1742|1858|4 Cemaziyelevvel 1448
20261016|0453|0615|1203|1509|1741|1857|5 Cemaziyelevvel 1448
20261017|0454|0616|1202|1508|1739|1855|6 Cemaziyelevvel 1448
20261018|0455|0617|1202|1507|1738|1854|7 Cemaziyelevvel 1448
20261019|0456|0618|1202|1506|1736|1853|8 Cemaziyelevvel 1448
20261020|0457|0619|1202|1505|1735|1851|9 Cemaziyelevvel 1448
20261021|0458|0620|1202|1504|1734|1850|10 Cemaziyelevvel 1448
20261022|0459|0621|1201|1503|1732|1849|11 Cemaziyelevvel 1448
20261023|0500|0622|1201|1502|1731|1848|12 Cemaziyelevvel 1448
20261024|0501|0623|1201|1501|1730|1846|13 Cemaziyelevvel 1448
20261025|0502|0624|1201|1500|1728|1845|14 Cemaziyelevvel 1448
20261026|0503|0625|1201|1459|1727|1844|15 Cemaziyelevvel 1448
20261027|0504|0626|1201|1458|1726|1843|16 Cemaziyelevvel 1448
20261028|0505|0627|1201|1457|1725|1842|17 Cemaziyelevvel 1448
20261029|0506|0628|1201|1456|1723|1841|18 Cemaziyelevvel 1448
20261030|0507|0629|1201|1455|1722|1840|19 Cemaziyelevvel 1448
20261031|0508|0630|1201|1454|1721|1838|20 Cemaziyelevvel 1448
20261101|0509|0631|1201|1453|1720|1837|21 Cemaziyelevvel 1448
20261102|0509|0632|1201|1452|1719|1836|22 Cemaziyelevvel 1448
20261103|0510|0633|1200|1452|1718|1835|23 Cemaziyelevvel 1448
20261104|0511|0634|1200|1451|1717|1835|24 Cemaziyelevvel 1448
20261105|0512|0636|1201|1450|1716|1834|25 Cemaziyelevvel 1448
20261106|0513|0637|1201|1449|1715|1833|26 Cemaziyelevvel 1448
20261107|0514|0638|1201|1448|1714|1832|27 Cemaziyelevvel 1448
20261108|0515|0639|1201|1448|1713|1831|28 Cemaziyelevvel 1448
20261109|0516|0640|1201|1447|1712|1830|29 Cemaziyelevvel 1448
20261110|0517|0641|1201|1446|1711|1829|1 Cemaziyelahir 1448
20261111|0518|0642|1201|1445|1710|1829|2 Cemaziyelahir 1448
20261112|0519|0643|1201|1445|1709|1828|3 Cemaziyelahir 1448
20261113|0520|0644|1201|1444|1708|1827|4 Cemaziyelahir 1448
20261114|0521|0645|1201|1443|1707|1827|5 Cemaziyelahir 1448
20261115|0522|0646|1201|1443|1706|1826|6 Cemaziyelahir 1448
20261116|0523|0648|1202|1442|1706|1825|7 Cemaziyelahir 1448
20261117|0524|0649|1202|1442|1705|1825|8 Cemaziyelahir 1448
20261118|0525|0650|1202|1441|1704|1824|9 Cemaziyelahir 1448
20261119|0525|0651|1202|1441|1704|1824|10 Cemaziyelahir 1448
20261120|0526|0652|1202|1440|1703|1823|11 Cemaziyelahir 1448
20261121|0527|0653|1203|1440|1702|1823|12 Cemaziyelahir 1448
20261122|0528|0654|1203|1439|1702|1822|13 Cemaziyelahir 1448
20261123|0529|0655|1203|1439|1701|1822|14 Cemaziyelahir 1448
20261124|0530|0656|1203|1438|1701|1822|15 Cemaziyelahir 1448
20261125|0531|0657|1204|1438|1700|1821|16 Cemaziyelahir 1448
20261126|0532|0658|1204|1438|1700|1821|17 Cemaziyelahir 1448
20261127|0533|0659|1204|1438|1700|1821|18 Cemaziyelahir 1448
20261128|0534|0700|1205|1437|1659|1821|19 Cemaziyelahir 1448
20261129|0534|0701|1205|1437|1659|1820|20 Cemaziyelahir 1448
20261130|0535|0702|1205|1437|1659|1820|21 Cemaziyelahir 1448
20261201|0536|0703|1206|1437|1658|1820|22 Cemaziyelahir 1448
20261202|0537|0704|1206|1437|1658|1820|23 Cemaziyelahir 1448
20261203|0538|0705|1207|1437|1658|1820|24 Cemaziyelahir 1448
20261204|0539|0706|1207|1436|1658|1820|25 Cemaziyelahir 1448
20261205|0539|0707|1207|1436|1658|1820|26 Cemaziyelahir 1448
20261206|0540|0708|1208|1436|1658|1820|27 Cemaziyelahir 1448
20261207|0541|0709|1208|1436|1658|1820|28 Cemaziyelahir 1448
20261208|0542|0710|1209|1437|1658|1820|29 Cemaziyelahir 1448
20261209|0543|0711|1209|1437|1658|1820|30 Cemaziyelahir 1448
20261210|0543|0711|1209|1437|1658|1820|1 Recep 1448
20261211|0544|0712|1210|1437|1658|1821|2 Recep 1448
20261212|0545|0713|1210|1437|1658|1821|3 Recep 1448
20261213|0545|0714|1211|1437|1658|1821|4 Recep 1448
20261214|0546|0714|1211|1438|1658|1821|5 Recep 1448
20261215|0547|0715|1212|1438|1659|1822|6 Recep 1448
20261216|0547|0716|1212|1438|1659|1822|7 Recep 1448
20261217|0548|0716|1213|1439|1659|1822|8 Recep 1448
20261218|0549|0717|1213|1439|1700|1823|9 Recep 1448
20261219|0549|0718|1214|1439|1700|1823|10 Recep 1448
20261220|0550|0718|1214|1440|1700|1824|11 Recep 1448
20261221|0550|0719|1215|1440|1701|1824|12 Recep 1448
20261222|0551|0719|1215|1441|1701|1824|13 Recep 1448
20261223|0551|0720|1216|1441|1702|1825|14 Recep 1448
20261224|0552|0720|1216|1442|1702|1826|15 Recep 1448
20261225|0552|0721|1217|1442|1703|1826|16 Recep 1448
20261226|0553|0721|1217|1443|1704|1827|17 Recep 1448
20261227|0553|0721|1218|1444|1704|1827|18 Recep 1448
20261228|0553|0722|1218|1444|1705|1828|19 Recep 1448
20261229|0554|0722|1219|1445|1706|1829|20 Recep 1448
20261230|0554|0722|1219|1446|1706|1829|21 Recep 1448
20261231|0554|0722|1220|1446|1707|1830|22 Recep 1448
20270101|0554|0723|1220|1447|1708|1831|23 Recep 1448
20270102|0555|0723|1221|1448|1709|1831|24 Recep 1448
20270103|0555|0723|1221|1448|1709|1832|25 Recep 1448
20270104|0555|0723|1222|1449|1710|1833|26 Recep 1448
20270105|0555|0723|1222|1450|1711|1834|27 Recep 1448
20270106|0555|0723|1222|1451|1712|1834|28 Recep 1448
20270107|0555|0723|1223|1452|1713|1835|29 Recep 1448
20270108|0555|0723|1223|1453|1714|1836|30 Recep 1448
20270109|0555|0723|1224|1453|1715|1837|1 Şaban 1448
20270110|0555|0723|1224|1454|1716|1838|2 Şaban 1448
20270111|0555|0722|1225|1455|1717|1839|3 Şaban 1448
20270112|0555|0722|1225|1456|1718|1839|4 Şaban 1448
20270113|0555|0722|1225|1457|1719|1840|5 Şaban 1448
20270114|0555|0722|1226|1458|1720|1841|6 Şaban 1448
20270115|0555|0721|1226|1459|1721|1842|7 Şaban 1448
20270116|0555|0721|1226|1500|1722|1843|8 Şaban 1448
20270117|0554|0721|1227|1501|1723|1844|9 Şaban 1448
20270118|0554|0720|1227|1502|1724|1845|10 Şaban 1448
20270119|0554|0720|1227|1503|1725|1846|11 Şaban 1448
20270120|0553|0719|1228|1504|1726|1847|12 Şaban 1448
20270121|0553|0719|1228|1505|1727|1848|13 Şaban 1448
20270122|0553|0718|1228|1506|1728|1849|14 Şaban 1448
20270123|0552|0718|1229|1507|1729|1850|15 Şaban 1448
20270124|0552|0717|1229|1507|1731|1851|16 Şaban 1448
20270125|0551|0716|1229|1508|1732|1852|17 Şaban 1448
20270126|0551|0716|1229|1509|1733|1853|18 Şaban 1448
20270127|0550|0715|1230|1510|1734|1854|19 Şaban 1448
20270128|0550|0714|1230|1511|1735|1855|20 Şaban 1448
20270129|0549|0714|1230|1512|1736|1856|21 Şaban 1448
20270130|0548|0713|1230|1513|1737|1857|22 Şaban 1448
20270131|0548|0712|1230|1514|1739|1858|23 Şaban 1448
20270201|0547|0711|1230|1515|1740|1859|24 Şaban 1448
20270202|0546|0710|1231|1516|1741|1900|25 Şaban 1448
20270203|0546|0709|1231|1517|1742|1901|26 Şaban 1448
20270204|0545|0708|1231|1518|1743|1902|27 Şaban 1448
20270205|0544|0707|1231|1519|1744|1903|28 Şaban 1448
20270206|0543|0706|1231|1520|1745|1904|29 Şaban 1448
20270207|0542|0705|1231|1521|1747|1905|30 Şaban 1448
20270208|0541|0704|1231|1522|1748|1906|1 Ramazan 1448
20270209|0540|0703|1231|1523|1749|1907|2 Ramazan 1448
20270210|0539|0702|1231|1524|1750|1908|3 Ramazan 1448
20270211|0539|0701|1231|1524|1751|1909|4 Ramazan 1448
20270212|0538|0700|1231|1525|1752|1910|5 Ramazan 1448
20270213|0536|0659|1231|1526|1753|1911|6 Ramazan 1448
20270214|0535|0658|1231|1527|1755|1912|7 Ramazan 1448
20270215|0534|0657|1231|1528|1756|1913|8 Ramazan 1448
20270216|0533|0655|1231|1529|1757|1914|9 Ramazan 1448
20270217|0532|0654|1231|1530|1758|1915|10 Ramazan 1448
20270218|0531|0653|1231|1530|1759|1916|11 Ramazan 1448
20270219|0530|0652|1231|1531|1800|1917|12 Ramazan 1448
20270220|0529|0650|1231|1532|1801|1918|13 Ramazan 1448
20270221|0527|0649|1231|1533|1802|1919|14 Ramazan 1448
20270222|0526|0648|1230|1534|1803|1920|15 Ramazan 1448
20270223|0525|0646|1230|1534|1804|1921|16 Ramazan 1448
20270224|0524|0645|1230|1535|1806|1922|17 Ramazan 1448
20270225|0522|0644|1230|1536|1807|1923|18 Ramazan 1448
20270226|0521|0642|1230|1536|1808|1924|19 Ramazan 1448
20270227|0520|0641|1230|1537|1809|1925|20 Ramazan 1448
20270228|0518|0639|1230|1538|1810|1926|21 Ramazan 1448
20270301|0517|0638|1229|1539|1811|1927|22 Ramazan 1448
20270302|0516|0637|1229|1539|1812|1928|23 Ramazan 1448
20270303|0514|0635|1229|1540|1813|1929|24 Ramazan 1448
20270304|0513|0634|1229|1541|1814|1930|25 Ramazan 1448
20270305|0511|0632|1229|1541|1815|1931|26 Ramazan 1448
20270306|0510|0631|1228|1542|1816|1932|27 Ramazan 1448
20270307|0508|0629|1228|1542|1817|1933|28 Ramazan 1448
20270308|0507|0628|1228|1543|1818|1934|29 Ramazan 1448
20270309|0505|0626|1228|1544|1819|1935|1 Şevval 1448
20270310|0504|0625|1227|1544|1820|1936|2 Şevval 1448
20270311|0502|0623|1227|1545|1821|1937|3 Şevval 1448
20270312|0501|0622|1227|1545|1822|1938|4 Şevval 1448
20270313|0459|0620|1227|1546|1823|1939|5 Şevval 1448
20270314|0457|0619|1226|1546|1824|1940|6 Şevval 1448
20270315|0456|0617|1226|1547|1825|1941|7 Şevval 1448
20270316|0454|0616|1226|1547|1826|1942|8 Şevval 1448
20270317|0453|0614|1225|1548|1827|1943|9 Şevval 1448
20270318|0451|0613|1225|1548|1828|1944|10 Şevval 1448
20270319|0449|0611|1225|1549|1829|1945|11 Şevval 1448
20270320|0448|0609|1225|1549|1830|1946|12 Şevval 1448
20270321|0446|0608|1224|1550|1831|1947|13 Şevval 1448
20270322|0444|0606|1224|1550|1832|1948|14 Şevval 1448
20270323|0443|0605|1224|1551|1833|1950|15 Şevval 1448
20270324|0441|0603|1223|1551|1834|1951|16 Şevval 1448
20270325|0439|0602|1223|1551|1835|1952|17 Şevval 1448
20270326|0438|0600|1223|1552|1836|1953|18 Şevval 1448
20270327|0436|0559|1223|1552|1837|1954|19 Şevval 1448
20270328|0434|0557|1222|1553|1837|1955|20 Şevval 1448
20270329|0432|0555|1222|1553|1838|1956|21 Şevval 1448
20270330|0431|0554|1222|1553|1839|1957|22 Şevval 1448
20270331|0429|0552|1221|1554|1840|1958|23 Şevval 1448
20270401|0427|0551|1221|1554|1841|1959|24 Şevval 1448
20270402|0425|0549|1221|1554|1842|2001|25 Şevval 1448
20270403|0424|0548|1220|1555|1843|2002|26 Şevval 1448
20270404|0422|0546|1220|1555|1844|2003|27 Şevval 1448
20270405|0420|0545|1220|1555|1845|2004|28 Şevval 1448
20270406|0418|0543|1220|1556|1846|2005|29 Şevval 1448
20270407|0417|0542|1219|1556|1847|2006|30 Şevval 1448
20270408|0415|0540|1219|1556|1848|2008|1 Zilkade 1448
20270409|0413|0539|1219|1556|1849|2009|2 Zilkade 1448
20270410|0411|0537|1218|1557|1850|2010|3 Zilkade 1448
20270411|0410|0536|1218|1557|1851|2011|4 Zilkade 1448
20270412|0408|0534|1218|1557|1852|2012|5 Zilkade 1448
20270413|0406|0533|1218|1557|1853|2014|6 Zilkade 1448
20270414|0404|0531|1217|1558|1854|2015|7 Zilkade 1448
20270415|0403|0530|1217|1558|1855|2016|8 Zilkade 1448
20270416|0401|0528|1217|1558|1856|2017|9 Zilkade 1448
20270417|0359|0527|1217|1558|1856|2018|10 Zilkade 1448
20270418|0357|0525|1216|1559|1857|2020|11 Zilkade 1448
20270419|0356|0524|1216|1559|1858|2021|12 Zilkade 1448
20270420|0354|0523|1216|1559|1859|2022|13 Zilkade 1448
20270421|0352|0521|1216|1559|1900|2024|14 Zilkade 1448
20270422|0350|0520|1216|1600|1901|2025|15 Zilkade 1448
20270423|0349|0519|1215|1600|1902|2026|16 Zilkade 1448
20270424|0347|0517|1215|1600|1903|2027|17 Zilkade 1448
20270425|0345|0516|1215|1600|1904|2029|18 Zilkade 1448
20270426|0344|0515|1215|1601|1905|2030|19 Zilkade 1448
20270427|0342|0513|1215|1601|1906|2031|20 Zilkade 1448
20270428|0340|0512|1215|1601|1907|2033|21 Zilkade 1448
20270429|0339|0511|1214|1601|1908|2034|22 Zilkade 1448
20270430|0337|0510|1214|1601|1909|2035|23 Zilkade 1448
20270501|0335|0508|1214|1602|1910|2037|24 Zilkade 1448
20270502|0334|0507|1214|1602|1911|2038|25 Zilkade 1448
20270503|0332|0506|1214|1602|1912|2039|26 Zilkade 1448
20270504|0330|0505|1214|1602|1913|2041|27 Zilkade 1448
20270505|0329|0504|1214|1602|1914|2042|28 Zilkade 1448
20270506|0327|0503|1214|1603|1915|2043|29 Zilkade 1448
20270507|0326|0502|1214|1603|1916|2045|1 Zilhicce 1448
20270508|0324|0501|1213|1603|1916|2046|2 Zilhicce 1448
20270509|0323|0500|1213|1603|1917|2047|3 Zilhicce 1448
20270510|0321|0458|1213|1603|1918|2049|4 Zilhicce 1448
20270511|0320|0457|1213|1604|1919|2050|5 Zilhicce 1448
20270512|0318|0457|1213|1604|1920|2051|6 Zilhicce 1448
20270513|0317|0456|1213|1604|1921|2053|7 Zilhicce 1448
20270514|0316|0455|1213|1604|1922|2054|8 Zilhicce 1448
20270515|0314|0454|1213|1605|1923|2055|9 Zilhicce 1448
20270516|0313|0453|1213|1605|1924|2057|10 Zilhicce 1448
20270517|0312|0452|1213|1605|1925|2058|11 Zilhicce 1448
20270518|0310|0451|1213|1605|1926|2059|12 Zilhicce 1448
20270519|0309|0450|1213|1605|1926|2101|13 Zilhicce 1448
20270520|0308|0450|1213|1606|1927|2102|14 Zilhicce 1448
20270521|0307|0449|1214|1606|1928|2103|15 Zilhicce 1448
20270522|0306|0448|1214|1606|1929|2104|16 Zilhicce 1448
20270523|0304|0448|1214|1606|1930|2106|17 Zilhicce 1448
20270524|0303|0447|1214|1607|1931|2107|18 Zilhicce 1448
20270525|0302|0446|1214|1607|1931|2108|19 Zilhicce 1448
20270526|0301|0446|1214|1607|1932|2109|20 Zilhicce 1448
20270527|0300|0445|1214|1607|1933|2110|21 Zilhicce 1448
20270528|0259|0445|1214|1607|1934|2111|22 Zilhicce 1448
20270529|0258|0444|1214|1608|1935|2113|23 Zilhicce 1448
20270530|0258|0444|1214|1608|1935|2114|24 Zilhicce 1448
20270531|0257|0443|1215|1608|1936|2115|25 Zilhicce 1448
20270601|0256|0443|1215|1608|1937|2116|26 Zilhicce 1448
20270602|0255|0442|1215|1609|1937|2117|27 Zilhicce 1448
20270603|0254|0442|1215|1609|1938|2118|28 Zilhicce 1448
20270604|0254|0442|1215|1609|1939|2119|29 Zilhicce 1448
20270605|0253|0441|1215|1609|1939|2120|30 Zilhicce 1448
20270606|0253|0441|1216|1610|1940|2121|1 Muharrem 1449
20270607|0252|0441|1216|1610|1941|2121|2 Muharrem 1449
20270608|0252|0441|1216|1610|1941|2122|3 Muharrem 1449
20270609|0251|0440|1216|1610|1942|2123|4 Muharrem 1449
20270610|0251|0440|1216|1611|1942|2124|5 Muharrem 1449
20270611|0250|0440|1216|1611|1943|2124|6 Muharrem 1449
20270612|0250|0440|1217|1611|1943|2125|7 Muharrem 1449
20270613|0250|0440|1217|1611|1944|2126|8 Muharrem 1449
20270614|0250|0440|1217|1612|1944|2126|9 Muharrem 1449
20270615|0250|0440|1217|1612|1945|2127|10 Muharrem 1449
20270616|0250|0440|1218|1612|1945|2127|11 Muharrem 1449
20270617|0249|0440|1218|1612|1945|2128|12 Muharrem 1449
20270618|0249|0440|1218|1613|1946|2128|13 Muharrem 1449
20270619|0250|0440|1218|1613|1946|2129|14 Muharrem 1449
20270620|0250|0441|1218|1613|1946|2129|15 Muharrem 1449
20270621|0250|0441|1219|1613|1947|2129|16 Muharrem 1449
20270622|0250|0441|1219|1613|1947|2129|17 Muharrem 1449
20270623|0250|0441|1219|1614|1947|2130|18 Muharrem 1449
20270624|0251|0441|1219|1614|1947|2130|19 Muharrem 1449
20270625|0251|0442|1219|1614|1947|2130|20 Muharrem 1449
20270626|0251|0442|1220|1614|1947|2130|21 Muharrem 1449
20270627|0252|0442|1220|1614|1947|2130|22 Muharrem 1449
20270628|0252|0443|1220|1615|1947|2130|23 Muharrem 1449
20270629|0253|0443|1220|1615|1947|2130|24 Muharrem 1449
20270630|0253|0444|1221|1615|1947|2129|25 Muharrem 1449
20270701|0254|0444|1221|1615|1947|2129|26 Muharrem 1449
20270702|0255|0445|1221|1615|1947|2129|27 Muharrem 1449
20270703|0255|0445|1221|1615|1947|2129|28 Muharrem 1449
20270704|0256|0446|1221|1616|1947|2128|29 Muharrem 1449
20270705|0257|0446|1221|1616|1947|2128|1 Safer 1449
20270706|0258|0447|1222|1616|1947|2127|2 Safer 1449
20270707|0259|0447|1222|1616|1946|2127|3 Safer 1449
20270708|0300|0448|1222|1616|1946|2126|4 Safer 1449
20270709|0301|0448|1222|1616|1946|2126|5 Safer 1449
20270710|0302|0449|1222|1616|1945|2125|6 Safer 1449
20270711|0302|0450|1222|1616|1945|2124|7 Safer 1449
20270712|0304|0450|1223|1616|1945|2124|8 Safer 1449
20270713|0305|0451|1223|1616|1944|2123|9 Safer 1449
20270714|0306|0452|1223|1616|1944|2122|10 Safer 1449
20270715|0307|0452|1223|1616|1943|2121|11 Safer 1449
20270716|0308|0453|1223|1616|1943|2121|12 Safer 1449
20270717|0309|0454|1223|1616|1942|2120|13 Safer 1449
20270718|0310|0455|1223|1616|1942|2119|14 Safer 1449
20270719|0311|0455|1223|1616|1941|2118|15 Safer 1449
20270720|0313|0456|1223|1616|1940|2117|16 Safer 1449
20270721|0314|0457|1223|1616|1940|2116|17 Safer 1449
20270722|0315|0458|1223|1616|1939|2114|18 Safer 1449
20270723|0316|0459|1223|1616|1938|2113|19 Safer 1449
20270724|0318|0459|1223|1616|1938|2112|20 Safer 1449
20270725|0319|0500|1223|1616|1937|2111|21 Safer 1449
20270726|0320|0501|1224|1615|1936|2110|22 Safer 1449
20270727|0321|0502|1224|1615|1935|2109|23 Safer 1449
20270728|0323|0503|1223|1615|1934|2107|24 Safer 1449
20270729|0324|0504|1223|1615|1933|2106|25 Safer 1449
20270730|0325|0504|1223|1615|1932|2105|26 Safer 1449
20270731|0327|0505|1223|1614|1932|2103|27 Safer 1449
20270801|0328|0506|1223|1614|1931|2102|28 Safer 1449
20270802|0329|0507|1223|1614|1930|2100|29 Safer 1449
20270803|0331|0508|1223|1613|1929|2059|1 Rebiulevvel 1449
20270804|0332|0509|1223|1613|1927|2058|2 Rebiulevvel 1449
20270805|0333|0510|1223|1613|1926|2056|3 Rebiulevvel 1449
20270806|0335|0511|1223|1612|1925|2055|4 Rebiulevvel 1449
20270807|0336|0511|1223|1612|1924|2053|5 Rebiulevvel 1449
20270808|0337|0512|1223|1612|1923|2052|6 Rebiulevvel 1449
20270809|0339|0513|1223|1611|1922|2050|7 Rebiulevvel 1449
20270810|0340|0514|1222|1611|1921|2049|8 Rebiulevvel 1449
20270811|0341|0515|1222|1610|1920|2047|9 Rebiulevvel 1449
20270812|0343|0516|1222|1610|1918|2045|10 Rebiulevvel 1449
20270813|0344|0517|1222|1609|1917|2044|11 Rebiulevvel 1449
20270814|0345|0518|1222|1609|1916|2042|12 Rebiulevvel 1449
20270815|0346|0519|1222|1608|1915|2040|13 Rebiulevvel 1449
20270816|0348|0519|1221|1608|1913|2039|14 Rebiulevvel 1449
20270817|0349|0520|1221|1607|1912|2037|15 Rebiulevvel 1449
20270818|0350|0521|1221|1606|1911|2035|16 Rebiulevvel 1449
20270819|0352|0522|1221|1606|1909|2034|17 Rebiulevvel 1449
20270820|0353|0523|1221|1605|1908|2032|18 Rebiulevvel 1449
20270821|0354|0524|1220|1605|1907|2030|19 Rebiulevvel 1449
20270822|0355|0525|1220|1604|1905|2029|20 Rebiulevvel 1449
20270823|0357|0526|1220|1603|1904|2027|21 Rebiulevvel 1449
20270824|0358|0527|1220|1603|1902|2025|22 Rebiulevvel 1449
20270825|0359|0528|1219|1602|1901|2024|23 Rebiulevvel 1449
20270826|0400|0528|1219|1601|1900|2022|24 Rebiulevvel 1449
20270827|0402|0529|1219|1600|1858|2020|25 Rebiulevvel 1449
20270828|0403|0530|1218|1600|1857|2018|26 Rebiulevvel 1449
20270829|0404|0531|1218|1559|1855|2017|27 Rebiulevvel 1449
20270830|0405|0532|1218|1558|1854|2015|28 Rebiulevvel 1449
20270831|0406|0533|1217|1557|1852|2013|29 Rebiulevvel 1449
20270901|0407|0534|1217|1556|1851|2011|30 Rebiulevvel 1449
20270902|0409|0535|1217|1556|1849|2009|1 Rebiulahir 1449
20270903|0410|0535|1217|1555|1848|2008|2 Rebiulahir 1449
20270904|0411|0536|1216|1554|1846|2006|3 Rebiulahir 1449
20270905|0412|0537|1216|1553|1845|2004|4 Rebiulahir 1449
20270906|0413|0538|1216|1552|1843|2002|5 Rebiulahir 1449
20270907|0414|0539|1215|1551|1842|2001|6 Rebiulahir 1449
20270908|0415|0540|1215|1550|1840|1959|7 Rebiulahir 1449
20270909|0416|0541|1215|1549|1838|1957|8 Rebiulahir 1449
20270910|0418|0542|1214|1548|1837|1955|9 Rebiulahir 1449
20270911|0419|0542|1214|1547|1835|1954|10 Rebiulahir 1449
20270912|0420|0543|1213|1546|1834|1952|11 Rebiulahir 1449
20270913|0421|0544|1213|1545|1832|1950|12 Rebiulahir 1449
20270914|0422|0545|1213|1544|1830|1948|13 Rebiulahir 1449
20270915|0423|0546|1212|1543|1829|1947|14 Rebiulahir 1449
20270916|0424|0547|1212|1542|1827|1945|15 Rebiulahir 1449
20270917|0425|0548|1212|1541|1826|1943|16 Rebiulahir 1449
20270918|0426|0549|1211|1540|1824|1941|17 Rebiulahir 1449
20270919|0427|0549|1211|1539|1823|1940|18 Rebiulahir 1449
20270920|0428|0550|1211|1538|1821|1938|19 Rebiulahir 1449
20270921|0429|0551|1210|1537|1819|1936|20 Rebiulahir 1449
20270922|0430|0552|1210|1536|1818|1934|21 Rebiulahir 1449
20270923|0431|0553|1210|1535|1816|1933|22 Rebiulahir 1449
20270924|0432|0554|1209|1534|1815|1931|23 Rebiulahir 1449
20270925|0433|0555|1209|1533|1813|1929|24 Rebiulahir 1449
20270926|0434|0556|1209|1532|1811|1928|25 Rebiulahir 1449
20270927|0435|0557|1208|1531|1810|1926|26 Rebiulahir 1449
20270928|0436|0557|1208|1530|1808|1924|27 Rebiulahir 1449
20270929|0437|0558|1207|1528|1807|1923|28 Rebiulahir 1449
20270930|0438|0559|1207|1527|1805|1921|29 Rebiulahir 1449
20271001|0439|0600|1207|1526|1803|1920|1 Cemaziyelevvel 1449
20271002|0440|0601|1207|1525|1802|1918|2 Cemaziyelevvel 1449
20271003|0441|0602|1206|1524|1800|1916|3 Cemaziyelevvel 1449
20271004|0442|0603|1206|1523|1759|1915|4 Cemaziyelevvel 1449
20271005|0443|0604|1206|1522|1757|1913|5 Cemaziyelevvel 1449
20271006|0444|0605|1205|1521|1756|1912|6 Cemaziyelevvel 1449
20271007|0445|0606|1205|1520|1754|1910|7 Cemaziyelevvel 1449
20271008|0446|0607|1205|1518|1753|1909|8 Cemaziyelevvel 1449
20271009|0447|0608|1204|1517|1751|1907|9 Cemaziyelevvel 1449
20271010|0448|0609|1204|1516|1750|1906|10 Cemaziyelevvel 1449
20271011|0449|0610|1204|1515|1748|1904|11 Cemaziyelevvel 1449
20271012|0449|0611|1204|1514|1747|1903|12 Cemaziyelevvel 1449
20271013|0450|0612|1203|1513|1745|1901|13 Cemaziyelevvel 1449
20271014|0451|0612|1203|1512|1744|1900|14 Cemaziyelevvel 1449
20271015|0452|0613|1203|1511|1742|1858|15 Cemaziyelevvel 1449
20271016|0453|0614|1203|1510|1741|1857|16 Cemaziyelevvel 1449
20271017|0454|0615|1202|1509|1739|1856|17 Cemaziyelevvel 1449
20271018|0455|0616|1202|1507|1738|1854|18 Cemaziyelevvel 1449
20271019|0456|0617|1202|1506|1737|1853|19 Cemaziyelevvel 1449
20271020|0457|0618|1202|1505|1735|1852|20 Cemaziyelevvel 1449
20271021|0458|0619|1202|1504|1734|1850|21 Cemaziyelevvel 1449
20271022|0459|0620|1202|1503|1733|1849|22 Cemaziyelevvel 1449
20271023|0500|0621|1201|1502|1731|1848|23 Cemaziyelevvel 1449
20271024|0501|0623|1201|1501|1730|1847|24 Cemaziyelevvel 1449
20271025|0502|0624|1201|1500|1729|1845|25 Cemaziyelevvel 1449
20271026|0503|0625|1201|1459|1727|1844|26 Cemaziyelevvel 1449
20271027|0504|0626|1201|1458|1726|1843|27 Cemaziyelevvel 1449
20271028|0505|0627|1201|1457|1725|1842|28 Cemaziyelevvel 1449
20271029|0505|0628|1201|1456|1724|1841|29 Cemaziyelevvel 1449
20271030|0506|0629|1201|1455|1723|1840|30 Cemaziyelevvel 1449
20271031|0507|0630|1201|1454|1721|1839|1 Cemaziyelahir 1449
20271101|0508|0631|1201|1454|1720|1838|2 Cemaziyelahir 1449
20271102|0509|0632|1201|1453|1719|1837|3 Cemaziyelahir 1449
20271103|0510|0633|1200|1452|1718|1836|4 Cemaziyelahir 1449
20271104|0511|0634|1200|1451|1717|1835|5 Cemaziyelahir 1449
20271105|0512|0635|1201|1450|1716|1834|6 Cemaziyelahir 1449
20271106|0513|0636|1201|1449|1715|1833|7 Cemaziyelahir 1449
20271107|0514|0637|1201|1448|1714|1832|8 Cemaziyelahir 1449
20271108|0515|0639|1201|1448|1713|1831|9 Cemaziyelahir 1449
20271109|0516|0640|1201|1447|1712|1830|10 Cemaziyelahir 1449
20271110|0517|0641|1201|1446|1711|1830|11 Cemaziyelahir 1449
20271111|0518|0642|1201|1446|1710|1829|12 Cemaziyelahir 1449
20271112|0519|0643|1201|1445|1709|1828|13 Cemaziyelahir 1449
20271113|0520|0644|1201|1444|1708|1827|14 Cemaziyelahir 1449
20271114|0521|0645|1201|1444|1707|1827|15 Cemaziyelahir 1449
20271115|0522|0646|1201|1443|1707|1826|16 Cemaziyelahir 1449
20271116|0522|0647|1202|1442|1706|1826|17 Cemaziyelahir 1449
20271117|0523|0648|1202|1442|1705|1825|18 Cemaziyelahir 1449
20271118|0524|0649|1202|1441|1704|1824|19 Cemaziyelahir 1449
20271119|0525|0651|1202|1441|1704|1824|20 Cemaziyelahir 1449
20271120|0526|0652|1202|1440|1703|1823|21 Cemaziyelahir 1449
20271121|0527|0653|1203|1440|1703|1823|22 Cemaziyelahir 1449
20271122|0528|0654|1203|1439|1702|1823|23 Cemaziyelahir 1449
20271123|0529|0655|1203|1439|1701|1822|24 Cemaziyelahir 1449
20271124|0530|0656|1203|1439|1701|1822|25 Cemaziyelahir 1449
20271125|0531|0657|1204|1438|1700|1821|26 Cemaziyelahir 1449
20271126|0532|0658|1204|1438|1700|1821|27 Cemaziyelahir 1449
20271127|0533|0659|1204|1438|1700|1821|28 Cemaziyelahir 1449
20271128|0533|0700|1205|1437|1659|1821|29 Cemaziyelahir 1449
20271129|0534|0701|1205|1437|1659|1820|1 Recep 1449
20271130|0535|0702|1205|1437|1659|1820|2 Recep 1449
20271201|0536|0703|1206|1437|1658|1820|3 Recep 1449
20271202|0537|0704|1206|1437|1658|1820|4 Recep 1449
20271203|0538|0705|1206|1437|1658|1820|5 Recep 1449
20271204|0538|0706|1207|1436|1658|1820|6 Recep 1449
20271205|0539|0707|1207|1436|1658|1820|7 Recep 1449
20271206|0540|0708|1208|1436|1658|1820|8 Recep 1449
20271207|0541|0709|1208|1436|1658|1820|9 Recep 1449
20271208|0542|0709|1208|1437|1658|1820|10 Recep 1449
20271209|0542|0710|1209|1437|1658|1820|11 Recep 1449
20271210|0543|0711|1209|1437|1658|1820|12 Recep 1449
20271211|0544|0712|1210|1437|1658|1821|13 Recep 1449
20271212|0545|0713|1210|1437|1658|1821|14 Recep 1449
20271213|0545|0713|1211|1437|1658|1821|15 Recep 1449
20271214|0546|0714|1211|1438|1658|1821|16 Recep 1449
20271215|0547|0715|1212|1438|1659|1822|17 Recep 1449
20271216|0547|0716|1212|1438|1659|1822|18 Recep 1449
20271217|0548|0716|1213|1438|1659|1822|19 Recep 1449
20271218|0548|0717|1213|1439|1659|1823|20 Recep 1449
20271219|0549|0717|1214|1439|1700|1823|21 Recep 1449
20271220|0550|0718|1214|1440|1700|1823|22 Recep 1449
20271221|0550|0719|1215|1440|1701|1824|23 Recep 1449
20271222|0551|0719|1215|1441|1701|1824|24 Recep 1449
20271223|0551|0720|1216|1441|1702|1825|25 Recep 1449
20271224|0552|0720|1216|1442|1702|1825|26 Recep 1449
20271225|0552|0720|1217|1442|1703|1826|27 Recep 1449
20271226|0552|0721|1217|1443|1703|1827|28 Recep 1449
20271227|0553|0721|1218|1443|1704|1827|29 Recep 1449
20271228|0553|0722|1218|1444|1705|1828|30 Recep 1449
20271229|0554|0722|1219|1445|1705|1828|1 Şaban 1449
20271230|0554|0722|1219|1445|1706|1829|2 Şaban 1449
20271231|0554|0722|1220|1446|1707|1830|3 Şaban 1449
