# diyanet | surum=diyanet-2026-10-04.1 | il=CORUM | yerlesim=14 | 2026-01-01..2027-12-31
#@9367|Alaca|CORUM|730
20260101|0625|0756|1249|1511|1732|1857|12 Recep 1447
20260102|0626|0756|1249|1512|1733|1858|13 Recep 1447
20260103|0626|0756|1250|1513|1734|1859|14 Recep 1447
20260104|0626|0756|1250|1514|1735|1859|15 Recep 1447
20260105|0626|0756|1251|1514|1735|1900|16 Recep 1447
20260106|0626|0756|1251|1515|1736|1901|17 Recep 1447
20260107|0626|0756|1252|1516|1737|1902|18 Recep 1447
20260108|0626|0756|1252|1517|1738|1903|19 Recep 1447
20260109|0626|0756|1253|1518|1739|1904|20 Recep 1447
20260110|0626|0756|1253|1519|1740|1904|21 Recep 1447
20260111|0626|0756|1253|1520|1741|1905|22 Recep 1447
20260112|0626|0755|1254|1521|1742|1906|23 Recep 1447
20260113|0626|0755|1254|1522|1743|1907|24 Recep 1447
20260114|0626|0755|1255|1523|1744|1908|25 Recep 1447
20260115|0625|0754|1255|1524|1746|1909|26 Recep 1447
20260116|0625|0754|1255|1525|1747|1910|27 Recep 1447
20260117|0625|0753|1256|1526|1748|1911|28 Recep 1447
20260118|0625|0753|1256|1526|1749|1912|29 Recep 1447
20260119|0624|0752|1256|1527|1750|1913|30 Recep 1447
20260120|0624|0752|1257|1528|1751|1914|1 Şaban 1447
20260121|0623|0751|1257|1530|1752|1915|2 Şaban 1447
20260122|0623|0751|1257|1531|1754|1916|3 Şaban 1447
20260123|0622|0750|1257|1532|1755|1917|4 Şaban 1447
20260124|0622|0749|1258|1533|1756|1918|5 Şaban 1447
20260125|0621|0749|1258|1534|1757|1919|6 Şaban 1447
20260126|0621|0748|1258|1535|1758|1920|7 Şaban 1447
20260127|0620|0747|1258|1536|1759|1921|8 Şaban 1447
20260128|0620|0746|1259|1537|1801|1922|9 Şaban 1447
20260129|0619|0746|1259|1538|1802|1923|10 Şaban 1447
20260130|0618|0745|1259|1539|1803|1924|11 Şaban 1447
20260131|0618|0744|1259|1540|1804|1925|12 Şaban 1447
20260201|0617|0743|1259|1541|1805|1926|13 Şaban 1447
20260202|0616|0742|1259|1542|1807|1927|14 Şaban 1447
20260203|0615|0741|1259|1543|1808|1928|15 Şaban 1447
20260204|0614|0740|1300|1544|1809|1930|16 Şaban 1447
20260205|0613|0739|1300|1545|1810|1931|17 Şaban 1447
20260206|0613|0738|1300|1546|1812|1932|18 Şaban 1447
20260207|0612|0737|1300|1547|1813|1933|19 Şaban 1447
20260208|0611|0736|1300|1548|1814|1934|20 Şaban 1447
20260209|0610|0735|1300|1549|1815|1935|21 Şaban 1447
20260210|0609|0733|1300|1550|1816|1936|22 Şaban 1447
20260211|0608|0732|1300|1550|1818|1937|23 Şaban 1447
20260212|0606|0731|1300|1551|1819|1938|24 Şaban 1447
20260213|0605|0730|1300|1552|1820|1939|25 Şaban 1447
20260214|0604|0729|1300|1553|1821|1940|26 Şaban 1447
20260215|0603|0727|1300|1554|1822|1941|27 Şaban 1447
20260216|0602|0726|1300|1555|1824|1942|28 Şaban 1447
20260217|0601|0725|1300|1556|1825|1943|29 Şaban 1447
20260218|0600|0723|1300|1557|1826|1944|30 Şaban 1447
20260219|0558|0722|1300|1558|1827|1946|1 Ramazan 1447
20260220|0557|0721|1259|1558|1828|1947|2 Ramazan 1447
20260221|0556|0719|1259|1559|1829|1948|3 Ramazan 1447
20260222|0554|0718|1259|1600|1831|1949|4 Ramazan 1447
20260223|0553|0717|1259|1601|1832|1950|5 Ramazan 1447
20260224|0552|0715|1259|1602|1833|1951|6 Ramazan 1447
20260225|0550|0714|1259|1603|1834|1952|7 Ramazan 1447
20260226|0549|0712|1259|1603|1835|1953|8 Ramazan 1447
20260227|0547|0711|1258|1604|1836|1954|9 Ramazan 1447
20260228|0546|0709|1258|1605|1837|1955|10 Ramazan 1447
20260301|0545|0708|1258|1606|1838|1956|11 Ramazan 1447
20260302|0543|0706|1258|1606|1840|1957|12 Ramazan 1447
20260303|0542|0705|1258|1607|1841|1959|13 Ramazan 1447
20260304|0540|0703|1257|1608|1842|2000|14 Ramazan 1447
20260305|0539|0702|1257|1608|1843|2001|15 Ramazan 1447
20260306|0537|0700|1257|1609|1844|2002|16 Ramazan 1447
20260307|0535|0659|1257|1610|1845|2003|17 Ramazan 1447
20260308|0534|0657|1257|1610|1846|2004|18 Ramazan 1447
20260309|0532|0655|1256|1611|1847|2005|19 Ramazan 1447
20260310|0531|0654|1256|1612|1848|2006|20 Ramazan 1447
20260311|0529|0652|1256|1612|1849|2007|21 Ramazan 1447
20260312|0527|0651|1256|1613|1850|2008|22 Ramazan 1447
20260313|0526|0649|1255|1614|1851|2010|23 Ramazan 1447
20260314|0524|0647|1255|1614|1853|2011|24 Ramazan 1447
20260315|0522|0646|1255|1615|1854|2012|25 Ramazan 1447
20260316|0521|0644|1254|1615|1855|2013|26 Ramazan 1447
20260317|0519|0643|1254|1616|1856|2014|27 Ramazan 1447
20260318|0517|0641|1254|1616|1857|2015|28 Ramazan 1447
20260319|0516|0639|1254|1617|1858|2016|29 Ramazan 1447
20260320|0514|0638|1253|1617|1859|2017|1 Şevval 1447
20260321|0512|0636|1253|1618|1900|2019|2 Şevval 1447
20260322|0510|0634|1253|1618|1901|2020|3 Şevval 1447
20260323|0508|0633|1252|1619|1902|2021|4 Şevval 1447
20260324|0507|0631|1252|1619|1903|2022|5 Şevval 1447
20260325|0505|0630|1252|1620|1904|2023|6 Şevval 1447
20260326|0503|0628|1251|1620|1905|2024|7 Şevval 1447
20260327|0501|0626|1251|1621|1906|2026|8 Şevval 1447
20260328|0459|0625|1251|1621|1907|2027|9 Şevval 1447
20260329|0458|0623|1251|1622|1908|2028|10 Şevval 1447
20260330|0456|0621|1250|1622|1909|2029|11 Şevval 1447
20260331|0454|0620|1250|1622|1910|2030|12 Şevval 1447
20260401|0452|0618|1250|1623|1911|2032|13 Şevval 1447
20260402|0450|0617|1249|1623|1912|2033|14 Şevval 1447
20260403|0448|0615|1249|1624|1913|2034|15 Şevval 1447
20260404|0447|0613|1249|1624|1914|2035|16 Şevval 1447
20260405|0445|0612|1249|1624|1915|2037|17 Şevval 1447
20260406|0443|0610|1248|1625|1916|2038|18 Şevval 1447
20260407|0441|0609|1248|1625|1917|2039|19 Şevval 1447
20260408|0439|0607|1248|1625|1918|2040|20 Şevval 1447
20260409|0437|0605|1247|1626|1919|2042|21 Şevval 1447
20260410|0435|0604|1247|1626|1920|2043|22 Şevval 1447
20260411|0434|0602|1247|1627|1921|2044|23 Şevval 1447
20260412|0432|0601|1247|1627|1922|2046|24 Şevval 1447
20260413|0430|0559|1246|1627|1923|2047|25 Şevval 1447
20260414|0428|0558|1246|1627|1924|2048|26 Şevval 1447
20260415|0426|0556|1246|1628|1925|2050|27 Şevval 1447
20260416|0424|0555|1246|1628|1927|2051|28 Şevval 1447
20260417|0422|0553|1245|1628|1928|2052|29 Şevval 1447
20260418|0421|0552|1245|1629|1929|2054|1 Zilkade 1447
20260419|0419|0550|1245|1629|1930|2055|2 Zilkade 1447
20260420|0417|0549|1245|1629|1931|2056|3 Zilkade 1447
20260421|0415|0547|1244|1630|1932|2058|4 Zilkade 1447
20260422|0413|0546|1244|1630|1933|2059|5 Zilkade 1447
20260423|0411|0545|1244|1630|1934|2100|6 Zilkade 1447
20260424|0410|0543|1244|1630|1935|2102|7 Zilkade 1447
20260425|0408|0542|1244|1631|1936|2103|8 Zilkade 1447
20260426|0406|0540|1244|1631|1937|2105|9 Zilkade 1447
20260427|0404|0539|1243|1631|1938|2106|10 Zilkade 1447
20260428|0402|0538|1243|1631|1939|2108|11 Zilkade 1447
20260429|0401|0536|1243|1632|1940|2109|12 Zilkade 1447
20260430|0359|0535|1243|1632|1941|2110|13 Zilkade 1447
20260501|0357|0534|1243|1632|1942|2112|14 Zilkade 1447
20260502|0355|0533|1243|1633|1943|2113|15 Zilkade 1447
20260503|0354|0531|1243|1633|1944|2115|16 Zilkade 1447
20260504|0352|0530|1243|1633|1945|2116|17 Zilkade 1447
20260505|0350|0529|1242|1633|1946|2118|18 Zilkade 1447
20260506|0349|0528|1242|1634|1947|2119|19 Zilkade 1447
20260507|0347|0527|1242|1634|1948|2121|20 Zilkade 1447
20260508|0345|0526|1242|1634|1949|2122|21 Zilkade 1447
20260509|0344|0524|1242|1634|1950|2124|22 Zilkade 1447
20260510|0342|0523|1242|1635|1951|2125|23 Zilkade 1447
20260511|0341|0522|1242|1635|1952|2126|24 Zilkade 1447
20260512|0339|0521|1242|1635|1953|2128|25 Zilkade 1447
20260513|0337|0520|1242|1635|1954|2129|26 Zilkade 1447
20260514|0336|0519|1242|1636|1955|2131|27 Zilkade 1447
20260515|0335|0518|1242|1636|1956|2132|28 Zilkade 1447
20260516|0333|0517|1242|1636|1957|2134|29 Zilkade 1447
20260517|0332|0517|1242|1636|1958|2135|30 Zilkade 1447
20260518|0330|0516|1242|1637|1959|2136|1 Zilhicce 1447
20260519|0329|0515|1242|1637|2000|2138|2 Zilhicce 1447
20260520|0328|0514|1242|1637|2000|2139|3 Zilhicce 1447
20260521|0326|0513|1242|1637|2001|2141|4 Zilhicce 1447
20260522|0325|0512|1242|1638|2002|2142|5 Zilhicce 1447
20260523|0324|0512|1242|1638|2003|2143|6 Zilhicce 1447
20260524|0322|0511|1242|1638|2004|2145|7 Zilhicce 1447
20260525|0321|0510|1243|1639|2005|2146|8 Zilhicce 1447
20260526|0320|0510|1243|1639|2006|2147|9 Zilhicce 1447
20260527|0319|0509|1243|1639|2006|2148|10 Zilhicce 1447
20260528|0318|0509|1243|1639|2007|2150|11 Zilhicce 1447
20260529|0317|0508|1243|1640|2008|2151|12 Zilhicce 1447
20260530|0316|0508|1243|1640|2009|2152|13 Zilhicce 1447
20260531|0315|0507|1243|1640|2010|2153|14 Zilhicce 1447
20260601|0314|0507|1243|1640|2010|2154|15 Zilhicce 1447
20260602|0313|0506|1244|1641|2011|2155|16 Zilhicce 1447
20260603|0313|0506|1244|1641|2012|2156|17 Zilhicce 1447
20260604|0312|0505|1244|1641|2012|2158|18 Zilhicce 1447
20260605|0311|0505|1244|1642|2013|2158|19 Zilhicce 1447
20260606|0311|0505|1244|1642|2014|2159|20 Zilhicce 1447
20260607|0310|0505|1244|1642|2014|2200|21 Zilhicce 1447
20260608|0309|0504|1245|1642|2015|2201|22 Zilhicce 1447
20260609|0309|0504|1245|1643|2016|2202|23 Zilhicce 1447
20260610|0309|0504|1245|1643|2016|2203|24 Zilhicce 1447
20260611|0308|0504|1245|1643|2017|2204|25 Zilhicce 1447
20260612|0308|0504|1245|1643|2017|2204|26 Zilhicce 1447
20260613|0308|0504|1246|1644|2018|2205|27 Zilhicce 1447
20260614|0307|0504|1246|1644|2018|2206|28 Zilhicce 1447
20260615|0307|0504|1246|1644|2018|2206|29 Zilhicce 1447
20260616|0307|0504|1246|1644|2019|2207|1 Muharrem 1448
20260617|0307|0504|1247|1645|2019|2207|2 Muharrem 1448
20260618|0307|0504|1247|1645|2020|2208|3 Muharrem 1448
20260619|0307|0504|1247|1645|2020|2208|4 Muharrem 1448
20260620|0307|0504|1247|1645|2020|2208|5 Muharrem 1448
20260621|0307|0504|1247|1646|2020|2209|6 Muharrem 1448
20260622|0308|0505|1248|1646|2021|2209|7 Muharrem 1448
20260623|0308|0505|1248|1646|2021|2209|8 Muharrem 1448
20260624|0308|0505|1248|1646|2021|2209|9 Muharrem 1448
20260625|0309|0505|1248|1646|2021|2209|10 Muharrem 1448
20260626|0309|0506|1248|1647|2021|2209|11 Muharrem 1448
20260627|0309|0506|1249|1647|2021|2209|12 Muharrem 1448
20260628|0310|0507|1249|1647|2021|2209|13 Muharrem 1448
20260629|0311|0507|1249|1647|2021|2209|14 Muharrem 1448
20260630|0311|0507|1249|1647|2021|2208|15 Muharrem 1448
20260701|0312|0508|1249|1647|2021|2208|16 Muharrem 1448
20260702|0313|0508|1250|1647|2021|2208|17 Muharrem 1448
20260703|0313|0509|1250|1648|2021|2208|18 Muharrem 1448
20260704|0314|0509|1250|1648|2021|2207|19 Muharrem 1448
20260705|0315|0510|1250|1648|2020|2207|20 Muharrem 1448
20260706|0316|0511|1250|1648|2020|2206|21 Muharrem 1448
20260707|0317|0511|1251|1648|2020|2206|22 Muharrem 1448
20260708|0318|0512|1251|1648|2020|2205|23 Muharrem 1448
20260709|0319|0513|1251|1648|2019|2204|24 Muharrem 1448
20260710|0320|0513|1251|1648|2019|2203|25 Muharrem 1448
20260711|0321|0514|1251|1648|2019|2203|26 Muharrem 1448
20260712|0322|0515|1251|1648|2018|2202|27 Muharrem 1448
20260713|0324|0515|1251|1648|2018|2201|28 Muharrem 1448
20260714|0325|0516|1252|1648|2017|2200|29 Muharrem 1448
20260715|0326|0517|1252|1648|2017|2159|1 Safer 1448
20260716|0327|0518|1252|1648|2016|2158|2 Safer 1448
20260717|0328|0518|1252|1648|2015|2157|3 Safer 1448
20260718|0330|0519|1252|1648|2015|2156|4 Safer 1448
20260719|0331|0520|1252|1648|2014|2155|5 Safer 1448
20260720|0332|0521|1252|1648|2013|2154|6 Safer 1448
20260721|0334|0522|1252|1648|2013|2153|7 Safer 1448
20260722|0335|0522|1252|1648|2012|2152|8 Safer 1448
20260723|0336|0523|1252|1647|2011|2150|9 Safer 1448
20260724|0338|0524|1252|1647|2010|2149|10 Safer 1448
20260725|0339|0525|1252|1647|2009|2148|11 Safer 1448
20260726|0341|0526|1252|1647|2009|2146|12 Safer 1448
20260727|0342|0527|1252|1647|2008|2145|13 Safer 1448
20260728|0343|0528|1252|1646|2007|2144|14 Safer 1448
20260729|0345|0529|1252|1646|2006|2142|15 Safer 1448
20260730|0346|0530|1252|1646|2005|2141|16 Safer 1448
20260731|0348|0530|1252|1645|2004|2139|17 Safer 1448
20260801|0349|0531|1252|1645|2003|2138|18 Safer 1448
20260802|0351|0532|1252|1645|2002|2136|19 Safer 1448
20260803|0352|0533|1252|1644|2001|2135|20 Safer 1448
20260804|0354|0534|1252|1644|2000|2133|21 Safer 1448
20260805|0355|0535|1252|1644|1958|2132|22 Safer 1448
20260806|0356|0536|1252|1643|1957|2130|23 Safer 1448
20260807|0358|0537|1252|1643|1956|2128|24 Safer 1448
20260808|0359|0538|1251|1642|1955|2127|25 Safer 1448
20260809|0401|0539|1251|1642|1954|2125|26 Safer 1448
20260810|0402|0540|1251|1641|1952|2123|27 Safer 1448
20260811|0404|0541|1251|1641|1951|2122|28 Safer 1448
20260812|0405|0542|1251|1640|1950|2120|29 Safer 1448
20260813|0407|0543|1251|1640|1949|2118|30 Safer 1448
20260814|0408|0544|1250|1639|1947|2116|1 Rebiulevvel 1448
20260815|0409|0545|1250|1639|1946|2115|2 Rebiulevvel 1448
20260816|0411|0546|1250|1638|1945|2113|3 Rebiulevvel 1448
20260817|0412|0547|1250|1637|1943|2111|4 Rebiulevvel 1448
20260818|0414|0548|1250|1637|1942|2109|5 Rebiulevvel 1448
20260819|0415|0549|1249|1636|1940|2108|6 Rebiulevvel 1448
20260820|0416|0549|1249|1635|1939|2106|7 Rebiulevvel 1448
20260821|0418|0550|1249|1635|1937|2104|8 Rebiulevvel 1448
20260822|0419|0551|1249|1634|1936|2102|9 Rebiulevvel 1448
20260823|0420|0552|1248|1633|1935|2100|10 Rebiulevvel 1448
20260824|0422|0553|1248|1632|1933|2058|11 Rebiulevvel 1448
20260825|0423|0554|1248|1632|1932|2057|12 Rebiulevvel 1448
20260826|0424|0555|1248|1631|1930|2055|13 Rebiulevvel 1448
20260827|0426|0556|1247|1630|1929|2053|14 Rebiulevvel 1448
20260828|0427|0557|1247|1629|1927|2051|15 Rebiulevvel 1448
20260829|0428|0558|1247|1628|1925|2049|16 Rebiulevvel 1448
20260830|0430|0559|1246|1627|1924|2047|17 Rebiulevvel 1448
20260831|0431|0600|1246|1627|1922|2046|18 Rebiulevvel 1448
20260901|0432|0601|1246|1626|1921|2044|19 Rebiulevvel 1448
20260902|0433|0602|1246|1625|1919|2042|20 Rebiulevvel 1448
20260903|0435|0603|1245|1624|1918|2040|21 Rebiulevvel 1448
20260904|0436|0604|1245|1623|1916|2038|22 Rebiulevvel 1448
20260905|0437|0605|1245|1622|1914|2036|23 Rebiulevvel 1448
20260906|0438|0606|1244|1621|1913|2034|24 Rebiulevvel 1448
20260907|0440|0607|1244|1620|1911|2032|25 Rebiulevvel 1448
20260908|0441|0608|1244|1619|1909|2031|26 Rebiulevvel 1448
20260909|0442|0609|1243|1618|1908|2029|27 Rebiulevvel 1448
20260910|0443|0609|1243|1617|1906|2027|28 Rebiulevvel 1448
20260911|0444|0610|1242|1616|1905|2025|29 Rebiulevvel 1448
20260912|0445|0611|1242|1615|1903|2023|1 Rebiulahir 1448
20260913|0447|0612|1242|1614|1901|2021|2 Rebiulahir 1448
20260914|0448|0613|1241|1613|1900|2019|3 Rebiulahir 1448
20260915|0449|0614|1241|1612|1858|2018|4 Rebiulahir 1448
20260916|0450|0615|1241|1611|1856|2016|5 Rebiulahir 1448
20260917|0451|0616|1240|1610|1855|2014|6 Rebiulahir 1448
20260918|0452|0617|1240|1608|1853|2012|7 Rebiulahir 1448
20260919|0453|0618|1240|1607|1851|2010|8 Rebiulahir 1448
20260920|0455|0619|1239|1606|1850|2009|9 Rebiulahir 1448
20260921|0456|0620|1239|1605|1848|2007|10 Rebiulahir 1448
20260922|0457|0621|1239|1604|1846|2005|11 Rebiulahir 1448
20260923|0458|0622|1238|1603|1845|2003|12 Rebiulahir 1448
20260924|0459|0623|1238|1602|1843|2001|13 Rebiulahir 1448
20260925|0500|0624|1238|1601|1841|2000|14 Rebiulahir 1448
20260926|0501|0625|1237|1559|1840|1958|15 Rebiulahir 1448
20260927|0502|0626|1237|1558|1838|1956|16 Rebiulahir 1448
20260928|0503|0627|1236|1557|1836|1954|17 Rebiulahir 1448
20260929|0504|0628|1236|1556|1835|1953|18 Rebiulahir 1448
20260930|0505|0629|1236|1555|1833|1951|19 Rebiulahir 1448
20261001|0506|0630|1235|1554|1831|1949|20 Rebiulahir 1448
20261002|0507|0631|1235|1552|1830|1948|21 Rebiulahir 1448
20261003|0508|0632|1235|1551|1828|1946|22 Rebiulahir 1448
20261004|0509|0633|1235|1550|1826|1944|23 Rebiulahir 1448
20261005|0510|0634|1234|1549|1825|1943|24 Rebiulahir 1448
20261006|0512|0635|1234|1548|1823|1941|25 Rebiulahir 1448
20261007|0513|0636|1234|1547|1822|1939|26 Rebiulahir 1448
20261008|0514|0637|1233|1545|1820|1938|27 Rebiulahir 1448
20261009|0515|0638|1233|1544|1818|1936|28 Rebiulahir 1448
20261010|0516|0639|1233|1543|1817|1935|29 Rebiulahir 1448
20261011|0517|0640|1233|1542|1815|1933|30 Rebiulahir 1448
20261012|0518|0641|1232|1541|1814|1932|1 Cemaziyelevvel 1448
20261013|0519|0642|1232|1539|1812|1930|2 Cemaziyelevvel 1448
20261014|0520|0643|1232|1538|1811|1929|3 Cemaziyelevvel 1448
20261015|0521|0644|1232|1537|1809|1927|4 Cemaziyelevvel 1448
20261016|0522|0645|1231|1536|1808|1926|5 Cemaziyelevvel 1448
20261017|0523|0646|1231|1535|1806|1924|6 Cemaziyelevvel 1448
20261018|0524|0647|1231|1534|1805|1923|7 Cemaziyelevvel 1448
20261019|0525|0648|1231|1533|1803|1922|8 Cemaziyelevvel 1448
20261020|0526|0649|1231|1532|1802|1920|9 Cemaziyelevvel 1448
20261021|0527|0650|1230|1530|1800|1919|10 Cemaziyelevvel 1448
20261022|0528|0651|1230|1529|1759|1917|11 Cemaziyelevvel 1448
20261023|0529|0653|1230|1528|1758|1916|12 Cemaziyelevvel 1448
20261024|0530|0654|1230|1527|1756|1915|13 Cemaziyelevvel 1448
20261025|0531|0655|1230|1526|1755|1914|14 Cemaziyelevvel 1448
20261026|0532|0656|1230|1525|1754|1912|15 Cemaziyelevvel 1448
20261027|0533|0657|1230|1524|1752|1911|16 Cemaziyelevvel 1448
20261028|0534|0658|1229|1523|1751|1910|17 Cemaziyelevvel 1448
20261029|0535|0659|1229|1522|1750|1909|18 Cemaziyelevvel 1448
20261030|0536|0700|1229|1521|1748|1908|19 Cemaziyelevvel 1448
20261031|0537|0701|1229|1520|1747|1907|20 Cemaziyelevvel 1448
20261101|0538|0703|1229|1519|1746|1905|21 Cemaziyelevvel 1448
20261102|0539|0704|1229|1518|1745|1904|22 Cemaziyelevvel 1448
20261103|0540|0705|1229|1517|1744|1903|23 Cemaziyelevvel 1448
20261104|0541|0706|1229|1516|1742|1902|24 Cemaziyelevvel 1448
20261105|0542|0707|1229|1515|1741|1901|25 Cemaziyelevvel 1448
20261106|0543|0708|1229|1515|1740|1900|26 Cemaziyelevvel 1448
20261107|0544|0710|1229|1514|1739|1900|27 Cemaziyelevvel 1448
20261108|0545|0711|1229|1513|1738|1859|28 Cemaziyelevvel 1448
20261109|0546|0712|1229|1512|1737|1858|29 Cemaziyelevvel 1448
20261110|0547|0713|1230|1511|1736|1857|1 Cemaziyelahir 1448
20261111|0548|0714|1230|1511|1735|1856|2 Cemaziyelahir 1448
20261112|0549|0715|1230|1510|1734|1855|3 Cemaziyelahir 1448
20261113|0550|0716|1230|1509|1733|1855|4 Cemaziyelahir 1448
20261114|0551|0718|1230|1508|1732|1854|5 Cemaziyelahir 1448
20261115|0552|0719|1230|1508|1732|1853|6 Cemaziyelahir 1448
20261116|0553|0720|1230|1507|1731|1853|7 Cemaziyelahir 1448
20261117|0554|0721|1231|1506|1730|1852|8 Cemaziyelahir 1448
20261118|0555|0722|1231|1506|1729|1851|9 Cemaziyelahir 1448
20261119|0556|0723|1231|1505|1729|1851|10 Cemaziyelahir 1448
20261120|0557|0724|1231|1505|1728|1850|11 Cemaziyelahir 1448
20261121|0558|0726|1231|1504|1727|1850|12 Cemaziyelahir 1448
20261122|0559|0727|1232|1504|1727|1849|13 Cemaziyelahir 1448
20261123|0600|0728|1232|1503|1726|1849|14 Cemaziyelahir 1448
20261124|0601|0729|1232|1503|1726|1849|15 Cemaziyelahir 1448
20261125|0601|0730|1232|1503|1725|1848|16 Cemaziyelahir 1448
20261126|0602|0731|1233|1502|1725|1848|17 Cemaziyelahir 1448
20261127|0603|0732|1233|1502|1724|1848|18 Cemaziyelahir 1448
20261128|0604|0733|1233|1502|1724|1847|19 Cemaziyelahir 1448
20261129|0605|0734|1234|1501|1723|1847|20 Cemaziyelahir 1448
20261130|0606|0735|1234|1501|1723|1847|21 Cemaziyelahir 1448
20261201|0607|0736|1235|1501|1723|1847|22 Cemaziyelahir 1448
20261202|0608|0737|1235|1501|1722|1847|23 Cemaziyelahir 1448
20261203|0609|0738|1235|1501|1722|1846|24 Cemaziyelahir 1448
20261204|0610|0739|1236|1501|1722|1846|25 Cemaziyelahir 1448
20261205|0610|0740|1236|1501|1722|1846|26 Cemaziyelahir 1448
20261206|0611|0741|1236|1501|1722|1846|27 Cemaziyelahir 1448
20261207|0612|0742|1237|1501|1722|1846|28 Cemaziyelahir 1448
20261208|0613|0743|1237|1501|1722|1847|29 Cemaziyelahir 1448
20261209|0614|0744|1238|1501|1722|1847|30 Cemaziyelahir 1448
20261210|0614|0745|1238|1501|1722|1847|1 Recep 1448
20261211|0615|0746|1239|1501|1722|1847|2 Recep 1448
20261212|0616|0746|1239|1501|1722|1847|3 Recep 1448
20261213|0616|0747|1240|1501|1722|1847|4 Recep 1448
20261214|0617|0748|1240|1502|1722|1848|5 Recep 1448
20261215|0618|0749|1241|1502|1723|1848|6 Recep 1448
20261216|0618|0749|1241|1502|1723|1848|7 Recep 1448
20261217|0619|0750|1242|1503|1723|1849|8 Recep 1448
20261218|0620|0751|1242|1503|1724|1849|9 Recep 1448
20261219|0620|0751|1243|1503|1724|1849|10 Recep 1448
20261220|0621|0752|1243|1504|1724|1850|11 Recep 1448
20261221|0621|0752|1243|1504|1725|1850|12 Recep 1448
20261222|0622|0753|1244|1505|1725|1851|13 Recep 1448
20261223|0622|0753|1244|1505|1726|1851|14 Recep 1448
20261224|0623|0754|1245|1506|1726|1852|15 Recep 1448
20261225|0623|0754|1245|1506|1727|1852|16 Recep 1448
20261226|0624|0754|1246|1507|1728|1853|17 Recep 1448
20261227|0624|0755|1246|1508|1728|1854|18 Recep 1448
20261228|0624|0755|1247|1508|1729|1854|19 Recep 1448
20261229|0625|0755|1247|1509|1730|1855|20 Recep 1448
20261230|0625|0756|1248|1510|1730|1856|21 Recep 1448
20261231|0625|0756|1248|1510|1731|1856|22 Recep 1448
20270101|0625|0756|1249|1511|1732|1857|23 Recep 1448
20270102|0626|0756|1249|1512|1733|1858|24 Recep 1448
20270103|0626|0756|1250|1513|1733|1858|25 Recep 1448
20270104|0626|0756|1250|1513|1734|1859|26 Recep 1448
20270105|0626|0756|1251|1514|1735|1900|27 Recep 1448
20270106|0626|0756|1251|1515|1736|1901|28 Recep 1448
20270107|0626|0756|1252|1516|1737|1902|29 Recep 1448
20270108|0626|0756|1252|1517|1738|1903|30 Recep 1448
20270109|0626|0756|1252|1518|1739|1903|1 Şaban 1448
20270110|0626|0756|1253|1519|1740|1904|2 Şaban 1448
20270111|0626|0756|1253|1520|1741|1905|3 Şaban 1448
20270112|0626|0755|1254|1520|1742|1906|4 Şaban 1448
20270113|0626|0755|1254|1521|1743|1907|5 Şaban 1448
20270114|0626|0755|1254|1522|1744|1908|6 Şaban 1448
20270115|0625|0754|1255|1523|1745|1909|7 Şaban 1448
20270116|0625|0754|1255|1524|1746|1910|8 Şaban 1448
20270117|0625|0754|1256|1525|1748|1911|9 Şaban 1448
20270118|0625|0753|1256|1526|1749|1912|10 Şaban 1448
20270119|0624|0753|1256|1527|1750|1913|11 Şaban 1448
20270120|0624|0752|1256|1528|1751|1914|12 Şaban 1448
20270121|0623|0751|1257|1529|1752|1915|13 Şaban 1448
20270122|0623|0751|1257|1530|1753|1916|14 Şaban 1448
20270123|0623|0750|1257|1531|1754|1917|15 Şaban 1448
20270124|0622|0750|1258|1532|1756|1918|16 Şaban 1448
20270125|0622|0749|1258|1533|1757|1919|17 Şaban 1448
20270126|0621|0748|1258|1534|1758|1920|18 Şaban 1448
20270127|0620|0747|1258|1535|1759|1921|19 Şaban 1448
20270128|0620|0747|1258|1536|1800|1922|20 Şaban 1448
20270129|0619|0746|1259|1537|1802|1923|21 Şaban 1448
20270130|0618|0745|1259|1538|1803|1924|22 Şaban 1448
20270131|0618|0744|1259|1539|1804|1925|23 Şaban 1448
20270201|0617|0743|1259|1540|1805|1926|24 Şaban 1448
20270202|0616|0742|1259|1541|1806|1927|25 Şaban 1448
20270203|0615|0741|1259|1542|1808|1928|26 Şaban 1448
20270204|0614|0740|1259|1543|1809|1929|27 Şaban 1448
20270205|0614|0739|1300|1544|1810|1930|28 Şaban 1448
20270206|0613|0738|1300|1545|1811|1931|29 Şaban 1448
20270207|0612|0737|1300|1546|1812|1932|30 Şaban 1448
20270208|0611|0736|1300|1547|1814|1934|1 Ramazan 1448
20270209|0610|0735|1300|1548|1815|1935|2 Ramazan 1448
20270210|0609|0734|1300|1549|1816|1936|3 Ramazan 1448
20270211|0608|0733|1300|1550|1817|1937|4 Ramazan 1448
20270212|0607|0731|1300|1551|1818|1938|5 Ramazan 1448
20270213|0606|0730|1300|1552|1820|1939|6 Ramazan 1448
20270214|0605|0729|1300|1553|1821|1940|7 Ramazan 1448
20270215|0603|0728|1300|1554|1822|1941|8 Ramazan 1448
20270216|0602|0726|1300|1555|1823|1942|9 Ramazan 1448
20270217|0601|0725|1300|1556|1824|1943|10 Ramazan 1448
20270218|0600|0724|1300|1557|1826|1944|11 Ramazan 1448
20270219|0559|0722|1300|1557|1827|1945|12 Ramazan 1448
20270220|0557|0721|1259|1558|1828|1946|13 Ramazan 1448
20270221|0556|0720|1259|1559|1829|1947|14 Ramazan 1448
20270222|0555|0718|1259|1600|1830|1949|15 Ramazan 1448
20270223|0553|0717|1259|1601|1831|1950|16 Ramazan 1448
20270224|0552|0715|1259|1602|1833|1951|17 Ramazan 1448
20270225|0551|0714|1259|1602|1834|1952|18 Ramazan 1448
20270226|0549|0713|1259|1603|1835|1953|19 Ramazan 1448
20270227|0548|0711|1258|1604|1836|1954|20 Ramazan 1448
20270228|0546|0710|1258|1605|1837|1955|21 Ramazan 1448
20270301|0545|0708|1258|1605|1838|1956|22 Ramazan 1448
20270302|0543|0707|1258|1606|1839|1957|23 Ramazan 1448
20270303|0542|0705|1258|1607|1840|1958|24 Ramazan 1448
20270304|0540|0704|1258|1608|1841|1959|25 Ramazan 1448
20270305|0539|0702|1257|1608|1843|2000|26 Ramazan 1448
20270306|0537|0701|1257|1609|1844|2002|27 Ramazan 1448
20270307|0536|0659|1257|1610|1845|2003|28 Ramazan 1448
20270308|0534|0657|1257|1610|1846|2004|29 Ramazan 1448
20270309|0533|0656|1256|1611|1847|2005|1 Şevval 1448
20270310|0531|0654|1256|1612|1848|2006|2 Şevval 1448
20270311|0529|0653|1256|1612|1849|2007|3 Şevval 1448
20270312|0528|0651|1256|1613|1850|2008|4 Şevval 1448
20270313|0526|0649|1255|1613|1851|2009|5 Şevval 1448
20270314|0524|0648|1255|1614|1852|2010|6 Şevval 1448
20270315|0523|0646|1255|1615|1853|2011|7 Şevval 1448
20270316|0521|0645|1255|1615|1854|2013|8 Şevval 1448
20270317|0519|0643|1254|1616|1855|2014|9 Şevval 1448
20270318|0518|0641|1254|1616|1857|2015|10 Şevval 1448
20270319|0516|0640|1254|1617|1858|2016|11 Şevval 1448
20270320|0514|0638|1253|1617|1859|2017|12 Şevval 1448
20270321|0512|0637|1253|1618|1900|2018|13 Şevval 1448
20270322|0511|0635|1253|1618|1901|2019|14 Şevval 1448
20270323|0509|0633|1252|1619|1902|2021|15 Şevval 1448
20270324|0507|0632|1252|1619|1903|2022|16 Şevval 1448
20270325|0505|0630|1252|1620|1904|2023|17 Şevval 1448
20270326|0504|0628|1252|1620|1905|2024|18 Şevval 1448
20270327|0502|0627|1251|1621|1906|2025|19 Şevval 1448
20270328|0500|0625|1251|1621|1907|2026|20 Şevval 1448
20270329|0458|0623|1251|1622|1908|2028|21 Şevval 1448
20270330|0456|0622|1250|1622|1909|2029|22 Şevval 1448
20270331|0454|0620|1250|1622|1910|2030|23 Şevval 1448
20270401|0453|0619|1250|1623|1911|2031|24 Şevval 1448
20270402|0451|0617|1249|1623|1912|2033|25 Şevval 1448
20270403|0449|0615|1249|1624|1913|2034|26 Şevval 1448
20270404|0447|0614|1249|1624|1914|2035|27 Şevval 1448
20270405|0445|0612|1249|1624|1915|2036|28 Şevval 1448
20270406|0443|0611|1248|1625|1916|2037|29 Şevval 1448
20270407|0442|0609|1248|1625|1917|2039|30 Şevval 1448
20270408|0440|0607|1248|1625|1918|2040|1 Zilkade 1448
20270409|0438|0606|1247|1626|1919|2041|2 Zilkade 1448
20270410|0436|0604|1247|1626|1920|2043|3 Zilkade 1448
20270411|0434|0603|1247|1626|1921|2044|4 Zilkade 1448
20270412|0432|0601|1247|1627|1922|2045|5 Zilkade 1448
20270413|0430|0600|1246|1627|1923|2047|6 Zilkade 1448
20270414|0428|0558|1246|1627|1924|2048|7 Zilkade 1448
20270415|0427|0557|1246|1628|1925|2049|8 Zilkade 1448
20270416|0425|0555|1246|1628|1926|2051|9 Zilkade 1448
20270417|0423|0554|1245|1628|1927|2052|10 Zilkade 1448
20270418|0421|0552|1245|1629|1928|2053|11 Zilkade 1448
20270419|0419|0551|1245|1629|1929|2055|12 Zilkade 1448
20270420|0417|0549|1245|1629|1930|2056|13 Zilkade 1448
20270421|0416|0548|1245|1629|1931|2057|14 Zilkade 1448
20270422|0414|0546|1244|1630|1932|2059|15 Zilkade 1448
20270423|0412|0545|1244|1630|1933|2100|16 Zilkade 1448
20270424|0410|0543|1244|1630|1934|2102|17 Zilkade 1448
20270425|0408|0542|1244|1631|1935|2103|18 Zilkade 1448
20270426|0406|0541|1244|1631|1937|2104|19 Zilkade 1448
20270427|0405|0539|1243|1631|1938|2106|20 Zilkade 1448
20270428|0403|0538|1243|1631|1939|2107|21 Zilkade 1448
20270429|0401|0537|1243|1632|1940|2109|22 Zilkade 1448
20270430|0359|0535|1243|1632|1941|2110|23 Zilkade 1448
20270501|0358|0534|1243|1632|1942|2112|24 Zilkade 1448
20270502|0356|0533|1243|1632|1943|2113|25 Zilkade 1448
20270503|0354|0532|1243|1633|1944|2114|26 Zilkade 1448
20270504|0352|0530|1243|1633|1945|2116|27 Zilkade 1448
20270505|0351|0529|1242|1633|1946|2117|28 Zilkade 1448
20270506|0349|0528|1242|1634|1947|2119|29 Zilkade 1448
20270507|0347|0527|1242|1634|1948|2120|1 Zilhicce 1448
20270508|0346|0526|1242|1634|1949|2122|2 Zilhicce 1448
20270509|0344|0525|1242|1634|1950|2123|3 Zilhicce 1448
20270510|0343|0524|1242|1635|1951|2125|4 Zilhicce 1448
20270511|0341|0523|1242|1635|1952|2126|5 Zilhicce 1448
20270512|0339|0522|1242|1635|1953|2128|6 Zilhicce 1448
20270513|0338|0521|1242|1635|1954|2129|7 Zilhicce 1448
20270514|0336|0520|1242|1636|1955|2130|8 Zilhicce 1448
20270515|0335|0519|1242|1636|1956|2132|9 Zilhicce 1448
20270516|0333|0518|1242|1636|1956|2133|10 Zilhicce 1448
20270517|0332|0517|1242|1636|1957|2135|11 Zilhicce 1448
20270518|0331|0516|1242|1637|1958|2136|12 Zilhicce 1448
20270519|0329|0515|1242|1637|1959|2137|13 Zilhicce 1448
20270520|0328|0514|1242|1637|2000|2139|14 Zilhicce 1448
20270521|0327|0513|1242|1637|2001|2140|15 Zilhicce 1448
20270522|0325|0513|1242|1638|2002|2142|16 Zilhicce 1448
20270523|0324|0512|1242|1638|2003|2143|17 Zilhicce 1448
20270524|0323|0511|1242|1638|2004|2144|18 Zilhicce 1448
20270525|0322|0511|1243|1638|2005|2146|19 Zilhicce 1448
20270526|0320|0510|1243|1639|2005|2147|20 Zilhicce 1448
20270527|0319|0509|1243|1639|2006|2148|21 Zilhicce 1448
20270528|0318|0509|1243|1639|2007|2149|22 Zilhicce 1448
20270529|0317|0508|1243|1640|2008|2151|23 Zilhicce 1448
20270530|0316|0508|1243|1640|2009|2152|24 Zilhicce 1448
20270531|0315|0507|1243|1640|2009|2153|25 Zilhicce 1448
20270601|0314|0507|1243|1640|2010|2154|26 Zilhicce 1448
20270602|0314|0506|1244|1641|2011|2155|27 Zilhicce 1448
20270603|0313|0506|1244|1641|2012|2156|28 Zilhicce 1448
20270604|0312|0506|1244|1641|2012|2157|29 Zilhicce 1448
20270605|0311|0505|1244|1641|2013|2158|30 Zilhicce 1448
20270606|0311|0505|1244|1642|2014|2159|1 Muharrem 1449
20270607|0310|0505|1244|1642|2014|2200|2 Muharrem 1449
20270608|0310|0504|1245|1642|2015|2201|3 Muharrem 1449
20270609|0309|0504|1245|1643|2015|2202|4 Muharrem 1449
20270610|0309|0504|1245|1643|2016|2203|5 Muharrem 1449
20270611|0308|0504|1245|1643|2017|2203|6 Muharrem 1449
20270612|0308|0504|1245|1643|2017|2204|7 Muharrem 1449
20270613|0308|0504|1246|1644|2018|2205|8 Muharrem 1449
20270614|0307|0504|1246|1644|2018|2205|9 Muharrem 1449
20270615|0307|0504|1246|1644|2018|2206|10 Muharrem 1449
20270616|0307|0504|1246|1644|2019|2207|11 Muharrem 1449
20270617|0307|0504|1246|1645|2019|2207|12 Muharrem 1449
20270618|0307|0504|1247|1645|2020|2207|13 Muharrem 1449
20270619|0307|0504|1247|1645|2020|2208|14 Muharrem 1449
20270620|0307|0504|1247|1645|2020|2208|15 Muharrem 1449
20270621|0307|0504|1247|1645|2020|2208|16 Muharrem 1449
20270622|0308|0505|1248|1646|2021|2209|17 Muharrem 1449
20270623|0308|0505|1248|1646|2021|2209|18 Muharrem 1449
20270624|0308|0505|1248|1646|2021|2209|19 Muharrem 1449
20270625|0308|0505|1248|1646|2021|2209|20 Muharrem 1449
20270626|0309|0506|1248|1646|2021|2209|21 Muharrem 1449
20270627|0309|0506|1249|1647|2021|2209|22 Muharrem 1449
20270628|0310|0506|1249|1647|2021|2209|23 Muharrem 1449
20270629|0310|0507|1249|1647|2021|2209|24 Muharrem 1449
20270630|0311|0507|1249|1647|2021|2209|25 Muharrem 1449
20270701|0312|0508|1249|1647|2021|2208|26 Muharrem 1449
20270702|0313|0508|1250|1647|2021|2208|27 Muharrem 1449
20270703|0313|0509|1250|1648|2021|2208|28 Muharrem 1449
20270704|0314|0509|1250|1648|2021|2207|29 Muharrem 1449
20270705|0315|0510|1250|1648|2021|2207|1 Safer 1449
20270706|0316|0510|1250|1648|2020|2206|2 Safer 1449
20270707|0317|0511|1251|1648|2020|2206|3 Safer 1449
20270708|0318|0512|1251|1648|2020|2205|4 Safer 1449
20270709|0319|0512|1251|1648|2019|2204|5 Safer 1449
20270710|0320|0513|1251|1648|2019|2204|6 Safer 1449
20270711|0321|0514|1251|1648|2019|2203|7 Safer 1449
20270712|0322|0514|1251|1648|2018|2202|8 Safer 1449
20270713|0323|0515|1251|1648|2018|2201|9 Safer 1449
20270714|0324|0516|1252|1648|2017|2200|10 Safer 1449
20270715|0326|0517|1252|1648|2017|2159|11 Safer 1449
20270716|0327|0517|1252|1648|2016|2158|12 Safer 1449
20270717|0328|0518|1252|1648|2016|2157|13 Safer 1449
20270718|0329|0519|1252|1648|2015|2156|14 Safer 1449
20270719|0331|0520|1252|1648|2014|2155|15 Safer 1449
20270720|0332|0521|1252|1648|2014|2154|16 Safer 1449
20270721|0333|0521|1252|1648|2013|2153|17 Safer 1449
20270722|0335|0522|1252|1648|2012|2152|18 Safer 1449
20270723|0336|0523|1252|1647|2011|2151|19 Safer 1449
20270724|0337|0524|1252|1647|2010|2149|20 Safer 1449
20270725|0339|0525|1252|1647|2010|2148|21 Safer 1449
20270726|0340|0526|1252|1647|2009|2147|22 Safer 1449
20270727|0342|0527|1252|1647|2008|2145|23 Safer 1449
20270728|0343|0528|1252|1646|2007|2144|24 Safer 1449
20270729|0345|0528|1252|1646|2006|2143|25 Safer 1449
20270730|0346|0529|1252|1646|2005|2141|26 Safer 1449
20270731|0347|0530|1252|1646|2004|2140|27 Safer 1449
20270801|0349|0531|1252|1645|2003|2138|28 Safer 1449
20270802|0350|0532|1252|1645|2002|2137|29 Safer 1449
20270803|0352|0533|1252|1645|2001|2135|1 Rebiulevvel 1449
20270804|0353|0534|1252|1644|2000|2133|2 Rebiulevvel 1449
20270805|0355|0535|1252|1644|1959|2132|3 Rebiulevvel 1449
20270806|0356|0536|1252|1643|1958|2130|4 Rebiulevvel 1449
20270807|0358|0537|1252|1643|1956|2129|5 Rebiulevvel 1449
20270808|0359|0538|1251|1642|1955|2127|6 Rebiulevvel 1449
20270809|0400|0539|1251|1642|1954|2125|7 Rebiulevvel 1449
20270810|0402|0540|1251|1641|1953|2124|8 Rebiulevvel 1449
20270811|0403|0541|1251|1641|1951|2122|9 Rebiulevvel 1449
20270812|0405|0542|1251|1640|1950|2120|10 Rebiulevvel 1449
20270813|0406|0543|1251|1640|1949|2119|11 Rebiulevvel 1449
20270814|0408|0544|1251|1639|1948|2117|12 Rebiulevvel 1449
20270815|0409|0544|1250|1639|1946|2115|13 Rebiulevvel 1449
20270816|0410|0545|1250|1638|1945|2113|14 Rebiulevvel 1449
20270817|0412|0546|1250|1637|1943|2112|15 Rebiulevvel 1449
20270818|0413|0547|1250|1637|1942|2110|16 Rebiulevvel 1449
20270819|0415|0548|1249|1636|1941|2108|17 Rebiulevvel 1449
20270820|0416|0549|1249|1635|1939|2106|18 Rebiulevvel 1449
20270821|0417|0550|1249|1635|1938|2104|19 Rebiulevvel 1449
20270822|0419|0551|1249|1634|1936|2103|20 Rebiulevvel 1449
20270823|0420|0552|1249|1633|1935|2101|21 Rebiulevvel 1449
20270824|0421|0553|1248|1633|1933|2059|22 Rebiulevvel 1449
20270825|0423|0554|1248|1632|1932|2057|23 Rebiulevvel 1449
20270826|0424|0555|1248|1631|1930|2055|24 Rebiulevvel 1449
20270827|0425|0556|1247|1630|1929|2053|25 Rebiulevvel 1449
20270828|0427|0557|1247|1629|1927|2052|26 Rebiulevvel 1449
20270829|0428|0558|1247|1629|1926|2050|27 Rebiulevvel 1449
20270830|0429|0559|1247|1628|1924|2048|28 Rebiulevvel 1449
20270831|0431|0600|1246|1627|1923|2046|29 Rebiulevvel 1449
20270901|0432|0601|1246|1626|1921|2044|30 Rebiulevvel 1449
20270902|0433|0602|1246|1625|1920|2042|1 Rebiulahir 1449
20270903|0434|0603|1245|1624|1918|2040|2 Rebiulahir 1449
20270904|0436|0604|1245|1623|1916|2039|3 Rebiulahir 1449
20270905|0437|0605|1245|1622|1915|2037|4 Rebiulahir 1449
20270906|0438|0605|1244|1621|1913|2035|5 Rebiulahir 1449
20270907|0439|0606|1244|1620|1912|2033|6 Rebiulahir 1449
20270908|0440|0607|1244|1619|1910|2031|7 Rebiulahir 1449
20270909|0442|0608|1243|1618|1908|2029|8 Rebiulahir 1449
20270910|0443|0609|1243|1617|1907|2027|9 Rebiulahir 1449
20270911|0444|0610|1243|1616|1905|2025|10 Rebiulahir 1449
20270912|0445|0611|1242|1615|1903|2024|11 Rebiulahir 1449
20270913|0446|0612|1242|1614|1902|2022|12 Rebiulahir 1449
20270914|0448|0613|1242|1613|1900|2020|13 Rebiulahir 1449
20270915|0449|0614|1241|1612|1858|2018|14 Rebiulahir 1449
20270916|0450|0615|1241|1611|1857|2016|15 Rebiulahir 1449
20270917|0451|0616|1240|1610|1855|2014|16 Rebiulahir 1449
20270918|0452|0617|1240|1609|1853|2013|17 Rebiulahir 1449
20270919|0453|0618|1240|1608|1852|2011|18 Rebiulahir 1449
20270920|0454|0619|1239|1607|1850|2009|19 Rebiulahir 1449
20270921|0455|0620|1239|1605|1848|2007|20 Rebiulahir 1449
20270922|0456|0621|1239|1604|1847|2005|21 Rebiulahir 1449
20270923|0458|0622|1238|1603|1845|2004|22 Rebiulahir 1449
20270924|0459|0623|1238|1602|1843|2002|23 Rebiulahir 1449
20270925|0500|0624|1238|1601|1842|2000|24 Rebiulahir 1449
20270926|0501|0625|1237|1600|1840|1958|25 Rebiulahir 1449
20270927|0502|0625|1237|1559|1838|1957|26 Rebiulahir 1449
20270928|0503|0626|1237|1557|1837|1955|27 Rebiulahir 1449
20270929|0504|0627|1236|1556|1835|1953|28 Rebiulahir 1449
20270930|0505|0628|1236|1555|1833|1951|29 Rebiulahir 1449
20271001|0506|0629|1236|1554|1832|1950|1 Cemaziyelevvel 1449
20271002|0507|0630|1235|1553|1830|1948|2 Cemaziyelevvel 1449
20271003|0508|0631|1235|1552|1828|1946|3 Cemaziyelevvel 1449
20271004|0509|0632|1235|1550|1827|1945|4 Cemaziyelevvel 1449
20271005|0510|0633|1234|1549|1825|1943|5 Cemaziyelevvel 1449
20271006|0511|0634|1234|1548|1824|1941|6 Cemaziyelevvel 1449
20271007|0512|0635|1234|1547|1822|1940|7 Cemaziyelevvel 1449
20271008|0513|0636|1233|1546|1820|1938|8 Cemaziyelevvel 1449
20271009|0514|0637|1233|1544|1819|1937|9 Cemaziyelevvel 1449
20271010|0515|0638|1233|1543|1817|1935|10 Cemaziyelevvel 1449
20271011|0516|0639|1233|1542|1816|1934|11 Cemaziyelevvel 1449
20271012|0517|0641|1232|1541|1814|1932|12 Cemaziyelevvel 1449
20271013|0518|0642|1232|1540|1813|1931|13 Cemaziyelevvel 1449
20271014|0519|0643|1232|1539|1811|1929|14 Cemaziyelevvel 1449
20271015|0520|0644|1232|1537|1810|1928|15 Cemaziyelevvel 1449
20271016|0521|0645|1231|1536|1808|1926|16 Cemaziyelevvel 1449
20271017|0522|0646|1231|1535|1807|1925|17 Cemaziyelevvel 1449
20271018|0523|0647|1231|1534|1805|1923|18 Cemaziyelevvel 1449
20271019|0524|0648|1231|1533|1804|1922|19 Cemaziyelevvel 1449
20271020|0525|0649|1231|1532|1802|1920|20 Cemaziyelevvel 1449
20271021|0527|0650|1230|1531|1801|1919|21 Cemaziyelevvel 1449
20271022|0528|0651|1230|1530|1759|1918|22 Cemaziyelevvel 1449
20271023|0529|0652|1230|1529|1758|1916|23 Cemaziyelevvel 1449
20271024|0530|0653|1230|1527|1757|1915|24 Cemaziyelevvel 1449
20271025|0531|0654|1230|1526|1755|1914|25 Cemaziyelevvel 1449
20271026|0532|0656|1230|1525|1754|1913|26 Cemaziyelevvel 1449
20271027|0533|0657|1230|1524|1753|1911|27 Cemaziyelevvel 1449
20271028|0534|0658|1230|1523|1751|1910|28 Cemaziyelevvel 1449
20271029|0535|0659|1229|1522|1750|1909|29 Cemaziyelevvel 1449
20271030|0536|0700|1229|1521|1749|1908|30 Cemaziyelevvel 1449
20271031|0537|0701|1229|1520|1747|1907|1 Cemaziyelahir 1449
20271101|0538|0702|1229|1519|1746|1906|2 Cemaziyelahir 1449
20271102|0539|0703|1229|1518|1745|1905|3 Cemaziyelahir 1449
20271103|0540|0705|1229|1517|1744|1904|4 Cemaziyelahir 1449
20271104|0541|0706|1229|1517|1743|1903|5 Cemaziyelahir 1449
20271105|0542|0707|1229|1516|1742|1902|6 Cemaziyelahir 1449
20271106|0543|0708|1229|1515|1741|1901|7 Cemaziyelahir 1449
20271107|0544|0709|1229|1514|1739|1900|8 Cemaziyelahir 1449
20271108|0545|0710|1229|1513|1738|1859|9 Cemaziyelahir 1449
20271109|0546|0712|1229|1512|1737|1858|10 Cemaziyelahir 1449
20271110|0547|0713|1230|1511|1736|1857|11 Cemaziyelahir 1449
20271111|0548|0714|1230|1511|1735|1856|12 Cemaziyelahir 1449
20271112|0549|0715|1230|1510|1734|1856|13 Cemaziyelahir 1449
20271113|0550|0716|1230|1509|1734|1855|14 Cemaziyelahir 1449
20271114|0551|0717|1230|1509|1733|1854|15 Cemaziyelahir 1449
20271115|0552|0718|1230|1508|1732|1853|16 Cemaziyelahir 1449
20271116|0553|0720|1230|1507|1731|1853|17 Cemaziyelahir 1449
20271117|0554|0721|1230|1507|1730|1852|18 Cemaziyelahir 1449
20271118|0555|0722|1231|1506|1729|1852|19 Cemaziyelahir 1449
20271119|0556|0723|1231|1505|1729|1851|20 Cemaziyelahir 1449
20271120|0556|0724|1231|1505|1728|1850|21 Cemaziyelahir 1449
20271121|0557|0725|1231|1504|1727|1850|22 Cemaziyelahir 1449
20271122|0558|0726|1232|1504|1727|1849|23 Cemaziyelahir 1449
20271123|0559|0728|1232|1504|1726|1849|24 Cemaziyelahir 1449
20271124|0600|0729|1232|1503|1726|1849|25 Cemaziyelahir 1449
20271125|0601|0730|1232|1503|1725|1848|26 Cemaziyelahir 1449
20271126|0602|0731|1233|1502|1725|1848|27 Cemaziyelahir 1449
20271127|0603|0732|1233|1502|1724|1848|28 Cemaziyelahir 1449
20271128|0604|0733|1233|1502|1724|1847|29 Cemaziyelahir 1449
20271129|0605|0734|1234|1502|1723|1847|1 Recep 1449
20271130|0606|0735|1234|1501|1723|1847|2 Recep 1449
20271201|0607|0736|1234|1501|1723|1847|3 Recep 1449
20271202|0608|0737|1235|1501|1723|1847|4 Recep 1449
20271203|0608|0738|1235|1501|1722|1847|5 Recep 1449
20271204|0609|0739|1236|1501|1722|1846|6 Recep 1449
20271205|0610|0740|1236|1501|1722|1846|7 Recep 1449
20271206|0611|0741|1236|1501|1722|1846|8 Recep 1449
20271207|0612|0742|1237|1501|1722|1846|9 Recep 1449
20271208|0613|0743|1237|1501|1722|1846|10 Recep 1449
20271209|0613|0744|1238|1501|1722|1847|11 Recep 1449
20271210|0614|0744|1238|1501|1722|1847|12 Recep 1449
20271211|0615|0745|1239|1501|1722|1847|13 Recep 1449
20271212|0616|0746|1239|1501|1722|1847|14 Recep 1449
20271213|0616|0747|1239|1501|1722|1847|15 Recep 1449
20271214|0617|0748|1240|1502|1722|1848|16 Recep 1449
20271215|0618|0748|1240|1502|1723|1848|17 Recep 1449
20271216|0618|0749|1241|1502|1723|1848|18 Recep 1449
20271217|0619|0750|1241|1502|1723|1848|19 Recep 1449
20271218|0620|0750|1242|1503|1723|1849|20 Recep 1449
20271219|0620|0751|1242|1503|1724|1849|21 Recep 1449
20271220|0621|0752|1243|1504|1724|1850|22 Recep 1449
20271221|0621|0752|1243|1504|1725|1850|23 Recep 1449
20271222|0622|0753|1244|1505|1725|1851|24 Recep 1449
20271223|0622|0753|1244|1505|1726|1851|25 Recep 1449
20271224|0623|0754|1245|1506|1726|1852|26 Recep 1449
20271225|0623|0754|1245|1506|1727|1852|27 Recep 1449
20271226|0624|0754|1246|1507|1727|1853|28 Recep 1449
20271227|0624|0755|1246|1507|1728|1853|29 Recep 1449
20271228|0624|0755|1247|1508|1729|1854|30 Recep 1449
20271229|0625|0755|1247|1509|1729|1855|1 Şaban 1449
20271230|0625|0756|1248|1509|1730|1855|2 Şaban 1449
20271231|0625|0756|1248|1510|1731|1856|3 Şaban 1449
#@9368|Bayat|CORUM|730
20260101|0628|0800|1251|1512|1733|1859|12 Recep 1447
20260102|0629|0800|1252|1513|1734|1859|13 Recep 1447
20260103|0629|0800|1252|1514|1735|1900|14 Recep 1447
20260104|0629|0800|1253|1514|1735|1901|15 Recep 1447
20260105|0629|0800|1253|1515|1736|1902|16 Recep 1447
20260106|0629|0800|1254|1516|1737|1903|17 Recep 1447
20260107|0629|0800|1254|1517|1738|1904|18 Recep 1447
20260108|0629|0800|1254|1518|1739|1904|19 Recep 1447
20260109|0629|0800|1255|1519|1740|1905|20 Recep 1447
20260110|0629|0759|1255|1520|1741|1906|21 Recep 1447
20260111|0629|0759|1256|1521|1742|1907|22 Recep 1447
20260112|0629|0759|1256|1522|1743|1908|23 Recep 1447
20260113|0629|0759|1256|1523|1744|1909|24 Recep 1447
20260114|0628|0758|1257|1524|1745|1910|25 Recep 1447
20260115|0628|0758|1257|1525|1747|1911|26 Recep 1447
20260116|0628|0757|1258|1526|1748|1912|27 Recep 1447
20260117|0628|0757|1258|1527|1749|1913|28 Recep 1447
20260118|0627|0757|1258|1528|1750|1914|29 Recep 1447
20260119|0627|0756|1259|1529|1751|1915|30 Recep 1447
20260120|0627|0755|1259|1530|1752|1916|1 Şaban 1447
20260121|0626|0755|1259|1531|1753|1917|2 Şaban 1447
20260122|0626|0754|1259|1532|1755|1918|3 Şaban 1447
20260123|0625|0754|1300|1533|1756|1919|4 Şaban 1447
20260124|0625|0753|1300|1534|1757|1920|5 Şaban 1447
20260125|0624|0752|1300|1535|1758|1921|6 Şaban 1447
20260126|0624|0751|1300|1536|1759|1922|7 Şaban 1447
20260127|0623|0751|1301|1537|1801|1923|8 Şaban 1447
20260128|0622|0750|1301|1538|1802|1924|9 Şaban 1447
20260129|0622|0749|1301|1539|1803|1925|10 Şaban 1447
20260130|0621|0748|1301|1540|1804|1926|11 Şaban 1447
20260131|0620|0747|1301|1541|1806|1927|12 Şaban 1447
20260201|0619|0746|1301|1542|1807|1928|13 Şaban 1447
20260202|0619|0745|1302|1543|1808|1929|14 Şaban 1447
20260203|0618|0744|1302|1544|1809|1930|15 Şaban 1447
20260204|0617|0743|1302|1545|1810|1932|16 Şaban 1447
20260205|0616|0742|1302|1546|1812|1933|17 Şaban 1447
20260206|0615|0741|1302|1547|1813|1934|18 Şaban 1447
20260207|0614|0740|1302|1548|1814|1935|19 Şaban 1447
20260208|0613|0739|1302|1549|1815|1936|20 Şaban 1447
20260209|0612|0738|1302|1550|1817|1937|21 Şaban 1447
20260210|0611|0737|1302|1551|1818|1938|22 Şaban 1447
20260211|0610|0735|1302|1552|1819|1939|23 Şaban 1447
20260212|0609|0734|1302|1553|1820|1940|24 Şaban 1447
20260213|0608|0733|1302|1554|1821|1941|25 Şaban 1447
20260214|0607|0732|1302|1555|1823|1942|26 Şaban 1447
20260215|0605|0730|1302|1556|1824|1943|27 Şaban 1447
20260216|0604|0729|1302|1557|1825|1945|28 Şaban 1447
20260217|0603|0728|1302|1557|1826|1946|29 Şaban 1447
20260218|0602|0726|1302|1558|1828|1947|30 Şaban 1447
20260219|0601|0725|1302|1559|1829|1948|1 Ramazan 1447
20260220|0559|0724|1302|1600|1830|1949|2 Ramazan 1447
20260221|0558|0722|1302|1601|1831|1950|3 Ramazan 1447
20260222|0557|0721|1302|1602|1832|1951|4 Ramazan 1447
20260223|0555|0719|1301|1603|1833|1952|5 Ramazan 1447
20260224|0554|0718|1301|1603|1835|1953|6 Ramazan 1447
20260225|0552|0716|1301|1604|1836|1954|7 Ramazan 1447
20260226|0551|0715|1301|1605|1837|1956|8 Ramazan 1447
20260227|0550|0713|1301|1606|1838|1957|9 Ramazan 1447
20260228|0548|0712|1301|1607|1839|1958|10 Ramazan 1447
20260301|0547|0710|1300|1607|1840|1959|11 Ramazan 1447
20260302|0545|0709|1300|1608|1841|2000|12 Ramazan 1447
20260303|0544|0707|1300|1609|1843|2001|13 Ramazan 1447
20260304|0542|0706|1300|1610|1844|2002|14 Ramazan 1447
20260305|0541|0704|1300|1610|1845|2003|15 Ramazan 1447
20260306|0539|0703|1259|1611|1846|2004|16 Ramazan 1447
20260307|0537|0701|1259|1612|1847|2006|17 Ramazan 1447
20260308|0536|0700|1259|1612|1848|2007|18 Ramazan 1447
20260309|0534|0658|1259|1613|1849|2008|19 Ramazan 1447
20260310|0533|0656|1258|1614|1850|2009|20 Ramazan 1447
20260311|0531|0655|1258|1614|1851|2010|21 Ramazan 1447
20260312|0529|0653|1258|1615|1853|2011|22 Ramazan 1447
20260313|0528|0652|1258|1616|1854|2012|23 Ramazan 1447
20260314|0526|0650|1257|1616|1855|2013|24 Ramazan 1447
20260315|0524|0648|1257|1617|1856|2015|25 Ramazan 1447
20260316|0522|0647|1257|1617|1857|2016|26 Ramazan 1447
20260317|0521|0645|1256|1618|1858|2017|27 Ramazan 1447
20260318|0519|0643|1256|1618|1859|2018|28 Ramazan 1447
20260319|0517|0642|1256|1619|1900|2019|29 Ramazan 1447
20260320|0515|0640|1256|1620|1901|2020|1 Şevval 1447
20260321|0514|0638|1255|1620|1902|2022|2 Şevval 1447
20260322|0512|0637|1255|1621|1903|2023|3 Şevval 1447
20260323|0510|0635|1255|1621|1904|2024|4 Şevval 1447
20260324|0508|0633|1254|1622|1905|2025|5 Şevval 1447
20260325|0506|0632|1254|1622|1906|2026|6 Şevval 1447
20260326|0505|0630|1254|1623|1908|2028|7 Şevval 1447
20260327|0503|0628|1253|1623|1909|2029|8 Şevval 1447
20260328|0501|0627|1253|1623|1910|2030|9 Şevval 1447
20260329|0459|0625|1253|1624|1911|2031|10 Şevval 1447
20260330|0457|0624|1253|1624|1912|2032|11 Şevval 1447
20260331|0455|0622|1252|1625|1913|2034|12 Şevval 1447
20260401|0453|0620|1252|1625|1914|2035|13 Şevval 1447
20260402|0452|0619|1252|1626|1915|2036|14 Şevval 1447
20260403|0450|0617|1251|1626|1916|2037|15 Şevval 1447
20260404|0448|0615|1251|1626|1917|2039|16 Şevval 1447
20260405|0446|0614|1251|1627|1918|2040|17 Şevval 1447
20260406|0444|0612|1251|1627|1919|2041|18 Şevval 1447
20260407|0442|0610|1250|1628|1920|2043|19 Şevval 1447
20260408|0440|0609|1250|1628|1921|2044|20 Şevval 1447
20260409|0438|0607|1250|1628|1922|2045|21 Şevval 1447
20260410|0436|0606|1249|1629|1923|2046|22 Şevval 1447
20260411|0435|0604|1249|1629|1924|2048|23 Şevval 1447
20260412|0433|0603|1249|1629|1925|2049|24 Şevval 1447
20260413|0431|0601|1249|1630|1926|2051|25 Şevval 1447
20260414|0429|0559|1248|1630|1927|2052|26 Şevval 1447
20260415|0427|0558|1248|1630|1928|2053|27 Şevval 1447
20260416|0425|0556|1248|1631|1929|2055|28 Şevval 1447
20260417|0423|0555|1248|1631|1930|2056|29 Şevval 1447
20260418|0421|0553|1247|1631|1932|2057|1 Zilkade 1447
20260419|0419|0552|1247|1632|1933|2059|2 Zilkade 1447
20260420|0418|0550|1247|1632|1934|2100|3 Zilkade 1447
20260421|0416|0549|1247|1632|1935|2102|4 Zilkade 1447
20260422|0414|0548|1247|1633|1936|2103|5 Zilkade 1447
20260423|0412|0546|1246|1633|1937|2104|6 Zilkade 1447
20260424|0410|0545|1246|1633|1938|2106|7 Zilkade 1447
20260425|0408|0543|1246|1633|1939|2107|8 Zilkade 1447
20260426|0406|0542|1246|1634|1940|2109|9 Zilkade 1447
20260427|0405|0541|1246|1634|1941|2110|10 Zilkade 1447
20260428|0403|0539|1246|1634|1942|2112|11 Zilkade 1447
20260429|0401|0538|1245|1635|1943|2113|12 Zilkade 1447
20260430|0359|0537|1245|1635|1944|2115|13 Zilkade 1447
20260501|0357|0535|1245|1635|1945|2116|14 Zilkade 1447
20260502|0356|0534|1245|1635|1946|2118|15 Zilkade 1447
20260503|0354|0533|1245|1636|1947|2119|16 Zilkade 1447
20260504|0352|0531|1245|1636|1948|2121|17 Zilkade 1447
20260505|0350|0530|1245|1636|1949|2122|18 Zilkade 1447
20260506|0349|0529|1245|1637|1950|2124|19 Zilkade 1447
20260507|0347|0528|1245|1637|1951|2125|20 Zilkade 1447
20260508|0345|0527|1245|1637|1952|2127|21 Zilkade 1447
20260509|0344|0526|1244|1637|1953|2128|22 Zilkade 1447
20260510|0342|0525|1244|1638|1954|2130|23 Zilkade 1447
20260511|0340|0523|1244|1638|1955|2131|24 Zilkade 1447
20260512|0339|0522|1244|1638|1956|2133|25 Zilkade 1447
20260513|0337|0521|1244|1638|1957|2134|26 Zilkade 1447
20260514|0336|0520|1244|1639|1958|2135|27 Zilkade 1447
20260515|0334|0519|1244|1639|1959|2137|28 Zilkade 1447
20260516|0333|0519|1244|1639|2000|2138|29 Zilkade 1447
20260517|0331|0518|1244|1640|2001|2140|30 Zilkade 1447
20260518|0330|0517|1244|1640|2002|2141|1 Zilhicce 1447
20260519|0328|0516|1244|1640|2003|2143|2 Zilhicce 1447
20260520|0327|0515|1245|1640|2004|2144|3 Zilhicce 1447
20260521|0326|0514|1245|1641|2005|2146|4 Zilhicce 1447
20260522|0324|0513|1245|1641|2006|2147|5 Zilhicce 1447
20260523|0323|0513|1245|1641|2007|2148|6 Zilhicce 1447
20260524|0322|0512|1245|1641|2008|2150|7 Zilhicce 1447
20260525|0321|0511|1245|1642|2009|2151|8 Zilhicce 1447
20260526|0319|0511|1245|1642|2009|2152|9 Zilhicce 1447
20260527|0318|0510|1245|1642|2010|2154|10 Zilhicce 1447
20260528|0317|0509|1245|1643|2011|2155|11 Zilhicce 1447
20260529|0316|0509|1245|1643|2012|2156|12 Zilhicce 1447
20260530|0315|0508|1245|1643|2013|2157|13 Zilhicce 1447
20260531|0314|0508|1246|1643|2013|2159|14 Zilhicce 1447
20260601|0313|0507|1246|1644|2014|2200|15 Zilhicce 1447
20260602|0312|0507|1246|1644|2015|2201|16 Zilhicce 1447
20260603|0312|0507|1246|1644|2016|2202|17 Zilhicce 1447
20260604|0311|0506|1246|1645|2016|2203|18 Zilhicce 1447
20260605|0310|0506|1246|1645|2017|2204|19 Zilhicce 1447
20260606|0309|0506|1247|1645|2018|2205|20 Zilhicce 1447
20260607|0309|0505|1247|1645|2018|2206|21 Zilhicce 1447
20260608|0308|0505|1247|1646|2019|2207|22 Zilhicce 1447
20260609|0308|0505|1247|1646|2019|2208|23 Zilhicce 1447
20260610|0307|0505|1247|1646|2020|2208|24 Zilhicce 1447
20260611|0307|0505|1248|1646|2021|2209|25 Zilhicce 1447
20260612|0307|0505|1248|1647|2021|2210|26 Zilhicce 1447
20260613|0306|0505|1248|1647|2022|2211|27 Zilhicce 1447
20260614|0306|0504|1248|1647|2022|2211|28 Zilhicce 1447
20260615|0306|0504|1248|1647|2022|2212|29 Zilhicce 1447
20260616|0306|0505|1249|1648|2023|2212|1 Muharrem 1448
20260617|0306|0505|1249|1648|2023|2213|2 Muharrem 1448
20260618|0306|0505|1249|1648|2023|2213|3 Muharrem 1448
20260619|0306|0505|1249|1648|2024|2214|4 Muharrem 1448
20260620|0306|0505|1249|1649|2024|2214|5 Muharrem 1448
20260621|0306|0505|1250|1649|2024|2214|6 Muharrem 1448
20260622|0306|0505|1250|1649|2025|2214|7 Muharrem 1448
20260623|0306|0506|1250|1649|2025|2215|8 Muharrem 1448
20260624|0307|0506|1250|1649|2025|2215|9 Muharrem 1448
20260625|0307|0506|1251|1650|2025|2215|10 Muharrem 1448
20260626|0308|0507|1251|1650|2025|2215|11 Muharrem 1448
20260627|0308|0507|1251|1650|2025|2215|12 Muharrem 1448
20260628|0309|0507|1251|1650|2025|2215|13 Muharrem 1448
20260629|0309|0508|1251|1650|2025|2214|14 Muharrem 1448
20260630|0310|0508|1252|1651|2025|2214|15 Muharrem 1448
20260701|0311|0509|1252|1651|2025|2214|16 Muharrem 1448
20260702|0311|0509|1252|1651|2025|2214|17 Muharrem 1448
20260703|0312|0510|1252|1651|2025|2213|18 Muharrem 1448
20260704|0313|0510|1252|1651|2025|2213|19 Muharrem 1448
20260705|0314|0511|1253|1651|2024|2212|20 Muharrem 1448
20260706|0315|0511|1253|1651|2024|2212|21 Muharrem 1448
20260707|0316|0512|1253|1651|2024|2211|22 Muharrem 1448
20260708|0317|0513|1253|1651|2023|2210|23 Muharrem 1448
20260709|0318|0513|1253|1651|2023|2210|24 Muharrem 1448
20260710|0319|0514|1253|1651|2023|2209|25 Muharrem 1448
20260711|0320|0515|1253|1651|2022|2208|26 Muharrem 1448
20260712|0321|0515|1254|1651|2022|2207|27 Muharrem 1448
20260713|0323|0516|1254|1651|2021|2206|28 Muharrem 1448
20260714|0324|0517|1254|1651|2021|2205|29 Muharrem 1448
20260715|0325|0518|1254|1651|2020|2204|1 Safer 1448
20260716|0326|0518|1254|1651|2020|2203|2 Safer 1448
20260717|0328|0519|1254|1651|2019|2202|3 Safer 1448
20260718|0329|0520|1254|1651|2018|2201|4 Safer 1448
20260719|0330|0521|1254|1651|2018|2200|5 Safer 1448
20260720|0332|0522|1254|1651|2017|2159|6 Safer 1448
20260721|0333|0523|1254|1651|2016|2158|7 Safer 1448
20260722|0334|0523|1254|1651|2016|2157|8 Safer 1448
20260723|0336|0524|1255|1651|2015|2155|9 Safer 1448
20260724|0337|0525|1255|1650|2014|2154|10 Safer 1448
20260725|0339|0526|1255|1650|2013|2153|11 Safer 1448
20260726|0340|0527|1255|1650|2012|2151|12 Safer 1448
20260727|0342|0528|1255|1650|2011|2150|13 Safer 1448
20260728|0343|0529|1255|1649|2010|2148|14 Safer 1448
20260729|0345|0530|1255|1649|2009|2147|15 Safer 1448
20260730|0346|0531|1254|1649|2008|2145|16 Safer 1448
20260731|0348|0532|1254|1648|2007|2144|17 Safer 1448
20260801|0349|0533|1254|1648|2006|2142|18 Safer 1448
20260802|0351|0534|1254|1648|2005|2141|19 Safer 1448
20260803|0352|0534|1254|1647|2004|2139|20 Safer 1448
20260804|0353|0535|1254|1647|2003|2138|21 Safer 1448
20260805|0355|0536|1254|1647|2002|2136|22 Safer 1448
20260806|0356|0537|1254|1646|2001|2134|23 Safer 1448
20260807|0358|0538|1254|1646|1959|2133|24 Safer 1448
20260808|0359|0539|1254|1645|1958|2131|25 Safer 1448
20260809|0401|0540|1254|1645|1957|2129|26 Safer 1448
20260810|0402|0541|1253|1644|1956|2128|27 Safer 1448
20260811|0404|0542|1253|1644|1954|2126|28 Safer 1448
20260812|0405|0543|1253|1643|1953|2124|29 Safer 1448
20260813|0407|0544|1253|1643|1952|2122|30 Safer 1448
20260814|0408|0545|1253|1642|1950|2121|1 Rebiulevvel 1448
20260815|0410|0546|1253|1641|1949|2119|2 Rebiulevvel 1448
20260816|0411|0547|1252|1641|1948|2117|3 Rebiulevvel 1448
20260817|0413|0548|1252|1640|1946|2115|4 Rebiulevvel 1448
20260818|0414|0549|1252|1639|1945|2113|5 Rebiulevvel 1448
20260819|0415|0550|1252|1639|1943|2112|6 Rebiulevvel 1448
20260820|0417|0551|1252|1638|1942|2110|7 Rebiulevvel 1448
20260821|0418|0552|1251|1637|1941|2108|8 Rebiulevvel 1448
20260822|0420|0553|1251|1637|1939|2106|9 Rebiulevvel 1448
20260823|0421|0554|1251|1636|1938|2104|10 Rebiulevvel 1448
20260824|0422|0555|1250|1635|1936|2102|11 Rebiulevvel 1448
20260825|0424|0556|1250|1634|1935|2100|12 Rebiulevvel 1448
20260826|0425|0557|1250|1633|1933|2059|13 Rebiulevvel 1448
20260827|0427|0558|1250|1633|1931|2057|14 Rebiulevvel 1448
20260828|0428|0559|1249|1632|1930|2055|15 Rebiulevvel 1448
20260829|0429|0600|1249|1631|1928|2053|16 Rebiulevvel 1448
20260830|0430|0601|1249|1630|1927|2051|17 Rebiulevvel 1448
20260831|0432|0602|1248|1629|1925|2049|18 Rebiulevvel 1448
20260901|0433|0603|1248|1628|1924|2047|19 Rebiulevvel 1448
20260902|0434|0604|1248|1627|1922|2045|20 Rebiulevvel 1448
20260903|0436|0605|1248|1626|1920|2043|21 Rebiulevvel 1448
20260904|0437|0606|1247|1625|1919|2042|22 Rebiulevvel 1448
20260905|0438|0607|1247|1624|1917|2040|23 Rebiulevvel 1448
20260906|0439|0608|1247|1623|1915|2038|24 Rebiulevvel 1448
20260907|0441|0609|1246|1622|1914|2036|25 Rebiulevvel 1448
20260908|0442|0610|1246|1621|1912|2034|26 Rebiulevvel 1448
20260909|0443|0611|1245|1620|1911|2032|27 Rebiulevvel 1448
20260910|0444|0611|1245|1619|1909|2030|28 Rebiulevvel 1448
20260911|0446|0612|1245|1618|1907|2028|29 Rebiulevvel 1448
20260912|0447|0613|1244|1617|1905|2026|1 Rebiulahir 1448
20260913|0448|0614|1244|1616|1904|2025|2 Rebiulahir 1448
20260914|0449|0615|1244|1615|1902|2023|3 Rebiulahir 1448
20260915|0450|0616|1243|1614|1900|2021|4 Rebiulahir 1448
20260916|0451|0617|1243|1613|1859|2019|5 Rebiulahir 1448
20260917|0453|0618|1243|1612|1857|2017|6 Rebiulahir 1448
20260918|0454|0619|1242|1611|1855|2015|7 Rebiulahir 1448
20260919|0455|0620|1242|1610|1854|2013|8 Rebiulahir 1448
20260920|0456|0621|1242|1608|1852|2012|9 Rebiulahir 1448
20260921|0457|0622|1241|1607|1850|2010|10 Rebiulahir 1448
20260922|0458|0623|1241|1606|1849|2008|11 Rebiulahir 1448
20260923|0459|0624|1241|1605|1847|2006|12 Rebiulahir 1448
20260924|0501|0625|1240|1604|1845|2004|13 Rebiulahir 1448
20260925|0502|0626|1240|1603|1844|2003|14 Rebiulahir 1448
20260926|0503|0627|1239|1601|1842|2001|15 Rebiulahir 1448
20260927|0504|0628|1239|1600|1840|1959|16 Rebiulahir 1448
20260928|0505|0629|1239|1559|1839|1957|17 Rebiulahir 1448
20260929|0506|0630|1238|1558|1837|1956|18 Rebiulahir 1448
20260930|0507|0631|1238|1557|1835|1954|19 Rebiulahir 1448
20261001|0508|0632|1238|1556|1834|1952|20 Rebiulahir 1448
20261002|0509|0633|1237|1554|1832|1950|21 Rebiulahir 1448
20261003|0510|0634|1237|1553|1830|1949|22 Rebiulahir 1448
20261004|0511|0635|1237|1552|1829|1947|23 Rebiulahir 1448
20261005|0512|0636|1237|1551|1827|1945|24 Rebiulahir 1448
20261006|0513|0637|1236|1550|1825|1944|25 Rebiulahir 1448
20261007|0514|0638|1236|1548|1824|1942|26 Rebiulahir 1448
20261008|0516|0639|1236|1547|1822|1941|27 Rebiulahir 1448
20261009|0517|0640|1235|1546|1820|1939|28 Rebiulahir 1448
20261010|0518|0641|1235|1545|1819|1937|29 Rebiulahir 1448
20261011|0519|0642|1235|1544|1817|1936|30 Rebiulahir 1448
20261012|0520|0643|1235|1542|1816|1934|1 Cemaziyelevvel 1448
20261013|0521|0645|1234|1541|1814|1933|2 Cemaziyelevvel 1448
20261014|0522|0646|1234|1540|1813|1931|3 Cemaziyelevvel 1448
20261015|0523|0647|1234|1539|1811|1930|4 Cemaziyelevvel 1448
20261016|0524|0648|1234|1538|1810|1928|5 Cemaziyelevvel 1448
20261017|0525|0649|1233|1537|1808|1927|6 Cemaziyelevvel 1448
20261018|0526|0650|1233|1535|1807|1925|7 Cemaziyelevvel 1448
20261019|0527|0651|1233|1534|1805|1924|8 Cemaziyelevvel 1448
20261020|0528|0652|1233|1533|1804|1923|9 Cemaziyelevvel 1448
20261021|0529|0653|1233|1532|1802|1921|10 Cemaziyelevvel 1448
20261022|0530|0654|1233|1531|1801|1920|11 Cemaziyelevvel 1448
20261023|0531|0655|1232|1530|1759|1918|12 Cemaziyelevvel 1448
20261024|0532|0657|1232|1529|1758|1917|13 Cemaziyelevvel 1448
20261025|0533|0658|1232|1528|1757|1916|14 Cemaziyelevvel 1448
20261026|0534|0659|1232|1527|1755|1915|15 Cemaziyelevvel 1448
20261027|0535|0700|1232|1525|1754|1913|16 Cemaziyelevvel 1448
20261028|0536|0701|1232|1524|1753|1912|17 Cemaziyelevvel 1448
20261029|0537|0702|1232|1523|1751|1911|18 Cemaziyelevvel 1448
20261030|0538|0703|1232|1522|1750|1910|19 Cemaziyelevvel 1448
20261031|0539|0705|1232|1521|1749|1909|20 Cemaziyelevvel 1448
20261101|0540|0706|1232|1520|1747|1908|21 Cemaziyelevvel 1448
20261102|0541|0707|1232|1519|1746|1907|22 Cemaziyelevvel 1448
20261103|0542|0708|1232|1519|1745|1905|23 Cemaziyelevvel 1448
20261104|0543|0709|1232|1518|1744|1904|24 Cemaziyelevvel 1448
20261105|0544|0710|1232|1517|1743|1903|25 Cemaziyelevvel 1448
20261106|0545|0712|1232|1516|1742|1902|26 Cemaziyelevvel 1448
20261107|0546|0713|1232|1515|1741|1902|27 Cemaziyelevvel 1448
20261108|0547|0714|1232|1514|1739|1901|28 Cemaziyelevvel 1448
20261109|0548|0715|1232|1513|1738|1900|29 Cemaziyelevvel 1448
20261110|0550|0716|1232|1513|1737|1859|1 Cemaziyelahir 1448
20261111|0551|0717|1232|1512|1736|1858|2 Cemaziyelahir 1448
20261112|0552|0719|1232|1511|1736|1857|3 Cemaziyelahir 1448
20261113|0553|0720|1232|1510|1735|1857|4 Cemaziyelahir 1448
20261114|0554|0721|1232|1510|1734|1856|5 Cemaziyelahir 1448
20261115|0555|0722|1232|1509|1733|1855|6 Cemaziyelahir 1448
20261116|0556|0723|1233|1508|1732|1854|7 Cemaziyelahir 1448
20261117|0557|0725|1233|1508|1731|1854|8 Cemaziyelahir 1448
20261118|0558|0726|1233|1507|1730|1853|9 Cemaziyelahir 1448
20261119|0559|0727|1233|1506|1730|1853|10 Cemaziyelahir 1448
20261120|0600|0728|1233|1506|1729|1852|11 Cemaziyelahir 1448
20261121|0601|0729|1234|1505|1728|1852|12 Cemaziyelahir 1448
20261122|0601|0730|1234|1505|1728|1851|13 Cemaziyelahir 1448
20261123|0602|0731|1234|1504|1727|1851|14 Cemaziyelahir 1448
20261124|0603|0732|1235|1504|1727|1850|15 Cemaziyelahir 1448
20261125|0604|0734|1235|1504|1726|1850|16 Cemaziyelahir 1448
20261126|0605|0735|1235|1503|1726|1850|17 Cemaziyelahir 1448
20261127|0606|0736|1235|1503|1725|1849|18 Cemaziyelahir 1448
20261128|0607|0737|1236|1503|1725|1849|19 Cemaziyelahir 1448
20261129|0608|0738|1236|1502|1724|1849|20 Cemaziyelahir 1448
20261130|0609|0739|1236|1502|1724|1849|21 Cemaziyelahir 1448
20261201|0610|0740|1237|1502|1724|1848|22 Cemaziyelahir 1448
20261202|0611|0741|1237|1502|1723|1848|23 Cemaziyelahir 1448
20261203|0612|0742|1238|1502|1723|1848|24 Cemaziyelahir 1448
20261204|0612|0743|1238|1502|1723|1848|25 Cemaziyelahir 1448
20261205|0613|0744|1238|1502|1723|1848|26 Cemaziyelahir 1448
20261206|0614|0745|1239|1502|1723|1848|27 Cemaziyelahir 1448
20261207|0615|0746|1239|1502|1723|1848|28 Cemaziyelahir 1448
20261208|0616|0747|1240|1502|1723|1848|29 Cemaziyelahir 1448
20261209|0617|0748|1240|1502|1723|1848|30 Cemaziyelahir 1448
20261210|0617|0748|1241|1502|1723|1848|1 Recep 1448
20261211|0618|0749|1241|1502|1723|1849|2 Recep 1448
20261212|0619|0750|1241|1502|1723|1849|3 Recep 1448
20261213|0619|0751|1242|1502|1723|1849|4 Recep 1448
20261214|0620|0752|1242|1503|1723|1849|5 Recep 1448
20261215|0621|0752|1243|1503|1723|1849|6 Recep 1448
20261216|0621|0753|1243|1503|1724|1850|7 Recep 1448
20261217|0622|0754|1244|1503|1724|1850|8 Recep 1448
20261218|0623|0754|1244|1504|1724|1851|9 Recep 1448
20261219|0623|0755|1245|1504|1725|1851|10 Recep 1448
20261220|0624|0756|1245|1505|1725|1851|11 Recep 1448
20261221|0624|0756|1246|1505|1726|1852|12 Recep 1448
20261222|0625|0757|1246|1506|1726|1852|13 Recep 1448
20261223|0625|0757|1247|1506|1727|1853|14 Recep 1448
20261224|0626|0757|1247|1507|1727|1853|15 Recep 1448
20261225|0626|0758|1248|1507|1728|1854|16 Recep 1448
20261226|0627|0758|1248|1508|1728|1854|17 Recep 1448
20261227|0627|0759|1249|1508|1729|1855|18 Recep 1448
20261228|0627|0759|1249|1509|1730|1856|19 Recep 1448
20261229|0628|0759|1250|1510|1730|1856|20 Recep 1448
20261230|0628|0759|1250|1510|1731|1857|21 Recep 1448
20261231|0628|0800|1251|1511|1732|1858|22 Recep 1448
20270101|0628|0800|1251|1512|1733|1859|23 Recep 1448
20270102|0629|0800|1252|1513|1734|1859|24 Recep 1448
20270103|0629|0800|1252|1513|1734|1900|25 Recep 1448
20270104|0629|0800|1253|1514|1735|1901|26 Recep 1448
20270105|0629|0800|1253|1515|1736|1902|27 Recep 1448
20270106|0629|0800|1254|1516|1737|1902|28 Recep 1448
20270107|0629|0800|1254|1517|1738|1903|29 Recep 1448
20270108|0629|0800|1254|1518|1739|1904|30 Recep 1448
20270109|0629|0800|1255|1519|1740|1905|1 Şaban 1448
20270110|0629|0759|1255|1520|1741|1906|2 Şaban 1448
20270111|0629|0759|1256|1520|1742|1907|3 Şaban 1448
20270112|0629|0759|1256|1521|1743|1908|4 Şaban 1448
20270113|0629|0759|1256|1522|1744|1909|5 Şaban 1448
20270114|0629|0758|1257|1523|1745|1910|6 Şaban 1448
20270115|0628|0758|1257|1524|1746|1911|7 Şaban 1448
20270116|0628|0758|1257|1525|1747|1912|8 Şaban 1448
20270117|0628|0757|1258|1526|1749|1913|9 Şaban 1448
20270118|0627|0757|1258|1527|1750|1913|10 Şaban 1448
20270119|0627|0756|1258|1528|1751|1914|11 Şaban 1448
20270120|0627|0756|1259|1529|1752|1915|12 Şaban 1448
20270121|0626|0755|1259|1530|1753|1917|13 Şaban 1448
20270122|0626|0754|1259|1531|1754|1918|14 Şaban 1448
20270123|0625|0754|1300|1532|1756|1919|15 Şaban 1448
20270124|0625|0753|1300|1533|1757|1920|16 Şaban 1448
20270125|0624|0752|1300|1534|1758|1921|17 Şaban 1448
20270126|0624|0752|1300|1535|1759|1922|18 Şaban 1448
20270127|0623|0751|1301|1537|1800|1923|19 Şaban 1448
20270128|0622|0750|1301|1538|1802|1924|20 Şaban 1448
20270129|0622|0749|1301|1539|1803|1925|21 Şaban 1448
20270130|0621|0748|1301|1540|1804|1926|22 Şaban 1448
20270131|0620|0747|1301|1541|1805|1927|23 Şaban 1448
20270201|0620|0746|1301|1542|1806|1928|24 Şaban 1448
20270202|0619|0745|1302|1543|1808|1929|25 Şaban 1448
20270203|0618|0744|1302|1544|1809|1930|26 Şaban 1448
20270204|0617|0743|1302|1545|1810|1931|27 Şaban 1448
20270205|0616|0742|1302|1546|1811|1932|28 Şaban 1448
20270206|0615|0741|1302|1547|1813|1933|29 Şaban 1448
20270207|0614|0740|1302|1548|1814|1934|30 Şaban 1448
20270208|0613|0739|1302|1549|1815|1936|1 Ramazan 1448
20270209|0612|0738|1302|1550|1816|1937|2 Ramazan 1448
20270210|0611|0737|1302|1551|1818|1938|3 Ramazan 1448
20270211|0610|0736|1302|1552|1819|1939|4 Ramazan 1448
20270212|0609|0734|1302|1553|1820|1940|5 Ramazan 1448
20270213|0608|0733|1302|1554|1821|1941|6 Ramazan 1448
20270214|0607|0732|1302|1554|1822|1942|7 Ramazan 1448
20270215|0606|0731|1302|1555|1824|1943|8 Ramazan 1448
20270216|0605|0729|1302|1556|1825|1944|9 Ramazan 1448
20270217|0603|0728|1302|1557|1826|1945|10 Ramazan 1448
20270218|0602|0727|1302|1558|1827|1946|11 Ramazan 1448
20270219|0601|0725|1302|1559|1828|1948|12 Ramazan 1448
20270220|0600|0724|1302|1600|1830|1949|13 Ramazan 1448
20270221|0558|0723|1302|1601|1831|1950|14 Ramazan 1448
20270222|0557|0721|1302|1602|1832|1951|15 Ramazan 1448
20270223|0556|0720|1301|1602|1833|1952|16 Ramazan 1448
20270224|0554|0718|1301|1603|1834|1953|17 Ramazan 1448
20270225|0553|0717|1301|1604|1835|1954|18 Ramazan 1448
20270226|0551|0715|1301|1605|1837|1955|19 Ramazan 1448
20270227|0550|0714|1301|1606|1838|1956|20 Ramazan 1448
20270228|0549|0712|1301|1606|1839|1957|21 Ramazan 1448
20270301|0547|0711|1300|1607|1840|1959|22 Ramazan 1448
20270302|0546|0709|1300|1608|1841|2000|23 Ramazan 1448
20270303|0544|0708|1300|1609|1842|2001|24 Ramazan 1448
20270304|0542|0706|1300|1609|1843|2002|25 Ramazan 1448
20270305|0541|0705|1300|1610|1845|2003|26 Ramazan 1448
20270306|0539|0703|1259|1611|1846|2004|27 Ramazan 1448
20270307|0538|0702|1259|1612|1847|2005|28 Ramazan 1448
20270308|0536|0700|1259|1612|1848|2006|29 Ramazan 1448
20270309|0535|0658|1259|1613|1849|2007|1 Şevval 1448
20270310|0533|0657|1258|1614|1850|2009|2 Şevval 1448
20270311|0531|0655|1258|1614|1851|2010|3 Şevval 1448
20270312|0530|0654|1258|1615|1852|2011|4 Şevval 1448
20270313|0528|0652|1258|1615|1853|2012|5 Şevval 1448
20270314|0526|0650|1257|1616|1854|2013|6 Şevval 1448
20270315|0525|0649|1257|1617|1856|2014|7 Şevval 1448
20270316|0523|0647|1257|1617|1857|2015|8 Şevval 1448
20270317|0521|0645|1257|1618|1858|2017|9 Şevval 1448
20270318|0519|0644|1256|1618|1859|2018|10 Şevval 1448
20270319|0518|0642|1256|1619|1900|2019|11 Şevval 1448
20270320|0516|0640|1256|1619|1901|2020|12 Şevval 1448
20270321|0514|0639|1255|1620|1902|2021|13 Şevval 1448
20270322|0512|0637|1255|1620|1903|2022|14 Şevval 1448
20270323|0510|0635|1255|1621|1904|2024|15 Şevval 1448
20270324|0509|0634|1254|1621|1905|2025|16 Şevval 1448
20270325|0507|0632|1254|1622|1906|2026|17 Şevval 1448
20270326|0505|0631|1254|1622|1907|2027|18 Şevval 1448
20270327|0503|0629|1254|1623|1908|2028|19 Şevval 1448
20270328|0501|0627|1253|1623|1909|2030|20 Şevval 1448
20270329|0459|0626|1253|1624|1910|2031|21 Şevval 1448
20270330|0458|0624|1253|1624|1911|2032|22 Şevval 1448
20270331|0456|0622|1252|1625|1913|2033|23 Şevval 1448
20270401|0454|0621|1252|1625|1914|2035|24 Şevval 1448
20270402|0452|0619|1252|1626|1915|2036|25 Şevval 1448
20270403|0450|0617|1251|1626|1916|2037|26 Şevval 1448
20270404|0448|0616|1251|1626|1917|2038|27 Şevval 1448
20270405|0446|0614|1251|1627|1918|2040|28 Şevval 1448
20270406|0444|0612|1251|1627|1919|2041|29 Şevval 1448
20270407|0443|0611|1250|1628|1920|2042|30 Şevval 1448
20270408|0441|0609|1250|1628|1921|2044|1 Zilkade 1448
20270409|0439|0608|1250|1628|1922|2045|2 Zilkade 1448
20270410|0437|0606|1249|1629|1923|2046|3 Zilkade 1448
20270411|0435|0605|1249|1629|1924|2047|4 Zilkade 1448
20270412|0433|0603|1249|1629|1925|2049|5 Zilkade 1448
20270413|0431|0601|1249|1630|1926|2050|6 Zilkade 1448
20270414|0429|0600|1248|1630|1927|2052|7 Zilkade 1448
20270415|0427|0558|1248|1630|1928|2053|8 Zilkade 1448
20270416|0426|0557|1248|1631|1929|2054|9 Zilkade 1448
20270417|0424|0555|1248|1631|1930|2056|10 Zilkade 1448
20270418|0422|0554|1247|1631|1931|2057|11 Zilkade 1448
20270419|0420|0552|1247|1632|1932|2058|12 Zilkade 1448
20270420|0418|0551|1247|1632|1933|2100|13 Zilkade 1448
20270421|0416|0549|1247|1632|1934|2101|14 Zilkade 1448
20270422|0414|0548|1247|1632|1935|2103|15 Zilkade 1448
20270423|0412|0546|1246|1633|1937|2104|16 Zilkade 1448
20270424|0411|0545|1246|1633|1938|2106|17 Zilkade 1448
20270425|0409|0544|1246|1633|1939|2107|18 Zilkade 1448
20270426|0407|0542|1246|1634|1940|2108|19 Zilkade 1448
20270427|0405|0541|1246|1634|1941|2110|20 Zilkade 1448
20270428|0403|0539|1246|1634|1942|2111|21 Zilkade 1448
20270429|0401|0538|1245|1635|1943|2113|22 Zilkade 1448
20270430|0400|0537|1245|1635|1944|2114|23 Zilkade 1448
20270501|0358|0536|1245|1635|1945|2116|24 Zilkade 1448
20270502|0356|0534|1245|1635|1946|2117|25 Zilkade 1448
20270503|0354|0533|1245|1636|1947|2119|26 Zilkade 1448
20270504|0353|0532|1245|1636|1948|2120|27 Zilkade 1448
20270505|0351|0531|1245|1636|1949|2122|28 Zilkade 1448
20270506|0349|0529|1245|1636|1950|2123|29 Zilkade 1448
20270507|0347|0528|1245|1637|1951|2125|1 Zilhicce 1448
20270508|0346|0527|1245|1637|1952|2126|2 Zilhicce 1448
20270509|0344|0526|1244|1637|1953|2128|3 Zilhicce 1448
20270510|0342|0525|1244|1638|1954|2129|4 Zilhicce 1448
20270511|0341|0524|1244|1638|1955|2131|5 Zilhicce 1448
20270512|0339|0523|1244|1638|1956|2132|6 Zilhicce 1448
20270513|0338|0522|1244|1638|1957|2134|7 Zilhicce 1448
20270514|0336|0521|1244|1639|1958|2135|8 Zilhicce 1448
20270515|0335|0520|1244|1639|1959|2137|9 Zilhicce 1448
20270516|0333|0519|1244|1639|2000|2138|10 Zilhicce 1448
20270517|0332|0518|1244|1639|2001|2140|11 Zilhicce 1448
20270518|0330|0517|1244|1640|2002|2141|12 Zilhicce 1448
20270519|0329|0516|1244|1640|2003|2142|13 Zilhicce 1448
20270520|0327|0515|1244|1640|2004|2144|14 Zilhicce 1448
20270521|0326|0514|1245|1641|2005|2145|15 Zilhicce 1448
20270522|0325|0514|1245|1641|2006|2147|16 Zilhicce 1448
20270523|0323|0513|1245|1641|2007|2148|17 Zilhicce 1448
20270524|0322|0512|1245|1641|2007|2149|18 Zilhicce 1448
20270525|0321|0511|1245|1642|2008|2151|19 Zilhicce 1448
20270526|0320|0511|1245|1642|2009|2152|20 Zilhicce 1448
20270527|0319|0510|1245|1642|2010|2153|21 Zilhicce 1448
20270528|0318|0510|1245|1643|2011|2155|22 Zilhicce 1448
20270529|0316|0509|1245|1643|2012|2156|23 Zilhicce 1448
20270530|0315|0509|1245|1643|2012|2157|24 Zilhicce 1448
20270531|0314|0508|1246|1643|2013|2158|25 Zilhicce 1448
20270601|0314|0508|1246|1644|2014|2159|26 Zilhicce 1448
20270602|0313|0507|1246|1644|2015|2201|27 Zilhicce 1448
20270603|0312|0507|1246|1644|2015|2202|28 Zilhicce 1448
20270604|0311|0506|1246|1644|2016|2203|29 Zilhicce 1448
20270605|0310|0506|1246|1645|2017|2204|30 Zilhicce 1448
20270606|0310|0506|1247|1645|2017|2205|1 Muharrem 1449
20270607|0309|0505|1247|1645|2018|2206|2 Muharrem 1449
20270608|0308|0505|1247|1646|2019|2207|3 Muharrem 1449
20270609|0308|0505|1247|1646|2019|2207|4 Muharrem 1449
20270610|0307|0505|1247|1646|2020|2208|5 Muharrem 1449
20270611|0307|0505|1248|1646|2020|2209|6 Muharrem 1449
20270612|0307|0505|1248|1647|2021|2210|7 Muharrem 1449
20270613|0306|0505|1248|1647|2021|2211|8 Muharrem 1449
20270614|0306|0504|1248|1647|2022|2211|9 Muharrem 1449
20270615|0306|0504|1248|1647|2022|2212|10 Muharrem 1449
20270616|0306|0505|1249|1648|2023|2212|11 Muharrem 1449
20270617|0306|0505|1249|1648|2023|2213|12 Muharrem 1449
20270618|0306|0505|1249|1648|2023|2213|13 Muharrem 1449
20270619|0306|0505|1249|1648|2024|2214|14 Muharrem 1449
20270620|0306|0505|1249|1649|2024|2214|15 Muharrem 1449
20270621|0306|0505|1250|1649|2024|2214|16 Muharrem 1449
20270622|0306|0505|1250|1649|2024|2214|17 Muharrem 1449
20270623|0306|0506|1250|1649|2025|2215|18 Muharrem 1449
20270624|0307|0506|1250|1649|2025|2215|19 Muharrem 1449
20270625|0307|0506|1251|1650|2025|2215|20 Muharrem 1449
20270626|0308|0506|1251|1650|2025|2215|21 Muharrem 1449
20270627|0308|0507|1251|1650|2025|2215|22 Muharrem 1449
20270628|0309|0507|1251|1650|2025|2215|23 Muharrem 1449
20270629|0309|0508|1251|1650|2025|2214|24 Muharrem 1449
20270630|0310|0508|1252|1651|2025|2214|25 Muharrem 1449
20270701|0311|0509|1252|1651|2025|2214|26 Muharrem 1449
20270702|0311|0509|1252|1651|2025|2214|27 Muharrem 1449
20270703|0312|0510|1252|1651|2025|2213|28 Muharrem 1449
20270704|0313|0510|1252|1651|2025|2213|29 Muharrem 1449
20270705|0314|0511|1253|1651|2024|2212|1 Safer 1449
20270706|0315|0511|1253|1651|2024|2212|2 Safer 1449
20270707|0316|0512|1253|1651|2024|2211|3 Safer 1449
20270708|0317|0513|1253|1651|2024|2211|4 Safer 1449
20270709|0318|0513|1253|1651|2023|2210|5 Safer 1449
20270710|0319|0514|1253|1651|2023|2209|6 Safer 1449
20270711|0320|0515|1253|1651|2022|2208|7 Safer 1449
20270712|0321|0515|1254|1651|2022|2207|8 Safer 1449
20270713|0322|0516|1254|1651|2021|2207|9 Safer 1449
20270714|0324|0517|1254|1651|2021|2206|10 Safer 1449
20270715|0325|0517|1254|1651|2020|2205|11 Safer 1449
20270716|0326|0518|1254|1651|2020|2204|12 Safer 1449
20270717|0327|0519|1254|1651|2019|2203|13 Safer 1449
20270718|0329|0520|1254|1651|2019|2202|14 Safer 1449
20270719|0330|0521|1254|1651|2018|2200|15 Safer 1449
20270720|0331|0522|1254|1651|2017|2159|16 Safer 1449
20270721|0333|0522|1254|1651|2016|2158|17 Safer 1449
20270722|0334|0523|1254|1651|2016|2157|18 Safer 1449
20270723|0336|0524|1254|1651|2015|2156|19 Safer 1449
20270724|0337|0525|1255|1650|2014|2154|20 Safer 1449
20270725|0338|0526|1255|1650|2013|2153|21 Safer 1449
20270726|0340|0527|1255|1650|2012|2152|22 Safer 1449
20270727|0341|0528|1255|1650|2011|2150|23 Safer 1449
20270728|0343|0529|1255|1649|2011|2149|24 Safer 1449
20270729|0344|0530|1255|1649|2010|2147|25 Safer 1449
20270730|0346|0530|1254|1649|2009|2146|26 Safer 1449
20270731|0347|0531|1254|1649|2008|2144|27 Safer 1449
20270801|0349|0532|1254|1648|2007|2143|28 Safer 1449
20270802|0350|0533|1254|1648|2005|2141|29 Safer 1449
20270803|0352|0534|1254|1648|2004|2140|1 Rebiulevvel 1449
20270804|0353|0535|1254|1647|2003|2138|2 Rebiulevvel 1449
20270805|0355|0536|1254|1647|2002|2136|3 Rebiulevvel 1449
20270806|0356|0537|1254|1646|2001|2135|4 Rebiulevvel 1449
20270807|0358|0538|1254|1646|2000|2133|5 Rebiulevvel 1449
20270808|0359|0539|1254|1645|1958|2131|6 Rebiulevvel 1449
20270809|0401|0540|1254|1645|1957|2130|7 Rebiulevvel 1449
20270810|0402|0541|1253|1644|1956|2128|8 Rebiulevvel 1449
20270811|0404|0542|1253|1644|1955|2126|9 Rebiulevvel 1449
20270812|0405|0543|1253|1643|1953|2125|10 Rebiulevvel 1449
20270813|0406|0544|1253|1643|1952|2123|11 Rebiulevvel 1449
20270814|0408|0545|1253|1642|1951|2121|12 Rebiulevvel 1449
20270815|0409|0546|1253|1642|1949|2119|13 Rebiulevvel 1449
20270816|0411|0547|1252|1641|1948|2117|14 Rebiulevvel 1449
20270817|0412|0548|1252|1640|1947|2116|15 Rebiulevvel 1449
20270818|0414|0549|1252|1640|1945|2114|16 Rebiulevvel 1449
20270819|0415|0550|1252|1639|1944|2112|17 Rebiulevvel 1449
20270820|0417|0551|1252|1638|1942|2110|18 Rebiulevvel 1449
20270821|0418|0552|1251|1637|1941|2108|19 Rebiulevvel 1449
20270822|0419|0553|1251|1637|1939|2107|20 Rebiulevvel 1449
20270823|0421|0554|1251|1636|1938|2105|21 Rebiulevvel 1449
20270824|0422|0555|1251|1635|1936|2103|22 Rebiulevvel 1449
20270825|0423|0556|1250|1634|1935|2101|23 Rebiulevvel 1449
20270826|0425|0557|1250|1634|1933|2059|24 Rebiulevvel 1449
20270827|0426|0558|1250|1633|1932|2057|25 Rebiulevvel 1449
20270828|0428|0559|1249|1632|1930|2055|26 Rebiulevvel 1449
20270829|0429|0600|1249|1631|1929|2053|27 Rebiulevvel 1449
20270830|0430|0601|1249|1630|1927|2052|28 Rebiulevvel 1449
20270831|0431|0602|1249|1629|1926|2050|29 Rebiulevvel 1449
20270901|0433|0603|1248|1628|1924|2048|30 Rebiulevvel 1449
20270902|0434|0603|1248|1628|1922|2046|1 Rebiulahir 1449
20270903|0435|0604|1248|1627|1921|2044|2 Rebiulahir 1449
20270904|0437|0605|1247|1626|1919|2042|3 Rebiulahir 1449
20270905|0438|0606|1247|1625|1918|2040|4 Rebiulahir 1449
20270906|0439|0607|1247|1624|1916|2038|5 Rebiulahir 1449
20270907|0440|0608|1246|1623|1914|2036|6 Rebiulahir 1449
20270908|0442|0609|1246|1622|1913|2034|7 Rebiulahir 1449
20270909|0443|0610|1246|1621|1911|2033|8 Rebiulahir 1449
20270910|0444|0611|1245|1620|1909|2031|9 Rebiulahir 1449
20270911|0445|0612|1245|1619|1908|2029|10 Rebiulahir 1449
20270912|0446|0613|1245|1618|1906|2027|11 Rebiulahir 1449
20270913|0448|0614|1244|1616|1904|2025|12 Rebiulahir 1449
20270914|0449|0615|1244|1615|1903|2023|13 Rebiulahir 1449
20270915|0450|0616|1243|1614|1901|2021|14 Rebiulahir 1449
20270916|0451|0617|1243|1613|1859|2019|15 Rebiulahir 1449
20270917|0452|0618|1243|1612|1857|2018|16 Rebiulahir 1449
20270918|0453|0619|1242|1611|1856|2016|17 Rebiulahir 1449
20270919|0455|0620|1242|1610|1854|2014|18 Rebiulahir 1449
20270920|0456|0621|1242|1609|1852|2012|19 Rebiulahir 1449
20270921|0457|0622|1241|1608|1851|2010|20 Rebiulahir 1449
20270922|0458|0623|1241|1606|1849|2008|21 Rebiulahir 1449
20270923|0459|0624|1241|1605|1847|2007|22 Rebiulahir 1449
20270924|0500|0625|1240|1604|1846|2005|23 Rebiulahir 1449
20270925|0501|0626|1240|1603|1844|2003|24 Rebiulahir 1449
20270926|0502|0627|1240|1602|1842|2001|25 Rebiulahir 1449
20270927|0504|0628|1239|1601|1841|2000|26 Rebiulahir 1449
20270928|0505|0629|1239|1559|1839|1958|27 Rebiulahir 1449
20270929|0506|0630|1239|1558|1837|1956|28 Rebiulahir 1449
20270930|0507|0631|1238|1557|1836|1954|29 Rebiulahir 1449
20271001|0508|0632|1238|1556|1834|1953|1 Cemaziyelevvel 1449
20271002|0509|0633|1238|1555|1832|1951|2 Cemaziyelevvel 1449
20271003|0510|0634|1237|1553|1831|1949|3 Cemaziyelevvel 1449
20271004|0511|0635|1237|1552|1829|1947|4 Cemaziyelevvel 1449
20271005|0512|0636|1237|1551|1827|1946|5 Cemaziyelevvel 1449
20271006|0513|0637|1236|1550|1826|1944|6 Cemaziyelevvel 1449
20271007|0514|0638|1236|1549|1824|1943|7 Cemaziyelevvel 1449
20271008|0515|0639|1236|1547|1822|1941|8 Cemaziyelevvel 1449
20271009|0516|0640|1235|1546|1821|1939|9 Cemaziyelevvel 1449
20271010|0517|0641|1235|1545|1819|1938|10 Cemaziyelevvel 1449
20271011|0518|0642|1235|1544|1818|1936|11 Cemaziyelevvel 1449
20271012|0519|0643|1235|1543|1816|1935|12 Cemaziyelevvel 1449
20271013|0520|0644|1234|1542|1815|1933|13 Cemaziyelevvel 1449
20271014|0522|0645|1234|1540|1813|1932|14 Cemaziyelevvel 1449
20271015|0523|0646|1234|1539|1811|1930|15 Cemaziyelevvel 1449
20271016|0524|0648|1234|1538|1810|1929|16 Cemaziyelevvel 1449
20271017|0525|0649|1233|1537|1808|1927|17 Cemaziyelevvel 1449
20271018|0526|0650|1233|1536|1807|1926|18 Cemaziyelevvel 1449
20271019|0527|0651|1233|1535|1805|1924|19 Cemaziyelevvel 1449
20271020|0528|0652|1233|1533|1804|1923|20 Cemaziyelevvel 1449
20271021|0529|0653|1233|1532|1803|1921|21 Cemaziyelevvel 1449
20271022|0530|0654|1233|1531|1801|1920|22 Cemaziyelevvel 1449
20271023|0531|0655|1232|1530|1800|1919|23 Cemaziyelevvel 1449
20271024|0532|0656|1232|1529|1758|1917|24 Cemaziyelevvel 1449
20271025|0533|0657|1232|1528|1757|1916|25 Cemaziyelevvel 1449
20271026|0534|0659|1232|1527|1756|1915|26 Cemaziyelevvel 1449
20271027|0535|0700|1232|1526|1754|1914|27 Cemaziyelevvel 1449
20271028|0536|0701|1232|1525|1753|1912|28 Cemaziyelevvel 1449
20271029|0537|0702|1232|1524|1752|1911|29 Cemaziyelevvel 1449
20271030|0538|0703|1232|1523|1750|1910|30 Cemaziyelevvel 1449
20271031|0539|0704|1232|1522|1749|1909|1 Cemaziyelahir 1449
20271101|0540|0705|1232|1521|1748|1908|2 Cemaziyelahir 1449
20271102|0541|0707|1232|1520|1747|1907|3 Cemaziyelahir 1449
20271103|0542|0708|1232|1519|1745|1906|4 Cemaziyelahir 1449
20271104|0543|0709|1232|1518|1744|1905|5 Cemaziyelahir 1449
20271105|0544|0710|1232|1517|1743|1904|6 Cemaziyelahir 1449
20271106|0545|0711|1232|1516|1742|1903|7 Cemaziyelahir 1449
20271107|0546|0712|1232|1515|1741|1902|8 Cemaziyelahir 1449
20271108|0547|0714|1232|1514|1740|1901|9 Cemaziyelahir 1449
20271109|0548|0715|1232|1514|1739|1900|10 Cemaziyelahir 1449
20271110|0549|0716|1232|1513|1738|1859|11 Cemaziyelahir 1449
20271111|0550|0717|1232|1512|1737|1858|12 Cemaziyelahir 1449
20271112|0551|0718|1232|1511|1736|1857|13 Cemaziyelahir 1449
20271113|0552|0720|1232|1510|1735|1857|14 Cemaziyelahir 1449
20271114|0553|0721|1232|1510|1734|1856|15 Cemaziyelahir 1449
20271115|0554|0722|1232|1509|1733|1855|16 Cemaziyelahir 1449
20271116|0555|0723|1233|1508|1732|1855|17 Cemaziyelahir 1449
20271117|0556|0724|1233|1508|1731|1854|18 Cemaziyelahir 1449
20271118|0557|0725|1233|1507|1731|1853|19 Cemaziyelahir 1449
20271119|0558|0727|1233|1507|1730|1853|20 Cemaziyelahir 1449
20271120|0559|0728|1233|1506|1729|1852|21 Cemaziyelahir 1449
20271121|0600|0729|1234|1506|1729|1852|22 Cemaziyelahir 1449
20271122|0601|0730|1234|1505|1728|1851|23 Cemaziyelahir 1449
20271123|0602|0731|1234|1505|1727|1851|24 Cemaziyelahir 1449
20271124|0603|0732|1234|1504|1727|1850|25 Cemaziyelahir 1449
20271125|0604|0733|1235|1504|1726|1850|26 Cemaziyelahir 1449
20271126|0605|0734|1235|1503|1726|1850|27 Cemaziyelahir 1449
20271127|0606|0736|1235|1503|1725|1849|28 Cemaziyelahir 1449
20271128|0607|0737|1236|1503|1725|1849|29 Cemaziyelahir 1449
20271129|0608|0738|1236|1503|1724|1849|1 Recep 1449
20271130|0609|0739|1236|1502|1724|1849|2 Recep 1449
20271201|0610|0740|1237|1502|1724|1848|3 Recep 1449
20271202|0611|0741|1237|1502|1723|1848|4 Recep 1449
20271203|0611|0742|1237|1502|1723|1848|5 Recep 1449
20271204|0612|0743|1238|1502|1723|1848|6 Recep 1449
20271205|0613|0744|1238|1502|1723|1848|7 Recep 1449
20271206|0614|0745|1239|1502|1723|1848|8 Recep 1449
20271207|0615|0746|1239|1502|1723|1848|9 Recep 1449
20271208|0616|0747|1240|1502|1723|1848|10 Recep 1449
20271209|0616|0747|1240|1502|1723|1848|11 Recep 1449
20271210|0617|0748|1240|1502|1723|1848|12 Recep 1449
20271211|0618|0749|1241|1502|1723|1848|13 Recep 1449
20271212|0619|0750|1241|1502|1723|1849|14 Recep 1449
20271213|0619|0751|1242|1502|1723|1849|15 Recep 1449
20271214|0620|0751|1242|1502|1723|1849|16 Recep 1449
20271215|0621|0752|1243|1503|1723|1849|17 Recep 1449
20271216|0621|0753|1243|1503|1724|1850|18 Recep 1449
20271217|0622|0754|1244|1503|1724|1850|19 Recep 1449
20271218|0623|0754|1244|1504|1724|1850|20 Recep 1449
20271219|0623|0755|1245|1504|1725|1851|21 Recep 1449
20271220|0624|0755|1245|1504|1725|1851|22 Recep 1449
20271221|0624|0756|1246|1505|1725|1852|23 Recep 1449
20271222|0625|0756|1246|1505|1726|1852|24 Recep 1449
20271223|0625|0757|1247|1506|1726|1853|25 Recep 1449
20271224|0626|0757|1247|1506|1727|1853|26 Recep 1449
20271225|0626|0758|1248|1507|1728|1854|27 Recep 1449
20271226|0627|0758|1248|1508|1728|1854|28 Recep 1449
20271227|0627|0759|1249|1508|1729|1855|29 Recep 1449
20271228|0627|0759|1249|1509|1730|1856|30 Recep 1449
20271229|0628|0759|1250|1510|1730|1856|1 Şaban 1449
20271230|0628|0759|1250|1510|1731|1857|2 Şaban 1449
20271231|0628|0800|1251|1511|1732|1858|3 Şaban 1449
#@9369|Boğazkale|CORUM|730
20260101|0626|0756|1250|1513|1733|1858|12 Recep 1447
20260102|0626|0757|1250|1513|1734|1859|13 Recep 1447
20260103|0627|0757|1251|1514|1735|1900|14 Recep 1447
20260104|0627|0757|1251|1515|1736|1901|15 Recep 1447
20260105|0627|0757|1252|1516|1737|1901|16 Recep 1447
20260106|0627|0757|1252|1517|1738|1902|17 Recep 1447
20260107|0627|0757|1253|1517|1739|1903|18 Recep 1447
20260108|0627|0757|1253|1518|1740|1904|19 Recep 1447
20260109|0627|0756|1253|1519|1741|1905|20 Recep 1447
20260110|0627|0756|1254|1520|1742|1906|21 Recep 1447
20260111|0627|0756|1254|1521|1743|1907|22 Recep 1447
20260112|0627|0756|1255|1522|1744|1907|23 Recep 1447
20260113|0627|0755|1255|1523|1745|1908|24 Recep 1447
20260114|0626|0755|1255|1524|1746|1909|25 Recep 1447
20260115|0626|0755|1256|1525|1747|1910|26 Recep 1447
20260116|0626|0754|1256|1526|1748|1911|27 Recep 1447
20260117|0626|0754|1257|1527|1749|1912|28 Recep 1447
20260118|0625|0753|1257|1528|1750|1913|29 Recep 1447
20260119|0625|0753|1257|1529|1751|1914|30 Recep 1447
20260120|0625|0752|1257|1530|1752|1915|1 Şaban 1447
20260121|0624|0752|1258|1531|1754|1916|2 Şaban 1447
20260122|0624|0751|1258|1532|1755|1917|3 Şaban 1447
20260123|0623|0751|1258|1533|1756|1918|4 Şaban 1447
20260124|0623|0750|1259|1534|1757|1919|5 Şaban 1447
20260125|0622|0749|1259|1535|1758|1920|6 Şaban 1447
20260126|0622|0749|1259|1536|1800|1921|7 Şaban 1447
20260127|0621|0748|1259|1537|1801|1922|8 Şaban 1447
20260128|0620|0747|1259|1538|1802|1923|9 Şaban 1447
20260129|0620|0746|1300|1539|1803|1924|10 Şaban 1447
20260130|0619|0745|1300|1540|1804|1925|11 Şaban 1447
20260131|0618|0744|1300|1541|1805|1926|12 Şaban 1447
20260201|0618|0743|1300|1542|1807|1927|13 Şaban 1447
20260202|0617|0743|1300|1543|1808|1928|14 Şaban 1447
20260203|0616|0742|1300|1544|1809|1929|15 Şaban 1447
20260204|0615|0741|1300|1545|1810|1931|16 Şaban 1447
20260205|0614|0740|1301|1546|1812|1932|17 Şaban 1447
20260206|0613|0738|1301|1547|1813|1933|18 Şaban 1447
20260207|0612|0737|1301|1548|1814|1934|19 Şaban 1447
20260208|0611|0736|1301|1549|1815|1935|20 Şaban 1447
20260209|0610|0735|1301|1550|1816|1936|21 Şaban 1447
20260210|0609|0734|1301|1551|1818|1937|22 Şaban 1447
20260211|0608|0733|1301|1552|1819|1938|23 Şaban 1447
20260212|0607|0732|1301|1553|1820|1939|24 Şaban 1447
20260213|0606|0730|1301|1553|1821|1940|25 Şaban 1447
20260214|0605|0729|1301|1554|1822|1941|26 Şaban 1447
20260215|0604|0728|1301|1555|1823|1942|27 Şaban 1447
20260216|0603|0727|1301|1556|1825|1943|28 Şaban 1447
20260217|0602|0725|1301|1557|1826|1944|29 Şaban 1447
20260218|0600|0724|1301|1558|1827|1945|30 Şaban 1447
20260219|0559|0723|1300|1559|1828|1946|1 Ramazan 1447
20260220|0558|0721|1300|1600|1829|1948|2 Ramazan 1447
20260221|0557|0720|1300|1600|1830|1949|3 Ramazan 1447
20260222|0555|0719|1300|1601|1832|1950|4 Ramazan 1447
20260223|0554|0717|1300|1602|1833|1951|5 Ramazan 1447
20260224|0553|0716|1300|1603|1834|1952|6 Ramazan 1447
20260225|0551|0714|1300|1604|1835|1953|7 Ramazan 1447
20260226|0550|0713|1300|1604|1836|1954|8 Ramazan 1447
20260227|0548|0711|1259|1605|1837|1955|9 Ramazan 1447
20260228|0547|0710|1259|1606|1838|1956|10 Ramazan 1447
20260301|0546|0709|1259|1607|1839|1957|11 Ramazan 1447
20260302|0544|0707|1259|1607|1841|1958|12 Ramazan 1447
20260303|0543|0706|1259|1608|1842|1959|13 Ramazan 1447
20260304|0541|0704|1258|1609|1843|2000|14 Ramazan 1447
20260305|0540|0702|1258|1610|1844|2002|15 Ramazan 1447
20260306|0538|0701|1258|1610|1845|2003|16 Ramazan 1447
20260307|0536|0659|1258|1611|1846|2004|17 Ramazan 1447
20260308|0535|0658|1257|1612|1847|2005|18 Ramazan 1447
20260309|0533|0656|1257|1612|1848|2006|19 Ramazan 1447
20260310|0532|0655|1257|1613|1849|2007|20 Ramazan 1447
20260311|0530|0653|1257|1613|1850|2008|21 Ramazan 1447
20260312|0528|0652|1256|1614|1851|2009|22 Ramazan 1447
20260313|0527|0650|1256|1615|1852|2010|23 Ramazan 1447
20260314|0525|0648|1256|1615|1853|2011|24 Ramazan 1447
20260315|0523|0647|1256|1616|1855|2012|25 Ramazan 1447
20260316|0522|0645|1255|1616|1856|2014|26 Ramazan 1447
20260317|0520|0644|1255|1617|1857|2015|27 Ramazan 1447
20260318|0518|0642|1255|1617|1858|2016|28 Ramazan 1447
20260319|0517|0640|1254|1618|1859|2017|29 Ramazan 1447
20260320|0515|0639|1254|1618|1900|2018|1 Şevval 1447
20260321|0513|0637|1254|1619|1901|2019|2 Şevval 1447
20260322|0511|0635|1254|1619|1902|2020|3 Şevval 1447
20260323|0510|0634|1253|1620|1903|2022|4 Şevval 1447
20260324|0508|0632|1253|1620|1904|2023|5 Şevval 1447
20260325|0506|0631|1253|1621|1905|2024|6 Şevval 1447
20260326|0504|0629|1252|1621|1906|2025|7 Şevval 1447
20260327|0502|0627|1252|1622|1907|2026|8 Şevval 1447
20260328|0501|0626|1252|1622|1908|2027|9 Şevval 1447
20260329|0459|0624|1251|1623|1909|2029|10 Şevval 1447
20260330|0457|0622|1251|1623|1910|2030|11 Şevval 1447
20260331|0455|0621|1251|1623|1911|2031|12 Şevval 1447
20260401|0453|0619|1251|1624|1912|2032|13 Şevval 1447
20260402|0452|0618|1250|1624|1913|2033|14 Şevval 1447
20260403|0450|0616|1250|1625|1914|2035|15 Şevval 1447
20260404|0448|0614|1250|1625|1915|2036|16 Şevval 1447
20260405|0446|0613|1249|1625|1916|2037|17 Şevval 1447
20260406|0444|0611|1249|1626|1917|2038|18 Şevval 1447
20260407|0442|0610|1249|1626|1918|2040|19 Şevval 1447
20260408|0440|0608|1249|1626|1919|2041|20 Şevval 1447
20260409|0439|0606|1248|1627|1920|2042|21 Şevval 1447
20260410|0437|0605|1248|1627|1921|2043|22 Şevval 1447
20260411|0435|0603|1248|1627|1922|2045|23 Şevval 1447
20260412|0433|0602|1247|1628|1923|2046|24 Şevval 1447
20260413|0431|0600|1247|1628|1924|2047|25 Şevval 1447
20260414|0429|0559|1247|1628|1925|2049|26 Şevval 1447
20260415|0428|0557|1247|1629|1926|2050|27 Şevval 1447
20260416|0426|0556|1246|1629|1927|2051|28 Şevval 1447
20260417|0424|0554|1246|1629|1928|2053|29 Şevval 1447
20260418|0422|0553|1246|1629|1929|2054|1 Zilkade 1447
20260419|0420|0551|1246|1630|1930|2055|2 Zilkade 1447
20260420|0418|0550|1246|1630|1931|2057|3 Zilkade 1447
20260421|0416|0549|1245|1630|1932|2058|4 Zilkade 1447
20260422|0415|0547|1245|1631|1933|2059|5 Zilkade 1447
20260423|0413|0546|1245|1631|1934|2101|6 Zilkade 1447
20260424|0411|0544|1245|1631|1935|2102|7 Zilkade 1447
20260425|0409|0543|1245|1631|1936|2104|8 Zilkade 1447
20260426|0407|0542|1244|1632|1937|2105|9 Zilkade 1447
20260427|0406|0540|1244|1632|1938|2106|10 Zilkade 1447
20260428|0404|0539|1244|1632|1939|2108|11 Zilkade 1447
20260429|0402|0538|1244|1632|1940|2109|12 Zilkade 1447
20260430|0400|0536|1244|1633|1941|2111|13 Zilkade 1447
20260501|0359|0535|1244|1633|1942|2112|14 Zilkade 1447
20260502|0357|0534|1244|1633|1943|2114|15 Zilkade 1447
20260503|0355|0533|1244|1634|1944|2115|16 Zilkade 1447
20260504|0354|0531|1243|1634|1945|2117|17 Zilkade 1447
20260505|0352|0530|1243|1634|1946|2118|18 Zilkade 1447
20260506|0350|0529|1243|1634|1947|2119|19 Zilkade 1447
20260507|0349|0528|1243|1635|1948|2121|20 Zilkade 1447
20260508|0347|0527|1243|1635|1949|2122|21 Zilkade 1447
20260509|0345|0526|1243|1635|1950|2124|22 Zilkade 1447
20260510|0344|0525|1243|1635|1951|2125|23 Zilkade 1447
20260511|0342|0524|1243|1636|1952|2127|24 Zilkade 1447
20260512|0341|0523|1243|1636|1953|2128|25 Zilkade 1447
20260513|0339|0522|1243|1636|1954|2129|26 Zilkade 1447
20260514|0338|0521|1243|1636|1955|2131|27 Zilkade 1447
20260515|0336|0520|1243|1637|1956|2132|28 Zilkade 1447
20260516|0335|0519|1243|1637|1957|2134|29 Zilkade 1447
20260517|0333|0518|1243|1637|1958|2135|30 Zilkade 1447
20260518|0332|0517|1243|1637|1959|2137|1 Zilhicce 1447
20260519|0331|0516|1243|1638|2000|2138|2 Zilhicce 1447
20260520|0329|0515|1243|1638|2001|2139|3 Zilhicce 1447
20260521|0328|0515|1243|1638|2002|2141|4 Zilhicce 1447
20260522|0327|0514|1243|1638|2003|2142|5 Zilhicce 1447
20260523|0326|0513|1243|1639|2004|2143|6 Zilhicce 1447
20260524|0324|0512|1243|1639|2004|2145|7 Zilhicce 1447
20260525|0323|0512|1243|1639|2005|2146|8 Zilhicce 1447
20260526|0322|0511|1244|1639|2006|2147|9 Zilhicce 1447
20260527|0321|0510|1244|1640|2007|2148|10 Zilhicce 1447
20260528|0320|0510|1244|1640|2008|2150|11 Zilhicce 1447
20260529|0319|0509|1244|1640|2009|2151|12 Zilhicce 1447
20260530|0318|0509|1244|1641|2009|2152|13 Zilhicce 1447
20260531|0317|0508|1244|1641|2010|2153|14 Zilhicce 1447
20260601|0316|0508|1244|1641|2011|2154|15 Zilhicce 1447
20260602|0315|0508|1245|1641|2012|2155|16 Zilhicce 1447
20260603|0315|0507|1245|1642|2012|2156|17 Zilhicce 1447
20260604|0314|0507|1245|1642|2013|2157|18 Zilhicce 1447
20260605|0313|0506|1245|1642|2014|2158|19 Zilhicce 1447
20260606|0313|0506|1245|1642|2014|2159|20 Zilhicce 1447
20260607|0312|0506|1245|1643|2015|2200|21 Zilhicce 1447
20260608|0311|0506|1246|1643|2015|2201|22 Zilhicce 1447
20260609|0311|0506|1246|1643|2016|2202|23 Zilhicce 1447
20260610|0311|0505|1246|1643|2017|2203|24 Zilhicce 1447
20260611|0310|0505|1246|1644|2017|2204|25 Zilhicce 1447
20260612|0310|0505|1246|1644|2018|2204|26 Zilhicce 1447
20260613|0310|0505|1247|1644|2018|2205|27 Zilhicce 1447
20260614|0309|0505|1247|1644|2018|2205|28 Zilhicce 1447
20260615|0309|0505|1247|1645|2019|2206|29 Zilhicce 1447
20260616|0309|0505|1247|1645|2019|2207|1 Muharrem 1448
20260617|0309|0505|1247|1645|2020|2207|2 Muharrem 1448
20260618|0309|0505|1248|1645|2020|2207|3 Muharrem 1448
20260619|0309|0505|1248|1646|2020|2208|4 Muharrem 1448
20260620|0309|0506|1248|1646|2021|2208|5 Muharrem 1448
20260621|0309|0506|1248|1646|2021|2208|6 Muharrem 1448
20260622|0310|0506|1249|1646|2021|2209|7 Muharrem 1448
20260623|0310|0506|1249|1647|2021|2209|8 Muharrem 1448
20260624|0310|0507|1249|1647|2021|2209|9 Muharrem 1448
20260625|0311|0507|1249|1647|2021|2209|10 Muharrem 1448
20260626|0311|0507|1249|1647|2022|2209|11 Muharrem 1448
20260627|0312|0508|1250|1647|2022|2209|12 Muharrem 1448
20260628|0312|0508|1250|1647|2022|2209|13 Muharrem 1448
20260629|0313|0508|1250|1648|2022|2209|14 Muharrem 1448
20260630|0313|0509|1250|1648|2022|2208|15 Muharrem 1448
20260701|0314|0509|1250|1648|2022|2208|16 Muharrem 1448
20260702|0315|0510|1251|1648|2021|2208|17 Muharrem 1448
20260703|0315|0510|1251|1648|2021|2207|18 Muharrem 1448
20260704|0316|0511|1251|1648|2021|2207|19 Muharrem 1448
20260705|0317|0511|1251|1648|2021|2207|20 Muharrem 1448
20260706|0318|0512|1251|1649|2021|2206|21 Muharrem 1448
20260707|0319|0513|1251|1649|2020|2205|22 Muharrem 1448
20260708|0320|0513|1252|1649|2020|2205|23 Muharrem 1448
20260709|0321|0514|1252|1649|2020|2204|24 Muharrem 1448
20260710|0322|0515|1252|1649|2019|2203|25 Muharrem 1448
20260711|0323|0515|1252|1649|2019|2203|26 Muharrem 1448
20260712|0324|0516|1252|1649|2019|2202|27 Muharrem 1448
20260713|0325|0517|1252|1649|2018|2201|28 Muharrem 1448
20260714|0327|0517|1252|1649|2018|2200|29 Muharrem 1448
20260715|0328|0518|1253|1649|2017|2159|1 Safer 1448
20260716|0329|0519|1253|1649|2016|2158|2 Safer 1448
20260717|0330|0520|1253|1649|2016|2157|3 Safer 1448
20260718|0332|0520|1253|1649|2015|2156|4 Safer 1448
20260719|0333|0521|1253|1649|2015|2155|5 Safer 1448
20260720|0334|0522|1253|1648|2014|2154|6 Safer 1448
20260721|0335|0523|1253|1648|2013|2153|7 Safer 1448
20260722|0337|0524|1253|1648|2012|2152|8 Safer 1448
20260723|0338|0525|1253|1648|2012|2150|9 Safer 1448
20260724|0340|0525|1253|1648|2011|2149|10 Safer 1448
20260725|0341|0526|1253|1648|2010|2148|11 Safer 1448
20260726|0342|0527|1253|1647|2009|2146|12 Safer 1448
20260727|0344|0528|1253|1647|2008|2145|13 Safer 1448
20260728|0345|0529|1253|1647|2007|2144|14 Safer 1448
20260729|0347|0530|1253|1647|2006|2142|15 Safer 1448
20260730|0348|0531|1253|1646|2005|2141|16 Safer 1448
20260731|0349|0532|1253|1646|2004|2139|17 Safer 1448
20260801|0351|0533|1253|1646|2003|2138|18 Safer 1448
20260802|0352|0534|1253|1645|2002|2136|19 Safer 1448
20260803|0354|0535|1253|1645|2001|2135|20 Safer 1448
20260804|0355|0535|1253|1645|2000|2133|21 Safer 1448
20260805|0357|0536|1253|1644|1959|2132|22 Safer 1448
20260806|0358|0537|1253|1644|1958|2130|23 Safer 1448
20260807|0400|0538|1252|1643|1957|2129|24 Safer 1448
20260808|0401|0539|1252|1643|1955|2127|25 Safer 1448
20260809|0402|0540|1252|1643|1954|2125|26 Safer 1448
20260810|0404|0541|1252|1642|1953|2124|27 Safer 1448
20260811|0405|0542|1252|1642|1952|2122|28 Safer 1448
20260812|0407|0543|1252|1641|1950|2120|29 Safer 1448
20260813|0408|0544|1252|1640|1949|2118|30 Safer 1448
20260814|0409|0545|1251|1640|1948|2117|1 Rebiulevvel 1448
20260815|0411|0546|1251|1639|1947|2115|2 Rebiulevvel 1448
20260816|0412|0547|1251|1639|1945|2113|3 Rebiulevvel 1448
20260817|0414|0548|1251|1638|1944|2111|4 Rebiulevvel 1448
20260818|0415|0549|1251|1637|1942|2110|5 Rebiulevvel 1448
20260819|0416|0550|1250|1637|1941|2108|6 Rebiulevvel 1448
20260820|0418|0551|1250|1636|1940|2106|7 Rebiulevvel 1448
20260821|0419|0552|1250|1635|1938|2104|8 Rebiulevvel 1448
20260822|0420|0553|1250|1635|1937|2103|9 Rebiulevvel 1448
20260823|0422|0554|1249|1634|1935|2101|10 Rebiulevvel 1448
20260824|0423|0554|1249|1633|1934|2059|11 Rebiulevvel 1448
20260825|0424|0555|1249|1632|1932|2057|12 Rebiulevvel 1448
20260826|0426|0556|1249|1632|1931|2055|13 Rebiulevvel 1448
20260827|0427|0557|1248|1631|1929|2053|14 Rebiulevvel 1448
20260828|0428|0558|1248|1630|1928|2052|15 Rebiulevvel 1448
20260829|0430|0559|1248|1629|1926|2050|16 Rebiulevvel 1448
20260830|0431|0600|1247|1628|1925|2048|17 Rebiulevvel 1448
20260831|0432|0601|1247|1627|1923|2046|18 Rebiulevvel 1448
20260901|0433|0602|1247|1627|1922|2044|19 Rebiulevvel 1448
20260902|0435|0603|1246|1626|1920|2042|20 Rebiulevvel 1448
20260903|0436|0604|1246|1625|1918|2040|21 Rebiulevvel 1448
20260904|0437|0605|1246|1624|1917|2039|22 Rebiulevvel 1448
20260905|0438|0606|1245|1623|1915|2037|23 Rebiulevvel 1448
20260906|0440|0607|1245|1622|1914|2035|24 Rebiulevvel 1448
20260907|0441|0608|1245|1621|1912|2033|25 Rebiulevvel 1448
20260908|0442|0609|1244|1620|1910|2031|26 Rebiulevvel 1448
20260909|0443|0610|1244|1619|1909|2029|27 Rebiulevvel 1448
20260910|0444|0610|1244|1618|1907|2027|28 Rebiulevvel 1448
20260911|0446|0611|1243|1617|1905|2026|29 Rebiulevvel 1448
20260912|0447|0612|1243|1616|1904|2024|1 Rebiulahir 1448
20260913|0448|0613|1243|1615|1902|2022|2 Rebiulahir 1448
20260914|0449|0614|1242|1614|1900|2020|3 Rebiulahir 1448
20260915|0450|0615|1242|1613|1859|2018|4 Rebiulahir 1448
20260916|0451|0616|1242|1612|1857|2016|5 Rebiulahir 1448
20260917|0452|0617|1241|1611|1855|2015|6 Rebiulahir 1448
20260918|0453|0618|1241|1609|1854|2013|7 Rebiulahir 1448
20260919|0455|0619|1241|1608|1852|2011|8 Rebiulahir 1448
20260920|0456|0620|1240|1607|1850|2009|9 Rebiulahir 1448
20260921|0457|0621|1240|1606|1849|2007|10 Rebiulahir 1448
20260922|0458|0622|1239|1605|1847|2006|11 Rebiulahir 1448
20260923|0459|0623|1239|1604|1845|2004|12 Rebiulahir 1448
20260924|0500|0624|1239|1603|1844|2002|13 Rebiulahir 1448
20260925|0501|0625|1238|1602|1842|2000|14 Rebiulahir 1448
20260926|0502|0626|1238|1600|1841|1959|15 Rebiulahir 1448
20260927|0503|0627|1238|1559|1839|1957|16 Rebiulahir 1448
20260928|0504|0628|1237|1558|1837|1955|17 Rebiulahir 1448
20260929|0505|0629|1237|1557|1836|1953|18 Rebiulahir 1448
20260930|0506|0630|1237|1556|1834|1952|19 Rebiulahir 1448
20261001|0507|0631|1236|1555|1832|1950|20 Rebiulahir 1448
20261002|0508|0632|1236|1553|1831|1948|21 Rebiulahir 1448
20261003|0509|0632|1236|1552|1829|1947|22 Rebiulahir 1448
20261004|0510|0633|1235|1551|1827|1945|23 Rebiulahir 1448
20261005|0512|0634|1235|1550|1826|1944|24 Rebiulahir 1448
20261006|0513|0635|1235|1549|1824|1942|25 Rebiulahir 1448
20261007|0514|0636|1235|1548|1823|1940|26 Rebiulahir 1448
20261008|0515|0637|1234|1546|1821|1939|27 Rebiulahir 1448
20261009|0516|0638|1234|1545|1819|1937|28 Rebiulahir 1448
20261010|0517|0640|1234|1544|1818|1936|29 Rebiulahir 1448
20261011|0518|0641|1233|1543|1816|1934|30 Rebiulahir 1448
20261012|0519|0642|1233|1542|1815|1933|1 Cemaziyelevvel 1448
20261013|0520|0643|1233|1541|1813|1931|2 Cemaziyelevvel 1448
20261014|0521|0644|1233|1539|1812|1930|3 Cemaziyelevvel 1448
20261015|0522|0645|1232|1538|1810|1928|4 Cemaziyelevvel 1448
20261016|0523|0646|1232|1537|1809|1927|5 Cemaziyelevvel 1448
20261017|0524|0647|1232|1536|1807|1925|6 Cemaziyelevvel 1448
20261018|0525|0648|1232|1535|1806|1924|7 Cemaziyelevvel 1448
20261019|0526|0649|1232|1534|1804|1922|8 Cemaziyelevvel 1448
20261020|0527|0650|1231|1533|1803|1921|9 Cemaziyelevvel 1448
20261021|0528|0651|1231|1532|1802|1920|10 Cemaziyelevvel 1448
20261022|0529|0652|1231|1530|1800|1918|11 Cemaziyelevvel 1448
20261023|0530|0653|1231|1529|1759|1917|12 Cemaziyelevvel 1448
20261024|0531|0654|1231|1528|1757|1916|13 Cemaziyelevvel 1448
20261025|0532|0655|1231|1527|1756|1915|14 Cemaziyelevvel 1448
20261026|0533|0657|1231|1526|1755|1913|15 Cemaziyelevvel 1448
20261027|0534|0658|1230|1525|1753|1912|16 Cemaziyelevvel 1448
20261028|0535|0659|1230|1524|1752|1911|17 Cemaziyelevvel 1448
20261029|0536|0700|1230|1523|1751|1910|18 Cemaziyelevvel 1448
20261030|0537|0701|1230|1522|1750|1909|19 Cemaziyelevvel 1448
20261031|0538|0702|1230|1521|1748|1908|20 Cemaziyelevvel 1448
20261101|0539|0703|1230|1520|1747|1906|21 Cemaziyelevvel 1448
20261102|0540|0704|1230|1519|1746|1905|22 Cemaziyelevvel 1448
20261103|0541|0706|1230|1518|1745|1904|23 Cemaziyelevvel 1448
20261104|0542|0707|1230|1518|1744|1903|24 Cemaziyelevvel 1448
20261105|0543|0708|1230|1517|1743|1902|25 Cemaziyelevvel 1448
20261106|0544|0709|1230|1516|1741|1901|26 Cemaziyelevvel 1448
20261107|0545|0710|1230|1515|1740|1901|27 Cemaziyelevvel 1448
20261108|0546|0711|1230|1514|1739|1900|28 Cemaziyelevvel 1448
20261109|0547|0712|1230|1513|1738|1859|29 Cemaziyelevvel 1448
20261110|0548|0714|1230|1513|1737|1858|1 Cemaziyelahir 1448
20261111|0549|0715|1231|1512|1736|1857|2 Cemaziyelahir 1448
20261112|0550|0716|1231|1511|1735|1856|3 Cemaziyelahir 1448
20261113|0551|0717|1231|1510|1735|1856|4 Cemaziyelahir 1448
20261114|0552|0718|1231|1510|1734|1855|5 Cemaziyelahir 1448
20261115|0553|0719|1231|1509|1733|1854|6 Cemaziyelahir 1448
20261116|0554|0720|1231|1508|1732|1854|7 Cemaziyelahir 1448
20261117|0555|0722|1231|1508|1731|1853|8 Cemaziyelahir 1448
20261118|0556|0723|1232|1507|1731|1852|9 Cemaziyelahir 1448
20261119|0557|0724|1232|1507|1730|1852|10 Cemaziyelahir 1448
20261120|0557|0725|1232|1506|1729|1851|11 Cemaziyelahir 1448
20261121|0558|0726|1232|1506|1729|1851|12 Cemaziyelahir 1448
20261122|0559|0727|1233|1505|1728|1850|13 Cemaziyelahir 1448
20261123|0600|0728|1233|1505|1727|1850|14 Cemaziyelahir 1448
20261124|0601|0729|1233|1504|1727|1850|15 Cemaziyelahir 1448
20261125|0602|0731|1233|1504|1726|1849|16 Cemaziyelahir 1448
20261126|0603|0732|1234|1504|1726|1849|17 Cemaziyelahir 1448
20261127|0604|0733|1234|1503|1725|1849|18 Cemaziyelahir 1448
20261128|0605|0734|1234|1503|1725|1848|19 Cemaziyelahir 1448
20261129|0606|0735|1235|1503|1725|1848|20 Cemaziyelahir 1448
20261130|0607|0736|1235|1503|1724|1848|21 Cemaziyelahir 1448
20261201|0608|0737|1235|1502|1724|1848|22 Cemaziyelahir 1448
20261202|0609|0738|1236|1502|1724|1848|23 Cemaziyelahir 1448
20261203|0609|0739|1236|1502|1724|1848|24 Cemaziyelahir 1448
20261204|0610|0740|1237|1502|1723|1848|25 Cemaziyelahir 1448
20261205|0611|0741|1237|1502|1723|1848|26 Cemaziyelahir 1448
20261206|0612|0742|1237|1502|1723|1848|27 Cemaziyelahir 1448
20261207|0613|0743|1238|1502|1723|1848|28 Cemaziyelahir 1448
20261208|0613|0743|1238|1502|1723|1848|29 Cemaziyelahir 1448
20261209|0614|0744|1239|1502|1723|1848|30 Cemaziyelahir 1448
20261210|0615|0745|1239|1502|1723|1848|1 Recep 1448
20261211|0616|0746|1240|1502|1723|1848|2 Recep 1448
20261212|0616|0747|1240|1503|1723|1848|3 Recep 1448
20261213|0617|0748|1241|1503|1724|1848|4 Recep 1448
20261214|0618|0748|1241|1503|1724|1849|5 Recep 1448
20261215|0618|0749|1241|1503|1724|1849|6 Recep 1448
20261216|0619|0750|1242|1504|1724|1849|7 Recep 1448
20261217|0620|0750|1242|1504|1725|1850|8 Recep 1448
20261218|0620|0751|1243|1504|1725|1850|9 Recep 1448
20261219|0621|0752|1243|1505|1725|1850|10 Recep 1448
20261220|0621|0752|1244|1505|1726|1851|11 Recep 1448
20261221|0622|0753|1244|1506|1726|1851|12 Recep 1448
20261222|0623|0753|1245|1506|1727|1852|13 Recep 1448
20261223|0623|0754|1245|1507|1727|1852|14 Recep 1448
20261224|0623|0754|1246|1507|1728|1853|15 Recep 1448
20261225|0624|0755|1246|1508|1728|1853|16 Recep 1448
20261226|0624|0755|1247|1508|1729|1854|17 Recep 1448
20261227|0625|0755|1247|1509|1730|1855|18 Recep 1448
20261228|0625|0756|1248|1510|1730|1855|19 Recep 1448
20261229|0625|0756|1248|1510|1731|1856|20 Recep 1448
20261230|0626|0756|1249|1511|1732|1857|21 Recep 1448
20261231|0626|0756|1249|1512|1732|1857|22 Recep 1448
20270101|0626|0756|1250|1512|1733|1858|23 Recep 1448
20270102|0626|0757|1250|1513|1734|1859|24 Recep 1448
20270103|0627|0757|1251|1514|1735|1900|25 Recep 1448
20270104|0627|0757|1251|1515|1736|1900|26 Recep 1448
20270105|0627|0757|1252|1516|1737|1901|27 Recep 1448
20270106|0627|0757|1252|1516|1738|1902|28 Recep 1448
20270107|0627|0757|1253|1517|1738|1903|29 Recep 1448
20270108|0627|0757|1253|1518|1739|1904|30 Recep 1448
20270109|0627|0756|1253|1519|1740|1905|1 Şaban 1448
20270110|0627|0756|1254|1520|1741|1905|2 Şaban 1448
20270111|0627|0756|1254|1521|1742|1906|3 Şaban 1448
20270112|0627|0756|1255|1522|1743|1907|4 Şaban 1448
20270113|0627|0756|1255|1523|1744|1908|5 Şaban 1448
20270114|0626|0755|1255|1524|1746|1909|6 Şaban 1448
20270115|0626|0755|1256|1525|1747|1910|7 Şaban 1448
20270116|0626|0754|1256|1526|1748|1911|8 Şaban 1448
20270117|0626|0754|1256|1527|1749|1912|9 Şaban 1448
20270118|0625|0754|1257|1528|1750|1913|10 Şaban 1448
20270119|0625|0753|1257|1529|1751|1914|11 Şaban 1448
20270120|0625|0753|1257|1530|1752|1915|12 Şaban 1448
20270121|0624|0752|1258|1531|1753|1916|13 Şaban 1448
20270122|0624|0751|1258|1532|1755|1917|14 Şaban 1448
20270123|0623|0751|1258|1533|1756|1918|15 Şaban 1448
20270124|0623|0750|1258|1534|1757|1919|16 Şaban 1448
20270125|0622|0749|1259|1535|1758|1920|17 Şaban 1448
20270126|0622|0749|1259|1536|1759|1921|18 Şaban 1448
20270127|0621|0748|1259|1537|1800|1922|19 Şaban 1448
20270128|0621|0747|1259|1538|1802|1923|20 Şaban 1448
20270129|0620|0746|1300|1539|1803|1924|21 Şaban 1448
20270130|0619|0745|1300|1540|1804|1925|22 Şaban 1448
20270131|0618|0745|1300|1541|1805|1926|23 Şaban 1448
20270201|0618|0744|1300|1542|1806|1927|24 Şaban 1448
20270202|0617|0743|1300|1543|1808|1928|25 Şaban 1448
20270203|0616|0742|1300|1544|1809|1929|26 Şaban 1448
20270204|0615|0741|1300|1545|1810|1930|27 Şaban 1448
20270205|0614|0740|1300|1546|1811|1931|28 Şaban 1448
20270206|0614|0739|1301|1547|1812|1932|29 Şaban 1448
20270207|0613|0738|1301|1548|1814|1933|30 Şaban 1448
20270208|0612|0737|1301|1549|1815|1935|1 Ramazan 1448
20270209|0611|0735|1301|1550|1816|1936|2 Ramazan 1448
20270210|0610|0734|1301|1550|1817|1937|3 Ramazan 1448
20270211|0609|0733|1301|1551|1818|1938|4 Ramazan 1448
20270212|0608|0732|1301|1552|1820|1939|5 Ramazan 1448
20270213|0607|0731|1301|1553|1821|1940|6 Ramazan 1448
20270214|0605|0730|1301|1554|1822|1941|7 Ramazan 1448
20270215|0604|0728|1301|1555|1823|1942|8 Ramazan 1448
20270216|0603|0727|1301|1556|1824|1943|9 Ramazan 1448
20270217|0602|0726|1301|1557|1826|1944|10 Ramazan 1448
20270218|0601|0724|1301|1558|1827|1945|11 Ramazan 1448
20270219|0559|0723|1300|1559|1828|1946|12 Ramazan 1448
20270220|0558|0722|1300|1559|1829|1947|13 Ramazan 1448
20270221|0557|0720|1300|1600|1830|1948|14 Ramazan 1448
20270222|0556|0719|1300|1601|1831|1949|15 Ramazan 1448
20270223|0554|0718|1300|1602|1832|1950|16 Ramazan 1448
20270224|0553|0716|1300|1603|1834|1952|17 Ramazan 1448
20270225|0552|0715|1300|1604|1835|1953|18 Ramazan 1448
20270226|0550|0713|1300|1604|1836|1954|19 Ramazan 1448
20270227|0549|0712|1259|1605|1837|1955|20 Ramazan 1448
20270228|0547|0710|1259|1606|1838|1956|21 Ramazan 1448
20270301|0546|0709|1259|1607|1839|1957|22 Ramazan 1448
20270302|0544|0707|1259|1607|1840|1958|23 Ramazan 1448
20270303|0543|0706|1259|1608|1841|1959|24 Ramazan 1448
20270304|0541|0704|1258|1609|1843|2000|25 Ramazan 1448
20270305|0540|0703|1258|1609|1844|2001|26 Ramazan 1448
20270306|0538|0701|1258|1610|1845|2002|27 Ramazan 1448
20270307|0537|0700|1258|1611|1846|2003|28 Ramazan 1448
20270308|0535|0658|1258|1611|1847|2005|29 Ramazan 1448
20270309|0534|0657|1257|1612|1848|2006|1 Şevval 1448
20270310|0532|0655|1257|1613|1849|2007|2 Şevval 1448
20270311|0530|0654|1257|1613|1850|2008|3 Şevval 1448
20270312|0529|0652|1257|1614|1851|2009|4 Şevval 1448
20270313|0527|0650|1256|1614|1852|2010|5 Şevval 1448
20270314|0526|0649|1256|1615|1853|2011|6 Şevval 1448
20270315|0524|0647|1256|1616|1854|2012|7 Şevval 1448
20270316|0522|0646|1255|1616|1855|2013|8 Şevval 1448
20270317|0520|0644|1255|1617|1856|2014|9 Şevval 1448
20270318|0519|0642|1255|1617|1857|2016|10 Şevval 1448
20270319|0517|0641|1255|1618|1858|2017|11 Şevval 1448
20270320|0515|0639|1254|1618|1859|2018|12 Şevval 1448
20270321|0514|0637|1254|1619|1901|2019|13 Şevval 1448
20270322|0512|0636|1254|1619|1902|2020|14 Şevval 1448
20270323|0510|0634|1253|1620|1903|2021|15 Şevval 1448
20270324|0508|0633|1253|1620|1904|2022|16 Şevval 1448
20270325|0507|0631|1253|1621|1905|2024|17 Şevval 1448
20270326|0505|0629|1252|1621|1906|2025|18 Şevval 1448
20270327|0503|0628|1252|1622|1907|2026|19 Şevval 1448
20270328|0501|0626|1252|1622|1908|2027|20 Şevval 1448
20270329|0459|0624|1252|1622|1909|2028|21 Şevval 1448
20270330|0457|0623|1251|1623|1910|2029|22 Şevval 1448
20270331|0456|0621|1251|1623|1911|2031|23 Şevval 1448
20270401|0454|0620|1251|1624|1912|2032|24 Şevval 1448
20270402|0452|0618|1250|1624|1913|2033|25 Şevval 1448
20270403|0450|0616|1250|1624|1914|2034|26 Şevval 1448
20270404|0448|0615|1250|1625|1915|2036|27 Şevval 1448
20270405|0446|0613|1249|1625|1916|2037|28 Şevval 1448
20270406|0445|0612|1249|1626|1917|2038|29 Şevval 1448
20270407|0443|0610|1249|1626|1918|2039|30 Şevval 1448
20270408|0441|0608|1249|1626|1919|2041|1 Zilkade 1448
20270409|0439|0607|1248|1627|1920|2042|2 Zilkade 1448
20270410|0437|0605|1248|1627|1921|2043|3 Zilkade 1448
20270411|0435|0604|1248|1627|1922|2044|4 Zilkade 1448
20270412|0434|0602|1248|1628|1923|2046|5 Zilkade 1448
20270413|0432|0601|1247|1628|1924|2047|6 Zilkade 1448
20270414|0430|0559|1247|1628|1925|2048|7 Zilkade 1448
20270415|0428|0558|1247|1629|1926|2050|8 Zilkade 1448
20270416|0426|0556|1247|1629|1927|2051|9 Zilkade 1448
20270417|0424|0555|1246|1629|1928|2052|10 Zilkade 1448
20270418|0422|0553|1246|1629|1929|2054|11 Zilkade 1448
20270419|0421|0552|1246|1630|1930|2055|12 Zilkade 1448
20270420|0419|0550|1246|1630|1931|2056|13 Zilkade 1448
20270421|0417|0549|1245|1630|1932|2058|14 Zilkade 1448
20270422|0415|0547|1245|1631|1933|2059|15 Zilkade 1448
20270423|0413|0546|1245|1631|1934|2101|16 Zilkade 1448
20270424|0411|0545|1245|1631|1935|2102|17 Zilkade 1448
20270425|0410|0543|1245|1631|1936|2103|18 Zilkade 1448
20270426|0408|0542|1245|1632|1937|2105|19 Zilkade 1448
20270427|0406|0541|1244|1632|1938|2106|20 Zilkade 1448
20270428|0404|0539|1244|1632|1939|2108|21 Zilkade 1448
20270429|0403|0538|1244|1632|1940|2109|22 Zilkade 1448
20270430|0401|0537|1244|1633|1941|2110|23 Zilkade 1448
20270501|0359|0535|1244|1633|1942|2112|24 Zilkade 1448
20270502|0357|0534|1244|1633|1943|2113|25 Zilkade 1448
20270503|0356|0533|1244|1633|1944|2115|26 Zilkade 1448
20270504|0354|0532|1243|1634|1945|2116|27 Zilkade 1448
20270505|0352|0530|1243|1634|1946|2118|28 Zilkade 1448
20270506|0351|0529|1243|1634|1947|2119|29 Zilkade 1448
20270507|0349|0528|1243|1634|1948|2120|1 Zilhicce 1448
20270508|0347|0527|1243|1635|1949|2122|2 Zilhicce 1448
20270509|0346|0526|1243|1635|1950|2123|3 Zilhicce 1448
20270510|0344|0525|1243|1635|1951|2125|4 Zilhicce 1448
20270511|0343|0524|1243|1635|1952|2126|5 Zilhicce 1448
20270512|0341|0523|1243|1636|1953|2128|6 Zilhicce 1448
20270513|0340|0522|1243|1636|1954|2129|7 Zilhicce 1448
20270514|0338|0521|1243|1636|1955|2131|8 Zilhicce 1448
20270515|0337|0520|1243|1637|1956|2132|9 Zilhicce 1448
20270516|0335|0519|1243|1637|1957|2133|10 Zilhicce 1448
20270517|0334|0518|1243|1637|1958|2135|11 Zilhicce 1448
20270518|0332|0517|1243|1637|1959|2136|12 Zilhicce 1448
20270519|0331|0516|1243|1638|2000|2138|13 Zilhicce 1448
20270520|0330|0516|1243|1638|2001|2139|14 Zilhicce 1448
20270521|0328|0515|1243|1638|2002|2140|15 Zilhicce 1448
20270522|0327|0514|1243|1638|2003|2142|16 Zilhicce 1448
20270523|0326|0513|1243|1639|2003|2143|17 Zilhicce 1448
20270524|0325|0513|1243|1639|2004|2144|18 Zilhicce 1448
20270525|0323|0512|1243|1639|2005|2146|19 Zilhicce 1448
20270526|0322|0511|1244|1639|2006|2147|20 Zilhicce 1448
20270527|0321|0511|1244|1640|2007|2148|21 Zilhicce 1448
20270528|0320|0510|1244|1640|2008|2149|22 Zilhicce 1448
20270529|0319|0510|1244|1640|2008|2151|23 Zilhicce 1448
20270530|0318|0509|1244|1640|2009|2152|24 Zilhicce 1448
20270531|0317|0509|1244|1641|2010|2153|25 Zilhicce 1448
20270601|0316|0508|1244|1641|2011|2154|26 Zilhicce 1448
20270602|0316|0508|1244|1641|2011|2155|27 Zilhicce 1448
20270603|0315|0507|1245|1642|2012|2156|28 Zilhicce 1448
20270604|0314|0507|1245|1642|2013|2157|29 Zilhicce 1448
20270605|0313|0507|1245|1642|2013|2158|30 Zilhicce 1448
20270606|0313|0506|1245|1642|2014|2159|1 Muharrem 1449
20270607|0312|0506|1245|1643|2015|2200|2 Muharrem 1449
20270608|0312|0506|1246|1643|2015|2201|3 Muharrem 1449
20270609|0311|0506|1246|1643|2016|2202|4 Muharrem 1449
20270610|0311|0505|1246|1643|2016|2203|5 Muharrem 1449
20270611|0310|0505|1246|1644|2017|2203|6 Muharrem 1449
20270612|0310|0505|1246|1644|2017|2204|7 Muharrem 1449
20270613|0310|0505|1247|1644|2018|2205|8 Muharrem 1449
20270614|0309|0505|1247|1644|2018|2205|9 Muharrem 1449
20270615|0309|0505|1247|1645|2019|2206|10 Muharrem 1449
20270616|0309|0505|1247|1645|2019|2206|11 Muharrem 1449
20270617|0309|0505|1247|1645|2020|2207|12 Muharrem 1449
20270618|0309|0505|1248|1645|2020|2207|13 Muharrem 1449
20270619|0309|0505|1248|1646|2020|2208|14 Muharrem 1449
20270620|0309|0506|1248|1646|2021|2208|15 Muharrem 1449
20270621|0309|0506|1248|1646|2021|2208|16 Muharrem 1449
20270622|0310|0506|1248|1646|2021|2209|17 Muharrem 1449
20270623|0310|0506|1249|1646|2021|2209|18 Muharrem 1449
20270624|0310|0507|1249|1647|2021|2209|19 Muharrem 1449
20270625|0310|0507|1249|1647|2021|2209|20 Muharrem 1449
20270626|0311|0507|1249|1647|2022|2209|21 Muharrem 1449
20270627|0311|0508|1250|1647|2022|2209|22 Muharrem 1449
20270628|0312|0508|1250|1647|2022|2209|23 Muharrem 1449
20270629|0313|0508|1250|1648|2022|2209|24 Muharrem 1449
20270630|0313|0509|1250|1648|2022|2208|25 Muharrem 1449
20270701|0314|0509|1250|1648|2022|2208|26 Muharrem 1449
20270702|0315|0510|1251|1648|2021|2208|27 Muharrem 1449
20270703|0315|0510|1251|1648|2021|2208|28 Muharrem 1449
20270704|0316|0511|1251|1648|2021|2207|29 Muharrem 1449
20270705|0317|0511|1251|1648|2021|2207|1 Safer 1449
20270706|0318|0512|1251|1649|2021|2206|2 Safer 1449
20270707|0319|0512|1251|1649|2020|2206|3 Safer 1449
20270708|0320|0513|1252|1649|2020|2205|4 Safer 1449
20270709|0321|0514|1252|1649|2020|2204|5 Safer 1449
20270710|0322|0514|1252|1649|2019|2204|6 Safer 1449
20270711|0323|0515|1252|1649|2019|2203|7 Safer 1449
20270712|0324|0516|1252|1649|2019|2202|8 Safer 1449
20270713|0325|0516|1252|1649|2018|2201|9 Safer 1449
20270714|0326|0517|1252|1649|2018|2200|10 Safer 1449
20270715|0328|0518|1253|1649|2017|2159|11 Safer 1449
20270716|0329|0519|1253|1649|2017|2158|12 Safer 1449
20270717|0330|0519|1253|1649|2016|2157|13 Safer 1449
20270718|0331|0520|1253|1649|2015|2156|14 Safer 1449
20270719|0333|0521|1253|1649|2015|2155|15 Safer 1449
20270720|0334|0522|1253|1648|2014|2154|16 Safer 1449
20270721|0335|0523|1253|1648|2013|2153|17 Safer 1449
20270722|0337|0524|1253|1648|2013|2152|18 Safer 1449
20270723|0338|0524|1253|1648|2012|2151|19 Safer 1449
20270724|0339|0525|1253|1648|2011|2149|20 Safer 1449
20270725|0341|0526|1253|1648|2010|2148|21 Safer 1449
20270726|0342|0527|1253|1648|2009|2147|22 Safer 1449
20270727|0343|0528|1253|1647|2008|2145|23 Safer 1449
20270728|0345|0529|1253|1647|2008|2144|24 Safer 1449
20270729|0346|0530|1253|1647|2007|2143|25 Safer 1449
20270730|0348|0531|1253|1646|2006|2141|26 Safer 1449
20270731|0349|0532|1253|1646|2005|2140|27 Safer 1449
20270801|0351|0532|1253|1646|2004|2138|28 Safer 1449
20270802|0352|0533|1253|1646|2003|2137|29 Safer 1449
20270803|0353|0534|1253|1645|2001|2135|1 Rebiulevvel 1449
20270804|0355|0535|1253|1645|2000|2134|2 Rebiulevvel 1449
20270805|0356|0536|1253|1644|1959|2132|3 Rebiulevvel 1449
20270806|0358|0537|1253|1644|1958|2131|4 Rebiulevvel 1449
20270807|0359|0538|1252|1644|1957|2129|5 Rebiulevvel 1449
20270808|0401|0539|1252|1643|1956|2127|6 Rebiulevvel 1449
20270809|0402|0540|1252|1643|1955|2126|7 Rebiulevvel 1449
20270810|0403|0541|1252|1642|1953|2124|8 Rebiulevvel 1449
20270811|0405|0542|1252|1642|1952|2122|9 Rebiulevvel 1449
20270812|0406|0543|1252|1641|1951|2121|10 Rebiulevvel 1449
20270813|0408|0544|1252|1641|1949|2119|11 Rebiulevvel 1449
20270814|0409|0545|1251|1640|1948|2117|12 Rebiulevvel 1449
20270815|0411|0546|1251|1639|1947|2115|13 Rebiulevvel 1449
20270816|0412|0547|1251|1639|1946|2114|14 Rebiulevvel 1449
20270817|0413|0548|1251|1638|1944|2112|15 Rebiulevvel 1449
20270818|0415|0549|1251|1638|1943|2110|16 Rebiulevvel 1449
20270819|0416|0549|1250|1637|1941|2108|17 Rebiulevvel 1449
20270820|0417|0550|1250|1636|1940|2107|18 Rebiulevvel 1449
20270821|0419|0551|1250|1636|1939|2105|19 Rebiulevvel 1449
20270822|0420|0552|1250|1635|1937|2103|20 Rebiulevvel 1449
20270823|0422|0553|1249|1634|1936|2101|21 Rebiulevvel 1449
20270824|0423|0554|1249|1633|1934|2059|22 Rebiulevvel 1449
20270825|0424|0555|1249|1633|1933|2058|23 Rebiulevvel 1449
20270826|0425|0556|1249|1632|1931|2056|24 Rebiulevvel 1449
20270827|0427|0557|1248|1631|1930|2054|25 Rebiulevvel 1449
20270828|0428|0558|1248|1630|1928|2052|26 Rebiulevvel 1449
20270829|0429|0559|1248|1629|1927|2050|27 Rebiulevvel 1449
20270830|0431|0600|1247|1628|1925|2048|28 Rebiulevvel 1449
20270831|0432|0601|1247|1628|1923|2046|29 Rebiulevvel 1449
20270901|0433|0602|1247|1627|1922|2045|30 Rebiulevvel 1449
20270902|0434|0603|1247|1626|1920|2043|1 Rebiulahir 1449
20270903|0436|0604|1246|1625|1919|2041|2 Rebiulahir 1449
20270904|0437|0605|1246|1624|1917|2039|3 Rebiulahir 1449
20270905|0438|0606|1246|1623|1916|2037|4 Rebiulahir 1449
20270906|0439|0607|1245|1622|1914|2035|5 Rebiulahir 1449
20270907|0441|0607|1245|1621|1912|2033|6 Rebiulahir 1449
20270908|0442|0608|1245|1620|1911|2032|7 Rebiulahir 1449
20270909|0443|0609|1244|1619|1909|2030|8 Rebiulahir 1449
20270910|0444|0610|1244|1618|1907|2028|9 Rebiulahir 1449
20270911|0445|0611|1243|1617|1906|2026|10 Rebiulahir 1449
20270912|0446|0612|1243|1616|1904|2024|11 Rebiulahir 1449
20270913|0448|0613|1243|1615|1902|2022|12 Rebiulahir 1449
20270914|0449|0614|1242|1614|1901|2021|13 Rebiulahir 1449
20270915|0450|0615|1242|1613|1859|2019|14 Rebiulahir 1449
20270916|0451|0616|1242|1612|1858|2017|15 Rebiulahir 1449
20270917|0452|0617|1241|1611|1856|2015|16 Rebiulahir 1449
20270918|0453|0618|1241|1610|1854|2013|17 Rebiulahir 1449
20270919|0454|0619|1241|1609|1853|2011|18 Rebiulahir 1449
20270920|0455|0620|1240|1607|1851|2010|19 Rebiulahir 1449
20270921|0457|0621|1240|1606|1849|2008|20 Rebiulahir 1449
20270922|0458|0622|1240|1605|1848|2006|21 Rebiulahir 1449
20270923|0459|0623|1239|1604|1846|2004|22 Rebiulahir 1449
20270924|0500|0624|1239|1603|1844|2003|23 Rebiulahir 1449
20270925|0501|0624|1239|1602|1843|2001|24 Rebiulahir 1449
20270926|0502|0625|1238|1601|1841|1959|25 Rebiulahir 1449
20270927|0503|0626|1238|1600|1839|1957|26 Rebiulahir 1449
20270928|0504|0627|1237|1558|1838|1956|27 Rebiulahir 1449
20270929|0505|0628|1237|1557|1836|1954|28 Rebiulahir 1449
20270930|0506|0629|1237|1556|1834|1952|29 Rebiulahir 1449
20271001|0507|0630|1236|1555|1833|1951|1 Cemaziyelevvel 1449
20271002|0508|0631|1236|1554|1831|1949|2 Cemaziyelevvel 1449
20271003|0509|0632|1236|1553|1829|1947|3 Cemaziyelevvel 1449
20271004|0510|0633|1236|1551|1828|1946|4 Cemaziyelevvel 1449
20271005|0511|0634|1235|1550|1826|1944|5 Cemaziyelevvel 1449
20271006|0512|0635|1235|1549|1825|1942|6 Cemaziyelevvel 1449
20271007|0513|0636|1235|1548|1823|1941|7 Cemaziyelevvel 1449
20271008|0514|0637|1234|1547|1821|1939|8 Cemaziyelevvel 1449
20271009|0515|0638|1234|1546|1820|1938|9 Cemaziyelevvel 1449
20271010|0516|0639|1234|1544|1818|1936|10 Cemaziyelevvel 1449
20271011|0517|0640|1234|1543|1817|1934|11 Cemaziyelevvel 1449
20271012|0518|0641|1233|1542|1815|1933|12 Cemaziyelevvel 1449
20271013|0519|0642|1233|1541|1814|1931|13 Cemaziyelevvel 1449
20271014|0520|0643|1233|1540|1812|1930|14 Cemaziyelevvel 1449
20271015|0521|0644|1233|1539|1811|1928|15 Cemaziyelevvel 1449
20271016|0522|0645|1232|1537|1809|1927|16 Cemaziyelevvel 1449
20271017|0523|0647|1232|1536|1808|1926|17 Cemaziyelevvel 1449
20271018|0524|0648|1232|1535|1806|1924|18 Cemaziyelevvel 1449
20271019|0525|0649|1232|1534|1805|1923|19 Cemaziyelevvel 1449
20271020|0526|0650|1231|1533|1803|1921|20 Cemaziyelevvel 1449
20271021|0527|0651|1231|1532|1802|1920|21 Cemaziyelevvel 1449
20271022|0528|0652|1231|1531|1800|1919|22 Cemaziyelevvel 1449
20271023|0529|0653|1231|1530|1759|1917|23 Cemaziyelevvel 1449
20271024|0530|0654|1231|1529|1758|1916|24 Cemaziyelevvel 1449
20271025|0531|0655|1231|1528|1756|1915|25 Cemaziyelevvel 1449
20271026|0532|0656|1231|1526|1755|1914|26 Cemaziyelevvel 1449
20271027|0533|0657|1231|1525|1754|1912|27 Cemaziyelevvel 1449
20271028|0534|0658|1230|1524|1752|1911|28 Cemaziyelevvel 1449
20271029|0535|0700|1230|1523|1751|1910|29 Cemaziyelevvel 1449
20271030|0536|0701|1230|1522|1750|1909|30 Cemaziyelevvel 1449
20271031|0537|0702|1230|1521|1749|1908|1 Cemaziyelahir 1449
20271101|0538|0703|1230|1520|1747|1907|2 Cemaziyelahir 1449
20271102|0539|0704|1230|1520|1746|1906|3 Cemaziyelahir 1449
20271103|0540|0705|1230|1519|1745|1905|4 Cemaziyelahir 1449
20271104|0541|0706|1230|1518|1744|1904|5 Cemaziyelahir 1449
20271105|0542|0708|1230|1517|1743|1903|6 Cemaziyelahir 1449
20271106|0543|0709|1230|1516|1742|1902|7 Cemaziyelahir 1449
20271107|0544|0710|1230|1515|1741|1901|8 Cemaziyelahir 1449
20271108|0545|0711|1230|1514|1740|1900|9 Cemaziyelahir 1449
20271109|0546|0712|1230|1513|1739|1859|10 Cemaziyelahir 1449
20271110|0547|0713|1230|1513|1738|1858|11 Cemaziyelahir 1449
20271111|0548|0714|1231|1512|1737|1857|12 Cemaziyelahir 1449
20271112|0549|0716|1231|1511|1736|1857|13 Cemaziyelahir 1449
20271113|0550|0717|1231|1511|1735|1856|14 Cemaziyelahir 1449
20271114|0551|0718|1231|1510|1734|1855|15 Cemaziyelahir 1449
20271115|0552|0719|1231|1509|1733|1854|16 Cemaziyelahir 1449
20271116|0553|0720|1231|1509|1732|1854|17 Cemaziyelahir 1449
20271117|0554|0721|1231|1508|1731|1853|18 Cemaziyelahir 1449
20271118|0555|0722|1232|1507|1731|1853|19 Cemaziyelahir 1449
20271119|0556|0724|1232|1507|1730|1852|20 Cemaziyelahir 1449
20271120|0557|0725|1232|1506|1729|1851|21 Cemaziyelahir 1449
20271121|0558|0726|1232|1506|1729|1851|22 Cemaziyelahir 1449
20271122|0559|0727|1233|1505|1728|1851|23 Cemaziyelahir 1449
20271123|0600|0728|1233|1505|1727|1850|24 Cemaziyelahir 1449
20271124|0601|0729|1233|1504|1727|1850|25 Cemaziyelahir 1449
20271125|0602|0730|1233|1504|1726|1849|26 Cemaziyelahir 1449
20271126|0603|0731|1234|1504|1726|1849|27 Cemaziyelahir 1449
20271127|0604|0732|1234|1503|1726|1849|28 Cemaziyelahir 1449
20271128|0605|0733|1234|1503|1725|1848|29 Cemaziyelahir 1449
20271129|0606|0735|1235|1503|1725|1848|1 Recep 1449
20271130|0607|0736|1235|1503|1724|1848|2 Recep 1449
20271201|0607|0737|1235|1502|1724|1848|3 Recep 1449
20271202|0608|0738|1236|1502|1724|1848|4 Recep 1449
20271203|0609|0739|1236|1502|1724|1848|5 Recep 1449
20271204|0610|0740|1236|1502|1723|1848|6 Recep 1449
20271205|0611|0740|1237|1502|1723|1848|7 Recep 1449
20271206|0612|0741|1237|1502|1723|1848|8 Recep 1449
20271207|0612|0742|1238|1502|1723|1848|9 Recep 1449
20271208|0613|0743|1238|1502|1723|1848|10 Recep 1449
20271209|0614|0744|1239|1502|1723|1848|11 Recep 1449
20271210|0615|0745|1239|1502|1723|1848|12 Recep 1449
20271211|0616|0746|1239|1502|1723|1848|13 Recep 1449
20271212|0616|0747|1240|1503|1723|1848|14 Recep 1449
20271213|0617|0747|1240|1503|1723|1848|15 Recep 1449
20271214|0618|0748|1241|1503|1724|1849|16 Recep 1449
20271215|0618|0749|1241|1503|1724|1849|17 Recep 1449
20271216|0619|0750|1242|1504|1724|1849|18 Recep 1449
20271217|0620|0750|1242|1504|1724|1850|19 Recep 1449
20271218|0620|0751|1243|1504|1725|1850|20 Recep 1449
20271219|0621|0751|1243|1505|1725|1850|21 Recep 1449
20271220|0621|0752|1244|1505|1726|1851|22 Recep 1449
20271221|0622|0753|1244|1505|1726|1851|23 Recep 1449
20271222|0622|0753|1245|1506|1726|1852|24 Recep 1449
20271223|0623|0754|1245|1506|1727|1852|25 Recep 1449
20271224|0623|0754|1246|1507|1728|1853|26 Recep 1449
20271225|0624|0754|1246|1508|1728|1853|27 Recep 1449
20271226|0624|0755|1247|1508|1729|1854|28 Recep 1449
20271227|0625|0755|1247|1509|1729|1855|29 Recep 1449
20271228|0625|0756|1248|1509|1730|1855|30 Recep 1449
20271229|0625|0756|1248|1510|1731|1856|1 Şaban 1449
20271230|0626|0756|1249|1511|1731|1856|2 Şaban 1449
20271231|0626|0756|1249|1511|1732|1857|3 Şaban 1449
#@9370|Çorum|CORUM|730
20260101|0626|0757|1249|1510|1730|1856|12 Recep 1447
20260102|0626|0757|1249|1510|1731|1857|13 Recep 1447
20260103|0626|0757|1249|1511|1732|1858|14 Recep 1447
20260104|0626|0757|1250|1512|1733|1858|15 Recep 1447
20260105|0626|0757|1250|1513|1734|1859|16 Recep 1447
20260106|0626|0757|1251|1514|1735|1900|17 Recep 1447
20260107|0626|0757|1251|1515|1736|1901|18 Recep 1447
20260108|0626|0757|1252|1515|1737|1902|19 Recep 1447
20260109|0626|0757|1252|1516|1738|1903|20 Recep 1447
20260110|0626|0756|1253|1517|1739|1903|21 Recep 1447
20260111|0626|0756|1253|1518|1740|1904|22 Recep 1447
20260112|0626|0756|1253|1519|1741|1905|23 Recep 1447
20260113|0626|0756|1254|1520|1742|1906|24 Recep 1447
20260114|0626|0755|1254|1521|1743|1907|25 Recep 1447
20260115|0625|0755|1254|1522|1744|1908|26 Recep 1447
20260116|0625|0754|1255|1523|1745|1909|27 Recep 1447
20260117|0625|0754|1255|1524|1746|1910|28 Recep 1447
20260118|0624|0754|1255|1525|1747|1911|29 Recep 1447
20260119|0624|0753|1256|1526|1749|1912|30 Recep 1447
20260120|0624|0752|1256|1527|1750|1913|1 Şaban 1447
20260121|0623|0752|1256|1528|1751|1914|2 Şaban 1447
20260122|0623|0751|1257|1529|1752|1915|3 Şaban 1447
20260123|0622|0751|1257|1530|1753|1916|4 Şaban 1447
20260124|0622|0750|1257|1531|1754|1917|5 Şaban 1447
20260125|0621|0749|1257|1532|1756|1918|6 Şaban 1447
20260126|0621|0748|1258|1533|1757|1919|7 Şaban 1447
20260127|0620|0748|1258|1534|1758|1920|8 Şaban 1447
20260128|0619|0747|1258|1535|1759|1921|9 Şaban 1447
20260129|0619|0746|1258|1536|1801|1922|10 Şaban 1447
20260130|0618|0745|1258|1537|1802|1923|11 Şaban 1447
20260131|0617|0744|1259|1538|1803|1925|12 Şaban 1447
20260201|0617|0743|1259|1539|1804|1926|13 Şaban 1447
20260202|0616|0742|1259|1540|1805|1927|14 Şaban 1447
20260203|0615|0741|1259|1541|1807|1928|15 Şaban 1447
20260204|0614|0740|1259|1542|1808|1929|16 Şaban 1447
20260205|0613|0739|1259|1543|1809|1930|17 Şaban 1447
20260206|0612|0738|1259|1544|1810|1931|18 Şaban 1447
20260207|0611|0737|1259|1545|1812|1932|19 Şaban 1447
20260208|0610|0736|1259|1546|1813|1933|20 Şaban 1447
20260209|0609|0735|1259|1547|1814|1934|21 Şaban 1447
20260210|0608|0734|1259|1548|1815|1935|22 Şaban 1447
20260211|0607|0732|1259|1549|1816|1936|23 Şaban 1447
20260212|0606|0731|1259|1550|1818|1937|24 Şaban 1447
20260213|0605|0730|1259|1551|1819|1939|25 Şaban 1447
20260214|0604|0729|1259|1552|1820|1940|26 Şaban 1447
20260215|0603|0727|1259|1553|1821|1941|27 Şaban 1447
20260216|0602|0726|1259|1554|1822|1942|28 Şaban 1447
20260217|0600|0725|1259|1555|1824|1943|29 Şaban 1447
20260218|0559|0723|1259|1556|1825|1944|30 Şaban 1447
20260219|0558|0722|1259|1557|1826|1945|1 Ramazan 1447
20260220|0557|0721|1259|1557|1827|1946|2 Ramazan 1447
20260221|0555|0719|1259|1558|1828|1947|3 Ramazan 1447
20260222|0554|0718|1259|1559|1830|1948|4 Ramazan 1447
20260223|0553|0716|1259|1600|1831|1949|5 Ramazan 1447
20260224|0551|0715|1258|1601|1832|1951|6 Ramazan 1447
20260225|0550|0714|1258|1602|1833|1952|7 Ramazan 1447
20260226|0548|0712|1258|1602|1834|1953|8 Ramazan 1447
20260227|0547|0711|1258|1603|1835|1954|9 Ramazan 1447
20260228|0545|0709|1258|1604|1836|1955|10 Ramazan 1447
20260301|0544|0708|1258|1605|1838|1956|11 Ramazan 1447
20260302|0542|0706|1257|1605|1839|1957|12 Ramazan 1447
20260303|0541|0705|1257|1606|1840|1958|13 Ramazan 1447
20260304|0539|0703|1257|1607|1841|1959|14 Ramazan 1447
20260305|0538|0701|1257|1608|1842|2000|15 Ramazan 1447
20260306|0536|0700|1257|1608|1843|2002|16 Ramazan 1447
20260307|0535|0658|1256|1609|1844|2003|17 Ramazan 1447
20260308|0533|0657|1256|1610|1845|2004|18 Ramazan 1447
20260309|0531|0655|1256|1610|1847|2005|19 Ramazan 1447
20260310|0530|0654|1256|1611|1848|2006|20 Ramazan 1447
20260311|0528|0652|1255|1612|1849|2007|21 Ramazan 1447
20260312|0527|0650|1255|1612|1850|2008|22 Ramazan 1447
20260313|0525|0649|1255|1613|1851|2009|23 Ramazan 1447
20260314|0523|0647|1255|1613|1852|2011|24 Ramazan 1447
20260315|0521|0645|1254|1614|1853|2012|25 Ramazan 1447
20260316|0520|0644|1254|1615|1854|2013|26 Ramazan 1447
20260317|0518|0642|1254|1615|1855|2014|27 Ramazan 1447
20260318|0516|0641|1253|1616|1856|2015|28 Ramazan 1447
20260319|0514|0639|1253|1616|1857|2016|29 Ramazan 1447
20260320|0513|0637|1253|1617|1858|2017|1 Şevval 1447
20260321|0511|0636|1253|1617|1859|2019|2 Şevval 1447
20260322|0509|0634|1252|1618|1901|2020|3 Şevval 1447
20260323|0507|0632|1252|1618|1902|2021|4 Şevval 1447
20260324|0506|0631|1252|1619|1903|2022|5 Şevval 1447
20260325|0504|0629|1251|1619|1904|2023|6 Şevval 1447
20260326|0502|0627|1251|1620|1905|2025|7 Şevval 1447
20260327|0500|0626|1251|1620|1906|2026|8 Şevval 1447
20260328|0458|0624|1250|1621|1907|2027|9 Şevval 1447
20260329|0456|0622|1250|1621|1908|2028|10 Şevval 1447
20260330|0455|0621|1250|1622|1909|2029|11 Şevval 1447
20260331|0453|0619|1250|1622|1910|2031|12 Şevval 1447
20260401|0451|0617|1249|1622|1911|2032|13 Şevval 1447
20260402|0449|0616|1249|1623|1912|2033|14 Şevval 1447
20260403|0447|0614|1249|1623|1913|2034|15 Şevval 1447
20260404|0445|0613|1248|1624|1914|2036|16 Şevval 1447
20260405|0443|0611|1248|1624|1915|2037|17 Şevval 1447
20260406|0441|0609|1248|1624|1916|2038|18 Şevval 1447
20260407|0440|0608|1247|1625|1917|2040|19 Şevval 1447
20260408|0438|0606|1247|1625|1918|2041|20 Şevval 1447
20260409|0436|0605|1247|1626|1919|2042|21 Şevval 1447
20260410|0434|0603|1247|1626|1920|2043|22 Şevval 1447
20260411|0432|0601|1246|1626|1921|2045|23 Şevval 1447
20260412|0430|0600|1246|1627|1922|2046|24 Şevval 1447
20260413|0428|0558|1246|1627|1923|2047|25 Şevval 1447
20260414|0426|0557|1246|1627|1924|2049|26 Şevval 1447
20260415|0424|0555|1245|1628|1926|2050|27 Şevval 1447
20260416|0423|0554|1245|1628|1927|2052|28 Şevval 1447
20260417|0421|0552|1245|1628|1928|2053|29 Şevval 1447
20260418|0419|0551|1245|1629|1929|2054|1 Zilkade 1447
20260419|0417|0549|1244|1629|1930|2056|2 Zilkade 1447
20260420|0415|0548|1244|1629|1931|2057|3 Zilkade 1447
20260421|0413|0546|1244|1629|1932|2059|4 Zilkade 1447
20260422|0411|0545|1244|1630|1933|2100|5 Zilkade 1447
20260423|0410|0543|1244|1630|1934|2101|6 Zilkade 1447
20260424|0408|0542|1243|1630|1935|2103|7 Zilkade 1447
20260425|0406|0541|1243|1631|1936|2104|8 Zilkade 1447
20260426|0404|0539|1243|1631|1937|2106|9 Zilkade 1447
20260427|0402|0538|1243|1631|1938|2107|10 Zilkade 1447
20260428|0400|0537|1243|1631|1939|2109|11 Zilkade 1447
20260429|0359|0535|1243|1632|1940|2110|12 Zilkade 1447
20260430|0357|0534|1242|1632|1941|2112|13 Zilkade 1447
20260501|0355|0533|1242|1632|1942|2113|14 Zilkade 1447
20260502|0353|0531|1242|1633|1943|2114|15 Zilkade 1447
20260503|0352|0530|1242|1633|1944|2116|16 Zilkade 1447
20260504|0350|0529|1242|1633|1945|2117|17 Zilkade 1447
20260505|0348|0528|1242|1633|1946|2119|18 Zilkade 1447
20260506|0346|0526|1242|1634|1947|2120|19 Zilkade 1447
20260507|0345|0525|1242|1634|1948|2122|20 Zilkade 1447
20260508|0343|0524|1242|1634|1949|2123|21 Zilkade 1447
20260509|0341|0523|1242|1634|1950|2125|22 Zilkade 1447
20260510|0340|0522|1242|1635|1951|2126|23 Zilkade 1447
20260511|0338|0521|1242|1635|1952|2128|24 Zilkade 1447
20260512|0337|0520|1242|1635|1953|2129|25 Zilkade 1447
20260513|0335|0519|1242|1636|1954|2131|26 Zilkade 1447
20260514|0333|0518|1242|1636|1955|2132|27 Zilkade 1447
20260515|0332|0517|1242|1636|1956|2134|28 Zilkade 1447
20260516|0330|0516|1242|1636|1957|2135|29 Zilkade 1447
20260517|0329|0515|1242|1637|1958|2137|30 Zilkade 1447
20260518|0328|0514|1242|1637|1959|2138|1 Zilhicce 1447
20260519|0326|0513|1242|1637|2000|2139|2 Zilhicce 1447
20260520|0325|0512|1242|1637|2001|2141|3 Zilhicce 1447
20260521|0323|0512|1242|1638|2002|2142|4 Zilhicce 1447
20260522|0322|0511|1242|1638|2003|2144|5 Zilhicce 1447
20260523|0321|0510|1242|1638|2004|2145|6 Zilhicce 1447
20260524|0320|0509|1242|1639|2005|2146|7 Zilhicce 1447
20260525|0318|0509|1242|1639|2005|2148|8 Zilhicce 1447
20260526|0317|0508|1242|1639|2006|2149|9 Zilhicce 1447
20260527|0316|0508|1242|1639|2007|2150|10 Zilhicce 1447
20260528|0315|0507|1242|1640|2008|2152|11 Zilhicce 1447
20260529|0314|0506|1243|1640|2009|2153|12 Zilhicce 1447
20260530|0313|0506|1243|1640|2010|2154|13 Zilhicce 1447
20260531|0312|0505|1243|1640|2010|2155|14 Zilhicce 1447
20260601|0311|0505|1243|1641|2011|2156|15 Zilhicce 1447
20260602|0310|0505|1243|1641|2012|2157|16 Zilhicce 1447
20260603|0309|0504|1243|1641|2013|2159|17 Zilhicce 1447
20260604|0309|0504|1243|1642|2013|2200|18 Zilhicce 1447
20260605|0308|0503|1244|1642|2014|2201|19 Zilhicce 1447
20260606|0307|0503|1244|1642|2015|2202|20 Zilhicce 1447
20260607|0307|0503|1244|1642|2015|2203|21 Zilhicce 1447
20260608|0306|0503|1244|1643|2016|2203|22 Zilhicce 1447
20260609|0306|0502|1244|1643|2016|2204|23 Zilhicce 1447
20260610|0305|0502|1245|1643|2017|2205|24 Zilhicce 1447
20260611|0305|0502|1245|1643|2017|2206|25 Zilhicce 1447
20260612|0304|0502|1245|1644|2018|2207|26 Zilhicce 1447
20260613|0304|0502|1245|1644|2018|2207|27 Zilhicce 1447
20260614|0304|0502|1245|1644|2019|2208|28 Zilhicce 1447
20260615|0304|0502|1246|1644|2019|2208|29 Zilhicce 1447
20260616|0304|0502|1246|1645|2020|2209|1 Muharrem 1448
20260617|0304|0502|1246|1645|2020|2209|2 Muharrem 1448
20260618|0304|0502|1246|1645|2020|2210|3 Muharrem 1448
20260619|0304|0502|1246|1645|2021|2210|4 Muharrem 1448
20260620|0304|0502|1247|1646|2021|2211|5 Muharrem 1448
20260621|0304|0503|1247|1646|2021|2211|6 Muharrem 1448
20260622|0304|0503|1247|1646|2021|2211|7 Muharrem 1448
20260623|0304|0503|1247|1646|2022|2211|8 Muharrem 1448
20260624|0305|0503|1248|1647|2022|2211|9 Muharrem 1448
20260625|0305|0504|1248|1647|2022|2211|10 Muharrem 1448
20260626|0306|0504|1248|1647|2022|2211|11 Muharrem 1448
20260627|0306|0504|1248|1647|2022|2211|12 Muharrem 1448
20260628|0307|0505|1248|1647|2022|2211|13 Muharrem 1448
20260629|0307|0505|1249|1647|2022|2211|14 Muharrem 1448
20260630|0308|0506|1249|1648|2022|2211|15 Muharrem 1448
20260701|0309|0506|1249|1648|2022|2210|16 Muharrem 1448
20260702|0309|0507|1249|1648|2022|2210|17 Muharrem 1448
20260703|0310|0507|1249|1648|2022|2210|18 Muharrem 1448
20260704|0311|0508|1250|1648|2021|2209|19 Muharrem 1448
20260705|0312|0508|1250|1648|2021|2209|20 Muharrem 1448
20260706|0313|0509|1250|1648|2021|2208|21 Muharrem 1448
20260707|0314|0510|1250|1648|2021|2208|22 Muharrem 1448
20260708|0315|0510|1250|1648|2020|2207|23 Muharrem 1448
20260709|0316|0511|1250|1648|2020|2206|24 Muharrem 1448
20260710|0317|0512|1251|1648|2020|2206|25 Muharrem 1448
20260711|0318|0512|1251|1649|2019|2205|26 Muharrem 1448
20260712|0319|0513|1251|1649|2019|2204|27 Muharrem 1448
20260713|0320|0514|1251|1649|2018|2203|28 Muharrem 1448
20260714|0322|0514|1251|1648|2018|2202|29 Muharrem 1448
20260715|0323|0515|1251|1648|2017|2201|1 Safer 1448
20260716|0324|0516|1251|1648|2017|2200|2 Safer 1448
20260717|0325|0517|1251|1648|2016|2159|3 Safer 1448
20260718|0327|0518|1251|1648|2015|2158|4 Safer 1448
20260719|0328|0518|1252|1648|2015|2157|5 Safer 1448
20260720|0329|0519|1252|1648|2014|2156|6 Safer 1448
20260721|0331|0520|1252|1648|2013|2154|7 Safer 1448
20260722|0332|0521|1252|1648|2013|2153|8 Safer 1448
20260723|0334|0522|1252|1648|2012|2152|9 Safer 1448
20260724|0335|0523|1252|1647|2011|2151|10 Safer 1448
20260725|0336|0524|1252|1647|2010|2149|11 Safer 1448
20260726|0338|0524|1252|1647|2009|2148|12 Safer 1448
20260727|0339|0525|1252|1647|2008|2147|13 Safer 1448
20260728|0341|0526|1252|1646|2007|2145|14 Safer 1448
20260729|0342|0527|1252|1646|2006|2144|15 Safer 1448
20260730|0344|0528|1252|1646|2005|2142|16 Safer 1448
20260731|0345|0529|1252|1646|2004|2141|17 Safer 1448
20260801|0347|0530|1252|1645|2003|2139|18 Safer 1448
20260802|0348|0531|1252|1645|2002|2138|19 Safer 1448
20260803|0350|0532|1251|1645|2001|2136|20 Safer 1448
20260804|0351|0533|1251|1644|2000|2134|21 Safer 1448
20260805|0353|0534|1251|1644|1959|2133|22 Safer 1448
20260806|0354|0535|1251|1643|1958|2131|23 Safer 1448
20260807|0356|0536|1251|1643|1956|2130|24 Safer 1448
20260808|0357|0537|1251|1642|1955|2128|25 Safer 1448
20260809|0359|0538|1251|1642|1954|2126|26 Safer 1448
20260810|0400|0539|1251|1641|1953|2124|27 Safer 1448
20260811|0402|0540|1251|1641|1951|2123|28 Safer 1448
20260812|0403|0541|1250|1640|1950|2121|29 Safer 1448
20260813|0404|0542|1250|1640|1949|2119|30 Safer 1448
20260814|0406|0543|1250|1639|1947|2117|1 Rebiulevvel 1448
20260815|0407|0544|1250|1638|1946|2116|2 Rebiulevvel 1448
20260816|0409|0544|1250|1638|1945|2114|3 Rebiulevvel 1448
20260817|0410|0545|1249|1637|1943|2112|4 Rebiulevvel 1448
20260818|0412|0546|1249|1637|1942|2110|5 Rebiulevvel 1448
20260819|0413|0547|1249|1636|1941|2108|6 Rebiulevvel 1448
20260820|0414|0548|1249|1635|1939|2107|7 Rebiulevvel 1448
20260821|0416|0549|1248|1634|1938|2105|8 Rebiulevvel 1448
20260822|0417|0550|1248|1634|1936|2103|9 Rebiulevvel 1448
20260823|0419|0551|1248|1633|1935|2101|10 Rebiulevvel 1448
20260824|0420|0552|1248|1632|1933|2059|11 Rebiulevvel 1448
20260825|0421|0553|1247|1631|1932|2057|12 Rebiulevvel 1448
20260826|0423|0554|1247|1631|1930|2056|13 Rebiulevvel 1448
20260827|0424|0555|1247|1630|1929|2054|14 Rebiulevvel 1448
20260828|0425|0556|1247|1629|1927|2052|15 Rebiulevvel 1448
20260829|0427|0557|1246|1628|1925|2050|16 Rebiulevvel 1448
20260830|0428|0558|1246|1627|1924|2048|17 Rebiulevvel 1448
20260831|0429|0559|1246|1626|1922|2046|18 Rebiulevvel 1448
20260901|0431|0600|1245|1625|1921|2044|19 Rebiulevvel 1448
20260902|0432|0601|1245|1624|1919|2042|20 Rebiulevvel 1448
20260903|0433|0602|1245|1624|1917|2040|21 Rebiulevvel 1448
20260904|0434|0603|1244|1623|1916|2039|22 Rebiulevvel 1448
20260905|0436|0604|1244|1622|1914|2037|23 Rebiulevvel 1448
20260906|0437|0605|1244|1621|1913|2035|24 Rebiulevvel 1448
20260907|0438|0606|1243|1620|1911|2033|25 Rebiulevvel 1448
20260908|0439|0607|1243|1619|1909|2031|26 Rebiulevvel 1448
20260909|0441|0608|1243|1618|1908|2029|27 Rebiulevvel 1448
20260910|0442|0609|1242|1617|1906|2027|28 Rebiulevvel 1448
20260911|0443|0610|1242|1616|1904|2025|29 Rebiulevvel 1448
20260912|0444|0611|1242|1614|1903|2024|1 Rebiulahir 1448
20260913|0445|0612|1241|1613|1901|2022|2 Rebiulahir 1448
20260914|0447|0613|1241|1612|1859|2020|3 Rebiulahir 1448
20260915|0448|0614|1241|1611|1858|2018|4 Rebiulahir 1448
20260916|0449|0615|1240|1610|1856|2016|5 Rebiulahir 1448
20260917|0450|0616|1240|1609|1854|2014|6 Rebiulahir 1448
20260918|0451|0616|1240|1608|1853|2012|7 Rebiulahir 1448
20260919|0452|0617|1239|1607|1851|2011|8 Rebiulahir 1448
20260920|0453|0618|1239|1606|1849|2009|9 Rebiulahir 1448
20260921|0455|0619|1238|1605|1848|2007|10 Rebiulahir 1448
20260922|0456|0620|1238|1603|1846|2005|11 Rebiulahir 1448
20260923|0457|0621|1238|1602|1844|2003|12 Rebiulahir 1448
20260924|0458|0622|1237|1601|1842|2002|13 Rebiulahir 1448
20260925|0459|0623|1237|1600|1841|2000|14 Rebiulahir 1448
20260926|0500|0624|1237|1559|1839|1958|15 Rebiulahir 1448
20260927|0501|0625|1236|1558|1837|1956|16 Rebiulahir 1448
20260928|0502|0626|1236|1556|1836|1954|17 Rebiulahir 1448
20260929|0503|0627|1236|1555|1834|1953|18 Rebiulahir 1448
20260930|0504|0628|1235|1554|1832|1951|19 Rebiulahir 1448
20261001|0505|0629|1235|1553|1831|1949|20 Rebiulahir 1448
20261002|0507|0630|1235|1552|1829|1948|21 Rebiulahir 1448
20261003|0508|0631|1234|1550|1827|1946|22 Rebiulahir 1448
20261004|0509|0632|1234|1549|1826|1944|23 Rebiulahir 1448
20261005|0510|0633|1234|1548|1824|1943|24 Rebiulahir 1448
20261006|0511|0634|1233|1547|1823|1941|25 Rebiulahir 1448
20261007|0512|0635|1233|1546|1821|1939|26 Rebiulahir 1448
20261008|0513|0636|1233|1544|1819|1938|27 Rebiulahir 1448
20261009|0514|0637|1233|1543|1818|1936|28 Rebiulahir 1448
20261010|0515|0639|1232|1542|1816|1935|29 Rebiulahir 1448
20261011|0516|0640|1232|1541|1815|1933|30 Rebiulahir 1448
20261012|0517|0641|1232|1540|1813|1931|1 Cemaziyelevvel 1448
20261013|0518|0642|1232|1539|1811|1930|2 Cemaziyelevvel 1448
20261014|0519|0643|1231|1537|1810|1928|3 Cemaziyelevvel 1448
20261015|0520|0644|1231|1536|1808|1927|4 Cemaziyelevvel 1448
20261016|0521|0645|1231|1535|1807|1925|5 Cemaziyelevvel 1448
20261017|0522|0646|1231|1534|1805|1924|6 Cemaziyelevvel 1448
20261018|0523|0647|1230|1533|1804|1923|7 Cemaziyelevvel 1448
20261019|0524|0648|1230|1532|1802|1921|8 Cemaziyelevvel 1448
20261020|0525|0649|1230|1530|1801|1920|9 Cemaziyelevvel 1448
20261021|0526|0650|1230|1529|1759|1918|10 Cemaziyelevvel 1448
20261022|0527|0651|1230|1528|1758|1917|11 Cemaziyelevvel 1448
20261023|0528|0653|1230|1527|1757|1916|12 Cemaziyelevvel 1448
20261024|0529|0654|1229|1526|1755|1914|13 Cemaziyelevvel 1448
20261025|0530|0655|1229|1525|1754|1913|14 Cemaziyelevvel 1448
20261026|0531|0656|1229|1524|1753|1912|15 Cemaziyelevvel 1448
20261027|0532|0657|1229|1523|1751|1911|16 Cemaziyelevvel 1448
20261028|0533|0658|1229|1522|1750|1909|17 Cemaziyelevvel 1448
20261029|0534|0659|1229|1521|1749|1908|18 Cemaziyelevvel 1448
20261030|0535|0701|1229|1520|1747|1907|19 Cemaziyelevvel 1448
20261031|0536|0702|1229|1519|1746|1906|20 Cemaziyelevvel 1448
20261101|0537|0703|1229|1518|1745|1905|21 Cemaziyelevvel 1448
20261102|0539|0704|1229|1517|1744|1904|22 Cemaziyelevvel 1448
20261103|0540|0705|1229|1516|1742|1903|23 Cemaziyelevvel 1448
20261104|0541|0706|1229|1515|1741|1902|24 Cemaziyelevvel 1448
20261105|0542|0707|1229|1514|1740|1901|25 Cemaziyelevvel 1448
20261106|0543|0709|1229|1513|1739|1900|26 Cemaziyelevvel 1448
20261107|0544|0710|1229|1512|1738|1859|27 Cemaziyelevvel 1448
20261108|0545|0711|1229|1512|1737|1858|28 Cemaziyelevvel 1448
20261109|0546|0712|1229|1511|1736|1857|29 Cemaziyelevvel 1448
20261110|0547|0713|1229|1510|1735|1856|1 Cemaziyelahir 1448
20261111|0548|0714|1229|1509|1734|1855|2 Cemaziyelahir 1448
20261112|0549|0716|1229|1508|1733|1855|3 Cemaziyelahir 1448
20261113|0550|0717|1229|1508|1732|1854|4 Cemaziyelahir 1448
20261114|0551|0718|1230|1507|1731|1853|5 Cemaziyelahir 1448
20261115|0552|0719|1230|1506|1730|1852|6 Cemaziyelahir 1448
20261116|0553|0720|1230|1506|1729|1852|7 Cemaziyelahir 1448
20261117|0554|0722|1230|1505|1729|1851|8 Cemaziyelahir 1448
20261118|0555|0723|1230|1504|1728|1851|9 Cemaziyelahir 1448
20261119|0556|0724|1230|1504|1727|1850|10 Cemaziyelahir 1448
20261120|0557|0725|1231|1503|1726|1849|11 Cemaziyelahir 1448
20261121|0558|0726|1231|1503|1726|1849|12 Cemaziyelahir 1448
20261122|0559|0727|1231|1502|1725|1848|13 Cemaziyelahir 1448
20261123|0600|0728|1231|1502|1725|1848|14 Cemaziyelahir 1448
20261124|0601|0729|1232|1502|1724|1848|15 Cemaziyelahir 1448
20261125|0601|0731|1232|1501|1724|1847|16 Cemaziyelahir 1448
20261126|0602|0732|1232|1501|1723|1847|17 Cemaziyelahir 1448
20261127|0603|0733|1233|1500|1723|1847|18 Cemaziyelahir 1448
20261128|0604|0734|1233|1500|1722|1846|19 Cemaziyelahir 1448
20261129|0605|0735|1233|1500|1722|1846|20 Cemaziyelahir 1448
20261130|0606|0736|1234|1500|1721|1846|21 Cemaziyelahir 1448
20261201|0607|0737|1234|1459|1721|1846|22 Cemaziyelahir 1448
20261202|0608|0738|1234|1459|1721|1846|23 Cemaziyelahir 1448
20261203|0609|0739|1235|1459|1721|1845|24 Cemaziyelahir 1448
20261204|0610|0740|1235|1459|1720|1845|25 Cemaziyelahir 1448
20261205|0610|0741|1236|1459|1720|1845|26 Cemaziyelahir 1448
20261206|0611|0742|1236|1459|1720|1845|27 Cemaziyelahir 1448
20261207|0612|0743|1236|1459|1720|1845|28 Cemaziyelahir 1448
20261208|0613|0744|1237|1459|1720|1845|29 Cemaziyelahir 1448
20261209|0614|0745|1237|1459|1720|1846|30 Cemaziyelahir 1448
20261210|0614|0745|1238|1459|1720|1846|1 Recep 1448
20261211|0615|0746|1238|1459|1720|1846|2 Recep 1448
20261212|0616|0747|1239|1500|1720|1846|3 Recep 1448
20261213|0617|0748|1239|1500|1720|1846|4 Recep 1448
20261214|0617|0749|1240|1500|1721|1847|5 Recep 1448
20261215|0618|0749|1240|1500|1721|1847|6 Recep 1448
20261216|0619|0750|1241|1501|1721|1847|7 Recep 1448
20261217|0619|0751|1241|1501|1721|1847|8 Recep 1448
20261218|0620|0751|1242|1501|1722|1848|9 Recep 1448
20261219|0620|0752|1242|1502|1722|1848|10 Recep 1448
20261220|0621|0752|1243|1502|1723|1849|11 Recep 1448
20261221|0621|0753|1243|1503|1723|1849|12 Recep 1448
20261222|0622|0754|1244|1503|1724|1850|13 Recep 1448
20261223|0622|0754|1244|1504|1724|1850|14 Recep 1448
20261224|0623|0754|1245|1504|1725|1851|15 Recep 1448
20261225|0623|0755|1245|1505|1725|1851|16 Recep 1448
20261226|0624|0755|1246|1505|1726|1852|17 Recep 1448
20261227|0624|0756|1246|1506|1726|1852|18 Recep 1448
20261228|0624|0756|1246|1507|1727|1853|19 Recep 1448
20261229|0625|0756|1247|1507|1728|1854|20 Recep 1448
20261230|0625|0756|1247|1508|1729|1854|21 Recep 1448
20261231|0625|0757|1248|1509|1729|1855|22 Recep 1448
20270101|0626|0757|1248|1509|1730|1856|23 Recep 1448
20270102|0626|0757|1249|1510|1731|1857|24 Recep 1448
20270103|0626|0757|1249|1511|1732|1857|25 Recep 1448
20270104|0626|0757|1250|1512|1733|1858|26 Recep 1448
20270105|0626|0757|1250|1513|1734|1859|27 Recep 1448
20270106|0626|0757|1251|1513|1735|1900|28 Recep 1448
20270107|0626|0757|1251|1514|1736|1901|29 Recep 1448
20270108|0626|0757|1252|1515|1736|1902|30 Recep 1448
20270109|0626|0757|1252|1516|1737|1902|1 Şaban 1448
20270110|0626|0756|1252|1517|1738|1903|2 Şaban 1448
20270111|0626|0756|1253|1518|1740|1904|3 Şaban 1448
20270112|0626|0756|1253|1519|1741|1905|4 Şaban 1448
20270113|0626|0756|1254|1520|1742|1906|5 Şaban 1448
20270114|0626|0755|1254|1521|1743|1907|6 Şaban 1448
20270115|0625|0755|1254|1522|1744|1908|7 Şaban 1448
20270116|0625|0755|1255|1523|1745|1909|8 Şaban 1448
20270117|0625|0754|1255|1524|1746|1910|9 Şaban 1448
20270118|0625|0754|1255|1525|1747|1911|10 Şaban 1448
20270119|0624|0753|1256|1526|1748|1912|11 Şaban 1448
20270120|0624|0753|1256|1527|1749|1913|12 Şaban 1448
20270121|0623|0752|1256|1528|1751|1914|13 Şaban 1448
20270122|0623|0751|1257|1529|1752|1915|14 Şaban 1448
20270123|0622|0751|1257|1530|1753|1916|15 Şaban 1448
20270124|0622|0750|1257|1531|1754|1917|16 Şaban 1448
20270125|0621|0749|1257|1532|1755|1918|17 Şaban 1448
20270126|0621|0749|1258|1533|1757|1919|18 Şaban 1448
20270127|0620|0748|1258|1534|1758|1920|19 Şaban 1448
20270128|0620|0747|1258|1535|1759|1921|20 Şaban 1448
20270129|0619|0746|1258|1536|1800|1922|21 Şaban 1448
20270130|0618|0745|1258|1537|1801|1923|22 Şaban 1448
20270131|0617|0744|1259|1538|1803|1924|23 Şaban 1448
20270201|0617|0743|1259|1539|1804|1925|24 Şaban 1448
20270202|0616|0743|1259|1540|1805|1926|25 Şaban 1448
20270203|0615|0742|1259|1541|1806|1927|26 Şaban 1448
20270204|0614|0741|1259|1542|1808|1929|27 Şaban 1448
20270205|0613|0739|1259|1543|1809|1930|28 Şaban 1448
20270206|0612|0738|1259|1544|1810|1931|29 Şaban 1448
20270207|0612|0737|1259|1545|1811|1932|30 Şaban 1448
20270208|0611|0736|1259|1546|1812|1933|1 Ramazan 1448
20270209|0610|0735|1259|1547|1814|1934|2 Ramazan 1448
20270210|0609|0734|1259|1548|1815|1935|3 Ramazan 1448
20270211|0607|0733|1259|1549|1816|1936|4 Ramazan 1448
20270212|0606|0731|1259|1550|1817|1937|5 Ramazan 1448
20270213|0605|0730|1259|1551|1819|1938|6 Ramazan 1448
20270214|0604|0729|1259|1552|1820|1939|7 Ramazan 1448
20270215|0603|0728|1259|1553|1821|1940|8 Ramazan 1448
20270216|0602|0726|1259|1554|1822|1942|9 Ramazan 1448
20270217|0601|0725|1259|1555|1823|1943|10 Ramazan 1448
20270218|0559|0724|1259|1555|1825|1944|11 Ramazan 1448
20270219|0558|0722|1259|1556|1826|1945|12 Ramazan 1448
20270220|0557|0721|1259|1557|1827|1946|13 Ramazan 1448
20270221|0556|0720|1259|1558|1828|1947|14 Ramazan 1448
20270222|0554|0718|1259|1559|1829|1948|15 Ramazan 1448
20270223|0553|0717|1259|1600|1830|1949|16 Ramazan 1448
20270224|0551|0715|1258|1601|1832|1950|17 Ramazan 1448
20270225|0550|0714|1258|1601|1833|1951|18 Ramazan 1448
20270226|0549|0712|1258|1602|1834|1952|19 Ramazan 1448
20270227|0547|0711|1258|1603|1835|1954|20 Ramazan 1448
20270228|0546|0709|1258|1604|1836|1955|21 Ramazan 1448
20270301|0544|0708|1258|1605|1837|1956|22 Ramazan 1448
20270302|0543|0706|1257|1605|1838|1957|23 Ramazan 1448
20270303|0541|0705|1257|1606|1840|1958|24 Ramazan 1448
20270304|0540|0703|1257|1607|1841|1959|25 Ramazan 1448
20270305|0538|0702|1257|1607|1842|2000|26 Ramazan 1448
20270306|0537|0700|1257|1608|1843|2001|27 Ramazan 1448
20270307|0535|0659|1256|1609|1844|2002|28 Ramazan 1448
20270308|0533|0657|1256|1609|1845|2004|29 Ramazan 1448
20270309|0532|0656|1256|1610|1846|2005|1 Şevval 1448
20270310|0530|0654|1256|1611|1847|2006|2 Şevval 1448
20270311|0529|0652|1255|1611|1848|2007|3 Şevval 1448
20270312|0527|0651|1255|1612|1850|2008|4 Şevval 1448
20270313|0525|0649|1255|1613|1851|2009|5 Şevval 1448
20270314|0524|0647|1255|1613|1852|2010|6 Şevval 1448
20270315|0522|0646|1254|1614|1853|2011|7 Şevval 1448
20270316|0520|0644|1254|1614|1854|2013|8 Şevval 1448
20270317|0518|0643|1254|1615|1855|2014|9 Şevval 1448
20270318|0517|0641|1253|1616|1856|2015|10 Şevval 1448
20270319|0515|0639|1253|1616|1857|2016|11 Şevval 1448
20270320|0513|0638|1253|1617|1858|2017|12 Şevval 1448
20270321|0511|0636|1253|1617|1859|2018|13 Şevval 1448
20270322|0510|0634|1252|1618|1900|2020|14 Şevval 1448
20270323|0508|0633|1252|1618|1901|2021|15 Şevval 1448
20270324|0506|0631|1252|1619|1902|2022|16 Şevval 1448
20270325|0504|0629|1251|1619|1903|2023|17 Şevval 1448
20270326|0502|0628|1251|1620|1904|2024|18 Şevval 1448
20270327|0501|0626|1251|1620|1905|2025|19 Şevval 1448
20270328|0459|0624|1250|1621|1907|2027|20 Şevval 1448
20270329|0457|0623|1250|1621|1908|2028|21 Şevval 1448
20270330|0455|0621|1250|1621|1909|2029|22 Şevval 1448
20270331|0453|0620|1250|1622|1910|2030|23 Şevval 1448
20270401|0451|0618|1249|1622|1911|2032|24 Şevval 1448
20270402|0449|0616|1249|1623|1912|2033|25 Şevval 1448
20270403|0448|0615|1249|1623|1913|2034|26 Şevval 1448
20270404|0446|0613|1248|1624|1914|2035|27 Şevval 1448
20270405|0444|0611|1248|1624|1915|2037|28 Şevval 1448
20270406|0442|0610|1248|1624|1916|2038|29 Şevval 1448
20270407|0440|0608|1248|1625|1917|2039|30 Şevval 1448
20270408|0438|0607|1247|1625|1918|2041|1 Zilkade 1448
20270409|0436|0605|1247|1625|1919|2042|2 Zilkade 1448
20270410|0434|0603|1247|1626|1920|2043|3 Zilkade 1448
20270411|0433|0602|1246|1626|1921|2044|4 Zilkade 1448
20270412|0431|0600|1246|1626|1922|2046|5 Zilkade 1448
20270413|0429|0559|1246|1627|1923|2047|6 Zilkade 1448
20270414|0427|0557|1246|1627|1924|2048|7 Zilkade 1448
20270415|0425|0556|1245|1627|1925|2050|8 Zilkade 1448
20270416|0423|0554|1245|1628|1926|2051|9 Zilkade 1448
20270417|0421|0553|1245|1628|1927|2053|10 Zilkade 1448
20270418|0419|0551|1245|1628|1928|2054|11 Zilkade 1448
20270419|0417|0550|1244|1629|1929|2055|12 Zilkade 1448
20270420|0416|0548|1244|1629|1930|2057|13 Zilkade 1448
20270421|0414|0547|1244|1629|1932|2058|14 Zilkade 1448
20270422|0412|0545|1244|1630|1933|2100|15 Zilkade 1448
20270423|0410|0544|1244|1630|1934|2101|16 Zilkade 1448
20270424|0408|0542|1243|1630|1935|2102|17 Zilkade 1448
20270425|0406|0541|1243|1631|1936|2104|18 Zilkade 1448
20270426|0404|0540|1243|1631|1937|2105|19 Zilkade 1448
20270427|0403|0538|1243|1631|1938|2107|20 Zilkade 1448
20270428|0401|0537|1243|1631|1939|2108|21 Zilkade 1448
20270429|0359|0536|1243|1632|1940|2110|22 Zilkade 1448
20270430|0357|0534|1243|1632|1941|2111|23 Zilkade 1448
20270501|0355|0533|1242|1632|1942|2113|24 Zilkade 1448
20270502|0354|0532|1242|1632|1943|2114|25 Zilkade 1448
20270503|0352|0530|1242|1633|1944|2116|26 Zilkade 1448
20270504|0350|0529|1242|1633|1945|2117|27 Zilkade 1448
20270505|0348|0528|1242|1633|1946|2119|28 Zilkade 1448
20270506|0347|0527|1242|1634|1947|2120|29 Zilkade 1448
20270507|0345|0526|1242|1634|1948|2122|1 Zilhicce 1448
20270508|0343|0524|1242|1634|1949|2123|2 Zilhicce 1448
20270509|0342|0523|1242|1634|1950|2125|3 Zilhicce 1448
20270510|0340|0522|1242|1635|1951|2126|4 Zilhicce 1448
20270511|0339|0521|1242|1635|1952|2127|5 Zilhicce 1448
20270512|0337|0520|1242|1635|1953|2129|6 Zilhicce 1448
20270513|0335|0519|1242|1635|1954|2130|7 Zilhicce 1448
20270514|0334|0518|1242|1636|1955|2132|8 Zilhicce 1448
20270515|0332|0517|1242|1636|1956|2133|9 Zilhicce 1448
20270516|0331|0516|1242|1636|1957|2135|10 Zilhicce 1448
20270517|0329|0515|1242|1637|1958|2136|11 Zilhicce 1448
20270518|0328|0514|1242|1637|1959|2138|12 Zilhicce 1448
20270519|0326|0514|1242|1637|2000|2139|13 Zilhicce 1448
20270520|0325|0513|1242|1637|2001|2141|14 Zilhicce 1448
20270521|0324|0512|1242|1638|2002|2142|15 Zilhicce 1448
20270522|0322|0511|1242|1638|2003|2143|16 Zilhicce 1448
20270523|0321|0510|1242|1638|2004|2145|17 Zilhicce 1448
20270524|0320|0510|1242|1638|2004|2146|18 Zilhicce 1448
20270525|0319|0509|1242|1639|2005|2147|19 Zilhicce 1448
20270526|0318|0508|1242|1639|2006|2149|20 Zilhicce 1448
20270527|0316|0508|1242|1639|2007|2150|21 Zilhicce 1448
20270528|0315|0507|1242|1640|2008|2151|22 Zilhicce 1448
20270529|0314|0507|1243|1640|2009|2152|23 Zilhicce 1448
20270530|0313|0506|1243|1640|2009|2154|24 Zilhicce 1448
20270531|0312|0506|1243|1640|2010|2155|25 Zilhicce 1448
20270601|0311|0505|1243|1641|2011|2156|26 Zilhicce 1448
20270602|0311|0505|1243|1641|2012|2157|27 Zilhicce 1448
20270603|0310|0504|1243|1641|2012|2158|28 Zilhicce 1448
20270604|0309|0504|1243|1641|2013|2159|29 Zilhicce 1448
20270605|0308|0504|1244|1642|2014|2200|30 Zilhicce 1448
20270606|0307|0503|1244|1642|2014|2201|1 Muharrem 1449
20270607|0307|0503|1244|1642|2015|2202|2 Muharrem 1449
20270608|0306|0503|1244|1643|2016|2203|3 Muharrem 1449
20270609|0306|0503|1244|1643|2016|2204|4 Muharrem 1449
20270610|0305|0502|1245|1643|2017|2205|5 Muharrem 1449
20270611|0305|0502|1245|1643|2017|2206|6 Muharrem 1449
20270612|0305|0502|1245|1644|2018|2206|7 Muharrem 1449
20270613|0304|0502|1245|1644|2018|2207|8 Muharrem 1449
20270614|0304|0502|1245|1644|2019|2208|9 Muharrem 1449
20270615|0304|0502|1246|1644|2019|2208|10 Muharrem 1449
20270616|0304|0502|1246|1645|2020|2209|11 Muharrem 1449
20270617|0304|0502|1246|1645|2020|2209|12 Muharrem 1449
20270618|0304|0502|1246|1645|2020|2210|13 Muharrem 1449
20270619|0304|0502|1246|1645|2021|2210|14 Muharrem 1449
20270620|0304|0502|1247|1646|2021|2210|15 Muharrem 1449
20270621|0304|0503|1247|1646|2021|2211|16 Muharrem 1449
20270622|0304|0503|1247|1646|2021|2211|17 Muharrem 1449
20270623|0304|0503|1247|1646|2022|2211|18 Muharrem 1449
20270624|0305|0503|1248|1646|2022|2211|19 Muharrem 1449
20270625|0305|0504|1248|1647|2022|2211|20 Muharrem 1449
20270626|0305|0504|1248|1647|2022|2211|21 Muharrem 1449
20270627|0306|0504|1248|1647|2022|2211|22 Muharrem 1449
20270628|0307|0505|1248|1647|2022|2211|23 Muharrem 1449
20270629|0307|0505|1249|1647|2022|2211|24 Muharrem 1449
20270630|0308|0506|1249|1648|2022|2211|25 Muharrem 1449
20270701|0308|0506|1249|1648|2022|2211|26 Muharrem 1449
20270702|0309|0507|1249|1648|2022|2210|27 Muharrem 1449
20270703|0310|0507|1249|1648|2022|2210|28 Muharrem 1449
20270704|0311|0508|1250|1648|2021|2209|29 Muharrem 1449
20270705|0312|0508|1250|1648|2021|2209|1 Safer 1449
20270706|0313|0509|1250|1648|2021|2208|2 Safer 1449
20270707|0314|0509|1250|1648|2021|2208|3 Safer 1449
20270708|0315|0510|1250|1648|2020|2207|4 Safer 1449
20270709|0316|0511|1250|1648|2020|2206|5 Safer 1449
20270710|0317|0511|1251|1648|2020|2206|6 Safer 1449
20270711|0318|0512|1251|1649|2019|2205|7 Safer 1449
20270712|0319|0513|1251|1649|2019|2204|8 Safer 1449
20270713|0320|0513|1251|1649|2018|2203|9 Safer 1449
20270714|0321|0514|1251|1649|2018|2202|10 Safer 1449
20270715|0323|0515|1251|1648|2017|2201|11 Safer 1449
20270716|0324|0516|1251|1648|2017|2200|12 Safer 1449
20270717|0325|0517|1251|1648|2016|2159|13 Safer 1449
20270718|0326|0517|1251|1648|2016|2158|14 Safer 1449
20270719|0328|0518|1252|1648|2015|2157|15 Safer 1449
20270720|0329|0519|1252|1648|2014|2156|16 Safer 1449
20270721|0331|0520|1252|1648|2013|2155|17 Safer 1449
20270722|0332|0521|1252|1648|2013|2154|18 Safer 1449
20270723|0333|0522|1252|1648|2012|2152|19 Safer 1449
20270724|0335|0522|1252|1647|2011|2151|20 Safer 1449
20270725|0336|0523|1252|1647|2010|2150|21 Safer 1449
20270726|0338|0524|1252|1647|2009|2148|22 Safer 1449
20270727|0339|0525|1252|1647|2008|2147|23 Safer 1449
20270728|0340|0526|1252|1647|2008|2145|24 Safer 1449
20270729|0342|0527|1252|1646|2007|2144|25 Safer 1449
20270730|0343|0528|1252|1646|2006|2143|26 Safer 1449
20270731|0345|0529|1252|1646|2005|2141|27 Safer 1449
20270801|0346|0530|1252|1645|2004|2140|28 Safer 1449
20270802|0348|0531|1252|1645|2002|2138|29 Safer 1449
20270803|0349|0532|1251|1645|2001|2136|1 Rebiulevvel 1449
20270804|0351|0533|1251|1644|2000|2135|2 Rebiulevvel 1449
20270805|0352|0534|1251|1644|1959|2133|3 Rebiulevvel 1449
20270806|0354|0535|1251|1643|1958|2132|4 Rebiulevvel 1449
20270807|0355|0535|1251|1643|1957|2130|5 Rebiulevvel 1449
20270808|0357|0536|1251|1642|1956|2128|6 Rebiulevvel 1449
20270809|0358|0537|1251|1642|1954|2127|7 Rebiulevvel 1449
20270810|0400|0538|1251|1641|1953|2125|8 Rebiulevvel 1449
20270811|0401|0539|1251|1641|1952|2123|9 Rebiulevvel 1449
20270812|0403|0540|1250|1640|1950|2121|10 Rebiulevvel 1449
20270813|0404|0541|1250|1640|1949|2120|11 Rebiulevvel 1449
20270814|0406|0542|1250|1639|1948|2118|12 Rebiulevvel 1449
20270815|0407|0543|1250|1639|1946|2116|13 Rebiulevvel 1449
20270816|0408|0544|1250|1638|1945|2114|14 Rebiulevvel 1449
20270817|0410|0545|1249|1637|1944|2113|15 Rebiulevvel 1449
20270818|0411|0546|1249|1637|1942|2111|16 Rebiulevvel 1449
20270819|0413|0547|1249|1636|1941|2109|17 Rebiulevvel 1449
20270820|0414|0548|1249|1635|1939|2107|18 Rebiulevvel 1449
20270821|0415|0549|1249|1635|1938|2105|19 Rebiulevvel 1449
20270822|0417|0550|1248|1634|1937|2103|20 Rebiulevvel 1449
20270823|0418|0551|1248|1633|1935|2102|21 Rebiulevvel 1449
20270824|0420|0552|1248|1632|1934|2100|22 Rebiulevvel 1449
20270825|0421|0553|1248|1632|1932|2058|23 Rebiulevvel 1449
20270826|0422|0554|1247|1631|1930|2056|24 Rebiulevvel 1449
20270827|0424|0555|1247|1630|1929|2054|25 Rebiulevvel 1449
20270828|0425|0556|1247|1629|1927|2052|26 Rebiulevvel 1449
20270829|0426|0557|1246|1628|1926|2050|27 Rebiulevvel 1449
20270830|0428|0558|1246|1627|1924|2048|28 Rebiulevvel 1449
20270831|0429|0559|1246|1627|1923|2047|29 Rebiulevvel 1449
20270901|0430|0600|1245|1626|1921|2045|30 Rebiulevvel 1449
20270902|0432|0601|1245|1625|1919|2043|1 Rebiulahir 1449
20270903|0433|0602|1245|1624|1918|2041|2 Rebiulahir 1449
20270904|0434|0603|1244|1623|1916|2039|3 Rebiulahir 1449
20270905|0435|0604|1244|1622|1915|2037|4 Rebiulahir 1449
20270906|0437|0605|1244|1621|1913|2035|5 Rebiulahir 1449
20270907|0438|0606|1243|1620|1911|2033|6 Rebiulahir 1449
20270908|0439|0607|1243|1619|1910|2031|7 Rebiulahir 1449
20270909|0440|0608|1243|1618|1908|2030|8 Rebiulahir 1449
20270910|0441|0609|1242|1617|1906|2028|9 Rebiulahir 1449
20270911|0443|0609|1242|1616|1905|2026|10 Rebiulahir 1449
20270912|0444|0610|1242|1615|1903|2024|11 Rebiulahir 1449
20270913|0445|0611|1241|1614|1901|2022|12 Rebiulahir 1449
20270914|0446|0612|1241|1613|1900|2020|13 Rebiulahir 1449
20270915|0447|0613|1241|1612|1858|2018|14 Rebiulahir 1449
20270916|0449|0614|1240|1610|1856|2017|15 Rebiulahir 1449
20270917|0450|0615|1240|1609|1855|2015|16 Rebiulahir 1449
20270918|0451|0616|1240|1608|1853|2013|17 Rebiulahir 1449
20270919|0452|0617|1239|1607|1851|2011|18 Rebiulahir 1449
20270920|0453|0618|1239|1606|1850|2009|19 Rebiulahir 1449
20270921|0454|0619|1239|1605|1848|2007|20 Rebiulahir 1449
20270922|0455|0620|1238|1604|1846|2006|21 Rebiulahir 1449
20270923|0456|0621|1238|1603|1845|2004|22 Rebiulahir 1449
20270924|0458|0622|1237|1601|1843|2002|23 Rebiulahir 1449
20270925|0459|0623|1237|1600|1841|2000|24 Rebiulahir 1449
20270926|0500|0624|1237|1559|1840|1958|25 Rebiulahir 1449
20270927|0501|0625|1236|1558|1838|1957|26 Rebiulahir 1449
20270928|0502|0626|1236|1557|1836|1955|27 Rebiulahir 1449
20270929|0503|0627|1236|1555|1834|1953|28 Rebiulahir 1449
20270930|0504|0628|1235|1554|1833|1951|29 Rebiulahir 1449
20271001|0505|0629|1235|1553|1831|1950|1 Cemaziyelevvel 1449
20271002|0506|0630|1235|1552|1830|1948|2 Cemaziyelevvel 1449
20271003|0507|0631|1234|1551|1828|1946|3 Cemaziyelevvel 1449
20271004|0508|0632|1234|1550|1826|1945|4 Cemaziyelevvel 1449
20271005|0509|0633|1234|1548|1825|1943|5 Cemaziyelevvel 1449
20271006|0510|0634|1234|1547|1823|1941|6 Cemaziyelevvel 1449
20271007|0512|0635|1233|1546|1821|1940|7 Cemaziyelevvel 1449
20271008|0513|0636|1233|1545|1820|1938|8 Cemaziyelevvel 1449
20271009|0514|0637|1233|1544|1818|1936|9 Cemaziyelevvel 1449
20271010|0515|0638|1232|1542|1817|1935|10 Cemaziyelevvel 1449
20271011|0516|0639|1232|1541|1815|1933|11 Cemaziyelevvel 1449
20271012|0517|0640|1232|1540|1813|1932|12 Cemaziyelevvel 1449
20271013|0518|0641|1232|1539|1812|1930|13 Cemaziyelevvel 1449
20271014|0519|0642|1231|1538|1810|1929|14 Cemaziyelevvel 1449
20271015|0520|0644|1231|1536|1809|1927|15 Cemaziyelevvel 1449
20271016|0521|0645|1231|1535|1807|1926|16 Cemaziyelevvel 1449
20271017|0522|0646|1231|1534|1806|1924|17 Cemaziyelevvel 1449
20271018|0523|0647|1231|1533|1804|1923|18 Cemaziyelevvel 1449
20271019|0524|0648|1230|1532|1803|1921|19 Cemaziyelevvel 1449
20271020|0525|0649|1230|1531|1801|1920|20 Cemaziyelevvel 1449
20271021|0526|0650|1230|1530|1800|1919|21 Cemaziyelevvel 1449
20271022|0527|0651|1230|1529|1758|1917|22 Cemaziyelevvel 1449
20271023|0528|0652|1230|1527|1757|1916|23 Cemaziyelevvel 1449
20271024|0529|0653|1229|1526|1756|1915|24 Cemaziyelevvel 1449
20271025|0530|0655|1229|1525|1754|1913|25 Cemaziyelevvel 1449
20271026|0531|0656|1229|1524|1753|1912|26 Cemaziyelevvel 1449
20271027|0532|0657|1229|1523|1752|1911|27 Cemaziyelevvel 1449
20271028|0533|0658|1229|1522|1750|1910|28 Cemaziyelevvel 1449
20271029|0534|0659|1229|1521|1749|1909|29 Cemaziyelevvel 1449
20271030|0535|0700|1229|1520|1748|1907|30 Cemaziyelevvel 1449
20271031|0536|0701|1229|1519|1746|1906|1 Cemaziyelahir 1449
20271101|0537|0703|1229|1518|1745|1905|2 Cemaziyelahir 1449
20271102|0538|0704|1229|1517|1744|1904|3 Cemaziyelahir 1449
20271103|0539|0705|1229|1516|1743|1903|4 Cemaziyelahir 1449
20271104|0540|0706|1229|1515|1742|1902|5 Cemaziyelahir 1449
20271105|0541|0707|1229|1514|1740|1901|6 Cemaziyelahir 1449
20271106|0542|0708|1229|1513|1739|1900|7 Cemaziyelahir 1449
20271107|0543|0710|1229|1513|1738|1859|8 Cemaziyelahir 1449
20271108|0544|0711|1229|1512|1737|1858|9 Cemaziyelahir 1449
20271109|0545|0712|1229|1511|1736|1857|10 Cemaziyelahir 1449
20271110|0546|0713|1229|1510|1735|1856|11 Cemaziyelahir 1449
20271111|0547|0714|1229|1509|1734|1856|12 Cemaziyelahir 1449
20271112|0548|0715|1229|1509|1733|1855|13 Cemaziyelahir 1449
20271113|0549|0717|1229|1508|1732|1854|14 Cemaziyelahir 1449
20271114|0550|0718|1230|1507|1731|1853|15 Cemaziyelahir 1449
20271115|0551|0719|1230|1506|1730|1853|16 Cemaziyelahir 1449
20271116|0552|0720|1230|1506|1730|1852|17 Cemaziyelahir 1449
20271117|0553|0721|1230|1505|1729|1851|18 Cemaziyelahir 1449
20271118|0554|0722|1230|1505|1728|1851|19 Cemaziyelahir 1449
20271119|0555|0724|1230|1504|1727|1850|20 Cemaziyelahir 1449
20271120|0556|0725|1231|1504|1727|1850|21 Cemaziyelahir 1449
20271121|0557|0726|1231|1503|1726|1849|22 Cemaziyelahir 1449
20271122|0558|0727|1231|1503|1725|1849|23 Cemaziyelahir 1449
20271123|0559|0728|1231|1502|1725|1848|24 Cemaziyelahir 1449
20271124|0600|0729|1232|1502|1724|1848|25 Cemaziyelahir 1449
20271125|0601|0730|1232|1501|1724|1847|26 Cemaziyelahir 1449
20271126|0602|0731|1232|1501|1723|1847|27 Cemaziyelahir 1449
20271127|0603|0732|1233|1501|1723|1847|28 Cemaziyelahir 1449
20271128|0604|0734|1233|1500|1722|1846|29 Cemaziyelahir 1449
20271129|0605|0735|1233|1500|1722|1846|1 Recep 1449
20271130|0606|0736|1234|1500|1722|1846|2 Recep 1449
20271201|0607|0737|1234|1500|1721|1846|3 Recep 1449
20271202|0608|0738|1234|1459|1721|1846|4 Recep 1449
20271203|0608|0739|1235|1459|1721|1846|5 Recep 1449
20271204|0609|0740|1235|1459|1721|1845|6 Recep 1449
20271205|0610|0741|1235|1459|1720|1845|7 Recep 1449
20271206|0611|0742|1236|1459|1720|1845|8 Recep 1449
20271207|0612|0743|1236|1459|1720|1845|9 Recep 1449
20271208|0613|0743|1237|1459|1720|1845|10 Recep 1449
20271209|0613|0744|1237|1459|1720|1846|11 Recep 1449
20271210|0614|0745|1238|1459|1720|1846|12 Recep 1449
20271211|0615|0746|1238|1459|1720|1846|13 Recep 1449
20271212|0616|0747|1239|1500|1720|1846|14 Recep 1449
20271213|0616|0748|1239|1500|1720|1846|15 Recep 1449
20271214|0617|0748|1239|1500|1721|1846|16 Recep 1449
20271215|0618|0749|1240|1500|1721|1847|17 Recep 1449
20271216|0618|0750|1240|1501|1721|1847|18 Recep 1449
20271217|0619|0750|1241|1501|1721|1847|19 Recep 1449
20271218|0620|0751|1241|1501|1722|1848|20 Recep 1449
20271219|0620|0752|1242|1502|1722|1848|21 Recep 1449
20271220|0621|0752|1242|1502|1723|1849|22 Recep 1449
20271221|0621|0753|1243|1502|1723|1849|23 Recep 1449
20271222|0622|0753|1243|1503|1723|1850|24 Recep 1449
20271223|0622|0754|1244|1503|1724|1850|25 Recep 1449
20271224|0623|0754|1244|1504|1725|1851|26 Recep 1449
20271225|0623|0755|1245|1505|1725|1851|27 Recep 1449
20271226|0624|0755|1245|1505|1726|1852|28 Recep 1449
20271227|0624|0755|1246|1506|1726|1852|29 Recep 1449
20271228|0624|0756|1246|1506|1727|1853|30 Recep 1449
20271229|0625|0756|1247|1507|1728|1854|1 Şaban 1449
20271230|0625|0756|1247|1508|1728|1854|2 Şaban 1449
20271231|0625|0756|1248|1508|1729|1855|3 Şaban 1449
#@9371|Dodurga|CORUM|730
20260101|0627|0758|1249|1509|1730|1856|12 Recep 1447
20260102|0627|0758|1250|1510|1731|1857|13 Recep 1447
20260103|0627|0758|1250|1511|1732|1858|14 Recep 1447
20260104|0627|0758|1251|1512|1733|1859|15 Recep 1447
20260105|0627|0758|1251|1512|1734|1859|16 Recep 1447
20260106|0627|0758|1251|1513|1734|1900|17 Recep 1447
20260107|0627|0758|1252|1514|1735|1901|18 Recep 1447
20260108|0627|0758|1252|1515|1736|1902|19 Recep 1447
20260109|0627|0758|1253|1516|1737|1903|20 Recep 1447
20260110|0627|0758|1253|1517|1738|1904|21 Recep 1447
20260111|0627|0758|1254|1518|1739|1905|22 Recep 1447
20260112|0627|0757|1254|1519|1741|1905|23 Recep 1447
20260113|0627|0757|1254|1520|1742|1906|24 Recep 1447
20260114|0627|0757|1255|1521|1743|1907|25 Recep 1447
20260115|0626|0756|1255|1522|1744|1908|26 Recep 1447
20260116|0626|0756|1255|1523|1745|1909|27 Recep 1447
20260117|0626|0755|1256|1524|1746|1910|28 Recep 1447
20260118|0625|0755|1256|1525|1747|1911|29 Recep 1447
20260119|0625|0754|1256|1526|1748|1912|30 Recep 1447
20260120|0625|0754|1257|1527|1750|1913|1 Şaban 1447
20260121|0624|0753|1257|1528|1751|1914|2 Şaban 1447
20260122|0624|0753|1257|1529|1752|1915|3 Şaban 1447
20260123|0623|0752|1257|1530|1753|1916|4 Şaban 1447
20260124|0623|0751|1258|1531|1754|1917|5 Şaban 1447
20260125|0622|0750|1258|1532|1756|1918|6 Şaban 1447
20260126|0622|0750|1258|1533|1757|1920|7 Şaban 1447
20260127|0621|0749|1258|1534|1758|1921|8 Şaban 1447
20260128|0620|0748|1259|1535|1759|1922|9 Şaban 1447
20260129|0620|0747|1259|1536|1800|1923|10 Şaban 1447
20260130|0619|0746|1259|1537|1802|1924|11 Şaban 1447
20260131|0618|0745|1259|1538|1803|1925|12 Şaban 1447
20260201|0617|0744|1259|1539|1804|1926|13 Şaban 1447
20260202|0617|0743|1259|1540|1805|1927|14 Şaban 1447
20260203|0616|0742|1300|1541|1807|1928|15 Şaban 1447
20260204|0615|0741|1300|1542|1808|1929|16 Şaban 1447
20260205|0614|0740|1300|1543|1809|1930|17 Şaban 1447
20260206|0613|0739|1300|1544|1810|1931|18 Şaban 1447
20260207|0612|0738|1300|1545|1812|1932|19 Şaban 1447
20260208|0611|0737|1300|1546|1813|1934|20 Şaban 1447
20260209|0610|0736|1300|1547|1814|1935|21 Şaban 1447
20260210|0609|0735|1300|1548|1815|1936|22 Şaban 1447
20260211|0608|0734|1300|1549|1817|1937|23 Şaban 1447
20260212|0607|0732|1300|1550|1818|1938|24 Şaban 1447
20260213|0606|0731|1300|1551|1819|1939|25 Şaban 1447
20260214|0605|0730|1300|1552|1820|1940|26 Şaban 1447
20260215|0603|0728|1300|1553|1821|1941|27 Şaban 1447
20260216|0602|0727|1300|1554|1823|1942|28 Şaban 1447
20260217|0601|0726|1300|1555|1824|1943|29 Şaban 1447
20260218|0600|0724|1300|1556|1825|1945|30 Şaban 1447
20260219|0558|0723|1300|1557|1826|1946|1 Ramazan 1447
20260220|0557|0722|1300|1558|1827|1947|2 Ramazan 1447
20260221|0556|0720|1259|1558|1829|1948|3 Ramazan 1447
20260222|0554|0719|1259|1559|1830|1949|4 Ramazan 1447
20260223|0553|0717|1259|1600|1831|1950|5 Ramazan 1447
20260224|0552|0716|1259|1601|1832|1951|6 Ramazan 1447
20260225|0550|0714|1259|1602|1833|1952|7 Ramazan 1447
20260226|0549|0713|1259|1603|1834|1953|8 Ramazan 1447
20260227|0547|0712|1259|1603|1836|1955|9 Ramazan 1447
20260228|0546|0710|1258|1604|1837|1956|10 Ramazan 1447
20260301|0544|0708|1258|1605|1838|1957|11 Ramazan 1447
20260302|0543|0707|1258|1606|1839|1958|12 Ramazan 1447
20260303|0541|0705|1258|1606|1840|1959|13 Ramazan 1447
20260304|0540|0704|1258|1607|1841|2000|14 Ramazan 1447
20260305|0538|0702|1257|1608|1843|2001|15 Ramazan 1447
20260306|0537|0701|1257|1609|1844|2002|16 Ramazan 1447
20260307|0535|0659|1257|1609|1845|2003|17 Ramazan 1447
20260308|0533|0657|1257|1610|1846|2005|18 Ramazan 1447
20260309|0532|0656|1256|1611|1847|2006|19 Ramazan 1447
20260310|0530|0654|1256|1611|1848|2007|20 Ramazan 1447
20260311|0528|0653|1256|1612|1849|2008|21 Ramazan 1447
20260312|0527|0651|1256|1613|1850|2009|22 Ramazan 1447
20260313|0525|0649|1255|1613|1851|2010|23 Ramazan 1447
20260314|0523|0648|1255|1614|1852|2011|24 Ramazan 1447
20260315|0522|0646|1255|1614|1854|2013|25 Ramazan 1447
20260316|0520|0644|1255|1615|1855|2014|26 Ramazan 1447
20260317|0518|0643|1254|1616|1856|2015|27 Ramazan 1447
20260318|0516|0641|1254|1616|1857|2016|28 Ramazan 1447
20260319|0515|0639|1254|1617|1858|2017|29 Ramazan 1447
20260320|0513|0638|1253|1617|1859|2018|1 Şevval 1447
20260321|0511|0636|1253|1618|1900|2020|2 Şevval 1447
20260322|0509|0635|1253|1618|1901|2021|3 Şevval 1447
20260323|0507|0633|1253|1619|1902|2022|4 Şevval 1447
20260324|0506|0631|1252|1619|1903|2023|5 Şevval 1447
20260325|0504|0630|1252|1620|1904|2024|6 Şevval 1447
20260326|0502|0628|1252|1620|1905|2026|7 Şevval 1447
20260327|0500|0626|1251|1621|1906|2027|8 Şevval 1447
20260328|0458|0625|1251|1621|1908|2028|9 Şevval 1447
20260329|0456|0623|1251|1622|1909|2029|10 Şevval 1447
20260330|0455|0621|1250|1622|1910|2031|11 Şevval 1447
20260331|0453|0620|1250|1623|1911|2032|12 Şevval 1447
20260401|0451|0618|1250|1623|1912|2033|13 Şevval 1447
20260402|0449|0616|1249|1623|1913|2034|14 Şevval 1447
20260403|0447|0615|1249|1624|1914|2036|15 Şevval 1447
20260404|0445|0613|1249|1624|1915|2037|16 Şevval 1447
20260405|0443|0611|1249|1625|1916|2038|17 Şevval 1447
20260406|0441|0610|1248|1625|1917|2040|18 Şevval 1447
20260407|0439|0608|1248|1625|1918|2041|19 Şevval 1447
20260408|0437|0606|1248|1626|1919|2042|20 Şevval 1447
20260409|0436|0605|1247|1626|1920|2044|21 Şevval 1447
20260410|0434|0603|1247|1627|1921|2045|22 Şevval 1447
20260411|0432|0602|1247|1627|1922|2046|23 Şevval 1447
20260412|0430|0600|1247|1627|1923|2048|24 Şevval 1447
20260413|0428|0559|1246|1628|1924|2049|25 Şevval 1447
20260414|0426|0557|1246|1628|1925|2050|26 Şevval 1447
20260415|0424|0555|1246|1628|1926|2052|27 Şevval 1447
20260416|0422|0554|1246|1629|1928|2053|28 Şevval 1447
20260417|0420|0552|1245|1629|1929|2054|29 Şevval 1447
20260418|0418|0551|1245|1629|1930|2056|1 Zilkade 1447
20260419|0417|0549|1245|1630|1931|2057|2 Zilkade 1447
20260420|0415|0548|1245|1630|1932|2059|3 Zilkade 1447
20260421|0413|0546|1245|1630|1933|2100|4 Zilkade 1447
20260422|0411|0545|1244|1631|1934|2102|5 Zilkade 1447
20260423|0409|0544|1244|1631|1935|2103|6 Zilkade 1447
20260424|0407|0542|1244|1631|1936|2104|7 Zilkade 1447
20260425|0405|0541|1244|1631|1937|2106|8 Zilkade 1447
20260426|0403|0539|1244|1632|1938|2107|9 Zilkade 1447
20260427|0402|0538|1244|1632|1939|2109|10 Zilkade 1447
20260428|0400|0537|1243|1632|1940|2110|11 Zilkade 1447
20260429|0358|0535|1243|1633|1941|2112|12 Zilkade 1447
20260430|0356|0534|1243|1633|1942|2113|13 Zilkade 1447
20260501|0354|0533|1243|1633|1943|2115|14 Zilkade 1447
20260502|0353|0531|1243|1633|1944|2116|15 Zilkade 1447
20260503|0351|0530|1243|1634|1945|2118|16 Zilkade 1447
20260504|0349|0529|1243|1634|1946|2119|17 Zilkade 1447
20260505|0347|0528|1243|1634|1948|2121|18 Zilkade 1447
20260506|0346|0526|1242|1635|1949|2122|19 Zilkade 1447
20260507|0344|0525|1242|1635|1950|2124|20 Zilkade 1447
20260508|0342|0524|1242|1635|1951|2125|21 Zilkade 1447
20260509|0340|0523|1242|1635|1952|2127|22 Zilkade 1447
20260510|0339|0522|1242|1636|1953|2128|23 Zilkade 1447
20260511|0337|0521|1242|1636|1954|2130|24 Zilkade 1447
20260512|0336|0520|1242|1636|1955|2131|25 Zilkade 1447
20260513|0334|0519|1242|1637|1956|2133|26 Zilkade 1447
20260514|0332|0518|1242|1637|1957|2134|27 Zilkade 1447
20260515|0331|0517|1242|1637|1958|2136|28 Zilkade 1447
20260516|0329|0516|1242|1637|1959|2137|29 Zilkade 1447
20260517|0328|0515|1242|1638|2000|2139|30 Zilkade 1447
20260518|0326|0514|1242|1638|2001|2140|1 Zilhicce 1447
20260519|0325|0513|1242|1638|2001|2142|2 Zilhicce 1447
20260520|0324|0512|1242|1639|2002|2143|3 Zilhicce 1447
20260521|0322|0511|1242|1639|2003|2145|4 Zilhicce 1447
20260522|0321|0511|1242|1639|2004|2146|5 Zilhicce 1447
20260523|0320|0510|1243|1639|2005|2147|6 Zilhicce 1447
20260524|0318|0509|1243|1640|2006|2149|7 Zilhicce 1447
20260525|0317|0509|1243|1640|2007|2150|8 Zilhicce 1447
20260526|0316|0508|1243|1640|2008|2151|9 Zilhicce 1447
20260527|0315|0507|1243|1640|2009|2153|10 Zilhicce 1447
20260528|0314|0507|1243|1641|2009|2154|11 Zilhicce 1447
20260529|0313|0506|1243|1641|2010|2155|12 Zilhicce 1447
20260530|0312|0506|1243|1641|2011|2157|13 Zilhicce 1447
20260531|0311|0505|1243|1642|2012|2158|14 Zilhicce 1447
20260601|0310|0505|1244|1642|2013|2159|15 Zilhicce 1447
20260602|0309|0504|1244|1642|2013|2200|16 Zilhicce 1447
20260603|0308|0504|1244|1642|2014|2201|17 Zilhicce 1447
20260604|0307|0503|1244|1643|2015|2202|18 Zilhicce 1447
20260605|0306|0503|1244|1643|2015|2203|19 Zilhicce 1447
20260606|0306|0503|1244|1643|2016|2204|20 Zilhicce 1447
20260607|0305|0503|1245|1644|2017|2205|21 Zilhicce 1447
20260608|0304|0502|1245|1644|2017|2206|22 Zilhicce 1447
20260609|0304|0502|1245|1644|2018|2207|23 Zilhicce 1447
20260610|0303|0502|1245|1644|2018|2208|24 Zilhicce 1447
20260611|0303|0502|1245|1645|2019|2209|25 Zilhicce 1447
20260612|0303|0502|1246|1645|2020|2209|26 Zilhicce 1447
20260613|0302|0502|1246|1645|2020|2210|27 Zilhicce 1447
20260614|0302|0502|1246|1645|2020|2211|28 Zilhicce 1447
20260615|0302|0502|1246|1646|2021|2211|29 Zilhicce 1447
20260616|0302|0502|1246|1646|2021|2212|1 Muharrem 1448
20260617|0302|0502|1247|1646|2022|2212|2 Muharrem 1448
20260618|0302|0502|1247|1646|2022|2213|3 Muharrem 1448
20260619|0302|0502|1247|1647|2022|2213|4 Muharrem 1448
20260620|0302|0502|1247|1647|2023|2213|5 Muharrem 1448
20260621|0302|0502|1248|1647|2023|2214|6 Muharrem 1448
20260622|0302|0502|1248|1647|2023|2214|7 Muharrem 1448
20260623|0303|0503|1248|1648|2023|2214|8 Muharrem 1448
20260624|0303|0503|1248|1648|2023|2214|9 Muharrem 1448
20260625|0303|0503|1248|1648|2023|2214|10 Muharrem 1448
20260626|0304|0504|1249|1648|2024|2214|11 Muharrem 1448
20260627|0304|0504|1249|1648|2024|2214|12 Muharrem 1448
20260628|0305|0504|1249|1648|2024|2214|13 Muharrem 1448
20260629|0306|0505|1249|1649|2024|2214|14 Muharrem 1448
20260630|0306|0505|1249|1649|2024|2213|15 Muharrem 1448
20260701|0307|0506|1250|1649|2023|2213|16 Muharrem 1448
20260702|0308|0506|1250|1649|2023|2213|17 Muharrem 1448
20260703|0308|0507|1250|1649|2023|2212|18 Muharrem 1448
20260704|0309|0507|1250|1649|2023|2212|19 Muharrem 1448
20260705|0310|0508|1250|1649|2023|2211|20 Muharrem 1448
20260706|0311|0509|1251|1649|2023|2211|21 Muharrem 1448
20260707|0312|0509|1251|1650|2022|2210|22 Muharrem 1448
20260708|0313|0510|1251|1650|2022|2210|23 Muharrem 1448
20260709|0314|0510|1251|1650|2022|2209|24 Muharrem 1448
20260710|0315|0511|1251|1650|2021|2208|25 Muharrem 1448
20260711|0317|0512|1251|1650|2021|2207|26 Muharrem 1448
20260712|0318|0513|1251|1650|2020|2206|27 Muharrem 1448
20260713|0319|0513|1252|1650|2020|2206|28 Muharrem 1448
20260714|0320|0514|1252|1650|2019|2205|29 Muharrem 1448
20260715|0321|0515|1252|1650|2019|2204|1 Safer 1448
20260716|0323|0516|1252|1650|2018|2203|2 Safer 1448
20260717|0324|0516|1252|1649|2018|2202|3 Safer 1448
20260718|0325|0517|1252|1649|2017|2200|4 Safer 1448
20260719|0327|0518|1252|1649|2016|2159|5 Safer 1448
20260720|0328|0519|1252|1649|2015|2158|6 Safer 1448
20260721|0330|0520|1252|1649|2015|2157|7 Safer 1448
20260722|0331|0521|1252|1649|2014|2156|8 Safer 1448
20260723|0332|0522|1252|1649|2013|2154|9 Safer 1448
20260724|0334|0522|1252|1648|2012|2153|10 Safer 1448
20260725|0335|0523|1252|1648|2011|2152|11 Safer 1448
20260726|0337|0524|1252|1648|2011|2150|12 Safer 1448
20260727|0338|0525|1252|1648|2010|2149|13 Safer 1448
20260728|0340|0526|1252|1648|2009|2147|14 Safer 1448
20260729|0341|0527|1252|1647|2008|2146|15 Safer 1448
20260730|0343|0528|1252|1647|2007|2144|16 Safer 1448
20260731|0344|0529|1252|1647|2006|2143|17 Safer 1448
20260801|0346|0530|1252|1646|2005|2141|18 Safer 1448
20260802|0347|0531|1252|1646|2003|2140|19 Safer 1448
20260803|0349|0532|1252|1646|2002|2138|20 Safer 1448
20260804|0350|0533|1252|1645|2001|2136|21 Safer 1448
20260805|0352|0534|1252|1645|2000|2135|22 Safer 1448
20260806|0353|0535|1252|1644|1959|2133|23 Safer 1448
20260807|0355|0536|1252|1644|1958|2131|24 Safer 1448
20260808|0356|0537|1252|1643|1956|2130|25 Safer 1448
20260809|0358|0538|1251|1643|1955|2128|26 Safer 1448
20260810|0359|0539|1251|1642|1954|2126|27 Safer 1448
20260811|0401|0540|1251|1642|1953|2125|28 Safer 1448
20260812|0402|0541|1251|1641|1951|2123|29 Safer 1448
20260813|0404|0542|1251|1641|1950|2121|30 Safer 1448
20260814|0405|0543|1251|1640|1949|2119|1 Rebiulevvel 1448
20260815|0407|0544|1250|1639|1947|2117|2 Rebiulevvel 1448
20260816|0408|0545|1250|1639|1946|2116|3 Rebiulevvel 1448
20260817|0410|0546|1250|1638|1944|2114|4 Rebiulevvel 1448
20260818|0411|0547|1250|1637|1943|2112|5 Rebiulevvel 1448
20260819|0412|0548|1250|1637|1942|2110|6 Rebiulevvel 1448
20260820|0414|0548|1249|1636|1940|2108|7 Rebiulevvel 1448
20260821|0415|0549|1249|1635|1939|2106|8 Rebiulevvel 1448
20260822|0417|0550|1249|1635|1937|2105|9 Rebiulevvel 1448
20260823|0418|0551|1249|1634|1936|2103|10 Rebiulevvel 1448
20260824|0420|0552|1248|1633|1934|2101|11 Rebiulevvel 1448
20260825|0421|0553|1248|1632|1933|2059|12 Rebiulevvel 1448
20260826|0422|0554|1248|1631|1931|2057|13 Rebiulevvel 1448
20260827|0424|0555|1247|1631|1930|2055|14 Rebiulevvel 1448
20260828|0425|0556|1247|1630|1928|2053|15 Rebiulevvel 1448
20260829|0426|0557|1247|1629|1926|2051|16 Rebiulevvel 1448
20260830|0428|0558|1247|1628|1925|2049|17 Rebiulevvel 1448
20260831|0429|0559|1246|1627|1923|2048|18 Rebiulevvel 1448
20260901|0430|0600|1246|1626|1922|2046|19 Rebiulevvel 1448
20260902|0432|0601|1246|1625|1920|2044|20 Rebiulevvel 1448
20260903|0433|0602|1245|1624|1918|2042|21 Rebiulevvel 1448
20260904|0434|0603|1245|1623|1917|2040|22 Rebiulevvel 1448
20260905|0435|0604|1245|1622|1915|2038|23 Rebiulevvel 1448
20260906|0437|0605|1244|1621|1913|2036|24 Rebiulevvel 1448
20260907|0438|0606|1244|1620|1912|2034|25 Rebiulevvel 1448
20260908|0439|0607|1244|1619|1910|2032|26 Rebiulevvel 1448
20260909|0440|0608|1243|1618|1908|2030|27 Rebiulevvel 1448
20260910|0442|0609|1243|1617|1907|2028|28 Rebiulevvel 1448
20260911|0443|0610|1243|1616|1905|2027|29 Rebiulevvel 1448
20260912|0444|0611|1242|1615|1903|2025|1 Rebiulahir 1448
20260913|0445|0612|1242|1614|1902|2023|2 Rebiulahir 1448
20260914|0447|0613|1242|1613|1900|2021|3 Rebiulahir 1448
20260915|0448|0614|1241|1612|1858|2019|4 Rebiulahir 1448
20260916|0449|0615|1241|1611|1857|2017|5 Rebiulahir 1448
20260917|0450|0616|1240|1610|1855|2015|6 Rebiulahir 1448
20260918|0451|0617|1240|1608|1853|2013|7 Rebiulahir 1448
20260919|0452|0618|1240|1607|1852|2012|8 Rebiulahir 1448
20260920|0453|0619|1239|1606|1850|2010|9 Rebiulahir 1448
20260921|0455|0620|1239|1605|1848|2008|10 Rebiulahir 1448
20260922|0456|0621|1239|1604|1846|2006|11 Rebiulahir 1448
20260923|0457|0622|1238|1603|1845|2004|12 Rebiulahir 1448
20260924|0458|0623|1238|1602|1843|2002|13 Rebiulahir 1448
20260925|0459|0624|1238|1600|1841|2001|14 Rebiulahir 1448
20260926|0500|0625|1237|1559|1840|1959|15 Rebiulahir 1448
20260927|0501|0626|1237|1558|1838|1957|16 Rebiulahir 1448
20260928|0502|0627|1237|1557|1836|1955|17 Rebiulahir 1448
20260929|0504|0628|1236|1556|1835|1954|18 Rebiulahir 1448
20260930|0505|0629|1236|1554|1833|1952|19 Rebiulahir 1448
20261001|0506|0630|1236|1553|1831|1950|20 Rebiulahir 1448
20261002|0507|0631|1235|1552|1830|1948|21 Rebiulahir 1448
20261003|0508|0632|1235|1551|1828|1947|22 Rebiulahir 1448
20261004|0509|0633|1235|1550|1826|1945|23 Rebiulahir 1448
20261005|0510|0634|1234|1548|1825|1943|24 Rebiulahir 1448
20261006|0511|0635|1234|1547|1823|1942|25 Rebiulahir 1448
20261007|0512|0636|1234|1546|1821|1940|26 Rebiulahir 1448
20261008|0513|0637|1233|1545|1820|1938|27 Rebiulahir 1448
20261009|0514|0638|1233|1544|1818|1937|28 Rebiulahir 1448
20261010|0515|0639|1233|1542|1817|1935|29 Rebiulahir 1448
20261011|0516|0640|1233|1541|1815|1934|30 Rebiulahir 1448
20261012|0517|0641|1232|1540|1813|1932|1 Cemaziyelevvel 1448
20261013|0518|0643|1232|1539|1812|1931|2 Cemaziyelevvel 1448
20261014|0519|0644|1232|1538|1810|1929|3 Cemaziyelevvel 1448
20261015|0521|0645|1232|1536|1809|1928|4 Cemaziyelevvel 1448
20261016|0522|0646|1231|1535|1807|1926|5 Cemaziyelevvel 1448
20261017|0523|0647|1231|1534|1806|1925|6 Cemaziyelevvel 1448
20261018|0524|0648|1231|1533|1804|1923|7 Cemaziyelevvel 1448
20261019|0525|0649|1231|1532|1803|1922|8 Cemaziyelevvel 1448
20261020|0526|0650|1231|1531|1801|1920|9 Cemaziyelevvel 1448
20261021|0527|0651|1230|1529|1800|1919|10 Cemaziyelevvel 1448
20261022|0528|0652|1230|1528|1758|1918|11 Cemaziyelevvel 1448
20261023|0529|0654|1230|1527|1757|1916|12 Cemaziyelevvel 1448
20261024|0530|0655|1230|1526|1755|1915|13 Cemaziyelevvel 1448
20261025|0531|0656|1230|1525|1754|1914|14 Cemaziyelevvel 1448
20261026|0532|0657|1230|1524|1753|1912|15 Cemaziyelevvel 1448
20261027|0533|0658|1230|1523|1751|1911|16 Cemaziyelevvel 1448
20261028|0534|0659|1230|1522|1750|1910|17 Cemaziyelevvel 1448
20261029|0535|0700|1230|1521|1749|1909|18 Cemaziyelevvel 1448
20261030|0536|0702|1229|1520|1747|1908|19 Cemaziyelevvel 1448
20261031|0537|0703|1229|1519|1746|1906|20 Cemaziyelevvel 1448
20261101|0538|0704|1229|1518|1745|1905|21 Cemaziyelevvel 1448
20261102|0539|0705|1229|1517|1744|1904|22 Cemaziyelevvel 1448
20261103|0540|0706|1229|1516|1742|1903|23 Cemaziyelevvel 1448
20261104|0541|0707|1229|1515|1741|1902|24 Cemaziyelevvel 1448
20261105|0542|0709|1229|1514|1740|1901|25 Cemaziyelevvel 1448
20261106|0543|0710|1229|1513|1739|1900|26 Cemaziyelevvel 1448
20261107|0544|0711|1229|1512|1738|1859|27 Cemaziyelevvel 1448
20261108|0545|0712|1229|1511|1737|1858|28 Cemaziyelevvel 1448
20261109|0546|0713|1230|1511|1736|1857|29 Cemaziyelevvel 1448
20261110|0547|0715|1230|1510|1735|1857|1 Cemaziyelahir 1448
20261111|0548|0716|1230|1509|1734|1856|2 Cemaziyelahir 1448
20261112|0550|0717|1230|1508|1733|1855|3 Cemaziyelahir 1448
20261113|0551|0718|1230|1508|1732|1854|4 Cemaziyelahir 1448
20261114|0552|0719|1230|1507|1731|1853|5 Cemaziyelahir 1448
20261115|0553|0720|1230|1506|1730|1853|6 Cemaziyelahir 1448
20261116|0554|0722|1230|1506|1729|1852|7 Cemaziyelahir 1448
20261117|0555|0723|1231|1505|1729|1851|8 Cemaziyelahir 1448
20261118|0556|0724|1231|1504|1728|1851|9 Cemaziyelahir 1448
20261119|0557|0725|1231|1504|1727|1850|10 Cemaziyelahir 1448
20261120|0558|0726|1231|1503|1726|1850|11 Cemaziyelahir 1448
20261121|0559|0727|1232|1503|1726|1849|12 Cemaziyelahir 1448
20261122|0600|0729|1232|1502|1725|1849|13 Cemaziyelahir 1448
20261123|0600|0730|1232|1502|1724|1848|14 Cemaziyelahir 1448
20261124|0601|0731|1232|1501|1724|1848|15 Cemaziyelahir 1448
20261125|0602|0732|1233|1501|1723|1847|16 Cemaziyelahir 1448
20261126|0603|0733|1233|1501|1723|1847|17 Cemaziyelahir 1448
20261127|0604|0734|1233|1500|1722|1847|18 Cemaziyelahir 1448
20261128|0605|0735|1234|1500|1722|1847|19 Cemaziyelahir 1448
20261129|0606|0736|1234|1500|1722|1846|20 Cemaziyelahir 1448
20261130|0607|0737|1234|1459|1721|1846|21 Cemaziyelahir 1448
20261201|0608|0738|1235|1459|1721|1846|22 Cemaziyelahir 1448
20261202|0609|0739|1235|1459|1721|1846|23 Cemaziyelahir 1448
20261203|0610|0740|1235|1459|1720|1846|24 Cemaziyelahir 1448
20261204|0611|0741|1236|1459|1720|1846|25 Cemaziyelahir 1448
20261205|0611|0742|1236|1459|1720|1846|26 Cemaziyelahir 1448
20261206|0612|0743|1237|1459|1720|1846|27 Cemaziyelahir 1448
20261207|0613|0744|1237|1459|1720|1846|28 Cemaziyelahir 1448
20261208|0614|0745|1237|1459|1720|1846|29 Cemaziyelahir 1448
20261209|0615|0746|1238|1459|1720|1846|30 Cemaziyelahir 1448
20261210|0615|0747|1238|1459|1720|1846|1 Recep 1448
20261211|0616|0748|1239|1459|1720|1846|2 Recep 1448
20261212|0617|0749|1239|1459|1720|1846|3 Recep 1448
20261213|0618|0749|1240|1459|1720|1846|4 Recep 1448
20261214|0618|0750|1240|1500|1720|1847|5 Recep 1448
20261215|0619|0751|1241|1500|1721|1847|6 Recep 1448
20261216|0620|0751|1241|1500|1721|1847|7 Recep 1448
20261217|0620|0752|1242|1501|1721|1848|8 Recep 1448
20261218|0621|0753|1242|1501|1721|1848|9 Recep 1448
20261219|0621|0753|1243|1501|1722|1848|10 Recep 1448
20261220|0622|0754|1243|1502|1722|1849|11 Recep 1448
20261221|0622|0755|1244|1502|1723|1849|12 Recep 1448
20261222|0623|0755|1244|1503|1723|1850|13 Recep 1448
20261223|0623|0756|1245|1503|1724|1850|14 Recep 1448
20261224|0624|0756|1245|1504|1724|1851|15 Recep 1448
20261225|0624|0756|1246|1504|1725|1851|16 Recep 1448
20261226|0625|0757|1246|1505|1725|1852|17 Recep 1448
20261227|0625|0757|1247|1506|1726|1853|18 Recep 1448
20261228|0625|0757|1247|1506|1727|1853|19 Recep 1448
20261229|0626|0758|1248|1507|1728|1854|20 Recep 1448
20261230|0626|0758|1248|1508|1728|1855|21 Recep 1448
20261231|0626|0758|1249|1508|1729|1855|22 Recep 1448
20270101|0627|0758|1249|1509|1730|1856|23 Recep 1448
20270102|0627|0758|1249|1510|1731|1857|24 Recep 1448
20270103|0627|0758|1250|1511|1732|1858|25 Recep 1448
20270104|0627|0758|1250|1511|1732|1858|26 Recep 1448
20270105|0627|0758|1251|1512|1733|1859|27 Recep 1448
20270106|0627|0758|1251|1513|1734|1900|28 Recep 1448
20270107|0627|0758|1252|1514|1735|1901|29 Recep 1448
20270108|0627|0758|1252|1515|1736|1902|30 Recep 1448
20270109|0627|0758|1253|1516|1737|1903|1 Şaban 1448
20270110|0627|0758|1253|1517|1738|1903|2 Şaban 1448
20270111|0627|0758|1253|1518|1739|1904|3 Şaban 1448
20270112|0627|0757|1254|1519|1740|1905|4 Şaban 1448
20270113|0627|0757|1254|1520|1741|1906|5 Şaban 1448
20270114|0627|0757|1255|1521|1742|1907|6 Şaban 1448
20270115|0626|0756|1255|1522|1744|1908|7 Şaban 1448
20270116|0626|0756|1255|1522|1745|1909|8 Şaban 1448
20270117|0626|0756|1256|1523|1746|1910|9 Şaban 1448
20270118|0625|0755|1256|1525|1747|1911|10 Şaban 1448
20270119|0625|0754|1256|1526|1748|1912|11 Şaban 1448
20270120|0625|0754|1257|1527|1749|1913|12 Şaban 1448
20270121|0624|0753|1257|1528|1750|1914|13 Şaban 1448
20270122|0624|0753|1257|1529|1752|1915|14 Şaban 1448
20270123|0623|0752|1257|1530|1753|1916|15 Şaban 1448
20270124|0623|0751|1258|1531|1754|1917|16 Şaban 1448
20270125|0622|0751|1258|1532|1755|1918|17 Şaban 1448
20270126|0622|0750|1258|1533|1756|1919|18 Şaban 1448
20270127|0621|0749|1258|1534|1758|1920|19 Şaban 1448
20270128|0620|0748|1259|1535|1759|1921|20 Şaban 1448
20270129|0620|0747|1259|1536|1800|1922|21 Şaban 1448
20270130|0619|0747|1259|1537|1801|1924|22 Şaban 1448
20270131|0618|0746|1259|1538|1803|1925|23 Şaban 1448
20270201|0618|0745|1259|1539|1804|1926|24 Şaban 1448
20270202|0617|0744|1259|1540|1805|1927|25 Şaban 1448
20270203|0616|0743|1259|1541|1806|1928|26 Şaban 1448
20270204|0615|0742|1300|1542|1808|1929|27 Şaban 1448
20270205|0614|0741|1300|1543|1809|1930|28 Şaban 1448
20270206|0613|0740|1300|1544|1810|1931|29 Şaban 1448
20270207|0612|0738|1300|1545|1811|1932|30 Şaban 1448
20270208|0611|0737|1300|1546|1813|1933|1 Ramazan 1448
20270209|0610|0736|1300|1547|1814|1934|2 Ramazan 1448
20270210|0609|0735|1300|1548|1815|1935|3 Ramazan 1448
20270211|0608|0734|1300|1549|1816|1937|4 Ramazan 1448
20270212|0607|0733|1300|1550|1817|1938|5 Ramazan 1448
20270213|0606|0731|1300|1551|1819|1939|6 Ramazan 1448
20270214|0605|0730|1300|1552|1820|1940|7 Ramazan 1448
20270215|0604|0729|1300|1553|1821|1941|8 Ramazan 1448
20270216|0602|0727|1300|1554|1822|1942|9 Ramazan 1448
20270217|0601|0726|1300|1555|1824|1943|10 Ramazan 1448
20270218|0600|0725|1300|1556|1825|1944|11 Ramazan 1448
20270219|0559|0723|1300|1556|1826|1945|12 Ramazan 1448
20270220|0557|0722|1300|1557|1827|1946|13 Ramazan 1448
20270221|0556|0721|1259|1558|1828|1948|14 Ramazan 1448
20270222|0555|0719|1259|1559|1830|1949|15 Ramazan 1448
20270223|0553|0718|1259|1600|1831|1950|16 Ramazan 1448
20270224|0552|0716|1259|1601|1832|1951|17 Ramazan 1448
20270225|0551|0715|1259|1602|1833|1952|18 Ramazan 1448
20270226|0549|0713|1259|1602|1834|1953|19 Ramazan 1448
20270227|0548|0712|1259|1603|1835|1954|20 Ramazan 1448
20270228|0546|0710|1258|1604|1837|1955|21 Ramazan 1448
20270301|0545|0709|1258|1605|1838|1956|22 Ramazan 1448
20270302|0543|0707|1258|1605|1839|1958|23 Ramazan 1448
20270303|0542|0706|1258|1606|1840|1959|24 Ramazan 1448
20270304|0540|0704|1258|1607|1841|2000|25 Ramazan 1448
20270305|0539|0703|1257|1608|1842|2001|26 Ramazan 1448
20270306|0537|0701|1257|1608|1843|2002|27 Ramazan 1448
20270307|0535|0659|1257|1609|1844|2003|28 Ramazan 1448
20270308|0534|0658|1257|1610|1846|2004|29 Ramazan 1448
20270309|0532|0656|1256|1610|1847|2005|1 Şevval 1448
20270310|0531|0655|1256|1611|1848|2007|2 Şevval 1448
20270311|0529|0653|1256|1612|1849|2008|3 Şevval 1448
20270312|0527|0651|1256|1612|1850|2009|4 Şevval 1448
20270313|0526|0650|1255|1613|1851|2010|5 Şevval 1448
20270314|0524|0648|1255|1614|1852|2011|6 Şevval 1448
20270315|0522|0647|1255|1614|1853|2012|7 Şevval 1448
20270316|0520|0645|1255|1615|1854|2013|8 Şevval 1448
20270317|0519|0643|1254|1615|1855|2015|9 Şevval 1448
20270318|0517|0642|1254|1616|1857|2016|10 Şevval 1448
20270319|0515|0640|1254|1617|1858|2017|11 Şevval 1448
20270320|0513|0638|1253|1617|1859|2018|12 Şevval 1448
20270321|0512|0637|1253|1618|1900|2019|13 Şevval 1448
20270322|0510|0635|1253|1618|1901|2021|14 Şevval 1448
20270323|0508|0633|1253|1619|1902|2022|15 Şevval 1448
20270324|0506|0632|1252|1619|1903|2023|16 Şevval 1448
20270325|0504|0630|1252|1620|1904|2024|17 Şevval 1448
20270326|0502|0628|1252|1620|1905|2025|18 Şevval 1448
20270327|0501|0627|1251|1621|1906|2027|19 Şevval 1448
20270328|0459|0625|1251|1621|1907|2028|20 Şevval 1448
20270329|0457|0623|1251|1622|1908|2029|21 Şevval 1448
20270330|0455|0622|1250|1622|1909|2030|22 Şevval 1448
20270331|0453|0620|1250|1622|1910|2032|23 Şevval 1448
20270401|0451|0618|1250|1623|1911|2033|24 Şevval 1448
20270402|0449|0617|1250|1623|1913|2034|25 Şevval 1448
20270403|0447|0615|1249|1624|1914|2035|26 Şevval 1448
20270404|0446|0613|1249|1624|1915|2037|27 Şevval 1448
20270405|0444|0612|1249|1625|1916|2038|28 Şevval 1448
20270406|0442|0610|1248|1625|1917|2039|29 Şevval 1448
20270407|0440|0608|1248|1625|1918|2041|30 Şevval 1448
20270408|0438|0607|1248|1626|1919|2042|1 Zilkade 1448
20270409|0436|0605|1248|1626|1920|2043|2 Zilkade 1448
20270410|0434|0604|1247|1626|1921|2045|3 Zilkade 1448
20270411|0432|0602|1247|1627|1922|2046|4 Zilkade 1448
20270412|0430|0601|1247|1627|1923|2047|5 Zilkade 1448
20270413|0428|0559|1247|1628|1924|2049|6 Zilkade 1448
20270414|0426|0557|1246|1628|1925|2050|7 Zilkade 1448
20270415|0425|0556|1246|1628|1926|2051|8 Zilkade 1448
20270416|0423|0554|1246|1629|1927|2053|9 Zilkade 1448
20270417|0421|0553|1246|1629|1928|2054|10 Zilkade 1448
20270418|0419|0551|1245|1629|1929|2056|11 Zilkade 1448
20270419|0417|0550|1245|1630|1930|2057|12 Zilkade 1448
20270420|0415|0548|1245|1630|1931|2058|13 Zilkade 1448
20270421|0413|0547|1245|1630|1933|2100|14 Zilkade 1448
20270422|0411|0545|1244|1630|1934|2101|15 Zilkade 1448
20270423|0409|0544|1244|1631|1935|2103|16 Zilkade 1448
20270424|0408|0542|1244|1631|1936|2104|17 Zilkade 1448
20270425|0406|0541|1244|1631|1937|2106|18 Zilkade 1448
20270426|0404|0540|1244|1632|1938|2107|19 Zilkade 1448
20270427|0402|0538|1244|1632|1939|2109|20 Zilkade 1448
20270428|0400|0537|1243|1632|1940|2110|21 Zilkade 1448
20270429|0358|0536|1243|1633|1941|2111|22 Zilkade 1448
20270430|0357|0534|1243|1633|1942|2113|23 Zilkade 1448
20270501|0355|0533|1243|1633|1943|2114|24 Zilkade 1448
20270502|0353|0532|1243|1633|1944|2116|25 Zilkade 1448
20270503|0351|0530|1243|1634|1945|2117|26 Zilkade 1448
20270504|0349|0529|1243|1634|1946|2119|27 Zilkade 1448
20270505|0348|0528|1243|1634|1947|2120|28 Zilkade 1448
20270506|0346|0527|1242|1635|1948|2122|29 Zilkade 1448
20270507|0344|0526|1242|1635|1949|2124|1 Zilhicce 1448
20270508|0343|0524|1242|1635|1950|2125|2 Zilhicce 1448
20270509|0341|0523|1242|1635|1951|2127|3 Zilhicce 1448
20270510|0339|0522|1242|1636|1952|2128|4 Zilhicce 1448
20270511|0338|0521|1242|1636|1953|2130|5 Zilhicce 1448
20270512|0336|0520|1242|1636|1954|2131|6 Zilhicce 1448
20270513|0334|0519|1242|1636|1955|2133|7 Zilhicce 1448
20270514|0333|0518|1242|1637|1956|2134|8 Zilhicce 1448
20270515|0331|0517|1242|1637|1957|2136|9 Zilhicce 1448
20270516|0330|0516|1242|1637|1958|2137|10 Zilhicce 1448
20270517|0328|0515|1242|1638|1959|2138|11 Zilhicce 1448
20270518|0327|0514|1242|1638|2000|2140|12 Zilhicce 1448
20270519|0325|0513|1242|1638|2001|2141|13 Zilhicce 1448
20270520|0324|0512|1242|1638|2002|2143|14 Zilhicce 1448
20270521|0323|0512|1242|1639|2003|2144|15 Zilhicce 1448
20270522|0321|0511|1242|1639|2004|2146|16 Zilhicce 1448
20270523|0320|0510|1243|1639|2005|2147|17 Zilhicce 1448
20270524|0319|0509|1243|1640|2006|2148|18 Zilhicce 1448
20270525|0317|0509|1243|1640|2007|2150|19 Zilhicce 1448
20270526|0316|0508|1243|1640|2008|2151|20 Zilhicce 1448
20270527|0315|0507|1243|1640|2008|2152|21 Zilhicce 1448
20270528|0314|0507|1243|1641|2009|2154|22 Zilhicce 1448
20270529|0313|0506|1243|1641|2010|2155|23 Zilhicce 1448
20270530|0312|0506|1243|1641|2011|2156|24 Zilhicce 1448
20270531|0311|0505|1243|1642|2012|2157|25 Zilhicce 1448
20270601|0310|0505|1244|1642|2012|2159|26 Zilhicce 1448
20270602|0309|0504|1244|1642|2013|2200|27 Zilhicce 1448
20270603|0308|0504|1244|1642|2014|2201|28 Zilhicce 1448
20270604|0307|0503|1244|1643|2015|2202|29 Zilhicce 1448
20270605|0307|0503|1244|1643|2015|2203|30 Zilhicce 1448
20270606|0306|0503|1244|1643|2016|2204|1 Muharrem 1449
20270607|0305|0503|1245|1644|2017|2205|2 Muharrem 1449
20270608|0305|0502|1245|1644|2017|2206|3 Muharrem 1449
20270609|0304|0502|1245|1644|2018|2207|4 Muharrem 1449
20270610|0304|0502|1245|1644|2018|2208|5 Muharrem 1449
20270611|0303|0502|1245|1645|2019|2208|6 Muharrem 1449
20270612|0303|0502|1246|1645|2019|2209|7 Muharrem 1449
20270613|0303|0502|1246|1645|2020|2210|8 Muharrem 1449
20270614|0302|0502|1246|1645|2020|2210|9 Muharrem 1449
20270615|0302|0502|1246|1646|2021|2211|10 Muharrem 1449
20270616|0302|0502|1246|1646|2021|2212|11 Muharrem 1449
20270617|0302|0502|1247|1646|2022|2212|12 Muharrem 1449
20270618|0302|0502|1247|1646|2022|2213|13 Muharrem 1449
20270619|0302|0502|1247|1647|2022|2213|14 Muharrem 1449
20270620|0302|0502|1247|1647|2022|2213|15 Muharrem 1449
20270621|0302|0502|1247|1647|2023|2214|16 Muharrem 1449
20270622|0302|0502|1248|1647|2023|2214|17 Muharrem 1449
20270623|0303|0503|1248|1647|2023|2214|18 Muharrem 1449
20270624|0303|0503|1248|1648|2023|2214|19 Muharrem 1449
20270625|0303|0503|1248|1648|2023|2214|20 Muharrem 1449
20270626|0304|0504|1249|1648|2024|2214|21 Muharrem 1449
20270627|0304|0504|1249|1648|2024|2214|22 Muharrem 1449
20270628|0305|0504|1249|1648|2024|2214|23 Muharrem 1449
20270629|0305|0505|1249|1649|2024|2214|24 Muharrem 1449
20270630|0306|0505|1249|1649|2024|2214|25 Muharrem 1449
20270701|0307|0506|1250|1649|2023|2213|26 Muharrem 1449
20270702|0307|0506|1250|1649|2023|2213|27 Muharrem 1449
20270703|0308|0507|1250|1649|2023|2213|28 Muharrem 1449
20270704|0309|0507|1250|1649|2023|2212|29 Muharrem 1449
20270705|0310|0508|1250|1649|2023|2212|1 Safer 1449
20270706|0311|0508|1250|1649|2023|2211|2 Safer 1449
20270707|0312|0509|1251|1650|2022|2210|3 Safer 1449
20270708|0313|0510|1251|1650|2022|2210|4 Safer 1449
20270709|0314|0510|1251|1650|2022|2209|5 Safer 1449
20270710|0315|0511|1251|1650|2021|2208|6 Safer 1449
20270711|0316|0512|1251|1650|2021|2208|7 Safer 1449
20270712|0317|0512|1251|1650|2020|2207|8 Safer 1449
20270713|0319|0513|1252|1650|2020|2206|9 Safer 1449
20270714|0320|0514|1252|1650|2019|2205|10 Safer 1449
20270715|0321|0515|1252|1650|2019|2204|11 Safer 1449
20270716|0322|0515|1252|1650|2018|2203|12 Safer 1449
20270717|0324|0516|1252|1650|2018|2202|13 Safer 1449
20270718|0325|0517|1252|1649|2017|2201|14 Safer 1449
20270719|0326|0518|1252|1649|2016|2200|15 Safer 1449
20270720|0328|0519|1252|1649|2016|2158|16 Safer 1449
20270721|0329|0520|1252|1649|2015|2157|17 Safer 1449
20270722|0331|0520|1252|1649|2014|2156|18 Safer 1449
20270723|0332|0521|1252|1649|2013|2155|19 Safer 1449
20270724|0333|0522|1252|1649|2012|2153|20 Safer 1449
20270725|0335|0523|1252|1648|2012|2152|21 Safer 1449
20270726|0336|0524|1252|1648|2011|2151|22 Safer 1449
20270727|0338|0525|1252|1648|2010|2149|23 Safer 1449
20270728|0339|0526|1252|1648|2009|2148|24 Safer 1449
20270729|0341|0527|1252|1647|2008|2146|25 Safer 1449
20270730|0342|0528|1252|1647|2007|2145|26 Safer 1449
20270731|0344|0529|1252|1647|2006|2143|27 Safer 1449
20270801|0345|0530|1252|1646|2005|2142|28 Safer 1449
20270802|0347|0531|1252|1646|2004|2140|29 Safer 1449
20270803|0348|0532|1252|1646|2003|2138|1 Rebiulevvel 1449
20270804|0350|0533|1252|1645|2002|2137|2 Rebiulevvel 1449
20270805|0351|0533|1252|1645|2000|2135|3 Rebiulevvel 1449
20270806|0353|0534|1252|1644|1959|2134|4 Rebiulevvel 1449
20270807|0354|0535|1252|1644|1958|2132|5 Rebiulevvel 1449
20270808|0356|0536|1252|1643|1957|2130|6 Rebiulevvel 1449
20270809|0357|0537|1251|1643|1956|2128|7 Rebiulevvel 1449
20270810|0359|0538|1251|1642|1954|2127|8 Rebiulevvel 1449
20270811|0400|0539|1251|1642|1953|2125|9 Rebiulevvel 1449
20270812|0402|0540|1251|1641|1952|2123|10 Rebiulevvel 1449
20270813|0403|0541|1251|1641|1950|2121|11 Rebiulevvel 1449
20270814|0405|0542|1251|1640|1949|2120|12 Rebiulevvel 1449
20270815|0406|0543|1250|1640|1948|2118|13 Rebiulevvel 1449
20270816|0408|0544|1250|1639|1946|2116|14 Rebiulevvel 1449
20270817|0409|0545|1250|1638|1945|2114|15 Rebiulevvel 1449
20270818|0411|0546|1250|1638|1943|2112|16 Rebiulevvel 1449
20270819|0412|0547|1250|1637|1942|2111|17 Rebiulevvel 1449
20270820|0414|0548|1249|1636|1941|2109|18 Rebiulevvel 1449
20270821|0415|0549|1249|1635|1939|2107|19 Rebiulevvel 1449
20270822|0416|0550|1249|1635|1938|2105|20 Rebiulevvel 1449
20270823|0418|0551|1249|1634|1936|2103|21 Rebiulevvel 1449
20270824|0419|0552|1248|1633|1935|2101|22 Rebiulevvel 1449
20270825|0421|0553|1248|1632|1933|2059|23 Rebiulevvel 1449
20270826|0422|0554|1248|1632|1931|2058|24 Rebiulevvel 1449
20270827|0423|0555|1248|1631|1930|2056|25 Rebiulevvel 1449
20270828|0425|0556|1247|1630|1928|2054|26 Rebiulevvel 1449
20270829|0426|0557|1247|1629|1927|2052|27 Rebiulevvel 1449
20270830|0427|0558|1247|1628|1925|2050|28 Rebiulevvel 1449
20270831|0429|0559|1246|1627|1924|2048|29 Rebiulevvel 1449
20270901|0430|0600|1246|1626|1922|2046|30 Rebiulevvel 1449
20270902|0431|0601|1246|1625|1920|2044|1 Rebiulahir 1449
20270903|0433|0602|1245|1624|1919|2042|2 Rebiulahir 1449
20270904|0434|0603|1245|1623|1917|2040|3 Rebiulahir 1449
20270905|0435|0604|1245|1623|1916|2038|4 Rebiulahir 1449
20270906|0436|0605|1244|1622|1914|2037|5 Rebiulahir 1449
20270907|0438|0606|1244|1621|1912|2035|6 Rebiulahir 1449
20270908|0439|0607|1244|1620|1911|2033|7 Rebiulahir 1449
20270909|0440|0608|1243|1618|1909|2031|8 Rebiulahir 1449
20270910|0441|0609|1243|1617|1907|2029|9 Rebiulahir 1449
20270911|0443|0610|1243|1616|1906|2027|10 Rebiulahir 1449
20270912|0444|0611|1242|1615|1904|2025|11 Rebiulahir 1449
20270913|0445|0612|1242|1614|1902|2023|12 Rebiulahir 1449
20270914|0446|0613|1242|1613|1900|2021|13 Rebiulahir 1449
20270915|0447|0614|1241|1612|1859|2020|14 Rebiulahir 1449
20270916|0449|0615|1241|1611|1857|2018|15 Rebiulahir 1449
20270917|0450|0616|1241|1610|1855|2016|16 Rebiulahir 1449
20270918|0451|0617|1240|1609|1854|2014|17 Rebiulahir 1449
20270919|0452|0618|1240|1608|1852|2012|18 Rebiulahir 1449
20270920|0453|0619|1239|1606|1850|2010|19 Rebiulahir 1449
20270921|0454|0620|1239|1605|1849|2008|20 Rebiulahir 1449
20270922|0455|0621|1239|1604|1847|2007|21 Rebiulahir 1449
20270923|0457|0622|1238|1603|1845|2005|22 Rebiulahir 1449
20270924|0458|0623|1238|1602|1843|2003|23 Rebiulahir 1449
20270925|0459|0624|1238|1601|1842|2001|24 Rebiulahir 1449
20270926|0500|0625|1237|1559|1840|1959|25 Rebiulahir 1449
20270927|0501|0626|1237|1558|1838|1958|26 Rebiulahir 1449
20270928|0502|0627|1237|1557|1837|1956|27 Rebiulahir 1449
20270929|0503|0628|1236|1556|1835|1954|28 Rebiulahir 1449
20270930|0504|0629|1236|1555|1833|1952|29 Rebiulahir 1449
20271001|0505|0630|1236|1553|1832|1951|1 Cemaziyelevvel 1449
20271002|0507|0631|1235|1552|1830|1949|2 Cemaziyelevvel 1449
20271003|0508|0632|1235|1551|1828|1947|3 Cemaziyelevvel 1449
20271004|0509|0633|1235|1550|1827|1945|4 Cemaziyelevvel 1449
20271005|0510|0634|1234|1549|1825|1944|5 Cemaziyelevvel 1449
20271006|0511|0635|1234|1547|1823|1942|6 Cemaziyelevvel 1449
20271007|0512|0636|1234|1546|1822|1940|7 Cemaziyelevvel 1449
20271008|0513|0637|1234|1545|1820|1939|8 Cemaziyelevvel 1449
20271009|0514|0638|1233|1544|1819|1937|9 Cemaziyelevvel 1449
20271010|0515|0639|1233|1543|1817|1936|10 Cemaziyelevvel 1449
20271011|0516|0640|1233|1541|1815|1934|11 Cemaziyelevvel 1449
20271012|0517|0641|1232|1540|1814|1932|12 Cemaziyelevvel 1449
20271013|0518|0642|1232|1539|1812|1931|13 Cemaziyelevvel 1449
20271014|0519|0643|1232|1538|1811|1929|14 Cemaziyelevvel 1449
20271015|0520|0644|1232|1537|1809|1928|15 Cemaziyelevvel 1449
20271016|0521|0646|1232|1536|1808|1926|16 Cemaziyelevvel 1449
20271017|0522|0647|1231|1534|1806|1925|17 Cemaziyelevvel 1449
20271018|0523|0648|1231|1533|1804|1924|18 Cemaziyelevvel 1449
20271019|0524|0649|1231|1532|1803|1922|19 Cemaziyelevvel 1449
20271020|0525|0650|1231|1531|1802|1921|20 Cemaziyelevvel 1449
20271021|0527|0651|1231|1530|1800|1919|21 Cemaziyelevvel 1449
20271022|0528|0652|1230|1529|1759|1918|22 Cemaziyelevvel 1449
20271023|0529|0653|1230|1528|1757|1917|23 Cemaziyelevvel 1449
20271024|0530|0654|1230|1526|1756|1915|24 Cemaziyelevvel 1449
20271025|0531|0656|1230|1525|1754|1914|25 Cemaziyelevvel 1449
20271026|0532|0657|1230|1524|1753|1913|26 Cemaziyelevvel 1449
20271027|0533|0658|1230|1523|1752|1911|27 Cemaziyelevvel 1449
20271028|0534|0659|1230|1522|1750|1910|28 Cemaziyelevvel 1449
20271029|0535|0700|1230|1521|1749|1909|29 Cemaziyelevvel 1449
20271030|0536|0701|1229|1520|1748|1908|30 Cemaziyelevvel 1449
20271031|0537|0702|1229|1519|1746|1907|1 Cemaziyelahir 1449
20271101|0538|0704|1229|1518|1745|1906|2 Cemaziyelahir 1449
20271102|0539|0705|1229|1517|1744|1904|3 Cemaziyelahir 1449
20271103|0540|0706|1229|1516|1743|1903|4 Cemaziyelahir 1449
20271104|0541|0707|1229|1515|1742|1902|5 Cemaziyelahir 1449
20271105|0542|0708|1229|1514|1740|1901|6 Cemaziyelahir 1449
20271106|0543|0710|1229|1513|1739|1900|7 Cemaziyelahir 1449
20271107|0544|0711|1229|1513|1738|1859|8 Cemaziyelahir 1449
20271108|0545|0712|1229|1512|1737|1859|9 Cemaziyelahir 1449
20271109|0546|0713|1230|1511|1736|1858|10 Cemaziyelahir 1449
20271110|0547|0714|1230|1510|1735|1857|11 Cemaziyelahir 1449
20271111|0548|0715|1230|1509|1734|1856|12 Cemaziyelahir 1449
20271112|0549|0717|1230|1508|1733|1855|13 Cemaziyelahir 1449
20271113|0550|0718|1230|1508|1732|1854|14 Cemaziyelahir 1449
20271114|0551|0719|1230|1507|1731|1854|15 Cemaziyelahir 1449
20271115|0552|0720|1230|1506|1730|1853|16 Cemaziyelahir 1449
20271116|0553|0721|1230|1506|1730|1852|17 Cemaziyelahir 1449
20271117|0554|0723|1231|1505|1729|1852|18 Cemaziyelahir 1449
20271118|0555|0724|1231|1504|1728|1851|19 Cemaziyelahir 1449
20271119|0556|0725|1231|1504|1727|1850|20 Cemaziyelahir 1449
20271120|0557|0726|1231|1503|1726|1850|21 Cemaziyelahir 1449
20271121|0558|0727|1231|1503|1726|1849|22 Cemaziyelahir 1449
20271122|0559|0728|1232|1502|1725|1849|23 Cemaziyelahir 1449
20271123|0600|0729|1232|1502|1725|1848|24 Cemaziyelahir 1449
20271124|0601|0731|1232|1501|1724|1848|25 Cemaziyelahir 1449
20271125|0602|0732|1233|1501|1723|1848|26 Cemaziyelahir 1449
20271126|0603|0733|1233|1501|1723|1847|27 Cemaziyelahir 1449
20271127|0604|0734|1233|1500|1722|1847|28 Cemaziyelahir 1449
20271128|0605|0735|1233|1500|1722|1847|29 Cemaziyelahir 1449
20271129|0606|0736|1234|1500|1722|1846|1 Recep 1449
20271130|0607|0737|1234|1459|1721|1846|2 Recep 1449
20271201|0608|0738|1235|1459|1721|1846|3 Recep 1449
20271202|0609|0739|1235|1459|1721|1846|4 Recep 1449
20271203|0609|0740|1235|1459|1720|1846|5 Recep 1449
20271204|0610|0741|1236|1459|1720|1846|6 Recep 1449
20271205|0611|0742|1236|1459|1720|1846|7 Recep 1449
20271206|0612|0743|1236|1459|1720|1846|8 Recep 1449
20271207|0613|0744|1237|1459|1720|1846|9 Recep 1449
20271208|0614|0745|1237|1459|1720|1846|10 Recep 1449
20271209|0614|0746|1238|1459|1720|1846|11 Recep 1449
20271210|0615|0747|1238|1459|1720|1846|12 Recep 1449
20271211|0616|0748|1239|1459|1720|1846|13 Recep 1449
20271212|0617|0748|1239|1459|1720|1846|14 Recep 1449
20271213|0617|0749|1240|1459|1720|1846|15 Recep 1449
20271214|0618|0750|1240|1500|1720|1847|16 Recep 1449
20271215|0619|0751|1241|1500|1721|1847|17 Recep 1449
20271216|0619|0751|1241|1500|1721|1847|18 Recep 1449
20271217|0620|0752|1242|1500|1721|1848|19 Recep 1449
20271218|0621|0753|1242|1501|1721|1848|20 Recep 1449
20271219|0621|0753|1242|1501|1722|1848|21 Recep 1449
20271220|0622|0754|1243|1502|1722|1849|22 Recep 1449
20271221|0622|0754|1243|1502|1723|1849|23 Recep 1449
20271222|0623|0755|1244|1503|1723|1850|24 Recep 1449
20271223|0623|0755|1244|1503|1724|1850|25 Recep 1449
20271224|0624|0756|1245|1504|1724|1851|26 Recep 1449
20271225|0624|0756|1245|1504|1725|1851|27 Recep 1449
20271226|0625|0757|1246|1505|1725|1852|28 Recep 1449
20271227|0625|0757|1246|1505|1726|1852|29 Recep 1449
20271228|0625|0757|1247|1506|1727|1853|30 Recep 1449
20271229|0626|0758|1247|1507|1727|1854|1 Şaban 1449
20271230|0626|0758|1248|1507|1728|1854|2 Şaban 1449
20271231|0626|0758|1248|1508|1729|1855|3 Şaban 1449
#@9372|İskilip|CORUM|730
20260101|0628|0759|1250|1511|1732|1858|12 Recep 1447
20260102|0628|0759|1251|1512|1733|1858|13 Recep 1447
20260103|0628|0759|1251|1513|1733|1859|14 Recep 1447
20260104|0628|0759|1252|1513|1734|1900|15 Recep 1447
20260105|0628|0759|1252|1514|1735|1901|16 Recep 1447
20260106|0628|0759|1253|1515|1736|1902|17 Recep 1447
20260107|0628|0759|1253|1516|1737|1903|18 Recep 1447
20260108|0628|0759|1254|1517|1738|1903|19 Recep 1447
20260109|0628|0759|1254|1518|1739|1904|20 Recep 1447
20260110|0628|0759|1254|1519|1740|1905|21 Recep 1447
20260111|0628|0759|1255|1520|1741|1906|22 Recep 1447
20260112|0628|0758|1255|1521|1742|1907|23 Recep 1447
20260113|0628|0758|1256|1521|1743|1908|24 Recep 1447
20260114|0628|0758|1256|1522|1744|1909|25 Recep 1447
20260115|0628|0757|1256|1523|1745|1910|26 Recep 1447
20260116|0627|0757|1257|1524|1747|1911|27 Recep 1447
20260117|0627|0756|1257|1525|1748|1912|28 Recep 1447
20260118|0627|0756|1257|1526|1749|1913|29 Recep 1447
20260119|0626|0755|1258|1527|1750|1914|30 Recep 1447
20260120|0626|0755|1258|1528|1751|1915|1 Şaban 1447
20260121|0625|0754|1258|1529|1752|1916|2 Şaban 1447
20260122|0625|0754|1259|1531|1754|1917|3 Şaban 1447
20260123|0624|0753|1259|1532|1755|1918|4 Şaban 1447
20260124|0624|0752|1259|1533|1756|1919|5 Şaban 1447
20260125|0623|0752|1259|1534|1757|1920|6 Şaban 1447
20260126|0623|0751|1300|1535|1758|1921|7 Şaban 1447
20260127|0622|0750|1300|1536|1800|1922|8 Şaban 1447
20260128|0622|0749|1300|1537|1801|1923|9 Şaban 1447
20260129|0621|0748|1300|1538|1802|1924|10 Şaban 1447
20260130|0620|0747|1300|1539|1803|1925|11 Şaban 1447
20260131|0619|0746|1300|1540|1805|1926|12 Şaban 1447
20260201|0619|0746|1301|1541|1806|1927|13 Şaban 1447
20260202|0618|0745|1301|1542|1807|1928|14 Şaban 1447
20260203|0617|0744|1301|1543|1808|1930|15 Şaban 1447
20260204|0616|0743|1301|1544|1809|1931|16 Şaban 1447
20260205|0615|0741|1301|1545|1811|1932|17 Şaban 1447
20260206|0614|0740|1301|1546|1812|1933|18 Şaban 1447
20260207|0613|0739|1301|1547|1813|1934|19 Şaban 1447
20260208|0612|0738|1301|1548|1814|1935|20 Şaban 1447
20260209|0611|0737|1301|1549|1816|1936|21 Şaban 1447
20260210|0610|0736|1301|1550|1817|1937|22 Şaban 1447
20260211|0609|0735|1301|1551|1818|1938|23 Şaban 1447
20260212|0608|0733|1301|1552|1819|1939|24 Şaban 1447
20260213|0607|0732|1301|1553|1820|1940|25 Şaban 1447
20260214|0606|0731|1301|1554|1822|1942|26 Şaban 1447
20260215|0605|0730|1301|1555|1823|1943|27 Şaban 1447
20260216|0603|0728|1301|1555|1824|1944|28 Şaban 1447
20260217|0602|0727|1301|1556|1825|1945|29 Şaban 1447
20260218|0601|0726|1301|1557|1827|1946|30 Şaban 1447
20260219|0600|0724|1301|1558|1828|1947|1 Ramazan 1447
20260220|0558|0723|1301|1559|1829|1948|2 Ramazan 1447
20260221|0557|0721|1301|1600|1830|1949|3 Ramazan 1447
20260222|0556|0720|1301|1601|1831|1950|4 Ramazan 1447
20260223|0554|0719|1301|1602|1832|1951|5 Ramazan 1447
20260224|0553|0717|1300|1602|1834|1952|6 Ramazan 1447
20260225|0552|0716|1300|1603|1835|1954|7 Ramazan 1447
20260226|0550|0714|1300|1604|1836|1955|8 Ramazan 1447
20260227|0549|0713|1300|1605|1837|1956|9 Ramazan 1447
20260228|0547|0711|1300|1606|1838|1957|10 Ramazan 1447
20260301|0546|0710|1300|1606|1839|1958|11 Ramazan 1447
20260302|0544|0708|1259|1607|1841|1959|12 Ramazan 1447
20260303|0543|0707|1259|1608|1842|2000|13 Ramazan 1447
20260304|0541|0705|1259|1609|1843|2001|14 Ramazan 1447
20260305|0540|0704|1259|1609|1844|2002|15 Ramazan 1447
20260306|0538|0702|1258|1610|1845|2004|16 Ramazan 1447
20260307|0536|0700|1258|1611|1846|2005|17 Ramazan 1447
20260308|0535|0659|1258|1611|1847|2006|18 Ramazan 1447
20260309|0533|0657|1258|1612|1848|2007|19 Ramazan 1447
20260310|0532|0656|1258|1613|1849|2008|20 Ramazan 1447
20260311|0530|0654|1257|1613|1851|2009|21 Ramazan 1447
20260312|0528|0652|1257|1614|1852|2010|22 Ramazan 1447
20260313|0527|0651|1257|1615|1853|2012|23 Ramazan 1447
20260314|0525|0649|1256|1615|1854|2013|24 Ramazan 1447
20260315|0523|0647|1256|1616|1855|2014|25 Ramazan 1447
20260316|0521|0646|1256|1616|1856|2015|26 Ramazan 1447
20260317|0520|0644|1256|1617|1857|2016|27 Ramazan 1447
20260318|0518|0642|1255|1618|1858|2017|28 Ramazan 1447
20260319|0516|0641|1255|1618|1859|2018|29 Ramazan 1447
20260320|0514|0639|1255|1619|1900|2020|1 Şevval 1447
20260321|0513|0638|1254|1619|1901|2021|2 Şevval 1447
20260322|0511|0636|1254|1620|1902|2022|3 Şevval 1447
20260323|0509|0634|1254|1620|1904|2023|4 Şevval 1447
20260324|0507|0633|1254|1621|1905|2024|5 Şevval 1447
20260325|0505|0631|1253|1621|1906|2026|6 Şevval 1447
20260326|0504|0629|1253|1622|1907|2027|7 Şevval 1447
20260327|0502|0628|1253|1622|1908|2028|8 Şevval 1447
20260328|0500|0626|1252|1623|1909|2029|9 Şevval 1447
20260329|0458|0624|1252|1623|1910|2030|10 Şevval 1447
20260330|0456|0623|1252|1624|1911|2032|11 Şevval 1447
20260331|0454|0621|1251|1624|1912|2033|12 Şevval 1447
20260401|0452|0619|1251|1624|1913|2034|13 Şevval 1447
20260402|0451|0618|1251|1625|1914|2035|14 Şevval 1447
20260403|0449|0616|1251|1625|1915|2037|15 Şevval 1447
20260404|0447|0614|1250|1626|1916|2038|16 Şevval 1447
20260405|0445|0613|1250|1626|1917|2039|17 Şevval 1447
20260406|0443|0611|1250|1626|1918|2041|18 Şevval 1447
20260407|0441|0610|1249|1627|1919|2042|19 Şevval 1447
20260408|0439|0608|1249|1627|1920|2043|20 Şevval 1447
20260409|0437|0606|1249|1628|1921|2045|21 Şevval 1447
20260410|0435|0605|1249|1628|1922|2046|22 Şevval 1447
20260411|0433|0603|1248|1628|1923|2047|23 Şevval 1447
20260412|0432|0602|1248|1629|1925|2049|24 Şevval 1447
20260413|0430|0600|1248|1629|1926|2050|25 Şevval 1447
20260414|0428|0558|1248|1629|1927|2051|26 Şevval 1447
20260415|0426|0557|1247|1630|1928|2053|27 Şevval 1447
20260416|0424|0555|1247|1630|1929|2054|28 Şevval 1447
20260417|0422|0554|1247|1630|1930|2055|29 Şevval 1447
20260418|0420|0552|1247|1631|1931|2057|1 Zilkade 1447
20260419|0418|0551|1246|1631|1932|2058|2 Zilkade 1447
20260420|0416|0549|1246|1631|1933|2100|3 Zilkade 1447
20260421|0415|0548|1246|1631|1934|2101|4 Zilkade 1447
20260422|0413|0547|1246|1632|1935|2102|5 Zilkade 1447
20260423|0411|0545|1246|1632|1936|2104|6 Zilkade 1447
20260424|0409|0544|1245|1632|1937|2105|7 Zilkade 1447
20260425|0407|0542|1245|1633|1938|2107|8 Zilkade 1447
20260426|0405|0541|1245|1633|1939|2108|9 Zilkade 1447
20260427|0403|0539|1245|1633|1940|2110|10 Zilkade 1447
20260428|0402|0538|1245|1634|1941|2111|11 Zilkade 1447
20260429|0400|0537|1245|1634|1942|2113|12 Zilkade 1447
20260430|0358|0535|1244|1634|1943|2114|13 Zilkade 1447
20260501|0356|0534|1244|1634|1944|2116|14 Zilkade 1447
20260502|0354|0533|1244|1635|1945|2117|15 Zilkade 1447
20260503|0353|0532|1244|1635|1947|2119|16 Zilkade 1447
20260504|0351|0530|1244|1635|1948|2120|17 Zilkade 1447
20260505|0349|0529|1244|1636|1949|2122|18 Zilkade 1447
20260506|0347|0528|1244|1636|1950|2123|19 Zilkade 1447
20260507|0346|0527|1244|1636|1951|2125|20 Zilkade 1447
20260508|0344|0526|1244|1636|1952|2126|21 Zilkade 1447
20260509|0342|0525|1244|1637|1953|2128|22 Zilkade 1447
20260510|0341|0523|1244|1637|1954|2129|23 Zilkade 1447
20260511|0339|0522|1244|1637|1955|2131|24 Zilkade 1447
20260512|0338|0521|1244|1637|1956|2132|25 Zilkade 1447
20260513|0336|0520|1243|1638|1957|2134|26 Zilkade 1447
20260514|0334|0519|1243|1638|1958|2135|27 Zilkade 1447
20260515|0333|0518|1243|1638|1959|2137|28 Zilkade 1447
20260516|0331|0517|1244|1639|2000|2138|29 Zilkade 1447
20260517|0330|0517|1244|1639|2001|2140|30 Zilkade 1447
20260518|0328|0516|1244|1639|2002|2141|1 Zilhicce 1447
20260519|0327|0515|1244|1639|2002|2142|2 Zilhicce 1447
20260520|0326|0514|1244|1640|2003|2144|3 Zilhicce 1447
20260521|0324|0513|1244|1640|2004|2145|4 Zilhicce 1447
20260522|0323|0512|1244|1640|2005|2147|5 Zilhicce 1447
20260523|0322|0512|1244|1640|2006|2148|6 Zilhicce 1447
20260524|0320|0511|1244|1641|2007|2149|7 Zilhicce 1447
20260525|0319|0510|1244|1641|2008|2151|8 Zilhicce 1447
20260526|0318|0510|1244|1641|2009|2152|9 Zilhicce 1447
20260527|0317|0509|1244|1642|2010|2153|10 Zilhicce 1447
20260528|0316|0508|1244|1642|2010|2155|11 Zilhicce 1447
20260529|0315|0508|1244|1642|2011|2156|12 Zilhicce 1447
20260530|0314|0507|1245|1642|2012|2157|13 Zilhicce 1447
20260531|0313|0507|1245|1643|2013|2158|14 Zilhicce 1447
20260601|0312|0506|1245|1643|2014|2159|15 Zilhicce 1447
20260602|0311|0506|1245|1643|2014|2201|16 Zilhicce 1447
20260603|0310|0505|1245|1644|2015|2202|17 Zilhicce 1447
20260604|0309|0505|1245|1644|2016|2203|18 Zilhicce 1447
20260605|0309|0505|1246|1644|2016|2204|19 Zilhicce 1447
20260606|0308|0504|1246|1644|2017|2205|20 Zilhicce 1447
20260607|0307|0504|1246|1645|2018|2206|21 Zilhicce 1447
20260608|0307|0504|1246|1645|2018|2207|22 Zilhicce 1447
20260609|0306|0504|1246|1645|2019|2207|23 Zilhicce 1447
20260610|0306|0504|1247|1645|2019|2208|24 Zilhicce 1447
20260611|0305|0504|1247|1646|2020|2209|25 Zilhicce 1447
20260612|0305|0503|1247|1646|2020|2210|26 Zilhicce 1447
20260613|0305|0503|1247|1646|2021|2210|27 Zilhicce 1447
20260614|0304|0503|1247|1647|2021|2211|28 Zilhicce 1447
20260615|0304|0503|1248|1647|2022|2212|29 Zilhicce 1447
20260616|0304|0503|1248|1647|2022|2212|1 Muharrem 1448
20260617|0304|0503|1248|1647|2023|2213|2 Muharrem 1448
20260618|0304|0504|1248|1648|2023|2213|3 Muharrem 1448
20260619|0304|0504|1248|1648|2023|2213|4 Muharrem 1448
20260620|0304|0504|1249|1648|2023|2214|5 Muharrem 1448
20260621|0304|0504|1249|1648|2024|2214|6 Muharrem 1448
20260622|0305|0504|1249|1648|2024|2214|7 Muharrem 1448
20260623|0305|0504|1249|1649|2024|2214|8 Muharrem 1448
20260624|0305|0505|1250|1649|2024|2215|9 Muharrem 1448
20260625|0306|0505|1250|1649|2024|2215|10 Muharrem 1448
20260626|0306|0505|1250|1649|2024|2215|11 Muharrem 1448
20260627|0307|0506|1250|1649|2025|2214|12 Muharrem 1448
20260628|0307|0506|1250|1650|2025|2214|13 Muharrem 1448
20260629|0308|0507|1251|1650|2025|2214|14 Muharrem 1448
20260630|0308|0507|1251|1650|2024|2214|15 Muharrem 1448
20260701|0309|0508|1251|1650|2024|2214|16 Muharrem 1448
20260702|0310|0508|1251|1650|2024|2213|17 Muharrem 1448
20260703|0311|0509|1251|1650|2024|2213|18 Muharrem 1448
20260704|0312|0509|1252|1650|2024|2212|19 Muharrem 1448
20260705|0313|0510|1252|1650|2024|2212|20 Muharrem 1448
20260706|0313|0510|1252|1651|2023|2211|21 Muharrem 1448
20260707|0314|0511|1252|1651|2023|2211|22 Muharrem 1448
20260708|0315|0512|1252|1651|2023|2210|23 Muharrem 1448
20260709|0317|0512|1252|1651|2023|2209|24 Muharrem 1448
20260710|0318|0513|1252|1651|2022|2209|25 Muharrem 1448
20260711|0319|0514|1253|1651|2022|2208|26 Muharrem 1448
20260712|0320|0514|1253|1651|2021|2207|27 Muharrem 1448
20260713|0321|0515|1253|1651|2021|2206|28 Muharrem 1448
20260714|0322|0516|1253|1651|2020|2205|29 Muharrem 1448
20260715|0324|0517|1253|1651|2020|2204|1 Safer 1448
20260716|0325|0517|1253|1651|2019|2203|2 Safer 1448
20260717|0326|0518|1253|1651|2018|2202|3 Safer 1448
20260718|0328|0519|1253|1651|2018|2201|4 Safer 1448
20260719|0329|0520|1253|1650|2017|2200|5 Safer 1448
20260720|0330|0521|1254|1650|2016|2159|6 Safer 1448
20260721|0332|0521|1254|1650|2016|2157|7 Safer 1448
20260722|0333|0522|1254|1650|2015|2156|8 Safer 1448
20260723|0334|0523|1254|1650|2014|2155|9 Safer 1448
20260724|0336|0524|1254|1650|2013|2154|10 Safer 1448
20260725|0337|0525|1254|1649|2012|2152|11 Safer 1448
20260726|0339|0526|1254|1649|2012|2151|12 Safer 1448
20260727|0340|0527|1254|1649|2011|2149|13 Safer 1448
20260728|0342|0528|1254|1649|2010|2148|14 Safer 1448
20260729|0343|0529|1254|1648|2009|2147|15 Safer 1448
20260730|0345|0530|1254|1648|2008|2145|16 Safer 1448
20260731|0346|0531|1254|1648|2007|2144|17 Safer 1448
20260801|0348|0531|1254|1647|2006|2142|18 Safer 1448
20260802|0349|0532|1253|1647|2005|2140|19 Safer 1448
20260803|0351|0533|1253|1647|2003|2139|20 Safer 1448
20260804|0352|0534|1253|1646|2002|2137|21 Safer 1448
20260805|0354|0535|1253|1646|2001|2136|22 Safer 1448
20260806|0355|0536|1253|1645|2000|2134|23 Safer 1448
20260807|0357|0537|1253|1645|1959|2132|24 Safer 1448
20260808|0358|0538|1253|1644|1958|2131|25 Safer 1448
20260809|0400|0539|1253|1644|1956|2129|26 Safer 1448
20260810|0401|0540|1253|1643|1955|2127|27 Safer 1448
20260811|0403|0541|1252|1643|1954|2125|28 Safer 1448
20260812|0404|0542|1252|1642|1952|2124|29 Safer 1448
20260813|0406|0543|1252|1642|1951|2122|30 Safer 1448
20260814|0407|0544|1252|1641|1950|2120|1 Rebiulevvel 1448
20260815|0409|0545|1252|1641|1948|2118|2 Rebiulevvel 1448
20260816|0410|0546|1252|1640|1947|2117|3 Rebiulevvel 1448
20260817|0411|0547|1251|1639|1946|2115|4 Rebiulevvel 1448
20260818|0413|0548|1251|1639|1944|2113|5 Rebiulevvel 1448
20260819|0414|0549|1251|1638|1943|2111|6 Rebiulevvel 1448
20260820|0416|0550|1251|1637|1941|2109|7 Rebiulevvel 1448
20260821|0417|0551|1250|1637|1940|2107|8 Rebiulevvel 1448
20260822|0419|0552|1250|1636|1938|2106|9 Rebiulevvel 1448
20260823|0420|0553|1250|1635|1937|2104|10 Rebiulevvel 1448
20260824|0421|0554|1250|1634|1935|2102|11 Rebiulevvel 1448
20260825|0423|0555|1249|1633|1934|2100|12 Rebiulevvel 1448
20260826|0424|0556|1249|1633|1932|2058|13 Rebiulevvel 1448
20260827|0425|0557|1249|1632|1931|2056|14 Rebiulevvel 1448
20260828|0427|0558|1249|1631|1929|2054|15 Rebiulevvel 1448
20260829|0428|0559|1248|1630|1928|2052|16 Rebiulevvel 1448
20260830|0429|0600|1248|1629|1926|2050|17 Rebiulevvel 1448
20260831|0431|0601|1248|1628|1924|2049|18 Rebiulevvel 1448
20260901|0432|0602|1247|1627|1923|2047|19 Rebiulevvel 1448
20260902|0433|0603|1247|1626|1921|2045|20 Rebiulevvel 1448
20260903|0435|0604|1247|1626|1920|2043|21 Rebiulevvel 1448
20260904|0436|0605|1246|1625|1918|2041|22 Rebiulevvel 1448
20260905|0437|0606|1246|1624|1916|2039|23 Rebiulevvel 1448
20260906|0438|0607|1246|1623|1915|2037|24 Rebiulevvel 1448
20260907|0440|0608|1245|1622|1913|2035|25 Rebiulevvel 1448
20260908|0441|0609|1245|1621|1911|2033|26 Rebiulevvel 1448
20260909|0442|0610|1245|1620|1910|2031|27 Rebiulevvel 1448
20260910|0443|0611|1244|1619|1908|2030|28 Rebiulevvel 1448
20260911|0445|0612|1244|1617|1906|2028|29 Rebiulevvel 1448
20260912|0446|0613|1244|1616|1905|2026|1 Rebiulahir 1448
20260913|0447|0613|1243|1615|1903|2024|2 Rebiulahir 1448
20260914|0448|0614|1243|1614|1901|2022|3 Rebiulahir 1448
20260915|0449|0615|1243|1613|1900|2020|4 Rebiulahir 1448
20260916|0450|0616|1242|1612|1858|2018|5 Rebiulahir 1448
20260917|0452|0617|1242|1611|1856|2016|6 Rebiulahir 1448
20260918|0453|0618|1241|1610|1855|2015|7 Rebiulahir 1448
20260919|0454|0619|1241|1609|1853|2013|8 Rebiulahir 1448
20260920|0455|0620|1241|1608|1851|2011|9 Rebiulahir 1448
20260921|0456|0621|1240|1606|1849|2009|10 Rebiulahir 1448
20260922|0457|0622|1240|1605|1848|2007|11 Rebiulahir 1448
20260923|0458|0623|1240|1604|1846|2005|12 Rebiulahir 1448
20260924|0500|0624|1239|1603|1844|2004|13 Rebiulahir 1448
20260925|0501|0625|1239|1602|1843|2002|14 Rebiulahir 1448
20260926|0502|0626|1239|1601|1841|2000|15 Rebiulahir 1448
20260927|0503|0627|1238|1559|1839|1958|16 Rebiulahir 1448
20260928|0504|0628|1238|1558|1838|1957|17 Rebiulahir 1448
20260929|0505|0629|1238|1557|1836|1955|18 Rebiulahir 1448
20260930|0506|0630|1237|1556|1834|1953|19 Rebiulahir 1448
20261001|0507|0631|1237|1555|1833|1951|20 Rebiulahir 1448
20261002|0508|0632|1237|1553|1831|1950|21 Rebiulahir 1448
20261003|0509|0633|1236|1552|1829|1948|22 Rebiulahir 1448
20261004|0510|0634|1236|1551|1828|1946|23 Rebiulahir 1448
20261005|0511|0635|1236|1550|1826|1945|24 Rebiulahir 1448
20261006|0513|0636|1235|1549|1824|1943|25 Rebiulahir 1448
20261007|0514|0637|1235|1547|1823|1941|26 Rebiulahir 1448
20261008|0515|0638|1235|1546|1821|1940|27 Rebiulahir 1448
20261009|0516|0640|1235|1545|1820|1938|28 Rebiulahir 1448
20261010|0517|0641|1234|1544|1818|1937|29 Rebiulahir 1448
20261011|0518|0642|1234|1543|1816|1935|30 Rebiulahir 1448
20261012|0519|0643|1234|1541|1815|1933|1 Cemaziyelevvel 1448
20261013|0520|0644|1233|1540|1813|1932|2 Cemaziyelevvel 1448
20261014|0521|0645|1233|1539|1812|1930|3 Cemaziyelevvel 1448
20261015|0522|0646|1233|1538|1810|1929|4 Cemaziyelevvel 1448
20261016|0523|0647|1233|1537|1809|1927|5 Cemaziyelevvel 1448
20261017|0524|0648|1233|1536|1807|1926|6 Cemaziyelevvel 1448
20261018|0525|0649|1232|1534|1806|1924|7 Cemaziyelevvel 1448
20261019|0526|0650|1232|1533|1804|1923|8 Cemaziyelevvel 1448
20261020|0527|0651|1232|1532|1803|1922|9 Cemaziyelevvel 1448
20261021|0528|0653|1232|1531|1801|1920|10 Cemaziyelevvel 1448
20261022|0529|0654|1232|1530|1800|1919|11 Cemaziyelevvel 1448
20261023|0530|0655|1232|1529|1758|1918|12 Cemaziyelevvel 1448
20261024|0531|0656|1231|1528|1757|1916|13 Cemaziyelevvel 1448
20261025|0532|0657|1231|1527|1756|1915|14 Cemaziyelevvel 1448
20261026|0533|0658|1231|1526|1754|1914|15 Cemaziyelevvel 1448
20261027|0534|0659|1231|1524|1753|1913|16 Cemaziyelevvel 1448
20261028|0535|0700|1231|1523|1752|1911|17 Cemaziyelevvel 1448
20261029|0536|0702|1231|1522|1750|1910|18 Cemaziyelevvel 1448
20261030|0537|0703|1231|1521|1749|1909|19 Cemaziyelevvel 1448
20261031|0538|0704|1231|1520|1748|1908|20 Cemaziyelevvel 1448
20261101|0539|0705|1231|1519|1746|1907|21 Cemaziyelevvel 1448
20261102|0541|0706|1231|1518|1745|1906|22 Cemaziyelevvel 1448
20261103|0542|0707|1231|1518|1744|1905|23 Cemaziyelevvel 1448
20261104|0543|0709|1231|1517|1743|1904|24 Cemaziyelevvel 1448
20261105|0544|0710|1231|1516|1742|1903|25 Cemaziyelevvel 1448
20261106|0545|0711|1231|1515|1741|1902|26 Cemaziyelevvel 1448
20261107|0546|0712|1231|1514|1740|1901|27 Cemaziyelevvel 1448
20261108|0547|0713|1231|1513|1738|1900|28 Cemaziyelevvel 1448
20261109|0548|0714|1231|1512|1737|1859|29 Cemaziyelevvel 1448
20261110|0549|0716|1231|1511|1736|1858|1 Cemaziyelahir 1448
20261111|0550|0717|1231|1511|1735|1857|2 Cemaziyelahir 1448
20261112|0551|0718|1231|1510|1734|1856|3 Cemaziyelahir 1448
20261113|0552|0719|1231|1509|1734|1856|4 Cemaziyelahir 1448
20261114|0553|0720|1231|1508|1733|1855|5 Cemaziyelahir 1448
20261115|0554|0722|1232|1508|1732|1854|6 Cemaziyelahir 1448
20261116|0555|0723|1232|1507|1731|1853|7 Cemaziyelahir 1448
20261117|0556|0724|1232|1507|1730|1853|8 Cemaziyelahir 1448
20261118|0557|0725|1232|1506|1729|1852|9 Cemaziyelahir 1448
20261119|0558|0726|1232|1505|1729|1852|10 Cemaziyelahir 1448
20261120|0559|0727|1233|1505|1728|1851|11 Cemaziyelahir 1448
20261121|0600|0728|1233|1504|1727|1851|12 Cemaziyelahir 1448
20261122|0601|0730|1233|1504|1727|1850|13 Cemaziyelahir 1448
20261123|0602|0731|1233|1503|1726|1850|14 Cemaziyelahir 1448
20261124|0603|0732|1234|1503|1725|1849|15 Cemaziyelahir 1448
20261125|0604|0733|1234|1503|1725|1849|16 Cemaziyelahir 1448
20261126|0605|0734|1234|1502|1724|1849|17 Cemaziyelahir 1448
20261127|0605|0735|1235|1502|1724|1848|18 Cemaziyelahir 1448
20261128|0606|0736|1235|1502|1724|1848|19 Cemaziyelahir 1448
20261129|0607|0737|1235|1501|1723|1848|20 Cemaziyelahir 1448
20261130|0608|0738|1236|1501|1723|1848|21 Cemaziyelahir 1448
20261201|0609|0739|1236|1501|1723|1847|22 Cemaziyelahir 1448
20261202|0610|0740|1236|1501|1722|1847|23 Cemaziyelahir 1448
20261203|0611|0741|1237|1501|1722|1847|24 Cemaziyelahir 1448
20261204|0612|0742|1237|1501|1722|1847|25 Cemaziyelahir 1448
20261205|0613|0743|1238|1500|1722|1847|26 Cemaziyelahir 1448
20261206|0613|0744|1238|1500|1722|1847|27 Cemaziyelahir 1448
20261207|0614|0745|1238|1500|1722|1847|28 Cemaziyelahir 1448
20261208|0615|0746|1239|1500|1721|1847|29 Cemaziyelahir 1448
20261209|0616|0747|1239|1501|1721|1847|30 Cemaziyelahir 1448
20261210|0617|0748|1240|1501|1722|1847|1 Recep 1448
20261211|0617|0749|1240|1501|1722|1848|2 Recep 1448
20261212|0618|0750|1241|1501|1722|1848|3 Recep 1448
20261213|0619|0750|1241|1501|1722|1848|4 Recep 1448
20261214|0619|0751|1242|1501|1722|1848|5 Recep 1448
20261215|0620|0752|1242|1502|1722|1848|6 Recep 1448
20261216|0621|0752|1242|1502|1723|1849|7 Recep 1448
20261217|0621|0753|1243|1502|1723|1849|8 Recep 1448
20261218|0622|0754|1243|1503|1723|1850|9 Recep 1448
20261219|0623|0754|1244|1503|1724|1850|10 Recep 1448
20261220|0623|0755|1244|1503|1724|1850|11 Recep 1448
20261221|0624|0755|1245|1504|1724|1851|12 Recep 1448
20261222|0624|0756|1245|1504|1725|1851|13 Recep 1448
20261223|0625|0756|1246|1505|1725|1852|14 Recep 1448
20261224|0625|0757|1246|1505|1726|1852|15 Recep 1448
20261225|0626|0757|1247|1506|1727|1853|16 Recep 1448
20261226|0626|0758|1247|1507|1727|1854|17 Recep 1448
20261227|0626|0758|1248|1507|1728|1854|18 Recep 1448
20261228|0627|0758|1248|1508|1729|1855|19 Recep 1448
20261229|0627|0759|1249|1509|1729|1855|20 Recep 1448
20261230|0627|0759|1249|1509|1730|1856|21 Recep 1448
20261231|0627|0759|1250|1510|1731|1857|22 Recep 1448
20270101|0628|0759|1250|1511|1732|1858|23 Recep 1448
20270102|0628|0759|1251|1512|1732|1858|24 Recep 1448
20270103|0628|0759|1251|1512|1733|1859|25 Recep 1448
20270104|0628|0759|1252|1513|1734|1900|26 Recep 1448
20270105|0628|0759|1252|1514|1735|1901|27 Recep 1448
20270106|0628|0759|1253|1515|1736|1901|28 Recep 1448
20270107|0628|0759|1253|1516|1737|1902|29 Recep 1448
20270108|0628|0759|1254|1517|1738|1903|30 Recep 1448
20270109|0628|0759|1254|1517|1739|1904|1 Şaban 1448
20270110|0628|0759|1254|1518|1740|1905|2 Şaban 1448
20270111|0628|0759|1255|1519|1741|1906|3 Şaban 1448
20270112|0628|0758|1255|1520|1742|1907|4 Şaban 1448
20270113|0628|0758|1256|1521|1743|1908|5 Şaban 1448
20270114|0628|0758|1256|1522|1744|1909|6 Şaban 1448
20270115|0628|0757|1256|1523|1745|1910|7 Şaban 1448
20270116|0627|0757|1257|1524|1746|1911|8 Şaban 1448
20270117|0627|0757|1257|1525|1747|1912|9 Şaban 1448
20270118|0627|0756|1257|1526|1749|1913|10 Şaban 1448
20270119|0626|0756|1258|1527|1750|1914|11 Şaban 1448
20270120|0626|0755|1258|1528|1751|1915|12 Şaban 1448
20270121|0626|0754|1258|1529|1752|1916|13 Şaban 1448
20270122|0625|0754|1258|1530|1753|1917|14 Şaban 1448
20270123|0625|0753|1259|1531|1754|1918|15 Şaban 1448
20270124|0624|0752|1259|1532|1756|1919|16 Şaban 1448
20270125|0624|0752|1259|1533|1757|1920|17 Şaban 1448
20270126|0623|0751|1259|1534|1758|1921|18 Şaban 1448
20270127|0622|0750|1300|1535|1759|1922|19 Şaban 1448
20270128|0622|0749|1300|1536|1801|1923|20 Şaban 1448
20270129|0621|0748|1300|1537|1802|1924|21 Şaban 1448
20270130|0620|0748|1300|1539|1803|1925|22 Şaban 1448
20270131|0620|0747|1300|1540|1804|1926|23 Şaban 1448
20270201|0619|0746|1301|1541|1805|1927|24 Şaban 1448
20270202|0618|0745|1301|1542|1807|1928|25 Şaban 1448
20270203|0617|0744|1301|1543|1808|1929|26 Şaban 1448
20270204|0616|0743|1301|1544|1809|1930|27 Şaban 1448
20270205|0615|0742|1301|1545|1810|1931|28 Şaban 1448
20270206|0614|0741|1301|1546|1812|1933|29 Şaban 1448
20270207|0614|0740|1301|1547|1813|1934|30 Şaban 1448
20270208|0613|0738|1301|1548|1814|1935|1 Ramazan 1448
20270209|0612|0737|1301|1549|1815|1936|2 Ramazan 1448
20270210|0611|0736|1301|1550|1817|1937|3 Ramazan 1448
20270211|0609|0735|1301|1551|1818|1938|4 Ramazan 1448
20270212|0608|0734|1301|1552|1819|1939|5 Ramazan 1448
20270213|0607|0732|1301|1552|1820|1940|6 Ramazan 1448
20270214|0606|0731|1301|1553|1821|1941|7 Ramazan 1448
20270215|0605|0730|1301|1554|1823|1942|8 Ramazan 1448
20270216|0604|0729|1301|1555|1824|1943|9 Ramazan 1448
20270217|0603|0727|1301|1556|1825|1945|10 Ramazan 1448
20270218|0601|0726|1301|1557|1826|1946|11 Ramazan 1448
20270219|0600|0725|1301|1558|1827|1947|12 Ramazan 1448
20270220|0559|0723|1301|1559|1829|1948|13 Ramazan 1448
20270221|0557|0722|1301|1600|1830|1949|14 Ramazan 1448
20270222|0556|0720|1301|1601|1831|1950|15 Ramazan 1448
20270223|0555|0719|1301|1601|1832|1951|16 Ramazan 1448
20270224|0553|0718|1300|1602|1833|1952|17 Ramazan 1448
20270225|0552|0716|1300|1603|1835|1953|18 Ramazan 1448
20270226|0551|0715|1300|1604|1836|1954|19 Ramazan 1448
20270227|0549|0713|1300|1605|1837|1956|20 Ramazan 1448
20270228|0548|0712|1300|1605|1838|1957|21 Ramazan 1448
20270301|0546|0710|1300|1606|1839|1958|22 Ramazan 1448
20270302|0545|0709|1259|1607|1840|1959|23 Ramazan 1448
20270303|0543|0707|1259|1608|1841|2000|24 Ramazan 1448
20270304|0542|0705|1259|1608|1843|2001|25 Ramazan 1448
20270305|0540|0704|1259|1609|1844|2002|26 Ramazan 1448
20270306|0538|0702|1259|1610|1845|2003|27 Ramazan 1448
20270307|0537|0701|1258|1611|1846|2004|28 Ramazan 1448
20270308|0535|0659|1258|1611|1847|2006|29 Ramazan 1448
20270309|0534|0658|1258|1612|1848|2007|1 Şevval 1448
20270310|0532|0656|1258|1613|1849|2008|2 Şevval 1448
20270311|0530|0654|1257|1613|1850|2009|3 Şevval 1448
20270312|0529|0653|1257|1614|1851|2010|4 Şevval 1448
20270313|0527|0651|1257|1614|1853|2011|5 Şevval 1448
20270314|0525|0649|1257|1615|1854|2012|6 Şevval 1448
20270315|0524|0648|1256|1616|1855|2014|7 Şevval 1448
20270316|0522|0646|1256|1616|1856|2015|8 Şevval 1448
20270317|0520|0645|1256|1617|1857|2016|9 Şevval 1448
20270318|0518|0643|1255|1617|1858|2017|10 Şevval 1448
20270319|0517|0641|1255|1618|1859|2018|11 Şevval 1448
20270320|0515|0640|1255|1619|1900|2019|12 Şevval 1448
20270321|0513|0638|1255|1619|1901|2021|13 Şevval 1448
20270322|0511|0636|1254|1620|1902|2022|14 Şevval 1448
20270323|0509|0635|1254|1620|1903|2023|15 Şevval 1448
20270324|0508|0633|1254|1621|1904|2024|16 Şevval 1448
20270325|0506|0631|1253|1621|1905|2025|17 Şevval 1448
20270326|0504|0630|1253|1622|1906|2027|18 Şevval 1448
20270327|0502|0628|1253|1622|1907|2028|19 Şevval 1448
20270328|0500|0626|1252|1623|1909|2029|20 Şevval 1448
20270329|0458|0625|1252|1623|1910|2030|21 Şevval 1448
20270330|0457|0623|1252|1623|1911|2031|22 Şevval 1448
20270331|0455|0621|1252|1624|1912|2033|23 Şevval 1448
20270401|0453|0620|1251|1624|1913|2034|24 Şevval 1448
20270402|0451|0618|1251|1625|1914|2035|25 Şevval 1448
20270403|0449|0616|1251|1625|1915|2036|26 Şevval 1448
20270404|0447|0615|1250|1626|1916|2038|27 Şevval 1448
20270405|0445|0613|1250|1626|1917|2039|28 Şevval 1448
20270406|0443|0612|1250|1626|1918|2040|29 Şevval 1448
20270407|0442|0610|1249|1627|1919|2042|30 Şevval 1448
20270408|0440|0608|1249|1627|1920|2043|1 Zilkade 1448
20270409|0438|0607|1249|1627|1921|2044|2 Zilkade 1448
20270410|0436|0605|1249|1628|1922|2046|3 Zilkade 1448
20270411|0434|0604|1248|1628|1923|2047|4 Zilkade 1448
20270412|0432|0602|1248|1628|1924|2048|5 Zilkade 1448
20270413|0430|0600|1248|1629|1925|2050|6 Zilkade 1448
20270414|0428|0559|1248|1629|1926|2051|7 Zilkade 1448
20270415|0426|0557|1247|1630|1927|2052|8 Zilkade 1448
20270416|0424|0556|1247|1630|1928|2054|9 Zilkade 1448
20270417|0423|0554|1247|1630|1930|2055|10 Zilkade 1448
20270418|0421|0553|1247|1630|1931|2056|11 Zilkade 1448
20270419|0419|0551|1246|1631|1932|2058|12 Zilkade 1448
20270420|0417|0550|1246|1631|1933|2059|13 Zilkade 1448
20270421|0415|0548|1246|1631|1934|2101|14 Zilkade 1448
20270422|0413|0547|1246|1632|1935|2102|15 Zilkade 1448
20270423|0411|0545|1246|1632|1936|2104|16 Zilkade 1448
20270424|0409|0544|1245|1632|1937|2105|17 Zilkade 1448
20270425|0408|0543|1245|1633|1938|2106|18 Zilkade 1448
20270426|0406|0541|1245|1633|1939|2108|19 Zilkade 1448
20270427|0404|0540|1245|1633|1940|2109|20 Zilkade 1448
20270428|0402|0538|1245|1633|1941|2111|21 Zilkade 1448
20270429|0400|0537|1245|1634|1942|2112|22 Zilkade 1448
20270430|0358|0536|1244|1634|1943|2114|23 Zilkade 1448
20270501|0357|0535|1244|1634|1944|2115|24 Zilkade 1448
20270502|0355|0533|1244|1635|1945|2117|25 Zilkade 1448
20270503|0353|0532|1244|1635|1946|2118|26 Zilkade 1448
20270504|0351|0531|1244|1635|1947|2120|27 Zilkade 1448
20270505|0350|0530|1244|1635|1948|2121|28 Zilkade 1448
20270506|0348|0528|1244|1636|1949|2123|29 Zilkade 1448
20270507|0346|0527|1244|1636|1950|2124|1 Zilhicce 1448
20270508|0344|0526|1244|1636|1951|2126|2 Zilhicce 1448
20270509|0343|0525|1244|1637|1952|2127|3 Zilhicce 1448
20270510|0341|0524|1244|1637|1953|2129|4 Zilhicce 1448
20270511|0340|0523|1244|1637|1954|2130|5 Zilhicce 1448
20270512|0338|0522|1244|1637|1955|2132|6 Zilhicce 1448
20270513|0336|0521|1243|1638|1956|2133|7 Zilhicce 1448
20270514|0335|0520|1243|1638|1957|2135|8 Zilhicce 1448
20270515|0333|0519|1243|1638|1958|2136|9 Zilhicce 1448
20270516|0332|0518|1244|1638|1959|2138|10 Zilhicce 1448
20270517|0330|0517|1244|1639|2000|2139|11 Zilhicce 1448
20270518|0329|0516|1244|1639|2001|2141|12 Zilhicce 1448
20270519|0327|0515|1244|1639|2002|2142|13 Zilhicce 1448
20270520|0326|0514|1244|1640|2003|2143|14 Zilhicce 1448
20270521|0325|0513|1244|1640|2004|2145|15 Zilhicce 1448
20270522|0323|0513|1244|1640|2005|2146|16 Zilhicce 1448
20270523|0322|0512|1244|1640|2006|2148|17 Zilhicce 1448
20270524|0321|0511|1244|1641|2007|2149|18 Zilhicce 1448
20270525|0320|0510|1244|1641|2008|2150|19 Zilhicce 1448
20270526|0318|0510|1244|1641|2009|2152|20 Zilhicce 1448
20270527|0317|0509|1244|1642|2009|2153|21 Zilhicce 1448
20270528|0316|0508|1244|1642|2010|2154|22 Zilhicce 1448
20270529|0315|0508|1244|1642|2011|2156|23 Zilhicce 1448
20270530|0314|0507|1245|1642|2012|2157|24 Zilhicce 1448
20270531|0313|0507|1245|1643|2013|2158|25 Zilhicce 1448
20270601|0312|0506|1245|1643|2013|2159|26 Zilhicce 1448
20270602|0311|0506|1245|1643|2014|2200|27 Zilhicce 1448
20270603|0310|0506|1245|1643|2015|2201|28 Zilhicce 1448
20270604|0310|0505|1245|1644|2016|2202|29 Zilhicce 1448
20270605|0309|0505|1246|1644|2016|2203|30 Zilhicce 1448
20270606|0308|0505|1246|1644|2017|2204|1 Muharrem 1449
20270607|0307|0504|1246|1645|2018|2205|2 Muharrem 1449
20270608|0307|0504|1246|1645|2018|2206|3 Muharrem 1449
20270609|0306|0504|1246|1645|2019|2207|4 Muharrem 1449
20270610|0306|0504|1246|1645|2019|2208|5 Muharrem 1449
20270611|0305|0504|1247|1646|2020|2209|6 Muharrem 1449
20270612|0305|0503|1247|1646|2020|2210|7 Muharrem 1449
20270613|0305|0503|1247|1646|2021|2210|8 Muharrem 1449
20270614|0305|0503|1247|1646|2021|2211|9 Muharrem 1449
20270615|0304|0503|1248|1647|2022|2212|10 Muharrem 1449
20270616|0304|0503|1248|1647|2022|2212|11 Muharrem 1449
20270617|0304|0503|1248|1647|2022|2213|12 Muharrem 1449
20270618|0304|0504|1248|1647|2023|2213|13 Muharrem 1449
20270619|0304|0504|1248|1648|2023|2213|14 Muharrem 1449
20270620|0304|0504|1249|1648|2023|2214|15 Muharrem 1449
20270621|0304|0504|1249|1648|2024|2214|16 Muharrem 1449
20270622|0305|0504|1249|1648|2024|2214|17 Muharrem 1449
20270623|0305|0504|1249|1649|2024|2214|18 Muharrem 1449
20270624|0305|0505|1249|1649|2024|2214|19 Muharrem 1449
20270625|0306|0505|1250|1649|2024|2215|20 Muharrem 1449
20270626|0306|0505|1250|1649|2024|2215|21 Muharrem 1449
20270627|0307|0506|1250|1649|2025|2214|22 Muharrem 1449
20270628|0307|0506|1250|1650|2025|2214|23 Muharrem 1449
20270629|0308|0507|1251|1650|2025|2214|24 Muharrem 1449
20270630|0308|0507|1251|1650|2024|2214|25 Muharrem 1449
20270701|0309|0507|1251|1650|2024|2214|26 Muharrem 1449
20270702|0310|0508|1251|1650|2024|2213|27 Muharrem 1449
20270703|0311|0508|1251|1650|2024|2213|28 Muharrem 1449
20270704|0311|0509|1251|1650|2024|2213|29 Muharrem 1449
20270705|0312|0510|1252|1650|2024|2212|1 Safer 1449
20270706|0313|0510|1252|1651|2024|2212|2 Safer 1449
20270707|0314|0511|1252|1651|2023|2211|3 Safer 1449
20270708|0315|0511|1252|1651|2023|2210|4 Safer 1449
20270709|0316|0512|1252|1651|2023|2210|5 Safer 1449
20270710|0317|0513|1252|1651|2022|2209|6 Safer 1449
20270711|0319|0513|1253|1651|2022|2208|7 Safer 1449
20270712|0320|0514|1253|1651|2021|2207|8 Safer 1449
20270713|0321|0515|1253|1651|2021|2206|9 Safer 1449
20270714|0322|0516|1253|1651|2020|2205|10 Safer 1449
20270715|0323|0516|1253|1651|2020|2204|11 Safer 1449
20270716|0325|0517|1253|1651|2019|2203|12 Safer 1449
20270717|0326|0518|1253|1651|2019|2202|13 Safer 1449
20270718|0327|0519|1253|1651|2018|2201|14 Safer 1449
20270719|0329|0520|1253|1650|2017|2200|15 Safer 1449
20270720|0330|0520|1253|1650|2017|2159|16 Safer 1449
20270721|0331|0521|1254|1650|2016|2158|17 Safer 1449
20270722|0333|0522|1254|1650|2015|2157|18 Safer 1449
20270723|0334|0523|1254|1650|2014|2155|19 Safer 1449
20270724|0336|0524|1254|1650|2013|2154|20 Safer 1449
20270725|0337|0525|1254|1649|2013|2153|21 Safer 1449
20270726|0338|0526|1254|1649|2012|2151|22 Safer 1449
20270727|0340|0527|1254|1649|2011|2150|23 Safer 1449
20270728|0341|0528|1254|1649|2010|2148|24 Safer 1449
20270729|0343|0528|1254|1648|2009|2147|25 Safer 1449
20270730|0344|0529|1254|1648|2008|2145|26 Safer 1449
20270731|0346|0530|1254|1648|2007|2144|27 Safer 1449
20270801|0347|0531|1254|1648|2006|2142|28 Safer 1449
20270802|0349|0532|1253|1647|2005|2141|29 Safer 1449
20270803|0350|0533|1253|1647|2004|2139|1 Rebiulevvel 1449
20270804|0352|0534|1253|1646|2003|2138|2 Rebiulevvel 1449
20270805|0353|0535|1253|1646|2001|2136|3 Rebiulevvel 1449
20270806|0355|0536|1253|1646|2000|2134|4 Rebiulevvel 1449
20270807|0356|0537|1253|1645|1959|2133|5 Rebiulevvel 1449
20270808|0358|0538|1253|1645|1958|2131|6 Rebiulevvel 1449
20270809|0359|0539|1253|1644|1957|2129|7 Rebiulevvel 1449
20270810|0401|0540|1253|1644|1955|2128|8 Rebiulevvel 1449
20270811|0402|0541|1252|1643|1954|2126|9 Rebiulevvel 1449
20270812|0404|0542|1252|1643|1953|2124|10 Rebiulevvel 1449
20270813|0405|0543|1252|1642|1951|2122|11 Rebiulevvel 1449
20270814|0407|0544|1252|1641|1950|2121|12 Rebiulevvel 1449
20270815|0408|0545|1252|1641|1949|2119|13 Rebiulevvel 1449
20270816|0410|0546|1252|1640|1947|2117|14 Rebiulevvel 1449
20270817|0411|0547|1251|1639|1946|2115|15 Rebiulevvel 1449
20270818|0413|0548|1251|1639|1945|2113|16 Rebiulevvel 1449
20270819|0414|0549|1251|1638|1943|2111|17 Rebiulevvel 1449
20270820|0415|0550|1251|1637|1942|2110|18 Rebiulevvel 1449
20270821|0417|0551|1250|1637|1940|2108|19 Rebiulevvel 1449
20270822|0418|0552|1250|1636|1939|2106|20 Rebiulevvel 1449
20270823|0420|0553|1250|1635|1937|2104|21 Rebiulevvel 1449
20270824|0421|0554|1250|1634|1936|2102|22 Rebiulevvel 1449
20270825|0422|0555|1249|1634|1934|2100|23 Rebiulevvel 1449
20270826|0424|0556|1249|1633|1933|2058|24 Rebiulevvel 1449
20270827|0425|0557|1249|1632|1931|2057|25 Rebiulevvel 1449
20270828|0426|0558|1249|1631|1930|2055|26 Rebiulevvel 1449
20270829|0428|0559|1248|1630|1928|2053|27 Rebiulevvel 1449
20270830|0429|0600|1248|1629|1926|2051|28 Rebiulevvel 1449
20270831|0430|0601|1248|1629|1925|2049|29 Rebiulevvel 1449
20270901|0432|0602|1247|1628|1923|2047|30 Rebiulevvel 1449
20270902|0433|0603|1247|1627|1922|2045|1 Rebiulahir 1449
20270903|0434|0604|1247|1626|1920|2043|2 Rebiulahir 1449
20270904|0436|0604|1246|1625|1918|2041|3 Rebiulahir 1449
20270905|0437|0605|1246|1624|1917|2040|4 Rebiulahir 1449
20270906|0438|0606|1246|1623|1915|2038|5 Rebiulahir 1449
20270907|0439|0607|1245|1622|1913|2036|6 Rebiulahir 1449
20270908|0441|0608|1245|1621|1912|2034|7 Rebiulahir 1449
20270909|0442|0609|1245|1620|1910|2032|8 Rebiulahir 1449
20270910|0443|0610|1244|1619|1908|2030|9 Rebiulahir 1449
20270911|0444|0611|1244|1618|1907|2028|10 Rebiulahir 1449
20270912|0445|0612|1244|1617|1905|2026|11 Rebiulahir 1449
20270913|0447|0613|1243|1616|1903|2024|12 Rebiulahir 1449
20270914|0448|0614|1243|1615|1902|2022|13 Rebiulahir 1449
20270915|0449|0615|1243|1613|1900|2021|14 Rebiulahir 1449
20270916|0450|0616|1242|1612|1858|2019|15 Rebiulahir 1449
20270917|0451|0617|1242|1611|1857|2017|16 Rebiulahir 1449
20270918|0452|0618|1242|1610|1855|2015|17 Rebiulahir 1449
20270919|0454|0619|1241|1609|1853|2013|18 Rebiulahir 1449
20270920|0455|0620|1241|1608|1852|2011|19 Rebiulahir 1449
20270921|0456|0621|1240|1607|1850|2010|20 Rebiulahir 1449
20270922|0457|0622|1240|1606|1848|2008|21 Rebiulahir 1449
20270923|0458|0623|1240|1604|1846|2006|22 Rebiulahir 1449
20270924|0459|0624|1239|1603|1845|2004|23 Rebiulahir 1449
20270925|0500|0625|1239|1602|1843|2002|24 Rebiulahir 1449
20270926|0501|0626|1239|1601|1841|2001|25 Rebiulahir 1449
20270927|0503|0627|1238|1600|1840|1959|26 Rebiulahir 1449
20270928|0504|0628|1238|1558|1838|1957|27 Rebiulahir 1449
20270929|0505|0629|1238|1557|1836|1955|28 Rebiulahir 1449
20270930|0506|0630|1237|1556|1835|1954|29 Rebiulahir 1449
20271001|0507|0631|1237|1555|1833|1952|1 Cemaziyelevvel 1449
20271002|0508|0632|1237|1554|1831|1950|2 Cemaziyelevvel 1449
20271003|0509|0633|1236|1553|1830|1948|3 Cemaziyelevvel 1449
20271004|0510|0634|1236|1551|1828|1947|4 Cemaziyelevvel 1449
20271005|0511|0635|1236|1550|1826|1945|5 Cemaziyelevvel 1449
20271006|0512|0636|1235|1549|1825|1943|6 Cemaziyelevvel 1449
20271007|0513|0637|1235|1548|1823|1942|7 Cemaziyelevvel 1449
20271008|0514|0638|1235|1547|1822|1940|8 Cemaziyelevvel 1449
20271009|0515|0639|1235|1545|1820|1939|9 Cemaziyelevvel 1449
20271010|0516|0640|1234|1544|1818|1937|10 Cemaziyelevvel 1449
20271011|0518|0641|1234|1543|1817|1935|11 Cemaziyelevvel 1449
20271012|0519|0642|1234|1542|1815|1934|12 Cemaziyelevvel 1449
20271013|0520|0644|1234|1541|1814|1932|13 Cemaziyelevvel 1449
20271014|0521|0645|1233|1539|1812|1931|14 Cemaziyelevvel 1449
20271015|0522|0646|1233|1538|1811|1929|15 Cemaziyelevvel 1449
20271016|0523|0647|1233|1537|1809|1928|16 Cemaziyelevvel 1449
20271017|0524|0648|1233|1536|1807|1926|17 Cemaziyelevvel 1449
20271018|0525|0649|1232|1535|1806|1925|18 Cemaziyelevvel 1449
20271019|0526|0650|1232|1534|1804|1923|19 Cemaziyelevvel 1449
20271020|0527|0651|1232|1532|1803|1922|20 Cemaziyelevvel 1449
20271021|0528|0652|1232|1531|1802|1921|21 Cemaziyelevvel 1449
20271022|0529|0653|1232|1530|1800|1919|22 Cemaziyelevvel 1449
20271023|0530|0654|1232|1529|1759|1918|23 Cemaziyelevvel 1449
20271024|0531|0656|1231|1528|1757|1917|24 Cemaziyelevvel 1449
20271025|0532|0657|1231|1527|1756|1915|25 Cemaziyelevvel 1449
20271026|0533|0658|1231|1526|1755|1914|26 Cemaziyelevvel 1449
20271027|0534|0659|1231|1525|1753|1913|27 Cemaziyelevvel 1449
20271028|0535|0700|1231|1524|1752|1912|28 Cemaziyelevvel 1449
20271029|0536|0701|1231|1523|1751|1910|29 Cemaziyelevvel 1449
20271030|0537|0702|1231|1522|1749|1909|30 Cemaziyelevvel 1449
20271031|0538|0704|1231|1521|1748|1908|1 Cemaziyelahir 1449
20271101|0539|0705|1231|1520|1747|1907|2 Cemaziyelahir 1449
20271102|0540|0706|1231|1519|1746|1906|3 Cemaziyelahir 1449
20271103|0541|0707|1231|1518|1744|1905|4 Cemaziyelahir 1449
20271104|0542|0708|1231|1517|1743|1904|5 Cemaziyelahir 1449
20271105|0543|0709|1231|1516|1742|1903|6 Cemaziyelahir 1449
20271106|0544|0711|1231|1515|1741|1902|7 Cemaziyelahir 1449
20271107|0545|0712|1231|1514|1740|1901|8 Cemaziyelahir 1449
20271108|0546|0713|1231|1513|1739|1900|9 Cemaziyelahir 1449
20271109|0547|0714|1231|1512|1738|1859|10 Cemaziyelahir 1449
20271110|0548|0715|1231|1512|1737|1858|11 Cemaziyelahir 1449
20271111|0549|0717|1231|1511|1736|1857|12 Cemaziyelahir 1449
20271112|0551|0718|1231|1510|1735|1857|13 Cemaziyelahir 1449
20271113|0552|0719|1231|1509|1734|1856|14 Cemaziyelahir 1449
20271114|0553|0720|1231|1509|1733|1855|15 Cemaziyelahir 1449
20271115|0554|0721|1232|1508|1732|1854|16 Cemaziyelahir 1449
20271116|0555|0722|1232|1507|1731|1854|17 Cemaziyelahir 1449
20271117|0556|0724|1232|1507|1730|1853|18 Cemaziyelahir 1449
20271118|0557|0725|1232|1506|1730|1852|19 Cemaziyelahir 1449
20271119|0558|0726|1232|1506|1729|1852|20 Cemaziyelahir 1449
20271120|0559|0727|1233|1505|1728|1851|21 Cemaziyelahir 1449
20271121|0559|0728|1233|1504|1727|1851|22 Cemaziyelahir 1449
20271122|0600|0729|1233|1504|1727|1850|23 Cemaziyelahir 1449
20271123|0601|0730|1233|1503|1726|1850|24 Cemaziyelahir 1449
20271124|0602|0732|1234|1503|1726|1849|25 Cemaziyelahir 1449
20271125|0603|0733|1234|1503|1725|1849|26 Cemaziyelahir 1449
20271126|0604|0734|1234|1502|1725|1849|27 Cemaziyelahir 1449
20271127|0605|0735|1234|1502|1724|1848|28 Cemaziyelahir 1449
20271128|0606|0736|1235|1502|1724|1848|29 Cemaziyelahir 1449
20271129|0607|0737|1235|1501|1723|1848|1 Recep 1449
20271130|0608|0738|1236|1501|1723|1848|2 Recep 1449
20271201|0609|0739|1236|1501|1723|1847|3 Recep 1449
20271202|0610|0740|1236|1501|1722|1847|4 Recep 1449
20271203|0611|0741|1237|1501|1722|1847|5 Recep 1449
20271204|0612|0742|1237|1501|1722|1847|6 Recep 1449
20271205|0612|0743|1237|1500|1722|1847|7 Recep 1449
20271206|0613|0744|1238|1500|1722|1847|8 Recep 1449
20271207|0614|0745|1238|1500|1722|1847|9 Recep 1449
20271208|0615|0746|1239|1500|1721|1847|10 Recep 1449
20271209|0616|0747|1239|1501|1721|1847|11 Recep 1449
20271210|0616|0748|1240|1501|1722|1847|12 Recep 1449
20271211|0617|0748|1240|1501|1722|1847|13 Recep 1449
20271212|0618|0749|1240|1501|1722|1848|14 Recep 1449
20271213|0619|0750|1241|1501|1722|1848|15 Recep 1449
20271214|0619|0751|1241|1501|1722|1848|16 Recep 1449
20271215|0620|0752|1242|1502|1722|1848|17 Recep 1449
20271216|0621|0752|1242|1502|1722|1849|18 Recep 1449
20271217|0621|0753|1243|1502|1723|1849|19 Recep 1449
20271218|0622|0754|1243|1503|1723|1849|20 Recep 1449
20271219|0622|0754|1244|1503|1723|1850|21 Recep 1449
20271220|0623|0755|1244|1503|1724|1850|22 Recep 1449
20271221|0624|0755|1245|1504|1724|1851|23 Recep 1449
20271222|0624|0756|1245|1504|1725|1851|24 Recep 1449
20271223|0625|0756|1246|1505|1725|1852|25 Recep 1449
20271224|0625|0757|1246|1505|1726|1852|26 Recep 1449
20271225|0625|0757|1247|1506|1726|1853|27 Recep 1449
20271226|0626|0758|1247|1506|1727|1853|28 Recep 1449
20271227|0626|0758|1248|1507|1728|1854|29 Recep 1449
20271228|0627|0758|1248|1508|1728|1855|30 Recep 1449
20271229|0627|0759|1249|1508|1729|1855|1 Şaban 1449
20271230|0627|0759|1249|1509|1730|1856|2 Şaban 1449
20271231|0627|0759|1250|1510|1731|1857|3 Şaban 1449
#@9373|Kargı|CORUM|730
20260101|0628|0800|1250|1510|1730|1857|12 Recep 1447
20260102|0628|0801|1251|1510|1731|1858|13 Recep 1447
20260103|0629|0801|1251|1511|1732|1859|14 Recep 1447
20260104|0629|0801|1252|1512|1733|1859|15 Recep 1447
20260105|0629|0801|1252|1513|1734|1900|16 Recep 1447
20260106|0629|0801|1253|1514|1735|1901|17 Recep 1447
20260107|0629|0800|1253|1515|1736|1902|18 Recep 1447
20260108|0629|0800|1254|1516|1737|1903|19 Recep 1447
20260109|0629|0800|1254|1516|1738|1904|20 Recep 1447
20260110|0629|0800|1254|1517|1739|1905|21 Recep 1447
20260111|0629|0800|1255|1518|1740|1905|22 Recep 1447
20260112|0629|0759|1255|1519|1741|1906|23 Recep 1447
20260113|0628|0759|1256|1520|1742|1907|24 Recep 1447
20260114|0628|0759|1256|1521|1743|1908|25 Recep 1447
20260115|0628|0758|1256|1522|1744|1909|26 Recep 1447
20260116|0628|0758|1257|1523|1745|1910|27 Recep 1447
20260117|0627|0757|1257|1524|1747|1911|28 Recep 1447
20260118|0627|0757|1257|1525|1748|1912|29 Recep 1447
20260119|0627|0756|1258|1526|1749|1913|30 Recep 1447
20260120|0626|0756|1258|1527|1750|1914|1 Şaban 1447
20260121|0626|0755|1258|1528|1751|1915|2 Şaban 1447
20260122|0625|0755|1259|1529|1752|1916|3 Şaban 1447
20260123|0625|0754|1259|1530|1754|1917|4 Şaban 1447
20260124|0624|0753|1259|1531|1755|1918|5 Şaban 1447
20260125|0624|0752|1259|1533|1756|1919|6 Şaban 1447
20260126|0623|0752|1300|1534|1757|1921|7 Şaban 1447
20260127|0622|0751|1300|1535|1759|1922|8 Şaban 1447
20260128|0622|0750|1300|1536|1800|1923|9 Şaban 1447
20260129|0621|0749|1300|1537|1801|1924|10 Şaban 1447
20260130|0620|0748|1300|1538|1802|1925|11 Şaban 1447
20260131|0620|0747|1300|1539|1804|1926|12 Şaban 1447
20260201|0619|0746|1301|1540|1805|1927|13 Şaban 1447
20260202|0618|0745|1301|1541|1806|1928|14 Şaban 1447
20260203|0617|0744|1301|1542|1807|1929|15 Şaban 1447
20260204|0616|0743|1301|1543|1809|1930|16 Şaban 1447
20260205|0615|0742|1301|1544|1810|1931|17 Şaban 1447
20260206|0614|0741|1301|1545|1811|1932|18 Şaban 1447
20260207|0613|0740|1301|1546|1812|1934|19 Şaban 1447
20260208|0612|0739|1301|1547|1814|1935|20 Şaban 1447
20260209|0611|0738|1301|1548|1815|1936|21 Şaban 1447
20260210|0610|0737|1301|1549|1816|1937|22 Şaban 1447
20260211|0609|0735|1301|1550|1817|1938|23 Şaban 1447
20260212|0608|0734|1301|1551|1819|1939|24 Şaban 1447
20260213|0607|0733|1301|1552|1820|1940|25 Şaban 1447
20260214|0606|0732|1301|1553|1821|1941|26 Şaban 1447
20260215|0605|0730|1301|1554|1822|1942|27 Şaban 1447
20260216|0603|0729|1301|1555|1823|1944|28 Şaban 1447
20260217|0602|0728|1301|1556|1825|1945|29 Şaban 1447
20260218|0601|0726|1301|1557|1826|1946|30 Şaban 1447
20260219|0600|0725|1301|1557|1827|1947|1 Ramazan 1447
20260220|0558|0723|1301|1558|1828|1948|2 Ramazan 1447
20260221|0557|0722|1301|1559|1830|1949|3 Ramazan 1447
20260222|0556|0721|1301|1600|1831|1950|4 Ramazan 1447
20260223|0554|0719|1300|1601|1832|1951|5 Ramazan 1447
20260224|0553|0718|1300|1602|1833|1953|6 Ramazan 1447
20260225|0551|0716|1300|1603|1834|1954|7 Ramazan 1447
20260226|0550|0715|1300|1603|1836|1955|8 Ramazan 1447
20260227|0549|0713|1300|1604|1837|1956|9 Ramazan 1447
20260228|0547|0712|1300|1605|1838|1957|10 Ramazan 1447
20260301|0546|0710|1259|1606|1839|1958|11 Ramazan 1447
20260302|0544|0708|1259|1607|1840|1959|12 Ramazan 1447
20260303|0542|0707|1259|1607|1841|2000|13 Ramazan 1447
20260304|0541|0705|1259|1608|1842|2002|14 Ramazan 1447
20260305|0539|0704|1259|1609|1844|2003|15 Ramazan 1447
20260306|0538|0702|1258|1610|1845|2004|16 Ramazan 1447
20260307|0536|0701|1258|1610|1846|2005|17 Ramazan 1447
20260308|0534|0659|1258|1611|1847|2006|18 Ramazan 1447
20260309|0533|0657|1258|1612|1848|2007|19 Ramazan 1447
20260310|0531|0656|1257|1612|1849|2008|20 Ramazan 1447
20260311|0529|0654|1257|1613|1850|2010|21 Ramazan 1447
20260312|0528|0652|1257|1614|1852|2011|22 Ramazan 1447
20260313|0526|0651|1257|1614|1853|2012|23 Ramazan 1447
20260314|0524|0649|1256|1615|1854|2013|24 Ramazan 1447
20260315|0523|0647|1256|1616|1855|2014|25 Ramazan 1447
20260316|0521|0646|1256|1616|1856|2015|26 Ramazan 1447
20260317|0519|0644|1256|1617|1857|2017|27 Ramazan 1447
20260318|0517|0642|1255|1617|1858|2018|28 Ramazan 1447
20260319|0516|0641|1255|1618|1859|2019|29 Ramazan 1447
20260320|0514|0639|1255|1618|1900|2020|1 Şevval 1447
20260321|0512|0637|1254|1619|1901|2021|2 Şevval 1447
20260322|0510|0636|1254|1620|1902|2023|3 Şevval 1447
20260323|0508|0634|1254|1620|1904|2024|4 Şevval 1447
20260324|0506|0632|1254|1621|1905|2025|5 Şevval 1447
20260325|0505|0631|1253|1621|1906|2026|6 Şevval 1447
20260326|0503|0629|1253|1622|1907|2027|7 Şevval 1447
20260327|0501|0627|1253|1622|1908|2029|8 Şevval 1447
20260328|0459|0626|1252|1623|1909|2030|9 Şevval 1447
20260329|0457|0624|1252|1623|1910|2031|10 Şevval 1447
20260330|0455|0622|1252|1623|1911|2032|11 Şevval 1447
20260331|0453|0621|1251|1624|1912|2034|12 Şevval 1447
20260401|0451|0619|1251|1624|1913|2035|13 Şevval 1447
20260402|0450|0617|1251|1625|1914|2036|14 Şevval 1447
20260403|0448|0616|1251|1625|1915|2038|15 Şevval 1447
20260404|0446|0614|1250|1626|1916|2039|16 Şevval 1447
20260405|0444|0612|1250|1626|1917|2040|17 Şevval 1447
20260406|0442|0611|1250|1626|1919|2042|18 Şevval 1447
20260407|0440|0609|1249|1627|1920|2043|19 Şevval 1447
20260408|0438|0608|1249|1627|1921|2044|20 Şevval 1447
20260409|0436|0606|1249|1628|1922|2046|21 Şevval 1447
20260410|0434|0604|1249|1628|1923|2047|22 Şevval 1447
20260411|0432|0603|1248|1628|1924|2048|23 Şevval 1447
20260412|0430|0601|1248|1629|1925|2050|24 Şevval 1447
20260413|0428|0600|1248|1629|1926|2051|25 Şevval 1447
20260414|0426|0558|1247|1629|1927|2052|26 Şevval 1447
20260415|0425|0556|1247|1630|1928|2054|27 Şevval 1447
20260416|0423|0555|1247|1630|1929|2055|28 Şevval 1447
20260417|0421|0553|1247|1630|1930|2057|29 Şevval 1447
20260418|0419|0552|1247|1631|1931|2058|1 Zilkade 1447
20260419|0417|0550|1246|1631|1932|2100|2 Zilkade 1447
20260420|0415|0549|1246|1631|1933|2101|3 Zilkade 1447
20260421|0413|0547|1246|1632|1935|2102|4 Zilkade 1447
20260422|0411|0546|1246|1632|1936|2104|5 Zilkade 1447
20260423|0409|0544|1246|1632|1937|2105|6 Zilkade 1447
20260424|0407|0543|1245|1633|1938|2107|7 Zilkade 1447
20260425|0405|0542|1245|1633|1939|2108|8 Zilkade 1447
20260426|0404|0540|1245|1633|1940|2110|9 Zilkade 1447
20260427|0402|0539|1245|1634|1941|2111|10 Zilkade 1447
20260428|0400|0537|1245|1634|1942|2113|11 Zilkade 1447
20260429|0358|0536|1245|1634|1943|2114|12 Zilkade 1447
20260430|0356|0535|1244|1635|1944|2116|13 Zilkade 1447
20260501|0354|0533|1244|1635|1945|2117|14 Zilkade 1447
20260502|0353|0532|1244|1635|1946|2119|15 Zilkade 1447
20260503|0351|0531|1244|1635|1947|2120|16 Zilkade 1447
20260504|0349|0530|1244|1636|1948|2122|17 Zilkade 1447
20260505|0347|0528|1244|1636|1949|2123|18 Zilkade 1447
20260506|0345|0527|1244|1636|1950|2125|19 Zilkade 1447
20260507|0344|0526|1244|1637|1952|2127|20 Zilkade 1447
20260508|0342|0525|1244|1637|1953|2128|21 Zilkade 1447
20260509|0340|0524|1244|1637|1954|2130|22 Zilkade 1447
20260510|0339|0522|1244|1637|1955|2131|23 Zilkade 1447
20260511|0337|0521|1243|1638|1956|2133|24 Zilkade 1447
20260512|0335|0520|1243|1638|1957|2134|25 Zilkade 1447
20260513|0334|0519|1243|1638|1958|2136|26 Zilkade 1447
20260514|0332|0518|1243|1639|1959|2137|27 Zilkade 1447
20260515|0331|0517|1243|1639|2000|2139|28 Zilkade 1447
20260516|0329|0516|1243|1639|2001|2140|29 Zilkade 1447
20260517|0327|0515|1243|1639|2002|2142|30 Zilkade 1447
20260518|0326|0514|1244|1640|2003|2143|1 Zilhicce 1447
20260519|0325|0514|1244|1640|2004|2145|2 Zilhicce 1447
20260520|0323|0513|1244|1640|2005|2146|3 Zilhicce 1447
20260521|0322|0512|1244|1641|2005|2148|4 Zilhicce 1447
20260522|0320|0511|1244|1641|2006|2149|5 Zilhicce 1447
20260523|0319|0510|1244|1641|2007|2150|6 Zilhicce 1447
20260524|0318|0510|1244|1641|2008|2152|7 Zilhicce 1447
20260525|0317|0509|1244|1642|2009|2153|8 Zilhicce 1447
20260526|0315|0508|1244|1642|2010|2155|9 Zilhicce 1447
20260527|0314|0508|1244|1642|2011|2156|10 Zilhicce 1447
20260528|0313|0507|1244|1643|2012|2157|11 Zilhicce 1447
20260529|0312|0507|1244|1643|2012|2158|12 Zilhicce 1447
20260530|0311|0506|1245|1643|2013|2200|13 Zilhicce 1447
20260531|0310|0505|1245|1643|2014|2201|14 Zilhicce 1447
20260601|0309|0505|1245|1644|2015|2202|15 Zilhicce 1447
20260602|0308|0505|1245|1644|2016|2203|16 Zilhicce 1447
20260603|0307|0504|1245|1644|2016|2204|17 Zilhicce 1447
20260604|0306|0504|1245|1645|2017|2205|18 Zilhicce 1447
20260605|0306|0503|1246|1645|2018|2207|19 Zilhicce 1447
20260606|0305|0503|1246|1645|2018|2208|20 Zilhicce 1447
20260607|0304|0503|1246|1645|2019|2208|21 Zilhicce 1447
20260608|0304|0503|1246|1646|2020|2209|22 Zilhicce 1447
20260609|0303|0502|1246|1646|2020|2210|23 Zilhicce 1447
20260610|0303|0502|1246|1646|2021|2211|24 Zilhicce 1447
20260611|0302|0502|1247|1647|2021|2212|25 Zilhicce 1447
20260612|0302|0502|1247|1647|2022|2213|26 Zilhicce 1447
20260613|0301|0502|1247|1647|2022|2213|27 Zilhicce 1447
20260614|0301|0502|1247|1647|2023|2214|28 Zilhicce 1447
20260615|0301|0502|1248|1648|2023|2215|29 Zilhicce 1447
20260616|0301|0502|1248|1648|2024|2215|1 Muharrem 1448
20260617|0301|0502|1248|1648|2024|2216|2 Muharrem 1448
20260618|0301|0502|1248|1648|2024|2216|3 Muharrem 1448
20260619|0301|0502|1248|1649|2025|2216|4 Muharrem 1448
20260620|0301|0502|1249|1649|2025|2217|5 Muharrem 1448
20260621|0301|0503|1249|1649|2025|2217|6 Muharrem 1448
20260622|0301|0503|1249|1649|2025|2217|7 Muharrem 1448
20260623|0302|0503|1249|1649|2025|2217|8 Muharrem 1448
20260624|0302|0503|1249|1650|2026|2217|9 Muharrem 1448
20260625|0302|0504|1250|1650|2026|2218|10 Muharrem 1448
20260626|0303|0504|1250|1650|2026|2218|11 Muharrem 1448
20260627|0303|0504|1250|1650|2026|2217|12 Muharrem 1448
20260628|0304|0505|1250|1650|2026|2217|13 Muharrem 1448
20260629|0305|0505|1251|1651|2026|2217|14 Muharrem 1448
20260630|0305|0506|1251|1651|2026|2217|15 Muharrem 1448
20260701|0306|0506|1251|1651|2026|2217|16 Muharrem 1448
20260702|0307|0507|1251|1651|2026|2216|17 Muharrem 1448
20260703|0308|0507|1251|1651|2025|2216|18 Muharrem 1448
20260704|0308|0508|1251|1651|2025|2215|19 Muharrem 1448
20260705|0309|0508|1252|1651|2025|2215|20 Muharrem 1448
20260706|0310|0509|1252|1651|2025|2214|21 Muharrem 1448
20260707|0311|0510|1252|1651|2024|2214|22 Muharrem 1448
20260708|0312|0510|1252|1651|2024|2213|23 Muharrem 1448
20260709|0314|0511|1252|1652|2024|2212|24 Muharrem 1448
20260710|0315|0512|1252|1652|2023|2211|25 Muharrem 1448
20260711|0316|0512|1253|1652|2023|2211|26 Muharrem 1448
20260712|0317|0513|1253|1652|2022|2210|27 Muharrem 1448
20260713|0318|0514|1253|1652|2022|2209|28 Muharrem 1448
20260714|0320|0514|1253|1652|2021|2208|29 Muharrem 1448
20260715|0321|0515|1253|1651|2021|2207|1 Safer 1448
20260716|0322|0516|1253|1651|2020|2206|2 Safer 1448
20260717|0323|0517|1253|1651|2020|2205|3 Safer 1448
20260718|0325|0518|1253|1651|2019|2203|4 Safer 1448
20260719|0326|0519|1253|1651|2018|2202|5 Safer 1448
20260720|0328|0519|1253|1651|2018|2201|6 Safer 1448
20260721|0329|0520|1254|1651|2017|2200|7 Safer 1448
20260722|0330|0521|1254|1651|2016|2159|8 Safer 1448
20260723|0332|0522|1254|1650|2015|2157|9 Safer 1448
20260724|0333|0523|1254|1650|2014|2156|10 Safer 1448
20260725|0335|0524|1254|1650|2013|2155|11 Safer 1448
20260726|0336|0525|1254|1650|2013|2153|12 Safer 1448
20260727|0338|0526|1254|1650|2012|2152|13 Safer 1448
20260728|0339|0527|1254|1649|2011|2150|14 Safer 1448
20260729|0341|0528|1254|1649|2010|2149|15 Safer 1448
20260730|0342|0529|1254|1649|2009|2147|16 Safer 1448
20260731|0344|0529|1254|1648|2008|2146|17 Safer 1448
20260801|0345|0530|1253|1648|2007|2144|18 Safer 1448
20260802|0347|0531|1253|1648|2005|2142|19 Safer 1448
20260803|0349|0532|1253|1647|2004|2141|20 Safer 1448
20260804|0350|0533|1253|1647|2003|2139|21 Safer 1448
20260805|0352|0534|1253|1646|2002|2137|22 Safer 1448
20260806|0353|0535|1253|1646|2001|2136|23 Safer 1448
20260807|0355|0536|1253|1645|2000|2134|24 Safer 1448
20260808|0356|0537|1253|1645|1958|2132|25 Safer 1448
20260809|0358|0538|1253|1644|1957|2131|26 Safer 1448
20260810|0359|0539|1253|1644|1956|2129|27 Safer 1448
20260811|0401|0540|1252|1643|1955|2127|28 Safer 1448
20260812|0402|0541|1252|1643|1953|2125|29 Safer 1448
20260813|0404|0542|1252|1642|1952|2124|30 Safer 1448
20260814|0405|0543|1252|1642|1951|2122|1 Rebiulevvel 1448
20260815|0407|0544|1252|1641|1949|2120|2 Rebiulevvel 1448
20260816|0408|0545|1251|1640|1948|2118|3 Rebiulevvel 1448
20260817|0410|0546|1251|1640|1946|2116|4 Rebiulevvel 1448
20260818|0411|0547|1251|1639|1945|2114|5 Rebiulevvel 1448
20260819|0413|0548|1251|1638|1943|2113|6 Rebiulevvel 1448
20260820|0414|0549|1251|1638|1942|2111|7 Rebiulevvel 1448
20260821|0416|0550|1250|1637|1940|2109|8 Rebiulevvel 1448
20260822|0417|0551|1250|1636|1939|2107|9 Rebiulevvel 1448
20260823|0418|0552|1250|1635|1937|2105|10 Rebiulevvel 1448
20260824|0420|0553|1250|1634|1936|2103|11 Rebiulevvel 1448
20260825|0421|0554|1249|1634|1934|2101|12 Rebiulevvel 1448
20260826|0423|0555|1249|1633|1933|2059|13 Rebiulevvel 1448
20260827|0424|0556|1249|1632|1931|2057|14 Rebiulevvel 1448
20260828|0425|0557|1248|1631|1930|2055|15 Rebiulevvel 1448
20260829|0427|0558|1248|1630|1928|2054|16 Rebiulevvel 1448
20260830|0428|0559|1248|1629|1926|2052|17 Rebiulevvel 1448
20260831|0429|0600|1248|1628|1925|2050|18 Rebiulevvel 1448
20260901|0431|0601|1247|1628|1923|2048|19 Rebiulevvel 1448
20260902|0432|0602|1247|1627|1922|2046|20 Rebiulevvel 1448
20260903|0433|0603|1247|1626|1920|2044|21 Rebiulevvel 1448
20260904|0435|0604|1246|1625|1918|2042|22 Rebiulevvel 1448
20260905|0436|0605|1246|1624|1917|2040|23 Rebiulevvel 1448
20260906|0437|0606|1246|1623|1915|2038|24 Rebiulevvel 1448
20260907|0439|0607|1245|1622|1913|2036|25 Rebiulevvel 1448
20260908|0440|0608|1245|1621|1912|2034|26 Rebiulevvel 1448
20260909|0441|0609|1245|1620|1910|2032|27 Rebiulevvel 1448
20260910|0442|0610|1244|1619|1908|2030|28 Rebiulevvel 1448
20260911|0444|0611|1244|1617|1907|2029|29 Rebiulevvel 1448
20260912|0445|0612|1244|1616|1905|2027|1 Rebiulahir 1448
20260913|0446|0613|1243|1615|1903|2025|2 Rebiulahir 1448
20260914|0447|0614|1243|1614|1901|2023|3 Rebiulahir 1448
20260915|0448|0615|1242|1613|1900|2021|4 Rebiulahir 1448
20260916|0450|0616|1242|1612|1858|2019|5 Rebiulahir 1448
20260917|0451|0617|1242|1611|1856|2017|6 Rebiulahir 1448
20260918|0452|0618|1241|1610|1855|2015|7 Rebiulahir 1448
20260919|0453|0619|1241|1609|1853|2013|8 Rebiulahir 1448
20260920|0454|0620|1241|1607|1851|2012|9 Rebiulahir 1448
20260921|0455|0621|1240|1606|1850|2010|10 Rebiulahir 1448
20260922|0457|0622|1240|1605|1848|2008|11 Rebiulahir 1448
20260923|0458|0623|1240|1604|1846|2006|12 Rebiulahir 1448
20260924|0459|0624|1239|1603|1844|2004|13 Rebiulahir 1448
20260925|0500|0625|1239|1602|1843|2002|14 Rebiulahir 1448
20260926|0501|0626|1239|1600|1841|2001|15 Rebiulahir 1448
20260927|0502|0627|1238|1559|1839|1959|16 Rebiulahir 1448
20260928|0503|0628|1238|1558|1838|1957|17 Rebiulahir 1448
20260929|0504|0629|1238|1557|1836|1955|18 Rebiulahir 1448
20260930|0506|0630|1237|1555|1834|1953|19 Rebiulahir 1448
20261001|0507|0631|1237|1554|1832|1952|20 Rebiulahir 1448
20261002|0508|0632|1237|1553|1831|1950|21 Rebiulahir 1448
20261003|0509|0633|1236|1552|1829|1948|22 Rebiulahir 1448
20261004|0510|0634|1236|1551|1827|1947|23 Rebiulahir 1448
20261005|0511|0636|1236|1549|1826|1945|24 Rebiulahir 1448
20261006|0512|0637|1235|1548|1824|1943|25 Rebiulahir 1448
20261007|0513|0638|1235|1547|1823|1942|26 Rebiulahir 1448
20261008|0514|0639|1235|1546|1821|1940|27 Rebiulahir 1448
20261009|0515|0640|1234|1545|1819|1938|28 Rebiulahir 1448
20261010|0516|0641|1234|1543|1818|1937|29 Rebiulahir 1448
20261011|0517|0642|1234|1542|1816|1935|30 Rebiulahir 1448
20261012|0519|0643|1234|1541|1814|1934|1 Cemaziyelevvel 1448
20261013|0520|0644|1233|1540|1813|1932|2 Cemaziyelevvel 1448
20261014|0521|0645|1233|1539|1811|1930|3 Cemaziyelevvel 1448
20261015|0522|0646|1233|1537|1810|1929|4 Cemaziyelevvel 1448
20261016|0523|0647|1233|1536|1808|1927|5 Cemaziyelevvel 1448
20261017|0524|0648|1233|1535|1807|1926|6 Cemaziyelevvel 1448
20261018|0525|0650|1232|1534|1805|1925|7 Cemaziyelevvel 1448
20261019|0526|0651|1232|1533|1804|1923|8 Cemaziyelevvel 1448
20261020|0527|0652|1232|1531|1802|1922|9 Cemaziyelevvel 1448
20261021|0528|0653|1232|1530|1801|1920|10 Cemaziyelevvel 1448
20261022|0529|0654|1232|1529|1759|1919|11 Cemaziyelevvel 1448
20261023|0530|0655|1231|1528|1758|1918|12 Cemaziyelevvel 1448
20261024|0531|0656|1231|1527|1756|1916|13 Cemaziyelevvel 1448
20261025|0532|0658|1231|1526|1755|1915|14 Cemaziyelevvel 1448
20261026|0533|0659|1231|1525|1754|1914|15 Cemaziyelevvel 1448
20261027|0534|0700|1231|1524|1752|1912|16 Cemaziyelevvel 1448
20261028|0535|0701|1231|1523|1751|1911|17 Cemaziyelevvel 1448
20261029|0536|0702|1231|1522|1750|1910|18 Cemaziyelevvel 1448
20261030|0537|0703|1231|1521|1748|1909|19 Cemaziyelevvel 1448
20261031|0539|0705|1231|1520|1747|1908|20 Cemaziyelevvel 1448
20261101|0540|0706|1231|1519|1746|1907|21 Cemaziyelevvel 1448
20261102|0541|0707|1231|1518|1744|1905|22 Cemaziyelevvel 1448
20261103|0542|0708|1231|1517|1743|1904|23 Cemaziyelevvel 1448
20261104|0543|0709|1231|1516|1742|1903|24 Cemaziyelevvel 1448
20261105|0544|0710|1231|1515|1741|1902|25 Cemaziyelevvel 1448
20261106|0545|0712|1231|1514|1740|1901|26 Cemaziyelevvel 1448
20261107|0546|0713|1231|1513|1739|1900|27 Cemaziyelevvel 1448
20261108|0547|0714|1231|1512|1738|1859|28 Cemaziyelevvel 1448
20261109|0548|0715|1231|1511|1737|1859|29 Cemaziyelevvel 1448
20261110|0549|0716|1231|1510|1735|1858|1 Cemaziyelahir 1448
20261111|0550|0718|1231|1510|1734|1857|2 Cemaziyelahir 1448
20261112|0551|0719|1231|1509|1734|1856|3 Cemaziyelahir 1448
20261113|0552|0720|1231|1508|1733|1855|4 Cemaziyelahir 1448
20261114|0553|0721|1231|1507|1732|1854|5 Cemaziyelahir 1448
20261115|0554|0722|1232|1507|1731|1854|6 Cemaziyelahir 1448
20261116|0555|0724|1232|1506|1730|1853|7 Cemaziyelahir 1448
20261117|0556|0725|1232|1505|1729|1852|8 Cemaziyelahir 1448
20261118|0557|0726|1232|1505|1728|1852|9 Cemaziyelahir 1448
20261119|0558|0727|1232|1504|1728|1851|10 Cemaziyelahir 1448
20261120|0559|0728|1233|1504|1727|1851|11 Cemaziyelahir 1448
20261121|0600|0729|1233|1503|1726|1850|12 Cemaziyelahir 1448
20261122|0601|0731|1233|1503|1726|1850|13 Cemaziyelahir 1448
20261123|0602|0732|1233|1502|1725|1849|14 Cemaziyelahir 1448
20261124|0603|0733|1234|1502|1724|1849|15 Cemaziyelahir 1448
20261125|0604|0734|1234|1501|1724|1848|16 Cemaziyelahir 1448
20261126|0605|0735|1234|1501|1723|1848|17 Cemaziyelahir 1448
20261127|0606|0736|1235|1501|1723|1848|18 Cemaziyelahir 1448
20261128|0607|0737|1235|1500|1722|1847|19 Cemaziyelahir 1448
20261129|0608|0738|1235|1500|1722|1847|20 Cemaziyelahir 1448
20261130|0609|0739|1236|1500|1722|1847|21 Cemaziyelahir 1448
20261201|0610|0741|1236|1500|1721|1847|22 Cemaziyelahir 1448
20261202|0610|0742|1236|1500|1721|1847|23 Cemaziyelahir 1448
20261203|0611|0743|1237|1459|1721|1847|24 Cemaziyelahir 1448
20261204|0612|0744|1237|1459|1721|1846|25 Cemaziyelahir 1448
20261205|0613|0745|1237|1459|1720|1846|26 Cemaziyelahir 1448
20261206|0614|0745|1238|1459|1720|1846|27 Cemaziyelahir 1448
20261207|0615|0746|1238|1459|1720|1846|28 Cemaziyelahir 1448
20261208|0616|0747|1239|1459|1720|1847|29 Cemaziyelahir 1448
20261209|0616|0748|1239|1459|1720|1847|30 Cemaziyelahir 1448
20261210|0617|0749|1240|1459|1720|1847|1 Recep 1448
20261211|0618|0750|1240|1459|1720|1847|2 Recep 1448
20261212|0619|0751|1241|1500|1720|1847|3 Recep 1448
20261213|0619|0752|1241|1500|1721|1847|4 Recep 1448
20261214|0620|0752|1241|1500|1721|1848|5 Recep 1448
20261215|0621|0753|1242|1500|1721|1848|6 Recep 1448
20261216|0621|0754|1242|1501|1721|1848|7 Recep 1448
20261217|0622|0754|1243|1501|1722|1848|8 Recep 1448
20261218|0623|0755|1243|1501|1722|1849|9 Recep 1448
20261219|0623|0756|1244|1502|1722|1849|10 Recep 1448
20261220|0624|0756|1244|1502|1723|1850|11 Recep 1448
20261221|0624|0757|1245|1503|1723|1850|12 Recep 1448
20261222|0625|0757|1245|1503|1724|1851|13 Recep 1448
20261223|0625|0758|1246|1504|1724|1851|14 Recep 1448
20261224|0626|0758|1246|1504|1725|1852|15 Recep 1448
20261225|0626|0759|1247|1505|1725|1852|16 Recep 1448
20261226|0626|0759|1247|1505|1726|1853|17 Recep 1448
20261227|0627|0759|1248|1506|1727|1853|18 Recep 1448
20261228|0627|0800|1248|1507|1727|1854|19 Recep 1448
20261229|0627|0800|1249|1507|1728|1855|20 Recep 1448
20261230|0628|0800|1249|1508|1729|1855|21 Recep 1448
20261231|0628|0800|1250|1509|1729|1856|22 Recep 1448
20270101|0628|0800|1250|1509|1730|1857|23 Recep 1448
20270102|0628|0800|1251|1510|1731|1858|24 Recep 1448
20270103|0629|0801|1251|1511|1732|1858|25 Recep 1448
20270104|0629|0801|1252|1512|1733|1859|26 Recep 1448
20270105|0629|0801|1252|1513|1734|1900|27 Recep 1448
20270106|0629|0801|1253|1514|1735|1901|28 Recep 1448
20270107|0629|0800|1253|1514|1736|1902|29 Recep 1448
20270108|0629|0800|1253|1515|1737|1903|30 Recep 1448
20270109|0629|0800|1254|1516|1738|1903|1 Şaban 1448
20270110|0629|0800|1254|1517|1739|1904|2 Şaban 1448
20270111|0629|0800|1255|1518|1740|1905|3 Şaban 1448
20270112|0629|0759|1255|1519|1741|1906|4 Şaban 1448
20270113|0628|0759|1255|1520|1742|1907|5 Şaban 1448
20270114|0628|0759|1256|1521|1743|1908|6 Şaban 1448
20270115|0628|0758|1256|1522|1744|1909|7 Şaban 1448
20270116|0628|0758|1257|1523|1745|1910|8 Şaban 1448
20270117|0627|0758|1257|1524|1746|1911|9 Şaban 1448
20270118|0627|0757|1257|1525|1747|1912|10 Şaban 1448
20270119|0627|0757|1258|1526|1749|1913|11 Şaban 1448
20270120|0626|0756|1258|1527|1750|1914|12 Şaban 1448
20270121|0626|0755|1258|1528|1751|1915|13 Şaban 1448
20270122|0625|0755|1258|1529|1752|1916|14 Şaban 1448
20270123|0625|0754|1259|1530|1753|1917|15 Şaban 1448
20270124|0624|0753|1259|1531|1755|1918|16 Şaban 1448
20270125|0624|0753|1259|1532|1756|1919|17 Şaban 1448
20270126|0623|0752|1259|1533|1757|1920|18 Şaban 1448
20270127|0623|0751|1300|1534|1758|1921|19 Şaban 1448
20270128|0622|0750|1300|1535|1800|1922|20 Şaban 1448
20270129|0621|0749|1300|1536|1801|1923|21 Şaban 1448
20270130|0621|0748|1300|1538|1802|1925|22 Şaban 1448
20270131|0620|0748|1300|1539|1803|1926|23 Şaban 1448
20270201|0619|0747|1301|1540|1805|1927|24 Şaban 1448
20270202|0618|0746|1301|1541|1806|1928|25 Şaban 1448
20270203|0617|0745|1301|1542|1807|1929|26 Şaban 1448
20270204|0616|0744|1301|1543|1808|1930|27 Şaban 1448
20270205|0616|0743|1301|1544|1810|1931|28 Şaban 1448
20270206|0615|0741|1301|1545|1811|1932|29 Şaban 1448
20270207|0614|0740|1301|1546|1812|1933|30 Şaban 1448
20270208|0613|0739|1301|1547|1813|1934|1 Ramazan 1448
20270209|0612|0738|1301|1548|1815|1936|2 Ramazan 1448
20270210|0611|0737|1301|1549|1816|1937|3 Ramazan 1448
20270211|0610|0736|1301|1550|1817|1938|4 Ramazan 1448
20270212|0608|0734|1301|1551|1818|1939|5 Ramazan 1448
20270213|0607|0733|1301|1552|1820|1940|6 Ramazan 1448
20270214|0606|0732|1301|1553|1821|1941|7 Ramazan 1448
20270215|0605|0731|1301|1554|1822|1942|8 Ramazan 1448
20270216|0604|0729|1301|1555|1823|1943|9 Ramazan 1448
20270217|0603|0728|1301|1555|1824|1944|10 Ramazan 1448
20270218|0601|0726|1301|1556|1826|1946|11 Ramazan 1448
20270219|0600|0725|1301|1557|1827|1947|12 Ramazan 1448
20270220|0559|0724|1301|1558|1828|1948|13 Ramazan 1448
20270221|0557|0722|1301|1559|1829|1949|14 Ramazan 1448
20270222|0556|0721|1301|1600|1830|1950|15 Ramazan 1448
20270223|0555|0719|1301|1601|1832|1951|16 Ramazan 1448
20270224|0553|0718|1300|1602|1833|1952|17 Ramazan 1448
20270225|0552|0716|1300|1602|1834|1953|18 Ramazan 1448
20270226|0550|0715|1300|1603|1835|1955|19 Ramazan 1448
20270227|0549|0713|1300|1604|1836|1956|20 Ramazan 1448
20270228|0547|0712|1300|1605|1838|1957|21 Ramazan 1448
20270301|0546|0710|1300|1606|1839|1958|22 Ramazan 1448
20270302|0544|0709|1259|1606|1840|1959|23 Ramazan 1448
20270303|0543|0707|1259|1607|1841|2000|24 Ramazan 1448
20270304|0541|0706|1259|1608|1842|2001|25 Ramazan 1448
20270305|0540|0704|1259|1609|1843|2002|26 Ramazan 1448
20270306|0538|0703|1258|1609|1844|2004|27 Ramazan 1448
20270307|0536|0701|1258|1610|1846|2005|28 Ramazan 1448
20270308|0535|0659|1258|1611|1847|2006|29 Ramazan 1448
20270309|0533|0658|1258|1612|1848|2007|1 Şevval 1448
20270310|0532|0656|1258|1612|1849|2008|2 Şevval 1448
20270311|0530|0654|1257|1613|1850|2009|3 Şevval 1448
20270312|0528|0653|1257|1613|1851|2010|4 Şevval 1448
20270313|0526|0651|1257|1614|1852|2012|5 Şevval 1448
20270314|0525|0650|1256|1615|1853|2013|6 Şevval 1448
20270315|0523|0648|1256|1615|1855|2014|7 Şevval 1448
20270316|0521|0646|1256|1616|1856|2015|8 Şevval 1448
20270317|0520|0645|1256|1617|1857|2016|9 Şevval 1448
20270318|0518|0643|1255|1617|1858|2018|10 Şevval 1448
20270319|0516|0641|1255|1618|1859|2019|11 Şevval 1448
20270320|0514|0640|1255|1618|1900|2020|12 Şevval 1448
20270321|0512|0638|1254|1619|1901|2021|13 Şevval 1448
20270322|0511|0636|1254|1619|1902|2022|14 Şevval 1448
20270323|0509|0635|1254|1620|1903|2024|15 Şevval 1448
20270324|0507|0633|1254|1620|1904|2025|16 Şevval 1448
20270325|0505|0631|1253|1621|1905|2026|17 Şevval 1448
20270326|0503|0629|1253|1621|1907|2027|18 Şevval 1448
20270327|0501|0628|1253|1622|1908|2028|19 Şevval 1448
20270328|0459|0626|1252|1622|1909|2030|20 Şevval 1448
20270329|0458|0624|1252|1623|1910|2031|21 Şevval 1448
20270330|0456|0623|1252|1623|1911|2032|22 Şevval 1448
20270331|0454|0621|1251|1624|1912|2033|23 Şevval 1448
20270401|0452|0619|1251|1624|1913|2035|24 Şevval 1448
20270402|0450|0618|1251|1625|1914|2036|25 Şevval 1448
20270403|0448|0616|1251|1625|1915|2037|26 Şevval 1448
20270404|0446|0614|1250|1626|1916|2039|27 Şevval 1448
20270405|0444|0613|1250|1626|1917|2040|28 Şevval 1448
20270406|0442|0611|1250|1626|1918|2041|29 Şevval 1448
20270407|0440|0610|1249|1627|1919|2043|30 Şevval 1448
20270408|0438|0608|1249|1627|1920|2044|1 Zilkade 1448
20270409|0437|0606|1249|1628|1921|2045|2 Zilkade 1448
20270410|0435|0605|1249|1628|1923|2047|3 Zilkade 1448
20270411|0433|0603|1248|1628|1924|2048|4 Zilkade 1448
20270412|0431|0601|1248|1629|1925|2049|5 Zilkade 1448
20270413|0429|0600|1248|1629|1926|2051|6 Zilkade 1448
20270414|0427|0558|1248|1629|1927|2052|7 Zilkade 1448
20270415|0425|0557|1247|1630|1928|2053|8 Zilkade 1448
20270416|0423|0555|1247|1630|1929|2055|9 Zilkade 1448
20270417|0421|0554|1247|1630|1930|2056|10 Zilkade 1448
20270418|0419|0552|1247|1631|1931|2058|11 Zilkade 1448
20270419|0417|0551|1246|1631|1932|2059|12 Zilkade 1448
20270420|0415|0549|1246|1631|1933|2101|13 Zilkade 1448
20270421|0413|0548|1246|1632|1934|2102|14 Zilkade 1448
20270422|0412|0546|1246|1632|1935|2104|15 Zilkade 1448
20270423|0410|0545|1246|1632|1936|2105|16 Zilkade 1448
20270424|0408|0543|1245|1633|1938|2106|17 Zilkade 1448
20270425|0406|0542|1245|1633|1939|2108|18 Zilkade 1448
20270426|0404|0540|1245|1633|1940|2109|19 Zilkade 1448
20270427|0402|0539|1245|1634|1941|2111|20 Zilkade 1448
20270428|0400|0538|1245|1634|1942|2112|21 Zilkade 1448
20270429|0358|0536|1245|1634|1943|2114|22 Zilkade 1448
20270430|0357|0535|1244|1634|1944|2115|23 Zilkade 1448
20270501|0355|0534|1244|1635|1945|2117|24 Zilkade 1448
20270502|0353|0532|1244|1635|1946|2118|25 Zilkade 1448
20270503|0351|0531|1244|1635|1947|2120|26 Zilkade 1448
20270504|0349|0530|1244|1636|1948|2122|27 Zilkade 1448
20270505|0348|0529|1244|1636|1949|2123|28 Zilkade 1448
20270506|0346|0527|1244|1636|1950|2125|29 Zilkade 1448
20270507|0344|0526|1244|1637|1951|2126|1 Zilhicce 1448
20270508|0342|0525|1244|1637|1952|2128|2 Zilhicce 1448
20270509|0341|0524|1244|1637|1953|2129|3 Zilhicce 1448
20270510|0339|0523|1244|1637|1954|2131|4 Zilhicce 1448
20270511|0337|0522|1244|1638|1955|2132|5 Zilhicce 1448
20270512|0336|0521|1243|1638|1956|2134|6 Zilhicce 1448
20270513|0334|0520|1243|1638|1957|2135|7 Zilhicce 1448
20270514|0332|0519|1243|1639|1958|2137|8 Zilhicce 1448
20270515|0331|0518|1243|1639|1959|2138|9 Zilhicce 1448
20270516|0329|0517|1243|1639|2000|2140|10 Zilhicce 1448
20270517|0328|0516|1243|1639|2001|2141|11 Zilhicce 1448
20270518|0326|0515|1244|1640|2002|2143|12 Zilhicce 1448
20270519|0325|0514|1244|1640|2003|2144|13 Zilhicce 1448
20270520|0323|0513|1244|1640|2004|2146|14 Zilhicce 1448
20270521|0322|0512|1244|1641|2005|2147|15 Zilhicce 1448
20270522|0321|0511|1244|1641|2006|2149|16 Zilhicce 1448
20270523|0319|0511|1244|1641|2007|2150|17 Zilhicce 1448
20270524|0318|0510|1244|1641|2008|2151|18 Zilhicce 1448
20270525|0317|0509|1244|1642|2009|2153|19 Zilhicce 1448
20270526|0316|0508|1244|1642|2010|2154|20 Zilhicce 1448
20270527|0314|0508|1244|1642|2011|2156|21 Zilhicce 1448
20270528|0313|0507|1244|1643|2011|2157|22 Zilhicce 1448
20270529|0312|0507|1244|1643|2012|2158|23 Zilhicce 1448
20270530|0311|0506|1245|1643|2013|2159|24 Zilhicce 1448
20270531|0310|0506|1245|1643|2014|2201|25 Zilhicce 1448
20270601|0309|0505|1245|1644|2015|2202|26 Zilhicce 1448
20270602|0308|0505|1245|1644|2015|2203|27 Zilhicce 1448
20270603|0307|0504|1245|1644|2016|2204|28 Zilhicce 1448
20270604|0307|0504|1245|1645|2017|2205|29 Zilhicce 1448
20270605|0306|0504|1245|1645|2018|2206|30 Zilhicce 1448
20270606|0305|0503|1246|1645|2018|2207|1 Muharrem 1449
20270607|0304|0503|1246|1645|2019|2208|2 Muharrem 1449
20270608|0304|0503|1246|1646|2019|2209|3 Muharrem 1449
20270609|0303|0502|1246|1646|2020|2210|4 Muharrem 1449
20270610|0303|0502|1246|1646|2021|2211|5 Muharrem 1449
20270611|0302|0502|1247|1646|2021|2212|6 Muharrem 1449
20270612|0302|0502|1247|1647|2022|2212|7 Muharrem 1449
20270613|0302|0502|1247|1647|2022|2213|8 Muharrem 1449
20270614|0301|0502|1247|1647|2023|2214|9 Muharrem 1449
20270615|0301|0502|1247|1648|2023|2214|10 Muharrem 1449
20270616|0301|0502|1248|1648|2023|2215|11 Muharrem 1449
20270617|0301|0502|1248|1648|2024|2216|12 Muharrem 1449
20270618|0301|0502|1248|1648|2024|2216|13 Muharrem 1449
20270619|0301|0502|1248|1649|2024|2216|14 Muharrem 1449
20270620|0301|0502|1249|1649|2025|2217|15 Muharrem 1449
20270621|0301|0503|1249|1649|2025|2217|16 Muharrem 1449
20270622|0301|0503|1249|1649|2025|2217|17 Muharrem 1449
20270623|0302|0503|1249|1649|2025|2217|18 Muharrem 1449
20270624|0302|0503|1249|1650|2026|2217|19 Muharrem 1449
20270625|0302|0504|1250|1650|2026|2218|20 Muharrem 1449
20270626|0303|0504|1250|1650|2026|2218|21 Muharrem 1449
20270627|0303|0504|1250|1650|2026|2217|22 Muharrem 1449
20270628|0304|0505|1250|1650|2026|2217|23 Muharrem 1449
20270629|0304|0505|1250|1650|2026|2217|24 Muharrem 1449
20270630|0305|0506|1251|1651|2026|2217|25 Muharrem 1449
20270701|0306|0506|1251|1651|2026|2217|26 Muharrem 1449
20270702|0307|0507|1251|1651|2026|2216|27 Muharrem 1449
20270703|0307|0507|1251|1651|2025|2216|28 Muharrem 1449
20270704|0308|0508|1251|1651|2025|2215|29 Muharrem 1449
20270705|0309|0508|1252|1651|2025|2215|1 Safer 1449
20270706|0310|0509|1252|1651|2025|2214|2 Safer 1449
20270707|0311|0509|1252|1651|2025|2214|3 Safer 1449
20270708|0312|0510|1252|1651|2024|2213|4 Safer 1449
20270709|0313|0511|1252|1652|2024|2212|5 Safer 1449
20270710|0314|0511|1252|1652|2023|2212|6 Safer 1449
20270711|0316|0512|1253|1652|2023|2211|7 Safer 1449
20270712|0317|0513|1253|1652|2023|2210|8 Safer 1449
20270713|0318|0514|1253|1652|2022|2209|9 Safer 1449
20270714|0319|0514|1253|1652|2022|2208|10 Safer 1449
20270715|0320|0515|1253|1651|2021|2207|11 Safer 1449
20270716|0322|0516|1253|1651|2020|2206|12 Safer 1449
20270717|0323|0517|1253|1651|2020|2205|13 Safer 1449
20270718|0324|0518|1253|1651|2019|2204|14 Safer 1449
20270719|0326|0518|1253|1651|2018|2203|15 Safer 1449
20270720|0327|0519|1253|1651|2018|2201|16 Safer 1449
20270721|0329|0520|1254|1651|2017|2200|17 Safer 1449
20270722|0330|0521|1254|1651|2016|2159|18 Safer 1449
20270723|0332|0522|1254|1651|2015|2158|19 Safer 1449
20270724|0333|0523|1254|1650|2015|2156|20 Safer 1449
20270725|0335|0524|1254|1650|2014|2155|21 Safer 1449
20270726|0336|0525|1254|1650|2013|2153|22 Safer 1449
20270727|0338|0525|1254|1650|2012|2152|23 Safer 1449
20270728|0339|0526|1254|1649|2011|2151|24 Safer 1449
20270729|0341|0527|1254|1649|2010|2149|25 Safer 1449
20270730|0342|0528|1254|1649|2009|2148|26 Safer 1449
20270731|0344|0529|1254|1648|2008|2146|27 Safer 1449
20270801|0345|0530|1254|1648|2007|2144|28 Safer 1449
20270802|0347|0531|1253|1648|2006|2143|29 Safer 1449
20270803|0348|0532|1253|1647|2005|2141|1 Rebiulevvel 1449
20270804|0350|0533|1253|1647|2003|2140|2 Rebiulevvel 1449
20270805|0351|0534|1253|1646|2002|2138|3 Rebiulevvel 1449
20270806|0353|0535|1253|1646|2001|2136|4 Rebiulevvel 1449
20270807|0354|0536|1253|1646|2000|2135|5 Rebiulevvel 1449
20270808|0356|0537|1253|1645|1959|2133|6 Rebiulevvel 1449
20270809|0357|0538|1253|1645|1957|2131|7 Rebiulevvel 1449
20270810|0359|0539|1253|1644|1956|2129|8 Rebiulevvel 1449
20270811|0400|0540|1252|1644|1955|2128|9 Rebiulevvel 1449
20270812|0402|0541|1252|1643|1954|2126|10 Rebiulevvel 1449
20270813|0403|0542|1252|1642|1952|2124|11 Rebiulevvel 1449
20270814|0405|0543|1252|1642|1951|2122|12 Rebiulevvel 1449
20270815|0406|0544|1252|1641|1949|2120|13 Rebiulevvel 1449
20270816|0408|0545|1252|1641|1948|2119|14 Rebiulevvel 1449
20270817|0409|0546|1251|1640|1947|2117|15 Rebiulevvel 1449
20270818|0411|0547|1251|1639|1945|2115|16 Rebiulevvel 1449
20270819|0412|0548|1251|1638|1944|2113|17 Rebiulevvel 1449
20270820|0414|0549|1251|1638|1942|2111|18 Rebiulevvel 1449
20270821|0415|0550|1250|1637|1941|2109|19 Rebiulevvel 1449
20270822|0417|0551|1250|1636|1939|2107|20 Rebiulevvel 1449
20270823|0418|0552|1250|1635|1938|2105|21 Rebiulevvel 1449
20270824|0419|0553|1250|1635|1936|2104|22 Rebiulevvel 1449
20270825|0421|0554|1249|1634|1935|2102|23 Rebiulevvel 1449
20270826|0422|0555|1249|1633|1933|2100|24 Rebiulevvel 1449
20270827|0424|0556|1249|1632|1932|2058|25 Rebiulevvel 1449
20270828|0425|0557|1249|1631|1930|2056|26 Rebiulevvel 1449
20270829|0426|0558|1248|1630|1928|2054|27 Rebiulevvel 1449
20270830|0428|0559|1248|1630|1927|2052|28 Rebiulevvel 1449
20270831|0429|0600|1248|1629|1925|2050|29 Rebiulevvel 1449
20270901|0430|0601|1247|1628|1924|2048|30 Rebiulevvel 1449
20270902|0432|0602|1247|1627|1922|2046|1 Rebiulahir 1449
20270903|0433|0603|1247|1626|1920|2044|2 Rebiulahir 1449
20270904|0434|0604|1246|1625|1919|2042|3 Rebiulahir 1449
20270905|0436|0605|1246|1624|1917|2040|4 Rebiulahir 1449
20270906|0437|0606|1246|1623|1915|2039|5 Rebiulahir 1449
20270907|0438|0607|1245|1622|1914|2037|6 Rebiulahir 1449
20270908|0440|0608|1245|1621|1912|2035|7 Rebiulahir 1449
20270909|0441|0609|1245|1620|1910|2033|8 Rebiulahir 1449
20270910|0442|0610|1244|1619|1909|2031|9 Rebiulahir 1449
20270911|0443|0611|1244|1618|1907|2029|10 Rebiulahir 1449
20270912|0444|0612|1244|1617|1905|2027|11 Rebiulahir 1449
20270913|0446|0613|1243|1616|1904|2025|12 Rebiulahir 1449
20270914|0447|0614|1243|1614|1902|2023|13 Rebiulahir 1449
20270915|0448|0615|1243|1613|1900|2021|14 Rebiulahir 1449
20270916|0449|0616|1242|1612|1858|2019|15 Rebiulahir 1449
20270917|0451|0617|1242|1611|1857|2018|16 Rebiulahir 1449
20270918|0452|0618|1241|1610|1855|2016|17 Rebiulahir 1449
20270919|0453|0619|1241|1609|1853|2014|18 Rebiulahir 1449
20270920|0454|0620|1241|1608|1852|2012|19 Rebiulahir 1449
20270921|0455|0621|1240|1607|1850|2010|20 Rebiulahir 1449
20270922|0456|0622|1240|1605|1848|2008|21 Rebiulahir 1449
20270923|0457|0623|1240|1604|1846|2006|22 Rebiulahir 1449
20270924|0459|0624|1239|1603|1845|2005|23 Rebiulahir 1449
20270925|0500|0625|1239|1602|1843|2003|24 Rebiulahir 1449
20270926|0501|0626|1239|1601|1841|2001|25 Rebiulahir 1449
20270927|0502|0627|1238|1559|1840|1959|26 Rebiulahir 1449
20270928|0503|0628|1238|1558|1838|1957|27 Rebiulahir 1449
20270929|0504|0629|1238|1557|1836|1956|28 Rebiulahir 1449
20270930|0505|0630|1237|1556|1835|1954|29 Rebiulahir 1449
20271001|0506|0631|1237|1555|1833|1952|1 Cemaziyelevvel 1449
20271002|0508|0632|1237|1553|1831|1950|2 Cemaziyelevvel 1449
20271003|0509|0633|1236|1552|1830|1949|3 Cemaziyelevvel 1449
20271004|0510|0634|1236|1551|1828|1947|4 Cemaziyelevvel 1449
20271005|0511|0635|1236|1550|1826|1945|5 Cemaziyelevvel 1449
20271006|0512|0636|1235|1548|1825|1944|6 Cemaziyelevvel 1449
20271007|0513|0637|1235|1547|1823|1942|7 Cemaziyelevvel 1449
20271008|0514|0638|1235|1546|1821|1940|8 Cemaziyelevvel 1449
20271009|0515|0640|1235|1545|1820|1939|9 Cemaziyelevvel 1449
20271010|0516|0641|1234|1544|1818|1937|10 Cemaziyelevvel 1449
20271011|0517|0642|1234|1542|1816|1936|11 Cemaziyelevvel 1449
20271012|0518|0643|1234|1541|1815|1934|12 Cemaziyelevvel 1449
20271013|0519|0644|1234|1540|1813|1932|13 Cemaziyelevvel 1449
20271014|0520|0645|1233|1539|1812|1931|14 Cemaziyelevvel 1449
20271015|0521|0646|1233|1538|1810|1929|15 Cemaziyelevvel 1449
20271016|0523|0647|1233|1536|1809|1928|16 Cemaziyelevvel 1449
20271017|0524|0648|1233|1535|1807|1926|17 Cemaziyelevvel 1449
20271018|0525|0649|1232|1534|1805|1925|18 Cemaziyelevvel 1449
20271019|0526|0650|1232|1533|1804|1923|19 Cemaziyelevvel 1449
20271020|0527|0652|1232|1532|1802|1922|20 Cemaziyelevvel 1449
20271021|0528|0653|1232|1531|1801|1921|21 Cemaziyelevvel 1449
20271022|0529|0654|1232|1529|1800|1919|22 Cemaziyelevvel 1449
20271023|0530|0655|1232|1528|1758|1918|23 Cemaziyelevvel 1449
20271024|0531|0656|1231|1527|1757|1917|24 Cemaziyelevvel 1449
20271025|0532|0657|1231|1526|1755|1915|25 Cemaziyelevvel 1449
20271026|0533|0658|1231|1525|1754|1914|26 Cemaziyelevvel 1449
20271027|0534|0700|1231|1524|1753|1913|27 Cemaziyelevvel 1449
20271028|0535|0701|1231|1523|1751|1911|28 Cemaziyelevvel 1449
20271029|0536|0702|1231|1522|1750|1910|29 Cemaziyelevvel 1449
20271030|0537|0703|1231|1521|1749|1909|30 Cemaziyelevvel 1449
20271031|0538|0704|1231|1520|1747|1908|1 Cemaziyelahir 1449
20271101|0539|0705|1231|1519|1746|1907|2 Cemaziyelahir 1449
20271102|0540|0707|1231|1518|1745|1906|3 Cemaziyelahir 1449
20271103|0541|0708|1231|1517|1744|1905|4 Cemaziyelahir 1449
20271104|0542|0709|1231|1516|1742|1904|5 Cemaziyelahir 1449
20271105|0544|0710|1231|1515|1741|1903|6 Cemaziyelahir 1449
20271106|0545|0711|1231|1514|1740|1902|7 Cemaziyelahir 1449
20271107|0546|0713|1231|1513|1739|1901|8 Cemaziyelahir 1449
20271108|0547|0714|1231|1512|1738|1900|9 Cemaziyelahir 1449
20271109|0548|0715|1231|1511|1737|1859|10 Cemaziyelahir 1449
20271110|0549|0716|1231|1511|1736|1858|11 Cemaziyelahir 1449
20271111|0550|0717|1231|1510|1735|1857|12 Cemaziyelahir 1449
20271112|0551|0719|1231|1509|1734|1856|13 Cemaziyelahir 1449
20271113|0552|0720|1231|1508|1733|1855|14 Cemaziyelahir 1449
20271114|0553|0721|1231|1508|1732|1855|15 Cemaziyelahir 1449
20271115|0554|0722|1232|1507|1731|1854|16 Cemaziyelahir 1449
20271116|0555|0723|1232|1506|1730|1853|17 Cemaziyelahir 1449
20271117|0556|0725|1232|1506|1729|1853|18 Cemaziyelahir 1449
20271118|0557|0726|1232|1505|1729|1852|19 Cemaziyelahir 1449
20271119|0558|0727|1232|1504|1728|1851|20 Cemaziyelahir 1449
20271120|0559|0728|1233|1504|1727|1851|21 Cemaziyelahir 1449
20271121|0600|0729|1233|1503|1726|1850|22 Cemaziyelahir 1449
20271122|0601|0730|1233|1503|1726|1850|23 Cemaziyelahir 1449
20271123|0602|0732|1233|1502|1725|1849|24 Cemaziyelahir 1449
20271124|0603|0733|1234|1502|1725|1849|25 Cemaziyelahir 1449
20271125|0604|0734|1234|1502|1724|1849|26 Cemaziyelahir 1449
20271126|0605|0735|1234|1501|1723|1848|27 Cemaziyelahir 1449
20271127|0606|0736|1234|1501|1723|1848|28 Cemaziyelahir 1449
20271128|0607|0737|1235|1500|1723|1848|29 Cemaziyelahir 1449
20271129|0608|0738|1235|1500|1722|1847|1 Recep 1449
20271130|0608|0739|1235|1500|1722|1847|2 Recep 1449
20271201|0609|0740|1236|1500|1721|1847|3 Recep 1449
20271202|0610|0741|1236|1500|1721|1847|4 Recep 1449
20271203|0611|0742|1237|1459|1721|1847|5 Recep 1449
20271204|0612|0743|1237|1459|1721|1847|6 Recep 1449
20271205|0613|0744|1237|1459|1721|1846|7 Recep 1449
20271206|0614|0745|1238|1459|1720|1846|8 Recep 1449
20271207|0615|0746|1238|1459|1720|1846|9 Recep 1449
20271208|0615|0747|1239|1459|1720|1846|10 Recep 1449
20271209|0616|0748|1239|1459|1720|1847|11 Recep 1449
20271210|0617|0749|1240|1459|1720|1847|12 Recep 1449
20271211|0618|0750|1240|1459|1720|1847|13 Recep 1449
20271212|0618|0751|1240|1500|1720|1847|14 Recep 1449
20271213|0619|0751|1241|1500|1721|1847|15 Recep 1449
20271214|0620|0752|1241|1500|1721|1847|16 Recep 1449
20271215|0620|0753|1242|1500|1721|1848|17 Recep 1449
20271216|0621|0754|1242|1501|1721|1848|18 Recep 1449
20271217|0622|0754|1243|1501|1721|1848|19 Recep 1449
20271218|0622|0755|1243|1501|1722|1849|20 Recep 1449
20271219|0623|0755|1244|1502|1722|1849|21 Recep 1449
20271220|0624|0756|1244|1502|1723|1850|22 Recep 1449
20271221|0624|0757|1245|1503|1723|1850|23 Recep 1449
20271222|0625|0757|1245|1503|1723|1850|24 Recep 1449
20271223|0625|0758|1246|1503|1724|1851|25 Recep 1449
20271224|0626|0758|1246|1504|1725|1852|26 Recep 1449
20271225|0626|0758|1247|1505|1725|1852|27 Recep 1449
20271226|0626|0759|1247|1505|1726|1853|28 Recep 1449
20271227|0627|0759|1248|1506|1726|1853|29 Recep 1449
20271228|0627|0759|1248|1506|1727|1854|30 Recep 1449
20271229|0627|0800|1249|1507|1728|1855|1 Şaban 1449
20271230|0628|0800|1249|1508|1729|1855|2 Şaban 1449
20271231|0628|0800|1250|1509|1729|1856|3 Şaban 1449
#@9374|Laçin|CORUM|730
20260101|0626|0758|1249|1509|1730|1856|12 Recep 1447
20260102|0626|0758|1249|1510|1731|1857|13 Recep 1447
20260103|0627|0758|1250|1511|1732|1858|14 Recep 1447
20260104|0627|0758|1250|1512|1733|1858|15 Recep 1447
20260105|0627|0758|1251|1512|1734|1859|16 Recep 1447
20260106|0627|0758|1251|1513|1734|1900|17 Recep 1447
20260107|0627|0758|1252|1514|1735|1901|18 Recep 1447
20260108|0627|0758|1252|1515|1736|1902|19 Recep 1447
20260109|0627|0758|1252|1516|1737|1903|20 Recep 1447
20260110|0627|0757|1253|1517|1738|1904|21 Recep 1447
20260111|0627|0757|1253|1518|1739|1904|22 Recep 1447
20260112|0627|0757|1254|1519|1741|1905|23 Recep 1447
20260113|0626|0756|1254|1520|1742|1906|24 Recep 1447
20260114|0626|0756|1254|1521|1743|1907|25 Recep 1447
20260115|0626|0756|1255|1522|1744|1908|26 Recep 1447
20260116|0626|0755|1255|1523|1745|1909|27 Recep 1447
20260117|0625|0755|1255|1524|1746|1910|28 Recep 1447
20260118|0625|0754|1256|1525|1747|1911|29 Recep 1447
20260119|0625|0754|1256|1526|1748|1912|30 Recep 1447
20260120|0624|0753|1256|1527|1749|1913|1 Şaban 1447
20260121|0624|0753|1257|1528|1751|1914|2 Şaban 1447
20260122|0623|0752|1257|1529|1752|1915|3 Şaban 1447
20260123|0623|0751|1257|1530|1753|1916|4 Şaban 1447
20260124|0622|0751|1257|1531|1754|1917|5 Şaban 1447
20260125|0622|0750|1258|1532|1755|1918|6 Şaban 1447
20260126|0621|0749|1258|1533|1757|1919|7 Şaban 1447
20260127|0621|0748|1258|1534|1758|1920|8 Şaban 1447
20260128|0620|0748|1258|1535|1759|1921|9 Şaban 1447
20260129|0619|0747|1259|1536|1800|1922|10 Şaban 1447
20260130|0619|0746|1259|1537|1802|1924|11 Şaban 1447
20260131|0618|0745|1259|1538|1803|1925|12 Şaban 1447
20260201|0617|0744|1259|1539|1804|1926|13 Şaban 1447
20260202|0616|0743|1259|1540|1805|1927|14 Şaban 1447
20260203|0615|0742|1259|1541|1807|1928|15 Şaban 1447
20260204|0614|0741|1259|1542|1808|1929|16 Şaban 1447
20260205|0614|0740|1259|1543|1809|1930|17 Şaban 1447
20260206|0613|0739|1300|1544|1810|1931|18 Şaban 1447
20260207|0612|0738|1300|1545|1811|1932|19 Şaban 1447
20260208|0611|0737|1300|1546|1813|1933|20 Şaban 1447
20260209|0610|0735|1300|1547|1814|1934|21 Şaban 1447
20260210|0609|0734|1300|1548|1815|1935|22 Şaban 1447
20260211|0608|0733|1300|1549|1816|1937|23 Şaban 1447
20260212|0606|0732|1300|1550|1818|1938|24 Şaban 1447
20260213|0605|0731|1300|1551|1819|1939|25 Şaban 1447
20260214|0604|0729|1300|1552|1820|1940|26 Şaban 1447
20260215|0603|0728|1300|1553|1821|1941|27 Şaban 1447
20260216|0602|0727|1300|1554|1822|1942|28 Şaban 1447
20260217|0601|0725|1300|1555|1824|1943|29 Şaban 1447
20260218|0559|0724|1259|1556|1825|1944|30 Şaban 1447
20260219|0558|0723|1259|1557|1826|1945|1 Ramazan 1447
20260220|0557|0721|1259|1557|1827|1946|2 Ramazan 1447
20260221|0555|0720|1259|1558|1828|1948|3 Ramazan 1447
20260222|0554|0718|1259|1559|1830|1949|4 Ramazan 1447
20260223|0553|0717|1259|1600|1831|1950|5 Ramazan 1447
20260224|0551|0716|1259|1601|1832|1951|6 Ramazan 1447
20260225|0550|0714|1259|1602|1833|1952|7 Ramazan 1447
20260226|0549|0713|1258|1602|1834|1953|8 Ramazan 1447
20260227|0547|0711|1258|1603|1835|1954|9 Ramazan 1447
20260228|0546|0710|1258|1604|1837|1955|10 Ramazan 1447
20260301|0544|0708|1258|1605|1838|1956|11 Ramazan 1447
20260302|0543|0707|1258|1605|1839|1958|12 Ramazan 1447
20260303|0541|0705|1258|1606|1840|1959|13 Ramazan 1447
20260304|0540|0703|1257|1607|1841|2000|14 Ramazan 1447
20260305|0538|0702|1257|1608|1842|2001|15 Ramazan 1447
20260306|0536|0700|1257|1608|1843|2002|16 Ramazan 1447
20260307|0535|0659|1257|1609|1845|2003|17 Ramazan 1447
20260308|0533|0657|1256|1610|1846|2004|18 Ramazan 1447
20260309|0532|0656|1256|1610|1847|2005|19 Ramazan 1447
20260310|0530|0654|1256|1611|1848|2007|20 Ramazan 1447
20260311|0528|0652|1256|1612|1849|2008|21 Ramazan 1447
20260312|0527|0651|1255|1612|1850|2009|22 Ramazan 1447
20260313|0525|0649|1255|1613|1851|2010|23 Ramazan 1447
20260314|0523|0647|1255|1614|1852|2011|24 Ramazan 1447
20260315|0521|0646|1255|1614|1853|2012|25 Ramazan 1447
20260316|0520|0644|1254|1615|1854|2013|26 Ramazan 1447
20260317|0518|0643|1254|1615|1855|2015|27 Ramazan 1447
20260318|0516|0641|1254|1616|1857|2016|28 Ramazan 1447
20260319|0514|0639|1253|1616|1858|2017|29 Ramazan 1447
20260320|0513|0638|1253|1617|1859|2018|1 Şevval 1447
20260321|0511|0636|1253|1618|1900|2019|2 Şevval 1447
20260322|0509|0634|1253|1618|1901|2020|3 Şevval 1447
20260323|0507|0633|1252|1619|1902|2022|4 Şevval 1447
20260324|0506|0631|1252|1619|1903|2023|5 Şevval 1447
20260325|0504|0629|1252|1620|1904|2024|6 Şevval 1447
20260326|0502|0628|1251|1620|1905|2025|7 Şevval 1447
20260327|0500|0626|1251|1621|1906|2026|8 Şevval 1447
20260328|0458|0624|1251|1621|1907|2028|9 Şevval 1447
20260329|0456|0623|1250|1621|1908|2029|10 Şevval 1447
20260330|0454|0621|1250|1622|1909|2030|11 Şevval 1447
20260331|0453|0619|1250|1622|1910|2031|12 Şevval 1447
20260401|0451|0618|1250|1623|1911|2033|13 Şevval 1447
20260402|0449|0616|1249|1623|1912|2034|14 Şevval 1447
20260403|0447|0614|1249|1624|1914|2035|15 Şevval 1447
20260404|0445|0613|1249|1624|1915|2036|16 Şevval 1447
20260405|0443|0611|1248|1624|1916|2038|17 Şevval 1447
20260406|0441|0610|1248|1625|1917|2039|18 Şevval 1447
20260407|0439|0608|1248|1625|1918|2040|19 Şevval 1447
20260408|0437|0606|1247|1626|1919|2042|20 Şevval 1447
20260409|0436|0605|1247|1626|1920|2043|21 Şevval 1447
20260410|0434|0603|1247|1626|1921|2044|22 Şevval 1447
20260411|0432|0602|1247|1627|1922|2046|23 Şevval 1447
20260412|0430|0600|1246|1627|1923|2047|24 Şevval 1447
20260413|0428|0558|1246|1627|1924|2048|25 Şevval 1447
20260414|0426|0557|1246|1628|1925|2050|26 Şevval 1447
20260415|0424|0555|1246|1628|1926|2051|27 Şevval 1447
20260416|0422|0554|1245|1628|1927|2053|28 Şevval 1447
20260417|0420|0552|1245|1629|1928|2054|29 Şevval 1447
20260418|0418|0551|1245|1629|1929|2055|1 Zilkade 1447
20260419|0417|0549|1245|1629|1930|2057|2 Zilkade 1447
20260420|0415|0548|1245|1630|1931|2058|3 Zilkade 1447
20260421|0413|0546|1244|1630|1932|2100|4 Zilkade 1447
20260422|0411|0545|1244|1630|1933|2101|5 Zilkade 1447
20260423|0409|0543|1244|1631|1935|2102|6 Zilkade 1447
20260424|0407|0542|1244|1631|1936|2104|7 Zilkade 1447
20260425|0405|0541|1244|1631|1937|2105|8 Zilkade 1447
20260426|0403|0539|1243|1631|1938|2107|9 Zilkade 1447
20260427|0402|0538|1243|1632|1939|2108|10 Zilkade 1447
20260428|0400|0536|1243|1632|1940|2110|11 Zilkade 1447
20260429|0358|0535|1243|1632|1941|2111|12 Zilkade 1447
20260430|0356|0534|1243|1633|1942|2113|13 Zilkade 1447
20260501|0354|0532|1243|1633|1943|2114|14 Zilkade 1447
20260502|0353|0531|1243|1633|1944|2116|15 Zilkade 1447
20260503|0351|0530|1242|1633|1945|2117|16 Zilkade 1447
20260504|0349|0529|1242|1634|1946|2119|17 Zilkade 1447
20260505|0347|0528|1242|1634|1947|2120|18 Zilkade 1447
20260506|0346|0526|1242|1634|1948|2122|19 Zilkade 1447
20260507|0344|0525|1242|1635|1949|2123|20 Zilkade 1447
20260508|0342|0524|1242|1635|1950|2125|21 Zilkade 1447
20260509|0341|0523|1242|1635|1951|2126|22 Zilkade 1447
20260510|0339|0522|1242|1635|1952|2128|23 Zilkade 1447
20260511|0337|0521|1242|1636|1953|2129|24 Zilkade 1447
20260512|0336|0520|1242|1636|1954|2131|25 Zilkade 1447
20260513|0334|0519|1242|1636|1955|2132|26 Zilkade 1447
20260514|0333|0518|1242|1636|1956|2134|27 Zilkade 1447
20260515|0331|0517|1242|1637|1957|2135|28 Zilkade 1447
20260516|0330|0516|1242|1637|1958|2137|29 Zilkade 1447
20260517|0328|0515|1242|1637|1959|2138|30 Zilkade 1447
20260518|0327|0514|1242|1638|2000|2140|1 Zilhicce 1447
20260519|0325|0513|1242|1638|2001|2141|2 Zilhicce 1447
20260520|0324|0512|1242|1638|2002|2142|3 Zilhicce 1447
20260521|0322|0511|1242|1638|2003|2144|4 Zilhicce 1447
20260522|0321|0511|1242|1639|2004|2145|5 Zilhicce 1447
20260523|0320|0510|1242|1639|2005|2147|6 Zilhicce 1447
20260524|0319|0509|1242|1639|2006|2148|7 Zilhicce 1447
20260525|0317|0508|1242|1639|2006|2149|8 Zilhicce 1447
20260526|0316|0508|1243|1640|2007|2151|9 Zilhicce 1447
20260527|0315|0507|1243|1640|2008|2152|10 Zilhicce 1447
20260528|0314|0507|1243|1640|2009|2153|11 Zilhicce 1447
20260529|0313|0506|1243|1641|2010|2154|12 Zilhicce 1447
20260530|0312|0506|1243|1641|2011|2156|13 Zilhicce 1447
20260531|0311|0505|1243|1641|2011|2157|14 Zilhicce 1447
20260601|0310|0505|1243|1641|2012|2158|15 Zilhicce 1447
20260602|0309|0504|1243|1642|2013|2159|16 Zilhicce 1447
20260603|0308|0504|1244|1642|2014|2200|17 Zilhicce 1447
20260604|0307|0503|1244|1642|2014|2201|18 Zilhicce 1447
20260605|0307|0503|1244|1643|2015|2202|19 Zilhicce 1447
20260606|0306|0503|1244|1643|2016|2203|20 Zilhicce 1447
20260607|0305|0502|1244|1643|2016|2204|21 Zilhicce 1447
20260608|0305|0502|1245|1643|2017|2205|22 Zilhicce 1447
20260609|0304|0502|1245|1644|2017|2206|23 Zilhicce 1447
20260610|0304|0502|1245|1644|2018|2207|24 Zilhicce 1447
20260611|0303|0502|1245|1644|2018|2208|25 Zilhicce 1447
20260612|0303|0502|1245|1644|2019|2208|26 Zilhicce 1447
20260613|0303|0502|1246|1645|2019|2209|27 Zilhicce 1447
20260614|0303|0502|1246|1645|2020|2210|28 Zilhicce 1447
20260615|0302|0502|1246|1645|2020|2210|29 Zilhicce 1447
20260616|0302|0502|1246|1645|2021|2211|1 Muharrem 1448
20260617|0302|0502|1246|1646|2021|2211|2 Muharrem 1448
20260618|0302|0502|1247|1646|2021|2212|3 Muharrem 1448
20260619|0302|0502|1247|1646|2022|2212|4 Muharrem 1448
20260620|0302|0502|1247|1646|2022|2212|5 Muharrem 1448
20260621|0303|0502|1247|1647|2022|2213|6 Muharrem 1448
20260622|0303|0502|1247|1647|2022|2213|7 Muharrem 1448
20260623|0303|0503|1248|1647|2023|2213|8 Muharrem 1448
20260624|0303|0503|1248|1647|2023|2213|9 Muharrem 1448
20260625|0304|0503|1248|1647|2023|2213|10 Muharrem 1448
20260626|0304|0504|1248|1648|2023|2213|11 Muharrem 1448
20260627|0305|0504|1249|1648|2023|2213|12 Muharrem 1448
20260628|0305|0504|1249|1648|2023|2213|13 Muharrem 1448
20260629|0306|0505|1249|1648|2023|2213|14 Muharrem 1448
20260630|0307|0505|1249|1648|2023|2213|15 Muharrem 1448
20260701|0307|0506|1249|1648|2023|2212|16 Muharrem 1448
20260702|0308|0506|1250|1649|2023|2212|17 Muharrem 1448
20260703|0309|0507|1250|1649|2023|2212|18 Muharrem 1448
20260704|0310|0507|1250|1649|2022|2211|19 Muharrem 1448
20260705|0311|0508|1250|1649|2022|2211|20 Muharrem 1448
20260706|0312|0509|1250|1649|2022|2210|21 Muharrem 1448
20260707|0313|0509|1250|1649|2022|2209|22 Muharrem 1448
20260708|0314|0510|1251|1649|2021|2209|23 Muharrem 1448
20260709|0315|0510|1251|1649|2021|2208|24 Muharrem 1448
20260710|0316|0511|1251|1649|2021|2207|25 Muharrem 1448
20260711|0317|0512|1251|1649|2020|2206|26 Muharrem 1448
20260712|0318|0513|1251|1649|2020|2206|27 Muharrem 1448
20260713|0319|0513|1251|1649|2019|2205|28 Muharrem 1448
20260714|0320|0514|1251|1649|2019|2204|29 Muharrem 1448
20260715|0322|0515|1251|1649|2018|2203|1 Safer 1448
20260716|0323|0516|1252|1649|2018|2202|2 Safer 1448
20260717|0324|0516|1252|1649|2017|2201|3 Safer 1448
20260718|0326|0517|1252|1649|2016|2200|4 Safer 1448
20260719|0327|0518|1252|1649|2016|2158|5 Safer 1448
20260720|0328|0519|1252|1649|2015|2157|6 Safer 1448
20260721|0330|0520|1252|1649|2014|2156|7 Safer 1448
20260722|0331|0521|1252|1648|2013|2155|8 Safer 1448
20260723|0333|0521|1252|1648|2013|2154|9 Safer 1448
20260724|0334|0522|1252|1648|2012|2152|10 Safer 1448
20260725|0336|0523|1252|1648|2011|2151|11 Safer 1448
20260726|0337|0524|1252|1648|2010|2149|12 Safer 1448
20260727|0338|0525|1252|1647|2009|2148|13 Safer 1448
20260728|0340|0526|1252|1647|2008|2147|14 Safer 1448
20260729|0341|0527|1252|1647|2007|2145|15 Safer 1448
20260730|0343|0528|1252|1647|2006|2144|16 Safer 1448
20260731|0344|0529|1252|1646|2005|2142|17 Safer 1448
20260801|0346|0530|1252|1646|2004|2141|18 Safer 1448
20260802|0347|0531|1252|1646|2003|2139|19 Safer 1448
20260803|0349|0532|1252|1645|2002|2137|20 Safer 1448
20260804|0350|0533|1252|1645|2001|2136|21 Safer 1448
20260805|0352|0534|1252|1644|2000|2134|22 Safer 1448
20260806|0353|0535|1251|1644|1958|2133|23 Safer 1448
20260807|0355|0536|1251|1643|1957|2131|24 Safer 1448
20260808|0356|0537|1251|1643|1956|2129|25 Safer 1448
20260809|0358|0538|1251|1642|1955|2127|26 Safer 1448
20260810|0359|0538|1251|1642|1953|2126|27 Safer 1448
20260811|0401|0539|1251|1641|1952|2124|28 Safer 1448
20260812|0402|0540|1251|1641|1951|2122|29 Safer 1448
20260813|0404|0541|1250|1640|1950|2120|30 Safer 1448
20260814|0405|0542|1250|1640|1948|2119|1 Rebiulevvel 1448
20260815|0407|0543|1250|1639|1947|2117|2 Rebiulevvel 1448
20260816|0408|0544|1250|1638|1945|2115|3 Rebiulevvel 1448
20260817|0410|0545|1250|1638|1944|2113|4 Rebiulevvel 1448
20260818|0411|0546|1249|1637|1943|2111|5 Rebiulevvel 1448
20260819|0413|0547|1249|1636|1941|2110|6 Rebiulevvel 1448
20260820|0414|0548|1249|1636|1940|2108|7 Rebiulevvel 1448
20260821|0415|0549|1249|1635|1938|2106|8 Rebiulevvel 1448
20260822|0417|0550|1249|1634|1937|2104|9 Rebiulevvel 1448
20260823|0418|0551|1248|1633|1935|2102|10 Rebiulevvel 1448
20260824|0420|0552|1248|1633|1934|2100|11 Rebiulevvel 1448
20260825|0421|0553|1248|1632|1932|2058|12 Rebiulevvel 1448
20260826|0422|0554|1247|1631|1931|2057|13 Rebiulevvel 1448
20260827|0424|0555|1247|1630|1929|2055|14 Rebiulevvel 1448
20260828|0425|0556|1247|1629|1928|2053|15 Rebiulevvel 1448
20260829|0426|0557|1247|1628|1926|2051|16 Rebiulevvel 1448
20260830|0428|0558|1246|1628|1924|2049|17 Rebiulevvel 1448
20260831|0429|0559|1246|1627|1923|2047|18 Rebiulevvel 1448
20260901|0430|0600|1246|1626|1921|2045|19 Rebiulevvel 1448
20260902|0432|0601|1245|1625|1920|2043|20 Rebiulevvel 1448
20260903|0433|0602|1245|1624|1918|2041|21 Rebiulevvel 1448
20260904|0434|0603|1245|1623|1916|2039|22 Rebiulevvel 1448
20260905|0435|0604|1244|1622|1915|2038|23 Rebiulevvel 1448
20260906|0437|0605|1244|1621|1913|2036|24 Rebiulevvel 1448
20260907|0438|0606|1244|1620|1911|2034|25 Rebiulevvel 1448
20260908|0439|0607|1243|1619|1910|2032|26 Rebiulevvel 1448
20260909|0440|0608|1243|1618|1908|2030|27 Rebiulevvel 1448
20260910|0442|0609|1243|1617|1906|2028|28 Rebiulevvel 1448
20260911|0443|0610|1242|1616|1905|2026|29 Rebiulevvel 1448
20260912|0444|0611|1242|1615|1903|2024|1 Rebiulahir 1448
20260913|0445|0612|1242|1614|1901|2022|2 Rebiulahir 1448
20260914|0446|0613|1241|1613|1900|2021|3 Rebiulahir 1448
20260915|0448|0614|1241|1612|1858|2019|4 Rebiulahir 1448
20260916|0449|0615|1241|1610|1856|2017|5 Rebiulahir 1448
20260917|0450|0616|1240|1609|1855|2015|6 Rebiulahir 1448
20260918|0451|0617|1240|1608|1853|2013|7 Rebiulahir 1448
20260919|0452|0618|1239|1607|1851|2011|8 Rebiulahir 1448
20260920|0453|0619|1239|1606|1850|2009|9 Rebiulahir 1448
20260921|0454|0620|1239|1605|1848|2008|10 Rebiulahir 1448
20260922|0456|0621|1238|1604|1846|2006|11 Rebiulahir 1448
20260923|0457|0622|1238|1602|1844|2004|12 Rebiulahir 1448
20260924|0458|0623|1238|1601|1843|2002|13 Rebiulahir 1448
20260925|0459|0624|1237|1600|1841|2000|14 Rebiulahir 1448
20260926|0500|0625|1237|1559|1839|1959|15 Rebiulahir 1448
20260927|0501|0626|1237|1558|1838|1957|16 Rebiulahir 1448
20260928|0502|0627|1236|1557|1836|1955|17 Rebiulahir 1448
20260929|0503|0628|1236|1555|1834|1953|18 Rebiulahir 1448
20260930|0504|0629|1236|1554|1833|1952|19 Rebiulahir 1448
20261001|0506|0630|1235|1553|1831|1950|20 Rebiulahir 1448
20261002|0507|0631|1235|1552|1829|1948|21 Rebiulahir 1448
20261003|0508|0632|1235|1551|1828|1946|22 Rebiulahir 1448
20261004|0509|0633|1234|1549|1826|1945|23 Rebiulahir 1448
20261005|0510|0634|1234|1548|1824|1943|24 Rebiulahir 1448
20261006|0511|0635|1234|1547|1823|1941|25 Rebiulahir 1448
20261007|0512|0636|1233|1546|1821|1940|26 Rebiulahir 1448
20261008|0513|0637|1233|1545|1820|1938|27 Rebiulahir 1448
20261009|0514|0638|1233|1543|1818|1937|28 Rebiulahir 1448
20261010|0515|0639|1233|1542|1816|1935|29 Rebiulahir 1448
20261011|0516|0640|1232|1541|1815|1933|30 Rebiulahir 1448
20261012|0517|0641|1232|1540|1813|1932|1 Cemaziyelevvel 1448
20261013|0518|0642|1232|1539|1812|1930|2 Cemaziyelevvel 1448
20261014|0519|0643|1232|1537|1810|1929|3 Cemaziyelevvel 1448
20261015|0520|0644|1231|1536|1808|1927|4 Cemaziyelevvel 1448
20261016|0521|0645|1231|1535|1807|1926|5 Cemaziyelevvel 1448
20261017|0522|0647|1231|1534|1805|1924|6 Cemaziyelevvel 1448
20261018|0523|0648|1231|1533|1804|1923|7 Cemaziyelevvel 1448
20261019|0524|0649|1231|1532|1802|1921|8 Cemaziyelevvel 1448
20261020|0525|0650|1230|1530|1801|1920|9 Cemaziyelevvel 1448
20261021|0527|0651|1230|1529|1800|1919|10 Cemaziyelevvel 1448
20261022|0528|0652|1230|1528|1758|1917|11 Cemaziyelevvel 1448
20261023|0529|0653|1230|1527|1757|1916|12 Cemaziyelevvel 1448
20261024|0530|0654|1230|1526|1755|1915|13 Cemaziyelevvel 1448
20261025|0531|0655|1230|1525|1754|1913|14 Cemaziyelevvel 1448
20261026|0532|0657|1230|1524|1753|1912|15 Cemaziyelevvel 1448
20261027|0533|0658|1229|1523|1751|1911|16 Cemaziyelevvel 1448
20261028|0534|0659|1229|1522|1750|1910|17 Cemaziyelevvel 1448
20261029|0535|0700|1229|1521|1749|1908|18 Cemaziyelevvel 1448
20261030|0536|0701|1229|1520|1747|1907|19 Cemaziyelevvel 1448
20261031|0537|0702|1229|1519|1746|1906|20 Cemaziyelevvel 1448
20261101|0538|0703|1229|1518|1745|1905|21 Cemaziyelevvel 1448
20261102|0539|0705|1229|1517|1744|1904|22 Cemaziyelevvel 1448
20261103|0540|0706|1229|1516|1742|1903|23 Cemaziyelevvel 1448
20261104|0541|0707|1229|1515|1741|1902|24 Cemaziyelevvel 1448
20261105|0542|0708|1229|1514|1740|1901|25 Cemaziyelevvel 1448
20261106|0543|0709|1229|1513|1739|1900|26 Cemaziyelevvel 1448
20261107|0544|0711|1229|1512|1738|1859|27 Cemaziyelevvel 1448
20261108|0545|0712|1229|1511|1737|1858|28 Cemaziyelevvel 1448
20261109|0546|0713|1229|1511|1736|1857|29 Cemaziyelevvel 1448
20261110|0547|0714|1229|1510|1735|1856|1 Cemaziyelahir 1448
20261111|0548|0715|1229|1509|1734|1856|2 Cemaziyelahir 1448
20261112|0549|0716|1230|1508|1733|1855|3 Cemaziyelahir 1448
20261113|0550|0718|1230|1507|1732|1854|4 Cemaziyelahir 1448
20261114|0551|0719|1230|1507|1731|1853|5 Cemaziyelahir 1448
20261115|0552|0720|1230|1506|1730|1853|6 Cemaziyelahir 1448
20261116|0553|0721|1230|1505|1729|1852|7 Cemaziyelahir 1448
20261117|0554|0722|1230|1505|1728|1851|8 Cemaziyelahir 1448
20261118|0555|0724|1231|1504|1728|1851|9 Cemaziyelahir 1448
20261119|0556|0725|1231|1504|1727|1850|10 Cemaziyelahir 1448
20261120|0557|0726|1231|1503|1726|1849|11 Cemaziyelahir 1448
20261121|0558|0727|1231|1503|1726|1849|12 Cemaziyelahir 1448
20261122|0559|0728|1231|1502|1725|1849|13 Cemaziyelahir 1448
20261123|0600|0729|1232|1502|1724|1848|14 Cemaziyelahir 1448
20261124|0601|0730|1232|1501|1724|1848|15 Cemaziyelahir 1448
20261125|0602|0731|1232|1501|1723|1847|16 Cemaziyelahir 1448
20261126|0603|0733|1233|1500|1723|1847|17 Cemaziyelahir 1448
20261127|0604|0734|1233|1500|1722|1847|18 Cemaziyelahir 1448
20261128|0605|0735|1233|1500|1722|1846|19 Cemaziyelahir 1448
20261129|0606|0736|1234|1500|1721|1846|20 Cemaziyelahir 1448
20261130|0607|0737|1234|1459|1721|1846|21 Cemaziyelahir 1448
20261201|0608|0738|1234|1459|1721|1846|22 Cemaziyelahir 1448
20261202|0608|0739|1235|1459|1721|1846|23 Cemaziyelahir 1448
20261203|0609|0740|1235|1459|1720|1845|24 Cemaziyelahir 1448
20261204|0610|0741|1235|1459|1720|1845|25 Cemaziyelahir 1448
20261205|0611|0742|1236|1459|1720|1845|26 Cemaziyelahir 1448
20261206|0612|0743|1236|1459|1720|1845|27 Cemaziyelahir 1448
20261207|0613|0744|1237|1459|1720|1845|28 Cemaziyelahir 1448
20261208|0613|0745|1237|1459|1720|1845|29 Cemaziyelahir 1448
20261209|0614|0746|1238|1459|1720|1846|30 Cemaziyelahir 1448
20261210|0615|0746|1238|1459|1720|1846|1 Recep 1448
20261211|0616|0747|1239|1459|1720|1846|2 Recep 1448
20261212|0616|0748|1239|1459|1720|1846|3 Recep 1448
20261213|0617|0749|1239|1459|1720|1846|4 Recep 1448
20261214|0618|0750|1240|1500|1720|1847|5 Recep 1448
20261215|0619|0750|1240|1500|1721|1847|6 Recep 1448
20261216|0619|0751|1241|1500|1721|1847|7 Recep 1448
20261217|0620|0752|1241|1501|1721|1847|8 Recep 1448
20261218|0620|0752|1242|1501|1721|1848|9 Recep 1448
20261219|0621|0753|1242|1501|1722|1848|10 Recep 1448
20261220|0622|0753|1243|1502|1722|1849|11 Recep 1448
20261221|0622|0754|1243|1502|1723|1849|12 Recep 1448
20261222|0623|0755|1244|1503|1723|1850|13 Recep 1448
20261223|0623|0755|1244|1503|1724|1850|14 Recep 1448
20261224|0624|0755|1245|1504|1724|1851|15 Recep 1448
20261225|0624|0756|1245|1504|1725|1851|16 Recep 1448
20261226|0624|0756|1246|1505|1725|1852|17 Recep 1448
20261227|0625|0757|1246|1506|1726|1852|18 Recep 1448
20261228|0625|0757|1247|1506|1727|1853|19 Recep 1448
20261229|0625|0757|1247|1507|1728|1854|20 Recep 1448
20261230|0626|0757|1248|1508|1728|1854|21 Recep 1448
20261231|0626|0758|1248|1508|1729|1855|22 Recep 1448
20270101|0626|0758|1249|1509|1730|1856|23 Recep 1448
20270102|0626|0758|1249|1510|1731|1857|24 Recep 1448
20270103|0627|0758|1250|1511|1732|1857|25 Recep 1448
20270104|0627|0758|1250|1511|1732|1858|26 Recep 1448
20270105|0627|0758|1251|1512|1733|1859|27 Recep 1448
20270106|0627|0758|1251|1513|1734|1900|28 Recep 1448
20270107|0627|0758|1251|1514|1735|1901|29 Recep 1448
20270108|0627|0758|1252|1515|1736|1902|30 Recep 1448
20270109|0627|0758|1252|1516|1737|1902|1 Şaban 1448
20270110|0627|0757|1253|1517|1738|1903|2 Şaban 1448
20270111|0627|0757|1253|1518|1739|1904|3 Şaban 1448
20270112|0627|0757|1254|1519|1740|1905|4 Şaban 1448
20270113|0626|0757|1254|1520|1741|1906|5 Şaban 1448
20270114|0626|0756|1254|1520|1742|1907|6 Şaban 1448
20270115|0626|0756|1255|1521|1743|1908|7 Şaban 1448
20270116|0626|0755|1255|1522|1745|1909|8 Şaban 1448
20270117|0625|0755|1255|1523|1746|1910|9 Şaban 1448
20270118|0625|0755|1256|1524|1747|1911|10 Şaban 1448
20270119|0625|0754|1256|1525|1748|1912|11 Şaban 1448
20270120|0624|0753|1256|1526|1749|1913|12 Şaban 1448
20270121|0624|0753|1257|1528|1750|1914|13 Şaban 1448
20270122|0624|0752|1257|1529|1752|1915|14 Şaban 1448
20270123|0623|0752|1257|1530|1753|1916|15 Şaban 1448
20270124|0622|0751|1257|1531|1754|1917|16 Şaban 1448
20270125|0622|0750|1258|1532|1755|1918|17 Şaban 1448
20270126|0621|0749|1258|1533|1756|1919|18 Şaban 1448
20270127|0621|0749|1258|1534|1758|1920|19 Şaban 1448
20270128|0620|0748|1258|1535|1759|1921|20 Şaban 1448
20270129|0619|0747|1258|1536|1800|1922|21 Şaban 1448
20270130|0619|0746|1259|1537|1801|1923|22 Şaban 1448
20270131|0618|0745|1259|1538|1802|1924|23 Şaban 1448
20270201|0617|0744|1259|1539|1804|1925|24 Şaban 1448
20270202|0616|0743|1259|1540|1805|1927|25 Şaban 1448
20270203|0616|0742|1259|1541|1806|1928|26 Şaban 1448
20270204|0615|0741|1259|1542|1807|1929|27 Şaban 1448
20270205|0614|0740|1259|1543|1809|1930|28 Şaban 1448
20270206|0613|0739|1300|1544|1810|1931|29 Şaban 1448
20270207|0612|0738|1300|1545|1811|1932|30 Şaban 1448
20270208|0611|0737|1300|1546|1812|1933|1 Ramazan 1448
20270209|0610|0736|1300|1547|1814|1934|2 Ramazan 1448
20270210|0609|0735|1300|1548|1815|1935|3 Ramazan 1448
20270211|0608|0733|1300|1549|1816|1936|4 Ramazan 1448
20270212|0607|0732|1300|1550|1817|1937|5 Ramazan 1448
20270213|0606|0731|1300|1551|1819|1939|6 Ramazan 1448
20270214|0604|0730|1300|1552|1820|1940|7 Ramazan 1448
20270215|0603|0728|1300|1553|1821|1941|8 Ramazan 1448
20270216|0602|0727|1300|1554|1822|1942|9 Ramazan 1448
20270217|0601|0726|1300|1554|1823|1943|10 Ramazan 1448
20270218|0600|0724|1259|1555|1825|1944|11 Ramazan 1448
20270219|0558|0723|1259|1556|1826|1945|12 Ramazan 1448
20270220|0557|0722|1259|1557|1827|1946|13 Ramazan 1448
20270221|0556|0720|1259|1558|1828|1947|14 Ramazan 1448
20270222|0554|0719|1259|1559|1829|1948|15 Ramazan 1448
20270223|0553|0717|1259|1600|1831|1950|16 Ramazan 1448
20270224|0552|0716|1259|1601|1832|1951|17 Ramazan 1448
20270225|0550|0714|1259|1601|1833|1952|18 Ramazan 1448
20270226|0549|0713|1258|1602|1834|1953|19 Ramazan 1448
20270227|0547|0712|1258|1603|1835|1954|20 Ramazan 1448
20270228|0546|0710|1258|1604|1836|1955|21 Ramazan 1448
20270301|0545|0708|1258|1605|1837|1956|22 Ramazan 1448
20270302|0543|0707|1258|1605|1839|1957|23 Ramazan 1448
20270303|0541|0705|1258|1606|1840|1958|24 Ramazan 1448
20270304|0540|0704|1257|1607|1841|2000|25 Ramazan 1448
20270305|0538|0702|1257|1608|1842|2001|26 Ramazan 1448
20270306|0537|0701|1257|1608|1843|2002|27 Ramazan 1448
20270307|0535|0659|1257|1609|1844|2003|28 Ramazan 1448
20270308|0534|0658|1256|1610|1845|2004|29 Ramazan 1448
20270309|0532|0656|1256|1610|1846|2005|1 Şevval 1448
20270310|0530|0654|1256|1611|1848|2006|2 Şevval 1448
20270311|0529|0653|1256|1612|1849|2007|3 Şevval 1448
20270312|0527|0651|1255|1612|1850|2009|4 Şevval 1448
20270313|0525|0649|1255|1613|1851|2010|5 Şevval 1448
20270314|0524|0648|1255|1613|1852|2011|6 Şevval 1448
20270315|0522|0646|1255|1614|1853|2012|7 Şevval 1448
20270316|0520|0645|1254|1615|1854|2013|8 Şevval 1448
20270317|0518|0643|1254|1615|1855|2014|9 Şevval 1448
20270318|0517|0641|1254|1616|1856|2015|10 Şevval 1448
20270319|0515|0640|1253|1616|1857|2017|11 Şevval 1448
20270320|0513|0638|1253|1617|1858|2018|12 Şevval 1448
20270321|0511|0636|1253|1617|1900|2019|13 Şevval 1448
20270322|0510|0635|1253|1618|1901|2020|14 Şevval 1448
20270323|0508|0633|1252|1618|1902|2021|15 Şevval 1448
20270324|0506|0631|1252|1619|1903|2023|16 Şevval 1448
20270325|0504|0630|1252|1619|1904|2024|17 Şevval 1448
20270326|0502|0628|1251|1620|1905|2025|18 Şevval 1448
20270327|0500|0626|1251|1620|1906|2026|19 Şevval 1448
20270328|0459|0625|1251|1621|1907|2027|20 Şevval 1448
20270329|0457|0623|1250|1621|1908|2029|21 Şevval 1448
20270330|0455|0621|1250|1622|1909|2030|22 Şevval 1448
20270331|0453|0620|1250|1622|1910|2031|23 Şevval 1448
20270401|0451|0618|1250|1623|1911|2032|24 Şevval 1448
20270402|0449|0616|1249|1623|1912|2034|25 Şevval 1448
20270403|0447|0615|1249|1623|1913|2035|26 Şevval 1448
20270404|0445|0613|1249|1624|1914|2036|27 Şevval 1448
20270405|0444|0612|1248|1624|1915|2037|28 Şevval 1448
20270406|0442|0610|1248|1625|1916|2039|29 Şevval 1448
20270407|0440|0608|1248|1625|1917|2040|30 Şevval 1448
20270408|0438|0607|1248|1625|1918|2041|1 Zilkade 1448
20270409|0436|0605|1247|1626|1920|2043|2 Zilkade 1448
20270410|0434|0603|1247|1626|1921|2044|3 Zilkade 1448
20270411|0432|0602|1247|1627|1922|2045|4 Zilkade 1448
20270412|0430|0600|1246|1627|1923|2047|5 Zilkade 1448
20270413|0428|0559|1246|1627|1924|2048|6 Zilkade 1448
20270414|0426|0557|1246|1628|1925|2049|7 Zilkade 1448
20270415|0425|0556|1246|1628|1926|2051|8 Zilkade 1448
20270416|0423|0554|1245|1628|1927|2052|9 Zilkade 1448
20270417|0421|0553|1245|1629|1928|2054|10 Zilkade 1448
20270418|0419|0551|1245|1629|1929|2055|11 Zilkade 1448
20270419|0417|0550|1245|1629|1930|2056|12 Zilkade 1448
20270420|0415|0548|1245|1630|1931|2058|13 Zilkade 1448
20270421|0413|0547|1244|1630|1932|2059|14 Zilkade 1448
20270422|0411|0545|1244|1630|1933|2101|15 Zilkade 1448
20270423|0409|0544|1244|1630|1934|2102|16 Zilkade 1448
20270424|0408|0542|1244|1631|1935|2104|17 Zilkade 1448
20270425|0406|0541|1244|1631|1936|2105|18 Zilkade 1448
20270426|0404|0540|1243|1631|1937|2106|19 Zilkade 1448
20270427|0402|0538|1243|1632|1938|2108|20 Zilkade 1448
20270428|0400|0537|1243|1632|1940|2109|21 Zilkade 1448
20270429|0358|0535|1243|1632|1941|2111|22 Zilkade 1448
20270430|0357|0534|1243|1632|1942|2112|23 Zilkade 1448
20270501|0355|0533|1243|1633|1943|2114|24 Zilkade 1448
20270502|0353|0532|1243|1633|1944|2115|25 Zilkade 1448
20270503|0351|0530|1242|1633|1945|2117|26 Zilkade 1448
20270504|0350|0529|1242|1634|1946|2118|27 Zilkade 1448
20270505|0348|0528|1242|1634|1947|2120|28 Zilkade 1448
20270506|0346|0527|1242|1634|1948|2121|29 Zilkade 1448
20270507|0344|0525|1242|1634|1949|2123|1 Zilhicce 1448
20270508|0343|0524|1242|1635|1950|2124|2 Zilhicce 1448
20270509|0341|0523|1242|1635|1951|2126|3 Zilhicce 1448
20270510|0339|0522|1242|1635|1952|2127|4 Zilhicce 1448
20270511|0338|0521|1242|1636|1953|2129|5 Zilhicce 1448
20270512|0336|0520|1242|1636|1954|2130|6 Zilhicce 1448
20270513|0334|0519|1242|1636|1955|2132|7 Zilhicce 1448
20270514|0333|0518|1242|1636|1956|2133|8 Zilhicce 1448
20270515|0331|0517|1242|1637|1957|2135|9 Zilhicce 1448
20270516|0330|0516|1242|1637|1958|2136|10 Zilhicce 1448
20270517|0328|0515|1242|1637|1959|2138|11 Zilhicce 1448
20270518|0327|0514|1242|1637|2000|2139|12 Zilhicce 1448
20270519|0326|0513|1242|1638|2001|2141|13 Zilhicce 1448
20270520|0324|0512|1242|1638|2002|2142|14 Zilhicce 1448
20270521|0323|0512|1242|1638|2003|2143|15 Zilhicce 1448
20270522|0321|0511|1242|1639|2004|2145|16 Zilhicce 1448
20270523|0320|0510|1242|1639|2004|2146|17 Zilhicce 1448
20270524|0319|0509|1242|1639|2005|2148|18 Zilhicce 1448
20270525|0318|0509|1242|1639|2006|2149|19 Zilhicce 1448
20270526|0316|0508|1243|1640|2007|2150|20 Zilhicce 1448
20270527|0315|0507|1243|1640|2008|2152|21 Zilhicce 1448
20270528|0314|0507|1243|1640|2009|2153|22 Zilhicce 1448
20270529|0313|0506|1243|1641|2010|2154|23 Zilhicce 1448
20270530|0312|0506|1243|1641|2010|2155|24 Zilhicce 1448
20270531|0311|0505|1243|1641|2011|2157|25 Zilhicce 1448
20270601|0310|0505|1243|1641|2012|2158|26 Zilhicce 1448
20270602|0309|0504|1243|1642|2013|2159|27 Zilhicce 1448
20270603|0308|0504|1244|1642|2013|2200|28 Zilhicce 1448
20270604|0308|0503|1244|1642|2014|2201|29 Zilhicce 1448
20270605|0307|0503|1244|1643|2015|2202|30 Zilhicce 1448
20270606|0306|0503|1244|1643|2015|2203|1 Muharrem 1449
20270607|0306|0503|1244|1643|2016|2204|2 Muharrem 1449
20270608|0305|0502|1244|1643|2017|2205|3 Muharrem 1449
20270609|0304|0502|1245|1644|2017|2206|4 Muharrem 1449
20270610|0304|0502|1245|1644|2018|2207|5 Muharrem 1449
20270611|0304|0502|1245|1644|2018|2208|6 Muharrem 1449
20270612|0303|0502|1245|1644|2019|2208|7 Muharrem 1449
20270613|0303|0502|1245|1645|2019|2209|8 Muharrem 1449
20270614|0303|0502|1246|1645|2020|2210|9 Muharrem 1449
20270615|0302|0502|1246|1645|2020|2210|10 Muharrem 1449
20270616|0302|0502|1246|1645|2021|2211|11 Muharrem 1449
20270617|0302|0502|1246|1646|2021|2211|12 Muharrem 1449
20270618|0302|0502|1247|1646|2021|2212|13 Muharrem 1449
20270619|0302|0502|1247|1646|2022|2212|14 Muharrem 1449
20270620|0302|0502|1247|1646|2022|2212|15 Muharrem 1449
20270621|0302|0502|1247|1647|2022|2213|16 Muharrem 1449
20270622|0303|0502|1247|1647|2022|2213|17 Muharrem 1449
20270623|0303|0503|1248|1647|2023|2213|18 Muharrem 1449
20270624|0303|0503|1248|1647|2023|2213|19 Muharrem 1449
20270625|0304|0503|1248|1647|2023|2213|20 Muharrem 1449
20270626|0304|0504|1248|1648|2023|2213|21 Muharrem 1449
20270627|0305|0504|1248|1648|2023|2213|22 Muharrem 1449
20270628|0305|0504|1249|1648|2023|2213|23 Muharrem 1449
20270629|0306|0505|1249|1648|2023|2213|24 Muharrem 1449
20270630|0306|0505|1249|1648|2023|2213|25 Muharrem 1449
20270701|0307|0506|1249|1648|2023|2212|26 Muharrem 1449
20270702|0308|0506|1249|1649|2023|2212|27 Muharrem 1449
20270703|0309|0507|1250|1649|2023|2212|28 Muharrem 1449
20270704|0310|0507|1250|1649|2023|2211|29 Muharrem 1449
20270705|0310|0508|1250|1649|2022|2211|1 Safer 1449
20270706|0311|0508|1250|1649|2022|2210|2 Safer 1449
20270707|0312|0509|1250|1649|2022|2210|3 Safer 1449
20270708|0313|0510|1251|1649|2021|2209|4 Safer 1449
20270709|0314|0510|1251|1649|2021|2208|5 Safer 1449
20270710|0315|0511|1251|1649|2021|2207|6 Safer 1449
20270711|0317|0512|1251|1649|2020|2207|7 Safer 1449
20270712|0318|0512|1251|1649|2020|2206|8 Safer 1449
20270713|0319|0513|1251|1649|2019|2205|9 Safer 1449
20270714|0320|0514|1251|1649|2019|2204|10 Safer 1449
20270715|0321|0515|1251|1649|2018|2203|11 Safer 1449
20270716|0323|0515|1252|1649|2018|2202|12 Safer 1449
20270717|0324|0516|1252|1649|2017|2201|13 Safer 1449
20270718|0325|0517|1252|1649|2016|2200|14 Safer 1449
20270719|0327|0518|1252|1649|2016|2159|15 Safer 1449
20270720|0328|0519|1252|1649|2015|2158|16 Safer 1449
20270721|0329|0520|1252|1649|2014|2156|17 Safer 1449
20270722|0331|0520|1252|1648|2014|2155|18 Safer 1449
20270723|0332|0521|1252|1648|2013|2154|19 Safer 1449
20270724|0334|0522|1252|1648|2012|2153|20 Safer 1449
20270725|0335|0523|1252|1648|2011|2151|21 Safer 1449
20270726|0337|0524|1252|1648|2010|2150|22 Safer 1449
20270727|0338|0525|1252|1647|2009|2148|23 Safer 1449
20270728|0340|0526|1252|1647|2008|2147|24 Safer 1449
20270729|0341|0527|1252|1647|2007|2145|25 Safer 1449
20270730|0343|0528|1252|1647|2006|2144|26 Safer 1449
20270731|0344|0529|1252|1646|2005|2142|27 Safer 1449
20270801|0346|0530|1252|1646|2004|2141|28 Safer 1449
20270802|0347|0530|1252|1646|2003|2139|29 Safer 1449
20270803|0349|0531|1252|1645|2002|2138|1 Rebiulevvel 1449
20270804|0350|0532|1252|1645|2001|2136|2 Rebiulevvel 1449
20270805|0352|0533|1252|1644|2000|2135|3 Rebiulevvel 1449
20270806|0353|0534|1252|1644|1959|2133|4 Rebiulevvel 1449
20270807|0355|0535|1251|1644|1958|2131|5 Rebiulevvel 1449
20270808|0356|0536|1251|1643|1956|2130|6 Rebiulevvel 1449
20270809|0358|0537|1251|1643|1955|2128|7 Rebiulevvel 1449
20270810|0359|0538|1251|1642|1954|2126|8 Rebiulevvel 1449
20270811|0400|0539|1251|1642|1953|2124|9 Rebiulevvel 1449
20270812|0402|0540|1251|1641|1951|2123|10 Rebiulevvel 1449
20270813|0403|0541|1251|1640|1950|2121|11 Rebiulevvel 1449
20270814|0405|0542|1250|1640|1949|2119|12 Rebiulevvel 1449
20270815|0406|0543|1250|1639|1947|2117|13 Rebiulevvel 1449
20270816|0408|0544|1250|1639|1946|2115|14 Rebiulevvel 1449
20270817|0409|0545|1250|1638|1944|2114|15 Rebiulevvel 1449
20270818|0411|0546|1250|1637|1943|2112|16 Rebiulevvel 1449
20270819|0412|0547|1249|1637|1942|2110|17 Rebiulevvel 1449
20270820|0414|0548|1249|1636|1940|2108|18 Rebiulevvel 1449
20270821|0415|0549|1249|1635|1939|2106|19 Rebiulevvel 1449
20270822|0416|0550|1249|1634|1937|2104|20 Rebiulevvel 1449
20270823|0418|0551|1248|1634|1936|2103|21 Rebiulevvel 1449
20270824|0419|0552|1248|1633|1934|2101|22 Rebiulevvel 1449
20270825|0421|0553|1248|1632|1933|2059|23 Rebiulevvel 1449
20270826|0422|0554|1248|1631|1931|2057|24 Rebiulevvel 1449
20270827|0423|0555|1247|1630|1930|2055|25 Rebiulevvel 1449
20270828|0425|0556|1247|1630|1928|2053|26 Rebiulevvel 1449
20270829|0426|0557|1247|1629|1926|2051|27 Rebiulevvel 1449
20270830|0427|0558|1246|1628|1925|2049|28 Rebiulevvel 1449
20270831|0429|0559|1246|1627|1923|2048|29 Rebiulevvel 1449
20270901|0430|0600|1246|1626|1922|2046|30 Rebiulevvel 1449
20270902|0431|0601|1245|1625|1920|2044|1 Rebiulahir 1449
20270903|0433|0602|1245|1624|1918|2042|2 Rebiulahir 1449
20270904|0434|0603|1245|1623|1917|2040|3 Rebiulahir 1449
20270905|0435|0604|1244|1622|1915|2038|4 Rebiulahir 1449
20270906|0436|0605|1244|1621|1914|2036|5 Rebiulahir 1449
20270907|0438|0606|1244|1620|1912|2034|6 Rebiulahir 1449
20270908|0439|0607|1243|1619|1910|2032|7 Rebiulahir 1449
20270909|0440|0608|1243|1618|1909|2030|8 Rebiulahir 1449
20270910|0441|0609|1243|1617|1907|2028|9 Rebiulahir 1449
20270911|0443|0610|1242|1616|1905|2027|10 Rebiulahir 1449
20270912|0444|0611|1242|1615|1904|2025|11 Rebiulahir 1449
20270913|0445|0612|1242|1614|1902|2023|12 Rebiulahir 1449
20270914|0446|0613|1241|1613|1900|2021|13 Rebiulahir 1449
20270915|0447|0614|1241|1612|1858|2019|14 Rebiulahir 1449
20270916|0448|0615|1241|1611|1857|2017|15 Rebiulahir 1449
20270917|0450|0616|1240|1610|1855|2015|16 Rebiulahir 1449
20270918|0451|0616|1240|1608|1853|2014|17 Rebiulahir 1449
20270919|0452|0617|1240|1607|1852|2012|18 Rebiulahir 1449
20270920|0453|0618|1239|1606|1850|2010|19 Rebiulahir 1449
20270921|0454|0619|1239|1605|1848|2008|20 Rebiulahir 1449
20270922|0455|0620|1238|1604|1847|2006|21 Rebiulahir 1449
20270923|0456|0621|1238|1603|1845|2004|22 Rebiulahir 1449
20270924|0458|0622|1238|1602|1843|2003|23 Rebiulahir 1449
20270925|0459|0623|1237|1600|1841|2001|24 Rebiulahir 1449
20270926|0500|0624|1237|1559|1840|1959|25 Rebiulahir 1449
20270927|0501|0625|1237|1558|1838|1957|26 Rebiulahir 1449
20270928|0502|0626|1236|1557|1836|1955|27 Rebiulahir 1449
20270929|0503|0627|1236|1556|1835|1954|28 Rebiulahir 1449
20270930|0504|0628|1236|1554|1833|1952|29 Rebiulahir 1449
20271001|0505|0629|1235|1553|1831|1950|1 Cemaziyelevvel 1449
20271002|0506|0630|1235|1552|1830|1949|2 Cemaziyelevvel 1449
20271003|0507|0631|1235|1551|1828|1947|3 Cemaziyelevvel 1449
20271004|0508|0632|1234|1550|1826|1945|4 Cemaziyelevvel 1449
20271005|0510|0634|1234|1548|1825|1943|5 Cemaziyelevvel 1449
20271006|0511|0635|1234|1547|1823|1942|6 Cemaziyelevvel 1449
20271007|0512|0636|1234|1546|1822|1940|7 Cemaziyelevvel 1449
20271008|0513|0637|1233|1545|1820|1939|8 Cemaziyelevvel 1449
20271009|0514|0638|1233|1544|1818|1937|9 Cemaziyelevvel 1449
20271010|0515|0639|1233|1542|1817|1935|10 Cemaziyelevvel 1449
20271011|0516|0640|1232|1541|1815|1934|11 Cemaziyelevvel 1449
20271012|0517|0641|1232|1540|1814|1932|12 Cemaziyelevvel 1449
20271013|0518|0642|1232|1539|1812|1931|13 Cemaziyelevvel 1449
20271014|0519|0643|1232|1538|1810|1929|14 Cemaziyelevvel 1449
20271015|0520|0644|1231|1537|1809|1928|15 Cemaziyelevvel 1449
20271016|0521|0645|1231|1535|1807|1926|16 Cemaziyelevvel 1449
20271017|0522|0646|1231|1534|1806|1925|17 Cemaziyelevvel 1449
20271018|0523|0647|1231|1533|1804|1923|18 Cemaziyelevvel 1449
20271019|0524|0648|1231|1532|1803|1922|19 Cemaziyelevvel 1449
20271020|0525|0650|1230|1531|1801|1920|20 Cemaziyelevvel 1449
20271021|0526|0651|1230|1530|1800|1919|21 Cemaziyelevvel 1449
20271022|0527|0652|1230|1528|1758|1918|22 Cemaziyelevvel 1449
20271023|0528|0653|1230|1527|1757|1916|23 Cemaziyelevvel 1449
20271024|0529|0654|1230|1526|1756|1915|24 Cemaziyelevvel 1449
20271025|0530|0655|1230|1525|1754|1914|25 Cemaziyelevvel 1449
20271026|0531|0656|1230|1524|1753|1912|26 Cemaziyelevvel 1449
20271027|0532|0657|1229|1523|1752|1911|27 Cemaziyelevvel 1449
20271028|0534|0659|1229|1522|1750|1910|28 Cemaziyelevvel 1449
20271029|0535|0700|1229|1521|1749|1909|29 Cemaziyelevvel 1449
20271030|0536|0701|1229|1520|1748|1908|30 Cemaziyelevvel 1449
20271031|0537|0702|1229|1519|1746|1906|1 Cemaziyelahir 1449
20271101|0538|0703|1229|1518|1745|1905|2 Cemaziyelahir 1449
20271102|0539|0704|1229|1517|1744|1904|3 Cemaziyelahir 1449
20271103|0540|0706|1229|1516|1743|1903|4 Cemaziyelahir 1449
20271104|0541|0707|1229|1515|1741|1902|5 Cemaziyelahir 1449
20271105|0542|0708|1229|1514|1740|1901|6 Cemaziyelahir 1449
20271106|0543|0709|1229|1513|1739|1900|7 Cemaziyelahir 1449
20271107|0544|0710|1229|1512|1738|1859|8 Cemaziyelahir 1449
20271108|0545|0711|1229|1512|1737|1858|9 Cemaziyelahir 1449
20271109|0546|0713|1229|1511|1736|1857|10 Cemaziyelahir 1449
20271110|0547|0714|1229|1510|1735|1857|11 Cemaziyelahir 1449
20271111|0548|0715|1229|1509|1734|1856|12 Cemaziyelahir 1449
20271112|0549|0716|1230|1508|1733|1855|13 Cemaziyelahir 1449
20271113|0550|0717|1230|1508|1732|1854|14 Cemaziyelahir 1449
20271114|0551|0719|1230|1507|1731|1853|15 Cemaziyelahir 1449
20271115|0552|0720|1230|1506|1730|1853|16 Cemaziyelahir 1449
20271116|0553|0721|1230|1506|1729|1852|17 Cemaziyelahir 1449
20271117|0554|0722|1230|1505|1729|1851|18 Cemaziyelahir 1449
20271118|0555|0723|1231|1504|1728|1851|19 Cemaziyelahir 1449
20271119|0556|0724|1231|1504|1727|1850|20 Cemaziyelahir 1449
20271120|0557|0726|1231|1503|1726|1850|21 Cemaziyelahir 1449
20271121|0558|0727|1231|1503|1726|1849|22 Cemaziyelahir 1449
20271122|0559|0728|1231|1502|1725|1849|23 Cemaziyelahir 1449
20271123|0600|0729|1232|1502|1724|1848|24 Cemaziyelahir 1449
20271124|0601|0730|1232|1501|1724|1848|25 Cemaziyelahir 1449
20271125|0602|0731|1232|1501|1723|1847|26 Cemaziyelahir 1449
20271126|0603|0732|1233|1501|1723|1847|27 Cemaziyelahir 1449
20271127|0604|0733|1233|1500|1722|1847|28 Cemaziyelahir 1449
20271128|0605|0734|1233|1500|1722|1846|29 Cemaziyelahir 1449
20271129|0606|0736|1234|1500|1722|1846|1 Recep 1449
20271130|0606|0737|1234|1459|1721|1846|2 Recep 1449
20271201|0607|0738|1234|1459|1721|1846|3 Recep 1449
20271202|0608|0739|1235|1459|1721|1846|4 Recep 1449
20271203|0609|0740|1235|1459|1720|1846|5 Recep 1449
20271204|0610|0741|1235|1459|1720|1845|6 Recep 1449
20271205|0611|0742|1236|1459|1720|1845|7 Recep 1449
20271206|0612|0743|1236|1459|1720|1845|8 Recep 1449
20271207|0612|0744|1237|1459|1720|1845|9 Recep 1449
20271208|0613|0744|1237|1459|1720|1845|10 Recep 1449
20271209|0614|0745|1238|1459|1720|1846|11 Recep 1449
20271210|0615|0746|1238|1459|1720|1846|12 Recep 1449
20271211|0616|0747|1238|1459|1720|1846|13 Recep 1449
20271212|0616|0748|1239|1459|1720|1846|14 Recep 1449
20271213|0617|0749|1239|1459|1720|1846|15 Recep 1449
20271214|0618|0749|1240|1500|1720|1846|16 Recep 1449
20271215|0618|0750|1240|1500|1720|1847|17 Recep 1449
20271216|0619|0751|1241|1500|1721|1847|18 Recep 1449
20271217|0620|0751|1241|1500|1721|1847|19 Recep 1449
20271218|0620|0752|1242|1501|1721|1848|20 Recep 1449
20271219|0621|0753|1242|1501|1722|1848|21 Recep 1449
20271220|0621|0753|1243|1502|1722|1849|22 Recep 1449
20271221|0622|0754|1243|1502|1723|1849|23 Recep 1449
20271222|0622|0754|1244|1503|1723|1849|24 Recep 1449
20271223|0623|0755|1244|1503|1724|1850|25 Recep 1449
20271224|0623|0755|1245|1504|1724|1851|26 Recep 1449
20271225|0624|0756|1245|1504|1725|1851|27 Recep 1449
20271226|0624|0756|1246|1505|1725|1852|28 Recep 1449
20271227|0625|0756|1246|1505|1726|1852|29 Recep 1449
20271228|0625|0757|1247|1506|1727|1853|30 Recep 1449
20271229|0625|0757|1247|1507|1727|1854|1 Şaban 1449
20271230|0626|0757|1248|1507|1728|1854|2 Şaban 1449
20271231|0626|0757|1248|1508|1729|1855|3 Şaban 1449
#@9375|Mecitözü|CORUM|730
20260101|0624|0755|1247|1508|1729|1855|12 Recep 1447
20260102|0624|0755|1248|1509|1730|1856|13 Recep 1447
20260103|0625|0755|1248|1510|1731|1856|14 Recep 1447
20260104|0625|0755|1249|1511|1732|1857|15 Recep 1447
20260105|0625|0755|1249|1512|1733|1858|16 Recep 1447
20260106|0625|0755|1249|1512|1734|1859|17 Recep 1447
20260107|0625|0755|1250|1513|1734|1900|18 Recep 1447
20260108|0625|0755|1250|1514|1735|1900|19 Recep 1447
20260109|0625|0755|1251|1515|1736|1901|20 Recep 1447
20260110|0625|0755|1251|1516|1737|1902|21 Recep 1447
20260111|0625|0755|1252|1517|1738|1903|22 Recep 1447
20260112|0625|0754|1252|1518|1740|1904|23 Recep 1447
20260113|0624|0754|1252|1519|1741|1905|24 Recep 1447
20260114|0624|0754|1253|1520|1742|1906|25 Recep 1447
20260115|0624|0753|1253|1521|1743|1907|26 Recep 1447
20260116|0624|0753|1253|1522|1744|1908|27 Recep 1447
20260117|0623|0753|1254|1523|1745|1909|28 Recep 1447
20260118|0623|0752|1254|1524|1746|1910|29 Recep 1447
20260119|0623|0752|1254|1525|1747|1911|30 Recep 1447
20260120|0622|0751|1255|1526|1748|1912|1 Şaban 1447
20260121|0622|0750|1255|1527|1750|1913|2 Şaban 1447
20260122|0621|0750|1255|1528|1751|1914|3 Şaban 1447
20260123|0621|0749|1256|1529|1752|1915|4 Şaban 1447
20260124|0620|0748|1256|1530|1753|1916|5 Şaban 1447
20260125|0620|0748|1256|1531|1754|1917|6 Şaban 1447
20260126|0619|0747|1256|1532|1756|1918|7 Şaban 1447
20260127|0619|0746|1256|1533|1757|1919|8 Şaban 1447
20260128|0618|0745|1257|1534|1758|1920|9 Şaban 1447
20260129|0617|0745|1257|1535|1759|1921|10 Şaban 1447
20260130|0617|0744|1257|1536|1800|1922|11 Şaban 1447
20260131|0616|0743|1257|1537|1802|1923|12 Şaban 1447
20260201|0615|0742|1257|1538|1803|1924|13 Şaban 1447
20260202|0614|0741|1257|1539|1804|1925|14 Şaban 1447
20260203|0614|0740|1258|1540|1805|1926|15 Şaban 1447
20260204|0613|0739|1258|1541|1807|1927|16 Şaban 1447
20260205|0612|0738|1258|1542|1808|1929|17 Şaban 1447
20260206|0611|0737|1258|1543|1809|1930|18 Şaban 1447
20260207|0610|0736|1258|1544|1810|1931|19 Şaban 1447
20260208|0609|0734|1258|1545|1811|1932|20 Şaban 1447
20260209|0608|0733|1258|1546|1813|1933|21 Şaban 1447
20260210|0607|0732|1258|1547|1814|1934|22 Şaban 1447
20260211|0606|0731|1258|1548|1815|1935|23 Şaban 1447
20260212|0605|0730|1258|1549|1816|1936|24 Şaban 1447
20260213|0604|0729|1258|1550|1818|1937|25 Şaban 1447
20260214|0602|0727|1258|1551|1819|1938|26 Şaban 1447
20260215|0601|0726|1258|1552|1820|1939|27 Şaban 1447
20260216|0600|0725|1258|1553|1821|1940|28 Şaban 1447
20260217|0559|0723|1258|1553|1822|1942|29 Şaban 1447
20260218|0558|0722|1258|1554|1824|1943|30 Şaban 1447
20260219|0556|0721|1258|1555|1825|1944|1 Ramazan 1447
20260220|0555|0719|1258|1556|1826|1945|2 Ramazan 1447
20260221|0554|0718|1257|1557|1827|1946|3 Ramazan 1447
20260222|0553|0717|1257|1558|1828|1947|4 Ramazan 1447
20260223|0551|0715|1257|1559|1829|1948|5 Ramazan 1447
20260224|0550|0714|1257|1559|1831|1949|6 Ramazan 1447
20260225|0548|0712|1257|1600|1832|1950|7 Ramazan 1447
20260226|0547|0711|1257|1601|1833|1951|8 Ramazan 1447
20260227|0546|0709|1257|1602|1834|1952|9 Ramazan 1447
20260228|0544|0708|1256|1603|1835|1954|10 Ramazan 1447
20260301|0543|0706|1256|1603|1836|1955|11 Ramazan 1447
20260302|0541|0705|1256|1604|1837|1956|12 Ramazan 1447
20260303|0540|0703|1256|1605|1839|1957|13 Ramazan 1447
20260304|0538|0702|1256|1606|1840|1958|14 Ramazan 1447
20260305|0537|0700|1255|1606|1841|1959|15 Ramazan 1447
20260306|0535|0659|1255|1607|1842|2000|16 Ramazan 1447
20260307|0533|0657|1255|1608|1843|2001|17 Ramazan 1447
20260308|0532|0655|1255|1608|1844|2002|18 Ramazan 1447
20260309|0530|0654|1254|1609|1845|2004|19 Ramazan 1447
20260310|0528|0652|1254|1610|1846|2005|20 Ramazan 1447
20260311|0527|0651|1254|1610|1847|2006|21 Ramazan 1447
20260312|0525|0649|1254|1611|1848|2007|22 Ramazan 1447
20260313|0524|0647|1253|1612|1850|2008|23 Ramazan 1447
20260314|0522|0646|1253|1612|1851|2009|24 Ramazan 1447
20260315|0520|0644|1253|1613|1852|2010|25 Ramazan 1447
20260316|0518|0642|1253|1613|1853|2011|26 Ramazan 1447
20260317|0517|0641|1252|1614|1854|2013|27 Ramazan 1447
20260318|0515|0639|1252|1614|1855|2014|28 Ramazan 1447
20260319|0513|0638|1252|1615|1856|2015|29 Ramazan 1447
20260320|0511|0636|1251|1615|1857|2016|1 Şevval 1447
20260321|0510|0634|1251|1616|1858|2017|2 Şevval 1447
20260322|0508|0633|1251|1616|1859|2018|3 Şevval 1447
20260323|0506|0631|1251|1617|1900|2020|4 Şevval 1447
20260324|0504|0629|1250|1617|1901|2021|5 Şevval 1447
20260325|0502|0628|1250|1618|1902|2022|6 Şevval 1447
20260326|0501|0626|1250|1618|1903|2023|7 Şevval 1447
20260327|0459|0624|1249|1619|1904|2024|8 Şevval 1447
20260328|0457|0623|1249|1619|1905|2026|9 Şevval 1447
20260329|0455|0621|1249|1620|1906|2027|10 Şevval 1447
20260330|0453|0619|1248|1620|1908|2028|11 Şevval 1447
20260331|0451|0618|1248|1621|1909|2029|12 Şevval 1447
20260401|0450|0616|1248|1621|1910|2030|13 Şevval 1447
20260402|0448|0615|1248|1621|1911|2032|14 Şevval 1447
20260403|0446|0613|1247|1622|1912|2033|15 Şevval 1447
20260404|0444|0611|1247|1622|1913|2034|16 Şevval 1447
20260405|0442|0610|1247|1623|1914|2036|17 Şevval 1447
20260406|0440|0608|1246|1623|1915|2037|18 Şevval 1447
20260407|0438|0606|1246|1623|1916|2038|19 Şevval 1447
20260408|0436|0605|1246|1624|1917|2039|20 Şevval 1447
20260409|0435|0603|1246|1624|1918|2041|21 Şevval 1447
20260410|0433|0602|1245|1624|1919|2042|22 Şevval 1447
20260411|0431|0600|1245|1625|1920|2043|23 Şevval 1447
20260412|0429|0559|1245|1625|1921|2045|24 Şevval 1447
20260413|0427|0557|1244|1626|1922|2046|25 Şevval 1447
20260414|0425|0555|1244|1626|1923|2047|26 Şevval 1447
20260415|0423|0554|1244|1626|1924|2049|27 Şevval 1447
20260416|0421|0552|1244|1626|1925|2050|28 Şevval 1447
20260417|0419|0551|1244|1627|1926|2051|29 Şevval 1447
20260418|0418|0549|1243|1627|1927|2053|1 Zilkade 1447
20260419|0416|0548|1243|1627|1928|2054|2 Zilkade 1447
20260420|0414|0546|1243|1628|1929|2056|3 Zilkade 1447
20260421|0412|0545|1243|1628|1930|2057|4 Zilkade 1447
20260422|0410|0544|1242|1628|1931|2058|5 Zilkade 1447
20260423|0408|0542|1242|1629|1932|2100|6 Zilkade 1447
20260424|0406|0541|1242|1629|1933|2101|7 Zilkade 1447
20260425|0405|0539|1242|1629|1935|2103|8 Zilkade 1447
20260426|0403|0538|1242|1629|1936|2104|9 Zilkade 1447
20260427|0401|0537|1242|1630|1937|2106|10 Zilkade 1447
20260428|0359|0535|1241|1630|1938|2107|11 Zilkade 1447
20260429|0357|0534|1241|1630|1939|2109|12 Zilkade 1447
20260430|0356|0533|1241|1631|1940|2110|13 Zilkade 1447
20260501|0354|0531|1241|1631|1941|2111|14 Zilkade 1447
20260502|0352|0530|1241|1631|1942|2113|15 Zilkade 1447
20260503|0350|0529|1241|1631|1943|2114|16 Zilkade 1447
20260504|0349|0528|1241|1632|1944|2116|17 Zilkade 1447
20260505|0347|0526|1241|1632|1945|2117|18 Zilkade 1447
20260506|0345|0525|1241|1632|1946|2119|19 Zilkade 1447
20260507|0343|0524|1240|1632|1947|2120|20 Zilkade 1447
20260508|0342|0523|1240|1633|1948|2122|21 Zilkade 1447
20260509|0340|0522|1240|1633|1949|2123|22 Zilkade 1447
20260510|0339|0521|1240|1633|1950|2125|23 Zilkade 1447
20260511|0337|0520|1240|1634|1951|2126|24 Zilkade 1447
20260512|0335|0519|1240|1634|1952|2128|25 Zilkade 1447
20260513|0334|0518|1240|1634|1953|2129|26 Zilkade 1447
20260514|0332|0517|1240|1634|1954|2131|27 Zilkade 1447
20260515|0331|0516|1240|1635|1955|2132|28 Zilkade 1447
20260516|0329|0515|1240|1635|1956|2134|29 Zilkade 1447
20260517|0328|0514|1240|1635|1957|2135|30 Zilkade 1447
20260518|0326|0513|1240|1635|1958|2136|1 Zilhicce 1447
20260519|0325|0512|1240|1636|1959|2138|2 Zilhicce 1447
20260520|0324|0511|1240|1636|2000|2139|3 Zilhicce 1447
20260521|0322|0510|1240|1636|2000|2141|4 Zilhicce 1447
20260522|0321|0510|1240|1637|2001|2142|5 Zilhicce 1447
20260523|0320|0509|1241|1637|2002|2143|6 Zilhicce 1447
20260524|0318|0508|1241|1637|2003|2145|7 Zilhicce 1447
20260525|0317|0508|1241|1637|2004|2146|8 Zilhicce 1447
20260526|0316|0507|1241|1638|2005|2147|9 Zilhicce 1447
20260527|0315|0506|1241|1638|2006|2149|10 Zilhicce 1447
20260528|0314|0506|1241|1638|2007|2150|11 Zilhicce 1447
20260529|0313|0505|1241|1638|2007|2151|12 Zilhicce 1447
20260530|0312|0505|1241|1639|2008|2152|13 Zilhicce 1447
20260531|0311|0504|1241|1639|2009|2154|14 Zilhicce 1447
20260601|0310|0504|1242|1639|2010|2155|15 Zilhicce 1447
20260602|0309|0503|1242|1640|2010|2156|16 Zilhicce 1447
20260603|0308|0503|1242|1640|2011|2157|17 Zilhicce 1447
20260604|0308|0503|1242|1640|2012|2158|18 Zilhicce 1447
20260605|0307|0502|1242|1640|2012|2159|19 Zilhicce 1447
20260606|0306|0502|1242|1641|2013|2200|20 Zilhicce 1447
20260607|0306|0502|1243|1641|2014|2201|21 Zilhicce 1447
20260608|0305|0501|1243|1641|2014|2202|22 Zilhicce 1447
20260609|0305|0501|1243|1641|2015|2203|23 Zilhicce 1447
20260610|0304|0501|1243|1642|2015|2203|24 Zilhicce 1447
20260611|0304|0501|1243|1642|2016|2204|25 Zilhicce 1447
20260612|0303|0501|1244|1642|2016|2205|26 Zilhicce 1447
20260613|0303|0501|1244|1643|2017|2206|27 Zilhicce 1447
20260614|0303|0501|1244|1643|2017|2206|28 Zilhicce 1447
20260615|0303|0501|1244|1643|2018|2207|29 Zilhicce 1447
20260616|0303|0501|1244|1643|2018|2207|1 Muharrem 1448
20260617|0302|0501|1245|1644|2019|2208|2 Muharrem 1448
20260618|0302|0501|1245|1644|2019|2208|3 Muharrem 1448
20260619|0303|0501|1245|1644|2019|2209|4 Muharrem 1448
20260620|0303|0501|1245|1644|2019|2209|5 Muharrem 1448
20260621|0303|0501|1246|1644|2020|2209|6 Muharrem 1448
20260622|0303|0502|1246|1645|2020|2209|7 Muharrem 1448
20260623|0303|0502|1246|1645|2020|2210|8 Muharrem 1448
20260624|0304|0502|1246|1645|2020|2210|9 Muharrem 1448
20260625|0304|0502|1246|1645|2020|2210|10 Muharrem 1448
20260626|0304|0503|1247|1645|2020|2210|11 Muharrem 1448
20260627|0305|0503|1247|1646|2021|2210|12 Muharrem 1448
20260628|0306|0504|1247|1646|2021|2210|13 Muharrem 1448
20260629|0306|0504|1247|1646|2021|2209|14 Muharrem 1448
20260630|0307|0504|1247|1646|2020|2209|15 Muharrem 1448
20260701|0308|0505|1248|1646|2020|2209|16 Muharrem 1448
20260702|0308|0505|1248|1646|2020|2209|17 Muharrem 1448
20260703|0309|0506|1248|1647|2020|2208|18 Muharrem 1448
20260704|0310|0507|1248|1647|2020|2208|19 Muharrem 1448
20260705|0311|0507|1248|1647|2020|2207|20 Muharrem 1448
20260706|0312|0508|1249|1647|2020|2207|21 Muharrem 1448
20260707|0313|0508|1249|1647|2019|2206|22 Muharrem 1448
20260708|0314|0509|1249|1647|2019|2205|23 Muharrem 1448
20260709|0315|0510|1249|1647|2019|2205|24 Muharrem 1448
20260710|0316|0510|1249|1647|2018|2204|25 Muharrem 1448
20260711|0317|0511|1249|1647|2018|2203|26 Muharrem 1448
20260712|0318|0512|1249|1647|2017|2202|27 Muharrem 1448
20260713|0319|0512|1250|1647|2017|2201|28 Muharrem 1448
20260714|0321|0513|1250|1647|2016|2201|29 Muharrem 1448
20260715|0322|0514|1250|1647|2016|2200|1 Safer 1448
20260716|0323|0515|1250|1647|2015|2159|2 Safer 1448
20260717|0324|0515|1250|1647|2015|2157|3 Safer 1448
20260718|0326|0516|1250|1647|2014|2156|4 Safer 1448
20260719|0327|0517|1250|1647|2013|2155|5 Safer 1448
20260720|0328|0518|1250|1647|2013|2154|6 Safer 1448
20260721|0330|0519|1250|1646|2012|2153|7 Safer 1448
20260722|0331|0520|1250|1646|2011|2152|8 Safer 1448
20260723|0332|0521|1250|1646|2010|2150|9 Safer 1448
20260724|0334|0521|1250|1646|2009|2149|10 Safer 1448
20260725|0335|0522|1250|1646|2009|2148|11 Safer 1448
20260726|0337|0523|1250|1646|2008|2146|12 Safer 1448
20260727|0338|0524|1250|1645|2007|2145|13 Safer 1448
20260728|0340|0525|1250|1645|2006|2144|14 Safer 1448
20260729|0341|0526|1250|1645|2005|2142|15 Safer 1448
20260730|0343|0527|1250|1644|2004|2141|16 Safer 1448
20260731|0344|0528|1250|1644|2003|2139|17 Safer 1448
20260801|0346|0529|1250|1644|2002|2138|18 Safer 1448
20260802|0347|0530|1250|1643|2001|2136|19 Safer 1448
20260803|0348|0531|1250|1643|2000|2135|20 Safer 1448
20260804|0350|0532|1250|1643|1959|2133|21 Safer 1448
20260805|0351|0533|1250|1642|1957|2131|22 Safer 1448
20260806|0353|0533|1250|1642|1956|2130|23 Safer 1448
20260807|0354|0534|1250|1641|1955|2128|24 Safer 1448
20260808|0356|0535|1250|1641|1954|2126|25 Safer 1448
20260809|0357|0536|1249|1640|1953|2125|26 Safer 1448
20260810|0359|0537|1249|1640|1951|2123|27 Safer 1448
20260811|0400|0538|1249|1639|1950|2121|28 Safer 1448
20260812|0402|0539|1249|1639|1949|2119|29 Safer 1448
20260813|0403|0540|1249|1638|1947|2118|30 Safer 1448
20260814|0405|0541|1249|1638|1946|2116|1 Rebiulevvel 1448
20260815|0406|0542|1248|1637|1945|2114|2 Rebiulevvel 1448
20260816|0408|0543|1248|1636|1943|2112|3 Rebiulevvel 1448
20260817|0409|0544|1248|1636|1942|2111|4 Rebiulevvel 1448
20260818|0410|0545|1248|1635|1941|2109|5 Rebiulevvel 1448
20260819|0412|0546|1248|1634|1939|2107|6 Rebiulevvel 1448
20260820|0413|0547|1247|1634|1938|2105|7 Rebiulevvel 1448
20260821|0415|0548|1247|1633|1936|2103|8 Rebiulevvel 1448
20260822|0416|0549|1247|1632|1935|2101|9 Rebiulevvel 1448
20260823|0417|0550|1247|1632|1933|2100|10 Rebiulevvel 1448
20260824|0419|0551|1246|1631|1932|2058|11 Rebiulevvel 1448
20260825|0420|0552|1246|1630|1930|2056|12 Rebiulevvel 1448
20260826|0421|0553|1246|1629|1929|2054|13 Rebiulevvel 1448
20260827|0423|0554|1246|1628|1927|2052|14 Rebiulevvel 1448
20260828|0424|0555|1245|1628|1926|2050|15 Rebiulevvel 1448
20260829|0425|0556|1245|1627|1924|2048|16 Rebiulevvel 1448
20260830|0427|0557|1245|1626|1922|2047|17 Rebiulevvel 1448
20260831|0428|0558|1244|1625|1921|2045|18 Rebiulevvel 1448
20260901|0429|0559|1244|1624|1919|2043|19 Rebiulevvel 1448
20260902|0431|0600|1244|1623|1918|2041|20 Rebiulevvel 1448
20260903|0432|0601|1243|1622|1916|2039|21 Rebiulevvel 1448
20260904|0433|0602|1243|1621|1914|2037|22 Rebiulevvel 1448
20260905|0434|0603|1243|1620|1913|2035|23 Rebiulevvel 1448
20260906|0436|0604|1242|1619|1911|2033|24 Rebiulevvel 1448
20260907|0437|0605|1242|1618|1910|2031|25 Rebiulevvel 1448
20260908|0438|0605|1242|1617|1908|2030|26 Rebiulevvel 1448
20260909|0439|0606|1241|1616|1906|2028|27 Rebiulevvel 1448
20260910|0441|0607|1241|1615|1905|2026|28 Rebiulevvel 1448
20260911|0442|0608|1241|1614|1903|2024|29 Rebiulevvel 1448
20260912|0443|0609|1240|1613|1901|2022|1 Rebiulahir 1448
20260913|0444|0610|1240|1612|1900|2020|2 Rebiulahir 1448
20260914|0445|0611|1240|1611|1858|2018|3 Rebiulahir 1448
20260915|0446|0612|1239|1610|1856|2016|4 Rebiulahir 1448
20260916|0448|0613|1239|1609|1855|2015|5 Rebiulahir 1448
20260917|0449|0614|1239|1608|1853|2013|6 Rebiulahir 1448
20260918|0450|0615|1238|1607|1851|2011|7 Rebiulahir 1448
20260919|0451|0616|1238|1605|1850|2009|8 Rebiulahir 1448
20260920|0452|0617|1237|1604|1848|2007|9 Rebiulahir 1448
20260921|0453|0618|1237|1603|1846|2005|10 Rebiulahir 1448
20260922|0454|0619|1237|1602|1844|2004|11 Rebiulahir 1448
20260923|0455|0620|1236|1601|1843|2002|12 Rebiulahir 1448
20260924|0457|0621|1236|1600|1841|2000|13 Rebiulahir 1448
20260925|0458|0622|1236|1559|1839|1958|14 Rebiulahir 1448
20260926|0459|0623|1235|1557|1838|1957|15 Rebiulahir 1448
20260927|0500|0624|1235|1556|1836|1955|16 Rebiulahir 1448
20260928|0501|0625|1235|1555|1834|1953|17 Rebiulahir 1448
20260929|0502|0626|1234|1554|1833|1951|18 Rebiulahir 1448
20260930|0503|0627|1234|1553|1831|1950|19 Rebiulahir 1448
20261001|0504|0628|1234|1551|1829|1948|20 Rebiulahir 1448
20261002|0505|0629|1233|1550|1828|1946|21 Rebiulahir 1448
20261003|0506|0630|1233|1549|1826|1944|22 Rebiulahir 1448
20261004|0507|0631|1233|1548|1824|1943|23 Rebiulahir 1448
20261005|0508|0632|1232|1547|1823|1941|24 Rebiulahir 1448
20261006|0509|0633|1232|1546|1821|1940|25 Rebiulahir 1448
20261007|0510|0634|1232|1544|1820|1938|26 Rebiulahir 1448
20261008|0511|0635|1232|1543|1818|1936|27 Rebiulahir 1448
20261009|0513|0636|1231|1542|1816|1935|28 Rebiulahir 1448
20261010|0514|0637|1231|1541|1815|1933|29 Rebiulahir 1448
20261011|0515|0638|1231|1540|1813|1932|30 Rebiulahir 1448
20261012|0516|0639|1230|1538|1812|1930|1 Cemaziyelevvel 1448
20261013|0517|0640|1230|1537|1810|1928|2 Cemaziyelevvel 1448
20261014|0518|0641|1230|1536|1809|1927|3 Cemaziyelevvel 1448
20261015|0519|0642|1230|1535|1807|1925|4 Cemaziyelevvel 1448
20261016|0520|0644|1230|1534|1806|1924|5 Cemaziyelevvel 1448
20261017|0521|0645|1229|1533|1804|1923|6 Cemaziyelevvel 1448
20261018|0522|0646|1229|1531|1803|1921|7 Cemaziyelevvel 1448
20261019|0523|0647|1229|1530|1801|1920|8 Cemaziyelevvel 1448
20261020|0524|0648|1229|1529|1800|1918|9 Cemaziyelevvel 1448
20261021|0525|0649|1229|1528|1758|1917|10 Cemaziyelevvel 1448
20261022|0526|0650|1228|1527|1757|1916|11 Cemaziyelevvel 1448
20261023|0527|0651|1228|1526|1755|1914|12 Cemaziyelevvel 1448
20261024|0528|0652|1228|1525|1754|1913|13 Cemaziyelevvel 1448
20261025|0529|0653|1228|1524|1753|1912|14 Cemaziyelevvel 1448
20261026|0530|0655|1228|1523|1751|1910|15 Cemaziyelevvel 1448
20261027|0531|0656|1228|1522|1750|1909|16 Cemaziyelevvel 1448
20261028|0532|0657|1228|1521|1749|1908|17 Cemaziyelevvel 1448
20261029|0533|0658|1228|1520|1747|1907|18 Cemaziyelevvel 1448
20261030|0534|0659|1228|1519|1746|1906|19 Cemaziyelevvel 1448
20261031|0535|0700|1227|1518|1745|1905|20 Cemaziyelevvel 1448
20261101|0536|0701|1227|1517|1744|1904|21 Cemaziyelevvel 1448
20261102|0537|0703|1227|1516|1742|1902|22 Cemaziyelevvel 1448
20261103|0538|0704|1227|1515|1741|1901|23 Cemaziyelevvel 1448
20261104|0539|0705|1227|1514|1740|1900|24 Cemaziyelevvel 1448
20261105|0540|0706|1227|1513|1739|1859|25 Cemaziyelevvel 1448
20261106|0541|0707|1227|1512|1738|1858|26 Cemaziyelevvel 1448
20261107|0542|0708|1227|1511|1737|1857|27 Cemaziyelevvel 1448
20261108|0543|0710|1228|1510|1736|1857|28 Cemaziyelevvel 1448
20261109|0544|0711|1228|1509|1735|1856|29 Cemaziyelevvel 1448
20261110|0545|0712|1228|1509|1734|1855|1 Cemaziyelahir 1448
20261111|0546|0713|1228|1508|1733|1854|2 Cemaziyelahir 1448
20261112|0547|0714|1228|1507|1732|1853|3 Cemaziyelahir 1448
20261113|0548|0715|1228|1506|1731|1852|4 Cemaziyelahir 1448
20261114|0549|0717|1228|1506|1730|1852|5 Cemaziyelahir 1448
20261115|0550|0718|1228|1505|1729|1851|6 Cemaziyelahir 1448
20261116|0551|0719|1229|1504|1728|1850|7 Cemaziyelahir 1448
20261117|0552|0720|1229|1504|1727|1850|8 Cemaziyelahir 1448
20261118|0553|0721|1229|1503|1727|1849|9 Cemaziyelahir 1448
20261119|0554|0722|1229|1503|1726|1849|10 Cemaziyelahir 1448
20261120|0555|0724|1229|1502|1725|1848|11 Cemaziyelahir 1448
20261121|0556|0725|1230|1502|1725|1848|12 Cemaziyelahir 1448
20261122|0557|0726|1230|1501|1724|1847|13 Cemaziyelahir 1448
20261123|0558|0727|1230|1501|1723|1847|14 Cemaziyelahir 1448
20261124|0559|0728|1230|1500|1723|1846|15 Cemaziyelahir 1448
20261125|0600|0729|1231|1500|1722|1846|16 Cemaziyelahir 1448
20261126|0601|0730|1231|1500|1722|1846|17 Cemaziyelahir 1448
20261127|0602|0731|1231|1459|1721|1845|18 Cemaziyelahir 1448
20261128|0603|0732|1232|1459|1721|1845|19 Cemaziyelahir 1448
20261129|0604|0733|1232|1459|1721|1845|20 Cemaziyelahir 1448
20261130|0605|0734|1232|1458|1720|1845|21 Cemaziyelahir 1448
20261201|0606|0736|1233|1458|1720|1844|22 Cemaziyelahir 1448
20261202|0606|0737|1233|1458|1720|1844|23 Cemaziyelahir 1448
20261203|0607|0738|1233|1458|1719|1844|24 Cemaziyelahir 1448
20261204|0608|0738|1234|1458|1719|1844|25 Cemaziyelahir 1448
20261205|0609|0739|1234|1458|1719|1844|26 Cemaziyelahir 1448
20261206|0610|0740|1235|1458|1719|1844|27 Cemaziyelahir 1448
20261207|0611|0741|1235|1458|1719|1844|28 Cemaziyelahir 1448
20261208|0611|0742|1236|1458|1719|1844|29 Cemaziyelahir 1448
20261209|0612|0743|1236|1458|1719|1844|30 Cemaziyelahir 1448
20261210|0613|0744|1236|1458|1719|1844|1 Recep 1448
20261211|0614|0745|1237|1458|1719|1845|2 Recep 1448
20261212|0614|0746|1237|1458|1719|1845|3 Recep 1448
20261213|0615|0746|1238|1459|1719|1845|4 Recep 1448
20261214|0616|0747|1238|1459|1719|1845|5 Recep 1448
20261215|0616|0748|1239|1459|1720|1846|6 Recep 1448
20261216|0617|0749|1239|1459|1720|1846|7 Recep 1448
20261217|0618|0749|1240|1500|1720|1846|8 Recep 1448
20261218|0618|0750|1240|1500|1721|1847|9 Recep 1448
20261219|0619|0750|1241|1500|1721|1847|10 Recep 1448
20261220|0619|0751|1241|1501|1721|1847|11 Recep 1448
20261221|0620|0752|1242|1501|1722|1848|12 Recep 1448
20261222|0621|0752|1242|1502|1722|1848|13 Recep 1448
20261223|0621|0753|1243|1502|1723|1849|14 Recep 1448
20261224|0621|0753|1243|1503|1723|1849|15 Recep 1448
20261225|0622|0753|1244|1503|1724|1850|16 Recep 1448
20261226|0622|0754|1244|1504|1725|1851|17 Recep 1448
20261227|0623|0754|1245|1505|1725|1851|18 Recep 1448
20261228|0623|0754|1245|1505|1726|1852|19 Recep 1448
20261229|0623|0755|1246|1506|1727|1852|20 Recep 1448
20261230|0624|0755|1246|1507|1727|1853|21 Recep 1448
20261231|0624|0755|1247|1507|1728|1854|22 Recep 1448
20270101|0624|0755|1247|1508|1729|1855|23 Recep 1448
20270102|0624|0755|1248|1509|1730|1855|24 Recep 1448
20270103|0624|0755|1248|1510|1731|1856|25 Recep 1448
20270104|0625|0755|1248|1511|1731|1857|26 Recep 1448
20270105|0625|0755|1249|1511|1732|1858|27 Recep 1448
20270106|0625|0755|1249|1512|1733|1859|28 Recep 1448
20270107|0625|0755|1250|1513|1734|1859|29 Recep 1448
20270108|0625|0755|1250|1514|1735|1900|30 Recep 1448
20270109|0625|0755|1251|1515|1736|1901|1 Şaban 1448
20270110|0625|0755|1251|1516|1737|1902|2 Şaban 1448
20270111|0625|0755|1251|1517|1738|1903|3 Şaban 1448
20270112|0625|0754|1252|1518|1739|1904|4 Şaban 1448
20270113|0624|0754|1252|1519|1740|1905|5 Şaban 1448
20270114|0624|0754|1253|1520|1741|1906|6 Şaban 1448
20270115|0624|0753|1253|1520|1743|1907|7 Şaban 1448
20270116|0624|0753|1253|1521|1744|1908|8 Şaban 1448
20270117|0623|0753|1254|1522|1745|1909|9 Şaban 1448
20270118|0623|0752|1254|1523|1746|1910|10 Şaban 1448
20270119|0623|0752|1254|1524|1747|1910|11 Şaban 1448
20270120|0622|0751|1255|1525|1748|1911|12 Şaban 1448
20270121|0622|0751|1255|1527|1749|1912|13 Şaban 1448
20270122|0622|0750|1255|1528|1751|1914|14 Şaban 1448
20270123|0621|0749|1255|1529|1752|1915|15 Şaban 1448
20270124|0621|0749|1256|1530|1753|1916|16 Şaban 1448
20270125|0620|0748|1256|1531|1754|1917|17 Şaban 1448
20270126|0619|0747|1256|1532|1755|1918|18 Şaban 1448
20270127|0619|0746|1256|1533|1757|1919|19 Şaban 1448
20270128|0618|0746|1257|1534|1758|1920|20 Şaban 1448
20270129|0618|0745|1257|1535|1759|1921|21 Şaban 1448
20270130|0617|0744|1257|1536|1800|1922|22 Şaban 1448
20270131|0616|0743|1257|1537|1801|1923|23 Şaban 1448
20270201|0615|0742|1257|1538|1803|1924|24 Şaban 1448
20270202|0615|0741|1257|1539|1804|1925|25 Şaban 1448
20270203|0614|0740|1258|1540|1805|1926|26 Şaban 1448
20270204|0613|0739|1258|1541|1806|1927|27 Şaban 1448
20270205|0612|0738|1258|1542|1808|1928|28 Şaban 1448
20270206|0611|0737|1258|1543|1809|1929|29 Şaban 1448
20270207|0610|0736|1258|1544|1810|1930|30 Şaban 1448
20270208|0609|0735|1258|1545|1811|1931|1 Ramazan 1448
20270209|0608|0734|1258|1546|1812|1933|2 Ramazan 1448
20270210|0607|0732|1258|1547|1814|1934|3 Ramazan 1448
20270211|0606|0731|1258|1548|1815|1935|4 Ramazan 1448
20270212|0605|0730|1258|1549|1816|1936|5 Ramazan 1448
20270213|0604|0729|1258|1550|1817|1937|6 Ramazan 1448
20270214|0603|0728|1258|1551|1818|1938|7 Ramazan 1448
20270215|0602|0726|1258|1551|1820|1939|8 Ramazan 1448
20270216|0600|0725|1258|1552|1821|1940|9 Ramazan 1448
20270217|0559|0724|1258|1553|1822|1941|10 Ramazan 1448
20270218|0558|0722|1258|1554|1823|1942|11 Ramazan 1448
20270219|0557|0721|1258|1555|1824|1943|12 Ramazan 1448
20270220|0555|0720|1258|1556|1826|1945|13 Ramazan 1448
20270221|0554|0718|1258|1557|1827|1946|14 Ramazan 1448
20270222|0553|0717|1257|1558|1828|1947|15 Ramazan 1448
20270223|0551|0715|1257|1558|1829|1948|16 Ramazan 1448
20270224|0550|0714|1257|1559|1830|1949|17 Ramazan 1448
20270225|0549|0713|1257|1600|1831|1950|18 Ramazan 1448
20270226|0547|0711|1257|1601|1833|1951|19 Ramazan 1448
20270227|0546|0710|1257|1602|1834|1952|20 Ramazan 1448
20270228|0544|0708|1256|1602|1835|1953|21 Ramazan 1448
20270301|0543|0707|1256|1603|1836|1954|22 Ramazan 1448
20270302|0541|0705|1256|1604|1837|1955|23 Ramazan 1448
20270303|0540|0704|1256|1605|1838|1957|24 Ramazan 1448
20270304|0538|0702|1256|1605|1839|1958|25 Ramazan 1448
20270305|0537|0700|1255|1606|1841|1959|26 Ramazan 1448
20270306|0535|0659|1255|1607|1842|2000|27 Ramazan 1448
20270307|0534|0657|1255|1607|1843|2001|28 Ramazan 1448
20270308|0532|0656|1255|1608|1844|2002|29 Ramazan 1448
20270309|0531|0654|1255|1609|1845|2003|1 Şevval 1448
20270310|0529|0653|1254|1609|1846|2004|2 Şevval 1448
20270311|0527|0651|1254|1610|1847|2005|3 Şevval 1448
20270312|0526|0649|1254|1611|1848|2007|4 Şevval 1448
20270313|0524|0648|1253|1611|1849|2008|5 Şevval 1448
20270314|0522|0646|1253|1612|1850|2009|6 Şevval 1448
20270315|0521|0644|1253|1613|1851|2010|7 Şevval 1448
20270316|0519|0643|1253|1613|1853|2011|8 Şevval 1448
20270317|0517|0641|1252|1614|1854|2012|9 Şevval 1448
20270318|0515|0640|1252|1614|1855|2013|10 Şevval 1448
20270319|0514|0638|1252|1615|1856|2015|11 Şevval 1448
20270320|0512|0636|1252|1615|1857|2016|12 Şevval 1448
20270321|0510|0635|1251|1616|1858|2017|13 Şevval 1448
20270322|0508|0633|1251|1616|1859|2018|14 Şevval 1448
20270323|0507|0631|1251|1617|1900|2019|15 Şevval 1448
20270324|0505|0630|1250|1617|1901|2020|16 Şevval 1448
20270325|0503|0628|1250|1618|1902|2022|17 Şevval 1448
20270326|0501|0626|1250|1618|1903|2023|18 Şevval 1448
20270327|0459|0625|1249|1619|1904|2024|19 Şevval 1448
20270328|0457|0623|1249|1619|1905|2025|20 Şevval 1448
20270329|0456|0621|1249|1620|1906|2026|21 Şevval 1448
20270330|0454|0620|1249|1620|1907|2028|22 Şevval 1448
20270331|0452|0618|1248|1621|1908|2029|23 Şevval 1448
20270401|0450|0617|1248|1621|1909|2030|24 Şevval 1448
20270402|0448|0615|1248|1621|1910|2031|25 Şevval 1448
20270403|0446|0613|1247|1622|1911|2033|26 Şevval 1448
20270404|0444|0612|1247|1622|1912|2034|27 Şevval 1448
20270405|0443|0610|1247|1623|1913|2035|28 Şevval 1448
20270406|0441|0608|1246|1623|1915|2036|29 Şevval 1448
20270407|0439|0607|1246|1623|1916|2038|30 Şevval 1448
20270408|0437|0605|1246|1624|1917|2039|1 Zilkade 1448
20270409|0435|0604|1246|1624|1918|2040|2 Zilkade 1448
20270410|0433|0602|1245|1624|1919|2042|3 Zilkade 1448
20270411|0431|0600|1245|1625|1920|2043|4 Zilkade 1448
20270412|0429|0559|1245|1625|1921|2044|5 Zilkade 1448
20270413|0427|0557|1245|1625|1922|2046|6 Zilkade 1448
20270414|0426|0556|1244|1626|1923|2047|7 Zilkade 1448
20270415|0424|0554|1244|1626|1924|2048|8 Zilkade 1448
20270416|0422|0553|1244|1626|1925|2050|9 Zilkade 1448
20270417|0420|0551|1244|1627|1926|2051|10 Zilkade 1448
20270418|0418|0550|1243|1627|1927|2053|11 Zilkade 1448
20270419|0416|0548|1243|1627|1928|2054|12 Zilkade 1448
20270420|0414|0547|1243|1628|1929|2055|13 Zilkade 1448
20270421|0412|0545|1243|1628|1930|2057|14 Zilkade 1448
20270422|0411|0544|1242|1628|1931|2058|15 Zilkade 1448
20270423|0409|0542|1242|1629|1932|2100|16 Zilkade 1448
20270424|0407|0541|1242|1629|1933|2101|17 Zilkade 1448
20270425|0405|0540|1242|1629|1934|2102|18 Zilkade 1448
20270426|0403|0538|1242|1629|1935|2104|19 Zilkade 1448
20270427|0401|0537|1242|1630|1936|2105|20 Zilkade 1448
20270428|0400|0536|1241|1630|1937|2107|21 Zilkade 1448
20270429|0358|0534|1241|1630|1938|2108|22 Zilkade 1448
20270430|0356|0533|1241|1631|1939|2110|23 Zilkade 1448
20270501|0354|0532|1241|1631|1940|2111|24 Zilkade 1448
20270502|0352|0530|1241|1631|1942|2113|25 Zilkade 1448
20270503|0351|0529|1241|1631|1943|2114|26 Zilkade 1448
20270504|0349|0528|1241|1632|1944|2116|27 Zilkade 1448
20270505|0347|0527|1241|1632|1945|2117|28 Zilkade 1448
20270506|0346|0525|1241|1632|1946|2119|29 Zilkade 1448
20270507|0344|0524|1240|1632|1947|2120|1 Zilhicce 1448
20270508|0342|0523|1240|1633|1948|2121|2 Zilhicce 1448
20270509|0341|0522|1240|1633|1949|2123|3 Zilhicce 1448
20270510|0339|0521|1240|1633|1950|2124|4 Zilhicce 1448
20270511|0337|0520|1240|1634|1951|2126|5 Zilhicce 1448
20270512|0336|0519|1240|1634|1952|2127|6 Zilhicce 1448
20270513|0334|0518|1240|1634|1953|2129|7 Zilhicce 1448
20270514|0333|0517|1240|1634|1954|2130|8 Zilhicce 1448
20270515|0331|0516|1240|1635|1955|2132|9 Zilhicce 1448
20270516|0330|0515|1240|1635|1956|2133|10 Zilhicce 1448
20270517|0328|0514|1240|1635|1957|2135|11 Zilhicce 1448
20270518|0327|0513|1240|1635|1957|2136|12 Zilhicce 1448
20270519|0325|0512|1240|1636|1958|2138|13 Zilhicce 1448
20270520|0324|0511|1240|1636|1959|2139|14 Zilhicce 1448
20270521|0323|0511|1240|1636|2000|2140|15 Zilhicce 1448
20270522|0321|0510|1240|1636|2001|2142|16 Zilhicce 1448
20270523|0320|0509|1241|1637|2002|2143|17 Zilhicce 1448
20270524|0319|0508|1241|1637|2003|2144|18 Zilhicce 1448
20270525|0318|0508|1241|1637|2004|2146|19 Zilhicce 1448
20270526|0316|0507|1241|1638|2005|2147|20 Zilhicce 1448
20270527|0315|0506|1241|1638|2005|2148|21 Zilhicce 1448
20270528|0314|0506|1241|1638|2006|2150|22 Zilhicce 1448
20270529|0313|0505|1241|1638|2007|2151|23 Zilhicce 1448
20270530|0312|0505|1241|1639|2008|2152|24 Zilhicce 1448
20270531|0311|0504|1241|1639|2009|2153|25 Zilhicce 1448
20270601|0310|0504|1242|1639|2009|2154|26 Zilhicce 1448
20270602|0309|0503|1242|1640|2010|2156|27 Zilhicce 1448
20270603|0309|0503|1242|1640|2011|2157|28 Zilhicce 1448
20270604|0308|0503|1242|1640|2012|2158|29 Zilhicce 1448
20270605|0307|0502|1242|1640|2012|2159|30 Zilhicce 1448
20270606|0306|0502|1242|1641|2013|2200|1 Muharrem 1449
20270607|0306|0502|1243|1641|2014|2201|2 Muharrem 1449
20270608|0305|0501|1243|1641|2014|2202|3 Muharrem 1449
20270609|0305|0501|1243|1641|2015|2202|4 Muharrem 1449
20270610|0304|0501|1243|1642|2015|2203|5 Muharrem 1449
20270611|0304|0501|1243|1642|2016|2204|6 Muharrem 1449
20270612|0303|0501|1244|1642|2016|2205|7 Muharrem 1449
20270613|0303|0501|1244|1642|2017|2205|8 Muharrem 1449
20270614|0303|0501|1244|1643|2017|2206|9 Muharrem 1449
20270615|0303|0501|1244|1643|2018|2207|10 Muharrem 1449
20270616|0303|0501|1244|1643|2018|2207|11 Muharrem 1449
20270617|0302|0501|1245|1643|2018|2208|12 Muharrem 1449
20270618|0302|0501|1245|1644|2019|2208|13 Muharrem 1449
20270619|0303|0501|1245|1644|2019|2209|14 Muharrem 1449
20270620|0303|0501|1245|1644|2019|2209|15 Muharrem 1449
20270621|0303|0501|1246|1644|2020|2209|16 Muharrem 1449
20270622|0303|0502|1246|1645|2020|2209|17 Muharrem 1449
20270623|0303|0502|1246|1645|2020|2210|18 Muharrem 1449
20270624|0304|0502|1246|1645|2020|2210|19 Muharrem 1449
20270625|0304|0502|1246|1645|2020|2210|20 Muharrem 1449
20270626|0304|0503|1247|1645|2020|2210|21 Muharrem 1449
20270627|0305|0503|1247|1646|2021|2210|22 Muharrem 1449
20270628|0305|0504|1247|1646|2021|2210|23 Muharrem 1449
20270629|0306|0504|1247|1646|2021|2209|24 Muharrem 1449
20270630|0307|0504|1247|1646|2021|2209|25 Muharrem 1449
20270701|0307|0505|1248|1646|2020|2209|26 Muharrem 1449
20270702|0308|0505|1248|1646|2020|2209|27 Muharrem 1449
20270703|0309|0506|1248|1647|2020|2208|28 Muharrem 1449
20270704|0310|0506|1248|1647|2020|2208|29 Muharrem 1449
20270705|0311|0507|1248|1647|2020|2207|1 Safer 1449
20270706|0312|0508|1249|1647|2020|2207|2 Safer 1449
20270707|0312|0508|1249|1647|2019|2206|3 Safer 1449
20270708|0313|0509|1249|1647|2019|2206|4 Safer 1449
20270709|0315|0509|1249|1647|2019|2205|5 Safer 1449
20270710|0316|0510|1249|1647|2018|2204|6 Safer 1449
20270711|0317|0511|1249|1647|2018|2203|7 Safer 1449
20270712|0318|0511|1249|1647|2017|2203|8 Safer 1449
20270713|0319|0512|1250|1647|2017|2202|9 Safer 1449
20270714|0320|0513|1250|1647|2016|2201|10 Safer 1449
20270715|0321|0514|1250|1647|2016|2200|11 Safer 1449
20270716|0323|0514|1250|1647|2015|2159|12 Safer 1449
20270717|0324|0515|1250|1647|2015|2158|13 Safer 1449
20270718|0325|0516|1250|1647|2014|2157|14 Safer 1449
20270719|0327|0517|1250|1647|2013|2156|15 Safer 1449
20270720|0328|0518|1250|1647|2013|2154|16 Safer 1449
20270721|0329|0519|1250|1647|2012|2153|17 Safer 1449
20270722|0331|0519|1250|1646|2011|2152|18 Safer 1449
20270723|0332|0520|1250|1646|2010|2151|19 Safer 1449
20270724|0334|0521|1250|1646|2010|2149|20 Safer 1449
20270725|0335|0522|1250|1646|2009|2148|21 Safer 1449
20270726|0336|0523|1250|1646|2008|2147|22 Safer 1449
20270727|0338|0524|1250|1645|2007|2145|23 Safer 1449
20270728|0339|0525|1250|1645|2006|2144|24 Safer 1449
20270729|0341|0526|1250|1645|2005|2142|25 Safer 1449
20270730|0342|0527|1250|1645|2004|2141|26 Safer 1449
20270731|0344|0528|1250|1644|2003|2140|27 Safer 1449
20270801|0345|0528|1250|1644|2002|2138|28 Safer 1449
20270802|0347|0529|1250|1644|2001|2136|29 Safer 1449
20270803|0348|0530|1250|1643|2000|2135|1 Rebiulevvel 1449
20270804|0350|0531|1250|1643|1959|2133|2 Rebiulevvel 1449
20270805|0351|0532|1250|1642|1958|2132|3 Rebiulevvel 1449
20270806|0353|0533|1250|1642|1956|2130|4 Rebiulevvel 1449
20270807|0354|0534|1250|1642|1955|2128|5 Rebiulevvel 1449
20270808|0356|0535|1250|1641|1954|2127|6 Rebiulevvel 1449
20270809|0357|0536|1249|1641|1953|2125|7 Rebiulevvel 1449
20270810|0358|0537|1249|1640|1952|2123|8 Rebiulevvel 1449
20270811|0400|0538|1249|1640|1950|2122|9 Rebiulevvel 1449
20270812|0401|0539|1249|1639|1949|2120|10 Rebiulevvel 1449
20270813|0403|0540|1249|1638|1948|2118|11 Rebiulevvel 1449
20270814|0404|0541|1249|1638|1946|2116|12 Rebiulevvel 1449
20270815|0406|0542|1248|1637|1945|2115|13 Rebiulevvel 1449
20270816|0407|0543|1248|1637|1944|2113|14 Rebiulevvel 1449
20270817|0409|0544|1248|1636|1942|2111|15 Rebiulevvel 1449
20270818|0410|0545|1248|1635|1941|2109|16 Rebiulevvel 1449
20270819|0411|0546|1248|1635|1939|2107|17 Rebiulevvel 1449
20270820|0413|0547|1247|1634|1938|2106|18 Rebiulevvel 1449
20270821|0414|0548|1247|1633|1937|2104|19 Rebiulevvel 1449
20270822|0416|0549|1247|1632|1935|2102|20 Rebiulevvel 1449
20270823|0417|0550|1247|1632|1934|2100|21 Rebiulevvel 1449
20270824|0418|0551|1246|1631|1932|2058|22 Rebiulevvel 1449
20270825|0420|0552|1246|1630|1931|2056|23 Rebiulevvel 1449
20270826|0421|0553|1246|1629|1929|2055|24 Rebiulevvel 1449
20270827|0422|0554|1246|1629|1928|2053|25 Rebiulevvel 1449
20270828|0424|0555|1245|1628|1926|2051|26 Rebiulevvel 1449
20270829|0425|0556|1245|1627|1924|2049|27 Rebiulevvel 1449
20270830|0426|0557|1245|1626|1923|2047|28 Rebiulevvel 1449
20270831|0428|0558|1244|1625|1921|2045|29 Rebiulevvel 1449
20270901|0429|0559|1244|1624|1920|2043|30 Rebiulevvel 1449
20270902|0430|0559|1244|1623|1918|2041|1 Rebiulahir 1449
20270903|0432|0600|1243|1622|1916|2039|2 Rebiulahir 1449
20270904|0433|0601|1243|1621|1915|2038|3 Rebiulahir 1449
20270905|0434|0602|1243|1620|1913|2036|4 Rebiulahir 1449
20270906|0435|0603|1242|1619|1912|2034|5 Rebiulahir 1449
20270907|0437|0604|1242|1619|1910|2032|6 Rebiulahir 1449
20270908|0438|0605|1242|1618|1908|2030|7 Rebiulahir 1449
20270909|0439|0606|1241|1616|1907|2028|8 Rebiulahir 1449
20270910|0440|0607|1241|1615|1905|2026|9 Rebiulahir 1449
20270911|0441|0608|1241|1614|1903|2024|10 Rebiulahir 1449
20270912|0443|0609|1240|1613|1902|2023|11 Rebiulahir 1449
20270913|0444|0610|1240|1612|1900|2021|12 Rebiulahir 1449
20270914|0445|0611|1240|1611|1858|2019|13 Rebiulahir 1449
20270915|0446|0612|1239|1610|1857|2017|14 Rebiulahir 1449
20270916|0447|0613|1239|1609|1855|2015|15 Rebiulahir 1449
20270917|0448|0614|1239|1608|1853|2013|16 Rebiulahir 1449
20270918|0450|0615|1238|1607|1852|2011|17 Rebiulahir 1449
20270919|0451|0616|1238|1606|1850|2010|18 Rebiulahir 1449
20270920|0452|0617|1238|1605|1848|2008|19 Rebiulahir 1449
20270921|0453|0618|1237|1603|1847|2006|20 Rebiulahir 1449
20270922|0454|0619|1237|1602|1845|2004|21 Rebiulahir 1449
20270923|0455|0620|1236|1601|1843|2002|22 Rebiulahir 1449
20270924|0456|0621|1236|1600|1842|2001|23 Rebiulahir 1449
20270925|0457|0622|1236|1559|1840|1959|24 Rebiulahir 1449
20270926|0458|0623|1235|1558|1838|1957|25 Rebiulahir 1449
20270927|0500|0624|1235|1557|1836|1955|26 Rebiulahir 1449
20270928|0501|0625|1235|1555|1835|1953|27 Rebiulahir 1449
20270929|0502|0626|1234|1554|1833|1952|28 Rebiulahir 1449
20270930|0503|0627|1234|1553|1831|1950|29 Rebiulahir 1449
20271001|0504|0628|1234|1552|1830|1948|1 Cemaziyelevvel 1449
20271002|0505|0629|1233|1551|1828|1947|2 Cemaziyelevvel 1449
20271003|0506|0630|1233|1549|1827|1945|3 Cemaziyelevvel 1449
20271004|0507|0631|1233|1548|1825|1943|4 Cemaziyelevvel 1449
20271005|0508|0632|1232|1547|1823|1942|5 Cemaziyelevvel 1449
20271006|0509|0633|1232|1546|1822|1940|6 Cemaziyelevvel 1449
20271007|0510|0634|1232|1545|1820|1938|7 Cemaziyelevvel 1449
20271008|0511|0635|1232|1543|1818|1937|8 Cemaziyelevvel 1449
20271009|0512|0636|1231|1542|1817|1935|9 Cemaziyelevvel 1449
20271010|0513|0637|1231|1541|1815|1934|10 Cemaziyelevvel 1449
20271011|0514|0638|1231|1540|1814|1932|11 Cemaziyelevvel 1449
20271012|0515|0639|1231|1539|1812|1930|12 Cemaziyelevvel 1449
20271013|0516|0640|1230|1538|1811|1929|13 Cemaziyelevvel 1449
20271014|0517|0641|1230|1536|1809|1927|14 Cemaziyelevvel 1449
20271015|0518|0642|1230|1535|1807|1926|15 Cemaziyelevvel 1449
20271016|0519|0643|1230|1534|1806|1924|16 Cemaziyelevvel 1449
20271017|0521|0644|1229|1533|1804|1923|17 Cemaziyelevvel 1449
20271018|0522|0645|1229|1532|1803|1921|18 Cemaziyelevvel 1449
20271019|0523|0646|1229|1531|1801|1920|19 Cemaziyelevvel 1449
20271020|0524|0648|1229|1529|1800|1919|20 Cemaziyelevvel 1449
20271021|0525|0649|1229|1528|1759|1917|21 Cemaziyelevvel 1449
20271022|0526|0650|1228|1527|1757|1916|22 Cemaziyelevvel 1449
20271023|0527|0651|1228|1526|1756|1915|23 Cemaziyelevvel 1449
20271024|0528|0652|1228|1525|1754|1913|24 Cemaziyelevvel 1449
20271025|0529|0653|1228|1524|1753|1912|25 Cemaziyelevvel 1449
20271026|0530|0654|1228|1523|1752|1911|26 Cemaziyelevvel 1449
20271027|0531|0655|1228|1522|1750|1910|27 Cemaziyelevvel 1449
20271028|0532|0657|1228|1521|1749|1908|28 Cemaziyelevvel 1449
20271029|0533|0658|1228|1520|1748|1907|29 Cemaziyelevvel 1449
20271030|0534|0659|1228|1519|1746|1906|30 Cemaziyelevvel 1449
20271031|0535|0700|1227|1518|1745|1905|1 Cemaziyelahir 1449
20271101|0536|0701|1227|1517|1744|1904|2 Cemaziyelahir 1449
20271102|0537|0702|1227|1516|1743|1903|3 Cemaziyelahir 1449
20271103|0538|0703|1227|1515|1741|1902|4 Cemaziyelahir 1449
20271104|0539|0705|1227|1514|1740|1901|5 Cemaziyelahir 1449
20271105|0540|0706|1227|1513|1739|1900|6 Cemaziyelahir 1449
20271106|0541|0707|1227|1512|1738|1859|7 Cemaziyelahir 1449
20271107|0542|0708|1227|1511|1737|1858|8 Cemaziyelahir 1449
20271108|0543|0709|1228|1510|1736|1857|9 Cemaziyelahir 1449
20271109|0544|0710|1228|1510|1735|1856|10 Cemaziyelahir 1449
20271110|0545|0712|1228|1509|1734|1855|11 Cemaziyelahir 1449
20271111|0546|0713|1228|1508|1733|1854|12 Cemaziyelahir 1449
20271112|0547|0714|1228|1507|1732|1853|13 Cemaziyelahir 1449
20271113|0548|0715|1228|1507|1731|1853|14 Cemaziyelahir 1449
20271114|0549|0716|1228|1506|1730|1852|15 Cemaziyelahir 1449
20271115|0550|0717|1228|1505|1729|1851|16 Cemaziyelahir 1449
20271116|0551|0719|1228|1505|1728|1851|17 Cemaziyelahir 1449
20271117|0552|0720|1229|1504|1728|1850|18 Cemaziyelahir 1449
20271118|0553|0721|1229|1503|1727|1849|19 Cemaziyelahir 1449
20271119|0554|0722|1229|1503|1726|1849|20 Cemaziyelahir 1449
20271120|0555|0723|1229|1502|1725|1848|21 Cemaziyelahir 1449
20271121|0556|0724|1230|1502|1725|1848|22 Cemaziyelahir 1449
20271122|0557|0726|1230|1501|1724|1847|23 Cemaziyelahir 1449
20271123|0558|0727|1230|1501|1723|1847|24 Cemaziyelahir 1449
20271124|0559|0728|1230|1500|1723|1846|25 Cemaziyelahir 1449
20271125|0600|0729|1231|1500|1722|1846|26 Cemaziyelahir 1449
20271126|0601|0730|1231|1500|1722|1846|27 Cemaziyelahir 1449
20271127|0602|0731|1231|1459|1721|1845|28 Cemaziyelahir 1449
20271128|0603|0732|1232|1459|1721|1845|29 Cemaziyelahir 1449
20271129|0604|0733|1232|1459|1721|1845|1 Recep 1449
20271130|0604|0734|1232|1458|1720|1845|2 Recep 1449
20271201|0605|0735|1233|1458|1720|1844|3 Recep 1449
20271202|0606|0736|1233|1458|1720|1844|4 Recep 1449
20271203|0607|0737|1233|1458|1719|1844|5 Recep 1449
20271204|0608|0738|1234|1458|1719|1844|6 Recep 1449
20271205|0609|0739|1234|1458|1719|1844|7 Recep 1449
20271206|0610|0740|1235|1458|1719|1844|8 Recep 1449
20271207|0610|0741|1235|1458|1719|1844|9 Recep 1449
20271208|0611|0742|1235|1458|1719|1844|10 Recep 1449
20271209|0612|0743|1236|1458|1719|1844|11 Recep 1449
20271210|0613|0744|1236|1458|1719|1844|12 Recep 1449
20271211|0614|0745|1237|1458|1719|1845|13 Recep 1449
20271212|0614|0745|1237|1458|1719|1845|14 Recep 1449
20271213|0615|0746|1238|1458|1719|1845|15 Recep 1449
20271214|0616|0747|1238|1459|1719|1845|16 Recep 1449
20271215|0616|0748|1239|1459|1720|1845|17 Recep 1449
20271216|0617|0748|1239|1459|1720|1846|18 Recep 1449
20271217|0618|0749|1240|1500|1720|1846|19 Recep 1449
20271218|0618|0750|1240|1500|1720|1846|20 Recep 1449
20271219|0619|0750|1241|1500|1721|1847|21 Recep 1449
20271220|0619|0751|1241|1501|1721|1847|22 Recep 1449
20271221|0620|0751|1242|1501|1722|1848|23 Recep 1449
20271222|0620|0752|1242|1502|1722|1848|24 Recep 1449
20271223|0621|0752|1243|1502|1723|1849|25 Recep 1449
20271224|0621|0753|1243|1503|1723|1849|26 Recep 1449
20271225|0622|0753|1244|1503|1724|1850|27 Recep 1449
20271226|0622|0754|1244|1504|1724|1850|28 Recep 1449
20271227|0623|0754|1245|1504|1725|1851|29 Recep 1449
20271228|0623|0754|1245|1505|1726|1852|30 Recep 1449
20271229|0623|0755|1245|1506|1726|1852|1 Şaban 1449
20271230|0624|0755|1246|1506|1727|1853|2 Şaban 1449
20271231|0624|0755|1246|1507|1728|1854|3 Şaban 1449
#@9376|Oğuzlar|CORUM|730
20260101|0627|0758|1250|1510|1731|1857|12 Recep 1447
20260102|0627|0758|1250|1511|1732|1858|13 Recep 1447
20260103|0627|0759|1250|1512|1732|1858|14 Recep 1447
20260104|0627|0759|1251|1512|1733|1859|15 Recep 1447
20260105|0627|0759|1251|1513|1734|1900|16 Recep 1447
20260106|0628|0759|1252|1514|1735|1901|17 Recep 1447
20260107|0628|0758|1252|1515|1736|1902|18 Recep 1447
20260108|0628|0758|1253|1516|1737|1902|19 Recep 1447
20260109|0628|0758|1253|1517|1738|1903|20 Recep 1447
20260110|0627|0758|1254|1518|1739|1904|21 Recep 1447
20260111|0627|0758|1254|1519|1740|1905|22 Recep 1447
20260112|0627|0757|1254|1520|1741|1906|23 Recep 1447
20260113|0627|0757|1255|1521|1742|1907|24 Recep 1447
20260114|0627|0757|1255|1521|1743|1908|25 Recep 1447
20260115|0627|0756|1255|1522|1745|1909|26 Recep 1447
20260116|0626|0756|1256|1523|1746|1910|27 Recep 1447
20260117|0626|0756|1256|1524|1747|1911|28 Recep 1447
20260118|0626|0755|1256|1525|1748|1912|29 Recep 1447
20260119|0625|0755|1257|1526|1749|1913|30 Recep 1447
20260120|0625|0754|1257|1527|1750|1914|1 Şaban 1447
20260121|0625|0753|1257|1529|1751|1915|2 Şaban 1447
20260122|0624|0753|1258|1530|1753|1916|3 Şaban 1447
20260123|0624|0752|1258|1531|1754|1917|4 Şaban 1447
20260124|0623|0751|1258|1532|1755|1918|5 Şaban 1447
20260125|0623|0751|1258|1533|1756|1919|6 Şaban 1447
20260126|0622|0750|1259|1534|1757|1920|7 Şaban 1447
20260127|0621|0749|1259|1535|1759|1921|8 Şaban 1447
20260128|0621|0748|1259|1536|1800|1922|9 Şaban 1447
20260129|0620|0747|1259|1537|1801|1923|10 Şaban 1447
20260130|0619|0747|1259|1538|1802|1924|11 Şaban 1447
20260131|0618|0746|1300|1539|1804|1925|12 Şaban 1447
20260201|0618|0745|1300|1540|1805|1926|13 Şaban 1447
20260202|0617|0744|1300|1541|1806|1928|14 Şaban 1447
20260203|0616|0743|1300|1542|1807|1929|15 Şaban 1447
20260204|0615|0742|1300|1543|1808|1930|16 Şaban 1447
20260205|0614|0741|1300|1544|1810|1931|17 Şaban 1447
20260206|0613|0740|1300|1545|1811|1932|18 Şaban 1447
20260207|0612|0738|1300|1546|1812|1933|19 Şaban 1447
20260208|0611|0737|1300|1547|1813|1934|20 Şaban 1447
20260209|0610|0736|1300|1548|1815|1935|21 Şaban 1447
20260210|0609|0735|1300|1549|1816|1936|22 Şaban 1447
20260211|0608|0734|1300|1550|1817|1937|23 Şaban 1447
20260212|0607|0733|1300|1551|1818|1938|24 Şaban 1447
20260213|0606|0731|1300|1552|1820|1939|25 Şaban 1447
20260214|0605|0730|1300|1553|1821|1941|26 Şaban 1447
20260215|0604|0729|1300|1554|1822|1942|27 Şaban 1447
20260216|0603|0727|1300|1555|1823|1943|28 Şaban 1447
20260217|0601|0726|1300|1555|1824|1944|29 Şaban 1447
20260218|0600|0725|1300|1556|1826|1945|30 Şaban 1447
20260219|0559|0723|1300|1557|1827|1946|1 Ramazan 1447
20260220|0558|0722|1300|1558|1828|1947|2 Ramazan 1447
20260221|0556|0721|1300|1559|1829|1948|3 Ramazan 1447
20260222|0555|0719|1300|1600|1830|1949|4 Ramazan 1447
20260223|0553|0718|1300|1601|1832|1950|5 Ramazan 1447
20260224|0552|0716|1259|1601|1833|1952|6 Ramazan 1447
20260225|0551|0715|1259|1602|1834|1953|7 Ramazan 1447
20260226|0549|0713|1259|1603|1835|1954|8 Ramazan 1447
20260227|0548|0712|1259|1604|1836|1955|9 Ramazan 1447
20260228|0546|0710|1259|1605|1837|1956|10 Ramazan 1447
20260301|0545|0709|1259|1605|1838|1957|11 Ramazan 1447
20260302|0543|0707|1258|1606|1840|1958|12 Ramazan 1447
20260303|0542|0706|1258|1607|1841|1959|13 Ramazan 1447
20260304|0540|0704|1258|1608|1842|2000|14 Ramazan 1447
20260305|0539|0703|1258|1608|1843|2002|15 Ramazan 1447
20260306|0537|0701|1258|1609|1844|2003|16 Ramazan 1447
20260307|0536|0659|1257|1610|1845|2004|17 Ramazan 1447
20260308|0534|0658|1257|1610|1846|2005|18 Ramazan 1447
20260309|0532|0656|1257|1611|1847|2006|19 Ramazan 1447
20260310|0531|0655|1257|1612|1849|2007|20 Ramazan 1447
20260311|0529|0653|1256|1612|1850|2008|21 Ramazan 1447
20260312|0527|0651|1256|1613|1851|2010|22 Ramazan 1447
20260313|0526|0650|1256|1614|1852|2011|23 Ramazan 1447
20260314|0524|0648|1256|1614|1853|2012|24 Ramazan 1447
20260315|0522|0647|1255|1615|1854|2013|25 Ramazan 1447
20260316|0520|0645|1255|1616|1855|2014|26 Ramazan 1447
20260317|0519|0643|1255|1616|1856|2015|27 Ramazan 1447
20260318|0517|0642|1254|1617|1857|2016|28 Ramazan 1447
20260319|0515|0640|1254|1617|1858|2018|29 Ramazan 1447
20260320|0513|0638|1254|1618|1859|2019|1 Şevval 1447
20260321|0512|0637|1254|1618|1900|2020|2 Şevval 1447
20260322|0510|0635|1253|1619|1902|2021|3 Şevval 1447
20260323|0508|0633|1253|1619|1903|2022|4 Şevval 1447
20260324|0506|0632|1253|1620|1904|2024|5 Şevval 1447
20260325|0504|0630|1252|1620|1905|2025|6 Şevval 1447
20260326|0503|0628|1252|1621|1906|2026|7 Şevval 1447
20260327|0501|0627|1252|1621|1907|2027|8 Şevval 1447
20260328|0459|0625|1251|1622|1908|2028|9 Şevval 1447
20260329|0457|0623|1251|1622|1909|2030|10 Şevval 1447
20260330|0455|0622|1251|1623|1910|2031|11 Şevval 1447
20260331|0453|0620|1251|1623|1911|2032|12 Şevval 1447
20260401|0451|0618|1250|1623|1912|2033|13 Şevval 1447
20260402|0450|0617|1250|1624|1913|2035|14 Şevval 1447
20260403|0448|0615|1250|1624|1914|2036|15 Şevval 1447
20260404|0446|0613|1249|1625|1915|2037|16 Şevval 1447
20260405|0444|0612|1249|1625|1916|2038|17 Şevval 1447
20260406|0442|0610|1249|1625|1917|2040|18 Şevval 1447
20260407|0440|0609|1248|1626|1918|2041|19 Şevval 1447
20260408|0438|0607|1248|1626|1919|2042|20 Şevval 1447
20260409|0436|0605|1248|1627|1920|2044|21 Şevval 1447
20260410|0434|0604|1248|1627|1922|2045|22 Şevval 1447
20260411|0432|0602|1247|1627|1923|2046|23 Şevval 1447
20260412|0431|0601|1247|1628|1924|2048|24 Şevval 1447
20260413|0429|0559|1247|1628|1925|2049|25 Şevval 1447
20260414|0427|0558|1247|1628|1926|2050|26 Şevval 1447
20260415|0425|0556|1246|1629|1927|2052|27 Şevval 1447
20260416|0423|0554|1246|1629|1928|2053|28 Şevval 1447
20260417|0421|0553|1246|1629|1929|2055|29 Şevval 1447
20260418|0419|0551|1246|1630|1930|2056|1 Zilkade 1447
20260419|0417|0550|1245|1630|1931|2057|2 Zilkade 1447
20260420|0415|0548|1245|1630|1932|2059|3 Zilkade 1447
20260421|0414|0547|1245|1631|1933|2100|4 Zilkade 1447
20260422|0412|0546|1245|1631|1934|2102|5 Zilkade 1447
20260423|0410|0544|1245|1631|1935|2103|6 Zilkade 1447
20260424|0408|0543|1244|1632|1936|2105|7 Zilkade 1447
20260425|0406|0541|1244|1632|1937|2106|8 Zilkade 1447
20260426|0404|0540|1244|1632|1938|2107|9 Zilkade 1447
20260427|0402|0539|1244|1632|1939|2109|10 Zilkade 1447
20260428|0401|0537|1244|1633|1940|2110|11 Zilkade 1447
20260429|0359|0536|1244|1633|1941|2112|12 Zilkade 1447
20260430|0357|0535|1244|1633|1943|2113|13 Zilkade 1447
20260501|0355|0533|1243|1634|1944|2115|14 Zilkade 1447
20260502|0353|0532|1243|1634|1945|2116|15 Zilkade 1447
20260503|0352|0531|1243|1634|1946|2118|16 Zilkade 1447
20260504|0350|0529|1243|1634|1947|2119|17 Zilkade 1447
20260505|0348|0528|1243|1635|1948|2121|18 Zilkade 1447
20260506|0346|0527|1243|1635|1949|2122|19 Zilkade 1447
20260507|0345|0526|1243|1635|1950|2124|20 Zilkade 1447
20260508|0343|0525|1243|1635|1951|2125|21 Zilkade 1447
20260509|0341|0524|1243|1636|1952|2127|22 Zilkade 1447
20260510|0340|0523|1243|1636|1953|2128|23 Zilkade 1447
20260511|0338|0521|1243|1636|1954|2130|24 Zilkade 1447
20260512|0336|0520|1243|1637|1955|2131|25 Zilkade 1447
20260513|0335|0519|1243|1637|1956|2133|26 Zilkade 1447
20260514|0333|0518|1243|1637|1957|2134|27 Zilkade 1447
20260515|0332|0517|1243|1637|1958|2136|28 Zilkade 1447
20260516|0330|0516|1243|1638|1959|2137|29 Zilkade 1447
20260517|0329|0516|1243|1638|2000|2139|30 Zilkade 1447
20260518|0327|0515|1243|1638|2001|2140|1 Zilhicce 1447
20260519|0326|0514|1243|1639|2002|2142|2 Zilhicce 1447
20260520|0325|0513|1243|1639|2003|2143|3 Zilhicce 1447
20260521|0323|0512|1243|1639|2004|2144|4 Zilhicce 1447
20260522|0322|0511|1243|1639|2004|2146|5 Zilhicce 1447
20260523|0321|0511|1243|1640|2005|2147|6 Zilhicce 1447
20260524|0319|0510|1243|1640|2006|2149|7 Zilhicce 1447
20260525|0318|0509|1243|1640|2007|2150|8 Zilhicce 1447
20260526|0317|0509|1243|1640|2008|2151|9 Zilhicce 1447
20260527|0316|0508|1243|1641|2009|2153|10 Zilhicce 1447
20260528|0315|0507|1243|1641|2010|2154|11 Zilhicce 1447
20260529|0314|0507|1244|1641|2010|2155|12 Zilhicce 1447
20260530|0313|0506|1244|1642|2011|2156|13 Zilhicce 1447
20260531|0312|0506|1244|1642|2012|2158|14 Zilhicce 1447
20260601|0311|0505|1244|1642|2013|2159|15 Zilhicce 1447
20260602|0310|0505|1244|1642|2013|2200|16 Zilhicce 1447
20260603|0309|0505|1244|1643|2014|2201|17 Zilhicce 1447
20260604|0308|0504|1244|1643|2015|2202|18 Zilhicce 1447
20260605|0308|0504|1245|1643|2016|2203|19 Zilhicce 1447
20260606|0307|0504|1245|1644|2016|2204|20 Zilhicce 1447
20260607|0306|0503|1245|1644|2017|2205|21 Zilhicce 1447
20260608|0306|0503|1245|1644|2017|2206|22 Zilhicce 1447
20260609|0305|0503|1245|1644|2018|2207|23 Zilhicce 1447
20260610|0305|0503|1246|1645|2019|2208|24 Zilhicce 1447
20260611|0304|0503|1246|1645|2019|2208|25 Zilhicce 1447
20260612|0304|0502|1246|1645|2020|2209|26 Zilhicce 1447
20260613|0304|0502|1246|1645|2020|2210|27 Zilhicce 1447
20260614|0303|0502|1246|1646|2021|2210|28 Zilhicce 1447
20260615|0303|0502|1247|1646|2021|2211|29 Zilhicce 1447
20260616|0303|0502|1247|1646|2021|2211|1 Muharrem 1448
20260617|0303|0502|1247|1646|2022|2212|2 Muharrem 1448
20260618|0303|0503|1247|1647|2022|2212|3 Muharrem 1448
20260619|0303|0503|1248|1647|2022|2213|4 Muharrem 1448
20260620|0303|0503|1248|1647|2023|2213|5 Muharrem 1448
20260621|0303|0503|1248|1647|2023|2213|6 Muharrem 1448
20260622|0304|0503|1248|1648|2023|2214|7 Muharrem 1448
20260623|0304|0503|1248|1648|2023|2214|8 Muharrem 1448
20260624|0304|0504|1249|1648|2023|2214|9 Muharrem 1448
20260625|0305|0504|1249|1648|2024|2214|10 Muharrem 1448
20260626|0305|0504|1249|1648|2024|2214|11 Muharrem 1448
20260627|0306|0505|1249|1649|2024|2214|12 Muharrem 1448
20260628|0306|0505|1249|1649|2024|2214|13 Muharrem 1448
20260629|0307|0506|1250|1649|2024|2213|14 Muharrem 1448
20260630|0307|0506|1250|1649|2024|2213|15 Muharrem 1448
20260701|0308|0507|1250|1649|2024|2213|16 Muharrem 1448
20260702|0309|0507|1250|1649|2023|2213|17 Muharrem 1448
20260703|0310|0508|1250|1649|2023|2212|18 Muharrem 1448
20260704|0311|0508|1251|1650|2023|2212|19 Muharrem 1448
20260705|0311|0509|1251|1650|2023|2211|20 Muharrem 1448
20260706|0312|0509|1251|1650|2023|2211|21 Muharrem 1448
20260707|0313|0510|1251|1650|2022|2210|22 Muharrem 1448
20260708|0314|0511|1251|1650|2022|2209|23 Muharrem 1448
20260709|0315|0511|1251|1650|2022|2209|24 Muharrem 1448
20260710|0317|0512|1252|1650|2021|2208|25 Muharrem 1448
20260711|0318|0513|1252|1650|2021|2207|26 Muharrem 1448
20260712|0319|0513|1252|1650|2020|2206|27 Muharrem 1448
20260713|0320|0514|1252|1650|2020|2205|28 Muharrem 1448
20260714|0321|0515|1252|1650|2019|2204|29 Muharrem 1448
20260715|0323|0516|1252|1650|2019|2203|1 Safer 1448
20260716|0324|0516|1252|1650|2018|2202|2 Safer 1448
20260717|0325|0517|1252|1650|2018|2201|3 Safer 1448
20260718|0326|0518|1252|1650|2017|2200|4 Safer 1448
20260719|0328|0519|1253|1650|2016|2159|5 Safer 1448
20260720|0329|0520|1253|1649|2016|2158|6 Safer 1448
20260721|0331|0520|1253|1649|2015|2157|7 Safer 1448
20260722|0332|0521|1253|1649|2014|2155|8 Safer 1448
20260723|0333|0522|1253|1649|2013|2154|9 Safer 1448
20260724|0335|0523|1253|1649|2012|2153|10 Safer 1448
20260725|0336|0524|1253|1649|2012|2151|11 Safer 1448
20260726|0338|0525|1253|1648|2011|2150|12 Safer 1448
20260727|0339|0526|1253|1648|2010|2149|13 Safer 1448
20260728|0341|0527|1253|1648|2009|2147|14 Safer 1448
20260729|0342|0528|1253|1648|2008|2146|15 Safer 1448
20260730|0344|0529|1253|1647|2007|2144|16 Safer 1448
20260731|0345|0530|1253|1647|2006|2143|17 Safer 1448
20260801|0347|0531|1253|1647|2005|2141|18 Safer 1448
20260802|0348|0531|1253|1646|2004|2140|19 Safer 1448
20260803|0350|0532|1252|1646|2003|2138|20 Safer 1448
20260804|0351|0533|1252|1645|2001|2136|21 Safer 1448
20260805|0353|0534|1252|1645|2000|2135|22 Safer 1448
20260806|0354|0535|1252|1645|1959|2133|23 Safer 1448
20260807|0356|0536|1252|1644|1958|2131|24 Safer 1448
20260808|0357|0537|1252|1644|1957|2130|25 Safer 1448
20260809|0359|0538|1252|1643|1955|2128|26 Safer 1448
20260810|0400|0539|1252|1643|1954|2126|27 Safer 1448
20260811|0402|0540|1252|1642|1953|2125|28 Safer 1448
20260812|0403|0541|1251|1642|1952|2123|29 Safer 1448
20260813|0405|0542|1251|1641|1950|2121|30 Safer 1448
20260814|0406|0543|1251|1640|1949|2119|1 Rebiulevvel 1448
20260815|0408|0544|1251|1640|1948|2118|2 Rebiulevvel 1448
20260816|0409|0545|1251|1639|1946|2116|3 Rebiulevvel 1448
20260817|0410|0546|1250|1638|1945|2114|4 Rebiulevvel 1448
20260818|0412|0547|1250|1638|1943|2112|5 Rebiulevvel 1448
20260819|0413|0548|1250|1637|1942|2110|6 Rebiulevvel 1448
20260820|0415|0549|1250|1636|1940|2108|7 Rebiulevvel 1448
20260821|0416|0550|1250|1636|1939|2107|8 Rebiulevvel 1448
20260822|0418|0551|1249|1635|1937|2105|9 Rebiulevvel 1448
20260823|0419|0552|1249|1634|1936|2103|10 Rebiulevvel 1448
20260824|0420|0553|1249|1633|1934|2101|11 Rebiulevvel 1448
20260825|0422|0554|1248|1633|1933|2059|12 Rebiulevvel 1448
20260826|0423|0555|1248|1632|1931|2057|13 Rebiulevvel 1448
20260827|0424|0556|1248|1631|1930|2055|14 Rebiulevvel 1448
20260828|0426|0557|1248|1630|1928|2053|15 Rebiulevvel 1448
20260829|0427|0558|1247|1629|1927|2052|16 Rebiulevvel 1448
20260830|0428|0559|1247|1628|1925|2050|17 Rebiulevvel 1448
20260831|0430|0600|1247|1627|1924|2048|18 Rebiulevvel 1448
20260901|0431|0601|1246|1626|1922|2046|19 Rebiulevvel 1448
20260902|0432|0602|1246|1626|1920|2044|20 Rebiulevvel 1448
20260903|0434|0603|1246|1625|1919|2042|21 Rebiulevvel 1448
20260904|0435|0604|1245|1624|1917|2040|22 Rebiulevvel 1448
20260905|0436|0605|1245|1623|1915|2038|23 Rebiulevvel 1448
20260906|0437|0606|1245|1622|1914|2036|24 Rebiulevvel 1448
20260907|0439|0607|1244|1621|1912|2034|25 Rebiulevvel 1448
20260908|0440|0608|1244|1620|1910|2033|26 Rebiulevvel 1448
20260909|0441|0609|1244|1619|1909|2031|27 Rebiulevvel 1448
20260910|0442|0610|1243|1618|1907|2029|28 Rebiulevvel 1448
20260911|0444|0611|1243|1617|1905|2027|29 Rebiulevvel 1448
20260912|0445|0612|1243|1616|1904|2025|1 Rebiulahir 1448
20260913|0446|0613|1242|1614|1902|2023|2 Rebiulahir 1448
20260914|0447|0614|1242|1613|1900|2021|3 Rebiulahir 1448
20260915|0448|0615|1242|1612|1859|2019|4 Rebiulahir 1448
20260916|0449|0615|1241|1611|1857|2017|5 Rebiulahir 1448
20260917|0451|0616|1241|1610|1855|2016|6 Rebiulahir 1448
20260918|0452|0617|1241|1609|1854|2014|7 Rebiulahir 1448
20260919|0453|0618|1240|1608|1852|2012|8 Rebiulahir 1448
20260920|0454|0619|1240|1607|1850|2010|9 Rebiulahir 1448
20260921|0455|0620|1239|1605|1849|2008|10 Rebiulahir 1448
20260922|0456|0621|1239|1604|1847|2006|11 Rebiulahir 1448
20260923|0457|0622|1239|1603|1845|2005|12 Rebiulahir 1448
20260924|0459|0623|1238|1602|1843|2003|13 Rebiulahir 1448
20260925|0500|0624|1238|1601|1842|2001|14 Rebiulahir 1448
20260926|0501|0625|1238|1600|1840|1959|15 Rebiulahir 1448
20260927|0502|0626|1237|1558|1838|1957|16 Rebiulahir 1448
20260928|0503|0627|1237|1557|1837|1956|17 Rebiulahir 1448
20260929|0504|0628|1237|1556|1835|1954|18 Rebiulahir 1448
20260930|0505|0629|1236|1555|1833|1952|19 Rebiulahir 1448
20261001|0506|0630|1236|1554|1832|1950|20 Rebiulahir 1448
20261002|0507|0631|1236|1552|1830|1949|21 Rebiulahir 1448
20261003|0508|0632|1235|1551|1828|1947|22 Rebiulahir 1448
20261004|0509|0633|1235|1550|1827|1945|23 Rebiulahir 1448
20261005|0511|0634|1235|1549|1825|1944|24 Rebiulahir 1448
20261006|0512|0636|1234|1548|1823|1942|25 Rebiulahir 1448
20261007|0513|0637|1234|1546|1822|1940|26 Rebiulahir 1448
20261008|0514|0638|1234|1545|1820|1939|27 Rebiulahir 1448
20261009|0515|0639|1234|1544|1819|1937|28 Rebiulahir 1448
20261010|0516|0640|1233|1543|1817|1936|29 Rebiulahir 1448
20261011|0517|0641|1233|1542|1815|1934|30 Rebiulahir 1448
20261012|0518|0642|1233|1541|1814|1933|1 Cemaziyelevvel 1448
20261013|0519|0643|1233|1539|1812|1931|2 Cemaziyelevvel 1448
20261014|0520|0644|1232|1538|1811|1929|3 Cemaziyelevvel 1448
20261015|0521|0645|1232|1537|1809|1928|4 Cemaziyelevvel 1448
20261016|0522|0646|1232|1536|1808|1926|5 Cemaziyelevvel 1448
20261017|0523|0647|1232|1535|1806|1925|6 Cemaziyelevvel 1448
20261018|0524|0648|1231|1533|1805|1924|7 Cemaziyelevvel 1448
20261019|0525|0649|1231|1532|1803|1922|8 Cemaziyelevvel 1448
20261020|0526|0651|1231|1531|1802|1921|9 Cemaziyelevvel 1448
20261021|0527|0652|1231|1530|1800|1919|10 Cemaziyelevvel 1448
20261022|0528|0653|1231|1529|1759|1918|11 Cemaziyelevvel 1448
20261023|0529|0654|1231|1528|1757|1917|12 Cemaziyelevvel 1448
20261024|0530|0655|1230|1527|1756|1915|13 Cemaziyelevvel 1448
20261025|0531|0656|1230|1526|1755|1914|14 Cemaziyelevvel 1448
20261026|0532|0657|1230|1525|1753|1913|15 Cemaziyelevvel 1448
20261027|0533|0658|1230|1524|1752|1912|16 Cemaziyelevvel 1448
20261028|0534|0700|1230|1522|1751|1910|17 Cemaziyelevvel 1448
20261029|0535|0701|1230|1521|1749|1909|18 Cemaziyelevvel 1448
20261030|0537|0702|1230|1520|1748|1908|19 Cemaziyelevvel 1448
20261031|0538|0703|1230|1519|1747|1907|20 Cemaziyelevvel 1448
20261101|0539|0704|1230|1518|1745|1906|21 Cemaziyelevvel 1448
20261102|0540|0705|1230|1517|1744|1905|22 Cemaziyelevvel 1448
20261103|0541|0707|1230|1517|1743|1904|23 Cemaziyelevvel 1448
20261104|0542|0708|1230|1516|1742|1903|24 Cemaziyelevvel 1448
20261105|0543|0709|1230|1515|1741|1902|25 Cemaziyelevvel 1448
20261106|0544|0710|1230|1514|1740|1901|26 Cemaziyelevvel 1448
20261107|0545|0711|1230|1513|1739|1900|27 Cemaziyelevvel 1448
20261108|0546|0712|1230|1512|1737|1859|28 Cemaziyelevvel 1448
20261109|0547|0714|1230|1511|1736|1858|29 Cemaziyelevvel 1448
20261110|0548|0715|1230|1510|1735|1857|1 Cemaziyelahir 1448
20261111|0549|0716|1230|1510|1734|1856|2 Cemaziyelahir 1448
20261112|0550|0717|1230|1509|1734|1855|3 Cemaziyelahir 1448
20261113|0551|0718|1230|1508|1733|1855|4 Cemaziyelahir 1448
20261114|0552|0719|1231|1508|1732|1854|5 Cemaziyelahir 1448
20261115|0553|0721|1231|1507|1731|1853|6 Cemaziyelahir 1448
20261116|0554|0722|1231|1506|1730|1853|7 Cemaziyelahir 1448
20261117|0555|0723|1231|1506|1729|1852|8 Cemaziyelahir 1448
20261118|0556|0724|1231|1505|1728|1851|9 Cemaziyelahir 1448
20261119|0557|0725|1231|1504|1728|1851|10 Cemaziyelahir 1448
20261120|0558|0726|1232|1504|1727|1850|11 Cemaziyelahir 1448
20261121|0559|0728|1232|1503|1726|1850|12 Cemaziyelahir 1448
20261122|0600|0729|1232|1503|1726|1849|13 Cemaziyelahir 1448
20261123|0601|0730|1232|1502|1725|1849|14 Cemaziyelahir 1448
20261124|0602|0731|1233|1502|1725|1848|15 Cemaziyelahir 1448
20261125|0603|0732|1233|1502|1724|1848|16 Cemaziyelahir 1448
20261126|0604|0733|1233|1501|1723|1848|17 Cemaziyelahir 1448
20261127|0605|0734|1234|1501|1723|1847|18 Cemaziyelahir 1448
20261128|0606|0735|1234|1501|1723|1847|19 Cemaziyelahir 1448
20261129|0606|0736|1234|1500|1722|1847|20 Cemaziyelahir 1448
20261130|0607|0738|1235|1500|1722|1847|21 Cemaziyelahir 1448
20261201|0608|0739|1235|1500|1722|1846|22 Cemaziyelahir 1448
20261202|0609|0740|1235|1500|1721|1846|23 Cemaziyelahir 1448
20261203|0610|0741|1236|1500|1721|1846|24 Cemaziyelahir 1448
20261204|0611|0742|1236|1500|1721|1846|25 Cemaziyelahir 1448
20261205|0612|0743|1237|1459|1721|1846|26 Cemaziyelahir 1448
20261206|0613|0743|1237|1459|1721|1846|27 Cemaziyelahir 1448
20261207|0613|0744|1237|1459|1721|1846|28 Cemaziyelahir 1448
20261208|0614|0745|1238|1459|1721|1846|29 Cemaziyelahir 1448
20261209|0615|0746|1238|1500|1721|1846|30 Cemaziyelahir 1448
20261210|0616|0747|1239|1500|1721|1846|1 Recep 1448
20261211|0616|0748|1239|1500|1721|1847|2 Recep 1448
20261212|0617|0749|1240|1500|1721|1847|3 Recep 1448
20261213|0618|0749|1240|1500|1721|1847|4 Recep 1448
20261214|0619|0750|1241|1500|1721|1847|5 Recep 1448
20261215|0619|0751|1241|1501|1721|1848|6 Recep 1448
20261216|0620|0752|1242|1501|1722|1848|7 Recep 1448
20261217|0620|0752|1242|1501|1722|1848|8 Recep 1448
20261218|0621|0753|1243|1502|1722|1849|9 Recep 1448
20261219|0622|0754|1243|1502|1723|1849|10 Recep 1448
20261220|0622|0754|1244|1502|1723|1849|11 Recep 1448
20261221|0623|0755|1244|1503|1723|1850|12 Recep 1448
20261222|0623|0755|1245|1503|1724|1850|13 Recep 1448
20261223|0624|0756|1245|1504|1724|1851|14 Recep 1448
20261224|0624|0756|1246|1504|1725|1851|15 Recep 1448
20261225|0625|0756|1246|1505|1726|1852|16 Recep 1448
20261226|0625|0757|1247|1506|1726|1853|17 Recep 1448
20261227|0625|0757|1247|1506|1727|1853|18 Recep 1448
20261228|0626|0758|1248|1507|1728|1854|19 Recep 1448
20261229|0626|0758|1248|1508|1728|1854|20 Recep 1448
20261230|0626|0758|1248|1508|1729|1855|21 Recep 1448
20261231|0627|0758|1249|1509|1730|1856|22 Recep 1448
20270101|0627|0758|1249|1510|1731|1857|23 Recep 1448
20270102|0627|0758|1250|1511|1731|1857|24 Recep 1448
20270103|0627|0759|1250|1511|1732|1858|25 Recep 1448
20270104|0627|0759|1251|1512|1733|1859|26 Recep 1448
20270105|0627|0759|1251|1513|1734|1900|27 Recep 1448
20270106|0628|0759|1252|1514|1735|1901|28 Recep 1448
20270107|0628|0758|1252|1515|1736|1901|29 Recep 1448
20270108|0628|0758|1253|1516|1737|1902|30 Recep 1448
20270109|0628|0758|1253|1517|1738|1903|1 Şaban 1448
20270110|0627|0758|1253|1517|1739|1904|2 Şaban 1448
20270111|0627|0758|1254|1518|1740|1905|3 Şaban 1448
20270112|0627|0758|1254|1519|1741|1906|4 Şaban 1448
20270113|0627|0757|1255|1520|1742|1907|5 Şaban 1448
20270114|0627|0757|1255|1521|1743|1908|6 Şaban 1448
20270115|0627|0757|1255|1522|1744|1909|7 Şaban 1448
20270116|0626|0756|1256|1523|1745|1910|8 Şaban 1448
20270117|0626|0756|1256|1524|1746|1911|9 Şaban 1448
20270118|0626|0755|1256|1525|1748|1912|10 Şaban 1448
20270119|0625|0755|1257|1526|1749|1913|11 Şaban 1448
20270120|0625|0754|1257|1527|1750|1914|12 Şaban 1448
20270121|0625|0754|1257|1528|1751|1915|13 Şaban 1448
20270122|0624|0753|1258|1529|1752|1916|14 Şaban 1448
20270123|0624|0752|1258|1530|1754|1917|15 Şaban 1448
20270124|0623|0752|1258|1531|1755|1918|16 Şaban 1448
20270125|0623|0751|1258|1532|1756|1919|17 Şaban 1448
20270126|0622|0750|1259|1533|1757|1920|18 Şaban 1448
20270127|0621|0749|1259|1534|1758|1921|19 Şaban 1448
20270128|0621|0748|1259|1535|1800|1922|20 Şaban 1448
20270129|0620|0748|1259|1537|1801|1923|21 Şaban 1448
20270130|0619|0747|1259|1538|1802|1924|22 Şaban 1448
20270131|0619|0746|1300|1539|1803|1925|23 Şaban 1448
20270201|0618|0745|1300|1540|1804|1926|24 Şaban 1448
20270202|0617|0744|1300|1541|1806|1927|25 Şaban 1448
20270203|0616|0743|1300|1542|1807|1928|26 Şaban 1448
20270204|0615|0742|1300|1543|1808|1929|27 Şaban 1448
20270205|0615|0741|1300|1544|1809|1930|28 Şaban 1448
20270206|0614|0740|1300|1545|1811|1932|29 Şaban 1448
20270207|0613|0739|1300|1546|1812|1933|30 Şaban 1448
20270208|0612|0738|1300|1547|1813|1934|1 Ramazan 1448
20270209|0611|0736|1300|1548|1814|1935|2 Ramazan 1448
20270210|0610|0735|1300|1549|1816|1936|3 Ramazan 1448
20270211|0609|0734|1300|1550|1817|1937|4 Ramazan 1448
20270212|0607|0733|1300|1551|1818|1938|5 Ramazan 1448
20270213|0606|0732|1300|1552|1819|1939|6 Ramazan 1448
20270214|0605|0730|1300|1552|1820|1940|7 Ramazan 1448
20270215|0604|0729|1300|1553|1822|1941|8 Ramazan 1448
20270216|0603|0728|1300|1554|1823|1943|9 Ramazan 1448
20270217|0602|0726|1300|1555|1824|1944|10 Ramazan 1448
20270218|0600|0725|1300|1556|1825|1945|11 Ramazan 1448
20270219|0559|0724|1300|1557|1827|1946|12 Ramazan 1448
20270220|0558|0722|1300|1558|1828|1947|13 Ramazan 1448
20270221|0557|0721|1300|1559|1829|1948|14 Ramazan 1448
20270222|0555|0720|1300|1600|1830|1949|15 Ramazan 1448
20270223|0554|0718|1300|1600|1831|1950|16 Ramazan 1448
20270224|0552|0717|1300|1601|1832|1951|17 Ramazan 1448
20270225|0551|0715|1259|1602|1834|1952|18 Ramazan 1448
20270226|0550|0714|1259|1603|1835|1954|19 Ramazan 1448
20270227|0548|0712|1259|1604|1836|1955|20 Ramazan 1448
20270228|0547|0711|1259|1605|1837|1956|21 Ramazan 1448
20270301|0545|0709|1259|1605|1838|1957|22 Ramazan 1448
20270302|0544|0708|1258|1606|1839|1958|23 Ramazan 1448
20270303|0542|0706|1258|1607|1840|1959|24 Ramazan 1448
20270304|0541|0705|1258|1608|1842|2000|25 Ramazan 1448
20270305|0539|0703|1258|1608|1843|2001|26 Ramazan 1448
20270306|0538|0701|1258|1609|1844|2002|27 Ramazan 1448
20270307|0536|0700|1257|1610|1845|2004|28 Ramazan 1448
20270308|0534|0658|1257|1610|1846|2005|29 Ramazan 1448
20270309|0533|0657|1257|1611|1847|2006|1 Şevval 1448
20270310|0531|0655|1257|1612|1848|2007|2 Şevval 1448
20270311|0529|0653|1256|1612|1849|2008|3 Şevval 1448
20270312|0528|0652|1256|1613|1851|2009|4 Şevval 1448
20270313|0526|0650|1256|1614|1852|2010|5 Şevval 1448
20270314|0524|0649|1256|1614|1853|2012|6 Şevval 1448
20270315|0523|0647|1255|1615|1854|2013|7 Şevval 1448
20270316|0521|0645|1255|1615|1855|2014|8 Şevval 1448
20270317|0519|0644|1255|1616|1856|2015|9 Şevval 1448
20270318|0517|0642|1254|1617|1857|2016|10 Şevval 1448
20270319|0516|0640|1254|1617|1858|2017|11 Şevval 1448
20270320|0514|0639|1254|1618|1859|2018|12 Şevval 1448
20270321|0512|0637|1254|1618|1900|2020|13 Şevval 1448
20270322|0510|0635|1253|1619|1901|2021|14 Şevval 1448
20270323|0508|0634|1253|1619|1902|2022|15 Şevval 1448
20270324|0507|0632|1253|1620|1903|2023|16 Şevval 1448
20270325|0505|0630|1252|1620|1904|2024|17 Şevval 1448
20270326|0503|0629|1252|1621|1906|2026|18 Şevval 1448
20270327|0501|0627|1252|1621|1907|2027|19 Şevval 1448
20270328|0459|0625|1252|1622|1908|2028|20 Şevval 1448
20270329|0457|0624|1251|1622|1909|2029|21 Şevval 1448
20270330|0456|0622|1251|1622|1910|2031|22 Şevval 1448
20270331|0454|0620|1251|1623|1911|2032|23 Şevval 1448
20270401|0452|0619|1250|1623|1912|2033|24 Şevval 1448
20270402|0450|0617|1250|1624|1913|2034|25 Şevval 1448
20270403|0448|0616|1250|1624|1914|2036|26 Şevval 1448
20270404|0446|0614|1249|1625|1915|2037|27 Şevval 1448
20270405|0444|0612|1249|1625|1916|2038|28 Şevval 1448
20270406|0442|0611|1249|1625|1917|2039|29 Şevval 1448
20270407|0441|0609|1249|1626|1918|2041|30 Şevval 1448
20270408|0439|0607|1248|1626|1919|2042|1 Zilkade 1448
20270409|0437|0606|1248|1627|1920|2043|2 Zilkade 1448
20270410|0435|0604|1248|1627|1921|2045|3 Zilkade 1448
20270411|0433|0603|1247|1627|1922|2046|4 Zilkade 1448
20270412|0431|0601|1247|1628|1923|2047|5 Zilkade 1448
20270413|0429|0559|1247|1628|1924|2049|6 Zilkade 1448
20270414|0427|0558|1247|1628|1925|2050|7 Zilkade 1448
20270415|0425|0556|1246|1629|1927|2051|8 Zilkade 1448
20270416|0423|0555|1246|1629|1928|2053|9 Zilkade 1448
20270417|0422|0553|1246|1629|1929|2054|10 Zilkade 1448
20270418|0420|0552|1246|1630|1930|2056|11 Zilkade 1448
20270419|0418|0550|1246|1630|1931|2057|12 Zilkade 1448
20270420|0416|0549|1245|1630|1932|2058|13 Zilkade 1448
20270421|0414|0547|1245|1631|1933|2100|14 Zilkade 1448
20270422|0412|0546|1245|1631|1934|2101|15 Zilkade 1448
20270423|0410|0544|1245|1631|1935|2103|16 Zilkade 1448
20270424|0408|0543|1245|1631|1936|2104|17 Zilkade 1448
20270425|0407|0542|1244|1632|1937|2106|18 Zilkade 1448
20270426|0405|0540|1244|1632|1938|2107|19 Zilkade 1448
20270427|0403|0539|1244|1632|1939|2109|20 Zilkade 1448
20270428|0401|0538|1244|1633|1940|2110|21 Zilkade 1448
20270429|0359|0536|1244|1633|1941|2112|22 Zilkade 1448
20270430|0357|0535|1244|1633|1942|2113|23 Zilkade 1448
20270501|0356|0534|1243|1633|1943|2114|24 Zilkade 1448
20270502|0354|0532|1243|1634|1944|2116|25 Zilkade 1448
20270503|0352|0531|1243|1634|1945|2117|26 Zilkade 1448
20270504|0350|0530|1243|1634|1946|2119|27 Zilkade 1448
20270505|0349|0529|1243|1635|1947|2120|28 Zilkade 1448
20270506|0347|0527|1243|1635|1949|2122|29 Zilkade 1448
20270507|0345|0526|1243|1635|1950|2123|1 Zilhicce 1448
20270508|0343|0525|1243|1635|1951|2125|2 Zilhicce 1448
20270509|0342|0524|1243|1636|1952|2126|3 Zilhicce 1448
20270510|0340|0523|1243|1636|1953|2128|4 Zilhicce 1448
20270511|0338|0522|1243|1636|1954|2129|5 Zilhicce 1448
20270512|0337|0521|1243|1637|1955|2131|6 Zilhicce 1448
20270513|0335|0520|1243|1637|1956|2132|7 Zilhicce 1448
20270514|0334|0519|1243|1637|1957|2134|8 Zilhicce 1448
20270515|0332|0518|1243|1637|1958|2135|9 Zilhicce 1448
20270516|0331|0517|1243|1638|1959|2137|10 Zilhicce 1448
20270517|0329|0516|1243|1638|2000|2138|11 Zilhicce 1448
20270518|0328|0515|1243|1638|2000|2140|12 Zilhicce 1448
20270519|0326|0514|1243|1638|2001|2141|13 Zilhicce 1448
20270520|0325|0513|1243|1639|2002|2143|14 Zilhicce 1448
20270521|0324|0512|1243|1639|2003|2144|15 Zilhicce 1448
20270522|0322|0512|1243|1639|2004|2146|16 Zilhicce 1448
20270523|0321|0511|1243|1640|2005|2147|17 Zilhicce 1448
20270524|0320|0510|1243|1640|2006|2148|18 Zilhicce 1448
20270525|0318|0509|1243|1640|2007|2150|19 Zilhicce 1448
20270526|0317|0509|1243|1640|2008|2151|20 Zilhicce 1448
20270527|0316|0508|1243|1641|2009|2152|21 Zilhicce 1448
20270528|0315|0508|1243|1641|2009|2154|22 Zilhicce 1448
20270529|0314|0507|1244|1641|2010|2155|23 Zilhicce 1448
20270530|0313|0506|1244|1642|2011|2156|24 Zilhicce 1448
20270531|0312|0506|1244|1642|2012|2157|25 Zilhicce 1448
20270601|0311|0505|1244|1642|2013|2158|26 Zilhicce 1448
20270602|0310|0505|1244|1642|2013|2200|27 Zilhicce 1448
20270603|0309|0505|1244|1643|2014|2201|28 Zilhicce 1448
20270604|0308|0504|1244|1643|2015|2202|29 Zilhicce 1448
20270605|0308|0504|1245|1643|2015|2203|30 Zilhicce 1448
20270606|0307|0504|1245|1643|2016|2204|1 Muharrem 1449
20270607|0306|0503|1245|1644|2017|2205|2 Muharrem 1449
20270608|0306|0503|1245|1644|2017|2206|3 Muharrem 1449
20270609|0305|0503|1245|1644|2018|2206|4 Muharrem 1449
20270610|0305|0503|1246|1645|2018|2207|5 Muharrem 1449
20270611|0304|0503|1246|1645|2019|2208|6 Muharrem 1449
20270612|0304|0502|1246|1645|2020|2209|7 Muharrem 1449
20270613|0304|0502|1246|1645|2020|2210|8 Muharrem 1449
20270614|0303|0502|1246|1646|2020|2210|9 Muharrem 1449
20270615|0303|0502|1247|1646|2021|2211|10 Muharrem 1449
20270616|0303|0502|1247|1646|2021|2211|11 Muharrem 1449
20270617|0303|0502|1247|1646|2022|2212|12 Muharrem 1449
20270618|0303|0503|1247|1647|2022|2212|13 Muharrem 1449
20270619|0303|0503|1247|1647|2022|2213|14 Muharrem 1449
20270620|0303|0503|1248|1647|2023|2213|15 Muharrem 1449
20270621|0303|0503|1248|1647|2023|2213|16 Muharrem 1449
20270622|0304|0503|1248|1648|2023|2213|17 Muharrem 1449
20270623|0304|0503|1248|1648|2023|2214|18 Muharrem 1449
20270624|0304|0504|1249|1648|2023|2214|19 Muharrem 1449
20270625|0304|0504|1249|1648|2024|2214|20 Muharrem 1449
20270626|0305|0504|1249|1648|2024|2214|21 Muharrem 1449
20270627|0305|0505|1249|1648|2024|2214|22 Muharrem 1449
20270628|0306|0505|1249|1649|2024|2214|23 Muharrem 1449
20270629|0307|0506|1250|1649|2024|2213|24 Muharrem 1449
20270630|0307|0506|1250|1649|2024|2213|25 Muharrem 1449
20270701|0308|0506|1250|1649|2024|2213|26 Muharrem 1449
20270702|0309|0507|1250|1649|2023|2213|27 Muharrem 1449
20270703|0309|0507|1250|1649|2023|2212|28 Muharrem 1449
20270704|0310|0508|1251|1649|2023|2212|29 Muharrem 1449
20270705|0311|0509|1251|1650|2023|2211|1 Safer 1449
20270706|0312|0509|1251|1650|2023|2211|2 Safer 1449
20270707|0313|0510|1251|1650|2022|2210|3 Safer 1449
20270708|0314|0510|1251|1650|2022|2210|4 Safer 1449
20270709|0315|0511|1251|1650|2022|2209|5 Safer 1449
20270710|0316|0512|1252|1650|2021|2208|6 Safer 1449
20270711|0317|0512|1252|1650|2021|2207|7 Safer 1449
20270712|0319|0513|1252|1650|2021|2206|8 Safer 1449
20270713|0320|0514|1252|1650|2020|2206|9 Safer 1449
20270714|0321|0515|1252|1650|2020|2205|10 Safer 1449
20270715|0322|0515|1252|1650|2019|2204|11 Safer 1449
20270716|0324|0516|1252|1650|2018|2203|12 Safer 1449
20270717|0325|0517|1252|1650|2018|2202|13 Safer 1449
20270718|0326|0518|1252|1650|2017|2201|14 Safer 1449
20270719|0328|0519|1253|1650|2016|2159|15 Safer 1449
20270720|0329|0519|1253|1649|2016|2158|16 Safer 1449
20270721|0330|0520|1253|1649|2015|2157|17 Safer 1449
20270722|0332|0521|1253|1649|2014|2156|18 Safer 1449
20270723|0333|0522|1253|1649|2013|2154|19 Safer 1449
20270724|0335|0523|1253|1649|2013|2153|20 Safer 1449
20270725|0336|0524|1253|1649|2012|2152|21 Safer 1449
20270726|0337|0525|1253|1648|2011|2150|22 Safer 1449
20270727|0339|0526|1253|1648|2010|2149|23 Safer 1449
20270728|0340|0527|1253|1648|2009|2148|24 Safer 1449
20270729|0342|0527|1253|1648|2008|2146|25 Safer 1449
20270730|0343|0528|1253|1647|2007|2145|26 Safer 1449
20270731|0345|0529|1253|1647|2006|2143|27 Safer 1449
20270801|0346|0530|1253|1647|2005|2142|28 Safer 1449
20270802|0348|0531|1253|1646|2004|2140|29 Safer 1449
20270803|0349|0532|1253|1646|2003|2138|1 Rebiulevvel 1449
20270804|0351|0533|1252|1646|2002|2137|2 Rebiulevvel 1449
20270805|0352|0534|1252|1645|2001|2135|3 Rebiulevvel 1449
20270806|0354|0535|1252|1645|1959|2134|4 Rebiulevvel 1449
20270807|0355|0536|1252|1644|1958|2132|5 Rebiulevvel 1449
20270808|0357|0537|1252|1644|1957|2130|6 Rebiulevvel 1449
20270809|0358|0538|1252|1643|1956|2128|7 Rebiulevvel 1449
20270810|0400|0539|1252|1643|1954|2127|8 Rebiulevvel 1449
20270811|0401|0540|1252|1642|1953|2125|9 Rebiulevvel 1449
20270812|0403|0541|1251|1642|1952|2123|10 Rebiulevvel 1449
20270813|0404|0542|1251|1641|1951|2122|11 Rebiulevvel 1449
20270814|0406|0543|1251|1640|1949|2120|12 Rebiulevvel 1449
20270815|0407|0544|1251|1640|1948|2118|13 Rebiulevvel 1449
20270816|0409|0545|1251|1639|1946|2116|14 Rebiulevvel 1449
20270817|0410|0546|1250|1639|1945|2114|15 Rebiulevvel 1449
20270818|0412|0547|1250|1638|1944|2113|16 Rebiulevvel 1449
20270819|0413|0548|1250|1637|1942|2111|17 Rebiulevvel 1449
20270820|0414|0549|1250|1637|1941|2109|18 Rebiulevvel 1449
20270821|0416|0550|1250|1636|1939|2107|19 Rebiulevvel 1449
20270822|0417|0551|1249|1635|1938|2105|20 Rebiulevvel 1449
20270823|0419|0552|1249|1634|1936|2103|21 Rebiulevvel 1449
20270824|0420|0553|1249|1634|1935|2101|22 Rebiulevvel 1449
20270825|0421|0554|1249|1633|1933|2100|23 Rebiulevvel 1449
20270826|0423|0555|1248|1632|1932|2058|24 Rebiulevvel 1449
20270827|0424|0556|1248|1631|1930|2056|25 Rebiulevvel 1449
20270828|0425|0557|1248|1630|1929|2054|26 Rebiulevvel 1449
20270829|0427|0558|1247|1629|1927|2052|27 Rebiulevvel 1449
20270830|0428|0559|1247|1629|1926|2050|28 Rebiulevvel 1449
20270831|0429|0600|1247|1628|1924|2048|29 Rebiulevvel 1449
20270901|0431|0601|1246|1627|1922|2046|30 Rebiulevvel 1449
20270902|0432|0602|1246|1626|1921|2044|1 Rebiulahir 1449
20270903|0433|0603|1246|1625|1919|2042|2 Rebiulahir 1449
20270904|0435|0604|1246|1624|1917|2041|3 Rebiulahir 1449
20270905|0436|0605|1245|1623|1916|2039|4 Rebiulahir 1449
20270906|0437|0606|1245|1622|1914|2037|5 Rebiulahir 1449
20270907|0438|0606|1244|1621|1913|2035|6 Rebiulahir 1449
20270908|0440|0607|1244|1620|1911|2033|7 Rebiulahir 1449
20270909|0441|0608|1244|1619|1909|2031|8 Rebiulahir 1449
20270910|0442|0609|1243|1618|1908|2029|9 Rebiulahir 1449
20270911|0443|0610|1243|1617|1906|2027|10 Rebiulahir 1449
20270912|0444|0611|1243|1616|1904|2025|11 Rebiulahir 1449
20270913|0446|0612|1242|1615|1903|2024|12 Rebiulahir 1449
20270914|0447|0613|1242|1614|1901|2022|13 Rebiulahir 1449
20270915|0448|0614|1242|1613|1859|2020|14 Rebiulahir 1449
20270916|0449|0615|1241|1611|1857|2018|15 Rebiulahir 1449
20270917|0450|0616|1241|1610|1856|2016|16 Rebiulahir 1449
20270918|0452|0617|1241|1609|1854|2014|17 Rebiulahir 1449
20270919|0453|0618|1240|1608|1852|2012|18 Rebiulahir 1449
20270920|0454|0619|1240|1607|1851|2011|19 Rebiulahir 1449
20270921|0455|0620|1240|1606|1849|2009|20 Rebiulahir 1449
20270922|0456|0621|1239|1605|1847|2007|21 Rebiulahir 1449
20270923|0457|0622|1239|1603|1846|2005|22 Rebiulahir 1449
20270924|0458|0623|1238|1602|1844|2003|23 Rebiulahir 1449
20270925|0459|0624|1238|1601|1842|2001|24 Rebiulahir 1449
20270926|0501|0625|1238|1600|1841|2000|25 Rebiulahir 1449
20270927|0502|0626|1237|1559|1839|1958|26 Rebiulahir 1449
20270928|0503|0627|1237|1558|1837|1956|27 Rebiulahir 1449
20270929|0504|0628|1237|1556|1835|1954|28 Rebiulahir 1449
20270930|0505|0629|1236|1555|1834|1953|29 Rebiulahir 1449
20271001|0506|0630|1236|1554|1832|1951|1 Cemaziyelevvel 1449
20271002|0507|0631|1236|1553|1830|1949|2 Cemaziyelevvel 1449
20271003|0508|0632|1235|1552|1829|1947|3 Cemaziyelevvel 1449
20271004|0509|0633|1235|1550|1827|1946|4 Cemaziyelevvel 1449
20271005|0510|0634|1235|1549|1826|1944|5 Cemaziyelevvel 1449
20271006|0511|0635|1235|1548|1824|1942|6 Cemaziyelevvel 1449
20271007|0512|0636|1234|1547|1822|1941|7 Cemaziyelevvel 1449
20271008|0513|0637|1234|1546|1821|1939|8 Cemaziyelevvel 1449
20271009|0514|0638|1234|1544|1819|1938|9 Cemaziyelevvel 1449
20271010|0516|0639|1233|1543|1817|1936|10 Cemaziyelevvel 1449
20271011|0517|0641|1233|1542|1816|1934|11 Cemaziyelevvel 1449
20271012|0518|0642|1233|1541|1814|1933|12 Cemaziyelevvel 1449
20271013|0519|0643|1233|1540|1813|1931|13 Cemaziyelevvel 1449
20271014|0520|0644|1232|1538|1811|1930|14 Cemaziyelevvel 1449
20271015|0521|0645|1232|1537|1810|1928|15 Cemaziyelevvel 1449
20271016|0522|0646|1232|1536|1808|1927|16 Cemaziyelevvel 1449
20271017|0523|0647|1232|1535|1807|1925|17 Cemaziyelevvel 1449
20271018|0524|0648|1232|1534|1805|1924|18 Cemaziyelevvel 1449
20271019|0525|0649|1231|1533|1804|1922|19 Cemaziyelevvel 1449
20271020|0526|0650|1231|1531|1802|1921|20 Cemaziyelevvel 1449
20271021|0527|0651|1231|1530|1801|1920|21 Cemaziyelevvel 1449
20271022|0528|0652|1231|1529|1759|1918|22 Cemaziyelevvel 1449
20271023|0529|0654|1231|1528|1758|1917|23 Cemaziyelevvel 1449
20271024|0530|0655|1231|1527|1756|1916|24 Cemaziyelevvel 1449
20271025|0531|0656|1230|1526|1755|1914|25 Cemaziyelevvel 1449
20271026|0532|0657|1230|1525|1754|1913|26 Cemaziyelevvel 1449
20271027|0533|0658|1230|1524|1752|1912|27 Cemaziyelevvel 1449
20271028|0534|0659|1230|1523|1751|1911|28 Cemaziyelevvel 1449
20271029|0535|0700|1230|1522|1750|1909|29 Cemaziyelevvel 1449
20271030|0536|0702|1230|1521|1748|1908|30 Cemaziyelevvel 1449
20271031|0537|0703|1230|1520|1747|1907|1 Cemaziyelahir 1449
20271101|0538|0704|1230|1519|1746|1906|2 Cemaziyelahir 1449
20271102|0539|0705|1230|1518|1745|1905|3 Cemaziyelahir 1449
20271103|0540|0706|1230|1517|1743|1904|4 Cemaziyelahir 1449
20271104|0541|0707|1230|1516|1742|1903|5 Cemaziyelahir 1449
20271105|0542|0709|1230|1515|1741|1902|6 Cemaziyelahir 1449
20271106|0543|0710|1230|1514|1740|1901|7 Cemaziyelahir 1449
20271107|0545|0711|1230|1513|1739|1900|8 Cemaziyelahir 1449
20271108|0546|0712|1230|1512|1738|1859|9 Cemaziyelahir 1449
20271109|0547|0713|1230|1511|1737|1858|10 Cemaziyelahir 1449
20271110|0548|0714|1230|1511|1736|1857|11 Cemaziyelahir 1449
20271111|0549|0716|1230|1510|1735|1856|12 Cemaziyelahir 1449
20271112|0550|0717|1230|1509|1734|1856|13 Cemaziyelahir 1449
20271113|0551|0718|1230|1508|1733|1855|14 Cemaziyelahir 1449
20271114|0552|0719|1231|1508|1732|1854|15 Cemaziyelahir 1449
20271115|0553|0720|1231|1507|1731|1853|16 Cemaziyelahir 1449
20271116|0554|0722|1231|1506|1730|1853|17 Cemaziyelahir 1449
20271117|0555|0723|1231|1506|1729|1852|18 Cemaziyelahir 1449
20271118|0556|0724|1231|1505|1729|1851|19 Cemaziyelahir 1449
20271119|0557|0725|1231|1505|1728|1851|20 Cemaziyelahir 1449
20271120|0558|0726|1232|1504|1727|1850|21 Cemaziyelahir 1449
20271121|0559|0727|1232|1503|1726|1850|22 Cemaziyelahir 1449
20271122|0600|0728|1232|1503|1726|1849|23 Cemaziyelahir 1449
20271123|0601|0730|1232|1503|1725|1849|24 Cemaziyelahir 1449
20271124|0602|0731|1233|1502|1725|1848|25 Cemaziyelahir 1449
20271125|0602|0732|1233|1502|1724|1848|26 Cemaziyelahir 1449
20271126|0603|0733|1233|1501|1724|1848|27 Cemaziyelahir 1449
20271127|0604|0734|1234|1501|1723|1847|28 Cemaziyelahir 1449
20271128|0605|0735|1234|1501|1723|1847|29 Cemaziyelahir 1449
20271129|0606|0736|1234|1500|1722|1847|1 Recep 1449
20271130|0607|0737|1235|1500|1722|1847|2 Recep 1449
20271201|0608|0738|1235|1500|1722|1847|3 Recep 1449
20271202|0609|0739|1235|1500|1721|1846|4 Recep 1449
20271203|0610|0740|1236|1500|1721|1846|5 Recep 1449
20271204|0611|0741|1236|1500|1721|1846|6 Recep 1449
20271205|0611|0742|1237|1459|1721|1846|7 Recep 1449
20271206|0612|0743|1237|1459|1721|1846|8 Recep 1449
20271207|0613|0744|1237|1459|1721|1846|9 Recep 1449
20271208|0614|0745|1238|1459|1721|1846|10 Recep 1449
20271209|0615|0746|1238|1500|1721|1846|11 Recep 1449
20271210|0615|0747|1239|1500|1721|1846|12 Recep 1449
20271211|0616|0748|1239|1500|1721|1847|13 Recep 1449
20271212|0617|0748|1240|1500|1721|1847|14 Recep 1449
20271213|0618|0749|1240|1500|1721|1847|15 Recep 1449
20271214|0618|0750|1241|1500|1721|1847|16 Recep 1449
20271215|0619|0751|1241|1501|1721|1847|17 Recep 1449
20271216|0620|0751|1241|1501|1722|1848|18 Recep 1449
20271217|0620|0752|1242|1501|1722|1848|19 Recep 1449
20271218|0621|0753|1242|1502|1722|1848|20 Recep 1449
20271219|0622|0753|1243|1502|1723|1849|21 Recep 1449
20271220|0622|0754|1243|1502|1723|1849|22 Recep 1449
20271221|0623|0755|1244|1503|1723|1850|23 Recep 1449
20271222|0623|0755|1244|1503|1724|1850|24 Recep 1449
20271223|0624|0756|1245|1504|1724|1851|25 Recep 1449
20271224|0624|0756|1245|1504|1725|1851|26 Recep 1449
20271225|0625|0756|1246|1505|1725|1852|27 Recep 1449
20271226|0625|0757|1246|1506|1726|1852|28 Recep 1449
20271227|0625|0757|1247|1506|1727|1853|29 Recep 1449
20271228|0626|0757|1247|1507|1727|1854|30 Recep 1449
20271229|0626|0758|1248|1507|1728|1854|1 Şaban 1449
20271230|0626|0758|1248|1508|1729|1855|2 Şaban 1449
20271231|0627|0758|1249|1509|1730|1856|3 Şaban 1449
#@9377|Ortaköy|CORUM|730
20260101|0624|0755|1247|1509|1730|1855|12 Recep 1447
20260102|0624|0755|1248|1510|1731|1856|13 Recep 1447
20260103|0624|0755|1248|1511|1732|1857|14 Recep 1447
20260104|0624|0755|1249|1512|1733|1858|15 Recep 1447
20260105|0625|0755|1249|1512|1734|1858|16 Recep 1447
20260106|0625|0755|1250|1513|1734|1859|17 Recep 1447
20260107|0625|0755|1250|1514|1735|1900|18 Recep 1447
20260108|0625|0755|1251|1515|1736|1901|19 Recep 1447
20260109|0625|0755|1251|1516|1737|1902|20 Recep 1447
20260110|0625|0754|1251|1517|1738|1903|21 Recep 1447
20260111|0625|0754|1252|1518|1739|1904|22 Recep 1447
20260112|0624|0754|1252|1519|1740|1905|23 Recep 1447
20260113|0624|0754|1253|1520|1741|1905|24 Recep 1447
20260114|0624|0753|1253|1521|1743|1906|25 Recep 1447
20260115|0624|0753|1253|1522|1744|1907|26 Recep 1447
20260116|0624|0752|1254|1523|1745|1908|27 Recep 1447
20260117|0623|0752|1254|1524|1746|1909|28 Recep 1447
20260118|0623|0752|1254|1525|1747|1910|29 Recep 1447
20260119|0623|0751|1255|1526|1748|1911|30 Recep 1447
20260120|0622|0751|1255|1527|1749|1912|1 Şaban 1447
20260121|0622|0750|1255|1528|1750|1913|2 Şaban 1447
20260122|0621|0749|1255|1529|1752|1914|3 Şaban 1447
20260123|0621|0749|1256|1530|1753|1915|4 Şaban 1447
20260124|0620|0748|1256|1531|1754|1916|5 Şaban 1447
20260125|0620|0747|1256|1532|1755|1917|6 Şaban 1447
20260126|0619|0747|1256|1533|1756|1918|7 Şaban 1447
20260127|0619|0746|1257|1534|1758|1919|8 Şaban 1447
20260128|0618|0745|1257|1535|1759|1920|9 Şaban 1447
20260129|0617|0744|1257|1536|1800|1921|10 Şaban 1447
20260130|0617|0743|1257|1537|1801|1922|11 Şaban 1447
20260131|0616|0742|1257|1538|1802|1924|12 Şaban 1447
20260201|0615|0741|1258|1539|1804|1925|13 Şaban 1447
20260202|0614|0740|1258|1540|1805|1926|14 Şaban 1447
20260203|0614|0740|1258|1541|1806|1927|15 Şaban 1447
20260204|0613|0739|1258|1542|1807|1928|16 Şaban 1447
20260205|0612|0737|1258|1543|1808|1929|17 Şaban 1447
20260206|0611|0736|1258|1544|1810|1930|18 Şaban 1447
20260207|0610|0735|1258|1545|1811|1931|19 Şaban 1447
20260208|0609|0734|1258|1546|1812|1932|20 Şaban 1447
20260209|0608|0733|1258|1547|1813|1933|21 Şaban 1447
20260210|0607|0732|1258|1548|1815|1934|22 Şaban 1447
20260211|0606|0731|1258|1549|1816|1935|23 Şaban 1447
20260212|0605|0730|1258|1550|1817|1936|24 Şaban 1447
20260213|0604|0728|1258|1550|1818|1937|25 Şaban 1447
20260214|0603|0727|1258|1551|1819|1939|26 Şaban 1447
20260215|0601|0726|1258|1552|1821|1940|27 Şaban 1447
20260216|0600|0725|1258|1553|1822|1941|28 Şaban 1447
20260217|0559|0723|1258|1554|1823|1942|29 Şaban 1447
20260218|0558|0722|1258|1555|1824|1943|30 Şaban 1447
20260219|0557|0721|1258|1556|1825|1944|1 Ramazan 1447
20260220|0555|0719|1258|1557|1826|1945|2 Ramazan 1447
20260221|0554|0718|1258|1558|1828|1946|3 Ramazan 1447
20260222|0553|0716|1258|1558|1829|1947|4 Ramazan 1447
20260223|0551|0715|1257|1559|1830|1948|5 Ramazan 1447
20260224|0550|0714|1257|1600|1831|1949|6 Ramazan 1447
20260225|0549|0712|1257|1601|1832|1950|7 Ramazan 1447
20260226|0547|0711|1257|1602|1833|1951|8 Ramazan 1447
20260227|0546|0709|1257|1602|1834|1953|9 Ramazan 1447
20260228|0544|0708|1257|1603|1836|1954|10 Ramazan 1447
20260301|0543|0706|1256|1604|1837|1955|11 Ramazan 1447
20260302|0541|0705|1256|1605|1838|1956|12 Ramazan 1447
20260303|0540|0703|1256|1605|1839|1957|13 Ramazan 1447
20260304|0538|0702|1256|1606|1840|1958|14 Ramazan 1447
20260305|0537|0700|1256|1607|1841|1959|15 Ramazan 1447
20260306|0535|0659|1255|1607|1842|2000|16 Ramazan 1447
20260307|0534|0657|1255|1608|1843|2001|17 Ramazan 1447
20260308|0532|0655|1255|1609|1844|2002|18 Ramazan 1447
20260309|0531|0654|1255|1609|1846|2003|19 Ramazan 1447
20260310|0529|0652|1254|1610|1847|2005|20 Ramazan 1447
20260311|0527|0651|1254|1611|1848|2006|21 Ramazan 1447
20260312|0526|0649|1254|1611|1849|2007|22 Ramazan 1447
20260313|0524|0647|1254|1612|1850|2008|23 Ramazan 1447
20260314|0522|0646|1253|1612|1851|2009|24 Ramazan 1447
20260315|0521|0644|1253|1613|1852|2010|25 Ramazan 1447
20260316|0519|0643|1253|1614|1853|2011|26 Ramazan 1447
20260317|0517|0641|1252|1614|1854|2012|27 Ramazan 1447
20260318|0515|0639|1252|1615|1855|2014|28 Ramazan 1447
20260319|0514|0638|1252|1615|1856|2015|29 Ramazan 1447
20260320|0512|0636|1252|1616|1857|2016|1 Şevval 1447
20260321|0510|0634|1251|1616|1858|2017|2 Şevval 1447
20260322|0508|0633|1251|1617|1859|2018|3 Şevval 1447
20260323|0507|0631|1251|1617|1900|2019|4 Şevval 1447
20260324|0505|0630|1250|1618|1901|2021|5 Şevval 1447
20260325|0503|0628|1250|1618|1902|2022|6 Şevval 1447
20260326|0501|0626|1250|1619|1903|2023|7 Şevval 1447
20260327|0459|0625|1250|1619|1904|2024|8 Şevval 1447
20260328|0458|0623|1249|1620|1905|2025|9 Şevval 1447
20260329|0456|0621|1249|1620|1907|2026|10 Şevval 1447
20260330|0454|0620|1249|1620|1908|2028|11 Şevval 1447
20260331|0452|0618|1248|1621|1909|2029|12 Şevval 1447
20260401|0450|0616|1248|1621|1910|2030|13 Şevval 1447
20260402|0448|0615|1248|1622|1911|2031|14 Şevval 1447
20260403|0447|0613|1247|1622|1912|2033|15 Şevval 1447
20260404|0445|0612|1247|1622|1913|2034|16 Şevval 1447
20260405|0443|0610|1247|1623|1914|2035|17 Şevval 1447
20260406|0441|0608|1247|1623|1915|2036|18 Şevval 1447
20260407|0439|0607|1246|1624|1916|2038|19 Şevval 1447
20260408|0437|0605|1246|1624|1917|2039|20 Şevval 1447
20260409|0435|0604|1246|1624|1918|2040|21 Şevval 1447
20260410|0434|0602|1245|1625|1919|2042|22 Şevval 1447
20260411|0432|0601|1245|1625|1920|2043|23 Şevval 1447
20260412|0430|0559|1245|1625|1921|2044|24 Şevval 1447
20260413|0428|0557|1245|1626|1922|2045|25 Şevval 1447
20260414|0426|0556|1244|1626|1923|2047|26 Şevval 1447
20260415|0424|0554|1244|1626|1924|2048|27 Şevval 1447
20260416|0422|0553|1244|1627|1925|2050|28 Şevval 1447
20260417|0420|0551|1244|1627|1926|2051|29 Şevval 1447
20260418|0419|0550|1243|1627|1927|2052|1 Zilkade 1447
20260419|0417|0548|1243|1627|1928|2054|2 Zilkade 1447
20260420|0415|0547|1243|1628|1929|2055|3 Zilkade 1447
20260421|0413|0546|1243|1628|1930|2056|4 Zilkade 1447
20260422|0411|0544|1243|1628|1931|2058|5 Zilkade 1447
20260423|0409|0543|1242|1629|1932|2059|6 Zilkade 1447
20260424|0408|0541|1242|1629|1933|2101|7 Zilkade 1447
20260425|0406|0540|1242|1629|1934|2102|8 Zilkade 1447
20260426|0404|0539|1242|1629|1935|2103|9 Zilkade 1447
20260427|0402|0537|1242|1630|1936|2105|10 Zilkade 1447
20260428|0400|0536|1242|1630|1937|2106|11 Zilkade 1447
20260429|0359|0535|1241|1630|1938|2108|12 Zilkade 1447
20260430|0357|0533|1241|1630|1939|2109|13 Zilkade 1447
20260501|0355|0532|1241|1631|1940|2111|14 Zilkade 1447
20260502|0353|0531|1241|1631|1941|2112|15 Zilkade 1447
20260503|0352|0530|1241|1631|1942|2114|16 Zilkade 1447
20260504|0350|0528|1241|1632|1943|2115|17 Zilkade 1447
20260505|0348|0527|1241|1632|1944|2116|18 Zilkade 1447
20260506|0347|0526|1241|1632|1945|2118|19 Zilkade 1447
20260507|0345|0525|1241|1632|1946|2119|20 Zilkade 1447
20260508|0343|0524|1241|1633|1947|2121|21 Zilkade 1447
20260509|0342|0523|1240|1633|1948|2122|22 Zilkade 1447
20260510|0340|0521|1240|1633|1949|2124|23 Zilkade 1447
20260511|0338|0520|1240|1633|1950|2125|24 Zilkade 1447
20260512|0337|0519|1240|1634|1951|2127|25 Zilkade 1447
20260513|0335|0518|1240|1634|1952|2128|26 Zilkade 1447
20260514|0334|0517|1240|1634|1953|2130|27 Zilkade 1447
20260515|0332|0516|1240|1634|1954|2131|28 Zilkade 1447
20260516|0331|0516|1240|1635|1955|2132|29 Zilkade 1447
20260517|0329|0515|1240|1635|1956|2134|30 Zilkade 1447
20260518|0328|0514|1240|1635|1957|2135|1 Zilhicce 1447
20260519|0327|0513|1240|1635|1958|2137|2 Zilhicce 1447
20260520|0325|0512|1241|1636|1959|2138|3 Zilhicce 1447
20260521|0324|0511|1241|1636|2000|2139|4 Zilhicce 1447
20260522|0323|0511|1241|1636|2001|2141|5 Zilhicce 1447
20260523|0321|0510|1241|1637|2002|2142|6 Zilhicce 1447
20260524|0320|0509|1241|1637|2003|2144|7 Zilhicce 1447
20260525|0319|0508|1241|1637|2003|2145|8 Zilhicce 1447
20260526|0318|0508|1241|1637|2004|2146|9 Zilhicce 1447
20260527|0317|0507|1241|1638|2005|2147|10 Zilhicce 1447
20260528|0316|0507|1241|1638|2006|2149|11 Zilhicce 1447
20260529|0315|0506|1241|1638|2007|2150|12 Zilhicce 1447
20260530|0314|0506|1242|1638|2008|2151|13 Zilhicce 1447
20260531|0313|0505|1242|1639|2008|2152|14 Zilhicce 1447
20260601|0312|0505|1242|1639|2009|2153|15 Zilhicce 1447
20260602|0311|0504|1242|1639|2010|2154|16 Zilhicce 1447
20260603|0310|0504|1242|1640|2010|2155|17 Zilhicce 1447
20260604|0310|0503|1242|1640|2011|2157|18 Zilhicce 1447
20260605|0309|0503|1242|1640|2012|2158|19 Zilhicce 1447
20260606|0308|0503|1243|1640|2012|2158|20 Zilhicce 1447
20260607|0308|0503|1243|1641|2013|2159|21 Zilhicce 1447
20260608|0307|0502|1243|1641|2014|2200|22 Zilhicce 1447
20260609|0307|0502|1243|1641|2014|2201|23 Zilhicce 1447
20260610|0306|0502|1243|1641|2015|2202|24 Zilhicce 1447
20260611|0306|0502|1244|1642|2015|2203|25 Zilhicce 1447
20260612|0305|0502|1244|1642|2016|2203|26 Zilhicce 1447
20260613|0305|0502|1244|1642|2016|2204|27 Zilhicce 1447
20260614|0305|0502|1244|1642|2017|2205|28 Zilhicce 1447
20260615|0305|0502|1244|1643|2017|2205|29 Zilhicce 1447
20260616|0305|0502|1245|1643|2018|2206|1 Muharrem 1448
20260617|0305|0502|1245|1643|2018|2206|2 Muharrem 1448
20260618|0305|0502|1245|1643|2018|2207|3 Muharrem 1448
20260619|0305|0502|1245|1644|2019|2207|4 Muharrem 1448
20260620|0305|0502|1246|1644|2019|2207|5 Muharrem 1448
20260621|0305|0502|1246|1644|2019|2208|6 Muharrem 1448
20260622|0305|0503|1246|1644|2019|2208|7 Muharrem 1448
20260623|0305|0503|1246|1645|2019|2208|8 Muharrem 1448
20260624|0306|0503|1246|1645|2020|2208|9 Muharrem 1448
20260625|0306|0504|1247|1645|2020|2208|10 Muharrem 1448
20260626|0307|0504|1247|1645|2020|2208|11 Muharrem 1448
20260627|0307|0504|1247|1645|2020|2208|12 Muharrem 1448
20260628|0308|0505|1247|1645|2020|2208|13 Muharrem 1448
20260629|0308|0505|1247|1646|2020|2208|14 Muharrem 1448
20260630|0309|0505|1248|1646|2020|2208|15 Muharrem 1448
20260701|0310|0506|1248|1646|2020|2207|16 Muharrem 1448
20260702|0310|0506|1248|1646|2020|2207|17 Muharrem 1448
20260703|0311|0507|1248|1646|2020|2207|18 Muharrem 1448
20260704|0312|0507|1248|1646|2019|2206|19 Muharrem 1448
20260705|0313|0508|1249|1646|2019|2206|20 Muharrem 1448
20260706|0314|0509|1249|1646|2019|2205|21 Muharrem 1448
20260707|0315|0509|1249|1647|2019|2205|22 Muharrem 1448
20260708|0316|0510|1249|1647|2018|2204|23 Muharrem 1448
20260709|0317|0511|1249|1647|2018|2203|24 Muharrem 1448
20260710|0318|0511|1249|1647|2018|2202|25 Muharrem 1448
20260711|0319|0512|1250|1647|2017|2202|26 Muharrem 1448
20260712|0320|0513|1250|1647|2017|2201|27 Muharrem 1448
20260713|0321|0513|1250|1647|2016|2200|28 Muharrem 1448
20260714|0322|0514|1250|1647|2016|2159|29 Muharrem 1448
20260715|0324|0515|1250|1647|2015|2158|1 Safer 1448
20260716|0325|0516|1250|1647|2015|2157|2 Safer 1448
20260717|0326|0516|1250|1647|2014|2156|3 Safer 1448
20260718|0327|0517|1250|1647|2013|2155|4 Safer 1448
20260719|0329|0518|1250|1646|2013|2154|5 Safer 1448
20260720|0330|0519|1250|1646|2012|2153|6 Safer 1448
20260721|0331|0520|1250|1646|2011|2152|7 Safer 1448
20260722|0333|0521|1250|1646|2011|2150|8 Safer 1448
20260723|0334|0521|1251|1646|2010|2149|9 Safer 1448
20260724|0336|0522|1251|1646|2009|2148|10 Safer 1448
20260725|0337|0523|1251|1646|2008|2147|11 Safer 1448
20260726|0338|0524|1251|1645|2007|2145|12 Safer 1448
20260727|0340|0525|1251|1645|2006|2144|13 Safer 1448
20260728|0341|0526|1251|1645|2005|2142|14 Safer 1448
20260729|0343|0527|1251|1645|2004|2141|15 Safer 1448
20260730|0344|0528|1251|1644|2003|2140|16 Safer 1448
20260731|0346|0529|1250|1644|2002|2138|17 Safer 1448
20260801|0347|0529|1250|1644|2001|2137|18 Safer 1448
20260802|0348|0530|1250|1643|2000|2135|19 Safer 1448
20260803|0350|0531|1250|1643|1959|2133|20 Safer 1448
20260804|0351|0532|1250|1643|1958|2132|21 Safer 1448
20260805|0353|0533|1250|1642|1957|2130|22 Safer 1448
20260806|0354|0534|1250|1642|1956|2129|23 Safer 1448
20260807|0356|0535|1250|1641|1955|2127|24 Safer 1448
20260808|0357|0536|1250|1641|1953|2125|25 Safer 1448
20260809|0359|0537|1250|1640|1952|2124|26 Safer 1448
20260810|0400|0538|1249|1640|1951|2122|27 Safer 1448
20260811|0402|0539|1249|1639|1950|2120|28 Safer 1448
20260812|0403|0540|1249|1639|1948|2119|29 Safer 1448
20260813|0404|0541|1249|1638|1947|2117|30 Safer 1448
20260814|0406|0542|1249|1638|1946|2115|1 Rebiulevvel 1448
20260815|0407|0543|1249|1637|1944|2113|2 Rebiulevvel 1448
20260816|0409|0544|1248|1636|1943|2112|3 Rebiulevvel 1448
20260817|0410|0545|1248|1636|1942|2110|4 Rebiulevvel 1448
20260818|0412|0546|1248|1635|1940|2108|5 Rebiulevvel 1448
20260819|0413|0547|1248|1634|1939|2106|6 Rebiulevvel 1448
20260820|0414|0548|1248|1634|1937|2104|7 Rebiulevvel 1448
20260821|0416|0549|1247|1633|1936|2103|8 Rebiulevvel 1448
20260822|0417|0550|1247|1632|1935|2101|9 Rebiulevvel 1448
20260823|0418|0551|1247|1632|1933|2059|10 Rebiulevvel 1448
20260824|0420|0552|1247|1631|1932|2057|11 Rebiulevvel 1448
20260825|0421|0552|1246|1630|1930|2055|12 Rebiulevvel 1448
20260826|0422|0553|1246|1629|1929|2053|13 Rebiulevvel 1448
20260827|0424|0554|1246|1628|1927|2052|14 Rebiulevvel 1448
20260828|0425|0555|1245|1628|1925|2050|15 Rebiulevvel 1448
20260829|0426|0556|1245|1627|1924|2048|16 Rebiulevvel 1448
20260830|0428|0557|1245|1626|1922|2046|17 Rebiulevvel 1448
20260831|0429|0558|1244|1625|1921|2044|18 Rebiulevvel 1448
20260901|0430|0559|1244|1624|1919|2042|19 Rebiulevvel 1448
20260902|0431|0600|1244|1623|1918|2040|20 Rebiulevvel 1448
20260903|0433|0601|1244|1622|1916|2039|21 Rebiulevvel 1448
20260904|0434|0602|1243|1621|1914|2037|22 Rebiulevvel 1448
20260905|0435|0603|1243|1620|1913|2035|23 Rebiulevvel 1448
20260906|0436|0604|1243|1619|1911|2033|24 Rebiulevvel 1448
20260907|0438|0605|1242|1618|1910|2031|25 Rebiulevvel 1448
20260908|0439|0606|1242|1617|1908|2029|26 Rebiulevvel 1448
20260909|0440|0607|1242|1616|1906|2027|27 Rebiulevvel 1448
20260910|0441|0608|1241|1615|1905|2025|28 Rebiulevvel 1448
20260911|0442|0609|1241|1614|1903|2024|29 Rebiulevvel 1448
20260912|0444|0610|1240|1613|1901|2022|1 Rebiulahir 1448
20260913|0445|0611|1240|1612|1900|2020|2 Rebiulahir 1448
20260914|0446|0612|1240|1611|1858|2018|3 Rebiulahir 1448
20260915|0447|0613|1239|1610|1856|2016|4 Rebiulahir 1448
20260916|0448|0613|1239|1609|1855|2014|5 Rebiulahir 1448
20260917|0449|0614|1239|1608|1853|2013|6 Rebiulahir 1448
20260918|0450|0615|1238|1607|1851|2011|7 Rebiulahir 1448
20260919|0452|0616|1238|1606|1850|2009|8 Rebiulahir 1448
20260920|0453|0617|1238|1605|1848|2007|9 Rebiulahir 1448
20260921|0454|0618|1237|1603|1846|2005|10 Rebiulahir 1448
20260922|0455|0619|1237|1602|1845|2003|11 Rebiulahir 1448
20260923|0456|0620|1237|1601|1843|2002|12 Rebiulahir 1448
20260924|0457|0621|1236|1600|1841|2000|13 Rebiulahir 1448
20260925|0458|0622|1236|1559|1840|1958|14 Rebiulahir 1448
20260926|0459|0623|1236|1558|1838|1956|15 Rebiulahir 1448
20260927|0500|0624|1235|1557|1836|1955|16 Rebiulahir 1448
20260928|0501|0625|1235|1555|1835|1953|17 Rebiulahir 1448
20260929|0502|0626|1234|1554|1833|1951|18 Rebiulahir 1448
20260930|0504|0627|1234|1553|1831|1949|19 Rebiulahir 1448
20261001|0505|0628|1234|1552|1830|1948|20 Rebiulahir 1448
20261002|0506|0629|1234|1551|1828|1946|21 Rebiulahir 1448
20261003|0507|0630|1233|1549|1826|1944|22 Rebiulahir 1448
20261004|0508|0631|1233|1548|1825|1943|23 Rebiulahir 1448
20261005|0509|0632|1233|1547|1823|1941|24 Rebiulahir 1448
20261006|0510|0633|1232|1546|1822|1940|25 Rebiulahir 1448
20261007|0511|0634|1232|1545|1820|1938|26 Rebiulahir 1448
20261008|0512|0635|1232|1544|1818|1936|27 Rebiulahir 1448
20261009|0513|0636|1231|1542|1817|1935|28 Rebiulahir 1448
20261010|0514|0637|1231|1541|1815|1933|29 Rebiulahir 1448
20261011|0515|0638|1231|1540|1814|1932|30 Rebiulahir 1448
20261012|0516|0639|1231|1539|1812|1930|1 Cemaziyelevvel 1448
20261013|0517|0640|1230|1538|1811|1929|2 Cemaziyelevvel 1448
20261014|0518|0641|1230|1537|1809|1927|3 Cemaziyelevvel 1448
20261015|0519|0642|1230|1535|1807|1926|4 Cemaziyelevvel 1448
20261016|0520|0643|1230|1534|1806|1924|5 Cemaziyelevvel 1448
20261017|0521|0644|1229|1533|1804|1923|6 Cemaziyelevvel 1448
20261018|0522|0646|1229|1532|1803|1921|7 Cemaziyelevvel 1448
20261019|0523|0647|1229|1531|1802|1920|8 Cemaziyelevvel 1448
20261020|0524|0648|1229|1530|1800|1919|9 Cemaziyelevvel 1448
20261021|0525|0649|1229|1529|1759|1917|10 Cemaziyelevvel 1448
20261022|0526|0650|1229|1528|1757|1916|11 Cemaziyelevvel 1448
20261023|0527|0651|1228|1526|1756|1915|12 Cemaziyelevvel 1448
20261024|0528|0652|1228|1525|1754|1913|13 Cemaziyelevvel 1448
20261025|0529|0653|1228|1524|1753|1912|14 Cemaziyelevvel 1448
20261026|0530|0654|1228|1523|1752|1911|15 Cemaziyelevvel 1448
20261027|0531|0655|1228|1522|1750|1910|16 Cemaziyelevvel 1448
20261028|0532|0657|1228|1521|1749|1908|17 Cemaziyelevvel 1448
20261029|0533|0658|1228|1520|1748|1907|18 Cemaziyelevvel 1448
20261030|0534|0659|1228|1519|1747|1906|19 Cemaziyelevvel 1448
20261031|0535|0700|1228|1518|1745|1905|20 Cemaziyelevvel 1448
20261101|0536|0701|1228|1517|1744|1904|21 Cemaziyelevvel 1448
20261102|0537|0702|1228|1516|1743|1903|22 Cemaziyelevvel 1448
20261103|0538|0703|1228|1515|1742|1902|23 Cemaziyelevvel 1448
20261104|0539|0705|1228|1514|1741|1901|24 Cemaziyelevvel 1448
20261105|0540|0706|1228|1514|1739|1900|25 Cemaziyelevvel 1448
20261106|0541|0707|1228|1513|1738|1859|26 Cemaziyelevvel 1448
20261107|0542|0708|1228|1512|1737|1858|27 Cemaziyelevvel 1448
20261108|0543|0709|1228|1511|1736|1857|28 Cemaziyelevvel 1448
20261109|0544|0710|1228|1510|1735|1856|29 Cemaziyelevvel 1448
20261110|0545|0712|1228|1509|1734|1855|1 Cemaziyelahir 1448
20261111|0546|0713|1228|1509|1733|1854|2 Cemaziyelahir 1448
20261112|0547|0714|1228|1508|1732|1854|3 Cemaziyelahir 1448
20261113|0548|0715|1228|1507|1731|1853|4 Cemaziyelahir 1448
20261114|0549|0716|1228|1506|1731|1852|5 Cemaziyelahir 1448
20261115|0550|0717|1229|1506|1730|1851|6 Cemaziyelahir 1448
20261116|0551|0718|1229|1505|1729|1851|7 Cemaziyelahir 1448
20261117|0552|0720|1229|1505|1728|1850|8 Cemaziyelahir 1448
20261118|0553|0721|1229|1504|1727|1850|9 Cemaziyelahir 1448
20261119|0554|0722|1229|1503|1727|1849|10 Cemaziyelahir 1448
20261120|0555|0723|1230|1503|1726|1849|11 Cemaziyelahir 1448
20261121|0556|0724|1230|1502|1725|1848|12 Cemaziyelahir 1448
20261122|0557|0725|1230|1502|1725|1848|13 Cemaziyelahir 1448
20261123|0558|0726|1230|1502|1724|1847|14 Cemaziyelahir 1448
20261124|0559|0728|1231|1501|1724|1847|15 Cemaziyelahir 1448
20261125|0600|0729|1231|1501|1723|1846|16 Cemaziyelahir 1448
20261126|0601|0730|1231|1500|1723|1846|17 Cemaziyelahir 1448
20261127|0602|0731|1231|1500|1722|1846|18 Cemaziyelahir 1448
20261128|0603|0732|1232|1500|1722|1846|19 Cemaziyelahir 1448
20261129|0604|0733|1232|1500|1721|1845|20 Cemaziyelahir 1448
20261130|0605|0734|1232|1459|1721|1845|21 Cemaziyelahir 1448
20261201|0605|0735|1233|1459|1721|1845|22 Cemaziyelahir 1448
20261202|0606|0736|1233|1459|1721|1845|23 Cemaziyelahir 1448
20261203|0607|0737|1234|1459|1720|1845|24 Cemaziyelahir 1448
20261204|0608|0738|1234|1459|1720|1845|25 Cemaziyelahir 1448
20261205|0609|0739|1234|1459|1720|1845|26 Cemaziyelahir 1448
20261206|0610|0740|1235|1459|1720|1845|27 Cemaziyelahir 1448
20261207|0610|0741|1235|1459|1720|1845|28 Cemaziyelahir 1448
20261208|0611|0742|1236|1459|1720|1845|29 Cemaziyelahir 1448
20261209|0612|0743|1236|1459|1720|1845|30 Cemaziyelahir 1448
20261210|0613|0743|1237|1459|1720|1845|1 Recep 1448
20261211|0614|0744|1237|1459|1720|1845|2 Recep 1448
20261212|0614|0745|1237|1459|1720|1845|3 Recep 1448
20261213|0615|0746|1238|1459|1720|1846|4 Recep 1448
20261214|0616|0746|1238|1500|1720|1846|5 Recep 1448
20261215|0616|0747|1239|1500|1721|1846|6 Recep 1448
20261216|0617|0748|1239|1500|1721|1846|7 Recep 1448
20261217|0618|0749|1240|1501|1721|1847|8 Recep 1448
20261218|0618|0749|1240|1501|1722|1847|9 Recep 1448
20261219|0619|0750|1241|1501|1722|1848|10 Recep 1448
20261220|0619|0750|1241|1502|1722|1848|11 Recep 1448
20261221|0620|0751|1242|1502|1723|1848|12 Recep 1448
20261222|0620|0751|1242|1503|1723|1849|13 Recep 1448
20261223|0621|0752|1243|1503|1724|1849|14 Recep 1448
20261224|0621|0752|1243|1504|1724|1850|15 Recep 1448
20261225|0622|0753|1244|1504|1725|1851|16 Recep 1448
20261226|0622|0753|1244|1505|1726|1851|17 Recep 1448
20261227|0622|0753|1245|1506|1726|1852|18 Recep 1448
20261228|0623|0754|1245|1506|1727|1852|19 Recep 1448
20261229|0623|0754|1246|1507|1728|1853|20 Recep 1448
20261230|0623|0754|1246|1508|1728|1854|21 Recep 1448
20261231|0624|0754|1247|1508|1729|1854|22 Recep 1448
20270101|0624|0755|1247|1509|1730|1855|23 Recep 1448
20270102|0624|0755|1248|1510|1731|1856|24 Recep 1448
20270103|0624|0755|1248|1511|1732|1857|25 Recep 1448
20270104|0624|0755|1249|1511|1732|1857|26 Recep 1448
20270105|0625|0755|1249|1512|1733|1858|27 Recep 1448
20270106|0625|0755|1250|1513|1734|1859|28 Recep 1448
20270107|0625|0755|1250|1514|1735|1900|29 Recep 1448
20270108|0625|0755|1250|1515|1736|1901|30 Recep 1448
20270109|0625|0755|1251|1516|1737|1902|1 Şaban 1448
20270110|0625|0754|1251|1517|1738|1902|2 Şaban 1448
20270111|0625|0754|1252|1518|1739|1903|3 Şaban 1448
20270112|0624|0754|1252|1518|1740|1904|4 Şaban 1448
20270113|0624|0754|1252|1519|1741|1905|5 Şaban 1448
20270114|0624|0753|1253|1520|1742|1906|6 Şaban 1448
20270115|0624|0753|1253|1521|1743|1907|7 Şaban 1448
20270116|0624|0753|1254|1522|1744|1908|8 Şaban 1448
20270117|0623|0752|1254|1523|1746|1909|9 Şaban 1448
20270118|0623|0752|1254|1524|1747|1910|10 Şaban 1448
20270119|0623|0751|1255|1525|1748|1911|11 Şaban 1448
20270120|0622|0751|1255|1526|1749|1912|12 Şaban 1448
20270121|0622|0750|1255|1527|1750|1913|13 Şaban 1448
20270122|0621|0749|1255|1528|1751|1914|14 Şaban 1448
20270123|0621|0749|1256|1529|1753|1915|15 Şaban 1448
20270124|0621|0748|1256|1530|1754|1916|16 Şaban 1448
20270125|0620|0747|1256|1531|1755|1917|17 Şaban 1448
20270126|0619|0747|1256|1532|1756|1918|18 Şaban 1448
20270127|0619|0746|1257|1533|1757|1919|19 Şaban 1448
20270128|0618|0745|1257|1534|1758|1920|20 Şaban 1448
20270129|0618|0744|1257|1535|1800|1921|21 Şaban 1448
20270130|0617|0743|1257|1537|1801|1922|22 Şaban 1448
20270131|0616|0743|1257|1538|1802|1923|23 Şaban 1448
20270201|0615|0742|1257|1539|1803|1924|24 Şaban 1448
20270202|0615|0741|1258|1540|1805|1925|25 Şaban 1448
20270203|0614|0740|1258|1541|1806|1926|26 Şaban 1448
20270204|0613|0739|1258|1542|1807|1928|27 Şaban 1448
20270205|0612|0738|1258|1543|1808|1929|28 Şaban 1448
20270206|0611|0737|1258|1544|1809|1930|29 Şaban 1448
20270207|0610|0736|1258|1545|1811|1931|30 Şaban 1448
20270208|0609|0734|1258|1545|1812|1932|1 Ramazan 1448
20270209|0608|0733|1258|1546|1813|1933|2 Ramazan 1448
20270210|0607|0732|1258|1547|1814|1934|3 Ramazan 1448
20270211|0606|0731|1258|1548|1815|1935|4 Ramazan 1448
20270212|0605|0730|1258|1549|1817|1936|5 Ramazan 1448
20270213|0604|0729|1258|1550|1818|1937|6 Ramazan 1448
20270214|0603|0727|1258|1551|1819|1938|7 Ramazan 1448
20270215|0602|0726|1258|1552|1820|1939|8 Ramazan 1448
20270216|0601|0725|1258|1553|1821|1940|9 Ramazan 1448
20270217|0559|0724|1258|1554|1823|1941|10 Ramazan 1448
20270218|0558|0722|1258|1555|1824|1943|11 Ramazan 1448
20270219|0557|0721|1258|1556|1825|1944|12 Ramazan 1448
20270220|0556|0719|1258|1556|1826|1945|13 Ramazan 1448
20270221|0554|0718|1258|1557|1827|1946|14 Ramazan 1448
20270222|0553|0717|1258|1558|1828|1947|15 Ramazan 1448
20270223|0552|0715|1257|1559|1830|1948|16 Ramazan 1448
20270224|0550|0714|1257|1600|1831|1949|17 Ramazan 1448
20270225|0549|0712|1257|1601|1832|1950|18 Ramazan 1448
20270226|0548|0711|1257|1601|1833|1951|19 Ramazan 1448
20270227|0546|0710|1257|1602|1834|1952|20 Ramazan 1448
20270228|0545|0708|1257|1603|1835|1953|21 Ramazan 1448
20270301|0543|0707|1256|1604|1836|1954|22 Ramazan 1448
20270302|0542|0705|1256|1604|1838|1956|23 Ramazan 1448
20270303|0540|0704|1256|1605|1839|1957|24 Ramazan 1448
20270304|0539|0702|1256|1606|1840|1958|25 Ramazan 1448
20270305|0537|0700|1256|1607|1841|1959|26 Ramazan 1448
20270306|0536|0659|1255|1607|1842|2000|27 Ramazan 1448
20270307|0534|0657|1255|1608|1843|2001|28 Ramazan 1448
20270308|0533|0656|1255|1609|1844|2002|29 Ramazan 1448
20270309|0531|0654|1255|1609|1845|2003|1 Şevval 1448
20270310|0529|0653|1254|1610|1846|2004|2 Şevval 1448
20270311|0528|0651|1254|1610|1847|2005|3 Şevval 1448
20270312|0526|0649|1254|1611|1848|2007|4 Şevval 1448
20270313|0524|0648|1254|1612|1850|2008|5 Şevval 1448
20270314|0523|0646|1253|1612|1851|2009|6 Şevval 1448
20270315|0521|0645|1253|1613|1852|2010|7 Şevval 1448
20270316|0519|0643|1253|1613|1853|2011|8 Şevval 1448
20270317|0518|0641|1253|1614|1854|2012|9 Şevval 1448
20270318|0516|0640|1252|1615|1855|2013|10 Şevval 1448
20270319|0514|0638|1252|1615|1856|2014|11 Şevval 1448
20270320|0512|0636|1252|1616|1857|2016|12 Şevval 1448
20270321|0511|0635|1251|1616|1858|2017|13 Şevval 1448
20270322|0509|0633|1251|1617|1859|2018|14 Şevval 1448
20270323|0507|0632|1251|1617|1900|2019|15 Şevval 1448
20270324|0505|0630|1251|1618|1901|2020|16 Şevval 1448
20270325|0504|0628|1250|1618|1902|2021|17 Şevval 1448
20270326|0502|0627|1250|1619|1903|2023|18 Şevval 1448
20270327|0500|0625|1250|1619|1904|2024|19 Şevval 1448
20270328|0458|0623|1249|1619|1905|2025|20 Şevval 1448
20270329|0456|0622|1249|1620|1906|2026|21 Şevval 1448
20270330|0454|0620|1249|1620|1907|2027|22 Şevval 1448
20270331|0453|0618|1248|1621|1908|2029|23 Şevval 1448
20270401|0451|0617|1248|1621|1909|2030|24 Şevval 1448
20270402|0449|0615|1248|1622|1910|2031|25 Şevval 1448
20270403|0447|0614|1248|1622|1911|2032|26 Şevval 1448
20270404|0445|0612|1247|1622|1912|2034|27 Şevval 1448
20270405|0443|0610|1247|1623|1913|2035|28 Şevval 1448
20270406|0441|0609|1247|1623|1914|2036|29 Şevval 1448
20270407|0440|0607|1246|1623|1916|2037|30 Şevval 1448
20270408|0438|0606|1246|1624|1917|2039|1 Zilkade 1448
20270409|0436|0604|1246|1624|1918|2040|2 Zilkade 1448
20270410|0434|0602|1246|1624|1919|2041|3 Zilkade 1448
20270411|0432|0601|1245|1625|1920|2043|4 Zilkade 1448
20270412|0430|0559|1245|1625|1921|2044|5 Zilkade 1448
20270413|0428|0558|1245|1625|1922|2045|6 Zilkade 1448
20270414|0427|0556|1244|1626|1923|2046|7 Zilkade 1448
20270415|0425|0555|1244|1626|1924|2048|8 Zilkade 1448
20270416|0423|0553|1244|1626|1925|2049|9 Zilkade 1448
20270417|0421|0552|1244|1627|1926|2051|10 Zilkade 1448
20270418|0419|0550|1244|1627|1927|2052|11 Zilkade 1448
20270419|0417|0549|1243|1627|1928|2053|12 Zilkade 1448
20270420|0415|0547|1243|1628|1929|2055|13 Zilkade 1448
20270421|0414|0546|1243|1628|1930|2056|14 Zilkade 1448
20270422|0412|0544|1243|1628|1931|2057|15 Zilkade 1448
20270423|0410|0543|1242|1628|1932|2059|16 Zilkade 1448
20270424|0408|0542|1242|1629|1933|2100|17 Zilkade 1448
20270425|0406|0540|1242|1629|1934|2102|18 Zilkade 1448
20270426|0404|0539|1242|1629|1935|2103|19 Zilkade 1448
20270427|0403|0538|1242|1630|1936|2105|20 Zilkade 1448
20270428|0401|0536|1242|1630|1937|2106|21 Zilkade 1448
20270429|0359|0535|1241|1630|1938|2107|22 Zilkade 1448
20270430|0357|0534|1241|1630|1939|2109|23 Zilkade 1448
20270501|0355|0532|1241|1631|1940|2110|24 Zilkade 1448
20270502|0354|0531|1241|1631|1941|2112|25 Zilkade 1448
20270503|0352|0530|1241|1631|1942|2113|26 Zilkade 1448
20270504|0350|0529|1241|1631|1943|2115|27 Zilkade 1448
20270505|0349|0527|1241|1632|1944|2116|28 Zilkade 1448
20270506|0347|0526|1241|1632|1945|2118|29 Zilkade 1448
20270507|0345|0525|1241|1632|1946|2119|1 Zilhicce 1448
20270508|0344|0524|1241|1633|1947|2121|2 Zilhicce 1448
20270509|0342|0523|1241|1633|1948|2122|3 Zilhicce 1448
20270510|0340|0522|1240|1633|1949|2123|4 Zilhicce 1448
20270511|0339|0521|1240|1633|1950|2125|5 Zilhicce 1448
20270512|0337|0520|1240|1634|1951|2126|6 Zilhicce 1448
20270513|0336|0519|1240|1634|1952|2128|7 Zilhicce 1448
20270514|0334|0518|1240|1634|1953|2129|8 Zilhicce 1448
20270515|0333|0517|1240|1634|1954|2131|9 Zilhicce 1448
20270516|0331|0516|1240|1635|1955|2132|10 Zilhicce 1448
20270517|0330|0515|1240|1635|1956|2134|11 Zilhicce 1448
20270518|0328|0514|1240|1635|1957|2135|12 Zilhicce 1448
20270519|0327|0513|1240|1635|1958|2136|13 Zilhicce 1448
20270520|0326|0512|1241|1636|1959|2138|14 Zilhicce 1448
20270521|0324|0511|1241|1636|2000|2139|15 Zilhicce 1448
20270522|0323|0511|1241|1636|2001|2141|16 Zilhicce 1448
20270523|0322|0510|1241|1636|2002|2142|17 Zilhicce 1448
20270524|0321|0509|1241|1637|2002|2143|18 Zilhicce 1448
20270525|0319|0509|1241|1637|2003|2144|19 Zilhicce 1448
20270526|0318|0508|1241|1637|2004|2146|20 Zilhicce 1448
20270527|0317|0507|1241|1638|2005|2147|21 Zilhicce 1448
20270528|0316|0507|1241|1638|2006|2148|22 Zilhicce 1448
20270529|0315|0506|1241|1638|2007|2150|23 Zilhicce 1448
20270530|0314|0506|1241|1638|2007|2151|24 Zilhicce 1448
20270531|0313|0505|1242|1639|2008|2152|25 Zilhicce 1448
20270601|0312|0505|1242|1639|2009|2153|26 Zilhicce 1448
20270602|0311|0504|1242|1639|2010|2154|27 Zilhicce 1448
20270603|0310|0504|1242|1639|2010|2155|28 Zilhicce 1448
20270604|0310|0504|1242|1640|2011|2156|29 Zilhicce 1448
20270605|0309|0503|1242|1640|2012|2157|30 Zilhicce 1448
20270606|0308|0503|1243|1640|2012|2158|1 Muharrem 1449
20270607|0308|0503|1243|1641|2013|2159|2 Muharrem 1449
20270608|0307|0502|1243|1641|2014|2200|3 Muharrem 1449
20270609|0307|0502|1243|1641|2014|2201|4 Muharrem 1449
20270610|0306|0502|1243|1641|2015|2202|5 Muharrem 1449
20270611|0306|0502|1244|1642|2015|2202|6 Muharrem 1449
20270612|0305|0502|1244|1642|2016|2203|7 Muharrem 1449
20270613|0305|0502|1244|1642|2016|2204|8 Muharrem 1449
20270614|0305|0502|1244|1642|2017|2205|9 Muharrem 1449
20270615|0305|0502|1244|1643|2017|2205|10 Muharrem 1449
20270616|0305|0502|1245|1643|2017|2206|11 Muharrem 1449
20270617|0305|0502|1245|1643|2018|2206|12 Muharrem 1449
20270618|0305|0502|1245|1643|2018|2207|13 Muharrem 1449
20270619|0305|0502|1245|1644|2018|2207|14 Muharrem 1449
20270620|0305|0502|1245|1644|2019|2207|15 Muharrem 1449
20270621|0305|0502|1246|1644|2019|2208|16 Muharrem 1449
20270622|0305|0503|1246|1644|2019|2208|17 Muharrem 1449
20270623|0305|0503|1246|1644|2019|2208|18 Muharrem 1449
20270624|0306|0503|1246|1645|2020|2208|19 Muharrem 1449
20270625|0306|0503|1247|1645|2020|2208|20 Muharrem 1449
20270626|0306|0504|1247|1645|2020|2208|21 Muharrem 1449
20270627|0307|0504|1247|1645|2020|2208|22 Muharrem 1449
20270628|0307|0505|1247|1645|2020|2208|23 Muharrem 1449
20270629|0308|0505|1247|1646|2020|2208|24 Muharrem 1449
20270630|0309|0505|1248|1646|2020|2208|25 Muharrem 1449
20270701|0309|0506|1248|1646|2020|2207|26 Muharrem 1449
20270702|0310|0506|1248|1646|2020|2207|27 Muharrem 1449
20270703|0311|0507|1248|1646|2020|2207|28 Muharrem 1449
20270704|0312|0507|1248|1646|2019|2206|29 Muharrem 1449
20270705|0313|0508|1249|1646|2019|2206|1 Safer 1449
20270706|0314|0509|1249|1646|2019|2205|2 Safer 1449
20270707|0314|0509|1249|1647|2019|2205|3 Safer 1449
20270708|0315|0510|1249|1647|2018|2204|4 Safer 1449
20270709|0316|0510|1249|1647|2018|2203|5 Safer 1449
20270710|0318|0511|1249|1647|2018|2203|6 Safer 1449
20270711|0319|0512|1249|1647|2017|2202|7 Safer 1449
20270712|0320|0512|1250|1647|2017|2201|8 Safer 1449
20270713|0321|0513|1250|1647|2016|2200|9 Safer 1449
20270714|0322|0514|1250|1647|2016|2159|10 Safer 1449
20270715|0323|0515|1250|1647|2015|2158|11 Safer 1449
20270716|0325|0515|1250|1647|2015|2157|12 Safer 1449
20270717|0326|0516|1250|1647|2014|2156|13 Safer 1449
20270718|0327|0517|1250|1647|2014|2155|14 Safer 1449
20270719|0328|0518|1250|1646|2013|2154|15 Safer 1449
20270720|0330|0519|1250|1646|2012|2153|16 Safer 1449
20270721|0331|0519|1250|1646|2011|2152|17 Safer 1449
20270722|0332|0520|1250|1646|2011|2151|18 Safer 1449
20270723|0334|0521|1251|1646|2010|2149|19 Safer 1449
20270724|0335|0522|1251|1646|2009|2148|20 Safer 1449
20270725|0337|0523|1251|1646|2008|2147|21 Safer 1449
20270726|0338|0524|1251|1645|2007|2146|22 Safer 1449
20270727|0339|0525|1251|1645|2007|2144|23 Safer 1449
20270728|0341|0526|1251|1645|2006|2143|24 Safer 1449
20270729|0342|0527|1251|1645|2005|2141|25 Safer 1449
20270730|0344|0527|1251|1644|2004|2140|26 Safer 1449
20270731|0345|0528|1250|1644|2003|2138|27 Safer 1449
20270801|0347|0529|1250|1644|2002|2137|28 Safer 1449
20270802|0348|0530|1250|1643|2001|2135|29 Safer 1449
20270803|0350|0531|1250|1643|1959|2134|1 Rebiulevvel 1449
20270804|0351|0532|1250|1643|1958|2132|2 Rebiulevvel 1449
20270805|0353|0533|1250|1642|1957|2131|3 Rebiulevvel 1449
20270806|0354|0534|1250|1642|1956|2129|4 Rebiulevvel 1449
20270807|0355|0535|1250|1641|1955|2127|5 Rebiulevvel 1449
20270808|0357|0536|1250|1641|1954|2126|6 Rebiulevvel 1449
20270809|0358|0537|1250|1640|1952|2124|7 Rebiulevvel 1449
20270810|0400|0538|1250|1640|1951|2122|8 Rebiulevvel 1449
20270811|0401|0539|1249|1639|1950|2121|9 Rebiulevvel 1449
20270812|0403|0540|1249|1639|1949|2119|10 Rebiulevvel 1449
20270813|0404|0541|1249|1638|1947|2117|11 Rebiulevvel 1449
20270814|0406|0542|1249|1638|1946|2116|12 Rebiulevvel 1449
20270815|0407|0543|1249|1637|1945|2114|13 Rebiulevvel 1449
20270816|0408|0544|1248|1637|1943|2112|14 Rebiulevvel 1449
20270817|0410|0545|1248|1636|1942|2110|15 Rebiulevvel 1449
20270818|0411|0546|1248|1635|1941|2109|16 Rebiulevvel 1449
20270819|0413|0546|1248|1635|1939|2107|17 Rebiulevvel 1449
20270820|0414|0547|1248|1634|1938|2105|18 Rebiulevvel 1449
20270821|0415|0548|1247|1633|1936|2103|19 Rebiulevvel 1449
20270822|0417|0549|1247|1632|1935|2101|20 Rebiulevvel 1449
20270823|0418|0550|1247|1632|1933|2059|21 Rebiulevvel 1449
20270824|0419|0551|1247|1631|1932|2058|22 Rebiulevvel 1449
20270825|0421|0552|1246|1630|1930|2056|23 Rebiulevvel 1449
20270826|0422|0553|1246|1629|1929|2054|24 Rebiulevvel 1449
20270827|0423|0554|1246|1629|1927|2052|25 Rebiulevvel 1449
20270828|0425|0555|1245|1628|1926|2050|26 Rebiulevvel 1449
20270829|0426|0556|1245|1627|1924|2048|27 Rebiulevvel 1449
20270830|0427|0557|1245|1626|1923|2046|28 Rebiulevvel 1449
20270831|0429|0558|1245|1625|1921|2045|29 Rebiulevvel 1449
20270901|0430|0559|1244|1624|1920|2043|30 Rebiulevvel 1449
20270902|0431|0600|1244|1623|1918|2041|1 Rebiulahir 1449
20270903|0432|0601|1244|1622|1916|2039|2 Rebiulahir 1449
20270904|0434|0602|1243|1622|1915|2037|3 Rebiulahir 1449
20270905|0435|0603|1243|1621|1913|2035|4 Rebiulahir 1449
20270906|0436|0604|1243|1620|1912|2033|5 Rebiulahir 1449
20270907|0437|0605|1242|1619|1910|2031|6 Rebiulahir 1449
20270908|0439|0606|1242|1618|1908|2030|7 Rebiulahir 1449
20270909|0440|0607|1242|1617|1907|2028|8 Rebiulahir 1449
20270910|0441|0608|1241|1616|1905|2026|9 Rebiulahir 1449
20270911|0442|0608|1241|1615|1903|2024|10 Rebiulahir 1449
20270912|0443|0609|1241|1614|1902|2022|11 Rebiulahir 1449
20270913|0444|0610|1240|1612|1900|2020|12 Rebiulahir 1449
20270914|0446|0611|1240|1611|1858|2018|13 Rebiulahir 1449
20270915|0447|0612|1239|1610|1857|2017|14 Rebiulahir 1449
20270916|0448|0613|1239|1609|1855|2015|15 Rebiulahir 1449
20270917|0449|0614|1239|1608|1853|2013|16 Rebiulahir 1449
20270918|0450|0615|1238|1607|1852|2011|17 Rebiulahir 1449
20270919|0451|0616|1238|1606|1850|2009|18 Rebiulahir 1449
20270920|0452|0617|1238|1605|1848|2008|19 Rebiulahir 1449
20270921|0454|0618|1237|1604|1847|2006|20 Rebiulahir 1449
20270922|0455|0619|1237|1603|1845|2004|21 Rebiulahir 1449
20270923|0456|0620|1237|1601|1843|2002|22 Rebiulahir 1449
20270924|0457|0621|1236|1600|1842|2000|23 Rebiulahir 1449
20270925|0458|0622|1236|1559|1840|1959|24 Rebiulahir 1449
20270926|0459|0623|1236|1558|1838|1957|25 Rebiulahir 1449
20270927|0500|0624|1235|1557|1837|1955|26 Rebiulahir 1449
20270928|0501|0625|1235|1556|1835|1953|27 Rebiulahir 1449
20270929|0502|0626|1235|1554|1833|1952|28 Rebiulahir 1449
20270930|0503|0627|1234|1553|1832|1950|29 Rebiulahir 1449
20271001|0504|0628|1234|1552|1830|1948|1 Cemaziyelevvel 1449
20271002|0505|0629|1234|1551|1828|1947|2 Cemaziyelevvel 1449
20271003|0506|0630|1233|1550|1827|1945|3 Cemaziyelevvel 1449
20271004|0507|0631|1233|1549|1825|1943|4 Cemaziyelevvel 1449
20271005|0508|0632|1233|1547|1824|1942|5 Cemaziyelevvel 1449
20271006|0510|0633|1232|1546|1822|1940|6 Cemaziyelevvel 1449
20271007|0511|0634|1232|1545|1820|1938|7 Cemaziyelevvel 1449
20271008|0512|0635|1232|1544|1819|1937|8 Cemaziyelevvel 1449
20271009|0513|0636|1231|1543|1817|1935|9 Cemaziyelevvel 1449
20271010|0514|0637|1231|1542|1816|1934|10 Cemaziyelevvel 1449
20271011|0515|0638|1231|1540|1814|1932|11 Cemaziyelevvel 1449
20271012|0516|0639|1231|1539|1812|1930|12 Cemaziyelevvel 1449
20271013|0517|0640|1230|1538|1811|1929|13 Cemaziyelevvel 1449
20271014|0518|0641|1230|1537|1809|1927|14 Cemaziyelevvel 1449
20271015|0519|0642|1230|1536|1808|1926|15 Cemaziyelevvel 1449
20271016|0520|0643|1230|1535|1806|1924|16 Cemaziyelevvel 1449
20271017|0521|0644|1230|1533|1805|1923|17 Cemaziyelevvel 1449
20271018|0522|0645|1229|1532|1803|1922|18 Cemaziyelevvel 1449
20271019|0523|0646|1229|1531|1802|1920|19 Cemaziyelevvel 1449
20271020|0524|0647|1229|1530|1800|1919|20 Cemaziyelevvel 1449
20271021|0525|0649|1229|1529|1759|1917|21 Cemaziyelevvel 1449
20271022|0526|0650|1229|1528|1758|1916|22 Cemaziyelevvel 1449
20271023|0527|0651|1228|1527|1756|1915|23 Cemaziyelevvel 1449
20271024|0528|0652|1228|1526|1755|1914|24 Cemaziyelevvel 1449
20271025|0529|0653|1228|1525|1753|1912|25 Cemaziyelevvel 1449
20271026|0530|0654|1228|1523|1752|1911|26 Cemaziyelevvel 1449
20271027|0531|0655|1228|1522|1751|1910|27 Cemaziyelevvel 1449
20271028|0532|0656|1228|1521|1749|1909|28 Cemaziyelevvel 1449
20271029|0533|0657|1228|1520|1748|1907|29 Cemaziyelevvel 1449
20271030|0534|0659|1228|1519|1747|1906|30 Cemaziyelevvel 1449
20271031|0535|0700|1228|1518|1746|1905|1 Cemaziyelahir 1449
20271101|0536|0701|1228|1517|1744|1904|2 Cemaziyelahir 1449
20271102|0537|0702|1228|1516|1743|1903|3 Cemaziyelahir 1449
20271103|0538|0703|1228|1516|1742|1902|4 Cemaziyelahir 1449
20271104|0539|0704|1228|1515|1741|1901|5 Cemaziyelahir 1449
20271105|0540|0705|1228|1514|1740|1900|6 Cemaziyelahir 1449
20271106|0541|0707|1228|1513|1739|1859|7 Cemaziyelahir 1449
20271107|0542|0708|1228|1512|1738|1858|8 Cemaziyelahir 1449
20271108|0543|0709|1228|1511|1737|1857|9 Cemaziyelahir 1449
20271109|0544|0710|1228|1510|1736|1856|10 Cemaziyelahir 1449
20271110|0545|0711|1228|1510|1735|1855|11 Cemaziyelahir 1449
20271111|0546|0712|1228|1509|1734|1855|12 Cemaziyelahir 1449
20271112|0547|0714|1228|1508|1733|1854|13 Cemaziyelahir 1449
20271113|0548|0715|1228|1507|1732|1853|14 Cemaziyelahir 1449
20271114|0549|0716|1228|1507|1731|1852|15 Cemaziyelahir 1449
20271115|0550|0717|1228|1506|1730|1852|16 Cemaziyelahir 1449
20271116|0551|0718|1229|1505|1729|1851|17 Cemaziyelahir 1449
20271117|0552|0719|1229|1505|1728|1850|18 Cemaziyelahir 1449
20271118|0553|0721|1229|1504|1728|1850|19 Cemaziyelahir 1449
20271119|0554|0722|1229|1504|1727|1849|20 Cemaziyelahir 1449
20271120|0555|0723|1229|1503|1726|1849|21 Cemaziyelahir 1449
20271121|0556|0724|1230|1503|1726|1848|22 Cemaziyelahir 1449
20271122|0557|0725|1230|1502|1725|1848|23 Cemaziyelahir 1449
20271123|0558|0726|1230|1502|1724|1847|24 Cemaziyelahir 1449
20271124|0559|0727|1230|1501|1724|1847|25 Cemaziyelahir 1449
20271125|0600|0728|1231|1501|1723|1846|26 Cemaziyelahir 1449
20271126|0601|0729|1231|1500|1723|1846|27 Cemaziyelahir 1449
20271127|0602|0731|1231|1500|1722|1846|28 Cemaziyelahir 1449
20271128|0603|0732|1232|1500|1722|1846|29 Cemaziyelahir 1449
20271129|0603|0733|1232|1500|1721|1845|1 Recep 1449
20271130|0604|0734|1232|1459|1721|1845|2 Recep 1449
20271201|0605|0735|1233|1459|1721|1845|3 Recep 1449
20271202|0606|0736|1233|1459|1721|1845|4 Recep 1449
20271203|0607|0737|1234|1459|1720|1845|5 Recep 1449
20271204|0608|0738|1234|1459|1720|1845|6 Recep 1449
20271205|0609|0739|1234|1459|1720|1845|7 Recep 1449
20271206|0609|0740|1235|1459|1720|1845|8 Recep 1449
20271207|0610|0741|1235|1459|1720|1845|9 Recep 1449
20271208|0611|0741|1236|1459|1720|1845|10 Recep 1449
20271209|0612|0742|1236|1459|1720|1845|11 Recep 1449
20271210|0613|0743|1236|1459|1720|1845|12 Recep 1449
20271211|0613|0744|1237|1459|1720|1845|13 Recep 1449
20271212|0614|0745|1237|1459|1720|1845|14 Recep 1449
20271213|0615|0746|1238|1459|1720|1845|15 Recep 1449
20271214|0615|0746|1238|1500|1720|1846|16 Recep 1449
20271215|0616|0747|1239|1500|1721|1846|17 Recep 1449
20271216|0617|0748|1239|1500|1721|1846|18 Recep 1449
20271217|0617|0748|1240|1501|1721|1847|19 Recep 1449
20271218|0618|0749|1240|1501|1721|1847|20 Recep 1449
20271219|0619|0750|1241|1501|1722|1847|21 Recep 1449
20271220|0619|0750|1241|1502|1722|1848|22 Recep 1449
20271221|0620|0751|1242|1502|1723|1848|23 Recep 1449
20271222|0620|0751|1242|1503|1723|1849|24 Recep 1449
20271223|0621|0752|1243|1503|1724|1849|25 Recep 1449
20271224|0621|0752|1243|1504|1724|1850|26 Recep 1449
20271225|0622|0753|1244|1504|1725|1850|27 Recep 1449
20271226|0622|0753|1244|1505|1725|1851|28 Recep 1449
20271227|0622|0753|1245|1505|1726|1852|29 Recep 1449
20271228|0623|0754|1245|1506|1727|1852|30 Recep 1449
20271229|0623|0754|1246|1507|1727|1853|1 Şaban 1449
20271230|0623|0754|1246|1507|1728|1854|2 Şaban 1449
20271231|0624|0754|1247|1508|1729|1854|3 Şaban 1449
#@9378|Osmancık|CORUM|730
20260101|0627|0759|1249|1509|1730|1856|12 Recep 1447
20260102|0627|0759|1250|1510|1731|1857|13 Recep 1447
20260103|0627|0759|1250|1511|1731|1858|14 Recep 1447
20260104|0627|0759|1251|1511|1732|1858|15 Recep 1447
20260105|0627|0759|1251|1512|1733|1859|16 Recep 1447
20260106|0627|0759|1251|1513|1734|1900|17 Recep 1447
20260107|0627|0759|1252|1514|1735|1901|18 Recep 1447
20260108|0627|0759|1252|1515|1736|1902|19 Recep 1447
20260109|0627|0758|1253|1516|1737|1903|20 Recep 1447
20260110|0627|0758|1253|1517|1738|1904|21 Recep 1447
20260111|0627|0758|1254|1518|1739|1904|22 Recep 1447
20260112|0627|0758|1254|1519|1740|1905|23 Recep 1447
20260113|0627|0757|1254|1519|1741|1906|24 Recep 1447
20260114|0627|0757|1255|1520|1742|1907|25 Recep 1447
20260115|0626|0757|1255|1521|1744|1908|26 Recep 1447
20260116|0626|0756|1255|1522|1745|1909|27 Recep 1447
20260117|0626|0756|1256|1523|1746|1910|28 Recep 1447
20260118|0626|0755|1256|1524|1747|1911|29 Recep 1447
20260119|0625|0755|1256|1525|1748|1912|30 Recep 1447
20260120|0625|0754|1257|1527|1749|1913|1 Şaban 1447
20260121|0624|0754|1257|1528|1750|1914|2 Şaban 1447
20260122|0624|0753|1257|1529|1752|1915|3 Şaban 1447
20260123|0623|0752|1258|1530|1753|1916|4 Şaban 1447
20260124|0623|0752|1258|1531|1754|1917|5 Şaban 1447
20260125|0622|0751|1258|1532|1755|1918|6 Şaban 1447
20260126|0622|0750|1258|1533|1757|1919|7 Şaban 1447
20260127|0621|0749|1258|1534|1758|1921|8 Şaban 1447
20260128|0620|0748|1259|1535|1759|1922|9 Şaban 1447
20260129|0620|0748|1259|1536|1800|1923|10 Şaban 1447
20260130|0619|0747|1259|1537|1801|1924|11 Şaban 1447
20260131|0618|0746|1259|1538|1803|1925|12 Şaban 1447
20260201|0617|0745|1259|1539|1804|1926|13 Şaban 1447
20260202|0617|0744|1259|1540|1805|1927|14 Şaban 1447
20260203|0616|0743|1300|1541|1806|1928|15 Şaban 1447
20260204|0615|0742|1300|1542|1808|1929|16 Şaban 1447
20260205|0614|0741|1300|1543|1809|1930|17 Şaban 1447
20260206|0613|0740|1300|1544|1810|1931|18 Şaban 1447
20260207|0612|0738|1300|1545|1811|1932|19 Şaban 1447
20260208|0611|0737|1300|1546|1813|1934|20 Şaban 1447
20260209|0610|0736|1300|1547|1814|1935|21 Şaban 1447
20260210|0609|0735|1300|1548|1815|1936|22 Şaban 1447
20260211|0608|0734|1300|1549|1816|1937|23 Şaban 1447
20260212|0607|0733|1300|1550|1818|1938|24 Şaban 1447
20260213|0606|0731|1300|1551|1819|1939|25 Şaban 1447
20260214|0605|0730|1300|1552|1820|1940|26 Şaban 1447
20260215|0603|0729|1300|1553|1821|1941|27 Şaban 1447
20260216|0602|0727|1300|1554|1822|1942|28 Şaban 1447
20260217|0601|0726|1300|1555|1824|1943|29 Şaban 1447
20260218|0600|0725|1300|1556|1825|1945|30 Şaban 1447
20260219|0558|0723|1300|1556|1826|1946|1 Ramazan 1447
20260220|0557|0722|1300|1557|1827|1947|2 Ramazan 1447
20260221|0556|0720|1259|1558|1829|1948|3 Ramazan 1447
20260222|0554|0719|1259|1559|1830|1949|4 Ramazan 1447
20260223|0553|0718|1259|1600|1831|1950|5 Ramazan 1447
20260224|0552|0716|1259|1601|1832|1951|6 Ramazan 1447
20260225|0550|0715|1259|1602|1833|1952|7 Ramazan 1447
20260226|0549|0713|1259|1602|1834|1953|8 Ramazan 1447
20260227|0547|0712|1259|1603|1836|1955|9 Ramazan 1447
20260228|0546|0710|1258|1604|1837|1956|10 Ramazan 1447
20260301|0544|0709|1258|1605|1838|1957|11 Ramazan 1447
20260302|0543|0707|1258|1606|1839|1958|12 Ramazan 1447
20260303|0541|0706|1258|1606|1840|1959|13 Ramazan 1447
20260304|0540|0704|1258|1607|1841|2000|14 Ramazan 1447
20260305|0538|0702|1257|1608|1842|2001|15 Ramazan 1447
20260306|0537|0701|1257|1608|1844|2002|16 Ramazan 1447
20260307|0535|0659|1257|1609|1845|2004|17 Ramazan 1447
20260308|0533|0658|1257|1610|1846|2005|18 Ramazan 1447
20260309|0532|0656|1256|1611|1847|2006|19 Ramazan 1447
20260310|0530|0654|1256|1611|1848|2007|20 Ramazan 1447
20260311|0528|0653|1256|1612|1849|2008|21 Ramazan 1447
20260312|0527|0651|1256|1613|1850|2009|22 Ramazan 1447
20260313|0525|0649|1255|1613|1851|2010|23 Ramazan 1447
20260314|0523|0648|1255|1614|1853|2012|24 Ramazan 1447
20260315|0522|0646|1255|1614|1854|2013|25 Ramazan 1447
20260316|0520|0645|1255|1615|1855|2014|26 Ramazan 1447
20260317|0518|0643|1254|1616|1856|2015|27 Ramazan 1447
20260318|0516|0641|1254|1616|1857|2016|28 Ramazan 1447
20260319|0515|0640|1254|1617|1858|2017|29 Ramazan 1447
20260320|0513|0638|1253|1617|1859|2019|1 Şevval 1447
20260321|0511|0636|1253|1618|1900|2020|2 Şevval 1447
20260322|0509|0635|1253|1618|1901|2021|3 Şevval 1447
20260323|0507|0633|1253|1619|1902|2022|4 Şevval 1447
20260324|0505|0631|1252|1619|1903|2023|5 Şevval 1447
20260325|0504|0630|1252|1620|1904|2025|6 Şevval 1447
20260326|0502|0628|1252|1620|1905|2026|7 Şevval 1447
20260327|0500|0626|1251|1621|1907|2027|8 Şevval 1447
20260328|0458|0625|1251|1621|1908|2028|9 Şevval 1447
20260329|0456|0623|1251|1622|1909|2030|10 Şevval 1447
20260330|0454|0621|1250|1622|1910|2031|11 Şevval 1447
20260331|0452|0620|1250|1623|1911|2032|12 Şevval 1447
20260401|0451|0618|1250|1623|1912|2033|13 Şevval 1447
20260402|0449|0616|1250|1624|1913|2035|14 Şevval 1447
20260403|0447|0615|1249|1624|1914|2036|15 Şevval 1447
20260404|0445|0613|1249|1624|1915|2037|16 Şevval 1447
20260405|0443|0611|1249|1625|1916|2039|17 Şevval 1447
20260406|0441|0610|1248|1625|1917|2040|18 Şevval 1447
20260407|0439|0608|1248|1626|1918|2041|19 Şevval 1447
20260408|0437|0606|1248|1626|1919|2043|20 Şevval 1447
20260409|0435|0605|1248|1626|1920|2044|21 Şevval 1447
20260410|0433|0603|1247|1627|1921|2045|22 Şevval 1447
20260411|0431|0602|1247|1627|1922|2047|23 Şevval 1447
20260412|0430|0600|1247|1627|1923|2048|24 Şevval 1447
20260413|0428|0558|1246|1628|1925|2049|25 Şevval 1447
20260414|0426|0557|1246|1628|1926|2051|26 Şevval 1447
20260415|0424|0555|1246|1628|1927|2052|27 Şevval 1447
20260416|0422|0554|1246|1629|1928|2053|28 Şevval 1447
20260417|0420|0552|1246|1629|1929|2055|29 Şevval 1447
20260418|0418|0551|1245|1629|1930|2056|1 Zilkade 1447
20260419|0416|0549|1245|1630|1931|2058|2 Zilkade 1447
20260420|0414|0548|1245|1630|1932|2059|3 Zilkade 1447
20260421|0412|0546|1245|1630|1933|2101|4 Zilkade 1447
20260422|0410|0545|1244|1631|1934|2102|5 Zilkade 1447
20260423|0409|0543|1244|1631|1935|2103|6 Zilkade 1447
20260424|0407|0542|1244|1631|1936|2105|7 Zilkade 1447
20260425|0405|0541|1244|1632|1937|2106|8 Zilkade 1447
20260426|0403|0539|1244|1632|1938|2108|9 Zilkade 1447
20260427|0401|0538|1244|1632|1939|2109|10 Zilkade 1447
20260428|0359|0536|1243|1632|1940|2111|11 Zilkade 1447
20260429|0357|0535|1243|1633|1942|2112|12 Zilkade 1447
20260430|0356|0534|1243|1633|1943|2114|13 Zilkade 1447
20260501|0354|0532|1243|1633|1944|2115|14 Zilkade 1447
20260502|0352|0531|1243|1634|1945|2117|15 Zilkade 1447
20260503|0350|0530|1243|1634|1946|2118|16 Zilkade 1447
20260504|0348|0529|1243|1634|1947|2120|17 Zilkade 1447
20260505|0347|0527|1243|1635|1948|2121|18 Zilkade 1447
20260506|0345|0526|1242|1635|1949|2123|19 Zilkade 1447
20260507|0343|0525|1242|1635|1950|2124|20 Zilkade 1447
20260508|0342|0524|1242|1635|1951|2126|21 Zilkade 1447
20260509|0340|0523|1242|1636|1952|2127|22 Zilkade 1447
20260510|0338|0522|1242|1636|1953|2129|23 Zilkade 1447
20260511|0337|0521|1242|1636|1954|2131|24 Zilkade 1447
20260512|0335|0519|1242|1636|1955|2132|25 Zilkade 1447
20260513|0333|0518|1242|1637|1956|2134|26 Zilkade 1447
20260514|0332|0517|1242|1637|1957|2135|27 Zilkade 1447
20260515|0330|0516|1242|1637|1958|2137|28 Zilkade 1447
20260516|0329|0515|1242|1638|1959|2138|29 Zilkade 1447
20260517|0327|0515|1242|1638|2000|2140|30 Zilkade 1447
20260518|0326|0514|1242|1638|2001|2141|1 Zilhicce 1447
20260519|0324|0513|1242|1638|2002|2142|2 Zilhicce 1447
20260520|0323|0512|1242|1639|2003|2144|3 Zilhicce 1447
20260521|0322|0511|1242|1639|2004|2145|4 Zilhicce 1447
20260522|0320|0510|1242|1639|2005|2147|5 Zilhicce 1447
20260523|0319|0510|1243|1640|2006|2148|6 Zilhicce 1447
20260524|0318|0509|1243|1640|2006|2150|7 Zilhicce 1447
20260525|0316|0508|1243|1640|2007|2151|8 Zilhicce 1447
20260526|0315|0508|1243|1640|2008|2152|9 Zilhicce 1447
20260527|0314|0507|1243|1641|2009|2154|10 Zilhicce 1447
20260528|0313|0506|1243|1641|2010|2155|11 Zilhicce 1447
20260529|0312|0506|1243|1641|2011|2156|12 Zilhicce 1447
20260530|0311|0505|1243|1642|2011|2157|13 Zilhicce 1447
20260531|0310|0505|1243|1642|2012|2159|14 Zilhicce 1447
20260601|0309|0504|1244|1642|2013|2200|15 Zilhicce 1447
20260602|0308|0504|1244|1642|2014|2201|16 Zilhicce 1447
20260603|0307|0503|1244|1643|2014|2202|17 Zilhicce 1447
20260604|0306|0503|1244|1643|2015|2203|18 Zilhicce 1447
20260605|0306|0503|1244|1643|2016|2204|19 Zilhicce 1447
20260606|0305|0502|1244|1644|2017|2205|20 Zilhicce 1447
20260607|0304|0502|1245|1644|2017|2206|21 Zilhicce 1447
20260608|0304|0502|1245|1644|2018|2207|22 Zilhicce 1447
20260609|0303|0502|1245|1644|2018|2208|23 Zilhicce 1447
20260610|0303|0502|1245|1645|2019|2209|24 Zilhicce 1447
20260611|0302|0501|1245|1645|2019|2209|25 Zilhicce 1447
20260612|0302|0501|1246|1645|2020|2210|26 Zilhicce 1447
20260613|0302|0501|1246|1645|2020|2211|27 Zilhicce 1447
20260614|0301|0501|1246|1646|2021|2212|28 Zilhicce 1447
20260615|0301|0501|1246|1646|2021|2212|29 Zilhicce 1447
20260616|0301|0501|1246|1646|2022|2213|1 Muharrem 1448
20260617|0301|0501|1247|1646|2022|2213|2 Muharrem 1448
20260618|0301|0501|1247|1647|2022|2214|3 Muharrem 1448
20260619|0301|0502|1247|1647|2023|2214|4 Muharrem 1448
20260620|0301|0502|1247|1647|2023|2214|5 Muharrem 1448
20260621|0301|0502|1248|1647|2023|2215|6 Muharrem 1448
20260622|0301|0502|1248|1648|2023|2215|7 Muharrem 1448
20260623|0302|0502|1248|1648|2024|2215|8 Muharrem 1448
20260624|0302|0503|1248|1648|2024|2215|9 Muharrem 1448
20260625|0302|0503|1248|1648|2024|2215|10 Muharrem 1448
20260626|0303|0503|1249|1648|2024|2215|11 Muharrem 1448
20260627|0303|0504|1249|1649|2024|2215|12 Muharrem 1448
20260628|0304|0504|1249|1649|2024|2215|13 Muharrem 1448
20260629|0305|0505|1249|1649|2024|2215|14 Muharrem 1448
20260630|0305|0505|1249|1649|2024|2214|15 Muharrem 1448
20260701|0306|0505|1250|1649|2024|2214|16 Muharrem 1448
20260702|0307|0506|1250|1649|2024|2214|17 Muharrem 1448
20260703|0308|0506|1250|1649|2024|2213|18 Muharrem 1448
20260704|0309|0507|1250|1650|2023|2213|19 Muharrem 1448
20260705|0309|0508|1250|1650|2023|2212|20 Muharrem 1448
20260706|0310|0508|1251|1650|2023|2212|21 Muharrem 1448
20260707|0311|0509|1251|1650|2023|2211|22 Muharrem 1448
20260708|0312|0509|1251|1650|2022|2210|23 Muharrem 1448
20260709|0313|0510|1251|1650|2022|2210|24 Muharrem 1448
20260710|0315|0511|1251|1650|2022|2209|25 Muharrem 1448
20260711|0316|0512|1251|1650|2021|2208|26 Muharrem 1448
20260712|0317|0512|1251|1650|2021|2207|27 Muharrem 1448
20260713|0318|0513|1252|1650|2020|2206|28 Muharrem 1448
20260714|0319|0514|1252|1650|2020|2205|29 Muharrem 1448
20260715|0321|0515|1252|1650|2019|2204|1 Safer 1448
20260716|0322|0515|1252|1650|2019|2203|2 Safer 1448
20260717|0323|0516|1252|1650|2018|2202|3 Safer 1448
20260718|0325|0517|1252|1650|2017|2201|4 Safer 1448
20260719|0326|0518|1252|1650|2017|2200|5 Safer 1448
20260720|0327|0519|1252|1649|2016|2159|6 Safer 1448
20260721|0329|0519|1252|1649|2015|2158|7 Safer 1448
20260722|0330|0520|1252|1649|2014|2156|8 Safer 1448
20260723|0332|0521|1252|1649|2013|2155|9 Safer 1448
20260724|0333|0522|1252|1649|2013|2154|10 Safer 1448
20260725|0335|0523|1252|1649|2012|2152|11 Safer 1448
20260726|0336|0524|1252|1648|2011|2151|12 Safer 1448
20260727|0338|0525|1252|1648|2010|2149|13 Safer 1448
20260728|0339|0526|1252|1648|2009|2148|14 Safer 1448
20260729|0341|0527|1252|1647|2008|2147|15 Safer 1448
20260730|0342|0528|1252|1647|2007|2145|16 Safer 1448
20260731|0344|0529|1252|1647|2006|2143|17 Safer 1448
20260801|0345|0530|1252|1646|2005|2142|18 Safer 1448
20260802|0347|0531|1252|1646|2004|2140|19 Safer 1448
20260803|0348|0532|1252|1646|2003|2139|20 Safer 1448
20260804|0350|0532|1252|1645|2002|2137|21 Safer 1448
20260805|0351|0533|1252|1645|2000|2135|22 Safer 1448
20260806|0353|0534|1252|1644|1959|2134|23 Safer 1448
20260807|0354|0535|1252|1644|1958|2132|24 Safer 1448
20260808|0356|0536|1252|1643|1957|2130|25 Safer 1448
20260809|0357|0537|1251|1643|1955|2129|26 Safer 1448
20260810|0359|0538|1251|1642|1954|2127|27 Safer 1448
20260811|0400|0539|1251|1642|1953|2125|28 Safer 1448
20260812|0402|0540|1251|1641|1952|2123|29 Safer 1448
20260813|0403|0541|1251|1641|1950|2122|30 Safer 1448
20260814|0405|0542|1251|1640|1949|2120|1 Rebiulevvel 1448
20260815|0406|0543|1250|1640|1948|2118|2 Rebiulevvel 1448
20260816|0408|0544|1250|1639|1946|2116|3 Rebiulevvel 1448
20260817|0409|0545|1250|1638|1945|2114|4 Rebiulevvel 1448
20260818|0411|0546|1250|1638|1943|2112|5 Rebiulevvel 1448
20260819|0412|0547|1250|1637|1942|2111|6 Rebiulevvel 1448
20260820|0413|0548|1249|1636|1940|2109|7 Rebiulevvel 1448
20260821|0415|0549|1249|1635|1939|2107|8 Rebiulevvel 1448
20260822|0416|0550|1249|1635|1937|2105|9 Rebiulevvel 1448
20260823|0418|0551|1249|1634|1936|2103|10 Rebiulevvel 1448
20260824|0419|0552|1248|1633|1934|2101|11 Rebiulevvel 1448
20260825|0421|0553|1248|1632|1933|2059|12 Rebiulevvel 1448
20260826|0422|0554|1248|1631|1931|2057|13 Rebiulevvel 1448
20260827|0423|0555|1248|1631|1930|2056|14 Rebiulevvel 1448
20260828|0425|0556|1247|1630|1928|2054|15 Rebiulevvel 1448
20260829|0426|0557|1247|1629|1927|2052|16 Rebiulevvel 1448
20260830|0427|0558|1247|1628|1925|2050|17 Rebiulevvel 1448
20260831|0429|0559|1246|1627|1923|2048|18 Rebiulevvel 1448
20260901|0430|0600|1246|1626|1922|2046|19 Rebiulevvel 1448
20260902|0431|0601|1246|1625|1920|2044|20 Rebiulevvel 1448
20260903|0433|0602|1245|1624|1919|2042|21 Rebiulevvel 1448
20260904|0434|0603|1245|1623|1917|2040|22 Rebiulevvel 1448
20260905|0435|0604|1245|1622|1915|2038|23 Rebiulevvel 1448
20260906|0436|0605|1244|1621|1914|2036|24 Rebiulevvel 1448
20260907|0438|0606|1244|1620|1912|2035|25 Rebiulevvel 1448
20260908|0439|0607|1244|1619|1910|2033|26 Rebiulevvel 1448
20260909|0440|0608|1243|1618|1909|2031|27 Rebiulevvel 1448
20260910|0441|0609|1243|1617|1907|2029|28 Rebiulevvel 1448
20260911|0443|0610|1243|1616|1905|2027|29 Rebiulevvel 1448
20260912|0444|0611|1242|1615|1904|2025|1 Rebiulahir 1448
20260913|0445|0612|1242|1614|1902|2023|2 Rebiulahir 1448
20260914|0446|0613|1242|1613|1900|2021|3 Rebiulahir 1448
20260915|0447|0614|1241|1612|1858|2019|4 Rebiulahir 1448
20260916|0449|0615|1241|1611|1857|2017|5 Rebiulahir 1448
20260917|0450|0616|1240|1610|1855|2016|6 Rebiulahir 1448
20260918|0451|0617|1240|1608|1853|2014|7 Rebiulahir 1448
20260919|0452|0618|1240|1607|1852|2012|8 Rebiulahir 1448
20260920|0453|0619|1239|1606|1850|2010|9 Rebiulahir 1448
20260921|0454|0620|1239|1605|1848|2008|10 Rebiulahir 1448
20260922|0456|0621|1239|1604|1847|2006|11 Rebiulahir 1448
20260923|0457|0622|1238|1603|1845|2005|12 Rebiulahir 1448
20260924|0458|0623|1238|1602|1843|2003|13 Rebiulahir 1448
20260925|0459|0624|1238|1600|1841|2001|14 Rebiulahir 1448
20260926|0500|0625|1237|1559|1840|1959|15 Rebiulahir 1448
20260927|0501|0626|1237|1558|1838|1957|16 Rebiulahir 1448
20260928|0502|0627|1237|1557|1836|1956|17 Rebiulahir 1448
20260929|0503|0628|1236|1556|1835|1954|18 Rebiulahir 1448
20260930|0505|0629|1236|1554|1833|1952|19 Rebiulahir 1448
20261001|0506|0630|1236|1553|1831|1950|20 Rebiulahir 1448
20261002|0507|0631|1235|1552|1830|1949|21 Rebiulahir 1448
20261003|0508|0632|1235|1551|1828|1947|22 Rebiulahir 1448
20261004|0509|0633|1235|1550|1826|1945|23 Rebiulahir 1448
20261005|0510|0634|1234|1548|1825|1944|24 Rebiulahir 1448
20261006|0511|0635|1234|1547|1823|1942|25 Rebiulahir 1448
20261007|0512|0636|1234|1546|1821|1940|26 Rebiulahir 1448
20261008|0513|0637|1234|1545|1820|1939|27 Rebiulahir 1448
20261009|0514|0638|1233|1543|1818|1937|28 Rebiulahir 1448
20261010|0515|0639|1233|1542|1816|1935|29 Rebiulahir 1448
20261011|0516|0641|1233|1541|1815|1934|30 Rebiulahir 1448
20261012|0517|0642|1232|1540|1813|1932|1 Cemaziyelevvel 1448
20261013|0518|0643|1232|1539|1812|1931|2 Cemaziyelevvel 1448
20261014|0519|0644|1232|1537|1810|1929|3 Cemaziyelevvel 1448
20261015|0521|0645|1232|1536|1809|1928|4 Cemaziyelevvel 1448
20261016|0522|0646|1231|1535|1807|1926|5 Cemaziyelevvel 1448
20261017|0523|0647|1231|1534|1806|1925|6 Cemaziyelevvel 1448
20261018|0524|0648|1231|1533|1804|1923|7 Cemaziyelevvel 1448
20261019|0525|0649|1231|1532|1803|1922|8 Cemaziyelevvel 1448
20261020|0526|0650|1231|1530|1801|1920|9 Cemaziyelevvel 1448
20261021|0527|0651|1231|1529|1800|1919|10 Cemaziyelevvel 1448
20261022|0528|0653|1230|1528|1758|1918|11 Cemaziyelevvel 1448
20261023|0529|0654|1230|1527|1757|1916|12 Cemaziyelevvel 1448
20261024|0530|0655|1230|1526|1755|1915|13 Cemaziyelevvel 1448
20261025|0531|0656|1230|1525|1754|1914|14 Cemaziyelevvel 1448
20261026|0532|0657|1230|1524|1753|1912|15 Cemaziyelevvel 1448
20261027|0533|0658|1230|1523|1751|1911|16 Cemaziyelevvel 1448
20261028|0534|0659|1230|1522|1750|1910|17 Cemaziyelevvel 1448
20261029|0535|0701|1230|1521|1749|1909|18 Cemaziyelevvel 1448
20261030|0536|0702|1230|1520|1747|1908|19 Cemaziyelevvel 1448
20261031|0537|0703|1229|1519|1746|1906|20 Cemaziyelevvel 1448
20261101|0538|0704|1229|1518|1745|1905|21 Cemaziyelevvel 1448
20261102|0539|0705|1229|1517|1743|1904|22 Cemaziyelevvel 1448
20261103|0540|0707|1229|1516|1742|1903|23 Cemaziyelevvel 1448
20261104|0541|0708|1229|1515|1741|1902|24 Cemaziyelevvel 1448
20261105|0542|0709|1229|1514|1740|1901|25 Cemaziyelevvel 1448
20261106|0543|0710|1229|1513|1739|1900|26 Cemaziyelevvel 1448
20261107|0544|0711|1229|1512|1738|1859|27 Cemaziyelevvel 1448
20261108|0546|0712|1230|1511|1737|1858|28 Cemaziyelevvel 1448
20261109|0547|0714|1230|1510|1736|1857|29 Cemaziyelevvel 1448
20261110|0548|0715|1230|1510|1735|1856|1 Cemaziyelahir 1448
20261111|0549|0716|1230|1509|1734|1856|2 Cemaziyelahir 1448
20261112|0550|0717|1230|1508|1733|1855|3 Cemaziyelahir 1448
20261113|0551|0718|1230|1507|1732|1854|4 Cemaziyelahir 1448
20261114|0552|0720|1230|1507|1731|1853|5 Cemaziyelahir 1448
20261115|0553|0721|1230|1506|1730|1853|6 Cemaziyelahir 1448
20261116|0554|0722|1230|1505|1729|1852|7 Cemaziyelahir 1448
20261117|0555|0723|1231|1505|1728|1851|8 Cemaziyelahir 1448
20261118|0556|0724|1231|1504|1727|1851|9 Cemaziyelahir 1448
20261119|0557|0725|1231|1503|1727|1850|10 Cemaziyelahir 1448
20261120|0558|0727|1231|1503|1726|1850|11 Cemaziyelahir 1448
20261121|0559|0728|1232|1502|1725|1849|12 Cemaziyelahir 1448
20261122|0600|0729|1232|1502|1725|1849|13 Cemaziyelahir 1448
20261123|0601|0730|1232|1501|1724|1848|14 Cemaziyelahir 1448
20261124|0602|0731|1232|1501|1724|1848|15 Cemaziyelahir 1448
20261125|0603|0732|1233|1501|1723|1847|16 Cemaziyelahir 1448
20261126|0604|0733|1233|1500|1723|1847|17 Cemaziyelahir 1448
20261127|0604|0735|1233|1500|1722|1847|18 Cemaziyelahir 1448
20261128|0605|0736|1234|1500|1722|1846|19 Cemaziyelahir 1448
20261129|0606|0737|1234|1459|1721|1846|20 Cemaziyelahir 1448
20261130|0607|0738|1234|1459|1721|1846|21 Cemaziyelahir 1448
20261201|0608|0739|1235|1459|1721|1846|22 Cemaziyelahir 1448
20261202|0609|0740|1235|1459|1720|1846|23 Cemaziyelahir 1448
20261203|0610|0741|1235|1459|1720|1846|24 Cemaziyelahir 1448
20261204|0611|0742|1236|1459|1720|1845|25 Cemaziyelahir 1448
20261205|0612|0743|1236|1458|1720|1845|26 Cemaziyelahir 1448
20261206|0612|0744|1237|1458|1720|1845|27 Cemaziyelahir 1448
20261207|0613|0745|1237|1458|1720|1845|28 Cemaziyelahir 1448
20261208|0614|0746|1237|1458|1719|1845|29 Cemaziyelahir 1448
20261209|0615|0746|1238|1459|1719|1846|30 Cemaziyelahir 1448
20261210|0616|0747|1238|1459|1719|1846|1 Recep 1448
20261211|0616|0748|1239|1459|1720|1846|2 Recep 1448
20261212|0617|0749|1239|1459|1720|1846|3 Recep 1448
20261213|0618|0750|1240|1459|1720|1846|4 Recep 1448
20261214|0618|0750|1240|1459|1720|1847|5 Recep 1448
20261215|0619|0751|1241|1500|1720|1847|6 Recep 1448
20261216|0620|0752|1241|1500|1721|1847|7 Recep 1448
20261217|0620|0753|1242|1500|1721|1847|8 Recep 1448
20261218|0621|0753|1242|1501|1721|1848|9 Recep 1448
20261219|0622|0754|1243|1501|1722|1848|10 Recep 1448
20261220|0622|0754|1243|1501|1722|1849|11 Recep 1448
20261221|0623|0755|1244|1502|1722|1849|12 Recep 1448
20261222|0623|0755|1244|1502|1723|1850|13 Recep 1448
20261223|0624|0756|1245|1503|1723|1850|14 Recep 1448
20261224|0624|0756|1245|1503|1724|1851|15 Recep 1448
20261225|0625|0757|1246|1504|1725|1851|16 Recep 1448
20261226|0625|0757|1246|1505|1725|1852|17 Recep 1448
20261227|0625|0757|1247|1505|1726|1852|18 Recep 1448
20261228|0626|0758|1247|1506|1726|1853|19 Recep 1448
20261229|0626|0758|1248|1507|1727|1854|20 Recep 1448
20261230|0626|0758|1248|1507|1728|1854|21 Recep 1448
20261231|0627|0758|1249|1508|1729|1855|22 Recep 1448
20270101|0627|0759|1249|1509|1730|1856|23 Recep 1448
20270102|0627|0759|1250|1510|1730|1857|24 Recep 1448
20270103|0627|0759|1250|1510|1731|1857|25 Recep 1448
20270104|0627|0759|1250|1511|1732|1858|26 Recep 1448
20270105|0627|0759|1251|1512|1733|1859|27 Recep 1448
20270106|0627|0759|1251|1513|1734|1900|28 Recep 1448
20270107|0627|0759|1252|1514|1735|1901|29 Recep 1448
20270108|0627|0759|1252|1515|1736|1902|30 Recep 1448
20270109|0627|0758|1253|1515|1737|1902|1 Şaban 1448
20270110|0627|0758|1253|1516|1738|1903|2 Şaban 1448
20270111|0627|0758|1253|1517|1739|1904|3 Şaban 1448
20270112|0627|0758|1254|1518|1740|1905|4 Şaban 1448
20270113|0627|0757|1254|1519|1741|1906|5 Şaban 1448
20270114|0627|0757|1255|1520|1742|1907|6 Şaban 1448
20270115|0627|0757|1255|1521|1743|1908|7 Şaban 1448
20270116|0626|0756|1255|1522|1744|1909|8 Şaban 1448
20270117|0626|0756|1256|1523|1746|1910|9 Şaban 1448
20270118|0626|0755|1256|1524|1747|1911|10 Şaban 1448
20270119|0625|0755|1256|1525|1748|1912|11 Şaban 1448
20270120|0625|0754|1257|1526|1749|1913|12 Şaban 1448
20270121|0624|0754|1257|1527|1750|1914|13 Şaban 1448
20270122|0624|0753|1257|1528|1751|1915|14 Şaban 1448
20270123|0624|0752|1257|1529|1753|1916|15 Şaban 1448
20270124|0623|0752|1258|1530|1754|1917|16 Şaban 1448
20270125|0622|0751|1258|1531|1755|1918|17 Şaban 1448
20270126|0622|0750|1258|1532|1756|1919|18 Şaban 1448
20270127|0621|0749|1258|1534|1757|1920|19 Şaban 1448
20270128|0621|0749|1259|1535|1759|1921|20 Şaban 1448
20270129|0620|0748|1259|1536|1800|1922|21 Şaban 1448
20270130|0619|0747|1259|1537|1801|1923|22 Şaban 1448
20270131|0618|0746|1259|1538|1802|1925|23 Şaban 1448
20270201|0618|0745|1259|1539|1804|1926|24 Şaban 1448
20270202|0617|0744|1259|1540|1805|1927|25 Şaban 1448
20270203|0616|0743|1300|1541|1806|1928|26 Şaban 1448
20270204|0615|0742|1300|1542|1807|1929|27 Şaban 1448
20270205|0614|0741|1300|1543|1809|1930|28 Şaban 1448
20270206|0613|0740|1300|1544|1810|1931|29 Şaban 1448
20270207|0612|0739|1300|1545|1811|1932|30 Şaban 1448
20270208|0611|0738|1300|1546|1812|1933|1 Ramazan 1448
20270209|0610|0736|1300|1547|1814|1934|2 Ramazan 1448
20270210|0609|0735|1300|1548|1815|1935|3 Ramazan 1448
20270211|0608|0734|1300|1549|1816|1937|4 Ramazan 1448
20270212|0607|0733|1300|1550|1817|1938|5 Ramazan 1448
20270213|0606|0732|1300|1551|1819|1939|6 Ramazan 1448
20270214|0605|0730|1300|1552|1820|1940|7 Ramazan 1448
20270215|0604|0729|1300|1553|1821|1941|8 Ramazan 1448
20270216|0602|0728|1300|1554|1822|1942|9 Ramazan 1448
20270217|0601|0726|1300|1554|1823|1943|10 Ramazan 1448
20270218|0600|0725|1300|1555|1825|1944|11 Ramazan 1448
20270219|0559|0724|1300|1556|1826|1945|12 Ramazan 1448
20270220|0557|0722|1300|1557|1827|1947|13 Ramazan 1448
20270221|0556|0721|1259|1558|1828|1948|14 Ramazan 1448
20270222|0555|0719|1259|1559|1829|1949|15 Ramazan 1448
20270223|0553|0718|1259|1600|1831|1950|16 Ramazan 1448
20270224|0552|0716|1259|1601|1832|1951|17 Ramazan 1448
20270225|0551|0715|1259|1601|1833|1952|18 Ramazan 1448
20270226|0549|0714|1259|1602|1834|1953|19 Ramazan 1448
20270227|0548|0712|1259|1603|1835|1954|20 Ramazan 1448
20270228|0546|0711|1258|1604|1836|1955|21 Ramazan 1448
20270301|0545|0709|1258|1605|1838|1957|22 Ramazan 1448
20270302|0543|0707|1258|1605|1839|1958|23 Ramazan 1448
20270303|0542|0706|1258|1606|1840|1959|24 Ramazan 1448
20270304|0540|0704|1258|1607|1841|2000|25 Ramazan 1448
20270305|0539|0703|1257|1608|1842|2001|26 Ramazan 1448
20270306|0537|0701|1257|1608|1843|2002|27 Ramazan 1448
20270307|0535|0700|1257|1609|1844|2003|28 Ramazan 1448
20270308|0534|0658|1257|1610|1846|2004|29 Ramazan 1448
20270309|0532|0656|1257|1610|1847|2006|1 Şevval 1448
20270310|0530|0655|1256|1611|1848|2007|2 Şevval 1448
20270311|0529|0653|1256|1612|1849|2008|3 Şevval 1448
20270312|0527|0651|1256|1612|1850|2009|4 Şevval 1448
20270313|0525|0650|1255|1613|1851|2010|5 Şevval 1448
20270314|0524|0648|1255|1614|1852|2011|6 Şevval 1448
20270315|0522|0647|1255|1614|1853|2013|7 Şevval 1448
20270316|0520|0645|1255|1615|1854|2014|8 Şevval 1448
20270317|0518|0643|1254|1615|1856|2015|9 Şevval 1448
20270318|0517|0642|1254|1616|1857|2016|10 Şevval 1448
20270319|0515|0640|1254|1617|1858|2017|11 Şevval 1448
20270320|0513|0638|1253|1617|1859|2018|12 Şevval 1448
20270321|0511|0637|1253|1618|1900|2020|13 Şevval 1448
20270322|0510|0635|1253|1618|1901|2021|14 Şevval 1448
20270323|0508|0633|1253|1619|1902|2022|15 Şevval 1448
20270324|0506|0632|1252|1619|1903|2023|16 Şevval 1448
20270325|0504|0630|1252|1620|1904|2024|17 Şevval 1448
20270326|0502|0628|1252|1620|1905|2026|18 Şevval 1448
20270327|0500|0627|1251|1621|1906|2027|19 Şevval 1448
20270328|0459|0625|1251|1621|1907|2028|20 Şevval 1448
20270329|0457|0623|1251|1622|1908|2029|21 Şevval 1448
20270330|0455|0622|1251|1622|1909|2031|22 Şevval 1448
20270331|0453|0620|1250|1623|1911|2032|23 Şevval 1448
20270401|0451|0618|1250|1623|1912|2033|24 Şevval 1448
20270402|0449|0617|1250|1623|1913|2034|25 Şevval 1448
20270403|0447|0615|1249|1624|1914|2036|26 Şevval 1448
20270404|0445|0613|1249|1624|1915|2037|27 Şevval 1448
20270405|0443|0612|1249|1625|1916|2038|28 Şevval 1448
20270406|0442|0610|1248|1625|1917|2040|29 Şevval 1448
20270407|0440|0608|1248|1625|1918|2041|30 Şevval 1448
20270408|0438|0607|1248|1626|1919|2042|1 Zilkade 1448
20270409|0436|0605|1248|1626|1920|2044|2 Zilkade 1448
20270410|0434|0604|1247|1627|1921|2045|3 Zilkade 1448
20270411|0432|0602|1247|1627|1922|2046|4 Zilkade 1448
20270412|0430|0600|1247|1627|1923|2048|5 Zilkade 1448
20270413|0428|0559|1247|1628|1924|2049|6 Zilkade 1448
20270414|0426|0557|1246|1628|1925|2050|7 Zilkade 1448
20270415|0424|0556|1246|1628|1926|2052|8 Zilkade 1448
20270416|0422|0554|1246|1629|1927|2053|9 Zilkade 1448
20270417|0420|0553|1246|1629|1929|2055|10 Zilkade 1448
20270418|0419|0551|1245|1629|1930|2056|11 Zilkade 1448
20270419|0417|0550|1245|1630|1931|2057|12 Zilkade 1448
20270420|0415|0548|1245|1630|1932|2059|13 Zilkade 1448
20270421|0413|0547|1245|1630|1933|2100|14 Zilkade 1448
20270422|0411|0545|1244|1631|1934|2102|15 Zilkade 1448
20270423|0409|0544|1244|1631|1935|2103|16 Zilkade 1448
20270424|0407|0542|1244|1631|1936|2105|17 Zilkade 1448
20270425|0405|0541|1244|1632|1937|2106|18 Zilkade 1448
20270426|0403|0539|1244|1632|1938|2108|19 Zilkade 1448
20270427|0402|0538|1244|1632|1939|2109|20 Zilkade 1448
20270428|0400|0537|1243|1632|1940|2110|21 Zilkade 1448
20270429|0358|0535|1243|1633|1941|2112|22 Zilkade 1448
20270430|0356|0534|1243|1633|1942|2113|23 Zilkade 1448
20270501|0354|0533|1243|1633|1943|2115|24 Zilkade 1448
20270502|0352|0531|1243|1634|1944|2117|25 Zilkade 1448
20270503|0351|0530|1243|1634|1945|2118|26 Zilkade 1448
20270504|0349|0529|1243|1634|1947|2120|27 Zilkade 1448
20270505|0347|0528|1243|1634|1948|2121|28 Zilkade 1448
20270506|0345|0526|1243|1635|1949|2123|29 Zilkade 1448
20270507|0344|0525|1242|1635|1950|2124|1 Zilhicce 1448
20270508|0342|0524|1242|1635|1951|2126|2 Zilhicce 1448
20270509|0340|0523|1242|1636|1952|2127|3 Zilhicce 1448
20270510|0339|0522|1242|1636|1953|2129|4 Zilhicce 1448
20270511|0337|0521|1242|1636|1954|2130|5 Zilhicce 1448
20270512|0335|0520|1242|1636|1955|2132|6 Zilhicce 1448
20270513|0334|0519|1242|1637|1956|2133|7 Zilhicce 1448
20270514|0332|0518|1242|1637|1957|2135|8 Zilhicce 1448
20270515|0331|0517|1242|1637|1958|2136|9 Zilhicce 1448
20270516|0329|0516|1242|1638|1959|2138|10 Zilhicce 1448
20270517|0328|0515|1242|1638|2000|2139|11 Zilhicce 1448
20270518|0326|0514|1242|1638|2001|2141|12 Zilhicce 1448
20270519|0325|0513|1242|1638|2002|2142|13 Zilhicce 1448
20270520|0323|0512|1242|1639|2003|2144|14 Zilhicce 1448
20270521|0322|0511|1242|1639|2003|2145|15 Zilhicce 1448
20270522|0320|0511|1242|1639|2004|2146|16 Zilhicce 1448
20270523|0319|0510|1243|1640|2005|2148|17 Zilhicce 1448
20270524|0318|0509|1243|1640|2006|2149|18 Zilhicce 1448
20270525|0317|0508|1243|1640|2007|2151|19 Zilhicce 1448
20270526|0315|0508|1243|1640|2008|2152|20 Zilhicce 1448
20270527|0314|0507|1243|1641|2009|2153|21 Zilhicce 1448
20270528|0313|0506|1243|1641|2010|2154|22 Zilhicce 1448
20270529|0312|0506|1243|1641|2010|2156|23 Zilhicce 1448
20270530|0311|0505|1243|1642|2011|2157|24 Zilhicce 1448
20270531|0310|0505|1243|1642|2012|2158|25 Zilhicce 1448
20270601|0309|0504|1244|1642|2013|2159|26 Zilhicce 1448
20270602|0308|0504|1244|1642|2014|2201|27 Zilhicce 1448
20270603|0307|0504|1244|1643|2014|2202|28 Zilhicce 1448
20270604|0307|0503|1244|1643|2015|2203|29 Zilhicce 1448
20270605|0306|0503|1244|1643|2016|2204|30 Zilhicce 1448
20270606|0305|0502|1244|1644|2016|2205|1 Muharrem 1449
20270607|0304|0502|1245|1644|2017|2206|2 Muharrem 1449
20270608|0304|0502|1245|1644|2018|2207|3 Muharrem 1449
20270609|0303|0502|1245|1644|2018|2208|4 Muharrem 1449
20270610|0303|0502|1245|1645|2019|2208|5 Muharrem 1449
20270611|0302|0501|1245|1645|2019|2209|6 Muharrem 1449
20270612|0302|0501|1246|1645|2020|2210|7 Muharrem 1449
20270613|0302|0501|1246|1645|2020|2211|8 Muharrem 1449
20270614|0301|0501|1246|1646|2021|2211|9 Muharrem 1449
20270615|0301|0501|1246|1646|2021|2212|10 Muharrem 1449
20270616|0301|0501|1246|1646|2022|2213|11 Muharrem 1449
20270617|0301|0501|1247|1646|2022|2213|12 Muharrem 1449
20270618|0301|0501|1247|1647|2022|2213|13 Muharrem 1449
20270619|0301|0502|1247|1647|2023|2214|14 Muharrem 1449
20270620|0301|0502|1247|1647|2023|2214|15 Muharrem 1449
20270621|0301|0502|1247|1647|2023|2214|16 Muharrem 1449
20270622|0301|0502|1248|1648|2023|2215|17 Muharrem 1449
20270623|0302|0502|1248|1648|2024|2215|18 Muharrem 1449
20270624|0302|0503|1248|1648|2024|2215|19 Muharrem 1449
20270625|0302|0503|1248|1648|2024|2215|20 Muharrem 1449
20270626|0303|0503|1249|1648|2024|2215|21 Muharrem 1449
20270627|0303|0504|1249|1649|2024|2215|22 Muharrem 1449
20270628|0304|0504|1249|1649|2024|2215|23 Muharrem 1449
20270629|0304|0504|1249|1649|2024|2215|24 Muharrem 1449
20270630|0305|0505|1249|1649|2024|2214|25 Muharrem 1449
20270701|0306|0505|1250|1649|2024|2214|26 Muharrem 1449
20270702|0307|0506|1250|1649|2024|2214|27 Muharrem 1449
20270703|0307|0506|1250|1649|2024|2213|28 Muharrem 1449
20270704|0308|0507|1250|1650|2023|2213|29 Muharrem 1449
20270705|0309|0507|1250|1650|2023|2212|1 Safer 1449
20270706|0310|0508|1251|1650|2023|2212|2 Safer 1449
20270707|0311|0509|1251|1650|2023|2211|3 Safer 1449
20270708|0312|0509|1251|1650|2022|2211|4 Safer 1449
20270709|0313|0510|1251|1650|2022|2210|5 Safer 1449
20270710|0314|0511|1251|1650|2022|2209|6 Safer 1449
20270711|0315|0511|1251|1650|2021|2208|7 Safer 1449
20270712|0317|0512|1251|1650|2021|2207|8 Safer 1449
20270713|0318|0513|1252|1650|2020|2207|9 Safer 1449
20270714|0319|0514|1252|1650|2020|2206|10 Safer 1449
20270715|0320|0514|1252|1650|2019|2205|11 Safer 1449
20270716|0322|0515|1252|1650|2019|2204|12 Safer 1449
20270717|0323|0516|1252|1650|2018|2203|13 Safer 1449
20270718|0324|0517|1252|1650|2017|2201|14 Safer 1449
20270719|0326|0518|1252|1650|2017|2200|15 Safer 1449
20270720|0327|0518|1252|1649|2016|2159|16 Safer 1449
20270721|0329|0519|1252|1649|2015|2158|17 Safer 1449
20270722|0330|0520|1252|1649|2014|2157|18 Safer 1449
20270723|0331|0521|1252|1649|2014|2155|19 Safer 1449
20270724|0333|0522|1252|1649|2013|2154|20 Safer 1449
20270725|0334|0523|1252|1649|2012|2153|21 Safer 1449
20270726|0336|0524|1252|1648|2011|2151|22 Safer 1449
20270727|0337|0525|1252|1648|2010|2150|23 Safer 1449
20270728|0339|0526|1252|1648|2009|2148|24 Safer 1449
20270729|0340|0527|1252|1648|2008|2147|25 Safer 1449
20270730|0342|0527|1252|1647|2007|2145|26 Safer 1449
20270731|0343|0528|1252|1647|2006|2144|27 Safer 1449
20270801|0345|0529|1252|1647|2005|2142|28 Safer 1449
20270802|0346|0530|1252|1646|2004|2141|29 Safer 1449
20270803|0348|0531|1252|1646|2003|2139|1 Rebiulevvel 1449
20270804|0349|0532|1252|1645|2002|2137|2 Rebiulevvel 1449
20270805|0351|0533|1252|1645|2001|2136|3 Rebiulevvel 1449
20270806|0352|0534|1252|1645|1959|2134|4 Rebiulevvel 1449
20270807|0354|0535|1252|1644|1958|2132|5 Rebiulevvel 1449
20270808|0355|0536|1252|1644|1957|2131|6 Rebiulevvel 1449
20270809|0357|0537|1251|1643|1956|2129|7 Rebiulevvel 1449
20270810|0358|0538|1251|1643|1955|2127|8 Rebiulevvel 1449
20270811|0400|0539|1251|1642|1953|2126|9 Rebiulevvel 1449
20270812|0401|0540|1251|1641|1952|2124|10 Rebiulevvel 1449
20270813|0403|0541|1251|1641|1951|2122|11 Rebiulevvel 1449
20270814|0404|0542|1251|1640|1949|2120|12 Rebiulevvel 1449
20270815|0406|0543|1250|1640|1948|2118|13 Rebiulevvel 1449
20270816|0407|0544|1250|1639|1946|2117|14 Rebiulevvel 1449
20270817|0409|0545|1250|1638|1945|2115|15 Rebiulevvel 1449
20270818|0410|0546|1250|1638|1944|2113|16 Rebiulevvel 1449
20270819|0412|0547|1250|1637|1942|2111|17 Rebiulevvel 1449
20270820|0413|0548|1249|1636|1941|2109|18 Rebiulevvel 1449
20270821|0415|0549|1249|1636|1939|2107|19 Rebiulevvel 1449
20270822|0416|0550|1249|1635|1938|2105|20 Rebiulevvel 1449
20270823|0417|0551|1249|1634|1936|2104|21 Rebiulevvel 1449
20270824|0419|0552|1248|1633|1935|2102|22 Rebiulevvel 1449
20270825|0420|0553|1248|1632|1933|2100|23 Rebiulevvel 1449
20270826|0422|0554|1248|1632|1932|2058|24 Rebiulevvel 1449
20270827|0423|0555|1248|1631|1930|2056|25 Rebiulevvel 1449
20270828|0424|0556|1247|1630|1929|2054|26 Rebiulevvel 1449
20270829|0426|0557|1247|1629|1927|2052|27 Rebiulevvel 1449
20270830|0427|0558|1247|1628|1925|2050|28 Rebiulevvel 1449
20270831|0428|0559|1246|1627|1924|2048|29 Rebiulevvel 1449
20270901|0430|0600|1246|1626|1922|2046|30 Rebiulevvel 1449
20270902|0431|0601|1246|1625|1921|2045|1 Rebiulahir 1449
20270903|0432|0602|1245|1625|1919|2043|2 Rebiulahir 1449
20270904|0434|0603|1245|1624|1917|2041|3 Rebiulahir 1449
20270905|0435|0604|1245|1623|1916|2039|4 Rebiulahir 1449
20270906|0436|0605|1244|1622|1914|2037|5 Rebiulahir 1449
20270907|0437|0606|1244|1621|1912|2035|6 Rebiulahir 1449
20270908|0439|0607|1244|1620|1911|2033|7 Rebiulahir 1449
20270909|0440|0608|1243|1619|1909|2031|8 Rebiulahir 1449
20270910|0441|0609|1243|1617|1907|2029|9 Rebiulahir 1449
20270911|0442|0610|1243|1616|1906|2027|10 Rebiulahir 1449
20270912|0444|0611|1242|1615|1904|2025|11 Rebiulahir 1449
20270913|0445|0612|1242|1614|1902|2024|12 Rebiulahir 1449
20270914|0446|0613|1242|1613|1901|2022|13 Rebiulahir 1449
20270915|0447|0614|1241|1612|1859|2020|14 Rebiulahir 1449
20270916|0448|0615|1241|1611|1857|2018|15 Rebiulahir 1449
20270917|0450|0616|1241|1610|1855|2016|16 Rebiulahir 1449
20270918|0451|0617|1240|1609|1854|2014|17 Rebiulahir 1449
20270919|0452|0618|1240|1608|1852|2012|18 Rebiulahir 1449
20270920|0453|0619|1240|1606|1850|2010|19 Rebiulahir 1449
20270921|0454|0620|1239|1605|1849|2009|20 Rebiulahir 1449
20270922|0455|0621|1239|1604|1847|2007|21 Rebiulahir 1449
20270923|0456|0622|1238|1603|1845|2005|22 Rebiulahir 1449
20270924|0458|0623|1238|1602|1844|2003|23 Rebiulahir 1449
20270925|0459|0624|1238|1601|1842|2001|24 Rebiulahir 1449
20270926|0500|0625|1237|1559|1840|2000|25 Rebiulahir 1449
20270927|0501|0626|1237|1558|1838|1958|26 Rebiulahir 1449
20270928|0502|0627|1237|1557|1837|1956|27 Rebiulahir 1449
20270929|0503|0628|1236|1556|1835|1954|28 Rebiulahir 1449
20270930|0504|0629|1236|1555|1833|1952|29 Rebiulahir 1449
20271001|0505|0630|1236|1553|1832|1951|1 Cemaziyelevvel 1449
20271002|0506|0631|1235|1552|1830|1949|2 Cemaziyelevvel 1449
20271003|0508|0632|1235|1551|1828|1947|3 Cemaziyelevvel 1449
20271004|0509|0633|1235|1550|1827|1946|4 Cemaziyelevvel 1449
20271005|0510|0634|1234|1549|1825|1944|5 Cemaziyelevvel 1449
20271006|0511|0635|1234|1547|1823|1942|6 Cemaziyelevvel 1449
20271007|0512|0636|1234|1546|1822|1941|7 Cemaziyelevvel 1449
20271008|0513|0637|1234|1545|1820|1939|8 Cemaziyelevvel 1449
20271009|0514|0638|1233|1544|1818|1937|9 Cemaziyelevvel 1449
20271010|0515|0639|1233|1543|1817|1936|10 Cemaziyelevvel 1449
20271011|0516|0640|1233|1541|1815|1934|11 Cemaziyelevvel 1449
20271012|0517|0641|1232|1540|1814|1933|12 Cemaziyelevvel 1449
20271013|0518|0642|1232|1539|1812|1931|13 Cemaziyelevvel 1449
20271014|0519|0643|1232|1538|1811|1930|14 Cemaziyelevvel 1449
20271015|0520|0645|1232|1537|1809|1928|15 Cemaziyelevvel 1449
20271016|0521|0646|1232|1535|1807|1926|16 Cemaziyelevvel 1449
20271017|0522|0647|1231|1534|1806|1925|17 Cemaziyelevvel 1449
20271018|0523|0648|1231|1533|1804|1924|18 Cemaziyelevvel 1449
20271019|0524|0649|1231|1532|1803|1922|19 Cemaziyelevvel 1449
20271020|0526|0650|1231|1531|1801|1921|20 Cemaziyelevvel 1449
20271021|0527|0651|1231|1530|1800|1919|21 Cemaziyelevvel 1449
20271022|0528|0652|1230|1528|1758|1918|22 Cemaziyelevvel 1449
20271023|0529|0653|1230|1527|1757|1917|23 Cemaziyelevvel 1449
20271024|0530|0655|1230|1526|1756|1915|24 Cemaziyelevvel 1449
20271025|0531|0656|1230|1525|1754|1914|25 Cemaziyelevvel 1449
20271026|0532|0657|1230|1524|1753|1913|26 Cemaziyelevvel 1449
20271027|0533|0658|1230|1523|1752|1911|27 Cemaziyelevvel 1449
20271028|0534|0659|1230|1522|1750|1910|28 Cemaziyelevvel 1449
20271029|0535|0700|1230|1521|1749|1909|29 Cemaziyelevvel 1449
20271030|0536|0702|1230|1520|1748|1908|30 Cemaziyelevvel 1449
20271031|0537|0703|1229|1519|1746|1907|1 Cemaziyelahir 1449
20271101|0538|0704|1229|1518|1745|1906|2 Cemaziyelahir 1449
20271102|0539|0705|1229|1517|1744|1904|3 Cemaziyelahir 1449
20271103|0540|0706|1229|1516|1743|1903|4 Cemaziyelahir 1449
20271104|0541|0707|1229|1515|1741|1902|5 Cemaziyelahir 1449
20271105|0542|0709|1229|1514|1740|1901|6 Cemaziyelahir 1449
20271106|0543|0710|1229|1513|1739|1900|7 Cemaziyelahir 1449
20271107|0544|0711|1229|1512|1738|1859|8 Cemaziyelahir 1449
20271108|0545|0712|1230|1511|1737|1858|9 Cemaziyelahir 1449
20271109|0546|0713|1230|1511|1736|1858|10 Cemaziyelahir 1449
20271110|0547|0715|1230|1510|1735|1857|11 Cemaziyelahir 1449
20271111|0548|0716|1230|1509|1734|1856|12 Cemaziyelahir 1449
20271112|0549|0717|1230|1508|1733|1855|13 Cemaziyelahir 1449
20271113|0550|0718|1230|1507|1732|1854|14 Cemaziyelahir 1449
20271114|0551|0719|1230|1507|1731|1854|15 Cemaziyelahir 1449
20271115|0552|0720|1230|1506|1730|1853|16 Cemaziyelahir 1449
20271116|0553|0722|1230|1505|1729|1852|17 Cemaziyelahir 1449
20271117|0554|0723|1231|1505|1728|1851|18 Cemaziyelahir 1449
20271118|0555|0724|1231|1504|1728|1851|19 Cemaziyelahir 1449
20271119|0556|0725|1231|1504|1727|1850|20 Cemaziyelahir 1449
20271120|0557|0726|1231|1503|1726|1850|21 Cemaziyelahir 1449
20271121|0558|0728|1231|1503|1726|1849|22 Cemaziyelahir 1449
20271122|0559|0729|1232|1502|1725|1849|23 Cemaziyelahir 1449
20271123|0600|0730|1232|1502|1724|1848|24 Cemaziyelahir 1449
20271124|0601|0731|1232|1501|1724|1848|25 Cemaziyelahir 1449
20271125|0602|0732|1233|1501|1723|1847|26 Cemaziyelahir 1449
20271126|0603|0733|1233|1500|1723|1847|27 Cemaziyelahir 1449
20271127|0604|0734|1233|1500|1722|1847|28 Cemaziyelahir 1449
20271128|0605|0735|1234|1500|1722|1846|29 Cemaziyelahir 1449
20271129|0606|0736|1234|1459|1721|1846|1 Recep 1449
20271130|0607|0737|1234|1459|1721|1846|2 Recep 1449
20271201|0608|0739|1235|1459|1721|1846|3 Recep 1449
20271202|0609|0740|1235|1459|1720|1846|4 Recep 1449
20271203|0610|0741|1235|1459|1720|1846|5 Recep 1449
20271204|0611|0742|1236|1459|1720|1845|6 Recep 1449
20271205|0611|0743|1236|1458|1720|1845|7 Recep 1449
20271206|0612|0743|1237|1458|1720|1845|8 Recep 1449
20271207|0613|0744|1237|1458|1720|1845|9 Recep 1449
20271208|0614|0745|1237|1458|1719|1845|10 Recep 1449
20271209|0615|0746|1238|1458|1719|1846|11 Recep 1449
20271210|0615|0747|1238|1459|1719|1846|12 Recep 1449
20271211|0616|0748|1239|1459|1720|1846|13 Recep 1449
20271212|0617|0749|1239|1459|1720|1846|14 Recep 1449
20271213|0618|0750|1240|1459|1720|1846|15 Recep 1449
20271214|0618|0750|1240|1459|1720|1846|16 Recep 1449
20271215|0619|0751|1241|1500|1720|1847|17 Recep 1449
20271216|0620|0752|1241|1500|1720|1847|18 Recep 1449
20271217|0620|0752|1242|1500|1721|1847|19 Recep 1449
20271218|0621|0753|1242|1501|1721|1848|20 Recep 1449
20271219|0621|0754|1243|1501|1721|1848|21 Recep 1449
20271220|0622|0754|1243|1501|1722|1849|22 Recep 1449
20271221|0623|0755|1244|1502|1722|1849|23 Recep 1449
20271222|0623|0755|1244|1502|1723|1849|24 Recep 1449
20271223|0624|0756|1245|1503|1723|1850|25 Recep 1449
20271224|0624|0756|1245|1503|1724|1851|26 Recep 1449
20271225|0624|0757|1246|1504|1724|1851|27 Recep 1449
20271226|0625|0757|1246|1504|1725|1852|28 Recep 1449
20271227|0625|0757|1246|1505|1726|1852|29 Recep 1449
20271228|0626|0758|1247|1506|1726|1853|30 Recep 1449
20271229|0626|0758|1247|1506|1727|1854|1 Şaban 1449
20271230|0626|0758|1248|1507|1728|1854|2 Şaban 1449
20271231|0626|0758|1248|1508|1729|1855|3 Şaban 1449
#@9379|Sungurlu|CORUM|730
20260101|0627|0758|1251|1513|1734|1859|12 Recep 1447
20260102|0628|0758|1251|1514|1735|1900|13 Recep 1447
20260103|0628|0758|1252|1515|1736|1900|14 Recep 1447
20260104|0628|0758|1252|1515|1736|1901|15 Recep 1447
20260105|0628|0758|1253|1516|1737|1902|16 Recep 1447
20260106|0628|0758|1253|1517|1738|1903|17 Recep 1447
20260107|0628|0758|1254|1518|1739|1904|18 Recep 1447
20260108|0628|0758|1254|1519|1740|1905|19 Recep 1447
20260109|0628|0758|1254|1520|1741|1905|20 Recep 1447
20260110|0628|0758|1255|1521|1742|1906|21 Recep 1447
20260111|0628|0757|1255|1522|1743|1907|22 Recep 1447
20260112|0628|0757|1256|1523|1744|1908|23 Recep 1447
20260113|0628|0757|1256|1523|1745|1909|24 Recep 1447
20260114|0627|0756|1256|1524|1746|1910|25 Recep 1447
20260115|0627|0756|1257|1525|1747|1911|26 Recep 1447
20260116|0627|0756|1257|1526|1749|1912|27 Recep 1447
20260117|0627|0755|1257|1527|1750|1913|28 Recep 1447
20260118|0626|0755|1258|1528|1751|1914|29 Recep 1447
20260119|0626|0754|1258|1529|1752|1915|30 Recep 1447
20260120|0626|0754|1258|1530|1753|1916|1 Şaban 1447
20260121|0625|0753|1259|1531|1754|1917|2 Şaban 1447
20260122|0625|0753|1259|1532|1755|1918|3 Şaban 1447
20260123|0624|0752|1259|1533|1757|1919|4 Şaban 1447
20260124|0624|0751|1259|1534|1758|1920|5 Şaban 1447
20260125|0623|0751|1300|1535|1759|1921|6 Şaban 1447
20260126|0623|0750|1300|1536|1800|1922|7 Şaban 1447
20260127|0622|0749|1300|1537|1801|1923|8 Şaban 1447
20260128|0621|0748|1300|1538|1802|1924|9 Şaban 1447
20260129|0621|0747|1301|1539|1804|1925|10 Şaban 1447
20260130|0620|0747|1301|1540|1805|1926|11 Şaban 1447
20260131|0619|0746|1301|1542|1806|1927|12 Şaban 1447
20260201|0619|0745|1301|1543|1807|1928|13 Şaban 1447
20260202|0618|0744|1301|1544|1809|1929|14 Şaban 1447
20260203|0617|0743|1301|1545|1810|1930|15 Şaban 1447
20260204|0616|0742|1301|1546|1811|1931|16 Şaban 1447
20260205|0615|0741|1301|1547|1812|1932|17 Şaban 1447
20260206|0614|0740|1302|1547|1813|1933|18 Şaban 1447
20260207|0613|0739|1302|1548|1815|1935|19 Şaban 1447
20260208|0612|0738|1302|1549|1816|1936|20 Şaban 1447
20260209|0611|0736|1302|1550|1817|1937|21 Şaban 1447
20260210|0610|0735|1302|1551|1818|1938|22 Şaban 1447
20260211|0609|0734|1302|1552|1819|1939|23 Şaban 1447
20260212|0608|0733|1302|1553|1821|1940|24 Şaban 1447
20260213|0607|0732|1302|1554|1822|1941|25 Şaban 1447
20260214|0606|0730|1302|1555|1823|1942|26 Şaban 1447
20260215|0605|0729|1302|1556|1824|1943|27 Şaban 1447
20260216|0604|0728|1302|1557|1825|1944|28 Şaban 1447
20260217|0603|0727|1302|1558|1827|1945|29 Şaban 1447
20260218|0601|0725|1301|1559|1828|1946|30 Şaban 1447
20260219|0600|0724|1301|1559|1829|1947|1 Ramazan 1447
20260220|0559|0723|1301|1600|1830|1948|2 Ramazan 1447
20260221|0558|0721|1301|1601|1831|1950|3 Ramazan 1447
20260222|0556|0720|1301|1602|1832|1951|4 Ramazan 1447
20260223|0555|0718|1301|1603|1833|1952|5 Ramazan 1447
20260224|0554|0717|1301|1604|1835|1953|6 Ramazan 1447
20260225|0552|0715|1301|1604|1836|1954|7 Ramazan 1447
20260226|0551|0714|1300|1605|1837|1955|8 Ramazan 1447
20260227|0549|0713|1300|1606|1838|1956|9 Ramazan 1447
20260228|0548|0711|1300|1607|1839|1957|10 Ramazan 1447
20260301|0546|0710|1300|1607|1840|1958|11 Ramazan 1447
20260302|0545|0708|1300|1608|1841|1959|12 Ramazan 1447
20260303|0543|0707|1300|1609|1842|2000|13 Ramazan 1447
20260304|0542|0705|1259|1610|1844|2001|14 Ramazan 1447
20260305|0540|0704|1259|1610|1845|2003|15 Ramazan 1447
20260306|0539|0702|1259|1611|1846|2004|16 Ramazan 1447
20260307|0537|0700|1259|1612|1847|2005|17 Ramazan 1447
20260308|0536|0659|1258|1612|1848|2006|18 Ramazan 1447
20260309|0534|0657|1258|1613|1849|2007|19 Ramazan 1447
20260310|0532|0656|1258|1614|1850|2008|20 Ramazan 1447
20260311|0531|0654|1258|1614|1851|2009|21 Ramazan 1447
20260312|0529|0653|1257|1615|1852|2010|22 Ramazan 1447
20260313|0528|0651|1257|1615|1853|2011|23 Ramazan 1447
20260314|0526|0649|1257|1616|1854|2012|24 Ramazan 1447
20260315|0524|0648|1257|1617|1855|2014|25 Ramazan 1447
20260316|0523|0646|1256|1617|1856|2015|26 Ramazan 1447
20260317|0521|0644|1256|1618|1858|2016|27 Ramazan 1447
20260318|0519|0643|1256|1618|1859|2017|28 Ramazan 1447
20260319|0517|0641|1255|1619|1900|2018|29 Ramazan 1447
20260320|0516|0640|1255|1619|1901|2019|1 Şevval 1447
20260321|0514|0638|1255|1620|1902|2020|2 Şevval 1447
20260322|0512|0636|1255|1620|1903|2022|3 Şevval 1447
20260323|0510|0635|1254|1621|1904|2023|4 Şevval 1447
20260324|0509|0633|1254|1621|1905|2024|5 Şevval 1447
20260325|0507|0631|1254|1622|1906|2025|6 Şevval 1447
20260326|0505|0630|1253|1622|1907|2026|7 Şevval 1447
20260327|0503|0628|1253|1623|1908|2027|8 Şevval 1447
20260328|0501|0627|1253|1623|1909|2029|9 Şevval 1447
20260329|0500|0625|1252|1623|1910|2030|10 Şevval 1447
20260330|0458|0623|1252|1624|1911|2031|11 Şevval 1447
20260331|0456|0622|1252|1624|1912|2032|12 Şevval 1447
20260401|0454|0620|1252|1625|1913|2033|13 Şevval 1447
20260402|0452|0618|1251|1625|1914|2035|14 Şevval 1447
20260403|0450|0617|1251|1626|1915|2036|15 Şevval 1447
20260404|0448|0615|1251|1626|1916|2037|16 Şevval 1447
20260405|0447|0614|1250|1626|1917|2038|17 Şevval 1447
20260406|0445|0612|1250|1627|1918|2040|18 Şevval 1447
20260407|0443|0610|1250|1627|1919|2041|19 Şevval 1447
20260408|0441|0609|1249|1627|1920|2042|20 Şevval 1447
20260409|0439|0607|1249|1628|1921|2043|21 Şevval 1447
20260410|0437|0606|1249|1628|1922|2045|22 Şevval 1447
20260411|0435|0604|1249|1628|1923|2046|23 Şevval 1447
20260412|0434|0603|1248|1629|1924|2047|24 Şevval 1447
20260413|0432|0601|1248|1629|1925|2049|25 Şevval 1447
20260414|0430|0600|1248|1629|1926|2050|26 Şevval 1447
20260415|0428|0558|1248|1630|1927|2051|27 Şevval 1447
20260416|0426|0557|1247|1630|1928|2053|28 Şevval 1447
20260417|0424|0555|1247|1630|1929|2054|29 Şevval 1447
20260418|0422|0554|1247|1631|1930|2055|1 Zilkade 1447
20260419|0421|0552|1247|1631|1931|2057|2 Zilkade 1447
20260420|0419|0551|1247|1631|1932|2058|3 Zilkade 1447
20260421|0417|0549|1246|1631|1933|2100|4 Zilkade 1447
20260422|0415|0548|1246|1632|1934|2101|5 Zilkade 1447
20260423|0413|0546|1246|1632|1936|2102|6 Zilkade 1447
20260424|0411|0545|1246|1632|1937|2104|7 Zilkade 1447
20260425|0410|0544|1246|1633|1938|2105|8 Zilkade 1447
20260426|0408|0542|1245|1633|1939|2107|9 Zilkade 1447
20260427|0406|0541|1245|1633|1940|2108|10 Zilkade 1447
20260428|0404|0540|1245|1633|1941|2109|11 Zilkade 1447
20260429|0402|0538|1245|1634|1942|2111|12 Zilkade 1447
20260430|0401|0537|1245|1634|1943|2112|13 Zilkade 1447
20260501|0359|0536|1245|1634|1944|2114|14 Zilkade 1447
20260502|0357|0534|1245|1634|1945|2115|15 Zilkade 1447
20260503|0356|0533|1244|1635|1946|2117|16 Zilkade 1447
20260504|0354|0532|1244|1635|1947|2118|17 Zilkade 1447
20260505|0352|0531|1244|1635|1948|2120|18 Zilkade 1447
20260506|0350|0530|1244|1635|1949|2121|19 Zilkade 1447
20260507|0349|0528|1244|1636|1950|2122|20 Zilkade 1447
20260508|0347|0527|1244|1636|1951|2124|21 Zilkade 1447
20260509|0346|0526|1244|1636|1952|2125|22 Zilkade 1447
20260510|0344|0525|1244|1636|1953|2127|23 Zilkade 1447
20260511|0342|0524|1244|1637|1954|2128|24 Zilkade 1447
20260512|0341|0523|1244|1637|1955|2130|25 Zilkade 1447
20260513|0339|0522|1244|1637|1956|2131|26 Zilkade 1447
20260514|0338|0521|1244|1637|1957|2133|27 Zilkade 1447
20260515|0336|0520|1244|1638|1958|2134|28 Zilkade 1447
20260516|0335|0519|1244|1638|1959|2135|29 Zilkade 1447
20260517|0333|0518|1244|1638|1959|2137|30 Zilkade 1447
20260518|0332|0517|1244|1639|2000|2138|1 Zilhicce 1447
20260519|0331|0517|1244|1639|2001|2140|2 Zilhicce 1447
20260520|0329|0516|1244|1639|2002|2141|3 Zilhicce 1447
20260521|0328|0515|1244|1639|2003|2142|4 Zilhicce 1447
20260522|0327|0514|1244|1640|2004|2144|5 Zilhicce 1447
20260523|0326|0514|1244|1640|2005|2145|6 Zilhicce 1447
20260524|0324|0513|1244|1640|2006|2146|7 Zilhicce 1447
20260525|0323|0512|1244|1640|2007|2148|8 Zilhicce 1447
20260526|0322|0512|1245|1641|2007|2149|9 Zilhicce 1447
20260527|0321|0511|1245|1641|2008|2150|10 Zilhicce 1447
20260528|0320|0510|1245|1641|2009|2151|11 Zilhicce 1447
20260529|0319|0510|1245|1641|2010|2153|12 Zilhicce 1447
20260530|0318|0509|1245|1642|2011|2154|13 Zilhicce 1447
20260531|0317|0509|1245|1642|2011|2155|14 Zilhicce 1447
20260601|0316|0508|1245|1642|2012|2156|15 Zilhicce 1447
20260602|0315|0508|1245|1643|2013|2157|16 Zilhicce 1447
20260603|0314|0508|1246|1643|2014|2158|17 Zilhicce 1447
20260604|0314|0507|1246|1643|2014|2159|18 Zilhicce 1447
20260605|0313|0507|1246|1643|2015|2200|19 Zilhicce 1447
20260606|0312|0507|1246|1644|2016|2201|20 Zilhicce 1447
20260607|0312|0506|1246|1644|2016|2202|21 Zilhicce 1447
20260608|0311|0506|1247|1644|2017|2203|22 Zilhicce 1447
20260609|0311|0506|1247|1644|2017|2204|23 Zilhicce 1447
20260610|0310|0506|1247|1645|2018|2205|24 Zilhicce 1447
20260611|0310|0506|1247|1645|2018|2205|25 Zilhicce 1447
20260612|0310|0506|1247|1645|2019|2206|26 Zilhicce 1447
20260613|0309|0506|1248|1645|2019|2207|27 Zilhicce 1447
20260614|0309|0506|1248|1646|2020|2207|28 Zilhicce 1447
20260615|0309|0506|1248|1646|2020|2208|29 Zilhicce 1447
20260616|0309|0506|1248|1646|2021|2209|1 Muharrem 1448
20260617|0309|0506|1248|1646|2021|2209|2 Muharrem 1448
20260618|0309|0506|1249|1647|2021|2209|3 Muharrem 1448
20260619|0309|0506|1249|1647|2022|2210|4 Muharrem 1448
20260620|0309|0506|1249|1647|2022|2210|5 Muharrem 1448
20260621|0309|0506|1249|1647|2022|2210|6 Muharrem 1448
20260622|0309|0506|1249|1648|2022|2211|7 Muharrem 1448
20260623|0310|0507|1250|1648|2023|2211|8 Muharrem 1448
20260624|0310|0507|1250|1648|2023|2211|9 Muharrem 1448
20260625|0310|0507|1250|1648|2023|2211|10 Muharrem 1448
20260626|0311|0508|1250|1648|2023|2211|11 Muharrem 1448
20260627|0311|0508|1251|1649|2023|2211|12 Muharrem 1448
20260628|0312|0508|1251|1649|2023|2211|13 Muharrem 1448
20260629|0312|0509|1251|1649|2023|2211|14 Muharrem 1448
20260630|0313|0509|1251|1649|2023|2210|15 Muharrem 1448
20260701|0314|0510|1251|1649|2023|2210|16 Muharrem 1448
20260702|0315|0510|1252|1649|2023|2210|17 Muharrem 1448
20260703|0315|0511|1252|1649|2023|2209|18 Muharrem 1448
20260704|0316|0511|1252|1650|2022|2209|19 Muharrem 1448
20260705|0317|0512|1252|1650|2022|2208|20 Muharrem 1448
20260706|0318|0512|1252|1650|2022|2208|21 Muharrem 1448
20260707|0319|0513|1252|1650|2022|2207|22 Muharrem 1448
20260708|0320|0514|1253|1650|2021|2207|23 Muharrem 1448
20260709|0321|0514|1253|1650|2021|2206|24 Muharrem 1448
20260710|0322|0515|1253|1650|2021|2205|25 Muharrem 1448
20260711|0323|0516|1253|1650|2020|2205|26 Muharrem 1448
20260712|0324|0516|1253|1650|2020|2204|27 Muharrem 1448
20260713|0325|0517|1253|1650|2019|2203|28 Muharrem 1448
20260714|0327|0518|1253|1650|2019|2202|29 Muharrem 1448
20260715|0328|0519|1253|1650|2018|2201|1 Safer 1448
20260716|0329|0519|1254|1650|2018|2200|2 Safer 1448
20260717|0330|0520|1254|1650|2017|2159|3 Safer 1448
20260718|0332|0521|1254|1650|2017|2158|4 Safer 1448
20260719|0333|0522|1254|1650|2016|2157|5 Safer 1448
20260720|0334|0523|1254|1650|2015|2156|6 Safer 1448
20260721|0336|0523|1254|1650|2014|2155|7 Safer 1448
20260722|0337|0524|1254|1649|2014|2153|8 Safer 1448
20260723|0338|0525|1254|1649|2013|2152|9 Safer 1448
20260724|0340|0526|1254|1649|2012|2151|10 Safer 1448
20260725|0341|0527|1254|1649|2011|2150|11 Safer 1448
20260726|0342|0528|1254|1649|2010|2148|12 Safer 1448
20260727|0344|0529|1254|1648|2010|2147|13 Safer 1448
20260728|0345|0530|1254|1648|2009|2145|14 Safer 1448
20260729|0347|0530|1254|1648|2008|2144|15 Safer 1448
20260730|0348|0531|1254|1648|2007|2143|16 Safer 1448
20260731|0350|0532|1254|1647|2006|2141|17 Safer 1448
20260801|0351|0533|1254|1647|2005|2140|18 Safer 1448
20260802|0352|0534|1254|1647|2004|2138|19 Safer 1448
20260803|0354|0535|1254|1646|2002|2136|20 Safer 1448
20260804|0355|0536|1254|1646|2001|2135|21 Safer 1448
20260805|0357|0537|1254|1645|2000|2133|22 Safer 1448
20260806|0358|0538|1253|1645|1959|2132|23 Safer 1448
20260807|0400|0539|1253|1645|1958|2130|24 Safer 1448
20260808|0401|0540|1253|1644|1957|2128|25 Safer 1448
20260809|0403|0541|1253|1644|1955|2127|26 Safer 1448
20260810|0404|0542|1253|1643|1954|2125|27 Safer 1448
20260811|0406|0543|1253|1643|1953|2123|28 Safer 1448
20260812|0407|0544|1253|1642|1952|2122|29 Safer 1448
20260813|0408|0545|1252|1642|1950|2120|30 Safer 1448
20260814|0410|0546|1252|1641|1949|2118|1 Rebiulevvel 1448
20260815|0411|0547|1252|1640|1948|2117|2 Rebiulevvel 1448
20260816|0413|0547|1252|1640|1946|2115|3 Rebiulevvel 1448
20260817|0414|0548|1252|1639|1945|2113|4 Rebiulevvel 1448
20260818|0415|0549|1251|1638|1944|2111|5 Rebiulevvel 1448
20260819|0417|0550|1251|1638|1942|2109|6 Rebiulevvel 1448
20260820|0418|0551|1251|1637|1941|2108|7 Rebiulevvel 1448
20260821|0420|0552|1251|1636|1939|2106|8 Rebiulevvel 1448
20260822|0421|0553|1251|1636|1938|2104|9 Rebiulevvel 1448
20260823|0422|0554|1250|1635|1936|2102|10 Rebiulevvel 1448
20260824|0424|0555|1250|1634|1935|2100|11 Rebiulevvel 1448
20260825|0425|0556|1250|1633|1933|2058|12 Rebiulevvel 1448
20260826|0426|0557|1249|1633|1932|2057|13 Rebiulevvel 1448
20260827|0428|0558|1249|1632|1930|2055|14 Rebiulevvel 1448
20260828|0429|0559|1249|1631|1929|2053|15 Rebiulevvel 1448
20260829|0430|0600|1249|1630|1927|2051|16 Rebiulevvel 1448
20260830|0431|0601|1248|1629|1926|2049|17 Rebiulevvel 1448
20260831|0433|0602|1248|1628|1924|2047|18 Rebiulevvel 1448
20260901|0434|0603|1248|1628|1923|2045|19 Rebiulevvel 1448
20260902|0435|0604|1247|1627|1921|2044|20 Rebiulevvel 1448
20260903|0436|0605|1247|1626|1919|2042|21 Rebiulevvel 1448
20260904|0438|0606|1247|1625|1918|2040|22 Rebiulevvel 1448
20260905|0439|0607|1246|1624|1916|2038|23 Rebiulevvel 1448
20260906|0440|0608|1246|1623|1915|2036|24 Rebiulevvel 1448
20260907|0441|0608|1246|1622|1913|2034|25 Rebiulevvel 1448
20260908|0443|0609|1245|1621|1911|2032|26 Rebiulevvel 1448
20260909|0444|0610|1245|1620|1910|2031|27 Rebiulevvel 1448
20260910|0445|0611|1245|1619|1908|2029|28 Rebiulevvel 1448
20260911|0446|0612|1244|1618|1906|2027|29 Rebiulevvel 1448
20260912|0447|0613|1244|1617|1905|2025|1 Rebiulahir 1448
20260913|0448|0614|1244|1616|1903|2023|2 Rebiulahir 1448
20260914|0450|0615|1243|1615|1901|2021|3 Rebiulahir 1448
20260915|0451|0616|1243|1614|1900|2019|4 Rebiulahir 1448
20260916|0452|0617|1243|1613|1858|2018|5 Rebiulahir 1448
20260917|0453|0618|1242|1611|1856|2016|6 Rebiulahir 1448
20260918|0454|0619|1242|1610|1855|2014|7 Rebiulahir 1448
20260919|0455|0620|1241|1609|1853|2012|8 Rebiulahir 1448
20260920|0456|0621|1241|1608|1851|2010|9 Rebiulahir 1448
20260921|0457|0622|1241|1607|1850|2009|10 Rebiulahir 1448
20260922|0459|0623|1240|1606|1848|2007|11 Rebiulahir 1448
20260923|0500|0624|1240|1605|1846|2005|12 Rebiulahir 1448
20260924|0501|0625|1240|1604|1845|2003|13 Rebiulahir 1448
20260925|0502|0626|1239|1602|1843|2002|14 Rebiulahir 1448
20260926|0503|0627|1239|1601|1841|2000|15 Rebiulahir 1448
20260927|0504|0628|1239|1600|1840|1958|16 Rebiulahir 1448
20260928|0505|0629|1238|1559|1838|1956|17 Rebiulahir 1448
20260929|0506|0630|1238|1558|1836|1955|18 Rebiulahir 1448
20260930|0507|0631|1238|1557|1835|1953|19 Rebiulahir 1448
20261001|0508|0631|1237|1555|1833|1951|20 Rebiulahir 1448
20261002|0509|0632|1237|1554|1832|1950|21 Rebiulahir 1448
20261003|0510|0633|1237|1553|1830|1948|22 Rebiulahir 1448
20261004|0511|0634|1236|1552|1828|1946|23 Rebiulahir 1448
20261005|0512|0635|1236|1551|1827|1945|24 Rebiulahir 1448
20261006|0513|0636|1236|1550|1825|1943|25 Rebiulahir 1448
20261007|0514|0637|1235|1548|1823|1941|26 Rebiulahir 1448
20261008|0515|0639|1235|1547|1822|1940|27 Rebiulahir 1448
20261009|0516|0640|1235|1546|1820|1938|28 Rebiulahir 1448
20261010|0517|0641|1235|1545|1819|1937|29 Rebiulahir 1448
20261011|0518|0642|1234|1544|1817|1935|30 Rebiulahir 1448
20261012|0519|0643|1234|1542|1816|1934|1 Cemaziyelevvel 1448
20261013|0520|0644|1234|1541|1814|1932|2 Cemaziyelevvel 1448
20261014|0522|0645|1234|1540|1813|1931|3 Cemaziyelevvel 1448
20261015|0523|0646|1233|1539|1811|1929|4 Cemaziyelevvel 1448
20261016|0524|0647|1233|1538|1810|1928|5 Cemaziyelevvel 1448
20261017|0525|0648|1233|1537|1808|1926|6 Cemaziyelevvel 1448
20261018|0526|0649|1233|1536|1807|1925|7 Cemaziyelevvel 1448
20261019|0527|0650|1233|1534|1805|1923|8 Cemaziyelevvel 1448
20261020|0528|0651|1232|1533|1804|1922|9 Cemaziyelevvel 1448
20261021|0529|0652|1232|1532|1802|1921|10 Cemaziyelevvel 1448
20261022|0530|0653|1232|1531|1801|1919|11 Cemaziyelevvel 1448
20261023|0531|0654|1232|1530|1759|1918|12 Cemaziyelevvel 1448
20261024|0532|0655|1232|1529|1758|1917|13 Cemaziyelevvel 1448
20261025|0533|0657|1232|1528|1757|1915|14 Cemaziyelevvel 1448
20261026|0534|0658|1232|1527|1755|1914|15 Cemaziyelevvel 1448
20261027|0535|0659|1231|1526|1754|1913|16 Cemaziyelevvel 1448
20261028|0536|0700|1231|1525|1753|1912|17 Cemaziyelevvel 1448
20261029|0537|0701|1231|1524|1752|1911|18 Cemaziyelevvel 1448
20261030|0538|0702|1231|1523|1750|1910|19 Cemaziyelevvel 1448
20261031|0539|0703|1231|1522|1749|1908|20 Cemaziyelevvel 1448
20261101|0540|0704|1231|1521|1748|1907|21 Cemaziyelevvel 1448
20261102|0541|0706|1231|1520|1747|1906|22 Cemaziyelevvel 1448
20261103|0542|0707|1231|1519|1745|1905|23 Cemaziyelevvel 1448
20261104|0543|0708|1231|1518|1744|1904|24 Cemaziyelevvel 1448
20261105|0544|0709|1231|1517|1743|1903|25 Cemaziyelevvel 1448
20261106|0545|0710|1231|1516|1742|1902|26 Cemaziyelevvel 1448
20261107|0546|0711|1231|1516|1741|1901|27 Cemaziyelevvel 1448
20261108|0547|0712|1231|1515|1740|1900|28 Cemaziyelevvel 1448
20261109|0548|0714|1231|1514|1739|1900|29 Cemaziyelevvel 1448
20261110|0549|0715|1231|1513|1738|1859|1 Cemaziyelahir 1448
20261111|0550|0716|1231|1512|1737|1858|2 Cemaziyelahir 1448
20261112|0551|0717|1232|1512|1736|1857|3 Cemaziyelahir 1448
20261113|0552|0718|1232|1511|1735|1856|4 Cemaziyelahir 1448
20261114|0553|0719|1232|1510|1734|1856|5 Cemaziyelahir 1448
20261115|0554|0721|1232|1510|1733|1855|6 Cemaziyelahir 1448
20261116|0555|0722|1232|1509|1733|1854|7 Cemaziyelahir 1448
20261117|0556|0723|1232|1508|1732|1854|8 Cemaziyelahir 1448
20261118|0557|0724|1233|1508|1731|1853|9 Cemaziyelahir 1448
20261119|0558|0725|1233|1507|1730|1853|10 Cemaziyelahir 1448
20261120|0559|0726|1233|1507|1730|1852|11 Cemaziyelahir 1448
20261121|0600|0727|1233|1506|1729|1852|12 Cemaziyelahir 1448
20261122|0600|0729|1233|1506|1728|1851|13 Cemaziyelahir 1448
20261123|0601|0730|1234|1505|1728|1851|14 Cemaziyelahir 1448
20261124|0602|0731|1234|1505|1727|1850|15 Cemaziyelahir 1448
20261125|0603|0732|1234|1505|1727|1850|16 Cemaziyelahir 1448
20261126|0604|0733|1235|1504|1726|1850|17 Cemaziyelahir 1448
20261127|0605|0734|1235|1504|1726|1849|18 Cemaziyelahir 1448
20261128|0606|0735|1235|1504|1726|1849|19 Cemaziyelahir 1448
20261129|0607|0736|1236|1503|1725|1849|20 Cemaziyelahir 1448
20261130|0608|0737|1236|1503|1725|1849|21 Cemaziyelahir 1448
20261201|0609|0738|1236|1503|1725|1849|22 Cemaziyelahir 1448
20261202|0610|0739|1237|1503|1724|1848|23 Cemaziyelahir 1448
20261203|0610|0740|1237|1503|1724|1848|24 Cemaziyelahir 1448
20261204|0611|0741|1237|1503|1724|1848|25 Cemaziyelahir 1448
20261205|0612|0742|1238|1502|1724|1848|26 Cemaziyelahir 1448
20261206|0613|0743|1238|1502|1724|1848|27 Cemaziyelahir 1448
20261207|0614|0744|1239|1502|1724|1848|28 Cemaziyelahir 1448
20261208|0615|0745|1239|1503|1724|1848|29 Cemaziyelahir 1448
20261209|0615|0746|1240|1503|1724|1848|30 Cemaziyelahir 1448
20261210|0616|0747|1240|1503|1724|1849|1 Recep 1448
20261211|0617|0747|1241|1503|1724|1849|2 Recep 1448
20261212|0618|0748|1241|1503|1724|1849|3 Recep 1448
20261213|0618|0749|1241|1503|1724|1849|4 Recep 1448
20261214|0619|0750|1242|1503|1724|1849|5 Recep 1448
20261215|0620|0750|1242|1504|1724|1850|6 Recep 1448
20261216|0620|0751|1243|1504|1725|1850|7 Recep 1448
20261217|0621|0752|1243|1504|1725|1850|8 Recep 1448
20261218|0622|0752|1244|1505|1725|1851|9 Recep 1448
20261219|0622|0753|1244|1505|1726|1851|10 Recep 1448
20261220|0623|0754|1245|1506|1726|1852|11 Recep 1448
20261221|0623|0754|1245|1506|1727|1852|12 Recep 1448
20261222|0624|0755|1246|1507|1727|1853|13 Recep 1448
20261223|0624|0755|1246|1507|1728|1853|14 Recep 1448
20261224|0625|0756|1247|1508|1728|1854|15 Recep 1448
20261225|0625|0756|1247|1508|1729|1854|16 Recep 1448
20261226|0625|0756|1248|1509|1729|1855|17 Recep 1448
20261227|0626|0757|1248|1509|1730|1855|18 Recep 1448
20261228|0626|0757|1249|1510|1731|1856|19 Recep 1448
20261229|0626|0757|1249|1511|1731|1857|20 Recep 1448
20261230|0627|0757|1250|1511|1732|1857|21 Recep 1448
20261231|0627|0758|1250|1512|1733|1858|22 Recep 1448
20270101|0627|0758|1251|1513|1734|1859|23 Recep 1448
20270102|0627|0758|1251|1514|1734|1900|24 Recep 1448
20270103|0628|0758|1252|1514|1735|1900|25 Recep 1448
20270104|0628|0758|1252|1515|1736|1901|26 Recep 1448
20270105|0628|0758|1253|1516|1737|1902|27 Recep 1448
20270106|0628|0758|1253|1517|1738|1903|28 Recep 1448
20270107|0628|0758|1253|1518|1739|1904|29 Recep 1448
20270108|0628|0758|1254|1519|1740|1904|30 Recep 1448
20270109|0628|0758|1254|1520|1741|1905|1 Şaban 1448
20270110|0628|0758|1255|1520|1742|1906|2 Şaban 1448
20270111|0628|0757|1255|1521|1743|1907|3 Şaban 1448
20270112|0628|0757|1256|1522|1744|1908|4 Şaban 1448
20270113|0628|0757|1256|1523|1745|1909|5 Şaban 1448
20270114|0627|0757|1256|1524|1746|1910|6 Şaban 1448
20270115|0627|0756|1257|1525|1747|1911|7 Şaban 1448
20270116|0627|0756|1257|1526|1748|1912|8 Şaban 1448
20270117|0627|0755|1257|1527|1749|1913|9 Şaban 1448
20270118|0626|0755|1258|1528|1750|1914|10 Şaban 1448
20270119|0626|0754|1258|1529|1752|1915|11 Şaban 1448
20270120|0626|0754|1258|1530|1753|1916|12 Şaban 1448
20270121|0625|0753|1259|1531|1754|1917|13 Şaban 1448
20270122|0625|0753|1259|1532|1755|1918|14 Şaban 1448
20270123|0624|0752|1259|1533|1756|1919|15 Şaban 1448
20270124|0624|0751|1259|1534|1757|1920|16 Şaban 1448
20270125|0623|0751|1300|1535|1759|1921|17 Şaban 1448
20270126|0623|0750|1300|1536|1800|1922|18 Şaban 1448
20270127|0622|0749|1300|1537|1801|1923|19 Şaban 1448
20270128|0622|0748|1300|1538|1802|1924|20 Şaban 1448
20270129|0621|0748|1300|1539|1803|1925|21 Şaban 1448
20270130|0620|0747|1301|1540|1805|1926|22 Şaban 1448
20270131|0620|0746|1301|1541|1806|1927|23 Şaban 1448
20270201|0619|0745|1301|1542|1807|1928|24 Şaban 1448
20270202|0618|0744|1301|1543|1808|1929|25 Şaban 1448
20270203|0617|0743|1301|1544|1809|1930|26 Şaban 1448
20270204|0616|0742|1301|1545|1811|1931|27 Şaban 1448
20270205|0615|0741|1301|1546|1812|1932|28 Şaban 1448
20270206|0615|0740|1301|1547|1813|1933|29 Şaban 1448
20270207|0614|0739|1302|1548|1814|1934|30 Şaban 1448
20270208|0613|0738|1302|1549|1815|1935|1 Ramazan 1448
20270209|0612|0737|1302|1550|1817|1936|2 Ramazan 1448
20270210|0611|0736|1302|1551|1818|1937|3 Ramazan 1448
20270211|0610|0734|1302|1552|1819|1939|4 Ramazan 1448
20270212|0609|0733|1302|1553|1820|1940|5 Ramazan 1448
20270213|0607|0732|1302|1554|1821|1941|6 Ramazan 1448
20270214|0606|0731|1302|1555|1823|1942|7 Ramazan 1448
20270215|0605|0729|1302|1556|1824|1943|8 Ramazan 1448
20270216|0604|0728|1302|1557|1825|1944|9 Ramazan 1448
20270217|0603|0727|1302|1558|1826|1945|10 Ramazan 1448
20270218|0602|0726|1301|1558|1827|1946|11 Ramazan 1448
20270219|0600|0724|1301|1559|1829|1947|12 Ramazan 1448
20270220|0559|0723|1301|1600|1830|1948|13 Ramazan 1448
20270221|0558|0721|1301|1601|1831|1949|14 Ramazan 1448
20270222|0557|0720|1301|1602|1832|1950|15 Ramazan 1448
20270223|0555|0719|1301|1603|1833|1951|16 Ramazan 1448
20270224|0554|0717|1301|1603|1834|1953|17 Ramazan 1448
20270225|0552|0716|1301|1604|1835|1954|18 Ramazan 1448
20270226|0551|0714|1300|1605|1837|1955|19 Ramazan 1448
20270227|0550|0713|1300|1606|1838|1956|20 Ramazan 1448
20270228|0548|0711|1300|1607|1839|1957|21 Ramazan 1448
20270301|0547|0710|1300|1607|1840|1958|22 Ramazan 1448
20270302|0545|0708|1300|1608|1841|1959|23 Ramazan 1448
20270303|0544|0707|1300|1609|1842|2000|24 Ramazan 1448
20270304|0542|0705|1259|1609|1843|2001|25 Ramazan 1448
20270305|0541|0704|1259|1610|1844|2002|26 Ramazan 1448
20270306|0539|0702|1259|1611|1846|2003|27 Ramazan 1448
20270307|0538|0701|1259|1612|1847|2004|28 Ramazan 1448
20270308|0536|0659|1258|1612|1848|2006|29 Ramazan 1448
20270309|0534|0658|1258|1613|1849|2007|1 Şevval 1448
20270310|0533|0656|1258|1613|1850|2008|2 Şevval 1448
20270311|0531|0654|1258|1614|1851|2009|3 Şevval 1448
20270312|0530|0653|1257|1615|1852|2010|4 Şevval 1448
20270313|0528|0651|1257|1615|1853|2011|5 Şevval 1448
20270314|0526|0650|1257|1616|1854|2012|6 Şevval 1448
20270315|0525|0648|1257|1616|1855|2013|7 Şevval 1448
20270316|0523|0646|1256|1617|1856|2014|8 Şevval 1448
20270317|0521|0645|1256|1618|1857|2016|9 Şevval 1448
20270318|0519|0643|1256|1618|1858|2017|10 Şevval 1448
20270319|0518|0642|1255|1619|1859|2018|11 Şevval 1448
20270320|0516|0640|1255|1619|1900|2019|12 Şevval 1448
20270321|0514|0638|1255|1620|1901|2020|13 Şevval 1448
20270322|0513|0637|1255|1620|1903|2021|14 Şevval 1448
20270323|0511|0635|1254|1621|1904|2022|15 Şevval 1448
20270324|0509|0633|1254|1621|1905|2024|16 Şevval 1448
20270325|0507|0632|1254|1622|1906|2025|17 Şevval 1448
20270326|0505|0630|1253|1622|1907|2026|18 Şevval 1448
20270327|0504|0629|1253|1623|1908|2027|19 Şevval 1448
20270328|0502|0627|1253|1623|1909|2028|20 Şevval 1448
20270329|0500|0625|1252|1623|1910|2029|21 Şevval 1448
20270330|0458|0624|1252|1624|1911|2031|22 Şevval 1448
20270331|0456|0622|1252|1624|1912|2032|23 Şevval 1448
20270401|0454|0620|1252|1625|1913|2033|24 Şevval 1448
20270402|0453|0619|1251|1625|1914|2034|25 Şevval 1448
20270403|0451|0617|1251|1625|1915|2036|26 Şevval 1448
20270404|0449|0616|1251|1626|1916|2037|27 Şevval 1448
20270405|0447|0614|1250|1626|1917|2038|28 Şevval 1448
20270406|0445|0612|1250|1627|1918|2039|29 Şevval 1448
20270407|0443|0611|1250|1627|1919|2041|30 Şevval 1448
20270408|0441|0609|1250|1627|1920|2042|1 Zilkade 1448
20270409|0440|0608|1249|1628|1921|2043|2 Zilkade 1448
20270410|0438|0606|1249|1628|1922|2044|3 Zilkade 1448
20270411|0436|0605|1249|1628|1923|2046|4 Zilkade 1448
20270412|0434|0603|1248|1629|1924|2047|5 Zilkade 1448
20270413|0432|0601|1248|1629|1925|2048|6 Zilkade 1448
20270414|0430|0600|1248|1629|1926|2050|7 Zilkade 1448
20270415|0428|0558|1248|1630|1927|2051|8 Zilkade 1448
20270416|0427|0557|1247|1630|1928|2052|9 Zilkade 1448
20270417|0425|0555|1247|1630|1929|2054|10 Zilkade 1448
20270418|0423|0554|1247|1630|1930|2055|11 Zilkade 1448
20270419|0421|0552|1247|1631|1931|2056|12 Zilkade 1448
20270420|0419|0551|1247|1631|1932|2058|13 Zilkade 1448
20270421|0417|0550|1246|1631|1933|2059|14 Zilkade 1448
20270422|0416|0548|1246|1632|1934|2101|15 Zilkade 1448
20270423|0414|0547|1246|1632|1935|2102|16 Zilkade 1448
20270424|0412|0545|1246|1632|1936|2103|17 Zilkade 1448
20270425|0410|0544|1246|1632|1937|2105|18 Zilkade 1448
20270426|0408|0543|1245|1633|1938|2106|19 Zilkade 1448
20270427|0406|0541|1245|1633|1939|2108|20 Zilkade 1448
20270428|0405|0540|1245|1633|1940|2109|21 Zilkade 1448
20270429|0403|0539|1245|1634|1941|2110|22 Zilkade 1448
20270430|0401|0537|1245|1634|1942|2112|23 Zilkade 1448
20270501|0359|0536|1245|1634|1943|2113|24 Zilkade 1448
20270502|0358|0535|1245|1634|1944|2115|25 Zilkade 1448
20270503|0356|0534|1244|1635|1945|2116|26 Zilkade 1448
20270504|0354|0532|1244|1635|1946|2118|27 Zilkade 1448
20270505|0353|0531|1244|1635|1947|2119|28 Zilkade 1448
20270506|0351|0530|1244|1635|1949|2121|29 Zilkade 1448
20270507|0349|0529|1244|1636|1950|2122|1 Zilhicce 1448
20270508|0348|0528|1244|1636|1951|2124|2 Zilhicce 1448
20270509|0346|0527|1244|1636|1951|2125|3 Zilhicce 1448
20270510|0344|0525|1244|1636|1952|2126|4 Zilhicce 1448
20270511|0343|0524|1244|1637|1953|2128|5 Zilhicce 1448
20270512|0341|0523|1244|1637|1954|2129|6 Zilhicce 1448
20270513|0340|0522|1244|1637|1955|2131|7 Zilhicce 1448
20270514|0338|0521|1244|1637|1956|2132|8 Zilhicce 1448
20270515|0337|0520|1244|1638|1957|2134|9 Zilhicce 1448
20270516|0335|0519|1244|1638|1958|2135|10 Zilhicce 1448
20270517|0334|0519|1244|1638|1959|2136|11 Zilhicce 1448
20270518|0332|0518|1244|1638|2000|2138|12 Zilhicce 1448
20270519|0331|0517|1244|1639|2001|2139|13 Zilhicce 1448
20270520|0330|0516|1244|1639|2002|2141|14 Zilhicce 1448
20270521|0328|0515|1244|1639|2003|2142|15 Zilhicce 1448
20270522|0327|0514|1244|1640|2004|2143|16 Zilhicce 1448
20270523|0326|0514|1244|1640|2005|2145|17 Zilhicce 1448
20270524|0325|0513|1244|1640|2006|2146|18 Zilhicce 1448
20270525|0323|0512|1244|1640|2006|2147|19 Zilhicce 1448
20270526|0322|0512|1244|1641|2007|2149|20 Zilhicce 1448
20270527|0321|0511|1245|1641|2008|2150|21 Zilhicce 1448
20270528|0320|0511|1245|1641|2009|2151|22 Zilhicce 1448
20270529|0319|0510|1245|1641|2010|2152|23 Zilhicce 1448
20270530|0318|0509|1245|1642|2011|2154|24 Zilhicce 1448
20270531|0317|0509|1245|1642|2011|2155|25 Zilhicce 1448
20270601|0316|0509|1245|1642|2012|2156|26 Zilhicce 1448
20270602|0315|0508|1245|1642|2013|2157|27 Zilhicce 1448
20270603|0315|0508|1246|1643|2013|2158|28 Zilhicce 1448
20270604|0314|0507|1246|1643|2014|2159|29 Zilhicce 1448
20270605|0313|0507|1246|1643|2015|2200|30 Zilhicce 1448
20270606|0313|0507|1246|1644|2015|2201|1 Muharrem 1449
20270607|0312|0506|1246|1644|2016|2202|2 Muharrem 1449
20270608|0311|0506|1246|1644|2017|2203|3 Muharrem 1449
20270609|0311|0506|1247|1644|2017|2204|4 Muharrem 1449
20270610|0310|0506|1247|1645|2018|2205|5 Muharrem 1449
20270611|0310|0506|1247|1645|2018|2205|6 Muharrem 1449
20270612|0310|0506|1247|1645|2019|2206|7 Muharrem 1449
20270613|0309|0506|1247|1645|2019|2207|8 Muharrem 1449
20270614|0309|0506|1248|1646|2020|2207|9 Muharrem 1449
20270615|0309|0506|1248|1646|2020|2208|10 Muharrem 1449
20270616|0309|0506|1248|1646|2021|2208|11 Muharrem 1449
20270617|0309|0506|1248|1646|2021|2209|12 Muharrem 1449
20270618|0309|0506|1249|1647|2021|2209|13 Muharrem 1449
20270619|0309|0506|1249|1647|2022|2210|14 Muharrem 1449
20270620|0309|0506|1249|1647|2022|2210|15 Muharrem 1449
20270621|0309|0506|1249|1647|2022|2210|16 Muharrem 1449
20270622|0309|0506|1249|1648|2022|2211|17 Muharrem 1449
20270623|0310|0507|1250|1648|2023|2211|18 Muharrem 1449
20270624|0310|0507|1250|1648|2023|2211|19 Muharrem 1449
20270625|0310|0507|1250|1648|2023|2211|20 Muharrem 1449
20270626|0311|0508|1250|1648|2023|2211|21 Muharrem 1449
20270627|0311|0508|1250|1649|2023|2211|22 Muharrem 1449
20270628|0312|0508|1251|1649|2023|2211|23 Muharrem 1449
20270629|0312|0509|1251|1649|2023|2211|24 Muharrem 1449
20270630|0313|0509|1251|1649|2023|2210|25 Muharrem 1449
20270701|0314|0510|1251|1649|2023|2210|26 Muharrem 1449
20270702|0314|0510|1251|1649|2023|2210|27 Muharrem 1449
20270703|0315|0511|1252|1649|2023|2209|28 Muharrem 1449
20270704|0316|0511|1252|1650|2023|2209|29 Muharrem 1449
20270705|0317|0512|1252|1650|2022|2209|1 Safer 1449
20270706|0318|0512|1252|1650|2022|2208|2 Safer 1449
20270707|0319|0513|1252|1650|2022|2207|3 Safer 1449
20270708|0320|0514|1253|1650|2022|2207|4 Safer 1449
20270709|0321|0514|1253|1650|2021|2206|5 Safer 1449
20270710|0322|0515|1253|1650|2021|2205|6 Safer 1449
20270711|0323|0516|1253|1650|2020|2205|7 Safer 1449
20270712|0324|0516|1253|1650|2020|2204|8 Safer 1449
20270713|0325|0517|1253|1650|2020|2203|9 Safer 1449
20270714|0326|0518|1253|1650|2019|2202|10 Safer 1449
20270715|0327|0518|1253|1650|2019|2201|11 Safer 1449
20270716|0329|0519|1254|1650|2018|2200|12 Safer 1449
20270717|0330|0520|1254|1650|2017|2159|13 Safer 1449
20270718|0331|0521|1254|1650|2017|2158|14 Safer 1449
20270719|0333|0522|1254|1650|2016|2157|15 Safer 1449
20270720|0334|0522|1254|1650|2015|2156|16 Safer 1449
20270721|0335|0523|1254|1650|2015|2155|17 Safer 1449
20270722|0337|0524|1254|1649|2014|2154|18 Safer 1449
20270723|0338|0525|1254|1649|2013|2152|19 Safer 1449
20270724|0339|0526|1254|1649|2012|2151|20 Safer 1449
20270725|0341|0527|1254|1649|2011|2150|21 Safer 1449
20270726|0342|0528|1254|1649|2011|2148|22 Safer 1449
20270727|0344|0528|1254|1648|2010|2147|23 Safer 1449
20270728|0345|0529|1254|1648|2009|2146|24 Safer 1449
20270729|0346|0530|1254|1648|2008|2144|25 Safer 1449
20270730|0348|0531|1254|1648|2007|2143|26 Safer 1449
20270731|0349|0532|1254|1647|2006|2141|27 Safer 1449
20270801|0351|0533|1254|1647|2005|2140|28 Safer 1449
20270802|0352|0534|1254|1647|2004|2138|29 Safer 1449
20270803|0354|0535|1254|1646|2003|2137|1 Rebiulevvel 1449
20270804|0355|0536|1254|1646|2002|2135|2 Rebiulevvel 1449
20270805|0356|0537|1254|1646|2001|2134|3 Rebiulevvel 1449
20270806|0358|0538|1254|1645|1959|2132|4 Rebiulevvel 1449
20270807|0359|0539|1253|1645|1958|2130|5 Rebiulevvel 1449
20270808|0401|0540|1253|1644|1957|2129|6 Rebiulevvel 1449
20270809|0402|0541|1253|1644|1956|2127|7 Rebiulevvel 1449
20270810|0404|0542|1253|1643|1955|2126|8 Rebiulevvel 1449
20270811|0405|0542|1253|1643|1953|2124|9 Rebiulevvel 1449
20270812|0407|0543|1253|1642|1952|2122|10 Rebiulevvel 1449
20270813|0408|0544|1253|1642|1951|2120|11 Rebiulevvel 1449
20270814|0409|0545|1252|1641|1949|2119|12 Rebiulevvel 1449
20270815|0411|0546|1252|1641|1948|2117|13 Rebiulevvel 1449
20270816|0412|0547|1252|1640|1947|2115|14 Rebiulevvel 1449
20270817|0414|0548|1252|1639|1945|2113|15 Rebiulevvel 1449
20270818|0415|0549|1252|1639|1944|2112|16 Rebiulevvel 1449
20270819|0416|0550|1251|1638|1943|2110|17 Rebiulevvel 1449
20270820|0418|0551|1251|1637|1941|2108|18 Rebiulevvel 1449
20270821|0419|0552|1251|1637|1940|2106|19 Rebiulevvel 1449
20270822|0421|0553|1251|1636|1938|2104|20 Rebiulevvel 1449
20270823|0422|0554|1250|1635|1937|2103|21 Rebiulevvel 1449
20270824|0423|0555|1250|1634|1935|2101|22 Rebiulevvel 1449
20270825|0425|0556|1250|1634|1934|2059|23 Rebiulevvel 1449
20270826|0426|0557|1250|1633|1932|2057|24 Rebiulevvel 1449
20270827|0427|0558|1249|1632|1931|2055|25 Rebiulevvel 1449
20270828|0429|0559|1249|1631|1929|2053|26 Rebiulevvel 1449
20270829|0430|0600|1249|1630|1928|2052|27 Rebiulevvel 1449
20270830|0431|0601|1248|1629|1926|2050|28 Rebiulevvel 1449
20270831|0432|0602|1248|1629|1925|2048|29 Rebiulevvel 1449
20270901|0434|0603|1248|1628|1923|2046|30 Rebiulevvel 1449
20270902|0435|0604|1247|1627|1921|2044|1 Rebiulahir 1449
20270903|0436|0604|1247|1626|1920|2042|2 Rebiulahir 1449
20270904|0437|0605|1247|1625|1918|2040|3 Rebiulahir 1449
20270905|0439|0606|1246|1624|1917|2038|4 Rebiulahir 1449
20270906|0440|0607|1246|1623|1915|2037|5 Rebiulahir 1449
20270907|0441|0608|1246|1622|1913|2035|6 Rebiulahir 1449
20270908|0442|0609|1245|1621|1912|2033|7 Rebiulahir 1449
20270909|0443|0610|1245|1620|1910|2031|8 Rebiulahir 1449
20270910|0445|0611|1245|1619|1908|2029|9 Rebiulahir 1449
20270911|0446|0612|1244|1618|1907|2027|10 Rebiulahir 1449
20270912|0447|0613|1244|1617|1905|2025|11 Rebiulahir 1449
20270913|0448|0614|1244|1616|1903|2024|12 Rebiulahir 1449
20270914|0449|0615|1243|1615|1902|2022|13 Rebiulahir 1449
20270915|0450|0616|1243|1614|1900|2020|14 Rebiulahir 1449
20270916|0452|0617|1243|1613|1859|2018|15 Rebiulahir 1449
20270917|0453|0618|1242|1612|1857|2016|16 Rebiulahir 1449
20270918|0454|0619|1242|1611|1855|2014|17 Rebiulahir 1449
20270919|0455|0620|1242|1609|1854|2013|18 Rebiulahir 1449
20270920|0456|0621|1241|1608|1852|2011|19 Rebiulahir 1449
20270921|0457|0622|1241|1607|1850|2009|20 Rebiulahir 1449
20270922|0458|0623|1240|1606|1848|2007|21 Rebiulahir 1449
20270923|0459|0623|1240|1605|1847|2005|22 Rebiulahir 1449
20270924|0500|0624|1240|1604|1845|2004|23 Rebiulahir 1449
20270925|0502|0625|1239|1603|1844|2002|24 Rebiulahir 1449
20270926|0503|0626|1239|1602|1842|2000|25 Rebiulahir 1449
20270927|0504|0627|1239|1600|1840|1958|26 Rebiulahir 1449
20270928|0505|0628|1238|1559|1839|1957|27 Rebiulahir 1449
20270929|0506|0629|1238|1558|1837|1955|28 Rebiulahir 1449
20270930|0507|0630|1238|1557|1835|1953|29 Rebiulahir 1449
20271001|0508|0631|1237|1556|1834|1952|1 Cemaziyelevvel 1449
20271002|0509|0632|1237|1555|1832|1950|2 Cemaziyelevvel 1449
20271003|0510|0633|1237|1553|1830|1948|3 Cemaziyelevvel 1449
20271004|0511|0634|1236|1552|1829|1947|4 Cemaziyelevvel 1449
20271005|0512|0635|1236|1551|1827|1945|5 Cemaziyelevvel 1449
20271006|0513|0636|1236|1550|1825|1943|6 Cemaziyelevvel 1449
20271007|0514|0637|1236|1549|1824|1942|7 Cemaziyelevvel 1449
20271008|0515|0638|1235|1547|1822|1940|8 Cemaziyelevvel 1449
20271009|0516|0639|1235|1546|1821|1939|9 Cemaziyelevvel 1449
20271010|0517|0640|1235|1545|1819|1937|10 Cemaziyelevvel 1449
20271011|0518|0641|1234|1544|1818|1935|11 Cemaziyelevvel 1449
20271012|0519|0642|1234|1543|1816|1934|12 Cemaziyelevvel 1449
20271013|0520|0643|1234|1542|1814|1932|13 Cemaziyelevvel 1449
20271014|0521|0644|1234|1540|1813|1931|14 Cemaziyelevvel 1449
20271015|0522|0645|1233|1539|1811|1929|15 Cemaziyelevvel 1449
20271016|0523|0647|1233|1538|1810|1928|16 Cemaziyelevvel 1449
20271017|0524|0648|1233|1537|1808|1927|17 Cemaziyelevvel 1449
20271018|0525|0649|1233|1536|1807|1925|18 Cemaziyelevvel 1449
20271019|0526|0650|1233|1535|1806|1924|19 Cemaziyelevvel 1449
20271020|0527|0651|1232|1534|1804|1922|20 Cemaziyelevvel 1449
20271021|0528|0652|1232|1533|1803|1921|21 Cemaziyelevvel 1449
20271022|0529|0653|1232|1531|1801|1920|22 Cemaziyelevvel 1449
20271023|0530|0654|1232|1530|1800|1918|23 Cemaziyelevvel 1449
20271024|0531|0655|1232|1529|1758|1917|24 Cemaziyelevvel 1449
20271025|0532|0656|1232|1528|1757|1916|25 Cemaziyelevvel 1449
20271026|0533|0657|1232|1527|1756|1915|26 Cemaziyelevvel 1449
20271027|0534|0659|1231|1526|1754|1913|27 Cemaziyelevvel 1449
20271028|0535|0700|1231|1525|1753|1912|28 Cemaziyelevvel 1449
20271029|0536|0701|1231|1524|1752|1911|29 Cemaziyelevvel 1449
20271030|0537|0702|1231|1523|1751|1910|30 Cemaziyelevvel 1449
20271031|0538|0703|1231|1522|1749|1909|1 Cemaziyelahir 1449
20271101|0539|0704|1231|1521|1748|1908|2 Cemaziyelahir 1449
20271102|0540|0705|1231|1520|1747|1907|3 Cemaziyelahir 1449
20271103|0541|0706|1231|1519|1746|1905|4 Cemaziyelahir 1449
20271104|0542|0708|1231|1518|1745|1904|5 Cemaziyelahir 1449
20271105|0543|0709|1231|1517|1743|1903|6 Cemaziyelahir 1449
20271106|0544|0710|1231|1517|1742|1903|7 Cemaziyelahir 1449
20271107|0545|0711|1231|1516|1741|1902|8 Cemaziyelahir 1449
20271108|0546|0712|1231|1515|1740|1901|9 Cemaziyelahir 1449
20271109|0547|0713|1231|1514|1739|1900|10 Cemaziyelahir 1449
20271110|0548|0715|1231|1513|1738|1859|11 Cemaziyelahir 1449
20271111|0549|0716|1231|1513|1737|1858|12 Cemaziyelahir 1449
20271112|0550|0717|1232|1512|1736|1857|13 Cemaziyelahir 1449
20271113|0551|0718|1232|1511|1735|1857|14 Cemaziyelahir 1449
20271114|0552|0719|1232|1510|1735|1856|15 Cemaziyelahir 1449
20271115|0553|0720|1232|1510|1734|1855|16 Cemaziyelahir 1449
20271116|0554|0721|1232|1509|1733|1855|17 Cemaziyelahir 1449
20271117|0555|0723|1232|1508|1732|1854|18 Cemaziyelahir 1449
20271118|0556|0724|1233|1508|1731|1853|19 Cemaziyelahir 1449
20271119|0557|0725|1233|1507|1731|1853|20 Cemaziyelahir 1449
20271120|0558|0726|1233|1507|1730|1852|21 Cemaziyelahir 1449
20271121|0559|0727|1233|1506|1729|1852|22 Cemaziyelahir 1449
20271122|0600|0728|1233|1506|1729|1851|23 Cemaziyelahir 1449
20271123|0601|0729|1234|1505|1728|1851|24 Cemaziyelahir 1449
20271124|0602|0730|1234|1505|1727|1850|25 Cemaziyelahir 1449
20271125|0603|0732|1234|1505|1727|1850|26 Cemaziyelahir 1449
20271126|0604|0733|1235|1504|1726|1850|27 Cemaziyelahir 1449
20271127|0605|0734|1235|1504|1726|1849|28 Cemaziyelahir 1449
20271128|0606|0735|1235|1504|1726|1849|29 Cemaziyelahir 1449
20271129|0607|0736|1236|1503|1725|1849|1 Recep 1449
20271130|0608|0737|1236|1503|1725|1849|2 Recep 1449
20271201|0609|0738|1236|1503|1725|1849|3 Recep 1449
20271202|0609|0739|1237|1503|1724|1848|4 Recep 1449
20271203|0610|0740|1237|1503|1724|1848|5 Recep 1449
20271204|0611|0741|1237|1503|1724|1848|6 Recep 1449
20271205|0612|0742|1238|1503|1724|1848|7 Recep 1449
20271206|0613|0743|1238|1502|1724|1848|8 Recep 1449
20271207|0614|0744|1239|1502|1724|1848|9 Recep 1449
20271208|0614|0745|1239|1503|1724|1848|10 Recep 1449
20271209|0615|0745|1239|1503|1724|1848|11 Recep 1449
20271210|0616|0746|1240|1503|1724|1849|12 Recep 1449
20271211|0617|0747|1240|1503|1724|1849|13 Recep 1449
20271212|0617|0748|1241|1503|1724|1849|14 Recep 1449
20271213|0618|0749|1241|1503|1724|1849|15 Recep 1449
20271214|0619|0749|1242|1503|1724|1849|16 Recep 1449
20271215|0619|0750|1242|1504|1724|1850|17 Recep 1449
20271216|0620|0751|1243|1504|1725|1850|18 Recep 1449
20271217|0621|0752|1243|1504|1725|1850|19 Recep 1449
20271218|0621|0752|1244|1505|1725|1851|20 Recep 1449
20271219|0622|0753|1244|1505|1726|1851|21 Recep 1449
20271220|0622|0753|1245|1505|1726|1852|22 Recep 1449
20271221|0623|0754|1245|1506|1726|1852|23 Recep 1449
20271222|0624|0754|1246|1506|1727|1852|24 Recep 1449
20271223|0624|0755|1246|1507|1727|1853|25 Recep 1449
20271224|0624|0755|1247|1507|1728|1853|26 Recep 1449
20271225|0625|0756|1247|1508|1729|1854|27 Recep 1449
20271226|0625|0756|1248|1509|1729|1855|28 Recep 1449
20271227|0626|0757|1248|1509|1730|1855|29 Recep 1449
20271228|0626|0757|1249|1510|1731|1856|30 Recep 1449
20271229|0626|0757|1249|1511|1731|1857|1 Şaban 1449
20271230|0627|0757|1250|1511|1732|1857|2 Şaban 1449
20271231|0627|0758|1250|1512|1733|1858|3 Şaban 1449
#@9380|Uğurludağ|CORUM|730
20260101|0627|0758|1251|1512|1733|1858|12 Recep 1447
20260102|0628|0759|1251|1513|1734|1859|13 Recep 1447
20260103|0628|0759|1251|1513|1734|1900|14 Recep 1447
20260104|0628|0759|1252|1514|1735|1901|15 Recep 1447
20260105|0628|0759|1252|1515|1736|1901|16 Recep 1447
20260106|0628|0759|1253|1516|1737|1902|17 Recep 1447
20260107|0628|0759|1253|1517|1738|1903|18 Recep 1447
20260108|0628|0758|1254|1518|1739|1904|19 Recep 1447
20260109|0628|0758|1254|1519|1740|1905|20 Recep 1447
20260110|0628|0758|1255|1520|1741|1906|21 Recep 1447
20260111|0628|0758|1255|1520|1742|1907|22 Recep 1447
20260112|0628|0758|1255|1521|1743|1907|23 Recep 1447
20260113|0628|0757|1256|1522|1744|1908|24 Recep 1447
20260114|0627|0757|1256|1523|1745|1909|25 Recep 1447
20260115|0627|0757|1256|1524|1746|1910|26 Recep 1447
20260116|0627|0756|1257|1525|1747|1911|27 Recep 1447
20260117|0627|0756|1257|1526|1749|1912|28 Recep 1447
20260118|0626|0755|1257|1527|1750|1913|29 Recep 1447
20260119|0626|0755|1258|1528|1751|1914|30 Recep 1447
20260120|0626|0754|1258|1529|1752|1915|1 Şaban 1447
20260121|0625|0754|1258|1530|1753|1916|2 Şaban 1447
20260122|0625|0753|1259|1531|1754|1917|3 Şaban 1447
20260123|0624|0752|1259|1532|1756|1918|4 Şaban 1447
20260124|0624|0752|1259|1533|1757|1919|5 Şaban 1447
20260125|0623|0751|1259|1534|1758|1920|6 Şaban 1447
20260126|0623|0750|1300|1535|1759|1921|7 Şaban 1447
20260127|0622|0749|1300|1536|1800|1922|8 Şaban 1447
20260128|0621|0749|1300|1537|1802|1923|9 Şaban 1447
20260129|0621|0748|1300|1539|1803|1924|10 Şaban 1447
20260130|0620|0747|1300|1540|1804|1926|11 Şaban 1447
20260131|0619|0746|1301|1541|1805|1927|12 Şaban 1447
20260201|0618|0745|1301|1542|1806|1928|13 Şaban 1447
20260202|0618|0744|1301|1543|1808|1929|14 Şaban 1447
20260203|0617|0743|1301|1544|1809|1930|15 Şaban 1447
20260204|0616|0742|1301|1545|1810|1931|16 Şaban 1447
20260205|0615|0741|1301|1546|1811|1932|17 Şaban 1447
20260206|0614|0740|1301|1547|1813|1933|18 Şaban 1447
20260207|0613|0739|1301|1548|1814|1934|19 Şaban 1447
20260208|0612|0738|1301|1549|1815|1935|20 Şaban 1447
20260209|0611|0737|1301|1550|1816|1936|21 Şaban 1447
20260210|0610|0735|1301|1550|1817|1937|22 Şaban 1447
20260211|0609|0734|1301|1551|1819|1938|23 Şaban 1447
20260212|0608|0733|1301|1552|1820|1939|24 Şaban 1447
20260213|0607|0732|1301|1553|1821|1941|25 Şaban 1447
20260214|0606|0731|1301|1554|1822|1942|26 Şaban 1447
20260215|0605|0729|1301|1555|1823|1943|27 Şaban 1447
20260216|0603|0728|1301|1556|1825|1944|28 Şaban 1447
20260217|0602|0727|1301|1557|1826|1945|29 Şaban 1447
20260218|0601|0725|1301|1558|1827|1946|30 Şaban 1447
20260219|0600|0724|1301|1559|1828|1947|1 Ramazan 1447
20260220|0559|0723|1301|1600|1829|1948|2 Ramazan 1447
20260221|0557|0721|1301|1600|1831|1949|3 Ramazan 1447
20260222|0556|0720|1301|1601|1832|1950|4 Ramazan 1447
20260223|0555|0718|1301|1602|1833|1951|5 Ramazan 1447
20260224|0553|0717|1300|1603|1834|1953|6 Ramazan 1447
20260225|0552|0715|1300|1604|1835|1954|7 Ramazan 1447
20260226|0550|0714|1300|1605|1836|1955|8 Ramazan 1447
20260227|0549|0713|1300|1605|1837|1956|9 Ramazan 1447
20260228|0547|0711|1300|1606|1839|1957|10 Ramazan 1447
20260301|0546|0710|1300|1607|1840|1958|11 Ramazan 1447
20260302|0544|0708|1259|1608|1841|1959|12 Ramazan 1447
20260303|0543|0706|1259|1608|1842|2000|13 Ramazan 1447
20260304|0541|0705|1259|1609|1843|2001|14 Ramazan 1447
20260305|0540|0703|1259|1610|1844|2002|15 Ramazan 1447
20260306|0538|0702|1259|1610|1845|2003|16 Ramazan 1447
20260307|0537|0700|1258|1611|1846|2005|17 Ramazan 1447
20260308|0535|0659|1258|1612|1848|2006|18 Ramazan 1447
20260309|0534|0657|1258|1612|1849|2007|19 Ramazan 1447
20260310|0532|0656|1258|1613|1850|2008|20 Ramazan 1447
20260311|0530|0654|1257|1614|1851|2009|21 Ramazan 1447
20260312|0529|0652|1257|1614|1852|2010|22 Ramazan 1447
20260313|0527|0651|1257|1615|1853|2011|23 Ramazan 1447
20260314|0525|0649|1257|1616|1854|2012|24 Ramazan 1447
20260315|0524|0647|1256|1616|1855|2014|25 Ramazan 1447
20260316|0522|0646|1256|1617|1856|2015|26 Ramazan 1447
20260317|0520|0644|1256|1617|1857|2016|27 Ramazan 1447
20260318|0518|0643|1255|1618|1858|2017|28 Ramazan 1447
20260319|0517|0641|1255|1618|1859|2018|29 Ramazan 1447
20260320|0515|0639|1255|1619|1900|2019|1 Şevval 1447
20260321|0513|0638|1255|1619|1901|2020|2 Şevval 1447
20260322|0511|0636|1254|1620|1902|2022|3 Şevval 1447
20260323|0510|0634|1254|1620|1904|2023|4 Şevval 1447
20260324|0508|0633|1254|1621|1905|2024|5 Şevval 1447
20260325|0506|0631|1253|1621|1906|2025|6 Şevval 1447
20260326|0504|0629|1253|1622|1907|2026|7 Şevval 1447
20260327|0502|0628|1253|1622|1908|2028|8 Şevval 1447
20260328|0500|0626|1252|1623|1909|2029|9 Şevval 1447
20260329|0459|0624|1252|1623|1910|2030|10 Şevval 1447
20260330|0457|0623|1252|1624|1911|2031|11 Şevval 1447
20260331|0455|0621|1252|1624|1912|2032|12 Şevval 1447
20260401|0453|0620|1251|1624|1913|2034|13 Şevval 1447
20260402|0451|0618|1251|1625|1914|2035|14 Şevval 1447
20260403|0449|0616|1251|1625|1915|2036|15 Şevval 1447
20260404|0448|0615|1250|1626|1916|2037|16 Şevval 1447
20260405|0446|0613|1250|1626|1917|2039|17 Şevval 1447
20260406|0444|0611|1250|1626|1918|2040|18 Şevval 1447
20260407|0442|0610|1249|1627|1919|2041|19 Şevval 1447
20260408|0440|0608|1249|1627|1920|2043|20 Şevval 1447
20260409|0438|0607|1249|1627|1921|2044|21 Şevval 1447
20260410|0436|0605|1249|1628|1922|2045|22 Şevval 1447
20260411|0434|0604|1248|1628|1923|2046|23 Şevval 1447
20260412|0432|0602|1248|1629|1924|2048|24 Şevval 1447
20260413|0431|0600|1248|1629|1925|2049|25 Şevval 1447
20260414|0429|0559|1248|1629|1926|2051|26 Şevval 1447
20260415|0427|0557|1247|1629|1927|2052|27 Şevval 1447
20260416|0425|0556|1247|1630|1928|2053|28 Şevval 1447
20260417|0423|0554|1247|1630|1929|2055|29 Şevval 1447
20260418|0421|0553|1247|1630|1930|2056|1 Zilkade 1447
20260419|0419|0551|1246|1631|1932|2057|2 Zilkade 1447
20260420|0417|0550|1246|1631|1933|2059|3 Zilkade 1447
20260421|0416|0548|1246|1631|1934|2100|4 Zilkade 1447
20260422|0414|0547|1246|1632|1935|2102|5 Zilkade 1447
20260423|0412|0546|1246|1632|1936|2103|6 Zilkade 1447
20260424|0410|0544|1245|1632|1937|2104|7 Zilkade 1447
20260425|0408|0543|1245|1632|1938|2106|8 Zilkade 1447
20260426|0406|0541|1245|1633|1939|2107|9 Zilkade 1447
20260427|0405|0540|1245|1633|1940|2109|10 Zilkade 1447
20260428|0403|0539|1245|1633|1941|2110|11 Zilkade 1447
20260429|0401|0537|1245|1634|1942|2112|12 Zilkade 1447
20260430|0359|0536|1244|1634|1943|2113|13 Zilkade 1447
20260501|0357|0535|1244|1634|1944|2115|14 Zilkade 1447
20260502|0356|0534|1244|1634|1945|2116|15 Zilkade 1447
20260503|0354|0532|1244|1635|1946|2117|16 Zilkade 1447
20260504|0352|0531|1244|1635|1947|2119|17 Zilkade 1447
20260505|0351|0530|1244|1635|1948|2120|18 Zilkade 1447
20260506|0349|0529|1244|1635|1949|2122|19 Zilkade 1447
20260507|0347|0528|1244|1636|1950|2123|20 Zilkade 1447
20260508|0346|0526|1244|1636|1951|2125|21 Zilkade 1447
20260509|0344|0525|1244|1636|1952|2126|22 Zilkade 1447
20260510|0342|0524|1244|1637|1953|2128|23 Zilkade 1447
20260511|0341|0523|1244|1637|1954|2129|24 Zilkade 1447
20260512|0339|0522|1244|1637|1955|2131|25 Zilkade 1447
20260513|0338|0521|1244|1637|1956|2132|26 Zilkade 1447
20260514|0336|0520|1244|1638|1957|2134|27 Zilkade 1447
20260515|0335|0519|1244|1638|1958|2135|28 Zilkade 1447
20260516|0333|0518|1244|1638|1959|2137|29 Zilkade 1447
20260517|0332|0517|1244|1638|2000|2138|30 Zilkade 1447
20260518|0330|0516|1244|1639|2001|2139|1 Zilhicce 1447
20260519|0329|0516|1244|1639|2002|2141|2 Zilhicce 1447
20260520|0327|0515|1244|1639|2003|2142|3 Zilhicce 1447
20260521|0326|0514|1244|1639|2004|2144|4 Zilhicce 1447
20260522|0325|0513|1244|1640|2005|2145|5 Zilhicce 1447
20260523|0324|0512|1244|1640|2005|2146|6 Zilhicce 1447
20260524|0322|0512|1244|1640|2006|2148|7 Zilhicce 1447
20260525|0321|0511|1244|1641|2007|2149|8 Zilhicce 1447
20260526|0320|0510|1244|1641|2008|2150|9 Zilhicce 1447
20260527|0319|0510|1244|1641|2009|2152|10 Zilhicce 1447
20260528|0318|0509|1244|1641|2010|2153|11 Zilhicce 1447
20260529|0317|0509|1245|1642|2010|2154|12 Zilhicce 1447
20260530|0316|0508|1245|1642|2011|2155|13 Zilhicce 1447
20260531|0315|0508|1245|1642|2012|2156|14 Zilhicce 1447
20260601|0314|0507|1245|1643|2013|2158|15 Zilhicce 1447
20260602|0313|0507|1245|1643|2013|2159|16 Zilhicce 1447
20260603|0312|0506|1245|1643|2014|2200|17 Zilhicce 1447
20260604|0311|0506|1245|1643|2015|2201|18 Zilhicce 1447
20260605|0311|0506|1246|1644|2016|2202|19 Zilhicce 1447
20260606|0310|0505|1246|1644|2016|2203|20 Zilhicce 1447
20260607|0310|0505|1246|1644|2017|2204|21 Zilhicce 1447
20260608|0309|0505|1246|1644|2017|2205|22 Zilhicce 1447
20260609|0308|0505|1246|1645|2018|2205|23 Zilhicce 1447
20260610|0308|0505|1247|1645|2019|2206|24 Zilhicce 1447
20260611|0308|0505|1247|1645|2019|2207|25 Zilhicce 1447
20260612|0307|0504|1247|1645|2020|2208|26 Zilhicce 1447
20260613|0307|0504|1247|1646|2020|2208|27 Zilhicce 1447
20260614|0307|0504|1247|1646|2021|2209|28 Zilhicce 1447
20260615|0307|0504|1248|1646|2021|2210|29 Zilhicce 1447
20260616|0306|0504|1248|1646|2021|2210|1 Muharrem 1448
20260617|0306|0504|1248|1647|2022|2211|2 Muharrem 1448
20260618|0306|0505|1248|1647|2022|2211|3 Muharrem 1448
20260619|0306|0505|1248|1647|2022|2211|4 Muharrem 1448
20260620|0307|0505|1249|1647|2023|2212|5 Muharrem 1448
20260621|0307|0505|1249|1648|2023|2212|6 Muharrem 1448
20260622|0307|0505|1249|1648|2023|2212|7 Muharrem 1448
20260623|0307|0506|1249|1648|2023|2212|8 Muharrem 1448
20260624|0308|0506|1250|1648|2023|2212|9 Muharrem 1448
20260625|0308|0506|1250|1648|2024|2213|10 Muharrem 1448
20260626|0308|0506|1250|1649|2024|2213|11 Muharrem 1448
20260627|0309|0507|1250|1649|2024|2212|12 Muharrem 1448
20260628|0309|0507|1250|1649|2024|2212|13 Muharrem 1448
20260629|0310|0508|1251|1649|2024|2212|14 Muharrem 1448
20260630|0311|0508|1251|1649|2024|2212|15 Muharrem 1448
20260701|0311|0509|1251|1649|2024|2212|16 Muharrem 1448
20260702|0312|0509|1251|1650|2023|2211|17 Muharrem 1448
20260703|0313|0510|1251|1650|2023|2211|18 Muharrem 1448
20260704|0314|0510|1252|1650|2023|2211|19 Muharrem 1448
20260705|0315|0511|1252|1650|2023|2210|20 Muharrem 1448
20260706|0316|0511|1252|1650|2023|2209|21 Muharrem 1448
20260707|0317|0512|1252|1650|2022|2209|22 Muharrem 1448
20260708|0318|0513|1252|1650|2022|2208|23 Muharrem 1448
20260709|0319|0513|1252|1650|2022|2208|24 Muharrem 1448
20260710|0320|0514|1253|1650|2021|2207|25 Muharrem 1448
20260711|0321|0515|1253|1650|2021|2206|26 Muharrem 1448
20260712|0322|0515|1253|1650|2020|2205|27 Muharrem 1448
20260713|0323|0516|1253|1650|2020|2204|28 Muharrem 1448
20260714|0324|0517|1253|1650|2019|2203|29 Muharrem 1448
20260715|0326|0517|1253|1650|2019|2202|1 Safer 1448
20260716|0327|0518|1253|1650|2018|2201|2 Safer 1448
20260717|0328|0519|1253|1650|2018|2200|3 Safer 1448
20260718|0329|0520|1253|1650|2017|2159|4 Safer 1448
20260719|0331|0521|1254|1650|2016|2158|5 Safer 1448
20260720|0332|0522|1254|1650|2016|2157|6 Safer 1448
20260721|0334|0522|1254|1650|2015|2156|7 Safer 1448
20260722|0335|0523|1254|1650|2014|2155|8 Safer 1448
20260723|0336|0524|1254|1649|2013|2153|9 Safer 1448
20260724|0338|0525|1254|1649|2013|2152|10 Safer 1448
20260725|0339|0526|1254|1649|2012|2151|11 Safer 1448
20260726|0341|0527|1254|1649|2011|2149|12 Safer 1448
20260727|0342|0528|1254|1649|2010|2148|13 Safer 1448
20260728|0343|0529|1254|1648|2009|2147|14 Safer 1448
20260729|0345|0529|1254|1648|2008|2145|15 Safer 1448
20260730|0346|0530|1254|1648|2007|2144|16 Safer 1448
20260731|0348|0531|1254|1647|2006|2142|17 Safer 1448
20260801|0349|0532|1254|1647|2005|2141|18 Safer 1448
20260802|0351|0533|1254|1647|2004|2139|19 Safer 1448
20260803|0352|0534|1253|1646|2003|2138|20 Safer 1448
20260804|0354|0535|1253|1646|2002|2136|21 Safer 1448
20260805|0355|0536|1253|1646|2001|2134|22 Safer 1448
20260806|0357|0537|1253|1645|1959|2133|23 Safer 1448
20260807|0358|0538|1253|1645|1958|2131|24 Safer 1448
20260808|0400|0539|1253|1644|1957|2129|25 Safer 1448
20260809|0401|0540|1253|1644|1956|2128|26 Safer 1448
20260810|0403|0541|1253|1643|1954|2126|27 Safer 1448
20260811|0404|0542|1253|1643|1953|2124|28 Safer 1448
20260812|0405|0543|1252|1642|1952|2123|29 Safer 1448
20260813|0407|0544|1252|1642|1951|2121|30 Safer 1448
20260814|0408|0545|1252|1641|1949|2119|1 Rebiulevvel 1448
20260815|0410|0546|1252|1640|1948|2117|2 Rebiulevvel 1448
20260816|0411|0547|1252|1640|1947|2115|3 Rebiulevvel 1448
20260817|0413|0548|1251|1639|1945|2114|4 Rebiulevvel 1448
20260818|0414|0549|1251|1638|1944|2112|5 Rebiulevvel 1448
20260819|0415|0550|1251|1638|1942|2110|6 Rebiulevvel 1448
20260820|0417|0551|1251|1637|1941|2108|7 Rebiulevvel 1448
20260821|0418|0552|1250|1636|1939|2106|8 Rebiulevvel 1448
20260822|0420|0553|1250|1636|1938|2105|9 Rebiulevvel 1448
20260823|0421|0553|1250|1635|1936|2103|10 Rebiulevvel 1448
20260824|0422|0554|1250|1634|1935|2101|11 Rebiulevvel 1448
20260825|0424|0555|1249|1633|1933|2059|12 Rebiulevvel 1448
20260826|0425|0556|1249|1632|1932|2057|13 Rebiulevvel 1448
20260827|0426|0557|1249|1632|1930|2055|14 Rebiulevvel 1448
20260828|0428|0558|1249|1631|1929|2053|15 Rebiulevvel 1448
20260829|0429|0559|1248|1630|1927|2052|16 Rebiulevvel 1448
20260830|0430|0600|1248|1629|1926|2050|17 Rebiulevvel 1448
20260831|0432|0601|1248|1628|1924|2048|18 Rebiulevvel 1448
20260901|0433|0602|1247|1627|1923|2046|19 Rebiulevvel 1448
20260902|0434|0603|1247|1626|1921|2044|20 Rebiulevvel 1448
20260903|0435|0604|1247|1625|1919|2042|21 Rebiulevvel 1448
20260904|0437|0605|1246|1625|1918|2040|22 Rebiulevvel 1448
20260905|0438|0606|1246|1624|1916|2038|23 Rebiulevvel 1448
20260906|0439|0607|1246|1623|1915|2037|24 Rebiulevvel 1448
20260907|0440|0608|1245|1622|1913|2035|25 Rebiulevvel 1448
20260908|0442|0609|1245|1621|1911|2033|26 Rebiulevvel 1448
20260909|0443|0610|1245|1620|1910|2031|27 Rebiulevvel 1448
20260910|0444|0611|1244|1619|1908|2029|28 Rebiulevvel 1448
20260911|0445|0612|1244|1618|1906|2027|29 Rebiulevvel 1448
20260912|0446|0613|1244|1616|1905|2025|1 Rebiulahir 1448
20260913|0448|0614|1243|1615|1903|2023|2 Rebiulahir 1448
20260914|0449|0615|1243|1614|1901|2022|3 Rebiulahir 1448
20260915|0450|0616|1243|1613|1900|2020|4 Rebiulahir 1448
20260916|0451|0617|1242|1612|1858|2018|5 Rebiulahir 1448
20260917|0452|0618|1242|1611|1856|2016|6 Rebiulahir 1448
20260918|0453|0619|1242|1610|1855|2014|7 Rebiulahir 1448
20260919|0454|0619|1241|1609|1853|2012|8 Rebiulahir 1448
20260920|0456|0620|1241|1608|1851|2011|9 Rebiulahir 1448
20260921|0457|0621|1240|1607|1850|2009|10 Rebiulahir 1448
20260922|0458|0622|1240|1605|1848|2007|11 Rebiulahir 1448
20260923|0459|0623|1240|1604|1846|2005|12 Rebiulahir 1448
20260924|0500|0624|1239|1603|1844|2003|13 Rebiulahir 1448
20260925|0501|0625|1239|1602|1843|2002|14 Rebiulahir 1448
20260926|0502|0626|1239|1601|1841|2000|15 Rebiulahir 1448
20260927|0503|0627|1238|1600|1839|1958|16 Rebiulahir 1448
20260928|0504|0628|1238|1558|1838|1956|17 Rebiulahir 1448
20260929|0505|0629|1238|1557|1836|1955|18 Rebiulahir 1448
20260930|0506|0630|1237|1556|1834|1953|19 Rebiulahir 1448
20261001|0508|0631|1237|1555|1833|1951|20 Rebiulahir 1448
20261002|0509|0632|1237|1554|1831|1949|21 Rebiulahir 1448
20261003|0510|0633|1236|1553|1830|1948|22 Rebiulahir 1448
20261004|0511|0634|1236|1551|1828|1946|23 Rebiulahir 1448
20261005|0512|0635|1236|1550|1826|1944|24 Rebiulahir 1448
20261006|0513|0636|1235|1549|1825|1943|25 Rebiulahir 1448
20261007|0514|0637|1235|1548|1823|1941|26 Rebiulahir 1448
20261008|0515|0638|1235|1547|1821|1940|27 Rebiulahir 1448
20261009|0516|0639|1235|1545|1820|1938|28 Rebiulahir 1448
20261010|0517|0640|1234|1544|1818|1936|29 Rebiulahir 1448
20261011|0518|0641|1234|1543|1817|1935|30 Rebiulahir 1448
20261012|0519|0643|1234|1542|1815|1933|1 Cemaziyelevvel 1448
20261013|0520|0644|1234|1541|1814|1932|2 Cemaziyelevvel 1448
20261014|0521|0645|1233|1540|1812|1930|3 Cemaziyelevvel 1448
20261015|0522|0646|1233|1538|1810|1929|4 Cemaziyelevvel 1448
20261016|0523|0647|1233|1537|1809|1927|5 Cemaziyelevvel 1448
20261017|0524|0648|1233|1536|1807|1926|6 Cemaziyelevvel 1448
20261018|0525|0649|1232|1535|1806|1924|7 Cemaziyelevvel 1448
20261019|0526|0650|1232|1534|1805|1923|8 Cemaziyelevvel 1448
20261020|0527|0651|1232|1533|1803|1922|9 Cemaziyelevvel 1448
20261021|0528|0652|1232|1532|1802|1920|10 Cemaziyelevvel 1448
20261022|0529|0653|1232|1530|1800|1919|11 Cemaziyelevvel 1448
20261023|0530|0654|1232|1529|1759|1918|12 Cemaziyelevvel 1448
20261024|0531|0656|1231|1528|1757|1916|13 Cemaziyelevvel 1448
20261025|0532|0657|1231|1527|1756|1915|14 Cemaziyelevvel 1448
20261026|0533|0658|1231|1526|1755|1914|15 Cemaziyelevvel 1448
20261027|0534|0659|1231|1525|1753|1913|16 Cemaziyelevvel 1448
20261028|0535|0700|1231|1524|1752|1911|17 Cemaziyelevvel 1448
20261029|0536|0701|1231|1523|1751|1910|18 Cemaziyelevvel 1448
20261030|0537|0702|1231|1522|1749|1909|19 Cemaziyelevvel 1448
20261031|0538|0703|1231|1521|1748|1908|20 Cemaziyelevvel 1448
20261101|0539|0705|1231|1520|1747|1907|21 Cemaziyelevvel 1448
20261102|0540|0706|1231|1519|1746|1906|22 Cemaziyelevvel 1448
20261103|0541|0707|1231|1518|1745|1905|23 Cemaziyelevvel 1448
20261104|0543|0708|1231|1517|1743|1904|24 Cemaziyelevvel 1448
20261105|0544|0709|1231|1516|1742|1903|25 Cemaziyelevvel 1448
20261106|0545|0710|1231|1515|1741|1902|26 Cemaziyelevvel 1448
20261107|0546|0712|1231|1515|1740|1901|27 Cemaziyelevvel 1448
20261108|0547|0713|1231|1514|1739|1900|28 Cemaziyelevvel 1448
20261109|0548|0714|1231|1513|1738|1859|29 Cemaziyelevvel 1448
20261110|0549|0715|1231|1512|1737|1858|1 Cemaziyelahir 1448
20261111|0550|0716|1231|1511|1736|1857|2 Cemaziyelahir 1448
20261112|0551|0717|1231|1511|1735|1857|3 Cemaziyelahir 1448
20261113|0552|0719|1231|1510|1734|1856|4 Cemaziyelahir 1448
20261114|0553|0720|1232|1509|1733|1855|5 Cemaziyelahir 1448
20261115|0554|0721|1232|1509|1733|1855|6 Cemaziyelahir 1448
20261116|0555|0722|1232|1508|1732|1854|7 Cemaziyelahir 1448
20261117|0556|0723|1232|1507|1731|1853|8 Cemaziyelahir 1448
20261118|0557|0724|1232|1507|1730|1853|9 Cemaziyelahir 1448
20261119|0558|0726|1232|1506|1729|1852|10 Cemaziyelahir 1448
20261120|0559|0727|1233|1506|1729|1852|11 Cemaziyelahir 1448
20261121|0600|0728|1233|1505|1728|1851|12 Cemaziyelahir 1448
20261122|0600|0729|1233|1505|1727|1851|13 Cemaziyelahir 1448
20261123|0601|0730|1233|1504|1727|1850|14 Cemaziyelahir 1448
20261124|0602|0731|1234|1504|1726|1850|15 Cemaziyelahir 1448
20261125|0603|0732|1234|1503|1726|1849|16 Cemaziyelahir 1448
20261126|0604|0733|1234|1503|1725|1849|17 Cemaziyelahir 1448
20261127|0605|0734|1235|1503|1725|1849|18 Cemaziyelahir 1448
20261128|0606|0736|1235|1502|1724|1848|19 Cemaziyelahir 1448
20261129|0607|0737|1235|1502|1724|1848|20 Cemaziyelahir 1448
20261130|0608|0738|1236|1502|1724|1848|21 Cemaziyelahir 1448
20261201|0609|0739|1236|1502|1723|1848|22 Cemaziyelahir 1448
20261202|0610|0740|1236|1502|1723|1848|23 Cemaziyelahir 1448
20261203|0611|0741|1237|1502|1723|1848|24 Cemaziyelahir 1448
20261204|0611|0742|1237|1501|1723|1848|25 Cemaziyelahir 1448
20261205|0612|0743|1238|1501|1723|1848|26 Cemaziyelahir 1448
20261206|0613|0744|1238|1501|1723|1848|27 Cemaziyelahir 1448
20261207|0614|0744|1238|1501|1722|1848|28 Cemaziyelahir 1448
20261208|0615|0745|1239|1501|1722|1848|29 Cemaziyelahir 1448
20261209|0615|0746|1239|1501|1722|1848|30 Cemaziyelahir 1448
20261210|0616|0747|1240|1502|1722|1848|1 Recep 1448
20261211|0617|0748|1240|1502|1723|1848|2 Recep 1448
20261212|0618|0749|1241|1502|1723|1848|3 Recep 1448
20261213|0618|0749|1241|1502|1723|1848|4 Recep 1448
20261214|0619|0750|1242|1502|1723|1849|5 Recep 1448
20261215|0620|0751|1242|1503|1723|1849|6 Recep 1448
20261216|0620|0752|1243|1503|1724|1849|7 Recep 1448
20261217|0621|0752|1243|1503|1724|1850|8 Recep 1448
20261218|0622|0753|1244|1504|1724|1850|9 Recep 1448
20261219|0622|0754|1244|1504|1725|1850|10 Recep 1448
20261220|0623|0754|1245|1504|1725|1851|11 Recep 1448
20261221|0623|0755|1245|1505|1725|1851|12 Recep 1448
20261222|0624|0755|1246|1505|1726|1852|13 Recep 1448
20261223|0624|0756|1246|1506|1726|1852|14 Recep 1448
20261224|0625|0756|1247|1506|1727|1853|15 Recep 1448
20261225|0625|0756|1247|1507|1728|1853|16 Recep 1448
20261226|0626|0757|1248|1508|1728|1854|17 Recep 1448
20261227|0626|0757|1248|1508|1729|1855|18 Recep 1448
20261228|0626|0758|1248|1509|1730|1855|19 Recep 1448
20261229|0627|0758|1249|1510|1730|1856|20 Recep 1448
20261230|0627|0758|1249|1510|1731|1857|21 Recep 1448
20261231|0627|0758|1250|1511|1732|1857|22 Recep 1448
20270101|0627|0758|1250|1512|1733|1858|23 Recep 1448
20270102|0628|0758|1251|1512|1733|1859|24 Recep 1448
20270103|0628|0759|1251|1513|1734|1900|25 Recep 1448
20270104|0628|0759|1252|1514|1735|1900|26 Recep 1448
20270105|0628|0759|1252|1515|1736|1901|27 Recep 1448
20270106|0628|0759|1253|1516|1737|1902|28 Recep 1448
20270107|0628|0759|1253|1517|1738|1903|29 Recep 1448
20270108|0628|0758|1254|1518|1739|1904|30 Recep 1448
20270109|0628|0758|1254|1518|1740|1905|1 Şaban 1448
20270110|0628|0758|1254|1519|1741|1905|2 Şaban 1448
20270111|0628|0758|1255|1520|1742|1906|3 Şaban 1448
20270112|0628|0758|1255|1521|1743|1907|4 Şaban 1448
20270113|0628|0757|1256|1522|1744|1908|5 Şaban 1448
20270114|0628|0757|1256|1523|1745|1909|6 Şaban 1448
20270115|0627|0757|1256|1524|1746|1910|7 Şaban 1448
20270116|0627|0756|1257|1525|1747|1911|8 Şaban 1448
20270117|0627|0756|1257|1526|1748|1912|9 Şaban 1448
20270118|0626|0755|1257|1527|1749|1913|10 Şaban 1448
20270119|0626|0755|1258|1528|1751|1914|11 Şaban 1448
20270120|0626|0754|1258|1529|1752|1915|12 Şaban 1448
20270121|0625|0754|1258|1530|1753|1916|13 Şaban 1448
20270122|0625|0753|1259|1531|1754|1917|14 Şaban 1448
20270123|0624|0752|1259|1532|1755|1918|15 Şaban 1448
20270124|0624|0752|1259|1533|1756|1919|16 Şaban 1448
20270125|0623|0751|1259|1534|1758|1920|17 Şaban 1448
20270126|0623|0750|1300|1535|1759|1921|18 Şaban 1448
20270127|0622|0750|1300|1536|1800|1922|19 Şaban 1448
20270128|0622|0749|1300|1537|1801|1923|20 Şaban 1448
20270129|0621|0748|1300|1538|1802|1924|21 Şaban 1448
20270130|0620|0747|1300|1539|1804|1925|22 Şaban 1448
20270131|0619|0746|1301|1540|1805|1926|23 Şaban 1448
20270201|0619|0745|1301|1541|1806|1927|24 Şaban 1448
20270202|0618|0744|1301|1542|1807|1928|25 Şaban 1448
20270203|0617|0743|1301|1543|1809|1930|26 Şaban 1448
20270204|0616|0742|1301|1544|1810|1931|27 Şaban 1448
20270205|0615|0741|1301|1545|1811|1932|28 Şaban 1448
20270206|0614|0740|1301|1546|1812|1933|29 Şaban 1448
20270207|0613|0739|1301|1547|1813|1934|30 Şaban 1448
20270208|0612|0738|1301|1548|1815|1935|1 Ramazan 1448
20270209|0611|0737|1301|1549|1816|1936|2 Ramazan 1448
20270210|0610|0736|1301|1550|1817|1937|3 Ramazan 1448
20270211|0609|0735|1301|1551|1818|1938|4 Ramazan 1448
20270212|0608|0733|1301|1552|1820|1939|5 Ramazan 1448
20270213|0607|0732|1301|1553|1821|1940|6 Ramazan 1448
20270214|0606|0731|1301|1554|1822|1941|7 Ramazan 1448
20270215|0605|0730|1301|1555|1823|1942|8 Ramazan 1448
20270216|0604|0728|1301|1556|1824|1944|9 Ramazan 1448
20270217|0603|0727|1301|1557|1826|1945|10 Ramazan 1448
20270218|0601|0726|1301|1558|1827|1946|11 Ramazan 1448
20270219|0600|0724|1301|1559|1828|1947|12 Ramazan 1448
20270220|0559|0723|1301|1559|1829|1948|13 Ramazan 1448
20270221|0558|0722|1301|1600|1830|1949|14 Ramazan 1448
20270222|0556|0720|1301|1601|1831|1950|15 Ramazan 1448
20270223|0555|0719|1301|1602|1833|1951|16 Ramazan 1448
20270224|0553|0717|1300|1603|1834|1952|17 Ramazan 1448
20270225|0552|0716|1300|1604|1835|1953|18 Ramazan 1448
20270226|0551|0714|1300|1604|1836|1954|19 Ramazan 1448
20270227|0549|0713|1300|1605|1837|1956|20 Ramazan 1448
20270228|0548|0711|1300|1606|1838|1957|21 Ramazan 1448
20270301|0546|0710|1300|1607|1839|1958|22 Ramazan 1448
20270302|0545|0708|1259|1607|1841|1959|23 Ramazan 1448
20270303|0543|0707|1259|1608|1842|2000|24 Ramazan 1448
20270304|0542|0705|1259|1609|1843|2001|25 Ramazan 1448
20270305|0540|0704|1259|1610|1844|2002|26 Ramazan 1448
20270306|0539|0702|1259|1610|1845|2003|27 Ramazan 1448
20270307|0537|0701|1258|1611|1846|2004|28 Ramazan 1448
20270308|0536|0659|1258|1612|1847|2005|29 Ramazan 1448
20270309|0534|0657|1258|1612|1848|2007|1 Şevval 1448
20270310|0532|0656|1258|1613|1849|2008|2 Şevval 1448
20270311|0531|0654|1257|1614|1851|2009|3 Şevval 1448
20270312|0529|0653|1257|1614|1852|2010|4 Şevval 1448
20270313|0527|0651|1257|1615|1853|2011|5 Şevval 1448
20270314|0526|0649|1257|1615|1854|2012|6 Şevval 1448
20270315|0524|0648|1256|1616|1855|2013|7 Şevval 1448
20270316|0522|0646|1256|1617|1856|2014|8 Şevval 1448
20270317|0521|0645|1256|1617|1857|2016|9 Şevval 1448
20270318|0519|0643|1255|1618|1858|2017|10 Şevval 1448
20270319|0517|0641|1255|1618|1859|2018|11 Şevval 1448
20270320|0515|0640|1255|1619|1900|2019|12 Şevval 1448
20270321|0514|0638|1255|1619|1901|2020|13 Şevval 1448
20270322|0512|0636|1254|1620|1902|2021|14 Şevval 1448
20270323|0510|0635|1254|1620|1903|2023|15 Şevval 1448
20270324|0508|0633|1254|1621|1904|2024|16 Şevval 1448
20270325|0506|0631|1253|1621|1905|2025|17 Şevval 1448
20270326|0505|0630|1253|1622|1906|2026|18 Şevval 1448
20270327|0503|0628|1253|1622|1907|2027|19 Şevval 1448
20270328|0501|0627|1252|1623|1908|2028|20 Şevval 1448
20270329|0459|0625|1252|1623|1910|2030|21 Şevval 1448
20270330|0457|0623|1252|1623|1911|2031|22 Şevval 1448
20270331|0455|0622|1252|1624|1912|2032|23 Şevval 1448
20270401|0454|0620|1251|1624|1913|2033|24 Şevval 1448
20270402|0452|0618|1251|1625|1914|2035|25 Şevval 1448
20270403|0450|0617|1251|1625|1915|2036|26 Şevval 1448
20270404|0448|0615|1250|1626|1916|2037|27 Şevval 1448
20270405|0446|0613|1250|1626|1917|2038|28 Şevval 1448
20270406|0444|0612|1250|1626|1918|2040|29 Şevval 1448
20270407|0442|0610|1250|1627|1919|2041|30 Şevval 1448
20270408|0440|0609|1249|1627|1920|2042|1 Zilkade 1448
20270409|0439|0607|1249|1627|1921|2044|2 Zilkade 1448
20270410|0437|0606|1249|1628|1922|2045|3 Zilkade 1448
20270411|0435|0604|1248|1628|1923|2046|4 Zilkade 1448
20270412|0433|0602|1248|1628|1924|2047|5 Zilkade 1448
20270413|0431|0601|1248|1629|1925|2049|6 Zilkade 1448
20270414|0429|0559|1248|1629|1926|2050|7 Zilkade 1448
20270415|0427|0558|1247|1629|1927|2052|8 Zilkade 1448
20270416|0425|0556|1247|1630|1928|2053|9 Zilkade 1448
20270417|0424|0555|1247|1630|1929|2054|10 Zilkade 1448
20270418|0422|0553|1247|1630|1930|2056|11 Zilkade 1448
20270419|0420|0552|1246|1631|1931|2057|12 Zilkade 1448
20270420|0418|0550|1246|1631|1932|2058|13 Zilkade 1448
20270421|0416|0549|1246|1631|1933|2100|14 Zilkade 1448
20270422|0414|0547|1246|1632|1934|2101|15 Zilkade 1448
20270423|0412|0546|1246|1632|1935|2103|16 Zilkade 1448
20270424|0411|0545|1245|1632|1936|2104|17 Zilkade 1448
20270425|0409|0543|1245|1632|1937|2105|18 Zilkade 1448
20270426|0407|0542|1245|1633|1939|2107|19 Zilkade 1448
20270427|0405|0540|1245|1633|1940|2108|20 Zilkade 1448
20270428|0403|0539|1245|1633|1941|2110|21 Zilkade 1448
20270429|0401|0538|1245|1634|1942|2111|22 Zilkade 1448
20270430|0400|0536|1245|1634|1943|2113|23 Zilkade 1448
20270501|0358|0535|1244|1634|1944|2114|24 Zilkade 1448
20270502|0356|0534|1244|1634|1945|2116|25 Zilkade 1448
20270503|0354|0533|1244|1635|1946|2117|26 Zilkade 1448
20270504|0353|0531|1244|1635|1947|2119|27 Zilkade 1448
20270505|0351|0530|1244|1635|1948|2120|28 Zilkade 1448
20270506|0349|0529|1244|1635|1949|2122|29 Zilkade 1448
20270507|0348|0528|1244|1636|1950|2123|1 Zilhicce 1448
20270508|0346|0527|1244|1636|1951|2125|2 Zilhicce 1448
20270509|0344|0526|1244|1636|1952|2126|3 Zilhicce 1448
20270510|0343|0525|1244|1636|1953|2127|4 Zilhicce 1448
20270511|0341|0523|1244|1637|1954|2129|5 Zilhicce 1448
20270512|0339|0522|1244|1637|1955|2130|6 Zilhicce 1448
20270513|0338|0521|1244|1637|1956|2132|7 Zilhicce 1448
20270514|0336|0520|1244|1638|1957|2133|8 Zilhicce 1448
20270515|0335|0519|1244|1638|1958|2135|9 Zilhicce 1448
20270516|0333|0518|1244|1638|1959|2136|10 Zilhicce 1448
20270517|0332|0518|1244|1638|2000|2138|11 Zilhicce 1448
20270518|0331|0517|1244|1639|2001|2139|12 Zilhicce 1448
20270519|0329|0516|1244|1639|2002|2141|13 Zilhicce 1448
20270520|0328|0515|1244|1639|2002|2142|14 Zilhicce 1448
20270521|0326|0514|1244|1639|2003|2143|15 Zilhicce 1448
20270522|0325|0513|1244|1640|2004|2145|16 Zilhicce 1448
20270523|0324|0513|1244|1640|2005|2146|17 Zilhicce 1448
20270524|0323|0512|1244|1640|2006|2147|18 Zilhicce 1448
20270525|0321|0511|1244|1641|2007|2149|19 Zilhicce 1448
20270526|0320|0511|1244|1641|2008|2150|20 Zilhicce 1448
20270527|0319|0510|1244|1641|2009|2151|21 Zilhicce 1448
20270528|0318|0509|1244|1641|2009|2153|22 Zilhicce 1448
20270529|0317|0509|1245|1642|2010|2154|23 Zilhicce 1448
20270530|0316|0508|1245|1642|2011|2155|24 Zilhicce 1448
20270531|0315|0508|1245|1642|2012|2156|25 Zilhicce 1448
20270601|0314|0507|1245|1642|2013|2157|26 Zilhicce 1448
20270602|0313|0507|1245|1643|2013|2158|27 Zilhicce 1448
20270603|0312|0507|1245|1643|2014|2200|28 Zilhicce 1448
20270604|0312|0506|1245|1643|2015|2201|29 Zilhicce 1448
20270605|0311|0506|1246|1644|2015|2202|30 Zilhicce 1448
20270606|0310|0506|1246|1644|2016|2203|1 Muharrem 1449
20270607|0310|0505|1246|1644|2017|2204|2 Muharrem 1449
20270608|0309|0505|1246|1644|2017|2204|3 Muharrem 1449
20270609|0309|0505|1246|1645|2018|2205|4 Muharrem 1449
20270610|0308|0505|1247|1645|2018|2206|5 Muharrem 1449
20270611|0308|0505|1247|1645|2019|2207|6 Muharrem 1449
20270612|0307|0504|1247|1645|2019|2208|7 Muharrem 1449
20270613|0307|0504|1247|1646|2020|2208|8 Muharrem 1449
20270614|0307|0504|1247|1646|2020|2209|9 Muharrem 1449
20270615|0307|0504|1248|1646|2021|2210|10 Muharrem 1449
20270616|0306|0504|1248|1646|2021|2210|11 Muharrem 1449
20270617|0306|0504|1248|1647|2022|2211|12 Muharrem 1449
20270618|0306|0505|1248|1647|2022|2211|13 Muharrem 1449
20270619|0306|0505|1248|1647|2022|2211|14 Muharrem 1449
20270620|0307|0505|1249|1647|2023|2212|15 Muharrem 1449
20270621|0307|0505|1249|1648|2023|2212|16 Muharrem 1449
20270622|0307|0505|1249|1648|2023|2212|17 Muharrem 1449
20270623|0307|0505|1249|1648|2023|2212|18 Muharrem 1449
20270624|0308|0506|1250|1648|2023|2212|19 Muharrem 1449
20270625|0308|0506|1250|1648|2023|2213|20 Muharrem 1449
20270626|0308|0506|1250|1649|2024|2213|21 Muharrem 1449
20270627|0309|0507|1250|1649|2024|2212|22 Muharrem 1449
20270628|0309|0507|1250|1649|2024|2212|23 Muharrem 1449
20270629|0310|0508|1251|1649|2024|2212|24 Muharrem 1449
20270630|0311|0508|1251|1649|2024|2212|25 Muharrem 1449
20270701|0311|0508|1251|1649|2024|2212|26 Muharrem 1449
20270702|0312|0509|1251|1650|2023|2211|27 Muharrem 1449
20270703|0313|0509|1251|1650|2023|2211|28 Muharrem 1449
20270704|0314|0510|1252|1650|2023|2211|29 Muharrem 1449
20270705|0315|0511|1252|1650|2023|2210|1 Safer 1449
20270706|0315|0511|1252|1650|2023|2210|2 Safer 1449
20270707|0316|0512|1252|1650|2022|2209|3 Safer 1449
20270708|0317|0512|1252|1650|2022|2208|4 Safer 1449
20270709|0318|0513|1252|1650|2022|2208|5 Safer 1449
20270710|0319|0514|1253|1650|2021|2207|6 Safer 1449
20270711|0321|0514|1253|1650|2021|2206|7 Safer 1449
20270712|0322|0515|1253|1650|2021|2205|8 Safer 1449
20270713|0323|0516|1253|1650|2020|2205|9 Safer 1449
20270714|0324|0517|1253|1650|2020|2204|10 Safer 1449
20270715|0325|0517|1253|1650|2019|2203|11 Safer 1449
20270716|0327|0518|1253|1650|2018|2202|12 Safer 1449
20270717|0328|0519|1253|1650|2018|2201|13 Safer 1449
20270718|0329|0520|1253|1650|2017|2200|14 Safer 1449
20270719|0330|0520|1254|1650|2017|2158|15 Safer 1449
20270720|0332|0521|1254|1650|2016|2157|16 Safer 1449
20270721|0333|0522|1254|1650|2015|2156|17 Safer 1449
20270722|0335|0523|1254|1650|2014|2155|18 Safer 1449
20270723|0336|0524|1254|1649|2014|2154|19 Safer 1449
20270724|0337|0525|1254|1649|2013|2152|20 Safer 1449
20270725|0339|0526|1254|1649|2012|2151|21 Safer 1449
20270726|0340|0527|1254|1649|2011|2150|22 Safer 1449
20270727|0342|0527|1254|1649|2010|2148|23 Safer 1449
20270728|0343|0528|1254|1648|2009|2147|24 Safer 1449
20270729|0345|0529|1254|1648|2008|2145|25 Safer 1449
20270730|0346|0530|1254|1648|2007|2144|26 Safer 1449
20270731|0347|0531|1254|1647|2006|2143|27 Safer 1449
20270801|0349|0532|1254|1647|2005|2141|28 Safer 1449
20270802|0350|0533|1254|1647|2004|2139|29 Safer 1449
20270803|0352|0534|1253|1646|2003|2138|1 Rebiulevvel 1449
20270804|0353|0535|1253|1646|2002|2136|2 Rebiulevvel 1449
20270805|0355|0536|1253|1646|2001|2135|3 Rebiulevvel 1449
20270806|0356|0537|1253|1645|2000|2133|4 Rebiulevvel 1449
20270807|0358|0538|1253|1645|1958|2131|5 Rebiulevvel 1449
20270808|0359|0539|1253|1644|1957|2130|6 Rebiulevvel 1449
20270809|0401|0540|1253|1644|1956|2128|7 Rebiulevvel 1449
20270810|0402|0541|1253|1643|1955|2126|8 Rebiulevvel 1449
20270811|0404|0542|1253|1643|1954|2125|9 Rebiulevvel 1449
20270812|0405|0543|1252|1642|1952|2123|10 Rebiulevvel 1449
20270813|0407|0544|1252|1642|1951|2121|11 Rebiulevvel 1449
20270814|0408|0545|1252|1641|1950|2119|12 Rebiulevvel 1449
20270815|0409|0545|1252|1641|1948|2118|13 Rebiulevvel 1449
20270816|0411|0546|1252|1640|1947|2116|14 Rebiulevvel 1449
20270817|0412|0547|1251|1639|1946|2114|15 Rebiulevvel 1449
20270818|0414|0548|1251|1639|1944|2112|16 Rebiulevvel 1449
20270819|0415|0549|1251|1638|1943|2111|17 Rebiulevvel 1449
20270820|0417|0550|1251|1637|1941|2109|18 Rebiulevvel 1449
20270821|0418|0551|1251|1637|1940|2107|19 Rebiulevvel 1449
20270822|0419|0552|1250|1636|1938|2105|20 Rebiulevvel 1449
20270823|0421|0553|1250|1635|1937|2103|21 Rebiulevvel 1449
20270824|0422|0554|1250|1634|1935|2101|22 Rebiulevvel 1449
20270825|0423|0555|1250|1633|1934|2059|23 Rebiulevvel 1449
20270826|0425|0556|1249|1633|1932|2058|24 Rebiulevvel 1449
20270827|0426|0557|1249|1632|1931|2056|25 Rebiulevvel 1449
20270828|0427|0558|1249|1631|1929|2054|26 Rebiulevvel 1449
20270829|0429|0559|1248|1630|1928|2052|27 Rebiulevvel 1449
20270830|0430|0600|1248|1629|1926|2050|28 Rebiulevvel 1449
20270831|0431|0601|1248|1628|1925|2048|29 Rebiulevvel 1449
20270901|0433|0602|1247|1628|1923|2046|30 Rebiulevvel 1449
20270902|0434|0603|1247|1627|1921|2045|1 Rebiulahir 1449
20270903|0435|0604|1247|1626|1920|2043|2 Rebiulahir 1449
20270904|0436|0605|1246|1625|1918|2041|3 Rebiulahir 1449
20270905|0438|0606|1246|1624|1917|2039|4 Rebiulahir 1449
20270906|0439|0607|1246|1623|1915|2037|5 Rebiulahir 1449
20270907|0440|0608|1245|1622|1913|2035|6 Rebiulahir 1449
20270908|0441|0609|1245|1621|1912|2033|7 Rebiulahir 1449
20270909|0443|0610|1245|1620|1910|2031|8 Rebiulahir 1449
20270910|0444|0611|1244|1619|1908|2029|9 Rebiulahir 1449
20270911|0445|0612|1244|1618|1907|2028|10 Rebiulahir 1449
20270912|0446|0613|1244|1617|1905|2026|11 Rebiulahir 1449
20270913|0447|0613|1243|1616|1903|2024|12 Rebiulahir 1449
20270914|0448|0614|1243|1615|1902|2022|13 Rebiulahir 1449
20270915|0450|0615|1243|1614|1900|2020|14 Rebiulahir 1449
20270916|0451|0616|1242|1612|1858|2018|15 Rebiulahir 1449
20270917|0452|0617|1242|1611|1857|2016|16 Rebiulahir 1449
20270918|0453|0618|1242|1610|1855|2015|17 Rebiulahir 1449
20270919|0454|0619|1241|1609|1853|2013|18 Rebiulahir 1449
20270920|0455|0620|1241|1608|1852|2011|19 Rebiulahir 1449
20270921|0456|0621|1241|1607|1850|2009|20 Rebiulahir 1449
20270922|0458|0622|1240|1606|1848|2007|21 Rebiulahir 1449
20270923|0459|0623|1240|1605|1847|2006|22 Rebiulahir 1449
20270924|0500|0624|1239|1603|1845|2004|23 Rebiulahir 1449
20270925|0501|0625|1239|1602|1843|2002|24 Rebiulahir 1449
20270926|0502|0626|1239|1601|1842|2000|25 Rebiulahir 1449
20270927|0503|0627|1238|1600|1840|1958|26 Rebiulahir 1449
20270928|0504|0628|1238|1559|1838|1957|27 Rebiulahir 1449
20270929|0505|0629|1238|1558|1837|1955|28 Rebiulahir 1449
20270930|0506|0630|1237|1556|1835|1953|29 Rebiulahir 1449
20271001|0507|0631|1237|1555|1833|1952|1 Cemaziyelevvel 1449
20271002|0508|0632|1237|1554|1832|1950|2 Cemaziyelevvel 1449
20271003|0509|0633|1236|1553|1830|1948|3 Cemaziyelevvel 1449
20271004|0510|0634|1236|1552|1828|1947|4 Cemaziyelevvel 1449
20271005|0512|0635|1236|1550|1827|1945|5 Cemaziyelevvel 1449
20271006|0513|0636|1236|1549|1825|1943|6 Cemaziyelevvel 1449
20271007|0514|0637|1235|1548|1823|1942|7 Cemaziyelevvel 1449
20271008|0515|0638|1235|1547|1822|1940|8 Cemaziyelevvel 1449
20271009|0516|0639|1235|1546|1820|1938|9 Cemaziyelevvel 1449
20271010|0517|0640|1234|1545|1819|1937|10 Cemaziyelevvel 1449
20271011|0518|0641|1234|1543|1817|1935|11 Cemaziyelevvel 1449
20271012|0519|0642|1234|1542|1815|1934|12 Cemaziyelevvel 1449
20271013|0520|0643|1234|1541|1814|1932|13 Cemaziyelevvel 1449
20271014|0521|0644|1233|1540|1812|1931|14 Cemaziyelevvel 1449
20271015|0522|0645|1233|1539|1811|1929|15 Cemaziyelevvel 1449
20271016|0523|0647|1233|1537|1809|1928|16 Cemaziyelevvel 1449
20271017|0524|0648|1233|1536|1808|1926|17 Cemaziyelevvel 1449
20271018|0525|0649|1232|1535|1806|1925|18 Cemaziyelevvel 1449
20271019|0526|0650|1232|1534|1805|1923|19 Cemaziyelevvel 1449
20271020|0527|0651|1232|1533|1803|1922|20 Cemaziyelevvel 1449
20271021|0528|0652|1232|1532|1802|1921|21 Cemaziyelevvel 1449
20271022|0529|0653|1232|1531|1801|1919|22 Cemaziyelevvel 1449
20271023|0530|0654|1232|1530|1759|1918|23 Cemaziyelevvel 1449
20271024|0531|0655|1231|1529|1758|1917|24 Cemaziyelevvel 1449
20271025|0532|0656|1231|1527|1756|1915|25 Cemaziyelevvel 1449
20271026|0533|0658|1231|1526|1755|1914|26 Cemaziyelevvel 1449
20271027|0534|0659|1231|1525|1754|1913|27 Cemaziyelevvel 1449
20271028|0535|0700|1231|1524|1752|1912|28 Cemaziyelevvel 1449
20271029|0536|0701|1231|1523|1751|1911|29 Cemaziyelevvel 1449
20271030|0537|0702|1231|1522|1750|1909|30 Cemaziyelevvel 1449
20271031|0538|0703|1231|1521|1749|1908|1 Cemaziyelahir 1449
20271101|0539|0704|1231|1520|1747|1907|2 Cemaziyelahir 1449
20271102|0540|0705|1231|1519|1746|1906|3 Cemaziyelahir 1449
20271103|0541|0707|1231|1518|1745|1905|4 Cemaziyelahir 1449
20271104|0542|0708|1231|1517|1744|1904|5 Cemaziyelahir 1449
20271105|0543|0709|1231|1517|1743|1903|6 Cemaziyelahir 1449
20271106|0544|0710|1231|1516|1742|1902|7 Cemaziyelahir 1449
20271107|0545|0711|1231|1515|1740|1901|8 Cemaziyelahir 1449
20271108|0546|0712|1231|1514|1739|1900|9 Cemaziyelahir 1449
20271109|0547|0714|1231|1513|1738|1859|10 Cemaziyelahir 1449
20271110|0548|0715|1231|1512|1737|1858|11 Cemaziyelahir 1449
20271111|0549|0716|1231|1512|1736|1858|12 Cemaziyelahir 1449
20271112|0550|0717|1231|1511|1735|1857|13 Cemaziyelahir 1449
20271113|0551|0718|1231|1510|1734|1856|14 Cemaziyelahir 1449
20271114|0552|0719|1232|1509|1734|1855|15 Cemaziyelahir 1449
20271115|0553|0721|1232|1509|1733|1855|16 Cemaziyelahir 1449
20271116|0554|0722|1232|1508|1732|1854|17 Cemaziyelahir 1449
20271117|0555|0723|1232|1507|1731|1853|18 Cemaziyelahir 1449
20271118|0556|0724|1232|1507|1730|1853|19 Cemaziyelahir 1449
20271119|0557|0725|1232|1506|1730|1852|20 Cemaziyelahir 1449
20271120|0558|0726|1233|1506|1729|1852|21 Cemaziyelahir 1449
20271121|0559|0728|1233|1505|1728|1851|22 Cemaziyelahir 1449
20271122|0600|0729|1233|1505|1728|1851|23 Cemaziyelahir 1449
20271123|0601|0730|1233|1504|1727|1850|24 Cemaziyelahir 1449
20271124|0602|0731|1234|1504|1726|1850|25 Cemaziyelahir 1449
20271125|0603|0732|1234|1504|1726|1849|26 Cemaziyelahir 1449
20271126|0604|0733|1234|1503|1725|1849|27 Cemaziyelahir 1449
20271127|0605|0734|1235|1503|1725|1849|28 Cemaziyelahir 1449
20271128|0606|0735|1235|1503|1725|1849|29 Cemaziyelahir 1449
20271129|0607|0736|1235|1502|1724|1848|1 Recep 1449
20271130|0608|0737|1236|1502|1724|1848|2 Recep 1449
20271201|0609|0738|1236|1502|1724|1848|3 Recep 1449
20271202|0609|0739|1236|1502|1723|1848|4 Recep 1449
20271203|0610|0740|1237|1502|1723|1848|5 Recep 1449
20271204|0611|0741|1237|1501|1723|1848|6 Recep 1449
20271205|0612|0742|1237|1501|1723|1848|7 Recep 1449
20271206|0613|0743|1238|1501|1723|1848|8 Recep 1449
20271207|0614|0744|1238|1501|1722|1848|9 Recep 1449
20271208|0614|0745|1239|1501|1722|1848|10 Recep 1449
20271209|0615|0746|1239|1501|1722|1848|11 Recep 1449
20271210|0616|0747|1240|1502|1722|1848|12 Recep 1449
20271211|0617|0748|1240|1502|1723|1848|13 Recep 1449
20271212|0618|0748|1241|1502|1723|1848|14 Recep 1449
20271213|0618|0749|1241|1502|1723|1848|15 Recep 1449
20271214|0619|0750|1241|1502|1723|1849|16 Recep 1449
20271215|0620|0751|1242|1503|1723|1849|17 Recep 1449
20271216|0620|0751|1242|1503|1723|1849|18 Recep 1449
20271217|0621|0752|1243|1503|1724|1850|19 Recep 1449
20271218|0621|0753|1243|1504|1724|1850|20 Recep 1449
20271219|0622|0753|1244|1504|1724|1850|21 Recep 1449
20271220|0623|0754|1244|1504|1725|1851|22 Recep 1449
20271221|0623|0755|1245|1505|1725|1851|23 Recep 1449
20271222|0624|0755|1245|1505|1726|1852|24 Recep 1449
20271223|0624|0756|1246|1506|1726|1852|25 Recep 1449
20271224|0625|0756|1246|1506|1727|1853|26 Recep 1449
20271225|0625|0756|1247|1507|1727|1853|27 Recep 1449
20271226|0625|0757|1247|1507|1728|1854|28 Recep 1449
20271227|0626|0757|1248|1508|1729|1854|29 Recep 1449
20271228|0626|0757|1248|1509|1729|1855|30 Recep 1449
20271229|0627|0758|1249|1509|1730|1856|1 Şaban 1449
20271230|0627|0758|1249|1510|1731|1856|2 Şaban 1449
20271231|0627|0758|1250|1511|1732|1857|3 Şaban 1449
