# diyanet | surum=diyanet-2026-10-04.1 | il=ISTANBUL | yerlesim=19 | 2026-01-01..2027-12-31
#@9535|Arnavutkoy|ISTANBUL|730
20260101|0651|0824|1313|1532|1753|1920|12 Recep 1447
20260102|0652|0824|1314|1533|1754|1921|13 Recep 1447
20260103|0652|0824|1314|1534|1755|1921|14 Recep 1447
20260104|0652|0824|1315|1535|1756|1922|15 Recep 1447
20260105|0652|0824|1315|1536|1757|1923|16 Recep 1447
20260106|0652|0824|1316|1537|1758|1924|17 Recep 1447
20260107|0652|0824|1316|1537|1759|1925|18 Recep 1447
20260108|0652|0823|1317|1538|1800|1926|19 Recep 1447
20260109|0652|0823|1317|1539|1801|1927|20 Recep 1447
20260110|0652|0823|1317|1540|1802|1927|21 Recep 1447
20260111|0652|0823|1318|1541|1803|1928|22 Recep 1447
20260112|0652|0823|1318|1542|1804|1929|23 Recep 1447
20260113|0651|0822|1319|1543|1805|1930|24 Recep 1447
20260114|0651|0822|1319|1544|1806|1931|25 Recep 1447
20260115|0651|0821|1319|1545|1807|1932|26 Recep 1447
20260116|0651|0821|1320|1546|1808|1933|27 Recep 1447
20260117|0650|0821|1320|1547|1809|1934|28 Recep 1447
20260118|0650|0820|1320|1548|1811|1935|29 Recep 1447
20260119|0650|0819|1321|1549|1812|1936|30 Recep 1447
20260120|0649|0819|1321|1550|1813|1937|1 Şaban 1447
20260121|0649|0818|1321|1551|1814|1938|2 Şaban 1447
20260122|0648|0818|1321|1552|1815|1939|3 Şaban 1447
20260123|0648|0817|1322|1553|1817|1940|4 Şaban 1447
20260124|0647|0816|1322|1554|1818|1941|5 Şaban 1447
20260125|0647|0816|1322|1555|1819|1942|6 Şaban 1447
20260126|0646|0815|1322|1556|1820|1943|7 Şaban 1447
20260127|0645|0814|1323|1557|1821|1945|8 Şaban 1447
20260128|0645|0813|1323|1558|1823|1946|9 Şaban 1447
20260129|0644|0812|1323|1600|1824|1947|10 Şaban 1447
20260130|0643|0811|1323|1601|1825|1948|11 Şaban 1447
20260131|0643|0810|1323|1602|1826|1949|12 Şaban 1447
20260201|0642|0809|1324|1603|1828|1950|13 Şaban 1447
20260202|0641|0808|1324|1604|1829|1951|14 Şaban 1447
20260203|0640|0807|1324|1605|1830|1952|15 Şaban 1447
20260204|0639|0806|1324|1606|1831|1953|16 Şaban 1447
20260205|0638|0805|1324|1607|1833|1954|17 Şaban 1447
20260206|0637|0804|1324|1608|1834|1955|18 Şaban 1447
20260207|0636|0803|1324|1609|1835|1957|19 Şaban 1447
20260208|0635|0802|1324|1610|1836|1958|20 Şaban 1447
20260209|0634|0801|1324|1611|1838|1959|21 Şaban 1447
20260210|0633|0800|1324|1612|1839|2000|22 Şaban 1447
20260211|0632|0758|1324|1613|1840|2001|23 Şaban 1447
20260212|0631|0757|1324|1614|1841|2002|24 Şaban 1447
20260213|0630|0756|1324|1615|1843|2003|25 Şaban 1447
20260214|0629|0755|1324|1616|1844|2004|26 Şaban 1447
20260215|0628|0753|1324|1617|1845|2005|27 Şaban 1447
20260216|0626|0752|1324|1618|1846|2007|28 Şaban 1447
20260217|0625|0751|1324|1619|1848|2008|29 Şaban 1447
20260218|0624|0749|1324|1619|1849|2009|30 Şaban 1447
20260219|0623|0748|1324|1620|1850|2010|1 Ramazan 1447
20260220|0621|0746|1324|1621|1851|2011|2 Ramazan 1447
20260221|0620|0745|1324|1622|1852|2012|3 Ramazan 1447
20260222|0619|0744|1324|1623|1854|2013|4 Ramazan 1447
20260223|0617|0742|1323|1624|1855|2014|5 Ramazan 1447
20260224|0616|0741|1323|1625|1856|2015|6 Ramazan 1447
20260225|0614|0739|1323|1626|1857|2017|7 Ramazan 1447
20260226|0613|0738|1323|1626|1858|2018|8 Ramazan 1447
20260227|0611|0736|1323|1627|1900|2019|9 Ramazan 1447
20260228|0610|0735|1323|1628|1901|2020|10 Ramazan 1447
20260301|0608|0733|1322|1629|1902|2021|11 Ramazan 1447
20260302|0607|0731|1322|1629|1903|2022|12 Ramazan 1447
20260303|0605|0730|1322|1630|1904|2023|13 Ramazan 1447
20260304|0604|0728|1322|1631|1905|2025|14 Ramazan 1447
20260305|0602|0727|1322|1632|1907|2026|15 Ramazan 1447
20260306|0601|0725|1321|1632|1908|2027|16 Ramazan 1447
20260307|0559|0724|1321|1633|1909|2028|17 Ramazan 1447
20260308|0557|0722|1321|1634|1910|2029|18 Ramazan 1447
20260309|0556|0720|1321|1635|1911|2030|19 Ramazan 1447
20260310|0554|0719|1320|1635|1912|2031|20 Ramazan 1447
20260311|0552|0717|1320|1636|1913|2033|21 Ramazan 1447
20260312|0551|0715|1320|1637|1914|2034|22 Ramazan 1447
20260313|0549|0714|1320|1637|1916|2035|23 Ramazan 1447
20260314|0547|0712|1319|1638|1917|2036|24 Ramazan 1447
20260315|0545|0710|1319|1638|1918|2037|25 Ramazan 1447
20260316|0544|0709|1319|1639|1919|2038|26 Ramazan 1447
20260317|0542|0707|1319|1640|1920|2040|27 Ramazan 1447
20260318|0540|0705|1318|1640|1921|2041|28 Ramazan 1447
20260319|0538|0704|1318|1641|1922|2042|29 Ramazan 1447
20260320|0537|0702|1318|1641|1923|2043|1 Şevval 1447
20260321|0535|0700|1317|1642|1924|2044|2 Şevval 1447
20260322|0533|0659|1317|1642|1925|2046|3 Şevval 1447
20260323|0531|0657|1317|1643|1927|2047|4 Şevval 1447
20260324|0529|0655|1316|1643|1928|2048|5 Şevval 1447
20260325|0527|0654|1316|1644|1929|2049|6 Şevval 1447
20260326|0526|0652|1316|1644|1930|2051|7 Şevval 1447
20260327|0524|0650|1316|1645|1931|2052|8 Şevval 1447
20260328|0522|0649|1315|1645|1932|2053|9 Şevval 1447
20260329|0520|0647|1315|1646|1933|2054|10 Şevval 1447
20260330|0518|0645|1315|1646|1934|2056|11 Şevval 1447
20260331|0516|0644|1314|1647|1935|2057|12 Şevval 1447
20260401|0514|0642|1314|1647|1936|2058|13 Şevval 1447
20260402|0512|0640|1314|1648|1937|2059|14 Şevval 1447
20260403|0510|0639|1313|1648|1938|2101|15 Şevval 1447
20260404|0509|0637|1313|1649|1939|2102|16 Şevval 1447
20260405|0507|0635|1313|1649|1940|2103|17 Şevval 1447
20260406|0505|0634|1313|1649|1942|2105|18 Şevval 1447
20260407|0503|0632|1312|1650|1943|2106|19 Şevval 1447
20260408|0501|0630|1312|1650|1944|2107|20 Şevval 1447
20260409|0459|0629|1312|1651|1945|2109|21 Şevval 1447
20260410|0457|0627|1311|1651|1946|2110|22 Şevval 1447
20260411|0455|0626|1311|1651|1947|2111|23 Şevval 1447
20260412|0453|0624|1311|1652|1948|2113|24 Şevval 1447
20260413|0451|0622|1311|1652|1949|2114|25 Şevval 1447
20260414|0449|0621|1310|1652|1950|2116|26 Şevval 1447
20260415|0447|0619|1310|1653|1951|2117|27 Şevval 1447
20260416|0445|0618|1310|1653|1952|2118|28 Şevval 1447
20260417|0443|0616|1310|1653|1953|2120|29 Şevval 1447
20260418|0442|0615|1309|1654|1954|2121|1 Zilkade 1447
20260419|0440|0613|1309|1654|1955|2123|2 Zilkade 1447
20260420|0438|0612|1309|1654|1957|2124|3 Zilkade 1447
20260421|0436|0610|1309|1655|1958|2126|4 Zilkade 1447
20260422|0434|0609|1309|1655|1959|2127|5 Zilkade 1447
20260423|0432|0607|1308|1655|2000|2128|6 Zilkade 1447
20260424|0430|0606|1308|1656|2001|2130|7 Zilkade 1447
20260425|0428|0604|1308|1656|2002|2131|8 Zilkade 1447
20260426|0426|0603|1308|1656|2003|2133|9 Zilkade 1447
20260427|0424|0602|1308|1657|2004|2134|10 Zilkade 1447
20260428|0423|0600|1308|1657|2005|2136|11 Zilkade 1447
20260429|0421|0559|1307|1657|2006|2137|12 Zilkade 1447
20260430|0419|0557|1307|1658|2007|2139|13 Zilkade 1447
20260501|0417|0556|1307|1658|2008|2140|14 Zilkade 1447
20260502|0415|0555|1307|1658|2009|2142|15 Zilkade 1447
20260503|0413|0554|1307|1658|2010|2144|16 Zilkade 1447
20260504|0412|0552|1307|1659|2011|2145|17 Zilkade 1447
20260505|0410|0551|1307|1659|2012|2147|18 Zilkade 1447
20260506|0408|0550|1307|1659|2014|2148|19 Zilkade 1447
20260507|0406|0549|1307|1700|2015|2150|20 Zilkade 1447
20260508|0405|0548|1307|1700|2016|2151|21 Zilkade 1447
20260509|0403|0546|1307|1700|2017|2153|22 Zilkade 1447
20260510|0401|0545|1306|1700|2018|2154|23 Zilkade 1447
20260511|0400|0544|1306|1701|2019|2156|24 Zilkade 1447
20260512|0358|0543|1306|1701|2020|2157|25 Zilkade 1447
20260513|0356|0542|1306|1701|2021|2159|26 Zilkade 1447
20260514|0355|0541|1306|1702|2022|2200|27 Zilkade 1447
20260515|0353|0540|1306|1702|2023|2202|28 Zilkade 1447
20260516|0352|0539|1306|1702|2024|2203|29 Zilkade 1447
20260517|0350|0538|1306|1702|2025|2205|30 Zilkade 1447
20260518|0349|0537|1306|1703|2026|2206|1 Zilhicce 1447
20260519|0347|0536|1307|1703|2027|2208|2 Zilhicce 1447
20260520|0346|0536|1307|1703|2028|2209|3 Zilhicce 1447
20260521|0344|0535|1307|1704|2029|2211|4 Zilhicce 1447
20260522|0343|0534|1307|1704|2029|2212|5 Zilhicce 1447
20260523|0342|0533|1307|1704|2030|2214|6 Zilhicce 1447
20260524|0340|0532|1307|1704|2031|2215|7 Zilhicce 1447
20260525|0339|0532|1307|1705|2032|2216|8 Zilhicce 1447
20260526|0338|0531|1307|1705|2033|2218|9 Zilhicce 1447
20260527|0337|0530|1307|1705|2034|2219|10 Zilhicce 1447
20260528|0336|0530|1307|1706|2035|2220|11 Zilhicce 1447
20260529|0335|0529|1307|1706|2036|2222|12 Zilhicce 1447
20260530|0333|0529|1308|1706|2036|2223|13 Zilhicce 1447
20260531|0332|0528|1308|1707|2037|2224|14 Zilhicce 1447
20260601|0331|0528|1308|1707|2038|2225|15 Zilhicce 1447
20260602|0331|0527|1308|1707|2039|2227|16 Zilhicce 1447
20260603|0330|0527|1308|1707|2039|2228|17 Zilhicce 1447
20260604|0329|0527|1308|1708|2040|2229|18 Zilhicce 1447
20260605|0328|0526|1308|1708|2041|2230|19 Zilhicce 1447
20260606|0327|0526|1309|1708|2041|2231|20 Zilhicce 1447
20260607|0327|0526|1309|1708|2042|2232|21 Zilhicce 1447
20260608|0326|0525|1309|1709|2043|2233|22 Zilhicce 1447
20260609|0326|0525|1309|1709|2043|2234|23 Zilhicce 1447
20260610|0325|0525|1309|1709|2044|2234|24 Zilhicce 1447
20260611|0325|0525|1310|1710|2044|2235|25 Zilhicce 1447
20260612|0324|0525|1310|1710|2045|2236|26 Zilhicce 1447
20260613|0324|0525|1310|1710|2045|2237|27 Zilhicce 1447
20260614|0324|0525|1310|1710|2046|2237|28 Zilhicce 1447
20260615|0324|0525|1310|1711|2046|2238|29 Zilhicce 1447
20260616|0323|0525|1311|1711|2047|2238|1 Muharrem 1448
20260617|0323|0525|1311|1711|2047|2239|2 Muharrem 1448
20260618|0323|0525|1311|1711|2047|2239|3 Muharrem 1448
20260619|0323|0525|1311|1712|2048|2240|4 Muharrem 1448
20260620|0324|0525|1312|1712|2048|2240|5 Muharrem 1448
20260621|0324|0525|1312|1712|2048|2240|6 Muharrem 1448
20260622|0324|0526|1312|1712|2048|2241|7 Muharrem 1448
20260623|0324|0526|1312|1712|2049|2241|8 Muharrem 1448
20260624|0325|0526|1312|1713|2049|2241|9 Muharrem 1448
20260625|0325|0526|1313|1713|2049|2241|10 Muharrem 1448
20260626|0325|0527|1313|1713|2049|2241|11 Muharrem 1448
20260627|0326|0527|1313|1713|2049|2241|12 Muharrem 1448
20260628|0326|0528|1313|1713|2049|2241|13 Muharrem 1448
20260629|0327|0528|1313|1714|2049|2240|14 Muharrem 1448
20260630|0328|0528|1314|1714|2049|2240|15 Muharrem 1448
20260701|0329|0529|1314|1714|2049|2240|16 Muharrem 1448
20260702|0329|0529|1314|1714|2049|2239|17 Muharrem 1448
20260703|0330|0530|1314|1714|2049|2239|18 Muharrem 1448
20260704|0331|0531|1314|1714|2048|2239|19 Muharrem 1448
20260705|0332|0531|1315|1714|2048|2238|20 Muharrem 1448
20260706|0333|0532|1315|1714|2048|2237|21 Muharrem 1448
20260707|0334|0532|1315|1714|2048|2237|22 Muharrem 1448
20260708|0335|0533|1315|1715|2047|2236|23 Muharrem 1448
20260709|0336|0534|1315|1715|2047|2235|24 Muharrem 1448
20260710|0337|0534|1315|1715|2046|2235|25 Muharrem 1448
20260711|0338|0535|1316|1715|2046|2234|26 Muharrem 1448
20260712|0340|0536|1316|1715|2046|2233|27 Muharrem 1448
20260713|0341|0537|1316|1715|2045|2232|28 Muharrem 1448
20260714|0342|0537|1316|1715|2045|2231|29 Muharrem 1448
20260715|0343|0538|1316|1714|2044|2230|1 Safer 1448
20260716|0345|0539|1316|1714|2043|2229|2 Safer 1448
20260717|0346|0540|1316|1714|2043|2228|3 Safer 1448
20260718|0347|0541|1316|1714|2042|2227|4 Safer 1448
20260719|0349|0541|1316|1714|2041|2226|5 Safer 1448
20260720|0350|0542|1316|1714|2041|2224|6 Safer 1448
20260721|0352|0543|1316|1714|2040|2223|7 Safer 1448
20260722|0353|0544|1317|1714|2039|2222|8 Safer 1448
20260723|0355|0545|1317|1714|2038|2220|9 Safer 1448
20260724|0356|0546|1317|1713|2037|2219|10 Safer 1448
20260725|0358|0547|1317|1713|2037|2218|11 Safer 1448
20260726|0359|0548|1317|1713|2036|2216|12 Safer 1448
20260727|0401|0549|1317|1713|2035|2215|13 Safer 1448
20260728|0402|0549|1317|1712|2034|2213|14 Safer 1448
20260729|0404|0550|1317|1712|2033|2212|15 Safer 1448
20260730|0405|0551|1317|1712|2032|2210|16 Safer 1448
20260731|0407|0552|1316|1711|2031|2209|17 Safer 1448
20260801|0408|0553|1316|1711|2030|2207|18 Safer 1448
20260802|0410|0554|1316|1711|2029|2206|19 Safer 1448
20260803|0411|0555|1316|1710|2027|2204|20 Safer 1448
20260804|0413|0556|1316|1710|2026|2202|21 Safer 1448
20260805|0414|0557|1316|1709|2025|2201|22 Safer 1448
20260806|0416|0558|1316|1709|2024|2159|23 Safer 1448
20260807|0417|0559|1316|1708|2023|2157|24 Safer 1448
20260808|0419|0600|1316|1708|2021|2156|25 Safer 1448
20260809|0420|0601|1316|1707|2020|2154|26 Safer 1448
20260810|0422|0602|1315|1707|2019|2152|27 Safer 1448
20260811|0423|0603|1315|1706|2018|2150|28 Safer 1448
20260812|0425|0604|1315|1706|2016|2148|29 Safer 1448
20260813|0427|0605|1315|1705|2015|2147|30 Safer 1448
20260814|0428|0606|1315|1705|2014|2145|1 Rebiulevvel 1448
20260815|0430|0607|1315|1704|2012|2143|2 Rebiulevvel 1448
20260816|0431|0608|1314|1703|2011|2141|3 Rebiulevvel 1448
20260817|0432|0609|1314|1703|2009|2139|4 Rebiulevvel 1448
20260818|0434|0610|1314|1702|2008|2138|5 Rebiulevvel 1448
20260819|0435|0611|1314|1701|2006|2136|6 Rebiulevvel 1448
20260820|0437|0612|1314|1701|2005|2134|7 Rebiulevvel 1448
20260821|0438|0613|1313|1700|2003|2132|8 Rebiulevvel 1448
20260822|0440|0614|1313|1659|2002|2130|9 Rebiulevvel 1448
20260823|0441|0615|1313|1658|2000|2128|10 Rebiulevvel 1448
20260824|0443|0616|1313|1657|1959|2126|11 Rebiulevvel 1448
20260825|0444|0617|1312|1657|1957|2124|12 Rebiulevvel 1448
20260826|0445|0618|1312|1656|1956|2122|13 Rebiulevvel 1448
20260827|0447|0619|1312|1655|1954|2120|14 Rebiulevvel 1448
20260828|0448|0620|1311|1654|1953|2119|15 Rebiulevvel 1448
20260829|0450|0621|1311|1653|1951|2117|16 Rebiulevvel 1448
20260830|0451|0622|1311|1652|1949|2115|17 Rebiulevvel 1448
20260831|0452|0623|1311|1651|1948|2113|18 Rebiulevvel 1448
20260901|0454|0624|1310|1650|1946|2111|19 Rebiulevvel 1448
20260902|0455|0625|1310|1650|1945|2109|20 Rebiulevvel 1448
20260903|0456|0626|1310|1649|1943|2107|21 Rebiulevvel 1448
20260904|0458|0627|1309|1648|1941|2105|22 Rebiulevvel 1448
20260905|0459|0628|1309|1647|1940|2103|23 Rebiulevvel 1448
20260906|0500|0629|1309|1646|1938|2101|24 Rebiulevvel 1448
20260907|0501|0630|1308|1645|1936|2059|25 Rebiulevvel 1448
20260908|0503|0631|1308|1644|1935|2057|26 Rebiulevvel 1448
20260909|0504|0632|1308|1643|1933|2055|27 Rebiulevvel 1448
20260910|0505|0633|1307|1641|1931|2053|28 Rebiulevvel 1448
20260911|0506|0634|1307|1640|1930|2052|29 Rebiulevvel 1448
20260912|0508|0635|1306|1639|1928|2050|1 Rebiulahir 1448
20260913|0509|0636|1306|1638|1926|2048|2 Rebiulahir 1448
20260914|0510|0637|1306|1637|1924|2046|3 Rebiulahir 1448
20260915|0511|0638|1305|1636|1923|2044|4 Rebiulahir 1448
20260916|0512|0639|1305|1635|1921|2042|5 Rebiulahir 1448
20260917|0514|0640|1305|1634|1919|2040|6 Rebiulahir 1448
20260918|0515|0641|1304|1633|1918|2038|7 Rebiulahir 1448
20260919|0516|0642|1304|1631|1916|2036|8 Rebiulahir 1448
20260920|0517|0643|1304|1630|1914|2035|9 Rebiulahir 1448
20260921|0518|0644|1303|1629|1912|2033|10 Rebiulahir 1448
20260922|0519|0645|1303|1628|1911|2031|11 Rebiulahir 1448
20260923|0521|0646|1303|1627|1909|2029|12 Rebiulahir 1448
20260924|0522|0647|1302|1626|1907|2027|13 Rebiulahir 1448
20260925|0523|0648|1302|1624|1906|2025|14 Rebiulahir 1448
20260926|0524|0649|1302|1623|1904|2024|15 Rebiulahir 1448
20260927|0525|0650|1301|1622|1902|2022|16 Rebiulahir 1448
20260928|0526|0651|1301|1621|1900|2020|17 Rebiulahir 1448
20260929|0527|0652|1301|1620|1859|2018|18 Rebiulahir 1448
20260930|0528|0653|1300|1618|1857|2016|19 Rebiulahir 1448
20261001|0530|0654|1300|1617|1855|2015|20 Rebiulahir 1448
20261002|0531|0655|1300|1616|1854|2013|21 Rebiulahir 1448
20261003|0532|0656|1259|1615|1852|2011|22 Rebiulahir 1448
20261004|0533|0657|1259|1614|1850|2010|23 Rebiulahir 1448
20261005|0534|0659|1259|1612|1849|2008|24 Rebiulahir 1448
20261006|0535|0700|1258|1611|1847|2006|25 Rebiulahir 1448
20261007|0536|0701|1258|1610|1845|2005|26 Rebiulahir 1448
20261008|0537|0702|1258|1609|1844|2003|27 Rebiulahir 1448
20261009|0538|0703|1257|1607|1842|2001|28 Rebiulahir 1448
20261010|0539|0704|1257|1606|1841|2000|29 Rebiulahir 1448
20261011|0540|0705|1257|1605|1839|1958|30 Rebiulahir 1448
20261012|0541|0706|1257|1604|1837|1957|1 Cemaziyelevvel 1448
20261013|0543|0707|1256|1603|1836|1955|2 Cemaziyelevvel 1448
20261014|0544|0708|1256|1601|1834|1953|3 Cemaziyelevvel 1448
20261015|0545|0709|1256|1600|1833|1952|4 Cemaziyelevvel 1448
20261016|0546|0710|1256|1559|1831|1950|5 Cemaziyelevvel 1448
20261017|0547|0711|1255|1558|1830|1949|6 Cemaziyelevvel 1448
20261018|0548|0713|1255|1557|1828|1947|7 Cemaziyelevvel 1448
20261019|0549|0714|1255|1555|1826|1946|8 Cemaziyelevvel 1448
20261020|0550|0715|1255|1554|1825|1945|9 Cemaziyelevvel 1448
20261021|0551|0716|1255|1553|1824|1943|10 Cemaziyelevvel 1448
20261022|0552|0717|1255|1552|1822|1942|11 Cemaziyelevvel 1448
20261023|0553|0718|1254|1551|1821|1940|12 Cemaziyelevvel 1448
20261024|0554|0719|1254|1550|1819|1939|13 Cemaziyelevvel 1448
20261025|0555|0721|1254|1549|1818|1938|14 Cemaziyelevvel 1448
20261026|0556|0722|1254|1548|1816|1937|15 Cemaziyelevvel 1448
20261027|0557|0723|1254|1547|1815|1935|16 Cemaziyelevvel 1448
20261028|0558|0724|1254|1545|1814|1934|17 Cemaziyelevvel 1448
20261029|0559|0725|1254|1544|1812|1933|18 Cemaziyelevvel 1448
20261030|0600|0726|1254|1543|1811|1932|19 Cemaziyelevvel 1448
20261031|0601|0728|1254|1542|1810|1931|20 Cemaziyelevvel 1448
20261101|0603|0729|1254|1541|1809|1929|21 Cemaziyelevvel 1448
20261102|0604|0730|1254|1540|1807|1928|22 Cemaziyelevvel 1448
20261103|0605|0731|1254|1539|1806|1927|23 Cemaziyelevvel 1448
20261104|0606|0732|1254|1539|1805|1926|24 Cemaziyelevvel 1448
20261105|0607|0734|1254|1538|1804|1925|25 Cemaziyelevvel 1448
20261106|0608|0735|1254|1537|1803|1924|26 Cemaziyelevvel 1448
20261107|0609|0736|1254|1536|1801|1923|27 Cemaziyelevvel 1448
20261108|0610|0737|1254|1535|1800|1922|28 Cemaziyelevvel 1448
20261109|0611|0738|1254|1534|1759|1921|29 Cemaziyelevvel 1448
20261110|0612|0740|1254|1533|1758|1921|1 Cemaziyelahir 1448
20261111|0613|0741|1254|1533|1757|1920|2 Cemaziyelahir 1448
20261112|0614|0742|1254|1532|1756|1919|3 Cemaziyelahir 1448
20261113|0615|0743|1254|1531|1755|1918|4 Cemaziyelahir 1448
20261114|0616|0744|1254|1530|1754|1917|5 Cemaziyelahir 1448
20261115|0617|0745|1255|1530|1754|1917|6 Cemaziyelahir 1448
20261116|0618|0747|1255|1529|1753|1916|7 Cemaziyelahir 1448
20261117|0619|0748|1255|1528|1752|1915|8 Cemaziyelahir 1448
20261118|0620|0749|1255|1528|1751|1915|9 Cemaziyelahir 1448
20261119|0621|0750|1255|1527|1750|1914|10 Cemaziyelahir 1448
20261120|0622|0751|1256|1527|1750|1914|11 Cemaziyelahir 1448
20261121|0623|0753|1256|1526|1749|1913|12 Cemaziyelahir 1448
20261122|0624|0754|1256|1526|1748|1913|13 Cemaziyelahir 1448
20261123|0625|0755|1256|1525|1748|1912|14 Cemaziyelahir 1448
20261124|0626|0756|1257|1525|1747|1912|15 Cemaziyelahir 1448
20261125|0627|0757|1257|1524|1747|1911|16 Cemaziyelahir 1448
20261126|0628|0758|1257|1524|1746|1911|17 Cemaziyelahir 1448
20261127|0629|0759|1257|1524|1746|1911|18 Cemaziyelahir 1448
20261128|0630|0800|1258|1523|1745|1910|19 Cemaziyelahir 1448
20261129|0631|0802|1258|1523|1745|1910|20 Cemaziyelahir 1448
20261130|0632|0803|1259|1523|1744|1910|21 Cemaziyelahir 1448
20261201|0633|0804|1259|1522|1744|1910|22 Cemaziyelahir 1448
20261202|0633|0805|1259|1522|1744|1910|23 Cemaziyelahir 1448
20261203|0634|0806|1300|1522|1744|1909|24 Cemaziyelahir 1448
20261204|0635|0807|1300|1522|1743|1909|25 Cemaziyelahir 1448
20261205|0636|0808|1300|1522|1743|1909|26 Cemaziyelahir 1448
20261206|0637|0809|1301|1522|1743|1909|27 Cemaziyelahir 1448
20261207|0638|0810|1301|1522|1743|1909|28 Cemaziyelahir 1448
20261208|0639|0810|1302|1522|1743|1909|29 Cemaziyelahir 1448
20261209|0639|0811|1302|1522|1743|1909|30 Cemaziyelahir 1448
20261210|0640|0812|1303|1522|1743|1910|1 Recep 1448
20261211|0641|0813|1303|1522|1743|1910|2 Recep 1448
20261212|0642|0814|1303|1522|1743|1910|3 Recep 1448
20261213|0642|0815|1304|1523|1743|1910|4 Recep 1448
20261214|0643|0815|1304|1523|1744|1910|5 Recep 1448
20261215|0644|0816|1305|1523|1744|1911|6 Recep 1448
20261216|0644|0817|1305|1523|1744|1911|7 Recep 1448
20261217|0645|0817|1306|1524|1744|1911|8 Recep 1448
20261218|0646|0818|1306|1524|1745|1912|9 Recep 1448
20261219|0646|0819|1307|1525|1745|1912|10 Recep 1448
20261220|0647|0819|1307|1525|1745|1913|11 Recep 1448
20261221|0647|0820|1308|1525|1746|1913|12 Recep 1448
20261222|0648|0820|1308|1526|1746|1913|13 Recep 1448
20261223|0648|0821|1309|1526|1747|1914|14 Recep 1448
20261224|0649|0821|1309|1527|1747|1915|15 Recep 1448
20261225|0649|0822|1310|1528|1748|1915|16 Recep 1448
20261226|0649|0822|1310|1528|1749|1916|17 Recep 1448
20261227|0650|0822|1311|1529|1749|1916|18 Recep 1448
20261228|0650|0823|1311|1529|1750|1917|19 Recep 1448
20261229|0651|0823|1312|1530|1751|1918|20 Recep 1448
20261230|0651|0823|1312|1531|1751|1918|21 Recep 1448
20261231|0651|0823|1313|1532|1752|1919|22 Recep 1448
20270101|0651|0823|1313|1532|1753|1920|23 Recep 1448
20270102|0651|0824|1314|1533|1754|1921|24 Recep 1448
20270103|0652|0824|1314|1534|1755|1921|25 Recep 1448
20270104|0652|0824|1315|1535|1756|1922|26 Recep 1448
20270105|0652|0824|1315|1536|1757|1923|27 Recep 1448
20270106|0652|0824|1316|1536|1757|1924|28 Recep 1448
20270107|0652|0824|1316|1537|1758|1925|29 Recep 1448
20270108|0652|0823|1316|1538|1759|1925|30 Recep 1448
20270109|0652|0823|1317|1539|1800|1926|1 Şaban 1448
20270110|0652|0823|1317|1540|1801|1927|2 Şaban 1448
20270111|0652|0823|1318|1541|1803|1928|3 Şaban 1448
20270112|0652|0823|1318|1542|1804|1929|4 Şaban 1448
20270113|0651|0822|1318|1543|1805|1930|5 Şaban 1448
20270114|0651|0822|1319|1544|1806|1931|6 Şaban 1448
20270115|0651|0822|1319|1545|1807|1932|7 Şaban 1448
20270116|0651|0821|1320|1546|1808|1933|8 Şaban 1448
20270117|0650|0821|1320|1547|1809|1934|9 Şaban 1448
20270118|0650|0820|1320|1548|1810|1935|10 Şaban 1448
20270119|0650|0820|1321|1549|1811|1936|11 Şaban 1448
20270120|0649|0819|1321|1550|1813|1937|12 Şaban 1448
20270121|0649|0818|1321|1551|1814|1938|13 Şaban 1448
20270122|0648|0818|1321|1552|1815|1939|14 Şaban 1448
20270123|0648|0817|1322|1553|1816|1940|15 Şaban 1448
20270124|0647|0816|1322|1554|1817|1941|16 Şaban 1448
20270125|0647|0816|1322|1555|1819|1942|17 Şaban 1448
20270126|0646|0815|1322|1556|1820|1943|18 Şaban 1448
20270127|0646|0814|1323|1557|1821|1944|19 Şaban 1448
20270128|0645|0813|1323|1558|1822|1945|20 Şaban 1448
20270129|0644|0812|1323|1559|1824|1946|21 Şaban 1448
20270130|0644|0812|1323|1600|1825|1947|22 Şaban 1448
20270131|0643|0811|1323|1601|1826|1949|23 Şaban 1448
20270201|0642|0810|1323|1602|1827|1950|24 Şaban 1448
20270202|0641|0809|1324|1603|1829|1951|25 Şaban 1448
20270203|0640|0808|1324|1605|1830|1952|26 Şaban 1448
20270204|0639|0807|1324|1606|1831|1953|27 Şaban 1448
20270205|0639|0806|1324|1607|1832|1954|28 Şaban 1448
20270206|0638|0804|1324|1608|1834|1955|29 Şaban 1448
20270207|0637|0803|1324|1609|1835|1956|30 Şaban 1448
20270208|0636|0802|1324|1610|1836|1957|1 Ramazan 1448
20270209|0635|0801|1324|1611|1837|1958|2 Ramazan 1448
20270210|0634|0800|1324|1612|1839|2000|3 Ramazan 1448
20270211|0632|0759|1324|1613|1840|2001|4 Ramazan 1448
20270212|0631|0757|1324|1614|1841|2002|5 Ramazan 1448
20270213|0630|0756|1324|1615|1842|2003|6 Ramazan 1448
20270214|0629|0755|1324|1615|1844|2004|7 Ramazan 1448
20270215|0628|0754|1324|1616|1845|2005|8 Ramazan 1448
20270216|0627|0752|1324|1617|1846|2006|9 Ramazan 1448
20270217|0625|0751|1324|1618|1847|2007|10 Ramazan 1448
20270218|0624|0749|1324|1619|1849|2008|11 Ramazan 1448
20270219|0623|0748|1324|1620|1850|2010|12 Ramazan 1448
20270220|0622|0747|1324|1621|1851|2011|13 Ramazan 1448
20270221|0620|0745|1324|1622|1852|2012|14 Ramazan 1448
20270222|0619|0744|1324|1623|1853|2013|15 Ramazan 1448
20270223|0618|0742|1323|1624|1855|2014|16 Ramazan 1448
20270224|0616|0741|1323|1624|1856|2015|17 Ramazan 1448
20270225|0615|0739|1323|1625|1857|2016|18 Ramazan 1448
20270226|0613|0738|1323|1626|1858|2017|19 Ramazan 1448
20270227|0612|0736|1323|1627|1859|2019|20 Ramazan 1448
20270228|0610|0735|1323|1628|1900|2020|21 Ramazan 1448
20270301|0609|0733|1322|1629|1902|2021|22 Ramazan 1448
20270302|0607|0732|1322|1629|1903|2022|23 Ramazan 1448
20270303|0606|0730|1322|1630|1904|2023|24 Ramazan 1448
20270304|0604|0729|1322|1631|1905|2024|25 Ramazan 1448
20270305|0603|0727|1322|1632|1906|2025|26 Ramazan 1448
20270306|0601|0726|1321|1632|1907|2027|27 Ramazan 1448
20270307|0559|0724|1321|1633|1909|2028|28 Ramazan 1448
20270308|0558|0722|1321|1634|1910|2029|29 Ramazan 1448
20270309|0556|0721|1321|1634|1911|2030|1 Şevval 1448
20270310|0554|0719|1320|1635|1912|2031|2 Şevval 1448
20270311|0553|0717|1320|1636|1913|2032|3 Şevval 1448
20270312|0551|0716|1320|1636|1914|2033|4 Şevval 1448
20270313|0549|0714|1320|1637|1915|2035|5 Şevval 1448
20270314|0548|0712|1319|1638|1916|2036|6 Şevval 1448
20270315|0546|0711|1319|1638|1917|2037|7 Şevval 1448
20270316|0544|0709|1319|1639|1919|2038|8 Şevval 1448
20270317|0542|0707|1319|1639|1920|2039|9 Şevval 1448
20270318|0541|0706|1318|1640|1921|2041|10 Şevval 1448
20270319|0539|0704|1318|1641|1922|2042|11 Şevval 1448
20270320|0537|0702|1318|1641|1923|2043|12 Şevval 1448
20270321|0535|0701|1317|1642|1924|2044|13 Şevval 1448
20270322|0533|0659|1317|1642|1925|2045|14 Şevval 1448
20270323|0532|0657|1317|1643|1926|2047|15 Şevval 1448
20270324|0530|0656|1317|1643|1927|2048|16 Şevval 1448
20270325|0528|0654|1316|1644|1928|2049|17 Şevval 1448
20270326|0526|0652|1316|1644|1929|2050|18 Şevval 1448
20270327|0524|0651|1316|1645|1931|2051|19 Şevval 1448
20270328|0522|0649|1315|1645|1932|2053|20 Şevval 1448
20270329|0520|0647|1315|1646|1933|2054|21 Şevval 1448
20270330|0519|0646|1315|1646|1934|2055|22 Şevval 1448
20270331|0517|0644|1314|1647|1935|2056|23 Şevval 1448
20270401|0515|0642|1314|1647|1936|2058|24 Şevval 1448
20270402|0513|0641|1314|1648|1937|2059|25 Şevval 1448
20270403|0511|0639|1314|1648|1938|2100|26 Şevval 1448
20270404|0509|0637|1313|1648|1939|2102|27 Şevval 1448
20270405|0507|0636|1313|1649|1940|2103|28 Şevval 1448
20270406|0505|0634|1313|1649|1941|2104|29 Şevval 1448
20270407|0503|0632|1312|1650|1942|2106|30 Şevval 1448
20270408|0501|0631|1312|1650|1943|2107|1 Zilkade 1448
20270409|0459|0629|1312|1650|1944|2108|2 Zilkade 1448
20270410|0457|0628|1312|1651|1946|2110|3 Zilkade 1448
20270411|0456|0626|1311|1651|1947|2111|4 Zilkade 1448
20270412|0454|0624|1311|1652|1948|2112|5 Zilkade 1448
20270413|0452|0623|1311|1652|1949|2114|6 Zilkade 1448
20270414|0450|0621|1310|1652|1950|2115|7 Zilkade 1448
20270415|0448|0620|1310|1653|1951|2117|8 Zilkade 1448
20270416|0446|0618|1310|1653|1952|2118|9 Zilkade 1448
20270417|0444|0617|1310|1653|1953|2119|10 Zilkade 1448
20270418|0442|0615|1310|1654|1954|2121|11 Zilkade 1448
20270419|0440|0614|1309|1654|1955|2122|12 Zilkade 1448
20270420|0438|0612|1309|1654|1956|2124|13 Zilkade 1448
20270421|0436|0611|1309|1655|1957|2125|14 Zilkade 1448
20270422|0434|0609|1309|1655|1958|2127|15 Zilkade 1448
20270423|0432|0608|1308|1655|1959|2128|16 Zilkade 1448
20270424|0431|0606|1308|1656|2001|2130|17 Zilkade 1448
20270425|0429|0605|1308|1656|2002|2131|18 Zilkade 1448
20270426|0427|0603|1308|1656|2003|2133|19 Zilkade 1448
20270427|0425|0602|1308|1657|2004|2134|20 Zilkade 1448
20270428|0423|0601|1308|1657|2005|2136|21 Zilkade 1448
20270429|0421|0559|1307|1657|2006|2137|22 Zilkade 1448
20270430|0419|0558|1307|1657|2007|2139|23 Zilkade 1448
20270501|0418|0557|1307|1658|2008|2140|24 Zilkade 1448
20270502|0416|0555|1307|1658|2009|2142|25 Zilkade 1448
20270503|0414|0554|1307|1658|2010|2143|26 Zilkade 1448
20270504|0412|0553|1307|1659|2011|2145|27 Zilkade 1448
20270505|0410|0551|1307|1659|2012|2146|28 Zilkade 1448
20270506|0409|0550|1307|1659|2013|2148|29 Zilkade 1448
20270507|0407|0549|1307|1700|2014|2149|1 Zilhicce 1448
20270508|0405|0548|1307|1700|2015|2151|2 Zilhicce 1448
20270509|0403|0547|1307|1700|2016|2152|3 Zilhicce 1448
20270510|0402|0546|1306|1700|2017|2154|4 Zilhicce 1448
20270511|0400|0544|1306|1701|2018|2155|5 Zilhicce 1448
20270512|0358|0543|1306|1701|2019|2157|6 Zilhicce 1448
20270513|0357|0542|1306|1701|2020|2159|7 Zilhicce 1448
20270514|0355|0541|1306|1702|2021|2200|8 Zilhicce 1448
20270515|0354|0540|1306|1702|2022|2202|9 Zilhicce 1448
20270516|0352|0539|1306|1702|2023|2203|10 Zilhicce 1448
20270517|0351|0538|1306|1702|2024|2205|11 Zilhicce 1448
20270518|0349|0538|1306|1703|2025|2206|12 Zilhicce 1448
20270519|0348|0537|1306|1703|2026|2208|13 Zilhicce 1448
20270520|0346|0536|1307|1703|2027|2209|14 Zilhicce 1448
20270521|0345|0535|1307|1704|2028|2210|15 Zilhicce 1448
20270522|0343|0534|1307|1704|2029|2212|16 Zilhicce 1448
20270523|0342|0533|1307|1704|2030|2213|17 Zilhicce 1448
20270524|0341|0533|1307|1704|2031|2215|18 Zilhicce 1448
20270525|0339|0532|1307|1705|2032|2216|19 Zilhicce 1448
20270526|0338|0531|1307|1705|2033|2217|20 Zilhicce 1448
20270527|0337|0531|1307|1705|2034|2219|21 Zilhicce 1448
20270528|0336|0530|1307|1706|2035|2220|22 Zilhicce 1448
20270529|0335|0529|1307|1706|2035|2221|23 Zilhicce 1448
20270530|0334|0529|1308|1706|2036|2223|24 Zilhicce 1448
20270531|0333|0528|1308|1706|2037|2224|25 Zilhicce 1448
20270601|0332|0528|1308|1707|2038|2225|26 Zilhicce 1448
20270602|0331|0527|1308|1707|2038|2226|27 Zilhicce 1448
20270603|0330|0527|1308|1707|2039|2227|28 Zilhicce 1448
20270604|0329|0527|1308|1708|2040|2228|29 Zilhicce 1448
20270605|0328|0526|1308|1708|2041|2230|30 Zilhicce 1448
20270606|0328|0526|1309|1708|2041|2231|1 Muharrem 1449
20270607|0327|0526|1309|1708|2042|2232|2 Muharrem 1449
20270608|0326|0525|1309|1709|2043|2232|3 Muharrem 1449
20270609|0326|0525|1309|1709|2043|2233|4 Muharrem 1449
20270610|0325|0525|1309|1709|2044|2234|5 Muharrem 1449
20270611|0325|0525|1310|1710|2044|2235|6 Muharrem 1449
20270612|0324|0525|1310|1710|2045|2236|7 Muharrem 1449
20270613|0324|0525|1310|1710|2045|2237|8 Muharrem 1449
20270614|0324|0525|1310|1710|2046|2237|9 Muharrem 1449
20270615|0324|0525|1310|1711|2046|2238|10 Muharrem 1449
20270616|0323|0525|1311|1711|2047|2238|11 Muharrem 1449
20270617|0323|0525|1311|1711|2047|2239|12 Muharrem 1449
20270618|0323|0525|1311|1711|2047|2239|13 Muharrem 1449
20270619|0323|0525|1311|1712|2048|2240|14 Muharrem 1449
20270620|0323|0525|1311|1712|2048|2240|15 Muharrem 1449
20270621|0324|0525|1312|1712|2048|2240|16 Muharrem 1449
20270622|0324|0526|1312|1712|2048|2240|17 Muharrem 1449
20270623|0324|0526|1312|1712|2049|2241|18 Muharrem 1449
20270624|0324|0526|1312|1713|2049|2241|19 Muharrem 1449
20270625|0325|0526|1313|1713|2049|2241|20 Muharrem 1449
20270626|0325|0527|1313|1713|2049|2241|21 Muharrem 1449
20270627|0326|0527|1313|1713|2049|2241|22 Muharrem 1449
20270628|0326|0527|1313|1713|2049|2241|23 Muharrem 1449
20270629|0327|0528|1313|1714|2049|2240|24 Muharrem 1449
20270630|0328|0528|1314|1714|2049|2240|25 Muharrem 1449
20270701|0328|0529|1314|1714|2049|2240|26 Muharrem 1449
20270702|0329|0529|1314|1714|2049|2240|27 Muharrem 1449
20270703|0330|0530|1314|1714|2049|2239|28 Muharrem 1449
20270704|0331|0530|1314|1714|2048|2239|29 Muharrem 1449
20270705|0332|0531|1315|1714|2048|2238|1 Safer 1449
20270706|0333|0532|1315|1714|2048|2238|2 Safer 1449
20270707|0334|0532|1315|1714|2048|2237|3 Safer 1449
20270708|0335|0533|1315|1715|2047|2236|4 Safer 1449
20270709|0336|0533|1315|1715|2047|2236|5 Safer 1449
20270710|0337|0534|1315|1715|2047|2235|6 Safer 1449
20270711|0338|0535|1315|1715|2046|2234|7 Safer 1449
20270712|0339|0536|1316|1715|2046|2233|8 Safer 1449
20270713|0341|0536|1316|1715|2045|2232|9 Safer 1449
20270714|0342|0537|1316|1715|2045|2231|10 Safer 1449
20270715|0343|0538|1316|1715|2044|2230|11 Safer 1449
20270716|0344|0539|1316|1714|2044|2229|12 Safer 1449
20270717|0346|0539|1316|1714|2043|2228|13 Safer 1449
20270718|0347|0540|1316|1714|2042|2227|14 Safer 1449
20270719|0348|0541|1316|1714|2042|2226|15 Safer 1449
20270720|0350|0542|1316|1714|2041|2225|16 Safer 1449
20270721|0351|0543|1316|1714|2040|2223|17 Safer 1449
20270722|0353|0544|1317|1714|2039|2222|18 Safer 1449
20270723|0354|0545|1317|1714|2038|2221|19 Safer 1449
20270724|0356|0546|1317|1713|2038|2219|20 Safer 1449
20270725|0357|0546|1317|1713|2037|2218|21 Safer 1449
20270726|0359|0547|1317|1713|2036|2217|22 Safer 1449
20270727|0400|0548|1317|1713|2035|2215|23 Safer 1449
20270728|0402|0549|1317|1712|2034|2214|24 Safer 1449
20270729|0403|0550|1317|1712|2033|2212|25 Safer 1449
20270730|0405|0551|1317|1712|2032|2211|26 Safer 1449
20270731|0406|0552|1316|1711|2031|2209|27 Safer 1449
20270801|0408|0553|1316|1711|2030|2208|28 Safer 1449
20270802|0409|0554|1316|1711|2029|2206|29 Safer 1449
20270803|0411|0555|1316|1710|2028|2204|1 Rebiulevvel 1449
20270804|0412|0556|1316|1710|2027|2203|2 Rebiulevvel 1449
20270805|0414|0557|1316|1710|2025|2201|3 Rebiulevvel 1449
20270806|0415|0558|1316|1709|2024|2159|4 Rebiulevvel 1449
20270807|0417|0559|1316|1709|2023|2158|5 Rebiulevvel 1449
20270808|0419|0600|1316|1708|2022|2156|6 Rebiulevvel 1449
20270809|0420|0601|1316|1708|2020|2154|7 Rebiulevvel 1449
20270810|0422|0602|1316|1707|2019|2152|8 Rebiulevvel 1449
20270811|0423|0603|1315|1707|2018|2151|9 Rebiulevvel 1449
20270812|0425|0604|1315|1706|2017|2149|10 Rebiulevvel 1449
20270813|0426|0605|1315|1705|2015|2147|11 Rebiulevvel 1449
20270814|0428|0606|1315|1705|2014|2145|12 Rebiulevvel 1449
20270815|0429|0607|1315|1704|2012|2143|13 Rebiulevvel 1449
20270816|0431|0608|1314|1703|2011|2142|14 Rebiulevvel 1449
20270817|0432|0609|1314|1703|2010|2140|15 Rebiulevvel 1449
20270818|0434|0610|1314|1702|2008|2138|16 Rebiulevvel 1449
20270819|0435|0611|1314|1701|2007|2136|17 Rebiulevvel 1449
20270820|0437|0612|1314|1701|2005|2134|18 Rebiulevvel 1449
20270821|0438|0613|1313|1700|2004|2132|19 Rebiulevvel 1449
20270822|0439|0614|1313|1659|2002|2130|20 Rebiulevvel 1449
20270823|0441|0615|1313|1658|2001|2129|21 Rebiulevvel 1449
20270824|0442|0616|1313|1658|1959|2127|22 Rebiulevvel 1449
20270825|0444|0617|1312|1657|1958|2125|23 Rebiulevvel 1449
20270826|0445|0618|1312|1656|1956|2123|24 Rebiulevvel 1449
20270827|0446|0619|1312|1655|1955|2121|25 Rebiulevvel 1449
20270828|0448|0620|1311|1654|1953|2119|26 Rebiulevvel 1449
20270829|0449|0621|1311|1653|1951|2117|27 Rebiulevvel 1449
20270830|0451|0622|1311|1653|1950|2115|28 Rebiulevvel 1449
20270831|0452|0623|1311|1652|1948|2113|29 Rebiulevvel 1449
20270901|0453|0624|1310|1651|1947|2111|30 Rebiulevvel 1449
20270902|0455|0625|1310|1650|1945|2109|1 Rebiulahir 1449
20270903|0456|0626|1310|1649|1943|2107|2 Rebiulahir 1449
20270904|0457|0627|1309|1648|1942|2105|3 Rebiulahir 1449
20270905|0459|0628|1309|1647|1940|2104|4 Rebiulahir 1449
20270906|0500|0629|1309|1646|1938|2102|5 Rebiulahir 1449
20270907|0501|0630|1308|1645|1937|2100|6 Rebiulahir 1449
20270908|0502|0631|1308|1644|1935|2058|7 Rebiulahir 1449
20270909|0504|0632|1308|1643|1933|2056|8 Rebiulahir 1449
20270910|0505|0633|1307|1642|1932|2054|9 Rebiulahir 1449
20270911|0506|0634|1307|1641|1930|2052|10 Rebiulahir 1449
20270912|0507|0635|1307|1640|1928|2050|11 Rebiulahir 1449
20270913|0509|0636|1306|1638|1927|2048|12 Rebiulahir 1449
20270914|0510|0637|1306|1637|1925|2046|13 Rebiulahir 1449
20270915|0511|0638|1306|1636|1923|2044|14 Rebiulahir 1449
20270916|0512|0639|1305|1635|1921|2043|15 Rebiulahir 1449
20270917|0513|0640|1305|1634|1920|2041|16 Rebiulahir 1449
20270918|0515|0641|1304|1633|1918|2039|17 Rebiulahir 1449
20270919|0516|0642|1304|1632|1916|2037|18 Rebiulahir 1449
20270920|0517|0643|1304|1631|1915|2035|19 Rebiulahir 1449
20270921|0518|0644|1303|1629|1913|2033|20 Rebiulahir 1449
20270922|0519|0645|1303|1628|1911|2031|21 Rebiulahir 1449
20270923|0520|0646|1303|1627|1909|2029|22 Rebiulahir 1449
20270924|0521|0647|1302|1626|1908|2028|23 Rebiulahir 1449
20270925|0523|0648|1302|1625|1906|2026|24 Rebiulahir 1449
20270926|0524|0649|1302|1624|1904|2024|25 Rebiulahir 1449
20270927|0525|0650|1301|1622|1903|2022|26 Rebiulahir 1449
20270928|0526|0651|1301|1621|1901|2020|27 Rebiulahir 1449
20270929|0527|0652|1301|1620|1859|2019|28 Rebiulahir 1449
20270930|0528|0653|1300|1619|1858|2017|29 Rebiulahir 1449
20271001|0529|0654|1300|1617|1856|2015|1 Cemaziyelevvel 1449
20271002|0530|0655|1300|1616|1854|2013|2 Cemaziyelevvel 1449
20271003|0531|0656|1259|1615|1852|2012|3 Cemaziyelevvel 1449
20271004|0533|0657|1259|1614|1851|2010|4 Cemaziyelevvel 1449
20271005|0534|0658|1259|1613|1849|2008|5 Cemaziyelevvel 1449
20271006|0535|0659|1258|1611|1847|2007|6 Cemaziyelevvel 1449
20271007|0536|0700|1258|1610|1846|2005|7 Cemaziyelevvel 1449
20271008|0537|0701|1258|1609|1844|2003|8 Cemaziyelevvel 1449
20271009|0538|0702|1257|1608|1843|2002|9 Cemaziyelevvel 1449
20271010|0539|0704|1257|1607|1841|2000|10 Cemaziyelevvel 1449
20271011|0540|0705|1257|1605|1839|1958|11 Cemaziyelevvel 1449
20271012|0541|0706|1257|1604|1838|1957|12 Cemaziyelevvel 1449
20271013|0542|0707|1256|1603|1836|1955|13 Cemaziyelevvel 1449
20271014|0543|0708|1256|1602|1835|1954|14 Cemaziyelevvel 1449
20271015|0544|0709|1256|1600|1833|1952|15 Cemaziyelevvel 1449
20271016|0545|0710|1256|1559|1831|1951|16 Cemaziyelevvel 1449
20271017|0547|0711|1256|1558|1830|1949|17 Cemaziyelevvel 1449
20271018|0548|0712|1255|1557|1828|1948|18 Cemaziyelevvel 1449
20271019|0549|0713|1255|1556|1827|1946|19 Cemaziyelevvel 1449
20271020|0550|0715|1255|1555|1825|1945|20 Cemaziyelevvel 1449
20271021|0551|0716|1255|1553|1824|1944|21 Cemaziyelevvel 1449
20271022|0552|0717|1255|1552|1822|1942|22 Cemaziyelevvel 1449
20271023|0553|0718|1254|1551|1821|1941|23 Cemaziyelevvel 1449
20271024|0554|0719|1254|1550|1820|1939|24 Cemaziyelevvel 1449
20271025|0555|0720|1254|1549|1818|1938|25 Cemaziyelevvel 1449
20271026|0556|0721|1254|1548|1817|1937|26 Cemaziyelevvel 1449
20271027|0557|0723|1254|1547|1815|1936|27 Cemaziyelevvel 1449
20271028|0558|0724|1254|1546|1814|1934|28 Cemaziyelevvel 1449
20271029|0559|0725|1254|1545|1813|1933|29 Cemaziyelevvel 1449
20271030|0600|0726|1254|1544|1811|1932|30 Cemaziyelevvel 1449
20271031|0601|0727|1254|1543|1810|1931|1 Cemaziyelahir 1449
20271101|0602|0728|1254|1542|1809|1930|2 Cemaziyelahir 1449
20271102|0603|0730|1254|1541|1808|1929|3 Cemaziyelahir 1449
20271103|0604|0731|1254|1540|1806|1928|4 Cemaziyelahir 1449
20271104|0605|0732|1254|1539|1805|1926|5 Cemaziyelahir 1449
20271105|0606|0733|1254|1538|1804|1925|6 Cemaziyelahir 1449
20271106|0608|0734|1254|1537|1803|1924|7 Cemaziyelahir 1449
20271107|0609|0736|1254|1536|1802|1923|8 Cemaziyelahir 1449
20271108|0610|0737|1254|1535|1801|1923|9 Cemaziyelahir 1449
20271109|0611|0738|1254|1534|1800|1922|10 Cemaziyelahir 1449
20271110|0612|0739|1254|1533|1759|1921|11 Cemaziyelahir 1449
20271111|0613|0740|1254|1533|1758|1920|12 Cemaziyelahir 1449
20271112|0614|0742|1254|1532|1757|1919|13 Cemaziyelahir 1449
20271113|0615|0743|1254|1531|1756|1918|14 Cemaziyelahir 1449
20271114|0616|0744|1254|1530|1755|1918|15 Cemaziyelahir 1449
20271115|0617|0745|1254|1530|1754|1917|16 Cemaziyelahir 1449
20271116|0618|0746|1255|1529|1753|1916|17 Cemaziyelahir 1449
20271117|0619|0748|1255|1528|1752|1915|18 Cemaziyelahir 1449
20271118|0620|0749|1255|1528|1751|1915|19 Cemaziyelahir 1449
20271119|0621|0750|1255|1527|1751|1914|20 Cemaziyelahir 1449
20271120|0622|0751|1255|1527|1750|1914|21 Cemaziyelahir 1449
20271121|0623|0752|1256|1526|1749|1913|22 Cemaziyelahir 1449
20271122|0624|0753|1256|1526|1749|1913|23 Cemaziyelahir 1449
20271123|0625|0755|1256|1525|1748|1912|24 Cemaziyelahir 1449
20271124|0626|0756|1256|1525|1747|1912|25 Cemaziyelahir 1449
20271125|0627|0757|1257|1524|1747|1911|26 Cemaziyelahir 1449
20271126|0628|0758|1257|1524|1746|1911|27 Cemaziyelahir 1449
20271127|0629|0759|1257|1524|1746|1911|28 Cemaziyelahir 1449
20271128|0630|0800|1258|1523|1745|1910|29 Cemaziyelahir 1449
20271129|0631|0801|1258|1523|1745|1910|1 Recep 1449
20271130|0631|0802|1258|1523|1745|1910|2 Recep 1449
20271201|0632|0803|1259|1523|1744|1910|3 Recep 1449
20271202|0633|0804|1259|1522|1744|1910|4 Recep 1449
20271203|0634|0805|1300|1522|1744|1909|5 Recep 1449
20271204|0635|0806|1300|1522|1743|1909|6 Recep 1449
20271205|0636|0807|1300|1522|1743|1909|7 Recep 1449
20271206|0637|0808|1301|1522|1743|1909|8 Recep 1449
20271207|0638|0809|1301|1522|1743|1909|9 Recep 1449
20271208|0638|0810|1302|1522|1743|1909|10 Recep 1449
20271209|0639|0811|1302|1522|1743|1909|11 Recep 1449
20271210|0640|0812|1302|1522|1743|1910|12 Recep 1449
20271211|0641|0813|1303|1522|1743|1910|13 Recep 1449
20271212|0641|0814|1303|1522|1743|1910|14 Recep 1449
20271213|0642|0814|1304|1523|1743|1910|15 Recep 1449
20271214|0643|0815|1304|1523|1744|1910|16 Recep 1449
20271215|0643|0816|1305|1523|1744|1911|17 Recep 1449
20271216|0644|0817|1305|1523|1744|1911|18 Recep 1449
20271217|0645|0817|1306|1524|1744|1911|19 Recep 1449
20271218|0645|0818|1306|1524|1745|1912|20 Recep 1449
20271219|0646|0819|1307|1524|1745|1912|21 Recep 1449
20271220|0647|0819|1307|1525|1745|1912|22 Recep 1449
20271221|0647|0820|1308|1525|1746|1913|23 Recep 1449
20271222|0648|0820|1308|1526|1746|1913|24 Recep 1449
20271223|0648|0821|1309|1526|1747|1914|25 Recep 1449
20271224|0649|0821|1309|1527|1747|1914|26 Recep 1449
20271225|0649|0822|1310|1527|1748|1915|27 Recep 1449
20271226|0649|0822|1310|1528|1749|1916|28 Recep 1449
20271227|0650|0822|1311|1529|1749|1916|29 Recep 1449
20271228|0650|0823|1311|1529|1750|1917|30 Recep 1449
20271229|0650|0823|1312|1530|1751|1917|1 Şaban 1449
20271230|0651|0823|1312|1531|1751|1918|2 Şaban 1449
20271231|0651|0823|1313|1531|1752|1919|3 Şaban 1449
#@9536|Beylikdüzü|ISTANBUL|730
20260101|0651|0823|1314|1534|1755|1921|12 Recep 1447
20260102|0651|0823|1314|1535|1756|1922|13 Recep 1447
20260103|0652|0823|1315|1536|1757|1922|14 Recep 1447
20260104|0652|0823|1315|1536|1757|1923|15 Recep 1447
20260105|0652|0823|1316|1537|1758|1924|16 Recep 1447
20260106|0652|0823|1316|1538|1759|1925|17 Recep 1447
20260107|0652|0823|1317|1539|1800|1926|18 Recep 1447
20260108|0652|0823|1317|1540|1801|1927|19 Recep 1447
20260109|0652|0823|1317|1541|1802|1927|20 Recep 1447
20260110|0652|0822|1318|1542|1803|1928|21 Recep 1447
20260111|0652|0822|1318|1543|1804|1929|22 Recep 1447
20260112|0652|0822|1319|1544|1805|1930|23 Recep 1447
20260113|0651|0822|1319|1545|1806|1931|24 Recep 1447
20260114|0651|0821|1319|1546|1808|1932|25 Recep 1447
20260115|0651|0821|1320|1547|1809|1933|26 Recep 1447
20260116|0651|0820|1320|1548|1810|1934|27 Recep 1447
20260117|0650|0820|1320|1549|1811|1935|28 Recep 1447
20260118|0650|0819|1321|1550|1812|1936|29 Recep 1447
20260119|0650|0819|1321|1551|1813|1937|30 Recep 1447
20260120|0649|0818|1321|1552|1814|1938|1 Şaban 1447
20260121|0649|0818|1322|1553|1816|1939|2 Şaban 1447
20260122|0648|0817|1322|1554|1817|1940|3 Şaban 1447
20260123|0648|0816|1322|1555|1818|1941|4 Şaban 1447
20260124|0647|0816|1322|1556|1819|1942|5 Şaban 1447
20260125|0647|0815|1323|1557|1820|1943|6 Şaban 1447
20260126|0646|0814|1323|1558|1822|1944|7 Şaban 1447
20260127|0646|0813|1323|1559|1823|1945|8 Şaban 1447
20260128|0645|0813|1323|1600|1824|1946|9 Şaban 1447
20260129|0644|0812|1323|1601|1825|1947|10 Şaban 1447
20260130|0643|0811|1324|1602|1826|1948|11 Şaban 1447
20260131|0643|0810|1324|1603|1828|1950|12 Şaban 1447
20260201|0642|0809|1324|1604|1829|1951|13 Şaban 1447
20260202|0641|0808|1324|1605|1830|1952|14 Şaban 1447
20260203|0640|0807|1324|1606|1831|1953|15 Şaban 1447
20260204|0639|0806|1324|1607|1833|1954|16 Şaban 1447
20260205|0639|0805|1324|1608|1834|1955|17 Şaban 1447
20260206|0638|0804|1324|1609|1835|1956|18 Şaban 1447
20260207|0637|0803|1325|1610|1836|1957|19 Şaban 1447
20260208|0636|0802|1325|1611|1838|1958|20 Şaban 1447
20260209|0635|0800|1325|1612|1839|1959|21 Şaban 1447
20260210|0634|0759|1325|1613|1840|2000|22 Şaban 1447
20260211|0633|0758|1325|1614|1841|2002|23 Şaban 1447
20260212|0631|0757|1325|1615|1842|2003|24 Şaban 1447
20260213|0630|0756|1325|1616|1844|2004|25 Şaban 1447
20260214|0629|0754|1325|1617|1845|2005|26 Şaban 1447
20260215|0628|0753|1325|1618|1846|2006|27 Şaban 1447
20260216|0627|0752|1325|1619|1847|2007|28 Şaban 1447
20260217|0626|0750|1324|1620|1849|2008|29 Şaban 1447
20260218|0624|0749|1324|1620|1850|2009|30 Şaban 1447
20260219|0623|0748|1324|1621|1851|2010|1 Ramazan 1447
20260220|0622|0746|1324|1622|1852|2011|2 Ramazan 1447
20260221|0620|0745|1324|1623|1853|2013|3 Ramazan 1447
20260222|0619|0743|1324|1624|1855|2014|4 Ramazan 1447
20260223|0618|0742|1324|1625|1856|2015|5 Ramazan 1447
20260224|0616|0741|1324|1626|1857|2016|6 Ramazan 1447
20260225|0615|0739|1324|1626|1858|2017|7 Ramazan 1447
20260226|0613|0738|1323|1627|1859|2018|8 Ramazan 1447
20260227|0612|0736|1323|1628|1900|2019|9 Ramazan 1447
20260228|0611|0735|1323|1629|1902|2020|10 Ramazan 1447
20260301|0609|0733|1323|1630|1903|2021|11 Ramazan 1447
20260302|0608|0732|1323|1630|1904|2022|12 Ramazan 1447
20260303|0606|0730|1322|1631|1905|2024|13 Ramazan 1447
20260304|0604|0728|1322|1632|1906|2025|14 Ramazan 1447
20260305|0603|0727|1322|1633|1907|2026|15 Ramazan 1447
20260306|0601|0725|1322|1633|1908|2027|16 Ramazan 1447
20260307|0600|0724|1322|1634|1909|2028|17 Ramazan 1447
20260308|0558|0722|1321|1635|1911|2029|18 Ramazan 1447
20260309|0556|0721|1321|1635|1912|2030|19 Ramazan 1447
20260310|0555|0719|1321|1636|1913|2031|20 Ramazan 1447
20260311|0553|0717|1321|1637|1914|2033|21 Ramazan 1447
20260312|0551|0716|1320|1637|1915|2034|22 Ramazan 1447
20260313|0550|0714|1320|1638|1916|2035|23 Ramazan 1447
20260314|0548|0712|1320|1639|1917|2036|24 Ramazan 1447
20260315|0546|0711|1319|1639|1918|2037|25 Ramazan 1447
20260316|0545|0709|1319|1640|1919|2038|26 Ramazan 1447
20260317|0543|0707|1319|1640|1920|2040|27 Ramazan 1447
20260318|0541|0706|1319|1641|1921|2041|28 Ramazan 1447
20260319|0539|0704|1318|1641|1923|2042|29 Ramazan 1447
20260320|0538|0702|1318|1642|1924|2043|1 Şevval 1447
20260321|0536|0701|1318|1642|1925|2044|2 Şevval 1447
20260322|0534|0659|1317|1643|1926|2045|3 Şevval 1447
20260323|0532|0658|1317|1644|1927|2047|4 Şevval 1447
20260324|0530|0656|1317|1644|1928|2048|5 Şevval 1447
20260325|0529|0654|1317|1645|1929|2049|6 Şevval 1447
20260326|0527|0653|1316|1645|1930|2050|7 Şevval 1447
20260327|0525|0651|1316|1645|1931|2051|8 Şevval 1447
20260328|0523|0649|1316|1646|1932|2053|9 Şevval 1447
20260329|0521|0648|1315|1646|1933|2054|10 Şevval 1447
20260330|0519|0646|1315|1647|1934|2055|11 Şevval 1447
20260331|0517|0644|1315|1647|1935|2056|12 Şevval 1447
20260401|0516|0643|1314|1648|1936|2058|13 Şevval 1447
20260402|0514|0641|1314|1648|1937|2059|14 Şevval 1447
20260403|0512|0639|1314|1649|1938|2100|15 Şevval 1447
20260404|0510|0638|1314|1649|1940|2102|16 Şevval 1447
20260405|0508|0636|1313|1649|1941|2103|17 Şevval 1447
20260406|0506|0634|1313|1650|1942|2104|18 Şevval 1447
20260407|0504|0633|1313|1650|1943|2105|19 Şevval 1447
20260408|0502|0631|1312|1650|1944|2107|20 Şevval 1447
20260409|0500|0630|1312|1651|1945|2108|21 Şevval 1447
20260410|0458|0628|1312|1651|1946|2109|22 Şevval 1447
20260411|0457|0626|1312|1652|1947|2111|23 Şevval 1447
20260412|0455|0625|1311|1652|1948|2112|24 Şevval 1447
20260413|0453|0623|1311|1652|1949|2113|25 Şevval 1447
20260414|0451|0622|1311|1653|1950|2115|26 Şevval 1447
20260415|0449|0620|1311|1653|1951|2116|27 Şevval 1447
20260416|0447|0619|1310|1653|1952|2118|28 Şevval 1447
20260417|0445|0617|1310|1654|1953|2119|29 Şevval 1447
20260418|0443|0616|1310|1654|1954|2120|1 Zilkade 1447
20260419|0441|0614|1310|1654|1955|2122|2 Zilkade 1447
20260420|0439|0613|1309|1655|1956|2123|3 Zilkade 1447
20260421|0438|0611|1309|1655|1957|2125|4 Zilkade 1447
20260422|0436|0610|1309|1655|1958|2126|5 Zilkade 1447
20260423|0434|0608|1309|1655|1959|2127|6 Zilkade 1447
20260424|0432|0607|1309|1656|2001|2129|7 Zilkade 1447
20260425|0430|0605|1309|1656|2002|2130|8 Zilkade 1447
20260426|0428|0604|1308|1656|2003|2132|9 Zilkade 1447
20260427|0426|0603|1308|1657|2004|2133|10 Zilkade 1447
20260428|0425|0601|1308|1657|2005|2135|11 Zilkade 1447
20260429|0423|0600|1308|1657|2006|2136|12 Zilkade 1447
20260430|0421|0559|1308|1658|2007|2138|13 Zilkade 1447
20260501|0419|0557|1308|1658|2008|2139|14 Zilkade 1447
20260502|0417|0556|1307|1658|2009|2141|15 Zilkade 1447
20260503|0416|0555|1307|1658|2010|2142|16 Zilkade 1447
20260504|0414|0554|1307|1659|2011|2144|17 Zilkade 1447
20260505|0412|0552|1307|1659|2012|2145|18 Zilkade 1447
20260506|0410|0551|1307|1659|2013|2147|19 Zilkade 1447
20260507|0409|0550|1307|1659|2014|2148|20 Zilkade 1447
20260508|0407|0549|1307|1700|2015|2150|21 Zilkade 1447
20260509|0405|0548|1307|1700|2016|2151|22 Zilkade 1447
20260510|0404|0547|1307|1700|2017|2153|23 Zilkade 1447
20260511|0402|0546|1307|1701|2018|2154|24 Zilkade 1447
20260512|0400|0545|1307|1701|2019|2156|25 Zilkade 1447
20260513|0359|0543|1307|1701|2020|2157|26 Zilkade 1447
20260514|0357|0542|1307|1701|2021|2159|27 Zilkade 1447
20260515|0356|0542|1307|1702|2022|2200|28 Zilkade 1447
20260516|0354|0541|1307|1702|2023|2202|29 Zilkade 1447
20260517|0353|0540|1307|1702|2024|2203|30 Zilkade 1447
20260518|0351|0539|1307|1703|2025|2205|1 Zilhicce 1447
20260519|0350|0538|1307|1703|2026|2206|2 Zilhicce 1447
20260520|0349|0537|1307|1703|2027|2208|3 Zilhicce 1447
20260521|0347|0536|1307|1703|2028|2209|4 Zilhicce 1447
20260522|0346|0535|1307|1704|2029|2210|5 Zilhicce 1447
20260523|0345|0535|1307|1704|2030|2212|6 Zilhicce 1447
20260524|0343|0534|1307|1704|2031|2213|7 Zilhicce 1447
20260525|0342|0533|1307|1704|2031|2214|8 Zilhicce 1447
20260526|0341|0533|1307|1705|2032|2216|9 Zilhicce 1447
20260527|0340|0532|1308|1705|2033|2217|10 Zilhicce 1447
20260528|0339|0531|1308|1705|2034|2218|11 Zilhicce 1447
20260529|0338|0531|1308|1706|2035|2220|12 Zilhicce 1447
20260530|0337|0530|1308|1706|2036|2221|13 Zilhicce 1447
20260531|0336|0530|1308|1706|2036|2222|14 Zilhicce 1447
20260601|0335|0529|1308|1706|2037|2223|15 Zilhicce 1447
20260602|0334|0529|1308|1707|2038|2224|16 Zilhicce 1447
20260603|0333|0529|1309|1707|2039|2225|17 Zilhicce 1447
20260604|0332|0528|1309|1707|2039|2227|18 Zilhicce 1447
20260605|0331|0528|1309|1708|2040|2228|19 Zilhicce 1447
20260606|0331|0528|1309|1708|2041|2229|20 Zilhicce 1447
20260607|0330|0527|1309|1708|2041|2229|21 Zilhicce 1447
20260608|0330|0527|1309|1708|2042|2230|22 Zilhicce 1447
20260609|0329|0527|1310|1709|2042|2231|23 Zilhicce 1447
20260610|0329|0527|1310|1709|2043|2232|24 Zilhicce 1447
20260611|0328|0527|1310|1709|2044|2233|25 Zilhicce 1447
20260612|0328|0527|1310|1709|2044|2234|26 Zilhicce 1447
20260613|0327|0526|1310|1710|2044|2234|27 Zilhicce 1447
20260614|0327|0526|1311|1710|2045|2235|28 Zilhicce 1447
20260615|0327|0526|1311|1710|2045|2235|29 Zilhicce 1447
20260616|0327|0526|1311|1710|2046|2236|1 Muharrem 1448
20260617|0327|0527|1311|1711|2046|2237|2 Muharrem 1448
20260618|0327|0527|1312|1711|2046|2237|3 Muharrem 1448
20260619|0327|0527|1312|1711|2047|2237|4 Muharrem 1448
20260620|0327|0527|1312|1711|2047|2238|5 Muharrem 1448
20260621|0327|0527|1312|1712|2047|2238|6 Muharrem 1448
20260622|0327|0527|1312|1712|2048|2238|7 Muharrem 1448
20260623|0328|0528|1313|1712|2048|2238|8 Muharrem 1448
20260624|0328|0528|1313|1712|2048|2238|9 Muharrem 1448
20260625|0328|0528|1313|1712|2048|2238|10 Muharrem 1448
20260626|0329|0528|1313|1713|2048|2238|11 Muharrem 1448
20260627|0329|0529|1313|1713|2048|2238|12 Muharrem 1448
20260628|0330|0529|1314|1713|2048|2238|13 Muharrem 1448
20260629|0331|0530|1314|1713|2048|2238|14 Muharrem 1448
20260630|0331|0530|1314|1713|2048|2238|15 Muharrem 1448
20260701|0332|0531|1314|1713|2048|2237|16 Muharrem 1448
20260702|0333|0531|1314|1714|2048|2237|17 Muharrem 1448
20260703|0334|0532|1315|1714|2048|2237|18 Muharrem 1448
20260704|0334|0532|1315|1714|2048|2236|19 Muharrem 1448
20260705|0335|0533|1315|1714|2047|2236|20 Muharrem 1448
20260706|0336|0533|1315|1714|2047|2235|21 Muharrem 1448
20260707|0337|0534|1315|1714|2047|2235|22 Muharrem 1448
20260708|0338|0535|1316|1714|2046|2234|23 Muharrem 1448
20260709|0339|0535|1316|1714|2046|2233|24 Muharrem 1448
20260710|0340|0536|1316|1714|2046|2232|25 Muharrem 1448
20260711|0342|0537|1316|1714|2045|2232|26 Muharrem 1448
20260712|0343|0537|1316|1714|2045|2231|27 Muharrem 1448
20260713|0344|0538|1316|1714|2044|2230|28 Muharrem 1448
20260714|0345|0539|1316|1714|2044|2229|29 Muharrem 1448
20260715|0346|0540|1316|1714|2043|2228|1 Safer 1448
20260716|0348|0540|1317|1714|2043|2227|2 Safer 1448
20260717|0349|0541|1317|1714|2042|2226|3 Safer 1448
20260718|0350|0542|1317|1714|2041|2225|4 Safer 1448
20260719|0352|0543|1317|1714|2041|2224|5 Safer 1448
20260720|0353|0544|1317|1714|2040|2222|6 Safer 1448
20260721|0355|0545|1317|1714|2039|2221|7 Safer 1448
20260722|0356|0545|1317|1713|2038|2220|8 Safer 1448
20260723|0357|0546|1317|1713|2038|2219|9 Safer 1448
20260724|0359|0547|1317|1713|2037|2217|10 Safer 1448
20260725|0400|0548|1317|1713|2036|2216|11 Safer 1448
20260726|0402|0549|1317|1713|2035|2215|12 Safer 1448
20260727|0403|0550|1317|1712|2034|2213|13 Safer 1448
20260728|0405|0551|1317|1712|2033|2212|14 Safer 1448
20260729|0406|0552|1317|1712|2032|2210|15 Safer 1448
20260730|0408|0553|1317|1712|2031|2209|16 Safer 1448
20260731|0409|0554|1317|1711|2030|2207|17 Safer 1448
20260801|0411|0555|1317|1711|2029|2206|18 Safer 1448
20260802|0412|0556|1317|1710|2028|2204|19 Safer 1448
20260803|0414|0557|1317|1710|2027|2203|20 Safer 1448
20260804|0415|0558|1317|1710|2026|2201|21 Safer 1448
20260805|0417|0558|1317|1709|2025|2159|22 Safer 1448
20260806|0418|0559|1316|1709|2023|2158|23 Safer 1448
20260807|0420|0600|1316|1708|2022|2156|24 Safer 1448
20260808|0421|0601|1316|1708|2021|2154|25 Safer 1448
20260809|0423|0602|1316|1707|2020|2153|26 Safer 1448
20260810|0424|0603|1316|1707|2018|2151|27 Safer 1448
20260811|0426|0604|1316|1706|2017|2149|28 Safer 1448
20260812|0427|0605|1316|1706|2016|2147|29 Safer 1448
20260813|0429|0606|1315|1705|2015|2146|30 Safer 1448
20260814|0430|0607|1315|1705|2013|2144|1 Rebiulevvel 1448
20260815|0432|0608|1315|1704|2012|2142|2 Rebiulevvel 1448
20260816|0433|0609|1315|1703|2010|2140|3 Rebiulevvel 1448
20260817|0434|0610|1315|1703|2009|2138|4 Rebiulevvel 1448
20260818|0436|0611|1314|1702|2008|2136|5 Rebiulevvel 1448
20260819|0437|0612|1314|1701|2006|2135|6 Rebiulevvel 1448
20260820|0439|0613|1314|1701|2005|2133|7 Rebiulevvel 1448
20260821|0440|0614|1314|1700|2003|2131|8 Rebiulevvel 1448
20260822|0442|0615|1313|1659|2002|2129|9 Rebiulevvel 1448
20260823|0443|0616|1313|1658|2000|2127|10 Rebiulevvel 1448
20260824|0444|0617|1313|1658|1959|2125|11 Rebiulevvel 1448
20260825|0446|0618|1313|1657|1957|2123|12 Rebiulevvel 1448
20260826|0447|0619|1312|1656|1956|2122|13 Rebiulevvel 1448
20260827|0448|0620|1312|1655|1954|2120|14 Rebiulevvel 1448
20260828|0450|0621|1312|1654|1953|2118|15 Rebiulevvel 1448
20260829|0451|0622|1312|1653|1951|2116|16 Rebiulevvel 1448
20260830|0452|0623|1311|1653|1949|2114|17 Rebiulevvel 1448
20260831|0454|0624|1311|1652|1948|2112|18 Rebiulevvel 1448
20260901|0455|0625|1311|1651|1946|2110|19 Rebiulevvel 1448
20260902|0456|0626|1310|1650|1945|2108|20 Rebiulevvel 1448
20260903|0458|0627|1310|1649|1943|2106|21 Rebiulevvel 1448
20260904|0459|0628|1310|1648|1941|2104|22 Rebiulevvel 1448
20260905|0500|0629|1309|1647|1940|2103|23 Rebiulevvel 1448
20260906|0502|0630|1309|1646|1938|2101|24 Rebiulevvel 1448
20260907|0503|0631|1309|1645|1936|2059|25 Rebiulevvel 1448
20260908|0504|0632|1308|1644|1935|2057|26 Rebiulevvel 1448
20260909|0505|0633|1308|1643|1933|2055|27 Rebiulevvel 1448
20260910|0506|0634|1308|1642|1931|2053|28 Rebiulevvel 1448
20260911|0508|0635|1307|1641|1930|2051|29 Rebiulevvel 1448
20260912|0509|0636|1307|1640|1928|2049|1 Rebiulahir 1448
20260913|0510|0637|1307|1639|1926|2047|2 Rebiulahir 1448
20260914|0511|0638|1306|1638|1925|2046|3 Rebiulahir 1448
20260915|0512|0639|1306|1636|1923|2044|4 Rebiulahir 1448
20260916|0514|0640|1305|1635|1921|2042|5 Rebiulahir 1448
20260917|0515|0641|1305|1634|1920|2040|6 Rebiulahir 1448
20260918|0516|0642|1305|1633|1918|2038|7 Rebiulahir 1448
20260919|0517|0643|1304|1632|1916|2036|8 Rebiulahir 1448
20260920|0518|0644|1304|1631|1915|2034|9 Rebiulahir 1448
20260921|0519|0645|1304|1630|1913|2033|10 Rebiulahir 1448
20260922|0521|0646|1303|1629|1911|2031|11 Rebiulahir 1448
20260923|0522|0647|1303|1627|1909|2029|12 Rebiulahir 1448
20260924|0523|0648|1303|1626|1908|2027|13 Rebiulahir 1448
20260925|0524|0649|1302|1625|1906|2025|14 Rebiulahir 1448
20260926|0525|0650|1302|1624|1904|2024|15 Rebiulahir 1448
20260927|0526|0651|1302|1623|1903|2022|16 Rebiulahir 1448
20260928|0527|0652|1301|1621|1901|2020|17 Rebiulahir 1448
20260929|0528|0653|1301|1620|1859|2018|18 Rebiulahir 1448
20260930|0529|0654|1301|1619|1858|2016|19 Rebiulahir 1448
20261001|0530|0655|1300|1618|1856|2015|20 Rebiulahir 1448
20261002|0531|0656|1300|1617|1854|2013|21 Rebiulahir 1448
20261003|0533|0657|1300|1615|1853|2011|22 Rebiulahir 1448
20261004|0534|0658|1259|1614|1851|2010|23 Rebiulahir 1448
20261005|0535|0659|1259|1613|1849|2008|24 Rebiulahir 1448
20261006|0536|0700|1259|1612|1848|2006|25 Rebiulahir 1448
20261007|0537|0701|1258|1611|1846|2005|26 Rebiulahir 1448
20261008|0538|0702|1258|1609|1844|2003|27 Rebiulahir 1448
20261009|0539|0703|1258|1608|1843|2001|28 Rebiulahir 1448
20261010|0540|0704|1258|1607|1841|2000|29 Rebiulahir 1448
20261011|0541|0705|1257|1606|1840|1958|30 Rebiulahir 1448
20261012|0542|0706|1257|1605|1838|1957|1 Cemaziyelevvel 1448
20261013|0543|0707|1257|1603|1836|1955|2 Cemaziyelevvel 1448
20261014|0544|0708|1257|1602|1835|1954|3 Cemaziyelevvel 1448
20261015|0545|0709|1256|1601|1833|1952|4 Cemaziyelevvel 1448
20261016|0546|0710|1256|1600|1832|1951|5 Cemaziyelevvel 1448
20261017|0547|0711|1256|1559|1830|1949|6 Cemaziyelevvel 1448
20261018|0548|0713|1256|1558|1829|1948|7 Cemaziyelevvel 1448
20261019|0549|0714|1256|1556|1827|1946|8 Cemaziyelevvel 1448
20261020|0550|0715|1255|1555|1826|1945|9 Cemaziyelevvel 1448
20261021|0551|0716|1255|1554|1824|1944|10 Cemaziyelevvel 1448
20261022|0552|0717|1255|1553|1823|1942|11 Cemaziyelevvel 1448
20261023|0554|0718|1255|1552|1822|1941|12 Cemaziyelevvel 1448
20261024|0555|0719|1255|1551|1820|1940|13 Cemaziyelevvel 1448
20261025|0556|0720|1255|1550|1819|1938|14 Cemaziyelevvel 1448
20261026|0557|0722|1254|1549|1817|1937|15 Cemaziyelevvel 1448
20261027|0558|0723|1254|1548|1816|1936|16 Cemaziyelevvel 1448
20261028|0559|0724|1254|1547|1815|1935|17 Cemaziyelevvel 1448
20261029|0600|0725|1254|1546|1813|1933|18 Cemaziyelevvel 1448
20261030|0601|0726|1254|1545|1812|1932|19 Cemaziyelevvel 1448
20261031|0602|0727|1254|1544|1811|1931|20 Cemaziyelevvel 1448
20261101|0603|0728|1254|1543|1810|1930|21 Cemaziyelevvel 1448
20261102|0604|0730|1254|1542|1808|1929|22 Cemaziyelevvel 1448
20261103|0605|0731|1254|1541|1807|1928|23 Cemaziyelevvel 1448
20261104|0606|0732|1254|1540|1806|1927|24 Cemaziyelevvel 1448
20261105|0607|0733|1254|1539|1805|1926|25 Cemaziyelevvel 1448
20261106|0608|0734|1254|1538|1804|1925|26 Cemaziyelevvel 1448
20261107|0609|0736|1254|1537|1803|1924|27 Cemaziyelevvel 1448
20261108|0610|0737|1254|1536|1802|1923|28 Cemaziyelevvel 1448
20261109|0611|0738|1254|1535|1801|1922|29 Cemaziyelevvel 1448
20261110|0612|0739|1254|1535|1800|1921|1 Cemaziyelahir 1448
20261111|0613|0740|1254|1534|1759|1920|2 Cemaziyelahir 1448
20261112|0614|0741|1255|1533|1758|1920|3 Cemaziyelahir 1448
20261113|0615|0743|1255|1532|1757|1919|4 Cemaziyelahir 1448
20261114|0616|0744|1255|1532|1756|1918|5 Cemaziyelahir 1448
20261115|0617|0745|1255|1531|1755|1917|6 Cemaziyelahir 1448
20261116|0618|0746|1255|1530|1754|1917|7 Cemaziyelahir 1448
20261117|0619|0747|1255|1530|1753|1916|8 Cemaziyelahir 1448
20261118|0620|0749|1256|1529|1753|1916|9 Cemaziyelahir 1448
20261119|0621|0750|1256|1529|1752|1915|10 Cemaziyelahir 1448
20261120|0622|0751|1256|1528|1751|1914|11 Cemaziyelahir 1448
20261121|0623|0752|1256|1527|1750|1914|12 Cemaziyelahir 1448
20261122|0624|0753|1256|1527|1750|1913|13 Cemaziyelahir 1448
20261123|0625|0754|1257|1527|1749|1913|14 Cemaziyelahir 1448
20261124|0626|0755|1257|1526|1749|1913|15 Cemaziyelahir 1448
20261125|0627|0756|1257|1526|1748|1912|16 Cemaziyelahir 1448
20261126|0628|0758|1258|1525|1748|1912|17 Cemaziyelahir 1448
20261127|0629|0759|1258|1525|1747|1912|18 Cemaziyelahir 1448
20261128|0630|0800|1258|1525|1747|1911|19 Cemaziyelahir 1448
20261129|0631|0801|1259|1524|1746|1911|20 Cemaziyelahir 1448
20261130|0632|0802|1259|1524|1746|1911|21 Cemaziyelahir 1448
20261201|0633|0803|1259|1524|1746|1911|22 Cemaziyelahir 1448
20261202|0633|0804|1300|1524|1745|1910|23 Cemaziyelahir 1448
20261203|0634|0805|1300|1524|1745|1910|24 Cemaziyelahir 1448
20261204|0635|0806|1300|1524|1745|1910|25 Cemaziyelahir 1448
20261205|0636|0807|1301|1524|1745|1910|26 Cemaziyelahir 1448
20261206|0637|0808|1301|1524|1745|1910|27 Cemaziyelahir 1448
20261207|0638|0809|1302|1524|1745|1910|28 Cemaziyelahir 1448
20261208|0638|0810|1302|1524|1745|1910|29 Cemaziyelahir 1448
20261209|0639|0811|1303|1524|1745|1910|30 Cemaziyelahir 1448
20261210|0640|0811|1303|1524|1745|1911|1 Recep 1448
20261211|0641|0812|1303|1524|1745|1911|2 Recep 1448
20261212|0641|0813|1304|1524|1745|1911|3 Recep 1448
20261213|0642|0814|1304|1524|1745|1911|4 Recep 1448
20261214|0643|0815|1305|1524|1745|1911|5 Recep 1448
20261215|0644|0815|1305|1525|1745|1912|6 Recep 1448
20261216|0644|0816|1306|1525|1746|1912|7 Recep 1448
20261217|0645|0817|1306|1525|1746|1912|8 Recep 1448
20261218|0645|0817|1307|1526|1746|1913|9 Recep 1448
20261219|0646|0818|1307|1526|1747|1913|10 Recep 1448
20261220|0647|0818|1308|1527|1747|1914|11 Recep 1448
20261221|0647|0819|1308|1527|1748|1914|12 Recep 1448
20261222|0648|0820|1309|1528|1748|1915|13 Recep 1448
20261223|0648|0820|1309|1528|1749|1915|14 Recep 1448
20261224|0649|0820|1310|1529|1749|1916|15 Recep 1448
20261225|0649|0821|1310|1529|1750|1916|16 Recep 1448
20261226|0649|0821|1311|1530|1750|1917|17 Recep 1448
20261227|0650|0822|1311|1530|1751|1917|18 Recep 1448
20261228|0650|0822|1312|1531|1752|1918|19 Recep 1448
20261229|0650|0822|1312|1532|1752|1919|20 Recep 1448
20261230|0651|0822|1313|1532|1753|1919|21 Recep 1448
20261231|0651|0823|1313|1533|1754|1920|22 Recep 1448
20270101|0651|0823|1314|1534|1755|1921|23 Recep 1448
20270102|0651|0823|1314|1535|1755|1922|24 Recep 1448
20270103|0651|0823|1315|1535|1756|1922|25 Recep 1448
20270104|0652|0823|1315|1536|1757|1923|26 Recep 1448
20270105|0652|0823|1316|1537|1758|1924|27 Recep 1448
20270106|0652|0823|1316|1538|1759|1925|28 Recep 1448
20270107|0652|0823|1316|1539|1800|1926|29 Recep 1448
20270108|0652|0823|1317|1540|1801|1926|30 Recep 1448
20270109|0652|0823|1317|1541|1802|1927|1 Şaban 1448
20270110|0652|0822|1318|1542|1803|1928|2 Şaban 1448
20270111|0652|0822|1318|1542|1804|1929|3 Şaban 1448
20270112|0652|0822|1318|1543|1805|1930|4 Şaban 1448
20270113|0651|0822|1319|1544|1806|1931|5 Şaban 1448
20270114|0651|0821|1319|1545|1807|1932|6 Şaban 1448
20270115|0651|0821|1320|1546|1808|1933|7 Şaban 1448
20270116|0651|0820|1320|1547|1809|1934|8 Şaban 1448
20270117|0650|0820|1320|1548|1811|1935|9 Şaban 1448
20270118|0650|0820|1321|1549|1812|1936|10 Şaban 1448
20270119|0650|0819|1321|1550|1813|1937|11 Şaban 1448
20270120|0649|0818|1321|1551|1814|1938|12 Şaban 1448
20270121|0649|0818|1322|1552|1815|1939|13 Şaban 1448
20270122|0648|0817|1322|1553|1816|1940|14 Şaban 1448
20270123|0648|0817|1322|1554|1818|1941|15 Şaban 1448
20270124|0647|0816|1322|1555|1819|1942|16 Şaban 1448
20270125|0647|0815|1323|1556|1820|1943|17 Şaban 1448
20270126|0646|0814|1323|1558|1821|1944|18 Şaban 1448
20270127|0646|0814|1323|1559|1822|1945|19 Şaban 1448
20270128|0645|0813|1323|1600|1824|1946|20 Şaban 1448
20270129|0644|0812|1323|1601|1825|1947|21 Şaban 1448
20270130|0644|0811|1324|1602|1826|1948|22 Şaban 1448
20270131|0643|0810|1324|1603|1827|1949|23 Şaban 1448
20270201|0642|0809|1324|1604|1829|1950|24 Şaban 1448
20270202|0641|0808|1324|1605|1830|1951|25 Şaban 1448
20270203|0641|0807|1324|1606|1831|1953|26 Şaban 1448
20270204|0640|0806|1324|1607|1832|1954|27 Şaban 1448
20270205|0639|0805|1324|1608|1834|1955|28 Şaban 1448
20270206|0638|0804|1324|1609|1835|1956|29 Şaban 1448
20270207|0637|0803|1325|1610|1836|1957|30 Şaban 1448
20270208|0636|0802|1325|1611|1837|1958|1 Ramazan 1448
20270209|0635|0801|1325|1612|1838|1959|2 Ramazan 1448
20270210|0634|0800|1325|1613|1840|2000|3 Ramazan 1448
20270211|0633|0758|1325|1614|1841|2001|4 Ramazan 1448
20270212|0632|0757|1325|1615|1842|2002|5 Ramazan 1448
20270213|0631|0756|1325|1616|1843|2003|6 Ramazan 1448
20270214|0629|0755|1325|1617|1845|2005|7 Ramazan 1448
20270215|0628|0753|1325|1618|1846|2006|8 Ramazan 1448
20270216|0627|0752|1325|1618|1847|2007|9 Ramazan 1448
20270217|0626|0751|1324|1619|1848|2008|10 Ramazan 1448
20270218|0625|0749|1324|1620|1849|2009|11 Ramazan 1448
20270219|0623|0748|1324|1621|1851|2010|12 Ramazan 1448
20270220|0622|0747|1324|1622|1852|2011|13 Ramazan 1448
20270221|0621|0745|1324|1623|1853|2012|14 Ramazan 1448
20270222|0619|0744|1324|1624|1854|2013|15 Ramazan 1448
20270223|0618|0742|1324|1625|1855|2014|16 Ramazan 1448
20270224|0617|0741|1324|1625|1857|2016|17 Ramazan 1448
20270225|0615|0739|1324|1626|1858|2017|18 Ramazan 1448
20270226|0614|0738|1323|1627|1859|2018|19 Ramazan 1448
20270227|0612|0736|1323|1628|1900|2019|20 Ramazan 1448
20270228|0611|0735|1323|1629|1901|2020|21 Ramazan 1448
20270301|0609|0733|1323|1629|1902|2021|22 Ramazan 1448
20270302|0608|0732|1323|1630|1904|2022|23 Ramazan 1448
20270303|0606|0730|1323|1631|1905|2023|24 Ramazan 1448
20270304|0605|0729|1322|1632|1906|2024|25 Ramazan 1448
20270305|0603|0727|1322|1632|1907|2026|26 Ramazan 1448
20270306|0602|0726|1322|1633|1908|2027|27 Ramazan 1448
20270307|0600|0724|1322|1634|1909|2028|28 Ramazan 1448
20270308|0559|0723|1321|1634|1910|2029|29 Ramazan 1448
20270309|0557|0721|1321|1635|1911|2030|1 Şevval 1448
20270310|0555|0719|1321|1636|1913|2031|2 Şevval 1448
20270311|0554|0718|1321|1636|1914|2032|3 Şevval 1448
20270312|0552|0716|1320|1637|1915|2033|4 Şevval 1448
20270313|0550|0714|1320|1638|1916|2035|5 Şevval 1448
20270314|0549|0713|1320|1638|1917|2036|6 Şevval 1448
20270315|0547|0711|1320|1639|1918|2037|7 Şevval 1448
20270316|0545|0710|1319|1640|1919|2038|8 Şevval 1448
20270317|0543|0708|1319|1640|1920|2039|9 Şevval 1448
20270318|0542|0706|1319|1641|1921|2040|10 Şevval 1448
20270319|0540|0705|1318|1641|1922|2042|11 Şevval 1448
20270320|0538|0703|1318|1642|1923|2043|12 Şevval 1448
20270321|0536|0701|1318|1642|1924|2044|13 Şevval 1448
20270322|0534|0700|1318|1643|1926|2045|14 Şevval 1448
20270323|0533|0658|1317|1643|1927|2046|15 Şevval 1448
20270324|0531|0656|1317|1644|1928|2048|16 Şevval 1448
20270325|0529|0655|1317|1644|1929|2049|17 Şevval 1448
20270326|0527|0653|1316|1645|1930|2050|18 Şevval 1448
20270327|0525|0651|1316|1645|1931|2051|19 Şevval 1448
20270328|0523|0650|1316|1646|1932|2052|20 Şevval 1448
20270329|0522|0648|1315|1646|1933|2054|21 Şevval 1448
20270330|0520|0646|1315|1647|1934|2055|22 Şevval 1448
20270331|0518|0645|1315|1647|1935|2056|23 Şevval 1448
20270401|0516|0643|1315|1648|1936|2057|24 Şevval 1448
20270402|0514|0641|1314|1648|1937|2059|25 Şevval 1448
20270403|0512|0640|1314|1648|1938|2100|26 Şevval 1448
20270404|0510|0638|1314|1649|1939|2101|27 Şevval 1448
20270405|0508|0636|1313|1649|1940|2102|28 Şevval 1448
20270406|0507|0635|1313|1650|1941|2104|29 Şevval 1448
20270407|0505|0633|1313|1650|1942|2105|30 Şevval 1448
20270408|0503|0632|1313|1650|1943|2106|1 Zilkade 1448
20270409|0501|0630|1312|1651|1945|2108|2 Zilkade 1448
20270410|0459|0628|1312|1651|1946|2109|3 Zilkade 1448
20270411|0457|0627|1312|1651|1947|2110|4 Zilkade 1448
20270412|0455|0625|1311|1652|1948|2112|5 Zilkade 1448
20270413|0453|0624|1311|1652|1949|2113|6 Zilkade 1448
20270414|0451|0622|1311|1653|1950|2114|7 Zilkade 1448
20270415|0449|0621|1311|1653|1951|2116|8 Zilkade 1448
20270416|0448|0619|1310|1653|1952|2117|9 Zilkade 1448
20270417|0446|0617|1310|1654|1953|2119|10 Zilkade 1448
20270418|0444|0616|1310|1654|1954|2120|11 Zilkade 1448
20270419|0442|0614|1310|1654|1955|2121|12 Zilkade 1448
20270420|0440|0613|1310|1654|1956|2123|13 Zilkade 1448
20270421|0438|0612|1309|1655|1957|2124|14 Zilkade 1448
20270422|0436|0610|1309|1655|1958|2126|15 Zilkade 1448
20270423|0434|0609|1309|1655|1959|2127|16 Zilkade 1448
20270424|0432|0607|1309|1656|2000|2129|17 Zilkade 1448
20270425|0431|0606|1309|1656|2001|2130|18 Zilkade 1448
20270426|0429|0604|1308|1656|2002|2132|19 Zilkade 1448
20270427|0427|0603|1308|1657|2003|2133|20 Zilkade 1448
20270428|0425|0602|1308|1657|2005|2134|21 Zilkade 1448
20270429|0423|0600|1308|1657|2006|2136|22 Zilkade 1448
20270430|0421|0559|1308|1657|2007|2137|23 Zilkade 1448
20270501|0420|0558|1308|1658|2008|2139|24 Zilkade 1448
20270502|0418|0556|1308|1658|2009|2140|25 Zilkade 1448
20270503|0416|0555|1307|1658|2010|2142|26 Zilkade 1448
20270504|0414|0554|1307|1659|2011|2143|27 Zilkade 1448
20270505|0413|0553|1307|1659|2012|2145|28 Zilkade 1448
20270506|0411|0551|1307|1659|2013|2146|29 Zilkade 1448
20270507|0409|0550|1307|1659|2014|2148|1 Zilhicce 1448
20270508|0407|0549|1307|1700|2015|2149|2 Zilhicce 1448
20270509|0406|0548|1307|1700|2016|2151|3 Zilhicce 1448
20270510|0404|0547|1307|1700|2017|2152|4 Zilhicce 1448
20270511|0402|0546|1307|1701|2018|2154|5 Zilhicce 1448
20270512|0401|0545|1307|1701|2019|2155|6 Zilhicce 1448
20270513|0359|0544|1307|1701|2020|2157|7 Zilhicce 1448
20270514|0358|0543|1307|1701|2021|2158|8 Zilhicce 1448
20270515|0356|0542|1307|1702|2022|2200|9 Zilhicce 1448
20270516|0355|0541|1307|1702|2023|2201|10 Zilhicce 1448
20270517|0353|0540|1307|1702|2024|2203|11 Zilhicce 1448
20270518|0352|0539|1307|1702|2025|2204|12 Zilhicce 1448
20270519|0350|0538|1307|1703|2026|2206|13 Zilhicce 1448
20270520|0349|0537|1307|1703|2027|2207|14 Zilhicce 1448
20270521|0347|0536|1307|1703|2028|2209|15 Zilhicce 1448
20270522|0346|0536|1307|1704|2029|2210|16 Zilhicce 1448
20270523|0345|0535|1307|1704|2029|2211|17 Zilhicce 1448
20270524|0344|0534|1307|1704|2030|2213|18 Zilhicce 1448
20270525|0342|0533|1307|1704|2031|2214|19 Zilhicce 1448
20270526|0341|0533|1307|1705|2032|2215|20 Zilhicce 1448
20270527|0340|0532|1308|1705|2033|2217|21 Zilhicce 1448
20270528|0339|0532|1308|1705|2034|2218|22 Zilhicce 1448
20270529|0338|0531|1308|1706|2035|2219|23 Zilhicce 1448
20270530|0337|0530|1308|1706|2035|2221|24 Zilhicce 1448
20270531|0336|0530|1308|1706|2036|2222|25 Zilhicce 1448
20270601|0335|0530|1308|1706|2037|2223|26 Zilhicce 1448
20270602|0334|0529|1308|1707|2038|2224|27 Zilhicce 1448
20270603|0333|0529|1309|1707|2038|2225|28 Zilhicce 1448
20270604|0332|0528|1309|1707|2039|2226|29 Zilhicce 1448
20270605|0332|0528|1309|1708|2040|2227|30 Zilhicce 1448
20270606|0331|0528|1309|1708|2040|2228|1 Muharrem 1449
20270607|0330|0527|1309|1708|2041|2229|2 Muharrem 1449
20270608|0330|0527|1309|1708|2042|2230|3 Muharrem 1449
20270609|0329|0527|1310|1709|2042|2231|4 Muharrem 1449
20270610|0329|0527|1310|1709|2043|2232|5 Muharrem 1449
20270611|0328|0527|1310|1709|2043|2233|6 Muharrem 1449
20270612|0328|0527|1310|1709|2044|2233|7 Muharrem 1449
20270613|0328|0526|1310|1710|2044|2234|8 Muharrem 1449
20270614|0327|0526|1311|1710|2045|2235|9 Muharrem 1449
20270615|0327|0526|1311|1710|2045|2235|10 Muharrem 1449
20270616|0327|0526|1311|1710|2046|2236|11 Muharrem 1449
20270617|0327|0526|1311|1711|2046|2236|12 Muharrem 1449
20270618|0327|0527|1311|1711|2046|2237|13 Muharrem 1449
20270619|0327|0527|1312|1711|2047|2237|14 Muharrem 1449
20270620|0327|0527|1312|1711|2047|2238|15 Muharrem 1449
20270621|0327|0527|1312|1712|2047|2238|16 Muharrem 1449
20270622|0327|0527|1312|1712|2047|2238|17 Muharrem 1449
20270623|0328|0528|1313|1712|2048|2238|18 Muharrem 1449
20270624|0328|0528|1313|1712|2048|2238|19 Muharrem 1449
20270625|0328|0528|1313|1712|2048|2238|20 Muharrem 1449
20270626|0329|0528|1313|1713|2048|2238|21 Muharrem 1449
20270627|0329|0529|1313|1713|2048|2238|22 Muharrem 1449
20270628|0330|0529|1314|1713|2048|2238|23 Muharrem 1449
20270629|0330|0530|1314|1713|2048|2238|24 Muharrem 1449
20270630|0331|0530|1314|1713|2048|2238|25 Muharrem 1449
20270701|0332|0531|1314|1713|2048|2238|26 Muharrem 1449
20270702|0333|0531|1314|1714|2048|2237|27 Muharrem 1449
20270703|0333|0532|1315|1714|2048|2237|28 Muharrem 1449
20270704|0334|0532|1315|1714|2048|2236|29 Muharrem 1449
20270705|0335|0533|1315|1714|2047|2236|1 Safer 1449
20270706|0336|0533|1315|1714|2047|2235|2 Safer 1449
20270707|0337|0534|1315|1714|2047|2235|3 Safer 1449
20270708|0338|0534|1315|1714|2046|2234|4 Safer 1449
20270709|0339|0535|1316|1714|2046|2233|5 Safer 1449
20270710|0340|0536|1316|1714|2046|2233|6 Safer 1449
20270711|0341|0537|1316|1714|2045|2232|7 Safer 1449
20270712|0342|0537|1316|1714|2045|2231|8 Safer 1449
20270713|0344|0538|1316|1714|2044|2230|9 Safer 1449
20270714|0345|0539|1316|1714|2044|2229|10 Safer 1449
20270715|0346|0539|1316|1714|2043|2228|11 Safer 1449
20270716|0347|0540|1316|1714|2043|2227|12 Safer 1449
20270717|0349|0541|1317|1714|2042|2226|13 Safer 1449
20270718|0350|0542|1317|1714|2042|2225|14 Safer 1449
20270719|0351|0543|1317|1714|2041|2224|15 Safer 1449
20270720|0353|0544|1317|1714|2040|2223|16 Safer 1449
20270721|0354|0544|1317|1714|2039|2221|17 Safer 1449
20270722|0356|0545|1317|1713|2039|2220|18 Safer 1449
20270723|0357|0546|1317|1713|2038|2219|19 Safer 1449
20270724|0358|0547|1317|1713|2037|2218|20 Safer 1449
20270725|0400|0548|1317|1713|2036|2216|21 Safer 1449
20270726|0401|0549|1317|1713|2035|2215|22 Safer 1449
20270727|0403|0550|1317|1712|2034|2214|23 Safer 1449
20270728|0404|0551|1317|1712|2033|2212|24 Safer 1449
20270729|0406|0552|1317|1712|2032|2211|25 Safer 1449
20270730|0407|0553|1317|1712|2031|2209|26 Safer 1449
20270731|0409|0553|1317|1711|2030|2208|27 Safer 1449
20270801|0410|0554|1317|1711|2029|2206|28 Safer 1449
20270802|0412|0555|1317|1711|2028|2204|29 Safer 1449
20270803|0413|0556|1317|1710|2027|2203|1 Rebiulevvel 1449
20270804|0415|0557|1317|1710|2026|2201|2 Rebiulevvel 1449
20270805|0416|0558|1317|1709|2025|2200|3 Rebiulevvel 1449
20270806|0418|0559|1316|1709|2024|2158|4 Rebiulevvel 1449
20270807|0419|0600|1316|1708|2023|2156|5 Rebiulevvel 1449
20270808|0421|0601|1316|1708|2021|2155|6 Rebiulevvel 1449
20270809|0422|0602|1316|1708|2020|2153|7 Rebiulevvel 1449
20270810|0424|0603|1316|1707|2019|2151|8 Rebiulevvel 1449
20270811|0425|0604|1316|1706|2018|2149|9 Rebiulevvel 1449
20270812|0427|0605|1316|1706|2016|2148|10 Rebiulevvel 1449
20270813|0428|0606|1315|1705|2015|2146|11 Rebiulevvel 1449
20270814|0430|0607|1315|1705|2014|2144|12 Rebiulevvel 1449
20270815|0431|0608|1315|1704|2012|2142|13 Rebiulevvel 1449
20270816|0433|0609|1315|1704|2011|2141|14 Rebiulevvel 1449
20270817|0434|0610|1315|1703|2009|2139|15 Rebiulevvel 1449
20270818|0436|0611|1314|1702|2008|2137|16 Rebiulevvel 1449
20270819|0437|0612|1314|1702|2007|2135|17 Rebiulevvel 1449
20270820|0438|0613|1314|1701|2005|2133|18 Rebiulevvel 1449
20270821|0440|0614|1314|1700|2004|2131|19 Rebiulevvel 1449
20270822|0441|0615|1314|1659|2002|2130|20 Rebiulevvel 1449
20270823|0443|0616|1313|1659|2001|2128|21 Rebiulevvel 1449
20270824|0444|0617|1313|1658|1959|2126|22 Rebiulevvel 1449
20270825|0445|0618|1313|1657|1958|2124|23 Rebiulevvel 1449
20270826|0447|0619|1312|1656|1956|2122|24 Rebiulevvel 1449
20270827|0448|0620|1312|1655|1955|2120|25 Rebiulevvel 1449
20270828|0449|0621|1312|1655|1953|2118|26 Rebiulevvel 1449
20270829|0451|0622|1312|1654|1951|2116|27 Rebiulevvel 1449
20270830|0452|0623|1311|1653|1950|2114|28 Rebiulevvel 1449
20270831|0453|0624|1311|1652|1948|2113|29 Rebiulevvel 1449
20270901|0455|0625|1311|1651|1947|2111|30 Rebiulevvel 1449
20270902|0456|0626|1310|1650|1945|2109|1 Rebiulahir 1449
20270903|0457|0627|1310|1649|1943|2107|2 Rebiulahir 1449
20270904|0459|0628|1310|1648|1942|2105|3 Rebiulahir 1449
20270905|0500|0629|1309|1647|1940|2103|4 Rebiulahir 1449
20270906|0501|0630|1309|1646|1938|2101|5 Rebiulahir 1449
20270907|0502|0631|1309|1645|1937|2059|6 Rebiulahir 1449
20270908|0504|0632|1308|1644|1935|2057|7 Rebiulahir 1449
20270909|0505|0633|1308|1643|1933|2055|8 Rebiulahir 1449
20270910|0506|0634|1308|1642|1932|2054|9 Rebiulahir 1449
20270911|0507|0635|1307|1641|1930|2052|10 Rebiulahir 1449
20270912|0509|0636|1307|1640|1928|2050|11 Rebiulahir 1449
20270913|0510|0637|1307|1639|1927|2048|12 Rebiulahir 1449
20270914|0511|0638|1306|1638|1925|2046|13 Rebiulahir 1449
20270915|0512|0638|1306|1637|1923|2044|14 Rebiulahir 1449
20270916|0513|0639|1306|1636|1922|2042|15 Rebiulahir 1449
20270917|0515|0640|1305|1635|1920|2040|16 Rebiulahir 1449
20270918|0516|0641|1305|1633|1918|2038|17 Rebiulahir 1449
20270919|0517|0642|1304|1632|1917|2037|18 Rebiulahir 1449
20270920|0518|0643|1304|1631|1915|2035|19 Rebiulahir 1449
20270921|0519|0644|1304|1630|1913|2033|20 Rebiulahir 1449
20270922|0520|0645|1303|1629|1912|2031|21 Rebiulahir 1449
20270923|0521|0646|1303|1628|1910|2029|22 Rebiulahir 1449
20270924|0522|0647|1303|1626|1908|2028|23 Rebiulahir 1449
20270925|0524|0648|1302|1625|1906|2026|24 Rebiulahir 1449
20270926|0525|0649|1302|1624|1905|2024|25 Rebiulahir 1449
20270927|0526|0650|1302|1623|1903|2022|26 Rebiulahir 1449
20270928|0527|0651|1301|1622|1901|2020|27 Rebiulahir 1449
20270929|0528|0652|1301|1621|1900|2019|28 Rebiulahir 1449
20270930|0529|0653|1301|1619|1858|2017|29 Rebiulahir 1449
20271001|0530|0654|1300|1618|1856|2015|1 Cemaziyelevvel 1449
20271002|0531|0655|1300|1617|1855|2013|2 Cemaziyelevvel 1449
20271003|0532|0656|1300|1616|1853|2012|3 Cemaziyelevvel 1449
20271004|0533|0657|1259|1615|1851|2010|4 Cemaziyelevvel 1449
20271005|0534|0658|1259|1613|1850|2008|5 Cemaziyelevvel 1449
20271006|0536|0700|1259|1612|1848|2007|6 Cemaziyelevvel 1449
20271007|0537|0701|1258|1611|1846|2005|7 Cemaziyelevvel 1449
20271008|0538|0702|1258|1610|1845|2003|8 Cemaziyelevvel 1449
20271009|0539|0703|1258|1609|1843|2002|9 Cemaziyelevvel 1449
20271010|0540|0704|1258|1607|1842|2000|10 Cemaziyelevvel 1449
20271011|0541|0705|1257|1606|1840|1959|11 Cemaziyelevvel 1449
20271012|0542|0706|1257|1605|1838|1957|12 Cemaziyelevvel 1449
20271013|0543|0707|1257|1604|1837|1956|13 Cemaziyelevvel 1449
20271014|0544|0708|1257|1603|1835|1954|14 Cemaziyelevvel 1449
20271015|0545|0709|1256|1601|1834|1953|15 Cemaziyelevvel 1449
20271016|0546|0710|1256|1600|1832|1951|16 Cemaziyelevvel 1449
20271017|0547|0711|1256|1559|1831|1950|17 Cemaziyelevvel 1449
20271018|0548|0712|1256|1558|1829|1948|18 Cemaziyelevvel 1449
20271019|0549|0713|1256|1557|1828|1947|19 Cemaziyelevvel 1449
20271020|0550|0715|1255|1556|1826|1945|20 Cemaziyelevvel 1449
20271021|0551|0716|1255|1554|1825|1944|21 Cemaziyelevvel 1449
20271022|0552|0717|1255|1553|1823|1943|22 Cemaziyelevvel 1449
20271023|0553|0718|1255|1552|1822|1941|23 Cemaziyelevvel 1449
20271024|0554|0719|1255|1551|1821|1940|24 Cemaziyelevvel 1449
20271025|0555|0720|1255|1550|1819|1939|25 Cemaziyelevvel 1449
20271026|0556|0721|1254|1549|1818|1937|26 Cemaziyelevvel 1449
20271027|0557|0722|1254|1548|1816|1936|27 Cemaziyelevvel 1449
20271028|0558|0724|1254|1547|1815|1935|28 Cemaziyelevvel 1449
20271029|0559|0725|1254|1546|1814|1934|29 Cemaziyelevvel 1449
20271030|0601|0726|1254|1545|1812|1933|30 Cemaziyelevvel 1449
20271031|0602|0727|1254|1544|1811|1931|1 Cemaziyelahir 1449
20271101|0603|0728|1254|1543|1810|1930|2 Cemaziyelahir 1449
20271102|0604|0729|1254|1542|1809|1929|3 Cemaziyelahir 1449
20271103|0605|0731|1254|1541|1808|1928|4 Cemaziyelahir 1449
20271104|0606|0732|1254|1540|1806|1927|5 Cemaziyelahir 1449
20271105|0607|0733|1254|1539|1805|1926|6 Cemaziyelahir 1449
20271106|0608|0734|1254|1538|1804|1925|7 Cemaziyelahir 1449
20271107|0609|0735|1254|1537|1803|1924|8 Cemaziyelahir 1449
20271108|0610|0736|1254|1536|1802|1923|9 Cemaziyelahir 1449
20271109|0611|0738|1254|1536|1801|1922|10 Cemaziyelahir 1449
20271110|0612|0739|1254|1535|1800|1921|11 Cemaziyelahir 1449
20271111|0613|0740|1254|1534|1759|1921|12 Cemaziyelahir 1449
20271112|0614|0741|1254|1533|1758|1920|13 Cemaziyelahir 1449
20271113|0615|0742|1255|1533|1757|1919|14 Cemaziyelahir 1449
20271114|0616|0744|1255|1532|1756|1918|15 Cemaziyelahir 1449
20271115|0617|0745|1255|1531|1755|1918|16 Cemaziyelahir 1449
20271116|0618|0746|1255|1530|1754|1917|17 Cemaziyelahir 1449
20271117|0619|0747|1255|1530|1753|1916|18 Cemaziyelahir 1449
20271118|0620|0748|1255|1529|1753|1916|19 Cemaziyelahir 1449
20271119|0621|0749|1256|1529|1752|1915|20 Cemaziyelahir 1449
20271120|0622|0751|1256|1528|1751|1915|21 Cemaziyelahir 1449
20271121|0623|0752|1256|1528|1751|1914|22 Cemaziyelahir 1449
20271122|0624|0753|1256|1527|1750|1914|23 Cemaziyelahir 1449
20271123|0625|0754|1257|1527|1749|1913|24 Cemaziyelahir 1449
20271124|0626|0755|1257|1526|1749|1913|25 Cemaziyelahir 1449
20271125|0627|0756|1257|1526|1748|1912|26 Cemaziyelahir 1449
20271126|0628|0757|1258|1525|1748|1912|27 Cemaziyelahir 1449
20271127|0629|0758|1258|1525|1747|1912|28 Cemaziyelahir 1449
20271128|0630|0800|1258|1525|1747|1911|29 Cemaziyelahir 1449
20271129|0630|0801|1258|1525|1746|1911|1 Recep 1449
20271130|0631|0802|1259|1524|1746|1911|2 Recep 1449
20271201|0632|0803|1259|1524|1746|1911|3 Recep 1449
20271202|0633|0804|1300|1524|1745|1911|4 Recep 1449
20271203|0634|0805|1300|1524|1745|1910|5 Recep 1449
20271204|0635|0806|1300|1524|1745|1910|6 Recep 1449
20271205|0636|0807|1301|1524|1745|1910|7 Recep 1449
20271206|0637|0808|1301|1524|1745|1910|8 Recep 1449
20271207|0637|0809|1302|1524|1745|1910|9 Recep 1449
20271208|0638|0809|1302|1524|1745|1910|10 Recep 1449
20271209|0639|0810|1302|1524|1745|1910|11 Recep 1449
20271210|0640|0811|1303|1524|1745|1911|12 Recep 1449
20271211|0641|0812|1303|1524|1745|1911|13 Recep 1449
20271212|0641|0813|1304|1524|1745|1911|14 Recep 1449
20271213|0642|0814|1304|1524|1745|1911|15 Recep 1449
20271214|0643|0814|1305|1524|1745|1911|16 Recep 1449
20271215|0643|0815|1305|1525|1745|1912|17 Recep 1449
20271216|0644|0816|1306|1525|1746|1912|18 Recep 1449
20271217|0645|0817|1306|1525|1746|1912|19 Recep 1449
20271218|0645|0817|1307|1526|1746|1913|20 Recep 1449
20271219|0646|0818|1307|1526|1747|1913|21 Recep 1449
20271220|0646|0818|1308|1526|1747|1913|22 Recep 1449
20271221|0647|0819|1308|1527|1747|1914|23 Recep 1449
20271222|0647|0819|1309|1527|1748|1914|24 Recep 1449
20271223|0648|0820|1309|1528|1748|1915|25 Recep 1449
20271224|0648|0820|1310|1528|1749|1915|26 Recep 1449
20271225|0649|0821|1310|1529|1750|1916|27 Recep 1449
20271226|0649|0821|1311|1530|1750|1917|28 Recep 1449
20271227|0650|0821|1311|1530|1751|1917|29 Recep 1449
20271228|0650|0822|1312|1531|1751|1918|30 Recep 1449
20271229|0650|0822|1312|1532|1752|1918|1 Şaban 1449
20271230|0651|0822|1313|1532|1753|1919|2 Şaban 1449
20271231|0651|0823|1313|1533|1754|1920|3 Şaban 1449
#@9537|Büyükçekmece|ISTANBUL|730
20260101|0652|0824|1314|1534|1754|1921|12 Recep 1447
20260102|0652|0824|1314|1534|1755|1922|13 Recep 1447
20260103|0652|0824|1315|1535|1756|1922|14 Recep 1447
20260104|0652|0824|1315|1536|1757|1923|15 Recep 1447
20260105|0652|0824|1316|1537|1758|1924|16 Recep 1447
20260106|0652|0824|1316|1538|1759|1925|17 Recep 1447
20260107|0652|0824|1317|1539|1800|1926|18 Recep 1447
20260108|0652|0824|1317|1539|1801|1927|19 Recep 1447
20260109|0652|0823|1318|1540|1802|1927|20 Recep 1447
20260110|0652|0823|1318|1541|1803|1928|21 Recep 1447
20260111|0652|0823|1318|1542|1804|1929|22 Recep 1447
20260112|0652|0823|1319|1543|1805|1930|23 Recep 1447
20260113|0652|0822|1319|1544|1806|1931|24 Recep 1447
20260114|0652|0822|1320|1545|1807|1932|25 Recep 1447
20260115|0651|0822|1320|1546|1808|1933|26 Recep 1447
20260116|0651|0821|1320|1547|1809|1934|27 Recep 1447
20260117|0651|0821|1321|1548|1811|1935|28 Recep 1447
20260118|0650|0820|1321|1549|1812|1936|29 Recep 1447
20260119|0650|0820|1321|1550|1813|1937|30 Recep 1447
20260120|0650|0819|1322|1551|1814|1938|1 Şaban 1447
20260121|0649|0819|1322|1552|1815|1939|2 Şaban 1447
20260122|0649|0818|1322|1553|1816|1940|3 Şaban 1447
20260123|0648|0817|1322|1554|1818|1941|4 Şaban 1447
20260124|0648|0817|1323|1555|1819|1942|5 Şaban 1447
20260125|0647|0816|1323|1556|1820|1943|6 Şaban 1447
20260126|0647|0815|1323|1557|1821|1944|7 Şaban 1447
20260127|0646|0814|1323|1559|1822|1945|8 Şaban 1447
20260128|0645|0813|1324|1600|1824|1946|9 Şaban 1447
20260129|0645|0812|1324|1601|1825|1947|10 Şaban 1447
20260130|0644|0812|1324|1602|1826|1949|11 Şaban 1447
20260131|0643|0811|1324|1603|1827|1950|12 Şaban 1447
20260201|0642|0810|1324|1604|1829|1951|13 Şaban 1447
20260202|0642|0809|1324|1605|1830|1952|14 Şaban 1447
20260203|0641|0808|1324|1606|1831|1953|15 Şaban 1447
20260204|0640|0807|1325|1607|1832|1954|16 Şaban 1447
20260205|0639|0806|1325|1608|1834|1955|17 Şaban 1447
20260206|0638|0805|1325|1609|1835|1956|18 Şaban 1447
20260207|0637|0803|1325|1610|1836|1957|19 Şaban 1447
20260208|0636|0802|1325|1611|1837|1958|20 Şaban 1447
20260209|0635|0801|1325|1612|1839|1959|21 Şaban 1447
20260210|0634|0800|1325|1613|1840|2001|22 Şaban 1447
20260211|0633|0759|1325|1614|1841|2002|23 Şaban 1447
20260212|0632|0757|1325|1615|1842|2003|24 Şaban 1447
20260213|0631|0756|1325|1616|1844|2004|25 Şaban 1447
20260214|0629|0755|1325|1617|1845|2005|26 Şaban 1447
20260215|0628|0754|1325|1618|1846|2006|27 Şaban 1447
20260216|0627|0752|1325|1619|1847|2007|28 Şaban 1447
20260217|0626|0751|1325|1619|1848|2008|29 Şaban 1447
20260218|0625|0750|1325|1620|1850|2009|30 Şaban 1447
20260219|0623|0748|1325|1621|1851|2011|1 Ramazan 1447
20260220|0622|0747|1324|1622|1852|2012|2 Ramazan 1447
20260221|0621|0745|1324|1623|1853|2013|3 Ramazan 1447
20260222|0619|0744|1324|1624|1854|2014|4 Ramazan 1447
20260223|0618|0742|1324|1625|1856|2015|5 Ramazan 1447
20260224|0616|0741|1324|1626|1857|2016|6 Ramazan 1447
20260225|0615|0740|1324|1626|1858|2017|7 Ramazan 1447
20260226|0614|0738|1324|1627|1859|2018|8 Ramazan 1447
20260227|0612|0737|1323|1628|1900|2019|9 Ramazan 1447
20260228|0611|0735|1323|1629|1902|2021|10 Ramazan 1447
20260301|0609|0733|1323|1630|1903|2022|11 Ramazan 1447
20260302|0608|0732|1323|1630|1904|2023|12 Ramazan 1447
20260303|0606|0730|1323|1631|1905|2024|13 Ramazan 1447
20260304|0605|0729|1322|1632|1906|2025|14 Ramazan 1447
20260305|0603|0727|1322|1633|1907|2026|15 Ramazan 1447
20260306|0601|0726|1322|1633|1908|2027|16 Ramazan 1447
20260307|0600|0724|1322|1634|1910|2028|17 Ramazan 1447
20260308|0558|0722|1322|1635|1911|2030|18 Ramazan 1447
20260309|0557|0721|1321|1635|1912|2031|19 Ramazan 1447
20260310|0555|0719|1321|1636|1913|2032|20 Ramazan 1447
20260311|0553|0718|1321|1637|1914|2033|21 Ramazan 1447
20260312|0551|0716|1321|1637|1915|2034|22 Ramazan 1447
20260313|0550|0714|1320|1638|1916|2035|23 Ramazan 1447
20260314|0548|0713|1320|1639|1917|2037|24 Ramazan 1447
20260315|0546|0711|1320|1639|1918|2038|25 Ramazan 1447
20260316|0545|0709|1319|1640|1920|2039|26 Ramazan 1447
20260317|0543|0708|1319|1640|1921|2040|27 Ramazan 1447
20260318|0541|0706|1319|1641|1922|2041|28 Ramazan 1447
20260319|0539|0704|1319|1642|1923|2042|29 Ramazan 1447
20260320|0537|0703|1318|1642|1924|2044|1 Şevval 1447
20260321|0536|0701|1318|1643|1925|2045|2 Şevval 1447
20260322|0534|0659|1318|1643|1926|2046|3 Şevval 1447
20260323|0532|0658|1317|1644|1927|2047|4 Şevval 1447
20260324|0530|0656|1317|1644|1928|2048|5 Şevval 1447
20260325|0528|0654|1317|1645|1929|2050|6 Şevval 1447
20260326|0527|0653|1316|1645|1930|2051|7 Şevval 1447
20260327|0525|0651|1316|1646|1931|2052|8 Şevval 1447
20260328|0523|0649|1316|1646|1932|2053|9 Şevval 1447
20260329|0521|0648|1316|1647|1934|2055|10 Şevval 1447
20260330|0519|0646|1315|1647|1935|2056|11 Şevval 1447
20260331|0517|0644|1315|1647|1936|2057|12 Şevval 1447
20260401|0515|0643|1315|1648|1937|2058|13 Şevval 1447
20260402|0513|0641|1314|1648|1938|2100|14 Şevval 1447
20260403|0511|0639|1314|1649|1939|2101|15 Şevval 1447
20260404|0510|0638|1314|1649|1940|2102|16 Şevval 1447
20260405|0508|0636|1314|1650|1941|2104|17 Şevval 1447
20260406|0506|0634|1313|1650|1942|2105|18 Şevval 1447
20260407|0504|0633|1313|1650|1943|2106|19 Şevval 1447
20260408|0502|0631|1313|1651|1944|2107|20 Şevval 1447
20260409|0500|0630|1312|1651|1945|2109|21 Şevval 1447
20260410|0458|0628|1312|1652|1946|2110|22 Şevval 1447
20260411|0456|0626|1312|1652|1947|2112|23 Şevval 1447
20260412|0454|0625|1312|1652|1948|2113|24 Şevval 1447
20260413|0452|0623|1311|1653|1949|2114|25 Şevval 1447
20260414|0450|0622|1311|1653|1951|2116|26 Şevval 1447
20260415|0448|0620|1311|1653|1952|2117|27 Şevval 1447
20260416|0447|0619|1311|1654|1953|2118|28 Şevval 1447
20260417|0445|0617|1310|1654|1954|2120|29 Şevval 1447
20260418|0443|0616|1310|1654|1955|2121|1 Zilkade 1447
20260419|0441|0614|1310|1655|1956|2123|2 Zilkade 1447
20260420|0439|0613|1310|1655|1957|2124|3 Zilkade 1447
20260421|0437|0611|1309|1655|1958|2126|4 Zilkade 1447
20260422|0435|0610|1309|1656|1959|2127|5 Zilkade 1447
20260423|0433|0608|1309|1656|2000|2129|6 Zilkade 1447
20260424|0431|0607|1309|1656|2001|2130|7 Zilkade 1447
20260425|0429|0605|1309|1656|2002|2131|8 Zilkade 1447
20260426|0428|0604|1309|1657|2003|2133|9 Zilkade 1447
20260427|0426|0603|1308|1657|2004|2134|10 Zilkade 1447
20260428|0424|0601|1308|1657|2005|2136|11 Zilkade 1447
20260429|0422|0600|1308|1658|2006|2137|12 Zilkade 1447
20260430|0420|0558|1308|1658|2008|2139|13 Zilkade 1447
20260501|0418|0557|1308|1658|2009|2140|14 Zilkade 1447
20260502|0417|0556|1308|1659|2010|2142|15 Zilkade 1447
20260503|0415|0555|1308|1659|2011|2143|16 Zilkade 1447
20260504|0413|0553|1308|1659|2012|2145|17 Zilkade 1447
20260505|0411|0552|1307|1659|2013|2146|18 Zilkade 1447
20260506|0410|0551|1307|1700|2014|2148|19 Zilkade 1447
20260507|0408|0550|1307|1700|2015|2150|20 Zilkade 1447
20260508|0406|0549|1307|1700|2016|2151|21 Zilkade 1447
20260509|0404|0547|1307|1701|2017|2153|22 Zilkade 1447
20260510|0403|0546|1307|1701|2018|2154|23 Zilkade 1447
20260511|0401|0545|1307|1701|2019|2156|24 Zilkade 1447
20260512|0400|0544|1307|1701|2020|2157|25 Zilkade 1447
20260513|0358|0543|1307|1702|2021|2159|26 Zilkade 1447
20260514|0356|0542|1307|1702|2022|2200|27 Zilkade 1447
20260515|0355|0541|1307|1702|2023|2202|28 Zilkade 1447
20260516|0353|0540|1307|1703|2024|2203|29 Zilkade 1447
20260517|0352|0539|1307|1703|2025|2205|30 Zilkade 1447
20260518|0350|0538|1307|1703|2026|2206|1 Zilhicce 1447
20260519|0349|0538|1307|1703|2027|2208|2 Zilhicce 1447
20260520|0347|0537|1307|1704|2028|2209|3 Zilhicce 1447
20260521|0346|0536|1307|1704|2029|2210|4 Zilhicce 1447
20260522|0345|0535|1307|1704|2030|2212|5 Zilhicce 1447
20260523|0343|0534|1307|1705|2031|2213|6 Zilhicce 1447
20260524|0342|0534|1307|1705|2031|2215|7 Zilhicce 1447
20260525|0341|0533|1308|1705|2032|2216|8 Zilhicce 1447
20260526|0340|0532|1308|1705|2033|2217|9 Zilhicce 1447
20260527|0339|0532|1308|1706|2034|2219|10 Zilhicce 1447
20260528|0337|0531|1308|1706|2035|2220|11 Zilhicce 1447
20260529|0336|0530|1308|1706|2036|2221|12 Zilhicce 1447
20260530|0335|0530|1308|1707|2036|2222|13 Zilhicce 1447
20260531|0334|0529|1308|1707|2037|2224|14 Zilhicce 1447
20260601|0333|0529|1308|1707|2038|2225|15 Zilhicce 1447
20260602|0332|0529|1309|1707|2039|2226|16 Zilhicce 1447
20260603|0332|0528|1309|1708|2039|2227|17 Zilhicce 1447
20260604|0331|0528|1309|1708|2040|2228|18 Zilhicce 1447
20260605|0330|0527|1309|1708|2041|2229|19 Zilhicce 1447
20260606|0329|0527|1309|1709|2042|2230|20 Zilhicce 1447
20260607|0329|0527|1309|1709|2042|2231|21 Zilhicce 1447
20260608|0328|0527|1310|1709|2043|2232|22 Zilhicce 1447
20260609|0328|0526|1310|1709|2043|2233|23 Zilhicce 1447
20260610|0327|0526|1310|1710|2044|2234|24 Zilhicce 1447
20260611|0327|0526|1310|1710|2044|2235|25 Zilhicce 1447
20260612|0326|0526|1310|1710|2045|2235|26 Zilhicce 1447
20260613|0326|0526|1311|1710|2045|2236|27 Zilhicce 1447
20260614|0326|0526|1311|1711|2046|2237|28 Zilhicce 1447
20260615|0326|0526|1311|1711|2046|2237|29 Zilhicce 1447
20260616|0325|0526|1311|1711|2047|2238|1 Muharrem 1448
20260617|0325|0526|1312|1711|2047|2238|2 Muharrem 1448
20260618|0325|0526|1312|1712|2047|2239|3 Muharrem 1448
20260619|0325|0526|1312|1712|2048|2239|4 Muharrem 1448
20260620|0326|0526|1312|1712|2048|2239|5 Muharrem 1448
20260621|0326|0527|1312|1712|2048|2240|6 Muharrem 1448
20260622|0326|0527|1313|1713|2048|2240|7 Muharrem 1448
20260623|0326|0527|1313|1713|2049|2240|8 Muharrem 1448
20260624|0327|0527|1313|1713|2049|2240|9 Muharrem 1448
20260625|0327|0528|1313|1713|2049|2240|10 Muharrem 1448
20260626|0327|0528|1313|1713|2049|2240|11 Muharrem 1448
20260627|0328|0528|1314|1714|2049|2240|12 Muharrem 1448
20260628|0328|0529|1314|1714|2049|2240|13 Muharrem 1448
20260629|0329|0529|1314|1714|2049|2240|14 Muharrem 1448
20260630|0330|0530|1314|1714|2049|2240|15 Muharrem 1448
20260701|0330|0530|1314|1714|2049|2239|16 Muharrem 1448
20260702|0331|0531|1315|1714|2049|2239|17 Muharrem 1448
20260703|0332|0531|1315|1714|2049|2238|18 Muharrem 1448
20260704|0333|0532|1315|1715|2048|2238|19 Muharrem 1448
20260705|0334|0532|1315|1715|2048|2238|20 Muharrem 1448
20260706|0335|0533|1315|1715|2048|2237|21 Muharrem 1448
20260707|0336|0534|1316|1715|2048|2236|22 Muharrem 1448
20260708|0337|0534|1316|1715|2047|2236|23 Muharrem 1448
20260709|0338|0535|1316|1715|2047|2235|24 Muharrem 1448
20260710|0339|0536|1316|1715|2047|2234|25 Muharrem 1448
20260711|0340|0536|1316|1715|2046|2233|26 Muharrem 1448
20260712|0341|0537|1316|1715|2046|2232|27 Muharrem 1448
20260713|0343|0538|1316|1715|2045|2232|28 Muharrem 1448
20260714|0344|0538|1317|1715|2045|2231|29 Muharrem 1448
20260715|0345|0539|1317|1715|2044|2230|1 Safer 1448
20260716|0347|0540|1317|1715|2044|2229|2 Safer 1448
20260717|0348|0541|1317|1715|2043|2227|3 Safer 1448
20260718|0349|0542|1317|1715|2042|2226|4 Safer 1448
20260719|0351|0542|1317|1714|2042|2225|5 Safer 1448
20260720|0352|0543|1317|1714|2041|2224|6 Safer 1448
20260721|0353|0544|1317|1714|2040|2223|7 Safer 1448
20260722|0355|0545|1317|1714|2039|2221|8 Safer 1448
20260723|0356|0546|1317|1714|2038|2220|9 Safer 1448
20260724|0358|0547|1317|1714|2038|2219|10 Safer 1448
20260725|0359|0548|1317|1713|2037|2217|11 Safer 1448
20260726|0401|0549|1317|1713|2036|2216|12 Safer 1448
20260727|0402|0550|1317|1713|2035|2215|13 Safer 1448
20260728|0404|0551|1317|1713|2034|2213|14 Safer 1448
20260729|0405|0551|1317|1712|2033|2212|15 Safer 1448
20260730|0407|0552|1317|1712|2032|2210|16 Safer 1448
20260731|0408|0553|1317|1712|2031|2209|17 Safer 1448
20260801|0410|0554|1317|1711|2030|2207|18 Safer 1448
20260802|0411|0555|1317|1711|2029|2205|19 Safer 1448
20260803|0413|0556|1317|1711|2028|2204|20 Safer 1448
20260804|0414|0557|1317|1710|2027|2202|21 Safer 1448
20260805|0416|0558|1317|1710|2025|2201|22 Safer 1448
20260806|0417|0559|1317|1709|2024|2159|23 Safer 1448
20260807|0419|0600|1317|1709|2023|2157|24 Safer 1448
20260808|0420|0601|1316|1708|2022|2155|25 Safer 1448
20260809|0422|0602|1316|1708|2020|2154|26 Safer 1448
20260810|0423|0603|1316|1707|2019|2152|27 Safer 1448
20260811|0425|0604|1316|1707|2018|2150|28 Safer 1448
20260812|0426|0605|1316|1706|2017|2148|29 Safer 1448
20260813|0428|0606|1316|1706|2015|2147|30 Safer 1448
20260814|0429|0607|1315|1705|2014|2145|1 Rebiulevvel 1448
20260815|0431|0608|1315|1704|2012|2143|2 Rebiulevvel 1448
20260816|0432|0609|1315|1704|2011|2141|3 Rebiulevvel 1448
20260817|0434|0610|1315|1703|2010|2139|4 Rebiulevvel 1448
20260818|0435|0611|1315|1702|2008|2138|5 Rebiulevvel 1448
20260819|0437|0612|1314|1702|2007|2136|6 Rebiulevvel 1448
20260820|0438|0613|1314|1701|2005|2134|7 Rebiulevvel 1448
20260821|0440|0614|1314|1700|2004|2132|8 Rebiulevvel 1448
20260822|0441|0615|1314|1700|2002|2130|9 Rebiulevvel 1448
20260823|0442|0616|1313|1659|2001|2128|10 Rebiulevvel 1448
20260824|0444|0617|1313|1658|1959|2126|11 Rebiulevvel 1448
20260825|0445|0618|1313|1657|1958|2124|12 Rebiulevvel 1448
20260826|0447|0619|1313|1656|1956|2122|13 Rebiulevvel 1448
20260827|0448|0620|1312|1656|1955|2121|14 Rebiulevvel 1448
20260828|0449|0621|1312|1655|1953|2119|15 Rebiulevvel 1448
20260829|0451|0622|1312|1654|1952|2117|16 Rebiulevvel 1448
20260830|0452|0623|1311|1653|1950|2115|17 Rebiulevvel 1448
20260831|0453|0624|1311|1652|1948|2113|18 Rebiulevvel 1448
20260901|0455|0625|1311|1651|1947|2111|19 Rebiulevvel 1448
20260902|0456|0626|1311|1650|1945|2109|20 Rebiulevvel 1448
20260903|0457|0627|1310|1649|1943|2107|21 Rebiulevvel 1448
20260904|0459|0628|1310|1648|1942|2105|22 Rebiulevvel 1448
20260905|0500|0629|1310|1647|1940|2103|23 Rebiulevvel 1448
20260906|0501|0630|1309|1646|1938|2101|24 Rebiulevvel 1448
20260907|0502|0631|1309|1645|1937|2059|25 Rebiulevvel 1448
20260908|0504|0632|1309|1644|1935|2058|26 Rebiulevvel 1448
20260909|0505|0633|1308|1643|1933|2056|27 Rebiulevvel 1448
20260910|0506|0634|1308|1642|1932|2054|28 Rebiulevvel 1448
20260911|0507|0635|1307|1641|1930|2052|29 Rebiulevvel 1448
20260912|0509|0636|1307|1640|1928|2050|1 Rebiulahir 1448
20260913|0510|0637|1307|1639|1927|2048|2 Rebiulahir 1448
20260914|0511|0638|1306|1638|1925|2046|3 Rebiulahir 1448
20260915|0512|0639|1306|1637|1923|2044|4 Rebiulahir 1448
20260916|0513|0640|1306|1636|1922|2042|5 Rebiulahir 1448
20260917|0515|0641|1305|1634|1920|2041|6 Rebiulahir 1448
20260918|0516|0642|1305|1633|1918|2039|7 Rebiulahir 1448
20260919|0517|0643|1305|1632|1916|2037|8 Rebiulahir 1448
20260920|0518|0644|1304|1631|1915|2035|9 Rebiulahir 1448
20260921|0519|0645|1304|1630|1913|2033|10 Rebiulahir 1448
20260922|0520|0646|1304|1629|1911|2031|11 Rebiulahir 1448
20260923|0522|0647|1303|1628|1910|2029|12 Rebiulahir 1448
20260924|0523|0648|1303|1626|1908|2028|13 Rebiulahir 1448
20260925|0524|0649|1303|1625|1906|2026|14 Rebiulahir 1448
20260926|0525|0650|1302|1624|1905|2024|15 Rebiulahir 1448
20260927|0526|0651|1302|1623|1903|2022|16 Rebiulahir 1448
20260928|0527|0652|1301|1622|1901|2020|17 Rebiulahir 1448
20260929|0528|0653|1301|1620|1859|2019|18 Rebiulahir 1448
20260930|0529|0654|1301|1619|1858|2017|19 Rebiulahir 1448
20261001|0530|0655|1300|1618|1856|2015|20 Rebiulahir 1448
20261002|0531|0656|1300|1617|1854|2013|21 Rebiulahir 1448
20261003|0533|0657|1300|1616|1853|2012|22 Rebiulahir 1448
20261004|0534|0658|1300|1614|1851|2010|23 Rebiulahir 1448
20261005|0535|0659|1259|1613|1849|2008|24 Rebiulahir 1448
20261006|0536|0700|1259|1612|1848|2007|25 Rebiulahir 1448
20261007|0537|0701|1259|1611|1846|2005|26 Rebiulahir 1448
20261008|0538|0702|1258|1609|1845|2003|27 Rebiulahir 1448
20261009|0539|0703|1258|1608|1843|2002|28 Rebiulahir 1448
20261010|0540|0704|1258|1607|1841|2000|29 Rebiulahir 1448
20261011|0541|0705|1258|1606|1840|1959|30 Rebiulahir 1448
20261012|0542|0706|1257|1605|1838|1957|1 Cemaziyelevvel 1448
20261013|0543|0708|1257|1603|1837|1956|2 Cemaziyelevvel 1448
20261014|0544|0709|1257|1602|1835|1954|3 Cemaziyelevvel 1448
20261015|0545|0710|1257|1601|1833|1952|4 Cemaziyelevvel 1448
20261016|0546|0711|1256|1600|1832|1951|5 Cemaziyelevvel 1448
20261017|0547|0712|1256|1559|1830|1950|6 Cemaziyelevvel 1448
20261018|0549|0713|1256|1558|1829|1948|7 Cemaziyelevvel 1448
20261019|0550|0714|1256|1556|1827|1947|8 Cemaziyelevvel 1448
20261020|0551|0715|1256|1555|1826|1945|9 Cemaziyelevvel 1448
20261021|0552|0716|1255|1554|1824|1944|10 Cemaziyelevvel 1448
20261022|0553|0718|1255|1553|1823|1942|11 Cemaziyelevvel 1448
20261023|0554|0719|1255|1552|1822|1941|12 Cemaziyelevvel 1448
20261024|0555|0720|1255|1551|1820|1940|13 Cemaziyelevvel 1448
20261025|0556|0721|1255|1550|1819|1939|14 Cemaziyelevvel 1448
20261026|0557|0722|1255|1549|1817|1937|15 Cemaziyelevvel 1448
20261027|0558|0723|1255|1547|1816|1936|16 Cemaziyelevvel 1448
20261028|0559|0724|1254|1546|1815|1935|17 Cemaziyelevvel 1448
20261029|0600|0726|1254|1545|1813|1934|18 Cemaziyelevvel 1448
20261030|0601|0727|1254|1544|1812|1932|19 Cemaziyelevvel 1448
20261031|0602|0728|1254|1543|1811|1931|20 Cemaziyelevvel 1448
20261101|0603|0729|1254|1542|1809|1930|21 Cemaziyelevvel 1448
20261102|0604|0730|1254|1541|1808|1929|22 Cemaziyelevvel 1448
20261103|0605|0731|1254|1540|1807|1928|23 Cemaziyelevvel 1448
20261104|0606|0733|1254|1540|1806|1927|24 Cemaziyelevvel 1448
20261105|0607|0734|1254|1539|1805|1926|25 Cemaziyelevvel 1448
20261106|0608|0735|1254|1538|1804|1925|26 Cemaziyelevvel 1448
20261107|0609|0736|1254|1537|1802|1924|27 Cemaziyelevvel 1448
20261108|0610|0737|1254|1536|1801|1923|28 Cemaziyelevvel 1448
20261109|0611|0739|1254|1535|1800|1922|29 Cemaziyelevvel 1448
20261110|0612|0740|1255|1534|1759|1921|1 Cemaziyelahir 1448
20261111|0613|0741|1255|1534|1758|1920|2 Cemaziyelahir 1448
20261112|0615|0742|1255|1533|1757|1920|3 Cemaziyelahir 1448
20261113|0616|0743|1255|1532|1756|1919|4 Cemaziyelahir 1448
20261114|0617|0745|1255|1531|1756|1918|5 Cemaziyelahir 1448
20261115|0618|0746|1255|1531|1755|1917|6 Cemaziyelahir 1448
20261116|0619|0747|1255|1530|1754|1917|7 Cemaziyelahir 1448
20261117|0620|0748|1256|1529|1753|1916|8 Cemaziyelahir 1448
20261118|0621|0749|1256|1529|1752|1916|9 Cemaziyelahir 1448
20261119|0622|0750|1256|1528|1751|1915|10 Cemaziyelahir 1448
20261120|0623|0752|1256|1528|1751|1914|11 Cemaziyelahir 1448
20261121|0624|0753|1256|1527|1750|1914|12 Cemaziyelahir 1448
20261122|0625|0754|1257|1527|1749|1913|13 Cemaziyelahir 1448
20261123|0626|0755|1257|1526|1749|1913|14 Cemaziyelahir 1448
20261124|0627|0756|1257|1526|1748|1913|15 Cemaziyelahir 1448
20261125|0627|0757|1257|1525|1748|1912|16 Cemaziyelahir 1448
20261126|0628|0758|1258|1525|1747|1912|17 Cemaziyelahir 1448
20261127|0629|0800|1258|1525|1747|1911|18 Cemaziyelahir 1448
20261128|0630|0801|1258|1524|1746|1911|19 Cemaziyelahir 1448
20261129|0631|0802|1259|1524|1746|1911|20 Cemaziyelahir 1448
20261130|0632|0803|1259|1524|1746|1911|21 Cemaziyelahir 1448
20261201|0633|0804|1300|1524|1745|1911|22 Cemaziyelahir 1448
20261202|0634|0805|1300|1523|1745|1910|23 Cemaziyelahir 1448
20261203|0635|0806|1300|1523|1745|1910|24 Cemaziyelahir 1448
20261204|0636|0807|1301|1523|1745|1910|25 Cemaziyelahir 1448
20261205|0636|0808|1301|1523|1744|1910|26 Cemaziyelahir 1448
20261206|0637|0809|1301|1523|1744|1910|27 Cemaziyelahir 1448
20261207|0638|0810|1302|1523|1744|1910|28 Cemaziyelahir 1448
20261208|0639|0811|1302|1523|1744|1910|29 Cemaziyelahir 1448
20261209|0640|0811|1303|1523|1744|1910|30 Cemaziyelahir 1448
20261210|0641|0812|1303|1523|1744|1910|1 Recep 1448
20261211|0641|0813|1304|1523|1744|1911|2 Recep 1448
20261212|0642|0814|1304|1524|1744|1911|3 Recep 1448
20261213|0643|0815|1305|1524|1745|1911|4 Recep 1448
20261214|0643|0815|1305|1524|1745|1911|5 Recep 1448
20261215|0644|0816|1306|1524|1745|1912|6 Recep 1448
20261216|0645|0817|1306|1525|1745|1912|7 Recep 1448
20261217|0645|0818|1307|1525|1746|1912|8 Recep 1448
20261218|0646|0818|1307|1525|1746|1913|9 Recep 1448
20261219|0647|0819|1308|1526|1746|1913|10 Recep 1448
20261220|0647|0819|1308|1526|1747|1913|11 Recep 1448
20261221|0648|0820|1308|1527|1747|1914|12 Recep 1448
20261222|0648|0820|1309|1527|1748|1914|13 Recep 1448
20261223|0649|0821|1309|1528|1748|1915|14 Recep 1448
20261224|0649|0821|1310|1528|1749|1915|15 Recep 1448
20261225|0649|0822|1310|1529|1749|1916|16 Recep 1448
20261226|0650|0822|1311|1529|1750|1917|17 Recep 1448
20261227|0650|0822|1311|1530|1751|1917|18 Recep 1448
20261228|0651|0823|1312|1531|1751|1918|19 Recep 1448
20261229|0651|0823|1312|1531|1752|1919|20 Recep 1448
20261230|0651|0823|1313|1532|1753|1919|21 Recep 1448
20261231|0651|0823|1313|1533|1753|1920|22 Recep 1448
20270101|0652|0824|1314|1533|1754|1921|23 Recep 1448
20270102|0652|0824|1314|1534|1755|1921|24 Recep 1448
20270103|0652|0824|1315|1535|1756|1922|25 Recep 1448
20270104|0652|0824|1315|1536|1757|1923|26 Recep 1448
20270105|0652|0824|1316|1537|1758|1924|27 Recep 1448
20270106|0652|0824|1316|1538|1759|1925|28 Recep 1448
20270107|0652|0824|1317|1538|1800|1925|29 Recep 1448
20270108|0652|0824|1317|1539|1801|1926|30 Recep 1448
20270109|0652|0823|1317|1540|1802|1927|1 Şaban 1448
20270110|0652|0823|1318|1541|1803|1928|2 Şaban 1448
20270111|0652|0823|1318|1542|1804|1929|3 Şaban 1448
20270112|0652|0823|1319|1543|1805|1930|4 Şaban 1448
20270113|0652|0822|1319|1544|1806|1931|5 Şaban 1448
20270114|0652|0822|1319|1545|1807|1932|6 Şaban 1448
20270115|0651|0822|1320|1546|1808|1933|7 Şaban 1448
20270116|0651|0821|1320|1547|1809|1934|8 Şaban 1448
20270117|0651|0821|1321|1548|1810|1935|9 Şaban 1448
20270118|0651|0820|1321|1549|1811|1936|10 Şaban 1448
20270119|0650|0820|1321|1550|1813|1937|11 Şaban 1448
20270120|0650|0819|1321|1551|1814|1938|12 Şaban 1448
20270121|0649|0819|1322|1552|1815|1939|13 Şaban 1448
20270122|0649|0818|1322|1553|1816|1940|14 Şaban 1448
20270123|0648|0817|1322|1554|1817|1941|15 Şaban 1448
20270124|0648|0817|1323|1555|1818|1942|16 Şaban 1448
20270125|0647|0816|1323|1556|1820|1943|17 Şaban 1448
20270126|0647|0815|1323|1557|1821|1944|18 Şaban 1448
20270127|0646|0814|1323|1558|1822|1945|19 Şaban 1448
20270128|0645|0814|1323|1559|1823|1946|20 Şaban 1448
20270129|0645|0813|1324|1600|1825|1947|21 Şaban 1448
20270130|0644|0812|1324|1601|1826|1948|22 Şaban 1448
20270131|0643|0811|1324|1602|1827|1949|23 Şaban 1448
20270201|0643|0810|1324|1603|1828|1950|24 Şaban 1448
20270202|0642|0809|1324|1604|1830|1952|25 Şaban 1448
20270203|0641|0808|1324|1606|1831|1953|26 Şaban 1448
20270204|0640|0807|1324|1607|1832|1954|27 Şaban 1448
20270205|0639|0806|1325|1608|1833|1955|28 Şaban 1448
20270206|0638|0805|1325|1609|1835|1956|29 Şaban 1448
20270207|0637|0804|1325|1610|1836|1957|30 Şaban 1448
20270208|0636|0803|1325|1611|1837|1958|1 Ramazan 1448
20270209|0635|0801|1325|1612|1838|1959|2 Ramazan 1448
20270210|0634|0800|1325|1613|1840|2000|3 Ramazan 1448
20270211|0633|0759|1325|1614|1841|2001|4 Ramazan 1448
20270212|0632|0758|1325|1615|1842|2002|5 Ramazan 1448
20270213|0631|0756|1325|1615|1843|2004|6 Ramazan 1448
20270214|0630|0755|1325|1616|1845|2005|7 Ramazan 1448
20270215|0629|0754|1325|1617|1846|2006|8 Ramazan 1448
20270216|0627|0753|1325|1618|1847|2007|9 Ramazan 1448
20270217|0626|0751|1325|1619|1848|2008|10 Ramazan 1448
20270218|0625|0750|1325|1620|1849|2009|11 Ramazan 1448
20270219|0624|0749|1325|1621|1851|2010|12 Ramazan 1448
20270220|0622|0747|1324|1622|1852|2011|13 Ramazan 1448
20270221|0621|0746|1324|1623|1853|2012|14 Ramazan 1448
20270222|0620|0744|1324|1624|1854|2014|15 Ramazan 1448
20270223|0618|0743|1324|1625|1855|2015|16 Ramazan 1448
20270224|0617|0741|1324|1625|1857|2016|17 Ramazan 1448
20270225|0615|0740|1324|1626|1858|2017|18 Ramazan 1448
20270226|0614|0738|1324|1627|1859|2018|19 Ramazan 1448
20270227|0613|0737|1323|1628|1900|2019|20 Ramazan 1448
20270228|0611|0735|1323|1629|1901|2020|21 Ramazan 1448
20270301|0610|0734|1323|1629|1902|2021|22 Ramazan 1448
20270302|0608|0732|1323|1630|1904|2023|23 Ramazan 1448
20270303|0606|0731|1323|1631|1905|2024|24 Ramazan 1448
20270304|0605|0729|1323|1632|1906|2025|25 Ramazan 1448
20270305|0603|0728|1322|1632|1907|2026|26 Ramazan 1448
20270306|0602|0726|1322|1633|1908|2027|27 Ramazan 1448
20270307|0600|0724|1322|1634|1909|2028|28 Ramazan 1448
20270308|0559|0723|1322|1635|1910|2029|29 Ramazan 1448
20270309|0557|0721|1321|1635|1912|2030|1 Şevval 1448
20270310|0555|0720|1321|1636|1913|2032|2 Şevval 1448
20270311|0554|0718|1321|1637|1914|2033|3 Şevval 1448
20270312|0552|0716|1321|1637|1915|2034|4 Şevval 1448
20270313|0550|0715|1320|1638|1916|2035|5 Şevval 1448
20270314|0548|0713|1320|1638|1917|2036|6 Şevval 1448
20270315|0547|0711|1320|1639|1918|2037|7 Şevval 1448
20270316|0545|0710|1320|1640|1919|2039|8 Şevval 1448
20270317|0543|0708|1319|1640|1920|2040|9 Şevval 1448
20270318|0541|0706|1319|1641|1921|2041|10 Şevval 1448
20270319|0540|0705|1319|1641|1923|2042|11 Şevval 1448
20270320|0538|0703|1318|1642|1924|2043|12 Şevval 1448
20270321|0536|0701|1318|1642|1925|2044|13 Şevval 1448
20270322|0534|0700|1318|1643|1926|2046|14 Şevval 1448
20270323|0533|0658|1317|1644|1927|2047|15 Şevval 1448
20270324|0531|0656|1317|1644|1928|2048|16 Şevval 1448
20270325|0529|0655|1317|1645|1929|2049|17 Şevval 1448
20270326|0527|0653|1317|1645|1930|2051|18 Şevval 1448
20270327|0525|0651|1316|1646|1931|2052|19 Şevval 1448
20270328|0523|0650|1316|1646|1932|2053|20 Şevval 1448
20270329|0521|0648|1316|1646|1933|2054|21 Şevval 1448
20270330|0520|0646|1315|1647|1934|2056|22 Şevval 1448
20270331|0518|0645|1315|1647|1935|2057|23 Şevval 1448
20270401|0516|0643|1315|1648|1936|2058|24 Şevval 1448
20270402|0514|0641|1314|1648|1938|2059|25 Şevval 1448
20270403|0512|0640|1314|1649|1939|2101|26 Şevval 1448
20270404|0510|0638|1314|1649|1940|2102|27 Şevval 1448
20270405|0508|0636|1314|1649|1941|2103|28 Şevval 1448
20270406|0506|0635|1313|1650|1942|2105|29 Şevval 1448
20270407|0504|0633|1313|1650|1943|2106|30 Şevval 1448
20270408|0502|0632|1313|1651|1944|2107|1 Zilkade 1448
20270409|0500|0630|1312|1651|1945|2109|2 Zilkade 1448
20270410|0459|0628|1312|1651|1946|2110|3 Zilkade 1448
20270411|0457|0627|1312|1652|1947|2111|4 Zilkade 1448
20270412|0455|0625|1312|1652|1948|2113|5 Zilkade 1448
20270413|0453|0624|1311|1653|1949|2114|6 Zilkade 1448
20270414|0451|0622|1311|1653|1950|2115|7 Zilkade 1448
20270415|0449|0620|1311|1653|1951|2117|8 Zilkade 1448
20270416|0447|0619|1311|1654|1952|2118|9 Zilkade 1448
20270417|0445|0617|1310|1654|1953|2120|10 Zilkade 1448
20270418|0443|0616|1310|1654|1955|2121|11 Zilkade 1448
20270419|0441|0614|1310|1655|1956|2122|12 Zilkade 1448
20270420|0439|0613|1310|1655|1957|2124|13 Zilkade 1448
20270421|0437|0611|1310|1655|1958|2125|14 Zilkade 1448
20270422|0436|0610|1309|1655|1959|2127|15 Zilkade 1448
20270423|0434|0608|1309|1656|2000|2128|16 Zilkade 1448
20270424|0432|0607|1309|1656|2001|2130|17 Zilkade 1448
20270425|0430|0606|1309|1656|2002|2131|18 Zilkade 1448
20270426|0428|0604|1309|1657|2003|2133|19 Zilkade 1448
20270427|0426|0603|1308|1657|2004|2134|20 Zilkade 1448
20270428|0424|0601|1308|1657|2005|2136|21 Zilkade 1448
20270429|0423|0600|1308|1658|2006|2137|22 Zilkade 1448
20270430|0421|0559|1308|1658|2007|2139|23 Zilkade 1448
20270501|0419|0557|1308|1658|2008|2140|24 Zilkade 1448
20270502|0417|0556|1308|1658|2009|2142|25 Zilkade 1448
20270503|0415|0555|1308|1659|2010|2143|26 Zilkade 1448
20270504|0414|0554|1308|1659|2011|2145|27 Zilkade 1448
20270505|0412|0552|1307|1659|2012|2146|28 Zilkade 1448
20270506|0410|0551|1307|1700|2014|2148|29 Zilkade 1448
20270507|0408|0550|1307|1700|2015|2149|1 Zilhicce 1448
20270508|0407|0549|1307|1700|2016|2151|2 Zilhicce 1448
20270509|0405|0548|1307|1701|2017|2152|3 Zilhicce 1448
20270510|0403|0547|1307|1701|2018|2154|4 Zilhicce 1448
20270511|0402|0546|1307|1701|2019|2155|5 Zilhicce 1448
20270512|0400|0544|1307|1701|2020|2157|6 Zilhicce 1448
20270513|0358|0543|1307|1702|2021|2158|7 Zilhicce 1448
20270514|0357|0542|1307|1702|2022|2200|8 Zilhicce 1448
20270515|0355|0541|1307|1702|2023|2201|9 Zilhicce 1448
20270516|0354|0540|1307|1702|2024|2203|10 Zilhicce 1448
20270517|0352|0540|1307|1703|2025|2204|11 Zilhicce 1448
20270518|0351|0539|1307|1703|2026|2206|12 Zilhicce 1448
20270519|0349|0538|1307|1703|2027|2207|13 Zilhicce 1448
20270520|0348|0537|1307|1704|2028|2209|14 Zilhicce 1448
20270521|0346|0536|1307|1704|2028|2210|15 Zilhicce 1448
20270522|0345|0535|1307|1704|2029|2212|16 Zilhicce 1448
20270523|0344|0535|1307|1704|2030|2213|17 Zilhicce 1448
20270524|0342|0534|1307|1705|2031|2214|18 Zilhicce 1448
20270525|0341|0533|1308|1705|2032|2216|19 Zilhicce 1448
20270526|0340|0532|1308|1705|2033|2217|20 Zilhicce 1448
20270527|0339|0532|1308|1706|2034|2218|21 Zilhicce 1448
20270528|0338|0531|1308|1706|2035|2220|22 Zilhicce 1448
20270529|0337|0531|1308|1706|2035|2221|23 Zilhicce 1448
20270530|0336|0530|1308|1706|2036|2222|24 Zilhicce 1448
20270531|0335|0530|1308|1707|2037|2223|25 Zilhicce 1448
20270601|0334|0529|1308|1707|2038|2225|26 Zilhicce 1448
20270602|0333|0529|1309|1707|2039|2226|27 Zilhicce 1448
20270603|0332|0528|1309|1708|2039|2227|28 Zilhicce 1448
20270604|0331|0528|1309|1708|2040|2228|29 Zilhicce 1448
20270605|0330|0527|1309|1708|2041|2229|30 Zilhicce 1448
20270606|0330|0527|1309|1708|2041|2230|1 Muharrem 1449
20270607|0329|0527|1309|1709|2042|2231|2 Muharrem 1449
20270608|0328|0527|1310|1709|2043|2232|3 Muharrem 1449
20270609|0328|0526|1310|1709|2043|2233|4 Muharrem 1449
20270610|0327|0526|1310|1710|2044|2234|5 Muharrem 1449
20270611|0327|0526|1310|1710|2044|2234|6 Muharrem 1449
20270612|0326|0526|1310|1710|2045|2235|7 Muharrem 1449
20270613|0326|0526|1311|1710|2045|2236|8 Muharrem 1449
20270614|0326|0526|1311|1711|2046|2237|9 Muharrem 1449
20270615|0326|0526|1311|1711|2046|2237|10 Muharrem 1449
20270616|0325|0526|1311|1711|2047|2238|11 Muharrem 1449
20270617|0325|0526|1311|1711|2047|2238|12 Muharrem 1449
20270618|0325|0526|1312|1712|2047|2239|13 Muharrem 1449
20270619|0325|0526|1312|1712|2048|2239|14 Muharrem 1449
20270620|0325|0526|1312|1712|2048|2239|15 Muharrem 1449
20270621|0326|0527|1312|1712|2048|2240|16 Muharrem 1449
20270622|0326|0527|1313|1713|2048|2240|17 Muharrem 1449
20270623|0326|0527|1313|1713|2049|2240|18 Muharrem 1449
20270624|0326|0527|1313|1713|2049|2240|19 Muharrem 1449
20270625|0327|0528|1313|1713|2049|2240|20 Muharrem 1449
20270626|0327|0528|1313|1713|2049|2240|21 Muharrem 1449
20270627|0328|0528|1314|1713|2049|2240|22 Muharrem 1449
20270628|0328|0529|1314|1714|2049|2240|23 Muharrem 1449
20270629|0329|0529|1314|1714|2049|2240|24 Muharrem 1449
20270630|0330|0530|1314|1714|2049|2240|25 Muharrem 1449
20270701|0330|0530|1314|1714|2049|2239|26 Muharrem 1449
20270702|0331|0531|1315|1714|2049|2239|27 Muharrem 1449
20270703|0332|0531|1315|1714|2049|2239|28 Muharrem 1449
20270704|0333|0532|1315|1714|2048|2238|29 Muharrem 1449
20270705|0334|0532|1315|1715|2048|2238|1 Safer 1449
20270706|0335|0533|1315|1715|2048|2237|2 Safer 1449
20270707|0336|0533|1316|1715|2048|2236|3 Safer 1449
20270708|0337|0534|1316|1715|2047|2236|4 Safer 1449
20270709|0338|0535|1316|1715|2047|2235|5 Safer 1449
20270710|0339|0535|1316|1715|2047|2234|6 Safer 1449
20270711|0340|0536|1316|1715|2046|2234|7 Safer 1449
20270712|0341|0537|1316|1715|2046|2233|8 Safer 1449
20270713|0342|0538|1316|1715|2045|2232|9 Safer 1449
20270714|0344|0538|1317|1715|2045|2231|10 Safer 1449
20270715|0345|0539|1317|1715|2044|2230|11 Safer 1449
20270716|0346|0540|1317|1715|2044|2229|12 Safer 1449
20270717|0348|0541|1317|1715|2043|2228|13 Safer 1449
20270718|0349|0541|1317|1715|2042|2227|14 Safer 1449
20270719|0350|0542|1317|1715|2042|2225|15 Safer 1449
20270720|0352|0543|1317|1714|2041|2224|16 Safer 1449
20270721|0353|0544|1317|1714|2040|2223|17 Safer 1449
20270722|0354|0545|1317|1714|2039|2222|18 Safer 1449
20270723|0356|0546|1317|1714|2039|2220|19 Safer 1449
20270724|0357|0547|1317|1714|2038|2219|20 Safer 1449
20270725|0359|0548|1317|1714|2037|2218|21 Safer 1449
20270726|0400|0548|1317|1713|2036|2216|22 Safer 1449
20270727|0402|0549|1317|1713|2035|2215|23 Safer 1449
20270728|0403|0550|1317|1713|2034|2213|24 Safer 1449
20270729|0405|0551|1317|1712|2033|2212|25 Safer 1449
20270730|0406|0552|1317|1712|2032|2210|26 Safer 1449
20270731|0408|0553|1317|1712|2031|2209|27 Safer 1449
20270801|0409|0554|1317|1711|2030|2207|28 Safer 1449
20270802|0411|0555|1317|1711|2029|2206|29 Safer 1449
20270803|0412|0556|1317|1711|2028|2204|1 Rebiulevvel 1449
20270804|0414|0557|1317|1710|2027|2203|2 Rebiulevvel 1449
20270805|0415|0558|1317|1710|2026|2201|3 Rebiulevvel 1449
20270806|0417|0559|1317|1709|2024|2159|4 Rebiulevvel 1449
20270807|0418|0600|1317|1709|2023|2158|5 Rebiulevvel 1449
20270808|0420|0601|1316|1709|2022|2156|6 Rebiulevvel 1449
20270809|0422|0602|1316|1708|2021|2154|7 Rebiulevvel 1449
20270810|0423|0603|1316|1708|2019|2152|8 Rebiulevvel 1449
20270811|0425|0604|1316|1707|2018|2151|9 Rebiulevvel 1449
20270812|0426|0605|1316|1706|2017|2149|10 Rebiulevvel 1449
20270813|0428|0606|1316|1706|2016|2147|11 Rebiulevvel 1449
20270814|0429|0607|1316|1705|2014|2145|12 Rebiulevvel 1449
20270815|0431|0608|1315|1705|2013|2143|13 Rebiulevvel 1449
20270816|0432|0609|1315|1704|2011|2142|14 Rebiulevvel 1449
20270817|0433|0610|1315|1703|2010|2140|15 Rebiulevvel 1449
20270818|0435|0611|1315|1703|2009|2138|16 Rebiulevvel 1449
20270819|0436|0612|1314|1702|2007|2136|17 Rebiulevvel 1449
20270820|0438|0613|1314|1701|2006|2134|18 Rebiulevvel 1449
20270821|0439|0614|1314|1700|2004|2132|19 Rebiulevvel 1449
20270822|0441|0615|1314|1700|2003|2130|20 Rebiulevvel 1449
20270823|0442|0616|1314|1659|2001|2129|21 Rebiulevvel 1449
20270824|0443|0617|1313|1658|2000|2127|22 Rebiulevvel 1449
20270825|0445|0618|1313|1657|1958|2125|23 Rebiulevvel 1449
20270826|0446|0619|1313|1657|1957|2123|24 Rebiulevvel 1449
20270827|0448|0620|1312|1656|1955|2121|25 Rebiulevvel 1449
20270828|0449|0621|1312|1655|1953|2119|26 Rebiulevvel 1449
20270829|0450|0622|1312|1654|1952|2117|27 Rebiulevvel 1449
20270830|0452|0623|1312|1653|1950|2115|28 Rebiulevvel 1449
20270831|0453|0624|1311|1652|1949|2113|29 Rebiulevvel 1449
20270901|0454|0625|1311|1651|1947|2111|30 Rebiulevvel 1449
20270902|0456|0626|1311|1650|1945|2110|1 Rebiulahir 1449
20270903|0457|0627|1310|1649|1944|2108|2 Rebiulahir 1449
20270904|0458|0628|1310|1648|1942|2106|3 Rebiulahir 1449
20270905|0500|0629|1310|1647|1941|2104|4 Rebiulahir 1449
20270906|0501|0630|1309|1646|1939|2102|5 Rebiulahir 1449
20270907|0502|0631|1309|1645|1937|2100|6 Rebiulahir 1449
20270908|0503|0632|1309|1644|1936|2058|7 Rebiulahir 1449
20270909|0505|0633|1308|1643|1934|2056|8 Rebiulahir 1449
20270910|0506|0634|1308|1642|1932|2054|9 Rebiulahir 1449
20270911|0507|0635|1308|1641|1931|2052|10 Rebiulahir 1449
20270912|0508|0636|1307|1640|1929|2050|11 Rebiulahir 1449
20270913|0510|0637|1307|1639|1927|2049|12 Rebiulahir 1449
20270914|0511|0638|1307|1638|1925|2047|13 Rebiulahir 1449
20270915|0512|0639|1306|1637|1924|2045|14 Rebiulahir 1449
20270916|0513|0640|1306|1636|1922|2043|15 Rebiulahir 1449
20270917|0514|0641|1305|1635|1920|2041|16 Rebiulahir 1449
20270918|0515|0642|1305|1634|1919|2039|17 Rebiulahir 1449
20270919|0517|0643|1305|1632|1917|2037|18 Rebiulahir 1449
20270920|0518|0644|1304|1631|1915|2035|19 Rebiulahir 1449
20270921|0519|0645|1304|1630|1913|2034|20 Rebiulahir 1449
20270922|0520|0646|1304|1629|1912|2032|21 Rebiulahir 1449
20270923|0521|0647|1303|1628|1910|2030|22 Rebiulahir 1449
20270924|0522|0648|1303|1627|1908|2028|23 Rebiulahir 1449
20270925|0523|0649|1303|1625|1907|2026|24 Rebiulahir 1449
20270926|0525|0650|1302|1624|1905|2024|25 Rebiulahir 1449
20270927|0526|0651|1302|1623|1903|2023|26 Rebiulahir 1449
20270928|0527|0652|1302|1622|1902|2021|27 Rebiulahir 1449
20270929|0528|0653|1301|1621|1900|2019|28 Rebiulahir 1449
20270930|0529|0654|1301|1619|1858|2017|29 Rebiulahir 1449
20271001|0530|0655|1301|1618|1857|2016|1 Cemaziyelevvel 1449
20271002|0531|0656|1300|1617|1855|2014|2 Cemaziyelevvel 1449
20271003|0532|0657|1300|1616|1853|2012|3 Cemaziyelevvel 1449
20271004|0533|0658|1300|1615|1851|2010|4 Cemaziyelevvel 1449
20271005|0534|0659|1259|1613|1850|2009|5 Cemaziyelevvel 1449
20271006|0536|0700|1259|1612|1848|2007|6 Cemaziyelevvel 1449
20271007|0537|0701|1259|1611|1847|2005|7 Cemaziyelevvel 1449
20271008|0538|0702|1258|1610|1845|2004|8 Cemaziyelevvel 1449
20271009|0539|0703|1258|1609|1843|2002|9 Cemaziyelevvel 1449
20271010|0540|0704|1258|1607|1842|2001|10 Cemaziyelevvel 1449
20271011|0541|0705|1258|1606|1840|1959|11 Cemaziyelevvel 1449
20271012|0542|0706|1257|1605|1838|1957|12 Cemaziyelevvel 1449
20271013|0543|0707|1257|1604|1837|1956|13 Cemaziyelevvel 1449
20271014|0544|0708|1257|1603|1835|1954|14 Cemaziyelevvel 1449
20271015|0545|0709|1257|1601|1834|1953|15 Cemaziyelevvel 1449
20271016|0546|0711|1256|1600|1832|1951|16 Cemaziyelevvel 1449
20271017|0547|0712|1256|1559|1831|1950|17 Cemaziyelevvel 1449
20271018|0548|0713|1256|1558|1829|1948|18 Cemaziyelevvel 1449
20271019|0549|0714|1256|1557|1828|1947|19 Cemaziyelevvel 1449
20271020|0550|0715|1256|1556|1826|1946|20 Cemaziyelevvel 1449
20271021|0551|0716|1255|1554|1825|1944|21 Cemaziyelevvel 1449
20271022|0552|0717|1255|1553|1823|1943|22 Cemaziyelevvel 1449
20271023|0553|0718|1255|1552|1822|1941|23 Cemaziyelevvel 1449
20271024|0555|0720|1255|1551|1820|1940|24 Cemaziyelevvel 1449
20271025|0556|0721|1255|1550|1819|1939|25 Cemaziyelevvel 1449
20271026|0557|0722|1255|1549|1818|1938|26 Cemaziyelevvel 1449
20271027|0558|0723|1255|1548|1816|1936|27 Cemaziyelevvel 1449
20271028|0559|0724|1255|1547|1815|1935|28 Cemaziyelevvel 1449
20271029|0600|0725|1254|1546|1814|1934|29 Cemaziyelevvel 1449
20271030|0601|0726|1254|1545|1812|1933|30 Cemaziyelevvel 1449
20271031|0602|0728|1254|1544|1811|1932|1 Cemaziyelahir 1449
20271101|0603|0729|1254|1543|1810|1930|2 Cemaziyelahir 1449
20271102|0604|0730|1254|1542|1809|1929|3 Cemaziyelahir 1449
20271103|0605|0731|1254|1541|1807|1928|4 Cemaziyelahir 1449
20271104|0606|0732|1254|1540|1806|1927|5 Cemaziyelahir 1449
20271105|0607|0734|1254|1539|1805|1926|6 Cemaziyelahir 1449
20271106|0608|0735|1254|1538|1804|1925|7 Cemaziyelahir 1449
20271107|0609|0736|1254|1537|1803|1924|8 Cemaziyelahir 1449
20271108|0610|0737|1254|1536|1802|1923|9 Cemaziyelahir 1449
20271109|0611|0738|1254|1535|1801|1922|10 Cemaziyelahir 1449
20271110|0612|0739|1255|1535|1800|1922|11 Cemaziyelahir 1449
20271111|0613|0741|1255|1534|1759|1921|12 Cemaziyelahir 1449
20271112|0614|0742|1255|1533|1758|1920|13 Cemaziyelahir 1449
20271113|0615|0743|1255|1532|1757|1919|14 Cemaziyelahir 1449
20271114|0616|0744|1255|1531|1756|1918|15 Cemaziyelahir 1449
20271115|0617|0745|1255|1531|1755|1918|16 Cemaziyelahir 1449
20271116|0618|0747|1255|1530|1754|1917|17 Cemaziyelahir 1449
20271117|0619|0748|1255|1529|1753|1916|18 Cemaziyelahir 1449
20271118|0620|0749|1256|1529|1752|1916|19 Cemaziyelahir 1449
20271119|0621|0750|1256|1528|1752|1915|20 Cemaziyelahir 1449
20271120|0622|0751|1256|1528|1751|1915|21 Cemaziyelahir 1449
20271121|0623|0752|1256|1527|1750|1914|22 Cemaziyelahir 1449
20271122|0624|0754|1257|1527|1750|1913|23 Cemaziyelahir 1449
20271123|0625|0755|1257|1526|1749|1913|24 Cemaziyelahir 1449
20271124|0626|0756|1257|1526|1748|1913|25 Cemaziyelahir 1449
20271125|0627|0757|1257|1525|1748|1912|26 Cemaziyelahir 1449
20271126|0628|0758|1258|1525|1747|1912|27 Cemaziyelahir 1449
20271127|0629|0759|1258|1525|1747|1912|28 Cemaziyelahir 1449
20271128|0630|0800|1258|1524|1746|1911|29 Cemaziyelahir 1449
20271129|0631|0801|1259|1524|1746|1911|1 Recep 1449
20271130|0632|0802|1259|1524|1746|1911|2 Recep 1449
20271201|0633|0804|1259|1524|1745|1911|3 Recep 1449
20271202|0634|0805|1300|1523|1745|1910|4 Recep 1449
20271203|0635|0806|1300|1523|1745|1910|5 Recep 1449
20271204|0635|0807|1301|1523|1745|1910|6 Recep 1449
20271205|0636|0808|1301|1523|1744|1910|7 Recep 1449
20271206|0637|0808|1301|1523|1744|1910|8 Recep 1449
20271207|0638|0809|1302|1523|1744|1910|9 Recep 1449
20271208|0639|0810|1302|1523|1744|1910|10 Recep 1449
20271209|0640|0811|1303|1523|1744|1910|11 Recep 1449
20271210|0640|0812|1303|1523|1744|1910|12 Recep 1449
20271211|0641|0813|1304|1523|1744|1911|13 Recep 1449
20271212|0642|0814|1304|1524|1744|1911|14 Recep 1449
20271213|0643|0815|1304|1524|1744|1911|15 Recep 1449
20271214|0643|0815|1305|1524|1745|1911|16 Recep 1449
20271215|0644|0816|1305|1524|1745|1912|17 Recep 1449
20271216|0645|0817|1306|1525|1745|1912|18 Recep 1449
20271217|0645|0817|1306|1525|1745|1912|19 Recep 1449
20271218|0646|0818|1307|1525|1746|1913|20 Recep 1449
20271219|0646|0819|1307|1526|1746|1913|21 Recep 1449
20271220|0647|0819|1308|1526|1747|1913|22 Recep 1449
20271221|0647|0820|1308|1526|1747|1914|23 Recep 1449
20271222|0648|0820|1309|1527|1747|1914|24 Recep 1449
20271223|0648|0821|1309|1527|1748|1915|25 Recep 1449
20271224|0649|0821|1310|1528|1749|1915|26 Recep 1449
20271225|0649|0822|1310|1529|1749|1916|27 Recep 1449
20271226|0650|0822|1311|1529|1750|1916|28 Recep 1449
20271227|0650|0822|1311|1530|1750|1917|29 Recep 1449
20271228|0651|0823|1312|1530|1751|1918|30 Recep 1449
20271229|0651|0823|1312|1531|1752|1918|1 Şaban 1449
20271230|0651|0823|1313|1532|1752|1919|2 Şaban 1449
20271231|0651|0823|1313|1533|1753|1920|3 Şaban 1449
#@9538|Çatalca|ISTANBUL|730
20260101|0652|0825|1315|1534|1755|1921|12 Recep 1447
20260102|0653|0825|1315|1535|1755|1922|13 Recep 1447
20260103|0653|0825|1315|1535|1756|1923|14 Recep 1447
20260104|0653|0825|1316|1536|1757|1924|15 Recep 1447
20260105|0653|0825|1316|1537|1758|1924|16 Recep 1447
20260106|0653|0825|1317|1538|1759|1925|17 Recep 1447
20260107|0653|0825|1317|1539|1800|1926|18 Recep 1447
20260108|0653|0824|1318|1540|1801|1927|19 Recep 1447
20260109|0653|0824|1318|1541|1802|1928|20 Recep 1447
20260110|0653|0824|1319|1541|1803|1929|21 Recep 1447
20260111|0653|0824|1319|1542|1804|1930|22 Recep 1447
20260112|0653|0824|1319|1543|1805|1931|23 Recep 1447
20260113|0652|0823|1320|1544|1806|1931|24 Recep 1447
20260114|0652|0823|1320|1545|1807|1932|25 Recep 1447
20260115|0652|0822|1320|1546|1808|1933|26 Recep 1447
20260116|0652|0822|1321|1547|1810|1934|27 Recep 1447
20260117|0651|0822|1321|1548|1811|1935|28 Recep 1447
20260118|0651|0821|1321|1549|1812|1936|29 Recep 1447
20260119|0651|0821|1322|1550|1813|1937|30 Recep 1447
20260120|0650|0820|1322|1551|1814|1938|1 Şaban 1447
20260121|0650|0819|1322|1552|1815|1939|2 Şaban 1447
20260122|0649|0819|1323|1553|1817|1940|3 Şaban 1447
20260123|0649|0818|1323|1555|1818|1941|4 Şaban 1447
20260124|0648|0817|1323|1556|1819|1943|5 Şaban 1447
20260125|0648|0817|1323|1557|1820|1944|6 Şaban 1447
20260126|0647|0816|1324|1558|1821|1945|7 Şaban 1447
20260127|0647|0815|1324|1559|1823|1946|8 Şaban 1447
20260128|0646|0814|1324|1600|1824|1947|9 Şaban 1447
20260129|0645|0813|1324|1601|1825|1948|10 Şaban 1447
20260130|0644|0812|1324|1602|1826|1949|11 Şaban 1447
20260131|0644|0811|1325|1603|1828|1950|12 Şaban 1447
20260201|0643|0810|1325|1604|1829|1951|13 Şaban 1447
20260202|0642|0809|1325|1605|1830|1952|14 Şaban 1447
20260203|0641|0808|1325|1606|1831|1953|15 Şaban 1447
20260204|0640|0807|1325|1607|1833|1954|16 Şaban 1447
20260205|0639|0806|1325|1608|1834|1955|17 Şaban 1447
20260206|0639|0805|1325|1609|1835|1957|18 Şaban 1447
20260207|0638|0804|1325|1610|1836|1958|19 Şaban 1447
20260208|0637|0803|1325|1611|1838|1959|20 Şaban 1447
20260209|0636|0802|1325|1612|1839|2000|21 Şaban 1447
20260210|0634|0801|1325|1613|1840|2001|22 Şaban 1447
20260211|0633|0759|1325|1614|1841|2002|23 Şaban 1447
20260212|0632|0758|1325|1615|1843|2003|24 Şaban 1447
20260213|0631|0757|1325|1616|1844|2004|25 Şaban 1447
20260214|0630|0756|1325|1617|1845|2005|26 Şaban 1447
20260215|0629|0754|1325|1618|1846|2007|27 Şaban 1447
20260216|0628|0753|1325|1619|1848|2008|28 Şaban 1447
20260217|0626|0752|1325|1620|1849|2009|29 Şaban 1447
20260218|0625|0750|1325|1621|1850|2010|30 Şaban 1447
20260219|0624|0749|1325|1622|1851|2011|1 Ramazan 1447
20260220|0622|0747|1325|1622|1852|2012|2 Ramazan 1447
20260221|0621|0746|1325|1623|1854|2013|3 Ramazan 1447
20260222|0620|0745|1325|1624|1855|2014|4 Ramazan 1447
20260223|0618|0743|1325|1625|1856|2016|5 Ramazan 1447
20260224|0617|0742|1324|1626|1857|2017|6 Ramazan 1447
20260225|0616|0740|1324|1627|1858|2018|7 Ramazan 1447
20260226|0614|0739|1324|1628|1900|2019|8 Ramazan 1447
20260227|0613|0737|1324|1628|1901|2020|9 Ramazan 1447
20260228|0611|0736|1324|1629|1902|2021|10 Ramazan 1447
20260301|0610|0734|1324|1630|1903|2022|11 Ramazan 1447
20260302|0608|0733|1323|1631|1904|2023|12 Ramazan 1447
20260303|0607|0731|1323|1631|1905|2025|13 Ramazan 1447
20260304|0605|0729|1323|1632|1907|2026|14 Ramazan 1447
20260305|0603|0728|1323|1633|1908|2027|15 Ramazan 1447
20260306|0602|0726|1323|1634|1909|2028|16 Ramazan 1447
20260307|0600|0725|1322|1634|1910|2029|17 Ramazan 1447
20260308|0559|0723|1322|1635|1911|2030|18 Ramazan 1447
20260309|0557|0721|1322|1636|1912|2031|19 Ramazan 1447
20260310|0555|0720|1322|1636|1913|2033|20 Ramazan 1447
20260311|0554|0718|1321|1637|1914|2034|21 Ramazan 1447
20260312|0552|0717|1321|1638|1916|2035|22 Ramazan 1447
20260313|0550|0715|1321|1638|1917|2036|23 Ramazan 1447
20260314|0548|0713|1321|1639|1918|2037|24 Ramazan 1447
20260315|0547|0712|1320|1640|1919|2038|25 Ramazan 1447
20260316|0545|0710|1320|1640|1920|2040|26 Ramazan 1447
20260317|0543|0708|1320|1641|1921|2041|27 Ramazan 1447
20260318|0541|0707|1319|1641|1922|2042|28 Ramazan 1447
20260319|0540|0705|1319|1642|1923|2043|29 Ramazan 1447
20260320|0538|0703|1319|1643|1924|2044|1 Şevval 1447
20260321|0536|0702|1318|1643|1925|2045|2 Şevval 1447
20260322|0534|0700|1318|1644|1927|2047|3 Şevval 1447
20260323|0532|0658|1318|1644|1928|2048|4 Şevval 1447
20260324|0531|0657|1318|1645|1929|2049|5 Şevval 1447
20260325|0529|0655|1317|1645|1930|2050|6 Şevval 1447
20260326|0527|0653|1317|1646|1931|2052|7 Şevval 1447
20260327|0525|0651|1317|1646|1932|2053|8 Şevval 1447
20260328|0523|0650|1316|1647|1933|2054|9 Şevval 1447
20260329|0521|0648|1316|1647|1934|2055|10 Şevval 1447
20260330|0519|0646|1316|1648|1935|2057|11 Şevval 1447
20260331|0517|0645|1315|1648|1936|2058|12 Şevval 1447
20260401|0516|0643|1315|1648|1937|2059|13 Şevval 1447
20260402|0514|0641|1315|1649|1938|2100|14 Şevval 1447
20260403|0512|0640|1315|1649|1939|2102|15 Şevval 1447
20260404|0510|0638|1314|1650|1941|2103|16 Şevval 1447
20260405|0508|0637|1314|1650|1942|2104|17 Şevval 1447
20260406|0506|0635|1314|1651|1943|2106|18 Şevval 1447
20260407|0504|0633|1313|1651|1944|2107|19 Şevval 1447
20260408|0502|0632|1313|1651|1945|2108|20 Şevval 1447
20260409|0500|0630|1313|1652|1946|2110|21 Şevval 1447
20260410|0458|0628|1313|1652|1947|2111|22 Şevval 1447
20260411|0456|0627|1312|1652|1948|2112|23 Şevval 1447
20260412|0454|0625|1312|1653|1949|2114|24 Şevval 1447
20260413|0452|0624|1312|1653|1950|2115|25 Şevval 1447
20260414|0451|0622|1312|1654|1951|2117|26 Şevval 1447
20260415|0449|0620|1311|1654|1952|2118|27 Şevval 1447
20260416|0447|0619|1311|1654|1953|2119|28 Şevval 1447
20260417|0445|0617|1311|1655|1954|2121|29 Şevval 1447
20260418|0443|0616|1311|1655|1955|2122|1 Zilkade 1447
20260419|0441|0614|1310|1655|1957|2124|2 Zilkade 1447
20260420|0439|0613|1310|1656|1958|2125|3 Zilkade 1447
20260421|0437|0611|1310|1656|1959|2127|4 Zilkade 1447
20260422|0435|0610|1310|1656|2000|2128|5 Zilkade 1447
20260423|0433|0608|1310|1656|2001|2129|6 Zilkade 1447
20260424|0431|0607|1309|1657|2002|2131|7 Zilkade 1447
20260425|0430|0606|1309|1657|2003|2132|8 Zilkade 1447
20260426|0428|0604|1309|1657|2004|2134|9 Zilkade 1447
20260427|0426|0603|1309|1658|2005|2135|10 Zilkade 1447
20260428|0424|0601|1309|1658|2006|2137|11 Zilkade 1447
20260429|0422|0600|1309|1658|2007|2138|12 Zilkade 1447
20260430|0420|0559|1308|1659|2008|2140|13 Zilkade 1447
20260501|0418|0557|1308|1659|2009|2141|14 Zilkade 1447
20260502|0417|0556|1308|1659|2010|2143|15 Zilkade 1447
20260503|0415|0555|1308|1700|2011|2144|16 Zilkade 1447
20260504|0413|0554|1308|1700|2012|2146|17 Zilkade 1447
20260505|0411|0552|1308|1700|2014|2148|18 Zilkade 1447
20260506|0410|0551|1308|1700|2015|2149|19 Zilkade 1447
20260507|0408|0550|1308|1701|2016|2151|20 Zilkade 1447
20260508|0406|0549|1308|1701|2017|2152|21 Zilkade 1447
20260509|0404|0548|1308|1701|2018|2154|22 Zilkade 1447
20260510|0403|0547|1308|1702|2019|2155|23 Zilkade 1447
20260511|0401|0545|1308|1702|2020|2157|24 Zilkade 1447
20260512|0359|0544|1308|1702|2021|2158|25 Zilkade 1447
20260513|0358|0543|1308|1702|2022|2200|26 Zilkade 1447
20260514|0356|0542|1308|1703|2023|2201|27 Zilkade 1447
20260515|0355|0541|1308|1703|2024|2203|28 Zilkade 1447
20260516|0353|0540|1308|1703|2025|2204|29 Zilkade 1447
20260517|0352|0539|1308|1704|2026|2206|30 Zilkade 1447
20260518|0350|0539|1308|1704|2027|2207|1 Zilhicce 1447
20260519|0349|0538|1308|1704|2028|2209|2 Zilhicce 1447
20260520|0347|0537|1308|1704|2029|2210|3 Zilhicce 1447
20260521|0346|0536|1308|1705|2030|2212|4 Zilhicce 1447
20260522|0344|0535|1308|1705|2030|2213|5 Zilhicce 1447
20260523|0343|0534|1308|1705|2031|2214|6 Zilhicce 1447
20260524|0342|0534|1308|1706|2032|2216|7 Zilhicce 1447
20260525|0341|0533|1308|1706|2033|2217|8 Zilhicce 1447
20260526|0339|0532|1308|1706|2034|2219|9 Zilhicce 1447
20260527|0338|0532|1308|1706|2035|2220|10 Zilhicce 1447
20260528|0337|0531|1308|1707|2036|2221|11 Zilhicce 1447
20260529|0336|0531|1309|1707|2037|2223|12 Zilhicce 1447
20260530|0335|0530|1309|1707|2037|2224|13 Zilhicce 1447
20260531|0334|0530|1309|1708|2038|2225|14 Zilhicce 1447
20260601|0333|0529|1309|1708|2039|2226|15 Zilhicce 1447
20260602|0332|0529|1309|1708|2040|2227|16 Zilhicce 1447
20260603|0331|0528|1309|1708|2040|2228|17 Zilhicce 1447
20260604|0330|0528|1309|1709|2041|2230|18 Zilhicce 1447
20260605|0330|0528|1310|1709|2042|2231|19 Zilhicce 1447
20260606|0329|0527|1310|1709|2042|2232|20 Zilhicce 1447
20260607|0328|0527|1310|1710|2043|2233|21 Zilhicce 1447
20260608|0328|0527|1310|1710|2044|2234|22 Zilhicce 1447
20260609|0327|0527|1310|1710|2044|2234|23 Zilhicce 1447
20260610|0327|0526|1311|1710|2045|2235|24 Zilhicce 1447
20260611|0326|0526|1311|1711|2045|2236|25 Zilhicce 1447
20260612|0326|0526|1311|1711|2046|2237|26 Zilhicce 1447
20260613|0326|0526|1311|1711|2046|2237|27 Zilhicce 1447
20260614|0325|0526|1311|1711|2047|2238|28 Zilhicce 1447
20260615|0325|0526|1312|1712|2047|2239|29 Zilhicce 1447
20260616|0325|0526|1312|1712|2048|2239|1 Muharrem 1448
20260617|0325|0526|1312|1712|2048|2240|2 Muharrem 1448
20260618|0325|0526|1312|1712|2048|2240|3 Muharrem 1448
20260619|0325|0526|1312|1713|2049|2241|4 Muharrem 1448
20260620|0325|0526|1313|1713|2049|2241|5 Muharrem 1448
20260621|0325|0527|1313|1713|2049|2241|6 Muharrem 1448
20260622|0325|0527|1313|1713|2049|2241|7 Muharrem 1448
20260623|0326|0527|1313|1714|2050|2241|8 Muharrem 1448
20260624|0326|0527|1314|1714|2050|2242|9 Muharrem 1448
20260625|0326|0528|1314|1714|2050|2242|10 Muharrem 1448
20260626|0327|0528|1314|1714|2050|2242|11 Muharrem 1448
20260627|0327|0528|1314|1714|2050|2242|12 Muharrem 1448
20260628|0328|0529|1314|1714|2050|2241|13 Muharrem 1448
20260629|0329|0529|1315|1715|2050|2241|14 Muharrem 1448
20260630|0329|0530|1315|1715|2050|2241|15 Muharrem 1448
20260701|0330|0530|1315|1715|2050|2241|16 Muharrem 1448
20260702|0331|0531|1315|1715|2050|2240|17 Muharrem 1448
20260703|0332|0531|1315|1715|2050|2240|18 Muharrem 1448
20260704|0333|0532|1316|1715|2049|2239|19 Muharrem 1448
20260705|0333|0532|1316|1715|2049|2239|20 Muharrem 1448
20260706|0334|0533|1316|1715|2049|2238|21 Muharrem 1448
20260707|0335|0534|1316|1716|2049|2238|22 Muharrem 1448
20260708|0337|0534|1316|1716|2048|2237|23 Muharrem 1448
20260709|0338|0535|1316|1716|2048|2236|24 Muharrem 1448
20260710|0339|0536|1317|1716|2047|2235|25 Muharrem 1448
20260711|0340|0536|1317|1716|2047|2235|26 Muharrem 1448
20260712|0341|0537|1317|1716|2047|2234|27 Muharrem 1448
20260713|0342|0538|1317|1716|2046|2233|28 Muharrem 1448
20260714|0344|0539|1317|1716|2046|2232|29 Muharrem 1448
20260715|0345|0539|1317|1716|2045|2231|1 Safer 1448
20260716|0346|0540|1317|1715|2044|2230|2 Safer 1448
20260717|0348|0541|1317|1715|2044|2229|3 Safer 1448
20260718|0349|0542|1317|1715|2043|2228|4 Safer 1448
20260719|0350|0543|1318|1715|2042|2226|5 Safer 1448
20260720|0352|0543|1318|1715|2042|2225|6 Safer 1448
20260721|0353|0544|1318|1715|2041|2224|7 Safer 1448
20260722|0355|0545|1318|1715|2040|2223|8 Safer 1448
20260723|0356|0546|1318|1715|2039|2221|9 Safer 1448
20260724|0357|0547|1318|1714|2038|2220|10 Safer 1448
20260725|0359|0548|1318|1714|2038|2219|11 Safer 1448
20260726|0400|0549|1318|1714|2037|2217|12 Safer 1448
20260727|0402|0550|1318|1714|2036|2216|13 Safer 1448
20260728|0403|0551|1318|1713|2035|2214|14 Safer 1448
20260729|0405|0552|1318|1713|2034|2213|15 Safer 1448
20260730|0407|0553|1318|1713|2033|2211|16 Safer 1448
20260731|0408|0554|1318|1712|2032|2210|17 Safer 1448
20260801|0410|0555|1318|1712|2031|2208|18 Safer 1448
20260802|0411|0556|1318|1712|2030|2207|19 Safer 1448
20260803|0413|0556|1317|1711|2028|2205|20 Safer 1448
20260804|0414|0557|1317|1711|2027|2203|21 Safer 1448
20260805|0416|0558|1317|1710|2026|2202|22 Safer 1448
20260806|0417|0559|1317|1710|2025|2200|23 Safer 1448
20260807|0419|0600|1317|1710|2024|2158|24 Safer 1448
20260808|0420|0601|1317|1709|2022|2156|25 Safer 1448
20260809|0422|0602|1317|1709|2021|2155|26 Safer 1448
20260810|0423|0603|1317|1708|2020|2153|27 Safer 1448
20260811|0425|0604|1316|1707|2019|2151|28 Safer 1448
20260812|0426|0605|1316|1707|2017|2149|29 Safer 1448
20260813|0428|0606|1316|1706|2016|2148|30 Safer 1448
20260814|0429|0607|1316|1706|2015|2146|1 Rebiulevvel 1448
20260815|0431|0608|1316|1705|2013|2144|2 Rebiulevvel 1448
20260816|0432|0609|1316|1704|2012|2142|3 Rebiulevvel 1448
20260817|0434|0610|1315|1704|2010|2140|4 Rebiulevvel 1448
20260818|0435|0611|1315|1703|2009|2138|5 Rebiulevvel 1448
20260819|0437|0612|1315|1702|2008|2137|6 Rebiulevvel 1448
20260820|0438|0613|1315|1702|2006|2135|7 Rebiulevvel 1448
20260821|0440|0614|1314|1701|2005|2133|8 Rebiulevvel 1448
20260822|0441|0615|1314|1700|2003|2131|9 Rebiulevvel 1448
20260823|0443|0616|1314|1659|2002|2129|10 Rebiulevvel 1448
20260824|0444|0617|1314|1659|2000|2127|11 Rebiulevvel 1448
20260825|0445|0618|1313|1658|1958|2125|12 Rebiulevvel 1448
20260826|0447|0619|1313|1657|1957|2123|13 Rebiulevvel 1448
20260827|0448|0620|1313|1656|1955|2121|14 Rebiulevvel 1448
20260828|0449|0621|1313|1655|1954|2120|15 Rebiulevvel 1448
20260829|0451|0622|1312|1654|1952|2118|16 Rebiulevvel 1448
20260830|0452|0623|1312|1653|1951|2116|17 Rebiulevvel 1448
20260831|0454|0624|1312|1653|1949|2114|18 Rebiulevvel 1448
20260901|0455|0625|1311|1652|1947|2112|19 Rebiulevvel 1448
20260902|0456|0626|1311|1651|1946|2110|20 Rebiulevvel 1448
20260903|0457|0627|1311|1650|1944|2108|21 Rebiulevvel 1448
20260904|0459|0628|1310|1649|1942|2106|22 Rebiulevvel 1448
20260905|0500|0629|1310|1648|1941|2104|23 Rebiulevvel 1448
20260906|0501|0630|1310|1647|1939|2102|24 Rebiulevvel 1448
20260907|0503|0631|1309|1646|1937|2100|25 Rebiulevvel 1448
20260908|0504|0632|1309|1645|1936|2058|26 Rebiulevvel 1448
20260909|0505|0633|1309|1644|1934|2056|27 Rebiulevvel 1448
20260910|0506|0634|1308|1643|1932|2055|28 Rebiulevvel 1448
20260911|0508|0635|1308|1642|1931|2053|29 Rebiulevvel 1448
20260912|0509|0636|1308|1640|1929|2051|1 Rebiulahir 1448
20260913|0510|0637|1307|1639|1927|2049|2 Rebiulahir 1448
20260914|0511|0638|1307|1638|1926|2047|3 Rebiulahir 1448
20260915|0513|0639|1307|1637|1924|2045|4 Rebiulahir 1448
20260916|0514|0640|1306|1636|1922|2043|5 Rebiulahir 1448
20260917|0515|0641|1306|1635|1920|2041|6 Rebiulahir 1448
20260918|0516|0642|1305|1634|1919|2039|7 Rebiulahir 1448
20260919|0517|0643|1305|1633|1917|2037|8 Rebiulahir 1448
20260920|0518|0644|1305|1631|1915|2036|9 Rebiulahir 1448
20260921|0520|0645|1304|1630|1914|2034|10 Rebiulahir 1448
20260922|0521|0646|1304|1629|1912|2032|11 Rebiulahir 1448
20260923|0522|0647|1304|1628|1910|2030|12 Rebiulahir 1448
20260924|0523|0648|1303|1627|1908|2028|13 Rebiulahir 1448
20260925|0524|0649|1303|1626|1907|2026|14 Rebiulahir 1448
20260926|0525|0650|1303|1624|1905|2025|15 Rebiulahir 1448
20260927|0526|0651|1302|1623|1903|2023|16 Rebiulahir 1448
20260928|0527|0652|1302|1622|1902|2021|17 Rebiulahir 1448
20260929|0529|0653|1302|1621|1900|2019|18 Rebiulahir 1448
20260930|0530|0654|1301|1620|1858|2018|19 Rebiulahir 1448
20261001|0531|0655|1301|1618|1857|2016|20 Rebiulahir 1448
20261002|0532|0657|1301|1617|1855|2014|21 Rebiulahir 1448
20261003|0533|0658|1300|1616|1853|2012|22 Rebiulahir 1448
20261004|0534|0659|1300|1615|1852|2011|23 Rebiulahir 1448
20261005|0535|0700|1300|1613|1850|2009|24 Rebiulahir 1448
20261006|0536|0701|1259|1612|1848|2007|25 Rebiulahir 1448
20261007|0537|0702|1259|1611|1847|2006|26 Rebiulahir 1448
20261008|0538|0703|1259|1610|1845|2004|27 Rebiulahir 1448
20261009|0539|0704|1259|1609|1843|2002|28 Rebiulahir 1448
20261010|0541|0705|1258|1607|1842|2001|29 Rebiulahir 1448
20261011|0542|0706|1258|1606|1840|1959|30 Rebiulahir 1448
20261012|0543|0707|1258|1605|1839|1958|1 Cemaziyelevvel 1448
20261013|0544|0708|1258|1604|1837|1956|2 Cemaziyelevvel 1448
20261014|0545|0709|1257|1603|1835|1955|3 Cemaziyelevvel 1448
20261015|0546|0710|1257|1601|1834|1953|4 Cemaziyelevvel 1448
20261016|0547|0711|1257|1600|1832|1952|5 Cemaziyelevvel 1448
20261017|0548|0713|1257|1559|1831|1950|6 Cemaziyelevvel 1448
20261018|0549|0714|1256|1558|1829|1949|7 Cemaziyelevvel 1448
20261019|0550|0715|1256|1557|1828|1947|8 Cemaziyelevvel 1448
20261020|0551|0716|1256|1556|1826|1946|9 Cemaziyelevvel 1448
20261021|0552|0717|1256|1554|1825|1944|10 Cemaziyelevvel 1448
20261022|0553|0718|1256|1553|1823|1943|11 Cemaziyelevvel 1448
20261023|0554|0719|1256|1552|1822|1942|12 Cemaziyelevvel 1448
20261024|0555|0720|1255|1551|1820|1940|13 Cemaziyelevvel 1448
20261025|0556|0722|1255|1550|1819|1939|14 Cemaziyelevvel 1448
20261026|0557|0723|1255|1549|1818|1938|15 Cemaziyelevvel 1448
20261027|0558|0724|1255|1548|1816|1936|16 Cemaziyelevvel 1448
20261028|0559|0725|1255|1547|1815|1935|17 Cemaziyelevvel 1448
20261029|0601|0726|1255|1546|1814|1934|18 Cemaziyelevvel 1448
20261030|0602|0727|1255|1545|1812|1933|19 Cemaziyelevvel 1448
20261031|0603|0729|1255|1544|1811|1932|20 Cemaziyelevvel 1448
20261101|0604|0730|1255|1543|1810|1931|21 Cemaziyelevvel 1448
20261102|0605|0731|1255|1542|1809|1929|22 Cemaziyelevvel 1448
20261103|0606|0732|1255|1541|1807|1928|23 Cemaziyelevvel 1448
20261104|0607|0733|1255|1540|1806|1927|24 Cemaziyelevvel 1448
20261105|0608|0735|1255|1539|1805|1926|25 Cemaziyelevvel 1448
20261106|0609|0736|1255|1538|1804|1925|26 Cemaziyelevvel 1448
20261107|0610|0737|1255|1537|1803|1924|27 Cemaziyelevvel 1448
20261108|0611|0738|1255|1536|1802|1923|28 Cemaziyelevvel 1448
20261109|0612|0739|1255|1535|1801|1923|29 Cemaziyelevvel 1448
20261110|0613|0741|1255|1535|1800|1922|1 Cemaziyelahir 1448
20261111|0614|0742|1255|1534|1759|1921|2 Cemaziyelahir 1448
20261112|0615|0743|1255|1533|1758|1920|3 Cemaziyelahir 1448
20261113|0616|0744|1255|1532|1757|1919|4 Cemaziyelahir 1448
20261114|0617|0745|1256|1532|1756|1919|5 Cemaziyelahir 1448
20261115|0618|0747|1256|1531|1755|1918|6 Cemaziyelahir 1448
20261116|0619|0748|1256|1530|1754|1917|7 Cemaziyelahir 1448
20261117|0620|0749|1256|1530|1753|1917|8 Cemaziyelahir 1448
20261118|0621|0750|1256|1529|1752|1916|9 Cemaziyelahir 1448
20261119|0622|0751|1256|1528|1752|1915|10 Cemaziyelahir 1448
20261120|0623|0752|1257|1528|1751|1915|11 Cemaziyelahir 1448
20261121|0624|0754|1257|1527|1750|1914|12 Cemaziyelahir 1448
20261122|0625|0755|1257|1527|1750|1914|13 Cemaziyelahir 1448
20261123|0626|0756|1257|1526|1749|1913|14 Cemaziyelahir 1448
20261124|0627|0757|1258|1526|1748|1913|15 Cemaziyelahir 1448
20261125|0628|0758|1258|1526|1748|1913|16 Cemaziyelahir 1448
20261126|0629|0759|1258|1525|1747|1912|17 Cemaziyelahir 1448
20261127|0630|0800|1259|1525|1747|1912|18 Cemaziyelahir 1448
20261128|0631|0801|1259|1525|1747|1912|19 Cemaziyelahir 1448
20261129|0632|0803|1259|1524|1746|1911|20 Cemaziyelahir 1448
20261130|0633|0804|1300|1524|1746|1911|21 Cemaziyelahir 1448
20261201|0634|0805|1300|1524|1745|1911|22 Cemaziyelahir 1448
20261202|0635|0806|1300|1524|1745|1911|23 Cemaziyelahir 1448
20261203|0635|0807|1301|1523|1745|1911|24 Cemaziyelahir 1448
20261204|0636|0808|1301|1523|1745|1911|25 Cemaziyelahir 1448
20261205|0637|0809|1302|1523|1745|1911|26 Cemaziyelahir 1448
20261206|0638|0810|1302|1523|1744|1911|27 Cemaziyelahir 1448
20261207|0639|0811|1302|1523|1744|1911|28 Cemaziyelahir 1448
20261208|0640|0811|1303|1523|1744|1911|29 Cemaziyelahir 1448
20261209|0640|0812|1303|1523|1744|1911|30 Cemaziyelahir 1448
20261210|0641|0813|1304|1523|1744|1911|1 Recep 1448
20261211|0642|0814|1304|1524|1744|1911|2 Recep 1448
20261212|0643|0815|1305|1524|1745|1911|3 Recep 1448
20261213|0643|0816|1305|1524|1745|1911|4 Recep 1448
20261214|0644|0816|1306|1524|1745|1912|5 Recep 1448
20261215|0645|0817|1306|1524|1745|1912|6 Recep 1448
20261216|0645|0818|1307|1525|1745|1912|7 Recep 1448
20261217|0646|0818|1307|1525|1746|1913|8 Recep 1448
20261218|0647|0819|1308|1525|1746|1913|9 Recep 1448
20261219|0647|0820|1308|1526|1746|1913|10 Recep 1448
20261220|0648|0820|1309|1526|1747|1914|11 Recep 1448
20261221|0648|0821|1309|1527|1747|1914|12 Recep 1448
20261222|0649|0821|1309|1527|1748|1915|13 Recep 1448
20261223|0649|0822|1310|1528|1748|1915|14 Recep 1448
20261224|0650|0822|1310|1528|1749|1916|15 Recep 1448
20261225|0650|0823|1311|1529|1749|1916|16 Recep 1448
20261226|0651|0823|1311|1529|1750|1917|17 Recep 1448
20261227|0651|0823|1312|1530|1751|1918|18 Recep 1448
20261228|0651|0824|1312|1531|1751|1918|19 Recep 1448
20261229|0652|0824|1313|1531|1752|1919|20 Recep 1448
20261230|0652|0824|1313|1532|1753|1920|21 Recep 1448
20261231|0652|0824|1314|1533|1754|1920|22 Recep 1448
20270101|0652|0824|1314|1534|1754|1921|23 Recep 1448
20270102|0653|0825|1315|1534|1755|1922|24 Recep 1448
20270103|0653|0825|1315|1535|1756|1923|25 Recep 1448
20270104|0653|0825|1316|1536|1757|1923|26 Recep 1448
20270105|0653|0825|1316|1537|1758|1924|27 Recep 1448
20270106|0653|0825|1317|1538|1759|1925|28 Recep 1448
20270107|0653|0825|1317|1539|1800|1926|29 Recep 1448
20270108|0653|0824|1318|1539|1801|1927|30 Recep 1448
20270109|0653|0824|1318|1540|1802|1928|1 Şaban 1448
20270110|0653|0824|1318|1541|1803|1928|2 Şaban 1448
20270111|0653|0824|1319|1542|1804|1929|3 Şaban 1448
20270112|0653|0824|1319|1543|1805|1930|4 Şaban 1448
20270113|0653|0823|1320|1544|1806|1931|5 Şaban 1448
20270114|0652|0823|1320|1545|1807|1932|6 Şaban 1448
20270115|0652|0823|1320|1546|1808|1933|7 Şaban 1448
20270116|0652|0822|1321|1547|1809|1934|8 Şaban 1448
20270117|0652|0822|1321|1548|1810|1935|9 Şaban 1448
20270118|0651|0821|1321|1549|1812|1936|10 Şaban 1448
20270119|0651|0821|1322|1550|1813|1937|11 Şaban 1448
20270120|0650|0820|1322|1551|1814|1938|12 Şaban 1448
20270121|0650|0819|1322|1552|1815|1939|13 Şaban 1448
20270122|0650|0819|1323|1553|1816|1940|14 Şaban 1448
20270123|0649|0818|1323|1554|1817|1941|15 Şaban 1448
20270124|0649|0817|1323|1555|1819|1942|16 Şaban 1448
20270125|0648|0817|1323|1556|1820|1943|17 Şaban 1448
20270126|0647|0816|1324|1557|1821|1944|18 Şaban 1448
20270127|0647|0815|1324|1558|1822|1945|19 Şaban 1448
20270128|0646|0814|1324|1600|1824|1947|20 Şaban 1448
20270129|0645|0813|1324|1601|1825|1948|21 Şaban 1448
20270130|0645|0813|1324|1602|1826|1949|22 Şaban 1448
20270131|0644|0812|1324|1603|1827|1950|23 Şaban 1448
20270201|0643|0811|1325|1604|1829|1951|24 Şaban 1448
20270202|0642|0810|1325|1605|1830|1952|25 Şaban 1448
20270203|0641|0809|1325|1606|1831|1953|26 Şaban 1448
20270204|0641|0808|1325|1607|1832|1954|27 Şaban 1448
20270205|0640|0807|1325|1608|1834|1955|28 Şaban 1448
20270206|0639|0806|1325|1609|1835|1956|29 Şaban 1448
20270207|0638|0804|1325|1610|1836|1957|30 Şaban 1448
20270208|0637|0803|1325|1611|1837|1959|1 Ramazan 1448
20270209|0636|0802|1325|1612|1839|2000|2 Ramazan 1448
20270210|0635|0801|1325|1613|1840|2001|3 Ramazan 1448
20270211|0634|0800|1325|1614|1841|2002|4 Ramazan 1448
20270212|0633|0758|1325|1615|1842|2003|5 Ramazan 1448
20270213|0631|0757|1325|1616|1844|2004|6 Ramazan 1448
20270214|0630|0756|1325|1617|1845|2005|7 Ramazan 1448
20270215|0629|0755|1325|1618|1846|2006|8 Ramazan 1448
20270216|0628|0753|1325|1619|1847|2007|9 Ramazan 1448
20270217|0627|0752|1325|1620|1849|2009|10 Ramazan 1448
20270218|0625|0751|1325|1620|1850|2010|11 Ramazan 1448
20270219|0624|0749|1325|1621|1851|2011|12 Ramazan 1448
20270220|0623|0748|1325|1622|1852|2012|13 Ramazan 1448
20270221|0621|0746|1325|1623|1853|2013|14 Ramazan 1448
20270222|0620|0745|1325|1624|1855|2014|15 Ramazan 1448
20270223|0619|0743|1325|1625|1856|2015|16 Ramazan 1448
20270224|0617|0742|1324|1626|1857|2016|17 Ramazan 1448
20270225|0616|0741|1324|1627|1858|2017|18 Ramazan 1448
20270226|0614|0739|1324|1627|1859|2019|19 Ramazan 1448
20270227|0613|0738|1324|1628|1900|2020|20 Ramazan 1448
20270228|0611|0736|1324|1629|1902|2021|21 Ramazan 1448
20270301|0610|0734|1324|1630|1903|2022|22 Ramazan 1448
20270302|0608|0733|1323|1631|1904|2023|23 Ramazan 1448
20270303|0607|0731|1323|1631|1905|2024|24 Ramazan 1448
20270304|0605|0730|1323|1632|1906|2025|25 Ramazan 1448
20270305|0604|0728|1323|1633|1907|2027|26 Ramazan 1448
20270306|0602|0727|1323|1633|1909|2028|27 Ramazan 1448
20270307|0601|0725|1322|1634|1910|2029|28 Ramazan 1448
20270308|0559|0723|1322|1635|1911|2030|29 Ramazan 1448
20270309|0557|0722|1322|1636|1912|2031|1 Şevval 1448
20270310|0556|0720|1322|1636|1913|2032|2 Şevval 1448
20270311|0554|0719|1321|1637|1914|2033|3 Şevval 1448
20270312|0552|0717|1321|1638|1915|2035|4 Şevval 1448
20270313|0551|0715|1321|1638|1916|2036|5 Şevval 1448
20270314|0549|0714|1321|1639|1918|2037|6 Şevval 1448
20270315|0547|0712|1320|1639|1919|2038|7 Şevval 1448
20270316|0545|0710|1320|1640|1920|2039|8 Şevval 1448
20270317|0544|0709|1320|1641|1921|2040|9 Şevval 1448
20270318|0542|0707|1319|1641|1922|2042|10 Şevval 1448
20270319|0540|0705|1319|1642|1923|2043|11 Şevval 1448
20270320|0538|0704|1319|1642|1924|2044|12 Şevval 1448
20270321|0536|0702|1319|1643|1925|2045|13 Şevval 1448
20270322|0535|0700|1318|1643|1926|2046|14 Şevval 1448
20270323|0533|0659|1318|1644|1927|2048|15 Şevval 1448
20270324|0531|0657|1318|1645|1928|2049|16 Şevval 1448
20270325|0529|0655|1317|1645|1930|2050|17 Şevval 1448
20270326|0527|0654|1317|1646|1931|2051|18 Şevval 1448
20270327|0525|0652|1317|1646|1932|2053|19 Şevval 1448
20270328|0524|0650|1316|1647|1933|2054|20 Şevval 1448
20270329|0522|0649|1316|1647|1934|2055|21 Şevval 1448
20270330|0520|0647|1316|1647|1935|2056|22 Şevval 1448
20270331|0518|0645|1316|1648|1936|2058|23 Şevval 1448
20270401|0516|0644|1315|1648|1937|2059|24 Şevval 1448
20270402|0514|0642|1315|1649|1938|2100|25 Şevval 1448
20270403|0512|0640|1315|1649|1939|2101|26 Şevval 1448
20270404|0510|0639|1314|1650|1940|2103|27 Şevval 1448
20270405|0508|0637|1314|1650|1941|2104|28 Şevval 1448
20270406|0506|0635|1314|1650|1942|2105|29 Şevval 1448
20270407|0505|0634|1314|1651|1943|2107|30 Şevval 1448
20270408|0503|0632|1313|1651|1945|2108|1 Zilkade 1448
20270409|0501|0630|1313|1652|1946|2109|2 Zilkade 1448
20270410|0459|0629|1313|1652|1947|2111|3 Zilkade 1448
20270411|0457|0627|1312|1652|1948|2112|4 Zilkade 1448
20270412|0455|0626|1312|1653|1949|2113|5 Zilkade 1448
20270413|0453|0624|1312|1653|1950|2115|6 Zilkade 1448
20270414|0451|0622|1312|1653|1951|2116|7 Zilkade 1448
20270415|0449|0621|1311|1654|1952|2118|8 Zilkade 1448
20270416|0447|0619|1311|1654|1953|2119|9 Zilkade 1448
20270417|0445|0618|1311|1654|1954|2120|10 Zilkade 1448
20270418|0443|0616|1311|1655|1955|2122|11 Zilkade 1448
20270419|0441|0615|1310|1655|1956|2123|12 Zilkade 1448
20270420|0439|0613|1310|1655|1957|2125|13 Zilkade 1448
20270421|0438|0612|1310|1656|1958|2126|14 Zilkade 1448
20270422|0436|0610|1310|1656|1959|2128|15 Zilkade 1448
20270423|0434|0609|1310|1656|2001|2129|16 Zilkade 1448
20270424|0432|0607|1309|1657|2002|2131|17 Zilkade 1448
20270425|0430|0606|1309|1657|2003|2132|18 Zilkade 1448
20270426|0428|0605|1309|1657|2004|2134|19 Zilkade 1448
20270427|0426|0603|1309|1658|2005|2135|20 Zilkade 1448
20270428|0424|0602|1309|1658|2006|2137|21 Zilkade 1448
20270429|0423|0600|1309|1658|2007|2138|22 Zilkade 1448
20270430|0421|0559|1309|1659|2008|2140|23 Zilkade 1448
20270501|0419|0558|1308|1659|2009|2141|24 Zilkade 1448
20270502|0417|0556|1308|1659|2010|2143|25 Zilkade 1448
20270503|0415|0555|1308|1659|2011|2144|26 Zilkade 1448
20270504|0413|0554|1308|1700|2012|2146|27 Zilkade 1448
20270505|0412|0553|1308|1700|2013|2147|28 Zilkade 1448
20270506|0410|0551|1308|1700|2014|2149|29 Zilkade 1448
20270507|0408|0550|1308|1701|2015|2150|1 Zilhicce 1448
20270508|0406|0549|1308|1701|2016|2152|2 Zilhicce 1448
20270509|0405|0548|1308|1701|2017|2153|3 Zilhicce 1448
20270510|0403|0547|1308|1701|2018|2155|4 Zilhicce 1448
20270511|0401|0546|1308|1702|2019|2156|5 Zilhicce 1448
20270512|0400|0545|1308|1702|2021|2158|6 Zilhicce 1448
20270513|0358|0544|1308|1702|2022|2159|7 Zilhicce 1448
20270514|0357|0543|1308|1703|2023|2201|8 Zilhicce 1448
20270515|0355|0542|1308|1703|2024|2202|9 Zilhicce 1448
20270516|0353|0541|1308|1703|2025|2204|10 Zilhicce 1448
20270517|0352|0540|1308|1703|2025|2205|11 Zilhicce 1448
20270518|0350|0539|1308|1704|2026|2207|12 Zilhicce 1448
20270519|0349|0538|1308|1704|2027|2208|13 Zilhicce 1448
20270520|0348|0537|1308|1704|2028|2210|14 Zilhicce 1448
20270521|0346|0536|1308|1705|2029|2211|15 Zilhicce 1448
20270522|0345|0535|1308|1705|2030|2213|16 Zilhicce 1448
20270523|0343|0535|1308|1705|2031|2214|17 Zilhicce 1448
20270524|0342|0534|1308|1705|2032|2216|18 Zilhicce 1448
20270525|0341|0533|1308|1706|2033|2217|19 Zilhicce 1448
20270526|0340|0533|1308|1706|2034|2218|20 Zilhicce 1448
20270527|0339|0532|1308|1706|2035|2220|21 Zilhicce 1448
20270528|0337|0531|1308|1707|2036|2221|22 Zilhicce 1448
20270529|0336|0531|1309|1707|2036|2222|23 Zilhicce 1448
20270530|0335|0530|1309|1707|2037|2223|24 Zilhicce 1448
20270531|0334|0530|1309|1708|2038|2225|25 Zilhicce 1448
20270601|0333|0529|1309|1708|2039|2226|26 Zilhicce 1448
20270602|0332|0529|1309|1708|2039|2227|27 Zilhicce 1448
20270603|0331|0528|1309|1708|2040|2228|28 Zilhicce 1448
20270604|0331|0528|1309|1709|2041|2229|29 Zilhicce 1448
20270605|0330|0528|1310|1709|2042|2230|30 Zilhicce 1448
20270606|0329|0527|1310|1709|2042|2231|1 Muharrem 1449
20270607|0328|0527|1310|1709|2043|2232|2 Muharrem 1449
20270608|0328|0527|1310|1710|2044|2233|3 Muharrem 1449
20270609|0327|0527|1310|1710|2044|2234|4 Muharrem 1449
20270610|0327|0526|1311|1710|2045|2235|5 Muharrem 1449
20270611|0326|0526|1311|1711|2045|2236|6 Muharrem 1449
20270612|0326|0526|1311|1711|2046|2237|7 Muharrem 1449
20270613|0326|0526|1311|1711|2046|2237|8 Muharrem 1449
20270614|0325|0526|1311|1711|2047|2238|9 Muharrem 1449
20270615|0325|0526|1312|1712|2047|2239|10 Muharrem 1449
20270616|0325|0526|1312|1712|2048|2239|11 Muharrem 1449
20270617|0325|0526|1312|1712|2048|2240|12 Muharrem 1449
20270618|0325|0526|1312|1712|2048|2240|13 Muharrem 1449
20270619|0325|0526|1312|1713|2049|2240|14 Muharrem 1449
20270620|0325|0526|1313|1713|2049|2241|15 Muharrem 1449
20270621|0325|0527|1313|1713|2049|2241|16 Muharrem 1449
20270622|0325|0527|1313|1713|2049|2241|17 Muharrem 1449
20270623|0326|0527|1313|1713|2050|2241|18 Muharrem 1449
20270624|0326|0527|1314|1714|2050|2242|19 Muharrem 1449
20270625|0326|0528|1314|1714|2050|2242|20 Muharrem 1449
20270626|0327|0528|1314|1714|2050|2242|21 Muharrem 1449
20270627|0327|0528|1314|1714|2050|2242|22 Muharrem 1449
20270628|0328|0529|1314|1714|2050|2241|23 Muharrem 1449
20270629|0329|0529|1315|1715|2050|2241|24 Muharrem 1449
20270630|0329|0530|1315|1715|2050|2241|25 Muharrem 1449
20270701|0330|0530|1315|1715|2050|2241|26 Muharrem 1449
20270702|0331|0531|1315|1715|2050|2240|27 Muharrem 1449
20270703|0331|0531|1315|1715|2050|2240|28 Muharrem 1449
20270704|0332|0532|1316|1715|2049|2240|29 Muharrem 1449
20270705|0333|0532|1316|1715|2049|2239|1 Safer 1449
20270706|0334|0533|1316|1715|2049|2238|2 Safer 1449
20270707|0335|0533|1316|1715|2049|2238|3 Safer 1449
20270708|0336|0534|1316|1716|2048|2237|4 Safer 1449
20270709|0337|0535|1316|1716|2048|2236|5 Safer 1449
20270710|0338|0535|1317|1716|2048|2236|6 Safer 1449
20270711|0340|0536|1317|1716|2047|2235|7 Safer 1449
20270712|0341|0537|1317|1716|2047|2234|8 Safer 1449
20270713|0342|0538|1317|1716|2046|2233|9 Safer 1449
20270714|0343|0538|1317|1716|2046|2232|10 Safer 1449
20270715|0345|0539|1317|1716|2045|2231|11 Safer 1449
20270716|0346|0540|1317|1716|2045|2230|12 Safer 1449
20270717|0347|0541|1317|1715|2044|2229|13 Safer 1449
20270718|0349|0542|1317|1715|2043|2228|14 Safer 1449
20270719|0350|0542|1317|1715|2043|2227|15 Safer 1449
20270720|0351|0543|1318|1715|2042|2225|16 Safer 1449
20270721|0353|0544|1318|1715|2041|2224|17 Safer 1449
20270722|0354|0545|1318|1715|2040|2223|18 Safer 1449
20270723|0356|0546|1318|1715|2040|2222|19 Safer 1449
20270724|0357|0547|1318|1714|2039|2220|20 Safer 1449
20270725|0359|0548|1318|1714|2038|2219|21 Safer 1449
20270726|0400|0549|1318|1714|2037|2218|22 Safer 1449
20270727|0402|0550|1318|1714|2036|2216|23 Safer 1449
20270728|0403|0551|1318|1713|2035|2215|24 Safer 1449
20270729|0405|0551|1318|1713|2034|2213|25 Safer 1449
20270730|0406|0552|1318|1713|2033|2212|26 Safer 1449
20270731|0408|0553|1318|1713|2032|2210|27 Safer 1449
20270801|0409|0554|1318|1712|2031|2208|28 Safer 1449
20270802|0411|0555|1318|1712|2030|2207|29 Safer 1449
20270803|0412|0556|1317|1711|2029|2205|1 Rebiulevvel 1449
20270804|0414|0557|1317|1711|2028|2204|2 Rebiulevvel 1449
20270805|0415|0558|1317|1711|2026|2202|3 Rebiulevvel 1449
20270806|0417|0559|1317|1710|2025|2200|4 Rebiulevvel 1449
20270807|0418|0600|1317|1710|2024|2159|5 Rebiulevvel 1449
20270808|0420|0601|1317|1709|2023|2157|6 Rebiulevvel 1449
20270809|0421|0602|1317|1709|2022|2155|7 Rebiulevvel 1449
20270810|0423|0603|1317|1708|2020|2153|8 Rebiulevvel 1449
20270811|0425|0604|1317|1708|2019|2152|9 Rebiulevvel 1449
20270812|0426|0605|1316|1707|2018|2150|10 Rebiulevvel 1449
20270813|0428|0606|1316|1706|2016|2148|11 Rebiulevvel 1449
20270814|0429|0607|1316|1706|2015|2146|12 Rebiulevvel 1449
20270815|0431|0608|1316|1705|2014|2144|13 Rebiulevvel 1449
20270816|0432|0609|1316|1705|2012|2143|14 Rebiulevvel 1449
20270817|0433|0610|1315|1704|2011|2141|15 Rebiulevvel 1449
20270818|0435|0611|1315|1703|2009|2139|16 Rebiulevvel 1449
20270819|0436|0612|1315|1703|2008|2137|17 Rebiulevvel 1449
20270820|0438|0613|1315|1702|2006|2135|18 Rebiulevvel 1449
20270821|0439|0614|1315|1701|2005|2133|19 Rebiulevvel 1449
20270822|0441|0615|1314|1700|2003|2131|20 Rebiulevvel 1449
20270823|0442|0616|1314|1700|2002|2130|21 Rebiulevvel 1449
20270824|0444|0617|1314|1659|2000|2128|22 Rebiulevvel 1449
20270825|0445|0618|1313|1658|1959|2126|23 Rebiulevvel 1449
20270826|0446|0619|1313|1657|1957|2124|24 Rebiulevvel 1449
20270827|0448|0620|1313|1656|1956|2122|25 Rebiulevvel 1449
20270828|0449|0621|1313|1655|1954|2120|26 Rebiulevvel 1449
20270829|0451|0622|1312|1655|1953|2118|27 Rebiulevvel 1449
20270830|0452|0623|1312|1654|1951|2116|28 Rebiulevvel 1449
20270831|0453|0624|1312|1653|1949|2114|29 Rebiulevvel 1449
20270901|0455|0625|1311|1652|1948|2112|30 Rebiulevvel 1449
20270902|0456|0626|1311|1651|1946|2110|1 Rebiulahir 1449
20270903|0457|0627|1311|1650|1944|2108|2 Rebiulahir 1449
20270904|0458|0628|1310|1649|1943|2107|3 Rebiulahir 1449
20270905|0500|0629|1310|1648|1941|2105|4 Rebiulahir 1449
20270906|0501|0630|1310|1647|1939|2103|5 Rebiulahir 1449
20270907|0502|0631|1309|1646|1938|2101|6 Rebiulahir 1449
20270908|0504|0632|1309|1645|1936|2059|7 Rebiulahir 1449
20270909|0505|0633|1309|1644|1934|2057|8 Rebiulahir 1449
20270910|0506|0634|1308|1643|1933|2055|9 Rebiulahir 1449
20270911|0507|0635|1308|1642|1931|2053|10 Rebiulahir 1449
20270912|0509|0636|1308|1641|1929|2051|11 Rebiulahir 1449
20270913|0510|0637|1307|1640|1928|2049|12 Rebiulahir 1449
20270914|0511|0638|1307|1639|1926|2047|13 Rebiulahir 1449
20270915|0512|0639|1307|1637|1924|2045|14 Rebiulahir 1449
20270916|0513|0640|1306|1636|1923|2044|15 Rebiulahir 1449
20270917|0515|0641|1306|1635|1921|2042|16 Rebiulahir 1449
20270918|0516|0642|1306|1634|1919|2040|17 Rebiulahir 1449
20270919|0517|0643|1305|1633|1917|2038|18 Rebiulahir 1449
20270920|0518|0644|1305|1632|1916|2036|19 Rebiulahir 1449
20270921|0519|0645|1305|1631|1914|2034|20 Rebiulahir 1449
20270922|0520|0646|1304|1629|1912|2032|21 Rebiulahir 1449
20270923|0522|0647|1304|1628|1911|2031|22 Rebiulahir 1449
20270924|0523|0648|1303|1627|1909|2029|23 Rebiulahir 1449
20270925|0524|0649|1303|1626|1907|2027|24 Rebiulahir 1449
20270926|0525|0650|1303|1625|1905|2025|25 Rebiulahir 1449
20270927|0526|0651|1302|1623|1904|2023|26 Rebiulahir 1449
20270928|0527|0652|1302|1622|1902|2022|27 Rebiulahir 1449
20270929|0528|0653|1302|1621|1900|2020|28 Rebiulahir 1449
20270930|0529|0654|1301|1620|1859|2018|29 Rebiulahir 1449
20271001|0531|0655|1301|1619|1857|2016|1 Cemaziyelevvel 1449
20271002|0532|0656|1301|1617|1855|2015|2 Cemaziyelevvel 1449
20271003|0533|0657|1300|1616|1854|2013|3 Cemaziyelevvel 1449
20271004|0534|0658|1300|1615|1852|2011|4 Cemaziyelevvel 1449
20271005|0535|0659|1300|1614|1850|2009|5 Cemaziyelevvel 1449
20271006|0536|0700|1300|1613|1849|2008|6 Cemaziyelevvel 1449
20271007|0537|0701|1259|1611|1847|2006|7 Cemaziyelevvel 1449
20271008|0538|0703|1259|1610|1845|2004|8 Cemaziyelevvel 1449
20271009|0539|0704|1259|1609|1844|2003|9 Cemaziyelevvel 1449
20271010|0540|0705|1258|1608|1842|2001|10 Cemaziyelevvel 1449
20271011|0541|0706|1258|1607|1840|2000|11 Cemaziyelevvel 1449
20271012|0542|0707|1258|1605|1839|1958|12 Cemaziyelevvel 1449
20271013|0543|0708|1258|1604|1837|1956|13 Cemaziyelevvel 1449
20271014|0544|0709|1257|1603|1836|1955|14 Cemaziyelevvel 1449
20271015|0546|0710|1257|1602|1834|1953|15 Cemaziyelevvel 1449
20271016|0547|0711|1257|1601|1833|1952|16 Cemaziyelevvel 1449
20271017|0548|0712|1257|1559|1831|1950|17 Cemaziyelevvel 1449
20271018|0549|0713|1256|1558|1830|1949|18 Cemaziyelevvel 1449
20271019|0550|0715|1256|1557|1828|1948|19 Cemaziyelevvel 1449
20271020|0551|0716|1256|1556|1827|1946|20 Cemaziyelevvel 1449
20271021|0552|0717|1256|1555|1825|1945|21 Cemaziyelevvel 1449
20271022|0553|0718|1256|1554|1824|1943|22 Cemaziyelevvel 1449
20271023|0554|0719|1256|1552|1822|1942|23 Cemaziyelevvel 1449
20271024|0555|0720|1255|1551|1821|1941|24 Cemaziyelevvel 1449
20271025|0556|0721|1255|1550|1819|1939|25 Cemaziyelevvel 1449
20271026|0557|0723|1255|1549|1818|1938|26 Cemaziyelevvel 1449
20271027|0558|0724|1255|1548|1817|1937|27 Cemaziyelevvel 1449
20271028|0559|0725|1255|1547|1815|1936|28 Cemaziyelevvel 1449
20271029|0600|0726|1255|1546|1814|1934|29 Cemaziyelevvel 1449
20271030|0601|0727|1255|1545|1813|1933|30 Cemaziyelevvel 1449
20271031|0602|0728|1255|1544|1811|1932|1 Cemaziyelahir 1449
20271101|0603|0730|1255|1543|1810|1931|2 Cemaziyelahir 1449
20271102|0604|0731|1255|1542|1809|1930|3 Cemaziyelahir 1449
20271103|0606|0732|1255|1541|1808|1929|4 Cemaziyelahir 1449
20271104|0607|0733|1255|1540|1806|1928|5 Cemaziyelahir 1449
20271105|0608|0734|1255|1539|1805|1927|6 Cemaziyelahir 1449
20271106|0609|0735|1255|1538|1804|1926|7 Cemaziyelahir 1449
20271107|0610|0737|1255|1537|1803|1925|8 Cemaziyelahir 1449
20271108|0611|0738|1255|1536|1802|1924|9 Cemaziyelahir 1449
20271109|0612|0739|1255|1536|1801|1923|10 Cemaziyelahir 1449
20271110|0613|0740|1255|1535|1800|1922|11 Cemaziyelahir 1449
20271111|0614|0741|1255|1534|1759|1921|12 Cemaziyelahir 1449
20271112|0615|0743|1255|1533|1758|1920|13 Cemaziyelahir 1449
20271113|0616|0744|1255|1532|1757|1919|14 Cemaziyelahir 1449
20271114|0617|0745|1255|1532|1756|1919|15 Cemaziyelahir 1449
20271115|0618|0746|1256|1531|1755|1918|16 Cemaziyelahir 1449
20271116|0619|0747|1256|1530|1754|1917|17 Cemaziyelahir 1449
20271117|0620|0749|1256|1530|1753|1917|18 Cemaziyelahir 1449
20271118|0621|0750|1256|1529|1753|1916|19 Cemaziyelahir 1449
20271119|0622|0751|1256|1529|1752|1915|20 Cemaziyelahir 1449
20271120|0623|0752|1257|1528|1751|1915|21 Cemaziyelahir 1449
20271121|0624|0753|1257|1527|1750|1914|22 Cemaziyelahir 1449
20271122|0625|0754|1257|1527|1750|1914|23 Cemaziyelahir 1449
20271123|0626|0756|1257|1526|1749|1913|24 Cemaziyelahir 1449
20271124|0627|0757|1258|1526|1749|1913|25 Cemaziyelahir 1449
20271125|0628|0758|1258|1526|1748|1913|26 Cemaziyelahir 1449
20271126|0629|0759|1258|1525|1748|1912|27 Cemaziyelahir 1449
20271127|0630|0800|1259|1525|1747|1912|28 Cemaziyelahir 1449
20271128|0631|0801|1259|1525|1747|1912|29 Cemaziyelahir 1449
20271129|0632|0802|1259|1524|1746|1911|1 Recep 1449
20271130|0633|0803|1300|1524|1746|1911|2 Recep 1449
20271201|0633|0804|1300|1524|1746|1911|3 Recep 1449
20271202|0634|0805|1300|1524|1745|1911|4 Recep 1449
20271203|0635|0806|1301|1524|1745|1911|5 Recep 1449
20271204|0636|0807|1301|1523|1745|1911|6 Recep 1449
20271205|0637|0808|1301|1523|1745|1911|7 Recep 1449
20271206|0638|0809|1302|1523|1744|1911|8 Recep 1449
20271207|0639|0810|1302|1523|1744|1911|9 Recep 1449
20271208|0639|0811|1303|1523|1744|1911|10 Recep 1449
20271209|0640|0812|1303|1523|1744|1911|11 Recep 1449
20271210|0641|0813|1304|1523|1744|1911|12 Recep 1449
20271211|0642|0814|1304|1524|1744|1911|13 Recep 1449
20271212|0642|0815|1305|1524|1744|1911|14 Recep 1449
20271213|0643|0815|1305|1524|1745|1911|15 Recep 1449
20271214|0644|0816|1305|1524|1745|1912|16 Recep 1449
20271215|0645|0817|1306|1524|1745|1912|17 Recep 1449
20271216|0645|0818|1306|1525|1745|1912|18 Recep 1449
20271217|0646|0818|1307|1525|1746|1912|19 Recep 1449
20271218|0646|0819|1307|1525|1746|1913|20 Recep 1449
20271219|0647|0820|1308|1526|1746|1913|21 Recep 1449
20271220|0648|0820|1308|1526|1747|1914|22 Recep 1449
20271221|0648|0821|1309|1527|1747|1914|23 Recep 1449
20271222|0649|0821|1309|1527|1748|1915|24 Recep 1449
20271223|0649|0822|1310|1528|1748|1915|25 Recep 1449
20271224|0650|0822|1310|1528|1749|1916|26 Recep 1449
20271225|0650|0823|1311|1529|1749|1916|27 Recep 1449
20271226|0650|0823|1311|1529|1750|1917|28 Recep 1449
20271227|0651|0823|1312|1530|1750|1917|29 Recep 1449
20271228|0651|0824|1312|1531|1751|1918|30 Recep 1449
20271229|0652|0824|1313|1531|1752|1919|1 Şaban 1449
20271230|0652|0824|1313|1532|1753|1919|2 Şaban 1449
20271231|0652|0824|1314|1533|1753|1920|3 Şaban 1449
#@9539|Çekmeköy|ISTANBUL|730
20260101|0649|0821|1312|1531|1752|1918|12 Recep 1447
20260102|0650|0821|1312|1532|1753|1919|13 Recep 1447
20260103|0650|0821|1313|1533|1754|1920|14 Recep 1447
20260104|0650|0822|1313|1534|1755|1921|15 Recep 1447
20260105|0650|0822|1313|1534|1755|1922|16 Recep 1447
20260106|0650|0821|1314|1535|1756|1922|17 Recep 1447
20260107|0650|0821|1314|1536|1757|1923|18 Recep 1447
20260108|0650|0821|1315|1537|1758|1924|19 Recep 1447
20260109|0650|0821|1315|1538|1759|1925|20 Recep 1447
20260110|0650|0821|1316|1539|1800|1926|21 Recep 1447
20260111|0650|0821|1316|1540|1801|1927|22 Recep 1447
20260112|0650|0820|1316|1541|1803|1928|23 Recep 1447
20260113|0649|0820|1317|1542|1804|1929|24 Recep 1447
20260114|0649|0820|1317|1543|1805|1930|25 Recep 1447
20260115|0649|0819|1318|1544|1806|1931|26 Recep 1447
20260116|0649|0819|1318|1545|1807|1932|27 Recep 1447
20260117|0648|0818|1318|1546|1808|1933|28 Recep 1447
20260118|0648|0818|1319|1547|1809|1934|29 Recep 1447
20260119|0648|0817|1319|1548|1810|1935|30 Recep 1447
20260120|0647|0817|1319|1549|1812|1936|1 Şaban 1447
20260121|0647|0816|1319|1550|1813|1937|2 Şaban 1447
20260122|0646|0816|1320|1551|1814|1938|3 Şaban 1447
20260123|0646|0815|1320|1552|1815|1939|4 Şaban 1447
20260124|0645|0814|1320|1553|1816|1940|5 Şaban 1447
20260125|0645|0813|1320|1554|1818|1941|6 Şaban 1447
20260126|0644|0813|1321|1555|1819|1942|7 Şaban 1447
20260127|0644|0812|1321|1556|1820|1943|8 Şaban 1447
20260128|0643|0811|1321|1557|1821|1944|9 Şaban 1447
20260129|0642|0810|1321|1558|1823|1945|10 Şaban 1447
20260130|0642|0809|1321|1559|1824|1946|11 Şaban 1447
20260131|0641|0808|1322|1600|1825|1947|12 Şaban 1447
20260201|0640|0807|1322|1601|1826|1948|13 Şaban 1447
20260202|0639|0806|1322|1602|1827|1949|14 Şaban 1447
20260203|0638|0805|1322|1603|1829|1950|15 Şaban 1447
20260204|0637|0804|1322|1604|1830|1952|16 Şaban 1447
20260205|0637|0803|1322|1605|1831|1953|17 Şaban 1447
20260206|0636|0802|1322|1606|1832|1954|18 Şaban 1447
20260207|0635|0801|1322|1607|1834|1955|19 Şaban 1447
20260208|0634|0800|1322|1608|1835|1956|20 Şaban 1447
20260209|0633|0759|1322|1609|1836|1957|21 Şaban 1447
20260210|0632|0758|1322|1610|1837|1958|22 Şaban 1447
20260211|0630|0756|1322|1611|1839|1959|23 Şaban 1447
20260212|0629|0755|1322|1612|1840|2000|24 Şaban 1447
20260213|0628|0754|1322|1613|1841|2001|25 Şaban 1447
20260214|0627|0753|1322|1614|1842|2003|26 Şaban 1447
20260215|0626|0751|1322|1615|1844|2004|27 Şaban 1447
20260216|0625|0750|1322|1616|1845|2005|28 Şaban 1447
20260217|0623|0749|1322|1617|1846|2006|29 Şaban 1447
20260218|0622|0747|1322|1618|1847|2007|30 Şaban 1447
20260219|0621|0746|1322|1619|1848|2008|1 Ramazan 1447
20260220|0620|0744|1322|1620|1850|2009|2 Ramazan 1447
20260221|0618|0743|1322|1621|1851|2010|3 Ramazan 1447
20260222|0617|0742|1322|1621|1852|2011|4 Ramazan 1447
20260223|0615|0740|1322|1622|1853|2013|5 Ramazan 1447
20260224|0614|0739|1322|1623|1854|2014|6 Ramazan 1447
20260225|0613|0737|1321|1624|1856|2015|7 Ramazan 1447
20260226|0611|0736|1321|1625|1857|2016|8 Ramazan 1447
20260227|0610|0734|1321|1626|1858|2017|9 Ramazan 1447
20260228|0608|0733|1321|1626|1859|2018|10 Ramazan 1447
20260301|0607|0731|1321|1627|1900|2019|11 Ramazan 1447
20260302|0605|0730|1321|1628|1901|2020|12 Ramazan 1447
20260303|0604|0728|1320|1629|1903|2022|13 Ramazan 1447
20260304|0602|0726|1320|1629|1904|2023|14 Ramazan 1447
20260305|0601|0725|1320|1630|1905|2024|15 Ramazan 1447
20260306|0559|0723|1320|1631|1906|2025|16 Ramazan 1447
20260307|0557|0722|1319|1632|1907|2026|17 Ramazan 1447
20260308|0556|0720|1319|1632|1908|2027|18 Ramazan 1447
20260309|0554|0718|1319|1633|1909|2028|19 Ramazan 1447
20260310|0552|0717|1319|1634|1911|2030|20 Ramazan 1447
20260311|0551|0715|1318|1634|1912|2031|21 Ramazan 1447
20260312|0549|0714|1318|1635|1913|2032|22 Ramazan 1447
20260313|0547|0712|1318|1636|1914|2033|23 Ramazan 1447
20260314|0546|0710|1318|1636|1915|2034|24 Ramazan 1447
20260315|0544|0709|1317|1637|1916|2035|25 Ramazan 1447
20260316|0542|0707|1317|1637|1917|2037|26 Ramazan 1447
20260317|0540|0705|1317|1638|1918|2038|27 Ramazan 1447
20260318|0539|0704|1316|1639|1919|2039|28 Ramazan 1447
20260319|0537|0702|1316|1639|1920|2040|29 Ramazan 1447
20260320|0535|0700|1316|1640|1922|2041|1 Şevval 1447
20260321|0533|0659|1316|1640|1923|2042|2 Şevval 1447
20260322|0531|0657|1315|1641|1924|2044|3 Şevval 1447
20260323|0530|0655|1315|1641|1925|2045|4 Şevval 1447
20260324|0528|0654|1315|1642|1926|2046|5 Şevval 1447
20260325|0526|0652|1314|1642|1927|2047|6 Şevval 1447
20260326|0524|0650|1314|1643|1928|2049|7 Şevval 1447
20260327|0522|0649|1314|1643|1929|2050|8 Şevval 1447
20260328|0520|0647|1314|1644|1930|2051|9 Şevval 1447
20260329|0519|0645|1313|1644|1931|2052|10 Şevval 1447
20260330|0517|0644|1313|1645|1932|2053|11 Şevval 1447
20260331|0515|0642|1313|1645|1933|2055|12 Şevval 1447
20260401|0513|0640|1312|1646|1934|2056|13 Şevval 1447
20260402|0511|0639|1312|1646|1935|2057|14 Şevval 1447
20260403|0509|0637|1312|1646|1936|2059|15 Şevval 1447
20260404|0507|0635|1311|1647|1938|2100|16 Şevval 1447
20260405|0505|0634|1311|1647|1939|2101|17 Şevval 1447
20260406|0503|0632|1311|1648|1940|2103|18 Şevval 1447
20260407|0501|0630|1311|1648|1941|2104|19 Şevval 1447
20260408|0500|0629|1310|1648|1942|2105|20 Şevval 1447
20260409|0458|0627|1310|1649|1943|2107|21 Şevval 1447
20260410|0456|0626|1310|1649|1944|2108|22 Şevval 1447
20260411|0454|0624|1309|1650|1945|2109|23 Şevval 1447
20260412|0452|0622|1309|1650|1946|2111|24 Şevval 1447
20260413|0450|0621|1309|1650|1947|2112|25 Şevval 1447
20260414|0448|0619|1309|1651|1948|2113|26 Şevval 1447
20260415|0446|0618|1308|1651|1949|2115|27 Şevval 1447
20260416|0444|0616|1308|1651|1950|2116|28 Şevval 1447
20260417|0442|0615|1308|1652|1951|2118|29 Şevval 1447
20260418|0440|0613|1308|1652|1952|2119|1 Zilkade 1447
20260419|0438|0612|1308|1652|1953|2120|2 Zilkade 1447
20260420|0436|0610|1307|1653|1955|2122|3 Zilkade 1447
20260421|0435|0609|1307|1653|1956|2123|4 Zilkade 1447
20260422|0433|0607|1307|1653|1957|2125|5 Zilkade 1447
20260423|0431|0606|1307|1654|1958|2126|6 Zilkade 1447
20260424|0429|0604|1307|1654|1959|2128|7 Zilkade 1447
20260425|0427|0603|1306|1654|2000|2129|8 Zilkade 1447
20260426|0425|0601|1306|1654|2001|2131|9 Zilkade 1447
20260427|0423|0600|1306|1655|2002|2132|10 Zilkade 1447
20260428|0421|0559|1306|1655|2003|2134|11 Zilkade 1447
20260429|0420|0557|1306|1655|2004|2135|12 Zilkade 1447
20260430|0418|0556|1306|1656|2005|2137|13 Zilkade 1447
20260501|0416|0555|1305|1656|2006|2138|14 Zilkade 1447
20260502|0414|0553|1305|1656|2007|2140|15 Zilkade 1447
20260503|0412|0552|1305|1657|2008|2141|16 Zilkade 1447
20260504|0411|0551|1305|1657|2009|2143|17 Zilkade 1447
20260505|0409|0550|1305|1657|2010|2144|18 Zilkade 1447
20260506|0407|0549|1305|1657|2011|2146|19 Zilkade 1447
20260507|0405|0547|1305|1658|2013|2147|20 Zilkade 1447
20260508|0404|0546|1305|1658|2014|2149|21 Zilkade 1447
20260509|0402|0545|1305|1658|2015|2150|22 Zilkade 1447
20260510|0400|0544|1305|1659|2016|2152|23 Zilkade 1447
20260511|0359|0543|1305|1659|2017|2153|24 Zilkade 1447
20260512|0357|0542|1305|1659|2018|2155|25 Zilkade 1447
20260513|0355|0541|1305|1659|2019|2156|26 Zilkade 1447
20260514|0354|0540|1305|1700|2020|2158|27 Zilkade 1447
20260515|0352|0539|1305|1700|2021|2159|28 Zilkade 1447
20260516|0351|0538|1305|1700|2022|2201|29 Zilkade 1447
20260517|0349|0537|1305|1700|2023|2202|30 Zilkade 1447
20260518|0348|0536|1305|1701|2024|2204|1 Zilhicce 1447
20260519|0346|0535|1305|1701|2024|2205|2 Zilhicce 1447
20260520|0345|0534|1305|1701|2025|2207|3 Zilhicce 1447
20260521|0344|0533|1305|1702|2026|2208|4 Zilhicce 1447
20260522|0342|0533|1305|1702|2027|2210|5 Zilhicce 1447
20260523|0341|0532|1305|1702|2028|2211|6 Zilhicce 1447
20260524|0340|0531|1305|1702|2029|2212|7 Zilhicce 1447
20260525|0338|0530|1305|1703|2030|2214|8 Zilhicce 1447
20260526|0337|0530|1305|1703|2031|2215|9 Zilhicce 1447
20260527|0336|0529|1305|1703|2032|2216|10 Zilhicce 1447
20260528|0335|0529|1306|1704|2033|2218|11 Zilhicce 1447
20260529|0334|0528|1306|1704|2033|2219|12 Zilhicce 1447
20260530|0333|0527|1306|1704|2034|2220|13 Zilhicce 1447
20260531|0332|0527|1306|1704|2035|2221|14 Zilhicce 1447
20260601|0331|0527|1306|1705|2036|2223|15 Zilhicce 1447
20260602|0330|0526|1306|1705|2036|2224|16 Zilhicce 1447
20260603|0329|0526|1306|1705|2037|2225|17 Zilhicce 1447
20260604|0328|0525|1307|1706|2038|2226|18 Zilhicce 1447
20260605|0328|0525|1307|1706|2039|2227|19 Zilhicce 1447
20260606|0327|0525|1307|1706|2039|2228|20 Zilhicce 1447
20260607|0326|0524|1307|1706|2040|2229|21 Zilhicce 1447
20260608|0326|0524|1307|1707|2040|2230|22 Zilhicce 1447
20260609|0325|0524|1307|1707|2041|2231|23 Zilhicce 1447
20260610|0325|0524|1308|1707|2042|2232|24 Zilhicce 1447
20260611|0324|0524|1308|1708|2042|2232|25 Zilhicce 1447
20260612|0324|0524|1308|1708|2043|2233|26 Zilhicce 1447
20260613|0323|0523|1308|1708|2043|2234|27 Zilhicce 1447
20260614|0323|0523|1309|1708|2044|2234|28 Zilhicce 1447
20260615|0323|0523|1309|1709|2044|2235|29 Zilhicce 1447
20260616|0323|0523|1309|1709|2044|2236|1 Muharrem 1448
20260617|0323|0524|1309|1709|2045|2236|2 Muharrem 1448
20260618|0323|0524|1309|1709|2045|2237|3 Muharrem 1448
20260619|0323|0524|1310|1710|2045|2237|4 Muharrem 1448
20260620|0323|0524|1310|1710|2046|2237|5 Muharrem 1448
20260621|0323|0524|1310|1710|2046|2237|6 Muharrem 1448
20260622|0323|0524|1310|1710|2046|2238|7 Muharrem 1448
20260623|0324|0525|1310|1710|2046|2238|8 Muharrem 1448
20260624|0324|0525|1311|1711|2046|2238|9 Muharrem 1448
20260625|0324|0525|1311|1711|2047|2238|10 Muharrem 1448
20260626|0325|0526|1311|1711|2047|2238|11 Muharrem 1448
20260627|0325|0526|1311|1711|2047|2238|12 Muharrem 1448
20260628|0326|0526|1312|1711|2047|2238|13 Muharrem 1448
20260629|0327|0527|1312|1712|2047|2238|14 Muharrem 1448
20260630|0327|0527|1312|1712|2047|2237|15 Muharrem 1448
20260701|0328|0528|1312|1712|2047|2237|16 Muharrem 1448
20260702|0329|0528|1312|1712|2046|2237|17 Muharrem 1448
20260703|0330|0529|1312|1712|2046|2236|18 Muharrem 1448
20260704|0330|0529|1313|1712|2046|2236|19 Muharrem 1448
20260705|0331|0530|1313|1712|2046|2235|20 Muharrem 1448
20260706|0332|0530|1313|1712|2046|2235|21 Muharrem 1448
20260707|0333|0531|1313|1712|2045|2234|22 Muharrem 1448
20260708|0334|0532|1313|1712|2045|2233|23 Muharrem 1448
20260709|0335|0532|1314|1713|2045|2233|24 Muharrem 1448
20260710|0337|0533|1314|1713|2044|2232|25 Muharrem 1448
20260711|0338|0534|1314|1713|2044|2231|26 Muharrem 1448
20260712|0339|0535|1314|1713|2043|2230|27 Muharrem 1448
20260713|0340|0535|1314|1713|2043|2229|28 Muharrem 1448
20260714|0341|0536|1314|1713|2042|2228|29 Muharrem 1448
20260715|0343|0537|1314|1712|2042|2227|1 Safer 1448
20260716|0344|0538|1314|1712|2041|2226|2 Safer 1448
20260717|0345|0538|1314|1712|2041|2225|3 Safer 1448
20260718|0347|0539|1315|1712|2040|2224|4 Safer 1448
20260719|0348|0540|1315|1712|2039|2223|5 Safer 1448
20260720|0349|0541|1315|1712|2039|2222|6 Safer 1448
20260721|0351|0542|1315|1712|2038|2220|7 Safer 1448
20260722|0352|0543|1315|1712|2037|2219|8 Safer 1448
20260723|0354|0544|1315|1712|2036|2218|9 Safer 1448
20260724|0355|0544|1315|1711|2035|2217|10 Safer 1448
20260725|0357|0545|1315|1711|2034|2215|11 Safer 1448
20260726|0358|0546|1315|1711|2034|2214|12 Safer 1448
20260727|0400|0547|1315|1711|2033|2212|13 Safer 1448
20260728|0401|0548|1315|1710|2032|2211|14 Safer 1448
20260729|0403|0549|1315|1710|2031|2209|15 Safer 1448
20260730|0404|0550|1315|1710|2030|2208|16 Safer 1448
20260731|0406|0551|1315|1709|2029|2206|17 Safer 1448
20260801|0407|0552|1315|1709|2028|2205|18 Safer 1448
20260802|0409|0553|1315|1709|2026|2203|19 Safer 1448
20260803|0410|0554|1315|1708|2025|2202|20 Safer 1448
20260804|0412|0555|1314|1708|2024|2200|21 Safer 1448
20260805|0413|0556|1314|1707|2023|2158|22 Safer 1448
20260806|0415|0557|1314|1707|2022|2157|23 Safer 1448
20260807|0416|0558|1314|1707|2021|2155|24 Safer 1448
20260808|0418|0559|1314|1706|2019|2153|25 Safer 1448
20260809|0419|0600|1314|1706|2018|2151|26 Safer 1448
20260810|0421|0601|1314|1705|2017|2150|27 Safer 1448
20260811|0422|0602|1314|1704|2016|2148|28 Safer 1448
20260812|0424|0603|1313|1704|2014|2146|29 Safer 1448
20260813|0425|0604|1313|1703|2013|2144|30 Safer 1448
20260814|0427|0605|1313|1703|2012|2143|1 Rebiulevvel 1448
20260815|0428|0606|1313|1702|2010|2141|2 Rebiulevvel 1448
20260816|0430|0607|1313|1701|2009|2139|3 Rebiulevvel 1448
20260817|0431|0608|1312|1701|2007|2137|4 Rebiulevvel 1448
20260818|0433|0609|1312|1700|2006|2135|5 Rebiulevvel 1448
20260819|0434|0610|1312|1659|2004|2133|6 Rebiulevvel 1448
20260820|0436|0611|1312|1659|2003|2131|7 Rebiulevvel 1448
20260821|0437|0612|1312|1658|2002|2130|8 Rebiulevvel 1448
20260822|0439|0613|1311|1657|2000|2128|9 Rebiulevvel 1448
20260823|0440|0614|1311|1656|1958|2126|10 Rebiulevvel 1448
20260824|0441|0615|1311|1656|1957|2124|11 Rebiulevvel 1448
20260825|0443|0616|1311|1655|1955|2122|12 Rebiulevvel 1448
20260826|0444|0617|1310|1654|1954|2120|13 Rebiulevvel 1448
20260827|0446|0618|1310|1653|1952|2118|14 Rebiulevvel 1448
20260828|0447|0619|1310|1652|1951|2116|15 Rebiulevvel 1448
20260829|0448|0620|1309|1651|1949|2114|16 Rebiulevvel 1448
20260830|0450|0621|1309|1651|1948|2113|17 Rebiulevvel 1448
20260831|0451|0622|1309|1650|1946|2111|18 Rebiulevvel 1448
20260901|0452|0623|1308|1649|1944|2109|19 Rebiulevvel 1448
20260902|0454|0624|1308|1648|1943|2107|20 Rebiulevvel 1448
20260903|0455|0625|1308|1647|1941|2105|21 Rebiulevvel 1448
20260904|0456|0626|1307|1646|1939|2103|22 Rebiulevvel 1448
20260905|0457|0627|1307|1645|1938|2101|23 Rebiulevvel 1448
20260906|0459|0628|1307|1644|1936|2059|24 Rebiulevvel 1448
20260907|0500|0629|1306|1643|1934|2057|25 Rebiulevvel 1448
20260908|0501|0630|1306|1642|1933|2055|26 Rebiulevvel 1448
20260909|0503|0631|1306|1641|1931|2053|27 Rebiulevvel 1448
20260910|0504|0632|1305|1640|1929|2051|28 Rebiulevvel 1448
20260911|0505|0633|1305|1639|1928|2050|29 Rebiulevvel 1448
20260912|0506|0633|1305|1638|1926|2048|1 Rebiulahir 1448
20260913|0507|0634|1304|1636|1924|2046|2 Rebiulahir 1448
20260914|0509|0635|1304|1635|1923|2044|3 Rebiulahir 1448
20260915|0510|0636|1304|1634|1921|2042|4 Rebiulahir 1448
20260916|0511|0637|1303|1633|1919|2040|5 Rebiulahir 1448
20260917|0512|0638|1303|1632|1918|2038|6 Rebiulahir 1448
20260918|0513|0639|1303|1631|1916|2036|7 Rebiulahir 1448
20260919|0515|0640|1302|1630|1914|2034|8 Rebiulahir 1448
20260920|0516|0641|1302|1629|1912|2033|9 Rebiulahir 1448
20260921|0517|0642|1302|1627|1911|2031|10 Rebiulahir 1448
20260922|0518|0643|1301|1626|1909|2029|11 Rebiulahir 1448
20260923|0519|0644|1301|1625|1907|2027|12 Rebiulahir 1448
20260924|0520|0645|1300|1624|1906|2025|13 Rebiulahir 1448
20260925|0521|0646|1300|1623|1904|2023|14 Rebiulahir 1448
20260926|0522|0647|1300|1622|1902|2022|15 Rebiulahir 1448
20260927|0524|0648|1259|1620|1900|2020|16 Rebiulahir 1448
20260928|0525|0649|1259|1619|1859|2018|17 Rebiulahir 1448
20260929|0526|0651|1259|1618|1857|2016|18 Rebiulahir 1448
20260930|0527|0652|1258|1617|1855|2015|19 Rebiulahir 1448
20261001|0528|0653|1258|1616|1854|2013|20 Rebiulahir 1448
20261002|0529|0654|1258|1614|1852|2011|21 Rebiulahir 1448
20261003|0530|0655|1257|1613|1850|2009|22 Rebiulahir 1448
20261004|0531|0656|1257|1612|1849|2008|23 Rebiulahir 1448
20261005|0532|0657|1257|1611|1847|2006|24 Rebiulahir 1448
20261006|0533|0658|1257|1609|1845|2004|25 Rebiulahir 1448
20261007|0534|0659|1256|1608|1844|2003|26 Rebiulahir 1448
20261008|0536|0700|1256|1607|1842|2001|27 Rebiulahir 1448
20261009|0537|0701|1256|1606|1841|1959|28 Rebiulahir 1448
20261010|0538|0702|1255|1605|1839|1958|29 Rebiulahir 1448
20261011|0539|0703|1255|1603|1837|1956|30 Rebiulahir 1448
20261012|0540|0704|1255|1602|1836|1955|1 Cemaziyelevvel 1448
20261013|0541|0705|1255|1601|1834|1953|2 Cemaziyelevvel 1448
20261014|0542|0706|1254|1600|1833|1952|3 Cemaziyelevvel 1448
20261015|0543|0707|1254|1559|1831|1950|4 Cemaziyelevvel 1448
20261016|0544|0708|1254|1557|1829|1949|5 Cemaziyelevvel 1448
20261017|0545|0710|1254|1556|1828|1947|6 Cemaziyelevvel 1448
20261018|0546|0711|1254|1555|1826|1946|7 Cemaziyelevvel 1448
20261019|0547|0712|1253|1554|1825|1944|8 Cemaziyelevvel 1448
20261020|0548|0713|1253|1553|1823|1943|9 Cemaziyelevvel 1448
20261021|0549|0714|1253|1552|1822|1941|10 Cemaziyelevvel 1448
20261022|0550|0715|1253|1551|1821|1940|11 Cemaziyelevvel 1448
20261023|0551|0716|1253|1549|1819|1939|12 Cemaziyelevvel 1448
20261024|0552|0717|1253|1548|1818|1937|13 Cemaziyelevvel 1448
20261025|0553|0719|1252|1547|1816|1936|14 Cemaziyelevvel 1448
20261026|0554|0720|1252|1546|1815|1935|15 Cemaziyelevvel 1448
20261027|0556|0721|1252|1545|1814|1934|16 Cemaziyelevvel 1448
20261028|0557|0722|1252|1544|1812|1932|17 Cemaziyelevvel 1448
20261029|0558|0723|1252|1543|1811|1931|18 Cemaziyelevvel 1448
20261030|0559|0724|1252|1542|1810|1930|19 Cemaziyelevvel 1448
20261031|0600|0726|1252|1541|1808|1929|20 Cemaziyelevvel 1448
20261101|0601|0727|1252|1540|1807|1928|21 Cemaziyelevvel 1448
20261102|0602|0728|1252|1539|1806|1927|22 Cemaziyelevvel 1448
20261103|0603|0729|1252|1538|1805|1926|23 Cemaziyelevvel 1448
20261104|0604|0730|1252|1537|1803|1925|24 Cemaziyelevvel 1448
20261105|0605|0731|1252|1536|1802|1924|25 Cemaziyelevvel 1448
20261106|0606|0733|1252|1535|1801|1923|26 Cemaziyelevvel 1448
20261107|0607|0734|1252|1534|1800|1922|27 Cemaziyelevvel 1448
20261108|0608|0735|1252|1534|1759|1921|28 Cemaziyelevvel 1448
20261109|0609|0736|1252|1533|1758|1920|29 Cemaziyelevvel 1448
20261110|0610|0737|1252|1532|1757|1919|1 Cemaziyelahir 1448
20261111|0611|0739|1252|1531|1756|1918|2 Cemaziyelahir 1448
20261112|0612|0740|1252|1530|1755|1917|3 Cemaziyelahir 1448
20261113|0613|0741|1253|1530|1754|1917|4 Cemaziyelahir 1448
20261114|0614|0742|1253|1529|1753|1916|5 Cemaziyelahir 1448
20261115|0615|0743|1253|1528|1752|1915|6 Cemaziyelahir 1448
20261116|0616|0745|1253|1528|1751|1914|7 Cemaziyelahir 1448
20261117|0617|0746|1253|1527|1751|1914|8 Cemaziyelahir 1448
20261118|0618|0747|1253|1526|1750|1913|9 Cemaziyelahir 1448
20261119|0619|0748|1254|1526|1749|1913|10 Cemaziyelahir 1448
20261120|0620|0749|1254|1525|1748|1912|11 Cemaziyelahir 1448
20261121|0621|0750|1254|1525|1748|1911|12 Cemaziyelahir 1448
20261122|0622|0752|1254|1524|1747|1911|13 Cemaziyelahir 1448
20261123|0623|0753|1255|1524|1746|1911|14 Cemaziyelahir 1448
20261124|0624|0754|1255|1523|1746|1910|15 Cemaziyelahir 1448
20261125|0625|0755|1255|1523|1745|1910|16 Cemaziyelahir 1448
20261126|0626|0756|1255|1523|1745|1909|17 Cemaziyelahir 1448
20261127|0627|0757|1256|1522|1744|1909|18 Cemaziyelahir 1448
20261128|0628|0758|1256|1522|1744|1909|19 Cemaziyelahir 1448
20261129|0629|0759|1256|1522|1744|1909|20 Cemaziyelahir 1448
20261130|0630|0800|1257|1521|1743|1908|21 Cemaziyelahir 1448
20261201|0631|0801|1257|1521|1743|1908|22 Cemaziyelahir 1448
20261202|0632|0802|1258|1521|1743|1908|23 Cemaziyelahir 1448
20261203|0632|0803|1258|1521|1742|1908|24 Cemaziyelahir 1448
20261204|0633|0804|1258|1521|1742|1908|25 Cemaziyelahir 1448
20261205|0634|0805|1259|1521|1742|1908|26 Cemaziyelahir 1448
20261206|0635|0806|1259|1521|1742|1908|27 Cemaziyelahir 1448
20261207|0636|0807|1300|1521|1742|1908|28 Cemaziyelahir 1448
20261208|0637|0808|1300|1521|1742|1908|29 Cemaziyelahir 1448
20261209|0637|0809|1300|1521|1742|1908|30 Cemaziyelahir 1448
20261210|0638|0810|1301|1521|1742|1908|1 Recep 1448
20261211|0639|0811|1301|1521|1742|1908|2 Recep 1448
20261212|0640|0812|1302|1521|1742|1908|3 Recep 1448
20261213|0640|0812|1302|1521|1742|1909|4 Recep 1448
20261214|0641|0813|1303|1522|1742|1909|5 Recep 1448
20261215|0642|0814|1303|1522|1742|1909|6 Recep 1448
20261216|0642|0815|1304|1522|1743|1909|7 Recep 1448
20261217|0643|0815|1304|1522|1743|1910|8 Recep 1448
20261218|0644|0816|1305|1523|1743|1910|9 Recep 1448
20261219|0644|0817|1305|1523|1744|1911|10 Recep 1448
20261220|0645|0817|1306|1524|1744|1911|11 Recep 1448
20261221|0645|0818|1306|1524|1745|1911|12 Recep 1448
20261222|0646|0818|1307|1525|1745|1912|13 Recep 1448
20261223|0646|0819|1307|1525|1746|1912|14 Recep 1448
20261224|0647|0819|1308|1526|1746|1913|15 Recep 1448
20261225|0647|0819|1308|1526|1747|1914|16 Recep 1448
20261226|0648|0820|1309|1527|1747|1914|17 Recep 1448
20261227|0648|0820|1309|1527|1748|1915|18 Recep 1448
20261228|0648|0820|1310|1528|1749|1915|19 Recep 1448
20261229|0649|0821|1310|1529|1749|1916|20 Recep 1448
20261230|0649|0821|1311|1530|1750|1917|21 Recep 1448
20261231|0649|0821|1311|1530|1751|1918|22 Recep 1448
20270101|0649|0821|1312|1531|1752|1918|23 Recep 1448
20270102|0650|0821|1312|1532|1753|1919|24 Recep 1448
20270103|0650|0821|1312|1533|1753|1920|25 Recep 1448
20270104|0650|0822|1313|1533|1754|1921|26 Recep 1448
20270105|0650|0822|1313|1534|1755|1921|27 Recep 1448
20270106|0650|0821|1314|1535|1756|1922|28 Recep 1448
20270107|0650|0821|1314|1536|1757|1923|29 Recep 1448
20270108|0650|0821|1315|1537|1758|1924|30 Recep 1448
20270109|0650|0821|1315|1538|1759|1925|1 Şaban 1448
20270110|0650|0821|1316|1539|1800|1926|2 Şaban 1448
20270111|0650|0821|1316|1540|1801|1927|3 Şaban 1448
20270112|0650|0820|1316|1541|1802|1928|4 Şaban 1448
20270113|0650|0820|1317|1542|1803|1928|5 Şaban 1448
20270114|0649|0820|1317|1542|1804|1929|6 Şaban 1448
20270115|0649|0819|1317|1543|1806|1930|7 Şaban 1448
20270116|0649|0819|1318|1544|1807|1931|8 Şaban 1448
20270117|0649|0819|1318|1545|1808|1932|9 Şaban 1448
20270118|0648|0818|1318|1546|1809|1933|10 Şaban 1448
20270119|0648|0817|1319|1548|1810|1934|11 Şaban 1448
20270120|0647|0817|1319|1549|1811|1935|12 Şaban 1448
20270121|0647|0816|1319|1550|1812|1936|13 Şaban 1448
20270122|0647|0816|1320|1551|1814|1937|14 Şaban 1448
20270123|0646|0815|1320|1552|1815|1938|15 Şaban 1448
20270124|0646|0814|1320|1553|1816|1939|16 Şaban 1448
20270125|0645|0814|1320|1554|1817|1941|17 Şaban 1448
20270126|0644|0813|1321|1555|1819|1942|18 Şaban 1448
20270127|0644|0812|1321|1556|1820|1943|19 Şaban 1448
20270128|0643|0811|1321|1557|1821|1944|20 Şaban 1448
20270129|0642|0810|1321|1558|1822|1945|21 Şaban 1448
20270130|0642|0809|1321|1559|1823|1946|22 Şaban 1448
20270131|0641|0809|1322|1600|1825|1947|23 Şaban 1448
20270201|0640|0808|1322|1601|1826|1948|24 Şaban 1448
20270202|0639|0807|1322|1602|1827|1949|25 Şaban 1448
20270203|0639|0806|1322|1603|1828|1950|26 Şaban 1448
20270204|0638|0805|1322|1604|1830|1951|27 Şaban 1448
20270205|0637|0804|1322|1605|1831|1952|28 Şaban 1448
20270206|0636|0802|1322|1606|1832|1953|29 Şaban 1448
20270207|0635|0801|1322|1607|1833|1955|30 Şaban 1448
20270208|0634|0800|1322|1608|1835|1956|1 Ramazan 1448
20270209|0633|0759|1322|1609|1836|1957|2 Ramazan 1448
20270210|0632|0758|1322|1610|1837|1958|3 Ramazan 1448
20270211|0631|0757|1322|1611|1838|1959|4 Ramazan 1448
20270212|0630|0755|1322|1612|1840|2000|5 Ramazan 1448
20270213|0628|0754|1322|1613|1841|2001|6 Ramazan 1448
20270214|0627|0753|1322|1614|1842|2002|7 Ramazan 1448
20270215|0626|0752|1322|1615|1843|2003|8 Ramazan 1448
20270216|0625|0750|1322|1616|1845|2005|9 Ramazan 1448
20270217|0624|0749|1322|1617|1846|2006|10 Ramazan 1448
20270218|0622|0748|1322|1618|1847|2007|11 Ramazan 1448
20270219|0621|0746|1322|1619|1848|2008|12 Ramazan 1448
20270220|0620|0745|1322|1620|1849|2009|13 Ramazan 1448
20270221|0619|0743|1322|1620|1851|2010|14 Ramazan 1448
20270222|0617|0742|1322|1621|1852|2011|15 Ramazan 1448
20270223|0616|0740|1322|1622|1853|2012|16 Ramazan 1448
20270224|0614|0739|1322|1623|1854|2013|17 Ramazan 1448
20270225|0613|0738|1321|1624|1855|2015|18 Ramazan 1448
20270226|0612|0736|1321|1625|1857|2016|19 Ramazan 1448
20270227|0610|0735|1321|1625|1858|2017|20 Ramazan 1448
20270228|0609|0733|1321|1626|1859|2018|21 Ramazan 1448
20270301|0607|0732|1321|1627|1900|2019|22 Ramazan 1448
20270302|0606|0730|1321|1628|1901|2020|23 Ramazan 1448
20270303|0604|0728|1320|1629|1902|2021|24 Ramazan 1448
20270304|0603|0727|1320|1629|1903|2022|25 Ramazan 1448
20270305|0601|0725|1320|1630|1905|2024|26 Ramazan 1448
20270306|0559|0724|1320|1631|1906|2025|27 Ramazan 1448
20270307|0558|0722|1319|1631|1907|2026|28 Ramazan 1448
20270308|0556|0720|1319|1632|1908|2027|29 Ramazan 1448
20270309|0555|0719|1319|1633|1909|2028|1 Şevval 1448
20270310|0553|0717|1319|1633|1910|2029|2 Şevval 1448
20270311|0551|0716|1318|1634|1911|2030|3 Şevval 1448
20270312|0550|0714|1318|1635|1912|2032|4 Şevval 1448
20270313|0548|0712|1318|1635|1914|2033|5 Şevval 1448
20270314|0546|0711|1318|1636|1915|2034|6 Şevval 1448
20270315|0544|0709|1317|1637|1916|2035|7 Şevval 1448
20270316|0543|0707|1317|1637|1917|2036|8 Şevval 1448
20270317|0541|0706|1317|1638|1918|2037|9 Şevval 1448
20270318|0539|0704|1317|1638|1919|2039|10 Şevval 1448
20270319|0537|0702|1316|1639|1920|2040|11 Şevval 1448
20270320|0536|0701|1316|1640|1921|2041|12 Şevval 1448
20270321|0534|0659|1316|1640|1922|2042|13 Şevval 1448
20270322|0532|0657|1315|1641|1923|2043|14 Şevval 1448
20270323|0530|0656|1315|1641|1924|2045|15 Şevval 1448
20270324|0528|0654|1315|1642|1926|2046|16 Şevval 1448
20270325|0526|0652|1314|1642|1927|2047|17 Şevval 1448
20270326|0525|0651|1314|1643|1928|2048|18 Şevval 1448
20270327|0523|0649|1314|1643|1929|2049|19 Şevval 1448
20270328|0521|0647|1314|1644|1930|2051|20 Şevval 1448
20270329|0519|0646|1313|1644|1931|2052|21 Şevval 1448
20270330|0517|0644|1313|1645|1932|2053|22 Şevval 1448
20270331|0515|0642|1313|1645|1933|2054|23 Şevval 1448
20270401|0513|0641|1312|1645|1934|2056|24 Şevval 1448
20270402|0511|0639|1312|1646|1935|2057|25 Şevval 1448
20270403|0510|0637|1312|1646|1936|2058|26 Şevval 1448
20270404|0508|0636|1311|1647|1937|2100|27 Şevval 1448
20270405|0506|0634|1311|1647|1938|2101|28 Şevval 1448
20270406|0504|0632|1311|1648|1939|2102|29 Şevval 1448
20270407|0502|0631|1311|1648|1940|2104|30 Şevval 1448
20270408|0500|0629|1310|1648|1942|2105|1 Zilkade 1448
20270409|0458|0628|1310|1649|1943|2106|2 Zilkade 1448
20270410|0456|0626|1310|1649|1944|2108|3 Zilkade 1448
20270411|0454|0624|1310|1649|1945|2109|4 Zilkade 1448
20270412|0452|0623|1309|1650|1946|2110|5 Zilkade 1448
20270413|0450|0621|1309|1650|1947|2112|6 Zilkade 1448
20270414|0448|0620|1309|1650|1948|2113|7 Zilkade 1448
20270415|0447|0618|1309|1651|1949|2114|8 Zilkade 1448
20270416|0445|0617|1308|1651|1950|2116|9 Zilkade 1448
20270417|0443|0615|1308|1652|1951|2117|10 Zilkade 1448
20270418|0441|0613|1308|1652|1952|2119|11 Zilkade 1448
20270419|0439|0612|1308|1652|1953|2120|12 Zilkade 1448
20270420|0437|0610|1307|1653|1954|2121|13 Zilkade 1448
20270421|0435|0609|1307|1653|1955|2123|14 Zilkade 1448
20270422|0433|0608|1307|1653|1956|2124|15 Zilkade 1448
20270423|0431|0606|1307|1653|1957|2126|16 Zilkade 1448
20270424|0429|0605|1307|1654|1959|2127|17 Zilkade 1448
20270425|0427|0603|1306|1654|2000|2129|18 Zilkade 1448
20270426|0426|0602|1306|1654|2001|2130|19 Zilkade 1448
20270427|0424|0600|1306|1655|2002|2132|20 Zilkade 1448
20270428|0422|0559|1306|1655|2003|2133|21 Zilkade 1448
20270429|0420|0558|1306|1655|2004|2135|22 Zilkade 1448
20270430|0418|0556|1306|1656|2005|2136|23 Zilkade 1448
20270501|0416|0555|1305|1656|2006|2138|24 Zilkade 1448
20270502|0415|0554|1305|1656|2007|2139|25 Zilkade 1448
20270503|0413|0552|1305|1656|2008|2141|26 Zilkade 1448
20270504|0411|0551|1305|1657|2009|2142|27 Zilkade 1448
20270505|0409|0550|1305|1657|2010|2144|28 Zilkade 1448
20270506|0408|0549|1305|1657|2011|2145|29 Zilkade 1448
20270507|0406|0548|1305|1658|2012|2147|1 Zilhicce 1448
20270508|0404|0546|1305|1658|2013|2148|2 Zilhicce 1448
20270509|0402|0545|1305|1658|2014|2150|3 Zilhicce 1448
20270510|0401|0544|1305|1658|2015|2151|4 Zilhicce 1448
20270511|0359|0543|1305|1659|2016|2153|5 Zilhicce 1448
20270512|0357|0542|1305|1659|2017|2154|6 Zilhicce 1448
20270513|0356|0541|1305|1659|2018|2156|7 Zilhicce 1448
20270514|0354|0540|1305|1700|2019|2158|8 Zilhicce 1448
20270515|0353|0539|1305|1700|2020|2159|9 Zilhicce 1448
20270516|0351|0538|1305|1700|2021|2201|10 Zilhicce 1448
20270517|0350|0537|1305|1700|2022|2202|11 Zilhicce 1448
20270518|0348|0536|1305|1701|2023|2203|12 Zilhicce 1448
20270519|0347|0535|1305|1701|2024|2205|13 Zilhicce 1448
20270520|0345|0534|1305|1701|2025|2206|14 Zilhicce 1448
20270521|0344|0534|1305|1702|2026|2208|15 Zilhicce 1448
20270522|0343|0533|1305|1702|2027|2209|16 Zilhicce 1448
20270523|0341|0532|1305|1702|2028|2211|17 Zilhicce 1448
20270524|0340|0531|1305|1702|2029|2212|18 Zilhicce 1448
20270525|0339|0531|1305|1703|2030|2213|19 Zilhicce 1448
20270526|0337|0530|1305|1703|2031|2215|20 Zilhicce 1448
20270527|0336|0529|1305|1703|2031|2216|21 Zilhicce 1448
20270528|0335|0529|1306|1704|2032|2217|22 Zilhicce 1448
20270529|0334|0528|1306|1704|2033|2219|23 Zilhicce 1448
20270530|0333|0528|1306|1704|2034|2220|24 Zilhicce 1448
20270531|0332|0527|1306|1704|2035|2221|25 Zilhicce 1448
20270601|0331|0527|1306|1705|2036|2222|26 Zilhicce 1448
20270602|0330|0526|1306|1705|2036|2224|27 Zilhicce 1448
20270603|0329|0526|1306|1705|2037|2225|28 Zilhicce 1448
20270604|0328|0525|1307|1706|2038|2226|29 Zilhicce 1448
20270605|0328|0525|1307|1706|2038|2227|30 Zilhicce 1448
20270606|0327|0525|1307|1706|2039|2228|1 Muharrem 1449
20270607|0326|0524|1307|1706|2040|2229|2 Muharrem 1449
20270608|0326|0524|1307|1707|2040|2230|3 Muharrem 1449
20270609|0325|0524|1307|1707|2041|2231|4 Muharrem 1449
20270610|0325|0524|1308|1707|2041|2231|5 Muharrem 1449
20270611|0324|0524|1308|1707|2042|2232|6 Muharrem 1449
20270612|0324|0524|1308|1708|2043|2233|7 Muharrem 1449
20270613|0324|0524|1308|1708|2043|2234|8 Muharrem 1449
20270614|0323|0523|1308|1708|2043|2234|9 Muharrem 1449
20270615|0323|0523|1309|1709|2044|2235|10 Muharrem 1449
20270616|0323|0523|1309|1709|2044|2235|11 Muharrem 1449
20270617|0323|0524|1309|1709|2045|2236|12 Muharrem 1449
20270618|0323|0524|1309|1709|2045|2236|13 Muharrem 1449
20270619|0323|0524|1310|1710|2045|2237|14 Muharrem 1449
20270620|0323|0524|1310|1710|2046|2237|15 Muharrem 1449
20270621|0323|0524|1310|1710|2046|2237|16 Muharrem 1449
20270622|0323|0524|1310|1710|2046|2238|17 Muharrem 1449
20270623|0324|0525|1310|1710|2046|2238|18 Muharrem 1449
20270624|0324|0525|1311|1711|2046|2238|19 Muharrem 1449
20270625|0324|0525|1311|1711|2047|2238|20 Muharrem 1449
20270626|0325|0525|1311|1711|2047|2238|21 Muharrem 1449
20270627|0325|0526|1311|1711|2047|2238|22 Muharrem 1449
20270628|0326|0526|1311|1711|2047|2238|23 Muharrem 1449
20270629|0326|0527|1312|1711|2047|2238|24 Muharrem 1449
20270630|0327|0527|1312|1712|2047|2237|25 Muharrem 1449
20270701|0328|0528|1312|1712|2047|2237|26 Muharrem 1449
20270702|0329|0528|1312|1712|2046|2237|27 Muharrem 1449
20270703|0329|0529|1312|1712|2046|2236|28 Muharrem 1449
20270704|0330|0529|1313|1712|2046|2236|29 Muharrem 1449
20270705|0331|0530|1313|1712|2046|2235|1 Safer 1449
20270706|0332|0530|1313|1712|2046|2235|2 Safer 1449
20270707|0333|0531|1313|1712|2045|2234|3 Safer 1449
20270708|0334|0532|1313|1712|2045|2234|4 Safer 1449
20270709|0335|0532|1313|1713|2045|2233|5 Safer 1449
20270710|0336|0533|1314|1713|2044|2232|6 Safer 1449
20270711|0337|0534|1314|1713|2044|2231|7 Safer 1449
20270712|0339|0534|1314|1713|2043|2230|8 Safer 1449
20270713|0340|0535|1314|1713|2043|2230|9 Safer 1449
20270714|0341|0536|1314|1713|2042|2229|10 Safer 1449
20270715|0342|0537|1314|1712|2042|2228|11 Safer 1449
20270716|0344|0537|1314|1712|2041|2227|12 Safer 1449
20270717|0345|0538|1314|1712|2041|2225|13 Safer 1449
20270718|0346|0539|1315|1712|2040|2224|14 Safer 1449
20270719|0348|0540|1315|1712|2039|2223|15 Safer 1449
20270720|0349|0541|1315|1712|2039|2222|16 Safer 1449
20270721|0351|0542|1315|1712|2038|2221|17 Safer 1449
20270722|0352|0542|1315|1712|2037|2219|18 Safer 1449
20270723|0353|0543|1315|1712|2036|2218|19 Safer 1449
20270724|0355|0544|1315|1711|2036|2217|20 Safer 1449
20270725|0356|0545|1315|1711|2035|2215|21 Safer 1449
20270726|0358|0546|1315|1711|2034|2214|22 Safer 1449
20270727|0359|0547|1315|1711|2033|2213|23 Safer 1449
20270728|0401|0548|1315|1710|2032|2211|24 Safer 1449
20270729|0402|0549|1315|1710|2031|2210|25 Safer 1449
20270730|0404|0550|1315|1710|2030|2208|26 Safer 1449
20270731|0405|0551|1315|1709|2029|2207|27 Safer 1449
20270801|0407|0552|1315|1709|2028|2205|28 Safer 1449
20270802|0408|0553|1315|1709|2027|2204|29 Safer 1449
20270803|0410|0554|1315|1708|2026|2202|1 Rebiulevvel 1449
20270804|0411|0555|1314|1708|2024|2200|2 Rebiulevvel 1449
20270805|0413|0556|1314|1708|2023|2159|3 Rebiulevvel 1449
20270806|0414|0557|1314|1707|2022|2157|4 Rebiulevvel 1449
20270807|0416|0558|1314|1707|2021|2155|5 Rebiulevvel 1449
20270808|0418|0558|1314|1706|2020|2154|6 Rebiulevvel 1449
20270809|0419|0559|1314|1706|2018|2152|7 Rebiulevvel 1449
20270810|0421|0600|1314|1705|2017|2150|8 Rebiulevvel 1449
20270811|0422|0601|1314|1705|2016|2148|9 Rebiulevvel 1449
20270812|0424|0602|1313|1704|2015|2147|10 Rebiulevvel 1449
20270813|0425|0603|1313|1703|2013|2145|11 Rebiulevvel 1449
20270814|0427|0604|1313|1703|2012|2143|12 Rebiulevvel 1449
20270815|0428|0605|1313|1702|2010|2141|13 Rebiulevvel 1449
20270816|0430|0606|1313|1702|2009|2139|14 Rebiulevvel 1449
20270817|0431|0607|1313|1701|2008|2138|15 Rebiulevvel 1449
20270818|0432|0608|1312|1700|2006|2136|16 Rebiulevvel 1449
20270819|0434|0609|1312|1700|2005|2134|17 Rebiulevvel 1449
20270820|0435|0610|1312|1659|2003|2132|18 Rebiulevvel 1449
20270821|0437|0611|1312|1658|2002|2130|19 Rebiulevvel 1449
20270822|0438|0612|1311|1657|2000|2128|20 Rebiulevvel 1449
20270823|0440|0613|1311|1657|1959|2126|21 Rebiulevvel 1449
20270824|0441|0614|1311|1656|1957|2124|22 Rebiulevvel 1449
20270825|0442|0615|1311|1655|1956|2123|23 Rebiulevvel 1449
20270826|0444|0616|1310|1654|1954|2121|24 Rebiulevvel 1449
20270827|0445|0617|1310|1653|1953|2119|25 Rebiulevvel 1449
20270828|0447|0618|1310|1652|1951|2117|26 Rebiulevvel 1449
20270829|0448|0619|1309|1652|1950|2115|27 Rebiulevvel 1449
20270830|0449|0620|1309|1651|1948|2113|28 Rebiulevvel 1449
20270831|0451|0621|1309|1650|1946|2111|29 Rebiulevvel 1449
20270901|0452|0622|1309|1649|1945|2109|30 Rebiulevvel 1449
20270902|0453|0623|1308|1648|1943|2107|1 Rebiulahir 1449
20270903|0455|0624|1308|1647|1941|2105|2 Rebiulahir 1449
20270904|0456|0625|1308|1646|1940|2103|3 Rebiulahir 1449
20270905|0457|0626|1307|1645|1938|2101|4 Rebiulahir 1449
20270906|0458|0627|1307|1644|1937|2100|5 Rebiulahir 1449
20270907|0500|0628|1307|1643|1935|2058|6 Rebiulahir 1449
20270908|0501|0629|1306|1642|1933|2056|7 Rebiulahir 1449
20270909|0502|0630|1306|1641|1932|2054|8 Rebiulahir 1449
20270910|0503|0631|1306|1640|1930|2052|9 Rebiulahir 1449
20270911|0505|0632|1305|1639|1928|2050|10 Rebiulahir 1449
20270912|0506|0633|1305|1638|1926|2048|11 Rebiulahir 1449
20270913|0507|0634|1304|1637|1925|2046|12 Rebiulahir 1449
20270914|0508|0635|1304|1636|1923|2044|13 Rebiulahir 1449
20270915|0510|0636|1304|1635|1921|2042|14 Rebiulahir 1449
20270916|0511|0637|1303|1633|1920|2041|15 Rebiulahir 1449
20270917|0512|0638|1303|1632|1918|2039|16 Rebiulahir 1449
20270918|0513|0639|1303|1631|1916|2037|17 Rebiulahir 1449
20270919|0514|0640|1302|1630|1915|2035|18 Rebiulahir 1449
20270920|0515|0641|1302|1629|1913|2033|19 Rebiulahir 1449
20270921|0517|0642|1302|1628|1911|2031|20 Rebiulahir 1449
20270922|0518|0643|1301|1627|1909|2029|21 Rebiulahir 1449
20270923|0519|0644|1301|1625|1908|2028|22 Rebiulahir 1449
20270924|0520|0645|1301|1624|1906|2026|23 Rebiulahir 1449
20270925|0521|0646|1300|1623|1904|2024|24 Rebiulahir 1449
20270926|0522|0647|1300|1622|1903|2022|25 Rebiulahir 1449
20270927|0523|0648|1300|1621|1901|2020|26 Rebiulahir 1449
20270928|0524|0649|1259|1619|1859|2019|27 Rebiulahir 1449
20270929|0526|0650|1259|1618|1857|2017|28 Rebiulahir 1449
20270930|0527|0651|1259|1617|1856|2015|29 Rebiulahir 1449
20271001|0528|0652|1258|1616|1854|2013|1 Cemaziyelevvel 1449
20271002|0529|0653|1258|1615|1852|2012|2 Cemaziyelevvel 1449
20271003|0530|0654|1258|1613|1851|2010|3 Cemaziyelevvel 1449
20271004|0531|0655|1257|1612|1849|2008|4 Cemaziyelevvel 1449
20271005|0532|0656|1257|1611|1847|2006|5 Cemaziyelevvel 1449
20271006|0533|0657|1257|1610|1846|2005|6 Cemaziyelevvel 1449
20271007|0534|0659|1256|1609|1844|2003|7 Cemaziyelevvel 1449
20271008|0535|0700|1256|1607|1843|2001|8 Cemaziyelevvel 1449
20271009|0536|0701|1256|1606|1841|2000|9 Cemaziyelevvel 1449
20271010|0537|0702|1255|1605|1839|1958|10 Cemaziyelevvel 1449
20271011|0538|0703|1255|1604|1838|1957|11 Cemaziyelevvel 1449
20271012|0540|0704|1255|1603|1836|1955|12 Cemaziyelevvel 1449
20271013|0541|0705|1255|1601|1835|1954|13 Cemaziyelevvel 1449
20271014|0542|0706|1254|1600|1833|1952|14 Cemaziyelevvel 1449
20271015|0543|0707|1254|1559|1831|1950|15 Cemaziyelevvel 1449
20271016|0544|0708|1254|1558|1830|1949|16 Cemaziyelevvel 1449
20271017|0545|0709|1254|1557|1828|1948|17 Cemaziyelevvel 1449
20271018|0546|0710|1254|1555|1827|1946|18 Cemaziyelevvel 1449
20271019|0547|0712|1253|1554|1825|1945|19 Cemaziyelevvel 1449
20271020|0548|0713|1253|1553|1824|1943|20 Cemaziyelevvel 1449
20271021|0549|0714|1253|1552|1822|1942|21 Cemaziyelevvel 1449
20271022|0550|0715|1253|1551|1821|1940|22 Cemaziyelevvel 1449
20271023|0551|0716|1253|1550|1819|1939|23 Cemaziyelevvel 1449
20271024|0552|0717|1253|1549|1818|1938|24 Cemaziyelevvel 1449
20271025|0553|0718|1252|1548|1817|1936|25 Cemaziyelevvel 1449
20271026|0554|0719|1252|1546|1815|1935|26 Cemaziyelevvel 1449
20271027|0555|0721|1252|1545|1814|1934|27 Cemaziyelevvel 1449
20271028|0556|0722|1252|1544|1813|1933|28 Cemaziyelevvel 1449
20271029|0557|0723|1252|1543|1811|1931|29 Cemaziyelevvel 1449
20271030|0558|0724|1252|1542|1810|1930|30 Cemaziyelevvel 1449
20271031|0559|0725|1252|1541|1809|1929|1 Cemaziyelahir 1449
20271101|0601|0726|1252|1540|1807|1928|2 Cemaziyelahir 1449
20271102|0602|0728|1252|1539|1806|1927|3 Cemaziyelahir 1449
20271103|0603|0729|1252|1538|1805|1926|4 Cemaziyelahir 1449
20271104|0604|0730|1252|1537|1804|1925|5 Cemaziyelahir 1449
20271105|0605|0731|1252|1536|1803|1924|6 Cemaziyelahir 1449
20271106|0606|0732|1252|1535|1801|1923|7 Cemaziyelahir 1449
20271107|0607|0734|1252|1535|1800|1922|8 Cemaziyelahir 1449
20271108|0608|0735|1252|1534|1759|1921|9 Cemaziyelahir 1449
20271109|0609|0736|1252|1533|1758|1920|10 Cemaziyelahir 1449
20271110|0610|0737|1252|1532|1757|1919|11 Cemaziyelahir 1449
20271111|0611|0738|1252|1531|1756|1918|12 Cemaziyelahir 1449
20271112|0612|0740|1252|1531|1755|1917|13 Cemaziyelahir 1449
20271113|0613|0741|1252|1530|1754|1917|14 Cemaziyelahir 1449
20271114|0614|0742|1253|1529|1753|1916|15 Cemaziyelahir 1449
20271115|0615|0743|1253|1528|1752|1915|16 Cemaziyelahir 1449
20271116|0616|0744|1253|1528|1752|1915|17 Cemaziyelahir 1449
20271117|0617|0745|1253|1527|1751|1914|18 Cemaziyelahir 1449
20271118|0618|0747|1253|1526|1750|1913|19 Cemaziyelahir 1449
20271119|0619|0748|1254|1526|1749|1913|20 Cemaziyelahir 1449
20271120|0620|0749|1254|1525|1749|1912|21 Cemaziyelahir 1449
20271121|0621|0750|1254|1525|1748|1912|22 Cemaziyelahir 1449
20271122|0622|0751|1254|1524|1747|1911|23 Cemaziyelahir 1449
20271123|0623|0752|1254|1524|1747|1911|24 Cemaziyelahir 1449
20271124|0624|0754|1255|1523|1746|1910|25 Cemaziyelahir 1449
20271125|0625|0755|1255|1523|1745|1910|26 Cemaziyelahir 1449
20271126|0626|0756|1255|1523|1745|1909|27 Cemaziyelahir 1449
20271127|0627|0757|1256|1522|1744|1909|28 Cemaziyelahir 1449
20271128|0628|0758|1256|1522|1744|1909|29 Cemaziyelahir 1449
20271129|0629|0759|1256|1522|1744|1909|1 Recep 1449
20271130|0630|0800|1257|1521|1743|1908|2 Recep 1449
20271201|0630|0801|1257|1521|1743|1908|3 Recep 1449
20271202|0631|0802|1257|1521|1743|1908|4 Recep 1449
20271203|0632|0803|1258|1521|1742|1908|5 Recep 1449
20271204|0633|0804|1258|1521|1742|1908|6 Recep 1449
20271205|0634|0805|1259|1521|1742|1908|7 Recep 1449
20271206|0635|0806|1259|1521|1742|1908|8 Recep 1449
20271207|0636|0807|1259|1521|1742|1908|9 Recep 1449
20271208|0636|0808|1300|1521|1742|1908|10 Recep 1449
20271209|0637|0809|1300|1521|1742|1908|11 Recep 1449
20271210|0638|0810|1301|1521|1742|1908|12 Recep 1449
20271211|0639|0811|1301|1521|1742|1908|13 Recep 1449
20271212|0639|0811|1302|1521|1742|1908|14 Recep 1449
20271213|0640|0812|1302|1521|1742|1909|15 Recep 1449
20271214|0641|0813|1303|1522|1742|1909|16 Recep 1449
20271215|0642|0814|1303|1522|1742|1909|17 Recep 1449
20271216|0642|0814|1304|1522|1743|1909|18 Recep 1449
20271217|0643|0815|1304|1522|1743|1910|19 Recep 1449
20271218|0643|0816|1305|1523|1743|1910|20 Recep 1449
20271219|0644|0816|1305|1523|1744|1910|21 Recep 1449
20271220|0645|0817|1305|1524|1744|1911|22 Recep 1449
20271221|0645|0817|1306|1524|1745|1911|23 Recep 1449
20271222|0646|0818|1306|1525|1745|1912|24 Recep 1449
20271223|0646|0818|1307|1525|1746|1912|25 Recep 1449
20271224|0647|0819|1307|1526|1746|1913|26 Recep 1449
20271225|0647|0819|1308|1526|1747|1913|27 Recep 1449
20271226|0647|0820|1308|1527|1747|1914|28 Recep 1449
20271227|0648|0820|1309|1527|1748|1915|29 Recep 1449
20271228|0648|0820|1309|1528|1749|1915|30 Recep 1449
20271229|0648|0821|1310|1529|1749|1916|1 Şaban 1449
20271230|0649|0821|1310|1529|1750|1917|2 Şaban 1449
20271231|0649|0821|1311|1530|1751|1917|3 Şaban 1449
#@9540|Esenyurt|ISTANBUL|730
20260101|0651|0823|1314|1533|1754|1920|12 Recep 1447
20260102|0652|0823|1314|1534|1755|1921|13 Recep 1447
20260103|0652|0823|1315|1535|1756|1922|14 Recep 1447
20260104|0652|0823|1315|1536|1757|1923|15 Recep 1447
20260105|0652|0823|1315|1536|1758|1924|16 Recep 1447
20260106|0652|0823|1316|1537|1758|1924|17 Recep 1447
20260107|0652|0823|1316|1538|1759|1925|18 Recep 1447
20260108|0652|0823|1317|1539|1800|1926|19 Recep 1447
20260109|0652|0823|1317|1540|1801|1927|20 Recep 1447
20260110|0652|0823|1318|1541|1802|1928|21 Recep 1447
20260111|0652|0823|1318|1542|1803|1929|22 Recep 1447
20260112|0652|0822|1318|1543|1805|1930|23 Recep 1447
20260113|0651|0822|1319|1544|1806|1931|24 Recep 1447
20260114|0651|0822|1319|1545|1807|1932|25 Recep 1447
20260115|0651|0821|1320|1546|1808|1933|26 Recep 1447
20260116|0651|0821|1320|1547|1809|1934|27 Recep 1447
20260117|0650|0820|1320|1548|1810|1935|28 Recep 1447
20260118|0650|0820|1321|1549|1811|1936|29 Recep 1447
20260119|0650|0819|1321|1550|1812|1937|30 Recep 1447
20260120|0649|0819|1321|1551|1814|1938|1 Şaban 1447
20260121|0649|0818|1321|1552|1815|1939|2 Şaban 1447
20260122|0648|0817|1322|1553|1816|1940|3 Şaban 1447
20260123|0648|0817|1322|1554|1817|1941|4 Şaban 1447
20260124|0647|0816|1322|1555|1818|1942|5 Şaban 1447
20260125|0647|0815|1322|1556|1820|1943|6 Şaban 1447
20260126|0646|0815|1323|1557|1821|1944|7 Şaban 1447
20260127|0646|0814|1323|1558|1822|1945|8 Şaban 1447
20260128|0645|0813|1323|1559|1823|1946|9 Şaban 1447
20260129|0644|0812|1323|1600|1825|1947|10 Şaban 1447
20260130|0643|0811|1323|1601|1826|1948|11 Şaban 1447
20260131|0643|0810|1324|1602|1827|1949|12 Şaban 1447
20260201|0642|0809|1324|1603|1828|1950|13 Şaban 1447
20260202|0641|0808|1324|1604|1829|1951|14 Şaban 1447
20260203|0640|0807|1324|1605|1831|1952|15 Şaban 1447
20260204|0639|0806|1324|1606|1832|1954|16 Şaban 1447
20260205|0638|0805|1324|1607|1833|1955|17 Şaban 1447
20260206|0638|0804|1324|1608|1834|1956|18 Şaban 1447
20260207|0637|0803|1324|1609|1836|1957|19 Şaban 1447
20260208|0636|0802|1324|1610|1837|1958|20 Şaban 1447
20260209|0635|0801|1324|1611|1838|1959|21 Şaban 1447
20260210|0633|0759|1324|1612|1839|2000|22 Şaban 1447
20260211|0632|0758|1324|1613|1841|2001|23 Şaban 1447
20260212|0631|0757|1324|1614|1842|2002|24 Şaban 1447
20260213|0630|0756|1324|1615|1843|2003|25 Şaban 1447
20260214|0629|0754|1324|1616|1844|2005|26 Şaban 1447
20260215|0628|0753|1324|1617|1846|2006|27 Şaban 1447
20260216|0627|0752|1324|1618|1847|2007|28 Şaban 1447
20260217|0625|0751|1324|1619|1848|2008|29 Şaban 1447
20260218|0624|0749|1324|1620|1849|2009|30 Şaban 1447
20260219|0623|0748|1324|1621|1850|2010|1 Ramazan 1447
20260220|0622|0746|1324|1622|1852|2011|2 Ramazan 1447
20260221|0620|0745|1324|1623|1853|2012|3 Ramazan 1447
20260222|0619|0744|1324|1623|1854|2013|4 Ramazan 1447
20260223|0617|0742|1324|1624|1855|2015|5 Ramazan 1447
20260224|0616|0741|1324|1625|1856|2016|6 Ramazan 1447
20260225|0615|0739|1323|1626|1858|2017|7 Ramazan 1447
20260226|0613|0738|1323|1627|1859|2018|8 Ramazan 1447
20260227|0612|0736|1323|1628|1900|2019|9 Ramazan 1447
20260228|0610|0735|1323|1628|1901|2020|10 Ramazan 1447
20260301|0609|0733|1323|1629|1902|2021|11 Ramazan 1447
20260302|0607|0732|1322|1630|1903|2022|12 Ramazan 1447
20260303|0606|0730|1322|1631|1905|2024|13 Ramazan 1447
20260304|0604|0728|1322|1631|1906|2025|14 Ramazan 1447
20260305|0603|0727|1322|1632|1907|2026|15 Ramazan 1447
20260306|0601|0725|1322|1633|1908|2027|16 Ramazan 1447
20260307|0559|0724|1321|1634|1909|2028|17 Ramazan 1447
20260308|0558|0722|1321|1634|1910|2029|18 Ramazan 1447
20260309|0556|0720|1321|1635|1911|2030|19 Ramazan 1447
20260310|0554|0719|1321|1636|1913|2032|20 Ramazan 1447
20260311|0553|0717|1320|1636|1914|2033|21 Ramazan 1447
20260312|0551|0716|1320|1637|1915|2034|22 Ramazan 1447
20260313|0549|0714|1320|1638|1916|2035|23 Ramazan 1447
20260314|0548|0712|1320|1638|1917|2036|24 Ramazan 1447
20260315|0546|0711|1319|1639|1918|2037|25 Ramazan 1447
20260316|0544|0709|1319|1639|1919|2038|26 Ramazan 1447
20260317|0542|0707|1319|1640|1920|2040|27 Ramazan 1447
20260318|0541|0706|1318|1641|1921|2041|28 Ramazan 1447
20260319|0539|0704|1318|1641|1922|2042|29 Ramazan 1447
20260320|0537|0702|1318|1642|1923|2043|1 Şevval 1447
20260321|0535|0701|1318|1642|1925|2044|2 Şevval 1447
20260322|0533|0659|1317|1643|1926|2046|3 Şevval 1447
20260323|0532|0657|1317|1643|1927|2047|4 Şevval 1447
20260324|0530|0656|1317|1644|1928|2048|5 Şevval 1447
20260325|0528|0654|1316|1644|1929|2049|6 Şevval 1447
20260326|0526|0652|1316|1645|1930|2050|7 Şevval 1447
20260327|0524|0651|1316|1645|1931|2052|8 Şevval 1447
20260328|0522|0649|1315|1646|1932|2053|9 Şevval 1447
20260329|0521|0647|1315|1646|1933|2054|10 Şevval 1447
20260330|0519|0646|1315|1647|1934|2055|11 Şevval 1447
20260331|0517|0644|1315|1647|1935|2057|12 Şevval 1447
20260401|0515|0642|1314|1648|1936|2058|13 Şevval 1447
20260402|0513|0641|1314|1648|1937|2059|14 Şevval 1447
20260403|0511|0639|1314|1648|1938|2101|15 Şevval 1447
20260404|0509|0637|1313|1649|1940|2102|16 Şevval 1447
20260405|0507|0636|1313|1649|1941|2103|17 Şevval 1447
20260406|0505|0634|1313|1650|1942|2104|18 Şevval 1447
20260407|0503|0632|1313|1650|1943|2106|19 Şevval 1447
20260408|0502|0631|1312|1650|1944|2107|20 Şevval 1447
20260409|0500|0629|1312|1651|1945|2108|21 Şevval 1447
20260410|0458|0628|1312|1651|1946|2110|22 Şevval 1447
20260411|0456|0626|1311|1651|1947|2111|23 Şevval 1447
20260412|0454|0624|1311|1652|1948|2113|24 Şevval 1447
20260413|0452|0623|1311|1652|1949|2114|25 Şevval 1447
20260414|0450|0621|1311|1653|1950|2115|26 Şevval 1447
20260415|0448|0620|1310|1653|1951|2117|27 Şevval 1447
20260416|0446|0618|1310|1653|1952|2118|28 Şevval 1447
20260417|0444|0617|1310|1654|1953|2119|29 Şevval 1447
20260418|0442|0615|1310|1654|1954|2121|1 Zilkade 1447
20260419|0440|0614|1310|1654|1955|2122|2 Zilkade 1447
20260420|0438|0612|1309|1655|1956|2124|3 Zilkade 1447
20260421|0437|0611|1309|1655|1958|2125|4 Zilkade 1447
20260422|0435|0609|1309|1655|1959|2127|5 Zilkade 1447
20260423|0433|0608|1309|1655|2000|2128|6 Zilkade 1447
20260424|0431|0606|1309|1656|2001|2130|7 Zilkade 1447
20260425|0429|0605|1308|1656|2002|2131|8 Zilkade 1447
20260426|0427|0603|1308|1656|2003|2133|9 Zilkade 1447
20260427|0425|0602|1308|1657|2004|2134|10 Zilkade 1447
20260428|0423|0601|1308|1657|2005|2136|11 Zilkade 1447
20260429|0422|0559|1308|1657|2006|2137|12 Zilkade 1447
20260430|0420|0558|1308|1658|2007|2139|13 Zilkade 1447
20260501|0418|0557|1307|1658|2008|2140|14 Zilkade 1447
20260502|0416|0555|1307|1658|2009|2142|15 Zilkade 1447
20260503|0414|0554|1307|1658|2010|2143|16 Zilkade 1447
20260504|0413|0553|1307|1659|2011|2145|17 Zilkade 1447
20260505|0411|0552|1307|1659|2012|2146|18 Zilkade 1447
20260506|0409|0551|1307|1659|2013|2148|19 Zilkade 1447
20260507|0407|0549|1307|1700|2014|2149|20 Zilkade 1447
20260508|0406|0548|1307|1700|2015|2151|21 Zilkade 1447
20260509|0404|0547|1307|1700|2017|2152|22 Zilkade 1447
20260510|0402|0546|1307|1700|2018|2154|23 Zilkade 1447
20260511|0401|0545|1307|1701|2019|2155|24 Zilkade 1447
20260512|0359|0544|1307|1701|2020|2157|25 Zilkade 1447
20260513|0357|0543|1307|1701|2021|2158|26 Zilkade 1447
20260514|0356|0542|1307|1702|2022|2200|27 Zilkade 1447
20260515|0354|0541|1307|1702|2023|2201|28 Zilkade 1447
20260516|0353|0540|1307|1702|2024|2203|29 Zilkade 1447
20260517|0351|0539|1307|1702|2025|2204|30 Zilkade 1447
20260518|0350|0538|1307|1703|2025|2206|1 Zilhicce 1447
20260519|0348|0537|1307|1703|2026|2207|2 Zilhicce 1447
20260520|0347|0536|1307|1703|2027|2209|3 Zilhicce 1447
20260521|0346|0535|1307|1704|2028|2210|4 Zilhicce 1447
20260522|0344|0535|1307|1704|2029|2211|5 Zilhicce 1447
20260523|0343|0534|1307|1704|2030|2213|6 Zilhicce 1447
20260524|0342|0533|1307|1704|2031|2214|7 Zilhicce 1447
20260525|0340|0532|1307|1705|2032|2216|8 Zilhicce 1447
20260526|0339|0532|1307|1705|2033|2217|9 Zilhicce 1447
20260527|0338|0531|1307|1705|2034|2218|10 Zilhicce 1447
20260528|0337|0531|1308|1706|2034|2220|11 Zilhicce 1447
20260529|0336|0530|1308|1706|2035|2221|12 Zilhicce 1447
20260530|0335|0530|1308|1706|2036|2222|13 Zilhicce 1447
20260531|0334|0529|1308|1706|2037|2223|14 Zilhicce 1447
20260601|0333|0529|1308|1707|2038|2225|15 Zilhicce 1447
20260602|0332|0528|1308|1707|2038|2226|16 Zilhicce 1447
20260603|0331|0528|1308|1707|2039|2227|17 Zilhicce 1447
20260604|0330|0527|1309|1708|2040|2228|18 Zilhicce 1447
20260605|0330|0527|1309|1708|2040|2229|19 Zilhicce 1447
20260606|0329|0527|1309|1708|2041|2230|20 Zilhicce 1447
20260607|0328|0526|1309|1708|2042|2231|21 Zilhicce 1447
20260608|0328|0526|1309|1709|2042|2232|22 Zilhicce 1447
20260609|0327|0526|1309|1709|2043|2233|23 Zilhicce 1447
20260610|0327|0526|1310|1709|2044|2233|24 Zilhicce 1447
20260611|0326|0526|1310|1709|2044|2234|25 Zilhicce 1447
20260612|0326|0526|1310|1710|2045|2235|26 Zilhicce 1447
20260613|0326|0526|1310|1710|2045|2236|27 Zilhicce 1447
20260614|0325|0525|1310|1710|2046|2236|28 Zilhicce 1447
20260615|0325|0525|1311|1711|2046|2237|29 Zilhicce 1447
20260616|0325|0526|1311|1711|2046|2237|1 Muharrem 1448
20260617|0325|0526|1311|1711|2047|2238|2 Muharrem 1448
20260618|0325|0526|1311|1711|2047|2238|3 Muharrem 1448
20260619|0325|0526|1312|1712|2047|2239|4 Muharrem 1448
20260620|0325|0526|1312|1712|2048|2239|5 Muharrem 1448
20260621|0325|0526|1312|1712|2048|2239|6 Muharrem 1448
20260622|0325|0526|1312|1712|2048|2240|7 Muharrem 1448
20260623|0326|0527|1312|1712|2048|2240|8 Muharrem 1448
20260624|0326|0527|1313|1713|2048|2240|9 Muharrem 1448
20260625|0326|0527|1313|1713|2049|2240|10 Muharrem 1448
20260626|0327|0528|1313|1713|2049|2240|11 Muharrem 1448
20260627|0327|0528|1313|1713|2049|2240|12 Muharrem 1448
20260628|0328|0528|1313|1713|2049|2240|13 Muharrem 1448
20260629|0329|0529|1314|1713|2049|2239|14 Muharrem 1448
20260630|0329|0529|1314|1714|2049|2239|15 Muharrem 1448
20260701|0330|0530|1314|1714|2049|2239|16 Muharrem 1448
20260702|0331|0530|1314|1714|2048|2239|17 Muharrem 1448
20260703|0332|0531|1314|1714|2048|2238|18 Muharrem 1448
20260704|0333|0531|1315|1714|2048|2238|19 Muharrem 1448
20260705|0333|0532|1315|1714|2048|2237|20 Muharrem 1448
20260706|0334|0532|1315|1714|2048|2237|21 Muharrem 1448
20260707|0335|0533|1315|1714|2047|2236|22 Muharrem 1448
20260708|0336|0534|1315|1714|2047|2235|23 Muharrem 1448
20260709|0338|0534|1315|1714|2047|2235|24 Muharrem 1448
20260710|0339|0535|1316|1714|2046|2234|25 Muharrem 1448
20260711|0340|0536|1316|1715|2046|2233|26 Muharrem 1448
20260712|0341|0537|1316|1715|2045|2232|27 Muharrem 1448
20260713|0342|0537|1316|1714|2045|2231|28 Muharrem 1448
20260714|0343|0538|1316|1714|2044|2230|29 Muharrem 1448
20260715|0345|0539|1316|1714|2044|2229|1 Safer 1448
20260716|0346|0540|1316|1714|2043|2228|2 Safer 1448
20260717|0347|0540|1316|1714|2042|2227|3 Safer 1448
20260718|0349|0541|1317|1714|2042|2226|4 Safer 1448
20260719|0350|0542|1317|1714|2041|2225|5 Safer 1448
20260720|0352|0543|1317|1714|2040|2224|6 Safer 1448
20260721|0353|0544|1317|1714|2040|2222|7 Safer 1448
20260722|0354|0545|1317|1714|2039|2221|8 Safer 1448
20260723|0356|0546|1317|1713|2038|2220|9 Safer 1448
20260724|0357|0546|1317|1713|2037|2218|10 Safer 1448
20260725|0359|0547|1317|1713|2036|2217|11 Safer 1448
20260726|0400|0548|1317|1713|2035|2216|12 Safer 1448
20260727|0402|0549|1317|1713|2035|2214|13 Safer 1448
20260728|0403|0550|1317|1712|2034|2213|14 Safer 1448
20260729|0405|0551|1317|1712|2033|2211|15 Safer 1448
20260730|0406|0552|1317|1712|2032|2210|16 Safer 1448
20260731|0408|0553|1317|1711|2031|2208|17 Safer 1448
20260801|0409|0554|1317|1711|2029|2207|18 Safer 1448
20260802|0411|0555|1317|1711|2028|2205|19 Safer 1448
20260803|0412|0556|1317|1710|2027|2203|20 Safer 1448
20260804|0414|0557|1316|1710|2026|2202|21 Safer 1448
20260805|0415|0558|1316|1709|2025|2200|22 Safer 1448
20260806|0417|0559|1316|1709|2024|2158|23 Safer 1448
20260807|0418|0600|1316|1708|2023|2157|24 Safer 1448
20260808|0420|0601|1316|1708|2021|2155|25 Safer 1448
20260809|0421|0602|1316|1708|2020|2153|26 Safer 1448
20260810|0423|0603|1316|1707|2019|2152|27 Safer 1448
20260811|0424|0604|1316|1706|2017|2150|28 Safer 1448
20260812|0426|0605|1315|1706|2016|2148|29 Safer 1448
20260813|0427|0606|1315|1705|2015|2146|30 Safer 1448
20260814|0429|0607|1315|1705|2013|2144|1 Rebiulevvel 1448
20260815|0430|0608|1315|1704|2012|2143|2 Rebiulevvel 1448
20260816|0432|0609|1315|1703|2011|2141|3 Rebiulevvel 1448
20260817|0433|0610|1314|1703|2009|2139|4 Rebiulevvel 1448
20260818|0435|0611|1314|1702|2008|2137|5 Rebiulevvel 1448
20260819|0436|0612|1314|1701|2006|2135|6 Rebiulevvel 1448
20260820|0438|0613|1314|1701|2005|2133|7 Rebiulevvel 1448
20260821|0439|0614|1314|1700|2003|2132|8 Rebiulevvel 1448
20260822|0441|0615|1313|1659|2002|2130|9 Rebiulevvel 1448
20260823|0442|0616|1313|1658|2000|2128|10 Rebiulevvel 1448
20260824|0443|0617|1313|1658|1959|2126|11 Rebiulevvel 1448
20260825|0445|0618|1313|1657|1957|2124|12 Rebiulevvel 1448
20260826|0446|0619|1312|1656|1956|2122|13 Rebiulevvel 1448
20260827|0448|0620|1312|1655|1954|2120|14 Rebiulevvel 1448
20260828|0449|0621|1312|1654|1953|2118|15 Rebiulevvel 1448
20260829|0450|0622|1311|1653|1951|2116|16 Rebiulevvel 1448
20260830|0452|0623|1311|1652|1950|2114|17 Rebiulevvel 1448
20260831|0453|0624|1311|1652|1948|2113|18 Rebiulevvel 1448
20260901|0454|0625|1310|1651|1946|2111|19 Rebiulevvel 1448
20260902|0456|0626|1310|1650|1945|2109|20 Rebiulevvel 1448
20260903|0457|0627|1310|1649|1943|2107|21 Rebiulevvel 1448
20260904|0458|0628|1309|1648|1941|2105|22 Rebiulevvel 1448
20260905|0459|0629|1309|1647|1940|2103|23 Rebiulevvel 1448
20260906|0501|0630|1309|1646|1938|2101|24 Rebiulevvel 1448
20260907|0502|0631|1308|1645|1936|2059|25 Rebiulevvel 1448
20260908|0503|0632|1308|1644|1935|2057|26 Rebiulevvel 1448
20260909|0505|0633|1308|1643|1933|2055|27 Rebiulevvel 1448
20260910|0506|0634|1307|1642|1931|2053|28 Rebiulevvel 1448
20260911|0507|0634|1307|1641|1930|2051|29 Rebiulevvel 1448
20260912|0508|0635|1307|1640|1928|2050|1 Rebiulahir 1448
20260913|0509|0636|1306|1638|1926|2048|2 Rebiulahir 1448
20260914|0511|0637|1306|1637|1925|2046|3 Rebiulahir 1448
20260915|0512|0638|1306|1636|1923|2044|4 Rebiulahir 1448
20260916|0513|0639|1305|1635|1921|2042|5 Rebiulahir 1448
20260917|0514|0640|1305|1634|1919|2040|6 Rebiulahir 1448
20260918|0515|0641|1305|1633|1918|2038|7 Rebiulahir 1448
20260919|0517|0642|1304|1632|1916|2036|8 Rebiulahir 1448
20260920|0518|0643|1304|1631|1914|2035|9 Rebiulahir 1448
20260921|0519|0644|1304|1629|1913|2033|10 Rebiulahir 1448
20260922|0520|0645|1303|1628|1911|2031|11 Rebiulahir 1448
20260923|0521|0646|1303|1627|1909|2029|12 Rebiulahir 1448
20260924|0522|0647|1302|1626|1908|2027|13 Rebiulahir 1448
20260925|0523|0648|1302|1625|1906|2025|14 Rebiulahir 1448
20260926|0524|0649|1302|1624|1904|2024|15 Rebiulahir 1448
20260927|0526|0650|1301|1622|1902|2022|16 Rebiulahir 1448
20260928|0527|0651|1301|1621|1901|2020|17 Rebiulahir 1448
20260929|0528|0652|1301|1620|1859|2018|18 Rebiulahir 1448
20260930|0529|0653|1300|1619|1857|2017|19 Rebiulahir 1448
20261001|0530|0655|1300|1618|1856|2015|20 Rebiulahir 1448
20261002|0531|0656|1300|1616|1854|2013|21 Rebiulahir 1448
20261003|0532|0657|1259|1615|1852|2011|22 Rebiulahir 1448
20261004|0533|0658|1259|1614|1851|2010|23 Rebiulahir 1448
20261005|0534|0659|1259|1613|1849|2008|24 Rebiulahir 1448
20261006|0535|0700|1259|1611|1847|2006|25 Rebiulahir 1448
20261007|0536|0701|1258|1610|1846|2005|26 Rebiulahir 1448
20261008|0538|0702|1258|1609|1844|2003|27 Rebiulahir 1448
20261009|0539|0703|1258|1608|1842|2001|28 Rebiulahir 1448
20261010|0540|0704|1257|1607|1841|2000|29 Rebiulahir 1448
20261011|0541|0705|1257|1605|1839|1958|30 Rebiulahir 1448
20261012|0542|0706|1257|1604|1838|1957|1 Cemaziyelevvel 1448
20261013|0543|0707|1257|1603|1836|1955|2 Cemaziyelevvel 1448
20261014|0544|0708|1256|1602|1835|1954|3 Cemaziyelevvel 1448
20261015|0545|0709|1256|1601|1833|1952|4 Cemaziyelevvel 1448
20261016|0546|0710|1256|1559|1831|1951|5 Cemaziyelevvel 1448
20261017|0547|0712|1256|1558|1830|1949|6 Cemaziyelevvel 1448
20261018|0548|0713|1256|1557|1828|1948|7 Cemaziyelevvel 1448
20261019|0549|0714|1255|1556|1827|1946|8 Cemaziyelevvel 1448
20261020|0550|0715|1255|1555|1825|1945|9 Cemaziyelevvel 1448
20261021|0551|0716|1255|1554|1824|1943|10 Cemaziyelevvel 1448
20261022|0552|0717|1255|1553|1823|1942|11 Cemaziyelevvel 1448
20261023|0553|0718|1255|1551|1821|1941|12 Cemaziyelevvel 1448
20261024|0554|0719|1255|1550|1820|1939|13 Cemaziyelevvel 1448
20261025|0555|0721|1254|1549|1818|1938|14 Cemaziyelevvel 1448
20261026|0556|0722|1254|1548|1817|1937|15 Cemaziyelevvel 1448
20261027|0558|0723|1254|1547|1816|1936|16 Cemaziyelevvel 1448
20261028|0559|0724|1254|1546|1814|1934|17 Cemaziyelevvel 1448
20261029|0600|0725|1254|1545|1813|1933|18 Cemaziyelevvel 1448
20261030|0601|0726|1254|1544|1812|1932|19 Cemaziyelevvel 1448
20261031|0602|0728|1254|1543|1810|1931|20 Cemaziyelevvel 1448
20261101|0603|0729|1254|1542|1809|1930|21 Cemaziyelevvel 1448
20261102|0604|0730|1254|1541|1808|1929|22 Cemaziyelevvel 1448
20261103|0605|0731|1254|1540|1807|1928|23 Cemaziyelevvel 1448
20261104|0606|0732|1254|1539|1805|1927|24 Cemaziyelevvel 1448
20261105|0607|0733|1254|1538|1804|1926|25 Cemaziyelevvel 1448
20261106|0608|0735|1254|1537|1803|1925|26 Cemaziyelevvel 1448
20261107|0609|0736|1254|1536|1802|1924|27 Cemaziyelevvel 1448
20261108|0610|0737|1254|1536|1801|1923|28 Cemaziyelevvel 1448
20261109|0611|0738|1254|1535|1800|1922|29 Cemaziyelevvel 1448
20261110|0612|0739|1254|1534|1759|1921|1 Cemaziyelahir 1448
20261111|0613|0741|1254|1533|1758|1920|2 Cemaziyelahir 1448
20261112|0614|0742|1254|1532|1757|1919|3 Cemaziyelahir 1448
20261113|0615|0743|1254|1532|1756|1918|4 Cemaziyelahir 1448
20261114|0616|0744|1255|1531|1755|1918|5 Cemaziyelahir 1448
20261115|0617|0745|1255|1530|1754|1917|6 Cemaziyelahir 1448
20261116|0618|0747|1255|1530|1753|1916|7 Cemaziyelahir 1448
20261117|0619|0748|1255|1529|1753|1916|8 Cemaziyelahir 1448
20261118|0620|0749|1255|1528|1752|1915|9 Cemaziyelahir 1448
20261119|0621|0750|1256|1528|1751|1915|10 Cemaziyelahir 1448
20261120|0622|0751|1256|1527|1750|1914|11 Cemaziyelahir 1448
20261121|0623|0752|1256|1527|1750|1913|12 Cemaziyelahir 1448
20261122|0624|0754|1256|1526|1749|1913|13 Cemaziyelahir 1448
20261123|0625|0755|1257|1526|1748|1913|14 Cemaziyelahir 1448
20261124|0626|0756|1257|1525|1748|1912|15 Cemaziyelahir 1448
20261125|0627|0757|1257|1525|1747|1912|16 Cemaziyelahir 1448
20261126|0628|0758|1257|1525|1747|1911|17 Cemaziyelahir 1448
20261127|0629|0759|1258|1524|1746|1911|18 Cemaziyelahir 1448
20261128|0630|0800|1258|1524|1746|1911|19 Cemaziyelahir 1448
20261129|0631|0801|1258|1524|1746|1911|20 Cemaziyelahir 1448
20261130|0632|0802|1259|1523|1745|1910|21 Cemaziyelahir 1448
20261201|0633|0803|1259|1523|1745|1910|22 Cemaziyelahir 1448
20261202|0634|0804|1259|1523|1745|1910|23 Cemaziyelahir 1448
20261203|0634|0805|1300|1523|1744|1910|24 Cemaziyelahir 1448
20261204|0635|0806|1300|1523|1744|1910|25 Cemaziyelahir 1448
20261205|0636|0807|1301|1523|1744|1910|26 Cemaziyelahir 1448
20261206|0637|0808|1301|1523|1744|1910|27 Cemaziyelahir 1448
20261207|0638|0809|1301|1523|1744|1910|28 Cemaziyelahir 1448
20261208|0639|0810|1302|1523|1744|1910|29 Cemaziyelahir 1448
20261209|0639|0811|1302|1523|1744|1910|30 Cemaziyelahir 1448
20261210|0640|0812|1303|1523|1744|1910|1 Recep 1448
20261211|0641|0813|1303|1523|1744|1910|2 Recep 1448
20261212|0642|0814|1304|1523|1744|1910|3 Recep 1448
20261213|0642|0814|1304|1523|1744|1911|4 Recep 1448
20261214|0643|0815|1305|1524|1744|1911|5 Recep 1448
20261215|0644|0816|1305|1524|1745|1911|6 Recep 1448
20261216|0644|0817|1306|1524|1745|1911|7 Recep 1448
20261217|0645|0817|1306|1525|1745|1912|8 Recep 1448
20261218|0646|0818|1307|1525|1745|1912|9 Recep 1448
20261219|0646|0818|1307|1525|1746|1913|10 Recep 1448
20261220|0647|0819|1308|1526|1746|1913|11 Recep 1448
20261221|0647|0820|1308|1526|1747|1913|12 Recep 1448
20261222|0648|0820|1309|1527|1747|1914|13 Recep 1448
20261223|0648|0821|1309|1527|1748|1914|14 Recep 1448
20261224|0649|0821|1310|1528|1748|1915|15 Recep 1448
20261225|0649|0821|1310|1528|1749|1916|16 Recep 1448
20261226|0649|0822|1311|1529|1749|1916|17 Recep 1448
20261227|0650|0822|1311|1530|1750|1917|18 Recep 1448
20261228|0650|0822|1312|1530|1751|1917|19 Recep 1448
20261229|0651|0823|1312|1531|1751|1918|20 Recep 1448
20261230|0651|0823|1313|1532|1752|1919|21 Recep 1448
20261231|0651|0823|1313|1532|1753|1920|22 Recep 1448
20270101|0651|0823|1313|1533|1754|1920|23 Recep 1448
20270102|0651|0823|1314|1534|1755|1921|24 Recep 1448
20270103|0652|0823|1314|1535|1755|1922|25 Recep 1448
20270104|0652|0823|1315|1535|1756|1923|26 Recep 1448
20270105|0652|0823|1315|1536|1757|1923|27 Recep 1448
20270106|0652|0823|1316|1537|1758|1924|28 Recep 1448
20270107|0652|0823|1316|1538|1759|1925|29 Recep 1448
20270108|0652|0823|1317|1539|1800|1926|30 Recep 1448
20270109|0652|0823|1317|1540|1801|1927|1 Şaban 1448
20270110|0652|0823|1317|1541|1802|1928|2 Şaban 1448
20270111|0652|0823|1318|1542|1803|1929|3 Şaban 1448
20270112|0652|0822|1318|1543|1804|1930|4 Şaban 1448
20270113|0651|0822|1319|1544|1805|1930|5 Şaban 1448
20270114|0651|0822|1319|1545|1806|1931|6 Şaban 1448
20270115|0651|0821|1319|1545|1808|1932|7 Şaban 1448
20270116|0651|0821|1320|1546|1809|1933|8 Şaban 1448
20270117|0650|0820|1320|1547|1810|1934|9 Şaban 1448
20270118|0650|0820|1320|1549|1811|1935|10 Şaban 1448
20270119|0650|0819|1321|1550|1812|1936|11 Şaban 1448
20270120|0649|0819|1321|1551|1813|1937|12 Şaban 1448
20270121|0649|0818|1321|1552|1814|1938|13 Şaban 1448
20270122|0649|0818|1322|1553|1816|1939|14 Şaban 1448
20270123|0648|0817|1322|1554|1817|1940|15 Şaban 1448
20270124|0647|0816|1322|1555|1818|1941|16 Şaban 1448
20270125|0647|0816|1322|1556|1819|1943|17 Şaban 1448
20270126|0646|0815|1323|1557|1821|1944|18 Şaban 1448
20270127|0646|0814|1323|1558|1822|1945|19 Şaban 1448
20270128|0645|0813|1323|1559|1823|1946|20 Şaban 1448
20270129|0644|0812|1323|1600|1824|1947|21 Şaban 1448
20270130|0644|0811|1323|1601|1825|1948|22 Şaban 1448
20270131|0643|0810|1324|1602|1827|1949|23 Şaban 1448
20270201|0642|0810|1324|1603|1828|1950|24 Şaban 1448
20270202|0641|0809|1324|1604|1829|1951|25 Şaban 1448
20270203|0640|0808|1324|1605|1830|1952|26 Şaban 1448
20270204|0640|0807|1324|1606|1832|1953|27 Şaban 1448
20270205|0639|0805|1324|1607|1833|1954|28 Şaban 1448
20270206|0638|0804|1324|1608|1834|1955|29 Şaban 1448
20270207|0637|0803|1324|1609|1835|1957|30 Şaban 1448
20270208|0636|0802|1324|1610|1837|1958|1 Ramazan 1448
20270209|0635|0801|1324|1611|1838|1959|2 Ramazan 1448
20270210|0634|0800|1324|1612|1839|2000|3 Ramazan 1448
20270211|0633|0759|1324|1613|1840|2001|4 Ramazan 1448
20270212|0632|0757|1324|1614|1842|2002|5 Ramazan 1448
20270213|0630|0756|1324|1615|1843|2003|6 Ramazan 1448
20270214|0629|0755|1324|1616|1844|2004|7 Ramazan 1448
20270215|0628|0754|1324|1617|1845|2005|8 Ramazan 1448
20270216|0627|0752|1324|1618|1847|2007|9 Ramazan 1448
20270217|0626|0751|1324|1619|1848|2008|10 Ramazan 1448
20270218|0624|0749|1324|1620|1849|2009|11 Ramazan 1448
20270219|0623|0748|1324|1621|1850|2010|12 Ramazan 1448
20270220|0622|0747|1324|1622|1851|2011|13 Ramazan 1448
20270221|0621|0745|1324|1622|1853|2012|14 Ramazan 1448
20270222|0619|0744|1324|1623|1854|2013|15 Ramazan 1448
20270223|0618|0742|1324|1624|1855|2014|16 Ramazan 1448
20270224|0616|0741|1324|1625|1856|2015|17 Ramazan 1448
20270225|0615|0740|1323|1626|1857|2017|18 Ramazan 1448
20270226|0614|0738|1323|1627|1859|2018|19 Ramazan 1448
20270227|0612|0737|1323|1627|1900|2019|20 Ramazan 1448
20270228|0611|0735|1323|1628|1901|2020|21 Ramazan 1448
20270301|0609|0733|1323|1629|1902|2021|22 Ramazan 1448
20270302|0608|0732|1323|1630|1903|2022|23 Ramazan 1448
20270303|0606|0730|1322|1631|1904|2023|24 Ramazan 1448
20270304|0605|0729|1322|1631|1905|2024|25 Ramazan 1448
20270305|0603|0727|1322|1632|1907|2026|26 Ramazan 1448
20270306|0601|0726|1322|1633|1908|2027|27 Ramazan 1448
20270307|0600|0724|1321|1633|1909|2028|28 Ramazan 1448
20270308|0558|0722|1321|1634|1910|2029|29 Ramazan 1448
20270309|0556|0721|1321|1635|1911|2030|1 Şevval 1448
20270310|0555|0719|1321|1635|1912|2031|2 Şevval 1448
20270311|0553|0718|1320|1636|1913|2032|3 Şevval 1448
20270312|0551|0716|1320|1637|1914|2034|4 Şevval 1448
20270313|0550|0714|1320|1637|1916|2035|5 Şevval 1448
20270314|0548|0713|1320|1638|1917|2036|6 Şevval 1448
20270315|0546|0711|1319|1639|1918|2037|7 Şevval 1448
20270316|0545|0709|1319|1639|1919|2038|8 Şevval 1448
20270317|0543|0708|1319|1640|1920|2039|9 Şevval 1448
20270318|0541|0706|1319|1640|1921|2041|10 Şevval 1448
20270319|0539|0704|1318|1641|1922|2042|11 Şevval 1448
20270320|0538|0703|1318|1642|1923|2043|12 Şevval 1448
20270321|0536|0701|1318|1642|1924|2044|13 Şevval 1448
20270322|0534|0659|1317|1643|1925|2045|14 Şevval 1448
20270323|0532|0658|1317|1643|1926|2047|15 Şevval 1448
20270324|0530|0656|1317|1644|1928|2048|16 Şevval 1448
20270325|0528|0654|1316|1644|1929|2049|17 Şevval 1448
20270326|0527|0653|1316|1645|1930|2050|18 Şevval 1448
20270327|0525|0651|1316|1645|1931|2051|19 Şevval 1448
20270328|0523|0649|1316|1646|1932|2053|20 Şevval 1448
20270329|0521|0648|1315|1646|1933|2054|21 Şevval 1448
20270330|0519|0646|1315|1647|1934|2055|22 Şevval 1448
20270331|0517|0644|1315|1647|1935|2056|23 Şevval 1448
20270401|0515|0643|1314|1647|1936|2058|24 Şevval 1448
20270402|0513|0641|1314|1648|1937|2059|25 Şevval 1448
20270403|0512|0639|1314|1648|1938|2100|26 Şevval 1448
20270404|0510|0638|1313|1649|1939|2102|27 Şevval 1448
20270405|0508|0636|1313|1649|1940|2103|28 Şevval 1448
20270406|0506|0634|1313|1649|1941|2104|29 Şevval 1448
20270407|0504|0633|1313|1650|1942|2105|30 Şevval 1448
20270408|0502|0631|1312|1650|1943|2107|1 Zilkade 1448
20270409|0500|0630|1312|1651|1945|2108|2 Zilkade 1448
20270410|0458|0628|1312|1651|1946|2109|3 Zilkade 1448
20270411|0456|0626|1312|1651|1947|2111|4 Zilkade 1448
20270412|0454|0625|1311|1652|1948|2112|5 Zilkade 1448
20270413|0452|0623|1311|1652|1949|2114|6 Zilkade 1448
20270414|0450|0622|1311|1652|1950|2115|7 Zilkade 1448
20270415|0449|0620|1310|1653|1951|2116|8 Zilkade 1448
20270416|0447|0619|1310|1653|1952|2118|9 Zilkade 1448
20270417|0445|0617|1310|1653|1953|2119|10 Zilkade 1448
20270418|0443|0615|1310|1654|1954|2121|11 Zilkade 1448
20270419|0441|0614|1310|1654|1955|2122|12 Zilkade 1448
20270420|0439|0612|1309|1654|1956|2123|13 Zilkade 1448
20270421|0437|0611|1309|1655|1957|2125|14 Zilkade 1448
20270422|0435|0610|1309|1655|1958|2126|15 Zilkade 1448
20270423|0433|0608|1309|1655|1959|2128|16 Zilkade 1448
20270424|0431|0607|1309|1656|2000|2129|17 Zilkade 1448
20270425|0430|0605|1308|1656|2002|2131|18 Zilkade 1448
20270426|0428|0604|1308|1656|2003|2132|19 Zilkade 1448
20270427|0426|0602|1308|1657|2004|2134|20 Zilkade 1448
20270428|0424|0601|1308|1657|2005|2135|21 Zilkade 1448
20270429|0422|0600|1308|1657|2006|2137|22 Zilkade 1448
20270430|0420|0558|1308|1658|2007|2138|23 Zilkade 1448
20270501|0418|0557|1307|1658|2008|2140|24 Zilkade 1448
20270502|0417|0556|1307|1658|2009|2141|25 Zilkade 1448
20270503|0415|0554|1307|1658|2010|2143|26 Zilkade 1448
20270504|0413|0553|1307|1659|2011|2144|27 Zilkade 1448
20270505|0411|0552|1307|1659|2012|2146|28 Zilkade 1448
20270506|0410|0551|1307|1659|2013|2147|29 Zilkade 1448
20270507|0408|0550|1307|1700|2014|2149|1 Zilhicce 1448
20270508|0406|0548|1307|1700|2015|2150|2 Zilhicce 1448
20270509|0404|0547|1307|1700|2016|2152|3 Zilhicce 1448
20270510|0403|0546|1307|1700|2017|2153|4 Zilhicce 1448
20270511|0401|0545|1307|1701|2018|2155|5 Zilhicce 1448
20270512|0359|0544|1307|1701|2019|2156|6 Zilhicce 1448
20270513|0358|0543|1307|1701|2020|2158|7 Zilhicce 1448
20270514|0356|0542|1307|1702|2021|2159|8 Zilhicce 1448
20270515|0355|0541|1307|1702|2022|2201|9 Zilhicce 1448
20270516|0353|0540|1307|1702|2023|2202|10 Zilhicce 1448
20270517|0352|0539|1307|1702|2024|2204|11 Zilhicce 1448
20270518|0350|0538|1307|1703|2025|2205|12 Zilhicce 1448
20270519|0349|0537|1307|1703|2026|2207|13 Zilhicce 1448
20270520|0347|0536|1307|1703|2027|2208|14 Zilhicce 1448
20270521|0346|0536|1307|1704|2028|2210|15 Zilhicce 1448
20270522|0345|0535|1307|1704|2029|2211|16 Zilhicce 1448
20270523|0343|0534|1307|1704|2030|2213|17 Zilhicce 1448
20270524|0342|0533|1307|1704|2031|2214|18 Zilhicce 1448
20270525|0341|0533|1307|1705|2032|2215|19 Zilhicce 1448
20270526|0340|0532|1307|1705|2033|2217|20 Zilhicce 1448
20270527|0338|0531|1307|1705|2033|2218|21 Zilhicce 1448
20270528|0337|0531|1307|1706|2034|2219|22 Zilhicce 1448
20270529|0336|0530|1308|1706|2035|2221|23 Zilhicce 1448
20270530|0335|0530|1308|1706|2036|2222|24 Zilhicce 1448
20270531|0334|0529|1308|1706|2037|2223|25 Zilhicce 1448
20270601|0333|0529|1308|1707|2037|2224|26 Zilhicce 1448
20270602|0332|0528|1308|1707|2038|2225|27 Zilhicce 1448
20270603|0331|0528|1308|1707|2039|2227|28 Zilhicce 1448
20270604|0331|0527|1309|1707|2040|2228|29 Zilhicce 1448
20270605|0330|0527|1309|1708|2040|2229|30 Zilhicce 1448
20270606|0329|0527|1309|1708|2041|2230|1 Muharrem 1449
20270607|0328|0526|1309|1708|2042|2231|2 Muharrem 1449
20270608|0328|0526|1309|1709|2042|2232|3 Muharrem 1449
20270609|0327|0526|1309|1709|2043|2232|4 Muharrem 1449
20270610|0327|0526|1310|1709|2043|2233|5 Muharrem 1449
20270611|0326|0526|1310|1709|2044|2234|6 Muharrem 1449
20270612|0326|0526|1310|1710|2044|2235|7 Muharrem 1449
20270613|0326|0526|1310|1710|2045|2236|8 Muharrem 1449
20270614|0325|0525|1310|1710|2045|2236|9 Muharrem 1449
20270615|0325|0525|1311|1710|2046|2237|10 Muharrem 1449
20270616|0325|0526|1311|1711|2046|2237|11 Muharrem 1449
20270617|0325|0526|1311|1711|2047|2238|12 Muharrem 1449
20270618|0325|0526|1311|1711|2047|2238|13 Muharrem 1449
20270619|0325|0526|1312|1711|2047|2239|14 Muharrem 1449
20270620|0325|0526|1312|1712|2048|2239|15 Muharrem 1449
20270621|0325|0526|1312|1712|2048|2239|16 Muharrem 1449
20270622|0325|0526|1312|1712|2048|2240|17 Muharrem 1449
20270623|0326|0527|1312|1712|2048|2240|18 Muharrem 1449
20270624|0326|0527|1313|1713|2048|2240|19 Muharrem 1449
20270625|0326|0527|1313|1713|2048|2240|20 Muharrem 1449
20270626|0327|0527|1313|1713|2049|2240|21 Muharrem 1449
20270627|0327|0528|1313|1713|2049|2240|22 Muharrem 1449
20270628|0328|0528|1313|1713|2049|2240|23 Muharrem 1449
20270629|0329|0529|1314|1713|2049|2239|24 Muharrem 1449
20270630|0329|0529|1314|1714|2049|2239|25 Muharrem 1449
20270701|0330|0530|1314|1714|2049|2239|26 Muharrem 1449
20270702|0331|0530|1314|1714|2048|2239|27 Muharrem 1449
20270703|0331|0531|1314|1714|2048|2238|28 Muharrem 1449
20270704|0332|0531|1315|1714|2048|2238|29 Muharrem 1449
20270705|0333|0532|1315|1714|2048|2237|1 Safer 1449
20270706|0334|0532|1315|1714|2048|2237|2 Safer 1449
20270707|0335|0533|1315|1714|2047|2236|3 Safer 1449
20270708|0336|0534|1315|1714|2047|2235|4 Safer 1449
20270709|0337|0534|1315|1714|2047|2235|5 Safer 1449
20270710|0338|0535|1316|1714|2046|2234|6 Safer 1449
20270711|0340|0536|1316|1715|2046|2233|7 Safer 1449
20270712|0341|0536|1316|1715|2045|2232|8 Safer 1449
20270713|0342|0537|1316|1715|2045|2231|9 Safer 1449
20270714|0343|0538|1316|1714|2044|2230|10 Safer 1449
20270715|0344|0539|1316|1714|2044|2229|11 Safer 1449
20270716|0346|0539|1316|1714|2043|2228|12 Safer 1449
20270717|0347|0540|1316|1714|2043|2227|13 Safer 1449
20270718|0348|0541|1316|1714|2042|2226|14 Safer 1449
20270719|0350|0542|1317|1714|2041|2225|15 Safer 1449
20270720|0351|0543|1317|1714|2041|2224|16 Safer 1449
20270721|0353|0544|1317|1714|2040|2223|17 Safer 1449
20270722|0354|0544|1317|1714|2039|2221|18 Safer 1449
20270723|0355|0545|1317|1714|2038|2220|19 Safer 1449
20270724|0357|0546|1317|1713|2037|2219|20 Safer 1449
20270725|0358|0547|1317|1713|2037|2217|21 Safer 1449
20270726|0400|0548|1317|1713|2036|2216|22 Safer 1449
20270727|0401|0549|1317|1713|2035|2215|23 Safer 1449
20270728|0403|0550|1317|1712|2034|2213|24 Safer 1449
20270729|0404|0551|1317|1712|2033|2212|25 Safer 1449
20270730|0406|0552|1317|1712|2032|2210|26 Safer 1449
20270731|0407|0553|1317|1711|2031|2209|27 Safer 1449
20270801|0409|0554|1317|1711|2030|2207|28 Safer 1449
20270802|0410|0555|1317|1711|2029|2205|29 Safer 1449
20270803|0412|0556|1317|1710|2028|2204|1 Rebiulevvel 1449
20270804|0413|0557|1316|1710|2026|2202|2 Rebiulevvel 1449
20270805|0415|0558|1316|1710|2025|2201|3 Rebiulevvel 1449
20270806|0417|0559|1316|1709|2024|2159|4 Rebiulevvel 1449
20270807|0418|0600|1316|1709|2023|2157|5 Rebiulevvel 1449
20270808|0420|0601|1316|1708|2022|2155|6 Rebiulevvel 1449
20270809|0421|0601|1316|1708|2020|2154|7 Rebiulevvel 1449
20270810|0423|0602|1316|1707|2019|2152|8 Rebiulevvel 1449
20270811|0424|0603|1316|1707|2018|2150|9 Rebiulevvel 1449
20270812|0426|0604|1315|1706|2016|2148|10 Rebiulevvel 1449
20270813|0427|0605|1315|1705|2015|2147|11 Rebiulevvel 1449
20270814|0429|0606|1315|1705|2014|2145|12 Rebiulevvel 1449
20270815|0430|0607|1315|1704|2012|2143|13 Rebiulevvel 1449
20270816|0432|0608|1315|1704|2011|2141|14 Rebiulevvel 1449
20270817|0433|0609|1315|1703|2010|2139|15 Rebiulevvel 1449
20270818|0434|0610|1314|1702|2008|2138|16 Rebiulevvel 1449
20270819|0436|0611|1314|1702|2007|2136|17 Rebiulevvel 1449
20270820|0437|0612|1314|1701|2005|2134|18 Rebiulevvel 1449
20270821|0439|0613|1314|1700|2004|2132|19 Rebiulevvel 1449
20270822|0440|0614|1313|1659|2002|2130|20 Rebiulevvel 1449
20270823|0442|0615|1313|1659|2001|2128|21 Rebiulevvel 1449
20270824|0443|0616|1313|1658|1959|2126|22 Rebiulevvel 1449
20270825|0444|0617|1313|1657|1958|2124|23 Rebiulevvel 1449
20270826|0446|0618|1312|1656|1956|2123|24 Rebiulevvel 1449
20270827|0447|0619|1312|1655|1955|2121|25 Rebiulevvel 1449
20270828|0449|0620|1312|1654|1953|2119|26 Rebiulevvel 1449
20270829|0450|0621|1311|1654|1951|2117|27 Rebiulevvel 1449
20270830|0451|0622|1311|1653|1950|2115|28 Rebiulevvel 1449
20270831|0453|0623|1311|1652|1948|2113|29 Rebiulevvel 1449
20270901|0454|0624|1311|1651|1947|2111|30 Rebiulevvel 1449
20270902|0455|0625|1310|1650|1945|2109|1 Rebiulahir 1449
20270903|0457|0626|1310|1649|1943|2107|2 Rebiulahir 1449
20270904|0458|0627|1310|1648|1942|2105|3 Rebiulahir 1449
20270905|0459|0628|1309|1647|1940|2103|4 Rebiulahir 1449
20270906|0500|0629|1309|1646|1938|2101|5 Rebiulahir 1449
20270907|0502|0630|1309|1645|1937|2100|6 Rebiulahir 1449
20270908|0503|0631|1308|1644|1935|2058|7 Rebiulahir 1449
20270909|0504|0632|1308|1643|1933|2056|8 Rebiulahir 1449
20270910|0505|0633|1308|1642|1932|2054|9 Rebiulahir 1449
20270911|0507|0634|1307|1641|1930|2052|10 Rebiulahir 1449
20270912|0508|0635|1307|1640|1928|2050|11 Rebiulahir 1449
20270913|0509|0636|1306|1639|1927|2048|12 Rebiulahir 1449
20270914|0510|0637|1306|1638|1925|2046|13 Rebiulahir 1449
20270915|0512|0638|1306|1637|1923|2044|14 Rebiulahir 1449
20270916|0513|0639|1305|1635|1922|2042|15 Rebiulahir 1449
20270917|0514|0640|1305|1634|1920|2041|16 Rebiulahir 1449
20270918|0515|0641|1305|1633|1918|2039|17 Rebiulahir 1449
20270919|0516|0642|1304|1632|1916|2037|18 Rebiulahir 1449
20270920|0517|0643|1304|1631|1915|2035|19 Rebiulahir 1449
20270921|0519|0644|1304|1630|1913|2033|20 Rebiulahir 1449
20270922|0520|0645|1303|1629|1911|2031|21 Rebiulahir 1449
20270923|0521|0646|1303|1627|1910|2029|22 Rebiulahir 1449
20270924|0522|0647|1303|1626|1908|2028|23 Rebiulahir 1449
20270925|0523|0648|1302|1625|1906|2026|24 Rebiulahir 1449
20270926|0524|0649|1302|1624|1905|2024|25 Rebiulahir 1449
20270927|0525|0650|1302|1623|1903|2022|26 Rebiulahir 1449
20270928|0526|0651|1301|1621|1901|2020|27 Rebiulahir 1449
20270929|0528|0652|1301|1620|1859|2019|28 Rebiulahir 1449
20270930|0529|0653|1300|1619|1858|2017|29 Rebiulahir 1449
20271001|0530|0654|1300|1618|1856|2015|1 Cemaziyelevvel 1449
20271002|0531|0655|1300|1617|1854|2014|2 Cemaziyelevvel 1449
20271003|0532|0656|1300|1615|1853|2012|3 Cemaziyelevvel 1449
20271004|0533|0657|1259|1614|1851|2010|4 Cemaziyelevvel 1449
20271005|0534|0658|1259|1613|1849|2008|5 Cemaziyelevvel 1449
20271006|0535|0659|1259|1612|1848|2007|6 Cemaziyelevvel 1449
20271007|0536|0701|1258|1611|1846|2005|7 Cemaziyelevvel 1449
20271008|0537|0702|1258|1609|1845|2003|8 Cemaziyelevvel 1449
20271009|0538|0703|1258|1608|1843|2002|9 Cemaziyelevvel 1449
20271010|0539|0704|1257|1607|1841|2000|10 Cemaziyelevvel 1449
20271011|0540|0705|1257|1606|1840|1959|11 Cemaziyelevvel 1449
20271012|0542|0706|1257|1605|1838|1957|12 Cemaziyelevvel 1449
20271013|0543|0707|1257|1603|1836|1956|13 Cemaziyelevvel 1449
20271014|0544|0708|1256|1602|1835|1954|14 Cemaziyelevvel 1449
20271015|0545|0709|1256|1601|1833|1952|15 Cemaziyelevvel 1449
20271016|0546|0710|1256|1600|1832|1951|16 Cemaziyelevvel 1449
20271017|0547|0711|1256|1559|1830|1949|17 Cemaziyelevvel 1449
20271018|0548|0712|1256|1557|1829|1948|18 Cemaziyelevvel 1449
20271019|0549|0713|1255|1556|1827|1947|19 Cemaziyelevvel 1449
20271020|0550|0715|1255|1555|1826|1945|20 Cemaziyelevvel 1449
20271021|0551|0716|1255|1554|1824|1944|21 Cemaziyelevvel 1449
20271022|0552|0717|1255|1553|1823|1942|22 Cemaziyelevvel 1449
20271023|0553|0718|1255|1552|1821|1941|23 Cemaziyelevvel 1449
20271024|0554|0719|1255|1551|1820|1940|24 Cemaziyelevvel 1449
20271025|0555|0720|1254|1550|1819|1938|25 Cemaziyelevvel 1449
20271026|0556|0721|1254|1548|1817|1937|26 Cemaziyelevvel 1449
20271027|0557|0723|1254|1547|1816|1936|27 Cemaziyelevvel 1449
20271028|0558|0724|1254|1546|1815|1935|28 Cemaziyelevvel 1449
20271029|0559|0725|1254|1545|1813|1933|29 Cemaziyelevvel 1449
20271030|0600|0726|1254|1544|1812|1932|30 Cemaziyelevvel 1449
20271031|0601|0727|1254|1543|1811|1931|1 Cemaziyelahir 1449
20271101|0602|0728|1254|1542|1809|1930|2 Cemaziyelahir 1449
20271102|0604|0730|1254|1541|1808|1929|3 Cemaziyelahir 1449
20271103|0605|0731|1254|1540|1807|1928|4 Cemaziyelahir 1449
20271104|0606|0732|1254|1539|1806|1927|5 Cemaziyelahir 1449
20271105|0607|0733|1254|1538|1805|1926|6 Cemaziyelahir 1449
20271106|0608|0734|1254|1537|1803|1925|7 Cemaziyelahir 1449
20271107|0609|0736|1254|1537|1802|1924|8 Cemaziyelahir 1449
20271108|0610|0737|1254|1536|1801|1923|9 Cemaziyelahir 1449
20271109|0611|0738|1254|1535|1800|1922|10 Cemaziyelahir 1449
20271110|0612|0739|1254|1534|1759|1921|11 Cemaziyelahir 1449
20271111|0613|0740|1254|1533|1758|1920|12 Cemaziyelahir 1449
20271112|0614|0741|1254|1533|1757|1919|13 Cemaziyelahir 1449
20271113|0615|0743|1254|1532|1756|1919|14 Cemaziyelahir 1449
20271114|0616|0744|1255|1531|1755|1918|15 Cemaziyelahir 1449
20271115|0617|0745|1255|1530|1754|1917|16 Cemaziyelahir 1449
20271116|0618|0746|1255|1530|1754|1917|17 Cemaziyelahir 1449
20271117|0619|0747|1255|1529|1753|1916|18 Cemaziyelahir 1449
20271118|0620|0749|1255|1528|1752|1915|19 Cemaziyelahir 1449
20271119|0621|0750|1255|1528|1751|1915|20 Cemaziyelahir 1449
20271120|0622|0751|1256|1527|1751|1914|21 Cemaziyelahir 1449
20271121|0623|0752|1256|1527|1750|1914|22 Cemaziyelahir 1449
20271122|0624|0753|1256|1526|1749|1913|23 Cemaziyelahir 1449
20271123|0625|0754|1256|1526|1749|1913|24 Cemaziyelahir 1449
20271124|0626|0756|1257|1525|1748|1912|25 Cemaziyelahir 1449
20271125|0627|0757|1257|1525|1747|1912|26 Cemaziyelahir 1449
20271126|0628|0758|1257|1525|1747|1911|27 Cemaziyelahir 1449
20271127|0629|0759|1258|1524|1746|1911|28 Cemaziyelahir 1449
20271128|0630|0800|1258|1524|1746|1911|29 Cemaziyelahir 1449
20271129|0631|0801|1258|1524|1746|1911|1 Recep 1449
20271130|0632|0802|1259|1523|1745|1910|2 Recep 1449
20271201|0632|0803|1259|1523|1745|1910|3 Recep 1449
20271202|0633|0804|1259|1523|1745|1910|4 Recep 1449
20271203|0634|0805|1300|1523|1744|1910|5 Recep 1449
20271204|0635|0806|1300|1523|1744|1910|6 Recep 1449
20271205|0636|0807|1301|1523|1744|1910|7 Recep 1449
20271206|0637|0808|1301|1523|1744|1910|8 Recep 1449
20271207|0638|0809|1301|1523|1744|1910|9 Recep 1449
20271208|0638|0810|1302|1523|1744|1910|10 Recep 1449
20271209|0639|0811|1302|1523|1744|1910|11 Recep 1449
20271210|0640|0812|1303|1523|1744|1910|12 Recep 1449
20271211|0641|0813|1303|1523|1744|1910|13 Recep 1449
20271212|0641|0813|1304|1523|1744|1910|14 Recep 1449
20271213|0642|0814|1304|1523|1744|1911|15 Recep 1449
20271214|0643|0815|1305|1524|1744|1911|16 Recep 1449
20271215|0643|0816|1305|1524|1744|1911|17 Recep 1449
20271216|0644|0816|1306|1524|1745|1911|18 Recep 1449
20271217|0645|0817|1306|1524|1745|1912|19 Recep 1449
20271218|0645|0818|1306|1525|1745|1912|20 Recep 1449
20271219|0646|0818|1307|1525|1746|1912|21 Recep 1449
20271220|0647|0819|1307|1526|1746|1913|22 Recep 1449
20271221|0647|0819|1308|1526|1747|1913|23 Recep 1449
20271222|0648|0820|1308|1527|1747|1914|24 Recep 1449
20271223|0648|0820|1309|1527|1748|1914|25 Recep 1449
20271224|0649|0821|1309|1528|1748|1915|26 Recep 1449
20271225|0649|0821|1310|1528|1749|1915|27 Recep 1449
20271226|0649|0822|1310|1529|1749|1916|28 Recep 1449
20271227|0650|0822|1311|1529|1750|1917|29 Recep 1449
20271228|0650|0822|1311|1530|1751|1917|30 Recep 1449
20271229|0650|0823|1312|1531|1751|1918|1 Şaban 1449
20271230|0651|0823|1312|1531|1752|1919|2 Şaban 1449
20271231|0651|0823|1313|1532|1753|1919|3 Şaban 1449
#@9541|İstanbul|ISTANBUL|730
20260101|0650|0822|1312|1532|1753|1919|12 Recep 1447
20260102|0650|0822|1313|1533|1754|1920|13 Recep 1447
20260103|0650|0822|1313|1534|1755|1921|14 Recep 1447
20260104|0651|0822|1314|1534|1755|1922|15 Recep 1447
20260105|0651|0822|1314|1535|1756|1922|16 Recep 1447
20260106|0651|0822|1315|1536|1757|1923|17 Recep 1447
20260107|0651|0822|1315|1537|1758|1924|18 Recep 1447
20260108|0651|0822|1316|1538|1759|1925|19 Recep 1447
20260109|0651|0822|1316|1539|1800|1926|20 Recep 1447
20260110|0651|0822|1316|1540|1801|1927|21 Recep 1447
20260111|0651|0821|1317|1541|1802|1928|22 Recep 1447
20260112|0650|0821|1317|1542|1803|1929|23 Recep 1447
20260113|0650|0821|1318|1543|1804|1930|24 Recep 1447
20260114|0650|0820|1318|1544|1806|1930|25 Recep 1447
20260115|0650|0820|1318|1545|1807|1931|26 Recep 1447
20260116|0650|0820|1319|1546|1808|1932|27 Recep 1447
20260117|0649|0819|1319|1547|1809|1933|28 Recep 1447
20260118|0649|0819|1319|1548|1810|1934|29 Recep 1447
20260119|0649|0818|1320|1549|1811|1935|30 Recep 1447
20260120|0648|0818|1320|1550|1812|1936|1 Şaban 1447
20260121|0648|0817|1320|1551|1814|1937|2 Şaban 1447
20260122|0647|0816|1321|1552|1815|1938|3 Şaban 1447
20260123|0647|0816|1321|1553|1816|1940|4 Şaban 1447
20260124|0646|0815|1321|1554|1817|1941|5 Şaban 1447
20260125|0646|0814|1321|1555|1818|1942|6 Şaban 1447
20260126|0645|0813|1322|1556|1820|1943|7 Şaban 1447
20260127|0644|0813|1322|1557|1821|1944|8 Şaban 1447
20260128|0644|0812|1322|1558|1822|1945|9 Şaban 1447
20260129|0643|0811|1322|1559|1823|1946|10 Şaban 1447
20260130|0642|0810|1322|1600|1825|1947|11 Şaban 1447
20260131|0642|0809|1322|1601|1826|1948|12 Şaban 1447
20260201|0641|0808|1323|1602|1827|1949|13 Şaban 1447
20260202|0640|0807|1323|1603|1828|1950|14 Şaban 1447
20260203|0639|0806|1323|1604|1830|1951|15 Şaban 1447
20260204|0638|0805|1323|1605|1831|1952|16 Şaban 1447
20260205|0637|0804|1323|1606|1832|1953|17 Şaban 1447
20260206|0636|0803|1323|1607|1833|1955|18 Şaban 1447
20260207|0635|0802|1323|1608|1835|1956|19 Şaban 1447
20260208|0634|0801|1323|1609|1836|1957|20 Şaban 1447
20260209|0633|0800|1323|1610|1837|1958|21 Şaban 1447
20260210|0632|0758|1323|1611|1838|1959|22 Şaban 1447
20260211|0631|0757|1323|1612|1840|2000|23 Şaban 1447
20260212|0630|0756|1323|1613|1841|2001|24 Şaban 1447
20260213|0629|0755|1323|1614|1842|2002|25 Şaban 1447
20260214|0628|0753|1323|1615|1843|2003|26 Şaban 1447
20260215|0627|0752|1323|1616|1844|2005|27 Şaban 1447
20260216|0625|0751|1323|1617|1846|2006|28 Şaban 1447
20260217|0624|0749|1323|1618|1847|2007|29 Şaban 1447
20260218|0623|0748|1323|1619|1848|2008|30 Şaban 1447
20260219|0622|0747|1323|1620|1849|2009|1 Ramazan 1447
20260220|0620|0745|1323|1621|1851|2010|2 Ramazan 1447
20260221|0619|0744|1323|1621|1852|2011|3 Ramazan 1447
20260222|0618|0742|1323|1622|1853|2012|4 Ramazan 1447
20260223|0616|0741|1322|1623|1854|2013|5 Ramazan 1447
20260224|0615|0739|1322|1624|1855|2015|6 Ramazan 1447
20260225|0613|0738|1322|1625|1856|2016|7 Ramazan 1447
20260226|0612|0736|1322|1626|1858|2017|8 Ramazan 1447
20260227|0611|0735|1322|1626|1859|2018|9 Ramazan 1447
20260228|0609|0733|1322|1627|1900|2019|10 Ramazan 1447
20260301|0608|0732|1322|1628|1901|2020|11 Ramazan 1447
20260302|0606|0730|1321|1629|1902|2021|12 Ramazan 1447
20260303|0605|0729|1321|1630|1903|2022|13 Ramazan 1447
20260304|0603|0727|1321|1630|1905|2024|14 Ramazan 1447
20260305|0601|0726|1321|1631|1906|2025|15 Ramazan 1447
20260306|0600|0724|1320|1632|1907|2026|16 Ramazan 1447
20260307|0558|0723|1320|1632|1908|2027|17 Ramazan 1447
20260308|0557|0721|1320|1633|1909|2028|18 Ramazan 1447
20260309|0555|0719|1320|1634|1910|2029|19 Ramazan 1447
20260310|0553|0718|1319|1634|1911|2030|20 Ramazan 1447
20260311|0552|0716|1319|1635|1912|2031|21 Ramazan 1447
20260312|0550|0714|1319|1636|1914|2033|22 Ramazan 1447
20260313|0548|0713|1319|1636|1915|2034|23 Ramazan 1447
20260314|0547|0711|1318|1637|1916|2035|24 Ramazan 1447
20260315|0545|0709|1318|1638|1917|2036|25 Ramazan 1447
20260316|0543|0708|1318|1638|1918|2037|26 Ramazan 1447
20260317|0541|0706|1318|1639|1919|2038|27 Ramazan 1447
20260318|0540|0704|1317|1639|1920|2040|28 Ramazan 1447
20260319|0538|0703|1317|1640|1921|2041|29 Ramazan 1447
20260320|0536|0701|1317|1641|1922|2042|1 Şevval 1447
20260321|0534|0659|1316|1641|1923|2043|2 Şevval 1447
20260322|0532|0658|1316|1642|1924|2044|3 Şevval 1447
20260323|0531|0656|1316|1642|1926|2046|4 Şevval 1447
20260324|0529|0654|1316|1643|1927|2047|5 Şevval 1447
20260325|0527|0653|1315|1643|1928|2048|6 Şevval 1447
20260326|0525|0651|1315|1644|1929|2049|7 Şevval 1447
20260327|0523|0649|1315|1644|1930|2051|8 Şevval 1447
20260328|0521|0648|1314|1645|1931|2052|9 Şevval 1447
20260329|0519|0646|1314|1645|1932|2053|10 Şevval 1447
20260330|0518|0644|1314|1645|1933|2054|11 Şevval 1447
20260331|0516|0643|1313|1646|1934|2056|12 Şevval 1447
20260401|0514|0641|1313|1646|1935|2057|13 Şevval 1447
20260402|0512|0639|1313|1647|1936|2058|14 Şevval 1447
20260403|0510|0638|1313|1647|1937|2059|15 Şevval 1447
20260404|0508|0636|1312|1648|1938|2101|16 Şevval 1447
20260405|0506|0635|1312|1648|1939|2102|17 Şevval 1447
20260406|0504|0633|1312|1648|1940|2103|18 Şevval 1447
20260407|0502|0631|1311|1649|1942|2105|19 Şevval 1447
20260408|0500|0630|1311|1649|1943|2106|20 Şevval 1447
20260409|0458|0628|1311|1650|1944|2107|21 Şevval 1447
20260410|0457|0626|1311|1650|1945|2109|22 Şevval 1447
20260411|0455|0625|1310|1650|1946|2110|23 Şevval 1447
20260412|0453|0623|1310|1651|1947|2111|24 Şevval 1447
20260413|0451|0622|1310|1651|1948|2113|25 Şevval 1447
20260414|0449|0620|1310|1651|1949|2114|26 Şevval 1447
20260415|0447|0619|1309|1652|1950|2115|27 Şevval 1447
20260416|0445|0617|1309|1652|1951|2117|28 Şevval 1447
20260417|0443|0615|1309|1652|1952|2118|29 Şevval 1447
20260418|0441|0614|1309|1653|1953|2120|1 Zilkade 1447
20260419|0439|0612|1308|1653|1954|2121|2 Zilkade 1447
20260420|0437|0611|1308|1653|1955|2123|3 Zilkade 1447
20260421|0435|0609|1308|1654|1956|2124|4 Zilkade 1447
20260422|0434|0608|1308|1654|1957|2125|5 Zilkade 1447
20260423|0432|0607|1308|1654|1959|2127|6 Zilkade 1447
20260424|0430|0605|1307|1655|2000|2128|7 Zilkade 1447
20260425|0428|0604|1307|1655|2001|2130|8 Zilkade 1447
20260426|0426|0602|1307|1655|2002|2131|9 Zilkade 1447
20260427|0424|0601|1307|1656|2003|2133|10 Zilkade 1447
20260428|0422|0600|1307|1656|2004|2134|11 Zilkade 1447
20260429|0421|0558|1307|1656|2005|2136|12 Zilkade 1447
20260430|0419|0557|1306|1656|2006|2137|13 Zilkade 1447
20260501|0417|0556|1306|1657|2007|2139|14 Zilkade 1447
20260502|0415|0554|1306|1657|2008|2140|15 Zilkade 1447
20260503|0413|0553|1306|1657|2009|2142|16 Zilkade 1447
20260504|0412|0552|1306|1658|2010|2143|17 Zilkade 1447
20260505|0410|0551|1306|1658|2011|2145|18 Zilkade 1447
20260506|0408|0549|1306|1658|2012|2146|19 Zilkade 1447
20260507|0406|0548|1306|1658|2013|2148|20 Zilkade 1447
20260508|0405|0547|1306|1659|2014|2149|21 Zilkade 1447
20260509|0403|0546|1306|1659|2015|2151|22 Zilkade 1447
20260510|0401|0545|1306|1659|2016|2153|23 Zilkade 1447
20260511|0400|0544|1306|1700|2017|2154|24 Zilkade 1447
20260512|0358|0543|1305|1700|2018|2156|25 Zilkade 1447
20260513|0356|0542|1305|1700|2019|2157|26 Zilkade 1447
20260514|0355|0541|1305|1700|2020|2159|27 Zilkade 1447
20260515|0353|0540|1305|1701|2021|2200|28 Zilkade 1447
20260516|0352|0539|1305|1701|2022|2202|29 Zilkade 1447
20260517|0350|0538|1306|1701|2023|2203|30 Zilkade 1447
20260518|0349|0537|1306|1702|2024|2205|1 Zilhicce 1447
20260519|0347|0536|1306|1702|2025|2206|2 Zilhicce 1447
20260520|0346|0535|1306|1702|2026|2207|3 Zilhicce 1447
20260521|0345|0534|1306|1702|2027|2209|4 Zilhicce 1447
20260522|0343|0534|1306|1703|2028|2210|5 Zilhicce 1447
20260523|0342|0533|1306|1703|2029|2212|6 Zilhicce 1447
20260524|0341|0532|1306|1703|2030|2213|7 Zilhicce 1447
20260525|0339|0531|1306|1704|2031|2214|8 Zilhicce 1447
20260526|0338|0531|1306|1704|2032|2216|9 Zilhicce 1447
20260527|0337|0530|1306|1704|2032|2217|10 Zilhicce 1447
20260528|0336|0529|1306|1704|2033|2218|11 Zilhicce 1447
20260529|0335|0529|1306|1705|2034|2220|12 Zilhicce 1447
20260530|0334|0528|1307|1705|2035|2221|13 Zilhicce 1447
20260531|0333|0528|1307|1705|2036|2222|14 Zilhicce 1447
20260601|0332|0527|1307|1706|2036|2223|15 Zilhicce 1447
20260602|0331|0527|1307|1706|2037|2224|16 Zilhicce 1447
20260603|0330|0527|1307|1706|2038|2226|17 Zilhicce 1447
20260604|0329|0526|1307|1706|2039|2227|18 Zilhicce 1447
20260605|0329|0526|1308|1707|2039|2228|19 Zilhicce 1447
20260606|0328|0526|1308|1707|2040|2229|20 Zilhicce 1447
20260607|0327|0525|1308|1707|2041|2230|21 Zilhicce 1447
20260608|0327|0525|1308|1707|2041|2231|22 Zilhicce 1447
20260609|0326|0525|1308|1708|2042|2231|23 Zilhicce 1447
20260610|0326|0525|1308|1708|2042|2232|24 Zilhicce 1447
20260611|0325|0525|1309|1708|2043|2233|25 Zilhicce 1447
20260612|0325|0524|1309|1709|2043|2234|26 Zilhicce 1447
20260613|0324|0524|1309|1709|2044|2234|27 Zilhicce 1447
20260614|0324|0524|1309|1709|2044|2235|28 Zilhicce 1447
20260615|0324|0524|1310|1709|2045|2236|29 Zilhicce 1447
20260616|0324|0524|1310|1710|2045|2236|1 Muharrem 1448
20260617|0324|0524|1310|1710|2045|2237|2 Muharrem 1448
20260618|0324|0525|1310|1710|2046|2237|3 Muharrem 1448
20260619|0324|0525|1310|1710|2046|2238|4 Muharrem 1448
20260620|0324|0525|1311|1711|2046|2238|5 Muharrem 1448
20260621|0324|0525|1311|1711|2047|2238|6 Muharrem 1448
20260622|0324|0525|1311|1711|2047|2238|7 Muharrem 1448
20260623|0325|0526|1311|1711|2047|2238|8 Muharrem 1448
20260624|0325|0526|1311|1711|2047|2239|9 Muharrem 1448
20260625|0325|0526|1312|1712|2047|2239|10 Muharrem 1448
20260626|0326|0526|1312|1712|2047|2239|11 Muharrem 1448
20260627|0326|0527|1312|1712|2047|2239|12 Muharrem 1448
20260628|0327|0527|1312|1712|2047|2238|13 Muharrem 1448
20260629|0328|0528|1313|1712|2047|2238|14 Muharrem 1448
20260630|0328|0528|1313|1712|2047|2238|15 Muharrem 1448
20260701|0329|0529|1313|1713|2047|2238|16 Muharrem 1448
20260702|0330|0529|1313|1713|2047|2237|17 Muharrem 1448
20260703|0331|0530|1313|1713|2047|2237|18 Muharrem 1448
20260704|0331|0530|1313|1713|2047|2236|19 Muharrem 1448
20260705|0332|0531|1314|1713|2047|2236|20 Muharrem 1448
20260706|0333|0531|1314|1713|2046|2235|21 Muharrem 1448
20260707|0334|0532|1314|1713|2046|2235|22 Muharrem 1448
20260708|0335|0533|1314|1713|2046|2234|23 Muharrem 1448
20260709|0336|0533|1314|1713|2045|2233|24 Muharrem 1448
20260710|0338|0534|1314|1713|2045|2233|25 Muharrem 1448
20260711|0339|0535|1315|1713|2045|2232|26 Muharrem 1448
20260712|0340|0535|1315|1713|2044|2231|27 Muharrem 1448
20260713|0341|0536|1315|1713|2044|2230|28 Muharrem 1448
20260714|0342|0537|1315|1713|2043|2229|29 Muharrem 1448
20260715|0344|0538|1315|1713|2043|2228|1 Safer 1448
20260716|0345|0538|1315|1713|2042|2227|2 Safer 1448
20260717|0346|0539|1315|1713|2041|2226|3 Safer 1448
20260718|0348|0540|1315|1713|2041|2225|4 Safer 1448
20260719|0349|0541|1315|1713|2040|2224|5 Safer 1448
20260720|0350|0542|1315|1713|2039|2222|6 Safer 1448
20260721|0352|0543|1316|1713|2038|2221|7 Safer 1448
20260722|0353|0544|1316|1712|2038|2220|8 Safer 1448
20260723|0355|0544|1316|1712|2037|2219|9 Safer 1448
20260724|0356|0545|1316|1712|2036|2217|10 Safer 1448
20260725|0358|0546|1316|1712|2035|2216|11 Safer 1448
20260726|0359|0547|1316|1712|2034|2214|12 Safer 1448
20260727|0401|0548|1316|1711|2033|2213|13 Safer 1448
20260728|0402|0549|1316|1711|2032|2212|14 Safer 1448
20260729|0404|0550|1316|1711|2031|2210|15 Safer 1448
20260730|0405|0551|1316|1711|2030|2209|16 Safer 1448
20260731|0407|0552|1316|1710|2029|2207|17 Safer 1448
20260801|0408|0553|1316|1710|2028|2205|18 Safer 1448
20260802|0410|0554|1315|1709|2027|2204|19 Safer 1448
20260803|0411|0555|1315|1709|2026|2202|20 Safer 1448
20260804|0413|0556|1315|1709|2025|2201|21 Safer 1448
20260805|0414|0557|1315|1708|2024|2159|22 Safer 1448
20260806|0416|0558|1315|1708|2023|2157|23 Safer 1448
20260807|0417|0559|1315|1707|2021|2156|24 Safer 1448
20260808|0419|0600|1315|1707|2020|2154|25 Safer 1448
20260809|0420|0601|1315|1706|2019|2152|26 Safer 1448
20260810|0422|0602|1315|1706|2018|2150|27 Safer 1448
20260811|0423|0603|1314|1705|2016|2149|28 Safer 1448
20260812|0425|0604|1314|1705|2015|2147|29 Safer 1448
20260813|0426|0605|1314|1704|2014|2145|30 Safer 1448
20260814|0428|0606|1314|1703|2012|2143|1 Rebiulevvel 1448
20260815|0429|0607|1314|1703|2011|2141|2 Rebiulevvel 1448
20260816|0431|0608|1314|1702|2010|2140|3 Rebiulevvel 1448
20260817|0432|0609|1313|1702|2008|2138|4 Rebiulevvel 1448
20260818|0434|0610|1313|1701|2007|2136|5 Rebiulevvel 1448
20260819|0435|0611|1313|1700|2005|2134|6 Rebiulevvel 1448
20260820|0437|0612|1313|1659|2004|2132|7 Rebiulevvel 1448
20260821|0438|0613|1312|1659|2002|2130|8 Rebiulevvel 1448
20260822|0439|0614|1312|1658|2001|2128|9 Rebiulevvel 1448
20260823|0441|0615|1312|1657|1959|2127|10 Rebiulevvel 1448
20260824|0442|0616|1312|1656|1958|2125|11 Rebiulevvel 1448
20260825|0444|0617|1311|1656|1956|2123|12 Rebiulevvel 1448
20260826|0445|0618|1311|1655|1955|2121|13 Rebiulevvel 1448
20260827|0446|0619|1311|1654|1953|2119|14 Rebiulevvel 1448
20260828|0448|0620|1310|1653|1952|2117|15 Rebiulevvel 1448
20260829|0449|0620|1310|1652|1950|2115|16 Rebiulevvel 1448
20260830|0450|0621|1310|1651|1948|2113|17 Rebiulevvel 1448
20260831|0452|0622|1310|1650|1947|2111|18 Rebiulevvel 1448
20260901|0453|0623|1309|1649|1945|2109|19 Rebiulevvel 1448
20260902|0454|0624|1309|1649|1943|2107|20 Rebiulevvel 1448
20260903|0456|0625|1309|1648|1942|2106|21 Rebiulevvel 1448
20260904|0457|0626|1308|1647|1940|2104|22 Rebiulevvel 1448
20260905|0458|0627|1308|1646|1939|2102|23 Rebiulevvel 1448
20260906|0500|0628|1308|1645|1937|2100|24 Rebiulevvel 1448
20260907|0501|0629|1307|1644|1935|2058|25 Rebiulevvel 1448
20260908|0502|0630|1307|1643|1934|2056|26 Rebiulevvel 1448
20260909|0503|0631|1307|1642|1932|2054|27 Rebiulevvel 1448
20260910|0505|0632|1306|1641|1930|2052|28 Rebiulevvel 1448
20260911|0506|0633|1306|1639|1929|2050|29 Rebiulevvel 1448
20260912|0507|0634|1306|1638|1927|2048|1 Rebiulahir 1448
20260913|0508|0635|1305|1637|1925|2046|2 Rebiulahir 1448
20260914|0509|0636|1305|1636|1923|2045|3 Rebiulahir 1448
20260915|0511|0637|1304|1635|1922|2043|4 Rebiulahir 1448
20260916|0512|0638|1304|1634|1920|2041|5 Rebiulahir 1448
20260917|0513|0639|1304|1633|1918|2039|6 Rebiulahir 1448
20260918|0514|0640|1303|1632|1917|2037|7 Rebiulahir 1448
20260919|0515|0641|1303|1631|1915|2035|8 Rebiulahir 1448
20260920|0517|0642|1303|1629|1913|2033|9 Rebiulahir 1448
20260921|0518|0643|1302|1628|1911|2032|10 Rebiulahir 1448
20260922|0519|0644|1302|1627|1910|2030|11 Rebiulahir 1448
20260923|0520|0645|1302|1626|1908|2028|12 Rebiulahir 1448
20260924|0521|0646|1301|1625|1906|2026|13 Rebiulahir 1448
20260925|0522|0647|1301|1624|1905|2024|14 Rebiulahir 1448
20260926|0523|0648|1301|1622|1903|2022|15 Rebiulahir 1448
20260927|0524|0649|1300|1621|1901|2021|16 Rebiulahir 1448
20260928|0526|0650|1300|1620|1900|2019|17 Rebiulahir 1448
20260929|0527|0651|1300|1619|1858|2017|18 Rebiulahir 1448
20260930|0528|0652|1259|1618|1856|2015|19 Rebiulahir 1448
20261001|0529|0653|1259|1616|1855|2014|20 Rebiulahir 1448
20261002|0530|0654|1259|1615|1853|2012|21 Rebiulahir 1448
20261003|0531|0655|1258|1614|1851|2010|22 Rebiulahir 1448
20261004|0532|0656|1258|1613|1850|2009|23 Rebiulahir 1448
20261005|0533|0657|1258|1612|1848|2007|24 Rebiulahir 1448
20261006|0534|0659|1257|1610|1846|2005|25 Rebiulahir 1448
20261007|0535|0700|1257|1609|1845|2004|26 Rebiulahir 1448
20261008|0536|0701|1257|1608|1843|2002|27 Rebiulahir 1448
20261009|0537|0702|1257|1607|1841|2000|28 Rebiulahir 1448
20261010|0539|0703|1256|1605|1840|1959|29 Rebiulahir 1448
20261011|0540|0704|1256|1604|1838|1957|30 Rebiulahir 1448
20261012|0541|0705|1256|1603|1837|1956|1 Cemaziyelevvel 1448
20261013|0542|0706|1255|1602|1835|1954|2 Cemaziyelevvel 1448
20261014|0543|0707|1255|1601|1833|1952|3 Cemaziyelevvel 1448
20261015|0544|0708|1255|1600|1832|1951|4 Cemaziyelevvel 1448
20261016|0545|0709|1255|1558|1830|1949|5 Cemaziyelevvel 1448
20261017|0546|0710|1255|1557|1829|1948|6 Cemaziyelevvel 1448
20261018|0547|0711|1254|1556|1827|1947|7 Cemaziyelevvel 1448
20261019|0548|0713|1254|1555|1826|1945|8 Cemaziyelevvel 1448
20261020|0549|0714|1254|1554|1824|1944|9 Cemaziyelevvel 1448
20261021|0550|0715|1254|1553|1823|1942|10 Cemaziyelevvel 1448
20261022|0551|0716|1254|1551|1821|1941|11 Cemaziyelevvel 1448
20261023|0552|0717|1253|1550|1820|1940|12 Cemaziyelevvel 1448
20261024|0553|0718|1253|1549|1819|1938|13 Cemaziyelevvel 1448
20261025|0554|0719|1253|1548|1817|1937|14 Cemaziyelevvel 1448
20261026|0555|0721|1253|1547|1816|1936|15 Cemaziyelevvel 1448
20261027|0556|0722|1253|1546|1814|1934|16 Cemaziyelevvel 1448
20261028|0557|0723|1253|1545|1813|1933|17 Cemaziyelevvel 1448
20261029|0558|0724|1253|1544|1812|1932|18 Cemaziyelevvel 1448
20261030|0559|0725|1253|1543|1810|1931|19 Cemaziyelevvel 1448
20261031|0601|0726|1253|1542|1809|1930|20 Cemaziyelevvel 1448
20261101|0602|0728|1253|1541|1808|1929|21 Cemaziyelevvel 1448
20261102|0603|0729|1253|1540|1807|1927|22 Cemaziyelevvel 1448
20261103|0604|0730|1253|1539|1805|1926|23 Cemaziyelevvel 1448
20261104|0605|0731|1253|1538|1804|1925|24 Cemaziyelevvel 1448
20261105|0606|0732|1253|1537|1803|1924|25 Cemaziyelevvel 1448
20261106|0607|0733|1253|1536|1802|1923|26 Cemaziyelevvel 1448
20261107|0608|0735|1253|1535|1801|1922|27 Cemaziyelevvel 1448
20261108|0609|0736|1253|1534|1800|1921|28 Cemaziyelevvel 1448
20261109|0610|0737|1253|1534|1759|1921|29 Cemaziyelevvel 1448
20261110|0611|0738|1253|1533|1758|1920|1 Cemaziyelahir 1448
20261111|0612|0739|1253|1532|1757|1919|2 Cemaziyelahir 1448
20261112|0613|0741|1253|1531|1756|1918|3 Cemaziyelahir 1448
20261113|0614|0742|1253|1530|1755|1917|4 Cemaziyelahir 1448
20261114|0615|0743|1253|1530|1754|1917|5 Cemaziyelahir 1448
20261115|0616|0744|1254|1529|1753|1916|6 Cemaziyelahir 1448
20261116|0617|0745|1254|1528|1752|1915|7 Cemaziyelahir 1448
20261117|0618|0747|1254|1528|1751|1915|8 Cemaziyelahir 1448
20261118|0619|0748|1254|1527|1751|1914|9 Cemaziyelahir 1448
20261119|0620|0749|1254|1527|1750|1913|10 Cemaziyelahir 1448
20261120|0621|0750|1255|1526|1749|1913|11 Cemaziyelahir 1448
20261121|0622|0751|1255|1526|1749|1912|12 Cemaziyelahir 1448
20261122|0623|0752|1255|1525|1748|1912|13 Cemaziyelahir 1448
20261123|0624|0753|1255|1525|1747|1911|14 Cemaziyelahir 1448
20261124|0625|0755|1256|1524|1747|1911|15 Cemaziyelahir 1448
20261125|0626|0756|1256|1524|1746|1911|16 Cemaziyelahir 1448
20261126|0627|0757|1256|1523|1746|1910|17 Cemaziyelahir 1448
20261127|0628|0758|1257|1523|1745|1910|18 Cemaziyelahir 1448
20261128|0629|0759|1257|1523|1745|1910|19 Cemaziyelahir 1448
20261129|0630|0800|1257|1523|1744|1909|20 Cemaziyelahir 1448
20261130|0631|0801|1258|1522|1744|1909|21 Cemaziyelahir 1448
20261201|0631|0802|1258|1522|1744|1909|22 Cemaziyelahir 1448
20261202|0632|0803|1258|1522|1743|1909|23 Cemaziyelahir 1448
20261203|0633|0804|1259|1522|1743|1909|24 Cemaziyelahir 1448
20261204|0634|0805|1259|1522|1743|1909|25 Cemaziyelahir 1448
20261205|0635|0806|1259|1522|1743|1909|26 Cemaziyelahir 1448
20261206|0636|0807|1300|1522|1743|1909|27 Cemaziyelahir 1448
20261207|0637|0808|1300|1522|1743|1909|28 Cemaziyelahir 1448
20261208|0637|0809|1301|1522|1743|1909|29 Cemaziyelahir 1448
20261209|0638|0810|1301|1522|1743|1909|30 Cemaziyelahir 1448
20261210|0639|0811|1302|1522|1743|1909|1 Recep 1448
20261211|0640|0812|1302|1522|1743|1909|2 Recep 1448
20261212|0640|0812|1303|1522|1743|1909|3 Recep 1448
20261213|0641|0813|1303|1522|1743|1909|4 Recep 1448
20261214|0642|0814|1304|1522|1743|1910|5 Recep 1448
20261215|0642|0815|1304|1523|1743|1910|6 Recep 1448
20261216|0643|0815|1304|1523|1744|1910|7 Recep 1448
20261217|0644|0816|1305|1523|1744|1911|8 Recep 1448
20261218|0644|0817|1305|1524|1744|1911|9 Recep 1448
20261219|0645|0817|1306|1524|1745|1911|10 Recep 1448
20261220|0645|0818|1306|1525|1745|1912|11 Recep 1448
20261221|0646|0818|1307|1525|1746|1912|12 Recep 1448
20261222|0647|0819|1307|1526|1746|1913|13 Recep 1448
20261223|0647|0819|1308|1526|1747|1913|14 Recep 1448
20261224|0647|0820|1308|1527|1747|1914|15 Recep 1448
20261225|0648|0820|1309|1527|1748|1914|16 Recep 1448
20261226|0648|0821|1309|1528|1748|1915|17 Recep 1448
20261227|0649|0821|1310|1528|1749|1916|18 Recep 1448
20261228|0649|0821|1310|1529|1750|1916|19 Recep 1448
20261229|0649|0821|1311|1530|1750|1917|20 Recep 1448
20261230|0650|0822|1311|1530|1751|1918|21 Recep 1448
20261231|0650|0822|1312|1531|1752|1918|22 Recep 1448
20270101|0650|0822|1312|1532|1753|1919|23 Recep 1448
20270102|0650|0822|1313|1533|1754|1920|24 Recep 1448
20270103|0650|0822|1313|1533|1754|1921|25 Recep 1448
20270104|0651|0822|1314|1534|1755|1921|26 Recep 1448
20270105|0651|0822|1314|1535|1756|1922|27 Recep 1448
20270106|0651|0822|1315|1536|1757|1923|28 Recep 1448
20270107|0651|0822|1315|1537|1758|1924|29 Recep 1448
20270108|0651|0822|1315|1538|1759|1925|30 Recep 1448
20270109|0651|0822|1316|1539|1800|1926|1 Şaban 1448
20270110|0651|0822|1316|1540|1801|1927|2 Şaban 1448
20270111|0651|0821|1317|1540|1802|1927|3 Şaban 1448
20270112|0650|0821|1317|1541|1803|1928|4 Şaban 1448
20270113|0650|0821|1318|1542|1804|1929|5 Şaban 1448
20270114|0650|0821|1318|1543|1805|1930|6 Şaban 1448
20270115|0650|0820|1318|1544|1806|1931|7 Şaban 1448
20270116|0650|0820|1319|1545|1808|1932|8 Şaban 1448
20270117|0649|0819|1319|1546|1809|1933|9 Şaban 1448
20270118|0649|0819|1319|1547|1810|1934|10 Şaban 1448
20270119|0649|0818|1320|1548|1811|1935|11 Şaban 1448
20270120|0648|0818|1320|1549|1812|1936|12 Şaban 1448
20270121|0648|0817|1320|1550|1813|1937|13 Şaban 1448
20270122|0647|0816|1320|1551|1815|1938|14 Şaban 1448
20270123|0647|0816|1321|1553|1816|1939|15 Şaban 1448
20270124|0646|0815|1321|1554|1817|1940|16 Şaban 1448
20270125|0646|0814|1321|1555|1818|1941|17 Şaban 1448
20270126|0645|0814|1321|1556|1819|1942|18 Şaban 1448
20270127|0645|0813|1322|1557|1821|1943|19 Şaban 1448
20270128|0644|0812|1322|1558|1822|1945|20 Şaban 1448
20270129|0643|0811|1322|1559|1823|1946|21 Şaban 1448
20270130|0642|0810|1322|1600|1824|1947|22 Şaban 1448
20270131|0642|0809|1322|1601|1826|1948|23 Şaban 1448
20270201|0641|0808|1323|1602|1827|1949|24 Şaban 1448
20270202|0640|0807|1323|1603|1828|1950|25 Şaban 1448
20270203|0639|0806|1323|1604|1829|1951|26 Şaban 1448
20270204|0638|0805|1323|1605|1831|1952|27 Şaban 1448
20270205|0638|0804|1323|1606|1832|1953|28 Şaban 1448
20270206|0637|0803|1323|1607|1833|1954|29 Şaban 1448
20270207|0636|0802|1323|1608|1834|1955|30 Şaban 1448
20270208|0635|0801|1323|1609|1836|1957|1 Ramazan 1448
20270209|0634|0800|1323|1610|1837|1958|2 Ramazan 1448
20270210|0633|0759|1323|1611|1838|1959|3 Ramazan 1448
20270211|0632|0757|1323|1612|1839|2000|4 Ramazan 1448
20270212|0630|0756|1323|1613|1840|2001|5 Ramazan 1448
20270213|0629|0755|1323|1614|1842|2002|6 Ramazan 1448
20270214|0628|0754|1323|1615|1843|2003|7 Ramazan 1448
20270215|0627|0752|1323|1616|1844|2004|8 Ramazan 1448
20270216|0626|0751|1323|1617|1845|2005|9 Ramazan 1448
20270217|0625|0750|1323|1618|1847|2006|10 Ramazan 1448
20270218|0623|0748|1323|1619|1848|2008|11 Ramazan 1448
20270219|0622|0747|1323|1619|1849|2009|12 Ramazan 1448
20270220|0621|0746|1323|1620|1850|2010|13 Ramazan 1448
20270221|0619|0744|1323|1621|1851|2011|14 Ramazan 1448
20270222|0618|0743|1323|1622|1853|2012|15 Ramazan 1448
20270223|0617|0741|1323|1623|1854|2013|16 Ramazan 1448
20270224|0615|0740|1322|1624|1855|2014|17 Ramazan 1448
20270225|0614|0738|1322|1625|1856|2015|18 Ramazan 1448
20270226|0612|0737|1322|1625|1857|2016|19 Ramazan 1448
20270227|0611|0735|1322|1626|1859|2018|20 Ramazan 1448
20270228|0609|0734|1322|1627|1900|2019|21 Ramazan 1448
20270301|0608|0732|1322|1628|1901|2020|22 Ramazan 1448
20270302|0606|0731|1321|1629|1902|2021|23 Ramazan 1448
20270303|0605|0729|1321|1629|1903|2022|24 Ramazan 1448
20270304|0603|0728|1321|1630|1904|2023|25 Ramazan 1448
20270305|0602|0726|1321|1631|1905|2024|26 Ramazan 1448
20270306|0600|0724|1321|1632|1907|2025|27 Ramazan 1448
20270307|0559|0723|1320|1632|1908|2027|28 Ramazan 1448
20270308|0557|0721|1320|1633|1909|2028|29 Ramazan 1448
20270309|0555|0720|1320|1634|1910|2029|1 Şevval 1448
20270310|0554|0718|1320|1634|1911|2030|2 Şevval 1448
20270311|0552|0716|1319|1635|1912|2031|3 Şevval 1448
20270312|0550|0715|1319|1636|1913|2032|4 Şevval 1448
20270313|0549|0713|1319|1636|1914|2034|5 Şevval 1448
20270314|0547|0712|1318|1637|1916|2035|6 Şevval 1448
20270315|0545|0710|1318|1637|1917|2036|7 Şevval 1448
20270316|0543|0708|1318|1638|1918|2037|8 Şevval 1448
20270317|0542|0707|1318|1639|1919|2038|9 Şevval 1448
20270318|0540|0705|1317|1639|1920|2039|10 Şevval 1448
20270319|0538|0703|1317|1640|1921|2041|11 Şevval 1448
20270320|0536|0702|1317|1640|1922|2042|12 Şevval 1448
20270321|0535|0700|1316|1641|1923|2043|13 Şevval 1448
20270322|0533|0658|1316|1641|1924|2044|14 Şevval 1448
20270323|0531|0657|1316|1642|1925|2045|15 Şevval 1448
20270324|0529|0655|1316|1642|1926|2047|16 Şevval 1448
20270325|0527|0653|1315|1643|1927|2048|17 Şevval 1448
20270326|0525|0652|1315|1643|1928|2049|18 Şevval 1448
20270327|0524|0650|1315|1644|1930|2050|19 Şevval 1448
20270328|0522|0648|1314|1644|1931|2051|20 Şevval 1448
20270329|0520|0647|1314|1645|1932|2053|21 Şevval 1448
20270330|0518|0645|1314|1645|1933|2054|22 Şevval 1448
20270331|0516|0643|1313|1646|1934|2055|23 Şevval 1448
20270401|0514|0642|1313|1646|1935|2056|24 Şevval 1448
20270402|0512|0640|1313|1647|1936|2058|25 Şevval 1448
20270403|0510|0638|1313|1647|1937|2059|26 Şevval 1448
20270404|0508|0637|1312|1648|1938|2100|27 Şevval 1448
20270405|0507|0635|1312|1648|1939|2102|28 Şevval 1448
20270406|0505|0633|1312|1648|1940|2103|29 Şevval 1448
20270407|0503|0632|1311|1649|1941|2104|30 Şevval 1448
20270408|0501|0630|1311|1649|1942|2106|1 Zilkade 1448
20270409|0459|0628|1311|1649|1943|2107|2 Zilkade 1448
20270410|0457|0627|1311|1650|1944|2108|3 Zilkade 1448
20270411|0455|0625|1310|1650|1945|2110|4 Zilkade 1448
20270412|0453|0624|1310|1651|1947|2111|5 Zilkade 1448
20270413|0451|0622|1310|1651|1948|2112|6 Zilkade 1448
20270414|0449|0620|1310|1651|1949|2114|7 Zilkade 1448
20270415|0447|0619|1309|1652|1950|2115|8 Zilkade 1448
20270416|0445|0617|1309|1652|1951|2117|9 Zilkade 1448
20270417|0444|0616|1309|1652|1952|2118|10 Zilkade 1448
20270418|0442|0614|1309|1653|1953|2119|11 Zilkade 1448
20270419|0440|0613|1308|1653|1954|2121|12 Zilkade 1448
20270420|0438|0611|1308|1653|1955|2122|13 Zilkade 1448
20270421|0436|0610|1308|1654|1956|2124|14 Zilkade 1448
20270422|0434|0608|1308|1654|1957|2125|15 Zilkade 1448
20270423|0432|0607|1308|1654|1958|2127|16 Zilkade 1448
20270424|0430|0605|1307|1655|1959|2128|17 Zilkade 1448
20270425|0428|0604|1307|1655|2000|2129|18 Zilkade 1448
20270426|0427|0603|1307|1655|2001|2131|19 Zilkade 1448
20270427|0425|0601|1307|1655|2002|2132|20 Zilkade 1448
20270428|0423|0600|1307|1656|2004|2134|21 Zilkade 1448
20270429|0421|0559|1307|1656|2005|2135|22 Zilkade 1448
20270430|0419|0557|1306|1656|2006|2137|23 Zilkade 1448
20270501|0417|0556|1306|1657|2007|2138|24 Zilkade 1448
20270502|0416|0555|1306|1657|2008|2140|25 Zilkade 1448
20270503|0414|0553|1306|1657|2009|2141|26 Zilkade 1448
20270504|0412|0552|1306|1657|2010|2143|27 Zilkade 1448
20270505|0410|0551|1306|1658|2011|2145|28 Zilkade 1448
20270506|0408|0550|1306|1658|2012|2146|29 Zilkade 1448
20270507|0407|0548|1306|1658|2013|2148|1 Zilhicce 1448
20270508|0405|0547|1306|1659|2014|2149|2 Zilhicce 1448
20270509|0403|0546|1306|1659|2015|2151|3 Zilhicce 1448
20270510|0402|0545|1306|1659|2016|2152|4 Zilhicce 1448
20270511|0400|0544|1306|1659|2017|2154|5 Zilhicce 1448
20270512|0358|0543|1305|1700|2018|2155|6 Zilhicce 1448
20270513|0357|0542|1305|1700|2019|2157|7 Zilhicce 1448
20270514|0355|0541|1305|1700|2020|2158|8 Zilhicce 1448
20270515|0354|0540|1305|1701|2021|2200|9 Zilhicce 1448
20270516|0352|0539|1305|1701|2022|2201|10 Zilhicce 1448
20270517|0351|0538|1305|1701|2023|2203|11 Zilhicce 1448
20270518|0349|0537|1306|1701|2024|2204|12 Zilhicce 1448
20270519|0348|0536|1306|1702|2025|2206|13 Zilhicce 1448
20270520|0346|0535|1306|1702|2026|2207|14 Zilhicce 1448
20270521|0345|0535|1306|1702|2027|2208|15 Zilhicce 1448
20270522|0344|0534|1306|1703|2028|2210|16 Zilhicce 1448
20270523|0342|0533|1306|1703|2029|2211|17 Zilhicce 1448
20270524|0341|0532|1306|1703|2030|2213|18 Zilhicce 1448
20270525|0340|0532|1306|1703|2031|2214|19 Zilhicce 1448
20270526|0338|0531|1306|1704|2031|2215|20 Zilhicce 1448
20270527|0337|0530|1306|1704|2032|2217|21 Zilhicce 1448
20270528|0336|0530|1306|1704|2033|2218|22 Zilhicce 1448
20270529|0335|0529|1306|1705|2034|2219|23 Zilhicce 1448
20270530|0334|0529|1307|1705|2035|2221|24 Zilhicce 1448
20270531|0333|0528|1307|1705|2035|2222|25 Zilhicce 1448
20270601|0332|0528|1307|1705|2036|2223|26 Zilhicce 1448
20270602|0331|0527|1307|1706|2037|2224|27 Zilhicce 1448
20270603|0330|0527|1307|1706|2038|2225|28 Zilhicce 1448
20270604|0329|0526|1307|1706|2038|2226|29 Zilhicce 1448
20270605|0329|0526|1308|1707|2039|2227|30 Zilhicce 1448
20270606|0328|0526|1308|1707|2040|2228|1 Muharrem 1449
20270607|0327|0525|1308|1707|2040|2229|2 Muharrem 1449
20270608|0327|0525|1308|1707|2041|2230|3 Muharrem 1449
20270609|0326|0525|1308|1708|2042|2231|4 Muharrem 1449
20270610|0326|0525|1308|1708|2042|2232|5 Muharrem 1449
20270611|0325|0525|1309|1708|2043|2233|6 Muharrem 1449
20270612|0325|0524|1309|1709|2043|2234|7 Muharrem 1449
20270613|0325|0524|1309|1709|2044|2234|8 Muharrem 1449
20270614|0324|0524|1309|1709|2044|2235|9 Muharrem 1449
20270615|0324|0524|1309|1709|2045|2236|10 Muharrem 1449
20270616|0324|0524|1310|1710|2045|2236|11 Muharrem 1449
20270617|0324|0524|1310|1710|2045|2237|12 Muharrem 1449
20270618|0324|0525|1310|1710|2046|2237|13 Muharrem 1449
20270619|0324|0525|1310|1710|2046|2237|14 Muharrem 1449
20270620|0324|0525|1311|1710|2046|2238|15 Muharrem 1449
20270621|0324|0525|1311|1711|2047|2238|16 Muharrem 1449
20270622|0324|0525|1311|1711|2047|2238|17 Muharrem 1449
20270623|0325|0525|1311|1711|2047|2238|18 Muharrem 1449
20270624|0325|0526|1311|1711|2047|2239|19 Muharrem 1449
20270625|0325|0526|1312|1712|2047|2239|20 Muharrem 1449
20270626|0326|0526|1312|1712|2047|2239|21 Muharrem 1449
20270627|0326|0527|1312|1712|2047|2239|22 Muharrem 1449
20270628|0327|0527|1312|1712|2047|2238|23 Muharrem 1449
20270629|0327|0528|1312|1712|2047|2238|24 Muharrem 1449
20270630|0328|0528|1313|1712|2047|2238|25 Muharrem 1449
20270701|0329|0528|1313|1713|2047|2238|26 Muharrem 1449
20270702|0330|0529|1313|1713|2047|2237|27 Muharrem 1449
20270703|0330|0529|1313|1713|2047|2237|28 Muharrem 1449
20270704|0331|0530|1313|1713|2047|2237|29 Muharrem 1449
20270705|0332|0531|1314|1713|2047|2236|1 Safer 1449
20270706|0333|0531|1314|1713|2046|2235|2 Safer 1449
20270707|0334|0532|1314|1713|2046|2235|3 Safer 1449
20270708|0335|0532|1314|1713|2046|2234|4 Safer 1449
20270709|0336|0533|1314|1713|2045|2233|5 Safer 1449
20270710|0337|0534|1314|1713|2045|2233|6 Safer 1449
20270711|0338|0534|1315|1713|2045|2232|7 Safer 1449
20270712|0340|0535|1315|1713|2044|2231|8 Safer 1449
20270713|0341|0536|1315|1713|2044|2230|9 Safer 1449
20270714|0342|0537|1315|1713|2043|2229|10 Safer 1449
20270715|0343|0537|1315|1713|2043|2228|11 Safer 1449
20270716|0345|0538|1315|1713|2042|2227|12 Safer 1449
20270717|0346|0539|1315|1713|2041|2226|13 Safer 1449
20270718|0347|0540|1315|1713|2041|2225|14 Safer 1449
20270719|0349|0541|1315|1713|2040|2224|15 Safer 1449
20270720|0350|0542|1315|1713|2039|2223|16 Safer 1449
20270721|0352|0542|1316|1713|2039|2221|17 Safer 1449
20270722|0353|0543|1316|1713|2038|2220|18 Safer 1449
20270723|0354|0544|1316|1712|2037|2219|19 Safer 1449
20270724|0356|0545|1316|1712|2036|2218|20 Safer 1449
20270725|0357|0546|1316|1712|2035|2216|21 Safer 1449
20270726|0359|0547|1316|1712|2034|2215|22 Safer 1449
20270727|0400|0548|1316|1711|2034|2213|23 Safer 1449
20270728|0402|0549|1316|1711|2033|2212|24 Safer 1449
20270729|0403|0550|1316|1711|2032|2210|25 Safer 1449
20270730|0405|0551|1316|1711|2031|2209|26 Safer 1449
20270731|0406|0552|1316|1710|2030|2207|27 Safer 1449
20270801|0408|0553|1316|1710|2029|2206|28 Safer 1449
20270802|0409|0554|1315|1710|2027|2204|29 Safer 1449
20270803|0411|0554|1315|1709|2026|2203|1 Rebiulevvel 1449
20270804|0412|0555|1315|1709|2025|2201|2 Rebiulevvel 1449
20270805|0414|0556|1315|1708|2024|2159|3 Rebiulevvel 1449
20270806|0415|0557|1315|1708|2023|2158|4 Rebiulevvel 1449
20270807|0417|0558|1315|1707|2022|2156|5 Rebiulevvel 1449
20270808|0418|0559|1315|1707|2020|2154|6 Rebiulevvel 1449
20270809|0420|0600|1315|1706|2019|2153|7 Rebiulevvel 1449
20270810|0421|0601|1315|1706|2018|2151|8 Rebiulevvel 1449
20270811|0423|0602|1314|1705|2017|2149|9 Rebiulevvel 1449
20270812|0424|0603|1314|1705|2015|2147|10 Rebiulevvel 1449
20270813|0426|0604|1314|1704|2014|2145|11 Rebiulevvel 1449
20270814|0427|0605|1314|1704|2013|2144|12 Rebiulevvel 1449
20270815|0429|0606|1314|1703|2011|2142|13 Rebiulevvel 1449
20270816|0430|0607|1314|1702|2010|2140|14 Rebiulevvel 1449
20270817|0432|0608|1313|1702|2008|2138|15 Rebiulevvel 1449
20270818|0433|0609|1313|1701|2007|2136|16 Rebiulevvel 1449
20270819|0435|0610|1313|1700|2006|2135|17 Rebiulevvel 1449
20270820|0436|0611|1313|1700|2004|2133|18 Rebiulevvel 1449
20270821|0438|0612|1312|1659|2003|2131|19 Rebiulevvel 1449
20270822|0439|0613|1312|1658|2001|2129|20 Rebiulevvel 1449
20270823|0441|0614|1312|1657|2000|2127|21 Rebiulevvel 1449
20270824|0442|0615|1312|1657|1958|2125|22 Rebiulevvel 1449
20270825|0443|0616|1311|1656|1957|2123|23 Rebiulevvel 1449
20270826|0445|0617|1311|1655|1955|2121|24 Rebiulevvel 1449
20270827|0446|0618|1311|1654|1953|2119|25 Rebiulevvel 1449
20270828|0447|0619|1311|1653|1952|2118|26 Rebiulevvel 1449
20270829|0449|0620|1310|1652|1950|2116|27 Rebiulevvel 1449
20270830|0450|0621|1310|1652|1949|2114|28 Rebiulevvel 1449
20270831|0452|0622|1310|1651|1947|2112|29 Rebiulevvel 1449
20270901|0453|0623|1309|1650|1946|2110|30 Rebiulevvel 1449
20270902|0454|0624|1309|1649|1944|2108|1 Rebiulahir 1449
20270903|0455|0625|1309|1648|1942|2106|2 Rebiulahir 1449
20270904|0457|0626|1308|1647|1941|2104|3 Rebiulahir 1449
20270905|0458|0627|1308|1646|1939|2102|4 Rebiulahir 1449
20270906|0459|0628|1308|1645|1937|2100|5 Rebiulahir 1449
20270907|0501|0629|1307|1644|1936|2058|6 Rebiulahir 1449
20270908|0502|0630|1307|1643|1934|2056|7 Rebiulahir 1449
20270909|0503|0631|1307|1642|1932|2055|8 Rebiulahir 1449
20270910|0504|0632|1306|1641|1931|2053|9 Rebiulahir 1449
20270911|0506|0633|1306|1640|1929|2051|10 Rebiulahir 1449
20270912|0507|0634|1306|1639|1927|2049|11 Rebiulahir 1449
20270913|0508|0635|1305|1638|1926|2047|12 Rebiulahir 1449
20270914|0509|0636|1305|1636|1924|2045|13 Rebiulahir 1449
20270915|0510|0637|1305|1635|1922|2043|14 Rebiulahir 1449
20270916|0512|0638|1304|1634|1920|2041|15 Rebiulahir 1449
20270917|0513|0639|1304|1633|1919|2039|16 Rebiulahir 1449
20270918|0514|0640|1304|1632|1917|2038|17 Rebiulahir 1449
20270919|0515|0641|1303|1631|1915|2036|18 Rebiulahir 1449
20270920|0516|0642|1303|1630|1914|2034|19 Rebiulahir 1449
20270921|0517|0643|1302|1629|1912|2032|20 Rebiulahir 1449
20270922|0519|0644|1302|1627|1910|2030|21 Rebiulahir 1449
20270923|0520|0645|1302|1626|1908|2028|22 Rebiulahir 1449
20270924|0521|0646|1301|1625|1907|2026|23 Rebiulahir 1449
20270925|0522|0647|1301|1624|1905|2025|24 Rebiulahir 1449
20270926|0523|0648|1301|1623|1903|2023|25 Rebiulahir 1449
20270927|0524|0649|1300|1621|1902|2021|26 Rebiulahir 1449
20270928|0525|0650|1300|1620|1900|2019|27 Rebiulahir 1449
20270929|0526|0651|1300|1619|1858|2018|28 Rebiulahir 1449
20270930|0527|0652|1259|1618|1857|2016|29 Rebiulahir 1449
20271001|0529|0653|1259|1617|1855|2014|1 Cemaziyelevvel 1449
20271002|0530|0654|1259|1615|1853|2012|2 Cemaziyelevvel 1449
20271003|0531|0655|1258|1614|1852|2011|3 Cemaziyelevvel 1449
20271004|0532|0656|1258|1613|1850|2009|4 Cemaziyelevvel 1449
20271005|0533|0657|1258|1612|1848|2007|5 Cemaziyelevvel 1449
20271006|0534|0658|1257|1611|1847|2006|6 Cemaziyelevvel 1449
20271007|0535|0659|1257|1609|1845|2004|7 Cemaziyelevvel 1449
20271008|0536|0700|1257|1608|1843|2002|8 Cemaziyelevvel 1449
20271009|0537|0701|1257|1607|1842|2001|9 Cemaziyelevvel 1449
20271010|0538|0703|1256|1606|1840|1959|10 Cemaziyelevvel 1449
20271011|0539|0704|1256|1605|1839|1957|11 Cemaziyelevvel 1449
20271012|0540|0705|1256|1603|1837|1956|12 Cemaziyelevvel 1449
20271013|0541|0706|1256|1602|1835|1954|13 Cemaziyelevvel 1449
20271014|0542|0707|1255|1601|1834|1953|14 Cemaziyelevvel 1449
20271015|0544|0708|1255|1600|1832|1951|15 Cemaziyelevvel 1449
20271016|0545|0709|1255|1559|1831|1950|16 Cemaziyelevvel 1449
20271017|0546|0710|1255|1557|1829|1948|17 Cemaziyelevvel 1449
20271018|0547|0711|1254|1556|1828|1947|18 Cemaziyelevvel 1449
20271019|0548|0712|1254|1555|1826|1945|19 Cemaziyelevvel 1449
20271020|0549|0713|1254|1554|1825|1944|20 Cemaziyelevvel 1449
20271021|0550|0715|1254|1553|1823|1943|21 Cemaziyelevvel 1449
20271022|0551|0716|1254|1552|1822|1941|22 Cemaziyelevvel 1449
20271023|0552|0717|1254|1551|1820|1940|23 Cemaziyelevvel 1449
20271024|0553|0718|1253|1549|1819|1939|24 Cemaziyelevvel 1449
20271025|0554|0719|1253|1548|1817|1937|25 Cemaziyelevvel 1449
20271026|0555|0720|1253|1547|1816|1936|26 Cemaziyelevvel 1449
20271027|0556|0721|1253|1546|1815|1935|27 Cemaziyelevvel 1449
20271028|0557|0723|1253|1545|1813|1934|28 Cemaziyelevvel 1449
20271029|0558|0724|1253|1544|1812|1932|29 Cemaziyelevvel 1449
20271030|0559|0725|1253|1543|1811|1931|30 Cemaziyelevvel 1449
20271031|0600|0726|1253|1542|1809|1930|1 Cemaziyelahir 1449
20271101|0601|0727|1253|1541|1808|1929|2 Cemaziyelahir 1449
20271102|0602|0728|1253|1540|1807|1928|3 Cemaziyelahir 1449
20271103|0603|0730|1253|1539|1806|1927|4 Cemaziyelahir 1449
20271104|0604|0731|1253|1538|1805|1926|5 Cemaziyelahir 1449
20271105|0605|0732|1253|1537|1803|1925|6 Cemaziyelahir 1449
20271106|0606|0733|1253|1536|1802|1924|7 Cemaziyelahir 1449
20271107|0608|0734|1253|1535|1801|1923|8 Cemaziyelahir 1449
20271108|0609|0736|1253|1535|1800|1922|9 Cemaziyelahir 1449
20271109|0610|0737|1253|1534|1759|1921|10 Cemaziyelahir 1449
20271110|0611|0738|1253|1533|1758|1920|11 Cemaziyelahir 1449
20271111|0612|0739|1253|1532|1757|1919|12 Cemaziyelahir 1449
20271112|0613|0740|1253|1531|1756|1918|13 Cemaziyelahir 1449
20271113|0614|0741|1253|1531|1755|1918|14 Cemaziyelahir 1449
20271114|0615|0743|1253|1530|1754|1917|15 Cemaziyelahir 1449
20271115|0616|0744|1254|1529|1753|1916|16 Cemaziyelahir 1449
20271116|0617|0745|1254|1529|1752|1915|17 Cemaziyelahir 1449
20271117|0618|0746|1254|1528|1752|1915|18 Cemaziyelahir 1449
20271118|0619|0747|1254|1527|1751|1914|19 Cemaziyelahir 1449
20271119|0620|0749|1254|1527|1750|1914|20 Cemaziyelahir 1449
20271120|0621|0750|1255|1526|1749|1913|21 Cemaziyelahir 1449
20271121|0622|0751|1255|1526|1749|1912|22 Cemaziyelahir 1449
20271122|0623|0752|1255|1525|1748|1912|23 Cemaziyelahir 1449
20271123|0624|0753|1255|1525|1747|1911|24 Cemaziyelahir 1449
20271124|0625|0754|1256|1524|1747|1911|25 Cemaziyelahir 1449
20271125|0626|0755|1256|1524|1746|1911|26 Cemaziyelahir 1449
20271126|0627|0757|1256|1523|1746|1910|27 Cemaziyelahir 1449
20271127|0628|0758|1256|1523|1745|1910|28 Cemaziyelahir 1449
20271128|0628|0759|1257|1523|1745|1910|29 Cemaziyelahir 1449
20271129|0629|0800|1257|1523|1744|1909|1 Recep 1449
20271130|0630|0801|1257|1522|1744|1909|2 Recep 1449
20271201|0631|0802|1258|1522|1744|1909|3 Recep 1449
20271202|0632|0803|1258|1522|1744|1909|4 Recep 1449
20271203|0633|0804|1259|1522|1743|1909|5 Recep 1449
20271204|0634|0805|1259|1522|1743|1909|6 Recep 1449
20271205|0635|0806|1259|1522|1743|1909|7 Recep 1449
20271206|0636|0807|1300|1522|1743|1909|8 Recep 1449
20271207|0636|0808|1300|1522|1743|1909|9 Recep 1449
20271208|0637|0809|1301|1522|1743|1909|10 Recep 1449
20271209|0638|0810|1301|1522|1743|1909|11 Recep 1449
20271210|0639|0810|1302|1522|1743|1909|12 Recep 1449
20271211|0639|0811|1302|1522|1743|1909|13 Recep 1449
20271212|0640|0812|1302|1522|1743|1909|14 Recep 1449
20271213|0641|0813|1303|1522|1743|1909|15 Recep 1449
20271214|0642|0814|1303|1522|1743|1910|16 Recep 1449
20271215|0642|0814|1304|1523|1743|1910|17 Recep 1449
20271216|0643|0815|1304|1523|1744|1910|18 Recep 1449
20271217|0644|0816|1305|1523|1744|1911|19 Recep 1449
20271218|0644|0816|1305|1524|1744|1911|20 Recep 1449
20271219|0645|0817|1306|1524|1745|1911|21 Recep 1449
20271220|0645|0818|1306|1524|1745|1912|22 Recep 1449
20271221|0646|0818|1307|1525|1745|1912|23 Recep 1449
20271222|0646|0819|1307|1525|1746|1913|24 Recep 1449
20271223|0647|0819|1308|1526|1746|1913|25 Recep 1449
20271224|0647|0820|1308|1526|1747|1914|26 Recep 1449
20271225|0648|0820|1309|1527|1748|1914|27 Recep 1449
20271226|0648|0820|1309|1528|1748|1915|28 Recep 1449
20271227|0649|0821|1310|1528|1749|1916|29 Recep 1449
20271228|0649|0821|1310|1529|1749|1916|30 Recep 1449
20271229|0649|0821|1311|1530|1750|1917|1 Şaban 1449
20271230|0650|0822|1311|1530|1751|1917|2 Şaban 1449
20271231|0650|0822|1312|1531|1752|1918|3 Şaban 1449
#@9542|Kartal|ISTANBUL|730
20260101|0649|0821|1312|1532|1752|1919|12 Recep 1447
20260102|0649|0821|1312|1532|1753|1919|13 Recep 1447
20260103|0649|0821|1313|1533|1754|1920|14 Recep 1447
20260104|0650|0821|1313|1534|1755|1921|15 Recep 1447
20260105|0650|0821|1313|1535|1756|1922|16 Recep 1447
20260106|0650|0821|1314|1536|1757|1923|17 Recep 1447
20260107|0650|0821|1314|1537|1758|1923|18 Recep 1447
20260108|0650|0821|1315|1537|1759|1924|19 Recep 1447
20260109|0650|0821|1315|1538|1800|1925|20 Recep 1447
20260110|0650|0820|1316|1539|1801|1926|21 Recep 1447
20260111|0650|0820|1316|1540|1802|1927|22 Recep 1447
20260112|0649|0820|1316|1541|1803|1928|23 Recep 1447
20260113|0649|0820|1317|1542|1804|1929|24 Recep 1447
20260114|0649|0819|1317|1543|1805|1930|25 Recep 1447
20260115|0649|0819|1317|1544|1806|1931|26 Recep 1447
20260116|0649|0818|1318|1545|1807|1932|27 Recep 1447
20260117|0648|0818|1318|1546|1808|1933|28 Recep 1447
20260118|0648|0817|1319|1547|1810|1934|29 Recep 1447
20260119|0648|0817|1319|1548|1811|1935|30 Recep 1447
20260120|0647|0816|1319|1549|1812|1936|1 Şaban 1447
20260121|0647|0816|1319|1550|1813|1937|2 Şaban 1447
20260122|0646|0815|1320|1551|1814|1938|3 Şaban 1447
20260123|0646|0814|1320|1552|1815|1939|4 Şaban 1447
20260124|0645|0814|1320|1553|1817|1940|5 Şaban 1447
20260125|0645|0813|1320|1554|1818|1941|6 Şaban 1447
20260126|0644|0812|1321|1555|1819|1942|7 Şaban 1447
20260127|0643|0811|1321|1556|1820|1943|8 Şaban 1447
20260128|0643|0811|1321|1557|1822|1944|9 Şaban 1447
20260129|0642|0810|1321|1558|1823|1945|10 Şaban 1447
20260130|0641|0809|1321|1600|1824|1946|11 Şaban 1447
20260131|0641|0808|1322|1601|1825|1947|12 Şaban 1447
20260201|0640|0807|1322|1602|1827|1948|13 Şaban 1447
20260202|0639|0806|1322|1603|1828|1949|14 Şaban 1447
20260203|0638|0805|1322|1604|1829|1951|15 Şaban 1447
20260204|0637|0804|1322|1605|1830|1952|16 Şaban 1447
20260205|0636|0803|1322|1606|1831|1953|17 Şaban 1447
20260206|0635|0802|1322|1607|1833|1954|18 Şaban 1447
20260207|0635|0801|1322|1608|1834|1955|19 Şaban 1447
20260208|0634|0800|1322|1609|1835|1956|20 Şaban 1447
20260209|0632|0758|1322|1610|1836|1957|21 Şaban 1447
20260210|0631|0757|1322|1611|1838|1958|22 Şaban 1447
20260211|0630|0756|1322|1612|1839|1959|23 Şaban 1447
20260212|0629|0755|1322|1613|1840|2000|24 Şaban 1447
20260213|0628|0754|1322|1614|1841|2001|25 Şaban 1447
20260214|0627|0752|1322|1614|1843|2003|26 Şaban 1447
20260215|0626|0751|1322|1615|1844|2004|27 Şaban 1447
20260216|0625|0750|1322|1616|1845|2005|28 Şaban 1447
20260217|0623|0748|1322|1617|1846|2006|29 Şaban 1447
20260218|0622|0747|1322|1618|1847|2007|30 Şaban 1447
20260219|0621|0746|1322|1619|1849|2008|1 Ramazan 1447
20260220|0620|0744|1322|1620|1850|2009|2 Ramazan 1447
20260221|0618|0743|1322|1621|1851|2010|3 Ramazan 1447
20260222|0617|0741|1322|1622|1852|2011|4 Ramazan 1447
20260223|0615|0740|1322|1623|1853|2013|5 Ramazan 1447
20260224|0614|0738|1322|1623|1855|2014|6 Ramazan 1447
20260225|0613|0737|1321|1624|1856|2015|7 Ramazan 1447
20260226|0611|0736|1321|1625|1857|2016|8 Ramazan 1447
20260227|0610|0734|1321|1626|1858|2017|9 Ramazan 1447
20260228|0608|0733|1321|1627|1859|2018|10 Ramazan 1447
20260301|0607|0731|1321|1627|1900|2019|11 Ramazan 1447
20260302|0605|0729|1320|1628|1902|2020|12 Ramazan 1447
20260303|0604|0728|1320|1629|1903|2021|13 Ramazan 1447
20260304|0602|0726|1320|1630|1904|2023|14 Ramazan 1447
20260305|0601|0725|1320|1630|1905|2024|15 Ramazan 1447
20260306|0559|0723|1320|1631|1906|2025|16 Ramazan 1447
20260307|0557|0722|1319|1632|1907|2026|17 Ramazan 1447
20260308|0556|0720|1319|1632|1908|2027|18 Ramazan 1447
20260309|0554|0718|1319|1633|1909|2028|19 Ramazan 1447
20260310|0553|0717|1319|1634|1911|2029|20 Ramazan 1447
20260311|0551|0715|1318|1634|1912|2031|21 Ramazan 1447
20260312|0549|0714|1318|1635|1913|2032|22 Ramazan 1447
20260313|0548|0712|1318|1636|1914|2033|23 Ramazan 1447
20260314|0546|0710|1318|1636|1915|2034|24 Ramazan 1447
20260315|0544|0709|1317|1637|1916|2035|25 Ramazan 1447
20260316|0542|0707|1317|1637|1917|2036|26 Ramazan 1447
20260317|0541|0705|1317|1638|1918|2037|27 Ramazan 1447
20260318|0539|0704|1316|1639|1919|2039|28 Ramazan 1447
20260319|0537|0702|1316|1639|1920|2040|29 Ramazan 1447
20260320|0535|0700|1316|1640|1921|2041|1 Şevval 1447
20260321|0533|0659|1316|1640|1923|2042|2 Şevval 1447
20260322|0532|0657|1315|1641|1924|2043|3 Şevval 1447
20260323|0530|0655|1315|1641|1925|2045|4 Şevval 1447
20260324|0528|0654|1315|1642|1926|2046|5 Şevval 1447
20260325|0526|0652|1314|1642|1927|2047|6 Şevval 1447
20260326|0524|0650|1314|1643|1928|2048|7 Şevval 1447
20260327|0523|0649|1314|1643|1929|2049|8 Şevval 1447
20260328|0521|0647|1313|1644|1930|2051|9 Şevval 1447
20260329|0519|0645|1313|1644|1931|2052|10 Şevval 1447
20260330|0517|0644|1313|1645|1932|2053|11 Şevval 1447
20260331|0515|0642|1313|1645|1933|2054|12 Şevval 1447
20260401|0513|0640|1312|1646|1934|2056|13 Şevval 1447
20260402|0511|0639|1312|1646|1935|2057|14 Şevval 1447
20260403|0509|0637|1312|1646|1936|2058|15 Şevval 1447
20260404|0507|0635|1311|1647|1937|2100|16 Şevval 1447
20260405|0506|0634|1311|1647|1938|2101|17 Şevval 1447
20260406|0504|0632|1311|1648|1940|2102|18 Şevval 1447
20260407|0502|0631|1311|1648|1941|2103|19 Şevval 1447
20260408|0500|0629|1310|1648|1942|2105|20 Şevval 1447
20260409|0458|0627|1310|1649|1943|2106|21 Şevval 1447
20260410|0456|0626|1310|1649|1944|2107|22 Şevval 1447
20260411|0454|0624|1309|1649|1945|2109|23 Şevval 1447
20260412|0452|0623|1309|1650|1946|2110|24 Şevval 1447
20260413|0450|0621|1309|1650|1947|2112|25 Şevval 1447
20260414|0448|0619|1309|1650|1948|2113|26 Şevval 1447
20260415|0446|0618|1308|1651|1949|2114|27 Şevval 1447
20260416|0445|0616|1308|1651|1950|2116|28 Şevval 1447
20260417|0443|0615|1308|1651|1951|2117|29 Şevval 1447
20260418|0441|0613|1308|1652|1952|2118|1 Zilkade 1447
20260419|0439|0612|1307|1652|1953|2120|2 Zilkade 1447
20260420|0437|0610|1307|1652|1954|2121|3 Zilkade 1447
20260421|0435|0609|1307|1653|1955|2123|4 Zilkade 1447
20260422|0433|0607|1307|1653|1956|2124|5 Zilkade 1447
20260423|0431|0606|1307|1653|1957|2126|6 Zilkade 1447
20260424|0429|0605|1306|1654|1959|2127|7 Zilkade 1447
20260425|0428|0603|1306|1654|2000|2129|8 Zilkade 1447
20260426|0426|0602|1306|1654|2001|2130|9 Zilkade 1447
20260427|0424|0600|1306|1655|2002|2132|10 Zilkade 1447
20260428|0422|0559|1306|1655|2003|2133|11 Zilkade 1447
20260429|0420|0558|1306|1655|2004|2134|12 Zilkade 1447
20260430|0418|0556|1306|1655|2005|2136|13 Zilkade 1447
20260501|0417|0555|1305|1656|2006|2137|14 Zilkade 1447
20260502|0415|0554|1305|1656|2007|2139|15 Zilkade 1447
20260503|0413|0552|1305|1656|2008|2140|16 Zilkade 1447
20260504|0411|0551|1305|1657|2009|2142|17 Zilkade 1447
20260505|0410|0550|1305|1657|2010|2143|18 Zilkade 1447
20260506|0408|0549|1305|1657|2011|2145|19 Zilkade 1447
20260507|0406|0548|1305|1657|2012|2147|20 Zilkade 1447
20260508|0404|0546|1305|1658|2013|2148|21 Zilkade 1447
20260509|0403|0545|1305|1658|2014|2150|22 Zilkade 1447
20260510|0401|0544|1305|1658|2015|2151|23 Zilkade 1447
20260511|0359|0543|1305|1659|2016|2153|24 Zilkade 1447
20260512|0358|0542|1305|1659|2017|2154|25 Zilkade 1447
20260513|0356|0541|1305|1659|2018|2156|26 Zilkade 1447
20260514|0355|0540|1305|1659|2019|2157|27 Zilkade 1447
20260515|0353|0539|1305|1700|2020|2159|28 Zilkade 1447
20260516|0352|0538|1305|1700|2021|2200|29 Zilkade 1447
20260517|0350|0537|1305|1700|2022|2202|30 Zilkade 1447
20260518|0349|0536|1305|1700|2023|2203|1 Zilhicce 1447
20260519|0347|0535|1305|1701|2024|2204|2 Zilhicce 1447
20260520|0346|0535|1305|1701|2025|2206|3 Zilhicce 1447
20260521|0344|0534|1305|1701|2026|2207|4 Zilhicce 1447
20260522|0343|0533|1305|1702|2027|2209|5 Zilhicce 1447
20260523|0342|0532|1305|1702|2028|2210|6 Zilhicce 1447
20260524|0341|0532|1305|1702|2029|2211|7 Zilhicce 1447
20260525|0339|0531|1305|1702|2030|2213|8 Zilhicce 1447
20260526|0338|0530|1305|1703|2030|2214|9 Zilhicce 1447
20260527|0337|0530|1305|1703|2031|2215|10 Zilhicce 1447
20260528|0336|0529|1306|1703|2032|2217|11 Zilhicce 1447
20260529|0335|0528|1306|1704|2033|2218|12 Zilhicce 1447
20260530|0334|0528|1306|1704|2034|2219|13 Zilhicce 1447
20260531|0333|0527|1306|1704|2034|2220|14 Zilhicce 1447
20260601|0332|0527|1306|1704|2035|2222|15 Zilhicce 1447
20260602|0331|0527|1306|1705|2036|2223|16 Zilhicce 1447
20260603|0330|0526|1306|1705|2037|2224|17 Zilhicce 1447
20260604|0329|0526|1307|1705|2037|2225|18 Zilhicce 1447
20260605|0329|0525|1307|1706|2038|2226|19 Zilhicce 1447
20260606|0328|0525|1307|1706|2039|2227|20 Zilhicce 1447
20260607|0327|0525|1307|1706|2039|2228|21 Zilhicce 1447
20260608|0327|0525|1307|1706|2040|2229|22 Zilhicce 1447
20260609|0326|0524|1307|1707|2041|2230|23 Zilhicce 1447
20260610|0326|0524|1308|1707|2041|2231|24 Zilhicce 1447
20260611|0325|0524|1308|1707|2042|2231|25 Zilhicce 1447
20260612|0325|0524|1308|1707|2042|2232|26 Zilhicce 1447
20260613|0325|0524|1308|1708|2043|2233|27 Zilhicce 1447
20260614|0324|0524|1308|1708|2043|2233|28 Zilhicce 1447
20260615|0324|0524|1309|1708|2043|2234|29 Zilhicce 1447
20260616|0324|0524|1309|1708|2044|2234|1 Muharrem 1448
20260617|0324|0524|1309|1709|2044|2235|2 Muharrem 1448
20260618|0324|0524|1309|1709|2045|2235|3 Muharrem 1448
20260619|0324|0524|1310|1709|2045|2236|4 Muharrem 1448
20260620|0324|0524|1310|1709|2045|2236|5 Muharrem 1448
20260621|0324|0525|1310|1710|2045|2236|6 Muharrem 1448
20260622|0325|0525|1310|1710|2046|2237|7 Muharrem 1448
20260623|0325|0525|1310|1710|2046|2237|8 Muharrem 1448
20260624|0325|0525|1311|1710|2046|2237|9 Muharrem 1448
20260625|0326|0526|1311|1710|2046|2237|10 Muharrem 1448
20260626|0326|0526|1311|1711|2046|2237|11 Muharrem 1448
20260627|0327|0526|1311|1711|2046|2237|12 Muharrem 1448
20260628|0327|0527|1311|1711|2046|2237|13 Muharrem 1448
20260629|0328|0527|1312|1711|2046|2236|14 Muharrem 1448
20260630|0328|0528|1312|1711|2046|2236|15 Muharrem 1448
20260701|0329|0528|1312|1711|2046|2236|16 Muharrem 1448
20260702|0330|0529|1312|1712|2046|2236|17 Muharrem 1448
20260703|0331|0529|1312|1712|2046|2235|18 Muharrem 1448
20260704|0332|0530|1313|1712|2046|2235|19 Muharrem 1448
20260705|0332|0530|1313|1712|2045|2234|20 Muharrem 1448
20260706|0333|0531|1313|1712|2045|2234|21 Muharrem 1448
20260707|0334|0532|1313|1712|2045|2233|22 Muharrem 1448
20260708|0335|0532|1313|1712|2045|2232|23 Muharrem 1448
20260709|0337|0533|1313|1712|2044|2232|24 Muharrem 1448
20260710|0338|0534|1314|1712|2044|2231|25 Muharrem 1448
20260711|0339|0534|1314|1712|2043|2230|26 Muharrem 1448
20260712|0340|0535|1314|1712|2043|2229|27 Muharrem 1448
20260713|0341|0536|1314|1712|2042|2228|28 Muharrem 1448
20260714|0342|0536|1314|1712|2042|2227|29 Muharrem 1448
20260715|0344|0537|1314|1712|2041|2226|1 Safer 1448
20260716|0345|0538|1314|1712|2041|2225|2 Safer 1448
20260717|0346|0539|1314|1712|2040|2224|3 Safer 1448
20260718|0348|0540|1315|1712|2039|2223|4 Safer 1448
20260719|0349|0540|1315|1712|2039|2222|5 Safer 1448
20260720|0350|0541|1315|1712|2038|2221|6 Safer 1448
20260721|0352|0542|1315|1712|2037|2220|7 Safer 1448
20260722|0353|0543|1315|1711|2037|2218|8 Safer 1448
20260723|0355|0544|1315|1711|2036|2217|9 Safer 1448
20260724|0356|0545|1315|1711|2035|2216|10 Safer 1448
20260725|0358|0546|1315|1711|2034|2214|11 Safer 1448
20260726|0359|0547|1315|1711|2033|2213|12 Safer 1448
20260727|0400|0548|1315|1710|2032|2211|13 Safer 1448
20260728|0402|0548|1315|1710|2031|2210|14 Safer 1448
20260729|0403|0549|1315|1710|2030|2209|15 Safer 1448
20260730|0405|0550|1315|1709|2029|2207|16 Safer 1448
20260731|0406|0551|1315|1709|2028|2205|17 Safer 1448
20260801|0408|0552|1315|1709|2027|2204|18 Safer 1448
20260802|0409|0553|1315|1708|2026|2202|19 Safer 1448
20260803|0411|0554|1315|1708|2025|2201|20 Safer 1448
20260804|0413|0555|1314|1708|2024|2159|21 Safer 1448
20260805|0414|0556|1314|1707|2023|2157|22 Safer 1448
20260806|0416|0557|1314|1707|2021|2156|23 Safer 1448
20260807|0417|0558|1314|1706|2020|2154|24 Safer 1448
20260808|0419|0559|1314|1706|2019|2152|25 Safer 1448
20260809|0420|0600|1314|1705|2018|2151|26 Safer 1448
20260810|0422|0601|1314|1705|2016|2149|27 Safer 1448
20260811|0423|0602|1314|1704|2015|2147|28 Safer 1448
20260812|0425|0603|1313|1704|2014|2145|29 Safer 1448
20260813|0426|0604|1313|1703|2013|2144|30 Safer 1448
20260814|0428|0605|1313|1703|2011|2142|1 Rebiulevvel 1448
20260815|0429|0606|1313|1702|2010|2140|2 Rebiulevvel 1448
20260816|0430|0607|1313|1701|2008|2138|3 Rebiulevvel 1448
20260817|0432|0608|1312|1701|2007|2136|4 Rebiulevvel 1448
20260818|0433|0609|1312|1700|2006|2135|5 Rebiulevvel 1448
20260819|0435|0610|1312|1659|2004|2133|6 Rebiulevvel 1448
20260820|0436|0611|1312|1659|2003|2131|7 Rebiulevvel 1448
20260821|0438|0612|1312|1658|2001|2129|8 Rebiulevvel 1448
20260822|0439|0613|1311|1657|2000|2127|9 Rebiulevvel 1448
20260823|0440|0614|1311|1656|1958|2125|10 Rebiulevvel 1448
20260824|0442|0615|1311|1655|1957|2123|11 Rebiulevvel 1448
20260825|0443|0616|1311|1655|1955|2122|12 Rebiulevvel 1448
20260826|0445|0617|1310|1654|1954|2120|13 Rebiulevvel 1448
20260827|0446|0618|1310|1653|1952|2118|14 Rebiulevvel 1448
20260828|0447|0619|1310|1652|1951|2116|15 Rebiulevvel 1448
20260829|0449|0620|1309|1651|1949|2114|16 Rebiulevvel 1448
20260830|0450|0621|1309|1650|1947|2112|17 Rebiulevvel 1448
20260831|0451|0622|1309|1650|1946|2110|18 Rebiulevvel 1448
20260901|0453|0623|1308|1649|1944|2108|19 Rebiulevvel 1448
20260902|0454|0624|1308|1648|1943|2106|20 Rebiulevvel 1448
20260903|0455|0625|1308|1647|1941|2104|21 Rebiulevvel 1448
20260904|0457|0626|1307|1646|1939|2102|22 Rebiulevvel 1448
20260905|0458|0627|1307|1645|1938|2101|23 Rebiulevvel 1448
20260906|0459|0628|1307|1644|1936|2059|24 Rebiulevvel 1448
20260907|0500|0629|1306|1643|1934|2057|25 Rebiulevvel 1448
20260908|0502|0630|1306|1642|1933|2055|26 Rebiulevvel 1448
20260909|0503|0631|1306|1641|1931|2053|27 Rebiulevvel 1448
20260910|0504|0632|1305|1640|1929|2051|28 Rebiulevvel 1448
20260911|0505|0633|1305|1639|1928|2049|29 Rebiulevvel 1448
20260912|0506|0634|1305|1638|1926|2047|1 Rebiulahir 1448
20260913|0508|0635|1304|1636|1924|2045|2 Rebiulahir 1448
20260914|0509|0636|1304|1635|1923|2043|3 Rebiulahir 1448
20260915|0510|0636|1304|1634|1921|2042|4 Rebiulahir 1448
20260916|0511|0637|1303|1633|1919|2040|5 Rebiulahir 1448
20260917|0512|0638|1303|1632|1917|2038|6 Rebiulahir 1448
20260918|0514|0639|1303|1631|1916|2036|7 Rebiulahir 1448
20260919|0515|0640|1302|1630|1914|2034|8 Rebiulahir 1448
20260920|0516|0641|1302|1629|1912|2032|9 Rebiulahir 1448
20260921|0517|0642|1302|1627|1911|2030|10 Rebiulahir 1448
20260922|0518|0643|1301|1626|1909|2029|11 Rebiulahir 1448
20260923|0519|0644|1301|1625|1907|2027|12 Rebiulahir 1448
20260924|0520|0645|1300|1624|1906|2025|13 Rebiulahir 1448
20260925|0522|0646|1300|1623|1904|2023|14 Rebiulahir 1448
20260926|0523|0647|1300|1622|1902|2021|15 Rebiulahir 1448
20260927|0524|0648|1259|1620|1900|2020|16 Rebiulahir 1448
20260928|0525|0649|1259|1619|1859|2018|17 Rebiulahir 1448
20260929|0526|0650|1259|1618|1857|2016|18 Rebiulahir 1448
20260930|0527|0651|1258|1617|1855|2014|19 Rebiulahir 1448
20261001|0528|0652|1258|1616|1854|2013|20 Rebiulahir 1448
20261002|0529|0653|1258|1614|1852|2011|21 Rebiulahir 1448
20261003|0530|0655|1257|1613|1850|2009|22 Rebiulahir 1448
20261004|0531|0656|1257|1612|1849|2008|23 Rebiulahir 1448
20261005|0532|0657|1257|1611|1847|2006|24 Rebiulahir 1448
20261006|0534|0658|1257|1610|1845|2004|25 Rebiulahir 1448
20261007|0535|0659|1256|1608|1844|2003|26 Rebiulahir 1448
20261008|0536|0700|1256|1607|1842|2001|27 Rebiulahir 1448
20261009|0537|0701|1256|1606|1841|1959|28 Rebiulahir 1448
20261010|0538|0702|1255|1605|1839|1958|29 Rebiulahir 1448
20261011|0539|0703|1255|1604|1837|1956|30 Rebiulahir 1448
20261012|0540|0704|1255|1602|1836|1955|1 Cemaziyelevvel 1448
20261013|0541|0705|1255|1601|1834|1953|2 Cemaziyelevvel 1448
20261014|0542|0706|1254|1600|1833|1952|3 Cemaziyelevvel 1448
20261015|0543|0707|1254|1559|1831|1950|4 Cemaziyelevvel 1448
20261016|0544|0708|1254|1558|1830|1949|5 Cemaziyelevvel 1448
20261017|0545|0709|1254|1556|1828|1947|6 Cemaziyelevvel 1448
20261018|0546|0711|1254|1555|1827|1946|7 Cemaziyelevvel 1448
20261019|0547|0712|1253|1554|1825|1944|8 Cemaziyelevvel 1448
20261020|0548|0713|1253|1553|1824|1943|9 Cemaziyelevvel 1448
20261021|0549|0714|1253|1552|1822|1941|10 Cemaziyelevvel 1448
20261022|0550|0715|1253|1551|1821|1940|11 Cemaziyelevvel 1448
20261023|0551|0716|1253|1550|1819|1939|12 Cemaziyelevvel 1448
20261024|0552|0717|1253|1549|1818|1937|13 Cemaziyelevvel 1448
20261025|0553|0718|1252|1547|1816|1936|14 Cemaziyelevvel 1448
20261026|0554|0720|1252|1546|1815|1935|15 Cemaziyelevvel 1448
20261027|0555|0721|1252|1545|1814|1934|16 Cemaziyelevvel 1448
20261028|0557|0722|1252|1544|1812|1932|17 Cemaziyelevvel 1448
20261029|0558|0723|1252|1543|1811|1931|18 Cemaziyelevvel 1448
20261030|0559|0724|1252|1542|1810|1930|19 Cemaziyelevvel 1448
20261031|0600|0725|1252|1541|1809|1929|20 Cemaziyelevvel 1448
20261101|0601|0726|1252|1540|1807|1928|21 Cemaziyelevvel 1448
20261102|0602|0728|1252|1539|1806|1927|22 Cemaziyelevvel 1448
20261103|0603|0729|1252|1538|1805|1926|23 Cemaziyelevvel 1448
20261104|0604|0730|1252|1537|1804|1925|24 Cemaziyelevvel 1448
20261105|0605|0731|1252|1536|1803|1924|25 Cemaziyelevvel 1448
20261106|0606|0732|1252|1536|1801|1923|26 Cemaziyelevvel 1448
20261107|0607|0734|1252|1535|1800|1922|27 Cemaziyelevvel 1448
20261108|0608|0735|1252|1534|1759|1921|28 Cemaziyelevvel 1448
20261109|0609|0736|1252|1533|1758|1920|29 Cemaziyelevvel 1448
20261110|0610|0737|1252|1532|1757|1919|1 Cemaziyelahir 1448
20261111|0611|0738|1252|1531|1756|1918|2 Cemaziyelahir 1448
20261112|0612|0739|1252|1531|1755|1917|3 Cemaziyelahir 1448
20261113|0613|0741|1252|1530|1754|1917|4 Cemaziyelahir 1448
20261114|0614|0742|1253|1529|1753|1916|5 Cemaziyelahir 1448
20261115|0615|0743|1253|1529|1753|1915|6 Cemaziyelahir 1448
20261116|0616|0744|1253|1528|1752|1914|7 Cemaziyelahir 1448
20261117|0617|0745|1253|1527|1751|1914|8 Cemaziyelahir 1448
20261118|0618|0747|1253|1527|1750|1913|9 Cemaziyelahir 1448
20261119|0619|0748|1254|1526|1749|1913|10 Cemaziyelahir 1448
20261120|0620|0749|1254|1526|1749|1912|11 Cemaziyelahir 1448
20261121|0621|0750|1254|1525|1748|1912|12 Cemaziyelahir 1448
20261122|0622|0751|1254|1525|1747|1911|13 Cemaziyelahir 1448
20261123|0623|0752|1255|1524|1747|1911|14 Cemaziyelahir 1448
20261124|0624|0753|1255|1524|1746|1910|15 Cemaziyelahir 1448
20261125|0625|0755|1255|1523|1746|1910|16 Cemaziyelahir 1448
20261126|0626|0756|1255|1523|1745|1910|17 Cemaziyelahir 1448
20261127|0627|0757|1256|1523|1745|1909|18 Cemaziyelahir 1448
20261128|0628|0758|1256|1522|1744|1909|19 Cemaziyelahir 1448
20261129|0629|0759|1256|1522|1744|1909|20 Cemaziyelahir 1448
20261130|0630|0800|1257|1522|1744|1909|21 Cemaziyelahir 1448
20261201|0630|0801|1257|1522|1743|1908|22 Cemaziyelahir 1448
20261202|0631|0802|1257|1521|1743|1908|23 Cemaziyelahir 1448
20261203|0632|0803|1258|1521|1743|1908|24 Cemaziyelahir 1448
20261204|0633|0804|1258|1521|1743|1908|25 Cemaziyelahir 1448
20261205|0634|0805|1259|1521|1742|1908|26 Cemaziyelahir 1448
20261206|0635|0806|1259|1521|1742|1908|27 Cemaziyelahir 1448
20261207|0636|0807|1259|1521|1742|1908|28 Cemaziyelahir 1448
20261208|0636|0808|1300|1521|1742|1908|29 Cemaziyelahir 1448
20261209|0637|0809|1300|1521|1742|1908|30 Cemaziyelahir 1448
20261210|0638|0809|1301|1521|1742|1908|1 Recep 1448
20261211|0639|0810|1301|1521|1742|1908|2 Recep 1448
20261212|0639|0811|1302|1522|1742|1909|3 Recep 1448
20261213|0640|0812|1302|1522|1743|1909|4 Recep 1448
20261214|0641|0813|1303|1522|1743|1909|5 Recep 1448
20261215|0641|0813|1303|1522|1743|1909|6 Recep 1448
20261216|0642|0814|1304|1523|1743|1910|7 Recep 1448
20261217|0643|0815|1304|1523|1743|1910|8 Recep 1448
20261218|0643|0815|1305|1523|1744|1910|9 Recep 1448
20261219|0644|0816|1305|1524|1744|1911|10 Recep 1448
20261220|0644|0817|1306|1524|1745|1911|11 Recep 1448
20261221|0645|0817|1306|1525|1745|1912|12 Recep 1448
20261222|0646|0818|1307|1525|1746|1912|13 Recep 1448
20261223|0646|0818|1307|1526|1746|1913|14 Recep 1448
20261224|0646|0819|1308|1526|1747|1913|15 Recep 1448
20261225|0647|0819|1308|1527|1747|1914|16 Recep 1448
20261226|0647|0819|1309|1527|1748|1914|17 Recep 1448
20261227|0648|0820|1309|1528|1748|1915|18 Recep 1448
20261228|0648|0820|1310|1529|1749|1916|19 Recep 1448
20261229|0648|0820|1310|1529|1750|1916|20 Recep 1448
20261230|0649|0820|1311|1530|1751|1917|21 Recep 1448
20261231|0649|0821|1311|1531|1751|1918|22 Recep 1448
20270101|0649|0821|1311|1531|1752|1918|23 Recep 1448
20270102|0649|0821|1312|1532|1753|1919|24 Recep 1448
20270103|0649|0821|1312|1533|1754|1920|25 Recep 1448
20270104|0650|0821|1313|1534|1755|1921|26 Recep 1448
20270105|0650|0821|1313|1535|1756|1922|27 Recep 1448
20270106|0650|0821|1314|1535|1757|1922|28 Recep 1448
20270107|0650|0821|1314|1536|1758|1923|29 Recep 1448
20270108|0650|0821|1315|1537|1759|1924|30 Recep 1448
20270109|0650|0821|1315|1538|1800|1925|1 Şaban 1448
20270110|0650|0820|1315|1539|1801|1926|2 Şaban 1448
20270111|0650|0820|1316|1540|1802|1927|3 Şaban 1448
20270112|0649|0820|1316|1541|1803|1928|4 Şaban 1448
20270113|0649|0820|1317|1542|1804|1929|5 Şaban 1448
20270114|0649|0819|1317|1543|1805|1930|6 Şaban 1448
20270115|0649|0819|1317|1544|1806|1931|7 Şaban 1448
20270116|0649|0819|1318|1545|1807|1932|8 Şaban 1448
20270117|0648|0818|1318|1546|1808|1932|9 Şaban 1448
20270118|0648|0818|1318|1547|1809|1933|10 Şaban 1448
20270119|0648|0817|1319|1548|1810|1934|11 Şaban 1448
20270120|0647|0817|1319|1549|1812|1935|12 Şaban 1448
20270121|0647|0816|1319|1550|1813|1937|13 Şaban 1448
20270122|0646|0815|1320|1551|1814|1938|14 Şaban 1448
20270123|0646|0815|1320|1552|1815|1939|15 Şaban 1448
20270124|0645|0814|1320|1553|1816|1940|16 Şaban 1448
20270125|0645|0813|1320|1554|1818|1941|17 Şaban 1448
20270126|0644|0812|1321|1555|1819|1942|18 Şaban 1448
20270127|0644|0812|1321|1556|1820|1943|19 Şaban 1448
20270128|0643|0811|1321|1557|1821|1944|20 Şaban 1448
20270129|0642|0810|1321|1558|1823|1945|21 Şaban 1448
20270130|0642|0809|1321|1559|1824|1946|22 Şaban 1448
20270131|0641|0808|1322|1600|1825|1947|23 Şaban 1448
20270201|0640|0807|1322|1601|1826|1948|24 Şaban 1448
20270202|0639|0806|1322|1602|1827|1949|25 Şaban 1448
20270203|0638|0805|1322|1603|1829|1950|26 Şaban 1448
20270204|0638|0804|1322|1604|1830|1951|27 Şaban 1448
20270205|0637|0803|1322|1605|1831|1952|28 Şaban 1448
20270206|0636|0802|1322|1606|1832|1954|29 Şaban 1448
20270207|0635|0801|1322|1607|1834|1955|30 Şaban 1448
20270208|0634|0800|1322|1608|1835|1956|1 Ramazan 1448
20270209|0633|0759|1322|1609|1836|1957|2 Ramazan 1448
20270210|0632|0758|1322|1610|1837|1958|3 Ramazan 1448
20270211|0631|0756|1322|1611|1839|1959|4 Ramazan 1448
20270212|0630|0755|1322|1612|1840|2000|5 Ramazan 1448
20270213|0628|0754|1322|1613|1841|2001|6 Ramazan 1448
20270214|0627|0753|1322|1614|1842|2002|7 Ramazan 1448
20270215|0626|0751|1322|1615|1844|2003|8 Ramazan 1448
20270216|0625|0750|1322|1616|1845|2005|9 Ramazan 1448
20270217|0624|0749|1322|1617|1846|2006|10 Ramazan 1448
20270218|0622|0747|1322|1618|1847|2007|11 Ramazan 1448
20270219|0621|0746|1322|1619|1848|2008|12 Ramazan 1448
20270220|0620|0745|1322|1620|1850|2009|13 Ramazan 1448
20270221|0619|0743|1322|1621|1851|2010|14 Ramazan 1448
20270222|0617|0742|1322|1621|1852|2011|15 Ramazan 1448
20270223|0616|0740|1322|1622|1853|2012|16 Ramazan 1448
20270224|0614|0739|1322|1623|1854|2013|17 Ramazan 1448
20270225|0613|0737|1321|1624|1855|2015|18 Ramazan 1448
20270226|0612|0736|1321|1625|1857|2016|19 Ramazan 1448
20270227|0610|0734|1321|1626|1858|2017|20 Ramazan 1448
20270228|0609|0733|1321|1626|1859|2018|21 Ramazan 1448
20270301|0607|0731|1321|1627|1900|2019|22 Ramazan 1448
20270302|0606|0730|1321|1628|1901|2020|23 Ramazan 1448
20270303|0604|0728|1320|1629|1902|2021|24 Ramazan 1448
20270304|0603|0727|1320|1629|1904|2022|25 Ramazan 1448
20270305|0601|0725|1320|1630|1905|2023|26 Ramazan 1448
20270306|0559|0724|1320|1631|1906|2025|27 Ramazan 1448
20270307|0558|0722|1319|1632|1907|2026|28 Ramazan 1448
20270308|0556|0720|1319|1632|1908|2027|29 Ramazan 1448
20270309|0555|0719|1319|1633|1909|2028|1 Şevval 1448
20270310|0553|0717|1319|1634|1910|2029|2 Şevval 1448
20270311|0551|0716|1318|1634|1911|2030|3 Şevval 1448
20270312|0550|0714|1318|1635|1913|2031|4 Şevval 1448
20270313|0548|0712|1318|1635|1914|2033|5 Şevval 1448
20270314|0546|0711|1318|1636|1915|2034|6 Şevval 1448
20270315|0545|0709|1317|1637|1916|2035|7 Şevval 1448
20270316|0543|0707|1317|1637|1917|2036|8 Şevval 1448
20270317|0541|0706|1317|1638|1918|2037|9 Şevval 1448
20270318|0539|0704|1317|1638|1919|2038|10 Şevval 1448
20270319|0537|0702|1316|1639|1920|2040|11 Şevval 1448
20270320|0536|0701|1316|1640|1921|2041|12 Şevval 1448
20270321|0534|0659|1316|1640|1922|2042|13 Şevval 1448
20270322|0532|0657|1315|1641|1923|2043|14 Şevval 1448
20270323|0530|0656|1315|1641|1924|2044|15 Şevval 1448
20270324|0528|0654|1315|1642|1925|2045|16 Şevval 1448
20270325|0527|0652|1314|1642|1927|2047|17 Şevval 1448
20270326|0525|0651|1314|1643|1928|2048|18 Şevval 1448
20270327|0523|0649|1314|1643|1929|2049|19 Şevval 1448
20270328|0521|0647|1314|1644|1930|2050|20 Şevval 1448
20270329|0519|0646|1313|1644|1931|2052|21 Şevval 1448
20270330|0517|0644|1313|1645|1932|2053|22 Şevval 1448
20270331|0516|0642|1313|1645|1933|2054|23 Şevval 1448
20270401|0514|0641|1312|1645|1934|2055|24 Şevval 1448
20270402|0512|0639|1312|1646|1935|2057|25 Şevval 1448
20270403|0510|0637|1312|1646|1936|2058|26 Şevval 1448
20270404|0508|0636|1311|1647|1937|2059|27 Şevval 1448
20270405|0506|0634|1311|1647|1938|2101|28 Şevval 1448
20270406|0504|0633|1311|1647|1939|2102|29 Şevval 1448
20270407|0502|0631|1311|1648|1940|2103|30 Şevval 1448
20270408|0500|0629|1310|1648|1941|2104|1 Zilkade 1448
20270409|0458|0628|1310|1649|1942|2106|2 Zilkade 1448
20270410|0457|0626|1310|1649|1943|2107|3 Zilkade 1448
20270411|0455|0625|1310|1649|1945|2108|4 Zilkade 1448
20270412|0453|0623|1309|1650|1946|2110|5 Zilkade 1448
20270413|0451|0621|1309|1650|1947|2111|6 Zilkade 1448
20270414|0449|0620|1309|1650|1948|2113|7 Zilkade 1448
20270415|0447|0618|1308|1651|1949|2114|8 Zilkade 1448
20270416|0445|0617|1308|1651|1950|2115|9 Zilkade 1448
20270417|0443|0615|1308|1651|1951|2117|10 Zilkade 1448
20270418|0441|0614|1308|1652|1952|2118|11 Zilkade 1448
20270419|0439|0612|1308|1652|1953|2120|12 Zilkade 1448
20270420|0437|0611|1307|1652|1954|2121|13 Zilkade 1448
20270421|0436|0609|1307|1653|1955|2122|14 Zilkade 1448
20270422|0434|0608|1307|1653|1956|2124|15 Zilkade 1448
20270423|0432|0606|1307|1653|1957|2125|16 Zilkade 1448
20270424|0430|0605|1307|1654|1958|2127|17 Zilkade 1448
20270425|0428|0603|1306|1654|1959|2128|18 Zilkade 1448
20270426|0426|0602|1306|1654|2000|2130|19 Zilkade 1448
20270427|0424|0601|1306|1654|2001|2131|20 Zilkade 1448
20270428|0422|0559|1306|1655|2002|2133|21 Zilkade 1448
20270429|0421|0558|1306|1655|2004|2134|22 Zilkade 1448
20270430|0419|0557|1306|1655|2005|2136|23 Zilkade 1448
20270501|0417|0555|1305|1656|2006|2137|24 Zilkade 1448
20270502|0415|0554|1305|1656|2007|2139|25 Zilkade 1448
20270503|0413|0553|1305|1656|2008|2140|26 Zilkade 1448
20270504|0412|0552|1305|1657|2009|2142|27 Zilkade 1448
20270505|0410|0550|1305|1657|2010|2143|28 Zilkade 1448
20270506|0408|0549|1305|1657|2011|2145|29 Zilkade 1448
20270507|0406|0548|1305|1657|2012|2146|1 Zilhicce 1448
20270508|0405|0547|1305|1658|2013|2148|2 Zilhicce 1448
20270509|0403|0546|1305|1658|2014|2149|3 Zilhicce 1448
20270510|0401|0545|1305|1658|2015|2151|4 Zilhicce 1448
20270511|0400|0543|1305|1658|2016|2152|5 Zilhicce 1448
20270512|0358|0542|1305|1659|2017|2154|6 Zilhicce 1448
20270513|0357|0541|1305|1659|2018|2155|7 Zilhicce 1448
20270514|0355|0540|1305|1659|2019|2157|8 Zilhicce 1448
20270515|0353|0539|1305|1700|2020|2158|9 Zilhicce 1448
20270516|0352|0538|1305|1700|2021|2200|10 Zilhicce 1448
20270517|0350|0537|1305|1700|2022|2201|11 Zilhicce 1448
20270518|0349|0537|1305|1700|2023|2203|12 Zilhicce 1448
20270519|0348|0536|1305|1701|2024|2204|13 Zilhicce 1448
20270520|0346|0535|1305|1701|2025|2206|14 Zilhicce 1448
20270521|0345|0534|1305|1701|2026|2207|15 Zilhicce 1448
20270522|0343|0533|1305|1702|2027|2208|16 Zilhicce 1448
20270523|0342|0532|1305|1702|2028|2210|17 Zilhicce 1448
20270524|0341|0532|1305|1702|2028|2211|18 Zilhicce 1448
20270525|0340|0531|1305|1702|2029|2212|19 Zilhicce 1448
20270526|0338|0530|1305|1703|2030|2214|20 Zilhicce 1448
20270527|0337|0530|1305|1703|2031|2215|21 Zilhicce 1448
20270528|0336|0529|1305|1703|2032|2216|22 Zilhicce 1448
20270529|0335|0529|1306|1704|2033|2218|23 Zilhicce 1448
20270530|0334|0528|1306|1704|2033|2219|24 Zilhicce 1448
20270531|0333|0528|1306|1704|2034|2220|25 Zilhicce 1448
20270601|0332|0527|1306|1704|2035|2221|26 Zilhicce 1448
20270602|0331|0527|1306|1705|2036|2222|27 Zilhicce 1448
20270603|0330|0526|1306|1705|2036|2224|28 Zilhicce 1448
20270604|0330|0526|1306|1705|2037|2225|29 Zilhicce 1448
20270605|0329|0525|1307|1706|2038|2226|30 Zilhicce 1448
20270606|0328|0525|1307|1706|2039|2227|1 Muharrem 1449
20270607|0327|0525|1307|1706|2039|2228|2 Muharrem 1449
20270608|0327|0525|1307|1706|2040|2229|3 Muharrem 1449
20270609|0326|0524|1307|1707|2040|2229|4 Muharrem 1449
20270610|0326|0524|1308|1707|2041|2230|5 Muharrem 1449
20270611|0325|0524|1308|1707|2041|2231|6 Muharrem 1449
20270612|0325|0524|1308|1707|2042|2232|7 Muharrem 1449
20270613|0325|0524|1308|1708|2042|2233|8 Muharrem 1449
20270614|0324|0524|1308|1708|2043|2233|9 Muharrem 1449
20270615|0324|0524|1309|1708|2043|2234|10 Muharrem 1449
20270616|0324|0524|1309|1708|2044|2234|11 Muharrem 1449
20270617|0324|0524|1309|1709|2044|2235|12 Muharrem 1449
20270618|0324|0524|1309|1709|2045|2235|13 Muharrem 1449
20270619|0324|0524|1309|1709|2045|2236|14 Muharrem 1449
20270620|0324|0524|1310|1709|2045|2236|15 Muharrem 1449
20270621|0324|0525|1310|1710|2045|2236|16 Muharrem 1449
20270622|0324|0525|1310|1710|2046|2237|17 Muharrem 1449
20270623|0325|0525|1310|1710|2046|2237|18 Muharrem 1449
20270624|0325|0525|1311|1710|2046|2237|19 Muharrem 1449
20270625|0325|0526|1311|1710|2046|2237|20 Muharrem 1449
20270626|0326|0526|1311|1711|2046|2237|21 Muharrem 1449
20270627|0326|0526|1311|1711|2046|2237|22 Muharrem 1449
20270628|0327|0527|1311|1711|2046|2237|23 Muharrem 1449
20270629|0328|0527|1312|1711|2046|2237|24 Muharrem 1449
20270630|0328|0528|1312|1711|2046|2236|25 Muharrem 1449
20270701|0329|0528|1312|1711|2046|2236|26 Muharrem 1449
20270702|0330|0529|1312|1712|2046|2236|27 Muharrem 1449
20270703|0330|0529|1312|1712|2046|2235|28 Muharrem 1449
20270704|0331|0530|1313|1712|2046|2235|29 Muharrem 1449
20270705|0332|0530|1313|1712|2045|2234|1 Safer 1449
20270706|0333|0531|1313|1712|2045|2234|2 Safer 1449
20270707|0334|0531|1313|1712|2045|2233|3 Safer 1449
20270708|0335|0532|1313|1712|2045|2233|4 Safer 1449
20270709|0336|0533|1313|1712|2044|2232|5 Safer 1449
20270710|0337|0533|1314|1712|2044|2231|6 Safer 1449
20270711|0338|0534|1314|1712|2043|2230|7 Safer 1449
20270712|0340|0535|1314|1712|2043|2229|8 Safer 1449
20270713|0341|0535|1314|1712|2043|2229|9 Safer 1449
20270714|0342|0536|1314|1712|2042|2228|10 Safer 1449
20270715|0343|0537|1314|1712|2041|2227|11 Safer 1449
20270716|0345|0538|1314|1712|2041|2226|12 Safer 1449
20270717|0346|0539|1314|1712|2040|2224|13 Safer 1449
20270718|0347|0539|1314|1712|2040|2223|14 Safer 1449
20270719|0349|0540|1315|1712|2039|2222|15 Safer 1449
20270720|0350|0541|1315|1712|2038|2221|16 Safer 1449
20270721|0351|0542|1315|1712|2037|2220|17 Safer 1449
20270722|0353|0543|1315|1711|2037|2219|18 Safer 1449
20270723|0354|0544|1315|1711|2036|2217|19 Safer 1449
20270724|0356|0545|1315|1711|2035|2216|20 Safer 1449
20270725|0357|0545|1315|1711|2034|2215|21 Safer 1449
20270726|0359|0546|1315|1711|2033|2213|22 Safer 1449
20270727|0400|0547|1315|1710|2032|2212|23 Safer 1449
20270728|0402|0548|1315|1710|2031|2210|24 Safer 1449
20270729|0403|0549|1315|1710|2030|2209|25 Safer 1449
20270730|0405|0550|1315|1710|2029|2207|26 Safer 1449
20270731|0406|0551|1315|1709|2028|2206|27 Safer 1449
20270801|0408|0552|1315|1709|2027|2204|28 Safer 1449
20270802|0409|0553|1315|1709|2026|2203|29 Safer 1449
20270803|0411|0554|1315|1708|2025|2201|1 Rebiulevvel 1449
20270804|0412|0555|1314|1708|2024|2200|2 Rebiulevvel 1449
20270805|0414|0556|1314|1707|2023|2158|3 Rebiulevvel 1449
20270806|0415|0557|1314|1707|2022|2156|4 Rebiulevvel 1449
20270807|0417|0558|1314|1706|2021|2155|5 Rebiulevvel 1449
20270808|0418|0559|1314|1706|2019|2153|6 Rebiulevvel 1449
20270809|0420|0600|1314|1705|2018|2151|7 Rebiulevvel 1449
20270810|0421|0601|1314|1705|2017|2149|8 Rebiulevvel 1449
20270811|0423|0602|1314|1704|2016|2148|9 Rebiulevvel 1449
20270812|0424|0603|1313|1704|2014|2146|10 Rebiulevvel 1449
20270813|0426|0604|1313|1703|2013|2144|11 Rebiulevvel 1449
20270814|0427|0605|1313|1703|2012|2142|12 Rebiulevvel 1449
20270815|0429|0606|1313|1702|2010|2141|13 Rebiulevvel 1449
20270816|0430|0607|1313|1701|2009|2139|14 Rebiulevvel 1449
20270817|0432|0608|1313|1701|2007|2137|15 Rebiulevvel 1449
20270818|0433|0609|1312|1700|2006|2135|16 Rebiulevvel 1449
20270819|0434|0610|1312|1659|2005|2133|17 Rebiulevvel 1449
20270820|0436|0611|1312|1659|2003|2131|18 Rebiulevvel 1449
20270821|0437|0612|1312|1658|2002|2130|19 Rebiulevvel 1449
20270822|0439|0613|1311|1657|2000|2128|20 Rebiulevvel 1449
20270823|0440|0614|1311|1656|1959|2126|21 Rebiulevvel 1449
20270824|0442|0615|1311|1656|1957|2124|22 Rebiulevvel 1449
20270825|0443|0616|1311|1655|1956|2122|23 Rebiulevvel 1449
20270826|0444|0617|1310|1654|1954|2120|24 Rebiulevvel 1449
20270827|0446|0618|1310|1653|1952|2118|25 Rebiulevvel 1449
20270828|0447|0619|1310|1652|1951|2116|26 Rebiulevvel 1449
20270829|0448|0620|1309|1652|1949|2114|27 Rebiulevvel 1449
20270830|0450|0621|1309|1651|1948|2113|28 Rebiulevvel 1449
20270831|0451|0622|1309|1650|1946|2111|29 Rebiulevvel 1449
20270901|0452|0623|1309|1649|1945|2109|30 Rebiulevvel 1449
20270902|0454|0624|1308|1648|1943|2107|1 Rebiulahir 1449
20270903|0455|0624|1308|1647|1941|2105|2 Rebiulahir 1449
20270904|0456|0625|1308|1646|1940|2103|3 Rebiulahir 1449
20270905|0458|0626|1307|1645|1938|2101|4 Rebiulahir 1449
20270906|0459|0627|1307|1644|1936|2059|5 Rebiulahir 1449
20270907|0500|0628|1307|1643|1935|2057|6 Rebiulahir 1449
20270908|0501|0629|1306|1642|1933|2055|7 Rebiulahir 1449
20270909|0503|0630|1306|1641|1931|2053|8 Rebiulahir 1449
20270910|0504|0631|1306|1640|1930|2052|9 Rebiulahir 1449
20270911|0505|0632|1305|1639|1928|2050|10 Rebiulahir 1449
20270912|0506|0633|1305|1638|1926|2048|11 Rebiulahir 1449
20270913|0507|0634|1304|1637|1925|2046|12 Rebiulahir 1449
20270914|0509|0635|1304|1636|1923|2044|13 Rebiulahir 1449
20270915|0510|0636|1304|1635|1921|2042|14 Rebiulahir 1449
20270916|0511|0637|1303|1633|1920|2040|15 Rebiulahir 1449
20270917|0512|0638|1303|1632|1918|2038|16 Rebiulahir 1449
20270918|0513|0639|1303|1631|1916|2036|17 Rebiulahir 1449
20270919|0514|0640|1302|1630|1914|2035|18 Rebiulahir 1449
20270920|0516|0641|1302|1629|1913|2033|19 Rebiulahir 1449
20270921|0517|0642|1302|1628|1911|2031|20 Rebiulahir 1449
20270922|0518|0643|1301|1627|1909|2029|21 Rebiulahir 1449
20270923|0519|0644|1301|1625|1908|2027|22 Rebiulahir 1449
20270924|0520|0645|1301|1624|1906|2025|23 Rebiulahir 1449
20270925|0521|0646|1300|1623|1904|2024|24 Rebiulahir 1449
20270926|0522|0647|1300|1622|1903|2022|25 Rebiulahir 1449
20270927|0523|0648|1259|1621|1901|2020|26 Rebiulahir 1449
20270928|0525|0649|1259|1620|1859|2018|27 Rebiulahir 1449
20270929|0526|0650|1259|1618|1857|2017|28 Rebiulahir 1449
20270930|0527|0651|1258|1617|1856|2015|29 Rebiulahir 1449
20271001|0528|0652|1258|1616|1854|2013|1 Cemaziyelevvel 1449
20271002|0529|0653|1258|1615|1852|2011|2 Cemaziyelevvel 1449
20271003|0530|0654|1258|1614|1851|2010|3 Cemaziyelevvel 1449
20271004|0531|0655|1257|1612|1849|2008|4 Cemaziyelevvel 1449
20271005|0532|0656|1257|1611|1847|2006|5 Cemaziyelevvel 1449
20271006|0533|0657|1257|1610|1846|2005|6 Cemaziyelevvel 1449
20271007|0534|0658|1256|1609|1844|2003|7 Cemaziyelevvel 1449
20271008|0535|0659|1256|1607|1843|2001|8 Cemaziyelevvel 1449
20271009|0536|0701|1256|1606|1841|2000|9 Cemaziyelevvel 1449
20271010|0537|0702|1255|1605|1839|1958|10 Cemaziyelevvel 1449
20271011|0539|0703|1255|1604|1838|1957|11 Cemaziyelevvel 1449
20271012|0540|0704|1255|1603|1836|1955|12 Cemaziyelevvel 1449
20271013|0541|0705|1255|1601|1835|1953|13 Cemaziyelevvel 1449
20271014|0542|0706|1254|1600|1833|1952|14 Cemaziyelevvel 1449
20271015|0543|0707|1254|1559|1831|1950|15 Cemaziyelevvel 1449
20271016|0544|0708|1254|1558|1830|1949|16 Cemaziyelevvel 1449
20271017|0545|0709|1254|1557|1828|1947|17 Cemaziyelevvel 1449
20271018|0546|0710|1254|1556|1827|1946|18 Cemaziyelevvel 1449
20271019|0547|0711|1253|1554|1825|1945|19 Cemaziyelevvel 1449
20271020|0548|0712|1253|1553|1824|1943|20 Cemaziyelevvel 1449
20271021|0549|0714|1253|1552|1822|1942|21 Cemaziyelevvel 1449
20271022|0550|0715|1253|1551|1821|1940|22 Cemaziyelevvel 1449
20271023|0551|0716|1253|1550|1820|1939|23 Cemaziyelevvel 1449
20271024|0552|0717|1253|1549|1818|1938|24 Cemaziyelevvel 1449
20271025|0553|0718|1252|1548|1817|1936|25 Cemaziyelevvel 1449
20271026|0554|0719|1252|1547|1815|1935|26 Cemaziyelevvel 1449
20271027|0555|0720|1252|1546|1814|1934|27 Cemaziyelevvel 1449
20271028|0556|0722|1252|1545|1813|1933|28 Cemaziyelevvel 1449
20271029|0557|0723|1252|1543|1811|1931|29 Cemaziyelevvel 1449
20271030|0558|0724|1252|1542|1810|1930|30 Cemaziyelevvel 1449
20271031|0559|0725|1252|1541|1809|1929|1 Cemaziyelahir 1449
20271101|0600|0726|1252|1540|1808|1928|2 Cemaziyelahir 1449
20271102|0601|0727|1252|1539|1806|1927|3 Cemaziyelahir 1449
20271103|0602|0729|1252|1539|1805|1926|4 Cemaziyelahir 1449
20271104|0604|0730|1252|1538|1804|1925|5 Cemaziyelahir 1449
20271105|0605|0731|1252|1537|1803|1924|6 Cemaziyelahir 1449
20271106|0606|0732|1252|1536|1802|1923|7 Cemaziyelahir 1449
20271107|0607|0733|1252|1535|1801|1922|8 Cemaziyelahir 1449
20271108|0608|0734|1252|1534|1800|1921|9 Cemaziyelahir 1449
20271109|0609|0736|1252|1533|1758|1920|10 Cemaziyelahir 1449
20271110|0610|0737|1252|1532|1757|1919|11 Cemaziyelahir 1449
20271111|0611|0738|1252|1532|1756|1918|12 Cemaziyelahir 1449
20271112|0612|0739|1252|1531|1755|1918|13 Cemaziyelahir 1449
20271113|0613|0740|1252|1530|1755|1917|14 Cemaziyelahir 1449
20271114|0614|0742|1253|1529|1754|1916|15 Cemaziyelahir 1449
20271115|0615|0743|1253|1529|1753|1915|16 Cemaziyelahir 1449
20271116|0616|0744|1253|1528|1752|1915|17 Cemaziyelahir 1449
20271117|0617|0745|1253|1527|1751|1914|18 Cemaziyelahir 1449
20271118|0618|0746|1253|1527|1750|1913|19 Cemaziyelahir 1449
20271119|0619|0747|1253|1526|1750|1913|20 Cemaziyelahir 1449
20271120|0620|0749|1254|1526|1749|1912|21 Cemaziyelahir 1449
20271121|0621|0750|1254|1525|1748|1912|22 Cemaziyelahir 1449
20271122|0622|0751|1254|1525|1748|1911|23 Cemaziyelahir 1449
20271123|0623|0752|1254|1524|1747|1911|24 Cemaziyelahir 1449
20271124|0624|0753|1255|1524|1746|1910|25 Cemaziyelahir 1449
20271125|0625|0754|1255|1523|1746|1910|26 Cemaziyelahir 1449
20271126|0626|0755|1255|1523|1745|1910|27 Cemaziyelahir 1449
20271127|0627|0756|1256|1523|1745|1909|28 Cemaziyelahir 1449
20271128|0627|0758|1256|1522|1744|1909|29 Cemaziyelahir 1449
20271129|0628|0759|1256|1522|1744|1909|1 Recep 1449
20271130|0629|0800|1257|1522|1744|1909|2 Recep 1449
20271201|0630|0801|1257|1522|1743|1908|3 Recep 1449
20271202|0631|0802|1257|1521|1743|1908|4 Recep 1449
20271203|0632|0803|1258|1521|1743|1908|5 Recep 1449
20271204|0633|0804|1258|1521|1743|1908|6 Recep 1449
20271205|0634|0805|1259|1521|1742|1908|7 Recep 1449
20271206|0635|0806|1259|1521|1742|1908|8 Recep 1449
20271207|0635|0807|1259|1521|1742|1908|9 Recep 1449
20271208|0636|0808|1300|1521|1742|1908|10 Recep 1449
20271209|0637|0808|1300|1521|1742|1908|11 Recep 1449
20271210|0638|0809|1301|1521|1742|1908|12 Recep 1449
20271211|0638|0810|1301|1521|1742|1908|13 Recep 1449
20271212|0639|0811|1302|1522|1742|1909|14 Recep 1449
20271213|0640|0812|1302|1522|1742|1909|15 Recep 1449
20271214|0641|0812|1303|1522|1743|1909|16 Recep 1449
20271215|0641|0813|1303|1522|1743|1909|17 Recep 1449
20271216|0642|0814|1304|1523|1743|1910|18 Recep 1449
20271217|0643|0815|1304|1523|1743|1910|19 Recep 1449
20271218|0643|0815|1304|1523|1744|1910|20 Recep 1449
20271219|0644|0816|1305|1524|1744|1911|21 Recep 1449
20271220|0644|0816|1305|1524|1745|1911|22 Recep 1449
20271221|0645|0817|1306|1524|1745|1912|23 Recep 1449
20271222|0645|0818|1306|1525|1745|1912|24 Recep 1449
20271223|0646|0818|1307|1525|1746|1913|25 Recep 1449
20271224|0646|0818|1307|1526|1746|1913|26 Recep 1449
20271225|0647|0819|1308|1527|1747|1914|27 Recep 1449
20271226|0647|0819|1308|1527|1748|1914|28 Recep 1449
20271227|0648|0820|1309|1528|1748|1915|29 Recep 1449
20271228|0648|0820|1309|1528|1749|1915|30 Recep 1449
20271229|0648|0820|1310|1529|1750|1916|1 Şaban 1449
20271230|0649|0820|1310|1530|1750|1917|2 Şaban 1449
20271231|0649|0821|1311|1530|1751|1918|3 Şaban 1449
#@9543|Küçükçekmece|ISTANBUL|730
20260101|0651|0823|1313|1533|1754|1920|12 Recep 1447
20260102|0651|0823|1314|1534|1755|1921|13 Recep 1447
20260103|0651|0823|1314|1534|1755|1922|14 Recep 1447
20260104|0651|0823|1315|1535|1756|1922|15 Recep 1447
20260105|0651|0823|1315|1536|1757|1923|16 Recep 1447
20260106|0652|0823|1315|1537|1758|1924|17 Recep 1447
20260107|0652|0823|1316|1538|1759|1925|18 Recep 1447
20260108|0652|0823|1316|1539|1800|1926|19 Recep 1447
20260109|0651|0823|1317|1540|1801|1927|20 Recep 1447
20260110|0651|0822|1317|1541|1802|1928|21 Recep 1447
20260111|0651|0822|1318|1542|1803|1928|22 Recep 1447
20260112|0651|0822|1318|1542|1804|1929|23 Recep 1447
20260113|0651|0821|1318|1543|1805|1930|24 Recep 1447
20260114|0651|0821|1319|1544|1806|1931|25 Recep 1447
20260115|0651|0821|1319|1545|1807|1932|26 Recep 1447
20260116|0650|0820|1319|1546|1809|1933|27 Recep 1447
20260117|0650|0820|1320|1547|1810|1934|28 Recep 1447
20260118|0650|0819|1320|1548|1811|1935|29 Recep 1447
20260119|0649|0819|1320|1549|1812|1936|30 Recep 1447
20260120|0649|0818|1321|1550|1813|1937|1 Şaban 1447
20260121|0648|0818|1321|1552|1814|1938|2 Şaban 1447
20260122|0648|0817|1321|1553|1816|1939|3 Şaban 1447
20260123|0647|0816|1322|1554|1817|1940|4 Şaban 1447
20260124|0647|0816|1322|1555|1818|1941|5 Şaban 1447
20260125|0646|0815|1322|1556|1819|1942|6 Şaban 1447
20260126|0646|0814|1322|1557|1820|1943|7 Şaban 1447
20260127|0645|0813|1323|1558|1822|1945|8 Şaban 1447
20260128|0644|0813|1323|1559|1823|1946|9 Şaban 1447
20260129|0644|0812|1323|1600|1824|1947|10 Şaban 1447
20260130|0643|0811|1323|1601|1825|1948|11 Şaban 1447
20260131|0642|0810|1323|1602|1827|1949|12 Şaban 1447
20260201|0642|0809|1323|1603|1828|1950|13 Şaban 1447
20260202|0641|0808|1323|1604|1829|1951|14 Şaban 1447
20260203|0640|0807|1324|1605|1830|1952|15 Şaban 1447
20260204|0639|0806|1324|1606|1832|1953|16 Şaban 1447
20260205|0638|0805|1324|1607|1833|1954|17 Şaban 1447
20260206|0637|0804|1324|1608|1834|1955|18 Şaban 1447
20260207|0636|0803|1324|1609|1835|1956|19 Şaban 1447
20260208|0635|0801|1324|1610|1837|1958|20 Şaban 1447
20260209|0634|0800|1324|1611|1838|1959|21 Şaban 1447
20260210|0633|0759|1324|1612|1839|2000|22 Şaban 1447
20260211|0632|0758|1324|1613|1840|2001|23 Şaban 1447
20260212|0631|0757|1324|1614|1842|2002|24 Şaban 1447
20260213|0630|0755|1324|1615|1843|2003|25 Şaban 1447
20260214|0629|0754|1324|1616|1844|2004|26 Şaban 1447
20260215|0627|0753|1324|1617|1845|2005|27 Şaban 1447
20260216|0626|0751|1324|1618|1846|2006|28 Şaban 1447
20260217|0625|0750|1324|1619|1848|2008|29 Şaban 1447
20260218|0624|0749|1324|1620|1849|2009|30 Şaban 1447
20260219|0622|0747|1324|1620|1850|2010|1 Ramazan 1447
20260220|0621|0746|1324|1621|1851|2011|2 Ramazan 1447
20260221|0620|0745|1324|1622|1853|2012|3 Ramazan 1447
20260222|0618|0743|1323|1623|1854|2013|4 Ramazan 1447
20260223|0617|0742|1323|1624|1855|2014|5 Ramazan 1447
20260224|0616|0740|1323|1625|1856|2015|6 Ramazan 1447
20260225|0614|0739|1323|1626|1857|2016|7 Ramazan 1447
20260226|0613|0737|1323|1626|1858|2018|8 Ramazan 1447
20260227|0611|0736|1323|1627|1900|2019|9 Ramazan 1447
20260228|0610|0734|1322|1628|1901|2020|10 Ramazan 1447
20260301|0608|0733|1322|1629|1902|2021|11 Ramazan 1447
20260302|0607|0731|1322|1630|1903|2022|12 Ramazan 1447
20260303|0605|0730|1322|1630|1904|2023|13 Ramazan 1447
20260304|0604|0728|1322|1631|1905|2024|14 Ramazan 1447
20260305|0602|0726|1321|1632|1906|2025|15 Ramazan 1447
20260306|0601|0725|1321|1633|1908|2027|16 Ramazan 1447
20260307|0559|0723|1321|1633|1909|2028|17 Ramazan 1447
20260308|0557|0722|1321|1634|1910|2029|18 Ramazan 1447
20260309|0556|0720|1321|1635|1911|2030|19 Ramazan 1447
20260310|0554|0718|1320|1635|1912|2031|20 Ramazan 1447
20260311|0552|0717|1320|1636|1913|2032|21 Ramazan 1447
20260312|0551|0715|1320|1637|1914|2033|22 Ramazan 1447
20260313|0549|0714|1319|1637|1915|2035|23 Ramazan 1447
20260314|0547|0712|1319|1638|1917|2036|24 Ramazan 1447
20260315|0546|0710|1319|1638|1918|2037|25 Ramazan 1447
20260316|0544|0709|1319|1639|1919|2038|26 Ramazan 1447
20260317|0542|0707|1318|1640|1920|2039|27 Ramazan 1447
20260318|0540|0705|1318|1640|1921|2040|28 Ramazan 1447
20260319|0539|0704|1318|1641|1922|2042|29 Ramazan 1447
20260320|0537|0702|1317|1641|1923|2043|1 Şevval 1447
20260321|0535|0700|1317|1642|1924|2044|2 Şevval 1447
20260322|0533|0659|1317|1642|1925|2045|3 Şevval 1447
20260323|0531|0657|1317|1643|1926|2046|4 Şevval 1447
20260324|0529|0655|1316|1643|1927|2048|5 Şevval 1447
20260325|0528|0654|1316|1644|1928|2049|6 Şevval 1447
20260326|0526|0652|1316|1644|1930|2050|7 Şevval 1447
20260327|0524|0650|1315|1645|1931|2051|8 Şevval 1447
20260328|0522|0649|1315|1645|1932|2052|9 Şevval 1447
20260329|0520|0647|1315|1646|1933|2054|10 Şevval 1447
20260330|0518|0645|1314|1646|1934|2055|11 Şevval 1447
20260331|0516|0644|1314|1647|1935|2056|12 Şevval 1447
20260401|0515|0642|1314|1647|1936|2058|13 Şevval 1447
20260402|0513|0640|1314|1648|1937|2059|14 Şevval 1447
20260403|0511|0639|1313|1648|1938|2100|15 Şevval 1447
20260404|0509|0637|1313|1648|1939|2101|16 Şevval 1447
20260405|0507|0635|1313|1649|1940|2103|17 Şevval 1447
20260406|0505|0634|1312|1649|1941|2104|18 Şevval 1447
20260407|0503|0632|1312|1650|1942|2105|19 Şevval 1447
20260408|0501|0630|1312|1650|1943|2107|20 Şevval 1447
20260409|0459|0629|1312|1650|1944|2108|21 Şevval 1447
20260410|0457|0627|1311|1651|1945|2109|22 Şevval 1447
20260411|0455|0626|1311|1651|1947|2111|23 Şevval 1447
20260412|0454|0624|1311|1651|1948|2112|24 Şevval 1447
20260413|0452|0622|1311|1652|1949|2113|25 Şevval 1447
20260414|0450|0621|1310|1652|1950|2115|26 Şevval 1447
20260415|0448|0619|1310|1652|1951|2116|27 Şevval 1447
20260416|0446|0618|1310|1653|1952|2118|28 Şevval 1447
20260417|0444|0616|1310|1653|1953|2119|29 Şevval 1447
20260418|0442|0615|1309|1653|1954|2120|1 Zilkade 1447
20260419|0440|0613|1309|1654|1955|2122|2 Zilkade 1447
20260420|0438|0612|1309|1654|1956|2123|3 Zilkade 1447
20260421|0436|0610|1309|1654|1957|2125|4 Zilkade 1447
20260422|0434|0609|1308|1655|1958|2126|5 Zilkade 1447
20260423|0433|0607|1308|1655|1959|2128|6 Zilkade 1447
20260424|0431|0606|1308|1655|2000|2129|7 Zilkade 1447
20260425|0429|0605|1308|1656|2001|2131|8 Zilkade 1447
20260426|0427|0603|1308|1656|2002|2132|9 Zilkade 1447
20260427|0425|0602|1308|1656|2003|2134|10 Zilkade 1447
20260428|0423|0600|1307|1657|2005|2135|11 Zilkade 1447
20260429|0421|0559|1307|1657|2006|2137|12 Zilkade 1447
20260430|0420|0558|1307|1657|2007|2138|13 Zilkade 1447
20260501|0418|0556|1307|1657|2008|2140|14 Zilkade 1447
20260502|0416|0555|1307|1658|2009|2141|15 Zilkade 1447
20260503|0414|0554|1307|1658|2010|2143|16 Zilkade 1447
20260504|0412|0553|1307|1658|2011|2144|17 Zilkade 1447
20260505|0411|0551|1307|1659|2012|2146|18 Zilkade 1447
20260506|0409|0550|1307|1659|2013|2147|19 Zilkade 1447
20260507|0407|0549|1306|1659|2014|2149|20 Zilkade 1447
20260508|0405|0548|1306|1659|2015|2150|21 Zilkade 1447
20260509|0404|0547|1306|1700|2016|2152|22 Zilkade 1447
20260510|0402|0546|1306|1700|2017|2153|23 Zilkade 1447
20260511|0400|0545|1306|1700|2018|2155|24 Zilkade 1447
20260512|0359|0543|1306|1701|2019|2156|25 Zilkade 1447
20260513|0357|0542|1306|1701|2020|2158|26 Zilkade 1447
20260514|0356|0541|1306|1701|2021|2159|27 Zilkade 1447
20260515|0354|0540|1306|1701|2022|2201|28 Zilkade 1447
20260516|0353|0539|1306|1702|2023|2202|29 Zilkade 1447
20260517|0351|0539|1306|1702|2024|2204|30 Zilkade 1447
20260518|0350|0538|1306|1702|2025|2205|1 Zilhicce 1447
20260519|0348|0537|1306|1703|2026|2207|2 Zilhicce 1447
20260520|0347|0536|1306|1703|2027|2208|3 Zilhicce 1447
20260521|0345|0535|1306|1703|2028|2210|4 Zilhicce 1447
20260522|0344|0534|1307|1703|2029|2211|5 Zilhicce 1447
20260523|0343|0534|1307|1704|2030|2212|6 Zilhicce 1447
20260524|0341|0533|1307|1704|2031|2214|7 Zilhicce 1447
20260525|0340|0532|1307|1704|2031|2215|8 Zilhicce 1447
20260526|0339|0532|1307|1705|2032|2216|9 Zilhicce 1447
20260527|0338|0531|1307|1705|2033|2218|10 Zilhicce 1447
20260528|0337|0530|1307|1705|2034|2219|11 Zilhicce 1447
20260529|0336|0530|1307|1705|2035|2220|12 Zilhicce 1447
20260530|0335|0529|1307|1706|2036|2222|13 Zilhicce 1447
20260531|0334|0529|1308|1706|2036|2223|14 Zilhicce 1447
20260601|0333|0528|1308|1706|2037|2224|15 Zilhicce 1447
20260602|0332|0528|1308|1707|2038|2225|16 Zilhicce 1447
20260603|0331|0527|1308|1707|2039|2226|17 Zilhicce 1447
20260604|0330|0527|1308|1707|2039|2227|18 Zilhicce 1447
20260605|0329|0527|1308|1707|2040|2228|19 Zilhicce 1447
20260606|0329|0526|1308|1708|2041|2229|20 Zilhicce 1447
20260607|0328|0526|1309|1708|2041|2230|21 Zilhicce 1447
20260608|0327|0526|1309|1708|2042|2231|22 Zilhicce 1447
20260609|0327|0526|1309|1708|2042|2232|23 Zilhicce 1447
20260610|0326|0526|1309|1709|2043|2233|24 Zilhicce 1447
20260611|0326|0525|1309|1709|2044|2234|25 Zilhicce 1447
20260612|0326|0525|1310|1709|2044|2234|26 Zilhicce 1447
20260613|0325|0525|1310|1710|2045|2235|27 Zilhicce 1447
20260614|0325|0525|1310|1710|2045|2236|28 Zilhicce 1447
20260615|0325|0525|1310|1710|2045|2236|29 Zilhicce 1447
20260616|0325|0525|1311|1710|2046|2237|1 Muharrem 1448
20260617|0325|0525|1311|1711|2046|2237|2 Muharrem 1448
20260618|0325|0525|1311|1711|2047|2238|3 Muharrem 1448
20260619|0325|0525|1311|1711|2047|2238|4 Muharrem 1448
20260620|0325|0526|1311|1711|2047|2238|5 Muharrem 1448
20260621|0325|0526|1312|1711|2047|2239|6 Muharrem 1448
20260622|0325|0526|1312|1712|2048|2239|7 Muharrem 1448
20260623|0326|0526|1312|1712|2048|2239|8 Muharrem 1448
20260624|0326|0527|1312|1712|2048|2239|9 Muharrem 1448
20260625|0326|0527|1312|1712|2048|2239|10 Muharrem 1448
20260626|0327|0527|1313|1713|2048|2239|11 Muharrem 1448
20260627|0327|0528|1313|1713|2048|2239|12 Muharrem 1448
20260628|0328|0528|1313|1713|2048|2239|13 Muharrem 1448
20260629|0328|0528|1313|1713|2048|2239|14 Muharrem 1448
20260630|0329|0529|1313|1713|2048|2239|15 Muharrem 1448
20260701|0330|0529|1314|1713|2048|2238|16 Muharrem 1448
20260702|0331|0530|1314|1713|2048|2238|17 Muharrem 1448
20260703|0331|0530|1314|1714|2048|2238|18 Muharrem 1448
20260704|0332|0531|1314|1714|2048|2237|19 Muharrem 1448
20260705|0333|0532|1314|1714|2047|2237|20 Muharrem 1448
20260706|0334|0532|1315|1714|2047|2236|21 Muharrem 1448
20260707|0335|0533|1315|1714|2047|2235|22 Muharrem 1448
20260708|0336|0533|1315|1714|2046|2235|23 Muharrem 1448
20260709|0337|0534|1315|1714|2046|2234|24 Muharrem 1448
20260710|0338|0535|1315|1714|2046|2233|25 Muharrem 1448
20260711|0340|0535|1315|1714|2045|2232|26 Muharrem 1448
20260712|0341|0536|1315|1714|2045|2232|27 Muharrem 1448
20260713|0342|0537|1316|1714|2044|2231|28 Muharrem 1448
20260714|0343|0538|1316|1714|2044|2230|29 Muharrem 1448
20260715|0345|0538|1316|1714|2043|2229|1 Safer 1448
20260716|0346|0539|1316|1714|2043|2228|2 Safer 1448
20260717|0347|0540|1316|1714|2042|2227|3 Safer 1448
20260718|0349|0541|1316|1714|2041|2225|4 Safer 1448
20260719|0350|0542|1316|1714|2041|2224|5 Safer 1448
20260720|0351|0543|1316|1714|2040|2223|6 Safer 1448
20260721|0353|0543|1316|1713|2039|2222|7 Safer 1448
20260722|0354|0544|1316|1713|2038|2221|8 Safer 1448
20260723|0356|0545|1316|1713|2038|2219|9 Safer 1448
20260724|0357|0546|1316|1713|2037|2218|10 Safer 1448
20260725|0358|0547|1316|1713|2036|2216|11 Safer 1448
20260726|0400|0548|1316|1712|2035|2215|12 Safer 1448
20260727|0401|0549|1316|1712|2034|2214|13 Safer 1448
20260728|0403|0550|1316|1712|2033|2212|14 Safer 1448
20260729|0404|0551|1316|1712|2032|2211|15 Safer 1448
20260730|0406|0552|1316|1711|2031|2209|16 Safer 1448
20260731|0407|0553|1316|1711|2030|2208|17 Safer 1448
20260801|0409|0554|1316|1711|2029|2206|18 Safer 1448
20260802|0411|0555|1316|1710|2028|2204|19 Safer 1448
20260803|0412|0555|1316|1710|2027|2203|20 Safer 1448
20260804|0414|0556|1316|1709|2026|2201|21 Safer 1448
20260805|0415|0557|1316|1709|2024|2200|22 Safer 1448
20260806|0417|0558|1316|1709|2023|2158|23 Safer 1448
20260807|0418|0559|1316|1708|2022|2156|24 Safer 1448
20260808|0420|0600|1316|1708|2021|2155|25 Safer 1448
20260809|0421|0601|1315|1707|2020|2153|26 Safer 1448
20260810|0423|0602|1315|1707|2018|2151|27 Safer 1448
20260811|0424|0603|1315|1706|2017|2149|28 Safer 1448
20260812|0426|0604|1315|1705|2016|2148|29 Safer 1448
20260813|0427|0605|1315|1705|2014|2146|30 Safer 1448
20260814|0429|0606|1315|1704|2013|2144|1 Rebiulevvel 1448
20260815|0430|0607|1314|1704|2012|2142|2 Rebiulevvel 1448
20260816|0432|0608|1314|1703|2010|2140|3 Rebiulevvel 1448
20260817|0433|0609|1314|1702|2009|2138|4 Rebiulevvel 1448
20260818|0435|0610|1314|1702|2007|2137|5 Rebiulevvel 1448
20260819|0436|0611|1314|1701|2006|2135|6 Rebiulevvel 1448
20260820|0437|0612|1313|1700|2004|2133|7 Rebiulevvel 1448
20260821|0439|0613|1313|1659|2003|2131|8 Rebiulevvel 1448
20260822|0440|0614|1313|1659|2002|2129|9 Rebiulevvel 1448
20260823|0442|0615|1313|1658|2000|2127|10 Rebiulevvel 1448
20260824|0443|0616|1312|1657|1958|2125|11 Rebiulevvel 1448
20260825|0444|0617|1312|1656|1957|2123|12 Rebiulevvel 1448
20260826|0446|0618|1312|1656|1955|2122|13 Rebiulevvel 1448
20260827|0447|0619|1312|1655|1954|2120|14 Rebiulevvel 1448
20260828|0449|0620|1311|1654|1952|2118|15 Rebiulevvel 1448
20260829|0450|0621|1311|1653|1951|2116|16 Rebiulevvel 1448
20260830|0451|0622|1311|1652|1949|2114|17 Rebiulevvel 1448
20260831|0453|0623|1310|1651|1947|2112|18 Rebiulevvel 1448
20260901|0454|0624|1310|1650|1946|2110|19 Rebiulevvel 1448
20260902|0455|0625|1310|1649|1944|2108|20 Rebiulevvel 1448
20260903|0457|0626|1309|1648|1943|2106|21 Rebiulevvel 1448
20260904|0458|0627|1309|1647|1941|2104|22 Rebiulevvel 1448
20260905|0459|0628|1309|1646|1939|2102|23 Rebiulevvel 1448
20260906|0500|0629|1308|1645|1938|2101|24 Rebiulevvel 1448
20260907|0502|0630|1308|1644|1936|2059|25 Rebiulevvel 1448
20260908|0503|0631|1308|1643|1934|2057|26 Rebiulevvel 1448
20260909|0504|0632|1307|1642|1933|2055|27 Rebiulevvel 1448
20260910|0505|0633|1307|1641|1931|2053|28 Rebiulevvel 1448
20260911|0507|0634|1307|1640|1929|2051|29 Rebiulevvel 1448
20260912|0508|0635|1306|1639|1928|2049|1 Rebiulahir 1448
20260913|0509|0636|1306|1638|1926|2047|2 Rebiulahir 1448
20260914|0510|0637|1306|1637|1924|2045|3 Rebiulahir 1448
20260915|0511|0638|1305|1636|1922|2043|4 Rebiulahir 1448
20260916|0513|0639|1305|1635|1921|2042|5 Rebiulahir 1448
20260917|0514|0640|1305|1634|1919|2040|6 Rebiulahir 1448
20260918|0515|0641|1304|1633|1917|2038|7 Rebiulahir 1448
20260919|0516|0642|1304|1631|1916|2036|8 Rebiulahir 1448
20260920|0517|0643|1303|1630|1914|2034|9 Rebiulahir 1448
20260921|0518|0644|1303|1629|1912|2032|10 Rebiulahir 1448
20260922|0520|0645|1303|1628|1911|2030|11 Rebiulahir 1448
20260923|0521|0646|1302|1627|1909|2029|12 Rebiulahir 1448
20260924|0522|0647|1302|1626|1907|2027|13 Rebiulahir 1448
20260925|0523|0648|1302|1624|1905|2025|14 Rebiulahir 1448
20260926|0524|0649|1301|1623|1904|2023|15 Rebiulahir 1448
20260927|0525|0650|1301|1622|1902|2021|16 Rebiulahir 1448
20260928|0526|0651|1301|1621|1900|2020|17 Rebiulahir 1448
20260929|0527|0652|1300|1620|1859|2018|18 Rebiulahir 1448
20260930|0529|0653|1300|1618|1857|2016|19 Rebiulahir 1448
20261001|0530|0654|1300|1617|1855|2014|20 Rebiulahir 1448
20261002|0531|0655|1259|1616|1854|2013|21 Rebiulahir 1448
20261003|0532|0656|1259|1615|1852|2011|22 Rebiulahir 1448
20261004|0533|0657|1259|1614|1850|2009|23 Rebiulahir 1448
20261005|0534|0658|1258|1612|1849|2008|24 Rebiulahir 1448
20261006|0535|0659|1258|1611|1847|2006|25 Rebiulahir 1448
20261007|0536|0700|1258|1610|1845|2004|26 Rebiulahir 1448
20261008|0537|0701|1258|1609|1844|2003|27 Rebiulahir 1448
20261009|0538|0702|1257|1607|1842|2001|28 Rebiulahir 1448
20261010|0539|0704|1257|1606|1841|1959|29 Rebiulahir 1448
20261011|0540|0705|1257|1605|1839|1958|30 Rebiulahir 1448
20261012|0541|0706|1256|1604|1837|1956|1 Cemaziyelevvel 1448
20261013|0542|0707|1256|1603|1836|1955|2 Cemaziyelevvel 1448
20261014|0544|0708|1256|1601|1834|1953|3 Cemaziyelevvel 1448
20261015|0545|0709|1256|1600|1833|1952|4 Cemaziyelevvel 1448
20261016|0546|0710|1256|1559|1831|1950|5 Cemaziyelevvel 1448
20261017|0547|0711|1255|1558|1830|1949|6 Cemaziyelevvel 1448
20261018|0548|0712|1255|1557|1828|1947|7 Cemaziyelevvel 1448
20261019|0549|0713|1255|1556|1827|1946|8 Cemaziyelevvel 1448
20261020|0550|0714|1255|1554|1825|1944|9 Cemaziyelevvel 1448
20261021|0551|0716|1255|1553|1824|1943|10 Cemaziyelevvel 1448
20261022|0552|0717|1254|1552|1822|1942|11 Cemaziyelevvel 1448
20261023|0553|0718|1254|1551|1821|1940|12 Cemaziyelevvel 1448
20261024|0554|0719|1254|1550|1819|1939|13 Cemaziyelevvel 1448
20261025|0555|0720|1254|1549|1818|1938|14 Cemaziyelevvel 1448
20261026|0556|0721|1254|1548|1817|1936|15 Cemaziyelevvel 1448
20261027|0557|0722|1254|1547|1815|1935|16 Cemaziyelevvel 1448
20261028|0558|0724|1254|1546|1814|1934|17 Cemaziyelevvel 1448
20261029|0559|0725|1254|1545|1813|1933|18 Cemaziyelevvel 1448
20261030|0600|0726|1254|1544|1811|1932|19 Cemaziyelevvel 1448
20261031|0601|0727|1254|1543|1810|1930|20 Cemaziyelevvel 1448
20261101|0602|0728|1253|1542|1809|1929|21 Cemaziyelevvel 1448
20261102|0603|0729|1253|1541|1807|1928|22 Cemaziyelevvel 1448
20261103|0604|0731|1253|1540|1806|1927|23 Cemaziyelevvel 1448
20261104|0605|0732|1253|1539|1805|1926|24 Cemaziyelevvel 1448
20261105|0606|0733|1253|1538|1804|1925|25 Cemaziyelevvel 1448
20261106|0608|0734|1253|1537|1803|1924|26 Cemaziyelevvel 1448
20261107|0609|0735|1254|1536|1802|1923|27 Cemaziyelevvel 1448
20261108|0610|0737|1254|1535|1801|1922|28 Cemaziyelevvel 1448
20261109|0611|0738|1254|1534|1800|1921|29 Cemaziyelevvel 1448
20261110|0612|0739|1254|1534|1759|1921|1 Cemaziyelahir 1448
20261111|0613|0740|1254|1533|1758|1920|2 Cemaziyelahir 1448
20261112|0614|0741|1254|1532|1757|1919|3 Cemaziyelahir 1448
20261113|0615|0743|1254|1531|1756|1918|4 Cemaziyelahir 1448
20261114|0616|0744|1254|1531|1755|1917|5 Cemaziyelahir 1448
20261115|0617|0745|1254|1530|1754|1917|6 Cemaziyelahir 1448
20261116|0618|0746|1255|1529|1753|1916|7 Cemaziyelahir 1448
20261117|0619|0747|1255|1529|1752|1915|8 Cemaziyelahir 1448
20261118|0620|0748|1255|1528|1751|1915|9 Cemaziyelahir 1448
20261119|0621|0750|1255|1527|1751|1914|10 Cemaziyelahir 1448
20261120|0622|0751|1255|1527|1750|1914|11 Cemaziyelahir 1448
20261121|0623|0752|1256|1526|1749|1913|12 Cemaziyelahir 1448
20261122|0624|0753|1256|1526|1749|1913|13 Cemaziyelahir 1448
20261123|0625|0754|1256|1525|1748|1912|14 Cemaziyelahir 1448
20261124|0626|0755|1256|1525|1748|1912|15 Cemaziyelahir 1448
20261125|0627|0756|1257|1525|1747|1911|16 Cemaziyelahir 1448
20261126|0628|0758|1257|1524|1746|1911|17 Cemaziyelahir 1448
20261127|0629|0759|1257|1524|1746|1911|18 Cemaziyelahir 1448
20261128|0629|0800|1258|1524|1746|1910|19 Cemaziyelahir 1448
20261129|0630|0801|1258|1523|1745|1910|20 Cemaziyelahir 1448
20261130|0631|0802|1258|1523|1745|1910|21 Cemaziyelahir 1448
20261201|0632|0803|1259|1523|1745|1910|22 Cemaziyelahir 1448
20261202|0633|0804|1259|1523|1744|1910|23 Cemaziyelahir 1448
20261203|0634|0805|1259|1523|1744|1910|24 Cemaziyelahir 1448
20261204|0635|0806|1300|1522|1744|1909|25 Cemaziyelahir 1448
20261205|0636|0807|1300|1522|1744|1909|26 Cemaziyelahir 1448
20261206|0636|0808|1301|1522|1744|1909|27 Cemaziyelahir 1448
20261207|0637|0809|1301|1522|1743|1909|28 Cemaziyelahir 1448
20261208|0638|0810|1302|1522|1743|1909|29 Cemaziyelahir 1448
20261209|0639|0811|1302|1522|1743|1910|30 Cemaziyelahir 1448
20261210|0640|0811|1302|1523|1743|1910|1 Recep 1448
20261211|0640|0812|1303|1523|1744|1910|2 Recep 1448
20261212|0641|0813|1303|1523|1744|1910|3 Recep 1448
20261213|0642|0814|1304|1523|1744|1910|4 Recep 1448
20261214|0643|0815|1304|1523|1744|1911|5 Recep 1448
20261215|0643|0815|1305|1524|1744|1911|6 Recep 1448
20261216|0644|0816|1305|1524|1744|1911|7 Recep 1448
20261217|0644|0817|1306|1524|1745|1911|8 Recep 1448
20261218|0645|0817|1306|1525|1745|1912|9 Recep 1448
20261219|0646|0818|1307|1525|1745|1912|10 Recep 1448
20261220|0646|0819|1307|1525|1746|1913|11 Recep 1448
20261221|0647|0819|1308|1526|1746|1913|12 Recep 1448
20261222|0647|0820|1308|1526|1747|1914|13 Recep 1448
20261223|0648|0820|1309|1527|1747|1914|14 Recep 1448
20261224|0648|0820|1309|1527|1748|1915|15 Recep 1448
20261225|0649|0821|1310|1528|1748|1915|16 Recep 1448
20261226|0649|0821|1310|1529|1749|1916|17 Recep 1448
20261227|0649|0822|1311|1529|1750|1916|18 Recep 1448
20261228|0650|0822|1311|1530|1750|1917|19 Recep 1448
20261229|0650|0822|1312|1531|1751|1918|20 Recep 1448
20261230|0650|0822|1312|1531|1752|1918|21 Recep 1448
20261231|0651|0823|1313|1532|1753|1919|22 Recep 1448
20270101|0651|0823|1313|1533|1753|1920|23 Recep 1448
20270102|0651|0823|1314|1533|1754|1921|24 Recep 1448
20270103|0651|0823|1314|1534|1755|1921|25 Recep 1448
20270104|0651|0823|1314|1535|1756|1922|26 Recep 1448
20270105|0651|0823|1315|1536|1757|1923|27 Recep 1448
20270106|0651|0823|1315|1537|1758|1924|28 Recep 1448
20270107|0652|0823|1316|1538|1759|1925|29 Recep 1448
20270108|0652|0823|1316|1539|1800|1926|30 Recep 1448
20270109|0651|0823|1317|1539|1801|1926|1 Şaban 1448
20270110|0651|0822|1317|1540|1802|1927|2 Şaban 1448
20270111|0651|0822|1317|1541|1803|1928|3 Şaban 1448
20270112|0651|0822|1318|1542|1804|1929|4 Şaban 1448
20270113|0651|0822|1318|1543|1805|1930|5 Şaban 1448
20270114|0651|0821|1319|1544|1806|1931|6 Şaban 1448
20270115|0651|0821|1319|1545|1807|1932|7 Şaban 1448
20270116|0650|0820|1319|1546|1808|1933|8 Şaban 1448
20270117|0650|0820|1320|1547|1809|1934|9 Şaban 1448
20270118|0650|0819|1320|1548|1811|1935|10 Şaban 1448
20270119|0649|0819|1320|1549|1812|1936|11 Şaban 1448
20270120|0649|0818|1321|1550|1813|1937|12 Şaban 1448
20270121|0649|0818|1321|1551|1814|1938|13 Şaban 1448
20270122|0648|0817|1321|1552|1815|1939|14 Şaban 1448
20270123|0648|0817|1322|1553|1817|1940|15 Şaban 1448
20270124|0647|0816|1322|1554|1818|1941|16 Şaban 1448
20270125|0647|0815|1322|1555|1819|1942|17 Şaban 1448
20270126|0646|0814|1322|1556|1820|1943|18 Şaban 1448
20270127|0645|0814|1322|1557|1821|1944|19 Şaban 1448
20270128|0645|0813|1323|1559|1823|1945|20 Şaban 1448
20270129|0644|0812|1323|1600|1824|1946|21 Şaban 1448
20270130|0643|0811|1323|1601|1825|1947|22 Şaban 1448
20270131|0642|0810|1323|1602|1826|1949|23 Şaban 1448
20270201|0642|0809|1323|1603|1828|1950|24 Şaban 1448
20270202|0641|0808|1323|1604|1829|1951|25 Şaban 1448
20270203|0640|0807|1324|1605|1830|1952|26 Şaban 1448
20270204|0639|0806|1324|1606|1831|1953|27 Şaban 1448
20270205|0638|0805|1324|1607|1833|1954|28 Şaban 1448
20270206|0637|0804|1324|1608|1834|1955|29 Şaban 1448
20270207|0636|0803|1324|1609|1835|1956|30 Şaban 1448
20270208|0635|0802|1324|1610|1836|1957|1 Ramazan 1448
20270209|0634|0801|1324|1611|1838|1958|2 Ramazan 1448
20270210|0633|0759|1324|1612|1839|1959|3 Ramazan 1448
20270211|0632|0758|1324|1613|1840|2001|4 Ramazan 1448
20270212|0631|0757|1324|1614|1841|2002|5 Ramazan 1448
20270213|0630|0756|1324|1615|1843|2003|6 Ramazan 1448
20270214|0629|0754|1324|1616|1844|2004|7 Ramazan 1448
20270215|0628|0753|1324|1617|1845|2005|8 Ramazan 1448
20270216|0627|0752|1324|1618|1846|2006|9 Ramazan 1448
20270217|0625|0750|1324|1618|1847|2007|10 Ramazan 1448
20270218|0624|0749|1324|1619|1849|2008|11 Ramazan 1448
20270219|0623|0748|1324|1620|1850|2009|12 Ramazan 1448
20270220|0621|0746|1324|1621|1851|2011|13 Ramazan 1448
20270221|0620|0745|1324|1622|1852|2012|14 Ramazan 1448
20270222|0619|0743|1323|1623|1853|2013|15 Ramazan 1448
20270223|0617|0742|1323|1624|1855|2014|16 Ramazan 1448
20270224|0616|0741|1323|1625|1856|2015|17 Ramazan 1448
20270225|0615|0739|1323|1625|1857|2016|18 Ramazan 1448
20270226|0613|0738|1323|1626|1858|2017|19 Ramazan 1448
20270227|0612|0736|1323|1627|1859|2018|20 Ramazan 1448
20270228|0610|0735|1323|1628|1900|2019|21 Ramazan 1448
20270301|0609|0733|1322|1629|1902|2021|22 Ramazan 1448
20270302|0607|0732|1322|1629|1903|2022|23 Ramazan 1448
20270303|0606|0730|1322|1630|1904|2023|24 Ramazan 1448
20270304|0604|0728|1322|1631|1905|2024|25 Ramazan 1448
20270305|0603|0727|1321|1632|1906|2025|26 Ramazan 1448
20270306|0601|0725|1321|1632|1907|2026|27 Ramazan 1448
20270307|0559|0724|1321|1633|1908|2027|28 Ramazan 1448
20270308|0558|0722|1321|1634|1910|2029|29 Ramazan 1448
20270309|0556|0720|1321|1634|1911|2030|1 Şevval 1448
20270310|0554|0719|1320|1635|1912|2031|2 Şevval 1448
20270311|0553|0717|1320|1636|1913|2032|3 Şevval 1448
20270312|0551|0716|1320|1636|1914|2033|4 Şevval 1448
20270313|0549|0714|1320|1637|1915|2034|5 Şevval 1448
20270314|0548|0712|1319|1638|1916|2035|6 Şevval 1448
20270315|0546|0711|1319|1638|1917|2037|7 Şevval 1448
20270316|0544|0709|1319|1639|1918|2038|8 Şevval 1448
20270317|0542|0707|1318|1639|1920|2039|9 Şevval 1448
20270318|0541|0706|1318|1640|1921|2040|10 Şevval 1448
20270319|0539|0704|1318|1641|1922|2041|11 Şevval 1448
20270320|0537|0702|1318|1641|1923|2042|12 Şevval 1448
20270321|0535|0701|1317|1642|1924|2044|13 Şevval 1448
20270322|0534|0659|1317|1642|1925|2045|14 Şevval 1448
20270323|0532|0657|1317|1643|1926|2046|15 Şevval 1448
20270324|0530|0656|1316|1643|1927|2047|16 Şevval 1448
20270325|0528|0654|1316|1644|1928|2048|17 Şevval 1448
20270326|0526|0652|1316|1644|1929|2050|18 Şevval 1448
20270327|0524|0651|1315|1645|1930|2051|19 Şevval 1448
20270328|0523|0649|1315|1645|1931|2052|20 Şevval 1448
20270329|0521|0647|1315|1646|1932|2053|21 Şevval 1448
20270330|0519|0646|1315|1646|1934|2055|22 Şevval 1448
20270331|0517|0644|1314|1647|1935|2056|23 Şevval 1448
20270401|0515|0642|1314|1647|1936|2057|24 Şevval 1448
20270402|0513|0641|1314|1647|1937|2058|25 Şevval 1448
20270403|0511|0639|1313|1648|1938|2100|26 Şevval 1448
20270404|0509|0637|1313|1648|1939|2101|27 Şevval 1448
20270405|0507|0636|1313|1649|1940|2102|28 Şevval 1448
20270406|0505|0634|1312|1649|1941|2104|29 Şevval 1448
20270407|0504|0632|1312|1649|1942|2105|30 Şevval 1448
20270408|0502|0631|1312|1650|1943|2106|1 Zilkade 1448
20270409|0500|0629|1312|1650|1944|2108|2 Zilkade 1448
20270410|0458|0628|1311|1651|1945|2109|3 Zilkade 1448
20270411|0456|0626|1311|1651|1946|2110|4 Zilkade 1448
20270412|0454|0624|1311|1651|1947|2112|5 Zilkade 1448
20270413|0452|0623|1311|1652|1948|2113|6 Zilkade 1448
20270414|0450|0621|1310|1652|1949|2114|7 Zilkade 1448
20270415|0448|0620|1310|1652|1950|2116|8 Zilkade 1448
20270416|0446|0618|1310|1653|1952|2117|9 Zilkade 1448
20270417|0444|0617|1310|1653|1953|2119|10 Zilkade 1448
20270418|0442|0615|1309|1653|1954|2120|11 Zilkade 1448
20270419|0441|0614|1309|1654|1955|2121|12 Zilkade 1448
20270420|0439|0612|1309|1654|1956|2123|13 Zilkade 1448
20270421|0437|0611|1309|1654|1957|2124|14 Zilkade 1448
20270422|0435|0609|1309|1655|1958|2126|15 Zilkade 1448
20270423|0433|0608|1308|1655|1959|2127|16 Zilkade 1448
20270424|0431|0606|1308|1655|2000|2129|17 Zilkade 1448
20270425|0429|0605|1308|1656|2001|2130|18 Zilkade 1448
20270426|0427|0603|1308|1656|2002|2132|19 Zilkade 1448
20270427|0425|0602|1308|1656|2003|2133|20 Zilkade 1448
20270428|0424|0601|1307|1656|2004|2135|21 Zilkade 1448
20270429|0422|0559|1307|1657|2005|2136|22 Zilkade 1448
20270430|0420|0558|1307|1657|2006|2138|23 Zilkade 1448
20270501|0418|0557|1307|1657|2007|2139|24 Zilkade 1448
20270502|0416|0555|1307|1658|2009|2141|25 Zilkade 1448
20270503|0415|0554|1307|1658|2010|2142|26 Zilkade 1448
20270504|0413|0553|1307|1658|2011|2144|27 Zilkade 1448
20270505|0411|0552|1307|1659|2012|2145|28 Zilkade 1448
20270506|0409|0550|1307|1659|2013|2147|29 Zilkade 1448
20270507|0408|0549|1306|1659|2014|2148|1 Zilhicce 1448
20270508|0406|0548|1306|1659|2015|2150|2 Zilhicce 1448
20270509|0404|0547|1306|1700|2016|2151|3 Zilhicce 1448
20270510|0403|0546|1306|1700|2017|2153|4 Zilhicce 1448
20270511|0401|0545|1306|1700|2018|2154|5 Zilhicce 1448
20270512|0359|0544|1306|1701|2019|2156|6 Zilhicce 1448
20270513|0358|0543|1306|1701|2020|2157|7 Zilhicce 1448
20270514|0356|0542|1306|1701|2021|2159|8 Zilhicce 1448
20270515|0354|0541|1306|1701|2022|2200|9 Zilhicce 1448
20270516|0353|0540|1306|1702|2023|2202|10 Zilhicce 1448
20270517|0351|0539|1306|1702|2024|2203|11 Zilhicce 1448
20270518|0350|0538|1306|1702|2025|2205|12 Zilhicce 1448
20270519|0349|0537|1306|1702|2026|2206|13 Zilhicce 1448
20270520|0347|0536|1306|1703|2027|2208|14 Zilhicce 1448
20270521|0346|0535|1306|1703|2028|2209|15 Zilhicce 1448
20270522|0344|0535|1307|1703|2029|2211|16 Zilhicce 1448
20270523|0343|0534|1307|1704|2029|2212|17 Zilhicce 1448
20270524|0342|0533|1307|1704|2030|2213|18 Zilhicce 1448
20270525|0341|0532|1307|1704|2031|2215|19 Zilhicce 1448
20270526|0339|0532|1307|1704|2032|2216|20 Zilhicce 1448
20270527|0338|0531|1307|1705|2033|2217|21 Zilhicce 1448
20270528|0337|0530|1307|1705|2034|2219|22 Zilhicce 1448
20270529|0336|0530|1307|1705|2035|2220|23 Zilhicce 1448
20270530|0335|0529|1307|1706|2035|2221|24 Zilhicce 1448
20270531|0334|0529|1307|1706|2036|2222|25 Zilhicce 1448
20270601|0333|0528|1308|1706|2037|2224|26 Zilhicce 1448
20270602|0332|0528|1308|1706|2038|2225|27 Zilhicce 1448
20270603|0331|0527|1308|1707|2038|2226|28 Zilhicce 1448
20270604|0330|0527|1308|1707|2039|2227|29 Zilhicce 1448
20270605|0330|0527|1308|1707|2040|2228|30 Zilhicce 1448
20270606|0329|0526|1308|1708|2040|2229|1 Muharrem 1449
20270607|0328|0526|1309|1708|2041|2230|2 Muharrem 1449
20270608|0328|0526|1309|1708|2042|2231|3 Muharrem 1449
20270609|0327|0526|1309|1708|2042|2232|4 Muharrem 1449
20270610|0327|0526|1309|1709|2043|2233|5 Muharrem 1449
20270611|0326|0525|1309|1709|2043|2234|6 Muharrem 1449
20270612|0326|0525|1310|1709|2044|2234|7 Muharrem 1449
20270613|0325|0525|1310|1710|2044|2235|8 Muharrem 1449
20270614|0325|0525|1310|1710|2045|2236|9 Muharrem 1449
20270615|0325|0525|1310|1710|2045|2236|10 Muharrem 1449
20270616|0325|0525|1310|1710|2046|2237|11 Muharrem 1449
20270617|0325|0525|1311|1711|2046|2237|12 Muharrem 1449
20270618|0325|0525|1311|1711|2046|2238|13 Muharrem 1449
20270619|0325|0525|1311|1711|2047|2238|14 Muharrem 1449
20270620|0325|0526|1311|1711|2047|2238|15 Muharrem 1449
20270621|0325|0526|1312|1711|2047|2239|16 Muharrem 1449
20270622|0325|0526|1312|1712|2048|2239|17 Muharrem 1449
20270623|0325|0526|1312|1712|2048|2239|18 Muharrem 1449
20270624|0326|0527|1312|1712|2048|2239|19 Muharrem 1449
20270625|0326|0527|1312|1712|2048|2239|20 Muharrem 1449
20270626|0327|0527|1313|1712|2048|2239|21 Muharrem 1449
20270627|0327|0528|1313|1713|2048|2239|22 Muharrem 1449
20270628|0328|0528|1313|1713|2048|2239|23 Muharrem 1449
20270629|0328|0528|1313|1713|2048|2239|24 Muharrem 1449
20270630|0329|0529|1313|1713|2048|2239|25 Muharrem 1449
20270701|0330|0529|1314|1713|2048|2238|26 Muharrem 1449
20270702|0330|0530|1314|1713|2048|2238|27 Muharrem 1449
20270703|0331|0530|1314|1714|2048|2238|28 Muharrem 1449
20270704|0332|0531|1314|1714|2048|2237|29 Muharrem 1449
20270705|0333|0531|1314|1714|2047|2237|1 Safer 1449
20270706|0334|0532|1315|1714|2047|2236|2 Safer 1449
20270707|0335|0533|1315|1714|2047|2236|3 Safer 1449
20270708|0336|0533|1315|1714|2047|2235|4 Safer 1449
20270709|0337|0534|1315|1714|2046|2234|5 Safer 1449
20270710|0338|0535|1315|1714|2046|2233|6 Safer 1449
20270711|0339|0535|1315|1714|2045|2233|7 Safer 1449
20270712|0341|0536|1315|1714|2045|2232|8 Safer 1449
20270713|0342|0537|1316|1714|2044|2231|9 Safer 1449
20270714|0343|0538|1316|1714|2044|2230|10 Safer 1449
20270715|0344|0538|1316|1714|2043|2229|11 Safer 1449
20270716|0346|0539|1316|1714|2043|2228|12 Safer 1449
20270717|0347|0540|1316|1714|2042|2227|13 Safer 1449
20270718|0348|0541|1316|1714|2042|2226|14 Safer 1449
20270719|0350|0542|1316|1714|2041|2225|15 Safer 1449
20270720|0351|0542|1316|1714|2040|2223|16 Safer 1449
20270721|0352|0543|1316|1713|2039|2222|17 Safer 1449
20270722|0354|0544|1316|1713|2039|2221|18 Safer 1449
20270723|0355|0545|1316|1713|2038|2220|19 Safer 1449
20270724|0357|0546|1316|1713|2037|2218|20 Safer 1449
20270725|0358|0547|1316|1713|2036|2217|21 Safer 1449
20270726|0400|0548|1316|1712|2035|2215|22 Safer 1449
20270727|0401|0549|1316|1712|2034|2214|23 Safer 1449
20270728|0403|0550|1316|1712|2033|2213|24 Safer 1449
20270729|0404|0550|1316|1712|2032|2211|25 Safer 1449
20270730|0406|0551|1316|1711|2031|2210|26 Safer 1449
20270731|0407|0552|1316|1711|2030|2208|27 Safer 1449
20270801|0409|0553|1316|1711|2029|2206|28 Safer 1449
20270802|0410|0554|1316|1710|2028|2205|29 Safer 1449
20270803|0412|0555|1316|1710|2027|2203|1 Rebiulevvel 1449
20270804|0413|0556|1316|1710|2026|2202|2 Rebiulevvel 1449
20270805|0415|0557|1316|1709|2025|2200|3 Rebiulevvel 1449
20270806|0416|0558|1316|1709|2024|2158|4 Rebiulevvel 1449
20270807|0418|0559|1316|1708|2022|2157|5 Rebiulevvel 1449
20270808|0419|0600|1316|1708|2021|2155|6 Rebiulevvel 1449
20270809|0421|0601|1316|1707|2020|2153|7 Rebiulevvel 1449
20270810|0422|0602|1315|1707|2019|2151|8 Rebiulevvel 1449
20270811|0424|0603|1315|1706|2017|2150|9 Rebiulevvel 1449
20270812|0425|0604|1315|1706|2016|2148|10 Rebiulevvel 1449
20270813|0427|0605|1315|1705|2015|2146|11 Rebiulevvel 1449
20270814|0428|0606|1315|1704|2013|2144|12 Rebiulevvel 1449
20270815|0430|0607|1315|1704|2012|2143|13 Rebiulevvel 1449
20270816|0431|0608|1314|1703|2011|2141|14 Rebiulevvel 1449
20270817|0433|0609|1314|1702|2009|2139|15 Rebiulevvel 1449
20270818|0434|0610|1314|1702|2008|2137|16 Rebiulevvel 1449
20270819|0436|0611|1314|1701|2006|2135|17 Rebiulevvel 1449
20270820|0437|0612|1313|1700|2005|2133|18 Rebiulevvel 1449
20270821|0439|0613|1313|1700|2003|2131|19 Rebiulevvel 1449
20270822|0440|0614|1313|1659|2002|2130|20 Rebiulevvel 1449
20270823|0441|0615|1313|1658|2000|2128|21 Rebiulevvel 1449
20270824|0443|0616|1312|1657|1959|2126|22 Rebiulevvel 1449
20270825|0444|0617|1312|1657|1957|2124|23 Rebiulevvel 1449
20270826|0446|0618|1312|1656|1956|2122|24 Rebiulevvel 1449
20270827|0447|0619|1312|1655|1954|2120|25 Rebiulevvel 1449
20270828|0448|0620|1311|1654|1953|2118|26 Rebiulevvel 1449
20270829|0450|0621|1311|1653|1951|2116|27 Rebiulevvel 1449
20270830|0451|0622|1311|1652|1949|2114|28 Rebiulevvel 1449
20270831|0452|0623|1310|1651|1948|2113|29 Rebiulevvel 1449
20270901|0454|0624|1310|1650|1946|2111|30 Rebiulevvel 1449
20270902|0455|0625|1310|1650|1945|2109|1 Rebiulahir 1449
20270903|0456|0626|1309|1649|1943|2107|2 Rebiulahir 1449
20270904|0458|0627|1309|1648|1941|2105|3 Rebiulahir 1449
20270905|0459|0628|1309|1647|1940|2103|4 Rebiulahir 1449
20270906|0500|0629|1308|1646|1938|2101|5 Rebiulahir 1449
20270907|0501|0630|1308|1645|1936|2059|6 Rebiulahir 1449
20270908|0503|0631|1308|1644|1935|2057|7 Rebiulahir 1449
20270909|0504|0632|1307|1643|1933|2055|8 Rebiulahir 1449
20270910|0505|0633|1307|1642|1931|2053|9 Rebiulahir 1449
20270911|0506|0634|1307|1640|1930|2051|10 Rebiulahir 1449
20270912|0508|0635|1306|1639|1928|2050|11 Rebiulahir 1449
20270913|0509|0636|1306|1638|1926|2048|12 Rebiulahir 1449
20270914|0510|0637|1306|1637|1925|2046|13 Rebiulahir 1449
20270915|0511|0638|1305|1636|1923|2044|14 Rebiulahir 1449
20270916|0512|0639|1305|1635|1921|2042|15 Rebiulahir 1449
20270917|0514|0640|1305|1634|1920|2040|16 Rebiulahir 1449
20270918|0515|0641|1304|1633|1918|2038|17 Rebiulahir 1449
20270919|0516|0642|1304|1632|1916|2036|18 Rebiulahir 1449
20270920|0517|0643|1304|1630|1914|2035|19 Rebiulahir 1449
20270921|0518|0644|1303|1629|1913|2033|20 Rebiulahir 1449
20270922|0519|0645|1303|1628|1911|2031|21 Rebiulahir 1449
20270923|0520|0646|1302|1627|1909|2029|22 Rebiulahir 1449
20270924|0522|0647|1302|1626|1908|2027|23 Rebiulahir 1449
20270925|0523|0648|1302|1625|1906|2025|24 Rebiulahir 1449
20270926|0524|0649|1301|1623|1904|2024|25 Rebiulahir 1449
20270927|0525|0650|1301|1622|1902|2022|26 Rebiulahir 1449
20270928|0526|0651|1301|1621|1901|2020|27 Rebiulahir 1449
20270929|0527|0652|1300|1620|1859|2018|28 Rebiulahir 1449
20270930|0528|0653|1300|1619|1857|2017|29 Rebiulahir 1449
20271001|0529|0654|1300|1617|1856|2015|1 Cemaziyelevvel 1449
20271002|0530|0655|1259|1616|1854|2013|2 Cemaziyelevvel 1449
20271003|0532|0656|1259|1615|1852|2011|3 Cemaziyelevvel 1449
20271004|0533|0657|1259|1614|1851|2010|4 Cemaziyelevvel 1449
20271005|0534|0658|1259|1613|1849|2008|5 Cemaziyelevvel 1449
20271006|0535|0659|1258|1611|1847|2006|6 Cemaziyelevvel 1449
20271007|0536|0700|1258|1610|1846|2005|7 Cemaziyelevvel 1449
20271008|0537|0701|1258|1609|1844|2003|8 Cemaziyelevvel 1449
20271009|0538|0702|1257|1608|1843|2001|9 Cemaziyelevvel 1449
20271010|0539|0703|1257|1607|1841|2000|10 Cemaziyelevvel 1449
20271011|0540|0704|1257|1605|1839|1958|11 Cemaziyelevvel 1449
20271012|0541|0705|1257|1604|1838|1957|12 Cemaziyelevvel 1449
20271013|0542|0706|1256|1603|1836|1955|13 Cemaziyelevvel 1449
20271014|0543|0708|1256|1602|1835|1954|14 Cemaziyelevvel 1449
20271015|0544|0709|1256|1601|1833|1952|15 Cemaziyelevvel 1449
20271016|0545|0710|1256|1559|1831|1951|16 Cemaziyelevvel 1449
20271017|0546|0711|1255|1558|1830|1949|17 Cemaziyelevvel 1449
20271018|0547|0712|1255|1557|1828|1948|18 Cemaziyelevvel 1449
20271019|0548|0713|1255|1556|1827|1946|19 Cemaziyelevvel 1449
20271020|0550|0714|1255|1555|1825|1945|20 Cemaziyelevvel 1449
20271021|0551|0715|1255|1554|1824|1943|21 Cemaziyelevvel 1449
20271022|0552|0716|1254|1552|1823|1942|22 Cemaziyelevvel 1449
20271023|0553|0718|1254|1551|1821|1941|23 Cemaziyelevvel 1449
20271024|0554|0719|1254|1550|1820|1939|24 Cemaziyelevvel 1449
20271025|0555|0720|1254|1549|1818|1938|25 Cemaziyelevvel 1449
20271026|0556|0721|1254|1548|1817|1937|26 Cemaziyelevvel 1449
20271027|0557|0722|1254|1547|1816|1935|27 Cemaziyelevvel 1449
20271028|0558|0723|1254|1546|1814|1934|28 Cemaziyelevvel 1449
20271029|0559|0724|1254|1545|1813|1933|29 Cemaziyelevvel 1449
20271030|0600|0726|1254|1544|1812|1932|30 Cemaziyelevvel 1449
20271031|0601|0727|1254|1543|1810|1931|1 Cemaziyelahir 1449
20271101|0602|0728|1253|1542|1809|1930|2 Cemaziyelahir 1449
20271102|0603|0729|1253|1541|1808|1929|3 Cemaziyelahir 1449
20271103|0604|0730|1253|1540|1807|1927|4 Cemaziyelahir 1449
20271104|0605|0732|1253|1539|1805|1926|5 Cemaziyelahir 1449
20271105|0606|0733|1253|1538|1804|1925|6 Cemaziyelahir 1449
20271106|0607|0734|1253|1537|1803|1924|7 Cemaziyelahir 1449
20271107|0608|0735|1254|1536|1802|1923|8 Cemaziyelahir 1449
20271108|0609|0736|1254|1535|1801|1922|9 Cemaziyelahir 1449
20271109|0610|0737|1254|1535|1800|1922|10 Cemaziyelahir 1449
20271110|0611|0739|1254|1534|1759|1921|11 Cemaziyelahir 1449
20271111|0612|0740|1254|1533|1758|1920|12 Cemaziyelahir 1449
20271112|0613|0741|1254|1532|1757|1919|13 Cemaziyelahir 1449
20271113|0614|0742|1254|1531|1756|1918|14 Cemaziyelahir 1449
20271114|0615|0743|1254|1531|1755|1918|15 Cemaziyelahir 1449
20271115|0616|0745|1254|1530|1754|1917|16 Cemaziyelahir 1449
20271116|0618|0746|1254|1529|1753|1916|17 Cemaziyelahir 1449
20271117|0619|0747|1255|1529|1752|1915|18 Cemaziyelahir 1449
20271118|0620|0748|1255|1528|1752|1915|19 Cemaziyelahir 1449
20271119|0621|0749|1255|1528|1751|1914|20 Cemaziyelahir 1449
20271120|0622|0750|1255|1527|1750|1914|21 Cemaziyelahir 1449
20271121|0623|0752|1256|1526|1750|1913|22 Cemaziyelahir 1449
20271122|0623|0753|1256|1526|1749|1913|23 Cemaziyelahir 1449
20271123|0624|0754|1256|1526|1748|1912|24 Cemaziyelahir 1449
20271124|0625|0755|1256|1525|1748|1912|25 Cemaziyelahir 1449
20271125|0626|0756|1257|1525|1747|1911|26 Cemaziyelahir 1449
20271126|0627|0757|1257|1524|1747|1911|27 Cemaziyelahir 1449
20271127|0628|0758|1257|1524|1746|1911|28 Cemaziyelahir 1449
20271128|0629|0759|1258|1524|1746|1910|29 Cemaziyelahir 1449
20271129|0630|0801|1258|1523|1745|1910|1 Recep 1449
20271130|0631|0802|1258|1523|1745|1910|2 Recep 1449
20271201|0632|0803|1259|1523|1745|1910|3 Recep 1449
20271202|0633|0804|1259|1523|1744|1910|4 Recep 1449
20271203|0634|0805|1259|1523|1744|1910|5 Recep 1449
20271204|0635|0806|1300|1522|1744|1909|6 Recep 1449
20271205|0635|0807|1300|1522|1744|1909|7 Recep 1449
20271206|0636|0808|1301|1522|1744|1909|8 Recep 1449
20271207|0637|0809|1301|1522|1743|1909|9 Recep 1449
20271208|0638|0809|1301|1522|1743|1909|10 Recep 1449
20271209|0639|0810|1302|1522|1743|1910|11 Recep 1449
20271210|0639|0811|1302|1523|1743|1910|12 Recep 1449
20271211|0640|0812|1303|1523|1744|1910|13 Recep 1449
20271212|0641|0813|1303|1523|1744|1910|14 Recep 1449
20271213|0642|0814|1304|1523|1744|1910|15 Recep 1449
20271214|0642|0814|1304|1523|1744|1910|16 Recep 1449
20271215|0643|0815|1305|1523|1744|1911|17 Recep 1449
20271216|0644|0816|1305|1524|1744|1911|18 Recep 1449
20271217|0644|0817|1306|1524|1745|1911|19 Recep 1449
20271218|0645|0817|1306|1524|1745|1912|20 Recep 1449
20271219|0646|0818|1307|1525|1745|1912|21 Recep 1449
20271220|0646|0818|1307|1525|1746|1913|22 Recep 1449
20271221|0647|0819|1308|1526|1746|1913|23 Recep 1449
20271222|0647|0819|1308|1526|1747|1913|24 Recep 1449
20271223|0648|0820|1309|1527|1747|1914|25 Recep 1449
20271224|0648|0820|1309|1527|1748|1915|26 Recep 1449
20271225|0649|0821|1310|1528|1748|1915|27 Recep 1449
20271226|0649|0821|1310|1528|1749|1916|28 Recep 1449
20271227|0649|0822|1311|1529|1750|1916|29 Recep 1449
20271228|0650|0822|1311|1530|1750|1917|30 Recep 1449
20271229|0650|0822|1312|1530|1751|1918|1 Şaban 1449
20271230|0650|0822|1312|1531|1752|1918|2 Şaban 1449
20271231|0651|0823|1312|1532|1752|1919|3 Şaban 1449
#@9544|Maltepe|ISTANBUL|730
20260101|0649|0821|1312|1532|1753|1919|12 Recep 1447
20260102|0650|0821|1312|1533|1753|1920|13 Recep 1447
20260103|0650|0821|1313|1533|1754|1920|14 Recep 1447
20260104|0650|0821|1313|1534|1755|1921|15 Recep 1447
20260105|0650|0821|1314|1535|1756|1922|16 Recep 1447
20260106|0650|0821|1314|1536|1757|1923|17 Recep 1447
20260107|0650|0821|1315|1537|1758|1924|18 Recep 1447
20260108|0650|0821|1315|1538|1759|1925|19 Recep 1447
20260109|0650|0821|1315|1539|1800|1925|20 Recep 1447
20260110|0650|0821|1316|1539|1801|1926|21 Recep 1447
20260111|0650|0820|1316|1540|1802|1927|22 Recep 1447
20260112|0650|0820|1317|1541|1803|1928|23 Recep 1447
20260113|0650|0820|1317|1542|1804|1929|24 Recep 1447
20260114|0649|0820|1317|1543|1805|1930|25 Recep 1447
20260115|0649|0819|1318|1544|1806|1931|26 Recep 1447
20260116|0649|0819|1318|1545|1807|1932|27 Recep 1447
20260117|0649|0818|1318|1546|1809|1933|28 Recep 1447
20260118|0648|0818|1319|1547|1810|1934|29 Recep 1447
20260119|0648|0817|1319|1548|1811|1935|30 Recep 1447
20260120|0647|0817|1319|1549|1812|1936|1 Şaban 1447
20260121|0647|0816|1320|1550|1813|1937|2 Şaban 1447
20260122|0647|0815|1320|1551|1814|1938|3 Şaban 1447
20260123|0646|0815|1320|1552|1816|1939|4 Şaban 1447
20260124|0645|0814|1320|1553|1817|1940|5 Şaban 1447
20260125|0645|0813|1321|1554|1818|1941|6 Şaban 1447
20260126|0644|0813|1321|1556|1819|1942|7 Şaban 1447
20260127|0644|0812|1321|1557|1821|1943|8 Şaban 1447
20260128|0643|0811|1321|1558|1822|1944|9 Şaban 1447
20260129|0642|0810|1322|1559|1823|1945|10 Şaban 1447
20260130|0642|0809|1322|1600|1824|1946|11 Şaban 1447
20260131|0641|0808|1322|1601|1825|1948|12 Şaban 1447
20260201|0640|0807|1322|1602|1827|1949|13 Şaban 1447
20260202|0639|0806|1322|1603|1828|1950|14 Şaban 1447
20260203|0638|0805|1322|1604|1829|1951|15 Şaban 1447
20260204|0638|0804|1322|1605|1830|1952|16 Şaban 1447
20260205|0637|0803|1322|1606|1832|1953|17 Şaban 1447
20260206|0636|0802|1323|1607|1833|1954|18 Şaban 1447
20260207|0635|0801|1323|1608|1834|1955|19 Şaban 1447
20260208|0634|0800|1323|1609|1835|1956|20 Şaban 1447
20260209|0633|0759|1323|1610|1837|1957|21 Şaban 1447
20260210|0632|0758|1323|1611|1838|1958|22 Şaban 1447
20260211|0631|0756|1323|1612|1839|2000|23 Şaban 1447
20260212|0630|0755|1323|1613|1840|2001|24 Şaban 1447
20260213|0628|0754|1323|1614|1842|2002|25 Şaban 1447
20260214|0627|0753|1323|1615|1843|2003|26 Şaban 1447
20260215|0626|0751|1323|1616|1844|2004|27 Şaban 1447
20260216|0625|0750|1323|1617|1845|2005|28 Şaban 1447
20260217|0624|0749|1322|1617|1846|2006|29 Şaban 1447
20260218|0622|0747|1322|1618|1848|2007|30 Şaban 1447
20260219|0621|0746|1322|1619|1849|2008|1 Ramazan 1447
20260220|0620|0744|1322|1620|1850|2009|2 Ramazan 1447
20260221|0618|0743|1322|1621|1851|2011|3 Ramazan 1447
20260222|0617|0742|1322|1622|1852|2012|4 Ramazan 1447
20260223|0616|0740|1322|1623|1854|2013|5 Ramazan 1447
20260224|0614|0739|1322|1624|1855|2014|6 Ramazan 1447
20260225|0613|0737|1322|1624|1856|2015|7 Ramazan 1447
20260226|0611|0736|1321|1625|1857|2016|8 Ramazan 1447
20260227|0610|0734|1321|1626|1858|2017|9 Ramazan 1447
20260228|0609|0733|1321|1627|1859|2018|10 Ramazan 1447
20260301|0607|0731|1321|1628|1901|2019|11 Ramazan 1447
20260302|0606|0730|1321|1628|1902|2021|12 Ramazan 1447
20260303|0604|0728|1321|1629|1903|2022|13 Ramazan 1447
20260304|0602|0727|1320|1630|1904|2023|14 Ramazan 1447
20260305|0601|0725|1320|1630|1905|2024|15 Ramazan 1447
20260306|0559|0723|1320|1631|1906|2025|16 Ramazan 1447
20260307|0558|0722|1320|1632|1907|2026|17 Ramazan 1447
20260308|0556|0720|1319|1633|1909|2027|18 Ramazan 1447
20260309|0554|0719|1319|1633|1910|2029|19 Ramazan 1447
20260310|0553|0717|1319|1634|1911|2030|20 Ramazan 1447
20260311|0551|0715|1319|1635|1912|2031|21 Ramazan 1447
20260312|0549|0714|1318|1635|1913|2032|22 Ramazan 1447
20260313|0548|0712|1318|1636|1914|2033|23 Ramazan 1447
20260314|0546|0710|1318|1636|1915|2034|24 Ramazan 1447
20260315|0544|0709|1318|1637|1916|2035|25 Ramazan 1447
20260316|0543|0707|1317|1638|1917|2037|26 Ramazan 1447
20260317|0541|0706|1317|1638|1918|2038|27 Ramazan 1447
20260318|0539|0704|1317|1639|1920|2039|28 Ramazan 1447
20260319|0537|0702|1316|1639|1921|2040|29 Ramazan 1447
20260320|0535|0701|1316|1640|1922|2041|1 Şevval 1447
20260321|0534|0659|1316|1640|1923|2042|2 Şevval 1447
20260322|0532|0657|1316|1641|1924|2044|3 Şevval 1447
20260323|0530|0656|1315|1642|1925|2045|4 Şevval 1447
20260324|0528|0654|1315|1642|1926|2046|5 Şevval 1447
20260325|0526|0652|1315|1643|1927|2047|6 Şevval 1447
20260326|0525|0651|1314|1643|1928|2049|7 Şevval 1447
20260327|0523|0649|1314|1643|1929|2050|8 Şevval 1447
20260328|0521|0647|1314|1644|1930|2051|9 Şevval 1447
20260329|0519|0646|1313|1644|1931|2052|10 Şevval 1447
20260330|0517|0644|1313|1645|1932|2053|11 Şevval 1447
20260331|0515|0642|1313|1645|1933|2055|12 Şevval 1447
20260401|0513|0641|1313|1646|1934|2056|13 Şevval 1447
20260402|0511|0639|1312|1646|1936|2057|14 Şevval 1447
20260403|0510|0637|1312|1647|1937|2059|15 Şevval 1447
20260404|0508|0636|1312|1647|1938|2100|16 Şevval 1447
20260405|0506|0634|1311|1647|1939|2101|17 Şevval 1447
20260406|0504|0632|1311|1648|1940|2102|18 Şevval 1447
20260407|0502|0631|1311|1648|1941|2104|19 Şevval 1447
20260408|0500|0629|1310|1649|1942|2105|20 Şevval 1447
20260409|0458|0628|1310|1649|1943|2106|21 Şevval 1447
20260410|0456|0626|1310|1649|1944|2108|22 Şevval 1447
20260411|0454|0624|1310|1650|1945|2109|23 Şevval 1447
20260412|0452|0623|1309|1650|1946|2110|24 Şevval 1447
20260413|0450|0621|1309|1650|1947|2112|25 Şevval 1447
20260414|0449|0620|1309|1651|1948|2113|26 Şevval 1447
20260415|0447|0618|1309|1651|1949|2115|27 Şevval 1447
20260416|0445|0617|1308|1651|1950|2116|28 Şevval 1447
20260417|0443|0615|1308|1652|1951|2117|29 Şevval 1447
20260418|0441|0613|1308|1652|1952|2119|1 Zilkade 1447
20260419|0439|0612|1308|1652|1954|2120|2 Zilkade 1447
20260420|0437|0611|1308|1653|1955|2122|3 Zilkade 1447
20260421|0435|0609|1307|1653|1956|2123|4 Zilkade 1447
20260422|0433|0608|1307|1653|1957|2125|5 Zilkade 1447
20260423|0431|0606|1307|1654|1958|2126|6 Zilkade 1447
20260424|0430|0605|1307|1654|1959|2127|7 Zilkade 1447
20260425|0428|0603|1307|1654|2000|2129|8 Zilkade 1447
20260426|0426|0602|1306|1655|2001|2130|9 Zilkade 1447
20260427|0424|0601|1306|1655|2002|2132|10 Zilkade 1447
20260428|0422|0559|1306|1655|2003|2133|11 Zilkade 1447
20260429|0420|0558|1306|1655|2004|2135|12 Zilkade 1447
20260430|0419|0556|1306|1656|2005|2136|13 Zilkade 1447
20260501|0417|0555|1306|1656|2006|2138|14 Zilkade 1447
20260502|0415|0554|1306|1656|2007|2139|15 Zilkade 1447
20260503|0413|0553|1305|1657|2008|2141|16 Zilkade 1447
20260504|0411|0551|1305|1657|2009|2142|17 Zilkade 1447
20260505|0410|0550|1305|1657|2010|2144|18 Zilkade 1447
20260506|0408|0549|1305|1657|2011|2145|19 Zilkade 1447
20260507|0406|0548|1305|1658|2012|2147|20 Zilkade 1447
20260508|0404|0547|1305|1658|2013|2148|21 Zilkade 1447
20260509|0403|0546|1305|1658|2014|2150|22 Zilkade 1447
20260510|0401|0544|1305|1659|2016|2151|23 Zilkade 1447
20260511|0359|0543|1305|1659|2017|2153|24 Zilkade 1447
20260512|0358|0542|1305|1659|2018|2154|25 Zilkade 1447
20260513|0356|0541|1305|1659|2019|2156|26 Zilkade 1447
20260514|0355|0540|1305|1700|2020|2157|27 Zilkade 1447
20260515|0353|0539|1305|1700|2021|2159|28 Zilkade 1447
20260516|0352|0538|1305|1700|2021|2200|29 Zilkade 1447
20260517|0350|0537|1305|1700|2022|2202|30 Zilkade 1447
20260518|0349|0536|1305|1701|2023|2203|1 Zilhicce 1447
20260519|0347|0536|1305|1701|2024|2205|2 Zilhicce 1447
20260520|0346|0535|1305|1701|2025|2206|3 Zilhicce 1447
20260521|0344|0534|1305|1702|2026|2208|4 Zilhicce 1447
20260522|0343|0533|1305|1702|2027|2209|5 Zilhicce 1447
20260523|0342|0532|1305|1702|2028|2210|6 Zilhicce 1447
20260524|0341|0532|1305|1702|2029|2212|7 Zilhicce 1447
20260525|0339|0531|1305|1703|2030|2213|8 Zilhicce 1447
20260526|0338|0530|1306|1703|2031|2215|9 Zilhicce 1447
20260527|0337|0530|1306|1703|2032|2216|10 Zilhicce 1447
20260528|0336|0529|1306|1704|2032|2217|11 Zilhicce 1447
20260529|0335|0529|1306|1704|2033|2218|12 Zilhicce 1447
20260530|0334|0528|1306|1704|2034|2220|13 Zilhicce 1447
20260531|0333|0528|1306|1704|2035|2221|14 Zilhicce 1447
20260601|0332|0527|1306|1705|2036|2222|15 Zilhicce 1447
20260602|0331|0527|1306|1705|2036|2223|16 Zilhicce 1447
20260603|0330|0526|1307|1705|2037|2224|17 Zilhicce 1447
20260604|0329|0526|1307|1706|2038|2225|18 Zilhicce 1447
20260605|0329|0526|1307|1706|2038|2226|19 Zilhicce 1447
20260606|0328|0525|1307|1706|2039|2227|20 Zilhicce 1447
20260607|0327|0525|1307|1706|2040|2228|21 Zilhicce 1447
20260608|0327|0525|1307|1707|2040|2229|22 Zilhicce 1447
20260609|0326|0525|1308|1707|2041|2230|23 Zilhicce 1447
20260610|0326|0524|1308|1707|2041|2231|24 Zilhicce 1447
20260611|0325|0524|1308|1708|2042|2232|25 Zilhicce 1447
20260612|0325|0524|1308|1708|2042|2232|26 Zilhicce 1447
20260613|0325|0524|1308|1708|2043|2233|27 Zilhicce 1447
20260614|0324|0524|1309|1708|2043|2234|28 Zilhicce 1447
20260615|0324|0524|1309|1709|2044|2234|29 Zilhicce 1447
20260616|0324|0524|1309|1709|2044|2235|1 Muharrem 1448
20260617|0324|0524|1309|1709|2045|2235|2 Muharrem 1448
20260618|0324|0524|1310|1709|2045|2236|3 Muharrem 1448
20260619|0324|0524|1310|1710|2045|2236|4 Muharrem 1448
20260620|0324|0525|1310|1710|2045|2237|5 Muharrem 1448
20260621|0324|0525|1310|1710|2046|2237|6 Muharrem 1448
20260622|0325|0525|1310|1710|2046|2237|7 Muharrem 1448
20260623|0325|0525|1311|1710|2046|2237|8 Muharrem 1448
20260624|0325|0525|1311|1711|2046|2237|9 Muharrem 1448
20260625|0326|0526|1311|1711|2046|2237|10 Muharrem 1448
20260626|0326|0526|1311|1711|2046|2237|11 Muharrem 1448
20260627|0327|0527|1312|1711|2047|2237|12 Muharrem 1448
20260628|0327|0527|1312|1711|2047|2237|13 Muharrem 1448
20260629|0328|0527|1312|1711|2047|2237|14 Muharrem 1448
20260630|0328|0528|1312|1712|2046|2237|15 Muharrem 1448
20260701|0329|0528|1312|1712|2046|2236|16 Muharrem 1448
20260702|0330|0529|1313|1712|2046|2236|17 Muharrem 1448
20260703|0331|0529|1313|1712|2046|2236|18 Muharrem 1448
20260704|0332|0530|1313|1712|2046|2235|19 Muharrem 1448
20260705|0332|0530|1313|1712|2046|2235|20 Muharrem 1448
20260706|0333|0531|1313|1712|2045|2234|21 Muharrem 1448
20260707|0334|0532|1313|1712|2045|2233|22 Muharrem 1448
20260708|0335|0532|1314|1712|2045|2233|23 Muharrem 1448
20260709|0337|0533|1314|1712|2044|2232|24 Muharrem 1448
20260710|0338|0534|1314|1713|2044|2231|25 Muharrem 1448
20260711|0339|0534|1314|1713|2044|2230|26 Muharrem 1448
20260712|0340|0535|1314|1713|2043|2230|27 Muharrem 1448
20260713|0341|0536|1314|1713|2043|2229|28 Muharrem 1448
20260714|0342|0537|1314|1712|2042|2228|29 Muharrem 1448
20260715|0344|0537|1314|1712|2042|2227|1 Safer 1448
20260716|0345|0538|1315|1712|2041|2226|2 Safer 1448
20260717|0346|0539|1315|1712|2040|2225|3 Safer 1448
20260718|0348|0540|1315|1712|2040|2224|4 Safer 1448
20260719|0349|0541|1315|1712|2039|2222|5 Safer 1448
20260720|0350|0541|1315|1712|2038|2221|6 Safer 1448
20260721|0352|0542|1315|1712|2038|2220|7 Safer 1448
20260722|0353|0543|1315|1712|2037|2219|8 Safer 1448
20260723|0355|0544|1315|1712|2036|2217|9 Safer 1448
20260724|0356|0545|1315|1711|2035|2216|10 Safer 1448
20260725|0358|0546|1315|1711|2034|2215|11 Safer 1448
20260726|0359|0547|1315|1711|2033|2213|12 Safer 1448
20260727|0401|0548|1315|1711|2032|2212|13 Safer 1448
20260728|0402|0549|1315|1710|2032|2210|14 Safer 1448
20260729|0404|0550|1315|1710|2031|2209|15 Safer 1448
20260730|0405|0550|1315|1710|2030|2207|16 Safer 1448
20260731|0407|0551|1315|1709|2028|2206|17 Safer 1448
20260801|0408|0552|1315|1709|2027|2204|18 Safer 1448
20260802|0410|0553|1315|1709|2026|2203|19 Safer 1448
20260803|0411|0554|1315|1708|2025|2201|20 Safer 1448
20260804|0413|0555|1315|1708|2024|2200|21 Safer 1448
20260805|0414|0556|1315|1707|2023|2158|22 Safer 1448
20260806|0416|0557|1314|1707|2022|2156|23 Safer 1448
20260807|0417|0558|1314|1707|2021|2155|24 Safer 1448
20260808|0419|0559|1314|1706|2019|2153|25 Safer 1448
20260809|0420|0600|1314|1706|2018|2151|26 Safer 1448
20260810|0422|0601|1314|1705|2017|2149|27 Safer 1448
20260811|0423|0602|1314|1705|2015|2148|28 Safer 1448
20260812|0425|0603|1314|1704|2014|2146|29 Safer 1448
20260813|0426|0604|1313|1703|2013|2144|30 Safer 1448
20260814|0428|0605|1313|1703|2011|2142|1 Rebiulevvel 1448
20260815|0429|0606|1313|1702|2010|2140|2 Rebiulevvel 1448
20260816|0431|0607|1313|1702|2009|2139|3 Rebiulevvel 1448
20260817|0432|0608|1313|1701|2007|2137|4 Rebiulevvel 1448
20260818|0433|0609|1312|1700|2006|2135|5 Rebiulevvel 1448
20260819|0435|0610|1312|1659|2004|2133|6 Rebiulevvel 1448
20260820|0436|0611|1312|1659|2003|2131|7 Rebiulevvel 1448
20260821|0438|0612|1312|1658|2002|2129|8 Rebiulevvel 1448
20260822|0439|0613|1312|1657|2000|2128|9 Rebiulevvel 1448
20260823|0441|0614|1311|1657|1959|2126|10 Rebiulevvel 1448
20260824|0442|0615|1311|1656|1957|2124|11 Rebiulevvel 1448
20260825|0443|0616|1311|1655|1955|2122|12 Rebiulevvel 1448
20260826|0445|0617|1310|1654|1954|2120|13 Rebiulevvel 1448
20260827|0446|0618|1310|1653|1952|2118|14 Rebiulevvel 1448
20260828|0447|0619|1310|1652|1951|2116|15 Rebiulevvel 1448
20260829|0449|0620|1310|1652|1949|2114|16 Rebiulevvel 1448
20260830|0450|0621|1309|1651|1948|2112|17 Rebiulevvel 1448
20260831|0451|0622|1309|1650|1946|2110|18 Rebiulevvel 1448
20260901|0453|0623|1309|1649|1944|2109|19 Rebiulevvel 1448
20260902|0454|0624|1308|1648|1943|2107|20 Rebiulevvel 1448
20260903|0455|0625|1308|1647|1941|2105|21 Rebiulevvel 1448
20260904|0457|0626|1308|1646|1940|2103|22 Rebiulevvel 1448
20260905|0458|0627|1307|1645|1938|2101|23 Rebiulevvel 1448
20260906|0459|0628|1307|1644|1936|2059|24 Rebiulevvel 1448
20260907|0501|0629|1307|1643|1935|2057|25 Rebiulevvel 1448
20260908|0502|0630|1306|1642|1933|2055|26 Rebiulevvel 1448
20260909|0503|0631|1306|1641|1931|2053|27 Rebiulevvel 1448
20260910|0504|0632|1306|1640|1930|2051|28 Rebiulevvel 1448
20260911|0505|0633|1305|1639|1928|2049|29 Rebiulevvel 1448
20260912|0507|0634|1305|1638|1926|2048|1 Rebiulahir 1448
20260913|0508|0635|1305|1637|1924|2046|2 Rebiulahir 1448
20260914|0509|0636|1304|1636|1923|2044|3 Rebiulahir 1448
20260915|0510|0637|1304|1635|1921|2042|4 Rebiulahir 1448
20260916|0511|0638|1304|1633|1919|2040|5 Rebiulahir 1448
20260917|0513|0639|1303|1632|1918|2038|6 Rebiulahir 1448
20260918|0514|0640|1303|1631|1916|2036|7 Rebiulahir 1448
20260919|0515|0641|1302|1630|1914|2034|8 Rebiulahir 1448
20260920|0516|0642|1302|1629|1913|2033|9 Rebiulahir 1448
20260921|0517|0643|1302|1628|1911|2031|10 Rebiulahir 1448
20260922|0518|0644|1301|1627|1909|2029|11 Rebiulahir 1448
20260923|0519|0645|1301|1625|1907|2027|12 Rebiulahir 1448
20260924|0521|0646|1301|1624|1906|2025|13 Rebiulahir 1448
20260925|0522|0647|1300|1623|1904|2024|14 Rebiulahir 1448
20260926|0523|0648|1300|1622|1902|2022|15 Rebiulahir 1448
20260927|0524|0649|1300|1621|1901|2020|16 Rebiulahir 1448
20260928|0525|0650|1259|1619|1859|2018|17 Rebiulahir 1448
20260929|0526|0651|1259|1618|1857|2016|18 Rebiulahir 1448
20260930|0527|0652|1259|1617|1856|2015|19 Rebiulahir 1448
20261001|0528|0653|1258|1616|1854|2013|20 Rebiulahir 1448
20261002|0529|0654|1258|1615|1852|2011|21 Rebiulahir 1448
20261003|0530|0655|1258|1613|1851|2010|22 Rebiulahir 1448
20261004|0532|0656|1257|1612|1849|2008|23 Rebiulahir 1448
20261005|0533|0657|1257|1611|1847|2006|24 Rebiulahir 1448
20261006|0534|0658|1257|1610|1846|2004|25 Rebiulahir 1448
20261007|0535|0659|1256|1609|1844|2003|26 Rebiulahir 1448
20261008|0536|0700|1256|1607|1842|2001|27 Rebiulahir 1448
20261009|0537|0701|1256|1606|1841|2000|28 Rebiulahir 1448
20261010|0538|0702|1256|1605|1839|1958|29 Rebiulahir 1448
20261011|0539|0703|1255|1604|1838|1956|30 Rebiulahir 1448
20261012|0540|0704|1255|1603|1836|1955|1 Cemaziyelevvel 1448
20261013|0541|0705|1255|1601|1834|1953|2 Cemaziyelevvel 1448
20261014|0542|0706|1255|1600|1833|1952|3 Cemaziyelevvel 1448
20261015|0543|0707|1254|1559|1831|1950|4 Cemaziyelevvel 1448
20261016|0544|0709|1254|1558|1830|1949|5 Cemaziyelevvel 1448
20261017|0545|0710|1254|1557|1828|1947|6 Cemaziyelevvel 1448
20261018|0546|0711|1254|1556|1827|1946|7 Cemaziyelevvel 1448
20261019|0547|0712|1254|1554|1825|1944|8 Cemaziyelevvel 1448
20261020|0548|0713|1253|1553|1824|1943|9 Cemaziyelevvel 1448
20261021|0549|0714|1253|1552|1822|1942|10 Cemaziyelevvel 1448
20261022|0551|0715|1253|1551|1821|1940|11 Cemaziyelevvel 1448
20261023|0552|0716|1253|1550|1819|1939|12 Cemaziyelevvel 1448
20261024|0553|0717|1253|1549|1818|1938|13 Cemaziyelevvel 1448
20261025|0554|0719|1253|1548|1817|1936|14 Cemaziyelevvel 1448
20261026|0555|0720|1253|1547|1815|1935|15 Cemaziyelevvel 1448
20261027|0556|0721|1252|1546|1814|1934|16 Cemaziyelevvel 1448
20261028|0557|0722|1252|1544|1813|1933|17 Cemaziyelevvel 1448
20261029|0558|0723|1252|1543|1811|1931|18 Cemaziyelevvel 1448
20261030|0559|0724|1252|1542|1810|1930|19 Cemaziyelevvel 1448
20261031|0600|0726|1252|1541|1809|1929|20 Cemaziyelevvel 1448
20261101|0601|0727|1252|1540|1807|1928|21 Cemaziyelevvel 1448
20261102|0602|0728|1252|1539|1806|1927|22 Cemaziyelevvel 1448
20261103|0603|0729|1252|1538|1805|1926|23 Cemaziyelevvel 1448
20261104|0604|0730|1252|1538|1804|1925|24 Cemaziyelevvel 1448
20261105|0605|0731|1252|1537|1803|1924|25 Cemaziyelevvel 1448
20261106|0606|0733|1252|1536|1802|1923|26 Cemaziyelevvel 1448
20261107|0607|0734|1252|1535|1800|1922|27 Cemaziyelevvel 1448
20261108|0608|0735|1252|1534|1759|1921|28 Cemaziyelevvel 1448
20261109|0609|0736|1252|1533|1758|1920|29 Cemaziyelevvel 1448
20261110|0610|0737|1252|1532|1757|1919|1 Cemaziyelahir 1448
20261111|0611|0739|1252|1532|1756|1918|2 Cemaziyelahir 1448
20261112|0612|0740|1253|1531|1755|1918|3 Cemaziyelahir 1448
20261113|0613|0741|1253|1530|1754|1917|4 Cemaziyelahir 1448
20261114|0614|0742|1253|1529|1754|1916|5 Cemaziyelahir 1448
20261115|0615|0743|1253|1529|1753|1915|6 Cemaziyelahir 1448
20261116|0616|0745|1253|1528|1752|1915|7 Cemaziyelahir 1448
20261117|0617|0746|1253|1527|1751|1914|8 Cemaziyelahir 1448
20261118|0618|0747|1254|1527|1750|1913|9 Cemaziyelahir 1448
20261119|0619|0748|1254|1526|1750|1913|10 Cemaziyelahir 1448
20261120|0620|0749|1254|1526|1749|1912|11 Cemaziyelahir 1448
20261121|0621|0750|1254|1525|1748|1912|12 Cemaziyelahir 1448
20261122|0622|0751|1254|1525|1748|1911|13 Cemaziyelahir 1448
20261123|0623|0753|1255|1524|1747|1911|14 Cemaziyelahir 1448
20261124|0624|0754|1255|1524|1746|1910|15 Cemaziyelahir 1448
20261125|0625|0755|1255|1523|1746|1910|16 Cemaziyelahir 1448
20261126|0626|0756|1256|1523|1745|1910|17 Cemaziyelahir 1448
20261127|0627|0757|1256|1523|1745|1909|18 Cemaziyelahir 1448
20261128|0628|0758|1256|1522|1744|1909|19 Cemaziyelahir 1448
20261129|0629|0759|1257|1522|1744|1909|20 Cemaziyelahir 1448
20261130|0630|0800|1257|1522|1744|1909|21 Cemaziyelahir 1448
20261201|0631|0801|1257|1522|1743|1909|22 Cemaziyelahir 1448
20261202|0632|0802|1258|1522|1743|1908|23 Cemaziyelahir 1448
20261203|0632|0803|1258|1521|1743|1908|24 Cemaziyelahir 1448
20261204|0633|0804|1258|1521|1743|1908|25 Cemaziyelahir 1448
20261205|0634|0805|1259|1521|1743|1908|26 Cemaziyelahir 1448
20261206|0635|0806|1259|1521|1742|1908|27 Cemaziyelahir 1448
20261207|0636|0807|1300|1521|1742|1908|28 Cemaziyelahir 1448
20261208|0637|0808|1300|1521|1742|1908|29 Cemaziyelahir 1448
20261209|0637|0809|1301|1521|1742|1908|30 Cemaziyelahir 1448
20261210|0638|0810|1301|1521|1742|1908|1 Recep 1448
20261211|0639|0811|1301|1522|1742|1909|2 Recep 1448
20261212|0640|0811|1302|1522|1743|1909|3 Recep 1448
20261213|0640|0812|1302|1522|1743|1909|4 Recep 1448
20261214|0641|0813|1303|1522|1743|1909|5 Recep 1448
20261215|0642|0814|1303|1522|1743|1910|6 Recep 1448
20261216|0642|0814|1304|1523|1743|1910|7 Recep 1448
20261217|0643|0815|1304|1523|1744|1910|8 Recep 1448
20261218|0644|0816|1305|1523|1744|1911|9 Recep 1448
20261219|0644|0816|1305|1524|1744|1911|10 Recep 1448
20261220|0645|0817|1306|1524|1745|1911|11 Recep 1448
20261221|0645|0817|1306|1525|1745|1912|12 Recep 1448
20261222|0646|0818|1307|1525|1746|1912|13 Recep 1448
20261223|0646|0818|1307|1526|1746|1913|14 Recep 1448
20261224|0647|0819|1308|1526|1747|1913|15 Recep 1448
20261225|0647|0819|1308|1527|1747|1914|16 Recep 1448
20261226|0648|0820|1309|1527|1748|1915|17 Recep 1448
20261227|0648|0820|1309|1528|1749|1915|18 Recep 1448
20261228|0648|0820|1310|1529|1749|1916|19 Recep 1448
20261229|0649|0821|1310|1529|1750|1917|20 Recep 1448
20261230|0649|0821|1311|1530|1751|1917|21 Recep 1448
20261231|0649|0821|1311|1531|1752|1918|22 Recep 1448
20270101|0649|0821|1312|1532|1752|1919|23 Recep 1448
20270102|0650|0821|1312|1532|1753|1919|24 Recep 1448
20270103|0650|0821|1313|1533|1754|1920|25 Recep 1448
20270104|0650|0821|1313|1534|1755|1921|26 Recep 1448
20270105|0650|0821|1314|1535|1756|1922|27 Recep 1448
20270106|0650|0821|1314|1536|1757|1923|28 Recep 1448
20270107|0650|0821|1314|1537|1758|1923|29 Recep 1448
20270108|0650|0821|1315|1537|1759|1924|30 Recep 1448
20270109|0650|0821|1315|1538|1800|1925|1 Şaban 1448
20270110|0650|0821|1316|1539|1801|1926|2 Şaban 1448
20270111|0650|0821|1316|1540|1802|1927|3 Şaban 1448
20270112|0650|0820|1317|1541|1803|1928|4 Şaban 1448
20270113|0650|0820|1317|1542|1804|1929|5 Şaban 1448
20270114|0649|0820|1317|1543|1805|1930|6 Şaban 1448
20270115|0649|0819|1318|1544|1806|1931|7 Şaban 1448
20270116|0649|0819|1318|1545|1807|1932|8 Şaban 1448
20270117|0649|0818|1318|1546|1808|1933|9 Şaban 1448
20270118|0648|0818|1319|1547|1809|1934|10 Şaban 1448
20270119|0648|0817|1319|1548|1811|1935|11 Şaban 1448
20270120|0648|0817|1319|1549|1812|1936|12 Şaban 1448
20270121|0647|0816|1320|1550|1813|1937|13 Şaban 1448
20270122|0647|0816|1320|1551|1814|1938|14 Şaban 1448
20270123|0646|0815|1320|1552|1815|1939|15 Şaban 1448
20270124|0646|0814|1320|1553|1817|1940|16 Şaban 1448
20270125|0645|0814|1321|1554|1818|1941|17 Şaban 1448
20270126|0644|0813|1321|1555|1819|1942|18 Şaban 1448
20270127|0644|0812|1321|1556|1820|1943|19 Şaban 1448
20270128|0643|0811|1321|1557|1821|1944|20 Şaban 1448
20270129|0643|0810|1321|1558|1823|1945|21 Şaban 1448
20270130|0642|0809|1322|1559|1824|1946|22 Şaban 1448
20270131|0641|0808|1322|1600|1825|1947|23 Şaban 1448
20270201|0640|0808|1322|1602|1826|1948|24 Şaban 1448
20270202|0639|0807|1322|1603|1828|1949|25 Şaban 1448
20270203|0639|0806|1322|1604|1829|1950|26 Şaban 1448
20270204|0638|0805|1322|1605|1830|1952|27 Şaban 1448
20270205|0637|0803|1322|1606|1831|1953|28 Şaban 1448
20270206|0636|0802|1322|1607|1833|1954|29 Şaban 1448
20270207|0635|0801|1323|1608|1834|1955|30 Şaban 1448
20270208|0634|0800|1323|1609|1835|1956|1 Ramazan 1448
20270209|0633|0759|1323|1610|1836|1957|2 Ramazan 1448
20270210|0632|0758|1323|1611|1838|1958|3 Ramazan 1448
20270211|0631|0757|1323|1612|1839|1959|4 Ramazan 1448
20270212|0630|0755|1323|1613|1840|2000|5 Ramazan 1448
20270213|0629|0754|1323|1613|1841|2001|6 Ramazan 1448
20270214|0628|0753|1323|1614|1842|2003|7 Ramazan 1448
20270215|0626|0752|1323|1615|1844|2004|8 Ramazan 1448
20270216|0625|0750|1323|1616|1845|2005|9 Ramazan 1448
20270217|0624|0749|1323|1617|1846|2006|10 Ramazan 1448
20270218|0623|0748|1322|1618|1847|2007|11 Ramazan 1448
20270219|0621|0746|1322|1619|1849|2008|12 Ramazan 1448
20270220|0620|0745|1322|1620|1850|2009|13 Ramazan 1448
20270221|0619|0743|1322|1621|1851|2010|14 Ramazan 1448
20270222|0617|0742|1322|1622|1852|2011|15 Ramazan 1448
20270223|0616|0741|1322|1622|1853|2013|16 Ramazan 1448
20270224|0615|0739|1322|1623|1855|2014|17 Ramazan 1448
20270225|0613|0738|1322|1624|1856|2015|18 Ramazan 1448
20270226|0612|0736|1321|1625|1857|2016|19 Ramazan 1448
20270227|0610|0735|1321|1626|1858|2017|20 Ramazan 1448
20270228|0609|0733|1321|1627|1859|2018|21 Ramazan 1448
20270301|0607|0732|1321|1627|1900|2019|22 Ramazan 1448
20270302|0606|0730|1321|1628|1901|2020|23 Ramazan 1448
20270303|0604|0729|1321|1629|1903|2021|24 Ramazan 1448
20270304|0603|0727|1320|1630|1904|2023|25 Ramazan 1448
20270305|0601|0725|1320|1630|1905|2024|26 Ramazan 1448
20270306|0600|0724|1320|1631|1906|2025|27 Ramazan 1448
20270307|0558|0722|1320|1632|1907|2026|28 Ramazan 1448
20270308|0556|0721|1319|1632|1908|2027|29 Ramazan 1448
20270309|0555|0719|1319|1633|1909|2028|1 Şevval 1448
20270310|0553|0717|1319|1634|1911|2029|2 Şevval 1448
20270311|0552|0716|1319|1634|1912|2031|3 Şevval 1448
20270312|0550|0714|1318|1635|1913|2032|4 Şevval 1448
20270313|0548|0713|1318|1636|1914|2033|5 Şevval 1448
20270314|0546|0711|1318|1636|1915|2034|6 Şevval 1448
20270315|0545|0709|1318|1637|1916|2035|7 Şevval 1448
20270316|0543|0708|1317|1638|1917|2036|8 Şevval 1448
20270317|0541|0706|1317|1638|1918|2037|9 Şevval 1448
20270318|0539|0704|1317|1639|1919|2039|10 Şevval 1448
20270319|0538|0703|1316|1639|1920|2040|11 Şevval 1448
20270320|0536|0701|1316|1640|1921|2041|12 Şevval 1448
20270321|0534|0659|1316|1640|1923|2042|13 Şevval 1448
20270322|0532|0658|1316|1641|1924|2043|14 Şevval 1448
20270323|0530|0656|1315|1641|1925|2045|15 Şevval 1448
20270324|0529|0654|1315|1642|1926|2046|16 Şevval 1448
20270325|0527|0653|1315|1642|1927|2047|17 Şevval 1448
20270326|0525|0651|1314|1643|1928|2048|18 Şevval 1448
20270327|0523|0649|1314|1643|1929|2049|19 Şevval 1448
20270328|0521|0648|1314|1644|1930|2051|20 Şevval 1448
20270329|0519|0646|1313|1644|1931|2052|21 Şevval 1448
20270330|0518|0644|1313|1645|1932|2053|22 Şevval 1448
20270331|0516|0643|1313|1645|1933|2054|23 Şevval 1448
20270401|0514|0641|1313|1646|1934|2056|24 Şevval 1448
20270402|0512|0639|1312|1646|1935|2057|25 Şevval 1448
20270403|0510|0638|1312|1646|1936|2058|26 Şevval 1448
20270404|0508|0636|1312|1647|1937|2100|27 Şevval 1448
20270405|0506|0634|1311|1647|1938|2101|28 Şevval 1448
20270406|0504|0633|1311|1648|1940|2102|29 Şevval 1448
20270407|0502|0631|1311|1648|1941|2103|30 Şevval 1448
20270408|0500|0630|1311|1648|1942|2105|1 Zilkade 1448
20270409|0459|0628|1310|1649|1943|2106|2 Zilkade 1448
20270410|0457|0626|1310|1649|1944|2107|3 Zilkade 1448
20270411|0455|0625|1310|1650|1945|2109|4 Zilkade 1448
20270412|0453|0623|1309|1650|1946|2110|5 Zilkade 1448
20270413|0451|0622|1309|1650|1947|2111|6 Zilkade 1448
20270414|0449|0620|1309|1651|1948|2113|7 Zilkade 1448
20270415|0447|0618|1309|1651|1949|2114|8 Zilkade 1448
20270416|0445|0617|1308|1651|1950|2116|9 Zilkade 1448
20270417|0443|0615|1308|1652|1951|2117|10 Zilkade 1448
20270418|0441|0614|1308|1652|1952|2118|11 Zilkade 1448
20270419|0439|0612|1308|1652|1953|2120|12 Zilkade 1448
20270420|0438|0611|1308|1653|1954|2121|13 Zilkade 1448
20270421|0436|0609|1307|1653|1955|2123|14 Zilkade 1448
20270422|0434|0608|1307|1653|1956|2124|15 Zilkade 1448
20270423|0432|0606|1307|1654|1957|2126|16 Zilkade 1448
20270424|0430|0605|1307|1654|1959|2127|17 Zilkade 1448
20270425|0428|0604|1307|1654|2000|2129|18 Zilkade 1448
20270426|0426|0602|1306|1654|2001|2130|19 Zilkade 1448
20270427|0424|0601|1306|1655|2002|2131|20 Zilkade 1448
20270428|0423|0559|1306|1655|2003|2133|21 Zilkade 1448
20270429|0421|0558|1306|1655|2004|2134|22 Zilkade 1448
20270430|0419|0557|1306|1656|2005|2136|23 Zilkade 1448
20270501|0417|0555|1306|1656|2006|2137|24 Zilkade 1448
20270502|0415|0554|1306|1656|2007|2139|25 Zilkade 1448
20270503|0414|0553|1305|1656|2008|2140|26 Zilkade 1448
20270504|0412|0552|1305|1657|2009|2142|27 Zilkade 1448
20270505|0410|0550|1305|1657|2010|2143|28 Zilkade 1448
20270506|0408|0549|1305|1657|2011|2145|29 Zilkade 1448
20270507|0407|0548|1305|1658|2012|2147|1 Zilhicce 1448
20270508|0405|0547|1305|1658|2013|2148|2 Zilhicce 1448
20270509|0403|0546|1305|1658|2014|2150|3 Zilhicce 1448
20270510|0402|0545|1305|1658|2015|2151|4 Zilhicce 1448
20270511|0400|0544|1305|1659|2016|2153|5 Zilhicce 1448
20270512|0358|0543|1305|1659|2017|2154|6 Zilhicce 1448
20270513|0357|0541|1305|1659|2018|2156|7 Zilhicce 1448
20270514|0355|0540|1305|1700|2019|2157|8 Zilhicce 1448
20270515|0354|0539|1305|1700|2020|2159|9 Zilhicce 1448
20270516|0352|0539|1305|1700|2021|2200|10 Zilhicce 1448
20270517|0351|0538|1305|1700|2022|2202|11 Zilhicce 1448
20270518|0349|0537|1305|1701|2023|2203|12 Zilhicce 1448
20270519|0348|0536|1305|1701|2024|2204|13 Zilhicce 1448
20270520|0346|0535|1305|1701|2025|2206|14 Zilhicce 1448
20270521|0345|0534|1305|1702|2026|2207|15 Zilhicce 1448
20270522|0343|0533|1305|1702|2027|2209|16 Zilhicce 1448
20270523|0342|0533|1305|1702|2028|2210|17 Zilhicce 1448
20270524|0341|0532|1305|1702|2029|2212|18 Zilhicce 1448
20270525|0340|0531|1305|1703|2030|2213|19 Zilhicce 1448
20270526|0338|0531|1305|1703|2030|2214|20 Zilhicce 1448
20270527|0337|0530|1306|1703|2031|2216|21 Zilhicce 1448
20270528|0336|0529|1306|1704|2032|2217|22 Zilhicce 1448
20270529|0335|0529|1306|1704|2033|2218|23 Zilhicce 1448
20270530|0334|0528|1306|1704|2034|2219|24 Zilhicce 1448
20270531|0333|0528|1306|1704|2035|2221|25 Zilhicce 1448
20270601|0332|0527|1306|1705|2035|2222|26 Zilhicce 1448
20270602|0331|0527|1306|1705|2036|2223|27 Zilhicce 1448
20270603|0330|0526|1307|1705|2037|2224|28 Zilhicce 1448
20270604|0330|0526|1307|1706|2038|2225|29 Zilhicce 1448
20270605|0329|0526|1307|1706|2038|2226|30 Zilhicce 1448
20270606|0328|0525|1307|1706|2039|2227|1 Muharrem 1449
20270607|0327|0525|1307|1706|2040|2228|2 Muharrem 1449
20270608|0327|0525|1307|1707|2040|2229|3 Muharrem 1449
20270609|0326|0525|1308|1707|2041|2230|4 Muharrem 1449
20270610|0326|0524|1308|1707|2041|2231|5 Muharrem 1449
20270611|0325|0524|1308|1707|2042|2232|6 Muharrem 1449
20270612|0325|0524|1308|1708|2042|2232|7 Muharrem 1449
20270613|0325|0524|1308|1708|2043|2233|8 Muharrem 1449
20270614|0324|0524|1309|1708|2043|2234|9 Muharrem 1449
20270615|0324|0524|1309|1708|2044|2234|10 Muharrem 1449
20270616|0324|0524|1309|1709|2044|2235|11 Muharrem 1449
20270617|0324|0524|1309|1709|2044|2235|12 Muharrem 1449
20270618|0324|0524|1310|1709|2045|2236|13 Muharrem 1449
20270619|0324|0524|1310|1709|2045|2236|14 Muharrem 1449
20270620|0324|0525|1310|1710|2045|2236|15 Muharrem 1449
20270621|0324|0525|1310|1710|2046|2237|16 Muharrem 1449
20270622|0324|0525|1310|1710|2046|2237|17 Muharrem 1449
20270623|0325|0525|1311|1710|2046|2237|18 Muharrem 1449
20270624|0325|0525|1311|1711|2046|2237|19 Muharrem 1449
20270625|0325|0526|1311|1711|2046|2237|20 Muharrem 1449
20270626|0326|0526|1311|1711|2046|2237|21 Muharrem 1449
20270627|0326|0526|1311|1711|2047|2237|22 Muharrem 1449
20270628|0327|0527|1312|1711|2047|2237|23 Muharrem 1449
20270629|0328|0527|1312|1711|2047|2237|24 Muharrem 1449
20270630|0328|0528|1312|1712|2046|2237|25 Muharrem 1449
20270701|0329|0528|1312|1712|2046|2236|26 Muharrem 1449
20270702|0330|0529|1312|1712|2046|2236|27 Muharrem 1449
20270703|0330|0529|1313|1712|2046|2236|28 Muharrem 1449
20270704|0331|0530|1313|1712|2046|2235|29 Muharrem 1449
20270705|0332|0530|1313|1712|2046|2235|1 Safer 1449
20270706|0333|0531|1313|1712|2046|2234|2 Safer 1449
20270707|0334|0532|1313|1712|2045|2234|3 Safer 1449
20270708|0335|0532|1314|1712|2045|2233|4 Safer 1449
20270709|0336|0533|1314|1712|2045|2232|5 Safer 1449
20270710|0337|0533|1314|1713|2044|2231|6 Safer 1449
20270711|0339|0534|1314|1713|2044|2231|7 Safer 1449
20270712|0340|0535|1314|1713|2043|2230|8 Safer 1449
20270713|0341|0536|1314|1713|2043|2229|9 Safer 1449
20270714|0342|0536|1314|1713|2042|2228|10 Safer 1449
20270715|0343|0537|1314|1712|2042|2227|11 Safer 1449
20270716|0345|0538|1315|1712|2041|2226|12 Safer 1449
20270717|0346|0539|1315|1712|2041|2225|13 Safer 1449
20270718|0347|0540|1315|1712|2040|2224|14 Safer 1449
20270719|0349|0540|1315|1712|2039|2223|15 Safer 1449
20270720|0350|0541|1315|1712|2039|2221|16 Safer 1449
20270721|0351|0542|1315|1712|2038|2220|17 Safer 1449
20270722|0353|0543|1315|1712|2037|2219|18 Safer 1449
20270723|0354|0544|1315|1712|2036|2218|19 Safer 1449
20270724|0356|0545|1315|1711|2035|2216|20 Safer 1449
20270725|0357|0546|1315|1711|2035|2215|21 Safer 1449
20270726|0359|0547|1315|1711|2034|2214|22 Safer 1449
20270727|0400|0547|1315|1711|2033|2212|23 Safer 1449
20270728|0402|0548|1315|1710|2032|2211|24 Safer 1449
20270729|0403|0549|1315|1710|2031|2209|25 Safer 1449
20270730|0405|0550|1315|1710|2030|2208|26 Safer 1449
20270731|0406|0551|1315|1710|2029|2206|27 Safer 1449
20270801|0408|0552|1315|1709|2028|2205|28 Safer 1449
20270802|0409|0553|1315|1709|2027|2203|29 Safer 1449
20270803|0411|0554|1315|1708|2026|2202|1 Rebiulevvel 1449
20270804|0412|0555|1315|1708|2024|2200|2 Rebiulevvel 1449
20270805|0414|0556|1315|1708|2023|2158|3 Rebiulevvel 1449
20270806|0415|0557|1315|1707|2022|2157|4 Rebiulevvel 1449
20270807|0417|0558|1314|1707|2021|2155|5 Rebiulevvel 1449
20270808|0418|0559|1314|1706|2020|2153|6 Rebiulevvel 1449
20270809|0420|0600|1314|1706|2018|2151|7 Rebiulevvel 1449
20270810|0421|0601|1314|1705|2017|2150|8 Rebiulevvel 1449
20270811|0423|0602|1314|1705|2016|2148|9 Rebiulevvel 1449
20270812|0424|0603|1314|1704|2014|2146|10 Rebiulevvel 1449
20270813|0426|0604|1314|1704|2013|2144|11 Rebiulevvel 1449
20270814|0427|0605|1313|1703|2012|2143|12 Rebiulevvel 1449
20270815|0429|0606|1313|1702|2010|2141|13 Rebiulevvel 1449
20270816|0430|0607|1313|1702|2009|2139|14 Rebiulevvel 1449
20270817|0432|0608|1313|1701|2008|2137|15 Rebiulevvel 1449
20270818|0433|0609|1313|1700|2006|2135|16 Rebiulevvel 1449
20270819|0435|0610|1312|1700|2005|2134|17 Rebiulevvel 1449
20270820|0436|0611|1312|1659|2003|2132|18 Rebiulevvel 1449
20270821|0437|0612|1312|1658|2002|2130|19 Rebiulevvel 1449
20270822|0439|0613|1312|1657|2000|2128|20 Rebiulevvel 1449
20270823|0440|0614|1311|1657|1959|2126|21 Rebiulevvel 1449
20270824|0442|0615|1311|1656|1957|2124|22 Rebiulevvel 1449
20270825|0443|0616|1311|1655|1956|2122|23 Rebiulevvel 1449
20270826|0444|0617|1311|1654|1954|2120|24 Rebiulevvel 1449
20270827|0446|0618|1310|1653|1953|2119|25 Rebiulevvel 1449
20270828|0447|0619|1310|1653|1951|2117|26 Rebiulevvel 1449
20270829|0449|0620|1310|1652|1950|2115|27 Rebiulevvel 1449
20270830|0450|0621|1309|1651|1948|2113|28 Rebiulevvel 1449
20270831|0451|0622|1309|1650|1946|2111|29 Rebiulevvel 1449
20270901|0452|0623|1309|1649|1945|2109|30 Rebiulevvel 1449
20270902|0454|0624|1308|1648|1943|2107|1 Rebiulahir 1449
20270903|0455|0625|1308|1647|1942|2105|2 Rebiulahir 1449
20270904|0456|0626|1308|1646|1940|2103|3 Rebiulahir 1449
20270905|0458|0627|1307|1645|1938|2101|4 Rebiulahir 1449
20270906|0459|0628|1307|1644|1937|2059|5 Rebiulahir 1449
20270907|0500|0629|1307|1643|1935|2058|6 Rebiulahir 1449
20270908|0501|0630|1306|1642|1933|2056|7 Rebiulahir 1449
20270909|0503|0631|1306|1641|1932|2054|8 Rebiulahir 1449
20270910|0504|0632|1306|1640|1930|2052|9 Rebiulahir 1449
20270911|0505|0633|1305|1639|1928|2050|10 Rebiulahir 1449
20270912|0506|0634|1305|1638|1927|2048|11 Rebiulahir 1449
20270913|0508|0635|1305|1637|1925|2046|12 Rebiulahir 1449
20270914|0509|0635|1304|1636|1923|2044|13 Rebiulahir 1449
20270915|0510|0636|1304|1635|1921|2042|14 Rebiulahir 1449
20270916|0511|0637|1304|1634|1920|2040|15 Rebiulahir 1449
20270917|0512|0638|1303|1633|1918|2039|16 Rebiulahir 1449
20270918|0513|0639|1303|1631|1916|2037|17 Rebiulahir 1449
20270919|0515|0640|1303|1630|1915|2035|18 Rebiulahir 1449
20270920|0516|0641|1302|1629|1913|2033|19 Rebiulahir 1449
20270921|0517|0642|1302|1628|1911|2031|20 Rebiulahir 1449
20270922|0518|0643|1301|1627|1910|2029|21 Rebiulahir 1449
20270923|0519|0644|1301|1626|1908|2028|22 Rebiulahir 1449
20270924|0520|0645|1301|1624|1906|2026|23 Rebiulahir 1449
20270925|0521|0646|1300|1623|1904|2024|24 Rebiulahir 1449
20270926|0523|0647|1300|1622|1903|2022|25 Rebiulahir 1449
20270927|0524|0648|1300|1621|1901|2020|26 Rebiulahir 1449
20270928|0525|0649|1259|1620|1859|2019|27 Rebiulahir 1449
20270929|0526|0650|1259|1619|1858|2017|28 Rebiulahir 1449
20270930|0527|0651|1259|1617|1856|2015|29 Rebiulahir 1449
20271001|0528|0652|1258|1616|1854|2013|1 Cemaziyelevvel 1449
20271002|0529|0653|1258|1615|1853|2012|2 Cemaziyelevvel 1449
20271003|0530|0655|1258|1614|1851|2010|3 Cemaziyelevvel 1449
20271004|0531|0656|1257|1613|1849|2008|4 Cemaziyelevvel 1449
20271005|0532|0657|1257|1611|1848|2007|5 Cemaziyelevvel 1449
20271006|0533|0658|1257|1610|1846|2005|6 Cemaziyelevvel 1449
20271007|0535|0659|1257|1609|1844|2003|7 Cemaziyelevvel 1449
20271008|0536|0700|1256|1608|1843|2002|8 Cemaziyelevvel 1449
20271009|0537|0701|1256|1606|1841|2000|9 Cemaziyelevvel 1449
20271010|0538|0702|1256|1605|1840|1958|10 Cemaziyelevvel 1449
20271011|0539|0703|1255|1604|1838|1957|11 Cemaziyelevvel 1449
20271012|0540|0704|1255|1603|1836|1955|12 Cemaziyelevvel 1449
20271013|0541|0705|1255|1602|1835|1954|13 Cemaziyelevvel 1449
20271014|0542|0706|1255|1600|1833|1952|14 Cemaziyelevvel 1449
20271015|0543|0707|1254|1559|1832|1951|15 Cemaziyelevvel 1449
20271016|0544|0708|1254|1558|1830|1949|16 Cemaziyelevvel 1449
20271017|0545|0709|1254|1557|1829|1948|17 Cemaziyelevvel 1449
20271018|0546|0710|1254|1556|1827|1946|18 Cemaziyelevvel 1449
20271019|0547|0712|1254|1555|1826|1945|19 Cemaziyelevvel 1449
20271020|0548|0713|1253|1553|1824|1943|20 Cemaziyelevvel 1449
20271021|0549|0714|1253|1552|1823|1942|21 Cemaziyelevvel 1449
20271022|0550|0715|1253|1551|1821|1941|22 Cemaziyelevvel 1449
20271023|0551|0716|1253|1550|1820|1939|23 Cemaziyelevvel 1449
20271024|0552|0717|1253|1549|1818|1938|24 Cemaziyelevvel 1449
20271025|0553|0718|1253|1548|1817|1937|25 Cemaziyelevvel 1449
20271026|0554|0720|1253|1547|1816|1935|26 Cemaziyelevvel 1449
20271027|0555|0721|1252|1546|1814|1934|27 Cemaziyelevvel 1449
20271028|0557|0722|1252|1545|1813|1933|28 Cemaziyelevvel 1449
20271029|0558|0723|1252|1544|1812|1932|29 Cemaziyelevvel 1449
20271030|0559|0724|1252|1543|1810|1931|30 Cemaziyelevvel 1449
20271031|0600|0725|1252|1542|1809|1929|1 Cemaziyelahir 1449
20271101|0601|0726|1252|1541|1808|1928|2 Cemaziyelahir 1449
20271102|0602|0728|1252|1540|1807|1927|3 Cemaziyelahir 1449
20271103|0603|0729|1252|1539|1805|1926|4 Cemaziyelahir 1449
20271104|0604|0730|1252|1538|1804|1925|5 Cemaziyelahir 1449
20271105|0605|0731|1252|1537|1803|1924|6 Cemaziyelahir 1449
20271106|0606|0732|1252|1536|1802|1923|7 Cemaziyelahir 1449
20271107|0607|0734|1252|1535|1801|1922|8 Cemaziyelahir 1449
20271108|0608|0735|1252|1534|1800|1921|9 Cemaziyelahir 1449
20271109|0609|0736|1252|1533|1759|1920|10 Cemaziyelahir 1449
20271110|0610|0737|1252|1533|1758|1919|11 Cemaziyelahir 1449
20271111|0611|0738|1252|1532|1757|1919|12 Cemaziyelahir 1449
20271112|0612|0739|1253|1531|1756|1918|13 Cemaziyelahir 1449
20271113|0613|0741|1253|1530|1755|1917|14 Cemaziyelahir 1449
20271114|0614|0742|1253|1530|1754|1916|15 Cemaziyelahir 1449
20271115|0615|0743|1253|1529|1753|1916|16 Cemaziyelahir 1449
20271116|0616|0744|1253|1528|1752|1915|17 Cemaziyelahir 1449
20271117|0617|0745|1253|1528|1751|1914|18 Cemaziyelahir 1449
20271118|0618|0747|1254|1527|1750|1914|19 Cemaziyelahir 1449
20271119|0619|0748|1254|1526|1750|1913|20 Cemaziyelahir 1449
20271120|0620|0749|1254|1526|1749|1912|21 Cemaziyelahir 1449
20271121|0621|0750|1254|1525|1748|1912|22 Cemaziyelahir 1449
20271122|0622|0751|1254|1525|1748|1911|23 Cemaziyelahir 1449
20271123|0623|0752|1255|1524|1747|1911|24 Cemaziyelahir 1449
20271124|0624|0753|1255|1524|1746|1911|25 Cemaziyelahir 1449
20271125|0625|0755|1255|1524|1746|1910|26 Cemaziyelahir 1449
20271126|0626|0756|1256|1523|1745|1910|27 Cemaziyelahir 1449
20271127|0627|0757|1256|1523|1745|1910|28 Cemaziyelahir 1449
20271128|0628|0758|1256|1523|1745|1909|29 Cemaziyelahir 1449
20271129|0629|0759|1257|1522|1744|1909|1 Recep 1449
20271130|0630|0800|1257|1522|1744|1909|2 Recep 1449
20271201|0630|0801|1257|1522|1743|1909|3 Recep 1449
20271202|0631|0802|1258|1522|1743|1908|4 Recep 1449
20271203|0632|0803|1258|1521|1743|1908|5 Recep 1449
20271204|0633|0804|1258|1521|1743|1908|6 Recep 1449
20271205|0634|0805|1259|1521|1743|1908|7 Recep 1449
20271206|0635|0806|1259|1521|1742|1908|8 Recep 1449
20271207|0636|0807|1300|1521|1742|1908|9 Recep 1449
20271208|0636|0808|1300|1521|1742|1908|10 Recep 1449
20271209|0637|0809|1300|1521|1742|1908|11 Recep 1449
20271210|0638|0810|1301|1521|1742|1908|12 Recep 1449
20271211|0639|0810|1301|1522|1742|1909|13 Recep 1449
20271212|0639|0811|1302|1522|1742|1909|14 Recep 1449
20271213|0640|0812|1302|1522|1743|1909|15 Recep 1449
20271214|0641|0813|1303|1522|1743|1909|16 Recep 1449
20271215|0642|0814|1303|1522|1743|1909|17 Recep 1449
20271216|0642|0814|1304|1523|1743|1910|18 Recep 1449
20271217|0643|0815|1304|1523|1744|1910|19 Recep 1449
20271218|0643|0816|1305|1523|1744|1910|20 Recep 1449
20271219|0644|0816|1305|1524|1744|1911|21 Recep 1449
20271220|0645|0817|1306|1524|1745|1911|22 Recep 1449
20271221|0645|0817|1306|1525|1745|1912|23 Recep 1449
20271222|0646|0818|1307|1525|1746|1912|24 Recep 1449
20271223|0646|0818|1307|1526|1746|1913|25 Recep 1449
20271224|0647|0819|1308|1526|1747|1913|26 Recep 1449
20271225|0647|0819|1308|1527|1747|1914|27 Recep 1449
20271226|0647|0820|1309|1527|1748|1914|28 Recep 1449
20271227|0648|0820|1309|1528|1748|1915|29 Recep 1449
20271228|0648|0820|1310|1529|1749|1916|30 Recep 1449
20271229|0649|0820|1310|1529|1750|1916|1 Şaban 1449
20271230|0649|0821|1311|1530|1751|1917|2 Şaban 1449
20271231|0649|0821|1311|1531|1751|1918|3 Şaban 1449
#@9545|Pendik|ISTANBUL|730
20260101|0649|0821|1311|1531|1752|1918|12 Recep 1447
20260102|0649|0821|1312|1532|1753|1919|13 Recep 1447
20260103|0649|0821|1312|1533|1754|1920|14 Recep 1447
20260104|0649|0821|1313|1534|1755|1921|15 Recep 1447
20260105|0649|0821|1313|1535|1756|1922|16 Recep 1447
20260106|0650|0821|1314|1536|1757|1922|17 Recep 1447
20260107|0650|0821|1314|1536|1758|1923|18 Recep 1447
20260108|0650|0821|1315|1537|1759|1924|19 Recep 1447
20260109|0650|0820|1315|1538|1800|1925|20 Recep 1447
20260110|0649|0820|1315|1539|1801|1926|21 Recep 1447
20260111|0649|0820|1316|1540|1802|1927|22 Recep 1447
20260112|0649|0820|1316|1541|1803|1928|23 Recep 1447
20260113|0649|0819|1317|1542|1804|1929|24 Recep 1447
20260114|0649|0819|1317|1543|1805|1930|25 Recep 1447
20260115|0649|0819|1317|1544|1806|1931|26 Recep 1447
20260116|0648|0818|1318|1545|1807|1932|27 Recep 1447
20260117|0648|0818|1318|1546|1808|1933|28 Recep 1447
20260118|0648|0817|1318|1547|1809|1934|29 Recep 1447
20260119|0647|0817|1319|1548|1811|1935|30 Recep 1447
20260120|0647|0816|1319|1549|1812|1936|1 Şaban 1447
20260121|0647|0816|1319|1550|1813|1937|2 Şaban 1447
20260122|0646|0815|1320|1551|1814|1938|3 Şaban 1447
20260123|0646|0814|1320|1552|1815|1939|4 Şaban 1447
20260124|0645|0814|1320|1553|1817|1940|5 Şaban 1447
20260125|0644|0813|1320|1554|1818|1941|6 Şaban 1447
20260126|0644|0812|1320|1555|1819|1942|7 Şaban 1447
20260127|0643|0811|1321|1556|1820|1943|8 Şaban 1447
20260128|0643|0810|1321|1557|1821|1944|9 Şaban 1447
20260129|0642|0810|1321|1558|1823|1945|10 Şaban 1447
20260130|0641|0809|1321|1559|1824|1946|11 Şaban 1447
20260131|0640|0808|1321|1600|1825|1947|12 Şaban 1447
20260201|0640|0807|1322|1601|1826|1948|13 Şaban 1447
20260202|0639|0806|1322|1602|1828|1949|14 Şaban 1447
20260203|0638|0805|1322|1604|1829|1950|15 Şaban 1447
20260204|0637|0804|1322|1605|1830|1951|16 Şaban 1447
20260205|0636|0803|1322|1606|1831|1953|17 Şaban 1447
20260206|0635|0802|1322|1607|1833|1954|18 Şaban 1447
20260207|0634|0801|1322|1608|1834|1955|19 Şaban 1447
20260208|0633|0759|1322|1609|1835|1956|20 Şaban 1447
20260209|0632|0758|1322|1610|1836|1957|21 Şaban 1447
20260210|0631|0757|1322|1611|1838|1958|22 Şaban 1447
20260211|0630|0756|1322|1611|1839|1959|23 Şaban 1447
20260212|0629|0755|1322|1612|1840|2000|24 Şaban 1447
20260213|0628|0753|1322|1613|1841|2001|25 Şaban 1447
20260214|0627|0752|1322|1614|1842|2002|26 Şaban 1447
20260215|0626|0751|1322|1615|1844|2004|27 Şaban 1447
20260216|0624|0749|1322|1616|1845|2005|28 Şaban 1447
20260217|0623|0748|1322|1617|1846|2006|29 Şaban 1447
20260218|0622|0747|1322|1618|1847|2007|30 Şaban 1447
20260219|0621|0745|1322|1619|1848|2008|1 Ramazan 1447
20260220|0619|0744|1322|1620|1850|2009|2 Ramazan 1447
20260221|0618|0743|1322|1621|1851|2010|3 Ramazan 1447
20260222|0617|0741|1322|1622|1852|2011|4 Ramazan 1447
20260223|0615|0740|1321|1622|1853|2012|5 Ramazan 1447
20260224|0614|0738|1321|1623|1854|2013|6 Ramazan 1447
20260225|0613|0737|1321|1624|1856|2015|7 Ramazan 1447
20260226|0611|0735|1321|1625|1857|2016|8 Ramazan 1447
20260227|0610|0734|1321|1626|1858|2017|9 Ramazan 1447
20260228|0608|0732|1321|1626|1859|2018|10 Ramazan 1447
20260301|0607|0731|1320|1627|1900|2019|11 Ramazan 1447
20260302|0605|0729|1320|1628|1901|2020|12 Ramazan 1447
20260303|0604|0728|1320|1629|1903|2021|13 Ramazan 1447
20260304|0602|0726|1320|1629|1904|2022|14 Ramazan 1447
20260305|0600|0725|1320|1630|1905|2024|15 Ramazan 1447
20260306|0559|0723|1319|1631|1906|2025|16 Ramazan 1447
20260307|0557|0721|1319|1632|1907|2026|17 Ramazan 1447
20260308|0556|0720|1319|1632|1908|2027|18 Ramazan 1447
20260309|0554|0718|1319|1633|1909|2028|19 Ramazan 1447
20260310|0552|0717|1318|1634|1910|2029|20 Ramazan 1447
20260311|0551|0715|1318|1634|1911|2030|21 Ramazan 1447
20260312|0549|0713|1318|1635|1913|2031|22 Ramazan 1447
20260313|0547|0712|1318|1635|1914|2033|23 Ramazan 1447
20260314|0546|0710|1317|1636|1915|2034|24 Ramazan 1447
20260315|0544|0708|1317|1637|1916|2035|25 Ramazan 1447
20260316|0542|0707|1317|1637|1917|2036|26 Ramazan 1447
20260317|0540|0705|1317|1638|1918|2037|27 Ramazan 1447
20260318|0539|0703|1316|1638|1919|2038|28 Ramazan 1447
20260319|0537|0702|1316|1639|1920|2040|29 Ramazan 1447
20260320|0535|0700|1316|1640|1921|2041|1 Şevval 1447
20260321|0533|0658|1315|1640|1922|2042|2 Şevval 1447
20260322|0532|0657|1315|1641|1923|2043|3 Şevval 1447
20260323|0530|0655|1315|1641|1924|2044|4 Şevval 1447
20260324|0528|0653|1314|1642|1926|2046|5 Şevval 1447
20260325|0526|0652|1314|1642|1927|2047|6 Şevval 1447
20260326|0524|0650|1314|1643|1928|2048|7 Şevval 1447
20260327|0522|0648|1314|1643|1929|2049|8 Şevval 1447
20260328|0521|0647|1313|1644|1930|2050|9 Şevval 1447
20260329|0519|0645|1313|1644|1931|2052|10 Şevval 1447
20260330|0517|0643|1313|1644|1932|2053|11 Şevval 1447
20260331|0515|0642|1312|1645|1933|2054|12 Şevval 1447
20260401|0513|0640|1312|1645|1934|2055|13 Şevval 1447
20260402|0511|0639|1312|1646|1935|2057|14 Şevval 1447
20260403|0509|0637|1311|1646|1936|2058|15 Şevval 1447
20260404|0507|0635|1311|1647|1937|2059|16 Şevval 1447
20260405|0505|0634|1311|1647|1938|2101|17 Şevval 1447
20260406|0504|0632|1311|1647|1939|2102|18 Şevval 1447
20260407|0502|0630|1310|1648|1940|2103|19 Şevval 1447
20260408|0500|0629|1310|1648|1941|2105|20 Şevval 1447
20260409|0458|0627|1310|1649|1942|2106|21 Şevval 1447
20260410|0456|0626|1310|1649|1944|2107|22 Şevval 1447
20260411|0454|0624|1309|1649|1945|2109|23 Şevval 1447
20260412|0452|0622|1309|1650|1946|2110|24 Şevval 1447
20260413|0450|0621|1309|1650|1947|2111|25 Şevval 1447
20260414|0448|0619|1308|1650|1948|2113|26 Şevval 1447
20260415|0446|0618|1308|1651|1949|2114|27 Şevval 1447
20260416|0444|0616|1308|1651|1950|2115|28 Şevval 1447
20260417|0443|0615|1308|1651|1951|2117|29 Şevval 1447
20260418|0441|0613|1308|1652|1952|2118|1 Zilkade 1447
20260419|0439|0612|1307|1652|1953|2120|2 Zilkade 1447
20260420|0437|0610|1307|1652|1954|2121|3 Zilkade 1447
20260421|0435|0609|1307|1653|1955|2122|4 Zilkade 1447
20260422|0433|0607|1307|1653|1956|2124|5 Zilkade 1447
20260423|0431|0606|1306|1653|1957|2125|6 Zilkade 1447
20260424|0429|0604|1306|1653|1958|2127|7 Zilkade 1447
20260425|0427|0603|1306|1654|1959|2128|8 Zilkade 1447
20260426|0426|0602|1306|1654|2000|2130|9 Zilkade 1447
20260427|0424|0600|1306|1654|2001|2131|10 Zilkade 1447
20260428|0422|0559|1306|1655|2003|2133|11 Zilkade 1447
20260429|0420|0557|1306|1655|2004|2134|12 Zilkade 1447
20260430|0418|0556|1305|1655|2005|2136|13 Zilkade 1447
20260501|0416|0555|1305|1656|2006|2137|14 Zilkade 1447
20260502|0415|0554|1305|1656|2007|2139|15 Zilkade 1447
20260503|0413|0552|1305|1656|2008|2140|16 Zilkade 1447
20260504|0411|0551|1305|1656|2009|2142|17 Zilkade 1447
20260505|0409|0550|1305|1657|2010|2143|18 Zilkade 1447
20260506|0408|0549|1305|1657|2011|2145|19 Zilkade 1447
20260507|0406|0547|1305|1657|2012|2146|20 Zilkade 1447
20260508|0404|0546|1305|1657|2013|2148|21 Zilkade 1447
20260509|0403|0545|1305|1658|2014|2149|22 Zilkade 1447
20260510|0401|0544|1305|1658|2015|2151|23 Zilkade 1447
20260511|0359|0543|1304|1658|2016|2152|24 Zilkade 1447
20260512|0358|0542|1304|1659|2017|2154|25 Zilkade 1447
20260513|0356|0541|1304|1659|2018|2155|26 Zilkade 1447
20260514|0355|0540|1304|1659|2019|2157|27 Zilkade 1447
20260515|0353|0539|1304|1659|2020|2158|28 Zilkade 1447
20260516|0352|0538|1304|1700|2021|2200|29 Zilkade 1447
20260517|0350|0537|1304|1700|2022|2201|30 Zilkade 1447
20260518|0349|0536|1305|1700|2023|2203|1 Zilhicce 1447
20260519|0347|0535|1305|1701|2024|2204|2 Zilhicce 1447
20260520|0346|0534|1305|1701|2025|2206|3 Zilhicce 1447
20260521|0344|0534|1305|1701|2026|2207|4 Zilhicce 1447
20260522|0343|0533|1305|1701|2027|2208|5 Zilhicce 1447
20260523|0342|0532|1305|1702|2028|2210|6 Zilhicce 1447
20260524|0340|0531|1305|1702|2028|2211|7 Zilhicce 1447
20260525|0339|0531|1305|1702|2029|2213|8 Zilhicce 1447
20260526|0338|0530|1305|1703|2030|2214|9 Zilhicce 1447
20260527|0337|0529|1305|1703|2031|2215|10 Zilhicce 1447
20260528|0336|0529|1305|1703|2032|2216|11 Zilhicce 1447
20260529|0335|0528|1305|1703|2033|2218|12 Zilhicce 1447
20260530|0334|0528|1306|1704|2033|2219|13 Zilhicce 1447
20260531|0333|0527|1306|1704|2034|2220|14 Zilhicce 1447
20260601|0332|0527|1306|1704|2035|2221|15 Zilhicce 1447
20260602|0331|0526|1306|1705|2036|2222|16 Zilhicce 1447
20260603|0330|0526|1306|1705|2036|2224|17 Zilhicce 1447
20260604|0329|0526|1306|1705|2037|2225|18 Zilhicce 1447
20260605|0329|0525|1307|1705|2038|2226|19 Zilhicce 1447
20260606|0328|0525|1307|1706|2038|2227|20 Zilhicce 1447
20260607|0327|0525|1307|1706|2039|2228|21 Zilhicce 1447
20260608|0327|0524|1307|1706|2040|2229|22 Zilhicce 1447
20260609|0326|0524|1307|1706|2040|2229|23 Zilhicce 1447
20260610|0326|0524|1307|1707|2041|2230|24 Zilhicce 1447
20260611|0325|0524|1308|1707|2041|2231|25 Zilhicce 1447
20260612|0325|0524|1308|1707|2042|2232|26 Zilhicce 1447
20260613|0325|0524|1308|1708|2042|2232|27 Zilhicce 1447
20260614|0324|0524|1308|1708|2043|2233|28 Zilhicce 1447
20260615|0324|0524|1308|1708|2043|2234|29 Zilhicce 1447
20260616|0324|0524|1309|1708|2044|2234|1 Muharrem 1448
20260617|0324|0524|1309|1709|2044|2235|2 Muharrem 1448
20260618|0324|0524|1309|1709|2044|2235|3 Muharrem 1448
20260619|0324|0524|1309|1709|2045|2235|4 Muharrem 1448
20260620|0324|0524|1310|1709|2045|2236|5 Muharrem 1448
20260621|0324|0524|1310|1709|2045|2236|6 Muharrem 1448
20260622|0324|0525|1310|1710|2045|2236|7 Muharrem 1448
20260623|0325|0525|1310|1710|2046|2236|8 Muharrem 1448
20260624|0325|0525|1310|1710|2046|2236|9 Muharrem 1448
20260625|0326|0526|1311|1710|2046|2237|10 Muharrem 1448
20260626|0326|0526|1311|1710|2046|2237|11 Muharrem 1448
20260627|0326|0526|1311|1711|2046|2236|12 Muharrem 1448
20260628|0327|0527|1311|1711|2046|2236|13 Muharrem 1448
20260629|0328|0527|1311|1711|2046|2236|14 Muharrem 1448
20260630|0328|0528|1312|1711|2046|2236|15 Muharrem 1448
20260701|0329|0528|1312|1711|2046|2236|16 Muharrem 1448
20260702|0330|0529|1312|1711|2046|2235|17 Muharrem 1448
20260703|0331|0529|1312|1712|2046|2235|18 Muharrem 1448
20260704|0331|0530|1312|1712|2045|2234|19 Muharrem 1448
20260705|0332|0530|1313|1712|2045|2234|20 Muharrem 1448
20260706|0333|0531|1313|1712|2045|2233|21 Muharrem 1448
20260707|0334|0531|1313|1712|2045|2233|22 Muharrem 1448
20260708|0335|0532|1313|1712|2044|2232|23 Muharrem 1448
20260709|0336|0533|1313|1712|2044|2231|24 Muharrem 1448
20260710|0338|0533|1313|1712|2044|2231|25 Muharrem 1448
20260711|0339|0534|1314|1712|2043|2230|26 Muharrem 1448
20260712|0340|0535|1314|1712|2043|2229|27 Muharrem 1448
20260713|0341|0536|1314|1712|2042|2228|28 Muharrem 1448
20260714|0342|0536|1314|1712|2042|2227|29 Muharrem 1448
20260715|0344|0537|1314|1712|2041|2226|1 Safer 1448
20260716|0345|0538|1314|1712|2040|2225|2 Safer 1448
20260717|0346|0539|1314|1712|2040|2224|3 Safer 1448
20260718|0348|0539|1314|1712|2039|2223|4 Safer 1448
20260719|0349|0540|1314|1712|2039|2222|5 Safer 1448
20260720|0350|0541|1314|1711|2038|2220|6 Safer 1448
20260721|0352|0542|1315|1711|2037|2219|7 Safer 1448
20260722|0353|0543|1315|1711|2036|2218|8 Safer 1448
20260723|0355|0544|1315|1711|2035|2217|9 Safer 1448
20260724|0356|0545|1315|1711|2035|2215|10 Safer 1448
20260725|0357|0546|1315|1711|2034|2214|11 Safer 1448
20260726|0359|0546|1315|1710|2033|2213|12 Safer 1448
20260727|0400|0547|1315|1710|2032|2211|13 Safer 1448
20260728|0402|0548|1315|1710|2031|2210|14 Safer 1448
20260729|0403|0549|1315|1710|2030|2208|15 Safer 1448
20260730|0405|0550|1315|1709|2029|2207|16 Safer 1448
20260731|0406|0551|1315|1709|2028|2205|17 Safer 1448
20260801|0408|0552|1314|1709|2027|2204|18 Safer 1448
20260802|0409|0553|1314|1708|2026|2202|19 Safer 1448
20260803|0411|0554|1314|1708|2025|2200|20 Safer 1448
20260804|0412|0555|1314|1707|2024|2159|21 Safer 1448
20260805|0414|0556|1314|1707|2022|2157|22 Safer 1448
20260806|0415|0557|1314|1707|2021|2156|23 Safer 1448
20260807|0417|0558|1314|1706|2020|2154|24 Safer 1448
20260808|0418|0559|1314|1706|2019|2152|25 Safer 1448
20260809|0420|0600|1314|1705|2018|2150|26 Safer 1448
20260810|0421|0601|1314|1705|2016|2149|27 Safer 1448
20260811|0423|0602|1313|1704|2015|2147|28 Safer 1448
20260812|0424|0603|1313|1703|2014|2145|29 Safer 1448
20260813|0426|0604|1313|1703|2012|2143|30 Safer 1448
20260814|0427|0605|1313|1702|2011|2142|1 Rebiulevvel 1448
20260815|0429|0606|1313|1702|2010|2140|2 Rebiulevvel 1448
20260816|0430|0607|1312|1701|2008|2138|3 Rebiulevvel 1448
20260817|0432|0608|1312|1700|2007|2136|4 Rebiulevvel 1448
20260818|0433|0609|1312|1700|2005|2134|5 Rebiulevvel 1448
20260819|0435|0610|1312|1659|2004|2133|6 Rebiulevvel 1448
20260820|0436|0611|1312|1658|2002|2131|7 Rebiulevvel 1448
20260821|0438|0612|1311|1658|2001|2129|8 Rebiulevvel 1448
20260822|0439|0613|1311|1657|2000|2127|9 Rebiulevvel 1448
20260823|0440|0614|1311|1656|1958|2125|10 Rebiulevvel 1448
20260824|0442|0615|1311|1655|1957|2123|11 Rebiulevvel 1448
20260825|0443|0616|1310|1654|1955|2121|12 Rebiulevvel 1448
20260826|0444|0617|1310|1654|1953|2119|13 Rebiulevvel 1448
20260827|0446|0618|1310|1653|1952|2118|14 Rebiulevvel 1448
20260828|0447|0619|1309|1652|1950|2116|15 Rebiulevvel 1448
20260829|0449|0620|1309|1651|1949|2114|16 Rebiulevvel 1448
20260830|0450|0621|1309|1650|1947|2112|17 Rebiulevvel 1448
20260831|0451|0622|1309|1649|1946|2110|18 Rebiulevvel 1448
20260901|0453|0623|1308|1648|1944|2108|19 Rebiulevvel 1448
20260902|0454|0624|1308|1647|1942|2106|20 Rebiulevvel 1448
20260903|0455|0625|1308|1647|1941|2104|21 Rebiulevvel 1448
20260904|0456|0626|1307|1646|1939|2102|22 Rebiulevvel 1448
20260905|0458|0627|1307|1645|1937|2100|23 Rebiulevvel 1448
20260906|0459|0627|1307|1644|1936|2058|24 Rebiulevvel 1448
20260907|0500|0628|1306|1643|1934|2057|25 Rebiulevvel 1448
20260908|0501|0629|1306|1642|1932|2055|26 Rebiulevvel 1448
20260909|0503|0630|1306|1641|1931|2053|27 Rebiulevvel 1448
20260910|0504|0631|1305|1639|1929|2051|28 Rebiulevvel 1448
20260911|0505|0632|1305|1638|1927|2049|29 Rebiulevvel 1448
20260912|0506|0633|1305|1637|1926|2047|1 Rebiulahir 1448
20260913|0508|0634|1304|1636|1924|2045|2 Rebiulahir 1448
20260914|0509|0635|1304|1635|1922|2043|3 Rebiulahir 1448
20260915|0510|0636|1303|1634|1921|2041|4 Rebiulahir 1448
20260916|0511|0637|1303|1633|1919|2040|5 Rebiulahir 1448
20260917|0512|0638|1303|1632|1917|2038|6 Rebiulahir 1448
20260918|0513|0639|1302|1631|1916|2036|7 Rebiulahir 1448
20260919|0515|0640|1302|1630|1914|2034|8 Rebiulahir 1448
20260920|0516|0641|1302|1628|1912|2032|9 Rebiulahir 1448
20260921|0517|0642|1301|1627|1910|2030|10 Rebiulahir 1448
20260922|0518|0643|1301|1626|1909|2028|11 Rebiulahir 1448
20260923|0519|0644|1301|1625|1907|2027|12 Rebiulahir 1448
20260924|0520|0645|1300|1624|1905|2025|13 Rebiulahir 1448
20260925|0521|0646|1300|1623|1904|2023|14 Rebiulahir 1448
20260926|0522|0647|1300|1621|1902|2021|15 Rebiulahir 1448
20260927|0524|0648|1259|1620|1900|2019|16 Rebiulahir 1448
20260928|0525|0649|1259|1619|1859|2018|17 Rebiulahir 1448
20260929|0526|0650|1259|1618|1857|2016|18 Rebiulahir 1448
20260930|0527|0651|1258|1617|1855|2014|19 Rebiulahir 1448
20261001|0528|0652|1258|1615|1854|2012|20 Rebiulahir 1448
20261002|0529|0653|1258|1614|1852|2011|21 Rebiulahir 1448
20261003|0530|0654|1257|1613|1850|2009|22 Rebiulahir 1448
20261004|0531|0655|1257|1612|1849|2007|23 Rebiulahir 1448
20261005|0532|0656|1257|1611|1847|2006|24 Rebiulahir 1448
20261006|0533|0657|1256|1609|1845|2004|25 Rebiulahir 1448
20261007|0534|0658|1256|1608|1844|2002|26 Rebiulahir 1448
20261008|0535|0700|1256|1607|1842|2001|27 Rebiulahir 1448
20261009|0537|0701|1255|1606|1840|1959|28 Rebiulahir 1448
20261010|0538|0702|1255|1605|1839|1958|29 Rebiulahir 1448
20261011|0539|0703|1255|1603|1837|1956|30 Rebiulahir 1448
20261012|0540|0704|1255|1602|1836|1954|1 Cemaziyelevvel 1448
20261013|0541|0705|1254|1601|1834|1953|2 Cemaziyelevvel 1448
20261014|0542|0706|1254|1600|1832|1951|3 Cemaziyelevvel 1448
20261015|0543|0707|1254|1559|1831|1950|4 Cemaziyelevvel 1448
20261016|0544|0708|1254|1557|1829|1948|5 Cemaziyelevvel 1448
20261017|0545|0709|1254|1556|1828|1947|6 Cemaziyelevvel 1448
20261018|0546|0710|1253|1555|1826|1945|7 Cemaziyelevvel 1448
20261019|0547|0711|1253|1554|1825|1944|8 Cemaziyelevvel 1448
20261020|0548|0713|1253|1553|1823|1943|9 Cemaziyelevvel 1448
20261021|0549|0714|1253|1552|1822|1941|10 Cemaziyelevvel 1448
20261022|0550|0715|1253|1551|1821|1940|11 Cemaziyelevvel 1448
20261023|0551|0716|1252|1549|1819|1939|12 Cemaziyelevvel 1448
20261024|0552|0717|1252|1548|1818|1937|13 Cemaziyelevvel 1448
20261025|0553|0718|1252|1547|1816|1936|14 Cemaziyelevvel 1448
20261026|0554|0719|1252|1546|1815|1935|15 Cemaziyelevvel 1448
20261027|0555|0720|1252|1545|1814|1933|16 Cemaziyelevvel 1448
20261028|0556|0722|1252|1544|1812|1932|17 Cemaziyelevvel 1448
20261029|0557|0723|1252|1543|1811|1931|18 Cemaziyelevvel 1448
20261030|0558|0724|1252|1542|1810|1930|19 Cemaziyelevvel 1448
20261031|0559|0725|1252|1541|1808|1929|20 Cemaziyelevvel 1448
20261101|0600|0726|1252|1540|1807|1928|21 Cemaziyelevvel 1448
20261102|0602|0727|1252|1539|1806|1927|22 Cemaziyelevvel 1448
20261103|0603|0729|1252|1538|1805|1925|23 Cemaziyelevvel 1448
20261104|0604|0730|1252|1537|1804|1924|24 Cemaziyelevvel 1448
20261105|0605|0731|1252|1536|1802|1923|25 Cemaziyelevvel 1448
20261106|0606|0732|1252|1535|1801|1922|26 Cemaziyelevvel 1448
20261107|0607|0733|1252|1535|1800|1921|27 Cemaziyelevvel 1448
20261108|0608|0735|1252|1534|1759|1921|28 Cemaziyelevvel 1448
20261109|0609|0736|1252|1533|1758|1920|29 Cemaziyelevvel 1448
20261110|0610|0737|1252|1532|1757|1919|1 Cemaziyelahir 1448
20261111|0611|0738|1252|1531|1756|1918|2 Cemaziyelahir 1448
20261112|0612|0739|1252|1531|1755|1917|3 Cemaziyelahir 1448
20261113|0613|0740|1252|1530|1754|1916|4 Cemaziyelahir 1448
20261114|0614|0742|1252|1529|1753|1916|5 Cemaziyelahir 1448
20261115|0615|0743|1253|1528|1752|1915|6 Cemaziyelahir 1448
20261116|0616|0744|1253|1528|1752|1914|7 Cemaziyelahir 1448
20261117|0617|0745|1253|1527|1751|1914|8 Cemaziyelahir 1448
20261118|0618|0746|1253|1527|1750|1913|9 Cemaziyelahir 1448
20261119|0619|0747|1253|1526|1749|1912|10 Cemaziyelahir 1448
20261120|0620|0749|1254|1525|1749|1912|11 Cemaziyelahir 1448
20261121|0621|0750|1254|1525|1748|1911|12 Cemaziyelahir 1448
20261122|0622|0751|1254|1524|1747|1911|13 Cemaziyelahir 1448
20261123|0623|0752|1254|1524|1747|1911|14 Cemaziyelahir 1448
20261124|0624|0753|1255|1524|1746|1910|15 Cemaziyelahir 1448
20261125|0625|0754|1255|1523|1746|1910|16 Cemaziyelahir 1448
20261126|0626|0755|1255|1523|1745|1909|17 Cemaziyelahir 1448
20261127|0627|0757|1256|1522|1745|1909|18 Cemaziyelahir 1448
20261128|0628|0758|1256|1522|1744|1909|19 Cemaziyelahir 1448
20261129|0628|0759|1256|1522|1744|1909|20 Cemaziyelahir 1448
20261130|0629|0800|1257|1522|1743|1908|21 Cemaziyelahir 1448
20261201|0630|0801|1257|1521|1743|1908|22 Cemaziyelahir 1448
20261202|0631|0802|1257|1521|1743|1908|23 Cemaziyelahir 1448
20261203|0632|0803|1258|1521|1743|1908|24 Cemaziyelahir 1448
20261204|0633|0804|1258|1521|1742|1908|25 Cemaziyelahir 1448
20261205|0634|0805|1258|1521|1742|1908|26 Cemaziyelahir 1448
20261206|0635|0806|1259|1521|1742|1908|27 Cemaziyelahir 1448
20261207|0635|0807|1259|1521|1742|1908|28 Cemaziyelahir 1448
20261208|0636|0808|1300|1521|1742|1908|29 Cemaziyelahir 1448
20261209|0637|0808|1300|1521|1742|1908|30 Cemaziyelahir 1448
20261210|0638|0809|1301|1521|1742|1908|1 Recep 1448
20261211|0638|0810|1301|1521|1742|1908|2 Recep 1448
20261212|0639|0811|1302|1521|1742|1908|3 Recep 1448
20261213|0640|0812|1302|1522|1742|1909|4 Recep 1448
20261214|0641|0812|1302|1522|1743|1909|5 Recep 1448
20261215|0641|0813|1303|1522|1743|1909|6 Recep 1448
20261216|0642|0814|1303|1522|1743|1910|7 Recep 1448
20261217|0643|0815|1304|1523|1743|1910|8 Recep 1448
20261218|0643|0815|1304|1523|1744|1910|9 Recep 1448
20261219|0644|0816|1305|1524|1744|1911|10 Recep 1448
20261220|0644|0816|1305|1524|1745|1911|11 Recep 1448
20261221|0645|0817|1306|1524|1745|1912|12 Recep 1448
20261222|0645|0817|1306|1525|1745|1912|13 Recep 1448
20261223|0646|0818|1307|1525|1746|1913|14 Recep 1448
20261224|0646|0818|1307|1526|1747|1913|15 Recep 1448
20261225|0647|0819|1308|1527|1747|1914|16 Recep 1448
20261226|0647|0819|1308|1527|1748|1914|17 Recep 1448
20261227|0647|0819|1309|1528|1748|1915|18 Recep 1448
20261228|0648|0820|1309|1528|1749|1915|19 Recep 1448
20261229|0648|0820|1310|1529|1750|1916|20 Recep 1448
20261230|0648|0820|1310|1530|1751|1917|21 Recep 1448
20261231|0649|0820|1311|1531|1751|1918|22 Recep 1448
20270101|0649|0821|1311|1531|1752|1918|23 Recep 1448
20270102|0649|0821|1312|1532|1753|1919|24 Recep 1448
20270103|0649|0821|1312|1533|1754|1920|25 Recep 1448
20270104|0649|0821|1313|1534|1755|1921|26 Recep 1448
20270105|0649|0821|1313|1535|1756|1921|27 Recep 1448
20270106|0650|0821|1314|1535|1756|1922|28 Recep 1448
20270107|0650|0821|1314|1536|1757|1923|29 Recep 1448
20270108|0650|0821|1314|1537|1758|1924|30 Recep 1448
20270109|0650|0820|1315|1538|1759|1925|1 Şaban 1448
20270110|0649|0820|1315|1539|1800|1926|2 Şaban 1448
20270111|0649|0820|1316|1540|1801|1927|3 Şaban 1448
20270112|0649|0820|1316|1541|1803|1928|4 Şaban 1448
20270113|0649|0819|1316|1542|1804|1928|5 Şaban 1448
20270114|0649|0819|1317|1543|1805|1929|6 Şaban 1448
20270115|0649|0819|1317|1544|1806|1930|7 Şaban 1448
20270116|0648|0818|1318|1545|1807|1931|8 Şaban 1448
20270117|0648|0818|1318|1546|1808|1932|9 Şaban 1448
20270118|0648|0817|1318|1547|1809|1933|10 Şaban 1448
20270119|0647|0817|1319|1548|1810|1934|11 Şaban 1448
20270120|0647|0816|1319|1549|1811|1935|12 Şaban 1448
20270121|0647|0816|1319|1550|1813|1936|13 Şaban 1448
20270122|0646|0815|1319|1551|1814|1937|14 Şaban 1448
20270123|0646|0814|1320|1552|1815|1938|15 Şaban 1448
20270124|0645|0814|1320|1553|1816|1939|16 Şaban 1448
20270125|0645|0813|1320|1554|1817|1940|17 Şaban 1448
20270126|0644|0812|1320|1555|1819|1942|18 Şaban 1448
20270127|0643|0811|1321|1556|1820|1943|19 Şaban 1448
20270128|0643|0811|1321|1557|1821|1944|20 Şaban 1448
20270129|0642|0810|1321|1558|1822|1945|21 Şaban 1448
20270130|0641|0809|1321|1559|1824|1946|22 Şaban 1448
20270131|0641|0808|1321|1600|1825|1947|23 Şaban 1448
20270201|0640|0807|1322|1601|1826|1948|24 Şaban 1448
20270202|0639|0806|1322|1602|1827|1949|25 Şaban 1448
20270203|0638|0805|1322|1603|1829|1950|26 Şaban 1448
20270204|0637|0804|1322|1604|1830|1951|27 Şaban 1448
20270205|0636|0803|1322|1605|1831|1952|28 Şaban 1448
20270206|0635|0802|1322|1606|1832|1953|29 Şaban 1448
20270207|0635|0801|1322|1607|1834|1954|30 Şaban 1448
20270208|0634|0800|1322|1608|1835|1956|1 Ramazan 1448
20270209|0633|0759|1322|1609|1836|1957|2 Ramazan 1448
20270210|0632|0757|1322|1610|1837|1958|3 Ramazan 1448
20270211|0630|0756|1322|1611|1838|1959|4 Ramazan 1448
20270212|0629|0755|1322|1612|1840|2000|5 Ramazan 1448
20270213|0628|0754|1322|1613|1841|2001|6 Ramazan 1448
20270214|0627|0752|1322|1614|1842|2002|7 Ramazan 1448
20270215|0626|0751|1322|1615|1843|2003|8 Ramazan 1448
20270216|0625|0750|1322|1616|1845|2004|9 Ramazan 1448
20270217|0623|0748|1322|1617|1846|2005|10 Ramazan 1448
20270218|0622|0747|1322|1618|1847|2007|11 Ramazan 1448
20270219|0621|0746|1322|1619|1848|2008|12 Ramazan 1448
20270220|0620|0744|1322|1620|1849|2009|13 Ramazan 1448
20270221|0618|0743|1322|1620|1851|2010|14 Ramazan 1448
20270222|0617|0742|1322|1621|1852|2011|15 Ramazan 1448
20270223|0616|0740|1321|1622|1853|2012|16 Ramazan 1448
20270224|0614|0739|1321|1623|1854|2013|17 Ramazan 1448
20270225|0613|0737|1321|1624|1855|2014|18 Ramazan 1448
20270226|0611|0736|1321|1625|1856|2015|19 Ramazan 1448
20270227|0610|0734|1321|1625|1858|2017|20 Ramazan 1448
20270228|0609|0733|1321|1626|1859|2018|21 Ramazan 1448
20270301|0607|0731|1321|1627|1900|2019|22 Ramazan 1448
20270302|0606|0730|1320|1628|1901|2020|23 Ramazan 1448
20270303|0604|0728|1320|1628|1902|2021|24 Ramazan 1448
20270304|0602|0727|1320|1629|1903|2022|25 Ramazan 1448
20270305|0601|0725|1320|1630|1905|2023|26 Ramazan 1448
20270306|0559|0723|1319|1631|1906|2024|27 Ramazan 1448
20270307|0558|0722|1319|1631|1907|2026|28 Ramazan 1448
20270308|0556|0720|1319|1632|1908|2027|29 Ramazan 1448
20270309|0554|0719|1319|1633|1909|2028|1 Şevval 1448
20270310|0553|0717|1319|1633|1910|2029|2 Şevval 1448
20270311|0551|0715|1318|1634|1911|2030|3 Şevval 1448
20270312|0549|0714|1318|1635|1912|2031|4 Şevval 1448
20270313|0548|0712|1318|1635|1913|2032|5 Şevval 1448
20270314|0546|0710|1317|1636|1915|2033|6 Şevval 1448
20270315|0544|0709|1317|1637|1916|2035|7 Şevval 1448
20270316|0543|0707|1317|1637|1917|2036|8 Şevval 1448
20270317|0541|0706|1317|1638|1918|2037|9 Şevval 1448
20270318|0539|0704|1316|1638|1919|2038|10 Şevval 1448
20270319|0537|0702|1316|1639|1920|2039|11 Şevval 1448
20270320|0536|0701|1316|1639|1921|2040|12 Şevval 1448
20270321|0534|0659|1315|1640|1922|2042|13 Şevval 1448
20270322|0532|0657|1315|1640|1923|2043|14 Şevval 1448
20270323|0530|0656|1315|1641|1924|2044|15 Şevval 1448
20270324|0528|0654|1315|1641|1925|2045|16 Şevval 1448
20270325|0527|0652|1314|1642|1926|2046|17 Şevval 1448
20270326|0525|0651|1314|1642|1927|2048|18 Şevval 1448
20270327|0523|0649|1314|1643|1928|2049|19 Şevval 1448
20270328|0521|0647|1313|1643|1930|2050|20 Şevval 1448
20270329|0519|0646|1313|1644|1931|2051|21 Şevval 1448
20270330|0517|0644|1313|1644|1932|2053|22 Şevval 1448
20270331|0515|0642|1312|1645|1933|2054|23 Şevval 1448
20270401|0513|0641|1312|1645|1934|2055|24 Şevval 1448
20270402|0512|0639|1312|1646|1935|2056|25 Şevval 1448
20270403|0510|0637|1312|1646|1936|2058|26 Şevval 1448
20270404|0508|0636|1311|1646|1937|2059|27 Şevval 1448
20270405|0506|0634|1311|1647|1938|2100|28 Şevval 1448
20270406|0504|0632|1311|1647|1939|2102|29 Şevval 1448
20270407|0502|0631|1310|1648|1940|2103|30 Şevval 1448
20270408|0500|0629|1310|1648|1941|2104|1 Zilkade 1448
20270409|0458|0628|1310|1648|1942|2106|2 Zilkade 1448
20270410|0456|0626|1310|1649|1943|2107|3 Zilkade 1448
20270411|0454|0624|1309|1649|1944|2108|4 Zilkade 1448
20270412|0453|0623|1309|1649|1945|2110|5 Zilkade 1448
20270413|0451|0621|1309|1650|1946|2111|6 Zilkade 1448
20270414|0449|0620|1309|1650|1947|2112|7 Zilkade 1448
20270415|0447|0618|1308|1651|1949|2114|8 Zilkade 1448
20270416|0445|0617|1308|1651|1950|2115|9 Zilkade 1448
20270417|0443|0615|1308|1651|1951|2116|10 Zilkade 1448
20270418|0441|0614|1308|1652|1952|2118|11 Zilkade 1448
20270419|0439|0612|1307|1652|1953|2119|12 Zilkade 1448
20270420|0437|0611|1307|1652|1954|2121|13 Zilkade 1448
20270421|0435|0609|1307|1652|1955|2122|14 Zilkade 1448
20270422|0434|0608|1307|1653|1956|2124|15 Zilkade 1448
20270423|0432|0606|1307|1653|1957|2125|16 Zilkade 1448
20270424|0430|0605|1306|1653|1958|2126|17 Zilkade 1448
20270425|0428|0603|1306|1654|1959|2128|18 Zilkade 1448
20270426|0426|0602|1306|1654|2000|2129|19 Zilkade 1448
20270427|0424|0601|1306|1654|2001|2131|20 Zilkade 1448
20270428|0422|0559|1306|1655|2002|2132|21 Zilkade 1448
20270429|0421|0558|1306|1655|2003|2134|22 Zilkade 1448
20270430|0419|0556|1305|1655|2004|2135|23 Zilkade 1448
20270501|0417|0555|1305|1655|2005|2137|24 Zilkade 1448
20270502|0415|0554|1305|1656|2006|2138|25 Zilkade 1448
20270503|0413|0553|1305|1656|2008|2140|26 Zilkade 1448
20270504|0412|0551|1305|1656|2009|2141|27 Zilkade 1448
20270505|0410|0550|1305|1657|2010|2143|28 Zilkade 1448
20270506|0408|0549|1305|1657|2011|2144|29 Zilkade 1448
20270507|0406|0548|1305|1657|2012|2146|1 Zilhicce 1448
20270508|0405|0547|1305|1657|2013|2147|2 Zilhicce 1448
20270509|0403|0545|1305|1658|2014|2149|3 Zilhicce 1448
20270510|0401|0544|1305|1658|2015|2150|4 Zilhicce 1448
20270511|0400|0543|1304|1658|2016|2152|5 Zilhicce 1448
20270512|0358|0542|1304|1659|2017|2153|6 Zilhicce 1448
20270513|0357|0541|1304|1659|2018|2155|7 Zilhicce 1448
20270514|0355|0540|1304|1659|2019|2156|8 Zilhicce 1448
20270515|0353|0539|1304|1659|2020|2158|9 Zilhicce 1448
20270516|0352|0538|1304|1700|2021|2159|10 Zilhicce 1448
20270517|0350|0537|1304|1700|2022|2201|11 Zilhicce 1448
20270518|0349|0536|1305|1700|2023|2202|12 Zilhicce 1448
20270519|0347|0536|1305|1700|2024|2204|13 Zilhicce 1448
20270520|0346|0535|1305|1701|2025|2205|14 Zilhicce 1448
20270521|0345|0534|1305|1701|2025|2207|15 Zilhicce 1448
20270522|0343|0533|1305|1701|2026|2208|16 Zilhicce 1448
20270523|0342|0532|1305|1702|2027|2209|17 Zilhicce 1448
20270524|0341|0532|1305|1702|2028|2211|18 Zilhicce 1448
20270525|0340|0531|1305|1702|2029|2212|19 Zilhicce 1448
20270526|0338|0530|1305|1702|2030|2214|20 Zilhicce 1448
20270527|0337|0530|1305|1703|2031|2215|21 Zilhicce 1448
20270528|0336|0529|1305|1703|2032|2216|22 Zilhicce 1448
20270529|0335|0528|1305|1703|2032|2217|23 Zilhicce 1448
20270530|0334|0528|1306|1704|2033|2219|24 Zilhicce 1448
20270531|0333|0527|1306|1704|2034|2220|25 Zilhicce 1448
20270601|0332|0527|1306|1704|2035|2221|26 Zilhicce 1448
20270602|0331|0526|1306|1704|2036|2222|27 Zilhicce 1448
20270603|0330|0526|1306|1705|2036|2223|28 Zilhicce 1448
20270604|0329|0526|1306|1705|2037|2224|29 Zilhicce 1448
20270605|0329|0525|1306|1705|2038|2225|30 Zilhicce 1448
20270606|0328|0525|1307|1706|2038|2226|1 Muharrem 1449
20270607|0327|0525|1307|1706|2039|2227|2 Muharrem 1449
20270608|0327|0525|1307|1706|2040|2228|3 Muharrem 1449
20270609|0326|0524|1307|1706|2040|2229|4 Muharrem 1449
20270610|0326|0524|1307|1707|2041|2230|5 Muharrem 1449
20270611|0325|0524|1308|1707|2041|2231|6 Muharrem 1449
20270612|0325|0524|1308|1707|2042|2232|7 Muharrem 1449
20270613|0325|0524|1308|1707|2042|2232|8 Muharrem 1449
20270614|0324|0524|1308|1708|2043|2233|9 Muharrem 1449
20270615|0324|0524|1308|1708|2043|2233|10 Muharrem 1449
20270616|0324|0524|1309|1708|2044|2234|11 Muharrem 1449
20270617|0324|0524|1309|1708|2044|2235|12 Muharrem 1449
20270618|0324|0524|1309|1709|2044|2235|13 Muharrem 1449
20270619|0324|0524|1309|1709|2045|2235|14 Muharrem 1449
20270620|0324|0524|1310|1709|2045|2236|15 Muharrem 1449
20270621|0324|0524|1310|1709|2045|2236|16 Muharrem 1449
20270622|0324|0525|1310|1710|2045|2236|17 Muharrem 1449
20270623|0325|0525|1310|1710|2046|2236|18 Muharrem 1449
20270624|0325|0525|1310|1710|2046|2236|19 Muharrem 1449
20270625|0325|0525|1311|1710|2046|2237|20 Muharrem 1449
20270626|0326|0526|1311|1710|2046|2237|21 Muharrem 1449
20270627|0326|0526|1311|1711|2046|2236|22 Muharrem 1449
20270628|0327|0527|1311|1711|2046|2236|23 Muharrem 1449
20270629|0328|0527|1311|1711|2046|2236|24 Muharrem 1449
20270630|0328|0527|1312|1711|2046|2236|25 Muharrem 1449
20270701|0329|0528|1312|1711|2046|2236|26 Muharrem 1449
20270702|0330|0528|1312|1711|2046|2235|27 Muharrem 1449
20270703|0330|0529|1312|1711|2046|2235|28 Muharrem 1449
20270704|0331|0529|1312|1712|2045|2234|29 Muharrem 1449
20270705|0332|0530|1313|1712|2045|2234|1 Safer 1449
20270706|0333|0531|1313|1712|2045|2233|2 Safer 1449
20270707|0334|0531|1313|1712|2045|2233|3 Safer 1449
20270708|0335|0532|1313|1712|2044|2232|4 Safer 1449
20270709|0336|0533|1313|1712|2044|2231|5 Safer 1449
20270710|0337|0533|1313|1712|2044|2231|6 Safer 1449
20270711|0338|0534|1314|1712|2043|2230|7 Safer 1449
20270712|0340|0535|1314|1712|2043|2229|8 Safer 1449
20270713|0341|0535|1314|1712|2042|2228|9 Safer 1449
20270714|0342|0536|1314|1712|2042|2227|10 Safer 1449
20270715|0343|0537|1314|1712|2041|2226|11 Safer 1449
20270716|0345|0538|1314|1712|2041|2225|12 Safer 1449
20270717|0346|0538|1314|1712|2040|2224|13 Safer 1449
20270718|0347|0539|1314|1712|2039|2223|14 Safer 1449
20270719|0349|0540|1314|1712|2039|2222|15 Safer 1449
20270720|0350|0541|1314|1712|2038|2221|16 Safer 1449
20270721|0351|0542|1315|1711|2037|2220|17 Safer 1449
20270722|0353|0543|1315|1711|2036|2218|18 Safer 1449
20270723|0354|0544|1315|1711|2036|2217|19 Safer 1449
20270724|0356|0544|1315|1711|2035|2216|20 Safer 1449
20270725|0357|0545|1315|1711|2034|2214|21 Safer 1449
20270726|0359|0546|1315|1710|2033|2213|22 Safer 1449
20270727|0400|0547|1315|1710|2032|2212|23 Safer 1449
20270728|0402|0548|1315|1710|2031|2210|24 Safer 1449
20270729|0403|0549|1315|1710|2030|2209|25 Safer 1449
20270730|0405|0550|1315|1709|2029|2207|26 Safer 1449
20270731|0406|0551|1315|1709|2028|2206|27 Safer 1449
20270801|0408|0552|1314|1709|2027|2204|28 Safer 1449
20270802|0409|0553|1314|1708|2026|2202|29 Safer 1449
20270803|0411|0554|1314|1708|2025|2201|1 Rebiulevvel 1449
20270804|0412|0555|1314|1708|2024|2159|2 Rebiulevvel 1449
20270805|0414|0556|1314|1707|2023|2158|3 Rebiulevvel 1449
20270806|0415|0557|1314|1707|2022|2156|4 Rebiulevvel 1449
20270807|0417|0558|1314|1706|2020|2154|5 Rebiulevvel 1449
20270808|0418|0559|1314|1706|2019|2153|6 Rebiulevvel 1449
20270809|0420|0600|1314|1705|2018|2151|7 Rebiulevvel 1449
20270810|0421|0601|1314|1705|2017|2149|8 Rebiulevvel 1449
20270811|0423|0602|1313|1704|2015|2147|9 Rebiulevvel 1449
20270812|0424|0603|1313|1704|2014|2146|10 Rebiulevvel 1449
20270813|0426|0604|1313|1703|2013|2144|11 Rebiulevvel 1449
20270814|0427|0605|1313|1702|2011|2142|12 Rebiulevvel 1449
20270815|0429|0606|1313|1702|2010|2140|13 Rebiulevvel 1449
20270816|0430|0607|1313|1701|2009|2138|14 Rebiulevvel 1449
20270817|0431|0608|1312|1701|2007|2137|15 Rebiulevvel 1449
20270818|0433|0609|1312|1700|2006|2135|16 Rebiulevvel 1449
20270819|0434|0610|1312|1659|2004|2133|17 Rebiulevvel 1449
20270820|0436|0611|1312|1658|2003|2131|18 Rebiulevvel 1449
20270821|0437|0612|1311|1658|2001|2129|19 Rebiulevvel 1449
20270822|0439|0612|1311|1657|2000|2127|20 Rebiulevvel 1449
20270823|0440|0613|1311|1656|1958|2126|21 Rebiulevvel 1449
20270824|0441|0614|1311|1655|1957|2124|22 Rebiulevvel 1449
20270825|0443|0615|1310|1655|1955|2122|23 Rebiulevvel 1449
20270826|0444|0616|1310|1654|1954|2120|24 Rebiulevvel 1449
20270827|0446|0617|1310|1653|1952|2118|25 Rebiulevvel 1449
20270828|0447|0618|1310|1652|1951|2116|26 Rebiulevvel 1449
20270829|0448|0619|1309|1651|1949|2114|27 Rebiulevvel 1449
20270830|0450|0620|1309|1650|1948|2112|28 Rebiulevvel 1449
20270831|0451|0621|1309|1650|1946|2110|29 Rebiulevvel 1449
20270901|0452|0622|1308|1649|1944|2108|30 Rebiulevvel 1449
20270902|0454|0623|1308|1648|1943|2107|1 Rebiulahir 1449
20270903|0455|0624|1308|1647|1941|2105|2 Rebiulahir 1449
20270904|0456|0625|1307|1646|1939|2103|3 Rebiulahir 1449
20270905|0457|0626|1307|1645|1938|2101|4 Rebiulahir 1449
20270906|0459|0627|1307|1644|1936|2059|5 Rebiulahir 1449
20270907|0500|0628|1306|1643|1935|2057|6 Rebiulahir 1449
20270908|0501|0629|1306|1642|1933|2055|7 Rebiulahir 1449
20270909|0502|0630|1306|1641|1931|2053|8 Rebiulahir 1449
20270910|0504|0631|1305|1640|1929|2051|9 Rebiulahir 1449
20270911|0505|0632|1305|1639|1928|2049|10 Rebiulahir 1449
20270912|0506|0633|1305|1638|1926|2047|11 Rebiulahir 1449
20270913|0507|0634|1304|1637|1924|2046|12 Rebiulahir 1449
20270914|0508|0635|1304|1635|1923|2044|13 Rebiulahir 1449
20270915|0510|0636|1304|1634|1921|2042|14 Rebiulahir 1449
20270916|0511|0637|1303|1633|1919|2040|15 Rebiulahir 1449
20270917|0512|0638|1303|1632|1918|2038|16 Rebiulahir 1449
20270918|0513|0639|1302|1631|1916|2036|17 Rebiulahir 1449
20270919|0514|0640|1302|1630|1914|2034|18 Rebiulahir 1449
20270920|0515|0641|1302|1629|1913|2033|19 Rebiulahir 1449
20270921|0517|0642|1301|1628|1911|2031|20 Rebiulahir 1449
20270922|0518|0643|1301|1626|1909|2029|21 Rebiulahir 1449
20270923|0519|0644|1301|1625|1907|2027|22 Rebiulahir 1449
20270924|0520|0645|1300|1624|1906|2025|23 Rebiulahir 1449
20270925|0521|0646|1300|1623|1904|2023|24 Rebiulahir 1449
20270926|0522|0647|1300|1622|1902|2022|25 Rebiulahir 1449
20270927|0523|0648|1259|1621|1901|2020|26 Rebiulahir 1449
20270928|0524|0649|1259|1619|1859|2018|27 Rebiulahir 1449
20270929|0526|0650|1259|1618|1857|2016|28 Rebiulahir 1449
20270930|0527|0651|1258|1617|1856|2015|29 Rebiulahir 1449
20271001|0528|0652|1258|1616|1854|2013|1 Cemaziyelevvel 1449
20271002|0529|0653|1258|1615|1852|2011|2 Cemaziyelevvel 1449
20271003|0530|0654|1257|1613|1851|2009|3 Cemaziyelevvel 1449
20271004|0531|0655|1257|1612|1849|2008|4 Cemaziyelevvel 1449
20271005|0532|0656|1257|1611|1847|2006|5 Cemaziyelevvel 1449
20271006|0533|0657|1256|1610|1846|2004|6 Cemaziyelevvel 1449
20271007|0534|0658|1256|1609|1844|2003|7 Cemaziyelevvel 1449
20271008|0535|0659|1256|1607|1842|2001|8 Cemaziyelevvel 1449
20271009|0536|0700|1256|1606|1841|2000|9 Cemaziyelevvel 1449
20271010|0537|0701|1255|1605|1839|1958|10 Cemaziyelevvel 1449
20271011|0538|0702|1255|1604|1838|1956|11 Cemaziyelevvel 1449
20271012|0539|0704|1255|1603|1836|1955|12 Cemaziyelevvel 1449
20271013|0540|0705|1254|1601|1834|1953|13 Cemaziyelevvel 1449
20271014|0542|0706|1254|1600|1833|1952|14 Cemaziyelevvel 1449
20271015|0543|0707|1254|1559|1831|1950|15 Cemaziyelevvel 1449
20271016|0544|0708|1254|1558|1830|1949|16 Cemaziyelevvel 1449
20271017|0545|0709|1254|1557|1828|1947|17 Cemaziyelevvel 1449
20271018|0546|0710|1253|1555|1827|1946|18 Cemaziyelevvel 1449
20271019|0547|0711|1253|1554|1825|1944|19 Cemaziyelevvel 1449
20271020|0548|0712|1253|1553|1824|1943|20 Cemaziyelevvel 1449
20271021|0549|0713|1253|1552|1822|1942|21 Cemaziyelevvel 1449
20271022|0550|0714|1253|1551|1821|1940|22 Cemaziyelevvel 1449
20271023|0551|0716|1253|1550|1819|1939|23 Cemaziyelevvel 1449
20271024|0552|0717|1252|1549|1818|1938|24 Cemaziyelevvel 1449
20271025|0553|0718|1252|1548|1817|1936|25 Cemaziyelevvel 1449
20271026|0554|0719|1252|1546|1815|1935|26 Cemaziyelevvel 1449
20271027|0555|0720|1252|1545|1814|1934|27 Cemaziyelevvel 1449
20271028|0556|0721|1252|1544|1813|1933|28 Cemaziyelevvel 1449
20271029|0557|0722|1252|1543|1811|1931|29 Cemaziyelevvel 1449
20271030|0558|0724|1252|1542|1810|1930|30 Cemaziyelevvel 1449
20271031|0559|0725|1252|1541|1809|1929|1 Cemaziyelahir 1449
20271101|0600|0726|1252|1540|1807|1928|2 Cemaziyelahir 1449
20271102|0601|0727|1252|1539|1806|1927|3 Cemaziyelahir 1449
20271103|0602|0728|1252|1538|1805|1926|4 Cemaziyelahir 1449
20271104|0603|0729|1252|1537|1804|1925|5 Cemaziyelahir 1449
20271105|0604|0731|1252|1537|1803|1924|6 Cemaziyelahir 1449
20271106|0605|0732|1252|1536|1802|1923|7 Cemaziyelahir 1449
20271107|0606|0733|1252|1535|1800|1922|8 Cemaziyelahir 1449
20271108|0607|0734|1252|1534|1759|1921|9 Cemaziyelahir 1449
20271109|0608|0735|1252|1533|1758|1920|10 Cemaziyelahir 1449
20271110|0610|0737|1252|1532|1757|1919|11 Cemaziyelahir 1449
20271111|0611|0738|1252|1531|1756|1918|12 Cemaziyelahir 1449
20271112|0612|0739|1252|1531|1755|1917|13 Cemaziyelahir 1449
20271113|0613|0740|1252|1530|1754|1917|14 Cemaziyelahir 1449
20271114|0614|0741|1252|1529|1753|1916|15 Cemaziyelahir 1449
20271115|0615|0743|1253|1529|1753|1915|16 Cemaziyelahir 1449
20271116|0616|0744|1253|1528|1752|1914|17 Cemaziyelahir 1449
20271117|0617|0745|1253|1527|1751|1914|18 Cemaziyelahir 1449
20271118|0618|0746|1253|1527|1750|1913|19 Cemaziyelahir 1449
20271119|0619|0747|1253|1526|1749|1913|20 Cemaziyelahir 1449
20271120|0620|0748|1254|1526|1749|1912|21 Cemaziyelahir 1449
20271121|0621|0750|1254|1525|1748|1912|22 Cemaziyelahir 1449
20271122|0622|0751|1254|1525|1747|1911|23 Cemaziyelahir 1449
20271123|0623|0752|1254|1524|1747|1911|24 Cemaziyelahir 1449
20271124|0624|0753|1255|1524|1746|1910|25 Cemaziyelahir 1449
20271125|0624|0754|1255|1523|1746|1910|26 Cemaziyelahir 1449
20271126|0625|0755|1255|1523|1745|1909|27 Cemaziyelahir 1449
20271127|0626|0756|1255|1523|1745|1909|28 Cemaziyelahir 1449
20271128|0627|0757|1256|1522|1744|1909|29 Cemaziyelahir 1449
20271129|0628|0758|1256|1522|1744|1909|1 Recep 1449
20271130|0629|0759|1256|1522|1743|1908|2 Recep 1449
20271201|0630|0800|1257|1521|1743|1908|3 Recep 1449
20271202|0631|0802|1257|1521|1743|1908|4 Recep 1449
20271203|0632|0803|1258|1521|1743|1908|5 Recep 1449
20271204|0633|0804|1258|1521|1742|1908|6 Recep 1449
20271205|0633|0804|1258|1521|1742|1908|7 Recep 1449
20271206|0634|0805|1259|1521|1742|1908|8 Recep 1449
20271207|0635|0806|1259|1521|1742|1908|9 Recep 1449
20271208|0636|0807|1300|1521|1742|1908|10 Recep 1449
20271209|0637|0808|1300|1521|1742|1908|11 Recep 1449
20271210|0638|0809|1301|1521|1742|1908|12 Recep 1449
20271211|0638|0810|1301|1521|1742|1908|13 Recep 1449
20271212|0639|0811|1301|1521|1742|1908|14 Recep 1449
20271213|0640|0811|1302|1522|1742|1909|15 Recep 1449
20271214|0640|0812|1302|1522|1743|1909|16 Recep 1449
20271215|0641|0813|1303|1522|1743|1909|17 Recep 1449
20271216|0642|0814|1303|1522|1743|1909|18 Recep 1449
20271217|0642|0814|1304|1523|1743|1910|19 Recep 1449
20271218|0643|0815|1304|1523|1744|1910|20 Recep 1449
20271219|0644|0816|1305|1523|1744|1911|21 Recep 1449
20271220|0644|0816|1305|1524|1744|1911|22 Recep 1449
20271221|0645|0817|1306|1524|1745|1911|23 Recep 1449
20271222|0645|0817|1306|1525|1745|1912|24 Recep 1449
20271223|0646|0818|1307|1525|1746|1912|25 Recep 1449
20271224|0646|0818|1307|1526|1746|1913|26 Recep 1449
20271225|0647|0819|1308|1526|1747|1914|27 Recep 1449
20271226|0647|0819|1308|1527|1748|1914|28 Recep 1449
20271227|0647|0819|1309|1528|1748|1915|29 Recep 1449
20271228|0648|0820|1309|1528|1749|1915|30 Recep 1449
20271229|0648|0820|1310|1529|1750|1916|1 Şaban 1449
20271230|0648|0820|1310|1530|1750|1917|2 Şaban 1449
20271231|0649|0820|1311|1530|1751|1917|3 Şaban 1449
#@9546|Sancaktepe|ISTANBUL|730
20260101|0649|0821|1311|1531|1752|1918|12 Recep 1447
20260102|0649|0821|1312|1532|1753|1919|13 Recep 1447
20260103|0649|0821|1312|1533|1754|1920|14 Recep 1447
20260104|0650|0821|1313|1534|1755|1921|15 Recep 1447
20260105|0650|0821|1313|1534|1755|1921|16 Recep 1447
20260106|0650|0821|1314|1535|1756|1922|17 Recep 1447
20260107|0650|0821|1314|1536|1757|1923|18 Recep 1447
20260108|0650|0821|1315|1537|1758|1924|19 Recep 1447
20260109|0650|0821|1315|1538|1759|1925|20 Recep 1447
20260110|0650|0821|1315|1539|1800|1926|21 Recep 1447
20260111|0650|0820|1316|1540|1801|1927|22 Recep 1447
20260112|0649|0820|1316|1541|1802|1928|23 Recep 1447
20260113|0649|0820|1317|1542|1804|1929|24 Recep 1447
20260114|0649|0819|1317|1543|1805|1930|25 Recep 1447
20260115|0649|0819|1317|1544|1806|1930|26 Recep 1447
20260116|0649|0819|1318|1545|1807|1931|27 Recep 1447
20260117|0648|0818|1318|1546|1808|1932|28 Recep 1447
20260118|0648|0818|1318|1547|1809|1933|29 Recep 1447
20260119|0648|0817|1319|1548|1810|1934|30 Recep 1447
20260120|0647|0816|1319|1549|1812|1935|1 Şaban 1447
20260121|0647|0816|1319|1550|1813|1936|2 Şaban 1447
20260122|0646|0815|1320|1551|1814|1938|3 Şaban 1447
20260123|0646|0815|1320|1552|1815|1939|4 Şaban 1447
20260124|0645|0814|1320|1553|1816|1940|5 Şaban 1447
20260125|0645|0813|1320|1554|1818|1941|6 Şaban 1447
20260126|0644|0812|1321|1555|1819|1942|7 Şaban 1447
20260127|0643|0812|1321|1556|1820|1943|8 Şaban 1447
20260128|0643|0811|1321|1557|1821|1944|9 Şaban 1447
20260129|0642|0810|1321|1558|1822|1945|10 Şaban 1447
20260130|0641|0809|1321|1559|1824|1946|11 Şaban 1447
20260131|0641|0808|1321|1600|1825|1947|12 Şaban 1447
20260201|0640|0807|1322|1601|1826|1948|13 Şaban 1447
20260202|0639|0806|1322|1602|1827|1949|14 Şaban 1447
20260203|0638|0805|1322|1603|1829|1950|15 Şaban 1447
20260204|0637|0804|1322|1604|1830|1951|16 Şaban 1447
20260205|0636|0803|1322|1605|1831|1953|17 Şaban 1447
20260206|0635|0802|1322|1606|1832|1954|18 Şaban 1447
20260207|0634|0801|1322|1607|1834|1955|19 Şaban 1447
20260208|0633|0800|1322|1608|1835|1956|20 Şaban 1447
20260209|0632|0758|1322|1609|1836|1957|21 Şaban 1447
20260210|0631|0757|1322|1610|1837|1958|22 Şaban 1447
20260211|0630|0756|1322|1611|1839|1959|23 Şaban 1447
20260212|0629|0755|1322|1612|1840|2000|24 Şaban 1447
20260213|0628|0754|1322|1613|1841|2001|25 Şaban 1447
20260214|0627|0752|1322|1614|1842|2002|26 Şaban 1447
20260215|0626|0751|1322|1615|1844|2004|27 Şaban 1447
20260216|0624|0750|1322|1616|1845|2005|28 Şaban 1447
20260217|0623|0748|1322|1617|1846|2006|29 Şaban 1447
20260218|0622|0747|1322|1618|1847|2007|30 Şaban 1447
20260219|0621|0746|1322|1619|1848|2008|1 Ramazan 1447
20260220|0619|0744|1322|1620|1850|2009|2 Ramazan 1447
20260221|0618|0743|1322|1621|1851|2010|3 Ramazan 1447
20260222|0617|0741|1322|1621|1852|2011|4 Ramazan 1447
20260223|0615|0740|1321|1622|1853|2012|5 Ramazan 1447
20260224|0614|0738|1321|1623|1854|2014|6 Ramazan 1447
20260225|0613|0737|1321|1624|1856|2015|7 Ramazan 1447
20260226|0611|0735|1321|1625|1857|2016|8 Ramazan 1447
20260227|0610|0734|1321|1625|1858|2017|9 Ramazan 1447
20260228|0608|0732|1321|1626|1859|2018|10 Ramazan 1447
20260301|0607|0731|1321|1627|1900|2019|11 Ramazan 1447
20260302|0605|0729|1320|1628|1901|2020|12 Ramazan 1447
20260303|0604|0728|1320|1629|1902|2021|13 Ramazan 1447
20260304|0602|0726|1320|1629|1904|2022|14 Ramazan 1447
20260305|0600|0725|1320|1630|1905|2024|15 Ramazan 1447
20260306|0559|0723|1319|1631|1906|2025|16 Ramazan 1447
20260307|0557|0721|1319|1631|1907|2026|17 Ramazan 1447
20260308|0556|0720|1319|1632|1908|2027|18 Ramazan 1447
20260309|0554|0718|1319|1633|1909|2028|19 Ramazan 1447
20260310|0552|0717|1318|1633|1910|2029|20 Ramazan 1447
20260311|0551|0715|1318|1634|1911|2030|21 Ramazan 1447
20260312|0549|0713|1318|1635|1913|2032|22 Ramazan 1447
20260313|0547|0712|1318|1635|1914|2033|23 Ramazan 1447
20260314|0546|0710|1317|1636|1915|2034|24 Ramazan 1447
20260315|0544|0708|1317|1637|1916|2035|25 Ramazan 1447
20260316|0542|0707|1317|1637|1917|2036|26 Ramazan 1447
20260317|0540|0705|1317|1638|1918|2037|27 Ramazan 1447
20260318|0539|0703|1316|1638|1919|2039|28 Ramazan 1447
20260319|0537|0702|1316|1639|1920|2040|29 Ramazan 1447
20260320|0535|0700|1316|1640|1921|2041|1 Şevval 1447
20260321|0533|0658|1315|1640|1922|2042|2 Şevval 1447
20260322|0531|0657|1315|1641|1923|2043|3 Şevval 1447
20260323|0530|0655|1315|1641|1925|2045|4 Şevval 1447
20260324|0528|0653|1315|1642|1926|2046|5 Şevval 1447
20260325|0526|0652|1314|1642|1927|2047|6 Şevval 1447
20260326|0524|0650|1314|1643|1928|2048|7 Şevval 1447
20260327|0522|0648|1314|1643|1929|2049|8 Şevval 1447
20260328|0520|0647|1313|1644|1930|2051|9 Şevval 1447
20260329|0518|0645|1313|1644|1931|2052|10 Şevval 1447
20260330|0517|0643|1313|1644|1932|2053|11 Şevval 1447
20260331|0515|0642|1312|1645|1933|2054|12 Şevval 1447
20260401|0513|0640|1312|1645|1934|2056|13 Şevval 1447
20260402|0511|0638|1312|1646|1935|2057|14 Şevval 1447
20260403|0509|0637|1312|1646|1936|2058|15 Şevval 1447
20260404|0507|0635|1311|1647|1937|2100|16 Şevval 1447
20260405|0505|0634|1311|1647|1938|2101|17 Şevval 1447
20260406|0503|0632|1311|1647|1939|2102|18 Şevval 1447
20260407|0501|0630|1310|1648|1940|2104|19 Şevval 1447
20260408|0459|0629|1310|1648|1942|2105|20 Şevval 1447
20260409|0458|0627|1310|1649|1943|2106|21 Şevval 1447
20260410|0456|0625|1310|1649|1944|2108|22 Şevval 1447
20260411|0454|0624|1309|1649|1945|2109|23 Şevval 1447
20260412|0452|0622|1309|1650|1946|2110|24 Şevval 1447
20260413|0450|0621|1309|1650|1947|2112|25 Şevval 1447
20260414|0448|0619|1309|1650|1948|2113|26 Şevval 1447
20260415|0446|0618|1308|1651|1949|2114|27 Şevval 1447
20260416|0444|0616|1308|1651|1950|2116|28 Şevval 1447
20260417|0442|0615|1308|1651|1951|2117|29 Şevval 1447
20260418|0440|0613|1308|1652|1952|2119|1 Zilkade 1447
20260419|0438|0612|1307|1652|1953|2120|2 Zilkade 1447
20260420|0436|0610|1307|1652|1954|2121|3 Zilkade 1447
20260421|0435|0609|1307|1653|1955|2123|4 Zilkade 1447
20260422|0433|0607|1307|1653|1956|2124|5 Zilkade 1447
20260423|0431|0606|1307|1653|1957|2126|6 Zilkade 1447
20260424|0429|0604|1306|1654|1959|2127|7 Zilkade 1447
20260425|0427|0603|1306|1654|2000|2129|8 Zilkade 1447
20260426|0425|0601|1306|1654|2001|2130|9 Zilkade 1447
20260427|0423|0600|1306|1654|2002|2132|10 Zilkade 1447
20260428|0422|0559|1306|1655|2003|2133|11 Zilkade 1447
20260429|0420|0557|1306|1655|2004|2135|12 Zilkade 1447
20260430|0418|0556|1305|1655|2005|2136|13 Zilkade 1447
20260501|0416|0555|1305|1656|2006|2138|14 Zilkade 1447
20260502|0414|0553|1305|1656|2007|2139|15 Zilkade 1447
20260503|0412|0552|1305|1656|2008|2141|16 Zilkade 1447
20260504|0411|0551|1305|1657|2009|2142|17 Zilkade 1447
20260505|0409|0550|1305|1657|2010|2144|18 Zilkade 1447
20260506|0407|0548|1305|1657|2011|2145|19 Zilkade 1447
20260507|0405|0547|1305|1657|2012|2147|20 Zilkade 1447
20260508|0404|0546|1305|1658|2013|2148|21 Zilkade 1447
20260509|0402|0545|1305|1658|2014|2150|22 Zilkade 1447
20260510|0400|0544|1305|1658|2015|2151|23 Zilkade 1447
20260511|0359|0543|1305|1659|2016|2153|24 Zilkade 1447
20260512|0357|0542|1304|1659|2017|2154|25 Zilkade 1447
20260513|0356|0541|1304|1659|2018|2156|26 Zilkade 1447
20260514|0354|0540|1304|1659|2019|2157|27 Zilkade 1447
20260515|0352|0539|1304|1700|2020|2159|28 Zilkade 1447
20260516|0351|0538|1304|1700|2021|2200|29 Zilkade 1447
20260517|0349|0537|1305|1700|2022|2202|30 Zilkade 1447
20260518|0348|0536|1305|1700|2023|2203|1 Zilhicce 1447
20260519|0347|0535|1305|1701|2024|2205|2 Zilhicce 1447
20260520|0345|0534|1305|1701|2025|2206|3 Zilhicce 1447
20260521|0344|0533|1305|1701|2026|2208|4 Zilhicce 1447
20260522|0342|0533|1305|1702|2027|2209|5 Zilhicce 1447
20260523|0341|0532|1305|1702|2028|2210|6 Zilhicce 1447
20260524|0340|0531|1305|1702|2029|2212|7 Zilhicce 1447
20260525|0339|0530|1305|1702|2030|2213|8 Zilhicce 1447
20260526|0337|0530|1305|1703|2030|2215|9 Zilhicce 1447
20260527|0336|0529|1305|1703|2031|2216|10 Zilhicce 1447
20260528|0335|0529|1305|1703|2032|2217|11 Zilhicce 1447
20260529|0334|0528|1305|1704|2033|2218|12 Zilhicce 1447
20260530|0333|0527|1306|1704|2034|2220|13 Zilhicce 1447
20260531|0332|0527|1306|1704|2035|2221|14 Zilhicce 1447
20260601|0331|0527|1306|1704|2035|2222|15 Zilhicce 1447
20260602|0330|0526|1306|1705|2036|2223|16 Zilhicce 1447
20260603|0329|0526|1306|1705|2037|2224|17 Zilhicce 1447
20260604|0329|0525|1306|1705|2037|2225|18 Zilhicce 1447
20260605|0328|0525|1307|1706|2038|2226|19 Zilhicce 1447
20260606|0327|0525|1307|1706|2039|2227|20 Zilhicce 1447
20260607|0326|0524|1307|1706|2039|2228|21 Zilhicce 1447
20260608|0326|0524|1307|1706|2040|2229|22 Zilhicce 1447
20260609|0325|0524|1307|1707|2041|2230|23 Zilhicce 1447
20260610|0325|0524|1307|1707|2041|2231|24 Zilhicce 1447
20260611|0324|0524|1308|1707|2042|2232|25 Zilhicce 1447
20260612|0324|0524|1308|1708|2042|2233|26 Zilhicce 1447
20260613|0324|0524|1308|1708|2043|2233|27 Zilhicce 1447
20260614|0323|0523|1308|1708|2043|2234|28 Zilhicce 1447
20260615|0323|0523|1309|1708|2044|2234|29 Zilhicce 1447
20260616|0323|0524|1309|1709|2044|2235|1 Muharrem 1448
20260617|0323|0524|1309|1709|2044|2235|2 Muharrem 1448
20260618|0323|0524|1309|1709|2045|2236|3 Muharrem 1448
20260619|0323|0524|1309|1709|2045|2236|4 Muharrem 1448
20260620|0323|0524|1310|1709|2045|2237|5 Muharrem 1448
20260621|0323|0524|1310|1710|2046|2237|6 Muharrem 1448
20260622|0324|0524|1310|1710|2046|2237|7 Muharrem 1448
20260623|0324|0525|1310|1710|2046|2237|8 Muharrem 1448
20260624|0324|0525|1310|1710|2046|2237|9 Muharrem 1448
20260625|0325|0525|1311|1711|2046|2237|10 Muharrem 1448
20260626|0325|0526|1311|1711|2046|2237|11 Muharrem 1448
20260627|0326|0526|1311|1711|2046|2237|12 Muharrem 1448
20260628|0326|0526|1311|1711|2046|2237|13 Muharrem 1448
20260629|0327|0527|1312|1711|2046|2237|14 Muharrem 1448
20260630|0328|0527|1312|1711|2046|2237|15 Muharrem 1448
20260701|0328|0528|1312|1712|2046|2236|16 Muharrem 1448
20260702|0329|0528|1312|1712|2046|2236|17 Muharrem 1448
20260703|0330|0529|1312|1712|2046|2236|18 Muharrem 1448
20260704|0331|0529|1312|1712|2046|2235|19 Muharrem 1448
20260705|0332|0530|1313|1712|2046|2235|20 Muharrem 1448
20260706|0333|0530|1313|1712|2045|2234|21 Muharrem 1448
20260707|0334|0531|1313|1712|2045|2233|22 Muharrem 1448
20260708|0335|0532|1313|1712|2045|2233|23 Muharrem 1448
20260709|0336|0532|1313|1712|2044|2232|24 Muharrem 1448
20260710|0337|0533|1313|1712|2044|2231|25 Muharrem 1448
20260711|0338|0534|1314|1712|2043|2230|26 Muharrem 1448
20260712|0339|0534|1314|1712|2043|2230|27 Muharrem 1448
20260713|0340|0535|1314|1712|2043|2229|28 Muharrem 1448
20260714|0342|0536|1314|1712|2042|2228|29 Muharrem 1448
20260715|0343|0537|1314|1712|2041|2227|1 Safer 1448
20260716|0344|0538|1314|1712|2041|2226|2 Safer 1448
20260717|0346|0538|1314|1712|2040|2225|3 Safer 1448
20260718|0347|0539|1314|1712|2040|2224|4 Safer 1448
20260719|0348|0540|1314|1712|2039|2222|5 Safer 1448
20260720|0350|0541|1314|1712|2038|2221|6 Safer 1448
20260721|0351|0542|1315|1712|2037|2220|7 Safer 1448
20260722|0352|0543|1315|1711|2037|2219|8 Safer 1448
20260723|0354|0543|1315|1711|2036|2217|9 Safer 1448
20260724|0355|0544|1315|1711|2035|2216|10 Safer 1448
20260725|0357|0545|1315|1711|2034|2215|11 Safer 1448
20260726|0358|0546|1315|1711|2033|2213|12 Safer 1448
20260727|0400|0547|1315|1710|2032|2212|13 Safer 1448
20260728|0401|0548|1315|1710|2031|2210|14 Safer 1448
20260729|0403|0549|1315|1710|2030|2209|15 Safer 1448
20260730|0404|0550|1315|1709|2029|2207|16 Safer 1448
20260731|0406|0551|1315|1709|2028|2206|17 Safer 1448
20260801|0407|0552|1315|1709|2027|2204|18 Safer 1448
20260802|0409|0553|1314|1708|2026|2203|19 Safer 1448
20260803|0410|0554|1314|1708|2025|2201|20 Safer 1448
20260804|0412|0555|1314|1708|2024|2159|21 Safer 1448
20260805|0413|0556|1314|1707|2023|2158|22 Safer 1448
20260806|0415|0557|1314|1707|2022|2156|23 Safer 1448
20260807|0416|0558|1314|1706|2020|2154|24 Safer 1448
20260808|0418|0559|1314|1706|2019|2153|25 Safer 1448
20260809|0419|0600|1314|1705|2018|2151|26 Safer 1448
20260810|0421|0601|1314|1705|2017|2149|27 Safer 1448
20260811|0423|0602|1313|1704|2015|2147|28 Safer 1448
20260812|0424|0603|1313|1704|2014|2146|29 Safer 1448
20260813|0425|0604|1313|1703|2013|2144|30 Safer 1448
20260814|0427|0605|1313|1702|2011|2142|1 Rebiulevvel 1448
20260815|0428|0606|1313|1702|2010|2140|2 Rebiulevvel 1448
20260816|0430|0607|1313|1701|2008|2138|3 Rebiulevvel 1448
20260817|0431|0608|1312|1701|2007|2137|4 Rebiulevvel 1448
20260818|0433|0609|1312|1700|2006|2135|5 Rebiulevvel 1448
20260819|0434|0610|1312|1659|2004|2133|6 Rebiulevvel 1448
20260820|0436|0611|1312|1658|2003|2131|7 Rebiulevvel 1448
20260821|0437|0612|1311|1658|2001|2129|8 Rebiulevvel 1448
20260822|0439|0613|1311|1657|2000|2127|9 Rebiulevvel 1448
20260823|0440|0614|1311|1656|1958|2125|10 Rebiulevvel 1448
20260824|0441|0615|1311|1655|1957|2124|11 Rebiulevvel 1448
20260825|0443|0616|1310|1655|1955|2122|12 Rebiulevvel 1448
20260826|0444|0617|1310|1654|1954|2120|13 Rebiulevvel 1448
20260827|0446|0618|1310|1653|1952|2118|14 Rebiulevvel 1448
20260828|0447|0619|1309|1652|1950|2116|15 Rebiulevvel 1448
20260829|0448|0620|1309|1651|1949|2114|16 Rebiulevvel 1448
20260830|0450|0621|1309|1650|1947|2112|17 Rebiulevvel 1448
20260831|0451|0622|1309|1649|1946|2110|18 Rebiulevvel 1448
20260901|0452|0623|1308|1648|1944|2108|19 Rebiulevvel 1448
20260902|0454|0623|1308|1648|1942|2106|20 Rebiulevvel 1448
20260903|0455|0624|1308|1647|1941|2104|21 Rebiulevvel 1448
20260904|0456|0625|1307|1646|1939|2103|22 Rebiulevvel 1448
20260905|0457|0626|1307|1645|1938|2101|23 Rebiulevvel 1448
20260906|0459|0627|1307|1644|1936|2059|24 Rebiulevvel 1448
20260907|0500|0628|1306|1643|1934|2057|25 Rebiulevvel 1448
20260908|0501|0629|1306|1642|1933|2055|26 Rebiulevvel 1448
20260909|0502|0630|1306|1641|1931|2053|27 Rebiulevvel 1448
20260910|0504|0631|1305|1640|1929|2051|28 Rebiulevvel 1448
20260911|0505|0632|1305|1638|1928|2049|29 Rebiulevvel 1448
20260912|0506|0633|1305|1637|1926|2047|1 Rebiulahir 1448
20260913|0507|0634|1304|1636|1924|2045|2 Rebiulahir 1448
20260914|0509|0635|1304|1635|1922|2044|3 Rebiulahir 1448
20260915|0510|0636|1303|1634|1921|2042|4 Rebiulahir 1448
20260916|0511|0637|1303|1633|1919|2040|5 Rebiulahir 1448
20260917|0512|0638|1303|1632|1917|2038|6 Rebiulahir 1448
20260918|0513|0639|1302|1631|1916|2036|7 Rebiulahir 1448
20260919|0514|0640|1302|1630|1914|2034|8 Rebiulahir 1448
20260920|0516|0641|1302|1628|1912|2032|9 Rebiulahir 1448
20260921|0517|0642|1301|1627|1910|2030|10 Rebiulahir 1448
20260922|0518|0643|1301|1626|1909|2029|11 Rebiulahir 1448
20260923|0519|0644|1301|1625|1907|2027|12 Rebiulahir 1448
20260924|0520|0645|1300|1624|1905|2025|13 Rebiulahir 1448
20260925|0521|0646|1300|1623|1904|2023|14 Rebiulahir 1448
20260926|0522|0647|1300|1621|1902|2021|15 Rebiulahir 1448
20260927|0523|0648|1259|1620|1900|2020|16 Rebiulahir 1448
20260928|0525|0649|1259|1619|1859|2018|17 Rebiulahir 1448
20260929|0526|0650|1259|1618|1857|2016|18 Rebiulahir 1448
20260930|0527|0651|1258|1617|1855|2014|19 Rebiulahir 1448
20261001|0528|0652|1258|1615|1854|2013|20 Rebiulahir 1448
20261002|0529|0653|1258|1614|1852|2011|21 Rebiulahir 1448
20261003|0530|0654|1257|1613|1850|2009|22 Rebiulahir 1448
20261004|0531|0655|1257|1612|1849|2007|23 Rebiulahir 1448
20261005|0532|0656|1257|1611|1847|2006|24 Rebiulahir 1448
20261006|0533|0658|1256|1609|1845|2004|25 Rebiulahir 1448
20261007|0534|0659|1256|1608|1844|2002|26 Rebiulahir 1448
20261008|0535|0700|1256|1607|1842|2001|27 Rebiulahir 1448
20261009|0536|0701|1256|1606|1840|1959|28 Rebiulahir 1448
20261010|0538|0702|1255|1605|1839|1958|29 Rebiulahir 1448
20261011|0539|0703|1255|1603|1837|1956|30 Rebiulahir 1448
20261012|0540|0704|1255|1602|1836|1954|1 Cemaziyelevvel 1448
20261013|0541|0705|1254|1601|1834|1953|2 Cemaziyelevvel 1448
20261014|0542|0706|1254|1600|1832|1951|3 Cemaziyelevvel 1448
20261015|0543|0707|1254|1559|1831|1950|4 Cemaziyelevvel 1448
20261016|0544|0708|1254|1557|1829|1948|5 Cemaziyelevvel 1448
20261017|0545|0709|1254|1556|1828|1947|6 Cemaziyelevvel 1448
20261018|0546|0710|1253|1555|1826|1946|7 Cemaziyelevvel 1448
20261019|0547|0712|1253|1554|1825|1944|8 Cemaziyelevvel 1448
20261020|0548|0713|1253|1553|1823|1943|9 Cemaziyelevvel 1448
20261021|0549|0714|1253|1552|1822|1941|10 Cemaziyelevvel 1448
20261022|0550|0715|1253|1550|1820|1940|11 Cemaziyelevvel 1448
20261023|0551|0716|1253|1549|1819|1939|12 Cemaziyelevvel 1448
20261024|0552|0717|1252|1548|1818|1937|13 Cemaziyelevvel 1448
20261025|0553|0718|1252|1547|1816|1936|14 Cemaziyelevvel 1448
20261026|0554|0719|1252|1546|1815|1935|15 Cemaziyelevvel 1448
20261027|0555|0721|1252|1545|1813|1933|16 Cemaziyelevvel 1448
20261028|0556|0722|1252|1544|1812|1932|17 Cemaziyelevvel 1448
20261029|0557|0723|1252|1543|1811|1931|18 Cemaziyelevvel 1448
20261030|0558|0724|1252|1542|1810|1930|19 Cemaziyelevvel 1448
20261031|0600|0725|1252|1541|1808|1929|20 Cemaziyelevvel 1448
20261101|0601|0726|1252|1540|1807|1928|21 Cemaziyelevvel 1448
20261102|0602|0728|1252|1539|1806|1926|22 Cemaziyelevvel 1448
20261103|0603|0729|1252|1538|1805|1925|23 Cemaziyelevvel 1448
20261104|0604|0730|1252|1537|1803|1924|24 Cemaziyelevvel 1448
20261105|0605|0731|1252|1536|1802|1923|25 Cemaziyelevvel 1448
20261106|0606|0732|1252|1535|1801|1922|26 Cemaziyelevvel 1448
20261107|0607|0734|1252|1534|1800|1921|27 Cemaziyelevvel 1448
20261108|0608|0735|1252|1533|1759|1921|28 Cemaziyelevvel 1448
20261109|0609|0736|1252|1533|1758|1920|29 Cemaziyelevvel 1448
20261110|0610|0737|1252|1532|1757|1919|1 Cemaziyelahir 1448
20261111|0611|0738|1252|1531|1756|1918|2 Cemaziyelahir 1448
20261112|0612|0740|1252|1530|1755|1917|3 Cemaziyelahir 1448
20261113|0613|0741|1252|1530|1754|1916|4 Cemaziyelahir 1448
20261114|0614|0742|1252|1529|1753|1916|5 Cemaziyelahir 1448
20261115|0615|0743|1253|1528|1752|1915|6 Cemaziyelahir 1448
20261116|0616|0744|1253|1528|1751|1914|7 Cemaziyelahir 1448
20261117|0617|0745|1253|1527|1751|1914|8 Cemaziyelahir 1448
20261118|0618|0747|1253|1526|1750|1913|9 Cemaziyelahir 1448
20261119|0619|0748|1253|1526|1749|1912|10 Cemaziyelahir 1448
20261120|0620|0749|1254|1525|1748|1912|11 Cemaziyelahir 1448
20261121|0621|0750|1254|1525|1748|1911|12 Cemaziyelahir 1448
20261122|0622|0751|1254|1524|1747|1911|13 Cemaziyelahir 1448
20261123|0623|0752|1254|1524|1746|1910|14 Cemaziyelahir 1448
20261124|0624|0754|1255|1523|1746|1910|15 Cemaziyelahir 1448
20261125|0625|0755|1255|1523|1745|1910|16 Cemaziyelahir 1448
20261126|0626|0756|1255|1523|1745|1909|17 Cemaziyelahir 1448
20261127|0627|0757|1256|1522|1744|1909|18 Cemaziyelahir 1448
20261128|0628|0758|1256|1522|1744|1909|19 Cemaziyelahir 1448
20261129|0629|0759|1256|1522|1743|1908|20 Cemaziyelahir 1448
20261130|0630|0800|1257|1521|1743|1908|21 Cemaziyelahir 1448
20261201|0630|0801|1257|1521|1743|1908|22 Cemaziyelahir 1448
20261202|0631|0802|1257|1521|1743|1908|23 Cemaziyelahir 1448
20261203|0632|0803|1258|1521|1742|1908|24 Cemaziyelahir 1448
20261204|0633|0804|1258|1521|1742|1908|25 Cemaziyelahir 1448
20261205|0634|0805|1259|1521|1742|1908|26 Cemaziyelahir 1448
20261206|0635|0806|1259|1521|1742|1908|27 Cemaziyelahir 1448
20261207|0636|0807|1259|1521|1742|1908|28 Cemaziyelahir 1448
20261208|0636|0808|1300|1521|1742|1908|29 Cemaziyelahir 1448
20261209|0637|0809|1300|1521|1742|1908|30 Cemaziyelahir 1448
20261210|0638|0810|1301|1521|1742|1908|1 Recep 1448
20261211|0639|0810|1301|1521|1742|1908|2 Recep 1448
20261212|0639|0811|1302|1521|1742|1908|3 Recep 1448
20261213|0640|0812|1302|1521|1742|1909|4 Recep 1448
20261214|0641|0813|1303|1522|1742|1909|5 Recep 1448
20261215|0641|0814|1303|1522|1742|1909|6 Recep 1448
20261216|0642|0814|1303|1522|1743|1909|7 Recep 1448
20261217|0643|0815|1304|1522|1743|1910|8 Recep 1448
20261218|0643|0816|1304|1523|1743|1910|9 Recep 1448
20261219|0644|0816|1305|1523|1744|1911|10 Recep 1448
20261220|0644|0817|1305|1524|1744|1911|11 Recep 1448
20261221|0645|0817|1306|1524|1745|1911|12 Recep 1448
20261222|0645|0818|1306|1525|1745|1912|13 Recep 1448
20261223|0646|0818|1307|1525|1746|1912|14 Recep 1448
20261224|0646|0819|1307|1526|1746|1913|15 Recep 1448
20261225|0647|0819|1308|1526|1747|1914|16 Recep 1448
20261226|0647|0819|1308|1527|1747|1914|17 Recep 1448
20261227|0648|0820|1309|1527|1748|1915|18 Recep 1448
20261228|0648|0820|1309|1528|1749|1915|19 Recep 1448
20261229|0648|0820|1310|1529|1749|1916|20 Recep 1448
20261230|0649|0821|1310|1530|1750|1917|21 Recep 1448
20261231|0649|0821|1311|1530|1751|1917|22 Recep 1448
20270101|0649|0821|1311|1531|1752|1918|23 Recep 1448
20270102|0649|0821|1312|1532|1753|1919|24 Recep 1448
20270103|0649|0821|1312|1533|1753|1920|25 Recep 1448
20270104|0650|0821|1313|1533|1754|1920|26 Recep 1448
20270105|0650|0821|1313|1534|1755|1921|27 Recep 1448
20270106|0650|0821|1314|1535|1756|1922|28 Recep 1448
20270107|0650|0821|1314|1536|1757|1923|29 Recep 1448
20270108|0650|0821|1314|1537|1758|1924|30 Recep 1448
20270109|0650|0821|1315|1538|1759|1925|1 Şaban 1448
20270110|0650|0821|1315|1539|1800|1926|2 Şaban 1448
20270111|0650|0820|1316|1540|1801|1926|3 Şaban 1448
20270112|0649|0820|1316|1541|1802|1927|4 Şaban 1448
20270113|0649|0820|1317|1542|1803|1928|5 Şaban 1448
20270114|0649|0819|1317|1542|1804|1929|6 Şaban 1448
20270115|0649|0819|1317|1543|1806|1930|7 Şaban 1448
20270116|0649|0819|1318|1544|1807|1931|8 Şaban 1448
20270117|0648|0818|1318|1545|1808|1932|9 Şaban 1448
20270118|0648|0818|1318|1546|1809|1933|10 Şaban 1448
20270119|0648|0817|1319|1547|1810|1934|11 Şaban 1448
20270120|0647|0817|1319|1549|1811|1935|12 Şaban 1448
20270121|0647|0816|1319|1550|1812|1936|13 Şaban 1448
20270122|0646|0815|1319|1551|1814|1937|14 Şaban 1448
20270123|0646|0815|1320|1552|1815|1938|15 Şaban 1448
20270124|0645|0814|1320|1553|1816|1939|16 Şaban 1448
20270125|0645|0813|1320|1554|1817|1940|17 Şaban 1448
20270126|0644|0813|1320|1555|1818|1941|18 Şaban 1448
20270127|0644|0812|1321|1556|1820|1943|19 Şaban 1448
20270128|0643|0811|1321|1557|1821|1944|20 Şaban 1448
20270129|0642|0810|1321|1558|1822|1945|21 Şaban 1448
20270130|0641|0809|1321|1559|1823|1946|22 Şaban 1448
20270131|0641|0808|1321|1600|1825|1947|23 Şaban 1448
20270201|0640|0807|1322|1601|1826|1948|24 Şaban 1448
20270202|0639|0806|1322|1602|1827|1949|25 Şaban 1448
20270203|0638|0805|1322|1603|1828|1950|26 Şaban 1448
20270204|0637|0804|1322|1604|1830|1951|27 Şaban 1448
20270205|0637|0803|1322|1605|1831|1952|28 Şaban 1448
20270206|0636|0802|1322|1606|1832|1953|29 Şaban 1448
20270207|0635|0801|1322|1607|1833|1954|30 Şaban 1448
20270208|0634|0800|1322|1608|1835|1956|1 Ramazan 1448
20270209|0633|0759|1322|1609|1836|1957|2 Ramazan 1448
20270210|0632|0758|1322|1610|1837|1958|3 Ramazan 1448
20270211|0631|0756|1322|1611|1838|1959|4 Ramazan 1448
20270212|0629|0755|1322|1612|1840|2000|5 Ramazan 1448
20270213|0628|0754|1322|1613|1841|2001|6 Ramazan 1448
20270214|0627|0753|1322|1614|1842|2002|7 Ramazan 1448
20270215|0626|0751|1322|1615|1843|2003|8 Ramazan 1448
20270216|0625|0750|1322|1616|1844|2004|9 Ramazan 1448
20270217|0624|0749|1322|1617|1846|2005|10 Ramazan 1448
20270218|0622|0747|1322|1618|1847|2007|11 Ramazan 1448
20270219|0621|0746|1322|1619|1848|2008|12 Ramazan 1448
20270220|0620|0745|1322|1619|1849|2009|13 Ramazan 1448
20270221|0618|0743|1322|1620|1850|2010|14 Ramazan 1448
20270222|0617|0742|1322|1621|1852|2011|15 Ramazan 1448
20270223|0616|0740|1322|1622|1853|2012|16 Ramazan 1448
20270224|0614|0739|1321|1623|1854|2013|17 Ramazan 1448
20270225|0613|0737|1321|1624|1855|2014|18 Ramazan 1448
20270226|0611|0736|1321|1624|1856|2015|19 Ramazan 1448
20270227|0610|0734|1321|1625|1858|2017|20 Ramazan 1448
20270228|0608|0733|1321|1626|1859|2018|21 Ramazan 1448
20270301|0607|0731|1321|1627|1900|2019|22 Ramazan 1448
20270302|0605|0730|1320|1628|1901|2020|23 Ramazan 1448
20270303|0604|0728|1320|1628|1902|2021|24 Ramazan 1448
20270304|0602|0727|1320|1629|1903|2022|25 Ramazan 1448
20270305|0601|0725|1320|1630|1904|2023|26 Ramazan 1448
20270306|0559|0723|1320|1631|1906|2024|27 Ramazan 1448
20270307|0558|0722|1319|1631|1907|2026|28 Ramazan 1448
20270308|0556|0720|1319|1632|1908|2027|29 Ramazan 1448
20270309|0554|0719|1319|1633|1909|2028|1 Şevval 1448
20270310|0553|0717|1319|1633|1910|2029|2 Şevval 1448
20270311|0551|0715|1318|1634|1911|2030|3 Şevval 1448
20270312|0549|0714|1318|1635|1912|2031|4 Şevval 1448
20270313|0548|0712|1318|1635|1913|2032|5 Şevval 1448
20270314|0546|0711|1317|1636|1915|2034|6 Şevval 1448
20270315|0544|0709|1317|1637|1916|2035|7 Şevval 1448
20270316|0543|0707|1317|1637|1917|2036|8 Şevval 1448
20270317|0541|0706|1317|1638|1918|2037|9 Şevval 1448
20270318|0539|0704|1316|1638|1919|2038|10 Şevval 1448
20270319|0537|0702|1316|1639|1920|2039|11 Şevval 1448
20270320|0535|0701|1316|1639|1921|2041|12 Şevval 1448
20270321|0534|0659|1315|1640|1922|2042|13 Şevval 1448
20270322|0532|0657|1315|1640|1923|2043|14 Şevval 1448
20270323|0530|0656|1315|1641|1924|2044|15 Şevval 1448
20270324|0528|0654|1315|1641|1925|2045|16 Şevval 1448
20270325|0526|0652|1314|1642|1926|2047|17 Şevval 1448
20270326|0524|0651|1314|1642|1927|2048|18 Şevval 1448
20270327|0523|0649|1314|1643|1929|2049|19 Şevval 1448
20270328|0521|0647|1313|1643|1930|2050|20 Şevval 1448
20270329|0519|0646|1313|1644|1931|2052|21 Şevval 1448
20270330|0517|0644|1313|1644|1932|2053|22 Şevval 1448
20270331|0515|0642|1312|1645|1933|2054|23 Şevval 1448
20270401|0513|0641|1312|1645|1934|2055|24 Şevval 1448
20270402|0511|0639|1312|1646|1935|2057|25 Şevval 1448
20270403|0509|0637|1312|1646|1936|2058|26 Şevval 1448
20270404|0508|0636|1311|1647|1937|2059|27 Şevval 1448
20270405|0506|0634|1311|1647|1938|2101|28 Şevval 1448
20270406|0504|0632|1311|1647|1939|2102|29 Şevval 1448
20270407|0502|0631|1310|1648|1940|2103|30 Şevval 1448
20270408|0500|0629|1310|1648|1941|2105|1 Zilkade 1448
20270409|0458|0627|1310|1648|1942|2106|2 Zilkade 1448
20270410|0456|0626|1310|1649|1943|2107|3 Zilkade 1448
20270411|0454|0624|1309|1649|1944|2109|4 Zilkade 1448
20270412|0452|0623|1309|1650|1946|2110|5 Zilkade 1448
20270413|0450|0621|1309|1650|1947|2111|6 Zilkade 1448
20270414|0448|0620|1309|1650|1948|2113|7 Zilkade 1448
20270415|0447|0618|1308|1651|1949|2114|8 Zilkade 1448
20270416|0445|0616|1308|1651|1950|2115|9 Zilkade 1448
20270417|0443|0615|1308|1651|1951|2117|10 Zilkade 1448
20270418|0441|0613|1308|1652|1952|2118|11 Zilkade 1448
20270419|0439|0612|1307|1652|1953|2120|12 Zilkade 1448
20270420|0437|0610|1307|1652|1954|2121|13 Zilkade 1448
20270421|0435|0609|1307|1653|1955|2123|14 Zilkade 1448
20270422|0433|0607|1307|1653|1956|2124|15 Zilkade 1448
20270423|0431|0606|1307|1653|1957|2125|16 Zilkade 1448
20270424|0429|0605|1306|1654|1958|2127|17 Zilkade 1448
20270425|0428|0603|1306|1654|1959|2128|18 Zilkade 1448
20270426|0426|0602|1306|1654|2000|2130|19 Zilkade 1448
20270427|0424|0600|1306|1654|2001|2131|20 Zilkade 1448
20270428|0422|0559|1306|1655|2002|2133|21 Zilkade 1448
20270429|0420|0558|1306|1655|2004|2134|22 Zilkade 1448
20270430|0418|0556|1305|1655|2005|2136|23 Zilkade 1448
20270501|0416|0555|1305|1656|2006|2137|24 Zilkade 1448
20270502|0415|0554|1305|1656|2007|2139|25 Zilkade 1448
20270503|0413|0552|1305|1656|2008|2140|26 Zilkade 1448
20270504|0411|0551|1305|1656|2009|2142|27 Zilkade 1448
20270505|0409|0550|1305|1657|2010|2143|28 Zilkade 1448
20270506|0408|0549|1305|1657|2011|2145|29 Zilkade 1448
20270507|0406|0548|1305|1657|2012|2146|1 Zilhicce 1448
20270508|0404|0546|1305|1658|2013|2148|2 Zilhicce 1448
20270509|0403|0545|1305|1658|2014|2149|3 Zilhicce 1448
20270510|0401|0544|1305|1658|2015|2151|4 Zilhicce 1448
20270511|0359|0543|1305|1658|2016|2152|5 Zilhicce 1448
20270512|0358|0542|1304|1659|2017|2154|6 Zilhicce 1448
20270513|0356|0541|1304|1659|2018|2156|7 Zilhicce 1448
20270514|0354|0540|1304|1659|2019|2157|8 Zilhicce 1448
20270515|0353|0539|1304|1700|2020|2159|9 Zilhicce 1448
20270516|0351|0538|1304|1700|2021|2200|10 Zilhicce 1448
20270517|0350|0537|1305|1700|2022|2201|11 Zilhicce 1448
20270518|0348|0536|1305|1700|2023|2203|12 Zilhicce 1448
20270519|0347|0535|1305|1701|2024|2204|13 Zilhicce 1448
20270520|0345|0534|1305|1701|2025|2206|14 Zilhicce 1448
20270521|0344|0534|1305|1701|2026|2207|15 Zilhicce 1448
20270522|0343|0533|1305|1702|2027|2209|16 Zilhicce 1448
20270523|0341|0532|1305|1702|2028|2210|17 Zilhicce 1448
20270524|0340|0531|1305|1702|2029|2212|18 Zilhicce 1448
20270525|0339|0531|1305|1702|2029|2213|19 Zilhicce 1448
20270526|0338|0530|1305|1703|2030|2214|20 Zilhicce 1448
20270527|0336|0529|1305|1703|2031|2216|21 Zilhicce 1448
20270528|0335|0529|1305|1703|2032|2217|22 Zilhicce 1448
20270529|0334|0528|1305|1704|2033|2218|23 Zilhicce 1448
20270530|0333|0528|1306|1704|2034|2219|24 Zilhicce 1448
20270531|0332|0527|1306|1704|2034|2221|25 Zilhicce 1448
20270601|0331|0527|1306|1704|2035|2222|26 Zilhicce 1448
20270602|0330|0526|1306|1705|2036|2223|27 Zilhicce 1448
20270603|0330|0526|1306|1705|2037|2224|28 Zilhicce 1448
20270604|0329|0525|1306|1705|2037|2225|29 Zilhicce 1448
20270605|0328|0525|1307|1706|2038|2226|30 Zilhicce 1448
20270606|0327|0525|1307|1706|2039|2227|1 Muharrem 1449
20270607|0327|0524|1307|1706|2039|2228|2 Muharrem 1449
20270608|0326|0524|1307|1706|2040|2229|3 Muharrem 1449
20270609|0325|0524|1307|1707|2041|2230|4 Muharrem 1449
20270610|0325|0524|1307|1707|2041|2231|5 Muharrem 1449
20270611|0325|0524|1308|1707|2042|2232|6 Muharrem 1449
20270612|0324|0524|1308|1707|2042|2232|7 Muharrem 1449
20270613|0324|0524|1308|1708|2043|2233|8 Muharrem 1449
20270614|0324|0523|1308|1708|2043|2234|9 Muharrem 1449
20270615|0323|0523|1308|1708|2044|2234|10 Muharrem 1449
20270616|0323|0523|1309|1708|2044|2235|11 Muharrem 1449
20270617|0323|0524|1309|1709|2044|2235|12 Muharrem 1449
20270618|0323|0524|1309|1709|2045|2236|13 Muharrem 1449
20270619|0323|0524|1309|1709|2045|2236|14 Muharrem 1449
20270620|0323|0524|1310|1709|2045|2237|15 Muharrem 1449
20270621|0323|0524|1310|1710|2046|2237|16 Muharrem 1449
20270622|0324|0524|1310|1710|2046|2237|17 Muharrem 1449
20270623|0324|0525|1310|1710|2046|2237|18 Muharrem 1449
20270624|0324|0525|1310|1710|2046|2237|19 Muharrem 1449
20270625|0325|0525|1311|1710|2046|2237|20 Muharrem 1449
20270626|0325|0525|1311|1711|2046|2237|21 Muharrem 1449
20270627|0326|0526|1311|1711|2046|2237|22 Muharrem 1449
20270628|0326|0526|1311|1711|2046|2237|23 Muharrem 1449
20270629|0327|0527|1311|1711|2046|2237|24 Muharrem 1449
20270630|0327|0527|1312|1711|2046|2237|25 Muharrem 1449
20270701|0328|0528|1312|1711|2046|2236|26 Muharrem 1449
20270702|0329|0528|1312|1712|2046|2236|27 Muharrem 1449
20270703|0330|0529|1312|1712|2046|2236|28 Muharrem 1449
20270704|0330|0529|1312|1712|2046|2235|29 Muharrem 1449
20270705|0331|0530|1313|1712|2046|2235|1 Safer 1449
20270706|0332|0530|1313|1712|2045|2234|2 Safer 1449
20270707|0333|0531|1313|1712|2045|2234|3 Safer 1449
20270708|0334|0532|1313|1712|2045|2233|4 Safer 1449
20270709|0335|0532|1313|1712|2044|2232|5 Safer 1449
20270710|0337|0533|1313|1712|2044|2232|6 Safer 1449
20270711|0338|0534|1314|1712|2044|2231|7 Safer 1449
20270712|0339|0534|1314|1712|2043|2230|8 Safer 1449
20270713|0340|0535|1314|1712|2043|2229|9 Safer 1449
20270714|0341|0536|1314|1712|2042|2228|10 Safer 1449
20270715|0343|0537|1314|1712|2042|2227|11 Safer 1449
20270716|0344|0537|1314|1712|2041|2226|12 Safer 1449
20270717|0345|0538|1314|1712|2040|2225|13 Safer 1449
20270718|0347|0539|1314|1712|2040|2224|14 Safer 1449
20270719|0348|0540|1314|1712|2039|2223|15 Safer 1449
20270720|0349|0541|1314|1712|2038|2221|16 Safer 1449
20270721|0351|0542|1315|1712|2038|2220|17 Safer 1449
20270722|0352|0542|1315|1711|2037|2219|18 Safer 1449
20270723|0354|0543|1315|1711|2036|2218|19 Safer 1449
20270724|0355|0544|1315|1711|2035|2216|20 Safer 1449
20270725|0356|0545|1315|1711|2034|2215|21 Safer 1449
20270726|0358|0546|1315|1711|2033|2214|22 Safer 1449
20270727|0359|0547|1315|1710|2032|2212|23 Safer 1449
20270728|0401|0548|1315|1710|2032|2211|24 Safer 1449
20270729|0402|0549|1315|1710|2031|2209|25 Safer 1449
20270730|0404|0550|1315|1710|2030|2208|26 Safer 1449
20270731|0405|0551|1315|1709|2029|2206|27 Safer 1449
20270801|0407|0552|1315|1709|2027|2205|28 Safer 1449
20270802|0409|0553|1314|1709|2026|2203|29 Safer 1449
20270803|0410|0554|1314|1708|2025|2201|1 Rebiulevvel 1449
20270804|0412|0555|1314|1708|2024|2200|2 Rebiulevvel 1449
20270805|0413|0555|1314|1707|2023|2158|3 Rebiulevvel 1449
20270806|0415|0556|1314|1707|2022|2156|4 Rebiulevvel 1449
20270807|0416|0557|1314|1706|2021|2155|5 Rebiulevvel 1449
20270808|0418|0558|1314|1706|2019|2153|6 Rebiulevvel 1449
20270809|0419|0559|1314|1705|2018|2151|7 Rebiulevvel 1449
20270810|0421|0600|1314|1705|2017|2150|8 Rebiulevvel 1449
20270811|0422|0601|1313|1704|2016|2148|9 Rebiulevvel 1449
20270812|0424|0602|1313|1704|2014|2146|10 Rebiulevvel 1449
20270813|0425|0603|1313|1703|2013|2144|11 Rebiulevvel 1449
20270814|0427|0604|1313|1703|2012|2143|12 Rebiulevvel 1449
20270815|0428|0605|1313|1702|2010|2141|13 Rebiulevvel 1449
20270816|0430|0606|1313|1701|2009|2139|14 Rebiulevvel 1449
20270817|0431|0607|1312|1701|2007|2137|15 Rebiulevvel 1449
20270818|0432|0608|1312|1700|2006|2135|16 Rebiulevvel 1449
20270819|0434|0609|1312|1659|2005|2133|17 Rebiulevvel 1449
20270820|0435|0610|1312|1659|2003|2132|18 Rebiulevvel 1449
20270821|0437|0611|1311|1658|2002|2130|19 Rebiulevvel 1449
20270822|0438|0612|1311|1657|2000|2128|20 Rebiulevvel 1449
20270823|0440|0613|1311|1656|1959|2126|21 Rebiulevvel 1449
20270824|0441|0614|1311|1656|1957|2124|22 Rebiulevvel 1449
20270825|0442|0615|1310|1655|1956|2122|23 Rebiulevvel 1449
20270826|0444|0616|1310|1654|1954|2120|24 Rebiulevvel 1449
20270827|0445|0617|1310|1653|1952|2118|25 Rebiulevvel 1449
20270828|0447|0618|1310|1652|1951|2116|26 Rebiulevvel 1449
20270829|0448|0619|1309|1651|1949|2115|27 Rebiulevvel 1449
20270830|0449|0620|1309|1651|1948|2113|28 Rebiulevvel 1449
20270831|0451|0621|1309|1650|1946|2111|29 Rebiulevvel 1449
20270901|0452|0622|1308|1649|1944|2109|30 Rebiulevvel 1449
20270902|0453|0623|1308|1648|1943|2107|1 Rebiulahir 1449
20270903|0455|0624|1308|1647|1941|2105|2 Rebiulahir 1449
20270904|0456|0625|1307|1646|1940|2103|3 Rebiulahir 1449
20270905|0457|0626|1307|1645|1938|2101|4 Rebiulahir 1449
20270906|0458|0627|1307|1644|1936|2059|5 Rebiulahir 1449
20270907|0500|0628|1306|1643|1935|2057|6 Rebiulahir 1449
20270908|0501|0629|1306|1642|1933|2055|7 Rebiulahir 1449
20270909|0502|0630|1306|1641|1931|2053|8 Rebiulahir 1449
20270910|0503|0631|1305|1640|1930|2052|9 Rebiulahir 1449
20270911|0505|0632|1305|1639|1928|2050|10 Rebiulahir 1449
20270912|0506|0633|1305|1638|1926|2048|11 Rebiulahir 1449
20270913|0507|0634|1304|1637|1925|2046|12 Rebiulahir 1449
20270914|0508|0635|1304|1635|1923|2044|13 Rebiulahir 1449
20270915|0509|0636|1304|1634|1921|2042|14 Rebiulahir 1449
20270916|0511|0637|1303|1633|1919|2040|15 Rebiulahir 1449
20270917|0512|0638|1303|1632|1918|2038|16 Rebiulahir 1449
20270918|0513|0639|1303|1631|1916|2036|17 Rebiulahir 1449
20270919|0514|0640|1302|1630|1914|2035|18 Rebiulahir 1449
20270920|0515|0641|1302|1629|1913|2033|19 Rebiulahir 1449
20270921|0516|0642|1301|1628|1911|2031|20 Rebiulahir 1449
20270922|0518|0643|1301|1626|1909|2029|21 Rebiulahir 1449
20270923|0519|0644|1301|1625|1907|2027|22 Rebiulahir 1449
20270924|0520|0645|1300|1624|1906|2025|23 Rebiulahir 1449
20270925|0521|0646|1300|1623|1904|2024|24 Rebiulahir 1449
20270926|0522|0647|1300|1622|1902|2022|25 Rebiulahir 1449
20270927|0523|0648|1259|1621|1901|2020|26 Rebiulahir 1449
20270928|0524|0649|1259|1619|1859|2018|27 Rebiulahir 1449
20270929|0525|0650|1259|1618|1857|2017|28 Rebiulahir 1449
20270930|0527|0651|1258|1617|1856|2015|29 Rebiulahir 1449
20271001|0528|0652|1258|1616|1854|2013|1 Cemaziyelevvel 1449
20271002|0529|0653|1258|1614|1852|2011|2 Cemaziyelevvel 1449
20271003|0530|0654|1257|1613|1851|2010|3 Cemaziyelevvel 1449
20271004|0531|0655|1257|1612|1849|2008|4 Cemaziyelevvel 1449
20271005|0532|0656|1257|1611|1847|2006|5 Cemaziyelevvel 1449
20271006|0533|0657|1256|1610|1846|2005|6 Cemaziyelevvel 1449
20271007|0534|0658|1256|1608|1844|2003|7 Cemaziyelevvel 1449
20271008|0535|0659|1256|1607|1842|2001|8 Cemaziyelevvel 1449
20271009|0536|0700|1256|1606|1841|2000|9 Cemaziyelevvel 1449
20271010|0537|0701|1255|1605|1839|1958|10 Cemaziyelevvel 1449
20271011|0538|0703|1255|1604|1838|1956|11 Cemaziyelevvel 1449
20271012|0539|0704|1255|1602|1836|1955|12 Cemaziyelevvel 1449
20271013|0540|0705|1255|1601|1834|1953|13 Cemaziyelevvel 1449
20271014|0541|0706|1254|1600|1833|1952|14 Cemaziyelevvel 1449
20271015|0543|0707|1254|1559|1831|1950|15 Cemaziyelevvel 1449
20271016|0544|0708|1254|1558|1830|1949|16 Cemaziyelevvel 1449
20271017|0545|0709|1254|1556|1828|1947|17 Cemaziyelevvel 1449
20271018|0546|0710|1253|1555|1827|1946|18 Cemaziyelevvel 1449
20271019|0547|0711|1253|1554|1825|1944|19 Cemaziyelevvel 1449
20271020|0548|0712|1253|1553|1824|1943|20 Cemaziyelevvel 1449
20271021|0549|0714|1253|1552|1822|1942|21 Cemaziyelevvel 1449
20271022|0550|0715|1253|1551|1821|1940|22 Cemaziyelevvel 1449
20271023|0551|0716|1253|1550|1819|1939|23 Cemaziyelevvel 1449
20271024|0552|0717|1252|1549|1818|1938|24 Cemaziyelevvel 1449
20271025|0553|0718|1252|1547|1817|1936|25 Cemaziyelevvel 1449
20271026|0554|0719|1252|1546|1815|1935|26 Cemaziyelevvel 1449
20271027|0555|0720|1252|1545|1814|1934|27 Cemaziyelevvel 1449
20271028|0556|0722|1252|1544|1812|1933|28 Cemaziyelevvel 1449
20271029|0557|0723|1252|1543|1811|1931|29 Cemaziyelevvel 1449
20271030|0558|0724|1252|1542|1810|1930|30 Cemaziyelevvel 1449
20271031|0559|0725|1252|1541|1809|1929|1 Cemaziyelahir 1449
20271101|0600|0726|1252|1540|1807|1928|2 Cemaziyelahir 1449
20271102|0601|0727|1252|1539|1806|1927|3 Cemaziyelahir 1449
20271103|0602|0729|1252|1538|1805|1926|4 Cemaziyelahir 1449
20271104|0603|0730|1252|1537|1804|1925|5 Cemaziyelahir 1449
20271105|0604|0731|1252|1536|1802|1924|6 Cemaziyelahir 1449
20271106|0605|0732|1252|1535|1801|1923|7 Cemaziyelahir 1449
20271107|0607|0733|1252|1535|1800|1922|8 Cemaziyelahir 1449
20271108|0608|0734|1252|1534|1759|1921|9 Cemaziyelahir 1449
20271109|0609|0736|1252|1533|1758|1920|10 Cemaziyelahir 1449
20271110|0610|0737|1252|1532|1757|1919|11 Cemaziyelahir 1449
20271111|0611|0738|1252|1531|1756|1918|12 Cemaziyelahir 1449
20271112|0612|0739|1252|1530|1755|1917|13 Cemaziyelahir 1449
20271113|0613|0740|1252|1530|1754|1917|14 Cemaziyelahir 1449
20271114|0614|0742|1252|1529|1753|1916|15 Cemaziyelahir 1449
20271115|0615|0743|1253|1528|1752|1915|16 Cemaziyelahir 1449
20271116|0616|0744|1253|1528|1752|1914|17 Cemaziyelahir 1449
20271117|0617|0745|1253|1527|1751|1914|18 Cemaziyelahir 1449
20271118|0618|0746|1253|1526|1750|1913|19 Cemaziyelahir 1449
20271119|0619|0747|1253|1526|1749|1913|20 Cemaziyelahir 1449
20271120|0620|0749|1254|1525|1748|1912|21 Cemaziyelahir 1449
20271121|0621|0750|1254|1525|1748|1911|22 Cemaziyelahir 1449
20271122|0622|0751|1254|1524|1747|1911|23 Cemaziyelahir 1449
20271123|0623|0752|1254|1524|1747|1911|24 Cemaziyelahir 1449
20271124|0624|0753|1255|1523|1746|1910|25 Cemaziyelahir 1449
20271125|0625|0754|1255|1523|1745|1910|26 Cemaziyelahir 1449
20271126|0626|0755|1255|1523|1745|1909|27 Cemaziyelahir 1449
20271127|0627|0757|1255|1522|1744|1909|28 Cemaziyelahir 1449
20271128|0627|0758|1256|1522|1744|1909|29 Cemaziyelahir 1449
20271129|0628|0759|1256|1522|1744|1908|1 Recep 1449
20271130|0629|0800|1256|1521|1743|1908|2 Recep 1449
20271201|0630|0801|1257|1521|1743|1908|3 Recep 1449
20271202|0631|0802|1257|1521|1743|1908|4 Recep 1449
20271203|0632|0803|1258|1521|1742|1908|5 Recep 1449
20271204|0633|0804|1258|1521|1742|1908|6 Recep 1449
20271205|0634|0805|1258|1521|1742|1908|7 Recep 1449
20271206|0635|0806|1259|1521|1742|1908|8 Recep 1449
20271207|0635|0807|1259|1521|1742|1908|9 Recep 1449
20271208|0636|0808|1300|1521|1742|1908|10 Recep 1449
20271209|0637|0809|1300|1521|1742|1908|11 Recep 1449
20271210|0638|0809|1301|1521|1742|1908|12 Recep 1449
20271211|0638|0810|1301|1521|1742|1908|13 Recep 1449
20271212|0639|0811|1301|1521|1742|1908|14 Recep 1449
20271213|0640|0812|1302|1521|1742|1908|15 Recep 1449
20271214|0641|0813|1302|1522|1742|1909|16 Recep 1449
20271215|0641|0813|1303|1522|1742|1909|17 Recep 1449
20271216|0642|0814|1303|1522|1743|1909|18 Recep 1449
20271217|0643|0815|1304|1522|1743|1910|19 Recep 1449
20271218|0643|0815|1304|1523|1743|1910|20 Recep 1449
20271219|0644|0816|1305|1523|1744|1910|21 Recep 1449
20271220|0644|0817|1305|1524|1744|1911|22 Recep 1449
20271221|0645|0817|1306|1524|1745|1911|23 Recep 1449
20271222|0645|0818|1306|1524|1745|1912|24 Recep 1449
20271223|0646|0818|1307|1525|1746|1912|25 Recep 1449
20271224|0646|0819|1307|1526|1746|1913|26 Recep 1449
20271225|0647|0819|1308|1526|1747|1913|27 Recep 1449
20271226|0647|0819|1308|1527|1747|1914|28 Recep 1449
20271227|0648|0820|1309|1527|1748|1915|29 Recep 1449
20271228|0648|0820|1309|1528|1749|1915|30 Recep 1449
20271229|0648|0820|1310|1529|1749|1916|1 Şaban 1449
20271230|0648|0821|1310|1529|1750|1917|2 Şaban 1449
20271231|0649|0821|1311|1530|1751|1917|3 Şaban 1449
#@9547|Şile|ISTANBUL|730
20260101|0648|0820|1310|1529|1750|1916|12 Recep 1447
20260102|0648|0820|1310|1530|1751|1917|13 Recep 1447
20260103|0648|0820|1311|1531|1752|1918|14 Recep 1447
20260104|0648|0820|1311|1531|1752|1919|15 Recep 1447
20260105|0648|0820|1312|1532|1753|1920|16 Recep 1447
20260106|0648|0820|1312|1533|1754|1920|17 Recep 1447
20260107|0648|0820|1313|1534|1755|1921|18 Recep 1447
20260108|0648|0820|1313|1535|1756|1922|19 Recep 1447
20260109|0648|0820|1313|1536|1757|1923|20 Recep 1447
20260110|0648|0820|1314|1537|1758|1924|21 Recep 1447
20260111|0648|0819|1314|1538|1759|1925|22 Recep 1447
20260112|0648|0819|1315|1539|1800|1926|23 Recep 1447
20260113|0648|0819|1315|1540|1801|1927|24 Recep 1447
20260114|0648|0818|1315|1541|1803|1928|25 Recep 1447
20260115|0647|0818|1316|1542|1804|1929|26 Recep 1447
20260116|0647|0817|1316|1543|1805|1930|27 Recep 1447
20260117|0647|0817|1316|1544|1806|1931|28 Recep 1447
20260118|0647|0817|1317|1545|1807|1932|29 Recep 1447
20260119|0646|0816|1317|1546|1808|1933|30 Recep 1447
20260120|0646|0815|1317|1547|1809|1934|1 Şaban 1447
20260121|0645|0815|1318|1548|1811|1935|2 Şaban 1447
20260122|0645|0814|1318|1549|1812|1936|3 Şaban 1447
20260123|0644|0813|1318|1550|1813|1937|4 Şaban 1447
20260124|0644|0813|1319|1551|1814|1938|5 Şaban 1447
20260125|0643|0812|1319|1552|1816|1939|6 Şaban 1447
20260126|0643|0811|1319|1553|1817|1940|7 Şaban 1447
20260127|0642|0810|1319|1554|1818|1941|8 Şaban 1447
20260128|0641|0810|1319|1555|1819|1942|9 Şaban 1447
20260129|0641|0809|1320|1556|1820|1943|10 Şaban 1447
20260130|0640|0808|1320|1557|1822|1944|11 Şaban 1447
20260131|0639|0807|1320|1558|1823|1945|12 Şaban 1447
20260201|0638|0806|1320|1559|1824|1946|13 Şaban 1447
20260202|0638|0805|1320|1600|1825|1948|14 Şaban 1447
20260203|0637|0804|1320|1601|1827|1949|15 Şaban 1447
20260204|0636|0803|1320|1602|1828|1950|16 Şaban 1447
20260205|0635|0802|1320|1603|1829|1951|17 Şaban 1447
20260206|0634|0801|1321|1604|1830|1952|18 Şaban 1447
20260207|0633|0800|1321|1605|1832|1953|19 Şaban 1447
20260208|0632|0758|1321|1606|1833|1954|20 Şaban 1447
20260209|0631|0757|1321|1607|1834|1955|21 Şaban 1447
20260210|0630|0756|1321|1608|1835|1956|22 Şaban 1447
20260211|0629|0755|1321|1609|1837|1957|23 Şaban 1447
20260212|0628|0754|1321|1610|1838|1959|24 Şaban 1447
20260213|0626|0752|1321|1611|1839|2000|25 Şaban 1447
20260214|0625|0751|1321|1612|1840|2001|26 Şaban 1447
20260215|0624|0750|1321|1613|1842|2002|27 Şaban 1447
20260216|0623|0748|1321|1614|1843|2003|28 Şaban 1447
20260217|0622|0747|1321|1615|1844|2004|29 Şaban 1447
20260218|0620|0746|1320|1616|1845|2005|30 Şaban 1447
20260219|0619|0744|1320|1617|1847|2006|1 Ramazan 1447
20260220|0618|0743|1320|1618|1848|2008|2 Ramazan 1447
20260221|0616|0741|1320|1619|1849|2009|3 Ramazan 1447
20260222|0615|0740|1320|1620|1850|2010|4 Ramazan 1447
20260223|0614|0739|1320|1620|1851|2011|5 Ramazan 1447
20260224|0612|0737|1320|1621|1853|2012|6 Ramazan 1447
20260225|0611|0736|1320|1622|1854|2013|7 Ramazan 1447
20260226|0609|0734|1319|1623|1855|2014|8 Ramazan 1447
20260227|0608|0733|1319|1624|1856|2015|9 Ramazan 1447
20260228|0606|0731|1319|1624|1857|2017|10 Ramazan 1447
20260301|0605|0730|1319|1625|1858|2018|11 Ramazan 1447
20260302|0603|0728|1319|1626|1900|2019|12 Ramazan 1447
20260303|0602|0726|1319|1627|1901|2020|13 Ramazan 1447
20260304|0600|0725|1318|1628|1902|2021|14 Ramazan 1447
20260305|0559|0723|1318|1628|1903|2022|15 Ramazan 1447
20260306|0557|0722|1318|1629|1904|2023|16 Ramazan 1447
20260307|0556|0720|1318|1630|1905|2024|17 Ramazan 1447
20260308|0554|0718|1317|1630|1906|2026|18 Ramazan 1447
20260309|0552|0717|1317|1631|1908|2027|19 Ramazan 1447
20260310|0551|0715|1317|1632|1909|2028|20 Ramazan 1447
20260311|0549|0714|1317|1632|1910|2029|21 Ramazan 1447
20260312|0547|0712|1316|1633|1911|2030|22 Ramazan 1447
20260313|0546|0710|1316|1634|1912|2031|23 Ramazan 1447
20260314|0544|0709|1316|1634|1913|2033|24 Ramazan 1447
20260315|0542|0707|1316|1635|1914|2034|25 Ramazan 1447
20260316|0540|0705|1315|1636|1915|2035|26 Ramazan 1447
20260317|0539|0704|1315|1636|1916|2036|27 Ramazan 1447
20260318|0537|0702|1315|1637|1918|2037|28 Ramazan 1447
20260319|0535|0700|1314|1637|1919|2038|29 Ramazan 1447
20260320|0533|0659|1314|1638|1920|2040|1 Şevval 1447
20260321|0531|0657|1314|1638|1921|2041|2 Şevval 1447
20260322|0530|0655|1314|1639|1922|2042|3 Şevval 1447
20260323|0528|0654|1313|1639|1923|2043|4 Şevval 1447
20260324|0526|0652|1313|1640|1924|2045|5 Şevval 1447
20260325|0524|0650|1313|1641|1925|2046|6 Şevval 1447
20260326|0522|0649|1312|1641|1926|2047|7 Şevval 1447
20260327|0520|0647|1312|1642|1927|2048|8 Şevval 1447
20260328|0518|0645|1312|1642|1928|2050|9 Şevval 1447
20260329|0517|0643|1311|1642|1929|2051|10 Şevval 1447
20260330|0515|0642|1311|1643|1931|2052|11 Şevval 1447
20260331|0513|0640|1311|1643|1932|2053|12 Şevval 1447
20260401|0511|0638|1311|1644|1933|2055|13 Şevval 1447
20260402|0509|0637|1310|1644|1934|2056|14 Şevval 1447
20260403|0507|0635|1310|1645|1935|2057|15 Şevval 1447
20260404|0505|0634|1310|1645|1936|2058|16 Şevval 1447
20260405|0503|0632|1309|1646|1937|2100|17 Şevval 1447
20260406|0501|0630|1309|1646|1938|2101|18 Şevval 1447
20260407|0459|0629|1309|1646|1939|2102|19 Şevval 1447
20260408|0457|0627|1309|1647|1940|2104|20 Şevval 1447
20260409|0455|0625|1308|1647|1941|2105|21 Şevval 1447
20260410|0454|0624|1308|1647|1942|2106|22 Şevval 1447
20260411|0452|0622|1308|1648|1943|2108|23 Şevval 1447
20260412|0450|0621|1307|1648|1944|2109|24 Şevval 1447
20260413|0448|0619|1307|1649|1946|2111|25 Şevval 1447
20260414|0446|0617|1307|1649|1947|2112|26 Şevval 1447
20260415|0444|0616|1307|1649|1948|2113|27 Şevval 1447
20260416|0442|0614|1306|1650|1949|2115|28 Şevval 1447
20260417|0440|0613|1306|1650|1950|2116|29 Şevval 1447
20260418|0438|0611|1306|1650|1951|2118|1 Zilkade 1447
20260419|0436|0610|1306|1651|1952|2119|2 Zilkade 1447
20260420|0434|0608|1306|1651|1953|2121|3 Zilkade 1447
20260421|0432|0607|1305|1651|1954|2122|4 Zilkade 1447
20260422|0430|0605|1305|1652|1955|2123|5 Zilkade 1447
20260423|0429|0604|1305|1652|1956|2125|6 Zilkade 1447
20260424|0427|0602|1305|1652|1957|2126|7 Zilkade 1447
20260425|0425|0601|1305|1653|1958|2128|8 Zilkade 1447
20260426|0423|0600|1304|1653|1959|2129|9 Zilkade 1447
20260427|0421|0558|1304|1653|2000|2131|10 Zilkade 1447
20260428|0419|0557|1304|1653|2002|2132|11 Zilkade 1447
20260429|0417|0555|1304|1654|2003|2134|12 Zilkade 1447
20260430|0415|0554|1304|1654|2004|2135|13 Zilkade 1447
20260501|0414|0553|1304|1654|2005|2137|14 Zilkade 1447
20260502|0412|0551|1304|1655|2006|2138|15 Zilkade 1447
20260503|0410|0550|1303|1655|2007|2140|16 Zilkade 1447
20260504|0408|0549|1303|1655|2008|2142|17 Zilkade 1447
20260505|0406|0548|1303|1656|2009|2143|18 Zilkade 1447
20260506|0405|0546|1303|1656|2010|2145|19 Zilkade 1447
20260507|0403|0545|1303|1656|2011|2146|20 Zilkade 1447
20260508|0401|0544|1303|1656|2012|2148|21 Zilkade 1447
20260509|0400|0543|1303|1657|2013|2149|22 Zilkade 1447
20260510|0358|0542|1303|1657|2014|2151|23 Zilkade 1447
20260511|0356|0541|1303|1657|2015|2152|24 Zilkade 1447
20260512|0355|0540|1303|1658|2016|2154|25 Zilkade 1447
20260513|0353|0539|1303|1658|2017|2155|26 Zilkade 1447
20260514|0351|0538|1303|1658|2018|2157|27 Zilkade 1447
20260515|0350|0537|1303|1658|2019|2158|28 Zilkade 1447
20260516|0348|0536|1303|1659|2020|2200|29 Zilkade 1447
20260517|0347|0535|1303|1659|2021|2201|30 Zilkade 1447
20260518|0345|0534|1303|1659|2022|2203|1 Zilhicce 1447
20260519|0344|0533|1303|1700|2023|2204|2 Zilhicce 1447
20260520|0342|0532|1303|1700|2024|2206|3 Zilhicce 1447
20260521|0341|0531|1303|1700|2025|2207|4 Zilhicce 1447
20260522|0340|0531|1303|1700|2026|2209|5 Zilhicce 1447
20260523|0338|0530|1303|1701|2027|2210|6 Zilhicce 1447
20260524|0337|0529|1303|1701|2028|2211|7 Zilhicce 1447
20260525|0336|0528|1303|1701|2029|2213|8 Zilhicce 1447
20260526|0335|0528|1304|1702|2030|2214|9 Zilhicce 1447
20260527|0333|0527|1304|1702|2030|2216|10 Zilhicce 1447
20260528|0332|0526|1304|1702|2031|2217|11 Zilhicce 1447
20260529|0331|0526|1304|1702|2032|2218|12 Zilhicce 1447
20260530|0330|0525|1304|1703|2033|2219|13 Zilhicce 1447
20260531|0329|0525|1304|1703|2034|2221|14 Zilhicce 1447
20260601|0328|0524|1304|1703|2034|2222|15 Zilhicce 1447
20260602|0327|0524|1305|1704|2035|2223|16 Zilhicce 1447
20260603|0326|0524|1305|1704|2036|2224|17 Zilhicce 1447
20260604|0326|0523|1305|1704|2037|2225|18 Zilhicce 1447
20260605|0325|0523|1305|1704|2037|2226|19 Zilhicce 1447
20260606|0324|0523|1305|1705|2038|2227|20 Zilhicce 1447
20260607|0323|0522|1305|1705|2039|2228|21 Zilhicce 1447
20260608|0323|0522|1306|1705|2039|2229|22 Zilhicce 1447
20260609|0322|0522|1306|1706|2040|2230|23 Zilhicce 1447
20260610|0322|0522|1306|1706|2040|2231|24 Zilhicce 1447
20260611|0321|0521|1306|1706|2041|2232|25 Zilhicce 1447
20260612|0321|0521|1306|1706|2041|2232|26 Zilhicce 1447
20260613|0321|0521|1307|1707|2042|2233|27 Zilhicce 1447
20260614|0320|0521|1307|1707|2042|2234|28 Zilhicce 1447
20260615|0320|0521|1307|1707|2043|2234|29 Zilhicce 1447
20260616|0320|0521|1307|1707|2043|2235|1 Muharrem 1448
20260617|0320|0521|1307|1708|2043|2235|2 Muharrem 1448
20260618|0320|0521|1308|1708|2044|2236|3 Muharrem 1448
20260619|0320|0522|1308|1708|2044|2236|4 Muharrem 1448
20260620|0320|0522|1308|1708|2044|2236|5 Muharrem 1448
20260621|0320|0522|1308|1709|2045|2237|6 Muharrem 1448
20260622|0321|0522|1309|1709|2045|2237|7 Muharrem 1448
20260623|0321|0522|1309|1709|2045|2237|8 Muharrem 1448
20260624|0321|0523|1309|1709|2045|2237|9 Muharrem 1448
20260625|0322|0523|1309|1709|2045|2237|10 Muharrem 1448
20260626|0322|0523|1309|1710|2045|2237|11 Muharrem 1448
20260627|0323|0524|1310|1710|2045|2237|12 Muharrem 1448
20260628|0323|0524|1310|1710|2045|2237|13 Muharrem 1448
20260629|0324|0525|1310|1710|2045|2237|14 Muharrem 1448
20260630|0324|0525|1310|1710|2045|2237|15 Muharrem 1448
20260701|0325|0525|1310|1710|2045|2236|16 Muharrem 1448
20260702|0326|0526|1311|1710|2045|2236|17 Muharrem 1448
20260703|0327|0527|1311|1711|2045|2235|18 Muharrem 1448
20260704|0328|0527|1311|1711|2045|2235|19 Muharrem 1448
20260705|0329|0528|1311|1711|2045|2234|20 Muharrem 1448
20260706|0330|0528|1311|1711|2044|2234|21 Muharrem 1448
20260707|0331|0529|1311|1711|2044|2233|22 Muharrem 1448
20260708|0332|0530|1312|1711|2044|2233|23 Muharrem 1448
20260709|0333|0530|1312|1711|2043|2232|24 Muharrem 1448
20260710|0334|0531|1312|1711|2043|2231|25 Muharrem 1448
20260711|0335|0532|1312|1711|2043|2230|26 Muharrem 1448
20260712|0336|0532|1312|1711|2042|2229|27 Muharrem 1448
20260713|0337|0533|1312|1711|2042|2228|28 Muharrem 1448
20260714|0339|0534|1312|1711|2041|2227|29 Muharrem 1448
20260715|0340|0535|1313|1711|2040|2226|1 Safer 1448
20260716|0341|0535|1313|1711|2040|2225|2 Safer 1448
20260717|0343|0536|1313|1711|2039|2224|3 Safer 1448
20260718|0344|0537|1313|1711|2039|2223|4 Safer 1448
20260719|0345|0538|1313|1711|2038|2222|5 Safer 1448
20260720|0347|0539|1313|1711|2037|2221|6 Safer 1448
20260721|0348|0540|1313|1710|2036|2220|7 Safer 1448
20260722|0350|0541|1313|1710|2036|2218|8 Safer 1448
20260723|0351|0541|1313|1710|2035|2217|9 Safer 1448
20260724|0353|0542|1313|1710|2034|2216|10 Safer 1448
20260725|0354|0543|1313|1710|2033|2214|11 Safer 1448
20260726|0356|0544|1313|1709|2032|2213|12 Safer 1448
20260727|0357|0545|1313|1709|2031|2211|13 Safer 1448
20260728|0359|0546|1313|1709|2030|2210|14 Safer 1448
20260729|0400|0547|1313|1709|2029|2208|15 Safer 1448
20260730|0402|0548|1313|1708|2028|2207|16 Safer 1448
20260731|0403|0549|1313|1708|2027|2205|17 Safer 1448
20260801|0405|0550|1313|1708|2026|2204|18 Safer 1448
20260802|0406|0551|1313|1707|2025|2202|19 Safer 1448
20260803|0408|0552|1313|1707|2024|2200|20 Safer 1448
20260804|0409|0553|1313|1706|2023|2159|21 Safer 1448
20260805|0411|0554|1313|1706|2022|2157|22 Safer 1448
20260806|0412|0555|1313|1705|2020|2155|23 Safer 1448
20260807|0414|0556|1312|1705|2019|2154|24 Safer 1448
20260808|0416|0557|1312|1704|2018|2152|25 Safer 1448
20260809|0417|0558|1312|1704|2017|2150|26 Safer 1448
20260810|0419|0559|1312|1703|2015|2149|27 Safer 1448
20260811|0420|0600|1312|1703|2014|2147|28 Safer 1448
20260812|0422|0601|1312|1702|2013|2145|29 Safer 1448
20260813|0423|0602|1312|1702|2011|2143|30 Safer 1448
20260814|0425|0603|1311|1701|2010|2141|1 Rebiulevvel 1448
20260815|0426|0604|1311|1700|2009|2140|2 Rebiulevvel 1448
20260816|0428|0605|1311|1700|2007|2138|3 Rebiulevvel 1448
20260817|0429|0606|1311|1659|2006|2136|4 Rebiulevvel 1448
20260818|0431|0607|1311|1658|2004|2134|5 Rebiulevvel 1448
20260819|0432|0608|1310|1658|2003|2132|6 Rebiulevvel 1448
20260820|0433|0609|1310|1657|2001|2130|7 Rebiulevvel 1448
20260821|0435|0610|1310|1656|2000|2128|8 Rebiulevvel 1448
20260822|0436|0611|1310|1656|1958|2126|9 Rebiulevvel 1448
20260823|0438|0612|1309|1655|1957|2125|10 Rebiulevvel 1448
20260824|0439|0613|1309|1654|1955|2123|11 Rebiulevvel 1448
20260825|0441|0614|1309|1653|1954|2121|12 Rebiulevvel 1448
20260826|0442|0615|1309|1652|1952|2119|13 Rebiulevvel 1448
20260827|0443|0616|1308|1651|1951|2117|14 Rebiulevvel 1448
20260828|0445|0617|1308|1651|1949|2115|15 Rebiulevvel 1448
20260829|0446|0618|1308|1650|1948|2113|16 Rebiulevvel 1448
20260830|0447|0619|1307|1649|1946|2111|17 Rebiulevvel 1448
20260831|0449|0620|1307|1648|1944|2109|18 Rebiulevvel 1448
20260901|0450|0621|1307|1647|1943|2107|19 Rebiulevvel 1448
20260902|0451|0622|1306|1646|1941|2105|20 Rebiulevvel 1448
20260903|0453|0623|1306|1645|1939|2103|21 Rebiulevvel 1448
20260904|0454|0624|1306|1644|1938|2102|22 Rebiulevvel 1448
20260905|0455|0625|1305|1643|1936|2100|23 Rebiulevvel 1448
20260906|0457|0626|1305|1642|1935|2058|24 Rebiulevvel 1448
20260907|0458|0627|1305|1641|1933|2056|25 Rebiulevvel 1448
20260908|0459|0628|1304|1640|1931|2054|26 Rebiulevvel 1448
20260909|0500|0629|1304|1639|1929|2052|27 Rebiulevvel 1448
20260910|0502|0630|1304|1638|1928|2050|28 Rebiulevvel 1448
20260911|0503|0631|1303|1637|1926|2048|29 Rebiulevvel 1448
20260912|0504|0632|1303|1636|1924|2046|1 Rebiulahir 1448
20260913|0505|0633|1303|1635|1923|2044|2 Rebiulahir 1448
20260914|0507|0634|1302|1634|1921|2042|3 Rebiulahir 1448
20260915|0508|0635|1302|1633|1919|2040|4 Rebiulahir 1448
20260916|0509|0636|1302|1631|1918|2039|5 Rebiulahir 1448
20260917|0510|0637|1301|1630|1916|2037|6 Rebiulahir 1448
20260918|0511|0638|1301|1629|1914|2035|7 Rebiulahir 1448
20260919|0513|0639|1301|1628|1912|2033|8 Rebiulahir 1448
20260920|0514|0640|1300|1627|1911|2031|9 Rebiulahir 1448
20260921|0515|0641|1300|1626|1909|2029|10 Rebiulahir 1448
20260922|0516|0642|1259|1625|1907|2027|11 Rebiulahir 1448
20260923|0517|0643|1259|1623|1906|2026|12 Rebiulahir 1448
20260924|0518|0644|1259|1622|1904|2024|13 Rebiulahir 1448
20260925|0519|0645|1258|1621|1902|2022|14 Rebiulahir 1448
20260926|0521|0646|1258|1620|1900|2020|15 Rebiulahir 1448
20260927|0522|0647|1258|1619|1859|2018|16 Rebiulahir 1448
20260928|0523|0648|1257|1617|1857|2017|17 Rebiulahir 1448
20260929|0524|0649|1257|1616|1855|2015|18 Rebiulahir 1448
20260930|0525|0650|1257|1615|1854|2013|19 Rebiulahir 1448
20261001|0526|0651|1256|1614|1852|2011|20 Rebiulahir 1448
20261002|0527|0652|1256|1612|1850|2010|21 Rebiulahir 1448
20261003|0528|0653|1256|1611|1849|2008|22 Rebiulahir 1448
20261004|0529|0654|1255|1610|1847|2006|23 Rebiulahir 1448
20261005|0530|0655|1255|1609|1845|2004|24 Rebiulahir 1448
20261006|0532|0656|1255|1608|1844|2003|25 Rebiulahir 1448
20261007|0533|0657|1255|1606|1842|2001|26 Rebiulahir 1448
20261008|0534|0658|1254|1605|1840|1959|27 Rebiulahir 1448
20261009|0535|0659|1254|1604|1839|1958|28 Rebiulahir 1448
20261010|0536|0700|1254|1603|1837|1956|29 Rebiulahir 1448
20261011|0537|0701|1253|1602|1835|1955|30 Rebiulahir 1448
20261012|0538|0703|1253|1600|1834|1953|1 Cemaziyelevvel 1448
20261013|0539|0704|1253|1559|1832|1951|2 Cemaziyelevvel 1448
20261014|0540|0705|1253|1558|1831|1950|3 Cemaziyelevvel 1448
20261015|0541|0706|1252|1557|1829|1948|4 Cemaziyelevvel 1448
20261016|0542|0707|1252|1556|1828|1947|5 Cemaziyelevvel 1448
20261017|0543|0708|1252|1554|1826|1945|6 Cemaziyelevvel 1448
20261018|0544|0709|1252|1553|1825|1944|7 Cemaziyelevvel 1448
20261019|0545|0710|1252|1552|1823|1943|8 Cemaziyelevvel 1448
20261020|0546|0711|1251|1551|1822|1941|9 Cemaziyelevvel 1448
20261021|0548|0712|1251|1550|1820|1940|10 Cemaziyelevvel 1448
20261022|0549|0714|1251|1549|1819|1938|11 Cemaziyelevvel 1448
20261023|0550|0715|1251|1547|1817|1937|12 Cemaziyelevvel 1448
20261024|0551|0716|1251|1546|1816|1936|13 Cemaziyelevvel 1448
20261025|0552|0717|1251|1545|1814|1934|14 Cemaziyelevvel 1448
20261026|0553|0718|1251|1544|1813|1933|15 Cemaziyelevvel 1448
20261027|0554|0719|1250|1543|1812|1932|16 Cemaziyelevvel 1448
20261028|0555|0721|1250|1542|1810|1931|17 Cemaziyelevvel 1448
20261029|0556|0722|1250|1541|1809|1929|18 Cemaziyelevvel 1448
20261030|0557|0723|1250|1540|1808|1928|19 Cemaziyelevvel 1448
20261031|0558|0724|1250|1539|1806|1927|20 Cemaziyelevvel 1448
20261101|0559|0725|1250|1538|1805|1926|21 Cemaziyelevvel 1448
20261102|0600|0726|1250|1537|1804|1925|22 Cemaziyelevvel 1448
20261103|0601|0728|1250|1536|1803|1924|23 Cemaziyelevvel 1448
20261104|0602|0729|1250|1535|1801|1923|24 Cemaziyelevvel 1448
20261105|0603|0730|1250|1534|1800|1922|25 Cemaziyelevvel 1448
20261106|0604|0731|1250|1533|1759|1921|26 Cemaziyelevvel 1448
20261107|0605|0732|1250|1532|1758|1920|27 Cemaziyelevvel 1448
20261108|0606|0734|1250|1532|1757|1919|28 Cemaziyelevvel 1448
20261109|0607|0735|1250|1531|1756|1918|29 Cemaziyelevvel 1448
20261110|0608|0736|1250|1530|1755|1917|1 Cemaziyelahir 1448
20261111|0609|0737|1251|1529|1754|1916|2 Cemaziyelahir 1448
20261112|0611|0738|1251|1528|1753|1915|3 Cemaziyelahir 1448
20261113|0612|0740|1251|1528|1752|1915|4 Cemaziyelahir 1448
20261114|0613|0741|1251|1527|1751|1914|5 Cemaziyelahir 1448
20261115|0614|0742|1251|1526|1750|1913|6 Cemaziyelahir 1448
20261116|0615|0743|1251|1525|1749|1913|7 Cemaziyelahir 1448
20261117|0616|0744|1251|1525|1749|1912|8 Cemaziyelahir 1448
20261118|0617|0746|1252|1524|1748|1911|9 Cemaziyelahir 1448
20261119|0618|0747|1252|1524|1747|1911|10 Cemaziyelahir 1448
20261120|0619|0748|1252|1523|1746|1910|11 Cemaziyelahir 1448
20261121|0620|0749|1252|1523|1746|1910|12 Cemaziyelahir 1448
20261122|0621|0750|1253|1522|1745|1909|13 Cemaziyelahir 1448
20261123|0622|0751|1253|1522|1744|1909|14 Cemaziyelahir 1448
20261124|0623|0752|1253|1521|1744|1908|15 Cemaziyelahir 1448
20261125|0624|0754|1253|1521|1743|1908|16 Cemaziyelahir 1448
20261126|0624|0755|1254|1520|1743|1907|17 Cemaziyelahir 1448
20261127|0625|0756|1254|1520|1742|1907|18 Cemaziyelahir 1448
20261128|0626|0757|1254|1520|1742|1907|19 Cemaziyelahir 1448
20261129|0627|0758|1255|1520|1741|1907|20 Cemaziyelahir 1448
20261130|0628|0759|1255|1519|1741|1906|21 Cemaziyelahir 1448
20261201|0629|0800|1255|1519|1741|1906|22 Cemaziyelahir 1448
20261202|0630|0801|1256|1519|1740|1906|23 Cemaziyelahir 1448
20261203|0631|0802|1256|1519|1740|1906|24 Cemaziyelahir 1448
20261204|0632|0803|1257|1519|1740|1906|25 Cemaziyelahir 1448
20261205|0633|0804|1257|1519|1740|1906|26 Cemaziyelahir 1448
20261206|0633|0805|1257|1519|1740|1906|27 Cemaziyelahir 1448
20261207|0634|0806|1258|1519|1740|1906|28 Cemaziyelahir 1448
20261208|0635|0807|1258|1519|1740|1906|29 Cemaziyelahir 1448
20261209|0636|0808|1259|1519|1740|1906|30 Cemaziyelahir 1448
20261210|0637|0809|1259|1519|1740|1906|1 Recep 1448
20261211|0637|0809|1300|1519|1740|1906|2 Recep 1448
20261212|0638|0810|1300|1519|1740|1906|3 Recep 1448
20261213|0639|0811|1300|1519|1740|1907|4 Recep 1448
20261214|0639|0812|1301|1519|1740|1907|5 Recep 1448
20261215|0640|0813|1301|1520|1740|1907|6 Recep 1448
20261216|0641|0813|1302|1520|1741|1908|7 Recep 1448
20261217|0641|0814|1302|1520|1741|1908|8 Recep 1448
20261218|0642|0815|1303|1521|1741|1908|9 Recep 1448
20261219|0643|0815|1303|1521|1742|1909|10 Recep 1448
20261220|0643|0816|1304|1522|1742|1909|11 Recep 1448
20261221|0644|0816|1304|1522|1742|1910|12 Recep 1448
20261222|0644|0817|1305|1522|1743|1910|13 Recep 1448
20261223|0645|0817|1305|1523|1743|1911|14 Recep 1448
20261224|0645|0818|1306|1524|1744|1911|15 Recep 1448
20261225|0646|0818|1306|1524|1745|1912|16 Recep 1448
20261226|0646|0819|1307|1525|1745|1912|17 Recep 1448
20261227|0646|0819|1307|1525|1746|1913|18 Recep 1448
20261228|0647|0819|1308|1526|1747|1914|19 Recep 1448
20261229|0647|0819|1308|1527|1747|1914|20 Recep 1448
20261230|0647|0820|1309|1527|1748|1915|21 Recep 1448
20261231|0648|0820|1309|1528|1749|1916|22 Recep 1448
20270101|0648|0820|1310|1529|1750|1916|23 Recep 1448
20270102|0648|0820|1310|1530|1750|1917|24 Recep 1448
20270103|0648|0820|1311|1530|1751|1918|25 Recep 1448
20270104|0648|0820|1311|1531|1752|1919|26 Recep 1448
20270105|0648|0820|1312|1532|1753|1919|27 Recep 1448
20270106|0648|0820|1312|1533|1754|1920|28 Recep 1448
20270107|0648|0820|1313|1534|1755|1921|29 Recep 1448
20270108|0648|0820|1313|1535|1756|1922|30 Recep 1448
20270109|0648|0820|1313|1536|1757|1923|1 Şaban 1448
20270110|0648|0820|1314|1537|1758|1924|2 Şaban 1448
20270111|0648|0819|1314|1537|1759|1925|3 Şaban 1448
20270112|0648|0819|1315|1538|1800|1926|4 Şaban 1448
20270113|0648|0819|1315|1539|1801|1927|5 Şaban 1448
20270114|0648|0818|1315|1540|1802|1928|6 Şaban 1448
20270115|0648|0818|1316|1541|1803|1928|7 Şaban 1448
20270116|0647|0818|1316|1542|1805|1929|8 Şaban 1448
20270117|0647|0817|1316|1543|1806|1930|9 Şaban 1448
20270118|0647|0817|1317|1544|1807|1931|10 Şaban 1448
20270119|0646|0816|1317|1545|1808|1932|11 Şaban 1448
20270120|0646|0816|1317|1546|1809|1933|12 Şaban 1448
20270121|0645|0815|1318|1547|1810|1934|13 Şaban 1448
20270122|0645|0814|1318|1549|1812|1936|14 Şaban 1448
20270123|0644|0814|1318|1550|1813|1937|15 Şaban 1448
20270124|0644|0813|1318|1551|1814|1938|16 Şaban 1448
20270125|0643|0812|1319|1552|1815|1939|17 Şaban 1448
20270126|0643|0811|1319|1553|1816|1940|18 Şaban 1448
20270127|0642|0811|1319|1554|1818|1941|19 Şaban 1448
20270128|0641|0810|1319|1555|1819|1942|20 Şaban 1448
20270129|0641|0809|1320|1556|1820|1943|21 Şaban 1448
20270130|0640|0808|1320|1557|1821|1944|22 Şaban 1448
20270131|0639|0807|1320|1558|1823|1945|23 Şaban 1448
20270201|0639|0806|1320|1559|1824|1946|24 Şaban 1448
20270202|0638|0805|1320|1600|1825|1947|25 Şaban 1448
20270203|0637|0804|1320|1601|1826|1948|26 Şaban 1448
20270204|0636|0803|1320|1602|1828|1949|27 Şaban 1448
20270205|0635|0802|1320|1603|1829|1951|28 Şaban 1448
20270206|0634|0801|1321|1604|1830|1952|29 Şaban 1448
20270207|0633|0800|1321|1605|1831|1953|30 Şaban 1448
20270208|0632|0759|1321|1606|1833|1954|1 Ramazan 1448
20270209|0631|0758|1321|1607|1834|1955|2 Ramazan 1448
20270210|0630|0756|1321|1608|1835|1956|3 Ramazan 1448
20270211|0629|0755|1321|1609|1836|1957|4 Ramazan 1448
20270212|0628|0754|1321|1610|1838|1958|5 Ramazan 1448
20270213|0627|0753|1321|1611|1839|1959|6 Ramazan 1448
20270214|0626|0751|1321|1612|1840|2001|7 Ramazan 1448
20270215|0624|0750|1321|1613|1841|2002|8 Ramazan 1448
20270216|0623|0749|1321|1614|1843|2003|9 Ramazan 1448
20270217|0622|0747|1321|1615|1844|2004|10 Ramazan 1448
20270218|0621|0746|1321|1616|1845|2005|11 Ramazan 1448
20270219|0619|0745|1320|1617|1846|2006|12 Ramazan 1448
20270220|0618|0743|1320|1618|1847|2007|13 Ramazan 1448
20270221|0617|0742|1320|1618|1849|2008|14 Ramazan 1448
20270222|0615|0740|1320|1619|1850|2009|15 Ramazan 1448
20270223|0614|0739|1320|1620|1851|2011|16 Ramazan 1448
20270224|0613|0737|1320|1621|1852|2012|17 Ramazan 1448
20270225|0611|0736|1320|1622|1853|2013|18 Ramazan 1448
20270226|0610|0734|1320|1623|1855|2014|19 Ramazan 1448
20270227|0608|0733|1319|1623|1856|2015|20 Ramazan 1448
20270228|0607|0731|1319|1624|1857|2016|21 Ramazan 1448
20270301|0605|0730|1319|1625|1858|2017|22 Ramazan 1448
20270302|0604|0728|1319|1626|1859|2019|23 Ramazan 1448
20270303|0602|0727|1319|1627|1900|2020|24 Ramazan 1448
20270304|0601|0725|1318|1627|1902|2021|25 Ramazan 1448
20270305|0559|0724|1318|1628|1903|2022|26 Ramazan 1448
20270306|0558|0722|1318|1629|1904|2023|27 Ramazan 1448
20270307|0556|0720|1318|1630|1905|2024|28 Ramazan 1448
20270308|0554|0719|1317|1630|1906|2025|29 Ramazan 1448
20270309|0553|0717|1317|1631|1907|2026|1 Şevval 1448
20270310|0551|0716|1317|1632|1908|2028|2 Şevval 1448
20270311|0549|0714|1317|1632|1910|2029|3 Şevval 1448
20270312|0548|0712|1316|1633|1911|2030|4 Şevval 1448
20270313|0546|0711|1316|1634|1912|2031|5 Şevval 1448
20270314|0544|0709|1316|1634|1913|2032|6 Şevval 1448
20270315|0542|0707|1316|1635|1914|2033|7 Şevval 1448
20270316|0541|0706|1315|1635|1915|2035|8 Şevval 1448
20270317|0539|0704|1315|1636|1916|2036|9 Şevval 1448
20270318|0537|0702|1315|1637|1917|2037|10 Şevval 1448
20270319|0535|0701|1315|1637|1918|2038|11 Şevval 1448
20270320|0534|0659|1314|1638|1920|2039|12 Şevval 1448
20270321|0532|0657|1314|1638|1921|2041|13 Şevval 1448
20270322|0530|0656|1314|1639|1922|2042|14 Şevval 1448
20270323|0528|0654|1313|1639|1923|2043|15 Şevval 1448
20270324|0526|0652|1313|1640|1924|2044|16 Şevval 1448
20270325|0524|0651|1313|1640|1925|2045|17 Şevval 1448
20270326|0523|0649|1312|1641|1926|2047|18 Şevval 1448
20270327|0521|0647|1312|1641|1927|2048|19 Şevval 1448
20270328|0519|0646|1312|1642|1928|2049|20 Şevval 1448
20270329|0517|0644|1312|1642|1929|2050|21 Şevval 1448
20270330|0515|0642|1311|1643|1930|2052|22 Şevval 1448
20270331|0513|0641|1311|1643|1931|2053|23 Şevval 1448
20270401|0511|0639|1311|1644|1932|2054|24 Şevval 1448
20270402|0509|0637|1310|1644|1934|2056|25 Şevval 1448
20270403|0507|0636|1310|1645|1935|2057|26 Şevval 1448
20270404|0506|0634|1310|1645|1936|2058|27 Şevval 1448
20270405|0504|0632|1309|1645|1937|2059|28 Şevval 1448
20270406|0502|0631|1309|1646|1938|2101|29 Şevval 1448
20270407|0500|0629|1309|1646|1939|2102|30 Şevval 1448
20270408|0458|0627|1309|1647|1940|2103|1 Zilkade 1448
20270409|0456|0626|1308|1647|1941|2105|2 Zilkade 1448
20270410|0454|0624|1308|1647|1942|2106|3 Zilkade 1448
20270411|0452|0623|1308|1648|1943|2108|4 Zilkade 1448
20270412|0450|0621|1308|1648|1944|2109|5 Zilkade 1448
20270413|0448|0619|1307|1648|1945|2110|6 Zilkade 1448
20270414|0446|0618|1307|1649|1946|2112|7 Zilkade 1448
20270415|0444|0616|1307|1649|1947|2113|8 Zilkade 1448
20270416|0442|0615|1307|1650|1948|2114|9 Zilkade 1448
20270417|0440|0613|1306|1650|1950|2116|10 Zilkade 1448
20270418|0439|0612|1306|1650|1951|2117|11 Zilkade 1448
20270419|0437|0610|1306|1651|1952|2119|12 Zilkade 1448
20270420|0435|0609|1306|1651|1953|2120|13 Zilkade 1448
20270421|0433|0607|1305|1651|1954|2122|14 Zilkade 1448
20270422|0431|0606|1305|1652|1955|2123|15 Zilkade 1448
20270423|0429|0604|1305|1652|1956|2125|16 Zilkade 1448
20270424|0427|0603|1305|1652|1957|2126|17 Zilkade 1448
20270425|0425|0601|1305|1652|1958|2128|18 Zilkade 1448
20270426|0423|0600|1304|1653|1959|2129|19 Zilkade 1448
20270427|0421|0558|1304|1653|2000|2131|20 Zilkade 1448
20270428|0420|0557|1304|1653|2001|2132|21 Zilkade 1448
20270429|0418|0556|1304|1654|2002|2134|22 Zilkade 1448
20270430|0416|0554|1304|1654|2003|2135|23 Zilkade 1448
20270501|0414|0553|1304|1654|2004|2137|24 Zilkade 1448
20270502|0412|0552|1304|1655|2006|2138|25 Zilkade 1448
20270503|0410|0550|1304|1655|2007|2140|26 Zilkade 1448
20270504|0409|0549|1303|1655|2008|2141|27 Zilkade 1448
20270505|0407|0548|1303|1655|2009|2143|28 Zilkade 1448
20270506|0405|0547|1303|1656|2010|2144|29 Zilkade 1448
20270507|0403|0546|1303|1656|2011|2146|1 Zilhicce 1448
20270508|0402|0544|1303|1656|2012|2147|2 Zilhicce 1448
20270509|0400|0543|1303|1657|2013|2149|3 Zilhicce 1448
20270510|0358|0542|1303|1657|2014|2150|4 Zilhicce 1448
20270511|0357|0541|1303|1657|2015|2152|5 Zilhicce 1448
20270512|0355|0540|1303|1657|2016|2153|6 Zilhicce 1448
20270513|0353|0539|1303|1658|2017|2155|7 Zilhicce 1448
20270514|0352|0538|1303|1658|2018|2156|8 Zilhicce 1448
20270515|0350|0537|1303|1658|2019|2158|9 Zilhicce 1448
20270516|0349|0536|1303|1659|2020|2200|10 Zilhicce 1448
20270517|0347|0535|1303|1659|2021|2201|11 Zilhicce 1448
20270518|0346|0534|1303|1659|2022|2202|12 Zilhicce 1448
20270519|0344|0533|1303|1659|2023|2204|13 Zilhicce 1448
20270520|0343|0532|1303|1700|2024|2205|14 Zilhicce 1448
20270521|0341|0532|1303|1700|2025|2207|15 Zilhicce 1448
20270522|0340|0531|1303|1700|2026|2208|16 Zilhicce 1448
20270523|0339|0530|1303|1701|2027|2210|17 Zilhicce 1448
20270524|0337|0529|1303|1701|2028|2211|18 Zilhicce 1448
20270525|0336|0529|1303|1701|2028|2213|19 Zilhicce 1448
20270526|0335|0528|1304|1701|2029|2214|20 Zilhicce 1448
20270527|0334|0527|1304|1702|2030|2215|21 Zilhicce 1448
20270528|0333|0527|1304|1702|2031|2217|22 Zilhicce 1448
20270529|0331|0526|1304|1702|2032|2218|23 Zilhicce 1448
20270530|0330|0525|1304|1703|2033|2219|24 Zilhicce 1448
20270531|0329|0525|1304|1703|2033|2220|25 Zilhicce 1448
20270601|0328|0524|1304|1703|2034|2222|26 Zilhicce 1448
20270602|0327|0524|1304|1704|2035|2223|27 Zilhicce 1448
20270603|0327|0524|1305|1704|2036|2224|28 Zilhicce 1448
20270604|0326|0523|1305|1704|2036|2225|29 Zilhicce 1448
20270605|0325|0523|1305|1704|2037|2226|30 Zilhicce 1448
20270606|0324|0523|1305|1705|2038|2227|1 Muharrem 1449
20270607|0324|0522|1305|1705|2038|2228|2 Muharrem 1449
20270608|0323|0522|1306|1705|2039|2229|3 Muharrem 1449
20270609|0322|0522|1306|1705|2040|2230|4 Muharrem 1449
20270610|0322|0522|1306|1706|2040|2231|5 Muharrem 1449
20270611|0321|0522|1306|1706|2041|2231|6 Muharrem 1449
20270612|0321|0521|1306|1706|2041|2232|7 Muharrem 1449
20270613|0321|0521|1307|1707|2042|2233|8 Muharrem 1449
20270614|0320|0521|1307|1707|2042|2234|9 Muharrem 1449
20270615|0320|0521|1307|1707|2043|2234|10 Muharrem 1449
20270616|0320|0521|1307|1707|2043|2235|11 Muharrem 1449
20270617|0320|0521|1307|1708|2043|2235|12 Muharrem 1449
20270618|0320|0521|1308|1708|2044|2236|13 Muharrem 1449
20270619|0320|0522|1308|1708|2044|2236|14 Muharrem 1449
20270620|0320|0522|1308|1708|2044|2236|15 Muharrem 1449
20270621|0320|0522|1308|1709|2045|2237|16 Muharrem 1449
20270622|0320|0522|1308|1709|2045|2237|17 Muharrem 1449
20270623|0321|0522|1309|1709|2045|2237|18 Muharrem 1449
20270624|0321|0523|1309|1709|2045|2237|19 Muharrem 1449
20270625|0321|0523|1309|1709|2045|2237|20 Muharrem 1449
20270626|0322|0523|1309|1710|2045|2237|21 Muharrem 1449
20270627|0322|0524|1310|1710|2045|2237|22 Muharrem 1449
20270628|0323|0524|1310|1710|2045|2237|23 Muharrem 1449
20270629|0324|0524|1310|1710|2045|2237|24 Muharrem 1449
20270630|0324|0525|1310|1710|2045|2237|25 Muharrem 1449
20270701|0325|0525|1310|1710|2045|2236|26 Muharrem 1449
20270702|0326|0526|1311|1710|2045|2236|27 Muharrem 1449
20270703|0327|0526|1311|1711|2045|2236|28 Muharrem 1449
20270704|0327|0527|1311|1711|2045|2235|29 Muharrem 1449
20270705|0328|0528|1311|1711|2045|2235|1 Safer 1449
20270706|0329|0528|1311|1711|2044|2234|2 Safer 1449
20270707|0330|0529|1311|1711|2044|2233|3 Safer 1449
20270708|0331|0529|1312|1711|2044|2233|4 Safer 1449
20270709|0332|0530|1312|1711|2043|2232|5 Safer 1449
20270710|0334|0531|1312|1711|2043|2231|6 Safer 1449
20270711|0335|0531|1312|1711|2043|2230|7 Safer 1449
20270712|0336|0532|1312|1711|2042|2230|8 Safer 1449
20270713|0337|0533|1312|1711|2042|2229|9 Safer 1449
20270714|0338|0534|1312|1711|2041|2228|10 Safer 1449
20270715|0340|0534|1313|1711|2041|2227|11 Safer 1449
20270716|0341|0535|1313|1711|2040|2226|12 Safer 1449
20270717|0342|0536|1313|1711|2039|2225|13 Safer 1449
20270718|0344|0537|1313|1711|2039|2223|14 Safer 1449
20270719|0345|0538|1313|1711|2038|2222|15 Safer 1449
20270720|0347|0539|1313|1711|2037|2221|16 Safer 1449
20270721|0348|0539|1313|1710|2037|2220|17 Safer 1449
20270722|0349|0540|1313|1710|2036|2219|18 Safer 1449
20270723|0351|0541|1313|1710|2035|2217|19 Safer 1449
20270724|0352|0542|1313|1710|2034|2216|20 Safer 1449
20270725|0354|0543|1313|1710|2033|2215|21 Safer 1449
20270726|0355|0544|1313|1709|2032|2213|22 Safer 1449
20270727|0357|0545|1313|1709|2031|2212|23 Safer 1449
20270728|0358|0546|1313|1709|2030|2210|24 Safer 1449
20270729|0400|0547|1313|1709|2030|2209|25 Safer 1449
20270730|0401|0548|1313|1708|2028|2207|26 Safer 1449
20270731|0403|0549|1313|1708|2027|2206|27 Safer 1449
20270801|0404|0550|1313|1708|2026|2204|28 Safer 1449
20270802|0406|0551|1313|1707|2025|2202|29 Safer 1449
20270803|0407|0552|1313|1707|2024|2201|1 Rebiulevvel 1449
20270804|0409|0553|1313|1706|2023|2159|2 Rebiulevvel 1449
20270805|0411|0554|1313|1706|2022|2158|3 Rebiulevvel 1449
20270806|0412|0554|1313|1706|2021|2156|4 Rebiulevvel 1449
20270807|0414|0555|1312|1705|2019|2154|5 Rebiulevvel 1449
20270808|0415|0556|1312|1705|2018|2152|6 Rebiulevvel 1449
20270809|0417|0557|1312|1704|2017|2151|7 Rebiulevvel 1449
20270810|0418|0558|1312|1704|2016|2149|8 Rebiulevvel 1449
20270811|0420|0559|1312|1703|2014|2147|9 Rebiulevvel 1449
20270812|0421|0600|1312|1702|2013|2145|10 Rebiulevvel 1449
20270813|0423|0601|1312|1702|2012|2144|11 Rebiulevvel 1449
20270814|0424|0602|1311|1701|2010|2142|12 Rebiulevvel 1449
20270815|0426|0603|1311|1701|2009|2140|13 Rebiulevvel 1449
20270816|0427|0604|1311|1700|2008|2138|14 Rebiulevvel 1449
20270817|0429|0605|1311|1659|2006|2136|15 Rebiulevvel 1449
20270818|0430|0606|1311|1659|2005|2134|16 Rebiulevvel 1449
20270819|0432|0607|1310|1658|2003|2133|17 Rebiulevvel 1449
20270820|0433|0608|1310|1657|2002|2131|18 Rebiulevvel 1449
20270821|0435|0609|1310|1657|2000|2129|19 Rebiulevvel 1449
20270822|0436|0611|1310|1656|1959|2127|20 Rebiulevvel 1449
20270823|0437|0612|1309|1655|1957|2125|21 Rebiulevvel 1449
20270824|0439|0613|1309|1654|1956|2123|22 Rebiulevvel 1449
20270825|0440|0614|1309|1653|1954|2121|23 Rebiulevvel 1449
20270826|0442|0615|1309|1653|1953|2119|24 Rebiulevvel 1449
20270827|0443|0616|1308|1652|1951|2117|25 Rebiulevvel 1449
20270828|0444|0617|1308|1651|1950|2115|26 Rebiulevvel 1449
20270829|0446|0618|1308|1650|1948|2114|27 Rebiulevvel 1449
20270830|0447|0619|1307|1649|1946|2112|28 Rebiulevvel 1449
20270831|0448|0620|1307|1648|1945|2110|29 Rebiulevvel 1449
20270901|0450|0621|1307|1647|1943|2108|30 Rebiulevvel 1449
20270902|0451|0622|1306|1646|1942|2106|1 Rebiulahir 1449
20270903|0452|0622|1306|1645|1940|2104|2 Rebiulahir 1449
20270904|0454|0623|1306|1644|1938|2102|3 Rebiulahir 1449
20270905|0455|0624|1306|1643|1937|2100|4 Rebiulahir 1449
20270906|0456|0625|1305|1642|1935|2058|5 Rebiulahir 1449
20270907|0458|0626|1305|1641|1933|2056|6 Rebiulahir 1449
20270908|0459|0627|1304|1640|1932|2054|7 Rebiulahir 1449
20270909|0500|0628|1304|1639|1930|2052|8 Rebiulahir 1449
20270910|0501|0629|1304|1638|1928|2050|9 Rebiulahir 1449
20270911|0503|0630|1303|1637|1926|2049|10 Rebiulahir 1449
20270912|0504|0631|1303|1636|1925|2047|11 Rebiulahir 1449
20270913|0505|0632|1303|1635|1923|2045|12 Rebiulahir 1449
20270914|0506|0633|1302|1634|1921|2043|13 Rebiulahir 1449
20270915|0508|0634|1302|1633|1920|2041|14 Rebiulahir 1449
20270916|0509|0635|1302|1632|1918|2039|15 Rebiulahir 1449
20270917|0510|0636|1301|1631|1916|2037|16 Rebiulahir 1449
20270918|0511|0637|1301|1629|1915|2035|17 Rebiulahir 1449
20270919|0512|0638|1301|1628|1913|2033|18 Rebiulahir 1449
20270920|0513|0639|1300|1627|1911|2032|19 Rebiulahir 1449
20270921|0515|0640|1300|1626|1909|2030|20 Rebiulahir 1449
20270922|0516|0641|1300|1625|1908|2028|21 Rebiulahir 1449
20270923|0517|0642|1259|1624|1906|2026|22 Rebiulahir 1449
20270924|0518|0643|1259|1622|1904|2024|23 Rebiulahir 1449
20270925|0519|0644|1258|1621|1903|2022|24 Rebiulahir 1449
20270926|0520|0645|1258|1620|1901|2021|25 Rebiulahir 1449
20270927|0521|0646|1258|1619|1859|2019|26 Rebiulahir 1449
20270928|0523|0648|1257|1618|1857|2017|27 Rebiulahir 1449
20270929|0524|0649|1257|1616|1856|2015|28 Rebiulahir 1449
20270930|0525|0650|1257|1615|1854|2013|29 Rebiulahir 1449
20271001|0526|0651|1256|1614|1852|2012|1 Cemaziyelevvel 1449
20271002|0527|0652|1256|1613|1851|2010|2 Cemaziyelevvel 1449
20271003|0528|0653|1256|1612|1849|2008|3 Cemaziyelevvel 1449
20271004|0529|0654|1256|1610|1847|2007|4 Cemaziyelevvel 1449
20271005|0530|0655|1255|1609|1846|2005|5 Cemaziyelevvel 1449
20271006|0531|0656|1255|1608|1844|2003|6 Cemaziyelevvel 1449
20271007|0532|0657|1255|1607|1842|2001|7 Cemaziyelevvel 1449
20271008|0533|0658|1254|1605|1841|2000|8 Cemaziyelevvel 1449
20271009|0535|0659|1254|1604|1839|1958|9 Cemaziyelevvel 1449
20271010|0536|0700|1254|1603|1837|1957|10 Cemaziyelevvel 1449
20271011|0537|0701|1253|1602|1836|1955|11 Cemaziyelevvel 1449
20271012|0538|0702|1253|1601|1834|1953|12 Cemaziyelevvel 1449
20271013|0539|0703|1253|1559|1833|1952|13 Cemaziyelevvel 1449
20271014|0540|0704|1253|1558|1831|1950|14 Cemaziyelevvel 1449
20271015|0541|0706|1252|1557|1830|1949|15 Cemaziyelevvel 1449
20271016|0542|0707|1252|1556|1828|1947|16 Cemaziyelevvel 1449
20271017|0543|0708|1252|1555|1826|1946|17 Cemaziyelevvel 1449
20271018|0544|0709|1252|1553|1825|1944|18 Cemaziyelevvel 1449
20271019|0545|0710|1252|1552|1823|1943|19 Cemaziyelevvel 1449
20271020|0546|0711|1251|1551|1822|1941|20 Cemaziyelevvel 1449
20271021|0547|0712|1251|1550|1820|1940|21 Cemaziyelevvel 1449
20271022|0548|0713|1251|1549|1819|1939|22 Cemaziyelevvel 1449
20271023|0549|0714|1251|1548|1818|1937|23 Cemaziyelevvel 1449
20271024|0550|0716|1251|1547|1816|1936|24 Cemaziyelevvel 1449
20271025|0551|0717|1251|1546|1815|1935|25 Cemaziyelevvel 1449
20271026|0553|0718|1251|1544|1813|1933|26 Cemaziyelevvel 1449
20271027|0554|0719|1250|1543|1812|1932|27 Cemaziyelevvel 1449
20271028|0555|0720|1250|1542|1811|1931|28 Cemaziyelevvel 1449
20271029|0556|0721|1250|1541|1809|1930|29 Cemaziyelevvel 1449
20271030|0557|0723|1250|1540|1808|1929|30 Cemaziyelevvel 1449
20271031|0558|0724|1250|1539|1807|1927|1 Cemaziyelahir 1449
20271101|0559|0725|1250|1538|1805|1926|2 Cemaziyelahir 1449
20271102|0600|0726|1250|1537|1804|1925|3 Cemaziyelahir 1449
20271103|0601|0727|1250|1536|1803|1924|4 Cemaziyelahir 1449
20271104|0602|0729|1250|1535|1802|1923|5 Cemaziyelahir 1449
20271105|0603|0730|1250|1534|1801|1922|6 Cemaziyelahir 1449
20271106|0604|0731|1250|1533|1759|1921|7 Cemaziyelahir 1449
20271107|0605|0732|1250|1533|1758|1920|8 Cemaziyelahir 1449
20271108|0606|0733|1250|1532|1757|1919|9 Cemaziyelahir 1449
20271109|0607|0735|1250|1531|1756|1918|10 Cemaziyelahir 1449
20271110|0608|0736|1250|1530|1755|1917|11 Cemaziyelahir 1449
20271111|0609|0737|1250|1529|1754|1916|12 Cemaziyelahir 1449
20271112|0610|0738|1251|1528|1753|1916|13 Cemaziyelahir 1449
20271113|0611|0739|1251|1528|1752|1915|14 Cemaziyelahir 1449
20271114|0612|0741|1251|1527|1751|1914|15 Cemaziyelahir 1449
20271115|0613|0742|1251|1526|1750|1913|16 Cemaziyelahir 1449
20271116|0614|0743|1251|1526|1750|1913|17 Cemaziyelahir 1449
20271117|0615|0744|1251|1525|1749|1912|18 Cemaziyelahir 1449
20271118|0616|0745|1252|1524|1748|1911|19 Cemaziyelahir 1449
20271119|0617|0746|1252|1524|1747|1911|20 Cemaziyelahir 1449
20271120|0618|0748|1252|1523|1746|1910|21 Cemaziyelahir 1449
20271121|0619|0749|1252|1523|1746|1910|22 Cemaziyelahir 1449
20271122|0620|0750|1252|1522|1745|1909|23 Cemaziyelahir 1449
20271123|0621|0751|1253|1522|1744|1909|24 Cemaziyelahir 1449
20271124|0622|0752|1253|1521|1744|1908|25 Cemaziyelahir 1449
20271125|0623|0753|1253|1521|1743|1908|26 Cemaziyelahir 1449
20271126|0624|0754|1254|1521|1743|1908|27 Cemaziyelahir 1449
20271127|0625|0756|1254|1520|1742|1907|28 Cemaziyelahir 1449
20271128|0626|0757|1254|1520|1742|1907|29 Cemaziyelahir 1449
20271129|0627|0758|1255|1520|1741|1907|1 Recep 1449
20271130|0628|0759|1255|1519|1741|1906|2 Recep 1449
20271201|0629|0800|1255|1519|1741|1906|3 Recep 1449
20271202|0630|0801|1256|1519|1741|1906|4 Recep 1449
20271203|0631|0802|1256|1519|1740|1906|5 Recep 1449
20271204|0632|0803|1256|1519|1740|1906|6 Recep 1449
20271205|0632|0804|1257|1519|1740|1906|7 Recep 1449
20271206|0633|0805|1257|1519|1740|1906|8 Recep 1449
20271207|0634|0806|1258|1519|1740|1906|9 Recep 1449
20271208|0635|0807|1258|1519|1740|1906|10 Recep 1449
20271209|0636|0808|1259|1519|1740|1906|11 Recep 1449
20271210|0636|0808|1259|1519|1740|1906|12 Recep 1449
20271211|0637|0809|1259|1519|1740|1906|13 Recep 1449
20271212|0638|0810|1300|1519|1740|1906|14 Recep 1449
20271213|0639|0811|1300|1519|1740|1907|15 Recep 1449
20271214|0639|0812|1301|1519|1740|1907|16 Recep 1449
20271215|0640|0812|1301|1520|1740|1907|17 Recep 1449
20271216|0641|0813|1302|1520|1741|1907|18 Recep 1449
20271217|0641|0814|1302|1520|1741|1908|19 Recep 1449
20271218|0642|0814|1303|1521|1741|1908|20 Recep 1449
20271219|0642|0815|1303|1521|1742|1909|21 Recep 1449
20271220|0643|0816|1304|1521|1742|1909|22 Recep 1449
20271221|0644|0816|1304|1522|1742|1909|23 Recep 1449
20271222|0644|0817|1305|1522|1743|1910|24 Recep 1449
20271223|0645|0817|1305|1523|1743|1910|25 Recep 1449
20271224|0645|0818|1306|1523|1744|1911|26 Recep 1449
20271225|0645|0818|1306|1524|1744|1912|27 Recep 1449
20271226|0646|0818|1307|1525|1745|1912|28 Recep 1449
20271227|0646|0819|1307|1525|1746|1913|29 Recep 1449
20271228|0647|0819|1308|1526|1746|1913|30 Recep 1449
20271229|0647|0819|1308|1527|1747|1914|1 Şaban 1449
20271230|0647|0820|1309|1527|1748|1915|2 Şaban 1449
20271231|0647|0820|1309|1528|1749|1915|3 Şaban 1449
#@9548|Silivri|ISTANBUL|730
20260101|0653|0825|1315|1535|1756|1922|12 Recep 1447
20260102|0653|0825|1316|1536|1756|1923|13 Recep 1447
20260103|0654|0825|1316|1536|1757|1924|14 Recep 1447
20260104|0654|0825|1317|1537|1758|1924|15 Recep 1447
20260105|0654|0825|1317|1538|1759|1925|16 Recep 1447
20260106|0654|0825|1318|1539|1800|1926|17 Recep 1447
20260107|0654|0825|1318|1540|1801|1927|18 Recep 1447
20260108|0654|0825|1319|1541|1802|1928|19 Recep 1447
20260109|0654|0825|1319|1542|1803|1929|20 Recep 1447
20260110|0654|0825|1319|1543|1804|1930|21 Recep 1447
20260111|0654|0824|1320|1544|1805|1931|22 Recep 1447
20260112|0653|0824|1320|1544|1806|1931|23 Recep 1447
20260113|0653|0824|1321|1545|1807|1932|24 Recep 1447
20260114|0653|0824|1321|1546|1808|1933|25 Recep 1447
20260115|0653|0823|1321|1547|1809|1934|26 Recep 1447
20260116|0653|0823|1322|1548|1811|1935|27 Recep 1447
20260117|0652|0822|1322|1549|1812|1936|28 Recep 1447
20260118|0652|0822|1322|1550|1813|1937|29 Recep 1447
20260119|0652|0821|1323|1551|1814|1938|30 Recep 1447
20260120|0651|0821|1323|1552|1815|1939|1 Şaban 1447
20260121|0651|0820|1323|1553|1816|1940|2 Şaban 1447
20260122|0650|0819|1323|1555|1818|1941|3 Şaban 1447
20260123|0650|0819|1324|1556|1819|1942|4 Şaban 1447
20260124|0649|0818|1324|1557|1820|1943|5 Şaban 1447
20260125|0649|0817|1324|1558|1821|1945|6 Şaban 1447
20260126|0648|0816|1324|1559|1822|1946|7 Şaban 1447
20260127|0647|0816|1325|1600|1824|1947|8 Şaban 1447
20260128|0647|0815|1325|1601|1825|1948|9 Şaban 1447
20260129|0646|0814|1325|1602|1826|1949|10 Şaban 1447
20260130|0645|0813|1325|1603|1827|1950|11 Şaban 1447
20260131|0645|0812|1325|1604|1829|1951|12 Şaban 1447
20260201|0644|0811|1326|1605|1830|1952|13 Şaban 1447
20260202|0643|0810|1326|1606|1831|1953|14 Şaban 1447
20260203|0642|0809|1326|1607|1832|1954|15 Şaban 1447
20260204|0641|0808|1326|1608|1834|1955|16 Şaban 1447
20260205|0640|0807|1326|1609|1835|1956|17 Şaban 1447
20260206|0639|0806|1326|1610|1836|1957|18 Şaban 1447
20260207|0638|0805|1326|1611|1837|1959|19 Şaban 1447
20260208|0637|0804|1326|1612|1839|2000|20 Şaban 1447
20260209|0636|0803|1326|1613|1840|2001|21 Şaban 1447
20260210|0635|0801|1326|1614|1841|2002|22 Şaban 1447
20260211|0634|0800|1326|1615|1842|2003|23 Şaban 1447
20260212|0633|0759|1326|1616|1844|2004|24 Şaban 1447
20260213|0632|0758|1326|1617|1845|2005|25 Şaban 1447
20260214|0631|0756|1326|1618|1846|2006|26 Şaban 1447
20260215|0630|0755|1326|1619|1847|2007|27 Şaban 1447
20260216|0628|0754|1326|1620|1849|2009|28 Şaban 1447
20260217|0627|0752|1326|1621|1850|2010|29 Şaban 1447
20260218|0626|0751|1326|1622|1851|2011|30 Şaban 1447
20260219|0625|0750|1326|1623|1852|2012|1 Ramazan 1447
20260220|0623|0748|1326|1623|1853|2013|2 Ramazan 1447
20260221|0622|0747|1326|1624|1855|2014|3 Ramazan 1447
20260222|0621|0745|1326|1625|1856|2015|4 Ramazan 1447
20260223|0619|0744|1325|1626|1857|2016|5 Ramazan 1447
20260224|0618|0742|1325|1627|1858|2017|6 Ramazan 1447
20260225|0616|0741|1325|1628|1859|2019|7 Ramazan 1447
20260226|0615|0739|1325|1629|1901|2020|8 Ramazan 1447
20260227|0614|0738|1325|1629|1902|2021|9 Ramazan 1447
20260228|0612|0736|1325|1630|1903|2022|10 Ramazan 1447
20260301|0611|0735|1324|1631|1904|2023|11 Ramazan 1447
20260302|0609|0733|1324|1632|1905|2024|12 Ramazan 1447
20260303|0607|0732|1324|1632|1906|2025|13 Ramazan 1447
20260304|0606|0730|1324|1633|1907|2026|14 Ramazan 1447
20260305|0604|0729|1324|1634|1909|2028|15 Ramazan 1447
20260306|0603|0727|1323|1635|1910|2029|16 Ramazan 1447
20260307|0601|0725|1323|1635|1911|2030|17 Ramazan 1447
20260308|0559|0724|1323|1636|1912|2031|18 Ramazan 1447
20260309|0558|0722|1323|1637|1913|2032|19 Ramazan 1447
20260310|0556|0721|1322|1637|1914|2033|20 Ramazan 1447
20260311|0555|0719|1322|1638|1915|2034|21 Ramazan 1447
20260312|0553|0717|1322|1639|1916|2036|22 Ramazan 1447
20260313|0551|0716|1322|1639|1918|2037|23 Ramazan 1447
20260314|0549|0714|1321|1640|1919|2038|24 Ramazan 1447
20260315|0548|0712|1321|1641|1920|2039|25 Ramazan 1447
20260316|0546|0711|1321|1641|1921|2040|26 Ramazan 1447
20260317|0544|0709|1321|1642|1922|2041|27 Ramazan 1447
20260318|0542|0707|1320|1642|1923|2043|28 Ramazan 1447
20260319|0541|0706|1320|1643|1924|2044|29 Ramazan 1447
20260320|0539|0704|1320|1643|1925|2045|1 Şevval 1447
20260321|0537|0702|1319|1644|1926|2046|2 Şevval 1447
20260322|0535|0701|1319|1644|1927|2047|3 Şevval 1447
20260323|0533|0659|1319|1645|1928|2049|4 Şevval 1447
20260324|0532|0657|1318|1646|1930|2050|5 Şevval 1447
20260325|0530|0656|1318|1646|1931|2051|6 Şevval 1447
20260326|0528|0654|1318|1647|1932|2052|7 Şevval 1447
20260327|0526|0652|1318|1647|1933|2054|8 Şevval 1447
20260328|0524|0651|1317|1647|1934|2055|9 Şevval 1447
20260329|0522|0649|1317|1648|1935|2056|10 Şevval 1447
20260330|0520|0647|1317|1648|1936|2057|11 Şevval 1447
20260331|0518|0646|1316|1649|1937|2059|12 Şevval 1447
20260401|0517|0644|1316|1649|1938|2100|13 Şevval 1447
20260402|0515|0642|1316|1650|1939|2101|14 Şevval 1447
20260403|0513|0641|1315|1650|1940|2102|15 Şevval 1447
20260404|0511|0639|1315|1651|1941|2104|16 Şevval 1447
20260405|0509|0637|1315|1651|1942|2105|17 Şevval 1447
20260406|0507|0636|1315|1651|1943|2106|18 Şevval 1447
20260407|0505|0634|1314|1652|1945|2108|19 Şevval 1447
20260408|0503|0633|1314|1652|1946|2109|20 Şevval 1447
20260409|0501|0631|1314|1653|1947|2110|21 Şevval 1447
20260410|0459|0629|1313|1653|1948|2112|22 Şevval 1447
20260411|0457|0628|1313|1653|1949|2113|23 Şevval 1447
20260412|0455|0626|1313|1654|1950|2114|24 Şevval 1447
20260413|0454|0625|1313|1654|1951|2116|25 Şevval 1447
20260414|0452|0623|1312|1654|1952|2117|26 Şevval 1447
20260415|0450|0621|1312|1655|1953|2119|27 Şevval 1447
20260416|0448|0620|1312|1655|1954|2120|28 Şevval 1447
20260417|0446|0618|1312|1655|1955|2121|29 Şevval 1447
20260418|0444|0617|1312|1656|1956|2123|1 Zilkade 1447
20260419|0442|0615|1311|1656|1957|2124|2 Zilkade 1447
20260420|0440|0614|1311|1656|1958|2126|3 Zilkade 1447
20260421|0438|0612|1311|1657|1959|2127|4 Zilkade 1447
20260422|0436|0611|1311|1657|2000|2129|5 Zilkade 1447
20260423|0434|0609|1310|1657|2002|2130|6 Zilkade 1447
20260424|0433|0608|1310|1658|2003|2132|7 Zilkade 1447
20260425|0431|0607|1310|1658|2004|2133|8 Zilkade 1447
20260426|0429|0605|1310|1658|2005|2134|9 Zilkade 1447
20260427|0427|0604|1310|1659|2006|2136|10 Zilkade 1447
20260428|0425|0602|1310|1659|2007|2137|11 Zilkade 1447
20260429|0423|0601|1309|1659|2008|2139|12 Zilkade 1447
20260430|0421|0600|1309|1659|2009|2140|13 Zilkade 1447
20260501|0420|0558|1309|1700|2010|2142|14 Zilkade 1447
20260502|0418|0557|1309|1700|2011|2144|15 Zilkade 1447
20260503|0416|0556|1309|1700|2012|2145|16 Zilkade 1447
20260504|0414|0555|1309|1701|2013|2147|17 Zilkade 1447
20260505|0412|0553|1309|1701|2014|2148|18 Zilkade 1447
20260506|0411|0552|1309|1701|2015|2150|19 Zilkade 1447
20260507|0409|0551|1309|1701|2016|2151|20 Zilkade 1447
20260508|0407|0550|1309|1702|2017|2153|21 Zilkade 1447
20260509|0406|0549|1309|1702|2018|2154|22 Zilkade 1447
20260510|0404|0548|1308|1702|2019|2156|23 Zilkade 1447
20260511|0402|0547|1308|1703|2020|2157|24 Zilkade 1447
20260512|0401|0545|1308|1703|2021|2159|25 Zilkade 1447
20260513|0359|0544|1308|1703|2022|2200|26 Zilkade 1447
20260514|0357|0543|1308|1703|2023|2202|27 Zilkade 1447
20260515|0356|0542|1308|1704|2024|2203|28 Zilkade 1447
20260516|0354|0541|1308|1704|2025|2205|29 Zilkade 1447
20260517|0353|0541|1308|1704|2026|2206|30 Zilkade 1447
20260518|0351|0540|1308|1705|2027|2208|1 Zilhicce 1447
20260519|0350|0539|1309|1705|2028|2209|2 Zilhicce 1447
20260520|0349|0538|1309|1705|2029|2211|3 Zilhicce 1447
20260521|0347|0537|1309|1705|2030|2212|4 Zilhicce 1447
20260522|0346|0536|1309|1706|2031|2214|5 Zilhicce 1447
20260523|0344|0536|1309|1706|2032|2215|6 Zilhicce 1447
20260524|0343|0535|1309|1706|2033|2216|7 Zilhicce 1447
20260525|0342|0534|1309|1707|2034|2218|8 Zilhicce 1447
20260526|0341|0533|1309|1707|2035|2219|9 Zilhicce 1447
20260527|0340|0533|1309|1707|2036|2220|10 Zilhicce 1447
20260528|0338|0532|1309|1707|2036|2222|11 Zilhicce 1447
20260529|0337|0532|1309|1708|2037|2223|12 Zilhicce 1447
20260530|0336|0531|1310|1708|2038|2224|13 Zilhicce 1447
20260531|0335|0531|1310|1708|2039|2225|14 Zilhicce 1447
20260601|0334|0530|1310|1709|2040|2227|15 Zilhicce 1447
20260602|0333|0530|1310|1709|2040|2228|16 Zilhicce 1447
20260603|0333|0529|1310|1709|2041|2229|17 Zilhicce 1447
20260604|0332|0529|1310|1709|2042|2230|18 Zilhicce 1447
20260605|0331|0529|1310|1710|2042|2231|19 Zilhicce 1447
20260606|0330|0528|1311|1710|2043|2232|20 Zilhicce 1447
20260607|0330|0528|1311|1710|2044|2233|21 Zilhicce 1447
20260608|0329|0528|1311|1711|2044|2234|22 Zilhicce 1447
20260609|0329|0528|1311|1711|2045|2235|23 Zilhicce 1447
20260610|0328|0527|1311|1711|2045|2236|24 Zilhicce 1447
20260611|0328|0527|1312|1711|2046|2236|25 Zilhicce 1447
20260612|0327|0527|1312|1712|2047|2237|26 Zilhicce 1447
20260613|0327|0527|1312|1712|2047|2238|27 Zilhicce 1447
20260614|0327|0527|1312|1712|2047|2238|28 Zilhicce 1447
20260615|0327|0527|1312|1712|2048|2239|29 Zilhicce 1447
20260616|0326|0527|1313|1713|2048|2240|1 Muharrem 1448
20260617|0326|0527|1313|1713|2049|2240|2 Muharrem 1448
20260618|0326|0527|1313|1713|2049|2241|3 Muharrem 1448
20260619|0326|0527|1313|1713|2049|2241|4 Muharrem 1448
20260620|0326|0528|1314|1714|2050|2241|5 Muharrem 1448
20260621|0327|0528|1314|1714|2050|2241|6 Muharrem 1448
20260622|0327|0528|1314|1714|2050|2242|7 Muharrem 1448
20260623|0327|0528|1314|1714|2050|2242|8 Muharrem 1448
20260624|0328|0529|1314|1714|2050|2242|9 Muharrem 1448
20260625|0328|0529|1315|1715|2050|2242|10 Muharrem 1448
20260626|0328|0529|1315|1715|2051|2242|11 Muharrem 1448
20260627|0329|0530|1315|1715|2051|2242|12 Muharrem 1448
20260628|0329|0530|1315|1715|2051|2242|13 Muharrem 1448
20260629|0330|0530|1315|1715|2051|2242|14 Muharrem 1448
20260630|0331|0531|1316|1715|2051|2241|15 Muharrem 1448
20260701|0331|0531|1316|1716|2050|2241|16 Muharrem 1448
20260702|0332|0532|1316|1716|2050|2241|17 Muharrem 1448
20260703|0333|0532|1316|1716|2050|2240|18 Muharrem 1448
20260704|0334|0533|1316|1716|2050|2240|19 Muharrem 1448
20260705|0335|0534|1317|1716|2050|2239|20 Muharrem 1448
20260706|0336|0534|1317|1716|2049|2239|21 Muharrem 1448
20260707|0337|0535|1317|1716|2049|2238|22 Muharrem 1448
20260708|0338|0535|1317|1716|2049|2237|23 Muharrem 1448
20260709|0339|0536|1317|1716|2049|2237|24 Muharrem 1448
20260710|0340|0537|1317|1716|2048|2236|25 Muharrem 1448
20260711|0341|0537|1318|1716|2048|2235|26 Muharrem 1448
20260712|0342|0538|1318|1716|2047|2234|27 Muharrem 1448
20260713|0344|0539|1318|1716|2047|2233|28 Muharrem 1448
20260714|0345|0540|1318|1716|2046|2232|29 Muharrem 1448
20260715|0346|0540|1318|1716|2046|2231|1 Safer 1448
20260716|0348|0541|1318|1716|2045|2230|2 Safer 1448
20260717|0349|0542|1318|1716|2044|2229|3 Safer 1448
20260718|0350|0543|1318|1716|2044|2228|4 Safer 1448
20260719|0352|0544|1318|1716|2043|2227|5 Safer 1448
20260720|0353|0545|1318|1716|2042|2226|6 Safer 1448
20260721|0354|0545|1318|1716|2042|2224|7 Safer 1448
20260722|0356|0546|1319|1716|2041|2223|8 Safer 1448
20260723|0357|0547|1319|1715|2040|2222|9 Safer 1448
20260724|0359|0548|1319|1715|2039|2220|10 Safer 1448
20260725|0400|0549|1319|1715|2038|2219|11 Safer 1448
20260726|0402|0550|1319|1715|2037|2218|12 Safer 1448
20260727|0403|0551|1319|1714|2036|2216|13 Safer 1448
20260728|0405|0552|1319|1714|2035|2215|14 Safer 1448
20260729|0406|0553|1319|1714|2034|2213|15 Safer 1448
20260730|0408|0554|1319|1714|2033|2212|16 Safer 1448
20260731|0409|0555|1318|1713|2032|2210|17 Safer 1448
20260801|0411|0556|1318|1713|2031|2209|18 Safer 1448
20260802|0412|0557|1318|1712|2030|2207|19 Safer 1448
20260803|0414|0558|1318|1712|2029|2205|20 Safer 1448
20260804|0415|0558|1318|1712|2028|2204|21 Safer 1448
20260805|0417|0559|1318|1711|2027|2202|22 Safer 1448
20260806|0418|0600|1318|1711|2026|2200|23 Safer 1448
20260807|0420|0601|1318|1710|2024|2159|24 Safer 1448
20260808|0422|0602|1318|1710|2023|2157|25 Safer 1448
20260809|0423|0603|1318|1709|2022|2155|26 Safer 1448
20260810|0425|0604|1318|1709|2021|2154|27 Safer 1448
20260811|0426|0605|1317|1708|2019|2152|28 Safer 1448
20260812|0428|0606|1317|1708|2018|2150|29 Safer 1448
20260813|0429|0607|1317|1707|2017|2148|30 Safer 1448
20260814|0431|0608|1317|1707|2015|2146|1 Rebiulevvel 1448
20260815|0432|0609|1317|1706|2014|2145|2 Rebiulevvel 1448
20260816|0434|0610|1316|1705|2013|2143|3 Rebiulevvel 1448
20260817|0435|0611|1316|1705|2011|2141|4 Rebiulevvel 1448
20260818|0436|0612|1316|1704|2010|2139|5 Rebiulevvel 1448
20260819|0438|0613|1316|1703|2008|2137|6 Rebiulevvel 1448
20260820|0439|0614|1316|1702|2007|2135|7 Rebiulevvel 1448
20260821|0441|0615|1315|1702|2005|2133|8 Rebiulevvel 1448
20260822|0442|0616|1315|1701|2004|2132|9 Rebiulevvel 1448
20260823|0444|0617|1315|1700|2002|2130|10 Rebiulevvel 1448
20260824|0445|0618|1315|1659|2001|2128|11 Rebiulevvel 1448
20260825|0446|0619|1314|1659|1959|2126|12 Rebiulevvel 1448
20260826|0448|0620|1314|1658|1958|2124|13 Rebiulevvel 1448
20260827|0449|0621|1314|1657|1956|2122|14 Rebiulevvel 1448
20260828|0451|0622|1313|1656|1955|2120|15 Rebiulevvel 1448
20260829|0452|0623|1313|1655|1953|2118|16 Rebiulevvel 1448
20260830|0453|0624|1313|1654|1951|2116|17 Rebiulevvel 1448
20260831|0455|0625|1313|1653|1950|2114|18 Rebiulevvel 1448
20260901|0456|0626|1312|1652|1948|2113|19 Rebiulevvel 1448
20260902|0457|0627|1312|1652|1946|2111|20 Rebiulevvel 1448
20260903|0459|0628|1312|1651|1945|2109|21 Rebiulevvel 1448
20260904|0500|0629|1311|1650|1943|2107|22 Rebiulevvel 1448
20260905|0501|0630|1311|1649|1942|2105|23 Rebiulevvel 1448
20260906|0502|0631|1311|1648|1940|2103|24 Rebiulevvel 1448
20260907|0504|0632|1310|1647|1938|2101|25 Rebiulevvel 1448
20260908|0505|0633|1310|1646|1937|2059|26 Rebiulevvel 1448
20260909|0506|0634|1310|1645|1935|2057|27 Rebiulevvel 1448
20260910|0507|0635|1309|1643|1933|2055|28 Rebiulevvel 1448
20260911|0509|0636|1309|1642|1932|2053|29 Rebiulevvel 1448
20260912|0510|0637|1309|1641|1930|2051|1 Rebiulahir 1448
20260913|0511|0638|1308|1640|1928|2050|2 Rebiulahir 1448
20260914|0512|0639|1308|1639|1926|2048|3 Rebiulahir 1448
20260915|0514|0640|1307|1638|1925|2046|4 Rebiulahir 1448
20260916|0515|0641|1307|1637|1923|2044|5 Rebiulahir 1448
20260917|0516|0642|1307|1636|1921|2042|6 Rebiulahir 1448
20260918|0517|0643|1306|1635|1920|2040|7 Rebiulahir 1448
20260919|0518|0644|1306|1634|1918|2038|8 Rebiulahir 1448
20260920|0519|0645|1306|1632|1916|2036|9 Rebiulahir 1448
20260921|0521|0646|1305|1631|1914|2035|10 Rebiulahir 1448
20260922|0522|0647|1305|1630|1913|2033|11 Rebiulahir 1448
20260923|0523|0648|1305|1629|1911|2031|12 Rebiulahir 1448
20260924|0524|0649|1304|1628|1909|2029|13 Rebiulahir 1448
20260925|0525|0650|1304|1626|1908|2027|14 Rebiulahir 1448
20260926|0526|0651|1304|1625|1906|2025|15 Rebiulahir 1448
20260927|0527|0652|1303|1624|1904|2024|16 Rebiulahir 1448
20260928|0528|0653|1303|1623|1903|2022|17 Rebiulahir 1448
20260929|0530|0654|1303|1622|1901|2020|18 Rebiulahir 1448
20260930|0531|0655|1302|1620|1859|2018|19 Rebiulahir 1448
20261001|0532|0656|1302|1619|1857|2017|20 Rebiulahir 1448
20261002|0533|0657|1302|1618|1856|2015|21 Rebiulahir 1448
20261003|0534|0658|1301|1617|1854|2013|22 Rebiulahir 1448
20261004|0535|0659|1301|1616|1852|2012|23 Rebiulahir 1448
20261005|0536|0700|1301|1614|1851|2010|24 Rebiulahir 1448
20261006|0537|0702|1300|1613|1849|2008|25 Rebiulahir 1448
20261007|0538|0703|1300|1612|1847|2006|26 Rebiulahir 1448
20261008|0539|0704|1300|1611|1846|2005|27 Rebiulahir 1448
20261009|0540|0705|1259|1610|1844|2003|28 Rebiulahir 1448
20261010|0541|0706|1259|1608|1843|2002|29 Rebiulahir 1448
20261011|0542|0707|1259|1607|1841|2000|30 Rebiulahir 1448
20261012|0544|0708|1259|1606|1839|1958|1 Cemaziyelevvel 1448
20261013|0545|0709|1258|1605|1838|1957|2 Cemaziyelevvel 1448
20261014|0546|0710|1258|1604|1836|1955|3 Cemaziyelevvel 1448
20261015|0547|0711|1258|1602|1835|1954|4 Cemaziyelevvel 1448
20261016|0548|0712|1258|1601|1833|1952|5 Cemaziyelevvel 1448
20261017|0549|0713|1257|1600|1832|1951|6 Cemaziyelevvel 1448
20261018|0550|0714|1257|1559|1830|1949|7 Cemaziyelevvel 1448
20261019|0551|0716|1257|1558|1829|1948|8 Cemaziyelevvel 1448
20261020|0552|0717|1257|1557|1827|1947|9 Cemaziyelevvel 1448
20261021|0553|0718|1257|1555|1826|1945|10 Cemaziyelevvel 1448
20261022|0554|0719|1257|1554|1824|1944|11 Cemaziyelevvel 1448
20261023|0555|0720|1256|1553|1823|1943|12 Cemaziyelevvel 1448
20261024|0556|0721|1256|1552|1821|1941|13 Cemaziyelevvel 1448
20261025|0557|0722|1256|1551|1820|1940|14 Cemaziyelevvel 1448
20261026|0558|0724|1256|1550|1819|1939|15 Cemaziyelevvel 1448
20261027|0559|0725|1256|1549|1817|1937|16 Cemaziyelevvel 1448
20261028|0600|0726|1256|1548|1816|1936|17 Cemaziyelevvel 1448
20261029|0601|0727|1256|1547|1815|1935|18 Cemaziyelevvel 1448
20261030|0602|0728|1256|1546|1813|1934|19 Cemaziyelevvel 1448
20261031|0603|0729|1256|1545|1812|1933|20 Cemaziyelevvel 1448
20261101|0605|0731|1256|1544|1811|1931|21 Cemaziyelevvel 1448
20261102|0606|0732|1256|1543|1810|1930|22 Cemaziyelevvel 1448
20261103|0607|0733|1256|1542|1808|1929|23 Cemaziyelevvel 1448
20261104|0608|0734|1256|1541|1807|1928|24 Cemaziyelevvel 1448
20261105|0609|0735|1256|1540|1806|1927|25 Cemaziyelevvel 1448
20261106|0610|0736|1256|1539|1805|1926|26 Cemaziyelevvel 1448
20261107|0611|0738|1256|1538|1804|1925|27 Cemaziyelevvel 1448
20261108|0612|0739|1256|1537|1803|1924|28 Cemaziyelevvel 1448
20261109|0613|0740|1256|1536|1802|1924|29 Cemaziyelevvel 1448
20261110|0614|0741|1256|1536|1801|1923|1 Cemaziyelahir 1448
20261111|0615|0742|1256|1535|1800|1922|2 Cemaziyelahir 1448
20261112|0616|0744|1256|1534|1759|1921|3 Cemaziyelahir 1448
20261113|0617|0745|1256|1533|1758|1920|4 Cemaziyelahir 1448
20261114|0618|0746|1256|1533|1757|1919|5 Cemaziyelahir 1448
20261115|0619|0747|1257|1532|1756|1919|6 Cemaziyelahir 1448
20261116|0620|0748|1257|1531|1755|1918|7 Cemaziyelahir 1448
20261117|0621|0750|1257|1531|1754|1917|8 Cemaziyelahir 1448
20261118|0622|0751|1257|1530|1753|1917|9 Cemaziyelahir 1448
20261119|0623|0752|1257|1529|1753|1916|10 Cemaziyelahir 1448
20261120|0624|0753|1258|1529|1752|1916|11 Cemaziyelahir 1448
20261121|0625|0754|1258|1528|1751|1915|12 Cemaziyelahir 1448
20261122|0626|0755|1258|1528|1751|1915|13 Cemaziyelahir 1448
20261123|0627|0757|1258|1527|1750|1914|14 Cemaziyelahir 1448
20261124|0628|0758|1259|1527|1750|1914|15 Cemaziyelahir 1448
20261125|0629|0759|1259|1527|1749|1913|16 Cemaziyelahir 1448
20261126|0630|0800|1259|1526|1748|1913|17 Cemaziyelahir 1448
20261127|0631|0801|1259|1526|1748|1913|18 Cemaziyelahir 1448
20261128|0632|0802|1300|1526|1748|1913|19 Cemaziyelahir 1448
20261129|0633|0803|1300|1525|1747|1912|20 Cemaziyelahir 1448
20261130|0634|0804|1301|1525|1747|1912|21 Cemaziyelahir 1448
20261201|0634|0805|1301|1525|1747|1912|22 Cemaziyelahir 1448
20261202|0635|0806|1301|1525|1746|1912|23 Cemaziyelahir 1448
20261203|0636|0807|1302|1525|1746|1912|24 Cemaziyelahir 1448
20261204|0637|0808|1302|1524|1746|1912|25 Cemaziyelahir 1448
20261205|0638|0809|1302|1524|1746|1911|26 Cemaziyelahir 1448
20261206|0639|0810|1303|1524|1746|1911|27 Cemaziyelahir 1448
20261207|0640|0811|1303|1524|1745|1912|28 Cemaziyelahir 1448
20261208|0640|0812|1304|1524|1745|1912|29 Cemaziyelahir 1448
20261209|0641|0813|1304|1524|1745|1912|30 Cemaziyelahir 1448
20261210|0642|0814|1305|1525|1745|1912|1 Recep 1448
20261211|0643|0815|1305|1525|1745|1912|2 Recep 1448
20261212|0643|0815|1306|1525|1746|1912|3 Recep 1448
20261213|0644|0816|1306|1525|1746|1912|4 Recep 1448
20261214|0645|0817|1306|1525|1746|1913|5 Recep 1448
20261215|0646|0818|1307|1526|1746|1913|6 Recep 1448
20261216|0646|0818|1307|1526|1746|1913|7 Recep 1448
20261217|0647|0819|1308|1526|1747|1914|8 Recep 1448
20261218|0647|0820|1308|1527|1747|1914|9 Recep 1448
20261219|0648|0820|1309|1527|1747|1914|10 Recep 1448
20261220|0649|0821|1309|1527|1748|1915|11 Recep 1448
20261221|0649|0821|1310|1528|1748|1915|12 Recep 1448
20261222|0650|0822|1310|1528|1749|1916|13 Recep 1448
20261223|0650|0822|1311|1529|1749|1916|14 Recep 1448
20261224|0650|0823|1311|1529|1750|1917|15 Recep 1448
20261225|0651|0823|1312|1530|1750|1917|16 Recep 1448
20261226|0651|0824|1312|1531|1751|1918|17 Recep 1448
20261227|0652|0824|1313|1531|1752|1919|18 Recep 1448
20261228|0652|0824|1313|1532|1752|1919|19 Recep 1448
20261229|0652|0825|1314|1532|1753|1920|20 Recep 1448
20261230|0653|0825|1314|1533|1754|1921|21 Recep 1448
20261231|0653|0825|1315|1534|1755|1921|22 Recep 1448
20270101|0653|0825|1315|1535|1755|1922|23 Recep 1448
20270102|0653|0825|1316|1535|1756|1923|24 Recep 1448
20270103|0653|0825|1316|1536|1757|1923|25 Recep 1448
20270104|0654|0825|1317|1537|1758|1924|26 Recep 1448
20270105|0654|0825|1317|1538|1759|1925|27 Recep 1448
20270106|0654|0825|1318|1539|1800|1926|28 Recep 1448
20270107|0654|0825|1318|1540|1801|1927|29 Recep 1448
20270108|0654|0825|1318|1541|1802|1928|30 Recep 1448
20270109|0654|0825|1319|1541|1803|1929|1 Şaban 1448
20270110|0654|0825|1319|1542|1804|1929|2 Şaban 1448
20270111|0654|0825|1320|1543|1805|1930|3 Şaban 1448
20270112|0653|0824|1320|1544|1806|1931|4 Şaban 1448
20270113|0653|0824|1320|1545|1807|1932|5 Şaban 1448
20270114|0653|0824|1321|1546|1808|1933|6 Şaban 1448
20270115|0653|0823|1321|1547|1809|1934|7 Şaban 1448
20270116|0653|0823|1322|1548|1810|1935|8 Şaban 1448
20270117|0652|0822|1322|1549|1811|1936|9 Şaban 1448
20270118|0652|0822|1322|1550|1813|1937|10 Şaban 1448
20270119|0652|0821|1323|1551|1814|1938|11 Şaban 1448
20270120|0651|0821|1323|1552|1815|1939|12 Şaban 1448
20270121|0651|0820|1323|1553|1816|1940|13 Şaban 1448
20270122|0650|0820|1323|1554|1817|1941|14 Şaban 1448
20270123|0650|0819|1324|1555|1819|1942|15 Şaban 1448
20270124|0649|0818|1324|1556|1820|1943|16 Şaban 1448
20270125|0649|0817|1324|1557|1821|1944|17 Şaban 1448
20270126|0648|0817|1324|1558|1822|1945|18 Şaban 1448
20270127|0648|0816|1325|1600|1823|1946|19 Şaban 1448
20270128|0647|0815|1325|1601|1825|1947|20 Şaban 1448
20270129|0646|0814|1325|1602|1826|1949|21 Şaban 1448
20270130|0645|0813|1325|1603|1827|1950|22 Şaban 1448
20270131|0645|0812|1325|1604|1828|1951|23 Şaban 1448
20270201|0644|0811|1326|1605|1830|1952|24 Şaban 1448
20270202|0643|0810|1326|1606|1831|1953|25 Şaban 1448
20270203|0642|0809|1326|1607|1832|1954|26 Şaban 1448
20270204|0641|0808|1326|1608|1833|1955|27 Şaban 1448
20270205|0640|0807|1326|1609|1835|1956|28 Şaban 1448
20270206|0640|0806|1326|1610|1836|1957|29 Şaban 1448
20270207|0639|0805|1326|1611|1837|1958|30 Şaban 1448
20270208|0638|0804|1326|1612|1838|1959|1 Ramazan 1448
20270209|0637|0803|1326|1613|1840|2001|2 Ramazan 1448
20270210|0636|0802|1326|1614|1841|2002|3 Ramazan 1448
20270211|0634|0800|1326|1615|1842|2003|4 Ramazan 1448
20270212|0633|0759|1326|1616|1843|2004|5 Ramazan 1448
20270213|0632|0758|1326|1617|1845|2005|6 Ramazan 1448
20270214|0631|0757|1326|1618|1846|2006|7 Ramazan 1448
20270215|0630|0755|1326|1619|1847|2007|8 Ramazan 1448
20270216|0629|0754|1326|1620|1848|2008|9 Ramazan 1448
20270217|0627|0753|1326|1621|1849|2009|10 Ramazan 1448
20270218|0626|0751|1326|1621|1851|2011|11 Ramazan 1448
20270219|0625|0750|1326|1622|1852|2012|12 Ramazan 1448
20270220|0624|0749|1326|1623|1853|2013|13 Ramazan 1448
20270221|0622|0747|1326|1624|1854|2014|14 Ramazan 1448
20270222|0621|0746|1326|1625|1856|2015|15 Ramazan 1448
20270223|0620|0744|1325|1626|1857|2016|16 Ramazan 1448
20270224|0618|0743|1325|1627|1858|2017|17 Ramazan 1448
20270225|0617|0741|1325|1627|1859|2018|18 Ramazan 1448
20270226|0615|0740|1325|1628|1900|2019|19 Ramazan 1448
20270227|0614|0738|1325|1629|1901|2021|20 Ramazan 1448
20270228|0612|0737|1325|1630|1903|2022|21 Ramazan 1448
20270301|0611|0735|1324|1631|1904|2023|22 Ramazan 1448
20270302|0609|0734|1324|1631|1905|2024|23 Ramazan 1448
20270303|0608|0732|1324|1632|1906|2025|24 Ramazan 1448
20270304|0606|0731|1324|1633|1907|2026|25 Ramazan 1448
20270305|0605|0729|1324|1634|1908|2027|26 Ramazan 1448
20270306|0603|0727|1323|1634|1909|2028|27 Ramazan 1448
20270307|0602|0726|1323|1635|1911|2030|28 Ramazan 1448
20270308|0600|0724|1323|1636|1912|2031|29 Ramazan 1448
20270309|0558|0723|1323|1637|1913|2032|1 Şevval 1448
20270310|0557|0721|1322|1637|1914|2033|2 Şevval 1448
20270311|0555|0719|1322|1638|1915|2034|3 Şevval 1448
20270312|0553|0718|1322|1639|1916|2035|4 Şevval 1448
20270313|0552|0716|1322|1639|1917|2037|5 Şevval 1448
20270314|0550|0714|1321|1640|1918|2038|6 Şevval 1448
20270315|0548|0713|1321|1640|1920|2039|7 Şevval 1448
20270316|0546|0711|1321|1641|1921|2040|8 Şevval 1448
20270317|0545|0709|1321|1642|1922|2041|9 Şevval 1448
20270318|0543|0708|1320|1642|1923|2042|10 Şevval 1448
20270319|0541|0706|1320|1643|1924|2044|11 Şevval 1448
20270320|0539|0704|1320|1643|1925|2045|12 Şevval 1448
20270321|0537|0703|1319|1644|1926|2046|13 Şevval 1448
20270322|0536|0701|1319|1644|1927|2047|14 Şevval 1448
20270323|0534|0659|1319|1645|1928|2048|15 Şevval 1448
20270324|0532|0658|1319|1645|1929|2050|16 Şevval 1448
20270325|0530|0656|1318|1646|1930|2051|17 Şevval 1448
20270326|0528|0654|1318|1646|1931|2052|18 Şevval 1448
20270327|0526|0653|1318|1647|1933|2053|19 Şevval 1448
20270328|0525|0651|1317|1647|1934|2054|20 Şevval 1448
20270329|0523|0649|1317|1648|1935|2056|21 Şevval 1448
20270330|0521|0648|1317|1648|1936|2057|22 Şevval 1448
20270331|0519|0646|1316|1649|1937|2058|23 Şevval 1448
20270401|0517|0644|1316|1649|1938|2100|24 Şevval 1448
20270402|0515|0643|1316|1650|1939|2101|25 Şevval 1448
20270403|0513|0641|1316|1650|1940|2102|26 Şevval 1448
20270404|0511|0639|1315|1650|1941|2103|27 Şevval 1448
20270405|0509|0638|1315|1651|1942|2105|28 Şevval 1448
20270406|0507|0636|1315|1651|1943|2106|29 Şevval 1448
20270407|0506|0635|1314|1652|1944|2107|30 Şevval 1448
20270408|0504|0633|1314|1652|1945|2109|1 Zilkade 1448
20270409|0502|0631|1314|1652|1946|2110|2 Zilkade 1448
20270410|0500|0630|1314|1653|1947|2111|3 Zilkade 1448
20270411|0458|0628|1313|1653|1949|2113|4 Zilkade 1448
20270412|0456|0627|1313|1654|1950|2114|5 Zilkade 1448
20270413|0454|0625|1313|1654|1951|2115|6 Zilkade 1448
20270414|0452|0623|1313|1654|1952|2117|7 Zilkade 1448
20270415|0450|0622|1312|1655|1953|2118|8 Zilkade 1448
20270416|0448|0620|1312|1655|1954|2120|9 Zilkade 1448
20270417|0446|0619|1312|1655|1955|2121|10 Zilkade 1448
20270418|0444|0617|1312|1656|1956|2122|11 Zilkade 1448
20270419|0442|0616|1311|1656|1957|2124|12 Zilkade 1448
20270420|0441|0614|1311|1656|1958|2125|13 Zilkade 1448
20270421|0439|0613|1311|1657|1959|2127|14 Zilkade 1448
20270422|0437|0611|1311|1657|2000|2128|15 Zilkade 1448
20270423|0435|0610|1311|1657|2001|2130|16 Zilkade 1448
20270424|0433|0608|1310|1658|2002|2131|17 Zilkade 1448
20270425|0431|0607|1310|1658|2003|2133|18 Zilkade 1448
20270426|0429|0606|1310|1658|2004|2134|19 Zilkade 1448
20270427|0427|0604|1310|1658|2006|2136|20 Zilkade 1448
20270428|0426|0603|1310|1659|2007|2137|21 Zilkade 1448
20270429|0424|0601|1310|1659|2008|2139|22 Zilkade 1448
20270430|0422|0600|1309|1659|2009|2140|23 Zilkade 1448
20270501|0420|0559|1309|1700|2010|2142|24 Zilkade 1448
20270502|0418|0557|1309|1700|2011|2143|25 Zilkade 1448
20270503|0416|0556|1309|1700|2012|2145|26 Zilkade 1448
20270504|0415|0555|1309|1701|2013|2146|27 Zilkade 1448
20270505|0413|0554|1309|1701|2014|2148|28 Zilkade 1448
20270506|0411|0552|1309|1701|2015|2149|29 Zilkade 1448
20270507|0409|0551|1309|1701|2016|2151|1 Zilhicce 1448
20270508|0408|0550|1309|1702|2017|2152|2 Zilhicce 1448
20270509|0406|0549|1309|1702|2018|2154|3 Zilhicce 1448
20270510|0404|0548|1308|1702|2019|2155|4 Zilhicce 1448
20270511|0403|0547|1308|1703|2020|2157|5 Zilhicce 1448
20270512|0401|0546|1308|1703|2021|2158|6 Zilhicce 1448
20270513|0359|0545|1308|1703|2022|2200|7 Zilhicce 1448
20270514|0358|0544|1308|1703|2023|2201|8 Zilhicce 1448
20270515|0356|0543|1308|1704|2024|2203|9 Zilhicce 1448
20270516|0355|0542|1308|1704|2025|2204|10 Zilhicce 1448
20270517|0353|0541|1308|1704|2026|2206|11 Zilhicce 1448
20270518|0352|0540|1308|1705|2027|2207|12 Zilhicce 1448
20270519|0350|0539|1309|1705|2028|2209|13 Zilhicce 1448
20270520|0349|0538|1309|1705|2029|2210|14 Zilhicce 1448
20270521|0347|0537|1309|1705|2030|2212|15 Zilhicce 1448
20270522|0346|0537|1309|1706|2031|2213|16 Zilhicce 1448
20270523|0345|0536|1309|1706|2032|2215|17 Zilhicce 1448
20270524|0343|0535|1309|1706|2033|2216|18 Zilhicce 1448
20270525|0342|0534|1309|1707|2034|2217|19 Zilhicce 1448
20270526|0341|0534|1309|1707|2034|2219|20 Zilhicce 1448
20270527|0340|0533|1309|1707|2035|2220|21 Zilhicce 1448
20270528|0339|0532|1309|1707|2036|2221|22 Zilhicce 1448
20270529|0338|0532|1309|1708|2037|2223|23 Zilhicce 1448
20270530|0337|0531|1310|1708|2038|2224|24 Zilhicce 1448
20270531|0336|0531|1310|1708|2039|2225|25 Zilhicce 1448
20270601|0335|0530|1310|1709|2039|2226|26 Zilhicce 1448
20270602|0334|0530|1310|1709|2040|2227|27 Zilhicce 1448
20270603|0333|0529|1310|1709|2041|2229|28 Zilhicce 1448
20270604|0332|0529|1310|1709|2042|2230|29 Zilhicce 1448
20270605|0331|0529|1310|1710|2042|2231|30 Zilhicce 1448
20270606|0331|0528|1311|1710|2043|2232|1 Muharrem 1449
20270607|0330|0528|1311|1710|2044|2233|2 Muharrem 1449
20270608|0329|0528|1311|1710|2044|2234|3 Muharrem 1449
20270609|0329|0528|1311|1711|2045|2235|4 Muharrem 1449
20270610|0328|0527|1311|1711|2045|2235|5 Muharrem 1449
20270611|0328|0527|1312|1711|2046|2236|6 Muharrem 1449
20270612|0327|0527|1312|1712|2046|2237|7 Muharrem 1449
20270613|0327|0527|1312|1712|2047|2238|8 Muharrem 1449
20270614|0327|0527|1312|1712|2047|2238|9 Muharrem 1449
20270615|0327|0527|1312|1712|2048|2239|10 Muharrem 1449
20270616|0326|0527|1313|1713|2048|2239|11 Muharrem 1449
20270617|0326|0527|1313|1713|2049|2240|12 Muharrem 1449
20270618|0326|0527|1313|1713|2049|2240|13 Muharrem 1449
20270619|0326|0527|1313|1713|2049|2241|14 Muharrem 1449
20270620|0326|0528|1314|1714|2049|2241|15 Muharrem 1449
20270621|0327|0528|1314|1714|2050|2241|16 Muharrem 1449
20270622|0327|0528|1314|1714|2050|2242|17 Muharrem 1449
20270623|0327|0528|1314|1714|2050|2242|18 Muharrem 1449
20270624|0327|0528|1314|1714|2050|2242|19 Muharrem 1449
20270625|0328|0529|1315|1715|2050|2242|20 Muharrem 1449
20270626|0328|0529|1315|1715|2051|2242|21 Muharrem 1449
20270627|0329|0529|1315|1715|2051|2242|22 Muharrem 1449
20270628|0329|0530|1315|1715|2051|2242|23 Muharrem 1449
20270629|0330|0530|1315|1715|2051|2242|24 Muharrem 1449
20270630|0331|0531|1316|1715|2051|2241|25 Muharrem 1449
20270701|0331|0531|1316|1716|2050|2241|26 Muharrem 1449
20270702|0332|0532|1316|1716|2050|2241|27 Muharrem 1449
20270703|0333|0532|1316|1716|2050|2240|28 Muharrem 1449
20270704|0334|0533|1316|1716|2050|2240|29 Muharrem 1449
20270705|0335|0533|1317|1716|2050|2239|1 Safer 1449
20270706|0336|0534|1317|1716|2050|2239|2 Safer 1449
20270707|0337|0535|1317|1716|2049|2238|3 Safer 1449
20270708|0338|0535|1317|1716|2049|2238|4 Safer 1449
20270709|0339|0536|1317|1716|2049|2237|5 Safer 1449
20270710|0340|0537|1317|1716|2048|2236|6 Safer 1449
20270711|0341|0537|1318|1716|2048|2235|7 Safer 1449
20270712|0342|0538|1318|1716|2047|2234|8 Safer 1449
20270713|0343|0539|1318|1716|2047|2233|9 Safer 1449
20270714|0345|0539|1318|1716|2046|2233|10 Safer 1449
20270715|0346|0540|1318|1716|2046|2232|11 Safer 1449
20270716|0347|0541|1318|1716|2045|2230|12 Safer 1449
20270717|0349|0542|1318|1716|2045|2229|13 Safer 1449
20270718|0350|0543|1318|1716|2044|2228|14 Safer 1449
20270719|0351|0544|1318|1716|2043|2227|15 Safer 1449
20270720|0353|0544|1318|1716|2043|2226|16 Safer 1449
20270721|0354|0545|1318|1716|2042|2225|17 Safer 1449
20270722|0356|0546|1319|1716|2041|2223|18 Safer 1449
20270723|0357|0547|1319|1715|2040|2222|19 Safer 1449
20270724|0358|0548|1319|1715|2039|2221|20 Safer 1449
20270725|0400|0549|1319|1715|2038|2219|21 Safer 1449
20270726|0401|0550|1319|1715|2038|2218|22 Safer 1449
20270727|0403|0551|1319|1714|2037|2217|23 Safer 1449
20270728|0404|0552|1319|1714|2036|2215|24 Safer 1449
20270729|0406|0552|1319|1714|2035|2214|25 Safer 1449
20270730|0407|0553|1319|1714|2034|2212|26 Safer 1449
20270731|0409|0554|1319|1713|2033|2211|27 Safer 1449
20270801|0410|0555|1318|1713|2032|2209|28 Safer 1449
20270802|0412|0556|1318|1713|2031|2207|29 Safer 1449
20270803|0414|0557|1318|1712|2029|2206|1 Rebiulevvel 1449
20270804|0415|0558|1318|1712|2028|2204|2 Rebiulevvel 1449
20270805|0417|0559|1318|1711|2027|2203|3 Rebiulevvel 1449
20270806|0418|0600|1318|1711|2026|2201|4 Rebiulevvel 1449
20270807|0420|0601|1318|1710|2025|2159|5 Rebiulevvel 1449
20270808|0421|0602|1318|1710|2023|2157|6 Rebiulevvel 1449
20270809|0423|0603|1318|1709|2022|2156|7 Rebiulevvel 1449
20270810|0424|0604|1318|1709|2021|2154|8 Rebiulevvel 1449
20270811|0426|0605|1317|1708|2020|2152|9 Rebiulevvel 1449
20270812|0427|0606|1317|1708|2018|2150|10 Rebiulevvel 1449
20270813|0429|0607|1317|1707|2017|2149|11 Rebiulevvel 1449
20270814|0430|0608|1317|1707|2016|2147|12 Rebiulevvel 1449
20270815|0432|0609|1317|1706|2014|2145|13 Rebiulevvel 1449
20270816|0433|0610|1317|1705|2013|2143|14 Rebiulevvel 1449
20270817|0435|0611|1316|1705|2011|2141|15 Rebiulevvel 1449
20270818|0436|0612|1316|1704|2010|2140|16 Rebiulevvel 1449
20270819|0438|0613|1316|1703|2009|2138|17 Rebiulevvel 1449
20270820|0439|0614|1316|1703|2007|2136|18 Rebiulevvel 1449
20270821|0440|0615|1315|1702|2006|2134|19 Rebiulevvel 1449
20270822|0442|0616|1315|1701|2004|2132|20 Rebiulevvel 1449
20270823|0443|0617|1315|1700|2003|2130|21 Rebiulevvel 1449
20270824|0445|0618|1315|1700|2001|2128|22 Rebiulevvel 1449
20270825|0446|0619|1314|1659|2000|2126|23 Rebiulevvel 1449
20270826|0447|0620|1314|1658|1958|2124|24 Rebiulevvel 1449
20270827|0449|0621|1314|1657|1956|2123|25 Rebiulevvel 1449
20270828|0450|0622|1314|1656|1955|2121|26 Rebiulevvel 1449
20270829|0452|0623|1313|1655|1953|2119|27 Rebiulevvel 1449
20270830|0453|0624|1313|1655|1952|2117|28 Rebiulevvel 1449
20270831|0454|0625|1313|1654|1950|2115|29 Rebiulevvel 1449
20270901|0456|0626|1312|1653|1949|2113|30 Rebiulevvel 1449
20270902|0457|0627|1312|1652|1947|2111|1 Rebiulahir 1449
20270903|0458|0628|1312|1651|1945|2109|2 Rebiulahir 1449
20270904|0500|0629|1311|1650|1944|2107|3 Rebiulahir 1449
20270905|0501|0630|1311|1649|1942|2105|4 Rebiulahir 1449
20270906|0502|0631|1311|1648|1940|2103|5 Rebiulahir 1449
20270907|0503|0632|1310|1647|1939|2101|6 Rebiulahir 1449
20270908|0505|0633|1310|1646|1937|2100|7 Rebiulahir 1449
20270909|0506|0634|1310|1645|1935|2058|8 Rebiulahir 1449
20270910|0507|0635|1309|1644|1934|2056|9 Rebiulahir 1449
20270911|0508|0636|1309|1643|1932|2054|10 Rebiulahir 1449
20270912|0510|0637|1309|1642|1930|2052|11 Rebiulahir 1449
20270913|0511|0638|1308|1641|1929|2050|12 Rebiulahir 1449
20270914|0512|0639|1308|1639|1927|2048|13 Rebiulahir 1449
20270915|0513|0640|1308|1638|1925|2046|14 Rebiulahir 1449
20270916|0514|0641|1307|1637|1923|2044|15 Rebiulahir 1449
20270917|0516|0642|1307|1636|1922|2042|16 Rebiulahir 1449
20270918|0517|0643|1306|1635|1920|2041|17 Rebiulahir 1449
20270919|0518|0644|1306|1634|1918|2039|18 Rebiulahir 1449
20270920|0519|0645|1306|1633|1917|2037|19 Rebiulahir 1449
20270921|0520|0646|1305|1631|1915|2035|20 Rebiulahir 1449
20270922|0521|0647|1305|1630|1913|2033|21 Rebiulahir 1449
20270923|0523|0648|1305|1629|1911|2031|22 Rebiulahir 1449
20270924|0524|0649|1304|1628|1910|2030|23 Rebiulahir 1449
20270925|0525|0650|1304|1627|1908|2028|24 Rebiulahir 1449
20270926|0526|0651|1304|1626|1906|2026|25 Rebiulahir 1449
20270927|0527|0652|1303|1624|1905|2024|26 Rebiulahir 1449
20270928|0528|0653|1303|1623|1903|2022|27 Rebiulahir 1449
20270929|0529|0654|1303|1622|1901|2021|28 Rebiulahir 1449
20270930|0530|0655|1302|1621|1900|2019|29 Rebiulahir 1449
20271001|0531|0656|1302|1620|1858|2017|1 Cemaziyelevvel 1449
20271002|0533|0657|1302|1618|1856|2015|2 Cemaziyelevvel 1449
20271003|0534|0658|1301|1617|1855|2014|3 Cemaziyelevvel 1449
20271004|0535|0659|1301|1616|1853|2012|4 Cemaziyelevvel 1449
20271005|0536|0700|1301|1615|1851|2010|5 Cemaziyelevvel 1449
20271006|0537|0701|1300|1614|1850|2009|6 Cemaziyelevvel 1449
20271007|0538|0702|1300|1612|1848|2007|7 Cemaziyelevvel 1449
20271008|0539|0703|1300|1611|1846|2005|8 Cemaziyelevvel 1449
20271009|0540|0704|1300|1610|1845|2004|9 Cemaziyelevvel 1449
20271010|0541|0705|1259|1609|1843|2002|10 Cemaziyelevvel 1449
20271011|0542|0707|1259|1607|1841|2000|11 Cemaziyelevvel 1449
20271012|0543|0708|1259|1606|1840|1959|12 Cemaziyelevvel 1449
20271013|0544|0709|1258|1605|1838|1957|13 Cemaziyelevvel 1449
20271014|0545|0710|1258|1604|1837|1956|14 Cemaziyelevvel 1449
20271015|0546|0711|1258|1603|1835|1954|15 Cemaziyelevvel 1449
20271016|0548|0712|1258|1601|1834|1953|16 Cemaziyelevvel 1449
20271017|0549|0713|1258|1600|1832|1951|17 Cemaziyelevvel 1449
20271018|0550|0714|1257|1559|1831|1950|18 Cemaziyelevvel 1449
20271019|0551|0715|1257|1558|1829|1948|19 Cemaziyelevvel 1449
20271020|0552|0716|1257|1557|1828|1947|20 Cemaziyelevvel 1449
20271021|0553|0718|1257|1556|1826|1946|21 Cemaziyelevvel 1449
20271022|0554|0719|1257|1555|1825|1944|22 Cemaziyelevvel 1449
20271023|0555|0720|1256|1553|1823|1943|23 Cemaziyelevvel 1449
20271024|0556|0721|1256|1552|1822|1942|24 Cemaziyelevvel 1449
20271025|0557|0722|1256|1551|1820|1940|25 Cemaziyelevvel 1449
20271026|0558|0723|1256|1550|1819|1939|26 Cemaziyelevvel 1449
20271027|0559|0724|1256|1549|1818|1938|27 Cemaziyelevvel 1449
20271028|0600|0726|1256|1548|1816|1936|28 Cemaziyelevvel 1449
20271029|0601|0727|1256|1547|1815|1935|29 Cemaziyelevvel 1449
20271030|0602|0728|1256|1546|1814|1934|30 Cemaziyelevvel 1449
20271031|0603|0729|1256|1545|1812|1933|1 Cemaziyelahir 1449
20271101|0604|0730|1256|1544|1811|1932|2 Cemaziyelahir 1449
20271102|0605|0731|1256|1543|1810|1931|3 Cemaziyelahir 1449
20271103|0606|0733|1256|1542|1809|1930|4 Cemaziyelahir 1449
20271104|0607|0734|1256|1541|1807|1929|5 Cemaziyelahir 1449
20271105|0608|0735|1256|1540|1806|1928|6 Cemaziyelahir 1449
20271106|0609|0736|1256|1539|1805|1927|7 Cemaziyelahir 1449
20271107|0611|0737|1256|1538|1804|1926|8 Cemaziyelahir 1449
20271108|0612|0739|1256|1537|1803|1925|9 Cemaziyelahir 1449
20271109|0613|0740|1256|1537|1802|1924|10 Cemaziyelahir 1449
20271110|0614|0741|1256|1536|1801|1923|11 Cemaziyelahir 1449
20271111|0615|0742|1256|1535|1800|1922|12 Cemaziyelahir 1449
20271112|0616|0743|1256|1534|1759|1921|13 Cemaziyelahir 1449
20271113|0617|0745|1256|1533|1758|1920|14 Cemaziyelahir 1449
20271114|0618|0746|1256|1533|1757|1920|15 Cemaziyelahir 1449
20271115|0619|0747|1257|1532|1756|1919|16 Cemaziyelahir 1449
20271116|0620|0748|1257|1531|1755|1918|17 Cemaziyelahir 1449
20271117|0621|0749|1257|1531|1754|1918|18 Cemaziyelahir 1449
20271118|0622|0750|1257|1530|1754|1917|19 Cemaziyelahir 1449
20271119|0623|0752|1257|1530|1753|1916|20 Cemaziyelahir 1449
20271120|0624|0753|1257|1529|1752|1916|21 Cemaziyelahir 1449
20271121|0625|0754|1258|1528|1752|1915|22 Cemaziyelahir 1449
20271122|0626|0755|1258|1528|1751|1915|23 Cemaziyelahir 1449
20271123|0627|0756|1258|1528|1750|1914|24 Cemaziyelahir 1449
20271124|0628|0757|1259|1527|1750|1914|25 Cemaziyelahir 1449
20271125|0629|0759|1259|1527|1749|1914|26 Cemaziyelahir 1449
20271126|0630|0800|1259|1526|1749|1913|27 Cemaziyelahir 1449
20271127|0631|0801|1259|1526|1748|1913|28 Cemaziyelahir 1449
20271128|0631|0802|1300|1526|1748|1913|29 Cemaziyelahir 1449
20271129|0632|0803|1300|1525|1747|1912|1 Recep 1449
20271130|0633|0804|1300|1525|1747|1912|2 Recep 1449
20271201|0634|0805|1301|1525|1747|1912|3 Recep 1449
20271202|0635|0806|1301|1525|1746|1912|4 Recep 1449
20271203|0636|0807|1302|1525|1746|1912|5 Recep 1449
20271204|0637|0808|1302|1524|1746|1912|6 Recep 1449
20271205|0638|0809|1302|1524|1746|1912|7 Recep 1449
20271206|0639|0810|1303|1524|1746|1911|8 Recep 1449
20271207|0639|0811|1303|1524|1745|1912|9 Recep 1449
20271208|0640|0812|1304|1524|1745|1912|10 Recep 1449
20271209|0641|0813|1304|1524|1745|1912|11 Recep 1449
20271210|0642|0814|1304|1525|1745|1912|12 Recep 1449
20271211|0643|0814|1305|1525|1745|1912|13 Recep 1449
20271212|0643|0815|1305|1525|1746|1912|14 Recep 1449
20271213|0644|0816|1306|1525|1746|1912|15 Recep 1449
20271214|0645|0817|1306|1525|1746|1913|16 Recep 1449
20271215|0645|0818|1307|1525|1746|1913|17 Recep 1449
20271216|0646|0818|1307|1526|1746|1913|18 Recep 1449
20271217|0647|0819|1308|1526|1747|1913|19 Recep 1449
20271218|0647|0820|1308|1526|1747|1914|20 Recep 1449
20271219|0648|0820|1309|1527|1747|1914|21 Recep 1449
20271220|0648|0821|1309|1527|1748|1915|22 Recep 1449
20271221|0649|0821|1310|1528|1748|1915|23 Recep 1449
20271222|0649|0822|1310|1528|1749|1916|24 Recep 1449
20271223|0650|0822|1311|1529|1749|1916|25 Recep 1449
20271224|0650|0823|1311|1529|1750|1917|26 Recep 1449
20271225|0651|0823|1312|1530|1750|1917|27 Recep 1449
20271226|0651|0824|1312|1530|1751|1918|28 Recep 1449
20271227|0652|0824|1313|1531|1752|1918|29 Recep 1449
20271228|0652|0824|1313|1532|1752|1919|30 Recep 1449
20271229|0652|0825|1314|1532|1753|1920|1 Şaban 1449
20271230|0653|0825|1314|1533|1754|1920|2 Şaban 1449
20271231|0653|0825|1315|1534|1754|1921|3 Şaban 1449
#@9549|Sultanbeyli|ISTANBUL|730
20260101|0649|0821|1311|1531|1752|1918|12 Recep 1447
20260102|0649|0821|1312|1532|1753|1919|13 Recep 1447
20260103|0649|0821|1312|1533|1754|1920|14 Recep 1447
20260104|0649|0821|1313|1533|1754|1921|15 Recep 1447
20260105|0650|0821|1313|1534|1755|1921|16 Recep 1447
20260106|0650|0821|1314|1535|1756|1922|17 Recep 1447
20260107|0650|0821|1314|1536|1757|1923|18 Recep 1447
20260108|0650|0821|1314|1537|1758|1924|19 Recep 1447
20260109|0650|0821|1315|1538|1759|1925|20 Recep 1447
20260110|0649|0820|1315|1539|1800|1926|21 Recep 1447
20260111|0649|0820|1316|1540|1801|1927|22 Recep 1447
20260112|0649|0820|1316|1541|1802|1928|23 Recep 1447
20260113|0649|0820|1316|1542|1803|1928|24 Recep 1447
20260114|0649|0819|1317|1543|1805|1929|25 Recep 1447
20260115|0649|0819|1317|1544|1806|1930|26 Recep 1447
20260116|0648|0818|1318|1545|1807|1931|27 Recep 1447
20260117|0648|0818|1318|1546|1808|1932|28 Recep 1447
20260118|0648|0817|1318|1547|1809|1933|29 Recep 1447
20260119|0647|0817|1319|1548|1810|1934|30 Recep 1447
20260120|0647|0816|1319|1549|1811|1935|1 Şaban 1447
20260121|0647|0816|1319|1550|1813|1936|2 Şaban 1447
20260122|0646|0815|1319|1551|1814|1937|3 Şaban 1447
20260123|0646|0814|1320|1552|1815|1938|4 Şaban 1447
20260124|0645|0814|1320|1553|1816|1939|5 Şaban 1447
20260125|0644|0813|1320|1554|1817|1941|6 Şaban 1447
20260126|0644|0812|1320|1555|1819|1942|7 Şaban 1447
20260127|0643|0811|1321|1556|1820|1943|8 Şaban 1447
20260128|0643|0811|1321|1557|1821|1944|9 Şaban 1447
20260129|0642|0810|1321|1558|1822|1945|10 Şaban 1447
20260130|0641|0809|1321|1559|1824|1946|11 Şaban 1447
20260131|0640|0808|1321|1600|1825|1947|12 Şaban 1447
20260201|0640|0807|1321|1601|1826|1948|13 Şaban 1447
20260202|0639|0806|1322|1602|1827|1949|14 Şaban 1447
20260203|0638|0805|1322|1603|1829|1950|15 Şaban 1447
20260204|0637|0804|1322|1604|1830|1951|16 Şaban 1447
20260205|0636|0803|1322|1605|1831|1952|17 Şaban 1447
20260206|0635|0802|1322|1606|1832|1953|18 Şaban 1447
20260207|0634|0801|1322|1607|1834|1955|19 Şaban 1447
20260208|0633|0759|1322|1608|1835|1956|20 Şaban 1447
20260209|0632|0758|1322|1609|1836|1957|21 Şaban 1447
20260210|0631|0757|1322|1610|1837|1958|22 Şaban 1447
20260211|0630|0756|1322|1611|1838|1959|23 Şaban 1447
20260212|0629|0755|1322|1612|1840|2000|24 Şaban 1447
20260213|0628|0753|1322|1613|1841|2001|25 Şaban 1447
20260214|0627|0752|1322|1614|1842|2002|26 Şaban 1447
20260215|0626|0751|1322|1615|1843|2003|27 Şaban 1447
20260216|0624|0749|1322|1616|1845|2004|28 Şaban 1447
20260217|0623|0748|1322|1617|1846|2006|29 Şaban 1447
20260218|0622|0747|1322|1618|1847|2007|30 Şaban 1447
20260219|0621|0745|1322|1619|1848|2008|1 Ramazan 1447
20260220|0619|0744|1322|1620|1849|2009|2 Ramazan 1447
20260221|0618|0743|1322|1620|1851|2010|3 Ramazan 1447
20260222|0617|0741|1321|1621|1852|2011|4 Ramazan 1447
20260223|0615|0740|1321|1622|1853|2012|5 Ramazan 1447
20260224|0614|0738|1321|1623|1854|2013|6 Ramazan 1447
20260225|0612|0737|1321|1624|1855|2014|7 Ramazan 1447
20260226|0611|0735|1321|1625|1857|2016|8 Ramazan 1447
20260227|0609|0734|1321|1625|1858|2017|9 Ramazan 1447
20260228|0608|0732|1321|1626|1859|2018|10 Ramazan 1447
20260301|0606|0731|1320|1627|1900|2019|11 Ramazan 1447
20260302|0605|0729|1320|1628|1901|2020|12 Ramazan 1447
20260303|0603|0728|1320|1628|1902|2021|13 Ramazan 1447
20260304|0602|0726|1320|1629|1903|2022|14 Ramazan 1447
20260305|0600|0725|1320|1630|1905|2023|15 Ramazan 1447
20260306|0559|0723|1319|1631|1906|2025|16 Ramazan 1447
20260307|0557|0721|1319|1631|1907|2026|17 Ramazan 1447
20260308|0555|0720|1319|1632|1908|2027|18 Ramazan 1447
20260309|0554|0718|1319|1633|1909|2028|19 Ramazan 1447
20260310|0552|0717|1318|1633|1910|2029|20 Ramazan 1447
20260311|0551|0715|1318|1634|1911|2030|21 Ramazan 1447
20260312|0549|0713|1318|1635|1912|2031|22 Ramazan 1447
20260313|0547|0712|1318|1635|1914|2033|23 Ramazan 1447
20260314|0545|0710|1317|1636|1915|2034|24 Ramazan 1447
20260315|0544|0708|1317|1637|1916|2035|25 Ramazan 1447
20260316|0542|0707|1317|1637|1917|2036|26 Ramazan 1447
20260317|0540|0705|1316|1638|1918|2037|27 Ramazan 1447
20260318|0538|0703|1316|1638|1919|2038|28 Ramazan 1447
20260319|0537|0702|1316|1639|1920|2040|29 Ramazan 1447
20260320|0535|0700|1316|1639|1921|2041|1 Şevval 1447
20260321|0533|0658|1315|1640|1922|2042|2 Şevval 1447
20260322|0531|0657|1315|1640|1923|2043|3 Şevval 1447
20260323|0529|0655|1315|1641|1924|2044|4 Şevval 1447
20260324|0528|0653|1314|1641|1925|2046|5 Şevval 1447
20260325|0526|0652|1314|1642|1927|2047|6 Şevval 1447
20260326|0524|0650|1314|1642|1928|2048|7 Şevval 1447
20260327|0522|0648|1313|1643|1929|2049|8 Şevval 1447
20260328|0520|0647|1313|1643|1930|2051|9 Şevval 1447
20260329|0518|0645|1313|1644|1931|2052|10 Şevval 1447
20260330|0516|0643|1313|1644|1932|2053|11 Şevval 1447
20260331|0515|0642|1312|1645|1933|2054|12 Şevval 1447
20260401|0513|0640|1312|1645|1934|2056|13 Şevval 1447
20260402|0511|0638|1312|1646|1935|2057|14 Şevval 1447
20260403|0509|0637|1311|1646|1936|2058|15 Şevval 1447
20260404|0507|0635|1311|1646|1937|2059|16 Şevval 1447
20260405|0505|0633|1311|1647|1938|2101|17 Şevval 1447
20260406|0503|0632|1311|1647|1939|2102|18 Şevval 1447
20260407|0501|0630|1310|1648|1940|2103|19 Şevval 1447
20260408|0459|0629|1310|1648|1941|2105|20 Şevval 1447
20260409|0457|0627|1310|1648|1942|2106|21 Şevval 1447
20260410|0456|0625|1309|1649|1944|2107|22 Şevval 1447
20260411|0454|0624|1309|1649|1945|2109|23 Şevval 1447
20260412|0452|0622|1309|1650|1946|2110|24 Şevval 1447
20260413|0450|0621|1309|1650|1947|2111|25 Şevval 1447
20260414|0448|0619|1308|1650|1948|2113|26 Şevval 1447
20260415|0446|0617|1308|1651|1949|2114|27 Şevval 1447
20260416|0444|0616|1308|1651|1950|2116|28 Şevval 1447
20260417|0442|0614|1308|1651|1951|2117|29 Şevval 1447
20260418|0440|0613|1307|1652|1952|2118|1 Zilkade 1447
20260419|0438|0611|1307|1652|1953|2120|2 Zilkade 1447
20260420|0436|0610|1307|1652|1954|2121|3 Zilkade 1447
20260421|0434|0608|1307|1653|1955|2123|4 Zilkade 1447
20260422|0433|0607|1307|1653|1956|2124|5 Zilkade 1447
20260423|0431|0606|1306|1653|1957|2126|6 Zilkade 1447
20260424|0429|0604|1306|1653|1958|2127|7 Zilkade 1447
20260425|0427|0603|1306|1654|1959|2129|8 Zilkade 1447
20260426|0425|0601|1306|1654|2000|2130|9 Zilkade 1447
20260427|0423|0600|1306|1654|2002|2132|10 Zilkade 1447
20260428|0421|0559|1306|1655|2003|2133|11 Zilkade 1447
20260429|0420|0557|1305|1655|2004|2135|12 Zilkade 1447
20260430|0418|0556|1305|1655|2005|2136|13 Zilkade 1447
20260501|0416|0555|1305|1656|2006|2138|14 Zilkade 1447
20260502|0414|0553|1305|1656|2007|2139|15 Zilkade 1447
20260503|0412|0552|1305|1656|2008|2141|16 Zilkade 1447
20260504|0411|0551|1305|1656|2009|2142|17 Zilkade 1447
20260505|0409|0550|1305|1657|2010|2144|18 Zilkade 1447
20260506|0407|0548|1305|1657|2011|2145|19 Zilkade 1447
20260507|0405|0547|1305|1657|2012|2147|20 Zilkade 1447
20260508|0404|0546|1305|1658|2013|2148|21 Zilkade 1447
20260509|0402|0545|1304|1658|2014|2150|22 Zilkade 1447
20260510|0400|0544|1304|1658|2015|2151|23 Zilkade 1447
20260511|0359|0543|1304|1658|2016|2153|24 Zilkade 1447
20260512|0357|0542|1304|1659|2017|2154|25 Zilkade 1447
20260513|0355|0541|1304|1659|2018|2156|26 Zilkade 1447
20260514|0354|0540|1304|1659|2019|2157|27 Zilkade 1447
20260515|0352|0539|1304|1659|2020|2159|28 Zilkade 1447
20260516|0351|0538|1304|1700|2021|2200|29 Zilkade 1447
20260517|0349|0537|1304|1700|2022|2202|30 Zilkade 1447
20260518|0348|0536|1304|1700|2023|2203|1 Zilhicce 1447
20260519|0346|0535|1304|1701|2024|2205|2 Zilhicce 1447
20260520|0345|0534|1304|1701|2025|2206|3 Zilhicce 1447
20260521|0344|0533|1305|1701|2026|2207|4 Zilhicce 1447
20260522|0342|0533|1305|1701|2027|2209|5 Zilhicce 1447
20260523|0341|0532|1305|1702|2028|2210|6 Zilhicce 1447
20260524|0340|0531|1305|1702|2029|2212|7 Zilhicce 1447
20260525|0338|0530|1305|1702|2029|2213|8 Zilhicce 1447
20260526|0337|0530|1305|1703|2030|2214|9 Zilhicce 1447
20260527|0336|0529|1305|1703|2031|2216|10 Zilhicce 1447
20260528|0335|0528|1305|1703|2032|2217|11 Zilhicce 1447
20260529|0334|0528|1305|1703|2033|2218|12 Zilhicce 1447
20260530|0333|0527|1305|1704|2034|2219|13 Zilhicce 1447
20260531|0332|0527|1306|1704|2034|2221|14 Zilhicce 1447
20260601|0331|0526|1306|1704|2035|2222|15 Zilhicce 1447
20260602|0330|0526|1306|1705|2036|2223|16 Zilhicce 1447
20260603|0329|0526|1306|1705|2037|2224|17 Zilhicce 1447
20260604|0328|0525|1306|1705|2037|2225|18 Zilhicce 1447
20260605|0328|0525|1306|1705|2038|2226|19 Zilhicce 1447
20260606|0327|0525|1307|1706|2039|2227|20 Zilhicce 1447
20260607|0326|0524|1307|1706|2039|2228|21 Zilhicce 1447
20260608|0326|0524|1307|1706|2040|2229|22 Zilhicce 1447
20260609|0325|0524|1307|1707|2040|2230|23 Zilhicce 1447
20260610|0325|0524|1307|1707|2041|2231|24 Zilhicce 1447
20260611|0324|0524|1308|1707|2042|2232|25 Zilhicce 1447
20260612|0324|0523|1308|1707|2042|2232|26 Zilhicce 1447
20260613|0324|0523|1308|1708|2043|2233|27 Zilhicce 1447
20260614|0323|0523|1308|1708|2043|2234|28 Zilhicce 1447
20260615|0323|0523|1308|1708|2043|2234|29 Zilhicce 1447
20260616|0323|0523|1309|1708|2044|2235|1 Muharrem 1448
20260617|0323|0523|1309|1709|2044|2235|2 Muharrem 1448
20260618|0323|0524|1309|1709|2045|2236|3 Muharrem 1448
20260619|0323|0524|1309|1709|2045|2236|4 Muharrem 1448
20260620|0323|0524|1309|1709|2045|2236|5 Muharrem 1448
20260621|0323|0524|1310|1710|2045|2237|6 Muharrem 1448
20260622|0324|0524|1310|1710|2046|2237|7 Muharrem 1448
20260623|0324|0525|1310|1710|2046|2237|8 Muharrem 1448
20260624|0324|0525|1310|1710|2046|2237|9 Muharrem 1448
20260625|0325|0525|1311|1710|2046|2237|10 Muharrem 1448
20260626|0325|0525|1311|1711|2046|2237|11 Muharrem 1448
20260627|0326|0526|1311|1711|2046|2237|12 Muharrem 1448
20260628|0326|0526|1311|1711|2046|2237|13 Muharrem 1448
20260629|0327|0527|1311|1711|2046|2237|14 Muharrem 1448
20260630|0327|0527|1312|1711|2046|2236|15 Muharrem 1448
20260701|0328|0528|1312|1711|2046|2236|16 Muharrem 1448
20260702|0329|0528|1312|1711|2046|2236|17 Muharrem 1448
20260703|0330|0529|1312|1712|2046|2235|18 Muharrem 1448
20260704|0331|0529|1312|1712|2046|2235|19 Muharrem 1448
20260705|0332|0530|1313|1712|2045|2234|20 Muharrem 1448
20260706|0333|0530|1313|1712|2045|2234|21 Muharrem 1448
20260707|0334|0531|1313|1712|2045|2233|22 Muharrem 1448
20260708|0335|0532|1313|1712|2044|2233|23 Muharrem 1448
20260709|0336|0532|1313|1712|2044|2232|24 Muharrem 1448
20260710|0337|0533|1313|1712|2044|2231|25 Muharrem 1448
20260711|0338|0534|1313|1712|2043|2230|26 Muharrem 1448
20260712|0339|0534|1314|1712|2043|2229|27 Muharrem 1448
20260713|0340|0535|1314|1712|2042|2229|28 Muharrem 1448
20260714|0342|0536|1314|1712|2042|2228|29 Muharrem 1448
20260715|0343|0537|1314|1712|2041|2227|1 Safer 1448
20260716|0344|0537|1314|1712|2041|2226|2 Safer 1448
20260717|0345|0538|1314|1712|2040|2224|3 Safer 1448
20260718|0347|0539|1314|1712|2039|2223|4 Safer 1448
20260719|0348|0540|1314|1712|2039|2222|5 Safer 1448
20260720|0350|0541|1314|1712|2038|2221|6 Safer 1448
20260721|0351|0542|1314|1711|2037|2220|7 Safer 1448
20260722|0352|0542|1314|1711|2036|2218|8 Safer 1448
20260723|0354|0543|1314|1711|2036|2217|9 Safer 1448
20260724|0355|0544|1315|1711|2035|2216|10 Safer 1448
20260725|0357|0545|1315|1711|2034|2214|11 Safer 1448
20260726|0358|0546|1315|1710|2033|2213|12 Safer 1448
20260727|0400|0547|1315|1710|2032|2212|13 Safer 1448
20260728|0401|0548|1315|1710|2031|2210|14 Safer 1448
20260729|0403|0549|1314|1710|2030|2209|15 Safer 1448
20260730|0404|0550|1314|1709|2029|2207|16 Safer 1448
20260731|0406|0551|1314|1709|2028|2206|17 Safer 1448
20260801|0407|0552|1314|1709|2027|2204|18 Safer 1448
20260802|0409|0553|1314|1708|2026|2202|19 Safer 1448
20260803|0410|0554|1314|1708|2025|2201|20 Safer 1448
20260804|0412|0555|1314|1707|2024|2159|21 Safer 1448
20260805|0413|0556|1314|1707|2023|2158|22 Safer 1448
20260806|0415|0557|1314|1707|2021|2156|23 Safer 1448
20260807|0416|0558|1314|1706|2020|2154|24 Safer 1448
20260808|0418|0559|1314|1706|2019|2153|25 Safer 1448
20260809|0419|0600|1314|1705|2018|2151|26 Safer 1448
20260810|0421|0601|1313|1705|2016|2149|27 Safer 1448
20260811|0422|0602|1313|1704|2015|2147|28 Safer 1448
20260812|0424|0603|1313|1704|2014|2146|29 Safer 1448
20260813|0425|0604|1313|1703|2012|2144|30 Safer 1448
20260814|0427|0605|1313|1702|2011|2142|1 Rebiulevvel 1448
20260815|0428|0605|1313|1702|2010|2140|2 Rebiulevvel 1448
20260816|0430|0606|1312|1701|2008|2138|3 Rebiulevvel 1448
20260817|0431|0607|1312|1700|2007|2136|4 Rebiulevvel 1448
20260818|0433|0608|1312|1700|2005|2135|5 Rebiulevvel 1448
20260819|0434|0609|1312|1659|2004|2133|6 Rebiulevvel 1448
20260820|0436|0610|1311|1658|2003|2131|7 Rebiulevvel 1448
20260821|0437|0611|1311|1658|2001|2129|8 Rebiulevvel 1448
20260822|0438|0612|1311|1657|2000|2127|9 Rebiulevvel 1448
20260823|0440|0613|1311|1656|1958|2125|10 Rebiulevvel 1448
20260824|0441|0614|1310|1655|1957|2123|11 Rebiulevvel 1448
20260825|0443|0615|1310|1654|1955|2122|12 Rebiulevvel 1448
20260826|0444|0616|1310|1654|1953|2120|13 Rebiulevvel 1448
20260827|0445|0617|1310|1653|1952|2118|14 Rebiulevvel 1448
20260828|0447|0618|1309|1652|1950|2116|15 Rebiulevvel 1448
20260829|0448|0619|1309|1651|1949|2114|16 Rebiulevvel 1448
20260830|0449|0620|1309|1650|1947|2112|17 Rebiulevvel 1448
20260831|0451|0621|1308|1649|1946|2110|18 Rebiulevvel 1448
20260901|0452|0622|1308|1648|1944|2108|19 Rebiulevvel 1448
20260902|0453|0623|1308|1647|1942|2106|20 Rebiulevvel 1448
20260903|0455|0624|1307|1646|1941|2104|21 Rebiulevvel 1448
20260904|0456|0625|1307|1645|1939|2102|22 Rebiulevvel 1448
20260905|0457|0626|1307|1644|1937|2100|23 Rebiulevvel 1448
20260906|0459|0627|1306|1643|1936|2059|24 Rebiulevvel 1448
20260907|0500|0628|1306|1642|1934|2057|25 Rebiulevvel 1448
20260908|0501|0629|1306|1641|1932|2055|26 Rebiulevvel 1448
20260909|0502|0630|1305|1640|1931|2053|27 Rebiulevvel 1448
20260910|0504|0631|1305|1639|1929|2051|28 Rebiulevvel 1448
20260911|0505|0632|1305|1638|1927|2049|29 Rebiulevvel 1448
20260912|0506|0633|1304|1637|1926|2047|1 Rebiulahir 1448
20260913|0507|0634|1304|1636|1924|2045|2 Rebiulahir 1448
20260914|0508|0635|1304|1635|1922|2043|3 Rebiulahir 1448
20260915|0510|0636|1303|1634|1921|2041|4 Rebiulahir 1448
20260916|0511|0637|1303|1633|1919|2040|5 Rebiulahir 1448
20260917|0512|0638|1303|1632|1917|2038|6 Rebiulahir 1448
20260918|0513|0639|1302|1631|1915|2036|7 Rebiulahir 1448
20260919|0514|0640|1302|1629|1914|2034|8 Rebiulahir 1448
20260920|0515|0641|1302|1628|1912|2032|9 Rebiulahir 1448
20260921|0517|0642|1301|1627|1910|2030|10 Rebiulahir 1448
20260922|0518|0643|1301|1626|1909|2028|11 Rebiulahir 1448
20260923|0519|0644|1301|1625|1907|2027|12 Rebiulahir 1448
20260924|0520|0645|1300|1624|1905|2025|13 Rebiulahir 1448
20260925|0521|0646|1300|1622|1904|2023|14 Rebiulahir 1448
20260926|0522|0647|1259|1621|1902|2021|15 Rebiulahir 1448
20260927|0523|0648|1259|1620|1900|2019|16 Rebiulahir 1448
20260928|0524|0649|1259|1619|1858|2018|17 Rebiulahir 1448
20260929|0526|0650|1258|1618|1857|2016|18 Rebiulahir 1448
20260930|0527|0651|1258|1616|1855|2014|19 Rebiulahir 1448
20261001|0528|0652|1258|1615|1853|2012|20 Rebiulahir 1448
20261002|0529|0653|1257|1614|1852|2011|21 Rebiulahir 1448
20261003|0530|0654|1257|1613|1850|2009|22 Rebiulahir 1448
20261004|0531|0655|1257|1612|1848|2007|23 Rebiulahir 1448
20261005|0532|0656|1257|1610|1847|2006|24 Rebiulahir 1448
20261006|0533|0657|1256|1609|1845|2004|25 Rebiulahir 1448
20261007|0534|0658|1256|1608|1843|2002|26 Rebiulahir 1448
20261008|0535|0659|1256|1607|1842|2001|27 Rebiulahir 1448
20261009|0536|0701|1255|1606|1840|1959|28 Rebiulahir 1448
20261010|0537|0702|1255|1604|1839|1957|29 Rebiulahir 1448
20261011|0538|0703|1255|1603|1837|1956|30 Rebiulahir 1448
20261012|0540|0704|1255|1602|1835|1954|1 Cemaziyelevvel 1448
20261013|0541|0705|1254|1601|1834|1953|2 Cemaziyelevvel 1448
20261014|0542|0706|1254|1600|1832|1951|3 Cemaziyelevvel 1448
20261015|0543|0707|1254|1558|1831|1950|4 Cemaziyelevvel 1448
20261016|0544|0708|1254|1557|1829|1948|5 Cemaziyelevvel 1448
20261017|0545|0709|1253|1556|1828|1947|6 Cemaziyelevvel 1448
20261018|0546|0710|1253|1555|1826|1945|7 Cemaziyelevvel 1448
20261019|0547|0711|1253|1554|1825|1944|8 Cemaziyelevvel 1448
20261020|0548|0713|1253|1553|1823|1943|9 Cemaziyelevvel 1448
20261021|0549|0714|1253|1551|1822|1941|10 Cemaziyelevvel 1448
20261022|0550|0715|1253|1550|1820|1940|11 Cemaziyelevvel 1448
20261023|0551|0716|1252|1549|1819|1938|12 Cemaziyelevvel 1448
20261024|0552|0717|1252|1548|1817|1937|13 Cemaziyelevvel 1448
20261025|0553|0718|1252|1547|1816|1936|14 Cemaziyelevvel 1448
20261026|0554|0719|1252|1546|1815|1935|15 Cemaziyelevvel 1448
20261027|0555|0720|1252|1545|1813|1933|16 Cemaziyelevvel 1448
20261028|0556|0722|1252|1544|1812|1932|17 Cemaziyelevvel 1448
20261029|0557|0723|1252|1543|1811|1931|18 Cemaziyelevvel 1448
20261030|0558|0724|1252|1542|1809|1930|19 Cemaziyelevvel 1448
20261031|0559|0725|1252|1541|1808|1929|20 Cemaziyelevvel 1448
20261101|0600|0726|1252|1540|1807|1927|21 Cemaziyelevvel 1448
20261102|0601|0727|1252|1539|1806|1926|22 Cemaziyelevvel 1448
20261103|0602|0729|1252|1538|1804|1925|23 Cemaziyelevvel 1448
20261104|0604|0730|1252|1537|1803|1924|24 Cemaziyelevvel 1448
20261105|0605|0731|1252|1536|1802|1923|25 Cemaziyelevvel 1448
20261106|0606|0732|1252|1535|1801|1922|26 Cemaziyelevvel 1448
20261107|0607|0733|1252|1534|1800|1921|27 Cemaziyelevvel 1448
20261108|0608|0735|1252|1533|1759|1920|28 Cemaziyelevvel 1448
20261109|0609|0736|1252|1533|1758|1919|29 Cemaziyelevvel 1448
20261110|0610|0737|1252|1532|1757|1919|1 Cemaziyelahir 1448
20261111|0611|0738|1252|1531|1756|1918|2 Cemaziyelahir 1448
20261112|0612|0739|1252|1530|1755|1917|3 Cemaziyelahir 1448
20261113|0613|0741|1252|1529|1754|1916|4 Cemaziyelahir 1448
20261114|0614|0742|1252|1529|1753|1915|5 Cemaziyelahir 1448
20261115|0615|0743|1252|1528|1752|1915|6 Cemaziyelahir 1448
20261116|0616|0744|1253|1527|1751|1914|7 Cemaziyelahir 1448
20261117|0617|0745|1253|1527|1750|1913|8 Cemaziyelahir 1448
20261118|0618|0746|1253|1526|1750|1913|9 Cemaziyelahir 1448
20261119|0619|0748|1253|1526|1749|1912|10 Cemaziyelahir 1448
20261120|0620|0749|1253|1525|1748|1912|11 Cemaziyelahir 1448
20261121|0621|0750|1254|1525|1748|1911|12 Cemaziyelahir 1448
20261122|0622|0751|1254|1524|1747|1911|13 Cemaziyelahir 1448
20261123|0623|0752|1254|1524|1746|1910|14 Cemaziyelahir 1448
20261124|0624|0753|1254|1523|1746|1910|15 Cemaziyelahir 1448
20261125|0625|0754|1255|1523|1745|1909|16 Cemaziyelahir 1448
20261126|0626|0756|1255|1522|1745|1909|17 Cemaziyelahir 1448
20261127|0627|0757|1255|1522|1744|1909|18 Cemaziyelahir 1448
20261128|0628|0758|1256|1522|1744|1909|19 Cemaziyelahir 1448
20261129|0628|0759|1256|1521|1743|1908|20 Cemaziyelahir 1448
20261130|0629|0800|1256|1521|1743|1908|21 Cemaziyelahir 1448
20261201|0630|0801|1257|1521|1743|1908|22 Cemaziyelahir 1448
20261202|0631|0802|1257|1521|1742|1908|23 Cemaziyelahir 1448
20261203|0632|0803|1258|1521|1742|1908|24 Cemaziyelahir 1448
20261204|0633|0804|1258|1521|1742|1908|25 Cemaziyelahir 1448
20261205|0634|0805|1258|1521|1742|1908|26 Cemaziyelahir 1448
20261206|0635|0806|1259|1521|1742|1908|27 Cemaziyelahir 1448
20261207|0635|0807|1259|1521|1742|1908|28 Cemaziyelahir 1448
20261208|0636|0808|1300|1521|1742|1908|29 Cemaziyelahir 1448
20261209|0637|0809|1300|1521|1742|1908|30 Cemaziyelahir 1448
20261210|0638|0809|1301|1521|1742|1908|1 Recep 1448
20261211|0638|0810|1301|1521|1742|1908|2 Recep 1448
20261212|0639|0811|1301|1521|1742|1908|3 Recep 1448
20261213|0640|0812|1302|1521|1742|1908|4 Recep 1448
20261214|0641|0813|1302|1521|1742|1909|5 Recep 1448
20261215|0641|0813|1303|1522|1742|1909|6 Recep 1448
20261216|0642|0814|1303|1522|1743|1909|7 Recep 1448
20261217|0643|0815|1304|1522|1743|1910|8 Recep 1448
20261218|0643|0815|1304|1523|1743|1910|9 Recep 1448
20261219|0644|0816|1305|1523|1744|1910|10 Recep 1448
20261220|0644|0817|1305|1524|1744|1911|11 Recep 1448
20261221|0645|0817|1306|1524|1745|1911|12 Recep 1448
20261222|0645|0818|1306|1525|1745|1912|13 Recep 1448
20261223|0646|0818|1307|1525|1746|1912|14 Recep 1448
20261224|0646|0819|1307|1526|1746|1913|15 Recep 1448
20261225|0647|0819|1308|1526|1747|1913|16 Recep 1448
20261226|0647|0819|1308|1527|1747|1914|17 Recep 1448
20261227|0647|0820|1309|1527|1748|1915|18 Recep 1448
20261228|0648|0820|1309|1528|1749|1915|19 Recep 1448
20261229|0648|0820|1310|1529|1749|1916|20 Recep 1448
20261230|0648|0820|1310|1529|1750|1917|21 Recep 1448
20261231|0649|0821|1311|1530|1751|1917|22 Recep 1448
20270101|0649|0821|1311|1531|1752|1918|23 Recep 1448
20270102|0649|0821|1312|1532|1752|1919|24 Recep 1448
20270103|0649|0821|1312|1532|1753|1920|25 Recep 1448
20270104|0649|0821|1313|1533|1754|1920|26 Recep 1448
20270105|0649|0821|1313|1534|1755|1921|27 Recep 1448
20270106|0650|0821|1313|1535|1756|1922|28 Recep 1448
20270107|0650|0821|1314|1536|1757|1923|29 Recep 1448
20270108|0650|0821|1314|1537|1758|1924|30 Recep 1448
20270109|0650|0821|1315|1538|1759|1925|1 Şaban 1448
20270110|0649|0820|1315|1539|1800|1925|2 Şaban 1448
20270111|0649|0820|1316|1539|1801|1926|3 Şaban 1448
20270112|0649|0820|1316|1540|1802|1927|4 Şaban 1448
20270113|0649|0820|1316|1541|1803|1928|5 Şaban 1448
20270114|0649|0819|1317|1542|1804|1929|6 Şaban 1448
20270115|0649|0819|1317|1543|1805|1930|7 Şaban 1448
20270116|0648|0818|1317|1544|1807|1931|8 Şaban 1448
20270117|0648|0818|1318|1545|1808|1932|9 Şaban 1448
20270118|0648|0818|1318|1546|1809|1933|10 Şaban 1448
20270119|0647|0817|1318|1547|1810|1934|11 Şaban 1448
20270120|0647|0816|1319|1548|1811|1935|12 Şaban 1448
20270121|0647|0816|1319|1549|1812|1936|13 Şaban 1448
20270122|0646|0815|1319|1550|1814|1937|14 Şaban 1448
20270123|0646|0815|1320|1551|1815|1938|15 Şaban 1448
20270124|0645|0814|1320|1553|1816|1939|16 Şaban 1448
20270125|0645|0813|1320|1554|1817|1940|17 Şaban 1448
20270126|0644|0812|1320|1555|1818|1941|18 Şaban 1448
20270127|0643|0812|1321|1556|1820|1942|19 Şaban 1448
20270128|0643|0811|1321|1557|1821|1943|20 Şaban 1448
20270129|0642|0810|1321|1558|1822|1945|21 Şaban 1448
20270130|0641|0809|1321|1559|1823|1946|22 Şaban 1448
20270131|0641|0808|1321|1600|1825|1947|23 Şaban 1448
20270201|0640|0807|1321|1601|1826|1948|24 Şaban 1448
20270202|0639|0806|1322|1602|1827|1949|25 Şaban 1448
20270203|0638|0805|1322|1603|1828|1950|26 Şaban 1448
20270204|0637|0804|1322|1604|1829|1951|27 Şaban 1448
20270205|0636|0803|1322|1605|1831|1952|28 Şaban 1448
20270206|0635|0802|1322|1606|1832|1953|29 Şaban 1448
20270207|0634|0801|1322|1607|1833|1954|30 Şaban 1448
20270208|0633|0800|1322|1608|1834|1955|1 Ramazan 1448
20270209|0632|0759|1322|1609|1836|1956|2 Ramazan 1448
20270210|0631|0757|1322|1610|1837|1958|3 Ramazan 1448
20270211|0630|0756|1322|1611|1838|1959|4 Ramazan 1448
20270212|0629|0755|1322|1612|1839|2000|5 Ramazan 1448
20270213|0628|0754|1322|1613|1841|2001|6 Ramazan 1448
20270214|0627|0752|1322|1614|1842|2002|7 Ramazan 1448
20270215|0626|0751|1322|1615|1843|2003|8 Ramazan 1448
20270216|0625|0750|1322|1616|1844|2004|9 Ramazan 1448
20270217|0623|0748|1322|1617|1846|2005|10 Ramazan 1448
20270218|0622|0747|1322|1618|1847|2006|11 Ramazan 1448
20270219|0621|0746|1322|1618|1848|2008|12 Ramazan 1448
20270220|0620|0744|1322|1619|1849|2009|13 Ramazan 1448
20270221|0618|0743|1322|1620|1850|2010|14 Ramazan 1448
20270222|0617|0742|1322|1621|1852|2011|15 Ramazan 1448
20270223|0616|0740|1321|1622|1853|2012|16 Ramazan 1448
20270224|0614|0739|1321|1623|1854|2013|17 Ramazan 1448
20270225|0613|0737|1321|1624|1855|2014|18 Ramazan 1448
20270226|0611|0736|1321|1624|1856|2015|19 Ramazan 1448
20270227|0610|0734|1321|1625|1857|2016|20 Ramazan 1448
20270228|0608|0733|1321|1626|1859|2018|21 Ramazan 1448
20270301|0607|0731|1320|1627|1900|2019|22 Ramazan 1448
20270302|0605|0730|1320|1628|1901|2020|23 Ramazan 1448
20270303|0604|0728|1320|1628|1902|2021|24 Ramazan 1448
20270304|0602|0726|1320|1629|1903|2022|25 Ramazan 1448
20270305|0601|0725|1320|1630|1904|2023|26 Ramazan 1448
20270306|0559|0723|1319|1630|1905|2024|27 Ramazan 1448
20270307|0558|0722|1319|1631|1907|2025|28 Ramazan 1448
20270308|0556|0720|1319|1632|1908|2027|29 Ramazan 1448
20270309|0554|0719|1319|1633|1909|2028|1 Şevval 1448
20270310|0553|0717|1318|1633|1910|2029|2 Şevval 1448
20270311|0551|0715|1318|1634|1911|2030|3 Şevval 1448
20270312|0549|0714|1318|1635|1912|2031|4 Şevval 1448
20270313|0548|0712|1318|1635|1913|2032|5 Şevval 1448
20270314|0546|0710|1317|1636|1914|2033|6 Şevval 1448
20270315|0544|0709|1317|1636|1915|2035|7 Şevval 1448
20270316|0542|0707|1317|1637|1917|2036|8 Şevval 1448
20270317|0541|0705|1317|1638|1918|2037|9 Şevval 1448
20270318|0539|0704|1316|1638|1919|2038|10 Şevval 1448
20270319|0537|0702|1316|1639|1920|2039|11 Şevval 1448
20270320|0535|0700|1316|1639|1921|2041|12 Şevval 1448
20270321|0534|0659|1315|1640|1922|2042|13 Şevval 1448
20270322|0532|0657|1315|1640|1923|2043|14 Şevval 1448
20270323|0530|0655|1315|1641|1924|2044|15 Şevval 1448
20270324|0528|0654|1314|1641|1925|2045|16 Şevval 1448
20270325|0526|0652|1314|1642|1926|2047|17 Şevval 1448
20270326|0524|0650|1314|1642|1927|2048|18 Şevval 1448
20270327|0523|0649|1314|1643|1928|2049|19 Şevval 1448
20270328|0521|0647|1313|1643|1929|2050|20 Şevval 1448
20270329|0519|0645|1313|1644|1931|2051|21 Şevval 1448
20270330|0517|0644|1313|1644|1932|2053|22 Şevval 1448
20270331|0515|0642|1312|1645|1933|2054|23 Şevval 1448
20270401|0513|0640|1312|1645|1934|2055|24 Şevval 1448
20270402|0511|0639|1312|1646|1935|2057|25 Şevval 1448
20270403|0509|0637|1311|1646|1936|2058|26 Şevval 1448
20270404|0507|0635|1311|1646|1937|2059|27 Şevval 1448
20270405|0506|0634|1311|1647|1938|2100|28 Şevval 1448
20270406|0504|0632|1311|1647|1939|2102|29 Şevval 1448
20270407|0502|0631|1310|1648|1940|2103|30 Şevval 1448
20270408|0500|0629|1310|1648|1941|2104|1 Zilkade 1448
20270409|0458|0627|1310|1648|1942|2106|2 Zilkade 1448
20270410|0456|0626|1309|1649|1943|2107|3 Zilkade 1448
20270411|0454|0624|1309|1649|1944|2108|4 Zilkade 1448
20270412|0452|0623|1309|1649|1945|2110|5 Zilkade 1448
20270413|0450|0621|1309|1650|1946|2111|6 Zilkade 1448
20270414|0448|0619|1308|1650|1947|2112|7 Zilkade 1448
20270415|0446|0618|1308|1650|1949|2114|8 Zilkade 1448
20270416|0444|0616|1308|1651|1950|2115|9 Zilkade 1448
20270417|0443|0615|1308|1651|1951|2117|10 Zilkade 1448
20270418|0441|0613|1307|1651|1952|2118|11 Zilkade 1448
20270419|0439|0612|1307|1652|1953|2120|12 Zilkade 1448
20270420|0437|0610|1307|1652|1954|2121|13 Zilkade 1448
20270421|0435|0609|1307|1652|1955|2122|14 Zilkade 1448
20270422|0433|0607|1307|1653|1956|2124|15 Zilkade 1448
20270423|0431|0606|1306|1653|1957|2125|16 Zilkade 1448
20270424|0429|0604|1306|1653|1958|2127|17 Zilkade 1448
20270425|0427|0603|1306|1654|1959|2128|18 Zilkade 1448
20270426|0426|0602|1306|1654|2000|2130|19 Zilkade 1448
20270427|0424|0600|1306|1654|2001|2131|20 Zilkade 1448
20270428|0422|0559|1306|1655|2002|2133|21 Zilkade 1448
20270429|0420|0558|1305|1655|2003|2134|22 Zilkade 1448
20270430|0418|0556|1305|1655|2004|2136|23 Zilkade 1448
20270501|0416|0555|1305|1655|2006|2137|24 Zilkade 1448
20270502|0415|0554|1305|1656|2007|2139|25 Zilkade 1448
20270503|0413|0552|1305|1656|2008|2140|26 Zilkade 1448
20270504|0411|0551|1305|1656|2009|2142|27 Zilkade 1448
20270505|0409|0550|1305|1657|2010|2143|28 Zilkade 1448
20270506|0408|0549|1305|1657|2011|2145|29 Zilkade 1448
20270507|0406|0547|1305|1657|2012|2146|1 Zilhicce 1448
20270508|0404|0546|1305|1657|2013|2148|2 Zilhicce 1448
20270509|0402|0545|1304|1658|2014|2149|3 Zilhicce 1448
20270510|0401|0544|1304|1658|2015|2151|4 Zilhicce 1448
20270511|0359|0543|1304|1658|2016|2152|5 Zilhicce 1448
20270512|0357|0542|1304|1659|2017|2154|6 Zilhicce 1448
20270513|0356|0541|1304|1659|2018|2155|7 Zilhicce 1448
20270514|0354|0540|1304|1659|2019|2157|8 Zilhicce 1448
20270515|0353|0539|1304|1659|2020|2158|9 Zilhicce 1448
20270516|0351|0538|1304|1700|2021|2200|10 Zilhicce 1448
20270517|0350|0537|1304|1700|2022|2201|11 Zilhicce 1448
20270518|0348|0536|1304|1700|2023|2203|12 Zilhicce 1448
20270519|0347|0535|1304|1701|2024|2204|13 Zilhicce 1448
20270520|0345|0534|1304|1701|2025|2206|14 Zilhicce 1448
20270521|0344|0533|1305|1701|2026|2207|15 Zilhicce 1448
20270522|0343|0533|1305|1701|2027|2209|16 Zilhicce 1448
20270523|0341|0532|1305|1702|2027|2210|17 Zilhicce 1448
20270524|0340|0531|1305|1702|2028|2211|18 Zilhicce 1448
20270525|0339|0531|1305|1702|2029|2213|19 Zilhicce 1448
20270526|0338|0530|1305|1703|2030|2214|20 Zilhicce 1448
20270527|0336|0529|1305|1703|2031|2215|21 Zilhicce 1448
20270528|0335|0529|1305|1703|2032|2217|22 Zilhicce 1448
20270529|0334|0528|1305|1703|2033|2218|23 Zilhicce 1448
20270530|0333|0527|1305|1704|2033|2219|24 Zilhicce 1448
20270531|0332|0527|1306|1704|2034|2220|25 Zilhicce 1448
20270601|0331|0527|1306|1704|2035|2222|26 Zilhicce 1448
20270602|0330|0526|1306|1705|2036|2223|27 Zilhicce 1448
20270603|0329|0526|1306|1705|2036|2224|28 Zilhicce 1448
20270604|0329|0525|1306|1705|2037|2225|29 Zilhicce 1448
20270605|0328|0525|1306|1705|2038|2226|30 Zilhicce 1448
20270606|0327|0525|1307|1706|2039|2227|1 Muharrem 1449
20270607|0327|0524|1307|1706|2039|2228|2 Muharrem 1449
20270608|0326|0524|1307|1706|2040|2229|3 Muharrem 1449
20270609|0325|0524|1307|1706|2040|2230|4 Muharrem 1449
20270610|0325|0524|1307|1707|2041|2231|5 Muharrem 1449
20270611|0324|0524|1308|1707|2041|2231|6 Muharrem 1449
20270612|0324|0523|1308|1707|2042|2232|7 Muharrem 1449
20270613|0324|0523|1308|1708|2042|2233|8 Muharrem 1449
20270614|0323|0523|1308|1708|2043|2234|9 Muharrem 1449
20270615|0323|0523|1308|1708|2043|2234|10 Muharrem 1449
20270616|0323|0523|1309|1708|2044|2235|11 Muharrem 1449
20270617|0323|0523|1309|1709|2044|2235|12 Muharrem 1449
20270618|0323|0524|1309|1709|2044|2236|13 Muharrem 1449
20270619|0323|0524|1309|1709|2045|2236|14 Muharrem 1449
20270620|0323|0524|1309|1709|2045|2236|15 Muharrem 1449
20270621|0323|0524|1310|1709|2045|2237|16 Muharrem 1449
20270622|0324|0524|1310|1710|2046|2237|17 Muharrem 1449
20270623|0324|0524|1310|1710|2046|2237|18 Muharrem 1449
20270624|0324|0525|1310|1710|2046|2237|19 Muharrem 1449
20270625|0325|0525|1311|1710|2046|2237|20 Muharrem 1449
20270626|0325|0525|1311|1711|2046|2237|21 Muharrem 1449
20270627|0325|0526|1311|1711|2046|2237|22 Muharrem 1449
20270628|0326|0526|1311|1711|2046|2237|23 Muharrem 1449
20270629|0327|0527|1311|1711|2046|2237|24 Muharrem 1449
20270630|0327|0527|1312|1711|2046|2237|25 Muharrem 1449
20270701|0328|0527|1312|1711|2046|2236|26 Muharrem 1449
20270702|0329|0528|1312|1711|2046|2236|27 Muharrem 1449
20270703|0330|0528|1312|1712|2046|2236|28 Muharrem 1449
20270704|0330|0529|1312|1712|2046|2235|29 Muharrem 1449
20270705|0331|0530|1312|1712|2045|2235|1 Safer 1449
20270706|0332|0530|1313|1712|2045|2234|2 Safer 1449
20270707|0333|0531|1313|1712|2045|2233|3 Safer 1449
20270708|0334|0531|1313|1712|2045|2233|4 Safer 1449
20270709|0335|0532|1313|1712|2044|2232|5 Safer 1449
20270710|0336|0533|1313|1712|2044|2231|6 Safer 1449
20270711|0338|0533|1313|1712|2043|2230|7 Safer 1449
20270712|0339|0534|1314|1712|2043|2230|8 Safer 1449
20270713|0340|0535|1314|1712|2042|2229|9 Safer 1449
20270714|0341|0536|1314|1712|2042|2228|10 Safer 1449
20270715|0343|0536|1314|1712|2041|2227|11 Safer 1449
20270716|0344|0537|1314|1712|2041|2226|12 Safer 1449
20270717|0345|0538|1314|1712|2040|2225|13 Safer 1449
20270718|0346|0539|1314|1712|2040|2224|14 Safer 1449
20270719|0348|0540|1314|1712|2039|2222|15 Safer 1449
20270720|0349|0541|1314|1712|2038|2221|16 Safer 1449
20270721|0351|0541|1314|1711|2037|2220|17 Safer 1449
20270722|0352|0542|1314|1711|2037|2219|18 Safer 1449
20270723|0353|0543|1314|1711|2036|2217|19 Safer 1449
20270724|0355|0544|1315|1711|2035|2216|20 Safer 1449
20270725|0356|0545|1315|1711|2034|2215|21 Safer 1449
20270726|0358|0546|1315|1710|2033|2213|22 Safer 1449
20270727|0359|0547|1315|1710|2032|2212|23 Safer 1449
20270728|0401|0548|1315|1710|2031|2211|24 Safer 1449
20270729|0402|0549|1315|1710|2030|2209|25 Safer 1449
20270730|0404|0550|1314|1709|2029|2208|26 Safer 1449
20270731|0405|0551|1314|1709|2028|2206|27 Safer 1449
20270801|0407|0552|1314|1709|2027|2204|28 Safer 1449
20270802|0408|0552|1314|1708|2026|2203|29 Safer 1449
20270803|0410|0553|1314|1708|2025|2201|1 Rebiulevvel 1449
20270804|0411|0554|1314|1708|2024|2200|2 Rebiulevvel 1449
20270805|0413|0555|1314|1707|2023|2158|3 Rebiulevvel 1449
20270806|0414|0556|1314|1707|2022|2156|4 Rebiulevvel 1449
20270807|0416|0557|1314|1706|2020|2155|5 Rebiulevvel 1449
20270808|0418|0558|1314|1706|2019|2153|6 Rebiulevvel 1449
20270809|0419|0559|1314|1705|2018|2151|7 Rebiulevvel 1449
20270810|0421|0600|1313|1705|2017|2149|8 Rebiulevvel 1449
20270811|0422|0601|1313|1704|2015|2148|9 Rebiulevvel 1449
20270812|0424|0602|1313|1704|2014|2146|10 Rebiulevvel 1449
20270813|0425|0603|1313|1703|2013|2144|11 Rebiulevvel 1449
20270814|0427|0604|1313|1702|2011|2142|12 Rebiulevvel 1449
20270815|0428|0605|1313|1702|2010|2141|13 Rebiulevvel 1449
20270816|0429|0606|1312|1701|2009|2139|14 Rebiulevvel 1449
20270817|0431|0607|1312|1701|2007|2137|15 Rebiulevvel 1449
20270818|0432|0608|1312|1700|2006|2135|16 Rebiulevvel 1449
20270819|0434|0609|1312|1659|2004|2133|17 Rebiulevvel 1449
20270820|0435|0610|1312|1658|2003|2131|18 Rebiulevvel 1449
20270821|0437|0611|1311|1658|2001|2130|19 Rebiulevvel 1449
20270822|0438|0612|1311|1657|2000|2128|20 Rebiulevvel 1449
20270823|0440|0613|1311|1656|1958|2126|21 Rebiulevvel 1449
20270824|0441|0614|1311|1655|1957|2124|22 Rebiulevvel 1449
20270825|0442|0615|1310|1655|1955|2122|23 Rebiulevvel 1449
20270826|0444|0616|1310|1654|1954|2120|24 Rebiulevvel 1449
20270827|0445|0617|1310|1653|1952|2118|25 Rebiulevvel 1449
20270828|0446|0618|1309|1652|1951|2116|26 Rebiulevvel 1449
20270829|0448|0619|1309|1651|1949|2114|27 Rebiulevvel 1449
20270830|0449|0620|1309|1650|1948|2112|28 Rebiulevvel 1449
20270831|0450|0621|1309|1649|1946|2111|29 Rebiulevvel 1449
20270901|0452|0622|1308|1649|1944|2109|30 Rebiulevvel 1449
20270902|0453|0623|1308|1648|1943|2107|1 Rebiulahir 1449
20270903|0454|0624|1308|1647|1941|2105|2 Rebiulahir 1449
20270904|0456|0625|1307|1646|1939|2103|3 Rebiulahir 1449
20270905|0457|0626|1307|1645|1938|2101|4 Rebiulahir 1449
20270906|0458|0627|1307|1644|1936|2059|5 Rebiulahir 1449
20270907|0500|0628|1306|1643|1934|2057|6 Rebiulahir 1449
20270908|0501|0629|1306|1642|1933|2055|7 Rebiulahir 1449
20270909|0502|0630|1306|1641|1931|2053|8 Rebiulahir 1449
20270910|0503|0631|1305|1640|1929|2051|9 Rebiulahir 1449
20270911|0505|0632|1305|1639|1928|2049|10 Rebiulahir 1449
20270912|0506|0633|1305|1638|1926|2048|11 Rebiulahir 1449
20270913|0507|0634|1304|1636|1924|2046|12 Rebiulahir 1449
20270914|0508|0635|1304|1635|1923|2044|13 Rebiulahir 1449
20270915|0509|0636|1303|1634|1921|2042|14 Rebiulahir 1449
20270916|0511|0637|1303|1633|1919|2040|15 Rebiulahir 1449
20270917|0512|0638|1303|1632|1918|2038|16 Rebiulahir 1449
20270918|0513|0639|1302|1631|1916|2036|17 Rebiulahir 1449
20270919|0514|0640|1302|1630|1914|2034|18 Rebiulahir 1449
20270920|0515|0641|1302|1629|1912|2033|19 Rebiulahir 1449
20270921|0516|0642|1301|1627|1911|2031|20 Rebiulahir 1449
20270922|0517|0643|1301|1626|1909|2029|21 Rebiulahir 1449
20270923|0519|0644|1301|1625|1907|2027|22 Rebiulahir 1449
20270924|0520|0645|1300|1624|1906|2025|23 Rebiulahir 1449
20270925|0521|0646|1300|1623|1904|2023|24 Rebiulahir 1449
20270926|0522|0647|1300|1622|1902|2022|25 Rebiulahir 1449
20270927|0523|0648|1259|1620|1901|2020|26 Rebiulahir 1449
20270928|0524|0649|1259|1619|1859|2018|27 Rebiulahir 1449
20270929|0525|0650|1259|1618|1857|2016|28 Rebiulahir 1449
20270930|0526|0651|1258|1617|1855|2015|29 Rebiulahir 1449
20271001|0527|0652|1258|1616|1854|2013|1 Cemaziyelevvel 1449
20271002|0529|0653|1258|1614|1852|2011|2 Cemaziyelevvel 1449
20271003|0530|0654|1257|1613|1850|2009|3 Cemaziyelevvel 1449
20271004|0531|0655|1257|1612|1849|2008|4 Cemaziyelevvel 1449
20271005|0532|0656|1257|1611|1847|2006|5 Cemaziyelevvel 1449
20271006|0533|0657|1256|1610|1846|2004|6 Cemaziyelevvel 1449
20271007|0534|0658|1256|1608|1844|2003|7 Cemaziyelevvel 1449
20271008|0535|0659|1256|1607|1842|2001|8 Cemaziyelevvel 1449
20271009|0536|0700|1255|1606|1841|1959|9 Cemaziyelevvel 1449
20271010|0537|0701|1255|1605|1839|1958|10 Cemaziyelevvel 1449
20271011|0538|0702|1255|1603|1837|1956|11 Cemaziyelevvel 1449
20271012|0539|0703|1255|1602|1836|1955|12 Cemaziyelevvel 1449
20271013|0540|0705|1254|1601|1834|1953|13 Cemaziyelevvel 1449
20271014|0541|0706|1254|1600|1833|1952|14 Cemaziyelevvel 1449
20271015|0542|0707|1254|1559|1831|1950|15 Cemaziyelevvel 1449
20271016|0543|0708|1254|1558|1830|1949|16 Cemaziyelevvel 1449
20271017|0545|0709|1253|1556|1828|1947|17 Cemaziyelevvel 1449
20271018|0546|0710|1253|1555|1827|1946|18 Cemaziyelevvel 1449
20271019|0547|0711|1253|1554|1825|1944|19 Cemaziyelevvel 1449
20271020|0548|0712|1253|1553|1824|1943|20 Cemaziyelevvel 1449
20271021|0549|0713|1253|1552|1822|1941|21 Cemaziyelevvel 1449
20271022|0550|0714|1253|1551|1821|1940|22 Cemaziyelevvel 1449
20271023|0551|0716|1252|1549|1819|1939|23 Cemaziyelevvel 1449
20271024|0552|0717|1252|1548|1818|1937|24 Cemaziyelevvel 1449
20271025|0553|0718|1252|1547|1816|1936|25 Cemaziyelevvel 1449
20271026|0554|0719|1252|1546|1815|1935|26 Cemaziyelevvel 1449
20271027|0555|0720|1252|1545|1814|1934|27 Cemaziyelevvel 1449
20271028|0556|0721|1252|1544|1812|1932|28 Cemaziyelevvel 1449
20271029|0557|0723|1252|1543|1811|1931|29 Cemaziyelevvel 1449
20271030|0558|0724|1252|1542|1810|1930|30 Cemaziyelevvel 1449
20271031|0559|0725|1252|1541|1808|1929|1 Cemaziyelahir 1449
20271101|0600|0726|1252|1540|1807|1928|2 Cemaziyelahir 1449
20271102|0601|0727|1252|1539|1806|1927|3 Cemaziyelahir 1449
20271103|0602|0728|1252|1538|1805|1926|4 Cemaziyelahir 1449
20271104|0603|0730|1252|1537|1804|1925|5 Cemaziyelahir 1449
20271105|0604|0731|1252|1536|1802|1923|6 Cemaziyelahir 1449
20271106|0605|0732|1252|1535|1801|1923|7 Cemaziyelahir 1449
20271107|0606|0733|1252|1534|1800|1922|8 Cemaziyelahir 1449
20271108|0607|0734|1252|1534|1759|1921|9 Cemaziyelahir 1449
20271109|0608|0735|1252|1533|1758|1920|10 Cemaziyelahir 1449
20271110|0609|0737|1252|1532|1757|1919|11 Cemaziyelahir 1449
20271111|0610|0738|1252|1531|1756|1918|12 Cemaziyelahir 1449
20271112|0612|0739|1252|1530|1755|1917|13 Cemaziyelahir 1449
20271113|0613|0740|1252|1530|1754|1916|14 Cemaziyelahir 1449
20271114|0614|0741|1252|1529|1753|1916|15 Cemaziyelahir 1449
20271115|0615|0743|1252|1528|1752|1915|16 Cemaziyelahir 1449
20271116|0616|0744|1253|1528|1751|1914|17 Cemaziyelahir 1449
20271117|0617|0745|1253|1527|1751|1914|18 Cemaziyelahir 1449
20271118|0618|0746|1253|1526|1750|1913|19 Cemaziyelahir 1449
20271119|0619|0747|1253|1526|1749|1912|20 Cemaziyelahir 1449
20271120|0620|0748|1253|1525|1748|1912|21 Cemaziyelahir 1449
20271121|0621|0750|1254|1525|1748|1911|22 Cemaziyelahir 1449
20271122|0622|0751|1254|1524|1747|1911|23 Cemaziyelahir 1449
20271123|0623|0752|1254|1524|1746|1910|24 Cemaziyelahir 1449
20271124|0624|0753|1254|1523|1746|1910|25 Cemaziyelahir 1449
20271125|0624|0754|1255|1523|1745|1910|26 Cemaziyelahir 1449
20271126|0625|0755|1255|1522|1745|1909|27 Cemaziyelahir 1449
20271127|0626|0756|1255|1522|1744|1909|28 Cemaziyelahir 1449
20271128|0627|0757|1256|1522|1744|1909|29 Cemaziyelahir 1449
20271129|0628|0759|1256|1522|1743|1908|1 Recep 1449
20271130|0629|0800|1256|1521|1743|1908|2 Recep 1449
20271201|0630|0801|1257|1521|1743|1908|3 Recep 1449
20271202|0631|0802|1257|1521|1743|1908|4 Recep 1449
20271203|0632|0803|1257|1521|1742|1908|5 Recep 1449
20271204|0633|0804|1258|1521|1742|1908|6 Recep 1449
20271205|0634|0805|1258|1521|1742|1908|7 Recep 1449
20271206|0634|0806|1259|1521|1742|1908|8 Recep 1449
20271207|0635|0807|1259|1521|1742|1908|9 Recep 1449
20271208|0636|0807|1300|1521|1742|1908|10 Recep 1449
20271209|0637|0808|1300|1521|1742|1908|11 Recep 1449
20271210|0638|0809|1300|1521|1742|1908|12 Recep 1449
20271211|0638|0810|1301|1521|1742|1908|13 Recep 1449
20271212|0639|0811|1301|1521|1742|1908|14 Recep 1449
20271213|0640|0812|1302|1521|1742|1908|15 Recep 1449
20271214|0640|0812|1302|1521|1742|1909|16 Recep 1449
20271215|0641|0813|1303|1522|1742|1909|17 Recep 1449
20271216|0642|0814|1303|1522|1743|1909|18 Recep 1449
20271217|0642|0815|1304|1522|1743|1910|19 Recep 1449
20271218|0643|0815|1304|1523|1743|1910|20 Recep 1449
20271219|0644|0816|1305|1523|1744|1910|21 Recep 1449
20271220|0644|0816|1305|1523|1744|1911|22 Recep 1449
20271221|0645|0817|1306|1524|1744|1911|23 Recep 1449
20271222|0645|0817|1306|1524|1745|1912|24 Recep 1449
20271223|0646|0818|1307|1525|1745|1912|25 Recep 1449
20271224|0646|0818|1307|1525|1746|1913|26 Recep 1449
20271225|0647|0819|1308|1526|1747|1913|27 Recep 1449
20271226|0647|0819|1308|1527|1747|1914|28 Recep 1449
20271227|0647|0820|1309|1527|1748|1914|29 Recep 1449
20271228|0648|0820|1309|1528|1748|1915|30 Recep 1449
20271229|0648|0820|1310|1529|1749|1916|1 Şaban 1449
20271230|0648|0820|1310|1529|1750|1916|2 Şaban 1449
20271231|0649|0821|1311|1530|1751|1917|3 Şaban 1449
#@9550|Sultangazi|ISTANBUL|730
20260101|0651|0823|1313|1532|1753|1919|12 Recep 1447
20260102|0651|0823|1313|1533|1754|1920|13 Recep 1447
20260103|0651|0823|1314|1534|1755|1921|14 Recep 1447
20260104|0651|0823|1314|1535|1756|1922|15 Recep 1447
20260105|0651|0823|1315|1535|1756|1923|16 Recep 1447
20260106|0651|0823|1315|1536|1757|1923|17 Recep 1447
20260107|0651|0823|1316|1537|1758|1924|18 Recep 1447
20260108|0651|0823|1316|1538|1759|1925|19 Recep 1447
20260109|0651|0822|1316|1539|1800|1926|20 Recep 1447
20260110|0651|0822|1317|1540|1801|1927|21 Recep 1447
20260111|0651|0822|1317|1541|1802|1928|22 Recep 1447
20260112|0651|0822|1318|1542|1803|1929|23 Recep 1447
20260113|0651|0821|1318|1543|1805|1930|24 Recep 1447
20260114|0650|0821|1318|1544|1806|1931|25 Recep 1447
20260115|0650|0821|1319|1545|1807|1932|26 Recep 1447
20260116|0650|0820|1319|1546|1808|1933|27 Recep 1447
20260117|0650|0820|1319|1547|1809|1934|28 Recep 1447
20260118|0649|0819|1320|1548|1810|1935|29 Recep 1447
20260119|0649|0819|1320|1549|1811|1936|30 Recep 1447
20260120|0649|0818|1320|1550|1813|1937|1 Şaban 1447
20260121|0648|0817|1321|1551|1814|1938|2 Şaban 1447
20260122|0648|0817|1321|1552|1815|1939|3 Şaban 1447
20260123|0647|0816|1321|1553|1816|1940|4 Şaban 1447
20260124|0647|0815|1321|1554|1817|1941|5 Şaban 1447
20260125|0646|0815|1322|1555|1819|1942|6 Şaban 1447
20260126|0645|0814|1322|1556|1820|1943|7 Şaban 1447
20260127|0645|0813|1322|1557|1821|1944|8 Şaban 1447
20260128|0644|0812|1322|1558|1822|1945|9 Şaban 1447
20260129|0643|0811|1322|1559|1824|1946|10 Şaban 1447
20260130|0643|0811|1323|1600|1825|1947|11 Şaban 1447
20260131|0642|0810|1323|1601|1826|1948|12 Şaban 1447
20260201|0641|0809|1323|1602|1827|1949|13 Şaban 1447
20260202|0640|0808|1323|1603|1828|1950|14 Şaban 1447
20260203|0639|0807|1323|1604|1830|1952|15 Şaban 1447
20260204|0639|0806|1323|1605|1831|1953|16 Şaban 1447
20260205|0638|0805|1323|1606|1832|1954|17 Şaban 1447
20260206|0637|0803|1323|1607|1834|1955|18 Şaban 1447
20260207|0636|0802|1324|1608|1835|1956|19 Şaban 1447
20260208|0635|0801|1324|1609|1836|1957|20 Şaban 1447
20260209|0634|0800|1324|1610|1837|1958|21 Şaban 1447
20260210|0633|0759|1324|1611|1838|1959|22 Şaban 1447
20260211|0632|0758|1324|1612|1840|2000|23 Şaban 1447
20260212|0630|0756|1324|1613|1841|2001|24 Şaban 1447
20260213|0629|0755|1324|1614|1842|2003|25 Şaban 1447
20260214|0628|0754|1324|1615|1843|2004|26 Şaban 1447
20260215|0627|0752|1324|1616|1845|2005|27 Şaban 1447
20260216|0626|0751|1324|1617|1846|2006|28 Şaban 1447
20260217|0625|0750|1323|1618|1847|2007|29 Şaban 1447
20260218|0623|0748|1323|1619|1848|2008|30 Şaban 1447
20260219|0622|0747|1323|1620|1850|2009|1 Ramazan 1447
20260220|0621|0746|1323|1621|1851|2010|2 Ramazan 1447
20260221|0619|0744|1323|1622|1852|2012|3 Ramazan 1447
20260222|0618|0743|1323|1623|1853|2013|4 Ramazan 1447
20260223|0617|0741|1323|1623|1854|2014|5 Ramazan 1447
20260224|0615|0740|1323|1624|1856|2015|6 Ramazan 1447
20260225|0614|0738|1323|1625|1857|2016|7 Ramazan 1447
20260226|0612|0737|1322|1626|1858|2017|8 Ramazan 1447
20260227|0611|0735|1322|1627|1859|2018|9 Ramazan 1447
20260228|0609|0734|1322|1627|1900|2019|10 Ramazan 1447
20260301|0608|0732|1322|1628|1901|2020|11 Ramazan 1447
20260302|0606|0731|1322|1629|1903|2022|12 Ramazan 1447
20260303|0605|0729|1321|1630|1904|2023|13 Ramazan 1447
20260304|0603|0728|1321|1631|1905|2024|14 Ramazan 1447
20260305|0602|0726|1321|1631|1906|2025|15 Ramazan 1447
20260306|0600|0724|1321|1632|1907|2026|16 Ramazan 1447
20260307|0558|0723|1321|1633|1908|2027|17 Ramazan 1447
20260308|0557|0721|1320|1633|1909|2028|18 Ramazan 1447
20260309|0555|0720|1320|1634|1911|2030|19 Ramazan 1447
20260310|0554|0718|1320|1635|1912|2031|20 Ramazan 1447
20260311|0552|0716|1320|1635|1913|2032|21 Ramazan 1447
20260312|0550|0715|1319|1636|1914|2033|22 Ramazan 1447
20260313|0548|0713|1319|1637|1915|2034|23 Ramazan 1447
20260314|0547|0711|1319|1637|1916|2035|24 Ramazan 1447
20260315|0545|0710|1318|1638|1917|2037|25 Ramazan 1447
20260316|0543|0708|1318|1638|1918|2038|26 Ramazan 1447
20260317|0541|0706|1318|1639|1919|2039|27 Ramazan 1447
20260318|0540|0705|1318|1640|1920|2040|28 Ramazan 1447
20260319|0538|0703|1317|1640|1922|2041|29 Ramazan 1447
20260320|0536|0701|1317|1641|1923|2042|1 Şevval 1447
20260321|0534|0700|1317|1641|1924|2044|2 Şevval 1447
20260322|0533|0658|1316|1642|1925|2045|3 Şevval 1447
20260323|0531|0656|1316|1642|1926|2046|4 Şevval 1447
20260324|0529|0655|1316|1643|1927|2047|5 Şevval 1447
20260325|0527|0653|1316|1643|1928|2049|6 Şevval 1447
20260326|0525|0651|1315|1644|1929|2050|7 Şevval 1447
20260327|0523|0650|1315|1644|1930|2051|8 Şevval 1447
20260328|0521|0648|1315|1645|1931|2052|9 Şevval 1447
20260329|0520|0646|1314|1645|1932|2054|10 Şevval 1447
20260330|0518|0645|1314|1646|1933|2055|11 Şevval 1447
20260331|0516|0643|1314|1646|1934|2056|12 Şevval 1447
20260401|0514|0641|1313|1647|1936|2057|13 Şevval 1447
20260402|0512|0640|1313|1647|1937|2059|14 Şevval 1447
20260403|0510|0638|1313|1648|1938|2100|15 Şevval 1447
20260404|0508|0636|1313|1648|1939|2101|16 Şevval 1447
20260405|0506|0635|1312|1648|1940|2102|17 Şevval 1447
20260406|0504|0633|1312|1649|1941|2104|18 Şevval 1447
20260407|0502|0632|1312|1649|1942|2105|19 Şevval 1447
20260408|0500|0630|1311|1650|1943|2106|20 Şevval 1447
20260409|0459|0628|1311|1650|1944|2108|21 Şevval 1447
20260410|0457|0627|1311|1650|1945|2109|22 Şevval 1447
20260411|0455|0625|1311|1651|1946|2111|23 Şevval 1447
20260412|0453|0623|1310|1651|1947|2112|24 Şevval 1447
20260413|0451|0622|1310|1651|1948|2113|25 Şevval 1447
20260414|0449|0620|1310|1652|1949|2115|26 Şevval 1447
20260415|0447|0619|1310|1652|1950|2116|27 Şevval 1447
20260416|0445|0617|1309|1652|1952|2117|28 Şevval 1447
20260417|0443|0616|1309|1653|1953|2119|29 Şevval 1447
20260418|0441|0614|1309|1653|1954|2120|1 Zilkade 1447
20260419|0439|0613|1309|1653|1955|2122|2 Zilkade 1447
20260420|0437|0611|1308|1654|1956|2123|3 Zilkade 1447
20260421|0435|0610|1308|1654|1957|2125|4 Zilkade 1447
20260422|0434|0608|1308|1654|1958|2126|5 Zilkade 1447
20260423|0432|0607|1308|1655|1959|2128|6 Zilkade 1447
20260424|0430|0605|1308|1655|2000|2129|7 Zilkade 1447
20260425|0428|0604|1307|1655|2001|2131|8 Zilkade 1447
20260426|0426|0603|1307|1656|2002|2132|9 Zilkade 1447
20260427|0424|0601|1307|1656|2003|2133|10 Zilkade 1447
20260428|0422|0600|1307|1656|2004|2135|11 Zilkade 1447
20260429|0420|0558|1307|1657|2005|2137|12 Zilkade 1447
20260430|0419|0557|1307|1657|2006|2138|13 Zilkade 1447
20260501|0417|0556|1307|1657|2007|2140|14 Zilkade 1447
20260502|0415|0554|1306|1657|2009|2141|15 Zilkade 1447
20260503|0413|0553|1306|1658|2010|2143|16 Zilkade 1447
20260504|0411|0552|1306|1658|2011|2144|17 Zilkade 1447
20260505|0410|0551|1306|1658|2012|2146|18 Zilkade 1447
20260506|0408|0550|1306|1659|2013|2147|19 Zilkade 1447
20260507|0406|0548|1306|1659|2014|2149|20 Zilkade 1447
20260508|0404|0547|1306|1659|2015|2150|21 Zilkade 1447
20260509|0403|0546|1306|1659|2016|2152|22 Zilkade 1447
20260510|0401|0545|1306|1700|2017|2153|23 Zilkade 1447
20260511|0359|0544|1306|1700|2018|2155|24 Zilkade 1447
20260512|0358|0543|1306|1700|2019|2156|25 Zilkade 1447
20260513|0356|0542|1306|1701|2020|2158|26 Zilkade 1447
20260514|0355|0541|1306|1701|2021|2159|27 Zilkade 1447
20260515|0353|0540|1306|1701|2022|2201|28 Zilkade 1447
20260516|0352|0539|1306|1701|2023|2202|29 Zilkade 1447
20260517|0350|0538|1306|1702|2024|2204|30 Zilkade 1447
20260518|0349|0537|1306|1702|2025|2205|1 Zilhicce 1447
20260519|0347|0536|1306|1702|2026|2207|2 Zilhicce 1447
20260520|0346|0535|1306|1703|2027|2208|3 Zilhicce 1447
20260521|0344|0534|1306|1703|2028|2210|4 Zilhicce 1447
20260522|0343|0534|1306|1703|2029|2211|5 Zilhicce 1447
20260523|0342|0533|1306|1703|2030|2213|6 Zilhicce 1447
20260524|0340|0532|1306|1704|2030|2214|7 Zilhicce 1447
20260525|0339|0531|1306|1704|2031|2215|8 Zilhicce 1447
20260526|0338|0531|1306|1704|2032|2217|9 Zilhicce 1447
20260527|0337|0530|1307|1705|2033|2218|10 Zilhicce 1447
20260528|0336|0530|1307|1705|2034|2219|11 Zilhicce 1447
20260529|0335|0529|1307|1705|2035|2221|12 Zilhicce 1447
20260530|0333|0528|1307|1705|2035|2222|13 Zilhicce 1447
20260531|0332|0528|1307|1706|2036|2223|14 Zilhicce 1447
20260601|0332|0527|1307|1706|2037|2224|15 Zilhicce 1447
20260602|0331|0527|1307|1706|2038|2225|16 Zilhicce 1447
20260603|0330|0527|1308|1707|2039|2226|17 Zilhicce 1447
20260604|0329|0526|1308|1707|2039|2228|18 Zilhicce 1447
20260605|0328|0526|1308|1707|2040|2229|19 Zilhicce 1447
20260606|0327|0526|1308|1707|2041|2230|20 Zilhicce 1447
20260607|0327|0525|1308|1708|2041|2231|21 Zilhicce 1447
20260608|0326|0525|1308|1708|2042|2232|22 Zilhicce 1447
20260609|0326|0525|1309|1708|2042|2232|23 Zilhicce 1447
20260610|0325|0525|1309|1709|2043|2233|24 Zilhicce 1447
20260611|0325|0525|1309|1709|2043|2234|25 Zilhicce 1447
20260612|0324|0524|1309|1709|2044|2235|26 Zilhicce 1447
20260613|0324|0524|1309|1709|2044|2235|27 Zilhicce 1447
20260614|0324|0524|1310|1710|2045|2236|28 Zilhicce 1447
20260615|0324|0524|1310|1710|2045|2237|29 Zilhicce 1447
20260616|0324|0524|1310|1710|2046|2237|1 Muharrem 1448
20260617|0323|0524|1310|1710|2046|2238|2 Muharrem 1448
20260618|0323|0525|1311|1711|2046|2238|3 Muharrem 1448
20260619|0323|0525|1311|1711|2047|2239|4 Muharrem 1448
20260620|0324|0525|1311|1711|2047|2239|5 Muharrem 1448
20260621|0324|0525|1311|1711|2047|2239|6 Muharrem 1448
20260622|0324|0525|1311|1712|2048|2239|7 Muharrem 1448
20260623|0324|0526|1312|1712|2048|2239|8 Muharrem 1448
20260624|0325|0526|1312|1712|2048|2240|9 Muharrem 1448
20260625|0325|0526|1312|1712|2048|2240|10 Muharrem 1448
20260626|0325|0526|1312|1712|2048|2240|11 Muharrem 1448
20260627|0326|0527|1312|1712|2048|2239|12 Muharrem 1448
20260628|0327|0527|1313|1713|2048|2239|13 Muharrem 1448
20260629|0327|0528|1313|1713|2048|2239|14 Muharrem 1448
20260630|0328|0528|1313|1713|2048|2239|15 Muharrem 1448
20260701|0329|0529|1313|1713|2048|2239|16 Muharrem 1448
20260702|0329|0529|1313|1713|2048|2238|17 Muharrem 1448
20260703|0330|0530|1314|1713|2048|2238|18 Muharrem 1448
20260704|0331|0530|1314|1713|2047|2237|19 Muharrem 1448
20260705|0332|0531|1314|1714|2047|2237|20 Muharrem 1448
20260706|0333|0531|1314|1714|2047|2236|21 Muharrem 1448
20260707|0334|0532|1314|1714|2047|2236|22 Muharrem 1448
20260708|0335|0533|1314|1714|2046|2235|23 Muharrem 1448
20260709|0336|0533|1315|1714|2046|2234|24 Muharrem 1448
20260710|0337|0534|1315|1714|2046|2233|25 Muharrem 1448
20260711|0338|0535|1315|1714|2045|2233|26 Muharrem 1448
20260712|0340|0535|1315|1714|2045|2232|27 Muharrem 1448
20260713|0341|0536|1315|1714|2044|2231|28 Muharrem 1448
20260714|0342|0537|1315|1714|2044|2230|29 Muharrem 1448
20260715|0343|0538|1315|1714|2043|2229|1 Safer 1448
20260716|0345|0539|1316|1714|2043|2228|2 Safer 1448
20260717|0346|0539|1316|1714|2042|2227|3 Safer 1448
20260718|0347|0540|1316|1714|2041|2226|4 Safer 1448
20260719|0349|0541|1316|1713|2041|2224|5 Safer 1448
20260720|0350|0542|1316|1713|2040|2223|6 Safer 1448
20260721|0352|0543|1316|1713|2039|2222|7 Safer 1448
20260722|0353|0544|1316|1713|2038|2221|8 Safer 1448
20260723|0354|0544|1316|1713|2037|2219|9 Safer 1448
20260724|0356|0545|1316|1713|2037|2218|10 Safer 1448
20260725|0357|0546|1316|1712|2036|2217|11 Safer 1448
20260726|0359|0547|1316|1712|2035|2215|12 Safer 1448
20260727|0400|0548|1316|1712|2034|2214|13 Safer 1448
20260728|0402|0549|1316|1712|2033|2212|14 Safer 1448
20260729|0403|0550|1316|1711|2032|2211|15 Safer 1448
20260730|0405|0551|1316|1711|2031|2209|16 Safer 1448
20260731|0406|0552|1316|1711|2030|2208|17 Safer 1448
20260801|0408|0553|1316|1710|2029|2206|18 Safer 1448
20260802|0410|0554|1316|1710|2028|2205|19 Safer 1448
20260803|0411|0555|1316|1710|2027|2203|20 Safer 1448
20260804|0413|0556|1316|1709|2025|2201|21 Safer 1448
20260805|0414|0557|1316|1709|2024|2200|22 Safer 1448
20260806|0416|0558|1315|1708|2023|2158|23 Safer 1448
20260807|0417|0559|1315|1708|2022|2156|24 Safer 1448
20260808|0419|0600|1315|1707|2021|2155|25 Safer 1448
20260809|0420|0601|1315|1707|2019|2153|26 Safer 1448
20260810|0422|0602|1315|1706|2018|2151|27 Safer 1448
20260811|0423|0603|1315|1706|2017|2149|28 Safer 1448
20260812|0425|0604|1315|1705|2015|2148|29 Safer 1448
20260813|0426|0605|1314|1705|2014|2146|30 Safer 1448
20260814|0428|0606|1314|1704|2013|2144|1 Rebiulevvel 1448
20260815|0429|0607|1314|1703|2011|2142|2 Rebiulevvel 1448
20260816|0431|0608|1314|1703|2010|2140|3 Rebiulevvel 1448
20260817|0432|0609|1314|1702|2009|2138|4 Rebiulevvel 1448
20260818|0434|0610|1313|1701|2007|2137|5 Rebiulevvel 1448
20260819|0435|0611|1313|1701|2006|2135|6 Rebiulevvel 1448
20260820|0437|0612|1313|1700|2004|2133|7 Rebiulevvel 1448
20260821|0438|0613|1313|1659|2003|2131|8 Rebiulevvel 1448
20260822|0439|0614|1312|1658|2001|2129|9 Rebiulevvel 1448
20260823|0441|0615|1312|1658|2000|2127|10 Rebiulevvel 1448
20260824|0442|0616|1312|1657|1958|2125|11 Rebiulevvel 1448
20260825|0444|0617|1312|1656|1957|2123|12 Rebiulevvel 1448
20260826|0445|0618|1311|1655|1955|2121|13 Rebiulevvel 1448
20260827|0446|0619|1311|1654|1954|2120|14 Rebiulevvel 1448
20260828|0448|0620|1311|1653|1952|2118|15 Rebiulevvel 1448
20260829|0449|0621|1311|1653|1950|2116|16 Rebiulevvel 1448
20260830|0451|0622|1310|1652|1949|2114|17 Rebiulevvel 1448
20260831|0452|0623|1310|1651|1947|2112|18 Rebiulevvel 1448
20260901|0453|0624|1310|1650|1946|2110|19 Rebiulevvel 1448
20260902|0455|0625|1309|1649|1944|2108|20 Rebiulevvel 1448
20260903|0456|0626|1309|1648|1942|2106|21 Rebiulevvel 1448
20260904|0457|0627|1309|1647|1941|2104|22 Rebiulevvel 1448
20260905|0458|0628|1308|1646|1939|2102|23 Rebiulevvel 1448
20260906|0500|0629|1308|1645|1937|2100|24 Rebiulevvel 1448
20260907|0501|0630|1308|1644|1936|2058|25 Rebiulevvel 1448
20260908|0502|0631|1307|1643|1934|2057|26 Rebiulevvel 1448
20260909|0504|0632|1307|1642|1932|2055|27 Rebiulevvel 1448
20260910|0505|0633|1307|1641|1931|2053|28 Rebiulevvel 1448
20260911|0506|0634|1306|1640|1929|2051|29 Rebiulevvel 1448
20260912|0507|0635|1306|1639|1927|2049|1 Rebiulahir 1448
20260913|0508|0636|1306|1638|1926|2047|2 Rebiulahir 1448
20260914|0510|0637|1305|1637|1924|2045|3 Rebiulahir 1448
20260915|0511|0638|1305|1635|1922|2043|4 Rebiulahir 1448
20260916|0512|0639|1304|1634|1920|2041|5 Rebiulahir 1448
20260917|0513|0640|1304|1633|1919|2039|6 Rebiulahir 1448
20260918|0514|0641|1304|1632|1917|2038|7 Rebiulahir 1448
20260919|0516|0642|1303|1631|1915|2036|8 Rebiulahir 1448
20260920|0517|0643|1303|1630|1914|2034|9 Rebiulahir 1448
20260921|0518|0644|1303|1629|1912|2032|10 Rebiulahir 1448
20260922|0519|0645|1302|1627|1910|2030|11 Rebiulahir 1448
20260923|0520|0646|1302|1626|1908|2028|12 Rebiulahir 1448
20260924|0521|0647|1302|1625|1907|2026|13 Rebiulahir 1448
20260925|0522|0648|1301|1624|1905|2025|14 Rebiulahir 1448
20260926|0524|0649|1301|1623|1903|2023|15 Rebiulahir 1448
20260927|0525|0650|1301|1621|1902|2021|16 Rebiulahir 1448
20260928|0526|0651|1300|1620|1900|2019|17 Rebiulahir 1448
20260929|0527|0652|1300|1619|1858|2018|18 Rebiulahir 1448
20260930|0528|0653|1300|1618|1857|2016|19 Rebiulahir 1448
20261001|0529|0654|1259|1617|1855|2014|20 Rebiulahir 1448
20261002|0530|0655|1259|1615|1853|2012|21 Rebiulahir 1448
20261003|0531|0656|1259|1614|1851|2011|22 Rebiulahir 1448
20261004|0532|0657|1258|1613|1850|2009|23 Rebiulahir 1448
20261005|0533|0658|1258|1612|1848|2007|24 Rebiulahir 1448
20261006|0534|0659|1258|1611|1847|2006|25 Rebiulahir 1448
20261007|0536|0700|1257|1609|1845|2004|26 Rebiulahir 1448
20261008|0537|0701|1257|1608|1843|2002|27 Rebiulahir 1448
20261009|0538|0702|1257|1607|1842|2001|28 Rebiulahir 1448
20261010|0539|0703|1257|1606|1840|1959|29 Rebiulahir 1448
20261011|0540|0704|1256|1605|1838|1957|30 Rebiulahir 1448
20261012|0541|0705|1256|1603|1837|1956|1 Cemaziyelevvel 1448
20261013|0542|0706|1256|1602|1835|1954|2 Cemaziyelevvel 1448
20261014|0543|0707|1256|1601|1834|1953|3 Cemaziyelevvel 1448
20261015|0544|0709|1255|1600|1832|1951|4 Cemaziyelevvel 1448
20261016|0545|0710|1255|1559|1831|1950|5 Cemaziyelevvel 1448
20261017|0546|0711|1255|1557|1829|1948|6 Cemaziyelevvel 1448
20261018|0547|0712|1255|1556|1827|1947|7 Cemaziyelevvel 1448
20261019|0548|0713|1254|1555|1826|1945|8 Cemaziyelevvel 1448
20261020|0549|0714|1254|1554|1825|1944|9 Cemaziyelevvel 1448
20261021|0550|0715|1254|1553|1823|1943|10 Cemaziyelevvel 1448
20261022|0551|0716|1254|1552|1822|1941|11 Cemaziyelevvel 1448
20261023|0552|0718|1254|1550|1820|1940|12 Cemaziyelevvel 1448
20261024|0554|0719|1254|1549|1819|1939|13 Cemaziyelevvel 1448
20261025|0555|0720|1254|1548|1817|1937|14 Cemaziyelevvel 1448
20261026|0556|0721|1253|1547|1816|1936|15 Cemaziyelevvel 1448
20261027|0557|0722|1253|1546|1815|1935|16 Cemaziyelevvel 1448
20261028|0558|0723|1253|1545|1813|1934|17 Cemaziyelevvel 1448
20261029|0559|0724|1253|1544|1812|1932|18 Cemaziyelevvel 1448
20261030|0600|0726|1253|1543|1811|1931|19 Cemaziyelevvel 1448
20261031|0601|0727|1253|1542|1809|1930|20 Cemaziyelevvel 1448
20261101|0602|0728|1253|1541|1808|1929|21 Cemaziyelevvel 1448
20261102|0603|0729|1253|1540|1807|1928|22 Cemaziyelevvel 1448
20261103|0604|0730|1253|1539|1806|1927|23 Cemaziyelevvel 1448
20261104|0605|0732|1253|1538|1804|1926|24 Cemaziyelevvel 1448
20261105|0606|0733|1253|1537|1803|1925|25 Cemaziyelevvel 1448
20261106|0607|0734|1253|1536|1802|1924|26 Cemaziyelevvel 1448
20261107|0608|0735|1253|1535|1801|1923|27 Cemaziyelevvel 1448
20261108|0609|0736|1253|1535|1800|1922|28 Cemaziyelevvel 1448
20261109|0610|0738|1253|1534|1759|1921|29 Cemaziyelevvel 1448
20261110|0611|0739|1253|1533|1758|1920|1 Cemaziyelahir 1448
20261111|0612|0740|1253|1532|1757|1919|2 Cemaziyelahir 1448
20261112|0613|0741|1254|1531|1756|1918|3 Cemaziyelahir 1448
20261113|0614|0742|1254|1531|1755|1918|4 Cemaziyelahir 1448
20261114|0615|0744|1254|1530|1754|1917|5 Cemaziyelahir 1448
20261115|0616|0745|1254|1529|1753|1916|6 Cemaziyelahir 1448
20261116|0617|0746|1254|1529|1752|1915|7 Cemaziyelahir 1448
20261117|0618|0747|1254|1528|1752|1915|8 Cemaziyelahir 1448
20261118|0619|0748|1254|1527|1751|1914|9 Cemaziyelahir 1448
20261119|0620|0749|1255|1527|1750|1914|10 Cemaziyelahir 1448
20261120|0621|0751|1255|1526|1749|1913|11 Cemaziyelahir 1448
20261121|0622|0752|1255|1526|1749|1913|12 Cemaziyelahir 1448
20261122|0623|0753|1255|1525|1748|1912|13 Cemaziyelahir 1448
20261123|0624|0754|1256|1525|1747|1912|14 Cemaziyelahir 1448
20261124|0625|0755|1256|1524|1747|1911|15 Cemaziyelahir 1448
20261125|0626|0756|1256|1524|1746|1911|16 Cemaziyelahir 1448
20261126|0627|0757|1257|1523|1746|1910|17 Cemaziyelahir 1448
20261127|0628|0759|1257|1523|1745|1910|18 Cemaziyelahir 1448
20261128|0629|0800|1257|1523|1745|1910|19 Cemaziyelahir 1448
20261129|0630|0801|1258|1523|1744|1910|20 Cemaziyelahir 1448
20261130|0631|0802|1258|1522|1744|1909|21 Cemaziyelahir 1448
20261201|0632|0803|1258|1522|1744|1909|22 Cemaziyelahir 1448
20261202|0633|0804|1259|1522|1744|1909|23 Cemaziyelahir 1448
20261203|0634|0805|1259|1522|1743|1909|24 Cemaziyelahir 1448
20261204|0635|0806|1259|1522|1743|1909|25 Cemaziyelahir 1448
20261205|0635|0807|1300|1522|1743|1909|26 Cemaziyelahir 1448
20261206|0636|0808|1300|1522|1743|1909|27 Cemaziyelahir 1448
20261207|0637|0809|1301|1522|1743|1909|28 Cemaziyelahir 1448
20261208|0638|0810|1301|1522|1743|1909|29 Cemaziyelahir 1448
20261209|0639|0810|1302|1522|1743|1909|30 Cemaziyelahir 1448
20261210|0639|0811|1302|1522|1743|1909|1 Recep 1448
20261211|0640|0812|1302|1522|1743|1909|2 Recep 1448
20261212|0641|0813|1303|1522|1743|1909|3 Recep 1448
20261213|0642|0814|1303|1522|1743|1910|4 Recep 1448
20261214|0642|0815|1304|1523|1743|1910|5 Recep 1448
20261215|0643|0815|1304|1523|1743|1910|6 Recep 1448
20261216|0644|0816|1305|1523|1744|1911|7 Recep 1448
20261217|0644|0817|1305|1523|1744|1911|8 Recep 1448
20261218|0645|0817|1306|1524|1744|1911|9 Recep 1448
20261219|0645|0818|1306|1524|1745|1912|10 Recep 1448
20261220|0646|0818|1307|1525|1745|1912|11 Recep 1448
20261221|0646|0819|1307|1525|1746|1913|12 Recep 1448
20261222|0647|0819|1308|1526|1746|1913|13 Recep 1448
20261223|0647|0820|1308|1526|1747|1914|14 Recep 1448
20261224|0648|0820|1309|1527|1747|1914|15 Recep 1448
20261225|0648|0821|1309|1527|1748|1915|16 Recep 1448
20261226|0649|0821|1310|1528|1748|1915|17 Recep 1448
20261227|0649|0822|1310|1528|1749|1916|18 Recep 1448
20261228|0649|0822|1311|1529|1750|1916|19 Recep 1448
20261229|0650|0822|1311|1530|1750|1917|20 Recep 1448
20261230|0650|0822|1312|1530|1751|1918|21 Recep 1448
20261231|0650|0822|1312|1531|1752|1919|22 Recep 1448
20270101|0651|0823|1313|1532|1753|1919|23 Recep 1448
20270102|0651|0823|1313|1533|1754|1920|24 Recep 1448
20270103|0651|0823|1314|1534|1754|1921|25 Recep 1448
20270104|0651|0823|1314|1534|1755|1922|26 Recep 1448
20270105|0651|0823|1315|1535|1756|1922|27 Recep 1448
20270106|0651|0823|1315|1536|1757|1923|28 Recep 1448
20270107|0651|0823|1315|1537|1758|1924|29 Recep 1448
20270108|0651|0823|1316|1538|1759|1925|30 Recep 1448
20270109|0651|0822|1316|1539|1800|1926|1 Şaban 1448
20270110|0651|0822|1317|1540|1801|1927|2 Şaban 1448
20270111|0651|0822|1317|1541|1802|1928|3 Şaban 1448
20270112|0651|0822|1317|1542|1803|1929|4 Şaban 1448
20270113|0651|0821|1318|1542|1804|1930|5 Şaban 1448
20270114|0651|0821|1318|1543|1805|1930|6 Şaban 1448
20270115|0650|0821|1319|1544|1807|1931|7 Şaban 1448
20270116|0650|0820|1319|1545|1808|1932|8 Şaban 1448
20270117|0650|0820|1319|1546|1809|1933|9 Şaban 1448
20270118|0649|0819|1320|1547|1810|1934|10 Şaban 1448
20270119|0649|0819|1320|1548|1811|1935|11 Şaban 1448
20270120|0649|0818|1320|1550|1812|1936|12 Şaban 1448
20270121|0648|0818|1321|1551|1813|1937|13 Şaban 1448
20270122|0648|0817|1321|1552|1815|1938|14 Şaban 1448
20270123|0647|0816|1321|1553|1816|1940|15 Şaban 1448
20270124|0647|0816|1321|1554|1817|1941|16 Şaban 1448
20270125|0646|0815|1322|1555|1818|1942|17 Şaban 1448
20270126|0646|0814|1322|1556|1819|1943|18 Şaban 1448
20270127|0645|0813|1322|1557|1821|1944|19 Şaban 1448
20270128|0644|0813|1322|1558|1822|1945|20 Şaban 1448
20270129|0644|0812|1322|1559|1823|1946|21 Şaban 1448
20270130|0643|0811|1323|1600|1824|1947|22 Şaban 1448
20270131|0642|0810|1323|1601|1826|1948|23 Şaban 1448
20270201|0641|0809|1323|1602|1827|1949|24 Şaban 1448
20270202|0641|0808|1323|1603|1828|1950|25 Şaban 1448
20270203|0640|0807|1323|1604|1829|1951|26 Şaban 1448
20270204|0639|0806|1323|1605|1831|1952|27 Şaban 1448
20270205|0638|0805|1323|1606|1832|1953|28 Şaban 1448
20270206|0637|0804|1323|1607|1833|1955|29 Şaban 1448
20270207|0636|0803|1323|1608|1834|1956|30 Şaban 1448
20270208|0635|0801|1324|1609|1836|1957|1 Ramazan 1448
20270209|0634|0800|1324|1610|1837|1958|2 Ramazan 1448
20270210|0633|0759|1324|1611|1838|1959|3 Ramazan 1448
20270211|0632|0758|1324|1612|1839|2000|4 Ramazan 1448
20270212|0631|0757|1324|1613|1841|2001|5 Ramazan 1448
20270213|0630|0755|1324|1614|1842|2002|6 Ramazan 1448
20270214|0628|0754|1324|1615|1843|2003|7 Ramazan 1448
20270215|0627|0753|1324|1616|1844|2005|8 Ramazan 1448
20270216|0626|0751|1324|1617|1846|2006|9 Ramazan 1448
20270217|0625|0750|1323|1618|1847|2007|10 Ramazan 1448
20270218|0624|0749|1323|1619|1848|2008|11 Ramazan 1448
20270219|0622|0747|1323|1620|1849|2009|12 Ramazan 1448
20270220|0621|0746|1323|1621|1850|2010|13 Ramazan 1448
20270221|0620|0745|1323|1621|1852|2011|14 Ramazan 1448
20270222|0618|0743|1323|1622|1853|2012|15 Ramazan 1448
20270223|0617|0742|1323|1623|1854|2013|16 Ramazan 1448
20270224|0616|0740|1323|1624|1855|2015|17 Ramazan 1448
20270225|0614|0739|1323|1625|1856|2016|18 Ramazan 1448
20270226|0613|0737|1322|1626|1858|2017|19 Ramazan 1448
20270227|0611|0736|1322|1626|1859|2018|20 Ramazan 1448
20270228|0610|0734|1322|1627|1900|2019|21 Ramazan 1448
20270301|0608|0733|1322|1628|1901|2020|22 Ramazan 1448
20270302|0607|0731|1322|1629|1902|2021|23 Ramazan 1448
20270303|0605|0730|1321|1630|1903|2022|24 Ramazan 1448
20270304|0604|0728|1321|1630|1905|2024|25 Ramazan 1448
20270305|0602|0726|1321|1631|1906|2025|26 Ramazan 1448
20270306|0600|0725|1321|1632|1907|2026|27 Ramazan 1448
20270307|0559|0723|1321|1632|1908|2027|28 Ramazan 1448
20270308|0557|0722|1320|1633|1909|2028|29 Ramazan 1448
20270309|0556|0720|1320|1634|1910|2029|1 Şevval 1448
20270310|0554|0718|1320|1635|1911|2030|2 Şevval 1448
20270311|0552|0717|1320|1635|1912|2032|3 Şevval 1448
20270312|0551|0715|1319|1636|1914|2033|4 Şevval 1448
20270313|0549|0714|1319|1637|1915|2034|5 Şevval 1448
20270314|0547|0712|1319|1637|1916|2035|6 Şevval 1448
20270315|0545|0710|1319|1638|1917|2036|7 Şevval 1448
20270316|0544|0709|1318|1638|1918|2037|8 Şevval 1448
20270317|0542|0707|1318|1639|1919|2039|9 Şevval 1448
20270318|0540|0705|1318|1640|1920|2040|10 Şevval 1448
20270319|0538|0704|1317|1640|1921|2041|11 Şevval 1448
20270320|0537|0702|1317|1641|1922|2042|12 Şevval 1448
20270321|0535|0700|1317|1641|1923|2043|13 Şevval 1448
20270322|0533|0659|1317|1642|1925|2045|14 Şevval 1448
20270323|0531|0657|1316|1642|1926|2046|15 Şevval 1448
20270324|0529|0655|1316|1643|1927|2047|16 Şevval 1448
20270325|0527|0653|1316|1643|1928|2048|17 Şevval 1448
20270326|0526|0652|1315|1644|1929|2049|18 Şevval 1448
20270327|0524|0650|1315|1644|1930|2051|19 Şevval 1448
20270328|0522|0648|1315|1645|1931|2052|20 Şevval 1448
20270329|0520|0647|1314|1645|1932|2053|21 Şevval 1448
20270330|0518|0645|1314|1646|1933|2054|22 Şevval 1448
20270331|0516|0643|1314|1646|1934|2056|23 Şevval 1448
20270401|0514|0642|1314|1647|1935|2057|24 Şevval 1448
20270402|0512|0640|1313|1647|1936|2058|25 Şevval 1448
20270403|0511|0638|1313|1647|1937|2100|26 Şevval 1448
20270404|0509|0637|1313|1648|1938|2101|27 Şevval 1448
20270405|0507|0635|1312|1648|1940|2102|28 Şevval 1448
20270406|0505|0634|1312|1649|1941|2103|29 Şevval 1448
20270407|0503|0632|1312|1649|1942|2105|30 Şevval 1448
20270408|0501|0630|1311|1649|1943|2106|1 Zilkade 1448
20270409|0459|0629|1311|1650|1944|2107|2 Zilkade 1448
20270410|0457|0627|1311|1650|1945|2109|3 Zilkade 1448
20270411|0455|0625|1311|1651|1946|2110|4 Zilkade 1448
20270412|0453|0624|1310|1651|1947|2112|5 Zilkade 1448
20270413|0451|0622|1310|1651|1948|2113|6 Zilkade 1448
20270414|0449|0621|1310|1652|1949|2114|7 Zilkade 1448
20270415|0447|0619|1310|1652|1950|2116|8 Zilkade 1448
20270416|0446|0618|1309|1652|1951|2117|9 Zilkade 1448
20270417|0444|0616|1309|1653|1952|2119|10 Zilkade 1448
20270418|0442|0615|1309|1653|1953|2120|11 Zilkade 1448
20270419|0440|0613|1309|1653|1954|2121|12 Zilkade 1448
20270420|0438|0612|1309|1654|1956|2123|13 Zilkade 1448
20270421|0436|0610|1308|1654|1957|2124|14 Zilkade 1448
20270422|0434|0609|1308|1654|1958|2126|15 Zilkade 1448
20270423|0432|0607|1308|1655|1959|2127|16 Zilkade 1448
20270424|0430|0606|1308|1655|2000|2129|17 Zilkade 1448
20270425|0428|0604|1308|1655|2001|2130|18 Zilkade 1448
20270426|0427|0603|1307|1656|2002|2132|19 Zilkade 1448
20270427|0425|0601|1307|1656|2003|2133|20 Zilkade 1448
20270428|0423|0600|1307|1656|2004|2135|21 Zilkade 1448
20270429|0421|0559|1307|1656|2005|2136|22 Zilkade 1448
20270430|0419|0557|1307|1657|2006|2138|23 Zilkade 1448
20270501|0417|0556|1307|1657|2007|2139|24 Zilkade 1448
20270502|0415|0555|1307|1657|2008|2141|25 Zilkade 1448
20270503|0414|0554|1306|1658|2009|2142|26 Zilkade 1448
20270504|0412|0552|1306|1658|2010|2144|27 Zilkade 1448
20270505|0410|0551|1306|1658|2011|2145|28 Zilkade 1448
20270506|0408|0550|1306|1659|2012|2147|29 Zilkade 1448
20270507|0407|0549|1306|1659|2014|2148|1 Zilhicce 1448
20270508|0405|0547|1306|1659|2015|2150|2 Zilhicce 1448
20270509|0403|0546|1306|1659|2016|2151|3 Zilhicce 1448
20270510|0402|0545|1306|1700|2017|2153|4 Zilhicce 1448
20270511|0400|0544|1306|1700|2018|2154|5 Zilhicce 1448
20270512|0358|0543|1306|1700|2019|2156|6 Zilhicce 1448
20270513|0357|0542|1306|1701|2020|2157|7 Zilhicce 1448
20270514|0355|0541|1306|1701|2021|2159|8 Zilhicce 1448
20270515|0353|0540|1306|1701|2022|2200|9 Zilhicce 1448
20270516|0352|0539|1306|1701|2023|2202|10 Zilhicce 1448
20270517|0350|0538|1306|1702|2024|2203|11 Zilhicce 1448
20270518|0349|0537|1306|1702|2025|2205|12 Zilhicce 1448
20270519|0347|0536|1306|1702|2026|2206|13 Zilhicce 1448
20270520|0346|0535|1306|1703|2027|2208|14 Zilhicce 1448
20270521|0345|0535|1306|1703|2027|2209|15 Zilhicce 1448
20270522|0343|0534|1306|1703|2028|2211|16 Zilhicce 1448
20270523|0342|0533|1306|1703|2029|2212|17 Zilhicce 1448
20270524|0341|0532|1306|1704|2030|2214|18 Zilhicce 1448
20270525|0339|0532|1306|1704|2031|2215|19 Zilhicce 1448
20270526|0338|0531|1306|1704|2032|2216|20 Zilhicce 1448
20270527|0337|0530|1307|1705|2033|2218|21 Zilhicce 1448
20270528|0336|0530|1307|1705|2034|2219|22 Zilhicce 1448
20270529|0335|0529|1307|1705|2034|2220|23 Zilhicce 1448
20270530|0334|0529|1307|1705|2035|2221|24 Zilhicce 1448
20270531|0333|0528|1307|1706|2036|2223|25 Zilhicce 1448
20270601|0332|0528|1307|1706|2037|2224|26 Zilhicce 1448
20270602|0331|0527|1307|1706|2038|2225|27 Zilhicce 1448
20270603|0330|0527|1308|1707|2038|2226|28 Zilhicce 1448
20270604|0329|0526|1308|1707|2039|2227|29 Zilhicce 1448
20270605|0328|0526|1308|1707|2040|2228|30 Zilhicce 1448
20270606|0328|0526|1308|1707|2040|2229|1 Muharrem 1449
20270607|0327|0525|1308|1708|2041|2230|2 Muharrem 1449
20270608|0326|0525|1308|1708|2042|2231|3 Muharrem 1449
20270609|0326|0525|1309|1708|2042|2232|4 Muharrem 1449
20270610|0325|0525|1309|1708|2043|2233|5 Muharrem 1449
20270611|0325|0525|1309|1709|2043|2234|6 Muharrem 1449
20270612|0325|0525|1309|1709|2044|2235|7 Muharrem 1449
20270613|0324|0524|1309|1709|2044|2235|8 Muharrem 1449
20270614|0324|0524|1310|1710|2045|2236|9 Muharrem 1449
20270615|0324|0524|1310|1710|2045|2237|10 Muharrem 1449
20270616|0324|0524|1310|1710|2046|2237|11 Muharrem 1449
20270617|0323|0524|1310|1710|2046|2238|12 Muharrem 1449
20270618|0323|0525|1310|1711|2046|2238|13 Muharrem 1449
20270619|0323|0525|1311|1711|2047|2238|14 Muharrem 1449
20270620|0324|0525|1311|1711|2047|2239|15 Muharrem 1449
20270621|0324|0525|1311|1711|2047|2239|16 Muharrem 1449
20270622|0324|0525|1311|1711|2047|2239|17 Muharrem 1449
20270623|0324|0525|1312|1712|2048|2239|18 Muharrem 1449
20270624|0325|0526|1312|1712|2048|2240|19 Muharrem 1449
20270625|0325|0526|1312|1712|2048|2240|20 Muharrem 1449
20270626|0325|0526|1312|1712|2048|2240|21 Muharrem 1449
20270627|0326|0527|1312|1712|2048|2240|22 Muharrem 1449
20270628|0326|0527|1313|1713|2048|2239|23 Muharrem 1449
20270629|0327|0528|1313|1713|2048|2239|24 Muharrem 1449
20270630|0328|0528|1313|1713|2048|2239|25 Muharrem 1449
20270701|0328|0528|1313|1713|2048|2239|26 Muharrem 1449
20270702|0329|0529|1313|1713|2048|2238|27 Muharrem 1449
20270703|0330|0530|1314|1713|2048|2238|28 Muharrem 1449
20270704|0331|0530|1314|1713|2048|2237|29 Muharrem 1449
20270705|0332|0531|1314|1714|2047|2237|1 Safer 1449
20270706|0333|0531|1314|1714|2047|2236|2 Safer 1449
20270707|0334|0532|1314|1714|2047|2236|3 Safer 1449
20270708|0335|0533|1314|1714|2046|2235|4 Safer 1449
20270709|0336|0533|1315|1714|2046|2234|5 Safer 1449
20270710|0337|0534|1315|1714|2046|2234|6 Safer 1449
20270711|0338|0535|1315|1714|2045|2233|7 Safer 1449
20270712|0339|0535|1315|1714|2045|2232|8 Safer 1449
20270713|0341|0536|1315|1714|2044|2231|9 Safer 1449
20270714|0342|0537|1315|1714|2044|2230|10 Safer 1449
20270715|0343|0538|1315|1714|2043|2229|11 Safer 1449
20270716|0344|0538|1315|1714|2043|2228|12 Safer 1449
20270717|0346|0539|1316|1714|2042|2227|13 Safer 1449
20270718|0347|0540|1316|1714|2041|2226|14 Safer 1449
20270719|0348|0541|1316|1713|2041|2225|15 Safer 1449
20270720|0350|0542|1316|1713|2040|2224|16 Safer 1449
20270721|0351|0543|1316|1713|2039|2222|17 Safer 1449
20270722|0353|0543|1316|1713|2038|2221|18 Safer 1449
20270723|0354|0544|1316|1713|2038|2220|19 Safer 1449
20270724|0356|0545|1316|1713|2037|2218|20 Safer 1449
20270725|0357|0546|1316|1712|2036|2217|21 Safer 1449
20270726|0359|0547|1316|1712|2035|2216|22 Safer 1449
20270727|0400|0548|1316|1712|2034|2214|23 Safer 1449
20270728|0402|0549|1316|1712|2033|2213|24 Safer 1449
20270729|0403|0550|1316|1711|2032|2211|25 Safer 1449
20270730|0405|0551|1316|1711|2031|2210|26 Safer 1449
20270731|0406|0552|1316|1711|2030|2208|27 Safer 1449
20270801|0408|0553|1316|1710|2029|2207|28 Safer 1449
20270802|0409|0554|1316|1710|2028|2205|29 Safer 1449
20270803|0411|0555|1316|1710|2027|2203|1 Rebiulevvel 1449
20270804|0412|0556|1316|1709|2026|2202|2 Rebiulevvel 1449
20270805|0414|0557|1316|1709|2025|2200|3 Rebiulevvel 1449
20270806|0415|0558|1315|1708|2023|2158|4 Rebiulevvel 1449
20270807|0417|0559|1315|1708|2022|2157|5 Rebiulevvel 1449
20270808|0418|0600|1315|1707|2021|2155|6 Rebiulevvel 1449
20270809|0420|0600|1315|1707|2020|2153|7 Rebiulevvel 1449
20270810|0421|0601|1315|1706|2018|2152|8 Rebiulevvel 1449
20270811|0423|0602|1315|1706|2017|2150|9 Rebiulevvel 1449
20270812|0424|0603|1315|1705|2016|2148|10 Rebiulevvel 1449
20270813|0426|0604|1314|1705|2014|2146|11 Rebiulevvel 1449
20270814|0427|0605|1314|1704|2013|2144|12 Rebiulevvel 1449
20270815|0429|0606|1314|1703|2012|2143|13 Rebiulevvel 1449
20270816|0430|0607|1314|1703|2010|2141|14 Rebiulevvel 1449
20270817|0432|0608|1314|1702|2009|2139|15 Rebiulevvel 1449
20270818|0433|0609|1313|1701|2007|2137|16 Rebiulevvel 1449
20270819|0435|0610|1313|1701|2006|2135|17 Rebiulevvel 1449
20270820|0436|0611|1313|1700|2005|2133|18 Rebiulevvel 1449
20270821|0438|0612|1313|1659|2003|2131|19 Rebiulevvel 1449
20270822|0439|0613|1313|1659|2002|2130|20 Rebiulevvel 1449
20270823|0441|0614|1312|1658|2000|2128|21 Rebiulevvel 1449
20270824|0442|0615|1312|1657|1959|2126|22 Rebiulevvel 1449
20270825|0443|0616|1312|1656|1957|2124|23 Rebiulevvel 1449
20270826|0445|0617|1311|1655|1955|2122|24 Rebiulevvel 1449
20270827|0446|0618|1311|1655|1954|2120|25 Rebiulevvel 1449
20270828|0448|0619|1311|1654|1952|2118|26 Rebiulevvel 1449
20270829|0449|0620|1311|1653|1951|2116|27 Rebiulevvel 1449
20270830|0450|0621|1310|1652|1949|2114|28 Rebiulevvel 1449
20270831|0452|0622|1310|1651|1948|2112|29 Rebiulevvel 1449
20270901|0453|0623|1310|1650|1946|2110|30 Rebiulevvel 1449
20270902|0454|0624|1309|1649|1944|2109|1 Rebiulahir 1449
20270903|0456|0625|1309|1648|1943|2107|2 Rebiulahir 1449
20270904|0457|0626|1309|1647|1941|2105|3 Rebiulahir 1449
20270905|0458|0627|1308|1646|1939|2103|4 Rebiulahir 1449
20270906|0459|0628|1308|1645|1938|2101|5 Rebiulahir 1449
20270907|0501|0629|1308|1644|1936|2059|6 Rebiulahir 1449
20270908|0502|0630|1307|1643|1934|2057|7 Rebiulahir 1449
20270909|0503|0631|1307|1642|1933|2055|8 Rebiulahir 1449
20270910|0504|0632|1307|1641|1931|2053|9 Rebiulahir 1449
20270911|0506|0633|1306|1640|1929|2051|10 Rebiulahir 1449
20270912|0507|0634|1306|1639|1928|2049|11 Rebiulahir 1449
20270913|0508|0635|1306|1638|1926|2047|12 Rebiulahir 1449
20270914|0509|0636|1305|1637|1924|2046|13 Rebiulahir 1449
20270915|0511|0637|1305|1636|1923|2044|14 Rebiulahir 1449
20270916|0512|0638|1305|1635|1921|2042|15 Rebiulahir 1449
20270917|0513|0639|1304|1633|1919|2040|16 Rebiulahir 1449
20270918|0514|0640|1304|1632|1917|2038|17 Rebiulahir 1449
20270919|0515|0641|1303|1631|1916|2036|18 Rebiulahir 1449
20270920|0516|0642|1303|1630|1914|2034|19 Rebiulahir 1449
20270921|0518|0643|1303|1629|1912|2032|20 Rebiulahir 1449
20270922|0519|0644|1302|1628|1911|2031|21 Rebiulahir 1449
20270923|0520|0645|1302|1627|1909|2029|22 Rebiulahir 1449
20270924|0521|0646|1302|1625|1907|2027|23 Rebiulahir 1449
20270925|0522|0647|1301|1624|1905|2025|24 Rebiulahir 1449
20270926|0523|0648|1301|1623|1904|2023|25 Rebiulahir 1449
20270927|0524|0649|1301|1622|1902|2022|26 Rebiulahir 1449
20270928|0525|0650|1300|1621|1900|2020|27 Rebiulahir 1449
20270929|0527|0651|1300|1619|1859|2018|28 Rebiulahir 1449
20270930|0528|0652|1300|1618|1857|2016|29 Rebiulahir 1449
20271001|0529|0653|1259|1617|1855|2014|1 Cemaziyelevvel 1449
20271002|0530|0654|1259|1616|1854|2013|2 Cemaziyelevvel 1449
20271003|0531|0656|1259|1615|1852|2011|3 Cemaziyelevvel 1449
20271004|0532|0657|1258|1613|1850|2009|4 Cemaziyelevvel 1449
20271005|0533|0658|1258|1612|1849|2008|5 Cemaziyelevvel 1449
20271006|0534|0659|1258|1611|1847|2006|6 Cemaziyelevvel 1449
20271007|0535|0700|1257|1610|1845|2004|7 Cemaziyelevvel 1449
20271008|0536|0701|1257|1608|1844|2003|8 Cemaziyelevvel 1449
20271009|0537|0702|1257|1607|1842|2001|9 Cemaziyelevvel 1449
20271010|0539|0703|1257|1606|1840|1959|10 Cemaziyelevvel 1449
20271011|0540|0704|1256|1605|1839|1958|11 Cemaziyelevvel 1449
20271012|0541|0705|1256|1604|1837|1956|12 Cemaziyelevvel 1449
20271013|0542|0706|1256|1602|1836|1955|13 Cemaziyelevvel 1449
20271014|0543|0707|1256|1601|1834|1953|14 Cemaziyelevvel 1449
20271015|0544|0708|1255|1600|1832|1952|15 Cemaziyelevvel 1449
20271016|0545|0709|1255|1559|1831|1950|16 Cemaziyelevvel 1449
20271017|0546|0711|1255|1558|1829|1949|17 Cemaziyelevvel 1449
20271018|0547|0712|1255|1556|1828|1947|18 Cemaziyelevvel 1449
20271019|0548|0713|1255|1555|1826|1946|19 Cemaziyelevvel 1449
20271020|0549|0714|1254|1554|1825|1944|20 Cemaziyelevvel 1449
20271021|0550|0715|1254|1553|1823|1943|21 Cemaziyelevvel 1449
20271022|0551|0716|1254|1552|1822|1942|22 Cemaziyelevvel 1449
20271023|0552|0717|1254|1551|1821|1940|23 Cemaziyelevvel 1449
20271024|0553|0718|1254|1550|1819|1939|24 Cemaziyelevvel 1449
20271025|0554|0720|1254|1549|1818|1938|25 Cemaziyelevvel 1449
20271026|0555|0721|1253|1547|1816|1936|26 Cemaziyelevvel 1449
20271027|0556|0722|1253|1546|1815|1935|27 Cemaziyelevvel 1449
20271028|0557|0723|1253|1545|1814|1934|28 Cemaziyelevvel 1449
20271029|0559|0724|1253|1544|1812|1933|29 Cemaziyelevvel 1449
20271030|0600|0725|1253|1543|1811|1931|30 Cemaziyelevvel 1449
20271031|0601|0727|1253|1542|1810|1930|1 Cemaziyelahir 1449
20271101|0602|0728|1253|1541|1808|1929|2 Cemaziyelahir 1449
20271102|0603|0729|1253|1540|1807|1928|3 Cemaziyelahir 1449
20271103|0604|0730|1253|1539|1806|1927|4 Cemaziyelahir 1449
20271104|0605|0731|1253|1538|1805|1926|5 Cemaziyelahir 1449
20271105|0606|0732|1253|1537|1804|1925|6 Cemaziyelahir 1449
20271106|0607|0734|1253|1536|1802|1924|7 Cemaziyelahir 1449
20271107|0608|0735|1253|1536|1801|1923|8 Cemaziyelahir 1449
20271108|0609|0736|1253|1535|1800|1922|9 Cemaziyelahir 1449
20271109|0610|0737|1253|1534|1759|1921|10 Cemaziyelahir 1449
20271110|0611|0738|1253|1533|1758|1920|11 Cemaziyelahir 1449
20271111|0612|0740|1253|1532|1757|1919|12 Cemaziyelahir 1449
20271112|0613|0741|1253|1532|1756|1919|13 Cemaziyelahir 1449
20271113|0614|0742|1254|1531|1755|1918|14 Cemaziyelahir 1449
20271114|0615|0743|1254|1530|1754|1917|15 Cemaziyelahir 1449
20271115|0616|0744|1254|1529|1753|1916|16 Cemaziyelahir 1449
20271116|0617|0746|1254|1529|1753|1916|17 Cemaziyelahir 1449
20271117|0618|0747|1254|1528|1752|1915|18 Cemaziyelahir 1449
20271118|0619|0748|1254|1527|1751|1914|19 Cemaziyelahir 1449
20271119|0620|0749|1255|1527|1750|1914|20 Cemaziyelahir 1449
20271120|0621|0750|1255|1526|1749|1913|21 Cemaziyelahir 1449
20271121|0622|0751|1255|1526|1749|1913|22 Cemaziyelahir 1449
20271122|0623|0753|1255|1525|1748|1912|23 Cemaziyelahir 1449
20271123|0624|0754|1256|1525|1748|1912|24 Cemaziyelahir 1449
20271124|0625|0755|1256|1524|1747|1911|25 Cemaziyelahir 1449
20271125|0626|0756|1256|1524|1746|1911|26 Cemaziyelahir 1449
20271126|0627|0757|1256|1524|1746|1911|27 Cemaziyelahir 1449
20271127|0628|0758|1257|1523|1745|1910|28 Cemaziyelahir 1449
20271128|0629|0759|1257|1523|1745|1910|29 Cemaziyelahir 1449
20271129|0630|0800|1257|1523|1745|1910|1 Recep 1449
20271130|0631|0801|1258|1522|1744|1909|2 Recep 1449
20271201|0632|0803|1258|1522|1744|1909|3 Recep 1449
20271202|0633|0804|1259|1522|1744|1909|4 Recep 1449
20271203|0633|0805|1259|1522|1743|1909|5 Recep 1449
20271204|0634|0806|1259|1522|1743|1909|6 Recep 1449
20271205|0635|0807|1300|1522|1743|1909|7 Recep 1449
20271206|0636|0807|1300|1522|1743|1909|8 Recep 1449
20271207|0637|0808|1301|1522|1743|1909|9 Recep 1449
20271208|0638|0809|1301|1522|1743|1909|10 Recep 1449
20271209|0638|0810|1301|1522|1743|1909|11 Recep 1449
20271210|0639|0811|1302|1522|1743|1909|12 Recep 1449
20271211|0640|0812|1302|1522|1743|1909|13 Recep 1449
20271212|0641|0813|1303|1522|1743|1909|14 Recep 1449
20271213|0641|0814|1303|1522|1743|1910|15 Recep 1449
20271214|0642|0814|1304|1522|1743|1910|16 Recep 1449
20271215|0643|0815|1304|1523|1743|1910|17 Recep 1449
20271216|0643|0816|1305|1523|1744|1910|18 Recep 1449
20271217|0644|0816|1305|1523|1744|1911|19 Recep 1449
20271218|0645|0817|1306|1524|1744|1911|20 Recep 1449
20271219|0645|0818|1306|1524|1745|1912|21 Recep 1449
20271220|0646|0818|1307|1525|1745|1912|22 Recep 1449
20271221|0646|0819|1307|1525|1745|1912|23 Recep 1449
20271222|0647|0819|1308|1525|1746|1913|24 Recep 1449
20271223|0647|0820|1308|1526|1746|1913|25 Recep 1449
20271224|0648|0820|1309|1526|1747|1914|26 Recep 1449
20271225|0648|0821|1309|1527|1748|1915|27 Recep 1449
20271226|0649|0821|1310|1528|1748|1915|28 Recep 1449
20271227|0649|0821|1310|1528|1749|1916|29 Recep 1449
20271228|0649|0822|1311|1529|1750|1916|30 Recep 1449
20271229|0650|0822|1311|1530|1750|1917|1 Şaban 1449
20271230|0650|0822|1312|1530|1751|1918|2 Şaban 1449
20271231|0650|0822|1312|1531|1752|1918|3 Şaban 1449
#@9551|Tuzla|ISTANBUL|730
20260101|0649|0820|1311|1531|1752|1918|12 Recep 1447
20260102|0649|0820|1312|1532|1753|1919|13 Recep 1447
20260103|0649|0820|1312|1533|1754|1920|14 Recep 1447
20260104|0649|0820|1313|1534|1755|1921|15 Recep 1447
20260105|0649|0820|1313|1535|1756|1921|16 Recep 1447
20260106|0649|0820|1313|1535|1757|1922|17 Recep 1447
20260107|0649|0820|1314|1536|1758|1923|18 Recep 1447
20260108|0649|0820|1314|1537|1759|1924|19 Recep 1447
20260109|0649|0820|1315|1538|1800|1925|20 Recep 1447
20260110|0649|0820|1315|1539|1801|1926|21 Recep 1447
20260111|0649|0819|1316|1540|1802|1927|22 Recep 1447
20260112|0649|0819|1316|1541|1803|1928|23 Recep 1447
20260113|0649|0819|1316|1542|1804|1928|24 Recep 1447
20260114|0649|0819|1317|1543|1805|1929|25 Recep 1447
20260115|0648|0818|1317|1544|1806|1930|26 Recep 1447
20260116|0648|0818|1317|1545|1807|1931|27 Recep 1447
20260117|0648|0817|1318|1546|1808|1932|28 Recep 1447
20260118|0647|0817|1318|1547|1809|1933|29 Recep 1447
20260119|0647|0816|1318|1548|1810|1934|30 Recep 1447
20260120|0647|0816|1319|1549|1812|1935|1 Şaban 1447
20260121|0646|0815|1319|1550|1813|1936|2 Şaban 1447
20260122|0646|0814|1319|1551|1814|1937|3 Şaban 1447
20260123|0645|0814|1320|1552|1815|1938|4 Şaban 1447
20260124|0645|0813|1320|1553|1816|1939|5 Şaban 1447
20260125|0644|0812|1320|1554|1818|1941|6 Şaban 1447
20260126|0644|0812|1320|1555|1819|1942|7 Şaban 1447
20260127|0643|0811|1320|1556|1820|1943|8 Şaban 1447
20260128|0642|0810|1321|1557|1821|1944|9 Şaban 1447
20260129|0642|0809|1321|1558|1823|1945|10 Şaban 1447
20260130|0641|0808|1321|1559|1824|1946|11 Şaban 1447
20260131|0640|0807|1321|1600|1825|1947|12 Şaban 1447
20260201|0639|0806|1321|1601|1826|1948|13 Şaban 1447
20260202|0639|0805|1321|1602|1827|1949|14 Şaban 1447
20260203|0638|0804|1322|1603|1829|1950|15 Şaban 1447
20260204|0637|0803|1322|1604|1830|1951|16 Şaban 1447
20260205|0636|0802|1322|1605|1831|1952|17 Şaban 1447
20260206|0635|0801|1322|1606|1832|1953|18 Şaban 1447
20260207|0634|0800|1322|1607|1834|1954|19 Şaban 1447
20260208|0633|0759|1322|1608|1835|1956|20 Şaban 1447
20260209|0632|0758|1322|1609|1836|1957|21 Şaban 1447
20260210|0631|0757|1322|1610|1837|1958|22 Şaban 1447
20260211|0630|0755|1322|1611|1839|1959|23 Şaban 1447
20260212|0629|0754|1322|1612|1840|2000|24 Şaban 1447
20260213|0628|0753|1322|1613|1841|2001|25 Şaban 1447
20260214|0627|0752|1322|1614|1842|2002|26 Şaban 1447
20260215|0625|0750|1322|1615|1843|2003|27 Şaban 1447
20260216|0624|0749|1322|1616|1845|2004|28 Şaban 1447
20260217|0623|0748|1322|1617|1846|2005|29 Şaban 1447
20260218|0622|0746|1322|1618|1847|2007|30 Şaban 1447
20260219|0620|0745|1322|1619|1848|2008|1 Ramazan 1447
20260220|0619|0744|1322|1620|1849|2009|2 Ramazan 1447
20260221|0618|0742|1321|1620|1851|2010|3 Ramazan 1447
20260222|0616|0741|1321|1621|1852|2011|4 Ramazan 1447
20260223|0615|0739|1321|1622|1853|2012|5 Ramazan 1447
20260224|0614|0738|1321|1623|1854|2013|6 Ramazan 1447
20260225|0612|0736|1321|1624|1855|2014|7 Ramazan 1447
20260226|0611|0735|1321|1625|1857|2015|8 Ramazan 1447
20260227|0609|0733|1321|1625|1858|2017|9 Ramazan 1447
20260228|0608|0732|1320|1626|1859|2018|10 Ramazan 1447
20260301|0606|0730|1320|1627|1900|2019|11 Ramazan 1447
20260302|0605|0729|1320|1628|1901|2020|12 Ramazan 1447
20260303|0603|0727|1320|1628|1902|2021|13 Ramazan 1447
20260304|0602|0726|1320|1629|1903|2022|14 Ramazan 1447
20260305|0600|0724|1319|1630|1905|2023|15 Ramazan 1447
20260306|0559|0723|1319|1631|1906|2024|16 Ramazan 1447
20260307|0557|0721|1319|1631|1907|2025|17 Ramazan 1447
20260308|0555|0719|1319|1632|1908|2027|18 Ramazan 1447
20260309|0554|0718|1318|1633|1909|2028|19 Ramazan 1447
20260310|0552|0716|1318|1633|1910|2029|20 Ramazan 1447
20260311|0551|0715|1318|1634|1911|2030|21 Ramazan 1447
20260312|0549|0713|1318|1635|1912|2031|22 Ramazan 1447
20260313|0547|0711|1317|1635|1913|2032|23 Ramazan 1447
20260314|0545|0710|1317|1636|1915|2033|24 Ramazan 1447
20260315|0544|0708|1317|1636|1916|2035|25 Ramazan 1447
20260316|0542|0706|1317|1637|1917|2036|26 Ramazan 1447
20260317|0540|0705|1316|1638|1918|2037|27 Ramazan 1447
20260318|0538|0703|1316|1638|1919|2038|28 Ramazan 1447
20260319|0537|0702|1316|1639|1920|2039|29 Ramazan 1447
20260320|0535|0700|1315|1639|1921|2040|1 Şevval 1447
20260321|0533|0658|1315|1640|1922|2042|2 Şevval 1447
20260322|0531|0657|1315|1640|1923|2043|3 Şevval 1447
20260323|0530|0655|1315|1641|1924|2044|4 Şevval 1447
20260324|0528|0653|1314|1641|1925|2045|5 Şevval 1447
20260325|0526|0652|1314|1642|1926|2046|6 Şevval 1447
20260326|0524|0650|1314|1642|1927|2048|7 Şevval 1447
20260327|0522|0648|1313|1643|1928|2049|8 Şevval 1447
20260328|0520|0647|1313|1643|1930|2050|9 Şevval 1447
20260329|0518|0645|1313|1644|1931|2051|10 Şevval 1447
20260330|0517|0643|1312|1644|1932|2053|11 Şevval 1447
20260331|0515|0642|1312|1645|1933|2054|12 Şevval 1447
20260401|0513|0640|1312|1645|1934|2055|13 Şevval 1447
20260402|0511|0638|1312|1645|1935|2056|14 Şevval 1447
20260403|0509|0637|1311|1646|1936|2058|15 Şevval 1447
20260404|0507|0635|1311|1646|1937|2059|16 Şevval 1447
20260405|0505|0633|1311|1647|1938|2100|17 Şevval 1447
20260406|0503|0632|1310|1647|1939|2101|18 Şevval 1447
20260407|0502|0630|1310|1647|1940|2103|19 Şevval 1447
20260408|0500|0629|1310|1648|1941|2104|20 Şevval 1447
20260409|0458|0627|1310|1648|1942|2105|21 Şevval 1447
20260410|0456|0625|1309|1649|1943|2107|22 Şevval 1447
20260411|0454|0624|1309|1649|1944|2108|23 Şevval 1447
20260412|0452|0622|1309|1649|1945|2109|24 Şevval 1447
20260413|0450|0621|1308|1650|1946|2111|25 Şevval 1447
20260414|0448|0619|1308|1650|1947|2112|26 Şevval 1447
20260415|0446|0618|1308|1650|1948|2114|27 Şevval 1447
20260416|0444|0616|1308|1651|1949|2115|28 Şevval 1447
20260417|0442|0614|1307|1651|1951|2116|29 Şevval 1447
20260418|0441|0613|1307|1651|1952|2118|1 Zilkade 1447
20260419|0439|0611|1307|1652|1953|2119|2 Zilkade 1447
20260420|0437|0610|1307|1652|1954|2121|3 Zilkade 1447
20260421|0435|0608|1307|1652|1955|2122|4 Zilkade 1447
20260422|0433|0607|1306|1653|1956|2123|5 Zilkade 1447
20260423|0431|0606|1306|1653|1957|2125|6 Zilkade 1447
20260424|0429|0604|1306|1653|1958|2126|7 Zilkade 1447
20260425|0427|0603|1306|1653|1959|2128|8 Zilkade 1447
20260426|0426|0601|1306|1654|2000|2129|9 Zilkade 1447
20260427|0424|0600|1306|1654|2001|2131|10 Zilkade 1447
20260428|0422|0559|1305|1654|2002|2132|11 Zilkade 1447
20260429|0420|0557|1305|1655|2003|2134|12 Zilkade 1447
20260430|0418|0556|1305|1655|2004|2135|13 Zilkade 1447
20260501|0416|0555|1305|1655|2005|2137|14 Zilkade 1447
20260502|0415|0553|1305|1655|2006|2138|15 Zilkade 1447
20260503|0413|0552|1305|1656|2007|2140|16 Zilkade 1447
20260504|0411|0551|1305|1656|2008|2141|17 Zilkade 1447
20260505|0409|0550|1305|1656|2009|2143|18 Zilkade 1447
20260506|0408|0549|1304|1657|2010|2144|19 Zilkade 1447
20260507|0406|0547|1304|1657|2012|2146|20 Zilkade 1447
20260508|0404|0546|1304|1657|2013|2147|21 Zilkade 1447
20260509|0403|0545|1304|1657|2014|2149|22 Zilkade 1447
20260510|0401|0544|1304|1658|2015|2150|23 Zilkade 1447
20260511|0359|0543|1304|1658|2016|2152|24 Zilkade 1447
20260512|0358|0542|1304|1658|2017|2153|25 Zilkade 1447
20260513|0356|0541|1304|1659|2018|2155|26 Zilkade 1447
20260514|0355|0540|1304|1659|2019|2156|27 Zilkade 1447
20260515|0353|0539|1304|1659|2020|2158|28 Zilkade 1447
20260516|0352|0538|1304|1659|2021|2159|29 Zilkade 1447
20260517|0350|0537|1304|1700|2021|2201|30 Zilkade 1447
20260518|0349|0536|1304|1700|2022|2202|1 Zilhicce 1447
20260519|0347|0535|1304|1700|2023|2204|2 Zilhicce 1447
20260520|0346|0534|1304|1700|2024|2205|3 Zilhicce 1447
20260521|0344|0534|1304|1701|2025|2206|4 Zilhicce 1447
20260522|0343|0533|1304|1701|2026|2208|5 Zilhicce 1447
20260523|0342|0532|1305|1701|2027|2209|6 Zilhicce 1447
20260524|0341|0531|1305|1702|2028|2211|7 Zilhicce 1447
20260525|0339|0531|1305|1702|2029|2212|8 Zilhicce 1447
20260526|0338|0530|1305|1702|2030|2213|9 Zilhicce 1447
20260527|0337|0529|1305|1702|2031|2215|10 Zilhicce 1447
20260528|0336|0529|1305|1703|2031|2216|11 Zilhicce 1447
20260529|0335|0528|1305|1703|2032|2217|12 Zilhicce 1447
20260530|0334|0528|1305|1703|2033|2218|13 Zilhicce 1447
20260531|0333|0527|1305|1704|2034|2219|14 Zilhicce 1447
20260601|0332|0527|1306|1704|2035|2221|15 Zilhicce 1447
20260602|0331|0526|1306|1704|2035|2222|16 Zilhicce 1447
20260603|0330|0526|1306|1704|2036|2223|17 Zilhicce 1447
20260604|0329|0526|1306|1705|2037|2224|18 Zilhicce 1447
20260605|0329|0525|1306|1705|2037|2225|19 Zilhicce 1447
20260606|0328|0525|1306|1705|2038|2226|20 Zilhicce 1447
20260607|0327|0525|1307|1706|2039|2227|21 Zilhicce 1447
20260608|0327|0524|1307|1706|2039|2228|22 Zilhicce 1447
20260609|0326|0524|1307|1706|2040|2229|23 Zilhicce 1447
20260610|0326|0524|1307|1706|2040|2230|24 Zilhicce 1447
20260611|0325|0524|1307|1707|2041|2230|25 Zilhicce 1447
20260612|0325|0524|1308|1707|2041|2231|26 Zilhicce 1447
20260613|0325|0524|1308|1707|2042|2232|27 Zilhicce 1447
20260614|0324|0524|1308|1707|2042|2232|28 Zilhicce 1447
20260615|0324|0524|1308|1708|2043|2233|29 Zilhicce 1447
20260616|0324|0524|1308|1708|2043|2233|1 Muharrem 1448
20260617|0324|0524|1309|1708|2044|2234|2 Muharrem 1448
20260618|0324|0524|1309|1708|2044|2234|3 Muharrem 1448
20260619|0324|0524|1309|1709|2044|2235|4 Muharrem 1448
20260620|0324|0524|1309|1709|2044|2235|5 Muharrem 1448
20260621|0324|0524|1310|1709|2045|2235|6 Muharrem 1448
20260622|0325|0525|1310|1709|2045|2236|7 Muharrem 1448
20260623|0325|0525|1310|1709|2045|2236|8 Muharrem 1448
20260624|0325|0525|1310|1710|2045|2236|9 Muharrem 1448
20260625|0326|0525|1310|1710|2045|2236|10 Muharrem 1448
20260626|0326|0526|1311|1710|2045|2236|11 Muharrem 1448
20260627|0327|0526|1311|1710|2045|2236|12 Muharrem 1448
20260628|0327|0527|1311|1710|2046|2236|13 Muharrem 1448
20260629|0328|0527|1311|1711|2045|2235|14 Muharrem 1448
20260630|0328|0527|1311|1711|2045|2235|15 Muharrem 1448
20260701|0329|0528|1312|1711|2045|2235|16 Muharrem 1448
20260702|0330|0528|1312|1711|2045|2235|17 Muharrem 1448
20260703|0331|0529|1312|1711|2045|2234|18 Muharrem 1448
20260704|0332|0530|1312|1711|2045|2234|19 Muharrem 1448
20260705|0333|0530|1312|1711|2045|2233|20 Muharrem 1448
20260706|0334|0531|1313|1711|2044|2233|21 Muharrem 1448
20260707|0334|0531|1313|1711|2044|2232|22 Muharrem 1448
20260708|0336|0532|1313|1712|2044|2231|23 Muharrem 1448
20260709|0337|0533|1313|1712|2043|2231|24 Muharrem 1448
20260710|0338|0533|1313|1712|2043|2230|25 Muharrem 1448
20260711|0339|0534|1313|1712|2043|2229|26 Muharrem 1448
20260712|0340|0535|1313|1712|2042|2228|27 Muharrem 1448
20260713|0341|0535|1314|1712|2042|2227|28 Muharrem 1448
20260714|0342|0536|1314|1712|2041|2226|29 Muharrem 1448
20260715|0344|0537|1314|1712|2041|2225|1 Safer 1448
20260716|0345|0538|1314|1712|2040|2224|2 Safer 1448
20260717|0346|0539|1314|1711|2039|2223|3 Safer 1448
20260718|0348|0539|1314|1711|2039|2222|4 Safer 1448
20260719|0349|0540|1314|1711|2038|2221|5 Safer 1448
20260720|0350|0541|1314|1711|2037|2220|6 Safer 1448
20260721|0352|0542|1314|1711|2037|2219|7 Safer 1448
20260722|0353|0543|1314|1711|2036|2217|8 Safer 1448
20260723|0355|0544|1314|1711|2035|2216|9 Safer 1448
20260724|0356|0545|1314|1710|2034|2215|10 Safer 1448
20260725|0358|0545|1314|1710|2033|2213|11 Safer 1448
20260726|0359|0546|1314|1710|2032|2212|12 Safer 1448
20260727|0400|0547|1314|1710|2032|2211|13 Safer 1448
20260728|0402|0548|1314|1709|2031|2209|14 Safer 1448
20260729|0403|0549|1314|1709|2030|2208|15 Safer 1448
20260730|0405|0550|1314|1709|2029|2206|16 Safer 1448
20260731|0406|0551|1314|1709|2028|2205|17 Safer 1448
20260801|0408|0552|1314|1708|2026|2203|18 Safer 1448
20260802|0409|0553|1314|1708|2025|2202|19 Safer 1448
20260803|0411|0554|1314|1707|2024|2200|20 Safer 1448
20260804|0412|0555|1314|1707|2023|2158|21 Safer 1448
20260805|0414|0556|1314|1707|2022|2157|22 Safer 1448
20260806|0415|0557|1314|1706|2021|2155|23 Safer 1448
20260807|0417|0558|1314|1706|2020|2153|24 Safer 1448
20260808|0418|0559|1314|1705|2018|2152|25 Safer 1448
20260809|0420|0600|1313|1705|2017|2150|26 Safer 1448
20260810|0421|0601|1313|1704|2016|2148|27 Safer 1448
20260811|0423|0602|1313|1704|2015|2146|28 Safer 1448
20260812|0424|0603|1313|1703|2013|2145|29 Safer 1448
20260813|0426|0604|1313|1703|2012|2143|30 Safer 1448
20260814|0427|0605|1313|1702|2011|2141|1 Rebiulevvel 1448
20260815|0429|0606|1312|1701|2009|2139|2 Rebiulevvel 1448
20260816|0430|0607|1312|1701|2008|2138|3 Rebiulevvel 1448
20260817|0432|0608|1312|1700|2006|2136|4 Rebiulevvel 1448
20260818|0433|0609|1312|1659|2005|2134|5 Rebiulevvel 1448
20260819|0435|0610|1312|1659|2004|2132|6 Rebiulevvel 1448
20260820|0436|0611|1311|1658|2002|2130|7 Rebiulevvel 1448
20260821|0437|0612|1311|1657|2001|2128|8 Rebiulevvel 1448
20260822|0439|0613|1311|1657|1959|2126|9 Rebiulevvel 1448
20260823|0440|0614|1311|1656|1958|2125|10 Rebiulevvel 1448
20260824|0442|0615|1310|1655|1956|2123|11 Rebiulevvel 1448
20260825|0443|0615|1310|1654|1955|2121|12 Rebiulevvel 1448
20260826|0444|0616|1310|1653|1953|2119|13 Rebiulevvel 1448
20260827|0446|0617|1309|1653|1952|2117|14 Rebiulevvel 1448
20260828|0447|0618|1309|1652|1950|2115|15 Rebiulevvel 1448
20260829|0448|0619|1309|1651|1948|2113|16 Rebiulevvel 1448
20260830|0450|0620|1309|1650|1947|2111|17 Rebiulevvel 1448
20260831|0451|0621|1308|1649|1945|2109|18 Rebiulevvel 1448
20260901|0452|0622|1308|1648|1944|2108|19 Rebiulevvel 1448
20260902|0454|0623|1308|1647|1942|2106|20 Rebiulevvel 1448
20260903|0455|0624|1307|1646|1940|2104|21 Rebiulevvel 1448
20260904|0456|0625|1307|1645|1939|2102|22 Rebiulevvel 1448
20260905|0458|0626|1307|1644|1937|2100|23 Rebiulevvel 1448
20260906|0459|0627|1306|1643|1935|2058|24 Rebiulevvel 1448
20260907|0500|0628|1306|1642|1934|2056|25 Rebiulevvel 1448
20260908|0501|0629|1306|1641|1932|2054|26 Rebiulevvel 1448
20260909|0503|0630|1305|1640|1930|2052|27 Rebiulevvel 1448
20260910|0504|0631|1305|1639|1929|2050|28 Rebiulevvel 1448
20260911|0505|0632|1305|1638|1927|2049|29 Rebiulevvel 1448
20260912|0506|0633|1304|1637|1925|2047|1 Rebiulahir 1448
20260913|0507|0634|1304|1636|1924|2045|2 Rebiulahir 1448
20260914|0509|0635|1304|1635|1922|2043|3 Rebiulahir 1448
20260915|0510|0636|1303|1634|1920|2041|4 Rebiulahir 1448
20260916|0511|0637|1303|1633|1919|2039|5 Rebiulahir 1448
20260917|0512|0638|1302|1632|1917|2037|6 Rebiulahir 1448
20260918|0513|0639|1302|1630|1915|2035|7 Rebiulahir 1448
20260919|0514|0640|1302|1629|1914|2034|8 Rebiulahir 1448
20260920|0516|0641|1301|1628|1912|2032|9 Rebiulahir 1448
20260921|0517|0642|1301|1627|1910|2030|10 Rebiulahir 1448
20260922|0518|0643|1301|1626|1908|2028|11 Rebiulahir 1448
20260923|0519|0644|1300|1625|1907|2026|12 Rebiulahir 1448
20260924|0520|0645|1300|1624|1905|2024|13 Rebiulahir 1448
20260925|0521|0646|1300|1622|1903|2023|14 Rebiulahir 1448
20260926|0522|0647|1259|1621|1902|2021|15 Rebiulahir 1448
20260927|0523|0648|1259|1620|1900|2019|16 Rebiulahir 1448
20260928|0524|0649|1259|1619|1858|2017|17 Rebiulahir 1448
20260929|0526|0650|1258|1618|1857|2016|18 Rebiulahir 1448
20260930|0527|0651|1258|1616|1855|2014|19 Rebiulahir 1448
20261001|0528|0652|1258|1615|1853|2012|20 Rebiulahir 1448
20261002|0529|0653|1257|1614|1852|2010|21 Rebiulahir 1448
20261003|0530|0654|1257|1613|1850|2009|22 Rebiulahir 1448
20261004|0531|0655|1257|1612|1848|2007|23 Rebiulahir 1448
20261005|0532|0656|1256|1610|1847|2005|24 Rebiulahir 1448
20261006|0533|0657|1256|1609|1845|2004|25 Rebiulahir 1448
20261007|0534|0658|1256|1608|1843|2002|26 Rebiulahir 1448
20261008|0535|0659|1255|1607|1842|2000|27 Rebiulahir 1448
20261009|0536|0700|1255|1606|1840|1959|28 Rebiulahir 1448
20261010|0537|0701|1255|1604|1839|1957|29 Rebiulahir 1448
20261011|0538|0702|1255|1603|1837|1956|30 Rebiulahir 1448
20261012|0539|0703|1254|1602|1835|1954|1 Cemaziyelevvel 1448
20261013|0540|0705|1254|1601|1834|1953|2 Cemaziyelevvel 1448
20261014|0542|0706|1254|1600|1832|1951|3 Cemaziyelevvel 1448
20261015|0543|0707|1254|1558|1831|1950|4 Cemaziyelevvel 1448
20261016|0544|0708|1253|1557|1829|1948|5 Cemaziyelevvel 1448
20261017|0545|0709|1253|1556|1828|1947|6 Cemaziyelevvel 1448
20261018|0546|0710|1253|1555|1826|1945|7 Cemaziyelevvel 1448
20261019|0547|0711|1253|1554|1825|1944|8 Cemaziyelevvel 1448
20261020|0548|0712|1253|1553|1823|1942|9 Cemaziyelevvel 1448
20261021|0549|0713|1253|1552|1822|1941|10 Cemaziyelevvel 1448
20261022|0550|0714|1252|1550|1820|1940|11 Cemaziyelevvel 1448
20261023|0551|0716|1252|1549|1819|1938|12 Cemaziyelevvel 1448
20261024|0552|0717|1252|1548|1817|1937|13 Cemaziyelevvel 1448
20261025|0553|0718|1252|1547|1816|1936|14 Cemaziyelevvel 1448
20261026|0554|0719|1252|1546|1815|1934|15 Cemaziyelevvel 1448
20261027|0555|0720|1252|1545|1813|1933|16 Cemaziyelevvel 1448
20261028|0556|0721|1252|1544|1812|1932|17 Cemaziyelevvel 1448
20261029|0557|0722|1252|1543|1811|1931|18 Cemaziyelevvel 1448
20261030|0558|0724|1251|1542|1809|1930|19 Cemaziyelevvel 1448
20261031|0559|0725|1251|1541|1808|1928|20 Cemaziyelevvel 1448
20261101|0600|0726|1251|1540|1807|1927|21 Cemaziyelevvel 1448
20261102|0601|0727|1251|1539|1806|1926|22 Cemaziyelevvel 1448
20261103|0602|0728|1251|1538|1805|1925|23 Cemaziyelevvel 1448
20261104|0603|0729|1251|1537|1803|1924|24 Cemaziyelevvel 1448
20261105|0604|0731|1251|1536|1802|1923|25 Cemaziyelevvel 1448
20261106|0605|0732|1251|1535|1801|1922|26 Cemaziyelevvel 1448
20261107|0606|0733|1251|1534|1800|1921|27 Cemaziyelevvel 1448
20261108|0607|0734|1252|1534|1759|1920|28 Cemaziyelevvel 1448
20261109|0608|0735|1252|1533|1758|1919|29 Cemaziyelevvel 1448
20261110|0609|0736|1252|1532|1757|1919|1 Cemaziyelahir 1448
20261111|0610|0738|1252|1531|1756|1918|2 Cemaziyelahir 1448
20261112|0611|0739|1252|1530|1755|1917|3 Cemaziyelahir 1448
20261113|0613|0740|1252|1530|1754|1916|4 Cemaziyelahir 1448
20261114|0614|0741|1252|1529|1753|1915|5 Cemaziyelahir 1448
20261115|0615|0742|1252|1528|1752|1915|6 Cemaziyelahir 1448
20261116|0616|0744|1252|1528|1751|1914|7 Cemaziyelahir 1448
20261117|0617|0745|1253|1527|1751|1913|8 Cemaziyelahir 1448
20261118|0618|0746|1253|1526|1750|1913|9 Cemaziyelahir 1448
20261119|0619|0747|1253|1526|1749|1912|10 Cemaziyelahir 1448
20261120|0620|0748|1253|1525|1748|1912|11 Cemaziyelahir 1448
20261121|0620|0749|1254|1525|1748|1911|12 Cemaziyelahir 1448
20261122|0621|0751|1254|1524|1747|1911|13 Cemaziyelahir 1448
20261123|0622|0752|1254|1524|1746|1910|14 Cemaziyelahir 1448
20261124|0623|0753|1254|1523|1746|1910|15 Cemaziyelahir 1448
20261125|0624|0754|1255|1523|1745|1910|16 Cemaziyelahir 1448
20261126|0625|0755|1255|1523|1745|1909|17 Cemaziyelahir 1448
20261127|0626|0756|1255|1522|1744|1909|18 Cemaziyelahir 1448
20261128|0627|0757|1256|1522|1744|1909|19 Cemaziyelahir 1448
20261129|0628|0758|1256|1522|1744|1908|20 Cemaziyelahir 1448
20261130|0629|0759|1256|1522|1743|1908|21 Cemaziyelahir 1448
20261201|0630|0800|1257|1521|1743|1908|22 Cemaziyelahir 1448
20261202|0631|0801|1257|1521|1743|1908|23 Cemaziyelahir 1448
20261203|0632|0802|1257|1521|1742|1908|24 Cemaziyelahir 1448
20261204|0633|0803|1258|1521|1742|1908|25 Cemaziyelahir 1448
20261205|0633|0804|1258|1521|1742|1908|26 Cemaziyelahir 1448
20261206|0634|0805|1259|1521|1742|1908|27 Cemaziyelahir 1448
20261207|0635|0806|1259|1521|1742|1908|28 Cemaziyelahir 1448
20261208|0636|0807|1259|1521|1742|1908|29 Cemaziyelahir 1448
20261209|0637|0808|1300|1521|1742|1908|30 Cemaziyelahir 1448
20261210|0637|0809|1300|1521|1742|1908|1 Recep 1448
20261211|0638|0810|1301|1521|1742|1908|2 Recep 1448
20261212|0639|0810|1301|1521|1742|1908|3 Recep 1448
20261213|0640|0811|1302|1522|1742|1908|4 Recep 1448
20261214|0640|0812|1302|1522|1742|1909|5 Recep 1448
20261215|0641|0813|1303|1522|1743|1909|6 Recep 1448
20261216|0642|0813|1303|1522|1743|1909|7 Recep 1448
20261217|0642|0814|1304|1523|1743|1910|8 Recep 1448
20261218|0643|0815|1304|1523|1744|1910|9 Recep 1448
20261219|0643|0815|1305|1523|1744|1910|10 Recep 1448
20261220|0644|0816|1305|1524|1744|1911|11 Recep 1448
20261221|0644|0816|1306|1524|1745|1911|12 Recep 1448
20261222|0645|0817|1306|1525|1745|1912|13 Recep 1448
20261223|0645|0817|1307|1525|1746|1912|14 Recep 1448
20261224|0646|0818|1307|1526|1746|1913|15 Recep 1448
20261225|0646|0818|1308|1526|1747|1913|16 Recep 1448
20261226|0647|0819|1308|1527|1748|1914|17 Recep 1448
20261227|0647|0819|1309|1528|1748|1915|18 Recep 1448
20261228|0647|0819|1309|1528|1749|1915|19 Recep 1448
20261229|0648|0820|1310|1529|1750|1916|20 Recep 1448
20261230|0648|0820|1310|1530|1750|1917|21 Recep 1448
20261231|0648|0820|1311|1530|1751|1917|22 Recep 1448
20270101|0649|0820|1311|1531|1752|1918|23 Recep 1448
20270102|0649|0820|1311|1532|1753|1919|24 Recep 1448
20270103|0649|0820|1312|1533|1754|1920|25 Recep 1448
20270104|0649|0820|1312|1534|1755|1920|26 Recep 1448
20270105|0649|0820|1313|1534|1755|1921|27 Recep 1448
20270106|0649|0820|1313|1535|1756|1922|28 Recep 1448
20270107|0649|0820|1314|1536|1757|1923|29 Recep 1448
20270108|0649|0820|1314|1537|1758|1924|30 Recep 1448
20270109|0649|0820|1315|1538|1759|1925|1 Şaban 1448
20270110|0649|0820|1315|1539|1800|1926|2 Şaban 1448
20270111|0649|0820|1315|1540|1801|1926|3 Şaban 1448
20270112|0649|0819|1316|1541|1802|1927|4 Şaban 1448
20270113|0649|0819|1316|1542|1803|1928|5 Şaban 1448
20270114|0649|0819|1317|1543|1805|1929|6 Şaban 1448
20270115|0648|0818|1317|1544|1806|1930|7 Şaban 1448
20270116|0648|0818|1317|1545|1807|1931|8 Şaban 1448
20270117|0648|0817|1318|1546|1808|1932|9 Şaban 1448
20270118|0647|0817|1318|1547|1809|1933|10 Şaban 1448
20270119|0647|0816|1318|1548|1810|1934|11 Şaban 1448
20270120|0647|0816|1319|1549|1811|1935|12 Şaban 1448
20270121|0646|0815|1319|1550|1813|1936|13 Şaban 1448
20270122|0646|0815|1319|1551|1814|1937|14 Şaban 1448
20270123|0645|0814|1319|1552|1815|1938|15 Şaban 1448
20270124|0645|0813|1320|1553|1816|1939|16 Şaban 1448
20270125|0644|0813|1320|1554|1817|1940|17 Şaban 1448
20270126|0644|0812|1320|1555|1819|1941|18 Şaban 1448
20270127|0643|0811|1320|1556|1820|1942|19 Şaban 1448
20270128|0642|0810|1321|1557|1821|1943|20 Şaban 1448
20270129|0642|0809|1321|1558|1822|1944|21 Şaban 1448
20270130|0641|0808|1321|1559|1823|1946|22 Şaban 1448
20270131|0640|0808|1321|1600|1825|1947|23 Şaban 1448
20270201|0640|0807|1321|1601|1826|1948|24 Şaban 1448
20270202|0639|0806|1321|1602|1827|1949|25 Şaban 1448
20270203|0638|0805|1322|1603|1828|1950|26 Şaban 1448
20270204|0637|0804|1322|1604|1830|1951|27 Şaban 1448
20270205|0636|0803|1322|1605|1831|1952|28 Şaban 1448
20270206|0635|0802|1322|1606|1832|1953|29 Şaban 1448
20270207|0634|0800|1322|1607|1833|1954|30 Şaban 1448
20270208|0633|0759|1322|1608|1835|1955|1 Ramazan 1448
20270209|0632|0758|1322|1609|1836|1956|2 Ramazan 1448
20270210|0631|0757|1322|1610|1837|1957|3 Ramazan 1448
20270211|0630|0756|1322|1611|1838|1959|4 Ramazan 1448
20270212|0629|0755|1322|1612|1840|2000|5 Ramazan 1448
20270213|0628|0753|1322|1613|1841|2001|6 Ramazan 1448
20270214|0627|0752|1322|1614|1842|2002|7 Ramazan 1448
20270215|0626|0751|1322|1615|1843|2003|8 Ramazan 1448
20270216|0624|0749|1322|1616|1844|2004|9 Ramazan 1448
20270217|0623|0748|1322|1617|1846|2005|10 Ramazan 1448
20270218|0622|0747|1322|1618|1847|2006|11 Ramazan 1448
20270219|0621|0745|1322|1618|1848|2007|12 Ramazan 1448
20270220|0619|0744|1322|1619|1849|2008|13 Ramazan 1448
20270221|0618|0743|1321|1620|1850|2010|14 Ramazan 1448
20270222|0617|0741|1321|1621|1852|2011|15 Ramazan 1448
20270223|0615|0740|1321|1622|1853|2012|16 Ramazan 1448
20270224|0614|0738|1321|1623|1854|2013|17 Ramazan 1448
20270225|0613|0737|1321|1624|1855|2014|18 Ramazan 1448
20270226|0611|0735|1321|1624|1856|2015|19 Ramazan 1448
20270227|0610|0734|1321|1625|1857|2016|20 Ramazan 1448
20270228|0608|0732|1320|1626|1859|2017|21 Ramazan 1448
20270301|0607|0731|1320|1627|1900|2018|22 Ramazan 1448
20270302|0605|0729|1320|1628|1901|2020|23 Ramazan 1448
20270303|0604|0728|1320|1628|1902|2021|24 Ramazan 1448
20270304|0602|0726|1320|1629|1903|2022|25 Ramazan 1448
20270305|0601|0725|1319|1630|1904|2023|26 Ramazan 1448
20270306|0559|0723|1319|1630|1905|2024|27 Ramazan 1448
20270307|0557|0721|1319|1631|1907|2025|28 Ramazan 1448
20270308|0556|0720|1319|1632|1908|2026|29 Ramazan 1448
20270309|0554|0718|1318|1633|1909|2027|1 Şevval 1448
20270310|0553|0717|1318|1633|1910|2029|2 Şevval 1448
20270311|0551|0715|1318|1634|1911|2030|3 Şevval 1448
20270312|0549|0713|1318|1634|1912|2031|4 Şevval 1448
20270313|0548|0712|1317|1635|1913|2032|5 Şevval 1448
20270314|0546|0710|1317|1636|1914|2033|6 Şevval 1448
20270315|0544|0709|1317|1636|1915|2034|7 Şevval 1448
20270316|0542|0707|1317|1637|1916|2035|8 Şevval 1448
20270317|0541|0705|1316|1637|1918|2037|9 Şevval 1448
20270318|0539|0704|1316|1638|1919|2038|10 Şevval 1448
20270319|0537|0702|1316|1639|1920|2039|11 Şevval 1448
20270320|0535|0700|1315|1639|1921|2040|12 Şevval 1448
20270321|0534|0659|1315|1640|1922|2041|13 Şevval 1448
20270322|0532|0657|1315|1640|1923|2043|14 Şevval 1448
20270323|0530|0655|1315|1641|1924|2044|15 Şevval 1448
20270324|0528|0654|1314|1641|1925|2045|16 Şevval 1448
20270325|0526|0652|1314|1642|1926|2046|17 Şevval 1448
20270326|0524|0650|1314|1642|1927|2047|18 Şevval 1448
20270327|0523|0649|1313|1643|1928|2049|19 Şevval 1448
20270328|0521|0647|1313|1643|1929|2050|20 Şevval 1448
20270329|0519|0645|1313|1644|1930|2051|21 Şevval 1448
20270330|0517|0644|1312|1644|1931|2052|22 Şevval 1448
20270331|0515|0642|1312|1645|1932|2054|23 Şevval 1448
20270401|0513|0640|1312|1645|1933|2055|24 Şevval 1448
20270402|0511|0639|1312|1645|1935|2056|25 Şevval 1448
20270403|0510|0637|1311|1646|1936|2057|26 Şevval 1448
20270404|0508|0635|1311|1646|1937|2059|27 Şevval 1448
20270405|0506|0634|1311|1647|1938|2100|28 Şevval 1448
20270406|0504|0632|1310|1647|1939|2101|29 Şevval 1448
20270407|0502|0631|1310|1647|1940|2102|30 Şevval 1448
20270408|0500|0629|1310|1648|1941|2104|1 Zilkade 1448
20270409|0458|0627|1310|1648|1942|2105|2 Zilkade 1448
20270410|0456|0626|1309|1648|1943|2106|3 Zilkade 1448
20270411|0454|0624|1309|1649|1944|2108|4 Zilkade 1448
20270412|0452|0623|1309|1649|1945|2109|5 Zilkade 1448
20270413|0451|0621|1309|1650|1946|2110|6 Zilkade 1448
20270414|0449|0619|1308|1650|1947|2112|7 Zilkade 1448
20270415|0447|0618|1308|1650|1948|2113|8 Zilkade 1448
20270416|0445|0616|1308|1651|1949|2115|9 Zilkade 1448
20270417|0443|0615|1308|1651|1950|2116|10 Zilkade 1448
20270418|0441|0613|1307|1651|1951|2117|11 Zilkade 1448
20270419|0439|0612|1307|1652|1952|2119|12 Zilkade 1448
20270420|0437|0610|1307|1652|1953|2120|13 Zilkade 1448
20270421|0435|0609|1307|1652|1955|2122|14 Zilkade 1448
20270422|0433|0607|1306|1652|1956|2123|15 Zilkade 1448
20270423|0432|0606|1306|1653|1957|2125|16 Zilkade 1448
20270424|0430|0605|1306|1653|1958|2126|17 Zilkade 1448
20270425|0428|0603|1306|1653|1959|2127|18 Zilkade 1448
20270426|0426|0602|1306|1654|2000|2129|19 Zilkade 1448
20270427|0424|0600|1306|1654|2001|2130|20 Zilkade 1448
20270428|0422|0559|1305|1654|2002|2132|21 Zilkade 1448
20270429|0421|0558|1305|1655|2003|2133|22 Zilkade 1448
20270430|0419|0556|1305|1655|2004|2135|23 Zilkade 1448
20270501|0417|0555|1305|1655|2005|2136|24 Zilkade 1448
20270502|0415|0554|1305|1655|2006|2138|25 Zilkade 1448
20270503|0413|0552|1305|1656|2007|2139|26 Zilkade 1448
20270504|0412|0551|1305|1656|2008|2141|27 Zilkade 1448
20270505|0410|0550|1305|1656|2009|2142|28 Zilkade 1448
20270506|0408|0549|1304|1657|2010|2144|29 Zilkade 1448
20270507|0406|0548|1304|1657|2011|2145|1 Zilhicce 1448
20270508|0405|0546|1304|1657|2012|2147|2 Zilhicce 1448
20270509|0403|0545|1304|1657|2013|2148|3 Zilhicce 1448
20270510|0401|0544|1304|1658|2014|2150|4 Zilhicce 1448
20270511|0400|0543|1304|1658|2015|2151|5 Zilhicce 1448
20270512|0358|0542|1304|1658|2016|2153|6 Zilhicce 1448
20270513|0357|0541|1304|1658|2017|2154|7 Zilhicce 1448
20270514|0355|0540|1304|1659|2018|2156|8 Zilhicce 1448
20270515|0353|0539|1304|1659|2019|2157|9 Zilhicce 1448
20270516|0352|0538|1304|1659|2020|2159|10 Zilhicce 1448
20270517|0350|0537|1304|1700|2021|2200|11 Zilhicce 1448
20270518|0349|0536|1304|1700|2022|2202|12 Zilhicce 1448
20270519|0348|0535|1304|1700|2023|2203|13 Zilhicce 1448
20270520|0346|0535|1304|1700|2024|2205|14 Zilhicce 1448
20270521|0345|0534|1304|1701|2025|2206|15 Zilhicce 1448
20270522|0343|0533|1304|1701|2026|2207|16 Zilhicce 1448
20270523|0342|0532|1305|1701|2027|2209|17 Zilhicce 1448
20270524|0341|0531|1305|1702|2028|2210|18 Zilhicce 1448
20270525|0340|0531|1305|1702|2029|2212|19 Zilhicce 1448
20270526|0338|0530|1305|1702|2029|2213|20 Zilhicce 1448
20270527|0337|0530|1305|1702|2030|2214|21 Zilhicce 1448
20270528|0336|0529|1305|1703|2031|2215|22 Zilhicce 1448
20270529|0335|0528|1305|1703|2032|2217|23 Zilhicce 1448
20270530|0334|0528|1305|1703|2033|2218|24 Zilhicce 1448
20270531|0333|0527|1305|1703|2034|2219|25 Zilhicce 1448
20270601|0332|0527|1306|1704|2034|2220|26 Zilhicce 1448
20270602|0331|0526|1306|1704|2035|2222|27 Zilhicce 1448
20270603|0330|0526|1306|1704|2036|2223|28 Zilhicce 1448
20270604|0330|0526|1306|1705|2036|2224|29 Zilhicce 1448
20270605|0329|0525|1306|1705|2037|2225|30 Zilhicce 1448
20270606|0328|0525|1306|1705|2038|2226|1 Muharrem 1449
20270607|0328|0525|1307|1705|2038|2227|2 Muharrem 1449
20270608|0327|0524|1307|1706|2039|2228|3 Muharrem 1449
20270609|0326|0524|1307|1706|2040|2229|4 Muharrem 1449
20270610|0326|0524|1307|1706|2040|2229|5 Muharrem 1449
20270611|0325|0524|1307|1707|2041|2230|6 Muharrem 1449
20270612|0325|0524|1308|1707|2041|2231|7 Muharrem 1449
20270613|0325|0524|1308|1707|2042|2232|8 Muharrem 1449
20270614|0325|0524|1308|1707|2042|2232|9 Muharrem 1449
20270615|0324|0524|1308|1708|2043|2233|10 Muharrem 1449
20270616|0324|0524|1308|1708|2043|2233|11 Muharrem 1449
20270617|0324|0524|1309|1708|2043|2234|12 Muharrem 1449
20270618|0324|0524|1309|1708|2044|2234|13 Muharrem 1449
20270619|0324|0524|1309|1709|2044|2235|14 Muharrem 1449
20270620|0324|0524|1309|1709|2044|2235|15 Muharrem 1449
20270621|0324|0524|1309|1709|2045|2235|16 Muharrem 1449
20270622|0325|0525|1310|1709|2045|2236|17 Muharrem 1449
20270623|0325|0525|1310|1709|2045|2236|18 Muharrem 1449
20270624|0325|0525|1310|1710|2045|2236|19 Muharrem 1449
20270625|0326|0525|1310|1710|2045|2236|20 Muharrem 1449
20270626|0326|0526|1311|1710|2045|2236|21 Muharrem 1449
20270627|0327|0526|1311|1710|2045|2236|22 Muharrem 1449
20270628|0327|0526|1311|1710|2046|2236|23 Muharrem 1449
20270629|0328|0527|1311|1711|2045|2235|24 Muharrem 1449
20270630|0328|0527|1311|1711|2045|2235|25 Muharrem 1449
20270701|0329|0528|1312|1711|2045|2235|26 Muharrem 1449
20270702|0330|0528|1312|1711|2045|2235|27 Muharrem 1449
20270703|0331|0529|1312|1711|2045|2234|28 Muharrem 1449
20270704|0331|0529|1312|1711|2045|2234|29 Muharrem 1449
20270705|0332|0530|1312|1711|2045|2233|1 Safer 1449
20270706|0333|0531|1312|1711|2044|2233|2 Safer 1449
20270707|0334|0531|1313|1711|2044|2232|3 Safer 1449
20270708|0335|0532|1313|1712|2044|2232|4 Safer 1449
20270709|0336|0532|1313|1712|2044|2231|5 Safer 1449
20270710|0337|0533|1313|1712|2043|2230|6 Safer 1449
20270711|0339|0534|1313|1712|2043|2229|7 Safer 1449
20270712|0340|0535|1313|1712|2042|2228|8 Safer 1449
20270713|0341|0535|1314|1712|2042|2228|9 Safer 1449
20270714|0342|0536|1314|1712|2041|2227|10 Safer 1449
20270715|0343|0537|1314|1712|2041|2226|11 Safer 1449
20270716|0345|0538|1314|1712|2040|2225|12 Safer 1449
20270717|0346|0538|1314|1711|2040|2224|13 Safer 1449
20270718|0347|0539|1314|1711|2039|2222|14 Safer 1449
20270719|0349|0540|1314|1711|2038|2221|15 Safer 1449
20270720|0350|0541|1314|1711|2038|2220|16 Safer 1449
20270721|0351|0542|1314|1711|2037|2219|17 Safer 1449
20270722|0353|0543|1314|1711|2036|2218|18 Safer 1449
20270723|0354|0543|1314|1711|2035|2216|19 Safer 1449
20270724|0356|0544|1314|1710|2034|2215|20 Safer 1449
20270725|0357|0545|1314|1710|2034|2214|21 Safer 1449
20270726|0359|0546|1314|1710|2033|2212|22 Safer 1449
20270727|0400|0547|1314|1710|2032|2211|23 Safer 1449
20270728|0402|0548|1314|1710|2031|2209|24 Safer 1449
20270729|0403|0549|1314|1709|2030|2208|25 Safer 1449
20270730|0405|0550|1314|1709|2029|2207|26 Safer 1449
20270731|0406|0551|1314|1709|2028|2205|27 Safer 1449
20270801|0408|0552|1314|1708|2027|2203|28 Safer 1449
20270802|0409|0553|1314|1708|2026|2202|29 Safer 1449
20270803|0411|0554|1314|1708|2025|2200|1 Rebiulevvel 1449
20270804|0412|0555|1314|1707|2023|2159|2 Rebiulevvel 1449
20270805|0414|0556|1314|1707|2022|2157|3 Rebiulevvel 1449
20270806|0415|0557|1314|1706|2021|2155|4 Rebiulevvel 1449
20270807|0417|0558|1314|1706|2020|2154|5 Rebiulevvel 1449
20270808|0418|0558|1314|1705|2019|2152|6 Rebiulevvel 1449
20270809|0420|0559|1313|1705|2017|2150|7 Rebiulevvel 1449
20270810|0421|0600|1313|1704|2016|2149|8 Rebiulevvel 1449
20270811|0423|0601|1313|1704|2015|2147|9 Rebiulevvel 1449
20270812|0424|0602|1313|1703|2014|2145|10 Rebiulevvel 1449
20270813|0426|0603|1313|1703|2012|2143|11 Rebiulevvel 1449
20270814|0427|0604|1313|1702|2011|2142|12 Rebiulevvel 1449
20270815|0428|0605|1312|1702|2010|2140|13 Rebiulevvel 1449
20270816|0430|0606|1312|1701|2008|2138|14 Rebiulevvel 1449
20270817|0431|0607|1312|1700|2007|2136|15 Rebiulevvel 1449
20270818|0433|0608|1312|1700|2005|2134|16 Rebiulevvel 1449
20270819|0434|0609|1312|1659|2004|2132|17 Rebiulevvel 1449
20270820|0436|0610|1311|1658|2002|2131|18 Rebiulevvel 1449
20270821|0437|0611|1311|1657|2001|2129|19 Rebiulevvel 1449
20270822|0439|0612|1311|1657|2000|2127|20 Rebiulevvel 1449
20270823|0440|0613|1311|1656|1958|2125|21 Rebiulevvel 1449
20270824|0441|0614|1310|1655|1957|2123|22 Rebiulevvel 1449
20270825|0443|0615|1310|1654|1955|2121|23 Rebiulevvel 1449
20270826|0444|0616|1310|1654|1953|2119|24 Rebiulevvel 1449
20270827|0445|0617|1310|1653|1952|2118|25 Rebiulevvel 1449
20270828|0447|0618|1309|1652|1950|2116|26 Rebiulevvel 1449
20270829|0448|0619|1309|1651|1949|2114|27 Rebiulevvel 1449
20270830|0449|0620|1309|1650|1947|2112|28 Rebiulevvel 1449
20270831|0451|0621|1308|1649|1946|2110|29 Rebiulevvel 1449
20270901|0452|0622|1308|1648|1944|2108|30 Rebiulevvel 1449
20270902|0453|0623|1308|1647|1942|2106|1 Rebiulahir 1449
20270903|0455|0624|1307|1646|1941|2104|2 Rebiulahir 1449
20270904|0456|0625|1307|1645|1939|2102|3 Rebiulahir 1449
20270905|0457|0626|1307|1645|1937|2100|4 Rebiulahir 1449
20270906|0459|0627|1306|1644|1936|2058|5 Rebiulahir 1449
20270907|0500|0628|1306|1643|1934|2057|6 Rebiulahir 1449
20270908|0501|0629|1306|1642|1933|2055|7 Rebiulahir 1449
20270909|0502|0630|1305|1640|1931|2053|8 Rebiulahir 1449
20270910|0503|0631|1305|1639|1929|2051|9 Rebiulahir 1449
20270911|0505|0632|1305|1638|1928|2049|10 Rebiulahir 1449
20270912|0506|0633|1304|1637|1926|2047|11 Rebiulahir 1449
20270913|0507|0634|1304|1636|1924|2045|12 Rebiulahir 1449
20270914|0508|0635|1304|1635|1922|2043|13 Rebiulahir 1449
20270915|0509|0636|1303|1634|1921|2041|14 Rebiulahir 1449
20270916|0511|0637|1303|1633|1919|2040|15 Rebiulahir 1449
20270917|0512|0638|1303|1632|1917|2038|16 Rebiulahir 1449
20270918|0513|0639|1302|1631|1916|2036|17 Rebiulahir 1449
20270919|0514|0640|1302|1630|1914|2034|18 Rebiulahir 1449
20270920|0515|0641|1301|1628|1912|2032|19 Rebiulahir 1449
20270921|0516|0642|1301|1627|1911|2030|20 Rebiulahir 1449
20270922|0518|0643|1301|1626|1909|2029|21 Rebiulahir 1449
20270923|0519|0644|1300|1625|1907|2027|22 Rebiulahir 1449
20270924|0520|0645|1300|1624|1905|2025|23 Rebiulahir 1449
20270925|0521|0646|1300|1623|1904|2023|24 Rebiulahir 1449
20270926|0522|0647|1259|1621|1902|2021|25 Rebiulahir 1449
20270927|0523|0648|1259|1620|1900|2020|26 Rebiulahir 1449
20270928|0524|0649|1259|1619|1859|2018|27 Rebiulahir 1449
20270929|0525|0650|1258|1618|1857|2016|28 Rebiulahir 1449
20270930|0526|0651|1258|1617|1855|2014|29 Rebiulahir 1449
20271001|0527|0652|1258|1616|1854|2013|1 Cemaziyelevvel 1449
20271002|0529|0653|1257|1614|1852|2011|2 Cemaziyelevvel 1449
20271003|0530|0654|1257|1613|1850|2009|3 Cemaziyelevvel 1449
20271004|0531|0655|1257|1612|1849|2007|4 Cemaziyelevvel 1449
20271005|0532|0656|1256|1611|1847|2006|5 Cemaziyelevvel 1449
20271006|0533|0657|1256|1609|1845|2004|6 Cemaziyelevvel 1449
20271007|0534|0658|1256|1608|1844|2002|7 Cemaziyelevvel 1449
20271008|0535|0659|1256|1607|1842|2001|8 Cemaziyelevvel 1449
20271009|0536|0700|1255|1606|1841|1959|9 Cemaziyelevvel 1449
20271010|0537|0701|1255|1605|1839|1958|10 Cemaziyelevvel 1449
20271011|0538|0702|1255|1603|1837|1956|11 Cemaziyelevvel 1449
20271012|0539|0703|1254|1602|1836|1954|12 Cemaziyelevvel 1449
20271013|0540|0704|1254|1601|1834|1953|13 Cemaziyelevvel 1449
20271014|0541|0705|1254|1600|1833|1951|14 Cemaziyelevvel 1449
20271015|0542|0706|1254|1559|1831|1950|15 Cemaziyelevvel 1449
20271016|0543|0707|1254|1558|1830|1948|16 Cemaziyelevvel 1449
20271017|0544|0709|1253|1556|1828|1947|17 Cemaziyelevvel 1449
20271018|0545|0710|1253|1555|1827|1946|18 Cemaziyelevvel 1449
20271019|0546|0711|1253|1554|1825|1944|19 Cemaziyelevvel 1449
20271020|0548|0712|1253|1553|1824|1943|20 Cemaziyelevvel 1449
20271021|0549|0713|1253|1552|1822|1941|21 Cemaziyelevvel 1449
20271022|0550|0714|1252|1551|1821|1940|22 Cemaziyelevvel 1449
20271023|0551|0715|1252|1550|1819|1939|23 Cemaziyelevvel 1449
20271024|0552|0716|1252|1548|1818|1937|24 Cemaziyelevvel 1449
20271025|0553|0718|1252|1547|1816|1936|25 Cemaziyelevvel 1449
20271026|0554|0719|1252|1546|1815|1935|26 Cemaziyelevvel 1449
20271027|0555|0720|1252|1545|1814|1933|27 Cemaziyelevvel 1449
20271028|0556|0721|1252|1544|1812|1932|28 Cemaziyelevvel 1449
20271029|0557|0722|1252|1543|1811|1931|29 Cemaziyelevvel 1449
20271030|0558|0723|1251|1542|1810|1930|30 Cemaziyelevvel 1449
20271031|0559|0724|1251|1541|1809|1929|1 Cemaziyelahir 1449
20271101|0600|0726|1251|1540|1807|1928|2 Cemaziyelahir 1449
20271102|0601|0727|1251|1539|1806|1927|3 Cemaziyelahir 1449
20271103|0602|0728|1251|1538|1805|1925|4 Cemaziyelahir 1449
20271104|0603|0729|1251|1537|1804|1924|5 Cemaziyelahir 1449
20271105|0604|0730|1251|1536|1803|1923|6 Cemaziyelahir 1449
20271106|0605|0731|1251|1535|1801|1922|7 Cemaziyelahir 1449
20271107|0606|0733|1251|1535|1800|1921|8 Cemaziyelahir 1449
20271108|0607|0734|1251|1534|1759|1921|9 Cemaziyelahir 1449
20271109|0608|0735|1252|1533|1758|1920|10 Cemaziyelahir 1449
20271110|0609|0736|1252|1532|1757|1919|11 Cemaziyelahir 1449
20271111|0610|0737|1252|1531|1756|1918|12 Cemaziyelahir 1449
20271112|0611|0739|1252|1531|1755|1917|13 Cemaziyelahir 1449
20271113|0612|0740|1252|1530|1754|1916|14 Cemaziyelahir 1449
20271114|0613|0741|1252|1529|1753|1916|15 Cemaziyelahir 1449
20271115|0614|0742|1252|1528|1752|1915|16 Cemaziyelahir 1449
20271116|0615|0743|1252|1528|1752|1914|17 Cemaziyelahir 1449
20271117|0616|0744|1253|1527|1751|1914|18 Cemaziyelahir 1449
20271118|0617|0746|1253|1527|1750|1913|19 Cemaziyelahir 1449
20271119|0618|0747|1253|1526|1749|1912|20 Cemaziyelahir 1449
20271120|0619|0748|1253|1525|1749|1912|21 Cemaziyelahir 1449
20271121|0620|0749|1253|1525|1748|1911|22 Cemaziyelahir 1449
20271122|0621|0750|1254|1524|1747|1911|23 Cemaziyelahir 1449
20271123|0622|0751|1254|1524|1747|1910|24 Cemaziyelahir 1449
20271124|0623|0752|1254|1524|1746|1910|25 Cemaziyelahir 1449
20271125|0624|0754|1255|1523|1746|1910|26 Cemaziyelahir 1449
20271126|0625|0755|1255|1523|1745|1909|27 Cemaziyelahir 1449
20271127|0626|0756|1255|1522|1745|1909|28 Cemaziyelahir 1449
20271128|0627|0757|1255|1522|1744|1909|29 Cemaziyelahir 1449
20271129|0628|0758|1256|1522|1744|1908|1 Recep 1449
20271130|0629|0759|1256|1522|1743|1908|2 Recep 1449
20271201|0630|0800|1257|1521|1743|1908|3 Recep 1449
20271202|0631|0801|1257|1521|1743|1908|4 Recep 1449
20271203|0631|0802|1257|1521|1743|1908|5 Recep 1449
20271204|0632|0803|1258|1521|1742|1908|6 Recep 1449
20271205|0633|0804|1258|1521|1742|1908|7 Recep 1449
20271206|0634|0805|1259|1521|1742|1908|8 Recep 1449
20271207|0635|0806|1259|1521|1742|1908|9 Recep 1449
20271208|0636|0807|1259|1521|1742|1908|10 Recep 1449
20271209|0636|0808|1300|1521|1742|1908|11 Recep 1449
20271210|0637|0809|1300|1521|1742|1908|12 Recep 1449
20271211|0638|0809|1301|1521|1742|1908|13 Recep 1449
20271212|0639|0810|1301|1521|1742|1908|14 Recep 1449
20271213|0639|0811|1302|1522|1742|1908|15 Recep 1449
20271214|0640|0812|1302|1522|1742|1909|16 Recep 1449
20271215|0641|0813|1303|1522|1743|1909|17 Recep 1449
20271216|0641|0813|1303|1522|1743|1909|18 Recep 1449
20271217|0642|0814|1304|1523|1743|1910|19 Recep 1449
20271218|0643|0815|1304|1523|1744|1910|20 Recep 1449
20271219|0643|0815|1305|1523|1744|1910|21 Recep 1449
20271220|0644|0816|1305|1524|1744|1911|22 Recep 1449
20271221|0644|0816|1305|1524|1745|1911|23 Recep 1449
20271222|0645|0817|1306|1525|1745|1912|24 Recep 1449
20271223|0645|0817|1306|1525|1746|1912|25 Recep 1449
20271224|0646|0818|1307|1526|1746|1913|26 Recep 1449
20271225|0646|0818|1307|1526|1747|1913|27 Recep 1449
20271226|0647|0819|1308|1527|1747|1914|28 Recep 1449
20271227|0647|0819|1308|1528|1748|1915|29 Recep 1449
20271228|0647|0819|1309|1528|1749|1915|30 Recep 1449
20271229|0648|0819|1309|1529|1749|1916|1 Şaban 1449
20271230|0648|0820|1310|1530|1750|1916|2 Şaban 1449
20271231|0648|0820|1310|1530|1751|1917|3 Şaban 1449
#@17865|Avcılar|ISTANBUL|730
20260101|0651|0823|1313|1533|1754|1920|12 Recep 1447
20260102|0651|0823|1314|1534|1755|1921|13 Recep 1447
20260103|0651|0823|1314|1535|1756|1922|14 Recep 1447
20260104|0652|0823|1315|1536|1757|1923|15 Recep 1447
20260105|0652|0823|1315|1536|1758|1924|16 Recep 1447
20260106|0652|0823|1316|1537|1758|1924|17 Recep 1447
20260107|0652|0823|1316|1538|1759|1925|18 Recep 1447
20260108|0652|0823|1317|1539|1800|1926|19 Recep 1447
20260109|0652|0823|1317|1540|1801|1927|20 Recep 1447
20260110|0652|0823|1317|1541|1802|1928|21 Recep 1447
20260111|0652|0822|1318|1542|1803|1929|22 Recep 1447
20260112|0651|0822|1318|1543|1805|1930|23 Recep 1447
20260113|0651|0822|1319|1544|1806|1931|24 Recep 1447
20260114|0651|0821|1319|1545|1807|1932|25 Recep 1447
20260115|0651|0821|1319|1546|1808|1933|26 Recep 1447
20260116|0651|0821|1320|1547|1809|1934|27 Recep 1447
20260117|0650|0820|1320|1548|1810|1935|28 Recep 1447
20260118|0650|0820|1320|1549|1811|1935|29 Recep 1447
20260119|0650|0819|1321|1550|1812|1937|30 Recep 1447
20260120|0649|0819|1321|1551|1814|1938|1 Şaban 1447
20260121|0649|0818|1321|1552|1815|1939|2 Şaban 1447
20260122|0648|0817|1322|1553|1816|1940|3 Şaban 1447
20260123|0648|0817|1322|1554|1817|1941|4 Şaban 1447
20260124|0647|0816|1322|1555|1818|1942|5 Şaban 1447
20260125|0647|0815|1322|1556|1820|1943|6 Şaban 1447
20260126|0646|0814|1323|1557|1821|1944|7 Şaban 1447
20260127|0645|0814|1323|1558|1822|1945|8 Şaban 1447
20260128|0645|0813|1323|1559|1823|1946|9 Şaban 1447
20260129|0644|0812|1323|1600|1824|1947|10 Şaban 1447
20260130|0643|0811|1323|1601|1826|1948|11 Şaban 1447
20260131|0643|0810|1323|1602|1827|1949|12 Şaban 1447
20260201|0642|0809|1324|1603|1828|1950|13 Şaban 1447
20260202|0641|0808|1324|1604|1829|1951|14 Şaban 1447
20260203|0640|0807|1324|1605|1831|1952|15 Şaban 1447
20260204|0639|0806|1324|1606|1832|1953|16 Şaban 1447
20260205|0638|0805|1324|1607|1833|1955|17 Şaban 1447
20260206|0637|0804|1324|1608|1834|1956|18 Şaban 1447
20260207|0636|0803|1324|1609|1836|1957|19 Şaban 1447
20260208|0635|0802|1324|1610|1837|1958|20 Şaban 1447
20260209|0634|0800|1324|1611|1838|1959|21 Şaban 1447
20260210|0633|0759|1324|1612|1839|2000|22 Şaban 1447
20260211|0632|0758|1324|1613|1841|2001|23 Şaban 1447
20260212|0631|0757|1324|1614|1842|2002|24 Şaban 1447
20260213|0630|0756|1324|1615|1843|2003|25 Şaban 1447
20260214|0629|0754|1324|1616|1844|2004|26 Şaban 1447
20260215|0628|0753|1324|1617|1846|2006|27 Şaban 1447
20260216|0626|0752|1324|1618|1847|2007|28 Şaban 1447
20260217|0625|0750|1324|1619|1848|2008|29 Şaban 1447
20260218|0624|0749|1324|1620|1849|2009|30 Şaban 1447
20260219|0623|0748|1324|1621|1850|2010|1 Ramazan 1447
20260220|0621|0746|1324|1622|1852|2011|2 Ramazan 1447
20260221|0620|0745|1324|1623|1853|2012|3 Ramazan 1447
20260222|0619|0743|1324|1623|1854|2013|4 Ramazan 1447
20260223|0617|0742|1324|1624|1855|2014|5 Ramazan 1447
20260224|0616|0740|1323|1625|1856|2016|6 Ramazan 1447
20260225|0615|0739|1323|1626|1858|2017|7 Ramazan 1447
20260226|0613|0737|1323|1627|1859|2018|8 Ramazan 1447
20260227|0612|0736|1323|1628|1900|2019|9 Ramazan 1447
20260228|0610|0734|1323|1628|1901|2020|10 Ramazan 1447
20260301|0609|0733|1323|1629|1902|2021|11 Ramazan 1447
20260302|0607|0731|1322|1630|1903|2022|12 Ramazan 1447
20260303|0606|0730|1322|1631|1905|2023|13 Ramazan 1447
20260304|0604|0728|1322|1631|1906|2025|14 Ramazan 1447
20260305|0602|0727|1322|1632|1907|2026|15 Ramazan 1447
20260306|0601|0725|1322|1633|1908|2027|16 Ramazan 1447
20260307|0559|0724|1321|1634|1909|2028|17 Ramazan 1447
20260308|0558|0722|1321|1634|1910|2029|18 Ramazan 1447
20260309|0556|0720|1321|1635|1911|2030|19 Ramazan 1447
20260310|0554|0719|1321|1636|1912|2031|20 Ramazan 1447
20260311|0553|0717|1320|1636|1914|2033|21 Ramazan 1447
20260312|0551|0715|1320|1637|1915|2034|22 Ramazan 1447
20260313|0549|0714|1320|1637|1916|2035|23 Ramazan 1447
20260314|0548|0712|1319|1638|1917|2036|24 Ramazan 1447
20260315|0546|0711|1319|1639|1918|2037|25 Ramazan 1447
20260316|0544|0709|1319|1639|1919|2038|26 Ramazan 1447
20260317|0542|0707|1319|1640|1920|2039|27 Ramazan 1447
20260318|0541|0706|1318|1640|1921|2041|28 Ramazan 1447
20260319|0539|0704|1318|1641|1922|2042|29 Ramazan 1447
20260320|0537|0702|1318|1642|1923|2043|1 Şevval 1447
20260321|0535|0701|1317|1642|1924|2044|2 Şevval 1447
20260322|0533|0659|1317|1643|1926|2045|3 Şevval 1447
20260323|0532|0657|1317|1643|1927|2047|4 Şevval 1447
20260324|0530|0656|1317|1644|1928|2048|5 Şevval 1447
20260325|0528|0654|1316|1644|1929|2049|6 Şevval 1447
20260326|0526|0652|1316|1645|1930|2050|7 Şevval 1447
20260327|0524|0650|1316|1645|1931|2051|8 Şevval 1447
20260328|0522|0649|1315|1646|1932|2053|9 Şevval 1447
20260329|0521|0647|1315|1646|1933|2054|10 Şevval 1447
20260330|0519|0645|1315|1647|1934|2055|11 Şevval 1447
20260331|0517|0644|1314|1647|1935|2056|12 Şevval 1447
20260401|0515|0642|1314|1647|1936|2058|13 Şevval 1447
20260402|0513|0641|1314|1648|1937|2059|14 Şevval 1447
20260403|0511|0639|1314|1648|1938|2100|15 Şevval 1447
20260404|0509|0637|1313|1649|1939|2102|16 Şevval 1447
20260405|0507|0636|1313|1649|1940|2103|17 Şevval 1447
20260406|0505|0634|1313|1649|1941|2104|18 Şevval 1447
20260407|0503|0632|1312|1650|1943|2106|19 Şevval 1447
20260408|0502|0631|1312|1650|1944|2107|20 Şevval 1447
20260409|0500|0629|1312|1651|1945|2108|21 Şevval 1447
20260410|0458|0628|1312|1651|1946|2110|22 Şevval 1447
20260411|0456|0626|1311|1651|1947|2111|23 Şevval 1447
20260412|0454|0624|1311|1652|1948|2112|24 Şevval 1447
20260413|0452|0623|1311|1652|1949|2114|25 Şevval 1447
20260414|0450|0621|1311|1652|1950|2115|26 Şevval 1447
20260415|0448|0620|1310|1653|1951|2116|27 Şevval 1447
20260416|0446|0618|1310|1653|1952|2118|28 Şevval 1447
20260417|0444|0617|1310|1653|1953|2119|29 Şevval 1447
20260418|0442|0615|1310|1654|1954|2121|1 Zilkade 1447
20260419|0440|0614|1309|1654|1955|2122|2 Zilkade 1447
20260420|0439|0612|1309|1654|1956|2123|3 Zilkade 1447
20260421|0437|0611|1309|1655|1957|2125|4 Zilkade 1447
20260422|0435|0609|1309|1655|1958|2126|5 Zilkade 1447
20260423|0433|0608|1309|1655|1959|2128|6 Zilkade 1447
20260424|0431|0606|1308|1656|2001|2129|7 Zilkade 1447
20260425|0429|0605|1308|1656|2002|2131|8 Zilkade 1447
20260426|0427|0603|1308|1656|2003|2132|9 Zilkade 1447
20260427|0425|0602|1308|1657|2004|2134|10 Zilkade 1447
20260428|0424|0601|1308|1657|2005|2135|11 Zilkade 1447
20260429|0422|0559|1308|1657|2006|2137|12 Zilkade 1447
20260430|0420|0558|1307|1657|2007|2138|13 Zilkade 1447
20260501|0418|0557|1307|1658|2008|2140|14 Zilkade 1447
20260502|0416|0555|1307|1658|2009|2141|15 Zilkade 1447
20260503|0415|0554|1307|1658|2010|2143|16 Zilkade 1447
20260504|0413|0553|1307|1659|2011|2144|17 Zilkade 1447
20260505|0411|0552|1307|1659|2012|2146|18 Zilkade 1447
20260506|0409|0550|1307|1659|2013|2147|19 Zilkade 1447
20260507|0408|0549|1307|1659|2014|2149|20 Zilkade 1447
20260508|0406|0548|1307|1700|2015|2150|21 Zilkade 1447
20260509|0404|0547|1307|1700|2016|2152|22 Zilkade 1447
20260510|0402|0546|1307|1700|2017|2153|23 Zilkade 1447
20260511|0401|0545|1307|1701|2018|2155|24 Zilkade 1447
20260512|0359|0544|1307|1701|2019|2156|25 Zilkade 1447
20260513|0358|0543|1307|1701|2020|2158|26 Zilkade 1447
20260514|0356|0542|1307|1701|2021|2159|27 Zilkade 1447
20260515|0354|0541|1307|1702|2022|2201|28 Zilkade 1447
20260516|0353|0540|1307|1702|2023|2202|29 Zilkade 1447
20260517|0351|0539|1307|1702|2024|2204|30 Zilkade 1447
20260518|0350|0538|1307|1703|2025|2205|1 Zilhicce 1447
20260519|0349|0537|1307|1703|2026|2207|2 Zilhicce 1447
20260520|0347|0536|1307|1703|2027|2208|3 Zilhicce 1447
20260521|0346|0535|1307|1703|2028|2210|4 Zilhicce 1447
20260522|0344|0535|1307|1704|2029|2211|5 Zilhicce 1447
20260523|0343|0534|1307|1704|2030|2213|6 Zilhicce 1447
20260524|0342|0533|1307|1704|2031|2214|7 Zilhicce 1447
20260525|0341|0532|1307|1705|2032|2215|8 Zilhicce 1447
20260526|0339|0532|1307|1705|2033|2217|9 Zilhicce 1447
20260527|0338|0531|1307|1705|2033|2218|10 Zilhicce 1447
20260528|0337|0531|1307|1705|2034|2219|11 Zilhicce 1447
20260529|0336|0530|1308|1706|2035|2220|12 Zilhicce 1447
20260530|0335|0530|1308|1706|2036|2222|13 Zilhicce 1447
20260531|0334|0529|1308|1706|2037|2223|14 Zilhicce 1447
20260601|0333|0529|1308|1707|2037|2224|15 Zilhicce 1447
20260602|0332|0528|1308|1707|2038|2225|16 Zilhicce 1447
20260603|0331|0528|1308|1707|2039|2226|17 Zilhicce 1447
20260604|0331|0527|1308|1707|2040|2227|18 Zilhicce 1447
20260605|0330|0527|1309|1708|2040|2228|19 Zilhicce 1447
20260606|0329|0527|1309|1708|2041|2229|20 Zilhicce 1447
20260607|0328|0526|1309|1708|2042|2230|21 Zilhicce 1447
20260608|0328|0526|1309|1708|2042|2231|22 Zilhicce 1447
20260609|0327|0526|1309|1709|2043|2232|23 Zilhicce 1447
20260610|0327|0526|1310|1709|2043|2233|24 Zilhicce 1447
20260611|0326|0526|1310|1709|2044|2234|25 Zilhicce 1447
20260612|0326|0526|1310|1710|2044|2235|26 Zilhicce 1447
20260613|0326|0526|1310|1710|2045|2235|27 Zilhicce 1447
20260614|0326|0526|1310|1710|2045|2236|28 Zilhicce 1447
20260615|0325|0526|1311|1710|2046|2237|29 Zilhicce 1447
20260616|0325|0526|1311|1711|2046|2237|1 Muharrem 1448
20260617|0325|0526|1311|1711|2046|2238|2 Muharrem 1448
20260618|0325|0526|1311|1711|2047|2238|3 Muharrem 1448
20260619|0325|0526|1311|1711|2047|2238|4 Muharrem 1448
20260620|0325|0526|1312|1712|2047|2239|5 Muharrem 1448
20260621|0325|0526|1312|1712|2048|2239|6 Muharrem 1448
20260622|0326|0526|1312|1712|2048|2239|7 Muharrem 1448
20260623|0326|0527|1312|1712|2048|2239|8 Muharrem 1448
20260624|0326|0527|1313|1712|2048|2239|9 Muharrem 1448
20260625|0327|0527|1313|1713|2048|2239|10 Muharrem 1448
20260626|0327|0528|1313|1713|2048|2239|11 Muharrem 1448
20260627|0328|0528|1313|1713|2048|2239|12 Muharrem 1448
20260628|0328|0528|1313|1713|2048|2239|13 Muharrem 1448
20260629|0329|0529|1314|1713|2048|2239|14 Muharrem 1448
20260630|0330|0529|1314|1713|2048|2239|15 Muharrem 1448
20260701|0330|0530|1314|1714|2048|2238|16 Muharrem 1448
20260702|0331|0530|1314|1714|2048|2238|17 Muharrem 1448
20260703|0332|0531|1314|1714|2048|2238|18 Muharrem 1448
20260704|0333|0531|1315|1714|2048|2237|19 Muharrem 1448
20260705|0334|0532|1315|1714|2048|2237|20 Muharrem 1448
20260706|0335|0532|1315|1714|2047|2236|21 Muharrem 1448
20260707|0336|0533|1315|1714|2047|2236|22 Muharrem 1448
20260708|0337|0534|1315|1714|2047|2235|23 Muharrem 1448
20260709|0338|0534|1315|1714|2046|2234|24 Muharrem 1448
20260710|0339|0535|1316|1714|2046|2233|25 Muharrem 1448
20260711|0340|0536|1316|1714|2046|2233|26 Muharrem 1448
20260712|0341|0537|1316|1714|2045|2232|27 Muharrem 1448
20260713|0342|0537|1316|1714|2045|2231|28 Muharrem 1448
20260714|0344|0538|1316|1714|2044|2230|29 Muharrem 1448
20260715|0345|0539|1316|1714|2043|2229|1 Safer 1448
20260716|0346|0540|1316|1714|2043|2228|2 Safer 1448
20260717|0348|0540|1316|1714|2042|2227|3 Safer 1448
20260718|0349|0541|1316|1714|2042|2226|4 Safer 1448
20260719|0350|0542|1316|1714|2041|2224|5 Safer 1448
20260720|0352|0543|1317|1714|2040|2223|6 Safer 1448
20260721|0353|0544|1317|1714|2039|2222|7 Safer 1448
20260722|0355|0545|1317|1713|2039|2221|8 Safer 1448
20260723|0356|0546|1317|1713|2038|2219|9 Safer 1448
20260724|0357|0546|1317|1713|2037|2218|10 Safer 1448
20260725|0359|0547|1317|1713|2036|2217|11 Safer 1448
20260726|0400|0548|1317|1713|2035|2215|12 Safer 1448
20260727|0402|0549|1317|1712|2034|2214|13 Safer 1448
20260728|0403|0550|1317|1712|2033|2212|14 Safer 1448
20260729|0405|0551|1317|1712|2032|2211|15 Safer 1448
20260730|0406|0552|1317|1712|2031|2209|16 Safer 1448
20260731|0408|0553|1317|1711|2030|2208|17 Safer 1448
20260801|0409|0554|1317|1711|2029|2206|18 Safer 1448
20260802|0411|0555|1316|1710|2028|2205|19 Safer 1448
20260803|0412|0556|1316|1710|2027|2203|20 Safer 1448
20260804|0414|0557|1316|1710|2026|2201|21 Safer 1448
20260805|0415|0558|1316|1709|2025|2200|22 Safer 1448
20260806|0417|0559|1316|1709|2024|2158|23 Safer 1448
20260807|0419|0600|1316|1708|2022|2156|24 Safer 1448
20260808|0420|0601|1316|1708|2021|2155|25 Safer 1448
20260809|0422|0602|1316|1707|2020|2153|26 Safer 1448
20260810|0423|0603|1316|1707|2019|2151|27 Safer 1448
20260811|0425|0604|1315|1706|2017|2150|28 Safer 1448
20260812|0426|0605|1315|1706|2016|2148|29 Safer 1448
20260813|0428|0606|1315|1705|2015|2146|30 Safer 1448
20260814|0429|0607|1315|1705|2013|2144|1 Rebiulevvel 1448
20260815|0430|0608|1315|1704|2012|2142|2 Rebiulevvel 1448
20260816|0432|0609|1315|1703|2010|2141|3 Rebiulevvel 1448
20260817|0433|0610|1314|1703|2009|2139|4 Rebiulevvel 1448
20260818|0435|0611|1314|1702|2008|2137|5 Rebiulevvel 1448
20260819|0436|0612|1314|1701|2006|2135|6 Rebiulevvel 1448
20260820|0438|0613|1314|1700|2005|2133|7 Rebiulevvel 1448
20260821|0439|0614|1313|1700|2003|2131|8 Rebiulevvel 1448
20260822|0441|0615|1313|1659|2002|2129|9 Rebiulevvel 1448
20260823|0442|0616|1313|1658|2000|2128|10 Rebiulevvel 1448
20260824|0443|0617|1313|1657|1959|2126|11 Rebiulevvel 1448
20260825|0445|0618|1312|1657|1957|2124|12 Rebiulevvel 1448
20260826|0446|0619|1312|1656|1956|2122|13 Rebiulevvel 1448
20260827|0448|0620|1312|1655|1954|2120|14 Rebiulevvel 1448
20260828|0449|0621|1312|1654|1953|2118|15 Rebiulevvel 1448
20260829|0450|0622|1311|1653|1951|2116|16 Rebiulevvel 1448
20260830|0452|0623|1311|1652|1949|2114|17 Rebiulevvel 1448
20260831|0453|0624|1311|1651|1948|2112|18 Rebiulevvel 1448
20260901|0454|0625|1310|1651|1946|2110|19 Rebiulevvel 1448
20260902|0456|0626|1310|1650|1945|2108|20 Rebiulevvel 1448
20260903|0457|0627|1310|1649|1943|2107|21 Rebiulevvel 1448
20260904|0458|0628|1309|1648|1941|2105|22 Rebiulevvel 1448
20260905|0459|0628|1309|1647|1940|2103|23 Rebiulevvel 1448
20260906|0501|0629|1309|1646|1938|2101|24 Rebiulevvel 1448
20260907|0502|0630|1308|1645|1936|2059|25 Rebiulevvel 1448
20260908|0503|0631|1308|1644|1935|2057|26 Rebiulevvel 1448
20260909|0505|0632|1308|1643|1933|2055|27 Rebiulevvel 1448
20260910|0506|0633|1307|1642|1931|2053|28 Rebiulevvel 1448
20260911|0507|0634|1307|1641|1930|2051|29 Rebiulevvel 1448
20260912|0508|0635|1307|1639|1928|2049|1 Rebiulahir 1448
20260913|0509|0636|1306|1638|1926|2047|2 Rebiulahir 1448
20260914|0511|0637|1306|1637|1924|2046|3 Rebiulahir 1448
20260915|0512|0638|1306|1636|1923|2044|4 Rebiulahir 1448
20260916|0513|0639|1305|1635|1921|2042|5 Rebiulahir 1448
20260917|0514|0640|1305|1634|1919|2040|6 Rebiulahir 1448
20260918|0515|0641|1304|1633|1918|2038|7 Rebiulahir 1448
20260919|0516|0642|1304|1632|1916|2036|8 Rebiulahir 1448
20260920|0518|0643|1304|1631|1914|2034|9 Rebiulahir 1448
20260921|0519|0644|1303|1629|1913|2033|10 Rebiulahir 1448
20260922|0520|0645|1303|1628|1911|2031|11 Rebiulahir 1448
20260923|0521|0646|1303|1627|1909|2029|12 Rebiulahir 1448
20260924|0522|0647|1302|1626|1907|2027|13 Rebiulahir 1448
20260925|0523|0648|1302|1625|1906|2025|14 Rebiulahir 1448
20260926|0524|0649|1302|1623|1904|2023|15 Rebiulahir 1448
20260927|0526|0650|1301|1622|1902|2022|16 Rebiulahir 1448
20260928|0527|0651|1301|1621|1901|2020|17 Rebiulahir 1448
20260929|0528|0652|1301|1620|1859|2018|18 Rebiulahir 1448
20260930|0529|0653|1300|1619|1857|2016|19 Rebiulahir 1448
20261001|0530|0654|1300|1617|1856|2015|20 Rebiulahir 1448
20261002|0531|0655|1300|1616|1854|2013|21 Rebiulahir 1448
20261003|0532|0656|1259|1615|1852|2011|22 Rebiulahir 1448
20261004|0533|0657|1259|1614|1851|2010|23 Rebiulahir 1448
20261005|0534|0659|1259|1613|1849|2008|24 Rebiulahir 1448
20261006|0535|0700|1258|1611|1847|2006|25 Rebiulahir 1448
20261007|0536|0701|1258|1610|1846|2005|26 Rebiulahir 1448
20261008|0537|0702|1258|1609|1844|2003|27 Rebiulahir 1448
20261009|0539|0703|1258|1608|1842|2001|28 Rebiulahir 1448
20261010|0540|0704|1257|1607|1841|2000|29 Rebiulahir 1448
20261011|0541|0705|1257|1605|1839|1958|30 Rebiulahir 1448
20261012|0542|0706|1257|1604|1838|1957|1 Cemaziyelevvel 1448
20261013|0543|0707|1257|1603|1836|1955|2 Cemaziyelevvel 1448
20261014|0544|0708|1256|1602|1834|1953|3 Cemaziyelevvel 1448
20261015|0545|0709|1256|1601|1833|1952|4 Cemaziyelevvel 1448
20261016|0546|0710|1256|1559|1831|1950|5 Cemaziyelevvel 1448
20261017|0547|0711|1256|1558|1830|1949|6 Cemaziyelevvel 1448
20261018|0548|0712|1255|1557|1828|1948|7 Cemaziyelevvel 1448
20261019|0549|0714|1255|1556|1827|1946|8 Cemaziyelevvel 1448
20261020|0550|0715|1255|1555|1825|1945|9 Cemaziyelevvel 1448
20261021|0551|0716|1255|1554|1824|1943|10 Cemaziyelevvel 1448
20261022|0552|0717|1255|1553|1822|1942|11 Cemaziyelevvel 1448
20261023|0553|0718|1255|1551|1821|1941|12 Cemaziyelevvel 1448
20261024|0554|0719|1254|1550|1820|1939|13 Cemaziyelevvel 1448
20261025|0555|0720|1254|1549|1818|1938|14 Cemaziyelevvel 1448
20261026|0556|0722|1254|1548|1817|1937|15 Cemaziyelevvel 1448
20261027|0557|0723|1254|1547|1815|1935|16 Cemaziyelevvel 1448
20261028|0558|0724|1254|1546|1814|1934|17 Cemaziyelevvel 1448
20261029|0559|0725|1254|1545|1813|1933|18 Cemaziyelevvel 1448
20261030|0601|0726|1254|1544|1812|1932|19 Cemaziyelevvel 1448
20261031|0602|0727|1254|1543|1810|1931|20 Cemaziyelevvel 1448
20261101|0603|0729|1254|1542|1809|1930|21 Cemaziyelevvel 1448
20261102|0604|0730|1254|1541|1808|1929|22 Cemaziyelevvel 1448
20261103|0605|0731|1254|1540|1807|1927|23 Cemaziyelevvel 1448
20261104|0606|0732|1254|1539|1805|1926|24 Cemaziyelevvel 1448
20261105|0607|0733|1254|1538|1804|1925|25 Cemaziyelevvel 1448
20261106|0608|0734|1254|1537|1803|1924|26 Cemaziyelevvel 1448
20261107|0609|0736|1254|1536|1802|1923|27 Cemaziyelevvel 1448
20261108|0610|0737|1254|1536|1801|1923|28 Cemaziyelevvel 1448
20261109|0611|0738|1254|1535|1800|1922|29 Cemaziyelevvel 1448
20261110|0612|0739|1254|1534|1759|1921|1 Cemaziyelahir 1448
20261111|0613|0740|1254|1533|1758|1920|2 Cemaziyelahir 1448
20261112|0614|0742|1254|1532|1757|1919|3 Cemaziyelahir 1448
20261113|0615|0743|1254|1532|1756|1918|4 Cemaziyelahir 1448
20261114|0616|0744|1254|1531|1755|1918|5 Cemaziyelahir 1448
20261115|0617|0745|1255|1530|1754|1917|6 Cemaziyelahir 1448
20261116|0618|0746|1255|1530|1753|1916|7 Cemaziyelahir 1448
20261117|0619|0747|1255|1529|1753|1916|8 Cemaziyelahir 1448
20261118|0620|0749|1255|1528|1752|1915|9 Cemaziyelahir 1448
20261119|0621|0750|1255|1528|1751|1914|10 Cemaziyelahir 1448
20261120|0622|0751|1256|1527|1750|1914|11 Cemaziyelahir 1448
20261121|0623|0752|1256|1527|1750|1913|12 Cemaziyelahir 1448
20261122|0624|0753|1256|1526|1749|1913|13 Cemaziyelahir 1448
20261123|0625|0754|1256|1526|1748|1912|14 Cemaziyelahir 1448
20261124|0626|0756|1257|1525|1748|1912|15 Cemaziyelahir 1448
20261125|0627|0757|1257|1525|1747|1912|16 Cemaziyelahir 1448
20261126|0628|0758|1257|1525|1747|1911|17 Cemaziyelahir 1448
20261127|0629|0759|1258|1524|1746|1911|18 Cemaziyelahir 1448
20261128|0630|0800|1258|1524|1746|1911|19 Cemaziyelahir 1448
20261129|0631|0801|1258|1524|1746|1910|20 Cemaziyelahir 1448
20261130|0632|0802|1259|1523|1745|1910|21 Cemaziyelahir 1448
20261201|0632|0803|1259|1523|1745|1910|22 Cemaziyelahir 1448
20261202|0633|0804|1259|1523|1745|1910|23 Cemaziyelahir 1448
20261203|0634|0805|1300|1523|1744|1910|24 Cemaziyelahir 1448
20261204|0635|0806|1300|1523|1744|1910|25 Cemaziyelahir 1448
20261205|0636|0807|1301|1523|1744|1910|26 Cemaziyelahir 1448
20261206|0637|0808|1301|1523|1744|1910|27 Cemaziyelahir 1448
20261207|0638|0809|1301|1523|1744|1910|28 Cemaziyelahir 1448
20261208|0638|0810|1302|1523|1744|1910|29 Cemaziyelahir 1448
20261209|0639|0811|1302|1523|1744|1910|30 Cemaziyelahir 1448
20261210|0640|0812|1303|1523|1744|1910|1 Recep 1448
20261211|0641|0812|1303|1523|1744|1910|2 Recep 1448
20261212|0641|0813|1304|1523|1744|1910|3 Recep 1448
20261213|0642|0814|1304|1523|1744|1911|4 Recep 1448
20261214|0643|0815|1305|1524|1744|1911|5 Recep 1448
20261215|0643|0816|1305|1524|1745|1911|6 Recep 1448
20261216|0644|0816|1306|1524|1745|1911|7 Recep 1448
20261217|0645|0817|1306|1525|1745|1912|8 Recep 1448
20261218|0645|0818|1306|1525|1745|1912|9 Recep 1448
20261219|0646|0818|1307|1525|1746|1913|10 Recep 1448
20261220|0646|0819|1307|1526|1746|1913|11 Recep 1448
20261221|0647|0819|1308|1526|1747|1913|12 Recep 1448
20261222|0648|0820|1308|1527|1747|1914|13 Recep 1448
20261223|0648|0820|1309|1527|1748|1914|14 Recep 1448
20261224|0648|0821|1309|1528|1748|1915|15 Recep 1448
20261225|0649|0821|1310|1528|1749|1916|16 Recep 1448
20261226|0649|0822|1310|1529|1749|1916|17 Recep 1448
20261227|0650|0822|1311|1530|1750|1917|18 Recep 1448
20261228|0650|0822|1311|1530|1751|1917|19 Recep 1448
20261229|0650|0822|1312|1531|1751|1918|20 Recep 1448
20261230|0651|0823|1312|1532|1752|1919|21 Recep 1448
20261231|0651|0823|1313|1532|1753|1919|22 Recep 1448
20270101|0651|0823|1313|1533|1754|1920|23 Recep 1448
20270102|0651|0823|1314|1534|1755|1921|24 Recep 1448
20270103|0651|0823|1314|1535|1756|1922|25 Recep 1448
20270104|0652|0823|1315|1535|1756|1923|26 Recep 1448
20270105|0652|0823|1315|1536|1757|1923|27 Recep 1448
20270106|0652|0823|1316|1537|1758|1924|28 Recep 1448
20270107|0652|0823|1316|1538|1759|1925|29 Recep 1448
20270108|0652|0823|1317|1539|1800|1926|30 Recep 1448
20270109|0652|0823|1317|1540|1801|1927|1 Şaban 1448
20270110|0652|0823|1317|1541|1802|1928|2 Şaban 1448
20270111|0652|0822|1318|1542|1803|1929|3 Şaban 1448
20270112|0651|0822|1318|1543|1804|1929|4 Şaban 1448
20270113|0651|0822|1319|1544|1805|1930|5 Şaban 1448
20270114|0651|0821|1319|1545|1806|1931|6 Şaban 1448
20270115|0651|0821|1319|1546|1808|1932|7 Şaban 1448
20270116|0651|0821|1320|1546|1809|1933|8 Şaban 1448
20270117|0650|0820|1320|1547|1810|1934|9 Şaban 1448
20270118|0650|0820|1320|1549|1811|1935|10 Şaban 1448
20270119|0650|0819|1321|1550|1812|1936|11 Şaban 1448
20270120|0649|0819|1321|1551|1813|1937|12 Şaban 1448
20270121|0649|0818|1321|1552|1814|1938|13 Şaban 1448
20270122|0648|0817|1322|1553|1816|1939|14 Şaban 1448
20270123|0648|0817|1322|1554|1817|1940|15 Şaban 1448
20270124|0647|0816|1322|1555|1818|1941|16 Şaban 1448
20270125|0647|0815|1322|1556|1819|1942|17 Şaban 1448
20270126|0646|0815|1323|1557|1821|1943|18 Şaban 1448
20270127|0646|0814|1323|1558|1822|1945|19 Şaban 1448
20270128|0645|0813|1323|1559|1823|1946|20 Şaban 1448
20270129|0644|0812|1323|1600|1824|1947|21 Şaban 1448
20270130|0644|0811|1323|1601|1825|1948|22 Şaban 1448
20270131|0643|0810|1323|1602|1827|1949|23 Şaban 1448
20270201|0642|0809|1324|1603|1828|1950|24 Şaban 1448
20270202|0641|0808|1324|1604|1829|1951|25 Şaban 1448
20270203|0640|0807|1324|1605|1830|1952|26 Şaban 1448
20270204|0639|0806|1324|1606|1832|1953|27 Şaban 1448
20270205|0639|0805|1324|1607|1833|1954|28 Şaban 1448
20270206|0638|0804|1324|1608|1834|1955|29 Şaban 1448
20270207|0637|0803|1324|1609|1835|1956|30 Şaban 1448
20270208|0636|0802|1324|1610|1837|1958|1 Ramazan 1448
20270209|0635|0801|1324|1611|1838|1959|2 Ramazan 1448
20270210|0634|0800|1324|1612|1839|2000|3 Ramazan 1448
20270211|0633|0758|1324|1613|1840|2001|4 Ramazan 1448
20270212|0631|0757|1324|1614|1842|2002|5 Ramazan 1448
20270213|0630|0756|1324|1615|1843|2003|6 Ramazan 1448
20270214|0629|0755|1324|1616|1844|2004|7 Ramazan 1448
20270215|0628|0753|1324|1617|1845|2005|8 Ramazan 1448
20270216|0627|0752|1324|1618|1846|2006|9 Ramazan 1448
20270217|0626|0751|1324|1619|1848|2008|10 Ramazan 1448
20270218|0624|0749|1324|1620|1849|2009|11 Ramazan 1448
20270219|0623|0748|1324|1621|1850|2010|12 Ramazan 1448
20270220|0622|0747|1324|1621|1851|2011|13 Ramazan 1448
20270221|0620|0745|1324|1622|1853|2012|14 Ramazan 1448
20270222|0619|0744|1324|1623|1854|2013|15 Ramazan 1448
20270223|0618|0742|1324|1624|1855|2014|16 Ramazan 1448
20270224|0616|0741|1323|1625|1856|2015|17 Ramazan 1448
20270225|0615|0739|1323|1626|1857|2016|18 Ramazan 1448
20270226|0613|0738|1323|1627|1858|2018|19 Ramazan 1448
20270227|0612|0736|1323|1627|1900|2019|20 Ramazan 1448
20270228|0611|0735|1323|1628|1901|2020|21 Ramazan 1448
20270301|0609|0733|1323|1629|1902|2021|22 Ramazan 1448
20270302|0608|0732|1322|1630|1903|2022|23 Ramazan 1448
20270303|0606|0730|1322|1630|1904|2023|24 Ramazan 1448
20270304|0604|0729|1322|1631|1905|2024|25 Ramazan 1448
20270305|0603|0727|1322|1632|1907|2025|26 Ramazan 1448
20270306|0601|0726|1322|1633|1908|2027|27 Ramazan 1448
20270307|0600|0724|1321|1633|1909|2028|28 Ramazan 1448
20270308|0558|0722|1321|1634|1910|2029|29 Ramazan 1448
20270309|0556|0721|1321|1635|1911|2030|1 Şevval 1448
20270310|0555|0719|1321|1635|1912|2031|2 Şevval 1448
20270311|0553|0717|1320|1636|1913|2032|3 Şevval 1448
20270312|0551|0716|1320|1637|1914|2033|4 Şevval 1448
20270313|0550|0714|1320|1637|1915|2035|5 Şevval 1448
20270314|0548|0713|1320|1638|1917|2036|6 Şevval 1448
20270315|0546|0711|1319|1639|1918|2037|7 Şevval 1448
20270316|0545|0709|1319|1639|1919|2038|8 Şevval 1448
20270317|0543|0708|1319|1640|1920|2039|9 Şevval 1448
20270318|0541|0706|1318|1640|1921|2040|10 Şevval 1448
20270319|0539|0704|1318|1641|1922|2042|11 Şevval 1448
20270320|0537|0703|1318|1641|1923|2043|12 Şevval 1448
20270321|0536|0701|1318|1642|1924|2044|13 Şevval 1448
20270322|0534|0659|1317|1643|1925|2045|14 Şevval 1448
20270323|0532|0658|1317|1643|1926|2046|15 Şevval 1448
20270324|0530|0656|1317|1644|1927|2048|16 Şevval 1448
20270325|0528|0654|1316|1644|1928|2049|17 Şevval 1448
20270326|0527|0653|1316|1645|1930|2050|18 Şevval 1448
20270327|0525|0651|1316|1645|1931|2051|19 Şevval 1448
20270328|0523|0649|1315|1645|1932|2052|20 Şevval 1448
20270329|0521|0648|1315|1646|1933|2054|21 Şevval 1448
20270330|0519|0646|1315|1646|1934|2055|22 Şevval 1448
20270331|0517|0644|1315|1647|1935|2056|23 Şevval 1448
20270401|0515|0643|1314|1647|1936|2057|24 Şevval 1448
20270402|0513|0641|1314|1648|1937|2059|25 Şevval 1448
20270403|0512|0639|1314|1648|1938|2100|26 Şevval 1448
20270404|0510|0638|1313|1649|1939|2101|27 Şevval 1448
20270405|0508|0636|1313|1649|1940|2103|28 Şevval 1448
20270406|0506|0634|1313|1649|1941|2104|29 Şevval 1448
20270407|0504|0633|1312|1650|1942|2105|30 Şevval 1448
20270408|0502|0631|1312|1650|1943|2107|1 Zilkade 1448
20270409|0500|0630|1312|1651|1944|2108|2 Zilkade 1448
20270410|0458|0628|1312|1651|1945|2109|3 Zilkade 1448
20270411|0456|0626|1311|1651|1947|2111|4 Zilkade 1448
20270412|0454|0625|1311|1652|1948|2112|5 Zilkade 1448
20270413|0452|0623|1311|1652|1949|2113|6 Zilkade 1448
20270414|0450|0622|1311|1652|1950|2115|7 Zilkade 1448
20270415|0449|0620|1310|1653|1951|2116|8 Zilkade 1448
20270416|0447|0618|1310|1653|1952|2117|9 Zilkade 1448
20270417|0445|0617|1310|1653|1953|2119|10 Zilkade 1448
20270418|0443|0615|1310|1654|1954|2120|11 Zilkade 1448
20270419|0441|0614|1309|1654|1955|2122|12 Zilkade 1448
20270420|0439|0612|1309|1654|1956|2123|13 Zilkade 1448
20270421|0437|0611|1309|1655|1957|2125|14 Zilkade 1448
20270422|0435|0609|1309|1655|1958|2126|15 Zilkade 1448
20270423|0433|0608|1309|1655|1959|2127|16 Zilkade 1448
20270424|0431|0607|1308|1656|2000|2129|17 Zilkade 1448
20270425|0430|0605|1308|1656|2001|2130|18 Zilkade 1448
20270426|0428|0604|1308|1656|2002|2132|19 Zilkade 1448
20270427|0426|0602|1308|1656|2003|2133|20 Zilkade 1448
20270428|0424|0601|1308|1657|2005|2135|21 Zilkade 1448
20270429|0422|0600|1308|1657|2006|2136|22 Zilkade 1448
20270430|0420|0558|1307|1657|2007|2138|23 Zilkade 1448
20270501|0419|0557|1307|1658|2008|2139|24 Zilkade 1448
20270502|0417|0556|1307|1658|2009|2141|25 Zilkade 1448
20270503|0415|0554|1307|1658|2010|2142|26 Zilkade 1448
20270504|0413|0553|1307|1659|2011|2144|27 Zilkade 1448
20270505|0411|0552|1307|1659|2012|2145|28 Zilkade 1448
20270506|0410|0551|1307|1659|2013|2147|29 Zilkade 1448
20270507|0408|0550|1307|1659|2014|2148|1 Zilhicce 1448
20270508|0406|0548|1307|1700|2015|2150|2 Zilhicce 1448
20270509|0405|0547|1307|1700|2016|2152|3 Zilhicce 1448
20270510|0403|0546|1307|1700|2017|2153|4 Zilhicce 1448
20270511|0401|0545|1307|1700|2018|2155|5 Zilhicce 1448
20270512|0400|0544|1307|1701|2019|2156|6 Zilhicce 1448
20270513|0358|0543|1307|1701|2020|2158|7 Zilhicce 1448
20270514|0356|0542|1307|1701|2021|2159|8 Zilhicce 1448
20270515|0355|0541|1307|1702|2022|2201|9 Zilhicce 1448
20270516|0353|0540|1307|1702|2023|2202|10 Zilhicce 1448
20270517|0352|0539|1307|1702|2024|2204|11 Zilhicce 1448
20270518|0350|0538|1307|1702|2025|2205|12 Zilhicce 1448
20270519|0349|0537|1307|1703|2026|2206|13 Zilhicce 1448
20270520|0347|0536|1307|1703|2027|2208|14 Zilhicce 1448
20270521|0346|0536|1307|1703|2028|2209|15 Zilhicce 1448
20270522|0345|0535|1307|1704|2029|2211|16 Zilhicce 1448
20270523|0343|0534|1307|1704|2030|2212|17 Zilhicce 1448
20270524|0342|0533|1307|1704|2031|2214|18 Zilhicce 1448
20270525|0341|0533|1307|1704|2031|2215|19 Zilhicce 1448
20270526|0340|0532|1307|1705|2032|2216|20 Zilhicce 1448
20270527|0339|0531|1307|1705|2033|2218|21 Zilhicce 1448
20270528|0337|0531|1307|1705|2034|2219|22 Zilhicce 1448
20270529|0336|0530|1307|1706|2035|2220|23 Zilhicce 1448
20270530|0335|0530|1308|1706|2036|2221|24 Zilhicce 1448
20270531|0334|0529|1308|1706|2036|2223|25 Zilhicce 1448
20270601|0333|0529|1308|1706|2037|2224|26 Zilhicce 1448
20270602|0332|0528|1308|1707|2038|2225|27 Zilhicce 1448
20270603|0332|0528|1308|1707|2039|2226|28 Zilhicce 1448
20270604|0331|0527|1308|1707|2039|2227|29 Zilhicce 1448
20270605|0330|0527|1309|1708|2040|2228|30 Zilhicce 1448
20270606|0329|0527|1309|1708|2041|2229|1 Muharrem 1449
20270607|0329|0527|1309|1708|2041|2230|2 Muharrem 1449
20270608|0328|0526|1309|1708|2042|2231|3 Muharrem 1449
20270609|0327|0526|1309|1709|2043|2232|4 Muharrem 1449
20270610|0327|0526|1309|1709|2043|2233|5 Muharrem 1449
20270611|0327|0526|1310|1709|2044|2234|6 Muharrem 1449
20270612|0326|0526|1310|1709|2044|2234|7 Muharrem 1449
20270613|0326|0526|1310|1710|2045|2235|8 Muharrem 1449
20270614|0326|0526|1310|1710|2045|2236|9 Muharrem 1449
20270615|0325|0526|1311|1710|2046|2236|10 Muharrem 1449
20270616|0325|0526|1311|1711|2046|2237|11 Muharrem 1449
20270617|0325|0526|1311|1711|2046|2237|12 Muharrem 1449
20270618|0325|0526|1311|1711|2047|2238|13 Muharrem 1449
20270619|0325|0526|1311|1711|2047|2238|14 Muharrem 1449
20270620|0325|0526|1312|1711|2047|2239|15 Muharrem 1449
20270621|0325|0526|1312|1712|2048|2239|16 Muharrem 1449
20270622|0326|0526|1312|1712|2048|2239|17 Muharrem 1449
20270623|0326|0527|1312|1712|2048|2239|18 Muharrem 1449
20270624|0326|0527|1312|1712|2048|2239|19 Muharrem 1449
20270625|0327|0527|1313|1713|2048|2239|20 Muharrem 1449
20270626|0327|0528|1313|1713|2048|2239|21 Muharrem 1449
20270627|0328|0528|1313|1713|2048|2239|22 Muharrem 1449
20270628|0328|0528|1313|1713|2048|2239|23 Muharrem 1449
20270629|0329|0529|1314|1713|2048|2239|24 Muharrem 1449
20270630|0329|0529|1314|1713|2048|2239|25 Muharrem 1449
20270701|0330|0530|1314|1714|2048|2239|26 Muharrem 1449
20270702|0331|0530|1314|1714|2048|2238|27 Muharrem 1449
20270703|0332|0531|1314|1714|2048|2238|28 Muharrem 1449
20270704|0333|0531|1314|1714|2048|2237|29 Muharrem 1449
20270705|0333|0532|1315|1714|2048|2237|1 Safer 1449
20270706|0334|0532|1315|1714|2047|2236|2 Safer 1449
20270707|0335|0533|1315|1714|2047|2236|3 Safer 1449
20270708|0336|0534|1315|1714|2047|2235|4 Safer 1449
20270709|0337|0534|1315|1714|2046|2234|5 Safer 1449
20270710|0339|0535|1315|1714|2046|2234|6 Safer 1449
20270711|0340|0536|1316|1714|2046|2233|7 Safer 1449
20270712|0341|0536|1316|1714|2045|2232|8 Safer 1449
20270713|0342|0537|1316|1714|2045|2231|9 Safer 1449
20270714|0343|0538|1316|1714|2044|2230|10 Safer 1449
20270715|0345|0539|1316|1714|2044|2229|11 Safer 1449
20270716|0346|0539|1316|1714|2043|2228|12 Safer 1449
20270717|0347|0540|1316|1714|2042|2227|13 Safer 1449
20270718|0349|0541|1316|1714|2042|2226|14 Safer 1449
20270719|0350|0542|1316|1714|2041|2225|15 Safer 1449
20270720|0351|0543|1317|1714|2040|2223|16 Safer 1449
20270721|0353|0544|1317|1714|2040|2222|17 Safer 1449
20270722|0354|0544|1317|1714|2039|2221|18 Safer 1449
20270723|0356|0545|1317|1713|2038|2220|19 Safer 1449
20270724|0357|0546|1317|1713|2037|2218|20 Safer 1449
20270725|0359|0547|1317|1713|2036|2217|21 Safer 1449
20270726|0400|0548|1317|1713|2035|2216|22 Safer 1449
20270727|0401|0549|1317|1712|2035|2214|23 Safer 1449
20270728|0403|0550|1317|1712|2034|2213|24 Safer 1449
20270729|0404|0551|1317|1712|2033|2211|25 Safer 1449
20270730|0406|0552|1317|1712|2032|2210|26 Safer 1449
20270731|0408|0553|1317|1711|2031|2208|27 Safer 1449
20270801|0409|0554|1317|1711|2030|2207|28 Safer 1449
20270802|0411|0555|1317|1711|2028|2205|29 Safer 1449
20270803|0412|0556|1316|1710|2027|2203|1 Rebiulevvel 1449
20270804|0414|0557|1316|1710|2026|2202|2 Rebiulevvel 1449
20270805|0415|0558|1316|1709|2025|2200|3 Rebiulevvel 1449
20270806|0417|0559|1316|1709|2024|2159|4 Rebiulevvel 1449
20270807|0418|0559|1316|1708|2023|2157|5 Rebiulevvel 1449
20270808|0420|0600|1316|1708|2021|2155|6 Rebiulevvel 1449
20270809|0421|0601|1316|1707|2020|2153|7 Rebiulevvel 1449
20270810|0423|0602|1316|1707|2019|2152|8 Rebiulevvel 1449
20270811|0424|0603|1315|1706|2018|2150|9 Rebiulevvel 1449
20270812|0426|0604|1315|1706|2016|2148|10 Rebiulevvel 1449
20270813|0427|0605|1315|1705|2015|2146|11 Rebiulevvel 1449
20270814|0429|0606|1315|1705|2014|2145|12 Rebiulevvel 1449
20270815|0430|0607|1315|1704|2012|2143|13 Rebiulevvel 1449
20270816|0432|0608|1315|1703|2011|2141|14 Rebiulevvel 1449
20270817|0433|0609|1314|1703|2009|2139|15 Rebiulevvel 1449
20270818|0435|0610|1314|1702|2008|2137|16 Rebiulevvel 1449
20270819|0436|0611|1314|1701|2007|2135|17 Rebiulevvel 1449
20270820|0437|0612|1314|1701|2005|2134|18 Rebiulevvel 1449
20270821|0439|0613|1313|1700|2004|2132|19 Rebiulevvel 1449
20270822|0440|0614|1313|1659|2002|2130|20 Rebiulevvel 1449
20270823|0442|0615|1313|1658|2001|2128|21 Rebiulevvel 1449
20270824|0443|0616|1313|1658|1959|2126|22 Rebiulevvel 1449
20270825|0444|0617|1312|1657|1958|2124|23 Rebiulevvel 1449
20270826|0446|0618|1312|1656|1956|2122|24 Rebiulevvel 1449
20270827|0447|0619|1312|1655|1954|2120|25 Rebiulevvel 1449
20270828|0449|0620|1312|1654|1953|2118|26 Rebiulevvel 1449
20270829|0450|0621|1311|1653|1951|2117|27 Rebiulevvel 1449
20270830|0451|0622|1311|1653|1950|2115|28 Rebiulevvel 1449
20270831|0453|0623|1311|1652|1948|2113|29 Rebiulevvel 1449
20270901|0454|0624|1310|1651|1947|2111|30 Rebiulevvel 1449
20270902|0455|0625|1310|1650|1945|2109|1 Rebiulahir 1449
20270903|0457|0626|1310|1649|1943|2107|2 Rebiulahir 1449
20270904|0458|0627|1309|1648|1942|2105|3 Rebiulahir 1449
20270905|0459|0628|1309|1647|1940|2103|4 Rebiulahir 1449
20270906|0500|0629|1309|1646|1938|2101|5 Rebiulahir 1449
20270907|0502|0630|1308|1645|1937|2059|6 Rebiulahir 1449
20270908|0503|0631|1308|1644|1935|2057|7 Rebiulahir 1449
20270909|0504|0632|1308|1643|1933|2056|8 Rebiulahir 1449
20270910|0505|0633|1307|1642|1932|2054|9 Rebiulahir 1449
20270911|0507|0634|1307|1641|1930|2052|10 Rebiulahir 1449
20270912|0508|0635|1307|1640|1928|2050|11 Rebiulahir 1449
20270913|0509|0636|1306|1639|1927|2048|12 Rebiulahir 1449
20270914|0510|0637|1306|1638|1925|2046|13 Rebiulahir 1449
20270915|0512|0638|1306|1636|1923|2044|14 Rebiulahir 1449
20270916|0513|0639|1305|1635|1921|2042|15 Rebiulahir 1449
20270917|0514|0640|1305|1634|1920|2040|16 Rebiulahir 1449
20270918|0515|0641|1305|1633|1918|2039|17 Rebiulahir 1449
20270919|0516|0642|1304|1632|1916|2037|18 Rebiulahir 1449
20270920|0517|0643|1304|1631|1915|2035|19 Rebiulahir 1449
20270921|0519|0644|1303|1630|1913|2033|20 Rebiulahir 1449
20270922|0520|0645|1303|1628|1911|2031|21 Rebiulahir 1449
20270923|0521|0646|1303|1627|1910|2029|22 Rebiulahir 1449
20270924|0522|0647|1302|1626|1908|2027|23 Rebiulahir 1449
20270925|0523|0648|1302|1625|1906|2026|24 Rebiulahir 1449
20270926|0524|0649|1302|1624|1904|2024|25 Rebiulahir 1449
20270927|0525|0650|1301|1623|1903|2022|26 Rebiulahir 1449
20270928|0526|0651|1301|1621|1901|2020|27 Rebiulahir 1449
20270929|0527|0652|1301|1620|1859|2019|28 Rebiulahir 1449
20270930|0529|0653|1300|1619|1858|2017|29 Rebiulahir 1449
20271001|0530|0654|1300|1618|1856|2015|1 Cemaziyelevvel 1449
20271002|0531|0655|1300|1617|1854|2013|2 Cemaziyelevvel 1449
20271003|0532|0656|1259|1615|1853|2012|3 Cemaziyelevvel 1449
20271004|0533|0657|1259|1614|1851|2010|4 Cemaziyelevvel 1449
20271005|0534|0658|1259|1613|1849|2008|5 Cemaziyelevvel 1449
20271006|0535|0659|1258|1612|1848|2007|6 Cemaziyelevvel 1449
20271007|0536|0700|1258|1610|1846|2005|7 Cemaziyelevvel 1449
20271008|0537|0701|1258|1609|1844|2003|8 Cemaziyelevvel 1449
20271009|0538|0702|1258|1608|1843|2002|9 Cemaziyelevvel 1449
20271010|0539|0704|1257|1607|1841|2000|10 Cemaziyelevvel 1449
20271011|0540|0705|1257|1606|1840|1958|11 Cemaziyelevvel 1449
20271012|0541|0706|1257|1604|1838|1957|12 Cemaziyelevvel 1449
20271013|0542|0707|1257|1603|1836|1955|13 Cemaziyelevvel 1449
20271014|0544|0708|1256|1602|1835|1954|14 Cemaziyelevvel 1449
20271015|0545|0709|1256|1601|1833|1952|15 Cemaziyelevvel 1449
20271016|0546|0710|1256|1600|1832|1951|16 Cemaziyelevvel 1449
20271017|0547|0711|1256|1559|1830|1949|17 Cemaziyelevvel 1449
20271018|0548|0712|1255|1557|1829|1948|18 Cemaziyelevvel 1449
20271019|0549|0713|1255|1556|1827|1946|19 Cemaziyelevvel 1449
20271020|0550|0714|1255|1555|1826|1945|20 Cemaziyelevvel 1449
20271021|0551|0716|1255|1554|1824|1944|21 Cemaziyelevvel 1449
20271022|0552|0717|1255|1553|1823|1942|22 Cemaziyelevvel 1449
20271023|0553|0718|1255|1552|1821|1941|23 Cemaziyelevvel 1449
20271024|0554|0719|1254|1551|1820|1940|24 Cemaziyelevvel 1449
20271025|0555|0720|1254|1549|1819|1938|25 Cemaziyelevvel 1449
20271026|0556|0721|1254|1548|1817|1937|26 Cemaziyelevvel 1449
20271027|0557|0722|1254|1547|1816|1936|27 Cemaziyelevvel 1449
20271028|0558|0724|1254|1546|1814|1935|28 Cemaziyelevvel 1449
20271029|0559|0725|1254|1545|1813|1933|29 Cemaziyelevvel 1449
20271030|0600|0726|1254|1544|1812|1932|30 Cemaziyelevvel 1449
20271031|0601|0727|1254|1543|1811|1931|1 Cemaziyelahir 1449
20271101|0602|0728|1254|1542|1809|1930|2 Cemaziyelahir 1449
20271102|0603|0729|1254|1541|1808|1929|3 Cemaziyelahir 1449
20271103|0604|0731|1254|1540|1807|1928|4 Cemaziyelahir 1449
20271104|0605|0732|1254|1539|1806|1927|5 Cemaziyelahir 1449
20271105|0606|0733|1254|1538|1805|1926|6 Cemaziyelahir 1449
20271106|0608|0734|1254|1537|1803|1925|7 Cemaziyelahir 1449
20271107|0609|0735|1254|1537|1802|1924|8 Cemaziyelahir 1449
20271108|0610|0737|1254|1536|1801|1923|9 Cemaziyelahir 1449
20271109|0611|0738|1254|1535|1800|1922|10 Cemaziyelahir 1449
20271110|0612|0739|1254|1534|1759|1921|11 Cemaziyelahir 1449
20271111|0613|0740|1254|1533|1758|1920|12 Cemaziyelahir 1449
20271112|0614|0741|1254|1533|1757|1919|13 Cemaziyelahir 1449
20271113|0615|0742|1254|1532|1756|1919|14 Cemaziyelahir 1449
20271114|0616|0744|1254|1531|1755|1918|15 Cemaziyelahir 1449
20271115|0617|0745|1255|1530|1754|1917|16 Cemaziyelahir 1449
20271116|0618|0746|1255|1530|1754|1916|17 Cemaziyelahir 1449
20271117|0619|0747|1255|1529|1753|1916|18 Cemaziyelahir 1449
20271118|0620|0748|1255|1528|1752|1915|19 Cemaziyelahir 1449
20271119|0621|0750|1255|1528|1751|1915|20 Cemaziyelahir 1449
20271120|0622|0751|1256|1527|1751|1914|21 Cemaziyelahir 1449
20271121|0623|0752|1256|1527|1750|1914|22 Cemaziyelahir 1449
20271122|0624|0753|1256|1526|1749|1913|23 Cemaziyelahir 1449
20271123|0625|0754|1256|1526|1749|1913|24 Cemaziyelahir 1449
20271124|0626|0755|1257|1525|1748|1912|25 Cemaziyelahir 1449
20271125|0627|0756|1257|1525|1747|1912|26 Cemaziyelahir 1449
20271126|0628|0758|1257|1525|1747|1911|27 Cemaziyelahir 1449
20271127|0629|0759|1258|1524|1746|1911|28 Cemaziyelahir 1449
20271128|0629|0800|1258|1524|1746|1911|29 Cemaziyelahir 1449
20271129|0630|0801|1258|1524|1746|1911|1 Recep 1449
20271130|0631|0802|1259|1523|1745|1910|2 Recep 1449
20271201|0632|0803|1259|1523|1745|1910|3 Recep 1449
20271202|0633|0804|1259|1523|1745|1910|4 Recep 1449
20271203|0634|0805|1300|1523|1744|1910|5 Recep 1449
20271204|0635|0806|1300|1523|1744|1910|6 Recep 1449
20271205|0636|0807|1300|1523|1744|1910|7 Recep 1449
20271206|0637|0808|1301|1523|1744|1910|8 Recep 1449
20271207|0637|0809|1301|1523|1744|1910|9 Recep 1449
20271208|0638|0810|1302|1523|1744|1910|10 Recep 1449
20271209|0639|0811|1302|1523|1744|1910|11 Recep 1449
20271210|0640|0811|1303|1523|1744|1910|12 Recep 1449
20271211|0640|0812|1303|1523|1744|1910|13 Recep 1449
20271212|0641|0813|1304|1523|1744|1910|14 Recep 1449
20271213|0642|0814|1304|1523|1744|1911|15 Recep 1449
20271214|0643|0815|1304|1524|1744|1911|16 Recep 1449
20271215|0643|0815|1305|1524|1744|1911|17 Recep 1449
20271216|0644|0816|1305|1524|1745|1911|18 Recep 1449
20271217|0645|0817|1306|1524|1745|1912|19 Recep 1449
20271218|0645|0817|1306|1525|1745|1912|20 Recep 1449
20271219|0646|0818|1307|1525|1746|1912|21 Recep 1449
20271220|0646|0819|1307|1526|1746|1913|22 Recep 1449
20271221|0647|0819|1308|1526|1747|1913|23 Recep 1449
20271222|0647|0820|1308|1527|1747|1914|24 Recep 1449
20271223|0648|0820|1309|1527|1748|1914|25 Recep 1449
20271224|0648|0821|1309|1528|1748|1915|26 Recep 1449
20271225|0649|0821|1310|1528|1749|1915|27 Recep 1449
20271226|0649|0821|1310|1529|1749|1916|28 Recep 1449
20271227|0650|0822|1311|1529|1750|1917|29 Recep 1449
20271228|0650|0822|1311|1530|1751|1917|30 Recep 1449
20271229|0650|0822|1312|1531|1751|1918|1 Şaban 1449
20271230|0651|0823|1312|1531|1752|1919|2 Şaban 1449
20271231|0651|0823|1313|1532|1753|1919|3 Şaban 1449
#@17866|Başakşehir|ISTANBUL|730
20260101|0651|0823|1313|1533|1754|1920|12 Recep 1447
20260102|0651|0823|1314|1534|1754|1921|13 Recep 1447
20260103|0651|0823|1314|1534|1755|1921|14 Recep 1447
20260104|0651|0823|1314|1535|1756|1922|15 Recep 1447
20260105|0651|0823|1315|1536|1757|1923|16 Recep 1447
20260106|0651|0823|1315|1537|1758|1924|17 Recep 1447
20260107|0651|0823|1316|1538|1759|1925|18 Recep 1447
20260108|0651|0823|1316|1539|1800|1926|19 Recep 1447
20260109|0651|0822|1317|1540|1801|1927|20 Recep 1447
20260110|0651|0822|1317|1540|1802|1927|21 Recep 1447
20260111|0651|0822|1317|1541|1803|1928|22 Recep 1447
20260112|0651|0822|1318|1542|1804|1929|23 Recep 1447
20260113|0651|0821|1318|1543|1805|1930|24 Recep 1447
20260114|0651|0821|1319|1544|1806|1931|25 Recep 1447
20260115|0650|0821|1319|1545|1807|1932|26 Recep 1447
20260116|0650|0820|1319|1546|1808|1933|27 Recep 1447
20260117|0650|0820|1320|1547|1810|1934|28 Recep 1447
20260118|0650|0819|1320|1548|1811|1935|29 Recep 1447
20260119|0649|0819|1320|1549|1812|1936|30 Recep 1447
20260120|0649|0818|1321|1550|1813|1937|1 Şaban 1447
20260121|0648|0818|1321|1551|1814|1938|2 Şaban 1447
20260122|0648|0817|1321|1552|1815|1939|3 Şaban 1447
20260123|0647|0816|1321|1553|1817|1940|4 Şaban 1447
20260124|0647|0816|1322|1554|1818|1941|5 Şaban 1447
20260125|0646|0815|1322|1556|1819|1942|6 Şaban 1447
20260126|0646|0814|1322|1557|1820|1943|7 Şaban 1447
20260127|0645|0813|1322|1558|1822|1944|8 Şaban 1447
20260128|0644|0812|1323|1559|1823|1945|9 Şaban 1447
20260129|0644|0812|1323|1600|1824|1947|10 Şaban 1447
20260130|0643|0811|1323|1601|1825|1948|11 Şaban 1447
20260131|0642|0810|1323|1602|1827|1949|12 Şaban 1447
20260201|0641|0809|1323|1603|1828|1950|13 Şaban 1447
20260202|0641|0808|1323|1604|1829|1951|14 Şaban 1447
20260203|0640|0807|1324|1605|1830|1952|15 Şaban 1447
20260204|0639|0806|1324|1606|1832|1953|16 Şaban 1447
20260205|0638|0805|1324|1607|1833|1954|17 Şaban 1447
20260206|0637|0804|1324|1608|1834|1955|18 Şaban 1447
20260207|0636|0802|1324|1609|1835|1956|19 Şaban 1447
20260208|0635|0801|1324|1610|1836|1957|20 Şaban 1447
20260209|0634|0800|1324|1611|1838|1959|21 Şaban 1447
20260210|0633|0759|1324|1612|1839|2000|22 Şaban 1447
20260211|0632|0758|1324|1613|1840|2001|23 Şaban 1447
20260212|0631|0757|1324|1614|1841|2002|24 Şaban 1447
20260213|0630|0755|1324|1615|1843|2003|25 Şaban 1447
20260214|0629|0754|1324|1616|1844|2004|26 Şaban 1447
20260215|0627|0753|1324|1617|1845|2005|27 Şaban 1447
20260216|0626|0751|1324|1618|1846|2006|28 Şaban 1447
20260217|0625|0750|1324|1619|1848|2007|29 Şaban 1447
20260218|0624|0749|1324|1619|1849|2009|30 Şaban 1447
20260219|0622|0747|1324|1620|1850|2010|1 Ramazan 1447
20260220|0621|0746|1324|1621|1851|2011|2 Ramazan 1447
20260221|0620|0744|1323|1622|1852|2012|3 Ramazan 1447
20260222|0618|0743|1323|1623|1854|2013|4 Ramazan 1447
20260223|0617|0742|1323|1624|1855|2014|5 Ramazan 1447
20260224|0616|0740|1323|1625|1856|2015|6 Ramazan 1447
20260225|0614|0739|1323|1625|1857|2016|7 Ramazan 1447
20260226|0613|0737|1323|1626|1858|2017|8 Ramazan 1447
20260227|0611|0736|1323|1627|1859|2019|9 Ramazan 1447
20260228|0610|0734|1322|1628|1901|2020|10 Ramazan 1447
20260301|0608|0733|1322|1629|1902|2021|11 Ramazan 1447
20260302|0607|0731|1322|1629|1903|2022|12 Ramazan 1447
20260303|0605|0729|1322|1630|1904|2023|13 Ramazan 1447
20260304|0604|0728|1322|1631|1905|2024|14 Ramazan 1447
20260305|0602|0726|1321|1632|1906|2025|15 Ramazan 1447
20260306|0600|0725|1321|1632|1908|2026|16 Ramazan 1447
20260307|0559|0723|1321|1633|1909|2028|17 Ramazan 1447
20260308|0557|0722|1321|1634|1910|2029|18 Ramazan 1447
20260309|0556|0720|1320|1634|1911|2030|19 Ramazan 1447
20260310|0554|0718|1320|1635|1912|2031|20 Ramazan 1447
20260311|0552|0717|1320|1636|1913|2032|21 Ramazan 1447
20260312|0551|0715|1320|1636|1914|2033|22 Ramazan 1447
20260313|0549|0713|1319|1637|1915|2034|23 Ramazan 1447
20260314|0547|0712|1319|1638|1916|2036|24 Ramazan 1447
20260315|0545|0710|1319|1638|1918|2037|25 Ramazan 1447
20260316|0544|0708|1319|1639|1919|2038|26 Ramazan 1447
20260317|0542|0707|1318|1639|1920|2039|27 Ramazan 1447
20260318|0540|0705|1318|1640|1921|2040|28 Ramazan 1447
20260319|0538|0703|1318|1641|1922|2041|29 Ramazan 1447
20260320|0537|0702|1317|1641|1923|2043|1 Şevval 1447
20260321|0535|0700|1317|1642|1924|2044|2 Şevval 1447
20260322|0533|0658|1317|1642|1925|2045|3 Şevval 1447
20260323|0531|0657|1316|1643|1926|2046|4 Şevval 1447
20260324|0529|0655|1316|1643|1927|2047|5 Şevval 1447
20260325|0527|0653|1316|1644|1928|2049|6 Şevval 1447
20260326|0526|0652|1316|1644|1929|2050|7 Şevval 1447
20260327|0524|0650|1315|1645|1930|2051|8 Şevval 1447
20260328|0522|0648|1315|1645|1932|2052|9 Şevval 1447
20260329|0520|0647|1315|1646|1933|2054|10 Şevval 1447
20260330|0518|0645|1314|1646|1934|2055|11 Şevval 1447
20260331|0516|0643|1314|1647|1935|2056|12 Şevval 1447
20260401|0514|0642|1314|1647|1936|2057|13 Şevval 1447
20260402|0513|0640|1313|1647|1937|2059|14 Şevval 1447
20260403|0511|0638|1313|1648|1938|2100|15 Şevval 1447
20260404|0509|0637|1313|1648|1939|2101|16 Şevval 1447
20260405|0507|0635|1313|1649|1940|2103|17 Şevval 1447
20260406|0505|0634|1312|1649|1941|2104|18 Şevval 1447
20260407|0503|0632|1312|1649|1942|2105|19 Şevval 1447
20260408|0501|0630|1312|1650|1943|2107|20 Şevval 1447
20260409|0459|0629|1311|1650|1944|2108|21 Şevval 1447
20260410|0457|0627|1311|1651|1945|2109|22 Şevval 1447
20260411|0455|0626|1311|1651|1946|2111|23 Şevval 1447
20260412|0453|0624|1311|1651|1947|2112|24 Şevval 1447
20260413|0451|0622|1310|1652|1949|2113|25 Şevval 1447
20260414|0450|0621|1310|1652|1950|2115|26 Şevval 1447
20260415|0448|0619|1310|1652|1951|2116|27 Şevval 1447
20260416|0446|0618|1310|1653|1952|2118|28 Şevval 1447
20260417|0444|0616|1309|1653|1953|2119|29 Şevval 1447
20260418|0442|0615|1309|1653|1954|2120|1 Zilkade 1447
20260419|0440|0613|1309|1654|1955|2122|2 Zilkade 1447
20260420|0438|0612|1309|1654|1956|2123|3 Zilkade 1447
20260421|0436|0610|1309|1654|1957|2125|4 Zilkade 1447
20260422|0434|0609|1308|1655|1958|2126|5 Zilkade 1447
20260423|0432|0607|1308|1655|1959|2128|6 Zilkade 1447
20260424|0430|0606|1308|1655|2000|2129|7 Zilkade 1447
20260425|0429|0604|1308|1656|2001|2130|8 Zilkade 1447
20260426|0427|0603|1308|1656|2002|2132|9 Zilkade 1447
20260427|0425|0602|1307|1656|2003|2133|10 Zilkade 1447
20260428|0423|0600|1307|1656|2004|2135|11 Zilkade 1447
20260429|0421|0559|1307|1657|2006|2136|12 Zilkade 1447
20260430|0419|0558|1307|1657|2007|2138|13 Zilkade 1447
20260501|0418|0556|1307|1657|2008|2139|14 Zilkade 1447
20260502|0416|0555|1307|1658|2009|2141|15 Zilkade 1447
20260503|0414|0554|1307|1658|2010|2142|16 Zilkade 1447
20260504|0412|0552|1307|1658|2011|2144|17 Zilkade 1447
20260505|0410|0551|1307|1659|2012|2146|18 Zilkade 1447
20260506|0409|0550|1306|1659|2013|2147|19 Zilkade 1447
20260507|0407|0549|1306|1659|2014|2149|20 Zilkade 1447
20260508|0405|0548|1306|1659|2015|2150|21 Zilkade 1447
20260509|0404|0547|1306|1700|2016|2152|22 Zilkade 1447
20260510|0402|0545|1306|1700|2017|2153|23 Zilkade 1447
20260511|0400|0544|1306|1700|2018|2155|24 Zilkade 1447
20260512|0359|0543|1306|1700|2019|2156|25 Zilkade 1447
20260513|0357|0542|1306|1701|2020|2158|26 Zilkade 1447
20260514|0355|0541|1306|1701|2021|2159|27 Zilkade 1447
20260515|0354|0540|1306|1701|2022|2201|28 Zilkade 1447
20260516|0352|0539|1306|1702|2023|2202|29 Zilkade 1447
20260517|0351|0538|1306|1702|2024|2204|30 Zilkade 1447
20260518|0349|0538|1306|1702|2025|2205|1 Zilhicce 1447
20260519|0348|0537|1306|1702|2026|2207|2 Zilhicce 1447
20260520|0347|0536|1306|1703|2027|2208|3 Zilhicce 1447
20260521|0345|0535|1306|1703|2028|2209|4 Zilhicce 1447
20260522|0344|0534|1306|1703|2029|2211|5 Zilhicce 1447
20260523|0343|0533|1306|1704|2030|2212|6 Zilhicce 1447
20260524|0341|0533|1307|1704|2030|2214|7 Zilhicce 1447
20260525|0340|0532|1307|1704|2031|2215|8 Zilhicce 1447
20260526|0339|0531|1307|1704|2032|2216|9 Zilhicce 1447
20260527|0338|0531|1307|1705|2033|2218|10 Zilhicce 1447
20260528|0337|0530|1307|1705|2034|2219|11 Zilhicce 1447
20260529|0335|0530|1307|1705|2035|2220|12 Zilhicce 1447
20260530|0334|0529|1307|1706|2036|2222|13 Zilhicce 1447
20260531|0333|0529|1307|1706|2036|2223|14 Zilhicce 1447
20260601|0332|0528|1308|1706|2037|2224|15 Zilhicce 1447
20260602|0332|0528|1308|1706|2038|2225|16 Zilhicce 1447
20260603|0331|0527|1308|1707|2039|2226|17 Zilhicce 1447
20260604|0330|0527|1308|1707|2039|2227|18 Zilhicce 1447
20260605|0329|0527|1308|1707|2040|2228|19 Zilhicce 1447
20260606|0329|0526|1308|1708|2041|2229|20 Zilhicce 1447
20260607|0328|0526|1309|1708|2041|2230|21 Zilhicce 1447
20260608|0327|0526|1309|1708|2042|2231|22 Zilhicce 1447
20260609|0327|0526|1309|1708|2042|2232|23 Zilhicce 1447
20260610|0326|0525|1309|1709|2043|2233|24 Zilhicce 1447
20260611|0326|0525|1309|1709|2044|2234|25 Zilhicce 1447
20260612|0325|0525|1310|1709|2044|2234|26 Zilhicce 1447
20260613|0325|0525|1310|1709|2044|2235|27 Zilhicce 1447
20260614|0325|0525|1310|1710|2045|2236|28 Zilhicce 1447
20260615|0325|0525|1310|1710|2045|2236|29 Zilhicce 1447
20260616|0325|0525|1310|1710|2046|2237|1 Muharrem 1448
20260617|0325|0525|1311|1710|2046|2237|2 Muharrem 1448
20260618|0325|0525|1311|1711|2046|2238|3 Muharrem 1448
20260619|0325|0525|1311|1711|2047|2238|4 Muharrem 1448
20260620|0325|0526|1311|1711|2047|2238|5 Muharrem 1448
20260621|0325|0526|1311|1711|2047|2239|6 Muharrem 1448
20260622|0325|0526|1312|1712|2048|2239|7 Muharrem 1448
20260623|0325|0526|1312|1712|2048|2239|8 Muharrem 1448
20260624|0326|0526|1312|1712|2048|2239|9 Muharrem 1448
20260625|0326|0527|1312|1712|2048|2239|10 Muharrem 1448
20260626|0327|0527|1313|1712|2048|2239|11 Muharrem 1448
20260627|0327|0527|1313|1713|2048|2239|12 Muharrem 1448
20260628|0328|0528|1313|1713|2048|2239|13 Muharrem 1448
20260629|0328|0528|1313|1713|2048|2239|14 Muharrem 1448
20260630|0329|0529|1313|1713|2048|2239|15 Muharrem 1448
20260701|0330|0529|1314|1713|2048|2238|16 Muharrem 1448
20260702|0330|0530|1314|1713|2048|2238|17 Muharrem 1448
20260703|0331|0530|1314|1713|2048|2238|18 Muharrem 1448
20260704|0332|0531|1314|1714|2047|2237|19 Muharrem 1448
20260705|0333|0531|1314|1714|2047|2237|20 Muharrem 1448
20260706|0334|0532|1314|1714|2047|2236|21 Muharrem 1448
20260707|0335|0533|1315|1714|2047|2235|22 Muharrem 1448
20260708|0336|0533|1315|1714|2046|2235|23 Muharrem 1448
20260709|0337|0534|1315|1714|2046|2234|24 Muharrem 1448
20260710|0338|0535|1315|1714|2046|2233|25 Muharrem 1448
20260711|0339|0535|1315|1714|2045|2232|26 Muharrem 1448
20260712|0341|0536|1315|1714|2045|2231|27 Muharrem 1448
20260713|0342|0537|1316|1714|2044|2231|28 Muharrem 1448
20260714|0343|0538|1316|1714|2044|2230|29 Muharrem 1448
20260715|0344|0538|1316|1714|2043|2229|1 Safer 1448
20260716|0346|0539|1316|1714|2043|2228|2 Safer 1448
20260717|0347|0540|1316|1714|2042|2226|3 Safer 1448
20260718|0348|0541|1316|1714|2041|2225|4 Safer 1448
20260719|0350|0542|1316|1714|2041|2224|5 Safer 1448
20260720|0351|0542|1316|1713|2040|2223|6 Safer 1448
20260721|0353|0543|1316|1713|2039|2222|7 Safer 1448
20260722|0354|0544|1316|1713|2038|2220|8 Safer 1448
20260723|0355|0545|1316|1713|2038|2219|9 Safer 1448
20260724|0357|0546|1316|1713|2037|2218|10 Safer 1448
20260725|0358|0547|1316|1713|2036|2216|11 Safer 1448
20260726|0400|0548|1316|1712|2035|2215|12 Safer 1448
20260727|0401|0549|1316|1712|2034|2214|13 Safer 1448
20260728|0403|0550|1316|1712|2033|2212|14 Safer 1448
20260729|0404|0551|1316|1711|2032|2211|15 Safer 1448
20260730|0406|0552|1316|1711|2031|2209|16 Safer 1448
20260731|0407|0552|1316|1711|2030|2208|17 Safer 1448
20260801|0409|0553|1316|1710|2029|2206|18 Safer 1448
20260802|0410|0554|1316|1710|2028|2204|19 Safer 1448
20260803|0412|0555|1316|1710|2027|2203|20 Safer 1448
20260804|0413|0556|1316|1709|2026|2201|21 Safer 1448
20260805|0415|0557|1316|1709|2024|2200|22 Safer 1448
20260806|0416|0558|1316|1708|2023|2158|23 Safer 1448
20260807|0418|0559|1316|1708|2022|2156|24 Safer 1448
20260808|0419|0600|1315|1707|2021|2154|25 Safer 1448
20260809|0421|0601|1315|1707|2020|2153|26 Safer 1448
20260810|0423|0602|1315|1706|2018|2151|27 Safer 1448
20260811|0424|0603|1315|1706|2017|2149|28 Safer 1448
20260812|0426|0604|1315|1705|2016|2147|29 Safer 1448
20260813|0427|0605|1315|1705|2014|2146|30 Safer 1448
20260814|0429|0606|1315|1704|2013|2144|1 Rebiulevvel 1448
20260815|0430|0607|1314|1704|2012|2142|2 Rebiulevvel 1448
20260816|0431|0608|1314|1703|2010|2140|3 Rebiulevvel 1448
20260817|0433|0609|1314|1702|2009|2138|4 Rebiulevvel 1448
20260818|0434|0610|1314|1702|2007|2137|5 Rebiulevvel 1448
20260819|0436|0611|1314|1701|2006|2135|6 Rebiulevvel 1448
20260820|0437|0612|1313|1700|2004|2133|7 Rebiulevvel 1448
20260821|0439|0613|1313|1659|2003|2131|8 Rebiulevvel 1448
20260822|0440|0614|1313|1659|2001|2129|9 Rebiulevvel 1448
20260823|0442|0615|1313|1658|2000|2127|10 Rebiulevvel 1448
20260824|0443|0616|1312|1657|1958|2125|11 Rebiulevvel 1448
20260825|0444|0617|1312|1656|1957|2123|12 Rebiulevvel 1448
20260826|0446|0618|1312|1655|1955|2122|13 Rebiulevvel 1448
20260827|0447|0619|1311|1655|1954|2120|14 Rebiulevvel 1448
20260828|0448|0620|1311|1654|1952|2118|15 Rebiulevvel 1448
20260829|0450|0621|1311|1653|1951|2116|16 Rebiulevvel 1448
20260830|0451|0622|1311|1652|1949|2114|17 Rebiulevvel 1448
20260831|0452|0623|1310|1651|1947|2112|18 Rebiulevvel 1448
20260901|0454|0624|1310|1650|1946|2110|19 Rebiulevvel 1448
20260902|0455|0625|1310|1649|1944|2108|20 Rebiulevvel 1448
20260903|0456|0626|1309|1648|1943|2106|21 Rebiulevvel 1448
20260904|0458|0627|1309|1647|1941|2104|22 Rebiulevvel 1448
20260905|0459|0628|1309|1646|1939|2102|23 Rebiulevvel 1448
20260906|0500|0629|1308|1645|1938|2100|24 Rebiulevvel 1448
20260907|0502|0630|1308|1644|1936|2059|25 Rebiulevvel 1448
20260908|0503|0631|1308|1643|1934|2057|26 Rebiulevvel 1448
20260909|0504|0632|1307|1642|1933|2055|27 Rebiulevvel 1448
20260910|0505|0633|1307|1641|1931|2053|28 Rebiulevvel 1448
20260911|0507|0634|1307|1640|1929|2051|29 Rebiulevvel 1448
20260912|0508|0635|1306|1639|1927|2049|1 Rebiulahir 1448
20260913|0509|0636|1306|1638|1926|2047|2 Rebiulahir 1448
20260914|0510|0637|1306|1637|1924|2045|3 Rebiulahir 1448
20260915|0511|0638|1305|1636|1922|2043|4 Rebiulahir 1448
20260916|0513|0639|1305|1635|1921|2041|5 Rebiulahir 1448
20260917|0514|0640|1304|1634|1919|2040|6 Rebiulahir 1448
20260918|0515|0641|1304|1632|1917|2038|7 Rebiulahir 1448
20260919|0516|0642|1304|1631|1916|2036|8 Rebiulahir 1448
20260920|0517|0643|1303|1630|1914|2034|9 Rebiulahir 1448
20260921|0518|0644|1303|1629|1912|2032|10 Rebiulahir 1448
20260922|0519|0645|1303|1628|1910|2030|11 Rebiulahir 1448
20260923|0521|0646|1302|1627|1909|2029|12 Rebiulahir 1448
20260924|0522|0647|1302|1625|1907|2027|13 Rebiulahir 1448
20260925|0523|0648|1302|1624|1905|2025|14 Rebiulahir 1448
20260926|0524|0649|1301|1623|1904|2023|15 Rebiulahir 1448
20260927|0525|0650|1301|1622|1902|2021|16 Rebiulahir 1448
20260928|0526|0651|1301|1621|1900|2020|17 Rebiulahir 1448
20260929|0527|0652|1300|1619|1859|2018|18 Rebiulahir 1448
20260930|0528|0653|1300|1618|1857|2016|19 Rebiulahir 1448
20261001|0529|0654|1300|1617|1855|2014|20 Rebiulahir 1448
20261002|0531|0655|1259|1616|1854|2013|21 Rebiulahir 1448
20261003|0532|0656|1259|1615|1852|2011|22 Rebiulahir 1448
20261004|0533|0657|1259|1613|1850|2009|23 Rebiulahir 1448
20261005|0534|0658|1258|1612|1849|2007|24 Rebiulahir 1448
20261006|0535|0659|1258|1611|1847|2006|25 Rebiulahir 1448
20261007|0536|0700|1258|1610|1845|2004|26 Rebiulahir 1448
20261008|0537|0701|1257|1609|1844|2003|27 Rebiulahir 1448
20261009|0538|0702|1257|1607|1842|2001|28 Rebiulahir 1448
20261010|0539|0703|1257|1606|1840|1959|29 Rebiulahir 1448
20261011|0540|0704|1257|1605|1839|1958|30 Rebiulahir 1448
20261012|0541|0706|1256|1604|1837|1956|1 Cemaziyelevvel 1448
20261013|0542|0707|1256|1603|1836|1955|2 Cemaziyelevvel 1448
20261014|0543|0708|1256|1601|1834|1953|3 Cemaziyelevvel 1448
20261015|0544|0709|1256|1600|1833|1952|4 Cemaziyelevvel 1448
20261016|0545|0710|1255|1559|1831|1950|5 Cemaziyelevvel 1448
20261017|0547|0711|1255|1558|1829|1949|6 Cemaziyelevvel 1448
20261018|0548|0712|1255|1557|1828|1947|7 Cemaziyelevvel 1448
20261019|0549|0713|1255|1555|1826|1946|8 Cemaziyelevvel 1448
20261020|0550|0714|1255|1554|1825|1944|9 Cemaziyelevvel 1448
20261021|0551|0715|1254|1553|1823|1943|10 Cemaziyelevvel 1448
20261022|0552|0717|1254|1552|1822|1942|11 Cemaziyelevvel 1448
20261023|0553|0718|1254|1551|1821|1940|12 Cemaziyelevvel 1448
20261024|0554|0719|1254|1550|1819|1939|13 Cemaziyelevvel 1448
20261025|0555|0720|1254|1549|1818|1938|14 Cemaziyelevvel 1448
20261026|0556|0721|1254|1548|1816|1936|15 Cemaziyelevvel 1448
20261027|0557|0722|1254|1547|1815|1935|16 Cemaziyelevvel 1448
20261028|0558|0723|1254|1546|1814|1934|17 Cemaziyelevvel 1448
20261029|0559|0725|1254|1545|1812|1933|18 Cemaziyelevvel 1448
20261030|0600|0726|1253|1543|1811|1931|19 Cemaziyelevvel 1448
20261031|0601|0727|1253|1542|1810|1930|20 Cemaziyelevvel 1448
20261101|0602|0728|1253|1541|1809|1929|21 Cemaziyelevvel 1448
20261102|0603|0729|1253|1541|1807|1928|22 Cemaziyelevvel 1448
20261103|0604|0731|1253|1540|1806|1927|23 Cemaziyelevvel 1448
20261104|0605|0732|1253|1539|1805|1926|24 Cemaziyelevvel 1448
20261105|0606|0733|1253|1538|1804|1925|25 Cemaziyelevvel 1448
20261106|0607|0734|1253|1537|1803|1924|26 Cemaziyelevvel 1448
20261107|0608|0735|1253|1536|1802|1923|27 Cemaziyelevvel 1448
20261108|0609|0736|1253|1535|1801|1922|28 Cemaziyelevvel 1448
20261109|0611|0738|1254|1534|1759|1921|29 Cemaziyelevvel 1448
20261110|0612|0739|1254|1533|1758|1920|1 Cemaziyelahir 1448
20261111|0613|0740|1254|1533|1757|1920|2 Cemaziyelahir 1448
20261112|0614|0741|1254|1532|1756|1919|3 Cemaziyelahir 1448
20261113|0615|0742|1254|1531|1756|1918|4 Cemaziyelahir 1448
20261114|0616|0744|1254|1530|1755|1917|5 Cemaziyelahir 1448
20261115|0617|0745|1254|1530|1754|1917|6 Cemaziyelahir 1448
20261116|0618|0746|1254|1529|1753|1916|7 Cemaziyelahir 1448
20261117|0619|0747|1255|1528|1752|1915|8 Cemaziyelahir 1448
20261118|0620|0748|1255|1528|1751|1915|9 Cemaziyelahir 1448
20261119|0621|0750|1255|1527|1751|1914|10 Cemaziyelahir 1448
20261120|0622|0751|1255|1527|1750|1913|11 Cemaziyelahir 1448
20261121|0623|0752|1255|1526|1749|1913|12 Cemaziyelahir 1448
20261122|0624|0753|1256|1526|1749|1912|13 Cemaziyelahir 1448
20261123|0625|0754|1256|1525|1748|1912|14 Cemaziyelahir 1448
20261124|0626|0755|1256|1525|1747|1912|15 Cemaziyelahir 1448
20261125|0627|0756|1257|1524|1747|1911|16 Cemaziyelahir 1448
20261126|0627|0757|1257|1524|1746|1911|17 Cemaziyelahir 1448
20261127|0628|0759|1257|1524|1746|1911|18 Cemaziyelahir 1448
20261128|0629|0800|1258|1523|1745|1910|19 Cemaziyelahir 1448
20261129|0630|0801|1258|1523|1745|1910|20 Cemaziyelahir 1448
20261130|0631|0802|1258|1523|1745|1910|21 Cemaziyelahir 1448
20261201|0632|0803|1259|1523|1744|1910|22 Cemaziyelahir 1448
20261202|0633|0804|1259|1523|1744|1910|23 Cemaziyelahir 1448
20261203|0634|0805|1259|1522|1744|1909|24 Cemaziyelahir 1448
20261204|0635|0806|1300|1522|1744|1909|25 Cemaziyelahir 1448
20261205|0636|0807|1300|1522|1744|1909|26 Cemaziyelahir 1448
20261206|0636|0808|1301|1522|1743|1909|27 Cemaziyelahir 1448
20261207|0637|0809|1301|1522|1743|1909|28 Cemaziyelahir 1448
20261208|0638|0810|1301|1522|1743|1909|29 Cemaziyelahir 1448
20261209|0639|0810|1302|1522|1743|1909|30 Cemaziyelahir 1448
20261210|0640|0811|1302|1522|1743|1910|1 Recep 1448
20261211|0640|0812|1303|1523|1743|1910|2 Recep 1448
20261212|0641|0813|1303|1523|1743|1910|3 Recep 1448
20261213|0642|0814|1304|1523|1744|1910|4 Recep 1448
20261214|0642|0815|1304|1523|1744|1910|5 Recep 1448
20261215|0643|0815|1305|1523|1744|1911|6 Recep 1448
20261216|0644|0816|1305|1524|1744|1911|7 Recep 1448
20261217|0644|0817|1306|1524|1745|1911|8 Recep 1448
20261218|0645|0817|1306|1524|1745|1912|9 Recep 1448
20261219|0646|0818|1307|1525|1745|1912|10 Recep 1448
20261220|0646|0818|1307|1525|1746|1913|11 Recep 1448
20261221|0647|0819|1308|1526|1746|1913|12 Recep 1448
20261222|0647|0820|1308|1526|1747|1913|13 Recep 1448
20261223|0648|0820|1309|1527|1747|1914|14 Recep 1448
20261224|0648|0820|1309|1527|1748|1915|15 Recep 1448
20261225|0649|0821|1310|1528|1748|1915|16 Recep 1448
20261226|0649|0821|1310|1528|1749|1916|17 Recep 1448
20261227|0649|0822|1311|1529|1750|1916|18 Recep 1448
20261228|0650|0822|1311|1530|1750|1917|19 Recep 1448
20261229|0650|0822|1312|1530|1751|1918|20 Recep 1448
20261230|0650|0822|1312|1531|1752|1918|21 Recep 1448
20261231|0651|0823|1313|1532|1753|1919|22 Recep 1448
20270101|0651|0823|1313|1533|1753|1920|23 Recep 1448
20270102|0651|0823|1313|1533|1754|1921|24 Recep 1448
20270103|0651|0823|1314|1534|1755|1921|25 Recep 1448
20270104|0651|0823|1314|1535|1756|1922|26 Recep 1448
20270105|0651|0823|1315|1536|1757|1923|27 Recep 1448
20270106|0651|0823|1315|1537|1758|1924|28 Recep 1448
20270107|0651|0823|1316|1538|1759|1925|29 Recep 1448
20270108|0651|0823|1316|1538|1800|1925|30 Recep 1448
20270109|0651|0822|1317|1539|1801|1926|1 Şaban 1448
20270110|0651|0822|1317|1540|1802|1927|2 Şaban 1448
20270111|0651|0822|1317|1541|1803|1928|3 Şaban 1448
20270112|0651|0822|1318|1542|1804|1929|4 Şaban 1448
20270113|0651|0821|1318|1543|1805|1930|5 Şaban 1448
20270114|0651|0821|1319|1544|1806|1931|6 Şaban 1448
20270115|0651|0821|1319|1545|1807|1932|7 Şaban 1448
20270116|0650|0820|1319|1546|1808|1933|8 Şaban 1448
20270117|0650|0820|1320|1547|1809|1934|9 Şaban 1448
20270118|0650|0819|1320|1548|1810|1935|10 Şaban 1448
20270119|0649|0819|1320|1549|1812|1936|11 Şaban 1448
20270120|0649|0818|1321|1550|1813|1937|12 Şaban 1448
20270121|0648|0818|1321|1551|1814|1938|13 Şaban 1448
20270122|0648|0817|1321|1552|1815|1939|14 Şaban 1448
20270123|0648|0816|1321|1553|1816|1940|15 Şaban 1448
20270124|0647|0816|1322|1554|1818|1941|16 Şaban 1448
20270125|0646|0815|1322|1555|1819|1942|17 Şaban 1448
20270126|0646|0814|1322|1556|1820|1943|18 Şaban 1448
20270127|0645|0813|1322|1557|1821|1944|19 Şaban 1448
20270128|0645|0813|1323|1558|1823|1945|20 Şaban 1448
20270129|0644|0812|1323|1559|1824|1946|21 Şaban 1448
20270130|0643|0811|1323|1600|1825|1947|22 Şaban 1448
20270131|0642|0810|1323|1602|1826|1948|23 Şaban 1448
20270201|0642|0809|1323|1603|1827|1950|24 Şaban 1448
20270202|0641|0808|1323|1604|1829|1951|25 Şaban 1448
20270203|0640|0807|1323|1605|1830|1952|26 Şaban 1448
20270204|0639|0806|1324|1606|1831|1953|27 Şaban 1448
20270205|0638|0805|1324|1607|1832|1954|28 Şaban 1448
20270206|0637|0804|1324|1608|1834|1955|29 Şaban 1448
20270207|0636|0803|1324|1609|1835|1956|30 Şaban 1448
20270208|0635|0802|1324|1610|1836|1957|1 Ramazan 1448
20270209|0634|0800|1324|1611|1837|1958|2 Ramazan 1448
20270210|0633|0759|1324|1612|1839|1959|3 Ramazan 1448
20270211|0632|0758|1324|1613|1840|2000|4 Ramazan 1448
20270212|0631|0757|1324|1614|1841|2002|5 Ramazan 1448
20270213|0630|0756|1324|1615|1842|2003|6 Ramazan 1448
20270214|0629|0754|1324|1616|1844|2004|7 Ramazan 1448
20270215|0628|0753|1324|1616|1845|2005|8 Ramazan 1448
20270216|0626|0752|1324|1617|1846|2006|9 Ramazan 1448
20270217|0625|0750|1324|1618|1847|2007|10 Ramazan 1448
20270218|0624|0749|1324|1619|1848|2008|11 Ramazan 1448
20270219|0623|0748|1324|1620|1850|2009|12 Ramazan 1448
20270220|0621|0746|1324|1621|1851|2010|13 Ramazan 1448
20270221|0620|0745|1323|1622|1852|2012|14 Ramazan 1448
20270222|0619|0743|1323|1623|1853|2013|15 Ramazan 1448
20270223|0617|0742|1323|1624|1854|2014|16 Ramazan 1448
20270224|0616|0740|1323|1624|1856|2015|17 Ramazan 1448
20270225|0614|0739|1323|1625|1857|2016|18 Ramazan 1448
20270226|0613|0737|1323|1626|1858|2017|19 Ramazan 1448
20270227|0612|0736|1323|1627|1859|2018|20 Ramazan 1448
20270228|0610|0734|1322|1628|1900|2019|21 Ramazan 1448
20270301|0609|0733|1322|1628|1902|2021|22 Ramazan 1448
20270302|0607|0731|1322|1629|1903|2022|23 Ramazan 1448
20270303|0606|0730|1322|1630|1904|2023|24 Ramazan 1448
20270304|0604|0728|1322|1631|1905|2024|25 Ramazan 1448
20270305|0602|0727|1321|1631|1906|2025|26 Ramazan 1448
20270306|0601|0725|1321|1632|1907|2026|27 Ramazan 1448
20270307|0559|0724|1321|1633|1908|2027|28 Ramazan 1448
20270308|0558|0722|1321|1634|1909|2028|29 Ramazan 1448
20270309|0556|0720|1320|1634|1911|2030|1 Şevval 1448
20270310|0554|0719|1320|1635|1912|2031|2 Şevval 1448
20270311|0553|0717|1320|1636|1913|2032|3 Şevval 1448
20270312|0551|0715|1320|1636|1914|2033|4 Şevval 1448
20270313|0549|0714|1319|1637|1915|2034|5 Şevval 1448
20270314|0548|0712|1319|1638|1916|2035|6 Şevval 1448
20270315|0546|0711|1319|1638|1917|2036|7 Şevval 1448
20270316|0544|0709|1319|1639|1918|2038|8 Şevval 1448
20270317|0542|0707|1318|1639|1919|2039|9 Şevval 1448
20270318|0541|0706|1318|1640|1921|2040|10 Şevval 1448
20270319|0539|0704|1318|1640|1922|2041|11 Şevval 1448
20270320|0537|0702|1317|1641|1923|2042|12 Şevval 1448
20270321|0535|0701|1317|1642|1924|2044|13 Şevval 1448
20270322|0533|0659|1317|1642|1925|2045|14 Şevval 1448
20270323|0532|0657|1317|1643|1926|2046|15 Şevval 1448
20270324|0530|0656|1316|1643|1927|2047|16 Şevval 1448
20270325|0528|0654|1316|1644|1928|2048|17 Şevval 1448
20270326|0526|0652|1316|1644|1929|2050|18 Şevval 1448
20270327|0524|0651|1315|1645|1930|2051|19 Şevval 1448
20270328|0522|0649|1315|1645|1931|2052|20 Şevval 1448
20270329|0521|0647|1315|1646|1932|2053|21 Şevval 1448
20270330|0519|0645|1314|1646|1933|2055|22 Şevval 1448
20270331|0517|0644|1314|1646|1934|2056|23 Şevval 1448
20270401|0515|0642|1314|1647|1936|2057|24 Şevval 1448
20270402|0513|0641|1314|1647|1937|2058|25 Şevval 1448
20270403|0511|0639|1313|1648|1938|2100|26 Şevval 1448
20270404|0509|0637|1313|1648|1939|2101|27 Şevval 1448
20270405|0507|0636|1313|1649|1940|2102|28 Şevval 1448
20270406|0505|0634|1312|1649|1941|2104|29 Şevval 1448
20270407|0503|0632|1312|1649|1942|2105|30 Şevval 1448
20270408|0502|0631|1312|1650|1943|2106|1 Zilkade 1448
20270409|0500|0629|1312|1650|1944|2108|2 Zilkade 1448
20270410|0458|0627|1311|1651|1945|2109|3 Zilkade 1448
20270411|0456|0626|1311|1651|1946|2110|4 Zilkade 1448
20270412|0454|0624|1311|1651|1947|2112|5 Zilkade 1448
20270413|0452|0623|1310|1652|1948|2113|6 Zilkade 1448
20270414|0450|0621|1310|1652|1949|2114|7 Zilkade 1448
20270415|0448|0620|1310|1652|1950|2116|8 Zilkade 1448
20270416|0446|0618|1310|1653|1951|2117|9 Zilkade 1448
20270417|0444|0617|1309|1653|1953|2119|10 Zilkade 1448
20270418|0442|0615|1309|1653|1954|2120|11 Zilkade 1448
20270419|0440|0613|1309|1654|1955|2121|12 Zilkade 1448
20270420|0439|0612|1309|1654|1956|2123|13 Zilkade 1448
20270421|0437|0611|1309|1654|1957|2124|14 Zilkade 1448
20270422|0435|0609|1308|1655|1958|2126|15 Zilkade 1448
20270423|0433|0608|1308|1655|1959|2127|16 Zilkade 1448
20270424|0431|0606|1308|1655|2000|2129|17 Zilkade 1448
20270425|0429|0605|1308|1656|2001|2130|18 Zilkade 1448
20270426|0427|0603|1308|1656|2002|2132|19 Zilkade 1448
20270427|0425|0602|1308|1656|2003|2133|20 Zilkade 1448
20270428|0423|0601|1307|1656|2004|2135|21 Zilkade 1448
20270429|0422|0559|1307|1657|2005|2136|22 Zilkade 1448
20270430|0420|0558|1307|1657|2006|2138|23 Zilkade 1448
20270501|0418|0557|1307|1657|2007|2139|24 Zilkade 1448
20270502|0416|0555|1307|1658|2008|2141|25 Zilkade 1448
20270503|0414|0554|1307|1658|2009|2142|26 Zilkade 1448
20270504|0413|0553|1307|1658|2011|2144|27 Zilkade 1448
20270505|0411|0552|1307|1658|2012|2145|28 Zilkade 1448
20270506|0409|0550|1306|1659|2013|2147|29 Zilkade 1448
20270507|0407|0549|1306|1659|2014|2148|1 Zilhicce 1448
20270508|0406|0548|1306|1659|2015|2150|2 Zilhicce 1448
20270509|0404|0547|1306|1700|2016|2151|3 Zilhicce 1448
20270510|0402|0546|1306|1700|2017|2153|4 Zilhicce 1448
20270511|0401|0545|1306|1700|2018|2154|5 Zilhicce 1448
20270512|0359|0544|1306|1700|2019|2156|6 Zilhicce 1448
20270513|0357|0543|1306|1701|2020|2157|7 Zilhicce 1448
20270514|0356|0542|1306|1701|2021|2159|8 Zilhicce 1448
20270515|0354|0541|1306|1701|2022|2200|9 Zilhicce 1448
20270516|0353|0540|1306|1702|2023|2202|10 Zilhicce 1448
20270517|0351|0539|1306|1702|2024|2203|11 Zilhicce 1448
20270518|0350|0538|1306|1702|2025|2205|12 Zilhicce 1448
20270519|0348|0537|1306|1702|2026|2206|13 Zilhicce 1448
20270520|0347|0536|1306|1703|2027|2208|14 Zilhicce 1448
20270521|0346|0535|1306|1703|2028|2209|15 Zilhicce 1448
20270522|0344|0534|1306|1703|2028|2211|16 Zilhicce 1448
20270523|0343|0534|1306|1704|2029|2212|17 Zilhicce 1448
20270524|0342|0533|1307|1704|2030|2213|18 Zilhicce 1448
20270525|0340|0532|1307|1704|2031|2215|19 Zilhicce 1448
20270526|0339|0532|1307|1704|2032|2216|20 Zilhicce 1448
20270527|0338|0531|1307|1705|2033|2217|21 Zilhicce 1448
20270528|0337|0530|1307|1705|2034|2219|22 Zilhicce 1448
20270529|0336|0530|1307|1705|2035|2220|23 Zilhicce 1448
20270530|0335|0529|1307|1706|2035|2221|24 Zilhicce 1448
20270531|0334|0529|1307|1706|2036|2222|25 Zilhicce 1448
20270601|0333|0528|1308|1706|2037|2224|26 Zilhicce 1448
20270602|0332|0528|1308|1706|2038|2225|27 Zilhicce 1448
20270603|0331|0527|1308|1707|2038|2226|28 Zilhicce 1448
20270604|0330|0527|1308|1707|2039|2227|29 Zilhicce 1448
20270605|0329|0527|1308|1707|2040|2228|30 Zilhicce 1448
20270606|0329|0526|1308|1708|2040|2229|1 Muharrem 1449
20270607|0328|0526|1309|1708|2041|2230|2 Muharrem 1449
20270608|0327|0526|1309|1708|2042|2231|3 Muharrem 1449
20270609|0327|0526|1309|1708|2042|2232|4 Muharrem 1449
20270610|0326|0525|1309|1709|2043|2233|5 Muharrem 1449
20270611|0326|0525|1309|1709|2043|2233|6 Muharrem 1449
20270612|0326|0525|1310|1709|2044|2234|7 Muharrem 1449
20270613|0325|0525|1310|1709|2044|2235|8 Muharrem 1449
20270614|0325|0525|1310|1710|2045|2236|9 Muharrem 1449
20270615|0325|0525|1310|1710|2045|2236|10 Muharrem 1449
20270616|0325|0525|1310|1710|2046|2237|11 Muharrem 1449
20270617|0325|0525|1311|1710|2046|2237|12 Muharrem 1449
20270618|0325|0525|1311|1711|2046|2238|13 Muharrem 1449
20270619|0325|0525|1311|1711|2047|2238|14 Muharrem 1449
20270620|0325|0525|1311|1711|2047|2238|15 Muharrem 1449
20270621|0325|0526|1311|1711|2047|2239|16 Muharrem 1449
20270622|0325|0526|1312|1712|2047|2239|17 Muharrem 1449
20270623|0325|0526|1312|1712|2048|2239|18 Muharrem 1449
20270624|0326|0526|1312|1712|2048|2239|19 Muharrem 1449
20270625|0326|0527|1312|1712|2048|2239|20 Muharrem 1449
20270626|0326|0527|1313|1712|2048|2239|21 Muharrem 1449
20270627|0327|0527|1313|1713|2048|2239|22 Muharrem 1449
20270628|0328|0528|1313|1713|2048|2239|23 Muharrem 1449
20270629|0328|0528|1313|1713|2048|2239|24 Muharrem 1449
20270630|0329|0529|1313|1713|2048|2239|25 Muharrem 1449
20270701|0329|0529|1314|1713|2048|2238|26 Muharrem 1449
20270702|0330|0530|1314|1713|2048|2238|27 Muharrem 1449
20270703|0331|0530|1314|1713|2048|2238|28 Muharrem 1449
20270704|0332|0531|1314|1714|2048|2237|29 Muharrem 1449
20270705|0333|0531|1314|1714|2047|2237|1 Safer 1449
20270706|0334|0532|1314|1714|2047|2236|2 Safer 1449
20270707|0335|0532|1315|1714|2047|2235|3 Safer 1449
20270708|0336|0533|1315|1714|2046|2235|4 Safer 1449
20270709|0337|0534|1315|1714|2046|2234|5 Safer 1449
20270710|0338|0534|1315|1714|2046|2233|6 Safer 1449
20270711|0339|0535|1315|1714|2045|2233|7 Safer 1449
20270712|0340|0536|1315|1714|2045|2232|8 Safer 1449
20270713|0342|0537|1315|1714|2044|2231|9 Safer 1449
20270714|0343|0537|1316|1714|2044|2230|10 Safer 1449
20270715|0344|0538|1316|1714|2043|2229|11 Safer 1449
20270716|0345|0539|1316|1714|2043|2228|12 Safer 1449
20270717|0347|0540|1316|1714|2042|2227|13 Safer 1449
20270718|0348|0541|1316|1714|2041|2226|14 Safer 1449
20270719|0349|0541|1316|1714|2041|2224|15 Safer 1449
20270720|0351|0542|1316|1713|2040|2223|16 Safer 1449
20270721|0352|0543|1316|1713|2039|2222|17 Safer 1449
20270722|0354|0544|1316|1713|2039|2221|18 Safer 1449
20270723|0355|0545|1316|1713|2038|2219|19 Safer 1449
20270724|0357|0546|1316|1713|2037|2218|20 Safer 1449
20270725|0358|0547|1316|1713|2036|2217|21 Safer 1449
20270726|0359|0548|1316|1712|2035|2215|22 Safer 1449
20270727|0401|0548|1316|1712|2034|2214|23 Safer 1449
20270728|0402|0549|1316|1712|2033|2213|24 Safer 1449
20270729|0404|0550|1316|1712|2032|2211|25 Safer 1449
20270730|0405|0551|1316|1711|2031|2210|26 Safer 1449
20270731|0407|0552|1316|1711|2030|2208|27 Safer 1449
20270801|0408|0553|1316|1711|2029|2206|28 Safer 1449
20270802|0410|0554|1316|1710|2028|2205|29 Safer 1449
20270803|0412|0555|1316|1710|2027|2203|1 Rebiulevvel 1449
20270804|0413|0556|1316|1709|2026|2202|2 Rebiulevvel 1449
20270805|0415|0557|1316|1709|2025|2200|3 Rebiulevvel 1449
20270806|0416|0558|1316|1709|2024|2158|4 Rebiulevvel 1449
20270807|0418|0559|1316|1708|2022|2157|5 Rebiulevvel 1449
20270808|0419|0600|1316|1708|2021|2155|6 Rebiulevvel 1449
20270809|0421|0601|1315|1707|2020|2153|7 Rebiulevvel 1449
20270810|0422|0602|1315|1707|2019|2151|8 Rebiulevvel 1449
20270811|0424|0603|1315|1706|2017|2150|9 Rebiulevvel 1449
20270812|0425|0604|1315|1705|2016|2148|10 Rebiulevvel 1449
20270813|0427|0605|1315|1705|2015|2146|11 Rebiulevvel 1449
20270814|0428|0606|1315|1704|2013|2144|12 Rebiulevvel 1449
20270815|0430|0607|1314|1704|2012|2143|13 Rebiulevvel 1449
20270816|0431|0608|1314|1703|2010|2141|14 Rebiulevvel 1449
20270817|0433|0609|1314|1702|2009|2139|15 Rebiulevvel 1449
20270818|0434|0610|1314|1702|2008|2137|16 Rebiulevvel 1449
20270819|0435|0611|1314|1701|2006|2135|17 Rebiulevvel 1449
20270820|0437|0612|1313|1700|2005|2133|18 Rebiulevvel 1449
20270821|0438|0613|1313|1700|2003|2131|19 Rebiulevvel 1449
20270822|0440|0614|1313|1659|2002|2130|20 Rebiulevvel 1449
20270823|0441|0615|1313|1658|2000|2128|21 Rebiulevvel 1449
20270824|0443|0616|1312|1657|1959|2126|22 Rebiulevvel 1449
20270825|0444|0617|1312|1656|1957|2124|23 Rebiulevvel 1449
20270826|0445|0618|1312|1656|1956|2122|24 Rebiulevvel 1449
20270827|0447|0619|1312|1655|1954|2120|25 Rebiulevvel 1449
20270828|0448|0620|1311|1654|1953|2118|26 Rebiulevvel 1449
20270829|0449|0621|1311|1653|1951|2116|27 Rebiulevvel 1449
20270830|0451|0622|1311|1652|1949|2114|28 Rebiulevvel 1449
20270831|0452|0623|1310|1651|1948|2112|29 Rebiulevvel 1449
20270901|0453|0624|1310|1650|1946|2111|30 Rebiulevvel 1449
20270902|0455|0625|1310|1649|1945|2109|1 Rebiulahir 1449
20270903|0456|0626|1309|1648|1943|2107|2 Rebiulahir 1449
20270904|0457|0627|1309|1648|1941|2105|3 Rebiulahir 1449
20270905|0459|0628|1309|1647|1940|2103|4 Rebiulahir 1449
20270906|0500|0629|1308|1646|1938|2101|5 Rebiulahir 1449
20270907|0501|0630|1308|1645|1936|2059|6 Rebiulahir 1449
20270908|0503|0631|1308|1644|1935|2057|7 Rebiulahir 1449
20270909|0504|0632|1307|1642|1933|2055|8 Rebiulahir 1449
20270910|0505|0633|1307|1641|1931|2053|9 Rebiulahir 1449
20270911|0506|0634|1307|1640|1930|2051|10 Rebiulahir 1449
20270912|0507|0635|1306|1639|1928|2049|11 Rebiulahir 1449
20270913|0509|0636|1306|1638|1926|2048|12 Rebiulahir 1449
20270914|0510|0637|1306|1637|1925|2046|13 Rebiulahir 1449
20270915|0511|0638|1305|1636|1923|2044|14 Rebiulahir 1449
20270916|0512|0639|1305|1635|1921|2042|15 Rebiulahir 1449
20270917|0513|0640|1305|1634|1919|2040|16 Rebiulahir 1449
20270918|0515|0641|1304|1633|1918|2038|17 Rebiulahir 1449
20270919|0516|0642|1304|1632|1916|2036|18 Rebiulahir 1449
20270920|0517|0643|1303|1630|1914|2034|19 Rebiulahir 1449
20270921|0518|0644|1303|1629|1913|2033|20 Rebiulahir 1449
20270922|0519|0645|1303|1628|1911|2031|21 Rebiulahir 1449
20270923|0520|0646|1302|1627|1909|2029|22 Rebiulahir 1449
20270924|0521|0647|1302|1626|1907|2027|23 Rebiulahir 1449
20270925|0523|0648|1302|1625|1906|2025|24 Rebiulahir 1449
20270926|0524|0649|1301|1623|1904|2024|25 Rebiulahir 1449
20270927|0525|0650|1301|1622|1902|2022|26 Rebiulahir 1449
20270928|0526|0651|1301|1621|1901|2020|27 Rebiulahir 1449
20270929|0527|0652|1300|1620|1859|2018|28 Rebiulahir 1449
20270930|0528|0653|1300|1619|1857|2016|29 Rebiulahir 1449
20271001|0529|0654|1300|1617|1856|2015|1 Cemaziyelevvel 1449
20271002|0530|0655|1259|1616|1854|2013|2 Cemaziyelevvel 1449
20271003|0531|0656|1259|1615|1852|2011|3 Cemaziyelevvel 1449
20271004|0532|0657|1259|1614|1851|2010|4 Cemaziyelevvel 1449
20271005|0534|0658|1258|1612|1849|2008|5 Cemaziyelevvel 1449
20271006|0535|0659|1258|1611|1847|2006|6 Cemaziyelevvel 1449
20271007|0536|0700|1258|1610|1846|2005|7 Cemaziyelevvel 1449
20271008|0537|0701|1258|1609|1844|2003|8 Cemaziyelevvel 1449
20271009|0538|0702|1257|1608|1842|2001|9 Cemaziyelevvel 1449
20271010|0539|0703|1257|1606|1841|2000|10 Cemaziyelevvel 1449
20271011|0540|0704|1257|1605|1839|1958|11 Cemaziyelevvel 1449
20271012|0541|0705|1256|1604|1838|1957|12 Cemaziyelevvel 1449
20271013|0542|0706|1256|1603|1836|1955|13 Cemaziyelevvel 1449
20271014|0543|0707|1256|1602|1834|1953|14 Cemaziyelevvel 1449
20271015|0544|0709|1256|1600|1833|1952|15 Cemaziyelevvel 1449
20271016|0545|0710|1255|1559|1831|1950|16 Cemaziyelevvel 1449
20271017|0546|0711|1255|1558|1830|1949|17 Cemaziyelevvel 1449
20271018|0547|0712|1255|1557|1828|1948|18 Cemaziyelevvel 1449
20271019|0548|0713|1255|1556|1827|1946|19 Cemaziyelevvel 1449
20271020|0549|0714|1255|1555|1825|1945|20 Cemaziyelevvel 1449
20271021|0550|0715|1255|1553|1824|1943|21 Cemaziyelevvel 1449
20271022|0552|0716|1254|1552|1822|1942|22 Cemaziyelevvel 1449
20271023|0553|0717|1254|1551|1821|1941|23 Cemaziyelevvel 1449
20271024|0554|0719|1254|1550|1820|1939|24 Cemaziyelevvel 1449
20271025|0555|0720|1254|1549|1818|1938|25 Cemaziyelevvel 1449
20271026|0556|0721|1254|1548|1817|1937|26 Cemaziyelevvel 1449
20271027|0557|0722|1254|1547|1815|1935|27 Cemaziyelevvel 1449
20271028|0558|0723|1254|1546|1814|1934|28 Cemaziyelevvel 1449
20271029|0559|0724|1254|1545|1813|1933|29 Cemaziyelevvel 1449
20271030|0600|0726|1253|1544|1811|1932|30 Cemaziyelevvel 1449
20271031|0601|0727|1253|1543|1810|1931|1 Cemaziyelahir 1449
20271101|0602|0728|1253|1542|1809|1929|2 Cemaziyelahir 1449
20271102|0603|0729|1253|1541|1808|1928|3 Cemaziyelahir 1449
20271103|0604|0730|1253|1540|1806|1927|4 Cemaziyelahir 1449
20271104|0605|0731|1253|1539|1805|1926|5 Cemaziyelahir 1449
20271105|0606|0733|1253|1538|1804|1925|6 Cemaziyelahir 1449
20271106|0607|0734|1253|1537|1803|1924|7 Cemaziyelahir 1449
20271107|0608|0735|1253|1536|1802|1923|8 Cemaziyelahir 1449
20271108|0609|0736|1253|1535|1801|1922|9 Cemaziyelahir 1449
20271109|0610|0737|1254|1534|1800|1921|10 Cemaziyelahir 1449
20271110|0611|0739|1254|1534|1759|1921|11 Cemaziyelahir 1449
20271111|0612|0740|1254|1533|1758|1920|12 Cemaziyelahir 1449
20271112|0613|0741|1254|1532|1757|1919|13 Cemaziyelahir 1449
20271113|0614|0742|1254|1531|1756|1918|14 Cemaziyelahir 1449
20271114|0615|0743|1254|1531|1755|1917|15 Cemaziyelahir 1449
20271115|0616|0745|1254|1530|1754|1917|16 Cemaziyelahir 1449
20271116|0617|0746|1254|1529|1753|1916|17 Cemaziyelahir 1449
20271117|0618|0747|1255|1529|1752|1915|18 Cemaziyelahir 1449
20271118|0619|0748|1255|1528|1752|1915|19 Cemaziyelahir 1449
20271119|0620|0749|1255|1527|1751|1914|20 Cemaziyelahir 1449
20271120|0621|0750|1255|1527|1750|1914|21 Cemaziyelahir 1449
20271121|0622|0752|1255|1526|1749|1913|22 Cemaziyelahir 1449
20271122|0623|0753|1256|1526|1749|1913|23 Cemaziyelahir 1449
20271123|0624|0754|1256|1525|1748|1912|24 Cemaziyelahir 1449
20271124|0625|0755|1256|1525|1748|1912|25 Cemaziyelahir 1449
20271125|0626|0756|1257|1525|1747|1911|26 Cemaziyelahir 1449
20271126|0627|0757|1257|1524|1746|1911|27 Cemaziyelahir 1449
20271127|0628|0758|1257|1524|1746|1911|28 Cemaziyelahir 1449
20271128|0629|0759|1257|1524|1746|1910|29 Cemaziyelahir 1449
20271129|0630|0800|1258|1523|1745|1910|1 Recep 1449
20271130|0631|0802|1258|1523|1745|1910|2 Recep 1449
20271201|0632|0803|1259|1523|1744|1910|3 Recep 1449
20271202|0633|0804|1259|1523|1744|1910|4 Recep 1449
20271203|0634|0805|1259|1522|1744|1909|5 Recep 1449
20271204|0635|0806|1300|1522|1744|1909|6 Recep 1449
20271205|0635|0807|1300|1522|1744|1909|7 Recep 1449
20271206|0636|0808|1300|1522|1743|1909|8 Recep 1449
20271207|0637|0808|1301|1522|1743|1909|9 Recep 1449
20271208|0638|0809|1301|1522|1743|1909|10 Recep 1449
20271209|0639|0810|1302|1522|1743|1909|11 Recep 1449
20271210|0639|0811|1302|1522|1743|1910|12 Recep 1449
20271211|0640|0812|1303|1523|1743|1910|13 Recep 1449
20271212|0641|0813|1303|1523|1743|1910|14 Recep 1449
20271213|0642|0814|1304|1523|1744|1910|15 Recep 1449
20271214|0642|0814|1304|1523|1744|1910|16 Recep 1449
20271215|0643|0815|1305|1523|1744|1911|17 Recep 1449
20271216|0644|0816|1305|1524|1744|1911|18 Recep 1449
20271217|0644|0816|1305|1524|1745|1911|19 Recep 1449
20271218|0645|0817|1306|1524|1745|1912|20 Recep 1449
20271219|0645|0818|1306|1525|1745|1912|21 Recep 1449
20271220|0646|0818|1307|1525|1746|1912|22 Recep 1449
20271221|0647|0819|1307|1526|1746|1913|23 Recep 1449
20271222|0647|0819|1308|1526|1747|1913|24 Recep 1449
20271223|0648|0820|1308|1527|1747|1914|25 Recep 1449
20271224|0648|0820|1309|1527|1748|1914|26 Recep 1449
20271225|0648|0821|1309|1528|1748|1915|27 Recep 1449
20271226|0649|0821|1310|1528|1749|1916|28 Recep 1449
20271227|0649|0821|1310|1529|1749|1916|29 Recep 1449
20271228|0650|0822|1311|1530|1750|1917|30 Recep 1449
20271229|0650|0822|1311|1530|1751|1917|1 Şaban 1449
20271230|0650|0822|1312|1531|1752|1918|2 Şaban 1449
20271231|0650|0822|1312|1532|1752|1919|3 Şaban 1449
