# diyanet | surum=diyanet-2026-10-04.1 | il=KARS | yerlesim=8 | 2026-01-01..2027-12-31
#@9590|Akyaka|KARS|730
20260101|0551|0723|1214|1434|1655|1821|12 Recep 1447
20260102|0551|0723|1214|1435|1656|1822|13 Recep 1447
20260103|0552|0723|1215|1436|1657|1823|14 Recep 1447
20260104|0552|0723|1215|1437|1658|1823|15 Recep 1447
20260105|0552|0723|1216|1438|1659|1824|16 Recep 1447
20260106|0552|0723|1216|1438|1700|1825|17 Recep 1447
20260107|0552|0723|1217|1439|1701|1826|18 Recep 1447
20260108|0552|0723|1217|1440|1702|1827|19 Recep 1447
20260109|0552|0722|1217|1441|1703|1828|20 Recep 1447
20260110|0552|0722|1218|1442|1704|1829|21 Recep 1447
20260111|0552|0722|1218|1443|1705|1829|22 Recep 1447
20260112|0552|0722|1219|1444|1706|1830|23 Recep 1447
20260113|0551|0721|1219|1445|1707|1831|24 Recep 1447
20260114|0551|0721|1219|1446|1708|1832|25 Recep 1447
20260115|0551|0721|1220|1447|1709|1833|26 Recep 1447
20260116|0551|0720|1220|1448|1710|1834|27 Recep 1447
20260117|0550|0720|1220|1449|1711|1835|28 Recep 1447
20260118|0550|0719|1221|1450|1712|1836|29 Recep 1447
20260119|0550|0719|1221|1451|1713|1837|30 Recep 1447
20260120|0549|0718|1221|1452|1715|1838|1 Şaban 1447
20260121|0549|0718|1222|1453|1716|1839|2 Şaban 1447
20260122|0548|0717|1222|1454|1717|1840|3 Şaban 1447
20260123|0548|0716|1222|1455|1718|1841|4 Şaban 1447
20260124|0547|0716|1222|1456|1719|1842|5 Şaban 1447
20260125|0547|0715|1223|1457|1721|1843|6 Şaban 1447
20260126|0546|0714|1223|1458|1722|1844|7 Şaban 1447
20260127|0546|0713|1223|1459|1723|1845|8 Şaban 1447
20260128|0545|0713|1223|1500|1724|1846|9 Şaban 1447
20260129|0544|0712|1224|1501|1725|1848|10 Şaban 1447
20260130|0544|0711|1224|1502|1727|1849|11 Şaban 1447
20260131|0543|0710|1224|1503|1728|1850|12 Şaban 1447
20260201|0542|0709|1224|1504|1729|1851|13 Şaban 1447
20260202|0541|0708|1224|1505|1730|1852|14 Şaban 1447
20260203|0540|0707|1224|1506|1732|1853|15 Şaban 1447
20260204|0539|0706|1224|1507|1733|1854|16 Şaban 1447
20260205|0539|0705|1224|1508|1734|1855|17 Şaban 1447
20260206|0538|0704|1225|1509|1735|1856|18 Şaban 1447
20260207|0537|0703|1225|1510|1737|1857|19 Şaban 1447
20260208|0536|0702|1225|1511|1738|1858|20 Şaban 1447
20260209|0535|0700|1225|1512|1739|1859|21 Şaban 1447
20260210|0534|0659|1225|1513|1740|1901|22 Şaban 1447
20260211|0533|0658|1225|1514|1741|1902|23 Şaban 1447
20260212|0532|0657|1225|1515|1743|1903|24 Şaban 1447
20260213|0530|0656|1225|1516|1744|1904|25 Şaban 1447
20260214|0529|0654|1225|1517|1745|1905|26 Şaban 1447
20260215|0528|0653|1225|1518|1746|1906|27 Şaban 1447
20260216|0527|0652|1225|1519|1748|1907|28 Şaban 1447
20260217|0526|0650|1225|1520|1749|1908|29 Şaban 1447
20260218|0524|0649|1224|1521|1750|1909|30 Şaban 1447
20260219|0523|0648|1224|1522|1751|1910|1 Ramazan 1447
20260220|0522|0646|1224|1522|1752|1912|2 Ramazan 1447
20260221|0521|0645|1224|1523|1754|1913|3 Ramazan 1447
20260222|0519|0643|1224|1524|1755|1914|4 Ramazan 1447
20260223|0518|0642|1224|1525|1756|1915|5 Ramazan 1447
20260224|0516|0641|1224|1526|1757|1916|6 Ramazan 1447
20260225|0515|0639|1224|1527|1758|1917|7 Ramazan 1447
20260226|0514|0638|1223|1527|1759|1918|8 Ramazan 1447
20260227|0512|0636|1223|1528|1801|1919|9 Ramazan 1447
20260228|0511|0635|1223|1529|1802|1920|10 Ramazan 1447
20260301|0509|0633|1223|1530|1803|1921|11 Ramazan 1447
20260302|0508|0632|1223|1531|1804|1923|12 Ramazan 1447
20260303|0506|0630|1223|1531|1805|1924|13 Ramazan 1447
20260304|0505|0629|1222|1532|1806|1925|14 Ramazan 1447
20260305|0503|0627|1222|1533|1807|1926|15 Ramazan 1447
20260306|0501|0625|1222|1533|1808|1927|16 Ramazan 1447
20260307|0500|0624|1222|1534|1810|1928|17 Ramazan 1447
20260308|0458|0622|1221|1535|1811|1929|18 Ramazan 1447
20260309|0457|0621|1221|1535|1812|1930|19 Ramazan 1447
20260310|0455|0619|1221|1536|1813|1932|20 Ramazan 1447
20260311|0453|0617|1221|1537|1814|1933|21 Ramazan 1447
20260312|0452|0616|1220|1537|1815|1934|22 Ramazan 1447
20260313|0450|0614|1220|1538|1816|1935|23 Ramazan 1447
20260314|0448|0612|1220|1539|1817|1936|24 Ramazan 1447
20260315|0447|0611|1220|1539|1818|1937|25 Ramazan 1447
20260316|0445|0609|1219|1540|1819|1938|26 Ramazan 1447
20260317|0443|0608|1219|1540|1821|1940|27 Ramazan 1447
20260318|0441|0606|1219|1541|1822|1941|28 Ramazan 1447
20260319|0440|0604|1218|1542|1823|1942|29 Ramazan 1447
20260320|0438|0603|1218|1542|1824|1943|1 Şevval 1447
20260321|0436|0601|1218|1543|1825|1944|2 Şevval 1447
20260322|0434|0559|1218|1543|1826|1945|3 Şevval 1447
20260323|0432|0558|1217|1544|1827|1947|4 Şevval 1447
20260324|0431|0556|1217|1544|1828|1948|5 Şevval 1447
20260325|0429|0554|1217|1545|1829|1949|6 Şevval 1447
20260326|0427|0553|1216|1545|1830|1950|7 Şevval 1447
20260327|0425|0551|1216|1546|1831|1951|8 Şevval 1447
20260328|0423|0549|1216|1546|1832|1953|9 Şevval 1447
20260329|0421|0548|1215|1546|1833|1954|10 Şevval 1447
20260330|0420|0546|1215|1547|1834|1955|11 Şevval 1447
20260331|0418|0544|1215|1547|1835|1956|12 Şevval 1447
20260401|0416|0543|1215|1548|1836|1958|13 Şevval 1447
20260402|0414|0541|1214|1548|1837|1959|14 Şevval 1447
20260403|0412|0539|1214|1549|1839|2000|15 Şevval 1447
20260404|0410|0538|1214|1549|1840|2001|16 Şevval 1447
20260405|0408|0536|1213|1549|1841|2003|17 Şevval 1447
20260406|0406|0535|1213|1550|1842|2004|18 Şevval 1447
20260407|0404|0533|1213|1550|1843|2005|19 Şevval 1447
20260408|0403|0531|1213|1551|1844|2007|20 Şevval 1447
20260409|0401|0530|1212|1551|1845|2008|21 Şevval 1447
20260410|0359|0528|1212|1551|1846|2009|22 Şevval 1447
20260411|0357|0527|1212|1552|1847|2011|23 Şevval 1447
20260412|0355|0525|1211|1552|1848|2012|24 Şevval 1447
20260413|0353|0523|1211|1552|1849|2013|25 Şevval 1447
20260414|0351|0522|1211|1553|1850|2015|26 Şevval 1447
20260415|0349|0520|1211|1553|1851|2016|27 Şevval 1447
20260416|0347|0519|1210|1553|1852|2017|28 Şevval 1447
20260417|0345|0517|1210|1554|1853|2019|29 Şevval 1447
20260418|0344|0516|1210|1554|1854|2020|1 Zilkade 1447
20260419|0342|0514|1210|1554|1855|2022|2 Zilkade 1447
20260420|0340|0513|1210|1555|1856|2023|3 Zilkade 1447
20260421|0338|0511|1209|1555|1857|2025|4 Zilkade 1447
20260422|0336|0510|1209|1555|1858|2026|5 Zilkade 1447
20260423|0334|0508|1209|1556|1859|2027|6 Zilkade 1447
20260424|0332|0507|1209|1556|1901|2029|7 Zilkade 1447
20260425|0330|0506|1209|1556|1902|2030|8 Zilkade 1447
20260426|0329|0504|1208|1556|1903|2032|9 Zilkade 1447
20260427|0327|0503|1208|1557|1904|2033|10 Zilkade 1447
20260428|0325|0502|1208|1557|1905|2035|11 Zilkade 1447
20260429|0323|0500|1208|1557|1906|2036|12 Zilkade 1447
20260430|0321|0459|1208|1558|1907|2038|13 Zilkade 1447
20260501|0320|0458|1208|1558|1908|2039|14 Zilkade 1447
20260502|0318|0456|1208|1558|1909|2041|15 Zilkade 1447
20260503|0316|0455|1207|1558|1910|2042|16 Zilkade 1447
20260504|0314|0454|1207|1559|1911|2044|17 Zilkade 1447
20260505|0313|0453|1207|1559|1912|2045|18 Zilkade 1447
20260506|0311|0451|1207|1559|1913|2047|19 Zilkade 1447
20260507|0309|0450|1207|1559|1914|2048|20 Zilkade 1447
20260508|0307|0449|1207|1600|1915|2050|21 Zilkade 1447
20260509|0306|0448|1207|1600|1916|2051|22 Zilkade 1447
20260510|0304|0447|1207|1600|1917|2053|23 Zilkade 1447
20260511|0302|0446|1207|1601|1918|2054|24 Zilkade 1447
20260512|0301|0445|1207|1601|1919|2056|25 Zilkade 1447
20260513|0259|0444|1207|1601|1920|2057|26 Zilkade 1447
20260514|0258|0443|1207|1601|1921|2059|27 Zilkade 1447
20260515|0256|0442|1207|1602|1922|2100|28 Zilkade 1447
20260516|0255|0441|1207|1602|1923|2102|29 Zilkade 1447
20260517|0253|0440|1207|1602|1924|2103|30 Zilkade 1447
20260518|0252|0439|1207|1603|1925|2104|1 Zilhicce 1447
20260519|0250|0438|1207|1603|1926|2106|2 Zilhicce 1447
20260520|0249|0437|1207|1603|1927|2107|3 Zilhicce 1447
20260521|0248|0437|1207|1603|1928|2109|4 Zilhicce 1447
20260522|0246|0436|1207|1604|1929|2110|5 Zilhicce 1447
20260523|0245|0435|1207|1604|1930|2111|6 Zilhicce 1447
20260524|0244|0434|1207|1604|1930|2113|7 Zilhicce 1447
20260525|0243|0434|1207|1604|1931|2114|8 Zilhicce 1447
20260526|0241|0433|1208|1605|1932|2116|9 Zilhicce 1447
20260527|0240|0432|1208|1605|1933|2117|10 Zilhicce 1447
20260528|0239|0432|1208|1605|1934|2118|11 Zilhicce 1447
20260529|0238|0431|1208|1606|1935|2119|12 Zilhicce 1447
20260530|0237|0431|1208|1606|1935|2121|13 Zilhicce 1447
20260531|0236|0430|1208|1606|1936|2122|14 Zilhicce 1447
20260601|0235|0430|1208|1606|1937|2123|15 Zilhicce 1447
20260602|0234|0429|1208|1607|1938|2124|16 Zilhicce 1447
20260603|0233|0429|1209|1607|1938|2125|17 Zilhicce 1447
20260604|0233|0429|1209|1607|1939|2126|18 Zilhicce 1447
20260605|0232|0428|1209|1608|1940|2127|19 Zilhicce 1447
20260606|0231|0428|1209|1608|1941|2128|20 Zilhicce 1447
20260607|0231|0428|1209|1608|1941|2129|21 Zilhicce 1447
20260608|0230|0427|1210|1608|1942|2130|22 Zilhicce 1447
20260609|0230|0427|1210|1609|1942|2131|23 Zilhicce 1447
20260610|0229|0427|1210|1609|1943|2132|24 Zilhicce 1447
20260611|0229|0427|1210|1609|1943|2133|25 Zilhicce 1447
20260612|0228|0427|1210|1609|1944|2133|26 Zilhicce 1447
20260613|0228|0427|1211|1610|1944|2134|27 Zilhicce 1447
20260614|0228|0427|1211|1610|1945|2135|28 Zilhicce 1447
20260615|0228|0427|1211|1610|1945|2135|29 Zilhicce 1447
20260616|0228|0427|1211|1610|1946|2136|1 Muharrem 1448
20260617|0227|0427|1211|1611|1946|2136|2 Muharrem 1448
20260618|0227|0427|1212|1611|1946|2137|3 Muharrem 1448
20260619|0227|0427|1212|1611|1947|2137|4 Muharrem 1448
20260620|0228|0427|1212|1611|1947|2137|5 Muharrem 1448
20260621|0228|0427|1212|1612|1947|2138|6 Muharrem 1448
20260622|0228|0428|1212|1612|1947|2138|7 Muharrem 1448
20260623|0228|0428|1213|1612|1948|2138|8 Muharrem 1448
20260624|0229|0428|1213|1612|1948|2138|9 Muharrem 1448
20260625|0229|0428|1213|1612|1948|2138|10 Muharrem 1448
20260626|0229|0429|1213|1613|1948|2138|11 Muharrem 1448
20260627|0230|0429|1214|1613|1948|2138|12 Muharrem 1448
20260628|0231|0430|1214|1613|1948|2138|13 Muharrem 1448
20260629|0231|0430|1214|1613|1948|2138|14 Muharrem 1448
20260630|0232|0430|1214|1613|1948|2137|15 Muharrem 1448
20260701|0233|0431|1214|1613|1948|2137|16 Muharrem 1448
20260702|0233|0431|1215|1614|1948|2137|17 Muharrem 1448
20260703|0234|0432|1215|1614|1948|2136|18 Muharrem 1448
20260704|0235|0432|1215|1614|1947|2136|19 Muharrem 1448
20260705|0236|0433|1215|1614|1947|2135|20 Muharrem 1448
20260706|0237|0434|1215|1614|1947|2135|21 Muharrem 1448
20260707|0238|0434|1215|1614|1947|2134|22 Muharrem 1448
20260708|0239|0435|1216|1614|1946|2134|23 Muharrem 1448
20260709|0240|0436|1216|1614|1946|2133|24 Muharrem 1448
20260710|0241|0436|1216|1614|1946|2132|25 Muharrem 1448
20260711|0242|0437|1216|1614|1945|2131|26 Muharrem 1448
20260712|0243|0438|1216|1614|1945|2130|27 Muharrem 1448
20260713|0244|0438|1216|1614|1944|2130|28 Muharrem 1448
20260714|0246|0439|1216|1614|1944|2129|29 Muharrem 1448
20260715|0247|0440|1217|1614|1943|2128|1 Safer 1448
20260716|0248|0441|1217|1614|1943|2127|2 Safer 1448
20260717|0250|0442|1217|1614|1942|2126|3 Safer 1448
20260718|0251|0442|1217|1614|1941|2124|4 Safer 1448
20260719|0252|0443|1217|1614|1941|2123|5 Safer 1448
20260720|0254|0444|1217|1614|1940|2122|6 Safer 1448
20260721|0255|0445|1217|1614|1939|2121|7 Safer 1448
20260722|0256|0446|1217|1613|1938|2120|8 Safer 1448
20260723|0258|0447|1217|1613|1938|2118|9 Safer 1448
20260724|0259|0447|1217|1613|1937|2117|10 Safer 1448
20260725|0301|0448|1217|1613|1936|2116|11 Safer 1448
20260726|0302|0449|1217|1613|1935|2114|12 Safer 1448
20260727|0304|0450|1217|1612|1934|2113|13 Safer 1448
20260728|0305|0451|1217|1612|1933|2111|14 Safer 1448
20260729|0307|0452|1217|1612|1932|2110|15 Safer 1448
20260730|0308|0453|1217|1612|1931|2109|16 Safer 1448
20260731|0310|0454|1217|1611|1930|2107|17 Safer 1448
20260801|0311|0455|1217|1611|1929|2105|18 Safer 1448
20260802|0313|0456|1217|1610|1928|2104|19 Safer 1448
20260803|0314|0457|1217|1610|1927|2102|20 Safer 1448
20260804|0316|0458|1217|1610|1926|2101|21 Safer 1448
20260805|0317|0459|1217|1609|1925|2059|22 Safer 1448
20260806|0319|0500|1217|1609|1923|2057|23 Safer 1448
20260807|0320|0501|1216|1608|1922|2056|24 Safer 1448
20260808|0322|0502|1216|1608|1921|2054|25 Safer 1448
20260809|0323|0503|1216|1607|1920|2052|26 Safer 1448
20260810|0325|0504|1216|1607|1918|2051|27 Safer 1448
20260811|0326|0505|1216|1606|1917|2049|28 Safer 1448
20260812|0327|0506|1216|1606|1916|2047|29 Safer 1448
20260813|0329|0507|1216|1605|1915|2045|30 Safer 1448
20260814|0330|0508|1215|1605|1913|2044|1 Rebiulevvel 1448
20260815|0332|0509|1215|1604|1912|2042|2 Rebiulevvel 1448
20260816|0333|0509|1215|1603|1910|2040|3 Rebiulevvel 1448
20260817|0335|0510|1215|1603|1909|2038|4 Rebiulevvel 1448
20260818|0336|0511|1215|1602|1908|2036|5 Rebiulevvel 1448
20260819|0338|0512|1214|1601|1906|2035|6 Rebiulevvel 1448
20260820|0339|0513|1214|1601|1905|2033|7 Rebiulevvel 1448
20260821|0340|0514|1214|1600|1903|2031|8 Rebiulevvel 1448
20260822|0342|0515|1214|1559|1902|2029|9 Rebiulevvel 1448
20260823|0343|0516|1213|1558|1900|2027|10 Rebiulevvel 1448
20260824|0345|0517|1213|1558|1859|2025|11 Rebiulevvel 1448
20260825|0346|0518|1213|1557|1857|2023|12 Rebiulevvel 1448
20260826|0347|0519|1213|1556|1856|2021|13 Rebiulevvel 1448
20260827|0349|0520|1212|1555|1854|2020|14 Rebiulevvel 1448
20260828|0350|0521|1212|1554|1853|2018|15 Rebiulevvel 1448
20260829|0351|0522|1212|1553|1851|2016|16 Rebiulevvel 1448
20260830|0353|0523|1211|1553|1849|2014|17 Rebiulevvel 1448
20260831|0354|0524|1211|1552|1848|2012|18 Rebiulevvel 1448
20260901|0355|0525|1211|1551|1846|2010|19 Rebiulevvel 1448
20260902|0357|0526|1210|1550|1845|2008|20 Rebiulevvel 1448
20260903|0358|0527|1210|1549|1843|2006|21 Rebiulevvel 1448
20260904|0359|0528|1210|1548|1841|2004|22 Rebiulevvel 1448
20260905|0401|0529|1209|1547|1840|2002|23 Rebiulevvel 1448
20260906|0402|0530|1209|1546|1838|2001|24 Rebiulevvel 1448
20260907|0403|0531|1209|1545|1836|1959|25 Rebiulevvel 1448
20260908|0404|0532|1208|1544|1835|1957|26 Rebiulevvel 1448
20260909|0405|0533|1208|1543|1833|1955|27 Rebiulevvel 1448
20260910|0407|0534|1208|1542|1831|1953|28 Rebiulevvel 1448
20260911|0408|0535|1207|1541|1830|1951|29 Rebiulevvel 1448
20260912|0409|0536|1207|1540|1828|1949|1 Rebiulahir 1448
20260913|0410|0537|1207|1539|1826|1947|2 Rebiulahir 1448
20260914|0411|0538|1206|1538|1825|1945|3 Rebiulahir 1448
20260915|0413|0539|1206|1537|1823|1944|4 Rebiulahir 1448
20260916|0414|0540|1206|1535|1821|1942|5 Rebiulahir 1448
20260917|0415|0541|1205|1534|1820|1940|6 Rebiulahir 1448
20260918|0416|0542|1205|1533|1818|1938|7 Rebiulahir 1448
20260919|0417|0543|1205|1532|1816|1936|8 Rebiulahir 1448
20260920|0418|0544|1204|1531|1815|1934|9 Rebiulahir 1448
20260921|0420|0545|1204|1530|1813|1933|10 Rebiulahir 1448
20260922|0421|0546|1203|1529|1811|1931|11 Rebiulahir 1448
20260923|0422|0547|1203|1528|1810|1929|12 Rebiulahir 1448
20260924|0423|0548|1203|1526|1808|1927|13 Rebiulahir 1448
20260925|0424|0549|1202|1525|1806|1925|14 Rebiulahir 1448
20260926|0425|0550|1202|1524|1804|1924|15 Rebiulahir 1448
20260927|0426|0551|1202|1523|1803|1922|16 Rebiulahir 1448
20260928|0427|0552|1201|1522|1801|1920|17 Rebiulahir 1448
20260929|0428|0553|1201|1520|1759|1918|18 Rebiulahir 1448
20260930|0429|0554|1201|1519|1758|1917|19 Rebiulahir 1448
20261001|0431|0555|1200|1518|1756|1915|20 Rebiulahir 1448
20261002|0432|0556|1200|1517|1754|1913|21 Rebiulahir 1448
20261003|0433|0557|1200|1516|1753|1911|22 Rebiulahir 1448
20261004|0434|0558|1159|1514|1751|1910|23 Rebiulahir 1448
20261005|0435|0559|1159|1513|1749|1908|24 Rebiulahir 1448
20261006|0436|0600|1159|1512|1748|1906|25 Rebiulahir 1448
20261007|0437|0601|1159|1511|1746|1905|26 Rebiulahir 1448
20261008|0438|0602|1158|1510|1745|1903|27 Rebiulahir 1448
20261009|0439|0603|1158|1508|1743|1902|28 Rebiulahir 1448
20261010|0440|0604|1158|1507|1741|1900|29 Rebiulahir 1448
20261011|0441|0605|1157|1506|1740|1858|30 Rebiulahir 1448
20261012|0442|0606|1157|1505|1738|1857|1 Cemaziyelevvel 1448
20261013|0443|0607|1157|1504|1737|1855|2 Cemaziyelevvel 1448
20261014|0444|0608|1157|1502|1735|1854|3 Cemaziyelevvel 1448
20261015|0445|0609|1156|1501|1734|1852|4 Cemaziyelevvel 1448
20261016|0446|0610|1156|1500|1732|1851|5 Cemaziyelevvel 1448
20261017|0447|0612|1156|1459|1731|1849|6 Cemaziyelevvel 1448
20261018|0448|0613|1156|1458|1729|1848|7 Cemaziyelevvel 1448
20261019|0449|0614|1156|1457|1728|1846|8 Cemaziyelevvel 1448
20261020|0451|0615|1155|1456|1726|1845|9 Cemaziyelevvel 1448
20261021|0452|0616|1155|1454|1725|1844|10 Cemaziyelevvel 1448
20261022|0453|0617|1155|1453|1723|1842|11 Cemaziyelevvel 1448
20261023|0454|0618|1155|1452|1722|1841|12 Cemaziyelevvel 1448
20261024|0455|0619|1155|1451|1720|1840|13 Cemaziyelevvel 1448
20261025|0456|0620|1155|1450|1719|1838|14 Cemaziyelevvel 1448
20261026|0457|0622|1155|1449|1718|1837|15 Cemaziyelevvel 1448
20261027|0458|0623|1154|1448|1716|1836|16 Cemaziyelevvel 1448
20261028|0459|0624|1154|1447|1715|1835|17 Cemaziyelevvel 1448
20261029|0500|0625|1154|1446|1714|1834|18 Cemaziyelevvel 1448
20261030|0501|0626|1154|1445|1712|1832|19 Cemaziyelevvel 1448
20261031|0502|0627|1154|1444|1711|1831|20 Cemaziyelevvel 1448
20261101|0503|0628|1154|1443|1710|1830|21 Cemaziyelevvel 1448
20261102|0504|0630|1154|1442|1709|1829|22 Cemaziyelevvel 1448
20261103|0505|0631|1154|1441|1707|1828|23 Cemaziyelevvel 1448
20261104|0506|0632|1154|1440|1706|1827|24 Cemaziyelevvel 1448
20261105|0507|0633|1154|1439|1705|1826|25 Cemaziyelevvel 1448
20261106|0508|0634|1154|1438|1704|1825|26 Cemaziyelevvel 1448
20261107|0509|0636|1154|1437|1703|1824|27 Cemaziyelevvel 1448
20261108|0510|0637|1154|1436|1702|1823|28 Cemaziyelevvel 1448
20261109|0511|0638|1154|1436|1701|1822|29 Cemaziyelevvel 1448
20261110|0512|0639|1154|1435|1700|1821|1 Cemaziyelahir 1448
20261111|0513|0640|1155|1434|1659|1821|2 Cemaziyelahir 1448
20261112|0514|0641|1155|1433|1658|1820|3 Cemaziyelahir 1448
20261113|0515|0643|1155|1433|1657|1819|4 Cemaziyelahir 1448
20261114|0516|0644|1155|1432|1656|1818|5 Cemaziyelahir 1448
20261115|0517|0645|1155|1431|1655|1818|6 Cemaziyelahir 1448
20261116|0518|0646|1155|1431|1654|1817|7 Cemaziyelahir 1448
20261117|0519|0647|1155|1430|1654|1816|8 Cemaziyelahir 1448
20261118|0520|0648|1156|1429|1653|1816|9 Cemaziyelahir 1448
20261119|0521|0650|1156|1429|1652|1815|10 Cemaziyelahir 1448
20261120|0522|0651|1156|1428|1651|1815|11 Cemaziyelahir 1448
20261121|0523|0652|1156|1428|1651|1814|12 Cemaziyelahir 1448
20261122|0524|0653|1157|1427|1650|1814|13 Cemaziyelahir 1448
20261123|0525|0654|1157|1427|1649|1813|14 Cemaziyelahir 1448
20261124|0526|0655|1157|1426|1649|1813|15 Cemaziyelahir 1448
20261125|0527|0656|1157|1426|1648|1812|16 Cemaziyelahir 1448
20261126|0528|0658|1158|1426|1648|1812|17 Cemaziyelahir 1448
20261127|0529|0659|1158|1425|1647|1812|18 Cemaziyelahir 1448
20261128|0530|0700|1158|1425|1647|1811|19 Cemaziyelahir 1448
20261129|0531|0701|1159|1425|1647|1811|20 Cemaziyelahir 1448
20261130|0532|0702|1159|1424|1646|1811|21 Cemaziyelahir 1448
20261201|0533|0703|1159|1424|1646|1811|22 Cemaziyelahir 1448
20261202|0533|0704|1200|1424|1646|1811|23 Cemaziyelahir 1448
20261203|0534|0705|1200|1424|1645|1811|24 Cemaziyelahir 1448
20261204|0535|0706|1201|1424|1645|1810|25 Cemaziyelahir 1448
20261205|0536|0707|1201|1424|1645|1810|26 Cemaziyelahir 1448
20261206|0537|0708|1201|1424|1645|1810|27 Cemaziyelahir 1448
20261207|0538|0709|1202|1424|1645|1810|28 Cemaziyelahir 1448
20261208|0538|0710|1202|1424|1645|1811|29 Cemaziyelahir 1448
20261209|0539|0710|1203|1424|1645|1811|30 Cemaziyelahir 1448
20261210|0540|0711|1203|1424|1645|1811|1 Recep 1448
20261211|0541|0712|1204|1424|1645|1811|2 Recep 1448
20261212|0541|0713|1204|1424|1645|1811|3 Recep 1448
20261213|0542|0714|1204|1425|1645|1811|4 Recep 1448
20261214|0543|0714|1205|1425|1645|1812|5 Recep 1448
20261215|0544|0715|1205|1425|1646|1812|6 Recep 1448
20261216|0544|0716|1206|1425|1646|1812|7 Recep 1448
20261217|0545|0717|1206|1426|1646|1813|8 Recep 1448
20261218|0545|0717|1207|1426|1647|1813|9 Recep 1448
20261219|0546|0718|1207|1426|1647|1813|10 Recep 1448
20261220|0547|0718|1208|1427|1647|1814|11 Recep 1448
20261221|0547|0719|1208|1427|1648|1814|12 Recep 1448
20261222|0548|0719|1209|1428|1648|1815|13 Recep 1448
20261223|0548|0720|1209|1428|1649|1815|14 Recep 1448
20261224|0549|0720|1210|1429|1649|1816|15 Recep 1448
20261225|0549|0721|1210|1429|1650|1816|16 Recep 1448
20261226|0549|0721|1211|1430|1651|1817|17 Recep 1448
20261227|0550|0721|1211|1431|1651|1818|18 Recep 1448
20261228|0550|0722|1212|1431|1652|1818|19 Recep 1448
20261229|0550|0722|1212|1432|1653|1819|20 Recep 1448
20261230|0551|0722|1213|1433|1653|1820|21 Recep 1448
20261231|0551|0722|1213|1433|1654|1820|22 Recep 1448
20270101|0551|0723|1214|1434|1655|1821|23 Recep 1448
20270102|0551|0723|1214|1435|1656|1822|24 Recep 1448
20270103|0551|0723|1215|1436|1657|1822|25 Recep 1448
20270104|0552|0723|1215|1437|1658|1823|26 Recep 1448
20270105|0552|0723|1216|1437|1658|1824|27 Recep 1448
20270106|0552|0723|1216|1438|1659|1825|28 Recep 1448
20270107|0552|0723|1217|1439|1700|1826|29 Recep 1448
20270108|0552|0723|1217|1440|1701|1827|30 Recep 1448
20270109|0552|0722|1217|1441|1702|1827|1 Şaban 1448
20270110|0552|0722|1218|1442|1703|1828|2 Şaban 1448
20270111|0552|0722|1218|1443|1704|1829|3 Şaban 1448
20270112|0552|0722|1219|1444|1705|1830|4 Şaban 1448
20270113|0551|0722|1219|1445|1706|1831|5 Şaban 1448
20270114|0551|0721|1219|1446|1708|1832|6 Şaban 1448
20270115|0551|0721|1220|1447|1709|1833|7 Şaban 1448
20270116|0551|0720|1220|1448|1710|1834|8 Şaban 1448
20270117|0550|0720|1220|1449|1711|1835|9 Şaban 1448
20270118|0550|0719|1221|1450|1712|1836|10 Şaban 1448
20270119|0550|0719|1221|1451|1713|1837|11 Şaban 1448
20270120|0549|0718|1221|1452|1714|1838|12 Şaban 1448
20270121|0549|0718|1222|1453|1715|1839|13 Şaban 1448
20270122|0549|0717|1222|1454|1717|1840|14 Şaban 1448
20270123|0548|0717|1222|1455|1718|1841|15 Şaban 1448
20270124|0548|0716|1222|1456|1719|1842|16 Şaban 1448
20270125|0547|0715|1223|1457|1720|1843|17 Şaban 1448
20270126|0546|0714|1223|1458|1721|1844|18 Şaban 1448
20270127|0546|0714|1223|1459|1723|1845|19 Şaban 1448
20270128|0545|0713|1223|1500|1724|1846|20 Şaban 1448
20270129|0544|0712|1224|1501|1725|1847|21 Şaban 1448
20270130|0544|0711|1224|1502|1726|1848|22 Şaban 1448
20270131|0543|0710|1224|1503|1728|1849|23 Şaban 1448
20270201|0542|0709|1224|1504|1729|1851|24 Şaban 1448
20270202|0541|0708|1224|1505|1730|1852|25 Şaban 1448
20270203|0541|0707|1224|1506|1731|1853|26 Şaban 1448
20270204|0540|0706|1224|1507|1733|1854|27 Şaban 1448
20270205|0539|0705|1224|1508|1734|1855|28 Şaban 1448
20270206|0538|0704|1225|1509|1735|1856|29 Şaban 1448
20270207|0537|0703|1225|1510|1736|1857|30 Şaban 1448
20270208|0536|0702|1225|1511|1737|1858|1 Ramazan 1448
20270209|0535|0701|1225|1512|1739|1859|2 Ramazan 1448
20270210|0534|0700|1225|1513|1740|1900|3 Ramazan 1448
20270211|0533|0658|1225|1514|1741|1901|4 Ramazan 1448
20270212|0532|0657|1225|1515|1742|1902|5 Ramazan 1448
20270213|0531|0656|1225|1516|1744|1904|6 Ramazan 1448
20270214|0530|0655|1225|1517|1745|1905|7 Ramazan 1448
20270215|0528|0653|1225|1518|1746|1906|8 Ramazan 1448
20270216|0527|0652|1225|1519|1747|1907|9 Ramazan 1448
20270217|0526|0651|1225|1520|1748|1908|10 Ramazan 1448
20270218|0525|0649|1224|1520|1750|1909|11 Ramazan 1448
20270219|0523|0648|1224|1521|1751|1910|12 Ramazan 1448
20270220|0522|0647|1224|1522|1752|1911|13 Ramazan 1448
20270221|0521|0645|1224|1523|1753|1912|14 Ramazan 1448
20270222|0519|0644|1224|1524|1754|1913|15 Ramazan 1448
20270223|0518|0642|1224|1525|1756|1915|16 Ramazan 1448
20270224|0517|0641|1224|1526|1757|1916|17 Ramazan 1448
20270225|0515|0639|1224|1526|1758|1917|18 Ramazan 1448
20270226|0514|0638|1224|1527|1759|1918|19 Ramazan 1448
20270227|0512|0637|1223|1528|1800|1919|20 Ramazan 1448
20270228|0511|0635|1223|1529|1801|1920|21 Ramazan 1448
20270301|0510|0633|1223|1530|1803|1921|22 Ramazan 1448
20270302|0508|0632|1223|1530|1804|1922|23 Ramazan 1448
20270303|0507|0630|1223|1531|1805|1923|24 Ramazan 1448
20270304|0505|0629|1222|1532|1806|1925|25 Ramazan 1448
20270305|0503|0627|1222|1533|1807|1926|26 Ramazan 1448
20270306|0502|0626|1222|1533|1808|1927|27 Ramazan 1448
20270307|0500|0624|1222|1534|1809|1928|28 Ramazan 1448
20270308|0459|0623|1221|1535|1810|1929|29 Ramazan 1448
20270309|0457|0621|1221|1535|1812|1930|1 Şevval 1448
20270310|0455|0619|1221|1536|1813|1931|2 Şevval 1448
20270311|0454|0618|1221|1537|1814|1932|3 Şevval 1448
20270312|0452|0616|1220|1537|1815|1934|4 Şevval 1448
20270313|0450|0615|1220|1538|1816|1935|5 Şevval 1448
20270314|0449|0613|1220|1539|1817|1936|6 Şevval 1448
20270315|0447|0611|1220|1539|1818|1937|7 Şevval 1448
20270316|0445|0610|1219|1540|1819|1938|8 Şevval 1448
20270317|0444|0608|1219|1540|1820|1939|9 Şevval 1448
20270318|0442|0606|1219|1541|1821|1940|10 Şevval 1448
20270319|0440|0605|1219|1541|1822|1942|11 Şevval 1448
20270320|0438|0603|1218|1542|1823|1943|12 Şevval 1448
20270321|0436|0601|1218|1542|1825|1944|13 Şevval 1448
20270322|0435|0600|1218|1543|1826|1945|14 Şevval 1448
20270323|0433|0558|1217|1544|1827|1946|15 Şevval 1448
20270324|0431|0556|1217|1544|1828|1948|16 Şevval 1448
20270325|0429|0555|1217|1544|1829|1949|17 Şevval 1448
20270326|0427|0553|1216|1545|1830|1950|18 Şevval 1448
20270327|0426|0551|1216|1545|1831|1951|19 Şevval 1448
20270328|0424|0550|1216|1546|1832|1952|20 Şevval 1448
20270329|0422|0548|1216|1546|1833|1954|21 Şevval 1448
20270330|0420|0546|1215|1547|1834|1955|22 Şevval 1448
20270331|0418|0545|1215|1547|1835|1956|23 Şevval 1448
20270401|0416|0543|1215|1548|1836|1957|24 Şevval 1448
20270402|0414|0541|1214|1548|1837|1959|25 Şevval 1448
20270403|0412|0540|1214|1549|1838|2000|26 Şevval 1448
20270404|0411|0538|1214|1549|1839|2001|27 Şevval 1448
20270405|0409|0537|1213|1549|1840|2002|28 Şevval 1448
20270406|0407|0535|1213|1550|1841|2004|29 Şevval 1448
20270407|0405|0533|1213|1550|1842|2005|30 Şevval 1448
20270408|0403|0532|1213|1550|1844|2006|1 Zilkade 1448
20270409|0401|0530|1212|1551|1845|2008|2 Zilkade 1448
20270410|0359|0529|1212|1551|1846|2009|3 Zilkade 1448
20270411|0357|0527|1212|1552|1847|2010|4 Zilkade 1448
20270412|0355|0525|1212|1552|1848|2012|5 Zilkade 1448
20270413|0353|0524|1211|1552|1849|2013|6 Zilkade 1448
20270414|0352|0522|1211|1553|1850|2014|7 Zilkade 1448
20270415|0350|0521|1211|1553|1851|2016|8 Zilkade 1448
20270416|0348|0519|1211|1553|1852|2017|9 Zilkade 1448
20270417|0346|0518|1210|1554|1853|2019|10 Zilkade 1448
20270418|0344|0516|1210|1554|1854|2020|11 Zilkade 1448
20270419|0342|0515|1210|1554|1855|2021|12 Zilkade 1448
20270420|0340|0513|1210|1555|1856|2023|13 Zilkade 1448
20270421|0338|0512|1209|1555|1857|2024|14 Zilkade 1448
20270422|0336|0510|1209|1555|1858|2026|15 Zilkade 1448
20270423|0335|0509|1209|1555|1859|2027|16 Zilkade 1448
20270424|0333|0507|1209|1556|1900|2028|17 Zilkade 1448
20270425|0331|0506|1209|1556|1901|2030|18 Zilkade 1448
20270426|0329|0505|1208|1556|1902|2031|19 Zilkade 1448
20270427|0327|0503|1208|1557|1903|2033|20 Zilkade 1448
20270428|0325|0502|1208|1557|1904|2034|21 Zilkade 1448
20270429|0324|0501|1208|1557|1906|2036|22 Zilkade 1448
20270430|0322|0459|1208|1557|1907|2037|23 Zilkade 1448
20270501|0320|0458|1208|1558|1908|2039|24 Zilkade 1448
20270502|0318|0457|1208|1558|1909|2040|25 Zilkade 1448
20270503|0316|0455|1208|1558|1910|2042|26 Zilkade 1448
20270504|0315|0454|1207|1559|1911|2043|27 Zilkade 1448
20270505|0313|0453|1207|1559|1912|2045|28 Zilkade 1448
20270506|0311|0452|1207|1559|1913|2046|29 Zilkade 1448
20270507|0310|0451|1207|1559|1914|2048|1 Zilhicce 1448
20270508|0308|0449|1207|1600|1915|2049|2 Zilhicce 1448
20270509|0306|0448|1207|1600|1916|2051|3 Zilhicce 1448
20270510|0305|0447|1207|1600|1917|2052|4 Zilhicce 1448
20270511|0303|0446|1207|1601|1918|2054|5 Zilhicce 1448
20270512|0301|0445|1207|1601|1919|2055|6 Zilhicce 1448
20270513|0300|0444|1207|1601|1920|2057|7 Zilhicce 1448
20270514|0258|0443|1207|1601|1921|2058|8 Zilhicce 1448
20270515|0257|0442|1207|1602|1922|2100|9 Zilhicce 1448
20270516|0255|0441|1207|1602|1923|2101|10 Zilhicce 1448
20270517|0254|0440|1207|1602|1924|2103|11 Zilhicce 1448
20270518|0252|0439|1207|1602|1925|2104|12 Zilhicce 1448
20270519|0251|0438|1207|1603|1926|2106|13 Zilhicce 1448
20270520|0249|0438|1207|1603|1927|2107|14 Zilhicce 1448
20270521|0248|0437|1207|1603|1928|2108|15 Zilhicce 1448
20270522|0247|0436|1207|1604|1928|2110|16 Zilhicce 1448
20270523|0245|0435|1207|1604|1929|2111|17 Zilhicce 1448
20270524|0244|0434|1207|1604|1930|2113|18 Zilhicce 1448
20270525|0243|0434|1207|1604|1931|2114|19 Zilhicce 1448
20270526|0242|0433|1208|1605|1932|2115|20 Zilhicce 1448
20270527|0241|0432|1208|1605|1933|2116|21 Zilhicce 1448
20270528|0239|0432|1208|1605|1934|2118|22 Zilhicce 1448
20270529|0238|0431|1208|1606|1935|2119|23 Zilhicce 1448
20270530|0237|0431|1208|1606|1935|2120|24 Zilhicce 1448
20270531|0236|0430|1208|1606|1936|2121|25 Zilhicce 1448
20270601|0235|0430|1208|1606|1937|2123|26 Zilhicce 1448
20270602|0235|0429|1208|1607|1938|2124|27 Zilhicce 1448
20270603|0234|0429|1209|1607|1938|2125|28 Zilhicce 1448
20270604|0233|0429|1209|1607|1939|2126|29 Zilhicce 1448
20270605|0232|0428|1209|1607|1940|2127|30 Zilhicce 1448
20270606|0231|0428|1209|1608|1940|2128|1 Muharrem 1449
20270607|0231|0428|1209|1608|1941|2129|2 Muharrem 1449
20270608|0230|0427|1209|1608|1942|2130|3 Muharrem 1449
20270609|0230|0427|1210|1609|1942|2131|4 Muharrem 1449
20270610|0229|0427|1210|1609|1943|2132|5 Muharrem 1449
20270611|0229|0427|1210|1609|1943|2132|6 Muharrem 1449
20270612|0228|0427|1210|1609|1944|2133|7 Muharrem 1449
20270613|0228|0427|1210|1610|1944|2134|8 Muharrem 1449
20270614|0228|0427|1211|1610|1945|2134|9 Muharrem 1449
20270615|0228|0427|1211|1610|1945|2135|10 Muharrem 1449
20270616|0228|0427|1211|1610|1946|2136|11 Muharrem 1449
20270617|0227|0427|1211|1611|1946|2136|12 Muharrem 1449
20270618|0227|0427|1212|1611|1946|2136|13 Muharrem 1449
20270619|0227|0427|1212|1611|1947|2137|14 Muharrem 1449
20270620|0228|0427|1212|1611|1947|2137|15 Muharrem 1449
20270621|0228|0427|1212|1612|1947|2137|16 Muharrem 1449
20270622|0228|0428|1212|1612|1947|2138|17 Muharrem 1449
20270623|0228|0428|1213|1612|1948|2138|18 Muharrem 1449
20270624|0229|0428|1213|1612|1948|2138|19 Muharrem 1449
20270625|0229|0428|1213|1612|1948|2138|20 Muharrem 1449
20270626|0229|0429|1213|1613|1948|2138|21 Muharrem 1449
20270627|0230|0429|1214|1613|1948|2138|22 Muharrem 1449
20270628|0230|0429|1214|1613|1948|2138|23 Muharrem 1449
20270629|0231|0430|1214|1613|1948|2138|24 Muharrem 1449
20270630|0232|0430|1214|1613|1948|2137|25 Muharrem 1449
20270701|0232|0431|1214|1613|1948|2137|26 Muharrem 1449
20270702|0233|0431|1215|1614|1948|2137|27 Muharrem 1449
20270703|0234|0432|1215|1614|1948|2136|28 Muharrem 1449
20270704|0235|0432|1215|1614|1947|2136|29 Muharrem 1449
20270705|0236|0433|1215|1614|1947|2136|1 Safer 1449
20270706|0237|0434|1215|1614|1947|2135|2 Safer 1449
20270707|0238|0434|1215|1614|1947|2134|3 Safer 1449
20270708|0239|0435|1216|1614|1946|2134|4 Safer 1449
20270709|0240|0435|1216|1614|1946|2133|5 Safer 1449
20270710|0241|0436|1216|1614|1946|2132|6 Safer 1449
20270711|0242|0437|1216|1614|1945|2132|7 Safer 1449
20270712|0243|0438|1216|1614|1945|2131|8 Safer 1449
20270713|0244|0438|1216|1614|1944|2130|9 Safer 1449
20270714|0245|0439|1216|1614|1944|2129|10 Safer 1449
20270715|0247|0440|1216|1614|1943|2128|11 Safer 1449
20270716|0248|0441|1217|1614|1943|2127|12 Safer 1449
20270717|0249|0441|1217|1614|1942|2126|13 Safer 1449
20270718|0251|0442|1217|1614|1941|2125|14 Safer 1449
20270719|0252|0443|1217|1614|1941|2124|15 Safer 1449
20270720|0253|0444|1217|1614|1940|2122|16 Safer 1449
20270721|0255|0445|1217|1614|1939|2121|17 Safer 1449
20270722|0256|0446|1217|1613|1939|2120|18 Safer 1449
20270723|0257|0446|1217|1613|1938|2119|19 Safer 1449
20270724|0259|0447|1217|1613|1937|2117|20 Safer 1449
20270725|0300|0448|1217|1613|1936|2116|21 Safer 1449
20270726|0302|0449|1217|1613|1935|2115|22 Safer 1449
20270727|0303|0450|1217|1612|1934|2113|23 Safer 1449
20270728|0305|0451|1217|1612|1933|2112|24 Safer 1449
20270729|0306|0452|1217|1612|1932|2110|25 Safer 1449
20270730|0308|0453|1217|1612|1931|2109|26 Safer 1449
20270731|0309|0454|1217|1611|1930|2107|27 Safer 1449
20270801|0311|0455|1217|1611|1929|2106|28 Safer 1449
20270802|0312|0456|1217|1611|1928|2104|29 Safer 1449
20270803|0314|0457|1217|1610|1927|2103|1 Rebiulevvel 1449
20270804|0315|0458|1217|1610|1926|2101|2 Rebiulevvel 1449
20270805|0317|0458|1217|1609|1925|2059|3 Rebiulevvel 1449
20270806|0318|0459|1217|1609|1924|2058|4 Rebiulevvel 1449
20270807|0320|0500|1216|1609|1922|2056|5 Rebiulevvel 1449
20270808|0321|0501|1216|1608|1921|2054|6 Rebiulevvel 1449
20270809|0323|0502|1216|1608|1920|2053|7 Rebiulevvel 1449
20270810|0324|0503|1216|1607|1919|2051|8 Rebiulevvel 1449
20270811|0326|0504|1216|1607|1917|2049|9 Rebiulevvel 1449
20270812|0327|0505|1216|1606|1916|2048|10 Rebiulevvel 1449
20270813|0329|0506|1216|1605|1915|2046|11 Rebiulevvel 1449
20270814|0330|0507|1215|1605|1914|2044|12 Rebiulevvel 1449
20270815|0332|0508|1215|1604|1912|2042|13 Rebiulevvel 1449
20270816|0333|0509|1215|1604|1911|2040|14 Rebiulevvel 1449
20270817|0334|0510|1215|1603|1909|2039|15 Rebiulevvel 1449
20270818|0336|0511|1215|1602|1908|2037|16 Rebiulevvel 1449
20270819|0337|0512|1214|1602|1907|2035|17 Rebiulevvel 1449
20270820|0339|0513|1214|1601|1905|2033|18 Rebiulevvel 1449
20270821|0340|0514|1214|1600|1904|2031|19 Rebiulevvel 1449
20270822|0342|0515|1214|1559|1902|2029|20 Rebiulevvel 1449
20270823|0343|0516|1213|1559|1901|2028|21 Rebiulevvel 1449
20270824|0344|0517|1213|1558|1859|2026|22 Rebiulevvel 1449
20270825|0346|0518|1213|1557|1858|2024|23 Rebiulevvel 1449
20270826|0347|0519|1213|1556|1856|2022|24 Rebiulevvel 1449
20270827|0348|0520|1212|1555|1855|2020|25 Rebiulevvel 1449
20270828|0350|0521|1212|1555|1853|2018|26 Rebiulevvel 1449
20270829|0351|0522|1212|1554|1851|2016|27 Rebiulevvel 1449
20270830|0352|0523|1211|1553|1850|2014|28 Rebiulevvel 1449
20270831|0354|0524|1211|1552|1848|2012|29 Rebiulevvel 1449
20270901|0355|0525|1211|1551|1847|2011|30 Rebiulevvel 1449
20270902|0356|0526|1210|1550|1845|2009|1 Rebiulahir 1449
20270903|0358|0527|1210|1549|1843|2007|2 Rebiulahir 1449
20270904|0359|0528|1210|1548|1842|2005|3 Rebiulahir 1449
20270905|0400|0529|1209|1547|1840|2003|4 Rebiulahir 1449
20270906|0401|0530|1209|1546|1839|2001|5 Rebiulahir 1449
20270907|0403|0531|1209|1545|1837|1959|6 Rebiulahir 1449
20270908|0404|0532|1208|1544|1835|1957|7 Rebiulahir 1449
20270909|0405|0533|1208|1543|1834|1955|8 Rebiulahir 1449
20270910|0406|0534|1208|1542|1832|1953|9 Rebiulahir 1449
20270911|0408|0535|1207|1541|1830|1952|10 Rebiulahir 1449
20270912|0409|0536|1207|1540|1829|1950|11 Rebiulahir 1449
20270913|0410|0537|1207|1539|1827|1948|12 Rebiulahir 1449
20270914|0411|0538|1206|1538|1825|1946|13 Rebiulahir 1449
20270915|0412|0539|1206|1537|1823|1944|14 Rebiulahir 1449
20270916|0414|0540|1206|1536|1822|1942|15 Rebiulahir 1449
20270917|0415|0541|1205|1535|1820|1940|16 Rebiulahir 1449
20270918|0416|0542|1205|1534|1818|1938|17 Rebiulahir 1449
20270919|0417|0543|1205|1532|1817|1937|18 Rebiulahir 1449
20270920|0418|0544|1204|1531|1815|1935|19 Rebiulahir 1449
20270921|0419|0544|1204|1530|1813|1933|20 Rebiulahir 1449
20270922|0420|0545|1204|1529|1812|1931|21 Rebiulahir 1449
20270923|0422|0546|1203|1528|1810|1929|22 Rebiulahir 1449
20270924|0423|0547|1203|1527|1808|1928|23 Rebiulahir 1449
20270925|0424|0548|1202|1525|1807|1926|24 Rebiulahir 1449
20270926|0425|0549|1202|1524|1805|1924|25 Rebiulahir 1449
20270927|0426|0550|1202|1523|1803|1922|26 Rebiulahir 1449
20270928|0427|0551|1201|1522|1801|1920|27 Rebiulahir 1449
20270929|0428|0552|1201|1521|1800|1919|28 Rebiulahir 1449
20270930|0429|0553|1201|1520|1758|1917|29 Rebiulahir 1449
20271001|0430|0554|1200|1518|1756|1915|1 Cemaziyelevvel 1449
20271002|0431|0555|1200|1517|1755|1914|2 Cemaziyelevvel 1449
20271003|0432|0556|1200|1516|1753|1912|3 Cemaziyelevvel 1449
20271004|0434|0558|1159|1515|1751|1910|4 Cemaziyelevvel 1449
20271005|0435|0559|1159|1514|1750|1908|5 Cemaziyelevvel 1449
20271006|0436|0600|1159|1512|1748|1907|6 Cemaziyelevvel 1449
20271007|0437|0601|1159|1511|1747|1905|7 Cemaziyelevvel 1449
20271008|0438|0602|1158|1510|1745|1904|8 Cemaziyelevvel 1449
20271009|0439|0603|1158|1509|1743|1902|9 Cemaziyelevvel 1449
20271010|0440|0604|1158|1508|1742|1900|10 Cemaziyelevvel 1449
20271011|0441|0605|1157|1506|1740|1859|11 Cemaziyelevvel 1449
20271012|0442|0606|1157|1505|1739|1857|12 Cemaziyelevvel 1449
20271013|0443|0607|1157|1504|1737|1856|13 Cemaziyelevvel 1449
20271014|0444|0608|1157|1503|1735|1854|14 Cemaziyelevvel 1449
20271015|0445|0609|1156|1502|1734|1853|15 Cemaziyelevvel 1449
20271016|0446|0610|1156|1500|1732|1851|16 Cemaziyelevvel 1449
20271017|0447|0611|1156|1459|1731|1850|17 Cemaziyelevvel 1449
20271018|0448|0612|1156|1458|1729|1848|18 Cemaziyelevvel 1449
20271019|0449|0613|1156|1457|1728|1847|19 Cemaziyelevvel 1449
20271020|0450|0615|1155|1456|1726|1845|20 Cemaziyelevvel 1449
20271021|0451|0616|1155|1455|1725|1844|21 Cemaziyelevvel 1449
20271022|0452|0617|1155|1454|1724|1843|22 Cemaziyelevvel 1449
20271023|0453|0618|1155|1452|1722|1841|23 Cemaziyelevvel 1449
20271024|0454|0619|1155|1451|1721|1840|24 Cemaziyelevvel 1449
20271025|0455|0620|1155|1450|1719|1839|25 Cemaziyelevvel 1449
20271026|0456|0621|1155|1449|1718|1837|26 Cemaziyelevvel 1449
20271027|0457|0622|1154|1448|1717|1836|27 Cemaziyelevvel 1449
20271028|0459|0624|1154|1447|1715|1835|28 Cemaziyelevvel 1449
20271029|0500|0625|1154|1446|1714|1834|29 Cemaziyelevvel 1449
20271030|0501|0626|1154|1445|1713|1833|30 Cemaziyelevvel 1449
20271031|0502|0627|1154|1444|1711|1832|1 Cemaziyelahir 1449
20271101|0503|0628|1154|1443|1710|1830|2 Cemaziyelahir 1449
20271102|0504|0629|1154|1442|1709|1829|3 Cemaziyelahir 1449
20271103|0505|0631|1154|1441|1708|1828|4 Cemaziyelahir 1449
20271104|0506|0632|1154|1440|1707|1827|5 Cemaziyelahir 1449
20271105|0507|0633|1154|1439|1705|1826|6 Cemaziyelahir 1449
20271106|0508|0634|1154|1438|1704|1825|7 Cemaziyelahir 1449
20271107|0509|0635|1154|1438|1703|1824|8 Cemaziyelahir 1449
20271108|0510|0636|1154|1437|1702|1823|9 Cemaziyelahir 1449
20271109|0511|0638|1154|1436|1701|1822|10 Cemaziyelahir 1449
20271110|0512|0639|1154|1435|1700|1822|11 Cemaziyelahir 1449
20271111|0513|0640|1154|1434|1659|1821|12 Cemaziyelahir 1449
20271112|0514|0641|1155|1433|1658|1820|13 Cemaziyelahir 1449
20271113|0515|0642|1155|1433|1657|1819|14 Cemaziyelahir 1449
20271114|0516|0643|1155|1432|1656|1818|15 Cemaziyelahir 1449
20271115|0517|0645|1155|1431|1655|1818|16 Cemaziyelahir 1449
20271116|0518|0646|1155|1431|1655|1817|17 Cemaziyelahir 1449
20271117|0519|0647|1155|1430|1654|1816|18 Cemaziyelahir 1449
20271118|0520|0648|1156|1429|1653|1816|19 Cemaziyelahir 1449
20271119|0521|0649|1156|1429|1652|1815|20 Cemaziyelahir 1449
20271120|0522|0650|1156|1428|1652|1815|21 Cemaziyelahir 1449
20271121|0523|0652|1156|1428|1651|1814|22 Cemaziyelahir 1449
20271122|0524|0653|1156|1427|1650|1814|23 Cemaziyelahir 1449
20271123|0525|0654|1157|1427|1650|1813|24 Cemaziyelahir 1449
20271124|0526|0655|1157|1426|1649|1813|25 Cemaziyelahir 1449
20271125|0527|0656|1157|1426|1648|1812|26 Cemaziyelahir 1449
20271126|0528|0657|1158|1426|1648|1812|27 Cemaziyelahir 1449
20271127|0529|0658|1158|1425|1648|1812|28 Cemaziyelahir 1449
20271128|0530|0659|1158|1425|1647|1811|29 Cemaziyelahir 1449
20271129|0531|0700|1159|1425|1647|1811|1 Recep 1449
20271130|0531|0702|1159|1425|1646|1811|2 Recep 1449
20271201|0532|0703|1159|1424|1646|1811|3 Recep 1449
20271202|0533|0704|1200|1424|1646|1811|4 Recep 1449
20271203|0534|0705|1200|1424|1646|1811|5 Recep 1449
20271204|0535|0706|1200|1424|1645|1811|6 Recep 1449
20271205|0536|0707|1201|1424|1645|1810|7 Recep 1449
20271206|0537|0708|1201|1424|1645|1810|8 Recep 1449
20271207|0537|0708|1202|1424|1645|1810|9 Recep 1449
20271208|0538|0709|1202|1424|1645|1811|10 Recep 1449
20271209|0539|0710|1203|1424|1645|1811|11 Recep 1449
20271210|0540|0711|1203|1424|1645|1811|12 Recep 1449
20271211|0541|0712|1203|1424|1645|1811|13 Recep 1449
20271212|0541|0713|1204|1424|1645|1811|14 Recep 1449
20271213|0542|0714|1204|1424|1645|1811|15 Recep 1449
20271214|0543|0714|1205|1425|1645|1812|16 Recep 1449
20271215|0543|0715|1205|1425|1646|1812|17 Recep 1449
20271216|0544|0716|1206|1425|1646|1812|18 Recep 1449
20271217|0545|0716|1206|1426|1646|1812|19 Recep 1449
20271218|0545|0717|1207|1426|1647|1813|20 Recep 1449
20271219|0546|0718|1207|1426|1647|1813|21 Recep 1449
20271220|0546|0718|1208|1427|1647|1814|22 Recep 1449
20271221|0547|0719|1208|1427|1648|1814|23 Recep 1449
20271222|0547|0719|1209|1428|1648|1815|24 Recep 1449
20271223|0548|0720|1209|1428|1649|1815|25 Recep 1449
20271224|0548|0720|1210|1429|1649|1816|26 Recep 1449
20271225|0549|0721|1210|1429|1650|1816|27 Recep 1449
20271226|0549|0721|1211|1430|1650|1817|28 Recep 1449
20271227|0550|0721|1211|1431|1651|1817|29 Recep 1449
20271228|0550|0722|1212|1431|1652|1818|30 Recep 1449
20271229|0550|0722|1212|1432|1652|1819|1 Şaban 1449
20271230|0551|0722|1213|1433|1653|1819|2 Şaban 1449
20271231|0551|0722|1213|1433|1654|1820|3 Şaban 1449
#@9591|Arpaçay|KARS|730
20260101|0552|0724|1215|1435|1656|1822|12 Recep 1447
20260102|0553|0724|1215|1436|1657|1823|13 Recep 1447
20260103|0553|0724|1216|1437|1658|1824|14 Recep 1447
20260104|0553|0724|1216|1438|1659|1824|15 Recep 1447
20260105|0553|0724|1217|1438|1659|1825|16 Recep 1447
20260106|0553|0724|1217|1439|1700|1826|17 Recep 1447
20260107|0553|0724|1218|1440|1701|1827|18 Recep 1447
20260108|0553|0724|1218|1441|1702|1828|19 Recep 1447
20260109|0553|0724|1219|1442|1703|1829|20 Recep 1447
20260110|0553|0724|1219|1443|1704|1830|21 Recep 1447
20260111|0553|0723|1219|1444|1705|1830|22 Recep 1447
20260112|0553|0723|1220|1445|1706|1831|23 Recep 1447
20260113|0553|0723|1220|1446|1708|1832|24 Recep 1447
20260114|0552|0723|1221|1447|1709|1833|25 Recep 1447
20260115|0552|0722|1221|1448|1710|1834|26 Recep 1447
20260116|0552|0722|1221|1449|1711|1835|27 Recep 1447
20260117|0552|0721|1222|1450|1712|1836|28 Recep 1447
20260118|0551|0721|1222|1451|1713|1837|29 Recep 1447
20260119|0551|0720|1222|1452|1714|1838|30 Recep 1447
20260120|0551|0720|1223|1453|1715|1839|1 Şaban 1447
20260121|0550|0719|1223|1454|1717|1840|2 Şaban 1447
20260122|0550|0718|1223|1455|1718|1841|3 Şaban 1447
20260123|0549|0718|1223|1456|1719|1842|4 Şaban 1447
20260124|0549|0717|1224|1457|1720|1843|5 Şaban 1447
20260125|0548|0716|1224|1458|1721|1844|6 Şaban 1447
20260126|0547|0716|1224|1459|1723|1845|7 Şaban 1447
20260127|0547|0715|1224|1500|1724|1846|8 Şaban 1447
20260128|0546|0714|1225|1501|1725|1848|9 Şaban 1447
20260129|0545|0713|1225|1502|1726|1849|10 Şaban 1447
20260130|0545|0712|1225|1503|1728|1850|11 Şaban 1447
20260131|0544|0711|1225|1504|1729|1851|12 Şaban 1447
20260201|0543|0710|1225|1505|1730|1852|13 Şaban 1447
20260202|0542|0709|1225|1506|1731|1853|14 Şaban 1447
20260203|0542|0708|1225|1507|1733|1854|15 Şaban 1447
20260204|0541|0707|1226|1508|1734|1855|16 Şaban 1447
20260205|0540|0706|1226|1509|1735|1856|17 Şaban 1447
20260206|0539|0705|1226|1510|1736|1857|18 Şaban 1447
20260207|0538|0704|1226|1511|1737|1858|19 Şaban 1447
20260208|0537|0703|1226|1512|1739|1859|20 Şaban 1447
20260209|0536|0702|1226|1513|1740|1901|21 Şaban 1447
20260210|0535|0701|1226|1514|1741|1902|22 Şaban 1447
20260211|0534|0659|1226|1515|1742|1903|23 Şaban 1447
20260212|0533|0658|1226|1516|1744|1904|24 Şaban 1447
20260213|0532|0657|1226|1517|1745|1905|25 Şaban 1447
20260214|0530|0656|1226|1518|1746|1906|26 Şaban 1447
20260215|0529|0654|1226|1519|1747|1907|27 Şaban 1447
20260216|0528|0653|1226|1520|1749|1908|28 Şaban 1447
20260217|0527|0652|1226|1521|1750|1909|29 Şaban 1447
20260218|0526|0650|1226|1522|1751|1910|30 Şaban 1447
20260219|0524|0649|1226|1523|1752|1912|1 Ramazan 1447
20260220|0523|0648|1225|1523|1753|1913|2 Ramazan 1447
20260221|0522|0646|1225|1524|1755|1914|3 Ramazan 1447
20260222|0520|0645|1225|1525|1756|1915|4 Ramazan 1447
20260223|0519|0643|1225|1526|1757|1916|5 Ramazan 1447
20260224|0518|0642|1225|1527|1758|1917|6 Ramazan 1447
20260225|0516|0640|1225|1528|1759|1918|7 Ramazan 1447
20260226|0515|0639|1225|1528|1800|1919|8 Ramazan 1447
20260227|0513|0637|1224|1529|1802|1920|9 Ramazan 1447
20260228|0512|0636|1224|1530|1803|1922|10 Ramazan 1447
20260301|0510|0634|1224|1531|1804|1923|11 Ramazan 1447
20260302|0509|0633|1224|1532|1805|1924|12 Ramazan 1447
20260303|0507|0631|1224|1532|1806|1925|13 Ramazan 1447
20260304|0506|0630|1223|1533|1807|1926|14 Ramazan 1447
20260305|0504|0628|1223|1534|1808|1927|15 Ramazan 1447
20260306|0503|0627|1223|1534|1810|1928|16 Ramazan 1447
20260307|0501|0625|1223|1535|1811|1929|17 Ramazan 1447
20260308|0459|0623|1223|1536|1812|1931|18 Ramazan 1447
20260309|0458|0622|1222|1537|1813|1932|19 Ramazan 1447
20260310|0456|0620|1222|1537|1814|1933|20 Ramazan 1447
20260311|0454|0619|1222|1538|1815|1934|21 Ramazan 1447
20260312|0453|0617|1222|1538|1816|1935|22 Ramazan 1447
20260313|0451|0615|1221|1539|1817|1936|23 Ramazan 1447
20260314|0449|0614|1221|1540|1818|1937|24 Ramazan 1447
20260315|0448|0612|1221|1540|1819|1939|25 Ramazan 1447
20260316|0446|0610|1220|1541|1821|1940|26 Ramazan 1447
20260317|0444|0609|1220|1541|1822|1941|27 Ramazan 1447
20260318|0442|0607|1220|1542|1823|1942|28 Ramazan 1447
20260319|0441|0605|1220|1543|1824|1943|29 Ramazan 1447
20260320|0439|0604|1219|1543|1825|1944|1 Şevval 1447
20260321|0437|0602|1219|1544|1826|1946|2 Şevval 1447
20260322|0435|0600|1219|1544|1827|1947|3 Şevval 1447
20260323|0433|0559|1218|1545|1828|1948|4 Şevval 1447
20260324|0432|0557|1218|1545|1829|1949|5 Şevval 1447
20260325|0430|0555|1218|1546|1830|1950|6 Şevval 1447
20260326|0428|0554|1218|1546|1831|1952|7 Şevval 1447
20260327|0426|0552|1217|1547|1832|1953|8 Şevval 1447
20260328|0424|0550|1217|1547|1833|1954|9 Şevval 1447
20260329|0422|0549|1217|1548|1834|1955|10 Şevval 1447
20260330|0420|0547|1216|1548|1836|1957|11 Şevval 1447
20260331|0419|0545|1216|1549|1837|1958|12 Şevval 1447
20260401|0417|0544|1216|1549|1838|1959|13 Şevval 1447
20260402|0415|0542|1215|1549|1839|2000|14 Şevval 1447
20260403|0413|0541|1215|1550|1840|2002|15 Şevval 1447
20260404|0411|0539|1215|1550|1841|2003|16 Şevval 1447
20260405|0409|0537|1215|1551|1842|2004|17 Şevval 1447
20260406|0407|0536|1214|1551|1843|2005|18 Şevval 1447
20260407|0405|0534|1214|1551|1844|2007|19 Şevval 1447
20260408|0403|0532|1214|1552|1845|2008|20 Şevval 1447
20260409|0402|0531|1213|1552|1846|2009|21 Şevval 1447
20260410|0400|0529|1213|1552|1847|2011|22 Şevval 1447
20260411|0358|0528|1213|1553|1848|2012|23 Şevval 1447
20260412|0356|0526|1213|1553|1849|2013|24 Şevval 1447
20260413|0354|0524|1212|1554|1850|2015|25 Şevval 1447
20260414|0352|0523|1212|1554|1851|2016|26 Şevval 1447
20260415|0350|0521|1212|1554|1852|2018|27 Şevval 1447
20260416|0348|0520|1212|1555|1853|2019|28 Şevval 1447
20260417|0346|0518|1211|1555|1854|2020|29 Şevval 1447
20260418|0344|0517|1211|1555|1856|2022|1 Zilkade 1447
20260419|0342|0515|1211|1556|1857|2023|2 Zilkade 1447
20260420|0341|0514|1211|1556|1858|2025|3 Zilkade 1447
20260421|0339|0512|1211|1556|1859|2026|4 Zilkade 1447
20260422|0337|0511|1210|1556|1900|2027|5 Zilkade 1447
20260423|0335|0509|1210|1557|1901|2029|6 Zilkade 1447
20260424|0333|0508|1210|1557|1902|2030|7 Zilkade 1447
20260425|0331|0507|1210|1557|1903|2032|8 Zilkade 1447
20260426|0329|0505|1210|1558|1904|2033|9 Zilkade 1447
20260427|0327|0504|1209|1558|1905|2035|10 Zilkade 1447
20260428|0326|0502|1209|1558|1906|2036|11 Zilkade 1447
20260429|0324|0501|1209|1559|1907|2038|12 Zilkade 1447
20260430|0322|0500|1209|1559|1908|2039|13 Zilkade 1447
20260501|0320|0459|1209|1559|1909|2041|14 Zilkade 1447
20260502|0318|0457|1209|1559|1910|2042|15 Zilkade 1447
20260503|0317|0456|1209|1600|1911|2044|16 Zilkade 1447
20260504|0315|0455|1209|1600|1912|2045|17 Zilkade 1447
20260505|0313|0454|1208|1600|1913|2047|18 Zilkade 1447
20260506|0311|0452|1208|1601|1914|2048|19 Zilkade 1447
20260507|0310|0451|1208|1601|1915|2050|20 Zilkade 1447
20260508|0308|0450|1208|1601|1916|2051|21 Zilkade 1447
20260509|0306|0449|1208|1601|1918|2053|22 Zilkade 1447
20260510|0305|0448|1208|1602|1919|2054|23 Zilkade 1447
20260511|0303|0447|1208|1602|1920|2056|24 Zilkade 1447
20260512|0301|0446|1208|1602|1921|2057|25 Zilkade 1447
20260513|0300|0445|1208|1602|1922|2059|26 Zilkade 1447
20260514|0258|0444|1208|1603|1923|2100|27 Zilkade 1447
20260515|0257|0443|1208|1603|1924|2102|28 Zilkade 1447
20260516|0255|0442|1208|1603|1924|2103|29 Zilkade 1447
20260517|0254|0441|1208|1604|1925|2105|30 Zilkade 1447
20260518|0252|0440|1208|1604|1926|2106|1 Zilhicce 1447
20260519|0251|0439|1208|1604|1927|2108|2 Zilhicce 1447
20260520|0250|0438|1208|1604|1928|2109|3 Zilhicce 1447
20260521|0248|0437|1208|1605|1929|2110|4 Zilhicce 1447
20260522|0247|0437|1208|1605|1930|2112|5 Zilhicce 1447
20260523|0246|0436|1208|1605|1931|2113|6 Zilhicce 1447
20260524|0244|0435|1209|1606|1932|2115|7 Zilhicce 1447
20260525|0243|0434|1209|1606|1933|2116|8 Zilhicce 1447
20260526|0242|0434|1209|1606|1934|2117|9 Zilhicce 1447
20260527|0241|0433|1209|1606|1935|2119|10 Zilhicce 1447
20260528|0240|0433|1209|1607|1935|2120|11 Zilhicce 1447
20260529|0239|0432|1209|1607|1936|2121|12 Zilhicce 1447
20260530|0238|0431|1209|1607|1937|2122|13 Zilhicce 1447
20260531|0237|0431|1209|1608|1938|2124|14 Zilhicce 1447
20260601|0236|0431|1209|1608|1938|2125|15 Zilhicce 1447
20260602|0235|0430|1210|1608|1939|2126|16 Zilhicce 1447
20260603|0234|0430|1210|1608|1940|2127|17 Zilhicce 1447
20260604|0233|0429|1210|1609|1941|2128|18 Zilhicce 1447
20260605|0232|0429|1210|1609|1941|2129|19 Zilhicce 1447
20260606|0232|0429|1210|1609|1942|2130|20 Zilhicce 1447
20260607|0231|0428|1211|1609|1943|2131|21 Zilhicce 1447
20260608|0230|0428|1211|1610|1943|2132|22 Zilhicce 1447
20260609|0230|0428|1211|1610|1944|2133|23 Zilhicce 1447
20260610|0229|0428|1211|1610|1944|2134|24 Zilhicce 1447
20260611|0229|0428|1211|1611|1945|2134|25 Zilhicce 1447
20260612|0229|0428|1211|1611|1945|2135|26 Zilhicce 1447
20260613|0228|0428|1212|1611|1946|2136|27 Zilhicce 1447
20260614|0228|0428|1212|1611|1946|2136|28 Zilhicce 1447
20260615|0228|0428|1212|1612|1947|2137|29 Zilhicce 1447
20260616|0228|0428|1212|1612|1947|2138|1 Muharrem 1448
20260617|0228|0428|1213|1612|1948|2138|2 Muharrem 1448
20260618|0228|0428|1213|1612|1948|2138|3 Muharrem 1448
20260619|0228|0428|1213|1613|1948|2139|4 Muharrem 1448
20260620|0228|0428|1213|1613|1948|2139|5 Muharrem 1448
20260621|0228|0428|1213|1613|1949|2139|6 Muharrem 1448
20260622|0228|0428|1214|1613|1949|2140|7 Muharrem 1448
20260623|0229|0429|1214|1613|1949|2140|8 Muharrem 1448
20260624|0229|0429|1214|1614|1949|2140|9 Muharrem 1448
20260625|0229|0429|1214|1614|1949|2140|10 Muharrem 1448
20260626|0230|0430|1214|1614|1949|2140|11 Muharrem 1448
20260627|0230|0430|1215|1614|1949|2140|12 Muharrem 1448
20260628|0231|0430|1215|1614|1949|2140|13 Muharrem 1448
20260629|0231|0431|1215|1615|1949|2140|14 Muharrem 1448
20260630|0232|0431|1215|1615|1949|2139|15 Muharrem 1448
20260701|0233|0432|1216|1615|1949|2139|16 Muharrem 1448
20260702|0234|0432|1216|1615|1949|2139|17 Muharrem 1448
20260703|0234|0433|1216|1615|1949|2138|18 Muharrem 1448
20260704|0235|0433|1216|1615|1949|2138|19 Muharrem 1448
20260705|0236|0434|1216|1615|1949|2137|20 Muharrem 1448
20260706|0237|0434|1216|1615|1948|2137|21 Muharrem 1448
20260707|0238|0435|1217|1615|1948|2136|22 Muharrem 1448
20260708|0239|0436|1217|1615|1948|2135|23 Muharrem 1448
20260709|0240|0436|1217|1616|1947|2135|24 Muharrem 1448
20260710|0241|0437|1217|1616|1947|2134|25 Muharrem 1448
20260711|0243|0438|1217|1616|1947|2133|26 Muharrem 1448
20260712|0244|0439|1217|1616|1946|2132|27 Muharrem 1448
20260713|0245|0439|1217|1616|1946|2131|28 Muharrem 1448
20260714|0246|0440|1218|1616|1945|2130|29 Muharrem 1448
20260715|0247|0441|1218|1616|1945|2129|1 Safer 1448
20260716|0249|0442|1218|1615|1944|2128|2 Safer 1448
20260717|0250|0442|1218|1615|1943|2127|3 Safer 1448
20260718|0251|0443|1218|1615|1943|2126|4 Safer 1448
20260719|0253|0444|1218|1615|1942|2125|5 Safer 1448
20260720|0254|0445|1218|1615|1941|2124|6 Safer 1448
20260721|0255|0446|1218|1615|1941|2123|7 Safer 1448
20260722|0257|0447|1218|1615|1940|2121|8 Safer 1448
20260723|0258|0447|1218|1615|1939|2120|9 Safer 1448
20260724|0300|0448|1218|1614|1938|2119|10 Safer 1448
20260725|0301|0449|1218|1614|1937|2117|11 Safer 1448
20260726|0303|0450|1218|1614|1936|2116|12 Safer 1448
20260727|0304|0451|1218|1614|1935|2115|13 Safer 1448
20260728|0306|0452|1218|1613|1935|2113|14 Safer 1448
20260729|0307|0453|1218|1613|1934|2112|15 Safer 1448
20260730|0309|0454|1218|1613|1933|2110|16 Safer 1448
20260731|0310|0455|1218|1613|1932|2109|17 Safer 1448
20260801|0312|0456|1218|1612|1930|2107|18 Safer 1448
20260802|0313|0457|1218|1612|1929|2106|19 Safer 1448
20260803|0315|0458|1218|1611|1928|2104|20 Safer 1448
20260804|0316|0459|1218|1611|1927|2102|21 Safer 1448
20260805|0318|0500|1218|1611|1926|2101|22 Safer 1448
20260806|0319|0501|1218|1610|1925|2059|23 Safer 1448
20260807|0321|0502|1218|1610|1924|2057|24 Safer 1448
20260808|0322|0503|1217|1609|1922|2056|25 Safer 1448
20260809|0324|0504|1217|1609|1921|2054|26 Safer 1448
20260810|0325|0505|1217|1608|1920|2052|27 Safer 1448
20260811|0327|0506|1217|1608|1919|2050|28 Safer 1448
20260812|0328|0506|1217|1607|1917|2049|29 Safer 1448
20260813|0330|0507|1217|1607|1916|2047|30 Safer 1448
20260814|0331|0508|1216|1606|1915|2045|1 Rebiulevvel 1448
20260815|0333|0509|1216|1605|1913|2043|2 Rebiulevvel 1448
20260816|0334|0510|1216|1605|1912|2042|3 Rebiulevvel 1448
20260817|0336|0511|1216|1604|1910|2040|4 Rebiulevvel 1448
20260818|0337|0512|1216|1603|1909|2038|5 Rebiulevvel 1448
20260819|0338|0513|1215|1603|1908|2036|6 Rebiulevvel 1448
20260820|0340|0514|1215|1602|1906|2034|7 Rebiulevvel 1448
20260821|0341|0515|1215|1601|1905|2032|8 Rebiulevvel 1448
20260822|0343|0516|1215|1600|1903|2030|9 Rebiulevvel 1448
20260823|0344|0517|1214|1600|1902|2029|10 Rebiulevvel 1448
20260824|0345|0518|1214|1559|1900|2027|11 Rebiulevvel 1448
20260825|0347|0519|1214|1558|1859|2025|12 Rebiulevvel 1448
20260826|0348|0520|1214|1557|1857|2023|13 Rebiulevvel 1448
20260827|0350|0521|1213|1556|1855|2021|14 Rebiulevvel 1448
20260828|0351|0522|1213|1556|1854|2019|15 Rebiulevvel 1448
20260829|0352|0523|1213|1555|1852|2017|16 Rebiulevvel 1448
20260830|0354|0524|1212|1554|1851|2015|17 Rebiulevvel 1448
20260831|0355|0525|1212|1553|1849|2013|18 Rebiulevvel 1448
20260901|0356|0526|1212|1552|1848|2012|19 Rebiulevvel 1448
20260902|0358|0527|1212|1551|1846|2010|20 Rebiulevvel 1448
20260903|0359|0528|1211|1550|1844|2008|21 Rebiulevvel 1448
20260904|0400|0529|1211|1549|1843|2006|22 Rebiulevvel 1448
20260905|0401|0530|1211|1548|1841|2004|23 Rebiulevvel 1448
20260906|0403|0531|1210|1547|1839|2002|24 Rebiulevvel 1448
20260907|0404|0532|1210|1546|1838|2000|25 Rebiulevvel 1448
20260908|0405|0533|1210|1545|1836|1958|26 Rebiulevvel 1448
20260909|0406|0534|1209|1544|1834|1956|27 Rebiulevvel 1448
20260910|0408|0535|1209|1543|1833|1954|28 Rebiulevvel 1448
20260911|0409|0536|1208|1542|1831|1952|29 Rebiulevvel 1448
20260912|0410|0537|1208|1541|1829|1951|1 Rebiulahir 1448
20260913|0411|0538|1208|1540|1828|1949|2 Rebiulahir 1448
20260914|0412|0539|1207|1539|1826|1947|3 Rebiulahir 1448
20260915|0414|0540|1207|1538|1824|1945|4 Rebiulahir 1448
20260916|0415|0541|1207|1537|1823|1943|5 Rebiulahir 1448
20260917|0416|0542|1206|1535|1821|1941|6 Rebiulahir 1448
20260918|0417|0543|1206|1534|1819|1939|7 Rebiulahir 1448
20260919|0418|0544|1206|1533|1817|1938|8 Rebiulahir 1448
20260920|0419|0545|1205|1532|1816|1936|9 Rebiulahir 1448
20260921|0421|0546|1205|1531|1814|1934|10 Rebiulahir 1448
20260922|0422|0547|1205|1530|1812|1932|11 Rebiulahir 1448
20260923|0423|0548|1204|1529|1811|1930|12 Rebiulahir 1448
20260924|0424|0549|1204|1527|1809|1928|13 Rebiulahir 1448
20260925|0425|0550|1204|1526|1807|1927|14 Rebiulahir 1448
20260926|0426|0551|1203|1525|1806|1925|15 Rebiulahir 1448
20260927|0427|0552|1203|1524|1804|1923|16 Rebiulahir 1448
20260928|0428|0553|1203|1523|1802|1921|17 Rebiulahir 1448
20260929|0429|0554|1202|1521|1801|1920|18 Rebiulahir 1448
20260930|0431|0555|1202|1520|1759|1918|19 Rebiulahir 1448
20261001|0432|0556|1202|1519|1757|1916|20 Rebiulahir 1448
20261002|0433|0557|1201|1518|1756|1914|21 Rebiulahir 1448
20261003|0434|0558|1201|1517|1754|1913|22 Rebiulahir 1448
20261004|0435|0559|1201|1515|1752|1911|23 Rebiulahir 1448
20261005|0436|0600|1200|1514|1751|1909|24 Rebiulahir 1448
20261006|0437|0601|1200|1513|1749|1908|25 Rebiulahir 1448
20261007|0438|0602|1200|1512|1747|1906|26 Rebiulahir 1448
20261008|0439|0603|1159|1511|1746|1904|27 Rebiulahir 1448
20261009|0440|0604|1159|1509|1744|1903|28 Rebiulahir 1448
20261010|0441|0605|1159|1508|1742|1901|29 Rebiulahir 1448
20261011|0442|0606|1159|1507|1741|1900|30 Rebiulahir 1448
20261012|0443|0607|1158|1506|1739|1858|1 Cemaziyelevvel 1448
20261013|0444|0608|1158|1505|1738|1856|2 Cemaziyelevvel 1448
20261014|0445|0610|1158|1503|1736|1855|3 Cemaziyelevvel 1448
20261015|0446|0611|1158|1502|1735|1853|4 Cemaziyelevvel 1448
20261016|0447|0612|1157|1501|1733|1852|5 Cemaziyelevvel 1448
20261017|0449|0613|1157|1500|1732|1851|6 Cemaziyelevvel 1448
20261018|0450|0614|1157|1459|1730|1849|7 Cemaziyelevvel 1448
20261019|0451|0615|1157|1458|1729|1848|8 Cemaziyelevvel 1448
20261020|0452|0616|1157|1457|1727|1846|9 Cemaziyelevvel 1448
20261021|0453|0617|1156|1455|1726|1845|10 Cemaziyelevvel 1448
20261022|0454|0618|1156|1454|1724|1843|11 Cemaziyelevvel 1448
20261023|0455|0619|1156|1453|1723|1842|12 Cemaziyelevvel 1448
20261024|0456|0621|1156|1452|1721|1841|13 Cemaziyelevvel 1448
20261025|0457|0622|1156|1451|1720|1840|14 Cemaziyelevvel 1448
20261026|0458|0623|1156|1450|1719|1838|15 Cemaziyelevvel 1448
20261027|0459|0624|1156|1449|1717|1837|16 Cemaziyelevvel 1448
20261028|0500|0625|1156|1448|1716|1836|17 Cemaziyelevvel 1448
20261029|0501|0626|1155|1447|1715|1835|18 Cemaziyelevvel 1448
20261030|0502|0627|1155|1446|1713|1833|19 Cemaziyelevvel 1448
20261031|0503|0629|1155|1445|1712|1832|20 Cemaziyelevvel 1448
20261101|0504|0630|1155|1444|1711|1831|21 Cemaziyelevvel 1448
20261102|0505|0631|1155|1443|1710|1830|22 Cemaziyelevvel 1448
20261103|0506|0632|1155|1442|1708|1829|23 Cemaziyelevvel 1448
20261104|0507|0633|1155|1441|1707|1828|24 Cemaziyelevvel 1448
20261105|0508|0635|1155|1440|1706|1827|25 Cemaziyelevvel 1448
20261106|0509|0636|1155|1439|1705|1826|26 Cemaziyelevvel 1448
20261107|0510|0637|1155|1438|1704|1825|27 Cemaziyelevvel 1448
20261108|0511|0638|1155|1437|1703|1824|28 Cemaziyelevvel 1448
20261109|0512|0639|1155|1437|1702|1823|29 Cemaziyelevvel 1448
20261110|0513|0640|1156|1436|1701|1822|1 Cemaziyelahir 1448
20261111|0514|0642|1156|1435|1700|1822|2 Cemaziyelahir 1448
20261112|0515|0643|1156|1434|1659|1821|3 Cemaziyelahir 1448
20261113|0516|0644|1156|1433|1658|1820|4 Cemaziyelahir 1448
20261114|0517|0645|1156|1433|1657|1819|5 Cemaziyelahir 1448
20261115|0518|0646|1156|1432|1656|1819|6 Cemaziyelahir 1448
20261116|0519|0648|1156|1431|1655|1818|7 Cemaziyelahir 1448
20261117|0520|0649|1157|1431|1654|1817|8 Cemaziyelahir 1448
20261118|0521|0650|1157|1430|1654|1817|9 Cemaziyelahir 1448
20261119|0522|0651|1157|1430|1653|1816|10 Cemaziyelahir 1448
20261120|0523|0652|1157|1429|1652|1816|11 Cemaziyelahir 1448
20261121|0524|0653|1157|1429|1652|1815|12 Cemaziyelahir 1448
20261122|0525|0654|1158|1428|1651|1815|13 Cemaziyelahir 1448
20261123|0526|0656|1158|1428|1650|1814|14 Cemaziyelahir 1448
20261124|0527|0657|1158|1427|1650|1814|15 Cemaziyelahir 1448
20261125|0528|0658|1159|1427|1649|1813|16 Cemaziyelahir 1448
20261126|0529|0659|1159|1426|1649|1813|17 Cemaziyelahir 1448
20261127|0530|0700|1159|1426|1648|1813|18 Cemaziyelahir 1448
20261128|0531|0701|1159|1426|1648|1812|19 Cemaziyelahir 1448
20261129|0532|0702|1200|1426|1647|1812|20 Cemaziyelahir 1448
20261130|0533|0703|1200|1425|1647|1812|21 Cemaziyelahir 1448
20261201|0534|0704|1201|1425|1647|1812|22 Cemaziyelahir 1448
20261202|0535|0705|1201|1425|1647|1812|23 Cemaziyelahir 1448
20261203|0536|0706|1201|1425|1646|1812|24 Cemaziyelahir 1448
20261204|0536|0707|1202|1425|1646|1811|25 Cemaziyelahir 1448
20261205|0537|0708|1202|1425|1646|1811|26 Cemaziyelahir 1448
20261206|0538|0709|1202|1425|1646|1811|27 Cemaziyelahir 1448
20261207|0539|0710|1203|1425|1646|1811|28 Cemaziyelahir 1448
20261208|0540|0711|1203|1425|1646|1812|29 Cemaziyelahir 1448
20261209|0541|0712|1204|1425|1646|1812|30 Cemaziyelahir 1448
20261210|0541|0713|1204|1425|1646|1812|1 Recep 1448
20261211|0542|0714|1205|1425|1646|1812|2 Recep 1448
20261212|0543|0714|1205|1425|1646|1812|3 Recep 1448
20261213|0543|0715|1206|1425|1646|1812|4 Recep 1448
20261214|0544|0716|1206|1426|1646|1813|5 Recep 1448
20261215|0545|0717|1207|1426|1647|1813|6 Recep 1448
20261216|0545|0717|1207|1426|1647|1813|7 Recep 1448
20261217|0546|0718|1208|1426|1647|1814|8 Recep 1448
20261218|0547|0719|1208|1427|1647|1814|9 Recep 1448
20261219|0547|0719|1209|1427|1648|1814|10 Recep 1448
20261220|0548|0720|1209|1428|1648|1815|11 Recep 1448
20261221|0548|0720|1210|1428|1649|1815|12 Recep 1448
20261222|0549|0721|1210|1429|1649|1816|13 Recep 1448
20261223|0549|0721|1211|1429|1650|1816|14 Recep 1448
20261224|0550|0722|1211|1430|1650|1817|15 Recep 1448
20261225|0550|0722|1211|1430|1651|1817|16 Recep 1448
20261226|0551|0723|1212|1431|1651|1818|17 Recep 1448
20261227|0551|0723|1212|1431|1652|1819|18 Recep 1448
20261228|0551|0723|1213|1432|1653|1819|19 Recep 1448
20261229|0552|0724|1213|1433|1653|1820|20 Recep 1448
20261230|0552|0724|1214|1434|1654|1820|21 Recep 1448
20261231|0552|0724|1214|1434|1655|1821|22 Recep 1448
20270101|0552|0724|1215|1435|1656|1822|23 Recep 1448
20270102|0553|0724|1215|1436|1657|1823|24 Recep 1448
20270103|0553|0724|1216|1437|1657|1823|25 Recep 1448
20270104|0553|0724|1216|1437|1658|1824|26 Recep 1448
20270105|0553|0724|1217|1438|1659|1825|27 Recep 1448
20270106|0553|0724|1217|1439|1700|1826|28 Recep 1448
20270107|0553|0724|1218|1440|1701|1827|29 Recep 1448
20270108|0553|0724|1218|1441|1702|1828|30 Recep 1448
20270109|0553|0724|1219|1442|1703|1828|1 Şaban 1448
20270110|0553|0724|1219|1443|1704|1829|2 Şaban 1448
20270111|0553|0724|1219|1444|1705|1830|3 Şaban 1448
20270112|0553|0723|1220|1445|1706|1831|4 Şaban 1448
20270113|0553|0723|1220|1445|1707|1832|5 Şaban 1448
20270114|0552|0723|1220|1446|1708|1833|6 Şaban 1448
20270115|0552|0722|1221|1447|1709|1834|7 Şaban 1448
20270116|0552|0722|1221|1448|1711|1835|8 Şaban 1448
20270117|0552|0721|1222|1449|1712|1836|9 Şaban 1448
20270118|0551|0721|1222|1450|1713|1837|10 Şaban 1448
20270119|0551|0720|1222|1451|1714|1838|11 Şaban 1448
20270120|0551|0720|1222|1452|1715|1839|12 Şaban 1448
20270121|0550|0719|1223|1453|1716|1840|13 Şaban 1448
20270122|0550|0719|1223|1455|1718|1841|14 Şaban 1448
20270123|0549|0718|1223|1456|1719|1842|15 Şaban 1448
20270124|0549|0717|1224|1457|1720|1843|16 Şaban 1448
20270125|0548|0717|1224|1458|1721|1844|17 Şaban 1448
20270126|0548|0716|1224|1459|1722|1845|18 Şaban 1448
20270127|0547|0715|1224|1500|1724|1846|19 Şaban 1448
20270128|0546|0714|1224|1501|1725|1847|20 Şaban 1448
20270129|0546|0713|1225|1502|1726|1848|21 Şaban 1448
20270130|0545|0712|1225|1503|1727|1849|22 Şaban 1448
20270131|0544|0712|1225|1504|1729|1850|23 Şaban 1448
20270201|0543|0711|1225|1505|1730|1852|24 Şaban 1448
20270202|0543|0710|1225|1506|1731|1853|25 Şaban 1448
20270203|0542|0709|1225|1507|1732|1854|26 Şaban 1448
20270204|0541|0708|1226|1508|1733|1855|27 Şaban 1448
20270205|0540|0707|1226|1509|1735|1856|28 Şaban 1448
20270206|0539|0705|1226|1510|1736|1857|29 Şaban 1448
20270207|0538|0704|1226|1511|1737|1858|30 Şaban 1448
20270208|0537|0703|1226|1512|1738|1859|1 Ramazan 1448
20270209|0536|0702|1226|1513|1740|1900|2 Ramazan 1448
20270210|0535|0701|1226|1514|1741|1901|3 Ramazan 1448
20270211|0534|0700|1226|1515|1742|1902|4 Ramazan 1448
20270212|0533|0658|1226|1516|1743|1904|5 Ramazan 1448
20270213|0532|0657|1226|1517|1745|1905|6 Ramazan 1448
20270214|0531|0656|1226|1518|1746|1906|7 Ramazan 1448
20270215|0530|0655|1226|1519|1747|1907|8 Ramazan 1448
20270216|0528|0653|1226|1520|1748|1908|9 Ramazan 1448
20270217|0527|0652|1226|1521|1749|1909|10 Ramazan 1448
20270218|0526|0651|1226|1521|1751|1910|11 Ramazan 1448
20270219|0525|0649|1226|1522|1752|1911|12 Ramazan 1448
20270220|0523|0648|1225|1523|1753|1912|13 Ramazan 1448
20270221|0522|0647|1225|1524|1754|1913|14 Ramazan 1448
20270222|0521|0645|1225|1525|1755|1915|15 Ramazan 1448
20270223|0519|0644|1225|1526|1757|1916|16 Ramazan 1448
20270224|0518|0642|1225|1527|1758|1917|17 Ramazan 1448
20270225|0516|0641|1225|1527|1759|1918|18 Ramazan 1448
20270226|0515|0639|1225|1528|1800|1919|19 Ramazan 1448
20270227|0514|0638|1225|1529|1801|1920|20 Ramazan 1448
20270228|0512|0636|1224|1530|1802|1921|21 Ramazan 1448
20270301|0511|0635|1224|1531|1804|1922|22 Ramazan 1448
20270302|0509|0633|1224|1531|1805|1923|23 Ramazan 1448
20270303|0508|0632|1224|1532|1806|1925|24 Ramazan 1448
20270304|0506|0630|1224|1533|1807|1926|25 Ramazan 1448
20270305|0505|0629|1223|1534|1808|1927|26 Ramazan 1448
20270306|0503|0627|1223|1534|1809|1928|27 Ramazan 1448
20270307|0501|0625|1223|1535|1810|1929|28 Ramazan 1448
20270308|0500|0624|1223|1536|1812|1930|29 Ramazan 1448
20270309|0458|0622|1222|1536|1813|1931|1 Şevval 1448
20270310|0456|0621|1222|1537|1814|1933|2 Şevval 1448
20270311|0455|0619|1222|1538|1815|1934|3 Şevval 1448
20270312|0453|0617|1222|1538|1816|1935|4 Şevval 1448
20270313|0451|0616|1221|1539|1817|1936|5 Şevval 1448
20270314|0450|0614|1221|1540|1818|1937|6 Şevval 1448
20270315|0448|0612|1221|1540|1819|1938|7 Şevval 1448
20270316|0446|0611|1221|1541|1820|1939|8 Şevval 1448
20270317|0445|0609|1220|1541|1821|1941|9 Şevval 1448
20270318|0443|0607|1220|1542|1822|1942|10 Şevval 1448
20270319|0441|0606|1220|1542|1824|1943|11 Şevval 1448
20270320|0439|0604|1219|1543|1825|1944|12 Şevval 1448
20270321|0437|0602|1219|1544|1826|1945|13 Şevval 1448
20270322|0436|0601|1219|1544|1827|1946|14 Şevval 1448
20270323|0434|0559|1218|1545|1828|1948|15 Şevval 1448
20270324|0432|0557|1218|1545|1829|1949|16 Şevval 1448
20270325|0430|0556|1218|1546|1830|1950|17 Şevval 1448
20270326|0428|0554|1218|1546|1831|1951|18 Şevval 1448
20270327|0426|0552|1217|1547|1832|1952|19 Şevval 1448
20270328|0425|0551|1217|1547|1833|1954|20 Şevval 1448
20270329|0423|0549|1217|1548|1834|1955|21 Şevval 1448
20270330|0421|0548|1216|1548|1835|1956|22 Şevval 1448
20270331|0419|0546|1216|1548|1836|1957|23 Şevval 1448
20270401|0417|0544|1216|1549|1837|1959|24 Şevval 1448
20270402|0415|0543|1215|1549|1838|2000|25 Şevval 1448
20270403|0413|0541|1215|1550|1839|2001|26 Şevval 1448
20270404|0411|0539|1215|1550|1841|2003|27 Şevval 1448
20270405|0410|0538|1215|1550|1842|2004|28 Şevval 1448
20270406|0408|0536|1214|1551|1843|2005|29 Şevval 1448
20270407|0406|0534|1214|1551|1844|2006|30 Şevval 1448
20270408|0404|0533|1214|1552|1845|2008|1 Zilkade 1448
20270409|0402|0531|1213|1552|1846|2009|2 Zilkade 1448
20270410|0400|0530|1213|1552|1847|2010|3 Zilkade 1448
20270411|0358|0528|1213|1553|1848|2012|4 Zilkade 1448
20270412|0356|0526|1213|1553|1849|2013|5 Zilkade 1448
20270413|0354|0525|1212|1553|1850|2014|6 Zilkade 1448
20270414|0352|0523|1212|1554|1851|2016|7 Zilkade 1448
20270415|0351|0522|1212|1554|1852|2017|8 Zilkade 1448
20270416|0349|0520|1212|1554|1853|2019|9 Zilkade 1448
20270417|0347|0519|1211|1555|1854|2020|10 Zilkade 1448
20270418|0345|0517|1211|1555|1855|2021|11 Zilkade 1448
20270419|0343|0516|1211|1555|1856|2023|12 Zilkade 1448
20270420|0341|0514|1211|1556|1857|2024|13 Zilkade 1448
20270421|0339|0513|1211|1556|1858|2026|14 Zilkade 1448
20270422|0337|0511|1210|1556|1900|2027|15 Zilkade 1448
20270423|0335|0510|1210|1557|1901|2029|16 Zilkade 1448
20270424|0334|0508|1210|1557|1902|2030|17 Zilkade 1448
20270425|0332|0507|1210|1557|1903|2031|18 Zilkade 1448
20270426|0330|0506|1210|1558|1904|2033|19 Zilkade 1448
20270427|0328|0504|1209|1558|1905|2034|20 Zilkade 1448
20270428|0326|0503|1209|1558|1906|2036|21 Zilkade 1448
20270429|0324|0501|1209|1558|1907|2037|22 Zilkade 1448
20270430|0322|0500|1209|1559|1908|2039|23 Zilkade 1448
20270501|0321|0459|1209|1559|1909|2040|24 Zilkade 1448
20270502|0319|0458|1209|1559|1910|2042|25 Zilkade 1448
20270503|0317|0456|1209|1600|1911|2043|26 Zilkade 1448
20270504|0315|0455|1209|1600|1912|2045|27 Zilkade 1448
20270505|0314|0454|1208|1600|1913|2046|28 Zilkade 1448
20270506|0312|0453|1208|1600|1914|2048|29 Zilkade 1448
20270507|0310|0451|1208|1601|1915|2049|1 Zilhicce 1448
20270508|0308|0450|1208|1601|1916|2051|2 Zilhicce 1448
20270509|0307|0449|1208|1601|1917|2052|3 Zilhicce 1448
20270510|0305|0448|1208|1602|1918|2054|4 Zilhicce 1448
20270511|0303|0447|1208|1602|1919|2055|5 Zilhicce 1448
20270512|0302|0446|1208|1602|1920|2057|6 Zilhicce 1448
20270513|0300|0445|1208|1602|1921|2058|7 Zilhicce 1448
20270514|0259|0444|1208|1603|1922|2100|8 Zilhicce 1448
20270515|0257|0443|1208|1603|1923|2101|9 Zilhicce 1448
20270516|0256|0442|1208|1603|1924|2103|10 Zilhicce 1448
20270517|0254|0441|1208|1604|1925|2104|11 Zilhicce 1448
20270518|0253|0440|1208|1604|1926|2106|12 Zilhicce 1448
20270519|0251|0439|1208|1604|1927|2107|13 Zilhicce 1448
20270520|0250|0438|1208|1604|1928|2109|14 Zilhicce 1448
20270521|0248|0438|1208|1605|1929|2110|15 Zilhicce 1448
20270522|0247|0437|1208|1605|1930|2112|16 Zilhicce 1448
20270523|0246|0436|1208|1605|1931|2113|17 Zilhicce 1448
20270524|0245|0435|1208|1605|1932|2114|18 Zilhicce 1448
20270525|0243|0435|1209|1606|1933|2116|19 Zilhicce 1448
20270526|0242|0434|1209|1606|1933|2117|20 Zilhicce 1448
20270527|0241|0433|1209|1606|1934|2118|21 Zilhicce 1448
20270528|0240|0433|1209|1607|1935|2120|22 Zilhicce 1448
20270529|0239|0432|1209|1607|1936|2121|23 Zilhicce 1448
20270530|0238|0432|1209|1607|1937|2122|24 Zilhicce 1448
20270531|0237|0431|1209|1607|1938|2123|25 Zilhicce 1448
20270601|0236|0431|1209|1608|1938|2124|26 Zilhicce 1448
20270602|0235|0430|1210|1608|1939|2126|27 Zilhicce 1448
20270603|0234|0430|1210|1608|1940|2127|28 Zilhicce 1448
20270604|0233|0429|1210|1609|1940|2128|29 Zilhicce 1448
20270605|0233|0429|1210|1609|1941|2129|30 Zilhicce 1448
20270606|0232|0429|1210|1609|1942|2130|1 Muharrem 1449
20270607|0231|0428|1210|1609|1942|2131|2 Muharrem 1449
20270608|0231|0428|1211|1610|1943|2132|3 Muharrem 1449
20270609|0230|0428|1211|1610|1944|2133|4 Muharrem 1449
20270610|0230|0428|1211|1610|1944|2133|5 Muharrem 1449
20270611|0229|0428|1211|1610|1945|2134|6 Muharrem 1449
20270612|0229|0428|1211|1611|1945|2135|7 Muharrem 1449
20270613|0228|0428|1212|1611|1946|2136|8 Muharrem 1449
20270614|0228|0428|1212|1611|1946|2136|9 Muharrem 1449
20270615|0228|0428|1212|1612|1947|2137|10 Muharrem 1449
20270616|0228|0428|1212|1612|1947|2137|11 Muharrem 1449
20270617|0228|0428|1212|1612|1947|2138|12 Muharrem 1449
20270618|0228|0428|1213|1612|1948|2138|13 Muharrem 1449
20270619|0228|0428|1213|1612|1948|2139|14 Muharrem 1449
20270620|0228|0428|1213|1613|1948|2139|15 Muharrem 1449
20270621|0228|0428|1213|1613|1949|2139|16 Muharrem 1449
20270622|0228|0428|1214|1613|1949|2140|17 Muharrem 1449
20270623|0229|0429|1214|1613|1949|2140|18 Muharrem 1449
20270624|0229|0429|1214|1614|1949|2140|19 Muharrem 1449
20270625|0229|0429|1214|1614|1949|2140|20 Muharrem 1449
20270626|0230|0430|1214|1614|1949|2140|21 Muharrem 1449
20270627|0230|0430|1215|1614|1949|2140|22 Muharrem 1449
20270628|0231|0430|1215|1614|1949|2140|23 Muharrem 1449
20270629|0231|0431|1215|1614|1949|2140|24 Muharrem 1449
20270630|0232|0431|1215|1615|1949|2139|25 Muharrem 1449
20270701|0233|0432|1215|1615|1949|2139|26 Muharrem 1449
20270702|0233|0432|1216|1615|1949|2139|27 Muharrem 1449
20270703|0234|0433|1216|1615|1949|2138|28 Muharrem 1449
20270704|0235|0433|1216|1615|1949|2138|29 Muharrem 1449
20270705|0236|0434|1216|1615|1949|2137|1 Safer 1449
20270706|0237|0434|1216|1615|1948|2137|2 Safer 1449
20270707|0238|0435|1217|1615|1948|2136|3 Safer 1449
20270708|0239|0436|1217|1615|1948|2136|4 Safer 1449
20270709|0240|0436|1217|1616|1948|2135|5 Safer 1449
20270710|0241|0437|1217|1616|1947|2134|6 Safer 1449
20270711|0242|0438|1217|1616|1947|2133|7 Safer 1449
20270712|0243|0438|1217|1616|1946|2133|8 Safer 1449
20270713|0245|0439|1217|1616|1946|2132|9 Safer 1449
20270714|0246|0440|1218|1616|1945|2131|10 Safer 1449
20270715|0247|0441|1218|1616|1945|2130|11 Safer 1449
20270716|0248|0441|1218|1615|1944|2129|12 Safer 1449
20270717|0250|0442|1218|1615|1944|2128|13 Safer 1449
20270718|0251|0443|1218|1615|1943|2127|14 Safer 1449
20270719|0252|0444|1218|1615|1942|2125|15 Safer 1449
20270720|0254|0445|1218|1615|1942|2124|16 Safer 1449
20270721|0255|0446|1218|1615|1941|2123|17 Safer 1449
20270722|0257|0446|1218|1615|1940|2122|18 Safer 1449
20270723|0258|0447|1218|1615|1939|2120|19 Safer 1449
20270724|0259|0448|1218|1614|1938|2119|20 Safer 1449
20270725|0301|0449|1218|1614|1938|2118|21 Safer 1449
20270726|0302|0450|1218|1614|1937|2116|22 Safer 1449
20270727|0304|0451|1218|1614|1936|2115|23 Safer 1449
20270728|0305|0452|1218|1613|1935|2114|24 Safer 1449
20270729|0307|0453|1218|1613|1934|2112|25 Safer 1449
20270730|0308|0454|1218|1613|1933|2111|26 Safer 1449
20270731|0310|0455|1218|1613|1932|2109|27 Safer 1449
20270801|0311|0456|1218|1612|1931|2108|28 Safer 1449
20270802|0313|0456|1218|1612|1930|2106|29 Safer 1449
20270803|0314|0457|1218|1612|1929|2104|1 Rebiulevvel 1449
20270804|0316|0458|1218|1611|1927|2103|2 Rebiulevvel 1449
20270805|0317|0459|1218|1611|1926|2101|3 Rebiulevvel 1449
20270806|0319|0500|1218|1610|1925|2059|4 Rebiulevvel 1449
20270807|0320|0501|1218|1610|1924|2058|5 Rebiulevvel 1449
20270808|0322|0502|1217|1609|1923|2056|6 Rebiulevvel 1449
20270809|0323|0503|1217|1609|1921|2054|7 Rebiulevvel 1449
20270810|0325|0504|1217|1608|1920|2053|8 Rebiulevvel 1449
20270811|0326|0505|1217|1608|1919|2051|9 Rebiulevvel 1449
20270812|0328|0506|1217|1607|1918|2049|10 Rebiulevvel 1449
20270813|0329|0507|1217|1607|1916|2047|11 Rebiulevvel 1449
20270814|0331|0508|1217|1606|1915|2046|12 Rebiulevvel 1449
20270815|0332|0509|1216|1605|1914|2044|13 Rebiulevvel 1449
20270816|0334|0510|1216|1605|1912|2042|14 Rebiulevvel 1449
20270817|0335|0511|1216|1604|1911|2040|15 Rebiulevvel 1449
20270818|0337|0512|1216|1603|1909|2038|16 Rebiulevvel 1449
20270819|0338|0513|1216|1603|1908|2036|17 Rebiulevvel 1449
20270820|0339|0514|1215|1602|1906|2035|18 Rebiulevvel 1449
20270821|0341|0515|1215|1601|1905|2033|19 Rebiulevvel 1449
20270822|0342|0516|1215|1601|1903|2031|20 Rebiulevvel 1449
20270823|0344|0517|1215|1600|1902|2029|21 Rebiulevvel 1449
20270824|0345|0518|1214|1559|1900|2027|22 Rebiulevvel 1449
20270825|0346|0519|1214|1558|1859|2025|23 Rebiulevvel 1449
20270826|0348|0520|1214|1557|1857|2023|24 Rebiulevvel 1449
20270827|0349|0521|1213|1557|1856|2022|25 Rebiulevvel 1449
20270828|0351|0522|1213|1556|1854|2020|26 Rebiulevvel 1449
20270829|0352|0523|1213|1555|1853|2018|27 Rebiulevvel 1449
20270830|0353|0524|1213|1554|1851|2016|28 Rebiulevvel 1449
20270831|0355|0525|1212|1553|1850|2014|29 Rebiulevvel 1449
20270901|0356|0526|1212|1552|1848|2012|30 Rebiulevvel 1449
20270902|0357|0527|1212|1551|1846|2010|1 Rebiulahir 1449
20270903|0359|0528|1211|1550|1845|2008|2 Rebiulahir 1449
20270904|0400|0529|1211|1549|1843|2006|3 Rebiulahir 1449
20270905|0401|0530|1211|1548|1841|2004|4 Rebiulahir 1449
20270906|0402|0531|1210|1547|1840|2002|5 Rebiulahir 1449
20270907|0404|0532|1210|1546|1838|2001|6 Rebiulahir 1449
20270908|0405|0533|1210|1545|1836|1959|7 Rebiulahir 1449
20270909|0406|0534|1209|1544|1835|1957|8 Rebiulahir 1449
20270910|0407|0535|1209|1543|1833|1955|9 Rebiulahir 1449
20270911|0409|0536|1209|1542|1831|1953|10 Rebiulahir 1449
20270912|0410|0537|1208|1541|1830|1951|11 Rebiulahir 1449
20270913|0411|0538|1208|1540|1828|1949|12 Rebiulahir 1449
20270914|0412|0539|1208|1539|1826|1947|13 Rebiulahir 1449
20270915|0413|0540|1207|1538|1825|1945|14 Rebiulahir 1449
20270916|0414|0541|1207|1537|1823|1944|15 Rebiulahir 1449
20270917|0416|0542|1206|1536|1821|1942|16 Rebiulahir 1449
20270918|0417|0543|1206|1535|1820|1940|17 Rebiulahir 1449
20270919|0418|0544|1206|1534|1818|1938|18 Rebiulahir 1449
20270920|0419|0545|1205|1532|1816|1936|19 Rebiulahir 1449
20270921|0420|0546|1205|1531|1814|1934|20 Rebiulahir 1449
20270922|0421|0547|1205|1530|1813|1932|21 Rebiulahir 1449
20270923|0423|0548|1204|1529|1811|1931|22 Rebiulahir 1449
20270924|0424|0549|1204|1528|1809|1929|23 Rebiulahir 1449
20270925|0425|0550|1204|1527|1808|1927|24 Rebiulahir 1449
20270926|0426|0551|1203|1525|1806|1925|25 Rebiulahir 1449
20270927|0427|0552|1203|1524|1804|1923|26 Rebiulahir 1449
20270928|0428|0553|1203|1523|1803|1922|27 Rebiulahir 1449
20270929|0429|0554|1202|1522|1801|1920|28 Rebiulahir 1449
20270930|0430|0555|1202|1521|1759|1918|29 Rebiulahir 1449
20271001|0431|0556|1202|1519|1758|1916|1 Cemaziyelevvel 1449
20271002|0432|0557|1201|1518|1756|1915|2 Cemaziyelevvel 1449
20271003|0434|0558|1201|1517|1754|1913|3 Cemaziyelevvel 1449
20271004|0435|0559|1201|1516|1753|1911|4 Cemaziyelevvel 1449
20271005|0436|0600|1200|1515|1751|1910|5 Cemaziyelevvel 1449
20271006|0437|0601|1200|1513|1749|1908|6 Cemaziyelevvel 1449
20271007|0438|0602|1200|1512|1748|1906|7 Cemaziyelevvel 1449
20271008|0439|0603|1159|1511|1746|1905|8 Cemaziyelevvel 1449
20271009|0440|0604|1159|1510|1744|1903|9 Cemaziyelevvel 1449
20271010|0441|0605|1159|1509|1743|1902|10 Cemaziyelevvel 1449
20271011|0442|0606|1159|1507|1741|1900|11 Cemaziyelevvel 1449
20271012|0443|0607|1158|1506|1740|1858|12 Cemaziyelevvel 1449
20271013|0444|0608|1158|1505|1738|1857|13 Cemaziyelevvel 1449
20271014|0445|0609|1158|1504|1737|1855|14 Cemaziyelevvel 1449
20271015|0446|0610|1158|1503|1735|1854|15 Cemaziyelevvel 1449
20271016|0447|0611|1157|1501|1733|1852|16 Cemaziyelevvel 1449
20271017|0448|0613|1157|1500|1732|1851|17 Cemaziyelevvel 1449
20271018|0449|0614|1157|1459|1730|1849|18 Cemaziyelevvel 1449
20271019|0450|0615|1157|1458|1729|1848|19 Cemaziyelevvel 1449
20271020|0451|0616|1157|1457|1727|1847|20 Cemaziyelevvel 1449
20271021|0452|0617|1156|1456|1726|1845|21 Cemaziyelevvel 1449
20271022|0453|0618|1156|1455|1725|1844|22 Cemaziyelevvel 1449
20271023|0455|0619|1156|1453|1723|1842|23 Cemaziyelevvel 1449
20271024|0456|0620|1156|1452|1722|1841|24 Cemaziyelevvel 1449
20271025|0457|0621|1156|1451|1720|1840|25 Cemaziyelevvel 1449
20271026|0458|0623|1156|1450|1719|1839|26 Cemaziyelevvel 1449
20271027|0459|0624|1156|1449|1718|1837|27 Cemaziyelevvel 1449
20271028|0500|0625|1156|1448|1716|1836|28 Cemaziyelevvel 1449
20271029|0501|0626|1155|1447|1715|1835|29 Cemaziyelevvel 1449
20271030|0502|0627|1155|1446|1714|1834|30 Cemaziyelevvel 1449
20271031|0503|0628|1155|1445|1712|1833|1 Cemaziyelahir 1449
20271101|0504|0630|1155|1444|1711|1831|2 Cemaziyelahir 1449
20271102|0505|0631|1155|1443|1710|1830|3 Cemaziyelahir 1449
20271103|0506|0632|1155|1442|1709|1829|4 Cemaziyelahir 1449
20271104|0507|0633|1155|1441|1707|1828|5 Cemaziyelahir 1449
20271105|0508|0634|1155|1440|1706|1827|6 Cemaziyelahir 1449
20271106|0509|0635|1155|1439|1705|1826|7 Cemaziyelahir 1449
20271107|0510|0637|1155|1438|1704|1825|8 Cemaziyelahir 1449
20271108|0511|0638|1155|1438|1703|1824|9 Cemaziyelahir 1449
20271109|0512|0639|1155|1437|1702|1824|10 Cemaziyelahir 1449
20271110|0513|0640|1156|1436|1701|1823|11 Cemaziyelahir 1449
20271111|0514|0641|1156|1435|1700|1822|12 Cemaziyelahir 1449
20271112|0515|0643|1156|1434|1659|1821|13 Cemaziyelahir 1449
20271113|0516|0644|1156|1434|1658|1820|14 Cemaziyelahir 1449
20271114|0517|0645|1156|1433|1657|1820|15 Cemaziyelahir 1449
20271115|0518|0646|1156|1432|1656|1819|16 Cemaziyelahir 1449
20271116|0519|0647|1156|1432|1655|1818|17 Cemaziyelahir 1449
20271117|0520|0648|1157|1431|1655|1817|18 Cemaziyelahir 1449
20271118|0521|0650|1157|1430|1654|1817|19 Cemaziyelahir 1449
20271119|0522|0651|1157|1430|1653|1816|20 Cemaziyelahir 1449
20271120|0523|0652|1157|1429|1652|1816|21 Cemaziyelahir 1449
20271121|0524|0653|1157|1429|1652|1815|22 Cemaziyelahir 1449
20271122|0525|0654|1158|1428|1651|1815|23 Cemaziyelahir 1449
20271123|0526|0655|1158|1428|1650|1814|24 Cemaziyelahir 1449
20271124|0527|0656|1158|1427|1650|1814|25 Cemaziyelahir 1449
20271125|0528|0658|1158|1427|1649|1813|26 Cemaziyelahir 1449
20271126|0529|0659|1159|1427|1649|1813|27 Cemaziyelahir 1449
20271127|0530|0700|1159|1426|1648|1813|28 Cemaziyelahir 1449
20271128|0531|0701|1159|1426|1648|1813|29 Cemaziyelahir 1449
20271129|0532|0702|1200|1426|1648|1812|1 Recep 1449
20271130|0533|0703|1200|1425|1647|1812|2 Recep 1449
20271201|0534|0704|1200|1425|1647|1812|3 Recep 1449
20271202|0534|0705|1201|1425|1647|1812|4 Recep 1449
20271203|0535|0706|1201|1425|1646|1812|5 Recep 1449
20271204|0536|0707|1202|1425|1646|1812|6 Recep 1449
20271205|0537|0708|1202|1425|1646|1811|7 Recep 1449
20271206|0538|0709|1202|1425|1646|1811|8 Recep 1449
20271207|0539|0710|1203|1425|1646|1811|9 Recep 1449
20271208|0540|0711|1203|1425|1646|1812|10 Recep 1449
20271209|0540|0712|1204|1425|1646|1812|11 Recep 1449
20271210|0541|0713|1204|1425|1646|1812|12 Recep 1449
20271211|0542|0713|1205|1425|1646|1812|13 Recep 1449
20271212|0543|0714|1205|1425|1646|1812|14 Recep 1449
20271213|0543|0715|1206|1425|1646|1812|15 Recep 1449
20271214|0544|0716|1206|1426|1646|1813|16 Recep 1449
20271215|0545|0717|1206|1426|1646|1813|17 Recep 1449
20271216|0545|0717|1207|1426|1647|1813|18 Recep 1449
20271217|0546|0718|1207|1426|1647|1813|19 Recep 1449
20271218|0547|0719|1208|1427|1647|1814|20 Recep 1449
20271219|0547|0719|1208|1427|1648|1814|21 Recep 1449
20271220|0548|0720|1209|1428|1648|1815|22 Recep 1449
20271221|0548|0720|1209|1428|1649|1815|23 Recep 1449
20271222|0549|0721|1210|1429|1649|1816|24 Recep 1449
20271223|0549|0721|1210|1429|1650|1816|25 Recep 1449
20271224|0550|0722|1211|1430|1650|1817|26 Recep 1449
20271225|0550|0722|1211|1430|1651|1817|27 Recep 1449
20271226|0551|0723|1212|1431|1651|1818|28 Recep 1449
20271227|0551|0723|1212|1431|1652|1818|29 Recep 1449
20271228|0551|0723|1213|1432|1653|1819|30 Recep 1449
20271229|0552|0723|1213|1433|1653|1820|1 Şaban 1449
20271230|0552|0724|1214|1433|1654|1820|2 Şaban 1449
20271231|0552|0724|1214|1434|1655|1821|3 Şaban 1449
#@9592|Digor|KARS|730
20260101|0551|0722|1215|1436|1657|1823|12 Recep 1447
20260102|0552|0722|1215|1437|1658|1823|13 Recep 1447
20260103|0552|0723|1216|1438|1659|1824|14 Recep 1447
20260104|0552|0723|1216|1439|1700|1825|15 Recep 1447
20260105|0552|0723|1217|1440|1701|1826|16 Recep 1447
20260106|0552|0723|1217|1440|1701|1826|17 Recep 1447
20260107|0552|0722|1217|1441|1702|1827|18 Recep 1447
20260108|0552|0722|1218|1442|1703|1828|19 Recep 1447
20260109|0552|0722|1218|1443|1704|1829|20 Recep 1447
20260110|0552|0722|1219|1444|1705|1830|21 Recep 1447
20260111|0552|0722|1219|1445|1706|1831|22 Recep 1447
20260112|0552|0722|1219|1446|1707|1832|23 Recep 1447
20260113|0552|0721|1220|1447|1709|1833|24 Recep 1447
20260114|0552|0721|1220|1448|1710|1834|25 Recep 1447
20260115|0551|0721|1221|1449|1711|1835|26 Recep 1447
20260116|0551|0720|1221|1450|1712|1835|27 Recep 1447
20260117|0551|0720|1221|1451|1713|1836|28 Recep 1447
20260118|0550|0719|1222|1452|1714|1837|29 Recep 1447
20260119|0550|0719|1222|1453|1715|1838|30 Recep 1447
20260120|0550|0718|1222|1454|1716|1839|1 Şaban 1447
20260121|0549|0718|1223|1455|1718|1840|2 Şaban 1447
20260122|0549|0717|1223|1456|1719|1841|3 Şaban 1447
20260123|0548|0716|1223|1457|1720|1842|4 Şaban 1447
20260124|0548|0716|1223|1458|1721|1843|5 Şaban 1447
20260125|0547|0715|1224|1459|1722|1845|6 Şaban 1447
20260126|0547|0714|1224|1500|1723|1846|7 Şaban 1447
20260127|0546|0713|1224|1501|1725|1847|8 Şaban 1447
20260128|0545|0713|1224|1502|1726|1848|9 Şaban 1447
20260129|0545|0712|1224|1503|1727|1849|10 Şaban 1447
20260130|0544|0711|1225|1504|1728|1850|11 Şaban 1447
20260131|0543|0710|1225|1505|1730|1851|12 Şaban 1447
20260201|0543|0709|1225|1506|1731|1852|13 Şaban 1447
20260202|0542|0708|1225|1507|1732|1853|14 Şaban 1447
20260203|0541|0707|1225|1508|1733|1854|15 Şaban 1447
20260204|0540|0706|1225|1509|1734|1855|16 Şaban 1447
20260205|0539|0705|1225|1510|1736|1856|17 Şaban 1447
20260206|0538|0704|1225|1511|1737|1857|18 Şaban 1447
20260207|0537|0703|1225|1512|1738|1858|19 Şaban 1447
20260208|0536|0702|1225|1513|1739|1859|20 Şaban 1447
20260209|0535|0701|1226|1514|1740|1900|21 Şaban 1447
20260210|0534|0659|1226|1515|1742|1902|22 Şaban 1447
20260211|0533|0658|1226|1516|1743|1903|23 Şaban 1447
20260212|0532|0657|1226|1517|1744|1904|24 Şaban 1447
20260213|0531|0656|1226|1518|1745|1905|25 Şaban 1447
20260214|0530|0655|1226|1519|1747|1906|26 Şaban 1447
20260215|0529|0653|1225|1519|1748|1907|27 Şaban 1447
20260216|0528|0652|1225|1520|1749|1908|28 Şaban 1447
20260217|0526|0651|1225|1521|1750|1909|29 Şaban 1447
20260218|0525|0649|1225|1522|1751|1910|30 Şaban 1447
20260219|0524|0648|1225|1523|1752|1911|1 Ramazan 1447
20260220|0523|0647|1225|1524|1754|1912|2 Ramazan 1447
20260221|0521|0645|1225|1525|1755|1913|3 Ramazan 1447
20260222|0520|0644|1225|1526|1756|1914|4 Ramazan 1447
20260223|0519|0642|1225|1526|1757|1916|5 Ramazan 1447
20260224|0517|0641|1225|1527|1758|1917|6 Ramazan 1447
20260225|0516|0640|1224|1528|1759|1918|7 Ramazan 1447
20260226|0515|0638|1224|1529|1801|1919|8 Ramazan 1447
20260227|0513|0637|1224|1530|1802|1920|9 Ramazan 1447
20260228|0512|0635|1224|1530|1803|1921|10 Ramazan 1447
20260301|0510|0634|1224|1531|1804|1922|11 Ramazan 1447
20260302|0509|0632|1224|1532|1805|1923|12 Ramazan 1447
20260303|0507|0631|1223|1533|1806|1924|13 Ramazan 1447
20260304|0506|0629|1223|1533|1807|1925|14 Ramazan 1447
20260305|0504|0628|1223|1534|1808|1927|15 Ramazan 1447
20260306|0503|0626|1223|1535|1810|1928|16 Ramazan 1447
20260307|0501|0624|1222|1535|1811|1929|17 Ramazan 1447
20260308|0459|0623|1222|1536|1812|1930|18 Ramazan 1447
20260309|0458|0621|1222|1537|1813|1931|19 Ramazan 1447
20260310|0456|0620|1222|1537|1814|1932|20 Ramazan 1447
20260311|0455|0618|1221|1538|1815|1933|21 Ramazan 1447
20260312|0453|0616|1221|1539|1816|1934|22 Ramazan 1447
20260313|0451|0615|1221|1539|1817|1935|23 Ramazan 1447
20260314|0450|0613|1221|1540|1818|1937|24 Ramazan 1447
20260315|0448|0612|1220|1540|1819|1938|25 Ramazan 1447
20260316|0446|0610|1220|1541|1820|1939|26 Ramazan 1447
20260317|0444|0608|1220|1541|1821|1940|27 Ramazan 1447
20260318|0443|0607|1220|1542|1822|1941|28 Ramazan 1447
20260319|0441|0605|1219|1543|1823|1942|29 Ramazan 1447
20260320|0439|0603|1219|1543|1825|1943|1 Şevval 1447
20260321|0437|0602|1219|1544|1826|1945|2 Şevval 1447
20260322|0436|0600|1218|1544|1827|1946|3 Şevval 1447
20260323|0434|0559|1218|1545|1828|1947|4 Şevval 1447
20260324|0432|0557|1218|1545|1829|1948|5 Şevval 1447
20260325|0430|0555|1217|1546|1830|1949|6 Şevval 1447
20260326|0428|0554|1217|1546|1831|1950|7 Şevval 1447
20260327|0427|0552|1217|1546|1832|1952|8 Şevval 1447
20260328|0425|0550|1217|1547|1833|1953|9 Şevval 1447
20260329|0423|0549|1216|1547|1834|1954|10 Şevval 1447
20260330|0421|0547|1216|1548|1835|1955|11 Şevval 1447
20260331|0419|0545|1216|1548|1836|1956|12 Şevval 1447
20260401|0417|0544|1215|1549|1837|1958|13 Şevval 1447
20260402|0416|0542|1215|1549|1838|1959|14 Şevval 1447
20260403|0414|0541|1215|1549|1839|2000|15 Şevval 1447
20260404|0412|0539|1214|1550|1840|2001|16 Şevval 1447
20260405|0410|0537|1214|1550|1841|2003|17 Şevval 1447
20260406|0408|0536|1214|1551|1842|2004|18 Şevval 1447
20260407|0406|0534|1214|1551|1843|2005|19 Şevval 1447
20260408|0404|0533|1213|1551|1844|2007|20 Şevval 1447
20260409|0402|0531|1213|1552|1845|2008|21 Şevval 1447
20260410|0401|0529|1213|1552|1846|2009|22 Şevval 1447
20260411|0359|0528|1213|1552|1847|2010|23 Şevval 1447
20260412|0357|0526|1212|1553|1848|2012|24 Şevval 1447
20260413|0355|0525|1212|1553|1849|2013|25 Şevval 1447
20260414|0353|0523|1212|1553|1850|2014|26 Şevval 1447
20260415|0351|0522|1212|1554|1851|2016|27 Şevval 1447
20260416|0349|0520|1211|1554|1852|2017|28 Şevval 1447
20260417|0347|0519|1211|1554|1854|2019|29 Şevval 1447
20260418|0346|0517|1211|1555|1855|2020|1 Zilkade 1447
20260419|0344|0516|1211|1555|1856|2021|2 Zilkade 1447
20260420|0342|0514|1210|1555|1857|2023|3 Zilkade 1447
20260421|0340|0513|1210|1555|1858|2024|4 Zilkade 1447
20260422|0338|0511|1210|1556|1859|2025|5 Zilkade 1447
20260423|0336|0510|1210|1556|1900|2027|6 Zilkade 1447
20260424|0335|0508|1210|1556|1901|2028|7 Zilkade 1447
20260425|0333|0507|1209|1557|1902|2030|8 Zilkade 1447
20260426|0331|0506|1209|1557|1903|2031|9 Zilkade 1447
20260427|0329|0504|1209|1557|1904|2033|10 Zilkade 1447
20260428|0327|0503|1209|1557|1905|2034|11 Zilkade 1447
20260429|0326|0502|1209|1558|1906|2035|12 Zilkade 1447
20260430|0324|0500|1209|1558|1907|2037|13 Zilkade 1447
20260501|0322|0459|1209|1558|1908|2038|14 Zilkade 1447
20260502|0320|0458|1208|1558|1909|2040|15 Zilkade 1447
20260503|0318|0457|1208|1559|1910|2041|16 Zilkade 1447
20260504|0317|0455|1208|1559|1911|2043|17 Zilkade 1447
20260505|0315|0454|1208|1559|1912|2044|18 Zilkade 1447
20260506|0313|0453|1208|1600|1913|2046|19 Zilkade 1447
20260507|0312|0452|1208|1600|1914|2047|20 Zilkade 1447
20260508|0310|0451|1208|1600|1915|2049|21 Zilkade 1447
20260509|0308|0450|1208|1600|1916|2050|22 Zilkade 1447
20260510|0307|0449|1208|1601|1917|2052|23 Zilkade 1447
20260511|0305|0448|1208|1601|1918|2053|24 Zilkade 1447
20260512|0304|0446|1208|1601|1919|2055|25 Zilkade 1447
20260513|0302|0445|1208|1601|1920|2056|26 Zilkade 1447
20260514|0301|0444|1208|1602|1921|2057|27 Zilkade 1447
20260515|0259|0444|1208|1602|1922|2059|28 Zilkade 1447
20260516|0258|0443|1208|1602|1923|2100|29 Zilkade 1447
20260517|0256|0442|1208|1602|1924|2102|30 Zilkade 1447
20260518|0255|0441|1208|1603|1925|2103|1 Zilhicce 1447
20260519|0253|0440|1208|1603|1926|2105|2 Zilhicce 1447
20260520|0252|0439|1208|1603|1927|2106|3 Zilhicce 1447
20260521|0251|0438|1208|1604|1928|2107|4 Zilhicce 1447
20260522|0249|0438|1208|1604|1928|2109|5 Zilhicce 1447
20260523|0248|0437|1208|1604|1929|2110|6 Zilhicce 1447
20260524|0247|0436|1208|1604|1930|2111|7 Zilhicce 1447
20260525|0246|0435|1208|1605|1931|2113|8 Zilhicce 1447
20260526|0245|0435|1208|1605|1932|2114|9 Zilhicce 1447
20260527|0243|0434|1208|1605|1933|2115|10 Zilhicce 1447
20260528|0242|0434|1209|1605|1934|2117|11 Zilhicce 1447
20260529|0241|0433|1209|1606|1934|2118|12 Zilhicce 1447
20260530|0240|0433|1209|1606|1935|2119|13 Zilhicce 1447
20260531|0239|0432|1209|1606|1936|2120|14 Zilhicce 1447
20260601|0239|0432|1209|1607|1937|2121|15 Zilhicce 1447
20260602|0238|0431|1209|1607|1937|2122|16 Zilhicce 1447
20260603|0237|0431|1209|1607|1938|2123|17 Zilhicce 1447
20260604|0236|0430|1210|1607|1939|2125|18 Zilhicce 1447
20260605|0235|0430|1210|1608|1939|2126|19 Zilhicce 1447
20260606|0235|0430|1210|1608|1940|2126|20 Zilhicce 1447
20260607|0234|0430|1210|1608|1941|2127|21 Zilhicce 1447
20260608|0234|0429|1210|1608|1941|2128|22 Zilhicce 1447
20260609|0233|0429|1211|1609|1942|2129|23 Zilhicce 1447
20260610|0233|0429|1211|1609|1942|2130|24 Zilhicce 1447
20260611|0232|0429|1211|1609|1943|2131|25 Zilhicce 1447
20260612|0232|0429|1211|1609|1944|2131|26 Zilhicce 1447
20260613|0232|0429|1211|1610|1944|2132|27 Zilhicce 1447
20260614|0231|0429|1212|1610|1944|2133|28 Zilhicce 1447
20260615|0231|0429|1212|1610|1945|2133|29 Zilhicce 1447
20260616|0231|0429|1212|1610|1945|2134|1 Muharrem 1448
20260617|0231|0429|1212|1611|1946|2134|2 Muharrem 1448
20260618|0231|0429|1212|1611|1946|2135|3 Muharrem 1448
20260619|0231|0429|1213|1611|1946|2135|4 Muharrem 1448
20260620|0231|0429|1213|1611|1947|2135|5 Muharrem 1448
20260621|0231|0429|1213|1612|1947|2136|6 Muharrem 1448
20260622|0232|0430|1213|1612|1947|2136|7 Muharrem 1448
20260623|0232|0430|1214|1612|1947|2136|8 Muharrem 1448
20260624|0232|0430|1214|1612|1947|2136|9 Muharrem 1448
20260625|0233|0431|1214|1612|1947|2136|10 Muharrem 1448
20260626|0233|0431|1214|1613|1948|2136|11 Muharrem 1448
20260627|0234|0431|1214|1613|1948|2136|12 Muharrem 1448
20260628|0234|0432|1215|1613|1948|2136|13 Muharrem 1448
20260629|0235|0432|1215|1613|1948|2136|14 Muharrem 1448
20260630|0235|0432|1215|1613|1948|2136|15 Muharrem 1448
20260701|0236|0433|1215|1613|1947|2135|16 Muharrem 1448
20260702|0237|0433|1215|1614|1947|2135|17 Muharrem 1448
20260703|0238|0434|1216|1614|1947|2135|18 Muharrem 1448
20260704|0239|0435|1216|1614|1947|2134|19 Muharrem 1448
20260705|0239|0435|1216|1614|1947|2134|20 Muharrem 1448
20260706|0240|0436|1216|1614|1947|2133|21 Muharrem 1448
20260707|0241|0436|1216|1614|1946|2133|22 Muharrem 1448
20260708|0242|0437|1216|1614|1946|2132|23 Muharrem 1448
20260709|0243|0438|1217|1614|1946|2131|24 Muharrem 1448
20260710|0244|0438|1217|1614|1945|2130|25 Muharrem 1448
20260711|0246|0439|1217|1614|1945|2130|26 Muharrem 1448
20260712|0247|0440|1217|1614|1944|2129|27 Muharrem 1448
20260713|0248|0440|1217|1614|1944|2128|28 Muharrem 1448
20260714|0249|0441|1217|1614|1943|2127|29 Muharrem 1448
20260715|0250|0442|1217|1614|1943|2126|1 Safer 1448
20260716|0252|0443|1217|1614|1942|2125|2 Safer 1448
20260717|0253|0443|1218|1614|1942|2124|3 Safer 1448
20260718|0254|0444|1218|1614|1941|2123|4 Safer 1448
20260719|0255|0445|1218|1614|1940|2122|5 Safer 1448
20260720|0257|0446|1218|1614|1940|2121|6 Safer 1448
20260721|0258|0447|1218|1614|1939|2120|7 Safer 1448
20260722|0300|0448|1218|1614|1938|2118|8 Safer 1448
20260723|0301|0448|1218|1613|1937|2117|9 Safer 1448
20260724|0302|0449|1218|1613|1937|2116|10 Safer 1448
20260725|0304|0450|1218|1613|1936|2114|11 Safer 1448
20260726|0305|0451|1218|1613|1935|2113|12 Safer 1448
20260727|0307|0452|1218|1613|1934|2112|13 Safer 1448
20260728|0308|0453|1218|1612|1933|2110|14 Safer 1448
20260729|0309|0454|1218|1612|1932|2109|15 Safer 1448
20260730|0311|0455|1218|1612|1931|2107|16 Safer 1448
20260731|0312|0456|1218|1611|1930|2106|17 Safer 1448
20260801|0314|0457|1218|1611|1929|2104|18 Safer 1448
20260802|0315|0458|1218|1611|1928|2103|19 Safer 1448
20260803|0317|0458|1218|1610|1927|2101|20 Safer 1448
20260804|0318|0459|1218|1610|1926|2100|21 Safer 1448
20260805|0320|0500|1217|1610|1925|2058|22 Safer 1448
20260806|0321|0501|1217|1609|1923|2057|23 Safer 1448
20260807|0323|0502|1217|1609|1922|2055|24 Safer 1448
20260808|0324|0503|1217|1608|1921|2053|25 Safer 1448
20260809|0326|0504|1217|1608|1920|2052|26 Safer 1448
20260810|0327|0505|1217|1607|1919|2050|27 Safer 1448
20260811|0328|0506|1217|1607|1917|2048|28 Safer 1448
20260812|0330|0507|1217|1606|1916|2046|29 Safer 1448
20260813|0331|0508|1216|1606|1915|2045|30 Safer 1448
20260814|0333|0509|1216|1605|1913|2043|1 Rebiulevvel 1448
20260815|0334|0510|1216|1604|1912|2041|2 Rebiulevvel 1448
20260816|0336|0511|1216|1604|1911|2039|3 Rebiulevvel 1448
20260817|0337|0512|1216|1603|1909|2038|4 Rebiulevvel 1448
20260818|0338|0513|1215|1603|1908|2036|5 Rebiulevvel 1448
20260819|0340|0514|1215|1602|1906|2034|6 Rebiulevvel 1448
20260820|0341|0515|1215|1601|1905|2032|7 Rebiulevvel 1448
20260821|0343|0516|1215|1600|1903|2030|8 Rebiulevvel 1448
20260822|0344|0517|1214|1600|1902|2029|9 Rebiulevvel 1448
20260823|0345|0518|1214|1559|1901|2027|10 Rebiulevvel 1448
20260824|0347|0519|1214|1558|1859|2025|11 Rebiulevvel 1448
20260825|0348|0520|1214|1557|1858|2023|12 Rebiulevvel 1448
20260826|0349|0521|1213|1557|1856|2021|13 Rebiulevvel 1448
20260827|0351|0522|1213|1556|1854|2019|14 Rebiulevvel 1448
20260828|0352|0523|1213|1555|1853|2017|15 Rebiulevvel 1448
20260829|0353|0524|1212|1554|1851|2016|16 Rebiulevvel 1448
20260830|0355|0525|1212|1553|1850|2014|17 Rebiulevvel 1448
20260831|0356|0525|1212|1552|1848|2012|18 Rebiulevvel 1448
20260901|0357|0526|1212|1551|1847|2010|19 Rebiulevvel 1448
20260902|0359|0527|1211|1551|1845|2008|20 Rebiulevvel 1448
20260903|0400|0528|1211|1550|1843|2006|21 Rebiulevvel 1448
20260904|0401|0529|1211|1549|1842|2004|22 Rebiulevvel 1448
20260905|0402|0530|1210|1548|1840|2002|23 Rebiulevvel 1448
20260906|0404|0531|1210|1547|1839|2001|24 Rebiulevvel 1448
20260907|0405|0532|1210|1546|1837|1959|25 Rebiulevvel 1448
20260908|0406|0533|1209|1545|1835|1957|26 Rebiulevvel 1448
20260909|0407|0534|1209|1544|1834|1955|27 Rebiulevvel 1448
20260910|0408|0535|1209|1543|1832|1953|28 Rebiulevvel 1448
20260911|0410|0536|1208|1542|1830|1951|29 Rebiulevvel 1448
20260912|0411|0537|1208|1541|1829|1949|1 Rebiulahir 1448
20260913|0412|0538|1207|1540|1827|1947|2 Rebiulahir 1448
20260914|0413|0539|1207|1539|1825|1946|3 Rebiulahir 1448
20260915|0414|0540|1207|1537|1824|1944|4 Rebiulahir 1448
20260916|0415|0541|1206|1536|1822|1942|5 Rebiulahir 1448
20260917|0417|0542|1206|1535|1820|1940|6 Rebiulahir 1448
20260918|0418|0543|1206|1534|1819|1938|7 Rebiulahir 1448
20260919|0419|0544|1205|1533|1817|1936|8 Rebiulahir 1448
20260920|0420|0545|1205|1532|1815|1935|9 Rebiulahir 1448
20260921|0421|0546|1205|1531|1814|1933|10 Rebiulahir 1448
20260922|0422|0547|1204|1530|1812|1931|11 Rebiulahir 1448
20260923|0423|0548|1204|1528|1810|1929|12 Rebiulahir 1448
20260924|0424|0549|1204|1527|1809|1927|13 Rebiulahir 1448
20260925|0425|0549|1203|1526|1807|1926|14 Rebiulahir 1448
20260926|0426|0550|1203|1525|1805|1924|15 Rebiulahir 1448
20260927|0428|0551|1203|1524|1804|1922|16 Rebiulahir 1448
20260928|0429|0552|1202|1523|1802|1920|17 Rebiulahir 1448
20260929|0430|0553|1202|1521|1800|1919|18 Rebiulahir 1448
20260930|0431|0554|1202|1520|1759|1917|19 Rebiulahir 1448
20261001|0432|0555|1201|1519|1757|1915|20 Rebiulahir 1448
20261002|0433|0556|1201|1518|1755|1914|21 Rebiulahir 1448
20261003|0434|0557|1201|1517|1754|1912|22 Rebiulahir 1448
20261004|0435|0558|1200|1516|1752|1910|23 Rebiulahir 1448
20261005|0436|0559|1200|1514|1750|1909|24 Rebiulahir 1448
20261006|0437|0600|1200|1513|1749|1907|25 Rebiulahir 1448
20261007|0438|0601|1159|1512|1747|1905|26 Rebiulahir 1448
20261008|0439|0602|1159|1511|1746|1904|27 Rebiulahir 1448
20261009|0440|0604|1159|1510|1744|1902|28 Rebiulahir 1448
20261010|0441|0605|1158|1508|1742|1901|29 Rebiulahir 1448
20261011|0442|0606|1158|1507|1741|1859|30 Rebiulahir 1448
20261012|0443|0607|1158|1506|1739|1857|1 Cemaziyelevvel 1448
20261013|0444|0608|1158|1505|1738|1856|2 Cemaziyelevvel 1448
20261014|0445|0609|1157|1504|1736|1854|3 Cemaziyelevvel 1448
20261015|0446|0610|1157|1503|1735|1853|4 Cemaziyelevvel 1448
20261016|0447|0611|1157|1501|1733|1852|5 Cemaziyelevvel 1448
20261017|0448|0612|1157|1500|1732|1850|6 Cemaziyelevvel 1448
20261018|0449|0613|1157|1459|1730|1849|7 Cemaziyelevvel 1448
20261019|0450|0614|1156|1458|1729|1847|8 Cemaziyelevvel 1448
20261020|0451|0615|1156|1457|1727|1846|9 Cemaziyelevvel 1448
20261021|0452|0616|1156|1456|1726|1845|10 Cemaziyelevvel 1448
20261022|0453|0617|1156|1455|1724|1843|11 Cemaziyelevvel 1448
20261023|0454|0618|1156|1454|1723|1842|12 Cemaziyelevvel 1448
20261024|0455|0620|1156|1453|1722|1841|13 Cemaziyelevvel 1448
20261025|0456|0621|1155|1451|1720|1839|14 Cemaziyelevvel 1448
20261026|0457|0622|1155|1450|1719|1838|15 Cemaziyelevvel 1448
20261027|0459|0623|1155|1449|1718|1837|16 Cemaziyelevvel 1448
20261028|0500|0624|1155|1448|1716|1836|17 Cemaziyelevvel 1448
20261029|0501|0625|1155|1447|1715|1834|18 Cemaziyelevvel 1448
20261030|0502|0626|1155|1446|1714|1833|19 Cemaziyelevvel 1448
20261031|0503|0628|1155|1445|1713|1832|20 Cemaziyelevvel 1448
20261101|0504|0629|1155|1444|1711|1831|21 Cemaziyelevvel 1448
20261102|0505|0630|1155|1443|1710|1830|22 Cemaziyelevvel 1448
20261103|0506|0631|1155|1442|1709|1829|23 Cemaziyelevvel 1448
20261104|0507|0632|1155|1442|1708|1828|24 Cemaziyelevvel 1448
20261105|0508|0633|1155|1441|1707|1827|25 Cemaziyelevvel 1448
20261106|0509|0634|1155|1440|1706|1826|26 Cemaziyelevvel 1448
20261107|0510|0636|1155|1439|1704|1825|27 Cemaziyelevvel 1448
20261108|0511|0637|1155|1438|1703|1824|28 Cemaziyelevvel 1448
20261109|0512|0638|1155|1437|1702|1823|29 Cemaziyelevvel 1448
20261110|0513|0639|1155|1437|1701|1822|1 Cemaziyelahir 1448
20261111|0514|0640|1155|1436|1700|1822|2 Cemaziyelahir 1448
20261112|0515|0641|1155|1435|1659|1821|3 Cemaziyelahir 1448
20261113|0516|0643|1156|1434|1659|1820|4 Cemaziyelahir 1448
20261114|0517|0644|1156|1434|1658|1819|5 Cemaziyelahir 1448
20261115|0518|0645|1156|1433|1657|1819|6 Cemaziyelahir 1448
20261116|0519|0646|1156|1432|1656|1818|7 Cemaziyelahir 1448
20261117|0520|0647|1156|1432|1655|1817|8 Cemaziyelahir 1448
20261118|0521|0648|1156|1431|1654|1817|9 Cemaziyelahir 1448
20261119|0522|0650|1157|1431|1654|1816|10 Cemaziyelahir 1448
20261120|0523|0651|1157|1430|1653|1816|11 Cemaziyelahir 1448
20261121|0524|0652|1157|1430|1652|1815|12 Cemaziyelahir 1448
20261122|0525|0653|1157|1429|1652|1815|13 Cemaziyelahir 1448
20261123|0526|0654|1158|1429|1651|1814|14 Cemaziyelahir 1448
20261124|0526|0655|1158|1428|1651|1814|15 Cemaziyelahir 1448
20261125|0527|0656|1158|1428|1650|1814|16 Cemaziyelahir 1448
20261126|0528|0657|1158|1427|1650|1813|17 Cemaziyelahir 1448
20261127|0529|0658|1159|1427|1649|1813|18 Cemaziyelahir 1448
20261128|0530|0659|1159|1427|1649|1813|19 Cemaziyelahir 1448
20261129|0531|0701|1159|1427|1648|1812|20 Cemaziyelahir 1448
20261130|0532|0702|1200|1426|1648|1812|21 Cemaziyelahir 1448
20261201|0533|0703|1200|1426|1648|1812|22 Cemaziyelahir 1448
20261202|0534|0704|1201|1426|1648|1812|23 Cemaziyelahir 1448
20261203|0535|0705|1201|1426|1647|1812|24 Cemaziyelahir 1448
20261204|0535|0706|1201|1426|1647|1812|25 Cemaziyelahir 1448
20261205|0536|0707|1202|1426|1647|1812|26 Cemaziyelahir 1448
20261206|0537|0707|1202|1426|1647|1812|27 Cemaziyelahir 1448
20261207|0538|0708|1203|1426|1647|1812|28 Cemaziyelahir 1448
20261208|0539|0709|1203|1426|1647|1812|29 Cemaziyelahir 1448
20261209|0540|0710|1203|1426|1647|1812|30 Cemaziyelahir 1448
20261210|0540|0711|1204|1426|1647|1812|1 Recep 1448
20261211|0541|0712|1204|1426|1647|1812|2 Recep 1448
20261212|0542|0713|1205|1426|1647|1812|3 Recep 1448
20261213|0542|0713|1205|1426|1647|1813|4 Recep 1448
20261214|0543|0714|1206|1427|1647|1813|5 Recep 1448
20261215|0544|0715|1206|1427|1648|1813|6 Recep 1448
20261216|0544|0716|1207|1427|1648|1814|7 Recep 1448
20261217|0545|0716|1207|1428|1648|1814|8 Recep 1448
20261218|0546|0717|1208|1428|1649|1814|9 Recep 1448
20261219|0546|0717|1208|1428|1649|1815|10 Recep 1448
20261220|0547|0718|1209|1429|1649|1815|11 Recep 1448
20261221|0547|0719|1209|1429|1650|1816|12 Recep 1448
20261222|0548|0719|1210|1430|1650|1816|13 Recep 1448
20261223|0548|0720|1210|1430|1651|1817|14 Recep 1448
20261224|0549|0720|1211|1431|1651|1817|15 Recep 1448
20261225|0549|0720|1211|1431|1652|1818|16 Recep 1448
20261226|0550|0721|1212|1432|1653|1818|17 Recep 1448
20261227|0550|0721|1212|1433|1653|1819|18 Recep 1448
20261228|0550|0721|1213|1433|1654|1820|19 Recep 1448
20261229|0551|0722|1213|1434|1655|1820|20 Recep 1448
20261230|0551|0722|1214|1435|1655|1821|21 Recep 1448
20261231|0551|0722|1214|1435|1656|1822|22 Recep 1448
20270101|0551|0722|1215|1436|1657|1822|23 Recep 1448
20270102|0552|0722|1215|1437|1658|1823|24 Recep 1448
20270103|0552|0722|1216|1438|1659|1824|25 Recep 1448
20270104|0552|0723|1216|1438|1659|1825|26 Recep 1448
20270105|0552|0723|1216|1439|1700|1825|27 Recep 1448
20270106|0552|0723|1217|1440|1701|1826|28 Recep 1448
20270107|0552|0722|1217|1441|1702|1827|29 Recep 1448
20270108|0552|0722|1218|1442|1703|1828|30 Recep 1448
20270109|0552|0722|1218|1443|1704|1829|1 Şaban 1448
20270110|0552|0722|1219|1444|1705|1830|2 Şaban 1448
20270111|0552|0722|1219|1445|1706|1831|3 Şaban 1448
20270112|0552|0722|1219|1446|1707|1831|4 Şaban 1448
20270113|0552|0721|1220|1447|1708|1832|5 Şaban 1448
20270114|0552|0721|1220|1447|1709|1833|6 Şaban 1448
20270115|0551|0721|1221|1448|1710|1834|7 Şaban 1448
20270116|0551|0720|1221|1449|1712|1835|8 Şaban 1448
20270117|0551|0720|1221|1450|1713|1836|9 Şaban 1448
20270118|0551|0719|1222|1451|1714|1837|10 Şaban 1448
20270119|0550|0719|1222|1452|1715|1838|11 Şaban 1448
20270120|0550|0718|1222|1453|1716|1839|12 Şaban 1448
20270121|0549|0718|1222|1454|1717|1840|13 Şaban 1448
20270122|0549|0717|1223|1455|1718|1841|14 Şaban 1448
20270123|0548|0716|1223|1456|1720|1842|15 Şaban 1448
20270124|0548|0716|1223|1457|1721|1843|16 Şaban 1448
20270125|0547|0715|1223|1459|1722|1844|17 Şaban 1448
20270126|0547|0714|1224|1500|1723|1845|18 Şaban 1448
20270127|0546|0714|1224|1501|1724|1846|19 Şaban 1448
20270128|0546|0713|1224|1502|1726|1847|20 Şaban 1448
20270129|0545|0712|1224|1503|1727|1848|21 Şaban 1448
20270130|0544|0711|1225|1504|1728|1849|22 Şaban 1448
20270131|0544|0710|1225|1505|1729|1851|23 Şaban 1448
20270201|0543|0709|1225|1506|1730|1852|24 Şaban 1448
20270202|0542|0708|1225|1507|1732|1853|25 Şaban 1448
20270203|0541|0707|1225|1508|1733|1854|26 Şaban 1448
20270204|0540|0706|1225|1509|1734|1855|27 Şaban 1448
20270205|0539|0705|1225|1510|1735|1856|28 Şaban 1448
20270206|0539|0704|1225|1511|1737|1857|29 Şaban 1448
20270207|0538|0703|1225|1512|1738|1858|30 Şaban 1448
20270208|0537|0702|1225|1513|1739|1859|1 Ramazan 1448
20270209|0536|0701|1226|1514|1740|1900|2 Ramazan 1448
20270210|0535|0700|1226|1515|1741|1901|3 Ramazan 1448
20270211|0534|0659|1226|1516|1743|1902|4 Ramazan 1448
20270212|0532|0657|1226|1516|1744|1903|5 Ramazan 1448
20270213|0531|0656|1226|1517|1745|1904|6 Ramazan 1448
20270214|0530|0655|1226|1518|1746|1906|7 Ramazan 1448
20270215|0529|0654|1225|1519|1747|1907|8 Ramazan 1448
20270216|0528|0652|1225|1520|1749|1908|9 Ramazan 1448
20270217|0527|0651|1225|1521|1750|1909|10 Ramazan 1448
20270218|0526|0650|1225|1522|1751|1910|11 Ramazan 1448
20270219|0524|0648|1225|1523|1752|1911|12 Ramazan 1448
20270220|0523|0647|1225|1524|1753|1912|13 Ramazan 1448
20270221|0522|0646|1225|1525|1755|1913|14 Ramazan 1448
20270222|0520|0644|1225|1525|1756|1914|15 Ramazan 1448
20270223|0519|0643|1225|1526|1757|1915|16 Ramazan 1448
20270224|0518|0641|1225|1527|1758|1916|17 Ramazan 1448
20270225|0516|0640|1224|1528|1759|1917|18 Ramazan 1448
20270226|0515|0638|1224|1529|1800|1919|19 Ramazan 1448
20270227|0513|0637|1224|1529|1801|1920|20 Ramazan 1448
20270228|0512|0635|1224|1530|1803|1921|21 Ramazan 1448
20270301|0511|0634|1224|1531|1804|1922|22 Ramazan 1448
20270302|0509|0632|1224|1532|1805|1923|23 Ramazan 1448
20270303|0508|0631|1223|1532|1806|1924|24 Ramazan 1448
20270304|0506|0629|1223|1533|1807|1925|25 Ramazan 1448
20270305|0504|0628|1223|1534|1808|1926|26 Ramazan 1448
20270306|0503|0626|1223|1534|1809|1927|27 Ramazan 1448
20270307|0501|0625|1223|1535|1810|1928|28 Ramazan 1448
20270308|0500|0623|1222|1536|1811|1930|29 Ramazan 1448
20270309|0458|0622|1222|1536|1813|1931|1 Şevval 1448
20270310|0457|0620|1222|1537|1814|1932|2 Şevval 1448
20270311|0455|0618|1222|1538|1815|1933|3 Şevval 1448
20270312|0453|0617|1221|1538|1816|1934|4 Şevval 1448
20270313|0452|0615|1221|1539|1817|1935|5 Şevval 1448
20270314|0450|0614|1221|1540|1818|1936|6 Şevval 1448
20270315|0448|0612|1220|1540|1819|1937|7 Şevval 1448
20270316|0447|0610|1220|1541|1820|1939|8 Şevval 1448
20270317|0445|0609|1220|1541|1821|1940|9 Şevval 1448
20270318|0443|0607|1220|1542|1822|1941|10 Şevval 1448
20270319|0441|0605|1219|1542|1823|1942|11 Şevval 1448
20270320|0440|0604|1219|1543|1824|1943|12 Şevval 1448
20270321|0438|0602|1219|1543|1825|1944|13 Şevval 1448
20270322|0436|0601|1218|1544|1826|1945|14 Şevval 1448
20270323|0434|0559|1218|1544|1827|1947|15 Şevval 1448
20270324|0432|0557|1218|1545|1828|1948|16 Şevval 1448
20270325|0431|0556|1218|1545|1830|1949|17 Şevval 1448
20270326|0429|0554|1217|1546|1831|1950|18 Şevval 1448
20270327|0427|0552|1217|1546|1832|1951|19 Şevval 1448
20270328|0425|0551|1217|1547|1833|1953|20 Şevval 1448
20270329|0423|0549|1216|1547|1834|1954|21 Şevval 1448
20270330|0422|0547|1216|1548|1835|1955|22 Şevval 1448
20270331|0420|0546|1216|1548|1836|1956|23 Şevval 1448
20270401|0418|0544|1215|1548|1837|1957|24 Şevval 1448
20270402|0416|0543|1215|1549|1838|1959|25 Şevval 1448
20270403|0414|0541|1215|1549|1839|2000|26 Şevval 1448
20270404|0412|0539|1215|1550|1840|2001|27 Şevval 1448
20270405|0410|0538|1214|1550|1841|2002|28 Şevval 1448
20270406|0409|0536|1214|1550|1842|2004|29 Şevval 1448
20270407|0407|0534|1214|1551|1843|2005|30 Şevval 1448
20270408|0405|0533|1213|1551|1844|2006|1 Zilkade 1448
20270409|0403|0531|1213|1552|1845|2008|2 Zilkade 1448
20270410|0401|0530|1213|1552|1846|2009|3 Zilkade 1448
20270411|0359|0528|1213|1552|1847|2010|4 Zilkade 1448
20270412|0357|0527|1212|1553|1848|2011|5 Zilkade 1448
20270413|0355|0525|1212|1553|1849|2013|6 Zilkade 1448
20270414|0354|0524|1212|1553|1850|2014|7 Zilkade 1448
20270415|0352|0522|1212|1554|1851|2015|8 Zilkade 1448
20270416|0350|0520|1211|1554|1852|2017|9 Zilkade 1448
20270417|0348|0519|1211|1554|1853|2018|10 Zilkade 1448
20270418|0346|0517|1211|1554|1854|2020|11 Zilkade 1448
20270419|0344|0516|1211|1555|1855|2021|12 Zilkade 1448
20270420|0342|0515|1210|1555|1856|2022|13 Zilkade 1448
20270421|0340|0513|1210|1555|1857|2024|14 Zilkade 1448
20270422|0339|0512|1210|1556|1858|2025|15 Zilkade 1448
20270423|0337|0510|1210|1556|1859|2027|16 Zilkade 1448
20270424|0335|0509|1210|1556|1900|2028|17 Zilkade 1448
20270425|0333|0507|1209|1556|1902|2029|18 Zilkade 1448
20270426|0331|0506|1209|1557|1903|2031|19 Zilkade 1448
20270427|0330|0505|1209|1557|1904|2032|20 Zilkade 1448
20270428|0328|0503|1209|1557|1905|2034|21 Zilkade 1448
20270429|0326|0502|1209|1558|1906|2035|22 Zilkade 1448
20270430|0324|0501|1209|1558|1907|2037|23 Zilkade 1448
20270501|0322|0459|1209|1558|1908|2038|24 Zilkade 1448
20270502|0321|0458|1208|1558|1909|2040|25 Zilkade 1448
20270503|0319|0457|1208|1559|1910|2041|26 Zilkade 1448
20270504|0317|0456|1208|1559|1911|2042|27 Zilkade 1448
20270505|0315|0455|1208|1559|1912|2044|28 Zilkade 1448
20270506|0314|0453|1208|1559|1913|2045|29 Zilkade 1448
20270507|0312|0452|1208|1600|1914|2047|1 Zilhicce 1448
20270508|0310|0451|1208|1600|1915|2048|2 Zilhicce 1448
20270509|0309|0450|1208|1600|1916|2050|3 Zilhicce 1448
20270510|0307|0449|1208|1601|1917|2051|4 Zilhicce 1448
20270511|0306|0448|1208|1601|1918|2053|5 Zilhicce 1448
20270512|0304|0447|1208|1601|1919|2054|6 Zilhicce 1448
20270513|0302|0446|1208|1601|1920|2056|7 Zilhicce 1448
20270514|0301|0445|1208|1602|1921|2057|8 Zilhicce 1448
20270515|0259|0444|1208|1602|1922|2059|9 Zilhicce 1448
20270516|0258|0443|1208|1602|1923|2100|10 Zilhicce 1448
20270517|0257|0442|1208|1602|1924|2101|11 Zilhicce 1448
20270518|0255|0441|1208|1603|1925|2103|12 Zilhicce 1448
20270519|0254|0440|1208|1603|1926|2104|13 Zilhicce 1448
20270520|0252|0439|1208|1603|1926|2106|14 Zilhicce 1448
20270521|0251|0439|1208|1603|1927|2107|15 Zilhicce 1448
20270522|0250|0438|1208|1604|1928|2108|16 Zilhicce 1448
20270523|0248|0437|1208|1604|1929|2110|17 Zilhicce 1448
20270524|0247|0436|1208|1604|1930|2111|18 Zilhicce 1448
20270525|0246|0436|1208|1605|1931|2112|19 Zilhicce 1448
20270526|0245|0435|1208|1605|1932|2114|20 Zilhicce 1448
20270527|0244|0434|1208|1605|1933|2115|21 Zilhicce 1448
20270528|0243|0434|1209|1605|1933|2116|22 Zilhicce 1448
20270529|0242|0433|1209|1606|1934|2117|23 Zilhicce 1448
20270530|0241|0433|1209|1606|1935|2119|24 Zilhicce 1448
20270531|0240|0432|1209|1606|1936|2120|25 Zilhicce 1448
20270601|0239|0432|1209|1606|1937|2121|26 Zilhicce 1448
20270602|0238|0431|1209|1607|1937|2122|27 Zilhicce 1448
20270603|0237|0431|1209|1607|1938|2123|28 Zilhicce 1448
20270604|0236|0431|1210|1607|1939|2124|29 Zilhicce 1448
20270605|0236|0430|1210|1608|1939|2125|30 Zilhicce 1448
20270606|0235|0430|1210|1608|1940|2126|1 Muharrem 1449
20270607|0234|0430|1210|1608|1941|2127|2 Muharrem 1449
20270608|0234|0429|1210|1608|1941|2128|3 Muharrem 1449
20270609|0233|0429|1211|1609|1942|2129|4 Muharrem 1449
20270610|0233|0429|1211|1609|1942|2130|5 Muharrem 1449
20270611|0232|0429|1211|1609|1943|2131|6 Muharrem 1449
20270612|0232|0429|1211|1609|1943|2131|7 Muharrem 1449
20270613|0232|0429|1211|1610|1944|2132|8 Muharrem 1449
20270614|0232|0429|1212|1610|1944|2133|9 Muharrem 1449
20270615|0231|0429|1212|1610|1945|2133|10 Muharrem 1449
20270616|0231|0429|1212|1610|1945|2134|11 Muharrem 1449
20270617|0231|0429|1212|1611|1946|2134|12 Muharrem 1449
20270618|0231|0429|1212|1611|1946|2135|13 Muharrem 1449
20270619|0231|0429|1213|1611|1946|2135|14 Muharrem 1449
20270620|0231|0429|1213|1611|1946|2135|15 Muharrem 1449
20270621|0231|0429|1213|1612|1947|2136|16 Muharrem 1449
20270622|0232|0430|1213|1612|1947|2136|17 Muharrem 1449
20270623|0232|0430|1213|1612|1947|2136|18 Muharrem 1449
20270624|0232|0430|1214|1612|1947|2136|19 Muharrem 1449
20270625|0233|0430|1214|1612|1947|2136|20 Muharrem 1449
20270626|0233|0431|1214|1613|1947|2136|21 Muharrem 1449
20270627|0234|0431|1214|1613|1948|2136|22 Muharrem 1449
20270628|0234|0432|1215|1613|1948|2136|23 Muharrem 1449
20270629|0235|0432|1215|1613|1948|2136|24 Muharrem 1449
20270630|0235|0432|1215|1613|1948|2136|25 Muharrem 1449
20270701|0236|0433|1215|1613|1947|2135|26 Muharrem 1449
20270702|0237|0433|1215|1614|1947|2135|27 Muharrem 1449
20270703|0238|0434|1216|1614|1947|2135|28 Muharrem 1449
20270704|0238|0434|1216|1614|1947|2134|29 Muharrem 1449
20270705|0239|0435|1216|1614|1947|2134|1 Safer 1449
20270706|0240|0436|1216|1614|1947|2133|2 Safer 1449
20270707|0241|0436|1216|1614|1946|2133|3 Safer 1449
20270708|0242|0437|1216|1614|1946|2132|4 Safer 1449
20270709|0243|0437|1217|1614|1946|2131|5 Safer 1449
20270710|0244|0438|1217|1614|1945|2131|6 Safer 1449
20270711|0245|0439|1217|1614|1945|2130|7 Safer 1449
20270712|0246|0439|1217|1614|1944|2129|8 Safer 1449
20270713|0248|0440|1217|1614|1944|2128|9 Safer 1449
20270714|0249|0441|1217|1614|1944|2127|10 Safer 1449
20270715|0250|0442|1217|1614|1943|2126|11 Safer 1449
20270716|0251|0442|1217|1614|1942|2125|12 Safer 1449
20270717|0253|0443|1218|1614|1942|2124|13 Safer 1449
20270718|0254|0444|1218|1614|1941|2123|14 Safer 1449
20270719|0255|0445|1218|1614|1941|2122|15 Safer 1449
20270720|0256|0446|1218|1614|1940|2121|16 Safer 1449
20270721|0258|0447|1218|1614|1939|2120|17 Safer 1449
20270722|0259|0447|1218|1614|1938|2119|18 Safer 1449
20270723|0301|0448|1218|1613|1938|2117|19 Safer 1449
20270724|0302|0449|1218|1613|1937|2116|20 Safer 1449
20270725|0303|0450|1218|1613|1936|2115|21 Safer 1449
20270726|0305|0451|1218|1613|1935|2113|22 Safer 1449
20270727|0306|0452|1218|1613|1934|2112|23 Safer 1449
20270728|0308|0453|1218|1612|1933|2111|24 Safer 1449
20270729|0309|0454|1218|1612|1932|2109|25 Safer 1449
20270730|0311|0455|1218|1612|1931|2108|26 Safer 1449
20270731|0312|0455|1218|1612|1930|2106|27 Safer 1449
20270801|0313|0456|1218|1611|1929|2105|28 Safer 1449
20270802|0315|0457|1218|1611|1928|2103|29 Safer 1449
20270803|0316|0458|1218|1610|1927|2102|1 Rebiulevvel 1449
20270804|0318|0459|1218|1610|1926|2100|2 Rebiulevvel 1449
20270805|0319|0500|1217|1610|1925|2059|3 Rebiulevvel 1449
20270806|0321|0501|1217|1609|1924|2057|4 Rebiulevvel 1449
20270807|0322|0502|1217|1609|1922|2055|5 Rebiulevvel 1449
20270808|0324|0503|1217|1608|1921|2054|6 Rebiulevvel 1449
20270809|0325|0504|1217|1608|1920|2052|7 Rebiulevvel 1449
20270810|0327|0505|1217|1607|1919|2050|8 Rebiulevvel 1449
20270811|0328|0506|1217|1607|1918|2049|9 Rebiulevvel 1449
20270812|0330|0507|1217|1606|1916|2047|10 Rebiulevvel 1449
20270813|0331|0508|1216|1606|1915|2045|11 Rebiulevvel 1449
20270814|0332|0509|1216|1605|1914|2043|12 Rebiulevvel 1449
20270815|0334|0510|1216|1605|1912|2042|13 Rebiulevvel 1449
20270816|0335|0511|1216|1604|1911|2040|14 Rebiulevvel 1449
20270817|0337|0512|1216|1603|1910|2038|15 Rebiulevvel 1449
20270818|0338|0513|1215|1603|1908|2036|16 Rebiulevvel 1449
20270819|0340|0514|1215|1602|1907|2034|17 Rebiulevvel 1449
20270820|0341|0515|1215|1601|1905|2033|18 Rebiulevvel 1449
20270821|0342|0516|1215|1601|1904|2031|19 Rebiulevvel 1449
20270822|0344|0517|1214|1600|1902|2029|20 Rebiulevvel 1449
20270823|0345|0518|1214|1559|1901|2027|21 Rebiulevvel 1449
20270824|0346|0518|1214|1558|1859|2025|22 Rebiulevvel 1449
20270825|0348|0519|1214|1558|1858|2023|23 Rebiulevvel 1449
20270826|0349|0520|1213|1557|1856|2022|24 Rebiulevvel 1449
20270827|0350|0521|1213|1556|1855|2020|25 Rebiulevvel 1449
20270828|0352|0522|1213|1555|1853|2018|26 Rebiulevvel 1449
20270829|0353|0523|1213|1554|1852|2016|27 Rebiulevvel 1449
20270830|0354|0524|1212|1553|1850|2014|28 Rebiulevvel 1449
20270831|0356|0525|1212|1553|1849|2012|29 Rebiulevvel 1449
20270901|0357|0526|1212|1552|1847|2010|30 Rebiulevvel 1449
20270902|0358|0527|1211|1551|1845|2008|1 Rebiulahir 1449
20270903|0359|0528|1211|1550|1844|2007|2 Rebiulahir 1449
20270904|0401|0529|1211|1549|1842|2005|3 Rebiulahir 1449
20270905|0402|0530|1210|1548|1841|2003|4 Rebiulahir 1449
20270906|0403|0531|1210|1547|1839|2001|5 Rebiulahir 1449
20270907|0404|0532|1210|1546|1837|1959|6 Rebiulahir 1449
20270908|0406|0533|1209|1545|1836|1957|7 Rebiulahir 1449
20270909|0407|0534|1209|1544|1834|1955|8 Rebiulahir 1449
20270910|0408|0535|1209|1543|1832|1953|9 Rebiulahir 1449
20270911|0409|0536|1208|1542|1831|1952|10 Rebiulahir 1449
20270912|0410|0537|1208|1541|1829|1950|11 Rebiulahir 1449
20270913|0412|0538|1208|1540|1827|1948|12 Rebiulahir 1449
20270914|0413|0539|1207|1539|1826|1946|13 Rebiulahir 1449
20270915|0414|0540|1207|1538|1824|1944|14 Rebiulahir 1449
20270916|0415|0541|1206|1537|1822|1942|15 Rebiulahir 1449
20270917|0416|0542|1206|1536|1821|1940|16 Rebiulahir 1449
20270918|0417|0542|1206|1534|1819|1939|17 Rebiulahir 1449
20270919|0418|0543|1205|1533|1817|1937|18 Rebiulahir 1449
20270920|0420|0544|1205|1532|1816|1935|19 Rebiulahir 1449
20270921|0421|0545|1205|1531|1814|1933|20 Rebiulahir 1449
20270922|0422|0546|1204|1530|1812|1931|21 Rebiulahir 1449
20270923|0423|0547|1204|1529|1811|1930|22 Rebiulahir 1449
20270924|0424|0548|1204|1528|1809|1928|23 Rebiulahir 1449
20270925|0425|0549|1203|1526|1807|1926|24 Rebiulahir 1449
20270926|0426|0550|1203|1525|1806|1924|25 Rebiulahir 1449
20270927|0427|0551|1203|1524|1804|1923|26 Rebiulahir 1449
20270928|0428|0552|1202|1523|1802|1921|27 Rebiulahir 1449
20270929|0429|0553|1202|1522|1801|1919|28 Rebiulahir 1449
20270930|0430|0554|1202|1521|1759|1917|29 Rebiulahir 1449
20271001|0432|0555|1201|1519|1757|1916|1 Cemaziyelevvel 1449
20271002|0433|0556|1201|1518|1756|1914|2 Cemaziyelevvel 1449
20271003|0434|0557|1201|1517|1754|1912|3 Cemaziyelevvel 1449
20271004|0435|0558|1200|1516|1752|1911|4 Cemaziyelevvel 1449
20271005|0436|0559|1200|1515|1751|1909|5 Cemaziyelevvel 1449
20271006|0437|0600|1200|1513|1749|1907|6 Cemaziyelevvel 1449
20271007|0438|0601|1159|1512|1748|1906|7 Cemaziyelevvel 1449
20271008|0439|0602|1159|1511|1746|1904|8 Cemaziyelevvel 1449
20271009|0440|0603|1159|1510|1744|1903|9 Cemaziyelevvel 1449
20271010|0441|0604|1159|1509|1743|1901|10 Cemaziyelevvel 1449
20271011|0442|0605|1158|1508|1741|1859|11 Cemaziyelevvel 1449
20271012|0443|0606|1158|1506|1740|1858|12 Cemaziyelevvel 1449
20271013|0444|0607|1158|1505|1738|1856|13 Cemaziyelevvel 1449
20271014|0445|0608|1158|1504|1737|1855|14 Cemaziyelevvel 1449
20271015|0446|0610|1157|1503|1735|1853|15 Cemaziyelevvel 1449
20271016|0447|0611|1157|1502|1734|1852|16 Cemaziyelevvel 1449
20271017|0448|0612|1157|1501|1732|1850|17 Cemaziyelevvel 1449
20271018|0449|0613|1157|1459|1731|1849|18 Cemaziyelevvel 1449
20271019|0450|0614|1156|1458|1729|1848|19 Cemaziyelevvel 1449
20271020|0451|0615|1156|1457|1728|1846|20 Cemaziyelevvel 1449
20271021|0452|0616|1156|1456|1726|1845|21 Cemaziyelevvel 1449
20271022|0453|0617|1156|1455|1725|1843|22 Cemaziyelevvel 1449
20271023|0454|0618|1156|1454|1723|1842|23 Cemaziyelevvel 1449
20271024|0455|0619|1156|1453|1722|1841|24 Cemaziyelevvel 1449
20271025|0456|0620|1156|1452|1721|1840|25 Cemaziyelevvel 1449
20271026|0457|0622|1155|1451|1719|1838|26 Cemaziyelevvel 1449
20271027|0458|0623|1155|1450|1718|1837|27 Cemaziyelevvel 1449
20271028|0459|0624|1155|1449|1717|1836|28 Cemaziyelevvel 1449
20271029|0500|0625|1155|1448|1715|1835|29 Cemaziyelevvel 1449
20271030|0501|0626|1155|1447|1714|1834|30 Cemaziyelevvel 1449
20271031|0502|0627|1155|1446|1713|1832|1 Cemaziyelahir 1449
20271101|0503|0628|1155|1445|1712|1831|2 Cemaziyelahir 1449
20271102|0504|0630|1155|1444|1710|1830|3 Cemaziyelahir 1449
20271103|0505|0631|1155|1443|1709|1829|4 Cemaziyelahir 1449
20271104|0506|0632|1155|1442|1708|1828|5 Cemaziyelahir 1449
20271105|0507|0633|1155|1441|1707|1827|6 Cemaziyelahir 1449
20271106|0508|0634|1155|1440|1706|1826|7 Cemaziyelahir 1449
20271107|0509|0635|1155|1439|1705|1825|8 Cemaziyelahir 1449
20271108|0510|0636|1155|1438|1704|1824|9 Cemaziyelahir 1449
20271109|0511|0638|1155|1437|1703|1824|10 Cemaziyelahir 1449
20271110|0512|0639|1155|1437|1702|1823|11 Cemaziyelahir 1449
20271111|0513|0640|1155|1436|1701|1822|12 Cemaziyelahir 1449
20271112|0514|0641|1155|1435|1700|1821|13 Cemaziyelahir 1449
20271113|0515|0642|1156|1434|1659|1820|14 Cemaziyelahir 1449
20271114|0516|0643|1156|1434|1658|1820|15 Cemaziyelahir 1449
20271115|0517|0645|1156|1433|1657|1819|16 Cemaziyelahir 1449
20271116|0518|0646|1156|1432|1656|1818|17 Cemaziyelahir 1449
20271117|0519|0647|1156|1432|1655|1818|18 Cemaziyelahir 1449
20271118|0520|0648|1156|1431|1655|1817|19 Cemaziyelahir 1449
20271119|0521|0649|1157|1431|1654|1816|20 Cemaziyelahir 1449
20271120|0522|0650|1157|1430|1653|1816|21 Cemaziyelahir 1449
20271121|0523|0652|1157|1430|1653|1815|22 Cemaziyelahir 1449
20271122|0524|0653|1157|1429|1652|1815|23 Cemaziyelahir 1449
20271123|0525|0654|1158|1429|1651|1814|24 Cemaziyelahir 1449
20271124|0526|0655|1158|1428|1651|1814|25 Cemaziyelahir 1449
20271125|0527|0656|1158|1428|1650|1814|26 Cemaziyelahir 1449
20271126|0528|0657|1158|1428|1650|1813|27 Cemaziyelahir 1449
20271127|0529|0658|1159|1427|1649|1813|28 Cemaziyelahir 1449
20271128|0530|0659|1159|1427|1649|1813|29 Cemaziyelahir 1449
20271129|0531|0700|1159|1427|1649|1813|1 Recep 1449
20271130|0532|0701|1200|1426|1648|1812|2 Recep 1449
20271201|0533|0702|1200|1426|1648|1812|3 Recep 1449
20271202|0534|0703|1200|1426|1648|1812|4 Recep 1449
20271203|0534|0704|1201|1426|1647|1812|5 Recep 1449
20271204|0535|0705|1201|1426|1647|1812|6 Recep 1449
20271205|0536|0706|1202|1426|1647|1812|7 Recep 1449
20271206|0537|0707|1202|1426|1647|1812|8 Recep 1449
20271207|0538|0708|1202|1426|1647|1812|9 Recep 1449
20271208|0539|0709|1203|1426|1647|1812|10 Recep 1449
20271209|0539|0710|1203|1426|1647|1812|11 Recep 1449
20271210|0540|0711|1204|1426|1647|1812|12 Recep 1449
20271211|0541|0712|1204|1426|1647|1812|13 Recep 1449
20271212|0542|0712|1205|1426|1647|1812|14 Recep 1449
20271213|0542|0713|1205|1426|1647|1813|15 Recep 1449
20271214|0543|0714|1206|1427|1647|1813|16 Recep 1449
20271215|0544|0715|1206|1427|1648|1813|17 Recep 1449
20271216|0544|0715|1207|1427|1648|1814|18 Recep 1449
20271217|0545|0716|1207|1428|1648|1814|19 Recep 1449
20271218|0546|0717|1208|1428|1648|1814|20 Recep 1449
20271219|0546|0717|1208|1428|1649|1815|21 Recep 1449
20271220|0547|0718|1209|1429|1649|1815|22 Recep 1449
20271221|0547|0718|1209|1429|1650|1815|23 Recep 1449
20271222|0548|0719|1210|1430|1650|1816|24 Recep 1449
20271223|0548|0719|1210|1430|1651|1816|25 Recep 1449
20271224|0549|0720|1211|1431|1651|1817|26 Recep 1449
20271225|0549|0720|1211|1431|1652|1818|27 Recep 1449
20271226|0549|0721|1212|1432|1652|1818|28 Recep 1449
20271227|0550|0721|1212|1432|1653|1819|29 Recep 1449
20271228|0550|0721|1213|1433|1654|1819|30 Recep 1449
20271229|0551|0722|1213|1434|1654|1820|1 Şaban 1449
20271230|0551|0722|1214|1434|1655|1821|2 Şaban 1449
20271231|0551|0722|1214|1435|1656|1821|3 Şaban 1449
#@9593|Kağızman|KARS|730
20260101|0552|0723|1216|1438|1659|1824|12 Recep 1447
20260102|0553|0723|1216|1439|1700|1825|13 Recep 1447
20260103|0553|0723|1217|1440|1701|1826|14 Recep 1447
20260104|0553|0723|1217|1441|1702|1826|15 Recep 1447
20260105|0553|0723|1218|1441|1702|1827|16 Recep 1447
20260106|0553|0723|1218|1442|1703|1828|17 Recep 1447
20260107|0553|0723|1219|1443|1704|1829|18 Recep 1447
20260108|0553|0723|1219|1444|1705|1830|19 Recep 1447
20260109|0553|0723|1219|1445|1706|1831|20 Recep 1447
20260110|0553|0723|1220|1446|1707|1831|21 Recep 1447
20260111|0553|0722|1220|1447|1708|1832|22 Recep 1447
20260112|0553|0722|1221|1448|1709|1833|23 Recep 1447
20260113|0553|0722|1221|1449|1710|1834|24 Recep 1447
20260114|0552|0721|1221|1450|1711|1835|25 Recep 1447
20260115|0552|0721|1222|1451|1713|1836|26 Recep 1447
20260116|0552|0721|1222|1451|1714|1837|27 Recep 1447
20260117|0552|0720|1222|1452|1715|1838|28 Recep 1447
20260118|0551|0720|1223|1453|1716|1839|29 Recep 1447
20260119|0551|0719|1223|1454|1717|1840|30 Recep 1447
20260120|0551|0719|1223|1455|1718|1841|1 Şaban 1447
20260121|0550|0718|1224|1456|1719|1842|2 Şaban 1447
20260122|0550|0718|1224|1457|1720|1843|3 Şaban 1447
20260123|0549|0717|1224|1458|1722|1844|4 Şaban 1447
20260124|0549|0716|1225|1500|1723|1845|5 Şaban 1447
20260125|0548|0716|1225|1501|1724|1846|6 Şaban 1447
20260126|0548|0715|1225|1502|1725|1847|7 Şaban 1447
20260127|0547|0714|1225|1503|1726|1848|8 Şaban 1447
20260128|0546|0713|1225|1504|1728|1849|9 Şaban 1447
20260129|0546|0712|1226|1505|1729|1850|10 Şaban 1447
20260130|0545|0712|1226|1506|1730|1851|11 Şaban 1447
20260131|0544|0711|1226|1507|1731|1852|12 Şaban 1447
20260201|0544|0710|1226|1508|1732|1853|13 Şaban 1447
20260202|0543|0709|1226|1509|1734|1854|14 Şaban 1447
20260203|0542|0708|1226|1510|1735|1855|15 Şaban 1447
20260204|0541|0707|1226|1511|1736|1856|16 Şaban 1447
20260205|0540|0706|1226|1512|1737|1857|17 Şaban 1447
20260206|0539|0705|1227|1513|1738|1859|18 Şaban 1447
20260207|0538|0704|1227|1514|1740|1900|19 Şaban 1447
20260208|0537|0703|1227|1515|1741|1901|20 Şaban 1447
20260209|0536|0701|1227|1515|1742|1902|21 Şaban 1447
20260210|0535|0700|1227|1516|1743|1903|22 Şaban 1447
20260211|0534|0659|1227|1517|1744|1904|23 Şaban 1447
20260212|0533|0658|1227|1518|1746|1905|24 Şaban 1447
20260213|0532|0657|1227|1519|1747|1906|25 Şaban 1447
20260214|0531|0655|1227|1520|1748|1907|26 Şaban 1447
20260215|0530|0654|1227|1521|1749|1908|27 Şaban 1447
20260216|0529|0653|1227|1522|1750|1909|28 Şaban 1447
20260217|0528|0652|1227|1523|1752|1910|29 Şaban 1447
20260218|0526|0650|1226|1524|1753|1911|30 Şaban 1447
20260219|0525|0649|1226|1525|1754|1912|1 Ramazan 1447
20260220|0524|0648|1226|1525|1755|1914|2 Ramazan 1447
20260221|0523|0646|1226|1526|1756|1915|3 Ramazan 1447
20260222|0521|0645|1226|1527|1757|1916|4 Ramazan 1447
20260223|0520|0643|1226|1528|1759|1917|5 Ramazan 1447
20260224|0519|0642|1226|1529|1800|1918|6 Ramazan 1447
20260225|0517|0641|1226|1530|1801|1919|7 Ramazan 1447
20260226|0516|0639|1225|1530|1802|1920|8 Ramazan 1447
20260227|0514|0638|1225|1531|1803|1921|9 Ramazan 1447
20260228|0513|0636|1225|1532|1804|1922|10 Ramazan 1447
20260301|0511|0635|1225|1533|1805|1923|11 Ramazan 1447
20260302|0510|0633|1225|1533|1806|1924|12 Ramazan 1447
20260303|0509|0632|1225|1534|1808|1925|13 Ramazan 1447
20260304|0507|0630|1224|1535|1809|1926|14 Ramazan 1447
20260305|0505|0629|1224|1535|1810|1928|15 Ramazan 1447
20260306|0504|0627|1224|1536|1811|1929|16 Ramazan 1447
20260307|0502|0625|1224|1537|1812|1930|17 Ramazan 1447
20260308|0501|0624|1223|1537|1813|1931|18 Ramazan 1447
20260309|0459|0622|1223|1538|1814|1932|19 Ramazan 1447
20260310|0458|0621|1223|1539|1815|1933|20 Ramazan 1447
20260311|0456|0619|1223|1539|1816|1934|21 Ramazan 1447
20260312|0454|0618|1222|1540|1817|1935|22 Ramazan 1447
20260313|0453|0616|1222|1540|1818|1936|23 Ramazan 1447
20260314|0451|0614|1222|1541|1819|1937|24 Ramazan 1447
20260315|0449|0613|1222|1542|1821|1939|25 Ramazan 1447
20260316|0448|0611|1221|1542|1822|1940|26 Ramazan 1447
20260317|0446|0610|1221|1543|1823|1941|27 Ramazan 1447
20260318|0444|0608|1221|1543|1824|1942|28 Ramazan 1447
20260319|0442|0606|1220|1544|1825|1943|29 Ramazan 1447
20260320|0441|0605|1220|1544|1826|1944|1 Şevval 1447
20260321|0439|0603|1220|1545|1827|1945|2 Şevval 1447
20260322|0437|0601|1220|1545|1828|1947|3 Şevval 1447
20260323|0435|0600|1219|1546|1829|1948|4 Şevval 1447
20260324|0434|0558|1219|1546|1830|1949|5 Şevval 1447
20260325|0432|0556|1219|1547|1831|1950|6 Şevval 1447
20260326|0430|0555|1218|1547|1832|1951|7 Şevval 1447
20260327|0428|0553|1218|1548|1833|1952|8 Şevval 1447
20260328|0426|0552|1218|1548|1834|1954|9 Şevval 1447
20260329|0425|0550|1217|1549|1835|1955|10 Şevval 1447
20260330|0423|0548|1217|1549|1836|1956|11 Şevval 1447
20260331|0421|0547|1217|1549|1837|1957|12 Şevval 1447
20260401|0419|0545|1217|1550|1838|1958|13 Şevval 1447
20260402|0417|0543|1216|1550|1839|2000|14 Şevval 1447
20260403|0415|0542|1216|1551|1840|2001|15 Şevval 1447
20260404|0414|0540|1216|1551|1841|2002|16 Şevval 1447
20260405|0412|0539|1215|1551|1842|2003|17 Şevval 1447
20260406|0410|0537|1215|1552|1843|2005|18 Şevval 1447
20260407|0408|0536|1215|1552|1844|2006|19 Şevval 1447
20260408|0406|0534|1215|1552|1845|2007|20 Şevval 1447
20260409|0404|0532|1214|1553|1846|2008|21 Şevval 1447
20260410|0402|0531|1214|1553|1847|2010|22 Şevval 1447
20260411|0401|0529|1214|1553|1848|2011|23 Şevval 1447
20260412|0359|0528|1213|1554|1849|2012|24 Şevval 1447
20260413|0357|0526|1213|1554|1850|2014|25 Şevval 1447
20260414|0355|0525|1213|1554|1851|2015|26 Şevval 1447
20260415|0353|0523|1213|1555|1852|2016|27 Şevval 1447
20260416|0351|0522|1212|1555|1853|2018|28 Şevval 1447
20260417|0349|0520|1212|1555|1854|2019|29 Şevval 1447
20260418|0348|0519|1212|1556|1855|2020|1 Zilkade 1447
20260419|0346|0517|1212|1556|1856|2022|2 Zilkade 1447
20260420|0344|0516|1212|1556|1857|2023|3 Zilkade 1447
20260421|0342|0514|1211|1556|1858|2024|4 Zilkade 1447
20260422|0340|0513|1211|1557|1900|2026|5 Zilkade 1447
20260423|0338|0511|1211|1557|1901|2027|6 Zilkade 1447
20260424|0337|0510|1211|1557|1902|2029|7 Zilkade 1447
20260425|0335|0509|1211|1558|1903|2030|8 Zilkade 1447
20260426|0333|0507|1210|1558|1904|2031|9 Zilkade 1447
20260427|0331|0506|1210|1558|1905|2033|10 Zilkade 1447
20260428|0329|0505|1210|1558|1906|2034|11 Zilkade 1447
20260429|0328|0503|1210|1559|1907|2036|12 Zilkade 1447
20260430|0326|0502|1210|1559|1908|2037|13 Zilkade 1447
20260501|0324|0501|1210|1559|1909|2039|14 Zilkade 1447
20260502|0322|0500|1210|1559|1910|2040|15 Zilkade 1447
20260503|0321|0458|1209|1600|1911|2042|16 Zilkade 1447
20260504|0319|0457|1209|1600|1912|2043|17 Zilkade 1447
20260505|0317|0456|1209|1600|1913|2044|18 Zilkade 1447
20260506|0316|0455|1209|1600|1914|2046|19 Zilkade 1447
20260507|0314|0454|1209|1601|1915|2047|20 Zilkade 1447
20260508|0312|0452|1209|1601|1916|2049|21 Zilkade 1447
20260509|0311|0451|1209|1601|1917|2050|22 Zilkade 1447
20260510|0309|0450|1209|1601|1918|2052|23 Zilkade 1447
20260511|0308|0449|1209|1602|1919|2053|24 Zilkade 1447
20260512|0306|0448|1209|1602|1920|2055|25 Zilkade 1447
20260513|0305|0447|1209|1602|1921|2056|26 Zilkade 1447
20260514|0303|0446|1209|1602|1922|2057|27 Zilkade 1447
20260515|0302|0445|1209|1603|1923|2059|28 Zilkade 1447
20260516|0300|0444|1209|1603|1924|2100|29 Zilkade 1447
20260517|0259|0443|1209|1603|1924|2102|30 Zilkade 1447
20260518|0257|0443|1209|1604|1925|2103|1 Zilhicce 1447
20260519|0256|0442|1209|1604|1926|2105|2 Zilhicce 1447
20260520|0255|0441|1209|1604|1927|2106|3 Zilhicce 1447
20260521|0253|0440|1209|1604|1928|2107|4 Zilhicce 1447
20260522|0252|0439|1209|1605|1929|2109|5 Zilhicce 1447
20260523|0251|0439|1209|1605|1930|2110|6 Zilhicce 1447
20260524|0250|0438|1209|1605|1931|2111|7 Zilhicce 1447
20260525|0248|0437|1209|1605|1932|2113|8 Zilhicce 1447
20260526|0247|0437|1210|1606|1932|2114|9 Zilhicce 1447
20260527|0246|0436|1210|1606|1933|2115|10 Zilhicce 1447
20260528|0245|0436|1210|1606|1934|2116|11 Zilhicce 1447
20260529|0244|0435|1210|1606|1935|2118|12 Zilhicce 1447
20260530|0243|0434|1210|1607|1936|2119|13 Zilhicce 1447
20260531|0242|0434|1210|1607|1936|2120|14 Zilhicce 1447
20260601|0241|0434|1210|1607|1937|2121|15 Zilhicce 1447
20260602|0241|0433|1211|1608|1938|2122|16 Zilhicce 1447
20260603|0240|0433|1211|1608|1939|2123|17 Zilhicce 1447
20260604|0239|0432|1211|1608|1939|2124|18 Zilhicce 1447
20260605|0238|0432|1211|1608|1940|2125|19 Zilhicce 1447
20260606|0238|0432|1211|1609|1941|2126|20 Zilhicce 1447
20260607|0237|0432|1211|1609|1941|2127|21 Zilhicce 1447
20260608|0237|0431|1212|1609|1942|2128|22 Zilhicce 1447
20260609|0236|0431|1212|1609|1942|2129|23 Zilhicce 1447
20260610|0236|0431|1212|1610|1943|2130|24 Zilhicce 1447
20260611|0235|0431|1212|1610|1943|2130|25 Zilhicce 1447
20260612|0235|0431|1212|1610|1944|2131|26 Zilhicce 1447
20260613|0235|0431|1213|1610|1944|2132|27 Zilhicce 1447
20260614|0234|0431|1213|1611|1945|2132|28 Zilhicce 1447
20260615|0234|0431|1213|1611|1945|2133|29 Zilhicce 1447
20260616|0234|0431|1213|1611|1946|2133|1 Muharrem 1448
20260617|0234|0431|1213|1611|1946|2134|2 Muharrem 1448
20260618|0234|0431|1214|1612|1946|2134|3 Muharrem 1448
20260619|0234|0431|1214|1612|1947|2135|4 Muharrem 1448
20260620|0234|0431|1214|1612|1947|2135|5 Muharrem 1448
20260621|0234|0431|1214|1612|1947|2135|6 Muharrem 1448
20260622|0235|0432|1215|1613|1947|2135|7 Muharrem 1448
20260623|0235|0432|1215|1613|1948|2136|8 Muharrem 1448
20260624|0235|0432|1215|1613|1948|2136|9 Muharrem 1448
20260625|0236|0432|1215|1613|1948|2136|10 Muharrem 1448
20260626|0236|0433|1215|1613|1948|2136|11 Muharrem 1448
20260627|0237|0433|1216|1614|1948|2136|12 Muharrem 1448
20260628|0237|0434|1216|1614|1948|2136|13 Muharrem 1448
20260629|0238|0434|1216|1614|1948|2135|14 Muharrem 1448
20260630|0238|0434|1216|1614|1948|2135|15 Muharrem 1448
20260701|0239|0435|1216|1614|1948|2135|16 Muharrem 1448
20260702|0240|0435|1217|1614|1948|2135|17 Muharrem 1448
20260703|0241|0436|1217|1614|1948|2134|18 Muharrem 1448
20260704|0241|0436|1217|1615|1947|2134|19 Muharrem 1448
20260705|0242|0437|1217|1615|1947|2133|20 Muharrem 1448
20260706|0243|0438|1217|1615|1947|2133|21 Muharrem 1448
20260707|0244|0438|1217|1615|1947|2132|22 Muharrem 1448
20260708|0245|0439|1218|1615|1946|2132|23 Muharrem 1448
20260709|0246|0439|1218|1615|1946|2131|24 Muharrem 1448
20260710|0247|0440|1218|1615|1946|2130|25 Muharrem 1448
20260711|0248|0441|1218|1615|1945|2129|26 Muharrem 1448
20260712|0249|0442|1218|1615|1945|2129|27 Muharrem 1448
20260713|0251|0442|1218|1615|1944|2128|28 Muharrem 1448
20260714|0252|0443|1218|1615|1944|2127|29 Muharrem 1448
20260715|0253|0444|1219|1615|1943|2126|1 Safer 1448
20260716|0254|0445|1219|1615|1943|2125|2 Safer 1448
20260717|0255|0445|1219|1615|1942|2124|3 Safer 1448
20260718|0257|0446|1219|1615|1942|2123|4 Safer 1448
20260719|0258|0447|1219|1615|1941|2122|5 Safer 1448
20260720|0259|0448|1219|1615|1940|2121|6 Safer 1448
20260721|0301|0449|1219|1615|1939|2119|7 Safer 1448
20260722|0302|0449|1219|1614|1939|2118|8 Safer 1448
20260723|0303|0450|1219|1614|1938|2117|9 Safer 1448
20260724|0305|0451|1219|1614|1937|2116|10 Safer 1448
20260725|0306|0452|1219|1614|1936|2114|11 Safer 1448
20260726|0308|0453|1219|1614|1935|2113|12 Safer 1448
20260727|0309|0454|1219|1613|1934|2112|13 Safer 1448
20260728|0310|0455|1219|1613|1934|2110|14 Safer 1448
20260729|0312|0456|1219|1613|1933|2109|15 Safer 1448
20260730|0313|0457|1219|1613|1932|2107|16 Safer 1448
20260731|0315|0457|1219|1612|1931|2106|17 Safer 1448
20260801|0316|0458|1219|1612|1930|2104|18 Safer 1448
20260802|0318|0459|1219|1612|1929|2103|19 Safer 1448
20260803|0319|0500|1219|1611|1927|2101|20 Safer 1448
20260804|0321|0501|1219|1611|1926|2100|21 Safer 1448
20260805|0322|0502|1219|1610|1925|2058|22 Safer 1448
20260806|0323|0503|1219|1610|1924|2057|23 Safer 1448
20260807|0325|0504|1218|1610|1923|2055|24 Safer 1448
20260808|0326|0505|1218|1609|1922|2053|25 Safer 1448
20260809|0328|0506|1218|1609|1920|2052|26 Safer 1448
20260810|0329|0507|1218|1608|1919|2050|27 Safer 1448
20260811|0331|0508|1218|1608|1918|2048|28 Safer 1448
20260812|0332|0509|1218|1607|1917|2047|29 Safer 1448
20260813|0334|0510|1218|1607|1915|2045|30 Safer 1448
20260814|0335|0511|1217|1606|1914|2043|1 Rebiulevvel 1448
20260815|0336|0512|1217|1605|1913|2041|2 Rebiulevvel 1448
20260816|0338|0513|1217|1605|1911|2040|3 Rebiulevvel 1448
20260817|0339|0514|1217|1604|1910|2038|4 Rebiulevvel 1448
20260818|0341|0515|1217|1604|1909|2036|5 Rebiulevvel 1448
20260819|0342|0515|1216|1603|1907|2034|6 Rebiulevvel 1448
20260820|0343|0516|1216|1602|1906|2033|7 Rebiulevvel 1448
20260821|0345|0517|1216|1601|1904|2031|8 Rebiulevvel 1448
20260822|0346|0518|1216|1601|1903|2029|9 Rebiulevvel 1448
20260823|0347|0519|1215|1600|1901|2027|10 Rebiulevvel 1448
20260824|0349|0520|1215|1559|1900|2025|11 Rebiulevvel 1448
20260825|0350|0521|1215|1558|1858|2023|12 Rebiulevvel 1448
20260826|0351|0522|1215|1558|1857|2022|13 Rebiulevvel 1448
20260827|0353|0523|1214|1557|1855|2020|14 Rebiulevvel 1448
20260828|0354|0524|1214|1556|1854|2018|15 Rebiulevvel 1448
20260829|0355|0525|1214|1555|1852|2016|16 Rebiulevvel 1448
20260830|0357|0526|1213|1554|1851|2014|17 Rebiulevvel 1448
20260831|0358|0527|1213|1553|1849|2012|18 Rebiulevvel 1448
20260901|0359|0528|1213|1553|1848|2010|19 Rebiulevvel 1448
20260902|0400|0529|1212|1552|1846|2009|20 Rebiulevvel 1448
20260903|0402|0530|1212|1551|1844|2007|21 Rebiulevvel 1448
20260904|0403|0531|1212|1550|1843|2005|22 Rebiulevvel 1448
20260905|0404|0532|1211|1549|1841|2003|23 Rebiulevvel 1448
20260906|0405|0533|1211|1548|1840|2001|24 Rebiulevvel 1448
20260907|0407|0534|1211|1547|1838|1959|25 Rebiulevvel 1448
20260908|0408|0535|1210|1546|1836|1957|26 Rebiulevvel 1448
20260909|0409|0535|1210|1545|1835|1956|27 Rebiulevvel 1448
20260910|0410|0536|1210|1544|1833|1954|28 Rebiulevvel 1448
20260911|0411|0537|1209|1543|1831|1952|29 Rebiulevvel 1448
20260912|0412|0538|1209|1542|1830|1950|1 Rebiulahir 1448
20260913|0414|0539|1209|1541|1828|1948|2 Rebiulahir 1448
20260914|0415|0540|1208|1540|1826|1946|3 Rebiulahir 1448
20260915|0416|0541|1208|1539|1825|1945|4 Rebiulahir 1448
20260916|0417|0542|1208|1538|1823|1943|5 Rebiulahir 1448
20260917|0418|0543|1207|1536|1821|1941|6 Rebiulahir 1448
20260918|0419|0544|1207|1535|1820|1939|7 Rebiulahir 1448
20260919|0420|0545|1207|1534|1818|1937|8 Rebiulahir 1448
20260920|0421|0546|1206|1533|1816|1935|9 Rebiulahir 1448
20260921|0423|0547|1206|1532|1815|1934|10 Rebiulahir 1448
20260922|0424|0548|1205|1531|1813|1932|11 Rebiulahir 1448
20260923|0425|0549|1205|1530|1811|1930|12 Rebiulahir 1448
20260924|0426|0550|1205|1529|1810|1928|13 Rebiulahir 1448
20260925|0427|0551|1204|1527|1808|1927|14 Rebiulahir 1448
20260926|0428|0552|1204|1526|1806|1925|15 Rebiulahir 1448
20260927|0429|0553|1204|1525|1805|1923|16 Rebiulahir 1448
20260928|0430|0554|1203|1524|1803|1921|17 Rebiulahir 1448
20260929|0431|0555|1203|1523|1802|1920|18 Rebiulahir 1448
20260930|0432|0556|1203|1522|1800|1918|19 Rebiulahir 1448
20261001|0433|0557|1202|1520|1758|1916|20 Rebiulahir 1448
20261002|0434|0558|1202|1519|1757|1915|21 Rebiulahir 1448
20261003|0435|0559|1202|1518|1755|1913|22 Rebiulahir 1448
20261004|0436|0600|1201|1517|1753|1911|23 Rebiulahir 1448
20261005|0437|0601|1201|1516|1752|1910|24 Rebiulahir 1448
20261006|0438|0602|1201|1515|1750|1908|25 Rebiulahir 1448
20261007|0439|0603|1201|1513|1749|1906|26 Rebiulahir 1448
20261008|0440|0604|1200|1512|1747|1905|27 Rebiulahir 1448
20261009|0441|0605|1200|1511|1745|1903|28 Rebiulahir 1448
20261010|0443|0606|1200|1510|1744|1902|29 Rebiulahir 1448
20261011|0444|0607|1159|1509|1742|1900|30 Rebiulahir 1448
20261012|0445|0608|1159|1508|1741|1859|1 Cemaziyelevvel 1448
20261013|0446|0609|1159|1506|1739|1857|2 Cemaziyelevvel 1448
20261014|0447|0610|1159|1505|1738|1856|3 Cemaziyelevvel 1448
20261015|0448|0611|1158|1504|1736|1854|4 Cemaziyelevvel 1448
20261016|0449|0612|1158|1503|1735|1853|5 Cemaziyelevvel 1448
20261017|0450|0613|1158|1502|1733|1851|6 Cemaziyelevvel 1448
20261018|0451|0614|1158|1501|1732|1850|7 Cemaziyelevvel 1448
20261019|0452|0615|1158|1500|1730|1848|8 Cemaziyelevvel 1448
20261020|0453|0616|1157|1458|1729|1847|9 Cemaziyelevvel 1448
20261021|0454|0617|1157|1457|1727|1846|10 Cemaziyelevvel 1448
20261022|0455|0618|1157|1456|1726|1844|11 Cemaziyelevvel 1448
20261023|0456|0619|1157|1455|1725|1843|12 Cemaziyelevvel 1448
20261024|0457|0620|1157|1454|1723|1842|13 Cemaziyelevvel 1448
20261025|0458|0622|1157|1453|1722|1841|14 Cemaziyelevvel 1448
20261026|0459|0623|1157|1452|1720|1839|15 Cemaziyelevvel 1448
20261027|0500|0624|1156|1451|1719|1838|16 Cemaziyelevvel 1448
20261028|0501|0625|1156|1450|1718|1837|17 Cemaziyelevvel 1448
20261029|0502|0626|1156|1449|1717|1836|18 Cemaziyelevvel 1448
20261030|0503|0627|1156|1448|1715|1835|19 Cemaziyelevvel 1448
20261031|0504|0628|1156|1447|1714|1833|20 Cemaziyelevvel 1448
20261101|0505|0629|1156|1446|1713|1832|21 Cemaziyelevvel 1448
20261102|0506|0631|1156|1445|1712|1831|22 Cemaziyelevvel 1448
20261103|0507|0632|1156|1444|1711|1830|23 Cemaziyelevvel 1448
20261104|0508|0633|1156|1443|1709|1829|24 Cemaziyelevvel 1448
20261105|0509|0634|1156|1442|1708|1828|25 Cemaziyelevvel 1448
20261106|0510|0635|1156|1441|1707|1827|26 Cemaziyelevvel 1448
20261107|0511|0636|1156|1441|1706|1826|27 Cemaziyelevvel 1448
20261108|0512|0637|1156|1440|1705|1826|28 Cemaziyelevvel 1448
20261109|0513|0639|1156|1439|1704|1825|29 Cemaziyelevvel 1448
20261110|0514|0640|1156|1438|1703|1824|1 Cemaziyelahir 1448
20261111|0515|0641|1157|1437|1702|1823|2 Cemaziyelahir 1448
20261112|0516|0642|1157|1437|1701|1822|3 Cemaziyelahir 1448
20261113|0517|0643|1157|1436|1700|1822|4 Cemaziyelahir 1448
20261114|0518|0644|1157|1435|1659|1821|5 Cemaziyelahir 1448
20261115|0519|0646|1157|1435|1659|1820|6 Cemaziyelahir 1448
20261116|0520|0647|1157|1434|1658|1819|7 Cemaziyelahir 1448
20261117|0521|0648|1157|1433|1657|1819|8 Cemaziyelahir 1448
20261118|0522|0649|1158|1433|1656|1818|9 Cemaziyelahir 1448
20261119|0523|0650|1158|1432|1656|1818|10 Cemaziyelahir 1448
20261120|0524|0651|1158|1432|1655|1817|11 Cemaziyelahir 1448
20261121|0525|0652|1158|1431|1654|1817|12 Cemaziyelahir 1448
20261122|0526|0654|1159|1431|1654|1816|13 Cemaziyelahir 1448
20261123|0526|0655|1159|1430|1653|1816|14 Cemaziyelahir 1448
20261124|0527|0656|1159|1430|1652|1815|15 Cemaziyelahir 1448
20261125|0528|0657|1159|1430|1652|1815|16 Cemaziyelahir 1448
20261126|0529|0658|1200|1429|1651|1815|17 Cemaziyelahir 1448
20261127|0530|0659|1200|1429|1651|1814|18 Cemaziyelahir 1448
20261128|0531|0700|1200|1429|1651|1814|19 Cemaziyelahir 1448
20261129|0532|0701|1201|1428|1650|1814|20 Cemaziyelahir 1448
20261130|0533|0702|1201|1428|1650|1814|21 Cemaziyelahir 1448
20261201|0534|0703|1201|1428|1650|1814|22 Cemaziyelahir 1448
20261202|0535|0704|1202|1428|1649|1814|23 Cemaziyelahir 1448
20261203|0536|0705|1202|1428|1649|1813|24 Cemaziyelahir 1448
20261204|0536|0706|1203|1428|1649|1813|25 Cemaziyelahir 1448
20261205|0537|0707|1203|1428|1649|1813|26 Cemaziyelahir 1448
20261206|0538|0708|1203|1428|1649|1813|27 Cemaziyelahir 1448
20261207|0539|0709|1204|1428|1649|1813|28 Cemaziyelahir 1448
20261208|0540|0710|1204|1428|1649|1813|29 Cemaziyelahir 1448
20261209|0540|0711|1205|1428|1649|1814|30 Cemaziyelahir 1448
20261210|0541|0712|1205|1428|1649|1814|1 Recep 1448
20261211|0542|0712|1206|1428|1649|1814|2 Recep 1448
20261212|0543|0713|1206|1428|1649|1814|3 Recep 1448
20261213|0543|0714|1206|1428|1649|1814|4 Recep 1448
20261214|0544|0715|1207|1429|1649|1815|5 Recep 1448
20261215|0545|0715|1207|1429|1650|1815|6 Recep 1448
20261216|0545|0716|1208|1429|1650|1815|7 Recep 1448
20261217|0546|0717|1208|1430|1650|1815|8 Recep 1448
20261218|0547|0717|1209|1430|1650|1816|9 Recep 1448
20261219|0547|0718|1209|1430|1651|1816|10 Recep 1448
20261220|0548|0719|1210|1431|1651|1817|11 Recep 1448
20261221|0548|0719|1210|1431|1652|1817|12 Recep 1448
20261222|0549|0720|1211|1432|1652|1818|13 Recep 1448
20261223|0549|0720|1211|1432|1653|1818|14 Recep 1448
20261224|0550|0721|1212|1433|1653|1819|15 Recep 1448
20261225|0550|0721|1212|1433|1654|1819|16 Recep 1448
20261226|0550|0721|1213|1434|1654|1820|17 Recep 1448
20261227|0551|0722|1213|1435|1655|1820|18 Recep 1448
20261228|0551|0722|1214|1435|1656|1821|19 Recep 1448
20261229|0552|0722|1214|1436|1657|1822|20 Recep 1448
20261230|0552|0722|1215|1437|1657|1822|21 Recep 1448
20261231|0552|0723|1215|1437|1658|1823|22 Recep 1448
20270101|0552|0723|1216|1438|1659|1824|23 Recep 1448
20270102|0552|0723|1216|1439|1700|1825|24 Recep 1448
20270103|0553|0723|1217|1440|1700|1825|25 Recep 1448
20270104|0553|0723|1217|1440|1701|1826|26 Recep 1448
20270105|0553|0723|1218|1441|1702|1827|27 Recep 1448
20270106|0553|0723|1218|1442|1703|1828|28 Recep 1448
20270107|0553|0723|1219|1443|1704|1829|29 Recep 1448
20270108|0553|0723|1219|1444|1705|1829|30 Recep 1448
20270109|0553|0723|1219|1445|1706|1830|1 Şaban 1448
20270110|0553|0723|1220|1446|1707|1831|2 Şaban 1448
20270111|0553|0722|1220|1446|1708|1832|3 Şaban 1448
20270112|0553|0722|1221|1447|1709|1833|4 Şaban 1448
20270113|0553|0722|1221|1448|1710|1834|5 Şaban 1448
20270114|0552|0722|1221|1449|1711|1835|6 Şaban 1448
20270115|0552|0721|1222|1450|1712|1836|7 Şaban 1448
20270116|0552|0721|1222|1451|1713|1837|8 Şaban 1448
20270117|0552|0720|1222|1452|1714|1838|9 Şaban 1448
20270118|0551|0720|1223|1453|1716|1839|10 Şaban 1448
20270119|0551|0719|1223|1454|1717|1840|11 Şaban 1448
20270120|0551|0719|1223|1455|1718|1841|12 Şaban 1448
20270121|0550|0718|1224|1456|1719|1842|13 Şaban 1448
20270122|0550|0718|1224|1457|1720|1843|14 Şaban 1448
20270123|0549|0717|1224|1458|1721|1844|15 Şaban 1448
20270124|0549|0716|1224|1459|1723|1845|16 Şaban 1448
20270125|0548|0716|1225|1500|1724|1846|17 Şaban 1448
20270126|0548|0715|1225|1501|1725|1847|18 Şaban 1448
20270127|0547|0714|1225|1502|1726|1848|19 Şaban 1448
20270128|0547|0713|1225|1503|1727|1849|20 Şaban 1448
20270129|0546|0713|1226|1504|1729|1850|21 Şaban 1448
20270130|0545|0712|1226|1505|1730|1851|22 Şaban 1448
20270131|0545|0711|1226|1506|1731|1852|23 Şaban 1448
20270201|0544|0710|1226|1507|1732|1853|24 Şaban 1448
20270202|0543|0709|1226|1508|1733|1854|25 Şaban 1448
20270203|0542|0708|1226|1509|1735|1855|26 Şaban 1448
20270204|0541|0707|1226|1510|1736|1856|27 Şaban 1448
20270205|0540|0706|1226|1511|1737|1857|28 Şaban 1448
20270206|0540|0705|1227|1512|1738|1858|29 Şaban 1448
20270207|0539|0704|1227|1513|1739|1859|30 Şaban 1448
20270208|0538|0703|1227|1514|1741|1900|1 Ramazan 1448
20270209|0537|0702|1227|1515|1742|1901|2 Ramazan 1448
20270210|0536|0701|1227|1516|1743|1903|3 Ramazan 1448
20270211|0535|0659|1227|1517|1744|1904|4 Ramazan 1448
20270212|0534|0658|1227|1518|1745|1905|5 Ramazan 1448
20270213|0533|0657|1227|1519|1747|1906|6 Ramazan 1448
20270214|0531|0656|1227|1520|1748|1907|7 Ramazan 1448
20270215|0530|0654|1227|1521|1749|1908|8 Ramazan 1448
20270216|0529|0653|1227|1522|1750|1909|9 Ramazan 1448
20270217|0528|0652|1227|1523|1751|1910|10 Ramazan 1448
20270218|0527|0651|1227|1524|1752|1911|11 Ramazan 1448
20270219|0525|0649|1226|1524|1754|1912|12 Ramazan 1448
20270220|0524|0648|1226|1525|1755|1913|13 Ramazan 1448
20270221|0523|0646|1226|1526|1756|1914|14 Ramazan 1448
20270222|0522|0645|1226|1527|1757|1915|15 Ramazan 1448
20270223|0520|0644|1226|1528|1758|1916|16 Ramazan 1448
20270224|0519|0642|1226|1529|1759|1918|17 Ramazan 1448
20270225|0518|0641|1226|1529|1801|1919|18 Ramazan 1448
20270226|0516|0639|1226|1530|1802|1920|19 Ramazan 1448
20270227|0515|0638|1225|1531|1803|1921|20 Ramazan 1448
20270228|0513|0636|1225|1532|1804|1922|21 Ramazan 1448
20270301|0512|0635|1225|1532|1805|1923|22 Ramazan 1448
20270302|0510|0633|1225|1533|1806|1924|23 Ramazan 1448
20270303|0509|0632|1225|1534|1807|1925|24 Ramazan 1448
20270304|0507|0630|1224|1535|1808|1926|25 Ramazan 1448
20270305|0506|0629|1224|1535|1810|1927|26 Ramazan 1448
20270306|0504|0627|1224|1536|1811|1928|27 Ramazan 1448
20270307|0503|0626|1224|1537|1812|1929|28 Ramazan 1448
20270308|0501|0624|1223|1537|1813|1931|29 Ramazan 1448
20270309|0500|0623|1223|1538|1814|1932|1 Şevval 1448
20270310|0458|0621|1223|1539|1815|1933|2 Şevval 1448
20270311|0456|0620|1223|1539|1816|1934|3 Şevval 1448
20270312|0455|0618|1222|1540|1817|1935|4 Şevval 1448
20270313|0453|0616|1222|1540|1818|1936|5 Şevval 1448
20270314|0451|0615|1222|1541|1819|1937|6 Şevval 1448
20270315|0450|0613|1222|1542|1820|1938|7 Şevval 1448
20270316|0448|0612|1221|1542|1821|1939|8 Şevval 1448
20270317|0446|0610|1221|1543|1822|1941|9 Şevval 1448
20270318|0445|0608|1221|1543|1823|1942|10 Şevval 1448
20270319|0443|0607|1221|1544|1824|1943|11 Şevval 1448
20270320|0441|0605|1220|1544|1825|1944|12 Şevval 1448
20270321|0439|0603|1220|1545|1827|1945|13 Şevval 1448
20270322|0438|0602|1220|1545|1828|1946|14 Şevval 1448
20270323|0436|0600|1219|1546|1829|1947|15 Şevval 1448
20270324|0434|0559|1219|1546|1830|1949|16 Şevval 1448
20270325|0432|0557|1219|1547|1831|1950|17 Şevval 1448
20270326|0430|0555|1218|1547|1832|1951|18 Şevval 1448
20270327|0429|0554|1218|1548|1833|1952|19 Şevval 1448
20270328|0427|0552|1218|1548|1834|1953|20 Şevval 1448
20270329|0425|0550|1218|1548|1835|1954|21 Şevval 1448
20270330|0423|0549|1217|1549|1836|1956|22 Şevval 1448
20270331|0421|0547|1217|1549|1837|1957|23 Şevval 1448
20270401|0420|0545|1217|1550|1838|1958|24 Şevval 1448
20270402|0418|0544|1216|1550|1839|1959|25 Şevval 1448
20270403|0416|0542|1216|1550|1840|2001|26 Şevval 1448
20270404|0414|0541|1216|1551|1841|2002|27 Şevval 1448
20270405|0412|0539|1215|1551|1842|2003|28 Şevval 1448
20270406|0410|0537|1215|1552|1843|2004|29 Şevval 1448
20270407|0408|0536|1215|1552|1844|2006|30 Şevval 1448
20270408|0407|0534|1215|1552|1845|2007|1 Zilkade 1448
20270409|0405|0533|1214|1553|1846|2008|2 Zilkade 1448
20270410|0403|0531|1214|1553|1847|2009|3 Zilkade 1448
20270411|0401|0530|1214|1553|1848|2011|4 Zilkade 1448
20270412|0359|0528|1214|1554|1849|2012|5 Zilkade 1448
20270413|0357|0527|1213|1554|1850|2013|6 Zilkade 1448
20270414|0355|0525|1213|1554|1851|2015|7 Zilkade 1448
20270415|0354|0523|1213|1555|1852|2016|8 Zilkade 1448
20270416|0352|0522|1213|1555|1853|2017|9 Zilkade 1448
20270417|0350|0520|1212|1555|1854|2019|10 Zilkade 1448
20270418|0348|0519|1212|1555|1855|2020|11 Zilkade 1448
20270419|0346|0518|1212|1556|1856|2021|12 Zilkade 1448
20270420|0344|0516|1212|1556|1857|2023|13 Zilkade 1448
20270421|0342|0515|1211|1556|1858|2024|14 Zilkade 1448
20270422|0341|0513|1211|1557|1859|2026|15 Zilkade 1448
20270423|0339|0512|1211|1557|1900|2027|16 Zilkade 1448
20270424|0337|0510|1211|1557|1901|2028|17 Zilkade 1448
20270425|0335|0509|1211|1557|1902|2030|18 Zilkade 1448
20270426|0333|0508|1210|1558|1903|2031|19 Zilkade 1448
20270427|0332|0506|1210|1558|1904|2033|20 Zilkade 1448
20270428|0330|0505|1210|1558|1905|2034|21 Zilkade 1448
20270429|0328|0504|1210|1559|1906|2035|22 Zilkade 1448
20270430|0326|0502|1210|1559|1907|2037|23 Zilkade 1448
20270501|0325|0501|1210|1559|1908|2038|24 Zilkade 1448
20270502|0323|0500|1210|1559|1909|2040|25 Zilkade 1448
20270503|0321|0459|1210|1600|1910|2041|26 Zilkade 1448
20270504|0319|0457|1209|1600|1911|2043|27 Zilkade 1448
20270505|0318|0456|1209|1600|1912|2044|28 Zilkade 1448
20270506|0316|0455|1209|1600|1914|2046|29 Zilkade 1448
20270507|0314|0454|1209|1601|1915|2047|1 Zilhicce 1448
20270508|0313|0453|1209|1601|1916|2048|2 Zilhicce 1448
20270509|0311|0452|1209|1601|1916|2050|3 Zilhicce 1448
20270510|0310|0451|1209|1601|1917|2051|4 Zilhicce 1448
20270511|0308|0450|1209|1602|1918|2053|5 Zilhicce 1448
20270512|0306|0448|1209|1602|1919|2054|6 Zilhicce 1448
20270513|0305|0447|1209|1602|1920|2056|7 Zilhicce 1448
20270514|0303|0446|1209|1602|1921|2057|8 Zilhicce 1448
20270515|0302|0446|1209|1603|1922|2059|9 Zilhicce 1448
20270516|0300|0445|1209|1603|1923|2100|10 Zilhicce 1448
20270517|0259|0444|1209|1603|1924|2101|11 Zilhicce 1448
20270518|0258|0443|1209|1603|1925|2103|12 Zilhicce 1448
20270519|0256|0442|1209|1604|1926|2104|13 Zilhicce 1448
20270520|0255|0441|1209|1604|1927|2106|14 Zilhicce 1448
20270521|0254|0440|1209|1604|1928|2107|15 Zilhicce 1448
20270522|0252|0440|1209|1605|1929|2108|16 Zilhicce 1448
20270523|0251|0439|1209|1605|1930|2110|17 Zilhicce 1448
20270524|0250|0438|1209|1605|1931|2111|18 Zilhicce 1448
20270525|0249|0438|1209|1605|1931|2112|19 Zilhicce 1448
20270526|0248|0437|1210|1606|1932|2114|20 Zilhicce 1448
20270527|0246|0436|1210|1606|1933|2115|21 Zilhicce 1448
20270528|0245|0436|1210|1606|1934|2116|22 Zilhicce 1448
20270529|0244|0435|1210|1606|1935|2117|23 Zilhicce 1448
20270530|0243|0435|1210|1607|1935|2118|24 Zilhicce 1448
20270531|0242|0434|1210|1607|1936|2120|25 Zilhicce 1448
20270601|0242|0434|1210|1607|1937|2121|26 Zilhicce 1448
20270602|0241|0433|1210|1607|1938|2122|27 Zilhicce 1448
20270603|0240|0433|1211|1608|1938|2123|28 Zilhicce 1448
20270604|0239|0432|1211|1608|1939|2124|29 Zilhicce 1448
20270605|0238|0432|1211|1608|1940|2125|30 Zilhicce 1448
20270606|0238|0432|1211|1609|1940|2126|1 Muharrem 1449
20270607|0237|0432|1211|1609|1941|2127|2 Muharrem 1449
20270608|0237|0431|1212|1609|1942|2128|3 Muharrem 1449
20270609|0236|0431|1212|1609|1942|2129|4 Muharrem 1449
20270610|0236|0431|1212|1610|1943|2129|5 Muharrem 1449
20270611|0235|0431|1212|1610|1943|2130|6 Muharrem 1449
20270612|0235|0431|1212|1610|1944|2131|7 Muharrem 1449
20270613|0235|0431|1213|1610|1944|2132|8 Muharrem 1449
20270614|0234|0431|1213|1611|1945|2132|9 Muharrem 1449
20270615|0234|0431|1213|1611|1945|2133|10 Muharrem 1449
20270616|0234|0431|1213|1611|1946|2133|11 Muharrem 1449
20270617|0234|0431|1213|1611|1946|2134|12 Muharrem 1449
20270618|0234|0431|1214|1612|1946|2134|13 Muharrem 1449
20270619|0234|0431|1214|1612|1947|2135|14 Muharrem 1449
20270620|0234|0431|1214|1612|1947|2135|15 Muharrem 1449
20270621|0234|0431|1214|1612|1947|2135|16 Muharrem 1449
20270622|0235|0432|1214|1613|1947|2135|17 Muharrem 1449
20270623|0235|0432|1215|1613|1948|2136|18 Muharrem 1449
20270624|0235|0432|1215|1613|1948|2136|19 Muharrem 1449
20270625|0236|0432|1215|1613|1948|2136|20 Muharrem 1449
20270626|0236|0433|1215|1613|1948|2136|21 Muharrem 1449
20270627|0236|0433|1216|1614|1948|2136|22 Muharrem 1449
20270628|0237|0433|1216|1614|1948|2136|23 Muharrem 1449
20270629|0238|0434|1216|1614|1948|2135|24 Muharrem 1449
20270630|0238|0434|1216|1614|1948|2135|25 Muharrem 1449
20270701|0239|0435|1216|1614|1948|2135|26 Muharrem 1449
20270702|0240|0435|1217|1614|1948|2135|27 Muharrem 1449
20270703|0240|0436|1217|1614|1948|2134|28 Muharrem 1449
20270704|0241|0436|1217|1615|1948|2134|29 Muharrem 1449
20270705|0242|0437|1217|1615|1947|2133|1 Safer 1449
20270706|0243|0437|1217|1615|1947|2133|2 Safer 1449
20270707|0244|0438|1217|1615|1947|2132|3 Safer 1449
20270708|0245|0439|1218|1615|1947|2132|4 Safer 1449
20270709|0246|0439|1218|1615|1946|2131|5 Safer 1449
20270710|0247|0440|1218|1615|1946|2130|6 Safer 1449
20270711|0248|0441|1218|1615|1945|2130|7 Safer 1449
20270712|0249|0441|1218|1615|1945|2129|8 Safer 1449
20270713|0250|0442|1218|1615|1945|2128|9 Safer 1449
20270714|0251|0443|1218|1615|1944|2127|10 Safer 1449
20270715|0253|0444|1219|1615|1943|2126|11 Safer 1449
20270716|0254|0444|1219|1615|1943|2125|12 Safer 1449
20270717|0255|0445|1219|1615|1942|2124|13 Safer 1449
20270718|0256|0446|1219|1615|1942|2123|14 Safer 1449
20270719|0258|0447|1219|1615|1941|2122|15 Safer 1449
20270720|0259|0448|1219|1615|1940|2121|16 Safer 1449
20270721|0300|0448|1219|1615|1940|2120|17 Safer 1449
20270722|0302|0449|1219|1614|1939|2119|18 Safer 1449
20270723|0303|0450|1219|1614|1938|2117|19 Safer 1449
20270724|0305|0451|1219|1614|1937|2116|20 Safer 1449
20270725|0306|0452|1219|1614|1936|2115|21 Safer 1449
20270726|0307|0453|1219|1614|1936|2113|22 Safer 1449
20270727|0309|0454|1219|1613|1935|2112|23 Safer 1449
20270728|0310|0454|1219|1613|1934|2111|24 Safer 1449
20270729|0312|0455|1219|1613|1933|2109|25 Safer 1449
20270730|0313|0456|1219|1613|1932|2108|26 Safer 1449
20270731|0314|0457|1219|1612|1931|2106|27 Safer 1449
20270801|0316|0458|1219|1612|1930|2105|28 Safer 1449
20270802|0317|0459|1219|1612|1929|2103|29 Safer 1449
20270803|0319|0500|1219|1611|1928|2102|1 Rebiulevvel 1449
20270804|0320|0501|1219|1611|1927|2100|2 Rebiulevvel 1449
20270805|0322|0502|1219|1611|1925|2059|3 Rebiulevvel 1449
20270806|0323|0503|1219|1610|1924|2057|4 Rebiulevvel 1449
20270807|0325|0504|1218|1610|1923|2055|5 Rebiulevvel 1449
20270808|0326|0505|1218|1609|1922|2054|6 Rebiulevvel 1449
20270809|0327|0506|1218|1609|1921|2052|7 Rebiulevvel 1449
20270810|0329|0507|1218|1608|1920|2050|8 Rebiulevvel 1449
20270811|0330|0508|1218|1608|1918|2049|9 Rebiulevvel 1449
20270812|0332|0509|1218|1607|1917|2047|10 Rebiulevvel 1449
20270813|0333|0509|1218|1607|1916|2045|11 Rebiulevvel 1449
20270814|0335|0510|1217|1606|1914|2044|12 Rebiulevvel 1449
20270815|0336|0511|1217|1606|1913|2042|13 Rebiulevvel 1449
20270816|0337|0512|1217|1605|1912|2040|14 Rebiulevvel 1449
20270817|0339|0513|1217|1604|1910|2038|15 Rebiulevvel 1449
20270818|0340|0514|1217|1604|1909|2037|16 Rebiulevvel 1449
20270819|0342|0515|1216|1603|1908|2035|17 Rebiulevvel 1449
20270820|0343|0516|1216|1602|1906|2033|18 Rebiulevvel 1449
20270821|0344|0517|1216|1602|1905|2031|19 Rebiulevvel 1449
20270822|0346|0518|1216|1601|1903|2029|20 Rebiulevvel 1449
20270823|0347|0519|1215|1600|1902|2028|21 Rebiulevvel 1449
20270824|0348|0520|1215|1559|1900|2026|22 Rebiulevvel 1449
20270825|0350|0521|1215|1559|1859|2024|23 Rebiulevvel 1449
20270826|0351|0522|1215|1558|1857|2022|24 Rebiulevvel 1449
20270827|0352|0523|1214|1557|1856|2020|25 Rebiulevvel 1449
20270828|0354|0524|1214|1556|1854|2018|26 Rebiulevvel 1449
20270829|0355|0525|1214|1555|1853|2016|27 Rebiulevvel 1449
20270830|0356|0526|1213|1555|1851|2015|28 Rebiulevvel 1449
20270831|0358|0527|1213|1554|1850|2013|29 Rebiulevvel 1449
20270901|0359|0528|1213|1553|1848|2011|30 Rebiulevvel 1449
20270902|0400|0529|1212|1552|1846|2009|1 Rebiulahir 1449
20270903|0401|0530|1212|1551|1845|2007|2 Rebiulahir 1449
20270904|0403|0530|1212|1550|1843|2005|3 Rebiulahir 1449
20270905|0404|0531|1212|1549|1842|2003|4 Rebiulahir 1449
20270906|0405|0532|1211|1548|1840|2002|5 Rebiulahir 1449
20270907|0406|0533|1211|1547|1838|2000|6 Rebiulahir 1449
20270908|0407|0534|1210|1546|1837|1958|7 Rebiulahir 1449
20270909|0409|0535|1210|1545|1835|1956|8 Rebiulahir 1449
20270910|0410|0536|1210|1544|1833|1954|9 Rebiulahir 1449
20270911|0411|0537|1209|1543|1832|1952|10 Rebiulahir 1449
20270912|0412|0538|1209|1542|1830|1950|11 Rebiulahir 1449
20270913|0413|0539|1209|1541|1829|1949|12 Rebiulahir 1449
20270914|0414|0540|1208|1540|1827|1947|13 Rebiulahir 1449
20270915|0416|0541|1208|1539|1825|1945|14 Rebiulahir 1449
20270916|0417|0542|1208|1538|1824|1943|15 Rebiulahir 1449
20270917|0418|0543|1207|1537|1822|1941|16 Rebiulahir 1449
20270918|0419|0544|1207|1536|1820|1939|17 Rebiulahir 1449
20270919|0420|0545|1207|1535|1819|1938|18 Rebiulahir 1449
20270920|0421|0546|1206|1533|1817|1936|19 Rebiulahir 1449
20270921|0422|0547|1206|1532|1815|1934|20 Rebiulahir 1449
20270922|0423|0548|1206|1531|1814|1932|21 Rebiulahir 1449
20270923|0424|0549|1205|1530|1812|1930|22 Rebiulahir 1449
20270924|0426|0549|1205|1529|1810|1929|23 Rebiulahir 1449
20270925|0427|0550|1204|1528|1809|1927|24 Rebiulahir 1449
20270926|0428|0551|1204|1527|1807|1925|25 Rebiulahir 1449
20270927|0429|0552|1204|1525|1805|1923|26 Rebiulahir 1449
20270928|0430|0553|1203|1524|1804|1922|27 Rebiulahir 1449
20270929|0431|0554|1203|1523|1802|1920|28 Rebiulahir 1449
20270930|0432|0555|1203|1522|1800|1918|29 Rebiulahir 1449
20271001|0433|0556|1202|1521|1759|1917|1 Cemaziyelevvel 1449
20271002|0434|0557|1202|1520|1757|1915|2 Cemaziyelevvel 1449
20271003|0435|0558|1202|1518|1755|1913|3 Cemaziyelevvel 1449
20271004|0436|0559|1202|1517|1754|1912|4 Cemaziyelevvel 1449
20271005|0437|0600|1201|1516|1752|1910|5 Cemaziyelevvel 1449
20271006|0438|0601|1201|1515|1751|1908|6 Cemaziyelevvel 1449
20271007|0439|0602|1201|1514|1749|1907|7 Cemaziyelevvel 1449
20271008|0440|0603|1200|1513|1747|1905|8 Cemaziyelevvel 1449
20271009|0441|0604|1200|1511|1746|1904|9 Cemaziyelevvel 1449
20271010|0442|0605|1200|1510|1744|1902|10 Cemaziyelevvel 1449
20271011|0443|0606|1159|1509|1743|1900|11 Cemaziyelevvel 1449
20271012|0444|0607|1159|1508|1741|1859|12 Cemaziyelevvel 1449
20271013|0445|0608|1159|1507|1740|1857|13 Cemaziyelevvel 1449
20271014|0446|0609|1159|1506|1738|1856|14 Cemaziyelevvel 1449
20271015|0447|0611|1158|1504|1737|1854|15 Cemaziyelevvel 1449
20271016|0448|0612|1158|1503|1735|1853|16 Cemaziyelevvel 1449
20271017|0449|0613|1158|1502|1734|1852|17 Cemaziyelevvel 1449
20271018|0450|0614|1158|1501|1732|1850|18 Cemaziyelevvel 1449
20271019|0451|0615|1158|1500|1731|1849|19 Cemaziyelevvel 1449
20271020|0452|0616|1157|1459|1729|1847|20 Cemaziyelevvel 1449
20271021|0453|0617|1157|1458|1728|1846|21 Cemaziyelevvel 1449
20271022|0454|0618|1157|1457|1726|1845|22 Cemaziyelevvel 1449
20271023|0455|0619|1157|1455|1725|1843|23 Cemaziyelevvel 1449
20271024|0456|0620|1157|1454|1724|1842|24 Cemaziyelevvel 1449
20271025|0457|0621|1157|1453|1722|1841|25 Cemaziyelevvel 1449
20271026|0458|0622|1157|1452|1721|1840|26 Cemaziyelevvel 1449
20271027|0459|0624|1156|1451|1719|1838|27 Cemaziyelevvel 1449
20271028|0500|0625|1156|1450|1718|1837|28 Cemaziyelevvel 1449
20271029|0501|0626|1156|1449|1717|1836|29 Cemaziyelevvel 1449
20271030|0502|0627|1156|1448|1716|1835|30 Cemaziyelevvel 1449
20271031|0503|0628|1156|1447|1714|1834|1 Cemaziyelahir 1449
20271101|0504|0629|1156|1446|1713|1833|2 Cemaziyelahir 1449
20271102|0505|0630|1156|1445|1712|1832|3 Cemaziyelahir 1449
20271103|0506|0631|1156|1444|1711|1831|4 Cemaziyelahir 1449
20271104|0507|0633|1156|1443|1710|1830|5 Cemaziyelahir 1449
20271105|0508|0634|1156|1443|1709|1829|6 Cemaziyelahir 1449
20271106|0509|0635|1156|1442|1707|1828|7 Cemaziyelahir 1449
20271107|0510|0636|1156|1441|1706|1827|8 Cemaziyelahir 1449
20271108|0511|0637|1156|1440|1705|1826|9 Cemaziyelahir 1449
20271109|0512|0638|1156|1439|1704|1825|10 Cemaziyelahir 1449
20271110|0513|0640|1156|1438|1703|1824|11 Cemaziyelahir 1449
20271111|0514|0641|1156|1438|1702|1823|12 Cemaziyelahir 1449
20271112|0515|0642|1157|1437|1701|1822|13 Cemaziyelahir 1449
20271113|0516|0643|1157|1436|1701|1822|14 Cemaziyelahir 1449
20271114|0517|0644|1157|1436|1700|1821|15 Cemaziyelahir 1449
20271115|0518|0645|1157|1435|1659|1820|16 Cemaziyelahir 1449
20271116|0519|0646|1157|1434|1658|1820|17 Cemaziyelahir 1449
20271117|0520|0648|1157|1434|1657|1819|18 Cemaziyelahir 1449
20271118|0521|0649|1158|1433|1656|1818|19 Cemaziyelahir 1449
20271119|0522|0650|1158|1432|1656|1818|20 Cemaziyelahir 1449
20271120|0523|0651|1158|1432|1655|1817|21 Cemaziyelahir 1449
20271121|0524|0652|1158|1431|1654|1817|22 Cemaziyelahir 1449
20271122|0525|0653|1158|1431|1654|1816|23 Cemaziyelahir 1449
20271123|0526|0654|1159|1431|1653|1816|24 Cemaziyelahir 1449
20271124|0527|0655|1159|1430|1653|1816|25 Cemaziyelahir 1449
20271125|0528|0657|1159|1430|1652|1815|26 Cemaziyelahir 1449
20271126|0529|0658|1200|1429|1652|1815|27 Cemaziyelahir 1449
20271127|0530|0659|1200|1429|1651|1815|28 Cemaziyelahir 1449
20271128|0531|0700|1200|1429|1651|1814|29 Cemaziyelahir 1449
20271129|0532|0701|1201|1428|1650|1814|1 Recep 1449
20271130|0533|0702|1201|1428|1650|1814|2 Recep 1449
20271201|0534|0703|1201|1428|1650|1814|3 Recep 1449
20271202|0534|0704|1202|1428|1649|1814|4 Recep 1449
20271203|0535|0705|1202|1428|1649|1813|5 Recep 1449
20271204|0536|0706|1202|1428|1649|1813|6 Recep 1449
20271205|0537|0707|1203|1428|1649|1813|7 Recep 1449
20271206|0538|0708|1203|1428|1649|1813|8 Recep 1449
20271207|0539|0709|1204|1428|1649|1813|9 Recep 1449
20271208|0539|0710|1204|1428|1649|1813|10 Recep 1449
20271209|0540|0710|1205|1428|1649|1814|11 Recep 1449
20271210|0541|0711|1205|1428|1649|1814|12 Recep 1449
20271211|0542|0712|1205|1428|1649|1814|13 Recep 1449
20271212|0542|0713|1206|1428|1649|1814|14 Recep 1449
20271213|0543|0714|1206|1428|1649|1814|15 Recep 1449
20271214|0544|0714|1207|1429|1649|1814|16 Recep 1449
20271215|0544|0715|1207|1429|1649|1815|17 Recep 1449
20271216|0545|0716|1208|1429|1650|1815|18 Recep 1449
20271217|0546|0717|1208|1429|1650|1815|19 Recep 1449
20271218|0546|0717|1209|1430|1650|1816|20 Recep 1449
20271219|0547|0718|1209|1430|1651|1816|21 Recep 1449
20271220|0548|0718|1210|1431|1651|1817|22 Recep 1449
20271221|0548|0719|1210|1431|1652|1817|23 Recep 1449
20271222|0549|0719|1211|1432|1652|1818|24 Recep 1449
20271223|0549|0720|1211|1432|1653|1818|25 Recep 1449
20271224|0550|0720|1212|1433|1653|1819|26 Recep 1449
20271225|0550|0721|1212|1433|1654|1819|27 Recep 1449
20271226|0550|0721|1213|1434|1654|1820|28 Recep 1449
20271227|0551|0722|1213|1434|1655|1820|29 Recep 1449
20271228|0551|0722|1214|1435|1656|1821|30 Recep 1449
20271229|0551|0722|1214|1436|1656|1822|1 Şaban 1449
20271230|0552|0722|1215|1436|1657|1822|2 Şaban 1449
20271231|0552|0723|1215|1437|1658|1823|3 Şaban 1449
#@9594|Kars|KARS|730
20260101|0553|0724|1216|1437|1658|1823|12 Recep 1447
20260102|0553|0724|1216|1438|1659|1824|13 Recep 1447
20260103|0553|0725|1217|1438|1659|1825|14 Recep 1447
20260104|0554|0725|1217|1439|1700|1826|15 Recep 1447
20260105|0554|0725|1218|1440|1701|1827|16 Recep 1447
20260106|0554|0724|1218|1441|1702|1827|17 Recep 1447
20260107|0554|0724|1219|1442|1703|1828|18 Recep 1447
20260108|0554|0724|1219|1443|1704|1829|19 Recep 1447
20260109|0554|0724|1220|1444|1705|1830|20 Recep 1447
20260110|0554|0724|1220|1445|1706|1831|21 Recep 1447
20260111|0554|0724|1220|1445|1707|1832|22 Recep 1447
20260112|0553|0723|1221|1446|1708|1833|23 Recep 1447
20260113|0553|0723|1221|1447|1709|1834|24 Recep 1447
20260114|0553|0723|1222|1448|1710|1835|25 Recep 1447
20260115|0553|0722|1222|1449|1711|1836|26 Recep 1447
20260116|0553|0722|1222|1450|1713|1837|27 Recep 1447
20260117|0552|0722|1223|1451|1714|1837|28 Recep 1447
20260118|0552|0721|1223|1452|1715|1838|29 Recep 1447
20260119|0552|0721|1223|1453|1716|1839|30 Recep 1447
20260120|0551|0720|1224|1454|1717|1840|1 Şaban 1447
20260121|0551|0719|1224|1455|1718|1841|2 Şaban 1447
20260122|0550|0719|1224|1456|1719|1842|3 Şaban 1447
20260123|0550|0718|1224|1457|1721|1844|4 Şaban 1447
20260124|0549|0717|1225|1458|1722|1845|5 Şaban 1447
20260125|0549|0717|1225|1459|1723|1846|6 Şaban 1447
20260126|0548|0716|1225|1501|1724|1847|7 Şaban 1447
20260127|0548|0715|1225|1502|1725|1848|8 Şaban 1447
20260128|0547|0714|1225|1503|1727|1849|9 Şaban 1447
20260129|0546|0714|1226|1504|1728|1850|10 Şaban 1447
20260130|0546|0713|1226|1505|1729|1851|11 Şaban 1447
20260131|0545|0712|1226|1506|1730|1852|12 Şaban 1447
20260201|0544|0711|1226|1507|1732|1853|13 Şaban 1447
20260202|0543|0710|1226|1508|1733|1854|14 Şaban 1447
20260203|0542|0709|1226|1509|1734|1855|15 Şaban 1447
20260204|0542|0708|1227|1510|1735|1856|16 Şaban 1447
20260205|0541|0707|1227|1511|1736|1857|17 Şaban 1447
20260206|0540|0706|1227|1512|1738|1858|18 Şaban 1447
20260207|0539|0705|1227|1513|1739|1859|19 Şaban 1447
20260208|0538|0703|1227|1514|1740|1901|20 Şaban 1447
20260209|0537|0702|1227|1515|1741|1902|21 Şaban 1447
20260210|0536|0701|1227|1516|1743|1903|22 Şaban 1447
20260211|0535|0700|1227|1517|1744|1904|23 Şaban 1447
20260212|0534|0659|1227|1518|1745|1905|24 Şaban 1447
20260213|0532|0657|1227|1518|1746|1906|25 Şaban 1447
20260214|0531|0656|1227|1519|1747|1907|26 Şaban 1447
20260215|0530|0655|1227|1520|1749|1908|27 Şaban 1447
20260216|0529|0654|1227|1521|1750|1909|28 Şaban 1447
20260217|0528|0652|1227|1522|1751|1910|29 Şaban 1447
20260218|0527|0651|1227|1523|1752|1911|30 Şaban 1447
20260219|0525|0650|1227|1524|1753|1913|1 Ramazan 1447
20260220|0524|0648|1226|1525|1755|1914|2 Ramazan 1447
20260221|0523|0647|1226|1526|1756|1915|3 Ramazan 1447
20260222|0521|0645|1226|1527|1757|1916|4 Ramazan 1447
20260223|0520|0644|1226|1527|1758|1917|5 Ramazan 1447
20260224|0519|0643|1226|1528|1759|1918|6 Ramazan 1447
20260225|0517|0641|1226|1529|1800|1919|7 Ramazan 1447
20260226|0516|0640|1226|1530|1802|1920|8 Ramazan 1447
20260227|0514|0638|1225|1531|1803|1921|9 Ramazan 1447
20260228|0513|0637|1225|1531|1804|1922|10 Ramazan 1447
20260301|0511|0635|1225|1532|1805|1924|11 Ramazan 1447
20260302|0510|0634|1225|1533|1806|1925|12 Ramazan 1447
20260303|0508|0632|1225|1534|1807|1926|13 Ramazan 1447
20260304|0507|0631|1224|1534|1808|1927|14 Ramazan 1447
20260305|0505|0629|1224|1535|1810|1928|15 Ramazan 1447
20260306|0504|0627|1224|1536|1811|1929|16 Ramazan 1447
20260307|0502|0626|1224|1536|1812|1930|17 Ramazan 1447
20260308|0501|0624|1224|1537|1813|1931|18 Ramazan 1447
20260309|0459|0623|1223|1538|1814|1932|19 Ramazan 1447
20260310|0457|0621|1223|1538|1815|1934|20 Ramazan 1447
20260311|0456|0619|1223|1539|1816|1935|21 Ramazan 1447
20260312|0454|0618|1223|1540|1817|1936|22 Ramazan 1447
20260313|0452|0616|1222|1540|1818|1937|23 Ramazan 1447
20260314|0451|0615|1222|1541|1819|1938|24 Ramazan 1447
20260315|0449|0613|1222|1541|1821|1939|25 Ramazan 1447
20260316|0447|0611|1221|1542|1822|1940|26 Ramazan 1447
20260317|0445|0610|1221|1543|1823|1942|27 Ramazan 1447
20260318|0444|0608|1221|1543|1824|1943|28 Ramazan 1447
20260319|0442|0606|1221|1544|1825|1944|29 Ramazan 1447
20260320|0440|0605|1220|1544|1826|1945|1 Şevval 1447
20260321|0438|0603|1220|1545|1827|1946|2 Şevval 1447
20260322|0437|0601|1220|1545|1828|1947|3 Şevval 1447
20260323|0435|0600|1219|1546|1829|1949|4 Şevval 1447
20260324|0433|0558|1219|1546|1830|1950|5 Şevval 1447
20260325|0431|0556|1219|1547|1831|1951|6 Şevval 1447
20260326|0429|0555|1218|1547|1832|1952|7 Şevval 1447
20260327|0427|0553|1218|1548|1833|1953|8 Şevval 1447
20260328|0426|0551|1218|1548|1834|1955|9 Şevval 1447
20260329|0424|0550|1218|1549|1835|1956|10 Şevval 1447
20260330|0422|0548|1217|1549|1836|1957|11 Şevval 1447
20260331|0420|0547|1217|1549|1837|1958|12 Şevval 1447
20260401|0418|0545|1217|1550|1838|1959|13 Şevval 1447
20260402|0416|0543|1216|1550|1839|2001|14 Şevval 1447
20260403|0414|0542|1216|1551|1841|2002|15 Şevval 1447
20260404|0413|0540|1216|1551|1842|2003|16 Şevval 1447
20260405|0411|0538|1215|1552|1843|2005|17 Şevval 1447
20260406|0409|0537|1215|1552|1844|2006|18 Şevval 1447
20260407|0407|0535|1215|1552|1845|2007|19 Şevval 1447
20260408|0405|0534|1215|1553|1846|2008|20 Şevval 1447
20260409|0403|0532|1214|1553|1847|2010|21 Şevval 1447
20260410|0401|0530|1214|1553|1848|2011|22 Şevval 1447
20260411|0359|0529|1214|1554|1849|2012|23 Şevval 1447
20260412|0357|0527|1214|1554|1850|2014|24 Şevval 1447
20260413|0356|0526|1213|1554|1851|2015|25 Şevval 1447
20260414|0354|0524|1213|1555|1852|2016|26 Şevval 1447
20260415|0352|0523|1213|1555|1853|2018|27 Şevval 1447
20260416|0350|0521|1213|1555|1854|2019|28 Şevval 1447
20260417|0348|0520|1212|1556|1855|2021|29 Şevval 1447
20260418|0346|0518|1212|1556|1856|2022|1 Zilkade 1447
20260419|0344|0517|1212|1556|1857|2023|2 Zilkade 1447
20260420|0342|0515|1212|1557|1858|2025|3 Zilkade 1447
20260421|0341|0514|1211|1557|1859|2026|4 Zilkade 1447
20260422|0339|0512|1211|1557|1900|2028|5 Zilkade 1447
20260423|0337|0511|1211|1558|1901|2029|6 Zilkade 1447
20260424|0335|0509|1211|1558|1902|2030|7 Zilkade 1447
20260425|0333|0508|1211|1558|1903|2032|8 Zilkade 1447
20260426|0331|0507|1211|1558|1905|2033|9 Zilkade 1447
20260427|0329|0505|1210|1559|1906|2035|10 Zilkade 1447
20260428|0328|0504|1210|1559|1907|2036|11 Zilkade 1447
20260429|0326|0503|1210|1559|1908|2038|12 Zilkade 1447
20260430|0324|0501|1210|1559|1909|2039|13 Zilkade 1447
20260501|0322|0500|1210|1600|1910|2041|14 Zilkade 1447
20260502|0321|0459|1210|1600|1911|2042|15 Zilkade 1447
20260503|0319|0457|1210|1600|1912|2044|16 Zilkade 1447
20260504|0317|0456|1209|1601|1913|2045|17 Zilkade 1447
20260505|0315|0455|1209|1601|1914|2047|18 Zilkade 1447
20260506|0314|0454|1209|1601|1915|2048|19 Zilkade 1447
20260507|0312|0453|1209|1601|1916|2050|20 Zilkade 1447
20260508|0310|0452|1209|1602|1917|2051|21 Zilkade 1447
20260509|0309|0450|1209|1602|1918|2053|22 Zilkade 1447
20260510|0307|0449|1209|1602|1919|2054|23 Zilkade 1447
20260511|0305|0448|1209|1603|1920|2056|24 Zilkade 1447
20260512|0304|0447|1209|1603|1921|2057|25 Zilkade 1447
20260513|0302|0446|1209|1603|1922|2058|26 Zilkade 1447
20260514|0301|0445|1209|1603|1923|2100|27 Zilkade 1447
20260515|0259|0444|1209|1604|1924|2101|28 Zilkade 1447
20260516|0258|0443|1209|1604|1925|2103|29 Zilkade 1447
20260517|0256|0442|1209|1604|1926|2104|30 Zilkade 1447
20260518|0255|0442|1209|1604|1927|2106|1 Zilhicce 1447
20260519|0253|0441|1209|1605|1928|2107|2 Zilhicce 1447
20260520|0252|0440|1209|1605|1929|2109|3 Zilhicce 1447
20260521|0251|0439|1209|1605|1930|2110|4 Zilhicce 1447
20260522|0249|0438|1209|1606|1930|2111|5 Zilhicce 1447
20260523|0248|0438|1209|1606|1931|2113|6 Zilhicce 1447
20260524|0247|0437|1209|1606|1932|2114|7 Zilhicce 1447
20260525|0246|0436|1210|1606|1933|2115|8 Zilhicce 1447
20260526|0244|0435|1210|1607|1934|2117|9 Zilhicce 1447
20260527|0243|0435|1210|1607|1935|2118|10 Zilhicce 1447
20260528|0242|0434|1210|1607|1936|2119|11 Zilhicce 1447
20260529|0241|0434|1210|1607|1936|2121|12 Zilhicce 1447
20260530|0240|0433|1210|1608|1937|2122|13 Zilhicce 1447
20260531|0239|0433|1210|1608|1938|2123|14 Zilhicce 1447
20260601|0238|0432|1210|1608|1939|2124|15 Zilhicce 1447
20260602|0237|0432|1211|1609|1939|2125|16 Zilhicce 1447
20260603|0237|0431|1211|1609|1940|2126|17 Zilhicce 1447
20260604|0236|0431|1211|1609|1941|2127|18 Zilhicce 1447
20260605|0235|0431|1211|1609|1942|2128|19 Zilhicce 1447
20260606|0234|0430|1211|1610|1942|2129|20 Zilhicce 1447
20260607|0234|0430|1211|1610|1943|2130|21 Zilhicce 1447
20260608|0233|0430|1212|1610|1943|2131|22 Zilhicce 1447
20260609|0233|0430|1212|1610|1944|2132|23 Zilhicce 1447
20260610|0232|0430|1212|1611|1945|2133|24 Zilhicce 1447
20260611|0232|0429|1212|1611|1945|2134|25 Zilhicce 1447
20260612|0232|0429|1212|1611|1946|2134|26 Zilhicce 1447
20260613|0231|0429|1213|1612|1946|2135|27 Zilhicce 1447
20260614|0231|0429|1213|1612|1946|2136|28 Zilhicce 1447
20260615|0231|0429|1213|1612|1947|2136|29 Zilhicce 1447
20260616|0231|0429|1213|1612|1947|2137|1 Muharrem 1448
20260617|0231|0429|1214|1613|1948|2137|2 Muharrem 1448
20260618|0231|0430|1214|1613|1948|2138|3 Muharrem 1448
20260619|0231|0430|1214|1613|1948|2138|4 Muharrem 1448
20260620|0231|0430|1214|1613|1949|2138|5 Muharrem 1448
20260621|0231|0430|1214|1613|1949|2139|6 Muharrem 1448
20260622|0231|0430|1215|1614|1949|2139|7 Muharrem 1448
20260623|0232|0430|1215|1614|1949|2139|8 Muharrem 1448
20260624|0232|0431|1215|1614|1949|2139|9 Muharrem 1448
20260625|0232|0431|1215|1614|1949|2139|10 Muharrem 1448
20260626|0233|0431|1215|1614|1950|2139|11 Muharrem 1448
20260627|0233|0432|1216|1615|1950|2139|12 Muharrem 1448
20260628|0234|0432|1216|1615|1950|2139|13 Muharrem 1448
20260629|0234|0433|1216|1615|1950|2139|14 Muharrem 1448
20260630|0235|0433|1216|1615|1950|2139|15 Muharrem 1448
20260701|0236|0433|1216|1615|1949|2138|16 Muharrem 1448
20260702|0236|0434|1217|1615|1949|2138|17 Muharrem 1448
20260703|0237|0435|1217|1616|1949|2137|18 Muharrem 1448
20260704|0238|0435|1217|1616|1949|2137|19 Muharrem 1448
20260705|0239|0436|1217|1616|1949|2137|20 Muharrem 1448
20260706|0240|0436|1217|1616|1949|2136|21 Muharrem 1448
20260707|0241|0437|1218|1616|1948|2135|22 Muharrem 1448
20260708|0242|0437|1218|1616|1948|2135|23 Muharrem 1448
20260709|0243|0438|1218|1616|1948|2134|24 Muharrem 1448
20260710|0244|0439|1218|1616|1947|2133|25 Muharrem 1448
20260711|0245|0440|1218|1616|1947|2132|26 Muharrem 1448
20260712|0246|0440|1218|1616|1946|2132|27 Muharrem 1448
20260713|0248|0441|1218|1616|1946|2131|28 Muharrem 1448
20260714|0249|0442|1219|1616|1945|2130|29 Muharrem 1448
20260715|0250|0442|1219|1616|1945|2129|1 Safer 1448
20260716|0251|0443|1219|1616|1944|2128|2 Safer 1448
20260717|0253|0444|1219|1616|1944|2127|3 Safer 1448
20260718|0254|0445|1219|1616|1943|2126|4 Safer 1448
20260719|0255|0446|1219|1616|1942|2125|5 Safer 1448
20260720|0257|0447|1219|1616|1942|2123|6 Safer 1448
20260721|0258|0447|1219|1615|1941|2122|7 Safer 1448
20260722|0259|0448|1219|1615|1940|2121|8 Safer 1448
20260723|0301|0449|1219|1615|1939|2120|9 Safer 1448
20260724|0302|0450|1219|1615|1938|2118|10 Safer 1448
20260725|0304|0451|1219|1615|1938|2117|11 Safer 1448
20260726|0305|0452|1219|1615|1937|2116|12 Safer 1448
20260727|0307|0453|1219|1614|1936|2114|13 Safer 1448
20260728|0308|0454|1219|1614|1935|2113|14 Safer 1448
20260729|0309|0455|1219|1614|1934|2111|15 Safer 1448
20260730|0311|0455|1219|1613|1933|2110|16 Safer 1448
20260731|0312|0456|1219|1613|1932|2108|17 Safer 1448
20260801|0314|0457|1219|1613|1931|2107|18 Safer 1448
20260802|0315|0458|1219|1612|1930|2105|19 Safer 1448
20260803|0317|0459|1219|1612|1929|2104|20 Safer 1448
20260804|0318|0500|1219|1612|1928|2102|21 Safer 1448
20260805|0320|0501|1219|1611|1926|2100|22 Safer 1448
20260806|0321|0502|1219|1611|1925|2059|23 Safer 1448
20260807|0323|0503|1219|1610|1924|2057|24 Safer 1448
20260808|0324|0504|1218|1610|1923|2056|25 Safer 1448
20260809|0326|0505|1218|1609|1922|2054|26 Safer 1448
20260810|0327|0506|1218|1609|1920|2052|27 Safer 1448
20260811|0329|0507|1218|1608|1919|2050|28 Safer 1448
20260812|0330|0508|1218|1608|1918|2049|29 Safer 1448
20260813|0332|0509|1218|1607|1916|2047|30 Safer 1448
20260814|0333|0510|1217|1607|1915|2045|1 Rebiulevvel 1448
20260815|0335|0511|1217|1606|1914|2043|2 Rebiulevvel 1448
20260816|0336|0512|1217|1605|1912|2042|3 Rebiulevvel 1448
20260817|0337|0513|1217|1605|1911|2040|4 Rebiulevvel 1448
20260818|0339|0514|1217|1604|1909|2038|5 Rebiulevvel 1448
20260819|0340|0515|1216|1603|1908|2036|6 Rebiulevvel 1448
20260820|0342|0516|1216|1603|1907|2034|7 Rebiulevvel 1448
20260821|0343|0517|1216|1602|1905|2032|8 Rebiulevvel 1448
20260822|0345|0518|1216|1601|1904|2031|9 Rebiulevvel 1448
20260823|0346|0519|1215|1600|1902|2029|10 Rebiulevvel 1448
20260824|0347|0520|1215|1600|1901|2027|11 Rebiulevvel 1448
20260825|0349|0521|1215|1559|1859|2025|12 Rebiulevvel 1448
20260826|0350|0522|1215|1558|1858|2023|13 Rebiulevvel 1448
20260827|0351|0523|1214|1557|1856|2021|14 Rebiulevvel 1448
20260828|0353|0524|1214|1556|1855|2019|15 Rebiulevvel 1448
20260829|0354|0525|1214|1556|1853|2017|16 Rebiulevvel 1448
20260830|0355|0526|1213|1555|1851|2016|17 Rebiulevvel 1448
20260831|0357|0527|1213|1554|1850|2014|18 Rebiulevvel 1448
20260901|0358|0527|1213|1553|1848|2012|19 Rebiulevvel 1448
20260902|0359|0528|1213|1552|1847|2010|20 Rebiulevvel 1448
20260903|0400|0529|1212|1551|1845|2008|21 Rebiulevvel 1448
20260904|0402|0530|1212|1550|1843|2006|22 Rebiulevvel 1448
20260905|0403|0531|1212|1549|1842|2004|23 Rebiulevvel 1448
20260906|0404|0532|1211|1548|1840|2002|24 Rebiulevvel 1448
20260907|0405|0533|1211|1547|1838|2000|25 Rebiulevvel 1448
20260908|0407|0534|1211|1546|1837|1959|26 Rebiulevvel 1448
20260909|0408|0535|1210|1545|1835|1957|27 Rebiulevvel 1448
20260910|0409|0536|1210|1544|1833|1955|28 Rebiulevvel 1448
20260911|0410|0537|1209|1543|1832|1953|29 Rebiulevvel 1448
20260912|0412|0538|1209|1542|1830|1951|1 Rebiulahir 1448
20260913|0413|0539|1209|1541|1828|1949|2 Rebiulahir 1448
20260914|0414|0540|1208|1540|1827|1947|3 Rebiulahir 1448
20260915|0415|0541|1208|1539|1825|1945|4 Rebiulahir 1448
20260916|0416|0542|1208|1538|1823|1944|5 Rebiulahir 1448
20260917|0417|0543|1207|1537|1822|1942|6 Rebiulahir 1448
20260918|0419|0544|1207|1535|1820|1940|7 Rebiulahir 1448
20260919|0420|0545|1207|1534|1818|1938|8 Rebiulahir 1448
20260920|0421|0546|1206|1533|1817|1936|9 Rebiulahir 1448
20260921|0422|0547|1206|1532|1815|1934|10 Rebiulahir 1448
20260922|0423|0548|1206|1531|1813|1933|11 Rebiulahir 1448
20260923|0424|0549|1205|1530|1812|1931|12 Rebiulahir 1448
20260924|0425|0550|1205|1529|1810|1929|13 Rebiulahir 1448
20260925|0426|0551|1204|1527|1808|1927|14 Rebiulahir 1448
20260926|0427|0552|1204|1526|1807|1925|15 Rebiulahir 1448
20260927|0429|0553|1204|1525|1805|1924|16 Rebiulahir 1448
20260928|0430|0554|1203|1524|1803|1922|17 Rebiulahir 1448
20260929|0431|0555|1203|1523|1802|1920|18 Rebiulahir 1448
20260930|0432|0556|1203|1521|1800|1918|19 Rebiulahir 1448
20261001|0433|0557|1202|1520|1758|1917|20 Rebiulahir 1448
20261002|0434|0558|1202|1519|1757|1915|21 Rebiulahir 1448
20261003|0435|0559|1202|1518|1755|1913|22 Rebiulahir 1448
20261004|0436|0600|1202|1517|1753|1912|23 Rebiulahir 1448
20261005|0437|0601|1201|1515|1752|1910|24 Rebiulahir 1448
20261006|0438|0602|1201|1514|1750|1908|25 Rebiulahir 1448
20261007|0439|0603|1201|1513|1748|1907|26 Rebiulahir 1448
20261008|0440|0604|1200|1512|1747|1905|27 Rebiulahir 1448
20261009|0441|0605|1200|1511|1745|1904|28 Rebiulahir 1448
20261010|0442|0606|1200|1510|1744|1902|29 Rebiulahir 1448
20261011|0443|0607|1200|1508|1742|1900|30 Rebiulahir 1448
20261012|0444|0608|1159|1507|1740|1859|1 Cemaziyelevvel 1448
20261013|0445|0609|1159|1506|1739|1857|2 Cemaziyelevvel 1448
20261014|0446|0610|1159|1505|1737|1856|3 Cemaziyelevvel 1448
20261015|0448|0611|1159|1504|1736|1854|4 Cemaziyelevvel 1448
20261016|0449|0612|1158|1502|1734|1853|5 Cemaziyelevvel 1448
20261017|0450|0613|1158|1501|1733|1851|6 Cemaziyelevvel 1448
20261018|0451|0615|1158|1500|1731|1850|7 Cemaziyelevvel 1448
20261019|0452|0616|1158|1459|1730|1849|8 Cemaziyelevvel 1448
20261020|0453|0617|1158|1458|1728|1847|9 Cemaziyelevvel 1448
20261021|0454|0618|1157|1457|1727|1846|10 Cemaziyelevvel 1448
20261022|0455|0619|1157|1456|1725|1844|11 Cemaziyelevvel 1448
20261023|0456|0620|1157|1455|1724|1843|12 Cemaziyelevvel 1448
20261024|0457|0621|1157|1453|1723|1842|13 Cemaziyelevvel 1448
20261025|0458|0622|1157|1452|1721|1841|14 Cemaziyelevvel 1448
20261026|0459|0623|1157|1451|1720|1839|15 Cemaziyelevvel 1448
20261027|0500|0625|1157|1450|1719|1838|16 Cemaziyelevvel 1448
20261028|0501|0626|1156|1449|1717|1837|17 Cemaziyelevvel 1448
20261029|0502|0627|1156|1448|1716|1836|18 Cemaziyelevvel 1448
20261030|0503|0628|1156|1447|1715|1835|19 Cemaziyelevvel 1448
20261031|0504|0629|1156|1446|1713|1833|20 Cemaziyelevvel 1448
20261101|0505|0630|1156|1445|1712|1832|21 Cemaziyelevvel 1448
20261102|0506|0632|1156|1444|1711|1831|22 Cemaziyelevvel 1448
20261103|0507|0633|1156|1443|1710|1830|23 Cemaziyelevvel 1448
20261104|0508|0634|1156|1442|1709|1829|24 Cemaziyelevvel 1448
20261105|0509|0635|1156|1441|1708|1828|25 Cemaziyelevvel 1448
20261106|0510|0636|1156|1441|1706|1827|26 Cemaziyelevvel 1448
20261107|0511|0637|1156|1440|1705|1826|27 Cemaziyelevvel 1448
20261108|0512|0639|1156|1439|1704|1825|28 Cemaziyelevvel 1448
20261109|0513|0640|1156|1438|1703|1824|29 Cemaziyelevvel 1448
20261110|0514|0641|1157|1437|1702|1824|1 Cemaziyelahir 1448
20261111|0515|0642|1157|1437|1701|1823|2 Cemaziyelahir 1448
20261112|0516|0643|1157|1436|1700|1822|3 Cemaziyelahir 1448
20261113|0517|0644|1157|1435|1659|1821|4 Cemaziyelahir 1448
20261114|0518|0646|1157|1434|1658|1821|5 Cemaziyelahir 1448
20261115|0519|0647|1157|1434|1658|1820|6 Cemaziyelahir 1448
20261116|0520|0648|1157|1433|1657|1819|7 Cemaziyelahir 1448
20261117|0521|0649|1158|1432|1656|1819|8 Cemaziyelahir 1448
20261118|0522|0650|1158|1432|1655|1818|9 Cemaziyelahir 1448
20261119|0523|0651|1158|1431|1655|1817|10 Cemaziyelahir 1448
20261120|0524|0653|1158|1431|1654|1817|11 Cemaziyelahir 1448
20261121|0525|0654|1158|1430|1653|1816|12 Cemaziyelahir 1448
20261122|0526|0655|1159|1430|1653|1816|13 Cemaziyelahir 1448
20261123|0527|0656|1159|1429|1652|1815|14 Cemaziyelahir 1448
20261124|0528|0657|1159|1429|1651|1815|15 Cemaziyelahir 1448
20261125|0529|0658|1159|1428|1651|1815|16 Cemaziyelahir 1448
20261126|0530|0659|1200|1428|1650|1814|17 Cemaziyelahir 1448
20261127|0531|0700|1200|1428|1650|1814|18 Cemaziyelahir 1448
20261128|0532|0701|1200|1428|1649|1814|19 Cemaziyelahir 1448
20261129|0533|0702|1201|1427|1649|1813|20 Cemaziyelahir 1448
20261130|0534|0704|1201|1427|1649|1813|21 Cemaziyelahir 1448
20261201|0534|0705|1201|1427|1648|1813|22 Cemaziyelahir 1448
20261202|0535|0706|1202|1427|1648|1813|23 Cemaziyelahir 1448
20261203|0536|0707|1202|1427|1648|1813|24 Cemaziyelahir 1448
20261204|0537|0708|1203|1426|1648|1813|25 Cemaziyelahir 1448
20261205|0538|0709|1203|1426|1648|1813|26 Cemaziyelahir 1448
20261206|0539|0709|1203|1426|1648|1813|27 Cemaziyelahir 1448
20261207|0540|0710|1204|1426|1647|1813|28 Cemaziyelahir 1448
20261208|0540|0711|1204|1426|1647|1813|29 Cemaziyelahir 1448
20261209|0541|0712|1205|1426|1647|1813|30 Cemaziyelahir 1448
20261210|0542|0713|1205|1427|1647|1813|1 Recep 1448
20261211|0543|0714|1206|1427|1648|1813|2 Recep 1448
20261212|0543|0715|1206|1427|1648|1813|3 Recep 1448
20261213|0544|0715|1207|1427|1648|1814|4 Recep 1448
20261214|0545|0716|1207|1427|1648|1814|5 Recep 1448
20261215|0545|0717|1208|1428|1648|1814|6 Recep 1448
20261216|0546|0718|1208|1428|1649|1815|7 Recep 1448
20261217|0547|0718|1209|1428|1649|1815|8 Recep 1448
20261218|0547|0719|1209|1429|1649|1815|9 Recep 1448
20261219|0548|0719|1209|1429|1650|1816|10 Recep 1448
20261220|0548|0720|1210|1429|1650|1816|11 Recep 1448
20261221|0549|0721|1210|1430|1650|1817|12 Recep 1448
20261222|0549|0721|1211|1430|1651|1817|13 Recep 1448
20261223|0550|0722|1211|1431|1651|1818|14 Recep 1448
20261224|0550|0722|1212|1431|1652|1818|15 Recep 1448
20261225|0551|0722|1212|1432|1653|1819|16 Recep 1448
20261226|0551|0723|1213|1433|1653|1819|17 Recep 1448
20261227|0552|0723|1213|1433|1654|1820|18 Recep 1448
20261228|0552|0723|1214|1434|1654|1820|19 Recep 1448
20261229|0552|0724|1214|1435|1655|1821|20 Recep 1448
20261230|0553|0724|1215|1435|1656|1822|21 Recep 1448
20261231|0553|0724|1215|1436|1657|1823|22 Recep 1448
20270101|0553|0724|1216|1437|1658|1823|23 Recep 1448
20270102|0553|0724|1216|1437|1658|1824|24 Recep 1448
20270103|0553|0724|1217|1438|1659|1825|25 Recep 1448
20270104|0554|0725|1217|1439|1700|1826|26 Recep 1448
20270105|0554|0725|1218|1440|1701|1826|27 Recep 1448
20270106|0554|0725|1218|1441|1702|1827|28 Recep 1448
20270107|0554|0724|1219|1442|1703|1828|29 Recep 1448
20270108|0554|0724|1219|1443|1704|1829|30 Recep 1448
20270109|0554|0724|1219|1443|1705|1830|1 Şaban 1448
20270110|0554|0724|1220|1444|1706|1831|2 Şaban 1448
20270111|0554|0724|1220|1445|1707|1832|3 Şaban 1448
20270112|0553|0724|1221|1446|1708|1832|4 Şaban 1448
20270113|0553|0723|1221|1447|1709|1833|5 Şaban 1448
20270114|0553|0723|1221|1448|1710|1834|6 Şaban 1448
20270115|0553|0723|1222|1449|1711|1835|7 Şaban 1448
20270116|0553|0722|1222|1450|1712|1836|8 Şaban 1448
20270117|0552|0722|1223|1451|1713|1837|9 Şaban 1448
20270118|0552|0721|1223|1452|1714|1838|10 Şaban 1448
20270119|0552|0721|1223|1453|1716|1839|11 Şaban 1448
20270120|0551|0720|1223|1454|1717|1840|12 Şaban 1448
20270121|0551|0720|1224|1455|1718|1841|13 Şaban 1448
20270122|0550|0719|1224|1456|1719|1842|14 Şaban 1448
20270123|0550|0718|1224|1457|1720|1843|15 Şaban 1448
20270124|0549|0718|1225|1458|1722|1844|16 Şaban 1448
20270125|0549|0717|1225|1459|1723|1845|17 Şaban 1448
20270126|0548|0716|1225|1500|1724|1846|18 Şaban 1448
20270127|0548|0715|1225|1501|1725|1847|19 Şaban 1448
20270128|0547|0715|1225|1502|1726|1848|20 Şaban 1448
20270129|0546|0714|1226|1503|1728|1850|21 Şaban 1448
20270130|0546|0713|1226|1504|1729|1851|22 Şaban 1448
20270131|0545|0712|1226|1505|1730|1852|23 Şaban 1448
20270201|0544|0711|1226|1506|1731|1853|24 Şaban 1448
20270202|0543|0710|1226|1507|1732|1854|25 Şaban 1448
20270203|0543|0709|1226|1508|1734|1855|26 Şaban 1448
20270204|0542|0708|1226|1509|1735|1856|27 Şaban 1448
20270205|0541|0707|1227|1510|1736|1857|28 Şaban 1448
20270206|0540|0706|1227|1511|1737|1858|29 Şaban 1448
20270207|0539|0705|1227|1512|1739|1859|30 Şaban 1448
20270208|0538|0704|1227|1513|1740|1900|1 Ramazan 1448
20270209|0537|0703|1227|1514|1741|1901|2 Ramazan 1448
20270210|0536|0701|1227|1515|1742|1902|3 Ramazan 1448
20270211|0535|0700|1227|1516|1744|1904|4 Ramazan 1448
20270212|0534|0659|1227|1517|1745|1905|5 Ramazan 1448
20270213|0533|0658|1227|1518|1746|1906|6 Ramazan 1448
20270214|0532|0657|1227|1519|1747|1907|7 Ramazan 1448
20270215|0530|0655|1227|1520|1748|1908|8 Ramazan 1448
20270216|0529|0654|1227|1521|1750|1909|9 Ramazan 1448
20270217|0528|0653|1227|1522|1751|1910|10 Ramazan 1448
20270218|0527|0651|1227|1523|1752|1911|11 Ramazan 1448
20270219|0526|0650|1227|1524|1753|1912|12 Ramazan 1448
20270220|0524|0649|1226|1525|1754|1913|13 Ramazan 1448
20270221|0523|0647|1226|1525|1756|1914|14 Ramazan 1448
20270222|0522|0646|1226|1526|1757|1916|15 Ramazan 1448
20270223|0520|0644|1226|1527|1758|1917|16 Ramazan 1448
20270224|0519|0643|1226|1528|1759|1918|17 Ramazan 1448
20270225|0518|0641|1226|1529|1800|1919|18 Ramazan 1448
20270226|0516|0640|1226|1530|1801|1920|19 Ramazan 1448
20270227|0515|0638|1225|1530|1802|1921|20 Ramazan 1448
20270228|0513|0637|1225|1531|1804|1922|21 Ramazan 1448
20270301|0512|0635|1225|1532|1805|1923|22 Ramazan 1448
20270302|0510|0634|1225|1533|1806|1924|23 Ramazan 1448
20270303|0509|0632|1225|1533|1807|1925|24 Ramazan 1448
20270304|0507|0631|1225|1534|1808|1927|25 Ramazan 1448
20270305|0506|0629|1224|1535|1809|1928|26 Ramazan 1448
20270306|0504|0628|1224|1536|1810|1929|27 Ramazan 1448
20270307|0502|0626|1224|1536|1812|1930|28 Ramazan 1448
20270308|0501|0625|1224|1537|1813|1931|29 Ramazan 1448
20270309|0459|0623|1223|1538|1814|1932|1 Şevval 1448
20270310|0458|0621|1223|1538|1815|1933|2 Şevval 1448
20270311|0456|0620|1223|1539|1816|1934|3 Şevval 1448
20270312|0454|0618|1223|1539|1817|1936|4 Şevval 1448
20270313|0453|0617|1222|1540|1818|1937|5 Şevval 1448
20270314|0451|0615|1222|1541|1819|1938|6 Şevval 1448
20270315|0449|0613|1222|1541|1820|1939|7 Şevval 1448
20270316|0448|0612|1221|1542|1821|1940|8 Şevval 1448
20270317|0446|0610|1221|1542|1822|1941|9 Şevval 1448
20270318|0444|0608|1221|1543|1823|1942|10 Şevval 1448
20270319|0442|0607|1221|1544|1825|1944|11 Şevval 1448
20270320|0441|0605|1220|1544|1826|1945|12 Şevval 1448
20270321|0439|0603|1220|1545|1827|1946|13 Şevval 1448
20270322|0437|0602|1220|1545|1828|1947|14 Şevval 1448
20270323|0435|0600|1219|1546|1829|1948|15 Şevval 1448
20270324|0433|0559|1219|1546|1830|1949|16 Şevval 1448
20270325|0432|0557|1219|1547|1831|1951|17 Şevval 1448
20270326|0430|0555|1219|1547|1832|1952|18 Şevval 1448
20270327|0428|0554|1218|1548|1833|1953|19 Şevval 1448
20270328|0426|0552|1218|1548|1834|1954|20 Şevval 1448
20270329|0424|0550|1218|1549|1835|1955|21 Şevval 1448
20270330|0422|0549|1217|1549|1836|1957|22 Şevval 1448
20270331|0421|0547|1217|1549|1837|1958|23 Şevval 1448
20270401|0419|0545|1217|1550|1838|1959|24 Şevval 1448
20270402|0417|0544|1216|1550|1839|2000|25 Şevval 1448
20270403|0415|0542|1216|1551|1840|2002|26 Şevval 1448
20270404|0413|0540|1216|1551|1841|2003|27 Şevval 1448
20270405|0411|0539|1216|1551|1842|2004|28 Şevval 1448
20270406|0409|0537|1215|1552|1843|2006|29 Şevval 1448
20270407|0407|0536|1215|1552|1844|2007|30 Şevval 1448
20270408|0406|0534|1215|1553|1845|2008|1 Zilkade 1448
20270409|0404|0532|1214|1553|1847|2009|2 Zilkade 1448
20270410|0402|0531|1214|1553|1848|2011|3 Zilkade 1448
20270411|0400|0529|1214|1554|1849|2012|4 Zilkade 1448
20270412|0358|0528|1214|1554|1850|2013|5 Zilkade 1448
20270413|0356|0526|1213|1554|1851|2015|6 Zilkade 1448
20270414|0354|0525|1213|1555|1852|2016|7 Zilkade 1448
20270415|0352|0523|1213|1555|1853|2017|8 Zilkade 1448
20270416|0350|0521|1213|1555|1854|2019|9 Zilkade 1448
20270417|0348|0520|1212|1556|1855|2020|10 Zilkade 1448
20270418|0347|0518|1212|1556|1856|2022|11 Zilkade 1448
20270419|0345|0517|1212|1556|1857|2023|12 Zilkade 1448
20270420|0343|0516|1212|1557|1858|2024|13 Zilkade 1448
20270421|0341|0514|1212|1557|1859|2026|14 Zilkade 1448
20270422|0339|0513|1211|1557|1900|2027|15 Zilkade 1448
20270423|0337|0511|1211|1557|1901|2029|16 Zilkade 1448
20270424|0335|0510|1211|1558|1902|2030|17 Zilkade 1448
20270425|0334|0508|1211|1558|1903|2032|18 Zilkade 1448
20270426|0332|0507|1211|1558|1904|2033|19 Zilkade 1448
20270427|0330|0506|1210|1559|1905|2034|20 Zilkade 1448
20270428|0328|0504|1210|1559|1906|2036|21 Zilkade 1448
20270429|0326|0503|1210|1559|1907|2037|22 Zilkade 1448
20270430|0324|0502|1210|1559|1908|2039|23 Zilkade 1448
20270501|0323|0500|1210|1600|1909|2040|24 Zilkade 1448
20270502|0321|0459|1210|1600|1910|2042|25 Zilkade 1448
20270503|0319|0458|1210|1600|1912|2043|26 Zilkade 1448
20270504|0317|0457|1210|1601|1913|2045|27 Zilkade 1448
20270505|0316|0455|1209|1601|1914|2046|28 Zilkade 1448
20270506|0314|0454|1209|1601|1915|2048|29 Zilkade 1448
20270507|0312|0453|1209|1601|1916|2049|1 Zilhicce 1448
20270508|0311|0452|1209|1602|1917|2051|2 Zilhicce 1448
20270509|0309|0451|1209|1602|1918|2052|3 Zilhicce 1448
20270510|0307|0450|1209|1602|1919|2054|4 Zilhicce 1448
20270511|0306|0449|1209|1602|1920|2055|5 Zilhicce 1448
20270512|0304|0447|1209|1603|1921|2057|6 Zilhicce 1448
20270513|0303|0446|1209|1603|1922|2058|7 Zilhicce 1448
20270514|0301|0445|1209|1603|1923|2100|8 Zilhicce 1448
20270515|0300|0444|1209|1604|1924|2101|9 Zilhicce 1448
20270516|0258|0444|1209|1604|1925|2103|10 Zilhicce 1448
20270517|0257|0443|1209|1604|1926|2104|11 Zilhicce 1448
20270518|0255|0442|1209|1604|1926|2105|12 Zilhicce 1448
20270519|0254|0441|1209|1605|1927|2107|13 Zilhicce 1448
20270520|0252|0440|1209|1605|1928|2108|14 Zilhicce 1448
20270521|0251|0439|1209|1605|1929|2110|15 Zilhicce 1448
20270522|0250|0438|1209|1605|1930|2111|16 Zilhicce 1448
20270523|0248|0438|1209|1606|1931|2112|17 Zilhicce 1448
20270524|0247|0437|1209|1606|1932|2114|18 Zilhicce 1448
20270525|0246|0436|1210|1606|1933|2115|19 Zilhicce 1448
20270526|0245|0436|1210|1607|1934|2116|20 Zilhicce 1448
20270527|0244|0435|1210|1607|1935|2118|21 Zilhicce 1448
20270528|0242|0434|1210|1607|1935|2119|22 Zilhicce 1448
20270529|0241|0434|1210|1607|1936|2120|23 Zilhicce 1448
20270530|0240|0433|1210|1608|1937|2121|24 Zilhicce 1448
20270531|0239|0433|1210|1608|1938|2123|25 Zilhicce 1448
20270601|0239|0432|1210|1608|1939|2124|26 Zilhicce 1448
20270602|0238|0432|1211|1608|1939|2125|27 Zilhicce 1448
20270603|0237|0432|1211|1609|1940|2126|28 Zilhicce 1448
20270604|0236|0431|1211|1609|1941|2127|29 Zilhicce 1448
20270605|0235|0431|1211|1609|1941|2128|30 Zilhicce 1448
20270606|0235|0431|1211|1610|1942|2129|1 Muharrem 1449
20270607|0234|0430|1211|1610|1943|2130|2 Muharrem 1449
20270608|0233|0430|1212|1610|1943|2131|3 Muharrem 1449
20270609|0233|0430|1212|1610|1944|2132|4 Muharrem 1449
20270610|0232|0430|1212|1611|1944|2133|5 Muharrem 1449
20270611|0232|0430|1212|1611|1945|2133|6 Muharrem 1449
20270612|0232|0429|1212|1611|1945|2134|7 Muharrem 1449
20270613|0231|0429|1213|1611|1946|2135|8 Muharrem 1449
20270614|0231|0429|1213|1612|1946|2135|9 Muharrem 1449
20270615|0231|0429|1213|1612|1947|2136|10 Muharrem 1449
20270616|0231|0429|1213|1612|1947|2137|11 Muharrem 1449
20270617|0231|0429|1213|1612|1948|2137|12 Muharrem 1449
20270618|0231|0429|1214|1613|1948|2138|13 Muharrem 1449
20270619|0231|0430|1214|1613|1948|2138|14 Muharrem 1449
20270620|0231|0430|1214|1613|1949|2138|15 Muharrem 1449
20270621|0231|0430|1214|1613|1949|2139|16 Muharrem 1449
20270622|0231|0430|1215|1614|1949|2139|17 Muharrem 1449
20270623|0231|0430|1215|1614|1949|2139|18 Muharrem 1449
20270624|0232|0431|1215|1614|1949|2139|19 Muharrem 1449
20270625|0232|0431|1215|1614|1949|2139|20 Muharrem 1449
20270626|0233|0431|1215|1614|1950|2139|21 Muharrem 1449
20270627|0233|0432|1216|1615|1950|2139|22 Muharrem 1449
20270628|0234|0432|1216|1615|1950|2139|23 Muharrem 1449
20270629|0234|0432|1216|1615|1950|2139|24 Muharrem 1449
20270630|0235|0433|1216|1615|1950|2139|25 Muharrem 1449
20270701|0236|0433|1216|1615|1950|2138|26 Muharrem 1449
20270702|0236|0434|1217|1615|1949|2138|27 Muharrem 1449
20270703|0237|0434|1217|1615|1949|2138|28 Muharrem 1449
20270704|0238|0435|1217|1616|1949|2137|29 Muharrem 1449
20270705|0239|0436|1217|1616|1949|2137|1 Safer 1449
20270706|0240|0436|1217|1616|1949|2136|2 Safer 1449
20270707|0241|0437|1218|1616|1948|2136|3 Safer 1449
20270708|0242|0437|1218|1616|1948|2135|4 Safer 1449
20270709|0243|0438|1218|1616|1948|2134|5 Safer 1449
20270710|0244|0439|1218|1616|1947|2133|6 Safer 1449
20270711|0245|0439|1218|1616|1947|2133|7 Safer 1449
20270712|0246|0440|1218|1616|1946|2132|8 Safer 1449
20270713|0247|0441|1218|1616|1946|2131|9 Safer 1449
20270714|0249|0442|1218|1616|1945|2130|10 Safer 1449
20270715|0250|0442|1219|1616|1945|2129|11 Safer 1449
20270716|0251|0443|1219|1616|1944|2128|12 Safer 1449
20270717|0252|0444|1219|1616|1944|2127|13 Safer 1449
20270718|0254|0445|1219|1616|1943|2126|14 Safer 1449
20270719|0255|0445|1219|1616|1942|2125|15 Safer 1449
20270720|0256|0446|1219|1616|1942|2124|16 Safer 1449
20270721|0258|0447|1219|1615|1941|2122|17 Safer 1449
20270722|0259|0448|1219|1615|1940|2121|18 Safer 1449
20270723|0300|0449|1219|1615|1939|2120|19 Safer 1449
20270724|0302|0450|1219|1615|1939|2119|20 Safer 1449
20270725|0303|0451|1219|1615|1938|2117|21 Safer 1449
20270726|0305|0452|1219|1615|1937|2116|22 Safer 1449
20270727|0306|0452|1219|1614|1936|2115|23 Safer 1449
20270728|0308|0453|1219|1614|1935|2113|24 Safer 1449
20270729|0309|0454|1219|1614|1934|2112|25 Safer 1449
20270730|0311|0455|1219|1613|1933|2110|26 Safer 1449
20270731|0312|0456|1219|1613|1932|2109|27 Safer 1449
20270801|0314|0457|1219|1613|1931|2107|28 Safer 1449
20270802|0315|0458|1219|1612|1930|2106|29 Safer 1449
20270803|0317|0459|1219|1612|1929|2104|1 Rebiulevvel 1449
20270804|0318|0500|1219|1612|1928|2103|2 Rebiulevvel 1449
20270805|0320|0501|1219|1611|1927|2101|3 Rebiulevvel 1449
20270806|0321|0502|1219|1611|1925|2059|4 Rebiulevvel 1449
20270807|0323|0503|1219|1610|1924|2058|5 Rebiulevvel 1449
20270808|0324|0504|1218|1610|1923|2056|6 Rebiulevvel 1449
20270809|0325|0505|1218|1609|1922|2054|7 Rebiulevvel 1449
20270810|0327|0506|1218|1609|1921|2053|8 Rebiulevvel 1449
20270811|0328|0507|1218|1608|1919|2051|9 Rebiulevvel 1449
20270812|0330|0508|1218|1608|1918|2049|10 Rebiulevvel 1449
20270813|0331|0509|1218|1607|1917|2047|11 Rebiulevvel 1449
20270814|0333|0510|1217|1607|1915|2046|12 Rebiulevvel 1449
20270815|0334|0511|1217|1606|1914|2044|13 Rebiulevvel 1449
20270816|0336|0512|1217|1606|1913|2042|14 Rebiulevvel 1449
20270817|0337|0513|1217|1605|1911|2040|15 Rebiulevvel 1449
20270818|0339|0514|1217|1604|1910|2038|16 Rebiulevvel 1449
20270819|0340|0515|1216|1604|1908|2037|17 Rebiulevvel 1449
20270820|0341|0516|1216|1603|1907|2035|18 Rebiulevvel 1449
20270821|0343|0517|1216|1602|1906|2033|19 Rebiulevvel 1449
20270822|0344|0518|1216|1601|1904|2031|20 Rebiulevvel 1449
20270823|0346|0518|1215|1601|1903|2029|21 Rebiulevvel 1449
20270824|0347|0519|1215|1600|1901|2027|22 Rebiulevvel 1449
20270825|0348|0520|1215|1559|1900|2025|23 Rebiulevvel 1449
20270826|0350|0521|1215|1558|1858|2024|24 Rebiulevvel 1449
20270827|0351|0522|1214|1557|1856|2022|25 Rebiulevvel 1449
20270828|0352|0523|1214|1557|1855|2020|26 Rebiulevvel 1449
20270829|0354|0524|1214|1556|1853|2018|27 Rebiulevvel 1449
20270830|0355|0525|1214|1555|1852|2016|28 Rebiulevvel 1449
20270831|0356|0526|1213|1554|1850|2014|29 Rebiulevvel 1449
20270901|0358|0527|1213|1553|1849|2012|30 Rebiulevvel 1449
20270902|0359|0528|1213|1552|1847|2010|1 Rebiulahir 1449
20270903|0400|0529|1212|1551|1845|2008|2 Rebiulahir 1449
20270904|0401|0530|1212|1550|1844|2007|3 Rebiulahir 1449
20270905|0403|0531|1212|1549|1842|2005|4 Rebiulahir 1449
20270906|0404|0532|1211|1548|1841|2003|5 Rebiulahir 1449
20270907|0405|0533|1211|1547|1839|2001|6 Rebiulahir 1449
20270908|0406|0534|1211|1546|1837|1959|7 Rebiulahir 1449
20270909|0408|0535|1210|1545|1836|1957|8 Rebiulahir 1449
20270910|0409|0536|1210|1544|1834|1955|9 Rebiulahir 1449
20270911|0410|0537|1210|1543|1832|1953|10 Rebiulahir 1449
20270912|0411|0538|1209|1542|1831|1952|11 Rebiulahir 1449
20270913|0412|0539|1209|1541|1829|1950|12 Rebiulahir 1449
20270914|0414|0540|1208|1540|1827|1948|13 Rebiulahir 1449
20270915|0415|0541|1208|1539|1826|1946|14 Rebiulahir 1449
20270916|0416|0542|1208|1538|1824|1944|15 Rebiulahir 1449
20270917|0417|0543|1207|1537|1822|1942|16 Rebiulahir 1449
20270918|0418|0544|1207|1536|1820|1940|17 Rebiulahir 1449
20270919|0419|0545|1207|1535|1819|1939|18 Rebiulahir 1449
20270920|0421|0546|1206|1533|1817|1937|19 Rebiulahir 1449
20270921|0422|0547|1206|1532|1815|1935|20 Rebiulahir 1449
20270922|0423|0548|1206|1531|1814|1933|21 Rebiulahir 1449
20270923|0424|0549|1205|1530|1812|1931|22 Rebiulahir 1449
20270924|0425|0550|1205|1529|1810|1929|23 Rebiulahir 1449
20270925|0426|0551|1205|1528|1809|1928|24 Rebiulahir 1449
20270926|0427|0552|1204|1526|1807|1926|25 Rebiulahir 1449
20270927|0428|0553|1204|1525|1805|1924|26 Rebiulahir 1449
20270928|0429|0554|1204|1524|1804|1922|27 Rebiulahir 1449
20270929|0430|0555|1203|1523|1802|1921|28 Rebiulahir 1449
20270930|0432|0556|1203|1522|1800|1919|29 Rebiulahir 1449
20271001|0433|0557|1203|1521|1759|1917|1 Cemaziyelevvel 1449
20271002|0434|0558|1202|1519|1757|1915|2 Cemaziyelevvel 1449
20271003|0435|0559|1202|1518|1755|1914|3 Cemaziyelevvel 1449
20271004|0436|0600|1202|1517|1754|1912|4 Cemaziyelevvel 1449
20271005|0437|0601|1201|1516|1752|1910|5 Cemaziyelevvel 1449
20271006|0438|0602|1201|1515|1750|1909|6 Cemaziyelevvel 1449
20271007|0439|0603|1201|1513|1749|1907|7 Cemaziyelevvel 1449
20271008|0440|0604|1200|1512|1747|1906|8 Cemaziyelevvel 1449
20271009|0441|0605|1200|1511|1746|1904|9 Cemaziyelevvel 1449
20271010|0442|0606|1200|1510|1744|1902|10 Cemaziyelevvel 1449
20271011|0443|0607|1200|1509|1742|1901|11 Cemaziyelevvel 1449
20271012|0444|0608|1159|1507|1741|1859|12 Cemaziyelevvel 1449
20271013|0445|0609|1159|1506|1739|1858|13 Cemaziyelevvel 1449
20271014|0446|0610|1159|1505|1738|1856|14 Cemaziyelevvel 1449
20271015|0447|0611|1159|1504|1736|1855|15 Cemaziyelevvel 1449
20271016|0448|0612|1158|1503|1735|1853|16 Cemaziyelevvel 1449
20271017|0449|0613|1158|1502|1733|1852|17 Cemaziyelevvel 1449
20271018|0450|0614|1158|1500|1732|1850|18 Cemaziyelevvel 1449
20271019|0451|0615|1158|1459|1730|1849|19 Cemaziyelevvel 1449
20271020|0452|0616|1158|1458|1729|1848|20 Cemaziyelevvel 1449
20271021|0453|0618|1157|1457|1727|1846|21 Cemaziyelevvel 1449
20271022|0454|0619|1157|1456|1726|1845|22 Cemaziyelevvel 1449
20271023|0455|0620|1157|1455|1724|1843|23 Cemaziyelevvel 1449
20271024|0457|0621|1157|1454|1723|1842|24 Cemaziyelevvel 1449
20271025|0458|0622|1157|1453|1722|1841|25 Cemaziyelevvel 1449
20271026|0459|0623|1157|1452|1720|1840|26 Cemaziyelevvel 1449
20271027|0500|0624|1157|1451|1719|1838|27 Cemaziyelevvel 1449
20271028|0501|0625|1157|1449|1718|1837|28 Cemaziyelevvel 1449
20271029|0502|0627|1156|1448|1716|1836|29 Cemaziyelevvel 1449
20271030|0503|0628|1156|1447|1715|1835|30 Cemaziyelevvel 1449
20271031|0504|0629|1156|1446|1714|1834|1 Cemaziyelahir 1449
20271101|0505|0630|1156|1445|1712|1833|2 Cemaziyelahir 1449
20271102|0506|0631|1156|1444|1711|1831|3 Cemaziyelahir 1449
20271103|0507|0632|1156|1444|1710|1830|4 Cemaziyelahir 1449
20271104|0508|0634|1156|1443|1709|1829|5 Cemaziyelahir 1449
20271105|0509|0635|1156|1442|1708|1828|6 Cemaziyelahir 1449
20271106|0510|0636|1156|1441|1707|1827|7 Cemaziyelahir 1449
20271107|0511|0637|1156|1440|1706|1826|8 Cemaziyelahir 1449
20271108|0512|0638|1156|1439|1705|1826|9 Cemaziyelahir 1449
20271109|0513|0639|1156|1438|1703|1825|10 Cemaziyelahir 1449
20271110|0514|0641|1157|1437|1702|1824|11 Cemaziyelahir 1449
20271111|0515|0642|1157|1437|1701|1823|12 Cemaziyelahir 1449
20271112|0516|0643|1157|1436|1701|1822|13 Cemaziyelahir 1449
20271113|0517|0644|1157|1435|1700|1821|14 Cemaziyelahir 1449
20271114|0518|0645|1157|1435|1659|1821|15 Cemaziyelahir 1449
20271115|0519|0646|1157|1434|1658|1820|16 Cemaziyelahir 1449
20271116|0520|0648|1157|1433|1657|1819|17 Cemaziyelahir 1449
20271117|0521|0649|1157|1433|1656|1819|18 Cemaziyelahir 1449
20271118|0522|0650|1158|1432|1655|1818|19 Cemaziyelahir 1449
20271119|0523|0651|1158|1431|1655|1817|20 Cemaziyelahir 1449
20271120|0524|0652|1158|1431|1654|1817|21 Cemaziyelahir 1449
20271121|0525|0653|1158|1430|1653|1816|22 Cemaziyelahir 1449
20271122|0526|0655|1159|1430|1653|1816|23 Cemaziyelahir 1449
20271123|0527|0656|1159|1429|1652|1816|24 Cemaziyelahir 1449
20271124|0528|0657|1159|1429|1652|1815|25 Cemaziyelahir 1449
20271125|0529|0658|1159|1429|1651|1815|26 Cemaziyelahir 1449
20271126|0530|0659|1200|1428|1650|1814|27 Cemaziyelahir 1449
20271127|0531|0700|1200|1428|1650|1814|28 Cemaziyelahir 1449
20271128|0532|0701|1200|1428|1650|1814|29 Cemaziyelahir 1449
20271129|0532|0702|1201|1427|1649|1814|1 Recep 1449
20271130|0533|0703|1201|1427|1649|1813|2 Recep 1449
20271201|0534|0704|1201|1427|1649|1813|3 Recep 1449
20271202|0535|0705|1202|1427|1648|1813|4 Recep 1449
20271203|0536|0706|1202|1427|1648|1813|5 Recep 1449
20271204|0537|0707|1203|1426|1648|1813|6 Recep 1449
20271205|0538|0708|1203|1426|1648|1813|7 Recep 1449
20271206|0539|0709|1203|1426|1648|1813|8 Recep 1449
20271207|0539|0710|1204|1426|1647|1813|9 Recep 1449
20271208|0540|0711|1204|1426|1647|1813|10 Recep 1449
20271209|0541|0712|1205|1426|1647|1813|11 Recep 1449
20271210|0542|0713|1205|1427|1647|1813|12 Recep 1449
20271211|0542|0714|1206|1427|1648|1813|13 Recep 1449
20271212|0543|0714|1206|1427|1648|1813|14 Recep 1449
20271213|0544|0715|1206|1427|1648|1814|15 Recep 1449
20271214|0545|0716|1207|1427|1648|1814|16 Recep 1449
20271215|0545|0717|1207|1428|1648|1814|17 Recep 1449
20271216|0546|0717|1208|1428|1648|1814|18 Recep 1449
20271217|0547|0718|1208|1428|1649|1815|19 Recep 1449
20271218|0547|0719|1209|1429|1649|1815|20 Recep 1449
20271219|0548|0719|1209|1429|1649|1816|21 Recep 1449
20271220|0548|0720|1210|1429|1650|1816|22 Recep 1449
20271221|0549|0720|1210|1430|1650|1816|23 Recep 1449
20271222|0549|0721|1211|1430|1651|1817|24 Recep 1449
20271223|0550|0721|1211|1431|1651|1817|25 Recep 1449
20271224|0550|0722|1212|1431|1652|1818|26 Recep 1449
20271225|0551|0722|1212|1432|1652|1819|27 Recep 1449
20271226|0551|0723|1213|1432|1653|1819|28 Recep 1449
20271227|0552|0723|1213|1433|1654|1820|29 Recep 1449
20271228|0552|0723|1214|1434|1654|1820|30 Recep 1449
20271229|0552|0724|1214|1434|1655|1821|1 Şaban 1449
20271230|0552|0724|1215|1435|1656|1822|2 Şaban 1449
20271231|0553|0724|1215|1436|1657|1822|3 Şaban 1449
#@9595|Sarıkamış|KARS|730
20260101|0555|0725|1218|1440|1701|1826|12 Recep 1447
20260102|0555|0726|1218|1440|1701|1827|13 Recep 1447
20260103|0555|0726|1219|1441|1702|1827|14 Recep 1447
20260104|0555|0726|1219|1442|1703|1828|15 Recep 1447
20260105|0555|0726|1220|1443|1704|1829|16 Recep 1447
20260106|0555|0726|1220|1444|1705|1830|17 Recep 1447
20260107|0555|0726|1221|1445|1706|1831|18 Recep 1447
20260108|0555|0726|1221|1446|1707|1831|19 Recep 1447
20260109|0555|0725|1222|1446|1708|1832|20 Recep 1447
20260110|0555|0725|1222|1447|1709|1833|21 Recep 1447
20260111|0555|0725|1222|1448|1710|1834|22 Recep 1447
20260112|0555|0725|1223|1449|1711|1835|23 Recep 1447
20260113|0555|0724|1223|1450|1712|1836|24 Recep 1447
20260114|0555|0724|1224|1451|1713|1837|25 Recep 1447
20260115|0555|0724|1224|1452|1714|1838|26 Recep 1447
20260116|0554|0723|1224|1453|1715|1839|27 Recep 1447
20260117|0554|0723|1225|1454|1716|1840|28 Recep 1447
20260118|0554|0722|1225|1455|1717|1841|29 Recep 1447
20260119|0553|0722|1225|1456|1719|1842|30 Recep 1447
20260120|0553|0721|1226|1457|1720|1843|1 Şaban 1447
20260121|0553|0721|1226|1458|1721|1844|2 Şaban 1447
20260122|0552|0720|1226|1459|1722|1845|3 Şaban 1447
20260123|0552|0719|1226|1500|1723|1846|4 Şaban 1447
20260124|0551|0719|1227|1501|1724|1847|5 Şaban 1447
20260125|0551|0718|1227|1502|1726|1848|6 Şaban 1447
20260126|0550|0717|1227|1503|1727|1849|7 Şaban 1447
20260127|0549|0717|1227|1504|1728|1850|8 Şaban 1447
20260128|0549|0716|1227|1505|1729|1851|9 Şaban 1447
20260129|0548|0715|1228|1506|1730|1852|10 Şaban 1447
20260130|0547|0714|1228|1507|1732|1853|11 Şaban 1447
20260131|0547|0713|1228|1508|1733|1854|12 Şaban 1447
20260201|0546|0712|1228|1509|1734|1855|13 Şaban 1447
20260202|0545|0711|1228|1510|1735|1856|14 Şaban 1447
20260203|0544|0710|1228|1511|1737|1857|15 Şaban 1447
20260204|0543|0709|1228|1512|1738|1858|16 Şaban 1447
20260205|0542|0708|1229|1513|1739|1859|17 Şaban 1447
20260206|0542|0707|1229|1514|1740|1901|18 Şaban 1447
20260207|0541|0706|1229|1515|1741|1902|19 Şaban 1447
20260208|0540|0705|1229|1516|1743|1903|20 Şaban 1447
20260209|0539|0704|1229|1517|1744|1904|21 Şaban 1447
20260210|0538|0703|1229|1518|1745|1905|22 Şaban 1447
20260211|0537|0701|1229|1519|1746|1906|23 Şaban 1447
20260212|0536|0700|1229|1520|1747|1907|24 Şaban 1447
20260213|0534|0659|1229|1521|1749|1908|25 Şaban 1447
20260214|0533|0658|1229|1522|1750|1909|26 Şaban 1447
20260215|0532|0657|1229|1523|1751|1910|27 Şaban 1447
20260216|0531|0655|1229|1524|1752|1911|28 Şaban 1447
20260217|0530|0654|1229|1525|1753|1912|29 Şaban 1447
20260218|0529|0653|1229|1525|1755|1913|30 Şaban 1447
20260219|0527|0651|1228|1526|1756|1915|1 Ramazan 1447
20260220|0526|0650|1228|1527|1757|1916|2 Ramazan 1447
20260221|0525|0648|1228|1528|1758|1917|3 Ramazan 1447
20260222|0523|0647|1228|1529|1759|1918|4 Ramazan 1447
20260223|0522|0646|1228|1530|1800|1919|5 Ramazan 1447
20260224|0521|0644|1228|1531|1802|1920|6 Ramazan 1447
20260225|0519|0643|1228|1531|1803|1921|7 Ramazan 1447
20260226|0518|0641|1228|1532|1804|1922|8 Ramazan 1447
20260227|0516|0640|1227|1533|1805|1923|9 Ramazan 1447
20260228|0515|0638|1227|1534|1806|1924|10 Ramazan 1447
20260301|0513|0637|1227|1534|1807|1925|11 Ramazan 1447
20260302|0512|0635|1227|1535|1808|1926|12 Ramazan 1447
20260303|0511|0634|1227|1536|1810|1928|13 Ramazan 1447
20260304|0509|0632|1226|1537|1811|1929|14 Ramazan 1447
20260305|0507|0631|1226|1537|1812|1930|15 Ramazan 1447
20260306|0506|0629|1226|1538|1813|1931|16 Ramazan 1447
20260307|0504|0628|1226|1539|1814|1932|17 Ramazan 1447
20260308|0503|0626|1226|1539|1815|1933|18 Ramazan 1447
20260309|0501|0624|1225|1540|1816|1934|19 Ramazan 1447
20260310|0459|0623|1225|1541|1817|1935|20 Ramazan 1447
20260311|0458|0621|1225|1541|1818|1936|21 Ramazan 1447
20260312|0456|0620|1225|1542|1819|1938|22 Ramazan 1447
20260313|0455|0618|1224|1542|1820|1939|23 Ramazan 1447
20260314|0453|0616|1224|1543|1821|1940|24 Ramazan 1447
20260315|0451|0615|1224|1544|1823|1941|25 Ramazan 1447
20260316|0449|0613|1223|1544|1824|1942|26 Ramazan 1447
20260317|0448|0612|1223|1545|1825|1943|27 Ramazan 1447
20260318|0446|0610|1223|1545|1826|1944|28 Ramazan 1447
20260319|0444|0608|1223|1546|1827|1945|29 Ramazan 1447
20260320|0443|0607|1222|1546|1828|1947|1 Şevval 1447
20260321|0441|0605|1222|1547|1829|1948|2 Şevval 1447
20260322|0439|0603|1222|1547|1830|1949|3 Şevval 1447
20260323|0437|0602|1221|1548|1831|1950|4 Şevval 1447
20260324|0435|0600|1221|1548|1832|1951|5 Şevval 1447
20260325|0434|0559|1221|1549|1833|1952|6 Şevval 1447
20260326|0432|0557|1220|1549|1834|1954|7 Şevval 1447
20260327|0430|0555|1220|1550|1835|1955|8 Şevval 1447
20260328|0428|0554|1220|1550|1836|1956|9 Şevval 1447
20260329|0426|0552|1220|1551|1837|1957|10 Şevval 1447
20260330|0424|0550|1219|1551|1838|1958|11 Şevval 1447
20260331|0423|0549|1219|1551|1839|2000|12 Şevval 1447
20260401|0421|0547|1219|1552|1840|2001|13 Şevval 1447
20260402|0419|0545|1218|1552|1841|2002|14 Şevval 1447
20260403|0417|0544|1218|1553|1842|2003|15 Şevval 1447
20260404|0415|0542|1218|1553|1843|2005|16 Şevval 1447
20260405|0413|0541|1217|1553|1844|2006|17 Şevval 1447
20260406|0411|0539|1217|1554|1845|2007|18 Şevval 1447
20260407|0410|0537|1217|1554|1846|2008|19 Şevval 1447
20260408|0408|0536|1217|1555|1847|2010|20 Şevval 1447
20260409|0406|0534|1216|1555|1849|2011|21 Şevval 1447
20260410|0404|0533|1216|1555|1850|2012|22 Şevval 1447
20260411|0402|0531|1216|1556|1851|2014|23 Şevval 1447
20260412|0400|0530|1216|1556|1852|2015|24 Şevval 1447
20260413|0358|0528|1215|1556|1853|2016|25 Şevval 1447
20260414|0357|0527|1215|1557|1854|2018|26 Şevval 1447
20260415|0355|0525|1215|1557|1855|2019|27 Şevval 1447
20260416|0353|0523|1215|1557|1856|2020|28 Şevval 1447
20260417|0351|0522|1214|1557|1857|2022|29 Şevval 1447
20260418|0349|0520|1214|1558|1858|2023|1 Zilkade 1447
20260419|0347|0519|1214|1558|1859|2024|2 Zilkade 1447
20260420|0345|0518|1214|1558|1900|2026|3 Zilkade 1447
20260421|0343|0516|1213|1559|1901|2027|4 Zilkade 1447
20260422|0342|0515|1213|1559|1902|2029|5 Zilkade 1447
20260423|0340|0513|1213|1559|1903|2030|6 Zilkade 1447
20260424|0338|0512|1213|1600|1904|2031|7 Zilkade 1447
20260425|0336|0510|1213|1600|1905|2033|8 Zilkade 1447
20260426|0334|0509|1213|1600|1906|2034|9 Zilkade 1447
20260427|0333|0508|1212|1600|1907|2036|10 Zilkade 1447
20260428|0331|0506|1212|1601|1908|2037|11 Zilkade 1447
20260429|0329|0505|1212|1601|1909|2039|12 Zilkade 1447
20260430|0327|0504|1212|1601|1910|2040|13 Zilkade 1447
20260501|0325|0503|1212|1601|1911|2042|14 Zilkade 1447
20260502|0324|0501|1212|1602|1912|2043|15 Zilkade 1447
20260503|0322|0500|1212|1602|1913|2044|16 Zilkade 1447
20260504|0320|0459|1211|1602|1914|2046|17 Zilkade 1447
20260505|0319|0458|1211|1603|1915|2047|18 Zilkade 1447
20260506|0317|0456|1211|1603|1916|2049|19 Zilkade 1447
20260507|0315|0455|1211|1603|1917|2050|20 Zilkade 1447
20260508|0314|0454|1211|1603|1918|2052|21 Zilkade 1447
20260509|0312|0453|1211|1604|1919|2053|22 Zilkade 1447
20260510|0310|0452|1211|1604|1920|2055|23 Zilkade 1447
20260511|0309|0451|1211|1604|1921|2056|24 Zilkade 1447
20260512|0307|0450|1211|1604|1922|2058|25 Zilkade 1447
20260513|0306|0449|1211|1605|1923|2059|26 Zilkade 1447
20260514|0304|0448|1211|1605|1924|2101|27 Zilkade 1447
20260515|0303|0447|1211|1605|1925|2102|28 Zilkade 1447
20260516|0301|0446|1211|1605|1926|2103|29 Zilkade 1447
20260517|0300|0445|1211|1606|1927|2105|30 Zilkade 1447
20260518|0258|0444|1211|1606|1928|2106|1 Zilhicce 1447
20260519|0257|0443|1211|1606|1929|2108|2 Zilhicce 1447
20260520|0256|0443|1211|1606|1930|2109|3 Zilhicce 1447
20260521|0254|0442|1211|1607|1931|2110|4 Zilhicce 1447
20260522|0253|0441|1211|1607|1932|2112|5 Zilhicce 1447
20260523|0252|0440|1211|1607|1933|2113|6 Zilhicce 1447
20260524|0250|0440|1211|1608|1933|2114|7 Zilhicce 1447
20260525|0249|0439|1212|1608|1934|2116|8 Zilhicce 1447
20260526|0248|0438|1212|1608|1935|2117|9 Zilhicce 1447
20260527|0247|0438|1212|1608|1936|2118|10 Zilhicce 1447
20260528|0246|0437|1212|1609|1937|2120|11 Zilhicce 1447
20260529|0245|0437|1212|1609|1938|2121|12 Zilhicce 1447
20260530|0244|0436|1212|1609|1938|2122|13 Zilhicce 1447
20260531|0243|0436|1212|1609|1939|2123|14 Zilhicce 1447
20260601|0242|0435|1212|1610|1940|2124|15 Zilhicce 1447
20260602|0241|0435|1213|1610|1941|2125|16 Zilhicce 1447
20260603|0241|0434|1213|1610|1941|2126|17 Zilhicce 1447
20260604|0240|0434|1213|1611|1942|2128|18 Zilhicce 1447
20260605|0239|0434|1213|1611|1943|2129|19 Zilhicce 1447
20260606|0238|0433|1213|1611|1943|2130|20 Zilhicce 1447
20260607|0238|0433|1213|1611|1944|2130|21 Zilhicce 1447
20260608|0237|0433|1214|1612|1945|2131|22 Zilhicce 1447
20260609|0237|0433|1214|1612|1945|2132|23 Zilhicce 1447
20260610|0236|0432|1214|1612|1946|2133|24 Zilhicce 1447
20260611|0236|0432|1214|1612|1946|2134|25 Zilhicce 1447
20260612|0236|0432|1214|1613|1947|2134|26 Zilhicce 1447
20260613|0235|0432|1215|1613|1947|2135|27 Zilhicce 1447
20260614|0235|0432|1215|1613|1948|2136|28 Zilhicce 1447
20260615|0235|0432|1215|1613|1948|2136|29 Zilhicce 1447
20260616|0235|0432|1215|1614|1948|2137|1 Muharrem 1448
20260617|0235|0432|1216|1614|1949|2137|2 Muharrem 1448
20260618|0235|0432|1216|1614|1949|2138|3 Muharrem 1448
20260619|0235|0433|1216|1614|1949|2138|4 Muharrem 1448
20260620|0235|0433|1216|1615|1950|2138|5 Muharrem 1448
20260621|0235|0433|1216|1615|1950|2139|6 Muharrem 1448
20260622|0235|0433|1217|1615|1950|2139|7 Muharrem 1448
20260623|0236|0433|1217|1615|1950|2139|8 Muharrem 1448
20260624|0236|0434|1217|1615|1950|2139|9 Muharrem 1448
20260625|0236|0434|1217|1616|1951|2139|10 Muharrem 1448
20260626|0237|0434|1217|1616|1951|2139|11 Muharrem 1448
20260627|0237|0435|1218|1616|1951|2139|12 Muharrem 1448
20260628|0238|0435|1218|1616|1951|2139|13 Muharrem 1448
20260629|0238|0435|1218|1616|1951|2139|14 Muharrem 1448
20260630|0239|0436|1218|1617|1951|2139|15 Muharrem 1448
20260701|0240|0436|1218|1617|1951|2138|16 Muharrem 1448
20260702|0241|0437|1219|1617|1950|2138|17 Muharrem 1448
20260703|0241|0437|1219|1617|1950|2138|18 Muharrem 1448
20260704|0242|0438|1219|1617|1950|2137|19 Muharrem 1448
20260705|0243|0439|1219|1617|1950|2137|20 Muharrem 1448
20260706|0244|0439|1219|1617|1950|2136|21 Muharrem 1448
20260707|0245|0440|1220|1617|1949|2136|22 Muharrem 1448
20260708|0246|0440|1220|1617|1949|2135|23 Muharrem 1448
20260709|0247|0441|1220|1617|1949|2134|24 Muharrem 1448
20260710|0248|0442|1220|1617|1948|2134|25 Muharrem 1448
20260711|0249|0442|1220|1618|1948|2133|26 Muharrem 1448
20260712|0250|0443|1220|1618|1948|2132|27 Muharrem 1448
20260713|0251|0444|1220|1618|1947|2131|28 Muharrem 1448
20260714|0253|0445|1221|1618|1947|2130|29 Muharrem 1448
20260715|0254|0445|1221|1617|1946|2129|1 Safer 1448
20260716|0255|0446|1221|1617|1945|2128|2 Safer 1448
20260717|0256|0447|1221|1617|1945|2127|3 Safer 1448
20260718|0258|0448|1221|1617|1944|2126|4 Safer 1448
20260719|0259|0448|1221|1617|1944|2125|5 Safer 1448
20260720|0300|0449|1221|1617|1943|2124|6 Safer 1448
20260721|0302|0450|1221|1617|1942|2123|7 Safer 1448
20260722|0303|0451|1221|1617|1941|2121|8 Safer 1448
20260723|0304|0452|1221|1617|1941|2120|9 Safer 1448
20260724|0306|0453|1221|1616|1940|2119|10 Safer 1448
20260725|0307|0454|1221|1616|1939|2118|11 Safer 1448
20260726|0309|0454|1221|1616|1938|2116|12 Safer 1448
20260727|0310|0455|1221|1616|1937|2115|13 Safer 1448
20260728|0312|0456|1221|1616|1936|2113|14 Safer 1448
20260729|0313|0457|1221|1615|1935|2112|15 Safer 1448
20260730|0314|0458|1221|1615|1934|2111|16 Safer 1448
20260731|0316|0459|1221|1615|1933|2109|17 Safer 1448
20260801|0317|0500|1221|1614|1932|2108|18 Safer 1448
20260802|0319|0501|1221|1614|1931|2106|19 Safer 1448
20260803|0320|0502|1221|1614|1930|2104|20 Safer 1448
20260804|0322|0503|1221|1613|1929|2103|21 Safer 1448
20260805|0323|0504|1221|1613|1928|2101|22 Safer 1448
20260806|0325|0505|1221|1612|1927|2100|23 Safer 1448
20260807|0326|0506|1221|1612|1925|2058|24 Safer 1448
20260808|0328|0507|1220|1611|1924|2056|25 Safer 1448
20260809|0329|0508|1220|1611|1923|2055|26 Safer 1448
20260810|0331|0509|1220|1611|1922|2053|27 Safer 1448
20260811|0332|0510|1220|1610|1920|2051|28 Safer 1448
20260812|0333|0510|1220|1609|1919|2050|29 Safer 1448
20260813|0335|0511|1220|1609|1918|2048|30 Safer 1448
20260814|0336|0512|1219|1608|1917|2046|1 Rebiulevvel 1448
20260815|0338|0513|1219|1608|1915|2044|2 Rebiulevvel 1448
20260816|0339|0514|1219|1607|1914|2043|3 Rebiulevvel 1448
20260817|0341|0515|1219|1606|1912|2041|4 Rebiulevvel 1448
20260818|0342|0516|1219|1606|1911|2039|5 Rebiulevvel 1448
20260819|0343|0517|1218|1605|1910|2037|6 Rebiulevvel 1448
20260820|0345|0518|1218|1604|1908|2035|7 Rebiulevvel 1448
20260821|0346|0519|1218|1604|1907|2033|8 Rebiulevvel 1448
20260822|0347|0520|1218|1603|1905|2032|9 Rebiulevvel 1448
20260823|0349|0521|1217|1602|1904|2030|10 Rebiulevvel 1448
20260824|0350|0522|1217|1601|1902|2028|11 Rebiulevvel 1448
20260825|0352|0523|1217|1601|1901|2026|12 Rebiulevvel 1448
20260826|0353|0524|1217|1600|1859|2024|13 Rebiulevvel 1448
20260827|0354|0525|1216|1559|1858|2022|14 Rebiulevvel 1448
20260828|0356|0526|1216|1558|1856|2021|15 Rebiulevvel 1448
20260829|0357|0527|1216|1557|1855|2019|16 Rebiulevvel 1448
20260830|0358|0528|1215|1557|1853|2017|17 Rebiulevvel 1448
20260831|0359|0529|1215|1556|1851|2015|18 Rebiulevvel 1448
20260901|0401|0530|1215|1555|1850|2013|19 Rebiulevvel 1448
20260902|0402|0531|1215|1554|1848|2011|20 Rebiulevvel 1448
20260903|0403|0532|1214|1553|1847|2009|21 Rebiulevvel 1448
20260904|0404|0533|1214|1552|1845|2007|22 Rebiulevvel 1448
20260905|0406|0534|1214|1551|1843|2006|23 Rebiulevvel 1448
20260906|0407|0535|1213|1550|1842|2004|24 Rebiulevvel 1448
20260907|0408|0535|1213|1549|1840|2002|25 Rebiulevvel 1448
20260908|0409|0536|1213|1548|1839|2000|26 Rebiulevvel 1448
20260909|0411|0537|1212|1547|1837|1958|27 Rebiulevvel 1448
20260910|0412|0538|1212|1546|1835|1956|28 Rebiulevvel 1448
20260911|0413|0539|1211|1545|1834|1954|29 Rebiulevvel 1448
20260912|0414|0540|1211|1544|1832|1952|1 Rebiulahir 1448
20260913|0415|0541|1211|1543|1830|1951|2 Rebiulahir 1448
20260914|0416|0542|1210|1542|1829|1949|3 Rebiulahir 1448
20260915|0418|0543|1210|1541|1827|1947|4 Rebiulahir 1448
20260916|0419|0544|1210|1540|1825|1945|5 Rebiulahir 1448
20260917|0420|0545|1209|1539|1824|1943|6 Rebiulahir 1448
20260918|0421|0546|1209|1537|1822|1941|7 Rebiulahir 1448
20260919|0422|0547|1209|1536|1820|1940|8 Rebiulahir 1448
20260920|0423|0548|1208|1535|1819|1938|9 Rebiulahir 1448
20260921|0424|0549|1208|1534|1817|1936|10 Rebiulahir 1448
20260922|0425|0550|1208|1533|1815|1934|11 Rebiulahir 1448
20260923|0427|0551|1207|1532|1814|1932|12 Rebiulahir 1448
20260924|0428|0552|1207|1531|1812|1931|13 Rebiulahir 1448
20260925|0429|0553|1206|1529|1810|1929|14 Rebiulahir 1448
20260926|0430|0554|1206|1528|1809|1927|15 Rebiulahir 1448
20260927|0431|0555|1206|1527|1807|1925|16 Rebiulahir 1448
20260928|0432|0556|1205|1526|1805|1924|17 Rebiulahir 1448
20260929|0433|0557|1205|1525|1804|1922|18 Rebiulahir 1448
20260930|0434|0558|1205|1524|1802|1920|19 Rebiulahir 1448
20261001|0435|0559|1204|1522|1800|1918|20 Rebiulahir 1448
20261002|0436|0600|1204|1521|1759|1917|21 Rebiulahir 1448
20261003|0437|0601|1204|1520|1757|1915|22 Rebiulahir 1448
20261004|0438|0602|1204|1519|1755|1913|23 Rebiulahir 1448
20261005|0439|0603|1203|1518|1754|1912|24 Rebiulahir 1448
20261006|0440|0604|1203|1517|1752|1910|25 Rebiulahir 1448
20261007|0441|0605|1203|1515|1751|1909|26 Rebiulahir 1448
20261008|0442|0606|1202|1514|1749|1907|27 Rebiulahir 1448
20261009|0443|0607|1202|1513|1747|1905|28 Rebiulahir 1448
20261010|0444|0608|1202|1512|1746|1904|29 Rebiulahir 1448
20261011|0446|0609|1202|1511|1744|1902|30 Rebiulahir 1448
20261012|0447|0610|1201|1509|1743|1901|1 Cemaziyelevvel 1448
20261013|0448|0611|1201|1508|1741|1859|2 Cemaziyelevvel 1448
20261014|0449|0612|1201|1507|1740|1858|3 Cemaziyelevvel 1448
20261015|0450|0613|1201|1506|1738|1856|4 Cemaziyelevvel 1448
20261016|0451|0614|1200|1505|1737|1855|5 Cemaziyelevvel 1448
20261017|0452|0615|1200|1504|1735|1853|6 Cemaziyelevvel 1448
20261018|0453|0616|1200|1503|1734|1852|7 Cemaziyelevvel 1448
20261019|0454|0617|1200|1501|1732|1851|8 Cemaziyelevvel 1448
20261020|0455|0618|1200|1500|1731|1849|9 Cemaziyelevvel 1448
20261021|0456|0620|1159|1459|1729|1848|10 Cemaziyelevvel 1448
20261022|0457|0621|1159|1458|1728|1846|11 Cemaziyelevvel 1448
20261023|0458|0622|1159|1457|1726|1845|12 Cemaziyelevvel 1448
20261024|0459|0623|1159|1456|1725|1844|13 Cemaziyelevvel 1448
20261025|0500|0624|1159|1455|1724|1843|14 Cemaziyelevvel 1448
20261026|0501|0625|1159|1454|1722|1841|15 Cemaziyelevvel 1448
20261027|0502|0626|1159|1453|1721|1840|16 Cemaziyelevvel 1448
20261028|0503|0627|1158|1452|1720|1839|17 Cemaziyelevvel 1448
20261029|0504|0628|1158|1451|1718|1838|18 Cemaziyelevvel 1448
20261030|0505|0630|1158|1450|1717|1837|19 Cemaziyelevvel 1448
20261031|0506|0631|1158|1449|1716|1835|20 Cemaziyelevvel 1448
20261101|0507|0632|1158|1448|1715|1834|21 Cemaziyelevvel 1448
20261102|0508|0633|1158|1447|1713|1833|22 Cemaziyelevvel 1448
20261103|0509|0634|1158|1446|1712|1832|23 Cemaziyelevvel 1448
20261104|0510|0635|1158|1445|1711|1831|24 Cemaziyelevvel 1448
20261105|0511|0636|1158|1444|1710|1830|25 Cemaziyelevvel 1448
20261106|0512|0638|1158|1443|1709|1829|26 Cemaziyelevvel 1448
20261107|0513|0639|1158|1442|1708|1828|27 Cemaziyelevvel 1448
20261108|0514|0640|1158|1441|1707|1828|28 Cemaziyelevvel 1448
20261109|0515|0641|1158|1441|1706|1827|29 Cemaziyelevvel 1448
20261110|0516|0642|1159|1440|1705|1826|1 Cemaziyelahir 1448
20261111|0517|0643|1159|1439|1704|1825|2 Cemaziyelahir 1448
20261112|0518|0645|1159|1438|1703|1824|3 Cemaziyelahir 1448
20261113|0519|0646|1159|1438|1702|1823|4 Cemaziyelahir 1448
20261114|0520|0647|1159|1437|1701|1823|5 Cemaziyelahir 1448
20261115|0521|0648|1159|1436|1700|1822|6 Cemaziyelahir 1448
20261116|0522|0649|1159|1436|1659|1821|7 Cemaziyelahir 1448
20261117|0523|0650|1200|1435|1659|1821|8 Cemaziyelahir 1448
20261118|0524|0652|1200|1434|1658|1820|9 Cemaziyelahir 1448
20261119|0525|0653|1200|1434|1657|1820|10 Cemaziyelahir 1448
20261120|0526|0654|1200|1433|1656|1819|11 Cemaziyelahir 1448
20261121|0527|0655|1200|1433|1656|1819|12 Cemaziyelahir 1448
20261122|0528|0656|1201|1432|1655|1818|13 Cemaziyelahir 1448
20261123|0529|0657|1201|1432|1655|1818|14 Cemaziyelahir 1448
20261124|0530|0658|1201|1432|1654|1817|15 Cemaziyelahir 1448
20261125|0531|0659|1201|1431|1654|1817|16 Cemaziyelahir 1448
20261126|0532|0701|1202|1431|1653|1817|17 Cemaziyelahir 1448
20261127|0533|0702|1202|1431|1653|1816|18 Cemaziyelahir 1448
20261128|0533|0703|1202|1430|1652|1816|19 Cemaziyelahir 1448
20261129|0534|0704|1203|1430|1652|1816|20 Cemaziyelahir 1448
20261130|0535|0705|1203|1430|1652|1816|21 Cemaziyelahir 1448
20261201|0536|0706|1203|1430|1651|1815|22 Cemaziyelahir 1448
20261202|0537|0707|1204|1429|1651|1815|23 Cemaziyelahir 1448
20261203|0538|0708|1204|1429|1651|1815|24 Cemaziyelahir 1448
20261204|0539|0709|1205|1429|1651|1815|25 Cemaziyelahir 1448
20261205|0540|0710|1205|1429|1650|1815|26 Cemaziyelahir 1448
20261206|0540|0711|1205|1429|1650|1815|27 Cemaziyelahir 1448
20261207|0541|0712|1206|1429|1650|1815|28 Cemaziyelahir 1448
20261208|0542|0712|1206|1429|1650|1815|29 Cemaziyelahir 1448
20261209|0543|0713|1207|1429|1650|1815|30 Cemaziyelahir 1448
20261210|0544|0714|1207|1429|1650|1815|1 Recep 1448
20261211|0544|0715|1208|1430|1650|1816|2 Recep 1448
20261212|0545|0716|1208|1430|1650|1816|3 Recep 1448
20261213|0546|0717|1209|1430|1651|1816|4 Recep 1448
20261214|0546|0717|1209|1430|1651|1816|5 Recep 1448
20261215|0547|0718|1210|1430|1651|1817|6 Recep 1448
20261216|0548|0719|1210|1431|1651|1817|7 Recep 1448
20261217|0548|0719|1211|1431|1652|1817|8 Recep 1448
20261218|0549|0720|1211|1431|1652|1818|9 Recep 1448
20261219|0549|0721|1211|1432|1652|1818|10 Recep 1448
20261220|0550|0721|1212|1432|1653|1819|11 Recep 1448
20261221|0551|0722|1212|1433|1653|1819|12 Recep 1448
20261222|0551|0722|1213|1433|1654|1819|13 Recep 1448
20261223|0552|0723|1213|1434|1654|1820|14 Recep 1448
20261224|0552|0723|1214|1434|1655|1821|15 Recep 1448
20261225|0552|0724|1214|1435|1655|1821|16 Recep 1448
20261226|0553|0724|1215|1435|1656|1822|17 Recep 1448
20261227|0553|0724|1215|1436|1657|1822|18 Recep 1448
20261228|0554|0725|1216|1437|1657|1823|19 Recep 1448
20261229|0554|0725|1216|1437|1658|1824|20 Recep 1448
20261230|0554|0725|1217|1438|1659|1824|21 Recep 1448
20261231|0554|0725|1217|1439|1700|1825|22 Recep 1448
20270101|0555|0725|1218|1440|1700|1826|23 Recep 1448
20270102|0555|0726|1218|1440|1701|1826|24 Recep 1448
20270103|0555|0726|1219|1441|1702|1827|25 Recep 1448
20270104|0555|0726|1219|1442|1703|1828|26 Recep 1448
20270105|0555|0726|1220|1443|1704|1829|27 Recep 1448
20270106|0555|0726|1220|1444|1705|1830|28 Recep 1448
20270107|0555|0726|1221|1444|1706|1830|29 Recep 1448
20270108|0555|0726|1221|1445|1707|1831|30 Recep 1448
20270109|0555|0725|1221|1446|1708|1832|1 Şaban 1448
20270110|0555|0725|1222|1447|1709|1833|2 Şaban 1448
20270111|0555|0725|1222|1448|1710|1834|3 Şaban 1448
20270112|0555|0725|1223|1449|1711|1835|4 Şaban 1448
20270113|0555|0724|1223|1450|1712|1836|5 Şaban 1448
20270114|0555|0724|1223|1451|1713|1837|6 Şaban 1448
20270115|0555|0724|1224|1452|1714|1838|7 Şaban 1448
20270116|0554|0723|1224|1453|1715|1839|8 Şaban 1448
20270117|0554|0723|1224|1454|1716|1840|9 Şaban 1448
20270118|0554|0722|1225|1455|1717|1841|10 Şaban 1448
20270119|0553|0722|1225|1456|1718|1842|11 Şaban 1448
20270120|0553|0721|1225|1457|1719|1843|12 Şaban 1448
20270121|0553|0721|1226|1458|1721|1844|13 Şaban 1448
20270122|0552|0720|1226|1459|1722|1845|14 Şaban 1448
20270123|0552|0720|1226|1500|1723|1846|15 Şaban 1448
20270124|0551|0719|1227|1501|1724|1847|16 Şaban 1448
20270125|0551|0718|1227|1502|1725|1848|17 Şaban 1448
20270126|0550|0718|1227|1503|1727|1849|18 Şaban 1448
20270127|0550|0717|1227|1504|1728|1850|19 Şaban 1448
20270128|0549|0716|1227|1505|1729|1851|20 Şaban 1448
20270129|0548|0715|1228|1506|1730|1852|21 Şaban 1448
20270130|0548|0714|1228|1507|1731|1853|22 Şaban 1448
20270131|0547|0713|1228|1508|1733|1854|23 Şaban 1448
20270201|0546|0712|1228|1509|1734|1855|24 Şaban 1448
20270202|0545|0711|1228|1510|1735|1856|25 Şaban 1448
20270203|0544|0711|1228|1511|1736|1857|26 Şaban 1448
20270204|0544|0710|1228|1512|1737|1858|27 Şaban 1448
20270205|0543|0708|1229|1513|1739|1859|28 Şaban 1448
20270206|0542|0707|1229|1514|1740|1900|29 Şaban 1448
20270207|0541|0706|1229|1515|1741|1901|30 Şaban 1448
20270208|0540|0705|1229|1516|1742|1902|1 Ramazan 1448
20270209|0539|0704|1229|1517|1744|1903|2 Ramazan 1448
20270210|0538|0703|1229|1518|1745|1905|3 Ramazan 1448
20270211|0537|0702|1229|1519|1746|1906|4 Ramazan 1448
20270212|0536|0701|1229|1520|1747|1907|5 Ramazan 1448
20270213|0535|0659|1229|1521|1748|1908|6 Ramazan 1448
20270214|0534|0658|1229|1522|1750|1909|7 Ramazan 1448
20270215|0532|0657|1229|1523|1751|1910|8 Ramazan 1448
20270216|0531|0656|1229|1524|1752|1911|9 Ramazan 1448
20270217|0530|0654|1229|1524|1753|1912|10 Ramazan 1448
20270218|0529|0653|1229|1525|1754|1913|11 Ramazan 1448
20270219|0528|0652|1229|1526|1756|1914|12 Ramazan 1448
20270220|0526|0650|1228|1527|1757|1915|13 Ramazan 1448
20270221|0525|0649|1228|1528|1758|1916|14 Ramazan 1448
20270222|0524|0647|1228|1529|1759|1918|15 Ramazan 1448
20270223|0522|0646|1228|1530|1800|1919|16 Ramazan 1448
20270224|0521|0645|1228|1530|1801|1920|17 Ramazan 1448
20270225|0520|0643|1228|1531|1802|1921|18 Ramazan 1448
20270226|0518|0642|1228|1532|1804|1922|19 Ramazan 1448
20270227|0517|0640|1227|1533|1805|1923|20 Ramazan 1448
20270228|0515|0639|1227|1533|1806|1924|21 Ramazan 1448
20270301|0514|0637|1227|1534|1807|1925|22 Ramazan 1448
20270302|0512|0636|1227|1535|1808|1926|23 Ramazan 1448
20270303|0511|0634|1227|1536|1809|1927|24 Ramazan 1448
20270304|0509|0633|1226|1536|1810|1928|25 Ramazan 1448
20270305|0508|0631|1226|1537|1811|1930|26 Ramazan 1448
20270306|0506|0630|1226|1538|1813|1931|27 Ramazan 1448
20270307|0505|0628|1226|1538|1814|1932|28 Ramazan 1448
20270308|0503|0626|1226|1539|1815|1933|29 Ramazan 1448
20270309|0502|0625|1225|1540|1816|1934|1 Şevval 1448
20270310|0500|0623|1225|1540|1817|1935|2 Şevval 1448
20270311|0458|0622|1225|1541|1818|1936|3 Şevval 1448
20270312|0457|0620|1225|1542|1819|1937|4 Şevval 1448
20270313|0455|0618|1224|1542|1820|1938|5 Şevval 1448
20270314|0453|0617|1224|1543|1821|1939|6 Şevval 1448
20270315|0452|0615|1224|1543|1822|1941|7 Şevval 1448
20270316|0450|0614|1223|1544|1823|1942|8 Şevval 1448
20270317|0448|0612|1223|1545|1824|1943|9 Şevval 1448
20270318|0446|0610|1223|1545|1825|1944|10 Şevval 1448
20270319|0445|0609|1223|1546|1827|1945|11 Şevval 1448
20270320|0443|0607|1222|1546|1828|1946|12 Şevval 1448
20270321|0441|0605|1222|1547|1829|1947|13 Şevval 1448
20270322|0439|0604|1222|1547|1830|1949|14 Şevval 1448
20270323|0438|0602|1221|1548|1831|1950|15 Şevval 1448
20270324|0436|0601|1221|1548|1832|1951|16 Şevval 1448
20270325|0434|0559|1221|1549|1833|1952|17 Şevval 1448
20270326|0432|0557|1221|1549|1834|1953|18 Şevval 1448
20270327|0430|0556|1220|1550|1835|1955|19 Şevval 1448
20270328|0429|0554|1220|1550|1836|1956|20 Şevval 1448
20270329|0427|0552|1220|1551|1837|1957|21 Şevval 1448
20270330|0425|0551|1219|1551|1838|1958|22 Şevval 1448
20270331|0423|0549|1219|1551|1839|1959|23 Şevval 1448
20270401|0421|0547|1219|1552|1840|2001|24 Şevval 1448
20270402|0419|0546|1218|1552|1841|2002|25 Şevval 1448
20270403|0418|0544|1218|1553|1842|2003|26 Şevval 1448
20270404|0416|0543|1218|1553|1843|2004|27 Şevval 1448
20270405|0414|0541|1218|1553|1844|2006|28 Şevval 1448
20270406|0412|0539|1217|1554|1845|2007|29 Şevval 1448
20270407|0410|0538|1217|1554|1846|2008|30 Şevval 1448
20270408|0408|0536|1217|1554|1847|2009|1 Zilkade 1448
20270409|0406|0535|1216|1555|1848|2011|2 Zilkade 1448
20270410|0404|0533|1216|1555|1849|2012|3 Zilkade 1448
20270411|0403|0532|1216|1555|1850|2013|4 Zilkade 1448
20270412|0401|0530|1216|1556|1851|2015|5 Zilkade 1448
20270413|0359|0528|1215|1556|1852|2016|6 Zilkade 1448
20270414|0357|0527|1215|1556|1853|2017|7 Zilkade 1448
20270415|0355|0525|1215|1557|1854|2019|8 Zilkade 1448
20270416|0353|0524|1215|1557|1855|2020|9 Zilkade 1448
20270417|0351|0522|1214|1557|1856|2021|10 Zilkade 1448
20270418|0349|0521|1214|1558|1858|2023|11 Zilkade 1448
20270419|0348|0519|1214|1558|1859|2024|12 Zilkade 1448
20270420|0346|0518|1214|1558|1900|2025|13 Zilkade 1448
20270421|0344|0516|1214|1559|1901|2027|14 Zilkade 1448
20270422|0342|0515|1213|1559|1902|2028|15 Zilkade 1448
20270423|0340|0514|1213|1559|1903|2030|16 Zilkade 1448
20270424|0338|0512|1213|1559|1904|2031|17 Zilkade 1448
20270425|0337|0511|1213|1600|1905|2033|18 Zilkade 1448
20270426|0335|0509|1213|1600|1906|2034|19 Zilkade 1448
20270427|0333|0508|1212|1600|1907|2035|20 Zilkade 1448
20270428|0331|0507|1212|1601|1908|2037|21 Zilkade 1448
20270429|0329|0505|1212|1601|1909|2038|22 Zilkade 1448
20270430|0328|0504|1212|1601|1910|2040|23 Zilkade 1448
20270501|0326|0503|1212|1601|1911|2041|24 Zilkade 1448
20270502|0324|0502|1212|1602|1912|2043|25 Zilkade 1448
20270503|0322|0500|1212|1602|1913|2044|26 Zilkade 1448
20270504|0321|0459|1212|1602|1914|2046|27 Zilkade 1448
20270505|0319|0458|1211|1602|1915|2047|28 Zilkade 1448
20270506|0317|0457|1211|1603|1916|2048|29 Zilkade 1448
20270507|0316|0456|1211|1603|1917|2050|1 Zilhicce 1448
20270508|0314|0454|1211|1603|1918|2051|2 Zilhicce 1448
20270509|0312|0453|1211|1604|1919|2053|3 Zilhicce 1448
20270510|0311|0452|1211|1604|1920|2054|4 Zilhicce 1448
20270511|0309|0451|1211|1604|1921|2056|5 Zilhicce 1448
20270512|0308|0450|1211|1604|1922|2057|6 Zilhicce 1448
20270513|0306|0449|1211|1605|1923|2059|7 Zilhicce 1448
20270514|0304|0448|1211|1605|1924|2100|8 Zilhicce 1448
20270515|0303|0447|1211|1605|1925|2102|9 Zilhicce 1448
20270516|0302|0446|1211|1605|1926|2103|10 Zilhicce 1448
20270517|0300|0445|1211|1606|1927|2105|11 Zilhicce 1448
20270518|0259|0444|1211|1606|1928|2106|12 Zilhicce 1448
20270519|0257|0444|1211|1606|1929|2107|13 Zilhicce 1448
20270520|0256|0443|1211|1606|1930|2109|14 Zilhicce 1448
20270521|0255|0442|1211|1607|1931|2110|15 Zilhicce 1448
20270522|0253|0441|1211|1607|1931|2111|16 Zilhicce 1448
20270523|0252|0440|1211|1607|1932|2113|17 Zilhicce 1448
20270524|0251|0440|1211|1607|1933|2114|18 Zilhicce 1448
20270525|0250|0439|1212|1608|1934|2115|19 Zilhicce 1448
20270526|0248|0438|1212|1608|1935|2117|20 Zilhicce 1448
20270527|0247|0438|1212|1608|1936|2118|21 Zilhicce 1448
20270528|0246|0437|1212|1609|1937|2119|22 Zilhicce 1448
20270529|0245|0437|1212|1609|1937|2121|23 Zilhicce 1448
20270530|0244|0436|1212|1609|1938|2122|24 Zilhicce 1448
20270531|0243|0436|1212|1609|1939|2123|25 Zilhicce 1448
20270601|0242|0435|1212|1610|1940|2124|26 Zilhicce 1448
20270602|0242|0435|1213|1610|1940|2125|27 Zilhicce 1448
20270603|0241|0434|1213|1610|1941|2126|28 Zilhicce 1448
20270604|0240|0434|1213|1610|1942|2127|29 Zilhicce 1448
20270605|0239|0434|1213|1611|1942|2128|30 Zilhicce 1448
20270606|0239|0433|1213|1611|1943|2129|1 Muharrem 1449
20270607|0238|0433|1213|1611|1944|2130|2 Muharrem 1449
20270608|0237|0433|1214|1612|1944|2131|3 Muharrem 1449
20270609|0237|0433|1214|1612|1945|2132|4 Muharrem 1449
20270610|0236|0433|1214|1612|1946|2133|5 Muharrem 1449
20270611|0236|0432|1214|1612|1946|2134|6 Muharrem 1449
20270612|0236|0432|1214|1613|1947|2134|7 Muharrem 1449
20270613|0235|0432|1215|1613|1947|2135|8 Muharrem 1449
20270614|0235|0432|1215|1613|1947|2136|9 Muharrem 1449
20270615|0235|0432|1215|1613|1948|2136|10 Muharrem 1449
20270616|0235|0432|1215|1614|1948|2137|11 Muharrem 1449
20270617|0235|0432|1215|1614|1949|2137|12 Muharrem 1449
20270618|0235|0432|1216|1614|1949|2138|13 Muharrem 1449
20270619|0235|0432|1216|1614|1949|2138|14 Muharrem 1449
20270620|0235|0433|1216|1615|1950|2138|15 Muharrem 1449
20270621|0235|0433|1216|1615|1950|2139|16 Muharrem 1449
20270622|0235|0433|1217|1615|1950|2139|17 Muharrem 1449
20270623|0236|0433|1217|1615|1950|2139|18 Muharrem 1449
20270624|0236|0434|1217|1615|1950|2139|19 Muharrem 1449
20270625|0236|0434|1217|1616|1951|2139|20 Muharrem 1449
20270626|0237|0434|1217|1616|1951|2139|21 Muharrem 1449
20270627|0237|0435|1218|1616|1951|2139|22 Muharrem 1449
20270628|0238|0435|1218|1616|1951|2139|23 Muharrem 1449
20270629|0238|0435|1218|1616|1951|2139|24 Muharrem 1449
20270630|0239|0436|1218|1617|1951|2139|25 Muharrem 1449
20270701|0240|0436|1218|1617|1951|2138|26 Muharrem 1449
20270702|0240|0437|1219|1617|1951|2138|27 Muharrem 1449
20270703|0241|0437|1219|1617|1950|2138|28 Muharrem 1449
20270704|0242|0438|1219|1617|1950|2137|29 Muharrem 1449
20270705|0243|0438|1219|1617|1950|2137|1 Safer 1449
20270706|0244|0439|1219|1617|1950|2136|2 Safer 1449
20270707|0245|0440|1220|1617|1949|2136|3 Safer 1449
20270708|0246|0440|1220|1617|1949|2135|4 Safer 1449
20270709|0247|0441|1220|1617|1949|2134|5 Safer 1449
20270710|0248|0441|1220|1617|1948|2134|6 Safer 1449
20270711|0249|0442|1220|1618|1948|2133|7 Safer 1449
20270712|0250|0443|1220|1618|1948|2132|8 Safer 1449
20270713|0251|0444|1220|1618|1947|2131|9 Safer 1449
20270714|0252|0444|1220|1618|1947|2130|10 Safer 1449
20270715|0254|0445|1221|1617|1946|2129|11 Safer 1449
20270716|0255|0446|1221|1617|1946|2128|12 Safer 1449
20270717|0256|0447|1221|1617|1945|2127|13 Safer 1449
20270718|0257|0447|1221|1617|1944|2126|14 Safer 1449
20270719|0259|0448|1221|1617|1944|2125|15 Safer 1449
20270720|0300|0449|1221|1617|1943|2124|16 Safer 1449
20270721|0301|0450|1221|1617|1942|2123|17 Safer 1449
20270722|0303|0451|1221|1617|1942|2122|18 Safer 1449
20270723|0304|0452|1221|1617|1941|2120|19 Safer 1449
20270724|0305|0453|1221|1617|1940|2119|20 Safer 1449
20270725|0307|0453|1221|1616|1939|2118|21 Safer 1449
20270726|0308|0454|1221|1616|1938|2117|22 Safer 1449
20270727|0310|0455|1221|1616|1937|2115|23 Safer 1449
20270728|0311|0456|1221|1616|1936|2114|24 Safer 1449
20270729|0313|0457|1221|1615|1935|2112|25 Safer 1449
20270730|0314|0458|1221|1615|1934|2111|26 Safer 1449
20270731|0316|0459|1221|1615|1933|2109|27 Safer 1449
20270801|0317|0500|1221|1614|1932|2108|28 Safer 1449
20270802|0318|0501|1221|1614|1931|2106|29 Safer 1449
20270803|0320|0502|1221|1614|1930|2105|1 Rebiulevvel 1449
20270804|0321|0503|1221|1613|1929|2103|2 Rebiulevvel 1449
20270805|0323|0504|1221|1613|1928|2102|3 Rebiulevvel 1449
20270806|0324|0504|1221|1613|1927|2100|4 Rebiulevvel 1449
20270807|0326|0505|1221|1612|1926|2058|5 Rebiulevvel 1449
20270808|0327|0506|1220|1612|1924|2057|6 Rebiulevvel 1449
20270809|0329|0507|1220|1611|1923|2055|7 Rebiulevvel 1449
20270810|0330|0508|1220|1611|1922|2053|8 Rebiulevvel 1449
20270811|0332|0509|1220|1610|1921|2052|9 Rebiulevvel 1449
20270812|0333|0510|1220|1610|1919|2050|10 Rebiulevvel 1449
20270813|0334|0511|1220|1609|1918|2048|11 Rebiulevvel 1449
20270814|0336|0512|1219|1608|1917|2046|12 Rebiulevvel 1449
20270815|0337|0513|1219|1608|1915|2045|13 Rebiulevvel 1449
20270816|0339|0514|1219|1607|1914|2043|14 Rebiulevvel 1449
20270817|0340|0515|1219|1607|1913|2041|15 Rebiulevvel 1449
20270818|0342|0516|1219|1606|1911|2039|16 Rebiulevvel 1449
20270819|0343|0517|1218|1605|1910|2038|17 Rebiulevvel 1449
20270820|0344|0518|1218|1605|1909|2036|18 Rebiulevvel 1449
20270821|0346|0519|1218|1604|1907|2034|19 Rebiulevvel 1449
20270822|0347|0520|1218|1603|1906|2032|20 Rebiulevvel 1449
20270823|0349|0521|1217|1602|1904|2030|21 Rebiulevvel 1449
20270824|0350|0522|1217|1602|1903|2028|22 Rebiulevvel 1449
20270825|0351|0523|1217|1601|1901|2027|23 Rebiulevvel 1449
20270826|0353|0524|1217|1600|1900|2025|24 Rebiulevvel 1449
20270827|0354|0525|1216|1559|1858|2023|25 Rebiulevvel 1449
20270828|0355|0526|1216|1558|1857|2021|26 Rebiulevvel 1449
20270829|0356|0527|1216|1558|1855|2019|27 Rebiulevvel 1449
20270830|0358|0528|1216|1557|1853|2017|28 Rebiulevvel 1449
20270831|0359|0529|1215|1556|1852|2015|29 Rebiulevvel 1449
20270901|0400|0530|1215|1555|1850|2014|30 Rebiulevvel 1449
20270902|0402|0530|1215|1554|1849|2012|1 Rebiulahir 1449
20270903|0403|0531|1214|1553|1847|2010|2 Rebiulahir 1449
20270904|0404|0532|1214|1552|1845|2008|3 Rebiulahir 1449
20270905|0405|0533|1214|1551|1844|2006|4 Rebiulahir 1449
20270906|0407|0534|1213|1550|1842|2004|5 Rebiulahir 1449
20270907|0408|0535|1213|1549|1841|2002|6 Rebiulahir 1449
20270908|0409|0536|1213|1548|1839|2000|7 Rebiulahir 1449
20270909|0410|0537|1212|1547|1837|1959|8 Rebiulahir 1449
20270910|0411|0538|1212|1546|1836|1957|9 Rebiulahir 1449
20270911|0413|0539|1212|1545|1834|1955|10 Rebiulahir 1449
20270912|0414|0540|1211|1544|1832|1953|11 Rebiulahir 1449
20270913|0415|0541|1211|1543|1831|1951|12 Rebiulahir 1449
20270914|0416|0542|1210|1542|1829|1949|13 Rebiulahir 1449
20270915|0417|0543|1210|1541|1827|1947|14 Rebiulahir 1449
20270916|0418|0544|1210|1540|1826|1946|15 Rebiulahir 1449
20270917|0420|0545|1209|1539|1824|1944|16 Rebiulahir 1449
20270918|0421|0546|1209|1538|1822|1942|17 Rebiulahir 1449
20270919|0422|0547|1209|1537|1821|1940|18 Rebiulahir 1449
20270920|0423|0548|1208|1535|1819|1938|19 Rebiulahir 1449
20270921|0424|0549|1208|1534|1817|1936|20 Rebiulahir 1449
20270922|0425|0550|1208|1533|1816|1935|21 Rebiulahir 1449
20270923|0426|0551|1207|1532|1814|1933|22 Rebiulahir 1449
20270924|0427|0552|1207|1531|1812|1931|23 Rebiulahir 1449
20270925|0428|0553|1207|1530|1811|1929|24 Rebiulahir 1449
20270926|0430|0554|1206|1529|1809|1928|25 Rebiulahir 1449
20270927|0431|0554|1206|1527|1807|1926|26 Rebiulahir 1449
20270928|0432|0555|1206|1526|1806|1924|27 Rebiulahir 1449
20270929|0433|0556|1205|1525|1804|1922|28 Rebiulahir 1449
20270930|0434|0557|1205|1524|1802|1921|29 Rebiulahir 1449
20271001|0435|0558|1205|1523|1801|1919|1 Cemaziyelevvel 1449
20271002|0436|0559|1204|1522|1759|1917|2 Cemaziyelevvel 1449
20271003|0437|0600|1204|1520|1757|1916|3 Cemaziyelevvel 1449
20271004|0438|0601|1204|1519|1756|1914|4 Cemaziyelevvel 1449
20271005|0439|0602|1203|1518|1754|1912|5 Cemaziyelevvel 1449
20271006|0440|0603|1203|1517|1753|1911|6 Cemaziyelevvel 1449
20271007|0441|0604|1203|1516|1751|1909|7 Cemaziyelevvel 1449
20271008|0442|0606|1202|1514|1749|1907|8 Cemaziyelevvel 1449
20271009|0443|0607|1202|1513|1748|1906|9 Cemaziyelevvel 1449
20271010|0444|0608|1202|1512|1746|1904|10 Cemaziyelevvel 1449
20271011|0445|0609|1202|1511|1745|1903|11 Cemaziyelevvel 1449
20271012|0446|0610|1201|1510|1743|1901|12 Cemaziyelevvel 1449
20271013|0447|0611|1201|1509|1741|1900|13 Cemaziyelevvel 1449
20271014|0448|0612|1201|1507|1740|1858|14 Cemaziyelevvel 1449
20271015|0449|0613|1201|1506|1738|1857|15 Cemaziyelevvel 1449
20271016|0450|0614|1200|1505|1737|1855|16 Cemaziyelevvel 1449
20271017|0451|0615|1200|1504|1735|1854|17 Cemaziyelevvel 1449
20271018|0452|0616|1200|1503|1734|1852|18 Cemaziyelevvel 1449
20271019|0453|0617|1200|1502|1732|1851|19 Cemaziyelevvel 1449
20271020|0454|0618|1200|1501|1731|1849|20 Cemaziyelevvel 1449
20271021|0455|0619|1159|1459|1730|1848|21 Cemaziyelevvel 1449
20271022|0456|0620|1159|1458|1728|1847|22 Cemaziyelevvel 1449
20271023|0457|0621|1159|1457|1727|1845|23 Cemaziyelevvel 1449
20271024|0459|0623|1159|1456|1725|1844|24 Cemaziyelevvel 1449
20271025|0500|0624|1159|1455|1724|1843|25 Cemaziyelevvel 1449
20271026|0501|0625|1159|1454|1723|1842|26 Cemaziyelevvel 1449
20271027|0502|0626|1159|1453|1721|1840|27 Cemaziyelevvel 1449
20271028|0503|0627|1158|1452|1720|1839|28 Cemaziyelevvel 1449
20271029|0504|0628|1158|1451|1719|1838|29 Cemaziyelevvel 1449
20271030|0505|0629|1158|1450|1717|1837|30 Cemaziyelevvel 1449
20271031|0506|0630|1158|1449|1716|1836|1 Cemaziyelahir 1449
20271101|0507|0632|1158|1448|1715|1835|2 Cemaziyelahir 1449
20271102|0508|0633|1158|1447|1714|1834|3 Cemaziyelahir 1449
20271103|0509|0634|1158|1446|1713|1833|4 Cemaziyelahir 1449
20271104|0510|0635|1158|1445|1711|1832|5 Cemaziyelahir 1449
20271105|0511|0636|1158|1444|1710|1831|6 Cemaziyelahir 1449
20271106|0512|0637|1158|1443|1709|1830|7 Cemaziyelahir 1449
20271107|0513|0639|1158|1443|1708|1829|8 Cemaziyelahir 1449
20271108|0514|0640|1158|1442|1707|1828|9 Cemaziyelahir 1449
20271109|0515|0641|1158|1441|1706|1827|10 Cemaziyelahir 1449
20271110|0516|0642|1158|1440|1705|1826|11 Cemaziyelahir 1449
20271111|0517|0643|1159|1439|1704|1825|12 Cemaziyelahir 1449
20271112|0518|0644|1159|1439|1703|1824|13 Cemaziyelahir 1449
20271113|0519|0646|1159|1438|1702|1824|14 Cemaziyelahir 1449
20271114|0520|0647|1159|1437|1701|1823|15 Cemaziyelahir 1449
20271115|0521|0648|1159|1436|1700|1822|16 Cemaziyelahir 1449
20271116|0522|0649|1159|1436|1700|1822|17 Cemaziyelahir 1449
20271117|0523|0650|1159|1435|1659|1821|18 Cemaziyelahir 1449
20271118|0524|0651|1200|1435|1658|1820|19 Cemaziyelahir 1449
20271119|0525|0652|1200|1434|1657|1820|20 Cemaziyelahir 1449
20271120|0526|0654|1200|1434|1657|1819|21 Cemaziyelahir 1449
20271121|0527|0655|1200|1433|1656|1819|22 Cemaziyelahir 1449
20271122|0528|0656|1201|1433|1655|1818|23 Cemaziyelahir 1449
20271123|0529|0657|1201|1432|1655|1818|24 Cemaziyelahir 1449
20271124|0529|0658|1201|1432|1654|1817|25 Cemaziyelahir 1449
20271125|0530|0659|1201|1431|1654|1817|26 Cemaziyelahir 1449
20271126|0531|0700|1202|1431|1653|1817|27 Cemaziyelahir 1449
20271127|0532|0701|1202|1431|1653|1816|28 Cemaziyelahir 1449
20271128|0533|0702|1202|1430|1652|1816|29 Cemaziyelahir 1449
20271129|0534|0703|1203|1430|1652|1816|1 Recep 1449
20271130|0535|0704|1203|1430|1652|1816|2 Recep 1449
20271201|0536|0706|1203|1430|1651|1816|3 Recep 1449
20271202|0537|0707|1204|1429|1651|1815|4 Recep 1449
20271203|0538|0708|1204|1429|1651|1815|5 Recep 1449
20271204|0539|0709|1205|1429|1651|1815|6 Recep 1449
20271205|0539|0709|1205|1429|1650|1815|7 Recep 1449
20271206|0540|0710|1205|1429|1650|1815|8 Recep 1449
20271207|0541|0711|1206|1429|1650|1815|9 Recep 1449
20271208|0542|0712|1206|1429|1650|1815|10 Recep 1449
20271209|0543|0713|1207|1429|1650|1815|11 Recep 1449
20271210|0543|0714|1207|1429|1650|1815|12 Recep 1449
20271211|0544|0715|1208|1429|1650|1816|13 Recep 1449
20271212|0545|0716|1208|1430|1650|1816|14 Recep 1449
20271213|0545|0716|1208|1430|1651|1816|15 Recep 1449
20271214|0546|0717|1209|1430|1651|1816|16 Recep 1449
20271215|0547|0718|1209|1430|1651|1817|17 Recep 1449
20271216|0548|0719|1210|1431|1651|1817|18 Recep 1449
20271217|0548|0719|1210|1431|1652|1817|19 Recep 1449
20271218|0549|0720|1211|1431|1652|1818|20 Recep 1449
20271219|0549|0720|1211|1432|1652|1818|21 Recep 1449
20271220|0550|0721|1212|1432|1653|1818|22 Recep 1449
20271221|0550|0722|1212|1433|1653|1819|23 Recep 1449
20271222|0551|0722|1213|1433|1654|1819|24 Recep 1449
20271223|0551|0723|1213|1434|1654|1820|25 Recep 1449
20271224|0552|0723|1214|1434|1655|1820|26 Recep 1449
20271225|0552|0723|1214|1435|1655|1821|27 Recep 1449
20271226|0553|0724|1215|1435|1656|1822|28 Recep 1449
20271227|0553|0724|1215|1436|1656|1822|29 Recep 1449
20271228|0553|0725|1216|1437|1657|1823|30 Recep 1449
20271229|0554|0725|1216|1437|1658|1823|1 Şaban 1449
20271230|0554|0725|1217|1438|1659|1824|2 Şaban 1449
20271231|0554|0725|1217|1439|1659|1825|3 Şaban 1449
#@9596|Selim|KARS|730
20260101|0554|0725|1217|1439|1659|1825|12 Recep 1447
20260102|0554|0725|1218|1439|1700|1826|13 Recep 1447
20260103|0554|0725|1218|1440|1701|1826|14 Recep 1447
20260104|0555|0725|1219|1441|1702|1827|15 Recep 1447
20260105|0555|0725|1219|1442|1703|1828|16 Recep 1447
20260106|0555|0725|1219|1443|1704|1829|17 Recep 1447
20260107|0555|0725|1220|1443|1705|1830|18 Recep 1447
20260108|0555|0725|1220|1444|1706|1831|19 Recep 1447
20260109|0555|0725|1221|1445|1707|1831|20 Recep 1447
20260110|0555|0725|1221|1446|1708|1832|21 Recep 1447
20260111|0555|0725|1222|1447|1709|1833|22 Recep 1447
20260112|0554|0724|1222|1448|1710|1834|23 Recep 1447
20260113|0554|0724|1222|1449|1711|1835|24 Recep 1447
20260114|0554|0724|1223|1450|1712|1836|25 Recep 1447
20260115|0554|0723|1223|1451|1713|1837|26 Recep 1447
20260116|0554|0723|1223|1452|1714|1838|27 Recep 1447
20260117|0553|0722|1224|1453|1715|1839|28 Recep 1447
20260118|0553|0722|1224|1454|1716|1840|29 Recep 1447
20260119|0553|0721|1224|1455|1717|1841|30 Recep 1447
20260120|0552|0721|1225|1456|1719|1842|1 Şaban 1447
20260121|0552|0720|1225|1457|1720|1843|2 Şaban 1447
20260122|0551|0720|1225|1458|1721|1844|3 Şaban 1447
20260123|0551|0719|1226|1459|1722|1845|4 Şaban 1447
20260124|0550|0718|1226|1500|1723|1846|5 Şaban 1447
20260125|0550|0718|1226|1501|1725|1847|6 Şaban 1447
20260126|0549|0717|1226|1502|1726|1848|7 Şaban 1447
20260127|0549|0716|1227|1503|1727|1849|8 Şaban 1447
20260128|0548|0715|1227|1504|1728|1850|9 Şaban 1447
20260129|0547|0714|1227|1505|1729|1851|10 Şaban 1447
20260130|0547|0714|1227|1506|1731|1852|11 Şaban 1447
20260131|0546|0713|1227|1507|1732|1853|12 Şaban 1447
20260201|0545|0712|1227|1508|1733|1854|13 Şaban 1447
20260202|0544|0711|1227|1509|1734|1855|14 Şaban 1447
20260203|0544|0710|1228|1510|1736|1856|15 Şaban 1447
20260204|0543|0709|1228|1511|1737|1858|16 Şaban 1447
20260205|0542|0708|1228|1512|1738|1859|17 Şaban 1447
20260206|0541|0707|1228|1513|1739|1900|18 Şaban 1447
20260207|0540|0706|1228|1514|1740|1901|19 Şaban 1447
20260208|0539|0704|1228|1515|1742|1902|20 Şaban 1447
20260209|0538|0703|1228|1516|1743|1903|21 Şaban 1447
20260210|0537|0702|1228|1517|1744|1904|22 Şaban 1447
20260211|0536|0701|1228|1518|1745|1905|23 Şaban 1447
20260212|0535|0700|1228|1519|1746|1906|24 Şaban 1447
20260213|0534|0658|1228|1520|1748|1907|25 Şaban 1447
20260214|0533|0657|1228|1521|1749|1908|26 Şaban 1447
20260215|0531|0656|1228|1522|1750|1909|27 Şaban 1447
20260216|0530|0655|1228|1523|1751|1910|28 Şaban 1447
20260217|0529|0653|1228|1524|1752|1912|29 Şaban 1447
20260218|0528|0652|1228|1524|1754|1913|30 Şaban 1447
20260219|0526|0651|1228|1525|1755|1914|1 Ramazan 1447
20260220|0525|0649|1228|1526|1756|1915|2 Ramazan 1447
20260221|0524|0648|1228|1527|1757|1916|3 Ramazan 1447
20260222|0523|0646|1227|1528|1758|1917|4 Ramazan 1447
20260223|0521|0645|1227|1529|1800|1918|5 Ramazan 1447
20260224|0520|0644|1227|1530|1801|1919|6 Ramazan 1447
20260225|0518|0642|1227|1530|1802|1920|7 Ramazan 1447
20260226|0517|0641|1227|1531|1803|1921|8 Ramazan 1447
20260227|0516|0639|1227|1532|1804|1922|9 Ramazan 1447
20260228|0514|0638|1226|1533|1805|1924|10 Ramazan 1447
20260301|0513|0636|1226|1533|1806|1925|11 Ramazan 1447
20260302|0511|0635|1226|1534|1808|1926|12 Ramazan 1447
20260303|0510|0633|1226|1535|1809|1927|13 Ramazan 1447
20260304|0508|0632|1226|1536|1810|1928|14 Ramazan 1447
20260305|0507|0630|1225|1536|1811|1929|15 Ramazan 1447
20260306|0505|0629|1225|1537|1812|1930|16 Ramazan 1447
20260307|0503|0627|1225|1538|1813|1931|17 Ramazan 1447
20260308|0502|0625|1225|1538|1814|1932|18 Ramazan 1447
20260309|0500|0624|1225|1539|1815|1934|19 Ramazan 1447
20260310|0459|0622|1224|1540|1816|1935|20 Ramazan 1447
20260311|0457|0621|1224|1540|1817|1936|21 Ramazan 1447
20260312|0455|0619|1224|1541|1819|1937|22 Ramazan 1447
20260313|0454|0617|1223|1542|1820|1938|23 Ramazan 1447
20260314|0452|0616|1223|1542|1821|1939|24 Ramazan 1447
20260315|0450|0614|1223|1543|1822|1940|25 Ramazan 1447
20260316|0449|0612|1223|1543|1823|1941|26 Ramazan 1447
20260317|0447|0611|1222|1544|1824|1943|27 Ramazan 1447
20260318|0445|0609|1222|1544|1825|1944|28 Ramazan 1447
20260319|0443|0608|1222|1545|1826|1945|29 Ramazan 1447
20260320|0442|0606|1221|1546|1827|1946|1 Şevval 1447
20260321|0440|0604|1221|1546|1828|1947|2 Şevval 1447
20260322|0438|0603|1221|1547|1829|1948|3 Şevval 1447
20260323|0436|0601|1221|1547|1830|1950|4 Şevval 1447
20260324|0434|0559|1220|1548|1831|1951|5 Şevval 1447
20260325|0433|0558|1220|1548|1832|1952|6 Şevval 1447
20260326|0431|0556|1220|1548|1833|1953|7 Şevval 1447
20260327|0429|0554|1219|1549|1834|1954|8 Şevval 1447
20260328|0427|0553|1219|1549|1835|1955|9 Şevval 1447
20260329|0425|0551|1219|1550|1836|1957|10 Şevval 1447
20260330|0423|0549|1218|1550|1837|1958|11 Şevval 1447
20260331|0422|0548|1218|1551|1839|1959|12 Şevval 1447
20260401|0420|0546|1218|1551|1840|2000|13 Şevval 1447
20260402|0418|0545|1218|1552|1841|2002|14 Şevval 1447
20260403|0416|0543|1217|1552|1842|2003|15 Şevval 1447
20260404|0414|0541|1217|1552|1843|2004|16 Şevval 1447
20260405|0412|0540|1217|1553|1844|2005|17 Şevval 1447
20260406|0410|0538|1216|1553|1845|2007|18 Şevval 1447
20260407|0409|0537|1216|1553|1846|2008|19 Şevval 1447
20260408|0407|0535|1216|1554|1847|2009|20 Şevval 1447
20260409|0405|0533|1216|1554|1848|2011|21 Şevval 1447
20260410|0403|0532|1215|1554|1849|2012|22 Şevval 1447
20260411|0401|0530|1215|1555|1850|2013|23 Şevval 1447
20260412|0359|0529|1215|1555|1851|2015|24 Şevval 1447
20260413|0357|0527|1215|1556|1852|2016|25 Şevval 1447
20260414|0355|0526|1214|1556|1853|2017|26 Şevval 1447
20260415|0353|0524|1214|1556|1854|2019|27 Şevval 1447
20260416|0352|0523|1214|1556|1855|2020|28 Şevval 1447
20260417|0350|0521|1214|1557|1856|2021|29 Şevval 1447
20260418|0348|0520|1213|1557|1857|2023|1 Zilkade 1447
20260419|0346|0518|1213|1557|1858|2024|2 Zilkade 1447
20260420|0344|0517|1213|1558|1859|2025|3 Zilkade 1447
20260421|0342|0515|1213|1558|1900|2027|4 Zilkade 1447
20260422|0340|0514|1212|1558|1901|2028|5 Zilkade 1447
20260423|0339|0512|1212|1559|1902|2030|6 Zilkade 1447
20260424|0337|0511|1212|1559|1903|2031|7 Zilkade 1447
20260425|0335|0509|1212|1559|1904|2033|8 Zilkade 1447
20260426|0333|0508|1212|1559|1905|2034|9 Zilkade 1447
20260427|0331|0507|1212|1600|1906|2035|10 Zilkade 1447
20260428|0329|0505|1211|1600|1908|2037|11 Zilkade 1447
20260429|0328|0504|1211|1600|1909|2038|12 Zilkade 1447
20260430|0326|0503|1211|1601|1910|2040|13 Zilkade 1447
20260501|0324|0501|1211|1601|1911|2041|14 Zilkade 1447
20260502|0322|0500|1211|1601|1912|2043|15 Zilkade 1447
20260503|0321|0459|1211|1601|1913|2044|16 Zilkade 1447
20260504|0319|0458|1211|1602|1914|2046|17 Zilkade 1447
20260505|0317|0457|1211|1602|1915|2047|18 Zilkade 1447
20260506|0315|0455|1211|1602|1916|2049|19 Zilkade 1447
20260507|0314|0454|1210|1602|1917|2050|20 Zilkade 1447
20260508|0312|0453|1210|1603|1918|2052|21 Zilkade 1447
20260509|0310|0452|1210|1603|1919|2053|22 Zilkade 1447
20260510|0309|0451|1210|1603|1920|2055|23 Zilkade 1447
20260511|0307|0450|1210|1604|1921|2056|24 Zilkade 1447
20260512|0306|0449|1210|1604|1922|2058|25 Zilkade 1447
20260513|0304|0448|1210|1604|1923|2059|26 Zilkade 1447
20260514|0303|0447|1210|1604|1924|2100|27 Zilkade 1447
20260515|0301|0446|1210|1605|1925|2102|28 Zilkade 1447
20260516|0300|0445|1210|1605|1926|2103|29 Zilkade 1447
20260517|0258|0444|1210|1605|1927|2105|30 Zilkade 1447
20260518|0257|0443|1210|1605|1928|2106|1 Zilhicce 1447
20260519|0255|0442|1210|1606|1928|2108|2 Zilhicce 1447
20260520|0254|0441|1210|1606|1929|2109|3 Zilhicce 1447
20260521|0253|0441|1210|1606|1930|2110|4 Zilhicce 1447
20260522|0251|0440|1211|1606|1931|2112|5 Zilhicce 1447
20260523|0250|0439|1211|1607|1932|2113|6 Zilhicce 1447
20260524|0249|0438|1211|1607|1933|2114|7 Zilhicce 1447
20260525|0248|0438|1211|1607|1934|2116|8 Zilhicce 1447
20260526|0247|0437|1211|1608|1935|2117|9 Zilhicce 1447
20260527|0245|0436|1211|1608|1936|2118|10 Zilhicce 1447
20260528|0244|0436|1211|1608|1936|2120|11 Zilhicce 1447
20260529|0243|0435|1211|1608|1937|2121|12 Zilhicce 1447
20260530|0242|0435|1211|1609|1938|2122|13 Zilhicce 1447
20260531|0241|0434|1212|1609|1939|2123|14 Zilhicce 1447
20260601|0240|0434|1212|1609|1939|2124|15 Zilhicce 1447
20260602|0240|0433|1212|1609|1940|2125|16 Zilhicce 1447
20260603|0239|0433|1212|1610|1941|2127|17 Zilhicce 1447
20260604|0238|0433|1212|1610|1942|2128|18 Zilhicce 1447
20260605|0237|0432|1212|1610|1942|2129|19 Zilhicce 1447
20260606|0237|0432|1212|1611|1943|2130|20 Zilhicce 1447
20260607|0236|0432|1213|1611|1944|2131|21 Zilhicce 1447
20260608|0236|0432|1213|1611|1944|2131|22 Zilhicce 1447
20260609|0235|0431|1213|1611|1945|2132|23 Zilhicce 1447
20260610|0235|0431|1213|1612|1945|2133|24 Zilhicce 1447
20260611|0234|0431|1213|1612|1946|2134|25 Zilhicce 1447
20260612|0234|0431|1214|1612|1946|2135|26 Zilhicce 1447
20260613|0234|0431|1214|1612|1947|2135|27 Zilhicce 1447
20260614|0233|0431|1214|1613|1947|2136|28 Zilhicce 1447
20260615|0233|0431|1214|1613|1948|2136|29 Zilhicce 1447
20260616|0233|0431|1215|1613|1948|2137|1 Muharrem 1448
20260617|0233|0431|1215|1613|1948|2137|2 Muharrem 1448
20260618|0233|0431|1215|1614|1949|2138|3 Muharrem 1448
20260619|0233|0431|1215|1614|1949|2138|4 Muharrem 1448
20260620|0233|0431|1215|1614|1949|2139|5 Muharrem 1448
20260621|0233|0432|1216|1614|1950|2139|6 Muharrem 1448
20260622|0234|0432|1216|1615|1950|2139|7 Muharrem 1448
20260623|0234|0432|1216|1615|1950|2139|8 Muharrem 1448
20260624|0234|0432|1216|1615|1950|2139|9 Muharrem 1448
20260625|0235|0433|1216|1615|1950|2139|10 Muharrem 1448
20260626|0235|0433|1217|1615|1950|2139|11 Muharrem 1448
20260627|0235|0433|1217|1616|1950|2139|12 Muharrem 1448
20260628|0236|0434|1217|1616|1950|2139|13 Muharrem 1448
20260629|0237|0434|1217|1616|1950|2139|14 Muharrem 1448
20260630|0237|0435|1217|1616|1950|2139|15 Muharrem 1448
20260701|0238|0435|1218|1616|1950|2138|16 Muharrem 1448
20260702|0239|0436|1218|1616|1950|2138|17 Muharrem 1448
20260703|0240|0436|1218|1616|1950|2138|18 Muharrem 1448
20260704|0240|0437|1218|1617|1950|2137|19 Muharrem 1448
20260705|0241|0437|1218|1617|1950|2137|20 Muharrem 1448
20260706|0242|0438|1219|1617|1949|2136|21 Muharrem 1448
20260707|0243|0439|1219|1617|1949|2136|22 Muharrem 1448
20260708|0244|0439|1219|1617|1949|2135|23 Muharrem 1448
20260709|0245|0440|1219|1617|1948|2134|24 Muharrem 1448
20260710|0246|0440|1219|1617|1948|2134|25 Muharrem 1448
20260711|0247|0441|1219|1617|1948|2133|26 Muharrem 1448
20260712|0249|0442|1219|1617|1947|2132|27 Muharrem 1448
20260713|0250|0443|1220|1617|1947|2131|28 Muharrem 1448
20260714|0251|0443|1220|1617|1946|2130|29 Muharrem 1448
20260715|0252|0444|1220|1617|1946|2129|1 Safer 1448
20260716|0253|0445|1220|1617|1945|2128|2 Safer 1448
20260717|0255|0446|1220|1617|1944|2127|3 Safer 1448
20260718|0256|0446|1220|1617|1944|2126|4 Safer 1448
20260719|0257|0447|1220|1617|1943|2125|5 Safer 1448
20260720|0259|0448|1220|1617|1942|2124|6 Safer 1448
20260721|0300|0449|1220|1616|1942|2123|7 Safer 1448
20260722|0301|0450|1220|1616|1941|2121|8 Safer 1448
20260723|0303|0451|1220|1616|1940|2120|9 Safer 1448
20260724|0304|0452|1220|1616|1939|2119|10 Safer 1448
20260725|0306|0452|1220|1616|1938|2117|11 Safer 1448
20260726|0307|0453|1220|1615|1938|2116|12 Safer 1448
20260727|0309|0454|1220|1615|1937|2115|13 Safer 1448
20260728|0310|0455|1220|1615|1936|2113|14 Safer 1448
20260729|0311|0456|1220|1615|1935|2112|15 Safer 1448
20260730|0313|0457|1220|1614|1934|2110|16 Safer 1448
20260731|0314|0458|1220|1614|1933|2109|17 Safer 1448
20260801|0316|0459|1220|1614|1932|2107|18 Safer 1448
20260802|0317|0500|1220|1613|1931|2106|19 Safer 1448
20260803|0319|0501|1220|1613|1930|2104|20 Safer 1448
20260804|0320|0502|1220|1613|1928|2103|21 Safer 1448
20260805|0322|0503|1220|1612|1927|2101|22 Safer 1448
20260806|0323|0504|1220|1612|1926|2059|23 Safer 1448
20260807|0325|0505|1220|1611|1925|2058|24 Safer 1448
20260808|0326|0506|1220|1611|1924|2056|25 Safer 1448
20260809|0328|0507|1219|1610|1922|2054|26 Safer 1448
20260810|0329|0507|1219|1610|1921|2053|27 Safer 1448
20260811|0331|0508|1219|1609|1920|2051|28 Safer 1448
20260812|0332|0509|1219|1609|1919|2049|29 Safer 1448
20260813|0334|0510|1219|1608|1917|2048|30 Safer 1448
20260814|0335|0511|1219|1608|1916|2046|1 Rebiulevvel 1448
20260815|0336|0512|1218|1607|1915|2044|2 Rebiulevvel 1448
20260816|0338|0513|1218|1606|1913|2042|3 Rebiulevvel 1448
20260817|0339|0514|1218|1606|1912|2040|4 Rebiulevvel 1448
20260818|0341|0515|1218|1605|1910|2039|5 Rebiulevvel 1448
20260819|0342|0516|1218|1604|1909|2037|6 Rebiulevvel 1448
20260820|0343|0517|1217|1604|1908|2035|7 Rebiulevvel 1448
20260821|0345|0518|1217|1603|1906|2033|8 Rebiulevvel 1448
20260822|0346|0519|1217|1602|1905|2031|9 Rebiulevvel 1448
20260823|0348|0520|1217|1602|1903|2029|10 Rebiulevvel 1448
20260824|0349|0521|1216|1601|1902|2028|11 Rebiulevvel 1448
20260825|0350|0522|1216|1600|1900|2026|12 Rebiulevvel 1448
20260826|0352|0523|1216|1559|1859|2024|13 Rebiulevvel 1448
20260827|0353|0524|1216|1558|1857|2022|14 Rebiulevvel 1448
20260828|0354|0525|1215|1558|1856|2020|15 Rebiulevvel 1448
20260829|0356|0526|1215|1557|1854|2018|16 Rebiulevvel 1448
20260830|0357|0527|1215|1556|1852|2016|17 Rebiulevvel 1448
20260831|0358|0528|1214|1555|1851|2015|18 Rebiulevvel 1448
20260901|0400|0529|1214|1554|1849|2013|19 Rebiulevvel 1448
20260902|0401|0530|1214|1553|1848|2011|20 Rebiulevvel 1448
20260903|0402|0531|1213|1552|1846|2009|21 Rebiulevvel 1448
20260904|0403|0532|1213|1551|1844|2007|22 Rebiulevvel 1448
20260905|0405|0533|1213|1550|1843|2005|23 Rebiulevvel 1448
20260906|0406|0534|1212|1549|1841|2003|24 Rebiulevvel 1448
20260907|0407|0535|1212|1548|1840|2001|25 Rebiulevvel 1448
20260908|0408|0536|1212|1547|1838|1959|26 Rebiulevvel 1448
20260909|0409|0537|1211|1546|1836|1958|27 Rebiulevvel 1448
20260910|0411|0537|1211|1545|1835|1956|28 Rebiulevvel 1448
20260911|0412|0538|1211|1544|1833|1954|29 Rebiulevvel 1448
20260912|0413|0539|1210|1543|1831|1952|1 Rebiulahir 1448
20260913|0414|0540|1210|1542|1830|1950|2 Rebiulahir 1448
20260914|0415|0541|1210|1541|1828|1948|3 Rebiulahir 1448
20260915|0417|0542|1209|1540|1826|1946|4 Rebiulahir 1448
20260916|0418|0543|1209|1539|1825|1945|5 Rebiulahir 1448
20260917|0419|0544|1209|1538|1823|1943|6 Rebiulahir 1448
20260918|0420|0545|1208|1537|1821|1941|7 Rebiulahir 1448
20260919|0421|0546|1208|1536|1820|1939|8 Rebiulahir 1448
20260920|0422|0547|1207|1534|1818|1937|9 Rebiulahir 1448
20260921|0423|0548|1207|1533|1816|1935|10 Rebiulahir 1448
20260922|0424|0549|1207|1532|1814|1934|11 Rebiulahir 1448
20260923|0426|0550|1206|1531|1813|1932|12 Rebiulahir 1448
20260924|0427|0551|1206|1530|1811|1930|13 Rebiulahir 1448
20260925|0428|0552|1206|1529|1809|1928|14 Rebiulahir 1448
20260926|0429|0553|1205|1527|1808|1926|15 Rebiulahir 1448
20260927|0430|0554|1205|1526|1806|1925|16 Rebiulahir 1448
20260928|0431|0555|1205|1525|1804|1923|17 Rebiulahir 1448
20260929|0432|0556|1204|1524|1803|1921|18 Rebiulahir 1448
20260930|0433|0557|1204|1523|1801|1920|19 Rebiulahir 1448
20261001|0434|0558|1204|1522|1759|1918|20 Rebiulahir 1448
20261002|0435|0559|1203|1520|1758|1916|21 Rebiulahir 1448
20261003|0436|0600|1203|1519|1756|1914|22 Rebiulahir 1448
20261004|0437|0601|1203|1518|1755|1913|23 Rebiulahir 1448
20261005|0438|0602|1202|1517|1753|1911|24 Rebiulahir 1448
20261006|0439|0603|1202|1516|1751|1910|25 Rebiulahir 1448
20261007|0441|0604|1202|1514|1750|1908|26 Rebiulahir 1448
20261008|0442|0605|1202|1513|1748|1906|27 Rebiulahir 1448
20261009|0443|0606|1201|1512|1746|1905|28 Rebiulahir 1448
20261010|0444|0607|1201|1511|1745|1903|29 Rebiulahir 1448
20261011|0445|0608|1201|1510|1743|1902|30 Rebiulahir 1448
20261012|0446|0609|1200|1509|1742|1900|1 Cemaziyelevvel 1448
20261013|0447|0610|1200|1507|1740|1858|2 Cemaziyelevvel 1448
20261014|0448|0611|1200|1506|1739|1857|3 Cemaziyelevvel 1448
20261015|0449|0612|1200|1505|1737|1856|4 Cemaziyelevvel 1448
20261016|0450|0613|1200|1504|1736|1854|5 Cemaziyelevvel 1448
20261017|0451|0615|1159|1503|1734|1853|6 Cemaziyelevvel 1448
20261018|0452|0616|1159|1502|1733|1851|7 Cemaziyelevvel 1448
20261019|0453|0617|1159|1500|1731|1850|8 Cemaziyelevvel 1448
20261020|0454|0618|1159|1459|1730|1848|9 Cemaziyelevvel 1448
20261021|0455|0619|1159|1458|1728|1847|10 Cemaziyelevvel 1448
20261022|0456|0620|1158|1457|1727|1846|11 Cemaziyelevvel 1448
20261023|0457|0621|1158|1456|1725|1844|12 Cemaziyelevvel 1448
20261024|0458|0622|1158|1455|1724|1843|13 Cemaziyelevvel 1448
20261025|0459|0623|1158|1454|1723|1842|14 Cemaziyelevvel 1448
20261026|0500|0624|1158|1453|1721|1841|15 Cemaziyelevvel 1448
20261027|0501|0626|1158|1452|1720|1839|16 Cemaziyelevvel 1448
20261028|0502|0627|1158|1451|1719|1838|17 Cemaziyelevvel 1448
20261029|0503|0628|1158|1450|1717|1837|18 Cemaziyelevvel 1448
20261030|0504|0629|1158|1449|1716|1836|19 Cemaziyelevvel 1448
20261031|0505|0630|1158|1448|1715|1835|20 Cemaziyelevvel 1448
20261101|0506|0631|1157|1447|1714|1834|21 Cemaziyelevvel 1448
20261102|0507|0632|1157|1446|1712|1832|22 Cemaziyelevvel 1448
20261103|0508|0634|1157|1445|1711|1831|23 Cemaziyelevvel 1448
20261104|0509|0635|1157|1444|1710|1830|24 Cemaziyelevvel 1448
20261105|0510|0636|1157|1443|1709|1829|25 Cemaziyelevvel 1448
20261106|0511|0637|1157|1442|1708|1828|26 Cemaziyelevvel 1448
20261107|0512|0638|1158|1441|1707|1828|27 Cemaziyelevvel 1448
20261108|0513|0639|1158|1440|1706|1827|28 Cemaziyelevvel 1448
20261109|0514|0641|1158|1440|1705|1826|29 Cemaziyelevvel 1448
20261110|0515|0642|1158|1439|1704|1825|1 Cemaziyelahir 1448
20261111|0516|0643|1158|1438|1703|1824|2 Cemaziyelahir 1448
20261112|0517|0644|1158|1437|1702|1823|3 Cemaziyelahir 1448
20261113|0518|0645|1158|1437|1701|1823|4 Cemaziyelahir 1448
20261114|0519|0646|1158|1436|1700|1822|5 Cemaziyelahir 1448
20261115|0520|0648|1158|1435|1659|1821|6 Cemaziyelahir 1448
20261116|0521|0649|1159|1435|1658|1820|7 Cemaziyelahir 1448
20261117|0522|0650|1159|1434|1658|1820|8 Cemaziyelahir 1448
20261118|0523|0651|1159|1433|1657|1819|9 Cemaziyelahir 1448
20261119|0524|0652|1159|1433|1656|1819|10 Cemaziyelahir 1448
20261120|0525|0653|1159|1432|1655|1818|11 Cemaziyelahir 1448
20261121|0526|0655|1200|1432|1655|1818|12 Cemaziyelahir 1448
20261122|0527|0656|1200|1431|1654|1817|13 Cemaziyelahir 1448
20261123|0528|0657|1200|1431|1654|1817|14 Cemaziyelahir 1448
20261124|0529|0658|1200|1430|1653|1816|15 Cemaziyelahir 1448
20261125|0530|0659|1201|1430|1652|1816|16 Cemaziyelahir 1448
20261126|0531|0700|1201|1430|1652|1816|17 Cemaziyelahir 1448
20261127|0532|0701|1201|1429|1652|1815|18 Cemaziyelahir 1448
20261128|0533|0702|1202|1429|1651|1815|19 Cemaziyelahir 1448
20261129|0534|0703|1202|1429|1651|1815|20 Cemaziyelahir 1448
20261130|0535|0704|1202|1429|1650|1815|21 Cemaziyelahir 1448
20261201|0536|0705|1203|1428|1650|1815|22 Cemaziyelahir 1448
20261202|0536|0706|1203|1428|1650|1814|23 Cemaziyelahir 1448
20261203|0537|0707|1203|1428|1650|1814|24 Cemaziyelahir 1448
20261204|0538|0708|1204|1428|1649|1814|25 Cemaziyelahir 1448
20261205|0539|0709|1204|1428|1649|1814|26 Cemaziyelahir 1448
20261206|0540|0710|1205|1428|1649|1814|27 Cemaziyelahir 1448
20261207|0541|0711|1205|1428|1649|1814|28 Cemaziyelahir 1448
20261208|0541|0712|1206|1428|1649|1814|29 Cemaziyelahir 1448
20261209|0542|0713|1206|1428|1649|1814|30 Cemaziyelahir 1448
20261210|0543|0714|1206|1428|1649|1815|1 Recep 1448
20261211|0544|0715|1207|1428|1649|1815|2 Recep 1448
20261212|0544|0715|1207|1429|1649|1815|3 Recep 1448
20261213|0545|0716|1208|1429|1649|1815|4 Recep 1448
20261214|0546|0717|1208|1429|1650|1815|5 Recep 1448
20261215|0546|0718|1209|1429|1650|1816|6 Recep 1448
20261216|0547|0718|1209|1430|1650|1816|7 Recep 1448
20261217|0548|0719|1210|1430|1650|1816|8 Recep 1448
20261218|0548|0720|1210|1430|1651|1817|9 Recep 1448
20261219|0549|0720|1211|1431|1651|1817|10 Recep 1448
20261220|0549|0721|1211|1431|1652|1818|11 Recep 1448
20261221|0550|0721|1212|1432|1652|1818|12 Recep 1448
20261222|0550|0722|1212|1432|1653|1818|13 Recep 1448
20261223|0551|0722|1213|1433|1653|1819|14 Recep 1448
20261224|0551|0723|1213|1433|1654|1820|15 Recep 1448
20261225|0552|0723|1214|1434|1654|1820|16 Recep 1448
20261226|0552|0724|1214|1434|1655|1821|17 Recep 1448
20261227|0553|0724|1215|1435|1655|1821|18 Recep 1448
20261228|0553|0724|1215|1436|1656|1822|19 Recep 1448
20261229|0553|0724|1216|1436|1657|1823|20 Recep 1448
20261230|0554|0725|1216|1437|1658|1823|21 Recep 1448
20261231|0554|0725|1217|1438|1658|1824|22 Recep 1448
20270101|0554|0725|1217|1438|1659|1825|23 Recep 1448
20270102|0554|0725|1218|1439|1700|1825|24 Recep 1448
20270103|0554|0725|1218|1440|1701|1826|25 Recep 1448
20270104|0555|0725|1218|1441|1702|1827|26 Recep 1448
20270105|0555|0725|1219|1442|1703|1828|27 Recep 1448
20270106|0555|0725|1219|1442|1704|1829|28 Recep 1448
20270107|0555|0725|1220|1443|1704|1829|29 Recep 1448
20270108|0555|0725|1220|1444|1705|1830|30 Recep 1448
20270109|0555|0725|1221|1445|1706|1831|1 Şaban 1448
20270110|0555|0725|1221|1446|1707|1832|2 Şaban 1448
20270111|0555|0725|1221|1447|1708|1833|3 Şaban 1448
20270112|0555|0724|1222|1448|1709|1834|4 Şaban 1448
20270113|0554|0724|1222|1449|1711|1835|5 Şaban 1448
20270114|0554|0724|1223|1450|1712|1836|6 Şaban 1448
20270115|0554|0723|1223|1451|1713|1837|7 Şaban 1448
20270116|0554|0723|1223|1452|1714|1838|8 Şaban 1448
20270117|0553|0723|1224|1453|1715|1839|9 Şaban 1448
20270118|0553|0722|1224|1454|1716|1840|10 Şaban 1448
20270119|0553|0722|1224|1455|1717|1841|11 Şaban 1448
20270120|0552|0721|1225|1456|1718|1842|12 Şaban 1448
20270121|0552|0720|1225|1457|1720|1843|13 Şaban 1448
20270122|0552|0720|1225|1458|1721|1844|14 Şaban 1448
20270123|0551|0719|1226|1459|1722|1845|15 Şaban 1448
20270124|0551|0718|1226|1500|1723|1846|16 Şaban 1448
20270125|0550|0718|1226|1501|1724|1847|17 Şaban 1448
20270126|0549|0717|1226|1502|1725|1848|18 Şaban 1448
20270127|0549|0716|1226|1503|1727|1849|19 Şaban 1448
20270128|0548|0715|1227|1504|1728|1850|20 Şaban 1448
20270129|0548|0715|1227|1505|1729|1851|21 Şaban 1448
20270130|0547|0714|1227|1506|1730|1852|22 Şaban 1448
20270131|0546|0713|1227|1507|1732|1853|23 Şaban 1448
20270201|0545|0712|1227|1508|1733|1854|24 Şaban 1448
20270202|0545|0711|1227|1509|1734|1855|25 Şaban 1448
20270203|0544|0710|1228|1510|1735|1856|26 Şaban 1448
20270204|0543|0709|1228|1511|1736|1857|27 Şaban 1448
20270205|0542|0708|1228|1512|1738|1858|28 Şaban 1448
20270206|0541|0707|1228|1513|1739|1859|29 Şaban 1448
20270207|0540|0706|1228|1514|1740|1900|30 Şaban 1448
20270208|0539|0705|1228|1515|1741|1902|1 Ramazan 1448
20270209|0538|0704|1228|1516|1743|1903|2 Ramazan 1448
20270210|0537|0702|1228|1517|1744|1904|3 Ramazan 1448
20270211|0536|0701|1228|1518|1745|1905|4 Ramazan 1448
20270212|0535|0700|1228|1519|1746|1906|5 Ramazan 1448
20270213|0534|0659|1228|1520|1747|1907|6 Ramazan 1448
20270214|0533|0658|1228|1521|1749|1908|7 Ramazan 1448
20270215|0532|0656|1228|1522|1750|1909|8 Ramazan 1448
20270216|0530|0655|1228|1522|1751|1910|9 Ramazan 1448
20270217|0529|0654|1228|1523|1752|1911|10 Ramazan 1448
20270218|0528|0652|1228|1524|1753|1912|11 Ramazan 1448
20270219|0527|0651|1228|1525|1755|1913|12 Ramazan 1448
20270220|0525|0650|1228|1526|1756|1915|13 Ramazan 1448
20270221|0524|0648|1228|1527|1757|1916|14 Ramazan 1448
20270222|0523|0647|1227|1528|1758|1917|15 Ramazan 1448
20270223|0522|0645|1227|1529|1759|1918|16 Ramazan 1448
20270224|0520|0644|1227|1529|1800|1919|17 Ramazan 1448
20270225|0519|0643|1227|1530|1802|1920|18 Ramazan 1448
20270226|0517|0641|1227|1531|1803|1921|19 Ramazan 1448
20270227|0516|0640|1227|1532|1804|1922|20 Ramazan 1448
20270228|0514|0638|1227|1533|1805|1923|21 Ramazan 1448
20270301|0513|0637|1226|1533|1806|1924|22 Ramazan 1448
20270302|0512|0635|1226|1534|1807|1925|23 Ramazan 1448
20270303|0510|0634|1226|1535|1808|1927|24 Ramazan 1448
20270304|0508|0632|1226|1535|1809|1928|25 Ramazan 1448
20270305|0507|0630|1225|1536|1811|1929|26 Ramazan 1448
20270306|0505|0629|1225|1537|1812|1930|27 Ramazan 1448
20270307|0504|0627|1225|1538|1813|1931|28 Ramazan 1448
20270308|0502|0626|1225|1538|1814|1932|29 Ramazan 1448
20270309|0501|0624|1225|1539|1815|1933|1 Şevval 1448
20270310|0459|0623|1224|1540|1816|1934|2 Şevval 1448
20270311|0457|0621|1224|1540|1817|1935|3 Şevval 1448
20270312|0456|0619|1224|1541|1818|1937|4 Şevval 1448
20270313|0454|0618|1224|1541|1819|1938|5 Şevval 1448
20270314|0452|0616|1223|1542|1820|1939|6 Şevval 1448
20270315|0451|0615|1223|1543|1821|1940|7 Şevval 1448
20270316|0449|0613|1223|1543|1823|1941|8 Şevval 1448
20270317|0447|0611|1222|1544|1824|1942|9 Şevval 1448
20270318|0445|0610|1222|1544|1825|1943|10 Şevval 1448
20270319|0444|0608|1222|1545|1826|1945|11 Şevval 1448
20270320|0442|0606|1222|1545|1827|1946|12 Şevval 1448
20270321|0440|0605|1221|1546|1828|1947|13 Şevval 1448
20270322|0438|0603|1221|1546|1829|1948|14 Şevval 1448
20270323|0437|0601|1221|1547|1830|1949|15 Şevval 1448
20270324|0435|0600|1220|1547|1831|1950|16 Şevval 1448
20270325|0433|0558|1220|1548|1832|1952|17 Şevval 1448
20270326|0431|0556|1220|1548|1833|1953|18 Şevval 1448
20270327|0429|0555|1219|1549|1834|1954|19 Şevval 1448
20270328|0428|0553|1219|1549|1835|1955|20 Şevval 1448
20270329|0426|0552|1219|1550|1836|1956|21 Şevval 1448
20270330|0424|0550|1219|1550|1837|1958|22 Şevval 1448
20270331|0422|0548|1218|1551|1838|1959|23 Şevval 1448
20270401|0420|0547|1218|1551|1839|2000|24 Şevval 1448
20270402|0418|0545|1218|1551|1840|2001|25 Şevval 1448
20270403|0416|0543|1217|1552|1841|2003|26 Şevval 1448
20270404|0415|0542|1217|1552|1842|2004|27 Şevval 1448
20270405|0413|0540|1217|1553|1843|2005|28 Şevval 1448
20270406|0411|0539|1216|1553|1844|2006|29 Şevval 1448
20270407|0409|0537|1216|1553|1846|2008|30 Şevval 1448
20270408|0407|0535|1216|1554|1847|2009|1 Zilkade 1448
20270409|0405|0534|1216|1554|1848|2010|2 Zilkade 1448
20270410|0403|0532|1215|1554|1849|2012|3 Zilkade 1448
20270411|0401|0531|1215|1555|1850|2013|4 Zilkade 1448
20270412|0400|0529|1215|1555|1851|2014|5 Zilkade 1448
20270413|0358|0527|1215|1555|1852|2016|6 Zilkade 1448
20270414|0356|0526|1214|1556|1853|2017|7 Zilkade 1448
20270415|0354|0524|1214|1556|1854|2018|8 Zilkade 1448
20270416|0352|0523|1214|1556|1855|2020|9 Zilkade 1448
20270417|0350|0521|1214|1557|1856|2021|10 Zilkade 1448
20270418|0348|0520|1213|1557|1857|2022|11 Zilkade 1448
20270419|0346|0518|1213|1557|1858|2024|12 Zilkade 1448
20270420|0345|0517|1213|1558|1859|2025|13 Zilkade 1448
20270421|0343|0515|1213|1558|1900|2027|14 Zilkade 1448
20270422|0341|0514|1213|1558|1901|2028|15 Zilkade 1448
20270423|0339|0513|1212|1559|1902|2029|16 Zilkade 1448
20270424|0337|0511|1212|1559|1903|2031|17 Zilkade 1448
20270425|0335|0510|1212|1559|1904|2032|18 Zilkade 1448
20270426|0333|0508|1212|1559|1905|2034|19 Zilkade 1448
20270427|0332|0507|1212|1600|1906|2035|20 Zilkade 1448
20270428|0330|0506|1211|1600|1907|2037|21 Zilkade 1448
20270429|0328|0504|1211|1600|1908|2038|22 Zilkade 1448
20270430|0326|0503|1211|1600|1909|2039|23 Zilkade 1448
20270501|0325|0502|1211|1601|1910|2041|24 Zilkade 1448
20270502|0323|0501|1211|1601|1911|2042|25 Zilkade 1448
20270503|0321|0459|1211|1601|1912|2044|26 Zilkade 1448
20270504|0319|0458|1211|1602|1913|2045|27 Zilkade 1448
20270505|0318|0457|1211|1602|1914|2047|28 Zilkade 1448
20270506|0316|0456|1211|1602|1916|2048|29 Zilkade 1448
20270507|0314|0454|1210|1602|1917|2050|1 Zilhicce 1448
20270508|0313|0453|1210|1603|1918|2051|2 Zilhicce 1448
20270509|0311|0452|1210|1603|1919|2053|3 Zilhicce 1448
20270510|0309|0451|1210|1603|1920|2054|4 Zilhicce 1448
20270511|0308|0450|1210|1603|1921|2056|5 Zilhicce 1448
20270512|0306|0449|1210|1604|1922|2057|6 Zilhicce 1448
20270513|0305|0448|1210|1604|1923|2059|7 Zilhicce 1448
20270514|0303|0447|1210|1604|1923|2100|8 Zilhicce 1448
20270515|0301|0446|1210|1605|1924|2102|9 Zilhicce 1448
20270516|0300|0445|1210|1605|1925|2103|10 Zilhicce 1448
20270517|0259|0444|1210|1605|1926|2104|11 Zilhicce 1448
20270518|0257|0443|1210|1605|1927|2106|12 Zilhicce 1448
20270519|0256|0442|1210|1606|1928|2107|13 Zilhicce 1448
20270520|0254|0442|1210|1606|1929|2109|14 Zilhicce 1448
20270521|0253|0441|1210|1606|1930|2110|15 Zilhicce 1448
20270522|0252|0440|1211|1606|1931|2111|16 Zilhicce 1448
20270523|0250|0439|1211|1607|1932|2113|17 Zilhicce 1448
20270524|0249|0439|1211|1607|1933|2114|18 Zilhicce 1448
20270525|0248|0438|1211|1607|1934|2115|19 Zilhicce 1448
20270526|0247|0437|1211|1607|1935|2117|20 Zilhicce 1448
20270527|0246|0437|1211|1608|1935|2118|21 Zilhicce 1448
20270528|0245|0436|1211|1608|1936|2119|22 Zilhicce 1448
20270529|0244|0435|1211|1608|1937|2121|23 Zilhicce 1448
20270530|0243|0435|1211|1609|1938|2122|24 Zilhicce 1448
20270531|0242|0434|1211|1609|1939|2123|25 Zilhicce 1448
20270601|0241|0434|1212|1609|1939|2124|26 Zilhicce 1448
20270602|0240|0434|1212|1609|1940|2125|27 Zilhicce 1448
20270603|0239|0433|1212|1610|1941|2126|28 Zilhicce 1448
20270604|0238|0433|1212|1610|1941|2127|29 Zilhicce 1448
20270605|0238|0432|1212|1610|1942|2128|30 Zilhicce 1448
20270606|0237|0432|1212|1611|1943|2129|1 Muharrem 1449
20270607|0236|0432|1213|1611|1943|2130|2 Muharrem 1449
20270608|0236|0432|1213|1611|1944|2131|3 Muharrem 1449
20270609|0235|0431|1213|1611|1945|2132|4 Muharrem 1449
20270610|0235|0431|1213|1612|1945|2133|5 Muharrem 1449
20270611|0234|0431|1213|1612|1946|2134|6 Muharrem 1449
20270612|0234|0431|1214|1612|1946|2134|7 Muharrem 1449
20270613|0234|0431|1214|1612|1947|2135|8 Muharrem 1449
20270614|0233|0431|1214|1613|1947|2136|9 Muharrem 1449
20270615|0233|0431|1214|1613|1948|2136|10 Muharrem 1449
20270616|0233|0431|1214|1613|1948|2137|11 Muharrem 1449
20270617|0233|0431|1215|1613|1948|2137|12 Muharrem 1449
20270618|0233|0431|1215|1614|1949|2138|13 Muharrem 1449
20270619|0233|0431|1215|1614|1949|2138|14 Muharrem 1449
20270620|0233|0431|1215|1614|1949|2138|15 Muharrem 1449
20270621|0233|0432|1216|1614|1950|2139|16 Muharrem 1449
20270622|0233|0432|1216|1615|1950|2139|17 Muharrem 1449
20270623|0234|0432|1216|1615|1950|2139|18 Muharrem 1449
20270624|0234|0432|1216|1615|1950|2139|19 Muharrem 1449
20270625|0234|0433|1216|1615|1950|2139|20 Muharrem 1449
20270626|0235|0433|1217|1615|1950|2139|21 Muharrem 1449
20270627|0235|0433|1217|1615|1950|2139|22 Muharrem 1449
20270628|0236|0434|1217|1616|1950|2139|23 Muharrem 1449
20270629|0237|0434|1217|1616|1950|2139|24 Muharrem 1449
20270630|0237|0435|1217|1616|1950|2139|25 Muharrem 1449
20270701|0238|0435|1218|1616|1950|2139|26 Muharrem 1449
20270702|0239|0436|1218|1616|1950|2138|27 Muharrem 1449
20270703|0239|0436|1218|1616|1950|2138|28 Muharrem 1449
20270704|0240|0437|1218|1617|1950|2137|29 Muharrem 1449
20270705|0241|0437|1218|1617|1950|2137|1 Safer 1449
20270706|0242|0438|1219|1617|1949|2136|2 Safer 1449
20270707|0243|0438|1219|1617|1949|2136|3 Safer 1449
20270708|0244|0439|1219|1617|1949|2135|4 Safer 1449
20270709|0245|0440|1219|1617|1948|2134|5 Safer 1449
20270710|0246|0440|1219|1617|1948|2134|6 Safer 1449
20270711|0247|0441|1219|1617|1948|2133|7 Safer 1449
20270712|0248|0442|1219|1617|1947|2132|8 Safer 1449
20270713|0249|0442|1220|1617|1947|2131|9 Safer 1449
20270714|0251|0443|1220|1617|1946|2130|10 Safer 1449
20270715|0252|0444|1220|1617|1946|2129|11 Safer 1449
20270716|0253|0445|1220|1617|1945|2128|12 Safer 1449
20270717|0254|0445|1220|1617|1945|2127|13 Safer 1449
20270718|0256|0446|1220|1617|1944|2126|14 Safer 1449
20270719|0257|0447|1220|1617|1943|2125|15 Safer 1449
20270720|0258|0448|1220|1617|1943|2124|16 Safer 1449
20270721|0300|0449|1220|1616|1942|2123|17 Safer 1449
20270722|0301|0450|1220|1616|1941|2122|18 Safer 1449
20270723|0303|0451|1220|1616|1940|2120|19 Safer 1449
20270724|0304|0451|1220|1616|1939|2119|20 Safer 1449
20270725|0305|0452|1220|1616|1939|2118|21 Safer 1449
20270726|0307|0453|1220|1616|1938|2116|22 Safer 1449
20270727|0308|0454|1220|1615|1937|2115|23 Safer 1449
20270728|0310|0455|1220|1615|1936|2114|24 Safer 1449
20270729|0311|0456|1220|1615|1935|2112|25 Safer 1449
20270730|0313|0457|1220|1614|1934|2111|26 Safer 1449
20270731|0314|0458|1220|1614|1933|2109|27 Safer 1449
20270801|0316|0459|1220|1614|1932|2108|28 Safer 1449
20270802|0317|0500|1220|1613|1931|2106|29 Safer 1449
20270803|0318|0501|1220|1613|1930|2105|1 Rebiulevvel 1449
20270804|0320|0502|1220|1613|1929|2103|2 Rebiulevvel 1449
20270805|0321|0502|1220|1612|1928|2101|3 Rebiulevvel 1449
20270806|0323|0503|1220|1612|1926|2100|4 Rebiulevvel 1449
20270807|0324|0504|1220|1611|1925|2058|5 Rebiulevvel 1449
20270808|0326|0505|1220|1611|1924|2057|6 Rebiulevvel 1449
20270809|0327|0506|1220|1611|1923|2055|7 Rebiulevvel 1449
20270810|0329|0507|1219|1610|1922|2053|8 Rebiulevvel 1449
20270811|0330|0508|1219|1609|1920|2051|9 Rebiulevvel 1449
20270812|0332|0509|1219|1609|1919|2050|10 Rebiulevvel 1449
20270813|0333|0510|1219|1608|1918|2048|11 Rebiulevvel 1449
20270814|0335|0511|1219|1608|1916|2046|12 Rebiulevvel 1449
20270815|0336|0512|1219|1607|1915|2044|13 Rebiulevvel 1449
20270816|0337|0513|1218|1607|1914|2043|14 Rebiulevvel 1449
20270817|0339|0514|1218|1606|1912|2041|15 Rebiulevvel 1449
20270818|0340|0515|1218|1605|1911|2039|16 Rebiulevvel 1449
20270819|0342|0516|1218|1605|1909|2037|17 Rebiulevvel 1449
20270820|0343|0517|1217|1604|1908|2035|18 Rebiulevvel 1449
20270821|0345|0518|1217|1603|1906|2034|19 Rebiulevvel 1449
20270822|0346|0519|1217|1602|1905|2032|20 Rebiulevvel 1449
20270823|0347|0520|1217|1602|1904|2030|21 Rebiulevvel 1449
20270824|0349|0521|1216|1601|1902|2028|22 Rebiulevvel 1449
20270825|0350|0522|1216|1600|1901|2026|23 Rebiulevvel 1449
20270826|0351|0523|1216|1559|1859|2024|24 Rebiulevvel 1449
20270827|0353|0524|1216|1559|1857|2022|25 Rebiulevvel 1449
20270828|0354|0525|1215|1558|1856|2021|26 Rebiulevvel 1449
20270829|0355|0526|1215|1557|1854|2019|27 Rebiulevvel 1449
20270830|0357|0527|1215|1556|1853|2017|28 Rebiulevvel 1449
20270831|0358|0528|1214|1555|1851|2015|29 Rebiulevvel 1449
20270901|0359|0529|1214|1554|1850|2013|30 Rebiulevvel 1449
20270902|0400|0530|1214|1553|1848|2011|1 Rebiulahir 1449
20270903|0402|0531|1213|1552|1846|2009|2 Rebiulahir 1449
20270904|0403|0531|1213|1551|1845|2007|3 Rebiulahir 1449
20270905|0404|0532|1213|1550|1843|2006|4 Rebiulahir 1449
20270906|0406|0533|1212|1550|1842|2004|5 Rebiulahir 1449
20270907|0407|0534|1212|1549|1840|2002|6 Rebiulahir 1449
20270908|0408|0535|1212|1548|1838|2000|7 Rebiulahir 1449
20270909|0409|0536|1211|1547|1837|1958|8 Rebiulahir 1449
20270910|0410|0537|1211|1545|1835|1956|9 Rebiulahir 1449
20270911|0412|0538|1211|1544|1833|1954|10 Rebiulahir 1449
20270912|0413|0539|1210|1543|1832|1952|11 Rebiulahir 1449
20270913|0414|0540|1210|1542|1830|1951|12 Rebiulahir 1449
20270914|0415|0541|1210|1541|1828|1949|13 Rebiulahir 1449
20270915|0416|0542|1209|1540|1827|1947|14 Rebiulahir 1449
20270916|0417|0543|1209|1539|1825|1945|15 Rebiulahir 1449
20270917|0419|0544|1209|1538|1823|1943|16 Rebiulahir 1449
20270918|0420|0545|1208|1537|1822|1941|17 Rebiulahir 1449
20270919|0421|0546|1208|1536|1820|1939|18 Rebiulahir 1449
20270920|0422|0547|1208|1535|1818|1938|19 Rebiulahir 1449
20270921|0423|0548|1207|1534|1817|1936|20 Rebiulahir 1449
20270922|0424|0549|1207|1532|1815|1934|21 Rebiulahir 1449
20270923|0425|0550|1206|1531|1813|1932|22 Rebiulahir 1449
20270924|0426|0551|1206|1530|1812|1930|23 Rebiulahir 1449
20270925|0427|0552|1206|1529|1810|1929|24 Rebiulahir 1449
20270926|0429|0553|1205|1528|1808|1927|25 Rebiulahir 1449
20270927|0430|0554|1205|1527|1807|1925|26 Rebiulahir 1449
20270928|0431|0555|1205|1525|1805|1923|27 Rebiulahir 1449
20270929|0432|0556|1204|1524|1803|1922|28 Rebiulahir 1449
20270930|0433|0557|1204|1523|1802|1920|29 Rebiulahir 1449
20271001|0434|0558|1204|1522|1800|1918|1 Cemaziyelevvel 1449
20271002|0435|0559|1203|1521|1758|1917|2 Cemaziyelevvel 1449
20271003|0436|0600|1203|1519|1757|1915|3 Cemaziyelevvel 1449
20271004|0437|0601|1203|1518|1755|1913|4 Cemaziyelevvel 1449
20271005|0438|0602|1203|1517|1753|1912|5 Cemaziyelevvel 1449
20271006|0439|0603|1202|1516|1752|1910|6 Cemaziyelevvel 1449
20271007|0440|0604|1202|1515|1750|1908|7 Cemaziyelevvel 1449
20271008|0441|0605|1202|1514|1748|1907|8 Cemaziyelevvel 1449
20271009|0442|0606|1201|1512|1747|1905|9 Cemaziyelevvel 1449
20271010|0443|0607|1201|1511|1745|1903|10 Cemaziyelevvel 1449
20271011|0444|0608|1201|1510|1744|1902|11 Cemaziyelevvel 1449
20271012|0445|0609|1201|1509|1742|1900|12 Cemaziyelevvel 1449
20271013|0446|0610|1200|1508|1741|1859|13 Cemaziyelevvel 1449
20271014|0447|0611|1200|1506|1739|1857|14 Cemaziyelevvel 1449
20271015|0449|0612|1200|1505|1738|1856|15 Cemaziyelevvel 1449
20271016|0450|0613|1200|1504|1736|1854|16 Cemaziyelevvel 1449
20271017|0451|0614|1159|1503|1734|1853|17 Cemaziyelevvel 1449
20271018|0452|0615|1159|1502|1733|1852|18 Cemaziyelevvel 1449
20271019|0453|0616|1159|1501|1732|1850|19 Cemaziyelevvel 1449
20271020|0454|0618|1159|1500|1730|1849|20 Cemaziyelevvel 1449
20271021|0455|0619|1159|1458|1729|1847|21 Cemaziyelevvel 1449
20271022|0456|0620|1158|1457|1727|1846|22 Cemaziyelevvel 1449
20271023|0457|0621|1158|1456|1726|1845|23 Cemaziyelevvel 1449
20271024|0458|0622|1158|1455|1724|1843|24 Cemaziyelevvel 1449
20271025|0459|0623|1158|1454|1723|1842|25 Cemaziyelevvel 1449
20271026|0500|0624|1158|1453|1722|1841|26 Cemaziyelevvel 1449
20271027|0501|0625|1158|1452|1720|1840|27 Cemaziyelevvel 1449
20271028|0502|0626|1158|1451|1719|1838|28 Cemaziyelevvel 1449
20271029|0503|0628|1158|1450|1718|1837|29 Cemaziyelevvel 1449
20271030|0504|0629|1158|1449|1716|1836|30 Cemaziyelevvel 1449
20271031|0505|0630|1158|1448|1715|1835|1 Cemaziyelahir 1449
20271101|0506|0631|1157|1447|1714|1834|2 Cemaziyelahir 1449
20271102|0507|0632|1157|1446|1713|1833|3 Cemaziyelahir 1449
20271103|0508|0633|1157|1445|1712|1832|4 Cemaziyelahir 1449
20271104|0509|0634|1157|1444|1710|1831|5 Cemaziyelahir 1449
20271105|0510|0636|1157|1443|1709|1830|6 Cemaziyelahir 1449
20271106|0511|0637|1157|1442|1708|1829|7 Cemaziyelahir 1449
20271107|0512|0638|1158|1441|1707|1828|8 Cemaziyelahir 1449
20271108|0513|0639|1158|1441|1706|1827|9 Cemaziyelahir 1449
20271109|0514|0640|1158|1440|1705|1826|10 Cemaziyelahir 1449
20271110|0515|0642|1158|1439|1704|1825|11 Cemaziyelahir 1449
20271111|0516|0643|1158|1438|1703|1824|12 Cemaziyelahir 1449
20271112|0517|0644|1158|1437|1702|1824|13 Cemaziyelahir 1449
20271113|0518|0645|1158|1437|1701|1823|14 Cemaziyelahir 1449
20271114|0519|0646|1158|1436|1700|1822|15 Cemaziyelahir 1449
20271115|0520|0647|1158|1435|1659|1821|16 Cemaziyelahir 1449
20271116|0521|0649|1158|1435|1659|1821|17 Cemaziyelahir 1449
20271117|0522|0650|1159|1434|1658|1820|18 Cemaziyelahir 1449
20271118|0523|0651|1159|1434|1657|1819|19 Cemaziyelahir 1449
20271119|0524|0652|1159|1433|1656|1819|20 Cemaziyelahir 1449
20271120|0525|0653|1159|1432|1656|1818|21 Cemaziyelahir 1449
20271121|0526|0654|1200|1432|1655|1818|22 Cemaziyelahir 1449
20271122|0527|0655|1200|1431|1654|1817|23 Cemaziyelahir 1449
20271123|0528|0657|1200|1431|1654|1817|24 Cemaziyelahir 1449
20271124|0529|0658|1200|1431|1653|1816|25 Cemaziyelahir 1449
20271125|0530|0659|1201|1430|1653|1816|26 Cemaziyelahir 1449
20271126|0531|0700|1201|1430|1652|1816|27 Cemaziyelahir 1449
20271127|0532|0701|1201|1429|1652|1815|28 Cemaziyelahir 1449
20271128|0533|0702|1202|1429|1651|1815|29 Cemaziyelahir 1449
20271129|0533|0703|1202|1429|1651|1815|1 Recep 1449
20271130|0534|0704|1202|1429|1650|1815|2 Recep 1449
20271201|0535|0705|1203|1428|1650|1815|3 Recep 1449
20271202|0536|0706|1203|1428|1650|1814|4 Recep 1449
20271203|0537|0707|1203|1428|1650|1814|5 Recep 1449
20271204|0538|0708|1204|1428|1649|1814|6 Recep 1449
20271205|0539|0709|1204|1428|1649|1814|7 Recep 1449
20271206|0540|0710|1205|1428|1649|1814|8 Recep 1449
20271207|0540|0711|1205|1428|1649|1814|9 Recep 1449
20271208|0541|0712|1205|1428|1649|1814|10 Recep 1449
20271209|0542|0713|1206|1428|1649|1814|11 Recep 1449
20271210|0543|0714|1206|1428|1649|1814|12 Recep 1449
20271211|0543|0714|1207|1428|1649|1815|13 Recep 1449
20271212|0544|0715|1207|1428|1649|1815|14 Recep 1449
20271213|0545|0716|1208|1429|1649|1815|15 Recep 1449
20271214|0546|0717|1208|1429|1650|1815|16 Recep 1449
20271215|0546|0717|1209|1429|1650|1816|17 Recep 1449
20271216|0547|0718|1209|1429|1650|1816|18 Recep 1449
20271217|0548|0719|1210|1430|1650|1816|19 Recep 1449
20271218|0548|0719|1210|1430|1651|1817|20 Recep 1449
20271219|0549|0720|1211|1431|1651|1817|21 Recep 1449
20271220|0549|0721|1211|1431|1651|1817|22 Recep 1449
20271221|0550|0721|1212|1431|1652|1818|23 Recep 1449
20271222|0550|0722|1212|1432|1652|1818|24 Recep 1449
20271223|0551|0722|1213|1432|1653|1819|25 Recep 1449
20271224|0551|0723|1213|1433|1653|1819|26 Recep 1449
20271225|0552|0723|1214|1433|1654|1820|27 Recep 1449
20271226|0552|0723|1214|1434|1655|1821|28 Recep 1449
20271227|0553|0724|1215|1435|1655|1821|29 Recep 1449
20271228|0553|0724|1215|1435|1656|1822|30 Recep 1449
20271229|0553|0724|1216|1436|1657|1822|1 Şaban 1449
20271230|0553|0725|1216|1437|1657|1823|2 Şaban 1449
20271231|0554|0725|1216|1437|1658|1824|3 Şaban 1449
#@17880|Susuz|KARS|730
20260101|0553|0725|1216|1436|1657|1823|12 Recep 1447
20260102|0553|0725|1216|1437|1658|1824|13 Recep 1447
20260103|0554|0725|1217|1438|1659|1825|14 Recep 1447
20260104|0554|0725|1217|1439|1700|1825|15 Recep 1447
20260105|0554|0725|1218|1439|1700|1826|16 Recep 1447
20260106|0554|0725|1218|1440|1701|1827|17 Recep 1447
20260107|0554|0725|1219|1441|1702|1828|18 Recep 1447
20260108|0554|0725|1219|1442|1703|1829|19 Recep 1447
20260109|0554|0725|1219|1443|1704|1830|20 Recep 1447
20260110|0554|0724|1220|1444|1705|1830|21 Recep 1447
20260111|0554|0724|1220|1445|1706|1831|22 Recep 1447
20260112|0554|0724|1221|1446|1707|1832|23 Recep 1447
20260113|0553|0723|1221|1447|1709|1833|24 Recep 1447
20260114|0553|0723|1221|1448|1710|1834|25 Recep 1447
20260115|0553|0723|1222|1449|1711|1835|26 Recep 1447
20260116|0553|0722|1222|1450|1712|1836|27 Recep 1447
20260117|0552|0722|1222|1451|1713|1837|28 Recep 1447
20260118|0552|0721|1223|1452|1714|1838|29 Recep 1447
20260119|0552|0721|1223|1453|1715|1839|30 Recep 1447
20260120|0551|0720|1223|1454|1716|1840|1 Şaban 1447
20260121|0551|0720|1224|1455|1718|1841|2 Şaban 1447
20260122|0550|0719|1224|1456|1719|1842|3 Şaban 1447
20260123|0550|0718|1224|1457|1720|1843|4 Şaban 1447
20260124|0549|0718|1224|1458|1721|1844|5 Şaban 1447
20260125|0549|0717|1225|1459|1722|1845|6 Şaban 1447
20260126|0548|0716|1225|1500|1724|1846|7 Şaban 1447
20260127|0548|0715|1225|1501|1725|1847|8 Şaban 1447
20260128|0547|0715|1225|1502|1726|1848|9 Şaban 1447
20260129|0546|0714|1226|1503|1727|1849|10 Şaban 1447
20260130|0546|0713|1226|1504|1729|1851|11 Şaban 1447
20260131|0545|0712|1226|1505|1730|1852|12 Şaban 1447
20260201|0544|0711|1226|1506|1731|1853|13 Şaban 1447
20260202|0543|0710|1226|1507|1732|1854|14 Şaban 1447
20260203|0542|0709|1226|1508|1733|1855|15 Şaban 1447
20260204|0541|0708|1226|1509|1735|1856|16 Şaban 1447
20260205|0541|0707|1226|1510|1736|1857|17 Şaban 1447
20260206|0540|0706|1227|1511|1737|1858|18 Şaban 1447
20260207|0539|0705|1227|1512|1738|1859|19 Şaban 1447
20260208|0538|0704|1227|1513|1740|1900|20 Şaban 1447
20260209|0537|0702|1227|1514|1741|1901|21 Şaban 1447
20260210|0536|0701|1227|1515|1742|1902|22 Şaban 1447
20260211|0535|0700|1227|1516|1743|1904|23 Şaban 1447
20260212|0533|0659|1227|1517|1745|1905|24 Şaban 1447
20260213|0532|0658|1227|1518|1746|1906|25 Şaban 1447
20260214|0531|0656|1227|1519|1747|1907|26 Şaban 1447
20260215|0530|0655|1227|1520|1748|1908|27 Şaban 1447
20260216|0529|0654|1227|1521|1749|1909|28 Şaban 1447
20260217|0528|0652|1226|1522|1751|1910|29 Şaban 1447
20260218|0526|0651|1226|1523|1752|1911|30 Şaban 1447
20260219|0525|0650|1226|1523|1753|1912|1 Ramazan 1447
20260220|0524|0648|1226|1524|1754|1913|2 Ramazan 1447
20260221|0522|0647|1226|1525|1755|1915|3 Ramazan 1447
20260222|0521|0645|1226|1526|1757|1916|4 Ramazan 1447
20260223|0520|0644|1226|1527|1758|1917|5 Ramazan 1447
20260224|0518|0643|1226|1528|1759|1918|6 Ramazan 1447
20260225|0517|0641|1226|1529|1800|1919|7 Ramazan 1447
20260226|0516|0640|1225|1529|1801|1920|8 Ramazan 1447
20260227|0514|0638|1225|1530|1802|1921|9 Ramazan 1447
20260228|0513|0637|1225|1531|1804|1922|10 Ramazan 1447
20260301|0511|0635|1225|1532|1805|1923|11 Ramazan 1447
20260302|0510|0634|1225|1532|1806|1925|12 Ramazan 1447
20260303|0508|0632|1224|1533|1807|1926|13 Ramazan 1447
20260304|0507|0630|1224|1534|1808|1927|14 Ramazan 1447
20260305|0505|0629|1224|1535|1809|1928|15 Ramazan 1447
20260306|0503|0627|1224|1535|1810|1929|16 Ramazan 1447
20260307|0502|0626|1224|1536|1812|1930|17 Ramazan 1447
20260308|0500|0624|1223|1537|1813|1931|18 Ramazan 1447
20260309|0459|0623|1223|1537|1814|1932|19 Ramazan 1447
20260310|0457|0621|1223|1538|1815|1934|20 Ramazan 1447
20260311|0455|0619|1223|1539|1816|1935|21 Ramazan 1447
20260312|0454|0618|1222|1539|1817|1936|22 Ramazan 1447
20260313|0452|0616|1222|1540|1818|1937|23 Ramazan 1447
20260314|0450|0614|1222|1541|1819|1938|24 Ramazan 1447
20260315|0448|0613|1222|1541|1820|1939|25 Ramazan 1447
20260316|0447|0611|1221|1542|1821|1940|26 Ramazan 1447
20260317|0445|0610|1221|1542|1822|1942|27 Ramazan 1447
20260318|0443|0608|1221|1543|1824|1943|28 Ramazan 1447
20260319|0441|0606|1220|1543|1825|1944|29 Ramazan 1447
20260320|0440|0605|1220|1544|1826|1945|1 Şevval 1447
20260321|0438|0603|1220|1545|1827|1946|2 Şevval 1447
20260322|0436|0601|1219|1545|1828|1947|3 Şevval 1447
20260323|0434|0600|1219|1546|1829|1949|4 Şevval 1447
20260324|0432|0558|1219|1546|1830|1950|5 Şevval 1447
20260325|0431|0556|1219|1547|1831|1951|6 Şevval 1447
20260326|0429|0555|1218|1547|1832|1952|7 Şevval 1447
20260327|0427|0553|1218|1548|1833|1953|8 Şevval 1447
20260328|0425|0551|1218|1548|1834|1955|9 Şevval 1447
20260329|0423|0550|1217|1548|1835|1956|10 Şevval 1447
20260330|0421|0548|1217|1549|1836|1957|11 Şevval 1447
20260331|0420|0546|1217|1549|1837|1958|12 Şevval 1447
20260401|0418|0545|1216|1550|1838|2000|13 Şevval 1447
20260402|0416|0543|1216|1550|1839|2001|14 Şevval 1447
20260403|0414|0541|1216|1551|1840|2002|15 Şevval 1447
20260404|0412|0540|1216|1551|1842|2003|16 Şevval 1447
20260405|0410|0538|1215|1551|1843|2005|17 Şevval 1447
20260406|0408|0536|1215|1552|1844|2006|18 Şevval 1447
20260407|0406|0535|1215|1552|1845|2007|19 Şevval 1447
20260408|0404|0533|1214|1553|1846|2009|20 Şevval 1447
20260409|0402|0532|1214|1553|1847|2010|21 Şevval 1447
20260410|0401|0530|1214|1553|1848|2011|22 Şevval 1447
20260411|0359|0528|1214|1554|1849|2013|23 Şevval 1447
20260412|0357|0527|1213|1554|1850|2014|24 Şevval 1447
20260413|0355|0525|1213|1554|1851|2015|25 Şevval 1447
20260414|0353|0524|1213|1555|1852|2017|26 Şevval 1447
20260415|0351|0522|1213|1555|1853|2018|27 Şevval 1447
20260416|0349|0521|1212|1555|1854|2020|28 Şevval 1447
20260417|0347|0519|1212|1556|1855|2021|29 Şevval 1447
20260418|0345|0518|1212|1556|1856|2022|1 Zilkade 1447
20260419|0343|0516|1212|1556|1857|2024|2 Zilkade 1447
20260420|0342|0515|1212|1557|1858|2025|3 Zilkade 1447
20260421|0340|0513|1211|1557|1859|2027|4 Zilkade 1447
20260422|0338|0512|1211|1557|1900|2028|5 Zilkade 1447
20260423|0336|0510|1211|1557|1902|2029|6 Zilkade 1447
20260424|0334|0509|1211|1558|1903|2031|7 Zilkade 1447
20260425|0332|0508|1211|1558|1904|2032|8 Zilkade 1447
20260426|0330|0506|1210|1558|1905|2034|9 Zilkade 1447
20260427|0329|0505|1210|1559|1906|2035|10 Zilkade 1447
20260428|0327|0503|1210|1559|1907|2037|11 Zilkade 1447
20260429|0325|0502|1210|1559|1908|2038|12 Zilkade 1447
20260430|0323|0501|1210|1600|1909|2040|13 Zilkade 1447
20260501|0321|0459|1210|1600|1910|2041|14 Zilkade 1447
20260502|0320|0458|1210|1600|1911|2043|15 Zilkade 1447
20260503|0318|0457|1209|1600|1912|2044|16 Zilkade 1447
20260504|0316|0456|1209|1601|1913|2046|17 Zilkade 1447
20260505|0314|0454|1209|1601|1914|2047|18 Zilkade 1447
20260506|0313|0453|1209|1601|1915|2049|19 Zilkade 1447
20260507|0311|0452|1209|1601|1916|2050|20 Zilkade 1447
20260508|0309|0451|1209|1602|1917|2052|21 Zilkade 1447
20260509|0307|0450|1209|1602|1918|2053|22 Zilkade 1447
20260510|0306|0449|1209|1602|1919|2055|23 Zilkade 1447
20260511|0304|0448|1209|1603|1920|2056|24 Zilkade 1447
20260512|0303|0447|1209|1603|1921|2058|25 Zilkade 1447
20260513|0301|0446|1209|1603|1922|2059|26 Zilkade 1447
20260514|0259|0445|1209|1603|1923|2101|27 Zilkade 1447
20260515|0258|0444|1209|1604|1924|2102|28 Zilkade 1447
20260516|0256|0443|1209|1604|1925|2104|29 Zilkade 1447
20260517|0255|0442|1209|1604|1926|2105|30 Zilkade 1447
20260518|0254|0441|1209|1605|1927|2107|1 Zilhicce 1447
20260519|0252|0440|1209|1605|1928|2108|2 Zilhicce 1447
20260520|0251|0439|1209|1605|1929|2109|3 Zilhicce 1447
20260521|0249|0438|1209|1605|1930|2111|4 Zilhicce 1447
20260522|0248|0438|1209|1606|1931|2112|5 Zilhicce 1447
20260523|0247|0437|1209|1606|1932|2114|6 Zilhicce 1447
20260524|0245|0436|1209|1606|1933|2115|7 Zilhicce 1447
20260525|0244|0435|1209|1606|1933|2116|8 Zilhicce 1447
20260526|0243|0435|1210|1607|1934|2118|9 Zilhicce 1447
20260527|0242|0434|1210|1607|1935|2119|10 Zilhicce 1447
20260528|0241|0434|1210|1607|1936|2120|11 Zilhicce 1447
20260529|0240|0433|1210|1608|1937|2122|12 Zilhicce 1447
20260530|0239|0432|1210|1608|1938|2123|13 Zilhicce 1447
20260531|0238|0432|1210|1608|1938|2124|14 Zilhicce 1447
20260601|0237|0432|1210|1608|1939|2125|15 Zilhicce 1447
20260602|0236|0431|1210|1609|1940|2126|16 Zilhicce 1447
20260603|0235|0431|1211|1609|1941|2127|17 Zilhicce 1447
20260604|0234|0430|1211|1609|1941|2128|18 Zilhicce 1447
20260605|0234|0430|1211|1610|1942|2129|19 Zilhicce 1447
20260606|0233|0430|1211|1610|1943|2130|20 Zilhicce 1447
20260607|0232|0429|1211|1610|1943|2131|21 Zilhicce 1447
20260608|0232|0429|1211|1610|1944|2132|22 Zilhicce 1447
20260609|0231|0429|1212|1611|1944|2133|23 Zilhicce 1447
20260610|0231|0429|1212|1611|1945|2134|24 Zilhicce 1447
20260611|0230|0429|1212|1611|1945|2135|25 Zilhicce 1447
20260612|0230|0429|1212|1611|1946|2135|26 Zilhicce 1447
20260613|0230|0429|1212|1612|1946|2136|27 Zilhicce 1447
20260614|0229|0429|1213|1612|1947|2137|28 Zilhicce 1447
20260615|0229|0429|1213|1612|1947|2137|29 Zilhicce 1447
20260616|0229|0429|1213|1612|1948|2138|1 Muharrem 1448
20260617|0229|0429|1213|1613|1948|2138|2 Muharrem 1448
20260618|0229|0429|1214|1613|1948|2139|3 Muharrem 1448
20260619|0229|0429|1214|1613|1949|2139|4 Muharrem 1448
20260620|0229|0429|1214|1613|1949|2139|5 Muharrem 1448
20260621|0229|0429|1214|1614|1949|2140|6 Muharrem 1448
20260622|0230|0429|1214|1614|1949|2140|7 Muharrem 1448
20260623|0230|0430|1215|1614|1950|2140|8 Muharrem 1448
20260624|0230|0430|1215|1614|1950|2140|9 Muharrem 1448
20260625|0231|0430|1215|1614|1950|2140|10 Muharrem 1448
20260626|0231|0431|1215|1615|1950|2140|11 Muharrem 1448
20260627|0232|0431|1215|1615|1950|2140|12 Muharrem 1448
20260628|0232|0431|1216|1615|1950|2140|13 Muharrem 1448
20260629|0233|0432|1216|1615|1950|2140|14 Muharrem 1448
20260630|0233|0432|1216|1615|1950|2140|15 Muharrem 1448
20260701|0234|0433|1216|1615|1950|2139|16 Muharrem 1448
20260702|0235|0433|1216|1616|1950|2139|17 Muharrem 1448
20260703|0236|0434|1217|1616|1950|2139|18 Muharrem 1448
20260704|0237|0434|1217|1616|1949|2138|19 Muharrem 1448
20260705|0238|0435|1217|1616|1949|2138|20 Muharrem 1448
20260706|0238|0435|1217|1616|1949|2137|21 Muharrem 1448
20260707|0239|0436|1217|1616|1949|2136|22 Muharrem 1448
20260708|0240|0437|1218|1616|1948|2136|23 Muharrem 1448
20260709|0242|0437|1218|1616|1948|2135|24 Muharrem 1448
20260710|0243|0438|1218|1616|1948|2134|25 Muharrem 1448
20260711|0244|0439|1218|1616|1947|2134|26 Muharrem 1448
20260712|0245|0439|1218|1616|1947|2133|27 Muharrem 1448
20260713|0246|0440|1218|1616|1946|2132|28 Muharrem 1448
20260714|0247|0441|1218|1616|1946|2131|29 Muharrem 1448
20260715|0249|0442|1218|1616|1945|2130|1 Safer 1448
20260716|0250|0443|1219|1616|1945|2129|2 Safer 1448
20260717|0251|0443|1219|1616|1944|2128|3 Safer 1448
20260718|0253|0444|1219|1616|1943|2127|4 Safer 1448
20260719|0254|0445|1219|1616|1943|2126|5 Safer 1448
20260720|0255|0446|1219|1616|1942|2124|6 Safer 1448
20260721|0257|0447|1219|1616|1941|2123|7 Safer 1448
20260722|0258|0448|1219|1615|1940|2122|8 Safer 1448
20260723|0300|0448|1219|1615|1940|2121|9 Safer 1448
20260724|0301|0449|1219|1615|1939|2119|10 Safer 1448
20260725|0302|0450|1219|1615|1938|2118|11 Safer 1448
20260726|0304|0451|1219|1615|1937|2116|12 Safer 1448
20260727|0305|0452|1219|1614|1936|2115|13 Safer 1448
20260728|0307|0453|1219|1614|1935|2114|14 Safer 1448
20260729|0308|0454|1219|1614|1934|2112|15 Safer 1448
20260730|0310|0455|1219|1614|1933|2111|16 Safer 1448
20260731|0311|0456|1219|1613|1932|2109|17 Safer 1448
20260801|0313|0457|1219|1613|1931|2108|18 Safer 1448
20260802|0314|0458|1219|1613|1930|2106|19 Safer 1448
20260803|0316|0459|1219|1612|1929|2104|20 Safer 1448
20260804|0317|0500|1219|1612|1928|2103|21 Safer 1448
20260805|0319|0501|1219|1611|1927|2101|22 Safer 1448
20260806|0320|0502|1218|1611|1925|2100|23 Safer 1448
20260807|0322|0503|1218|1610|1924|2058|24 Safer 1448
20260808|0323|0503|1218|1610|1923|2056|25 Safer 1448
20260809|0325|0504|1218|1609|1922|2054|26 Safer 1448
20260810|0326|0505|1218|1609|1920|2053|27 Safer 1448
20260811|0328|0506|1218|1608|1919|2051|28 Safer 1448
20260812|0329|0507|1218|1608|1918|2049|29 Safer 1448
20260813|0331|0508|1217|1607|1917|2047|30 Safer 1448
20260814|0332|0509|1217|1607|1915|2046|1 Rebiulevvel 1448
20260815|0334|0510|1217|1606|1914|2044|2 Rebiulevvel 1448
20260816|0335|0511|1217|1605|1912|2042|3 Rebiulevvel 1448
20260817|0337|0512|1217|1605|1911|2040|4 Rebiulevvel 1448
20260818|0338|0513|1216|1604|1910|2038|5 Rebiulevvel 1448
20260819|0339|0514|1216|1603|1908|2037|6 Rebiulevvel 1448
20260820|0341|0515|1216|1603|1907|2035|7 Rebiulevvel 1448
20260821|0342|0516|1216|1602|1905|2033|8 Rebiulevvel 1448
20260822|0344|0517|1216|1601|1904|2031|9 Rebiulevvel 1448
20260823|0345|0518|1215|1600|1902|2029|10 Rebiulevvel 1448
20260824|0346|0519|1215|1600|1901|2027|11 Rebiulevvel 1448
20260825|0348|0520|1215|1559|1859|2025|12 Rebiulevvel 1448
20260826|0349|0521|1214|1558|1858|2024|13 Rebiulevvel 1448
20260827|0351|0522|1214|1557|1856|2022|14 Rebiulevvel 1448
20260828|0352|0523|1214|1556|1855|2020|15 Rebiulevvel 1448
20260829|0353|0524|1214|1555|1853|2018|16 Rebiulevvel 1448
20260830|0355|0525|1213|1555|1851|2016|17 Rebiulevvel 1448
20260831|0356|0526|1213|1554|1850|2014|18 Rebiulevvel 1448
20260901|0357|0527|1213|1553|1848|2012|19 Rebiulevvel 1448
20260902|0359|0528|1212|1552|1847|2010|20 Rebiulevvel 1448
20260903|0400|0529|1212|1551|1845|2008|21 Rebiulevvel 1448
20260904|0401|0530|1212|1550|1843|2006|22 Rebiulevvel 1448
20260905|0402|0531|1211|1549|1842|2005|23 Rebiulevvel 1448
20260906|0404|0532|1211|1548|1840|2003|24 Rebiulevvel 1448
20260907|0405|0533|1211|1547|1838|2001|25 Rebiulevvel 1448
20260908|0406|0534|1210|1546|1837|1959|26 Rebiulevvel 1448
20260909|0407|0535|1210|1545|1835|1957|27 Rebiulevvel 1448
20260910|0409|0536|1210|1544|1833|1955|28 Rebiulevvel 1448
20260911|0410|0537|1209|1543|1832|1953|29 Rebiulevvel 1448
20260912|0411|0538|1209|1542|1830|1951|1 Rebiulahir 1448
20260913|0412|0539|1209|1541|1828|1949|2 Rebiulahir 1448
20260914|0413|0540|1208|1540|1827|1947|3 Rebiulahir 1448
20260915|0415|0541|1208|1539|1825|1946|4 Rebiulahir 1448
20260916|0416|0542|1208|1537|1823|1944|5 Rebiulahir 1448
20260917|0417|0543|1207|1536|1822|1942|6 Rebiulahir 1448
20260918|0418|0544|1207|1535|1820|1940|7 Rebiulahir 1448
20260919|0419|0545|1206|1534|1818|1938|8 Rebiulahir 1448
20260920|0420|0546|1206|1533|1817|1936|9 Rebiulahir 1448
20260921|0421|0547|1206|1532|1815|1935|10 Rebiulahir 1448
20260922|0423|0548|1205|1531|1813|1933|11 Rebiulahir 1448
20260923|0424|0549|1205|1529|1811|1931|12 Rebiulahir 1448
20260924|0425|0550|1205|1528|1810|1929|13 Rebiulahir 1448
20260925|0426|0551|1204|1527|1808|1927|14 Rebiulahir 1448
20260926|0427|0552|1204|1526|1806|1926|15 Rebiulahir 1448
20260927|0428|0553|1204|1525|1805|1924|16 Rebiulahir 1448
20260928|0429|0554|1203|1524|1803|1922|17 Rebiulahir 1448
20260929|0430|0555|1203|1522|1801|1920|18 Rebiulahir 1448
20260930|0431|0556|1203|1521|1800|1919|19 Rebiulahir 1448
20261001|0432|0557|1202|1520|1758|1917|20 Rebiulahir 1448
20261002|0434|0558|1202|1519|1756|1915|21 Rebiulahir 1448
20261003|0435|0559|1202|1518|1755|1913|22 Rebiulahir 1448
20261004|0436|0600|1201|1516|1753|1912|23 Rebiulahir 1448
20261005|0437|0601|1201|1515|1751|1910|24 Rebiulahir 1448
20261006|0438|0602|1201|1514|1750|1908|25 Rebiulahir 1448
20261007|0439|0603|1200|1513|1748|1907|26 Rebiulahir 1448
20261008|0440|0604|1200|1512|1746|1905|27 Rebiulahir 1448
20261009|0441|0605|1200|1510|1745|1904|28 Rebiulahir 1448
20261010|0442|0606|1200|1509|1743|1902|29 Rebiulahir 1448
20261011|0443|0607|1159|1508|1742|1900|30 Rebiulahir 1448
20261012|0444|0608|1159|1507|1740|1859|1 Cemaziyelevvel 1448
20261013|0445|0609|1159|1506|1739|1857|2 Cemaziyelevvel 1448
20261014|0446|0610|1159|1504|1737|1856|3 Cemaziyelevvel 1448
20261015|0447|0611|1158|1503|1735|1854|4 Cemaziyelevvel 1448
20261016|0448|0612|1158|1502|1734|1853|5 Cemaziyelevvel 1448
20261017|0449|0614|1158|1501|1732|1851|6 Cemaziyelevvel 1448
20261018|0450|0615|1158|1500|1731|1850|7 Cemaziyelevvel 1448
20261019|0451|0616|1158|1459|1729|1848|8 Cemaziyelevvel 1448
20261020|0452|0617|1157|1457|1728|1847|9 Cemaziyelevvel 1448
20261021|0453|0618|1157|1456|1726|1846|10 Cemaziyelevvel 1448
20261022|0455|0619|1157|1455|1725|1844|11 Cemaziyelevvel 1448
20261023|0456|0620|1157|1454|1724|1843|12 Cemaziyelevvel 1448
20261024|0457|0621|1157|1453|1722|1842|13 Cemaziyelevvel 1448
20261025|0458|0622|1157|1452|1721|1840|14 Cemaziyelevvel 1448
20261026|0459|0624|1157|1451|1719|1839|15 Cemaziyelevvel 1448
20261027|0500|0625|1156|1450|1718|1838|16 Cemaziyelevvel 1448
20261028|0501|0626|1156|1449|1717|1837|17 Cemaziyelevvel 1448
20261029|0502|0627|1156|1448|1716|1835|18 Cemaziyelevvel 1448
20261030|0503|0628|1156|1447|1714|1834|19 Cemaziyelevvel 1448
20261031|0504|0629|1156|1446|1713|1833|20 Cemaziyelevvel 1448
20261101|0505|0630|1156|1445|1712|1832|21 Cemaziyelevvel 1448
20261102|0506|0632|1156|1444|1710|1831|22 Cemaziyelevvel 1448
20261103|0507|0633|1156|1443|1709|1830|23 Cemaziyelevvel 1448
20261104|0508|0634|1156|1442|1708|1829|24 Cemaziyelevvel 1448
20261105|0509|0635|1156|1441|1707|1828|25 Cemaziyelevvel 1448
20261106|0510|0636|1156|1440|1706|1827|26 Cemaziyelevvel 1448
20261107|0511|0638|1156|1439|1705|1826|27 Cemaziyelevvel 1448
20261108|0512|0639|1156|1438|1704|1825|28 Cemaziyelevvel 1448
20261109|0513|0640|1156|1437|1703|1824|29 Cemaziyelevvel 1448
20261110|0514|0641|1156|1437|1702|1823|1 Cemaziyelahir 1448
20261111|0515|0642|1156|1436|1701|1822|2 Cemaziyelahir 1448
20261112|0516|0643|1157|1435|1700|1822|3 Cemaziyelahir 1448
20261113|0517|0645|1157|1434|1659|1821|4 Cemaziyelahir 1448
20261114|0518|0646|1157|1434|1658|1820|5 Cemaziyelahir 1448
20261115|0519|0647|1157|1433|1657|1819|6 Cemaziyelahir 1448
20261116|0520|0648|1157|1432|1656|1819|7 Cemaziyelahir 1448
20261117|0521|0649|1157|1432|1655|1818|8 Cemaziyelahir 1448
20261118|0522|0651|1158|1431|1655|1818|9 Cemaziyelahir 1448
20261119|0523|0652|1158|1431|1654|1817|10 Cemaziyelahir 1448
20261120|0524|0653|1158|1430|1653|1816|11 Cemaziyelahir 1448
20261121|0525|0654|1158|1430|1653|1816|12 Cemaziyelahir 1448
20261122|0526|0655|1158|1429|1652|1815|13 Cemaziyelahir 1448
20261123|0527|0656|1159|1429|1651|1815|14 Cemaziyelahir 1448
20261124|0528|0657|1159|1428|1651|1815|15 Cemaziyelahir 1448
20261125|0529|0658|1159|1428|1650|1814|16 Cemaziyelahir 1448
20261126|0530|0700|1200|1427|1650|1814|17 Cemaziyelahir 1448
20261127|0531|0701|1200|1427|1649|1814|18 Cemaziyelahir 1448
20261128|0532|0702|1200|1427|1649|1813|19 Cemaziyelahir 1448
20261129|0533|0703|1201|1427|1648|1813|20 Cemaziyelahir 1448
20261130|0534|0704|1201|1426|1648|1813|21 Cemaziyelahir 1448
20261201|0535|0705|1201|1426|1648|1813|22 Cemaziyelahir 1448
20261202|0535|0706|1202|1426|1648|1813|23 Cemaziyelahir 1448
20261203|0536|0707|1202|1426|1647|1812|24 Cemaziyelahir 1448
20261204|0537|0708|1202|1426|1647|1812|25 Cemaziyelahir 1448
20261205|0538|0709|1203|1426|1647|1812|26 Cemaziyelahir 1448
20261206|0539|0710|1203|1426|1647|1812|27 Cemaziyelahir 1448
20261207|0540|0711|1204|1426|1647|1812|28 Cemaziyelahir 1448
20261208|0540|0712|1204|1426|1647|1812|29 Cemaziyelahir 1448
20261209|0541|0713|1205|1426|1647|1813|30 Cemaziyelahir 1448
20261210|0542|0713|1205|1426|1647|1813|1 Recep 1448
20261211|0543|0714|1205|1426|1647|1813|2 Recep 1448
20261212|0543|0715|1206|1426|1647|1813|3 Recep 1448
20261213|0544|0716|1206|1426|1647|1813|4 Recep 1448
20261214|0545|0717|1207|1427|1647|1813|5 Recep 1448
20261215|0546|0717|1207|1427|1648|1814|6 Recep 1448
20261216|0546|0718|1208|1427|1648|1814|7 Recep 1448
20261217|0547|0719|1208|1427|1648|1814|8 Recep 1448
20261218|0547|0719|1209|1428|1648|1815|9 Recep 1448
20261219|0548|0720|1209|1428|1649|1815|10 Recep 1448
20261220|0549|0720|1210|1429|1649|1816|11 Recep 1448
20261221|0549|0721|1210|1429|1650|1816|12 Recep 1448
20261222|0550|0722|1211|1430|1650|1817|13 Recep 1448
20261223|0550|0722|1211|1430|1651|1817|14 Recep 1448
20261224|0551|0722|1212|1431|1651|1818|15 Recep 1448
20261225|0551|0723|1212|1431|1652|1818|16 Recep 1448
20261226|0551|0723|1213|1432|1652|1819|17 Recep 1448
20261227|0552|0724|1213|1432|1653|1819|18 Recep 1448
20261228|0552|0724|1214|1433|1654|1820|19 Recep 1448
20261229|0552|0724|1214|1434|1654|1821|20 Recep 1448
20261230|0553|0724|1215|1435|1655|1821|21 Recep 1448
20261231|0553|0725|1215|1435|1656|1822|22 Recep 1448
20270101|0553|0725|1216|1436|1657|1823|23 Recep 1448
20270102|0553|0725|1216|1437|1658|1824|24 Recep 1448
20270103|0553|0725|1217|1438|1658|1824|25 Recep 1448
20270104|0554|0725|1217|1438|1659|1825|26 Recep 1448
20270105|0554|0725|1218|1439|1700|1826|27 Recep 1448
20270106|0554|0725|1218|1440|1701|1827|28 Recep 1448
20270107|0554|0725|1218|1441|1702|1828|29 Recep 1448
20270108|0554|0725|1219|1442|1703|1828|30 Recep 1448
20270109|0554|0725|1219|1443|1704|1829|1 Şaban 1448
20270110|0554|0724|1220|1444|1705|1830|2 Şaban 1448
20270111|0554|0724|1220|1445|1706|1831|3 Şaban 1448
20270112|0554|0724|1221|1446|1707|1832|4 Şaban 1448
20270113|0553|0724|1221|1446|1708|1833|5 Şaban 1448
20270114|0553|0723|1221|1447|1709|1834|6 Şaban 1448
20270115|0553|0723|1222|1448|1710|1835|7 Şaban 1448
20270116|0553|0722|1222|1449|1712|1836|8 Şaban 1448
20270117|0552|0722|1222|1450|1713|1837|9 Şaban 1448
20270118|0552|0722|1223|1451|1714|1838|10 Şaban 1448
20270119|0552|0721|1223|1452|1715|1839|11 Şaban 1448
20270120|0551|0720|1223|1453|1716|1840|12 Şaban 1448
20270121|0551|0720|1224|1454|1717|1841|13 Şaban 1448
20270122|0550|0719|1224|1455|1719|1842|14 Şaban 1448
20270123|0550|0719|1224|1457|1720|1843|15 Şaban 1448
20270124|0549|0718|1224|1458|1721|1844|16 Şaban 1448
20270125|0549|0717|1225|1459|1722|1845|17 Şaban 1448
20270126|0548|0716|1225|1500|1723|1846|18 Şaban 1448
20270127|0548|0716|1225|1501|1725|1847|19 Şaban 1448
20270128|0547|0715|1225|1502|1726|1848|20 Şaban 1448
20270129|0546|0714|1225|1503|1727|1849|21 Şaban 1448
20270130|0546|0713|1226|1504|1728|1850|22 Şaban 1448
20270131|0545|0712|1226|1505|1729|1851|23 Şaban 1448
20270201|0544|0711|1226|1506|1731|1852|24 Şaban 1448
20270202|0543|0710|1226|1507|1732|1853|25 Şaban 1448
20270203|0543|0709|1226|1508|1733|1855|26 Şaban 1448
20270204|0542|0708|1226|1509|1734|1856|27 Şaban 1448
20270205|0541|0707|1226|1510|1736|1857|28 Şaban 1448
20270206|0540|0706|1226|1511|1737|1858|29 Şaban 1448
20270207|0539|0705|1227|1512|1738|1859|30 Şaban 1448
20270208|0538|0704|1227|1513|1739|1900|1 Ramazan 1448
20270209|0537|0703|1227|1514|1741|1901|2 Ramazan 1448
20270210|0536|0702|1227|1515|1742|1902|3 Ramazan 1448
20270211|0535|0700|1227|1516|1743|1903|4 Ramazan 1448
20270212|0534|0659|1227|1517|1744|1904|5 Ramazan 1448
20270213|0533|0658|1227|1518|1745|1905|6 Ramazan 1448
20270214|0531|0657|1227|1519|1747|1907|7 Ramazan 1448
20270215|0530|0655|1227|1520|1748|1908|8 Ramazan 1448
20270216|0529|0654|1227|1521|1749|1909|9 Ramazan 1448
20270217|0528|0653|1227|1521|1750|1910|10 Ramazan 1448
20270218|0527|0651|1226|1522|1752|1911|11 Ramazan 1448
20270219|0525|0650|1226|1523|1753|1912|12 Ramazan 1448
20270220|0524|0649|1226|1524|1754|1913|13 Ramazan 1448
20270221|0523|0647|1226|1525|1755|1914|14 Ramazan 1448
20270222|0521|0646|1226|1526|1756|1915|15 Ramazan 1448
20270223|0520|0644|1226|1527|1757|1916|16 Ramazan 1448
20270224|0519|0643|1226|1528|1759|1918|17 Ramazan 1448
20270225|0517|0641|1226|1528|1800|1919|18 Ramazan 1448
20270226|0516|0640|1225|1529|1801|1920|19 Ramazan 1448
20270227|0514|0638|1225|1530|1802|1921|20 Ramazan 1448
20270228|0513|0637|1225|1531|1803|1922|21 Ramazan 1448
20270301|0511|0635|1225|1532|1804|1923|22 Ramazan 1448
20270302|0510|0634|1225|1532|1806|1924|23 Ramazan 1448
20270303|0508|0632|1225|1533|1807|1925|24 Ramazan 1448
20270304|0507|0631|1224|1534|1808|1926|25 Ramazan 1448
20270305|0505|0629|1224|1534|1809|1928|26 Ramazan 1448
20270306|0504|0628|1224|1535|1810|1929|27 Ramazan 1448
20270307|0502|0626|1224|1536|1811|1930|28 Ramazan 1448
20270308|0501|0625|1223|1537|1812|1931|29 Ramazan 1448
20270309|0459|0623|1223|1537|1813|1932|1 Şevval 1448
20270310|0457|0621|1223|1538|1815|1933|2 Şevval 1448
20270311|0456|0620|1223|1539|1816|1934|3 Şevval 1448
20270312|0454|0618|1222|1539|1817|1936|4 Şevval 1448
20270313|0452|0616|1222|1540|1818|1937|5 Şevval 1448
20270314|0451|0615|1222|1540|1819|1938|6 Şevval 1448
20270315|0449|0613|1222|1541|1820|1939|7 Şevval 1448
20270316|0447|0612|1221|1542|1821|1940|8 Şevval 1448
20270317|0445|0610|1221|1542|1822|1941|9 Şevval 1448
20270318|0444|0608|1221|1543|1823|1942|10 Şevval 1448
20270319|0442|0607|1220|1543|1824|1944|11 Şevval 1448
20270320|0440|0605|1220|1544|1825|1945|12 Şevval 1448
20270321|0438|0603|1220|1544|1826|1946|13 Şevval 1448
20270322|0437|0602|1220|1545|1828|1947|14 Şevval 1448
20270323|0435|0600|1219|1545|1829|1948|15 Şevval 1448
20270324|0433|0558|1219|1546|1830|1950|16 Şevval 1448
20270325|0431|0557|1219|1546|1831|1951|17 Şevval 1448
20270326|0429|0555|1218|1547|1832|1952|18 Şevval 1448
20270327|0427|0553|1218|1547|1833|1953|19 Şevval 1448
20270328|0426|0552|1218|1548|1834|1954|20 Şevval 1448
20270329|0424|0550|1217|1548|1835|1956|21 Şevval 1448
20270330|0422|0548|1217|1549|1836|1957|22 Şevval 1448
20270331|0420|0547|1217|1549|1837|1958|23 Şevval 1448
20270401|0418|0545|1217|1550|1838|1959|24 Şevval 1448
20270402|0416|0543|1216|1550|1839|2001|25 Şevval 1448
20270403|0414|0542|1216|1550|1840|2002|26 Şevval 1448
20270404|0412|0540|1216|1551|1841|2003|27 Şevval 1448
20270405|0411|0538|1215|1551|1842|2004|28 Şevval 1448
20270406|0409|0537|1215|1552|1843|2006|29 Şevval 1448
20270407|0407|0535|1215|1552|1844|2007|30 Şevval 1448
20270408|0405|0534|1215|1552|1845|2008|1 Zilkade 1448
20270409|0403|0532|1214|1553|1847|2010|2 Zilkade 1448
20270410|0401|0530|1214|1553|1848|2011|3 Zilkade 1448
20270411|0359|0529|1214|1554|1849|2012|4 Zilkade 1448
20270412|0357|0527|1213|1554|1850|2014|5 Zilkade 1448
20270413|0355|0526|1213|1554|1851|2015|6 Zilkade 1448
20270414|0353|0524|1213|1555|1852|2016|7 Zilkade 1448
20270415|0352|0523|1213|1555|1853|2018|8 Zilkade 1448
20270416|0350|0521|1212|1555|1854|2019|9 Zilkade 1448
20270417|0348|0520|1212|1556|1855|2021|10 Zilkade 1448
20270418|0346|0518|1212|1556|1856|2022|11 Zilkade 1448
20270419|0344|0517|1212|1556|1857|2023|12 Zilkade 1448
20270420|0342|0515|1212|1556|1858|2025|13 Zilkade 1448
20270421|0340|0514|1211|1557|1859|2026|14 Zilkade 1448
20270422|0338|0512|1211|1557|1900|2028|15 Zilkade 1448
20270423|0336|0511|1211|1557|1901|2029|16 Zilkade 1448
20270424|0335|0509|1211|1558|1902|2031|17 Zilkade 1448
20270425|0333|0508|1211|1558|1903|2032|18 Zilkade 1448
20270426|0331|0506|1210|1558|1904|2033|19 Zilkade 1448
20270427|0329|0505|1210|1559|1905|2035|20 Zilkade 1448
20270428|0327|0504|1210|1559|1907|2036|21 Zilkade 1448
20270429|0325|0502|1210|1559|1908|2038|22 Zilkade 1448
20270430|0324|0501|1210|1559|1909|2039|23 Zilkade 1448
20270501|0322|0500|1210|1600|1910|2041|24 Zilkade 1448
20270502|0320|0458|1210|1600|1911|2042|25 Zilkade 1448
20270503|0318|0457|1209|1600|1912|2044|26 Zilkade 1448
20270504|0316|0456|1209|1601|1913|2045|27 Zilkade 1448
20270505|0315|0455|1209|1601|1914|2047|28 Zilkade 1448
20270506|0313|0454|1209|1601|1915|2048|29 Zilkade 1448
20270507|0311|0452|1209|1601|1916|2050|1 Zilhicce 1448
20270508|0310|0451|1209|1602|1917|2051|2 Zilhicce 1448
20270509|0308|0450|1209|1602|1918|2053|3 Zilhicce 1448
20270510|0306|0449|1209|1602|1919|2054|4 Zilhicce 1448
20270511|0305|0448|1209|1603|1920|2056|5 Zilhicce 1448
20270512|0303|0447|1209|1603|1921|2057|6 Zilhicce 1448
20270513|0301|0446|1209|1603|1922|2059|7 Zilhicce 1448
20270514|0300|0445|1209|1603|1923|2100|8 Zilhicce 1448
20270515|0258|0444|1209|1604|1924|2102|9 Zilhicce 1448
20270516|0257|0443|1209|1604|1925|2103|10 Zilhicce 1448
20270517|0255|0442|1209|1604|1926|2105|11 Zilhicce 1448
20270518|0254|0441|1209|1604|1927|2106|12 Zilhicce 1448
20270519|0252|0440|1209|1605|1928|2108|13 Zilhicce 1448
20270520|0251|0439|1209|1605|1929|2109|14 Zilhicce 1448
20270521|0250|0439|1209|1605|1930|2111|15 Zilhicce 1448
20270522|0248|0438|1209|1606|1931|2112|16 Zilhicce 1448
20270523|0247|0437|1209|1606|1931|2113|17 Zilhicce 1448
20270524|0246|0436|1209|1606|1932|2115|18 Zilhicce 1448
20270525|0245|0436|1209|1606|1933|2116|19 Zilhicce 1448
20270526|0243|0435|1209|1607|1934|2117|20 Zilhicce 1448
20270527|0242|0434|1210|1607|1935|2119|21 Zilhicce 1448
20270528|0241|0434|1210|1607|1936|2120|22 Zilhicce 1448
20270529|0240|0433|1210|1608|1937|2121|23 Zilhicce 1448
20270530|0239|0433|1210|1608|1937|2122|24 Zilhicce 1448
20270531|0238|0432|1210|1608|1938|2124|25 Zilhicce 1448
20270601|0237|0432|1210|1608|1939|2125|26 Zilhicce 1448
20270602|0236|0431|1210|1609|1940|2126|27 Zilhicce 1448
20270603|0235|0431|1211|1609|1940|2127|28 Zilhicce 1448
20270604|0235|0430|1211|1609|1941|2128|29 Zilhicce 1448
20270605|0234|0430|1211|1610|1942|2129|30 Zilhicce 1448
20270606|0233|0430|1211|1610|1942|2130|1 Muharrem 1449
20270607|0232|0429|1211|1610|1943|2131|2 Muharrem 1449
20270608|0232|0429|1211|1610|1944|2132|3 Muharrem 1449
20270609|0231|0429|1212|1611|1944|2133|4 Muharrem 1449
20270610|0231|0429|1212|1611|1945|2134|5 Muharrem 1449
20270611|0230|0429|1212|1611|1945|2135|6 Muharrem 1449
20270612|0230|0429|1212|1611|1946|2135|7 Muharrem 1449
20270613|0230|0429|1212|1612|1946|2136|8 Muharrem 1449
20270614|0230|0429|1213|1612|1947|2137|9 Muharrem 1449
20270615|0229|0429|1213|1612|1947|2137|10 Muharrem 1449
20270616|0229|0429|1213|1612|1948|2138|11 Muharrem 1449
20270617|0229|0429|1213|1613|1948|2138|12 Muharrem 1449
20270618|0229|0429|1214|1613|1948|2139|13 Muharrem 1449
20270619|0229|0429|1214|1613|1949|2139|14 Muharrem 1449
20270620|0229|0429|1214|1613|1949|2139|15 Muharrem 1449
20270621|0229|0429|1214|1614|1949|2140|16 Muharrem 1449
20270622|0230|0429|1214|1614|1949|2140|17 Muharrem 1449
20270623|0230|0430|1215|1614|1950|2140|18 Muharrem 1449
20270624|0230|0430|1215|1614|1950|2140|19 Muharrem 1449
20270625|0231|0430|1215|1614|1950|2140|20 Muharrem 1449
20270626|0231|0431|1215|1615|1950|2140|21 Muharrem 1449
20270627|0231|0431|1215|1615|1950|2140|22 Muharrem 1449
20270628|0232|0431|1216|1615|1950|2140|23 Muharrem 1449
20270629|0233|0432|1216|1615|1950|2140|24 Muharrem 1449
20270630|0233|0432|1216|1615|1950|2140|25 Muharrem 1449
20270701|0234|0433|1216|1615|1950|2139|26 Muharrem 1449
20270702|0235|0433|1216|1616|1950|2139|27 Muharrem 1449
20270703|0236|0434|1217|1616|1950|2139|28 Muharrem 1449
20270704|0236|0434|1217|1616|1950|2138|29 Muharrem 1449
20270705|0237|0435|1217|1616|1949|2138|1 Safer 1449
20270706|0238|0435|1217|1616|1949|2137|2 Safer 1449
20270707|0239|0436|1217|1616|1949|2137|3 Safer 1449
20270708|0240|0437|1218|1616|1948|2136|4 Safer 1449
20270709|0241|0437|1218|1616|1948|2135|5 Safer 1449
20270710|0242|0438|1218|1616|1948|2135|6 Safer 1449
20270711|0244|0439|1218|1616|1947|2134|7 Safer 1449
20270712|0245|0439|1218|1616|1947|2133|8 Safer 1449
20270713|0246|0440|1218|1616|1946|2132|9 Safer 1449
20270714|0247|0441|1218|1616|1946|2131|10 Safer 1449
20270715|0248|0442|1218|1616|1945|2130|11 Safer 1449
20270716|0250|0442|1219|1616|1945|2129|12 Safer 1449
20270717|0251|0443|1219|1616|1944|2128|13 Safer 1449
20270718|0252|0444|1219|1616|1944|2127|14 Safer 1449
20270719|0254|0445|1219|1616|1943|2126|15 Safer 1449
20270720|0255|0446|1219|1616|1942|2125|16 Safer 1449
20270721|0256|0446|1219|1616|1941|2123|17 Safer 1449
20270722|0258|0447|1219|1615|1941|2122|18 Safer 1449
20270723|0259|0448|1219|1615|1940|2121|19 Safer 1449
20270724|0301|0449|1219|1615|1939|2120|20 Safer 1449
20270725|0302|0450|1219|1615|1938|2118|21 Safer 1449
20270726|0304|0451|1219|1615|1937|2117|22 Safer 1449
20270727|0305|0452|1219|1614|1936|2115|23 Safer 1449
20270728|0306|0453|1219|1614|1935|2114|24 Safer 1449
20270729|0308|0454|1219|1614|1934|2113|25 Safer 1449
20270730|0309|0455|1219|1614|1933|2111|26 Safer 1449
20270731|0311|0456|1219|1613|1932|2110|27 Safer 1449
20270801|0312|0456|1219|1613|1931|2108|28 Safer 1449
20270802|0314|0457|1219|1613|1930|2106|29 Safer 1449
20270803|0315|0458|1219|1612|1929|2105|1 Rebiulevvel 1449
20270804|0317|0459|1219|1612|1928|2103|2 Rebiulevvel 1449
20270805|0318|0500|1219|1611|1927|2102|3 Rebiulevvel 1449
20270806|0320|0501|1218|1611|1926|2100|4 Rebiulevvel 1449
20270807|0321|0502|1218|1611|1925|2058|5 Rebiulevvel 1449
20270808|0323|0503|1218|1610|1923|2057|6 Rebiulevvel 1449
20270809|0324|0504|1218|1610|1922|2055|7 Rebiulevvel 1449
20270810|0326|0505|1218|1609|1921|2053|8 Rebiulevvel 1449
20270811|0327|0506|1218|1608|1920|2051|9 Rebiulevvel 1449
20270812|0329|0507|1218|1608|1918|2050|10 Rebiulevvel 1449
20270813|0330|0508|1218|1607|1917|2048|11 Rebiulevvel 1449
20270814|0332|0509|1217|1607|1916|2046|12 Rebiulevvel 1449
20270815|0333|0510|1217|1606|1914|2044|13 Rebiulevvel 1449
20270816|0335|0511|1217|1606|1913|2043|14 Rebiulevvel 1449
20270817|0336|0512|1217|1605|1911|2041|15 Rebiulevvel 1449
20270818|0338|0513|1217|1604|1910|2039|16 Rebiulevvel 1449
20270819|0339|0514|1216|1604|1909|2037|17 Rebiulevvel 1449
20270820|0341|0515|1216|1603|1907|2035|18 Rebiulevvel 1449
20270821|0342|0516|1216|1602|1906|2033|19 Rebiulevvel 1449
20270822|0343|0517|1216|1601|1904|2031|20 Rebiulevvel 1449
20270823|0345|0518|1215|1601|1903|2030|21 Rebiulevvel 1449
20270824|0346|0519|1215|1600|1901|2028|22 Rebiulevvel 1449
20270825|0348|0520|1215|1559|1900|2026|23 Rebiulevvel 1449
20270826|0349|0521|1215|1558|1858|2024|24 Rebiulevvel 1449
20270827|0350|0522|1214|1557|1857|2022|25 Rebiulevvel 1449
20270828|0352|0523|1214|1557|1855|2020|26 Rebiulevvel 1449
20270829|0353|0524|1214|1556|1853|2018|27 Rebiulevvel 1449
20270830|0354|0525|1213|1555|1852|2016|28 Rebiulevvel 1449
20270831|0356|0526|1213|1554|1850|2015|29 Rebiulevvel 1449
20270901|0357|0527|1213|1553|1849|2013|30 Rebiulevvel 1449
20270902|0358|0528|1212|1552|1847|2011|1 Rebiulahir 1449
20270903|0359|0529|1212|1551|1845|2009|2 Rebiulahir 1449
20270904|0401|0530|1212|1550|1844|2007|3 Rebiulahir 1449
20270905|0402|0531|1211|1549|1842|2005|4 Rebiulahir 1449
20270906|0403|0532|1211|1548|1840|2003|5 Rebiulahir 1449
20270907|0405|0533|1211|1547|1839|2001|6 Rebiulahir 1449
20270908|0406|0534|1210|1546|1837|1959|7 Rebiulahir 1449
20270909|0407|0535|1210|1545|1836|1957|8 Rebiulahir 1449
20270910|0408|0536|1210|1544|1834|1955|9 Rebiulahir 1449
20270911|0409|0537|1209|1543|1832|1954|10 Rebiulahir 1449
20270912|0411|0538|1209|1542|1830|1952|11 Rebiulahir 1449
20270913|0412|0539|1209|1541|1829|1950|12 Rebiulahir 1449
20270914|0413|0540|1208|1540|1827|1948|13 Rebiulahir 1449
20270915|0414|0541|1208|1539|1825|1946|14 Rebiulahir 1449
20270916|0415|0542|1208|1538|1824|1944|15 Rebiulahir 1449
20270917|0417|0542|1207|1537|1822|1942|16 Rebiulahir 1449
20270918|0418|0543|1207|1535|1820|1940|17 Rebiulahir 1449
20270919|0419|0544|1207|1534|1819|1939|18 Rebiulahir 1449
20270920|0420|0545|1206|1533|1817|1937|19 Rebiulahir 1449
20270921|0421|0546|1206|1532|1815|1935|20 Rebiulahir 1449
20270922|0422|0547|1205|1531|1814|1933|21 Rebiulahir 1449
20270923|0423|0548|1205|1530|1812|1931|22 Rebiulahir 1449
20270924|0425|0549|1205|1529|1810|1930|23 Rebiulahir 1449
20270925|0426|0550|1204|1527|1808|1928|24 Rebiulahir 1449
20270926|0427|0551|1204|1526|1807|1926|25 Rebiulahir 1449
20270927|0428|0552|1204|1525|1805|1924|26 Rebiulahir 1449
20270928|0429|0553|1203|1524|1803|1922|27 Rebiulahir 1449
20270929|0430|0554|1203|1523|1802|1921|28 Rebiulahir 1449
20270930|0431|0555|1203|1521|1800|1919|29 Rebiulahir 1449
20271001|0432|0556|1202|1520|1758|1917|1 Cemaziyelevvel 1449
20271002|0433|0557|1202|1519|1757|1915|2 Cemaziyelevvel 1449
20271003|0434|0558|1202|1518|1755|1914|3 Cemaziyelevvel 1449
20271004|0435|0559|1201|1517|1753|1912|4 Cemaziyelevvel 1449
20271005|0437|0601|1201|1515|1752|1910|5 Cemaziyelevvel 1449
20271006|0438|0602|1201|1514|1750|1909|6 Cemaziyelevvel 1449
20271007|0439|0603|1201|1513|1749|1907|7 Cemaziyelevvel 1449
20271008|0440|0604|1200|1512|1747|1906|8 Cemaziyelevvel 1449
20271009|0441|0605|1200|1511|1745|1904|9 Cemaziyelevvel 1449
20271010|0442|0606|1200|1509|1744|1902|10 Cemaziyelevvel 1449
20271011|0443|0607|1159|1508|1742|1901|11 Cemaziyelevvel 1449
20271012|0444|0608|1159|1507|1741|1859|12 Cemaziyelevvel 1449
20271013|0445|0609|1159|1506|1739|1858|13 Cemaziyelevvel 1449
20271014|0446|0610|1159|1505|1737|1856|14 Cemaziyelevvel 1449
20271015|0447|0611|1158|1503|1736|1855|15 Cemaziyelevvel 1449
20271016|0448|0612|1158|1502|1734|1853|16 Cemaziyelevvel 1449
20271017|0449|0613|1158|1501|1733|1852|17 Cemaziyelevvel 1449
20271018|0450|0614|1158|1500|1731|1850|18 Cemaziyelevvel 1449
20271019|0451|0615|1158|1459|1730|1849|19 Cemaziyelevvel 1449
20271020|0452|0617|1157|1458|1728|1847|20 Cemaziyelevvel 1449
20271021|0453|0618|1157|1457|1727|1846|21 Cemaziyelevvel 1449
20271022|0454|0619|1157|1455|1725|1845|22 Cemaziyelevvel 1449
20271023|0455|0620|1157|1454|1724|1843|23 Cemaziyelevvel 1449
20271024|0456|0621|1157|1453|1723|1842|24 Cemaziyelevvel 1449
20271025|0457|0622|1157|1452|1721|1841|25 Cemaziyelevvel 1449
20271026|0458|0623|1157|1451|1720|1839|26 Cemaziyelevvel 1449
20271027|0459|0624|1156|1450|1718|1838|27 Cemaziyelevvel 1449
20271028|0500|0626|1156|1449|1717|1837|28 Cemaziyelevvel 1449
20271029|0502|0627|1156|1448|1716|1836|29 Cemaziyelevvel 1449
20271030|0503|0628|1156|1447|1715|1835|30 Cemaziyelevvel 1449
20271031|0504|0629|1156|1446|1713|1833|1 Cemaziyelahir 1449
20271101|0505|0630|1156|1445|1712|1832|2 Cemaziyelahir 1449
20271102|0506|0631|1156|1444|1711|1831|3 Cemaziyelahir 1449
20271103|0507|0633|1156|1443|1710|1830|4 Cemaziyelahir 1449
20271104|0508|0634|1156|1442|1708|1829|5 Cemaziyelahir 1449
20271105|0509|0635|1156|1441|1707|1828|6 Cemaziyelahir 1449
20271106|0510|0636|1156|1440|1706|1827|7 Cemaziyelahir 1449
20271107|0511|0637|1156|1439|1705|1826|8 Cemaziyelahir 1449
20271108|0512|0638|1156|1439|1704|1825|9 Cemaziyelahir 1449
20271109|0513|0640|1156|1438|1703|1824|10 Cemaziyelahir 1449
20271110|0514|0641|1156|1437|1702|1824|11 Cemaziyelahir 1449
20271111|0515|0642|1156|1436|1701|1823|12 Cemaziyelahir 1449
20271112|0516|0643|1157|1435|1700|1822|13 Cemaziyelahir 1449
20271113|0517|0644|1157|1435|1659|1821|14 Cemaziyelahir 1449
20271114|0518|0646|1157|1434|1658|1820|15 Cemaziyelahir 1449
20271115|0519|0647|1157|1433|1657|1820|16 Cemaziyelahir 1449
20271116|0520|0648|1157|1433|1656|1819|17 Cemaziyelahir 1449
20271117|0521|0649|1157|1432|1656|1818|18 Cemaziyelahir 1449
20271118|0522|0650|1157|1431|1655|1818|19 Cemaziyelahir 1449
20271119|0523|0651|1158|1431|1654|1817|20 Cemaziyelahir 1449
20271120|0524|0653|1158|1430|1653|1817|21 Cemaziyelahir 1449
20271121|0525|0654|1158|1430|1653|1816|22 Cemaziyelahir 1449
20271122|0526|0655|1158|1429|1652|1816|23 Cemaziyelahir 1449
20271123|0527|0656|1159|1429|1651|1815|24 Cemaziyelahir 1449
20271124|0528|0657|1159|1428|1651|1815|25 Cemaziyelahir 1449
20271125|0529|0658|1159|1428|1650|1814|26 Cemaziyelahir 1449
20271126|0530|0659|1200|1428|1650|1814|27 Cemaziyelahir 1449
20271127|0531|0700|1200|1427|1649|1814|28 Cemaziyelahir 1449
20271128|0532|0701|1200|1427|1649|1813|29 Cemaziyelahir 1449
20271129|0533|0703|1201|1427|1649|1813|1 Recep 1449
20271130|0533|0704|1201|1426|1648|1813|2 Recep 1449
20271201|0534|0705|1201|1426|1648|1813|3 Recep 1449
20271202|0535|0706|1202|1426|1648|1813|4 Recep 1449
20271203|0536|0707|1202|1426|1647|1812|5 Recep 1449
20271204|0537|0708|1202|1426|1647|1812|6 Recep 1449
20271205|0538|0709|1203|1426|1647|1812|7 Recep 1449
20271206|0539|0710|1203|1426|1647|1812|8 Recep 1449
20271207|0539|0711|1204|1426|1647|1812|9 Recep 1449
20271208|0540|0711|1204|1426|1647|1812|10 Recep 1449
20271209|0541|0712|1204|1426|1647|1813|11 Recep 1449
20271210|0542|0713|1205|1426|1647|1813|12 Recep 1449
20271211|0543|0714|1205|1426|1647|1813|13 Recep 1449
20271212|0543|0715|1206|1426|1647|1813|14 Recep 1449
20271213|0544|0716|1206|1426|1647|1813|15 Recep 1449
20271214|0545|0716|1207|1427|1647|1813|16 Recep 1449
20271215|0545|0717|1207|1427|1647|1814|17 Recep 1449
20271216|0546|0718|1208|1427|1648|1814|18 Recep 1449
20271217|0547|0718|1208|1427|1648|1814|19 Recep 1449
20271218|0547|0719|1209|1428|1648|1815|20 Recep 1449
20271219|0548|0720|1209|1428|1649|1815|21 Recep 1449
20271220|0548|0720|1210|1429|1649|1816|22 Recep 1449
20271221|0549|0721|1210|1429|1650|1816|23 Recep 1449
20271222|0549|0721|1211|1430|1650|1816|24 Recep 1449
20271223|0550|0722|1211|1430|1651|1817|25 Recep 1449
20271224|0550|0722|1212|1431|1651|1817|26 Recep 1449
20271225|0551|0723|1212|1431|1652|1818|27 Recep 1449
20271226|0551|0723|1213|1432|1652|1819|28 Recep 1449
20271227|0552|0723|1213|1432|1653|1819|29 Recep 1449
20271228|0552|0724|1214|1433|1654|1820|30 Recep 1449
20271229|0552|0724|1214|1434|1654|1821|1 Şaban 1449
20271230|0553|0724|1215|1434|1655|1821|2 Şaban 1449
20271231|0553|0724|1215|1435|1656|1822|3 Şaban 1449
