# diyanet | surum=diyanet-2026-10-03.1 | il=TEKIRDAG | yerlesim=10 | 2026-10-03..2027-12-31
#@9872|Çerkezköy|TEKIRDAG|396
20261003|0535|0659|1302|1618|1855|2014|22 Rebiulahir 1448
20261004|0536|0701|1302|1616|1853|2013|23 Rebiulahir 1448
20261005|0537|0702|1302|1615|1852|2011|24 Rebiulahir 1448
20261006|0538|0703|1301|1614|1850|2009|25 Rebiulahir 1448
20261007|0539|0704|1301|1613|1848|2008|26 Rebiulahir 1448
20261008|0540|0705|1301|1612|1847|2006|27 Rebiulahir 1448
20261009|0541|0706|1300|1610|1845|2004|28 Rebiulahir 1448
20261010|0542|0707|1300|1609|1843|2003|29 Rebiulahir 1448
20261011|0543|0708|1300|1608|1842|2001|30 Rebiulahir 1448
20261012|0544|0709|1300|1607|1840|2000|1 Cemaziyelevvel 1448
20261013|0545|0710|1259|1605|1839|1958|2 Cemaziyelevvel 1448
20261014|0547|0711|1259|1604|1837|1956|3 Cemaziyelevvel 1448
20261015|0548|0712|1259|1603|1836|1955|4 Cemaziyelevvel 1448
20261016|0549|0713|1259|1602|1834|1953|5 Cemaziyelevvel 1448
20261017|0550|0715|1258|1601|1832|1952|6 Cemaziyelevvel 1448
20261018|0551|0716|1258|1600|1831|1950|7 Cemaziyelevvel 1448
20261019|0552|0717|1258|1558|1829|1949|8 Cemaziyelevvel 1448
20261020|0553|0718|1258|1557|1828|1948|9 Cemaziyelevvel 1448
20261021|0554|0719|1258|1556|1826|1946|10 Cemaziyelevvel 1448
20261022|0555|0720|1258|1555|1825|1945|11 Cemaziyelevvel 1448
20261023|0556|0721|1257|1554|1824|1943|12 Cemaziyelevvel 1448
20261024|0557|0723|1257|1553|1822|1942|13 Cemaziyelevvel 1448
20261025|0558|0724|1257|1552|1821|1941|14 Cemaziyelevvel 1448
20261026|0559|0725|1257|1550|1819|1940|15 Cemaziyelevvel 1448
20261027|0600|0726|1257|1549|1818|1938|16 Cemaziyelevvel 1448
20261028|0601|0727|1257|1548|1817|1937|17 Cemaziyelevvel 1448
20261029|0602|0728|1257|1547|1815|1936|18 Cemaziyelevvel 1448
20261030|0603|0730|1257|1546|1814|1935|19 Cemaziyelevvel 1448
20261031|0605|0731|1257|1545|1813|1934|20 Cemaziyelevvel 1448
20261101|0606|0732|1257|1544|1811|1932|21 Cemaziyelevvel 1448
20261102|0607|0733|1257|1543|1810|1931|22 Cemaziyelevvel 1448
20270101|0654|0827|1316|1535|1756|1923|23 Recep 1448
20270102|0655|0827|1317|1536|1757|1923|24 Recep 1448
20270103|0655|0827|1317|1537|1757|1924|25 Recep 1448
20270104|0655|0827|1318|1537|1758|1925|26 Recep 1448
20270105|0655|0827|1318|1538|1759|1926|27 Recep 1448
20270106|0655|0827|1319|1539|1800|1927|28 Recep 1448
20270107|0655|0827|1319|1540|1801|1927|29 Recep 1448
20270108|0655|0827|1319|1541|1802|1928|30 Recep 1448
20270109|0655|0827|1320|1542|1803|1929|1 Şaban 1448
20270110|0655|0826|1320|1543|1804|1930|2 Şaban 1448
20270111|0655|0826|1321|1544|1805|1931|3 Şaban 1448
20270112|0655|0826|1321|1545|1806|1932|4 Şaban 1448
20270113|0655|0826|1321|1546|1807|1933|5 Şaban 1448
20270114|0654|0825|1322|1547|1808|1934|6 Şaban 1448
20270115|0654|0825|1322|1548|1810|1935|7 Şaban 1448
20270116|0654|0824|1323|1549|1811|1936|8 Şaban 1448
20270117|0654|0824|1323|1550|1812|1937|9 Şaban 1448
20270118|0653|0823|1323|1551|1813|1938|10 Şaban 1448
20270119|0653|0823|1324|1552|1814|1939|11 Şaban 1448
20270120|0652|0822|1324|1553|1815|1940|12 Şaban 1448
20270121|0652|0822|1324|1554|1817|1941|13 Şaban 1448
20270122|0652|0821|1324|1555|1818|1942|14 Şaban 1448
20270123|0651|0820|1325|1556|1819|1943|15 Şaban 1448
20270124|0651|0820|1325|1557|1820|1944|16 Şaban 1448
20270125|0650|0819|1325|1558|1821|1945|17 Şaban 1448
20270126|0649|0818|1325|1559|1823|1946|18 Şaban 1448
20270127|0649|0817|1326|1600|1824|1947|19 Şaban 1448
20270128|0648|0817|1326|1601|1825|1948|20 Şaban 1448
20270129|0647|0816|1326|1602|1826|1949|21 Şaban 1448
20270130|0647|0815|1326|1603|1828|1950|22 Şaban 1448
20270131|0646|0814|1326|1604|1829|1951|23 Şaban 1448
20270201|0645|0813|1326|1605|1830|1953|24 Şaban 1448
20270202|0644|0812|1327|1606|1831|1954|25 Şaban 1448
20270203|0643|0811|1327|1607|1833|1955|26 Şaban 1448
20270204|0643|0810|1327|1608|1834|1956|27 Şaban 1448
20270205|0642|0809|1327|1609|1835|1957|28 Şaban 1448
20270206|0641|0808|1327|1610|1836|1958|29 Şaban 1448
20270207|0640|0807|1327|1611|1838|1959|30 Şaban 1448
20270208|0639|0805|1327|1612|1839|2000|1 Ramazan 1448
20270209|0638|0804|1327|1613|1840|2001|2 Ramazan 1448
20270210|0637|0803|1327|1614|1841|2003|3 Ramazan 1448
20270211|0636|0802|1327|1615|1843|2004|4 Ramazan 1448
20270212|0634|0801|1327|1616|1844|2005|5 Ramazan 1448
20270213|0633|0759|1327|1617|1845|2006|6 Ramazan 1448
20270214|0632|0758|1327|1618|1846|2007|7 Ramazan 1448
20270215|0631|0757|1327|1619|1848|2008|8 Ramazan 1448
20270216|0630|0755|1327|1620|1849|2009|9 Ramazan 1448
20270217|0628|0754|1327|1621|1850|2010|10 Ramazan 1448
20270218|0627|0753|1327|1622|1851|2011|11 Ramazan 1448
20270219|0626|0751|1327|1623|1853|2013|12 Ramazan 1448
20270220|0625|0750|1327|1624|1854|2014|13 Ramazan 1448
20270221|0623|0748|1327|1625|1855|2015|14 Ramazan 1448
20270222|0622|0747|1327|1626|1856|2016|15 Ramazan 1448
20270223|0621|0746|1326|1626|1857|2017|16 Ramazan 1448
20270224|0619|0744|1326|1627|1859|2018|17 Ramazan 1448
20270225|0618|0743|1326|1628|1900|2019|18 Ramazan 1448
20270226|0616|0741|1326|1629|1901|2020|19 Ramazan 1448
20270227|0615|0740|1326|1630|1902|2022|20 Ramazan 1448
20270228|0613|0738|1326|1631|1903|2023|21 Ramazan 1448
20270301|0612|0736|1325|1631|1905|2024|22 Ramazan 1448
20270302|0610|0735|1325|1632|1906|2025|23 Ramazan 1448
20270303|0609|0733|1325|1633|1907|2026|24 Ramazan 1448
20270304|0607|0732|1325|1634|1908|2027|25 Ramazan 1448
20270305|0606|0730|1325|1634|1909|2028|26 Ramazan 1448
20270306|0604|0729|1324|1635|1910|2030|27 Ramazan 1448
20270307|0602|0727|1324|1636|1911|2031|28 Ramazan 1448
20270308|0601|0725|1324|1637|1913|2032|29 Ramazan 1448
20270309|0559|0724|1324|1637|1914|2033|1 Şevval 1448
20270310|0557|0722|1323|1638|1915|2034|2 Şevval 1448
20270311|0556|0720|1323|1639|1916|2035|3 Şevval 1448
20270312|0554|0719|1323|1639|1917|2037|4 Şevval 1448
20270313|0552|0717|1323|1640|1918|2038|5 Şevval 1448
20270314|0551|0716|1322|1641|1919|2039|6 Şevval 1448
20270315|0549|0714|1322|1641|1920|2040|7 Şevval 1448
20270316|0547|0712|1322|1642|1922|2041|8 Şevval 1448
20270317|0545|0711|1322|1642|1923|2042|9 Şevval 1448
20270318|0543|0709|1321|1643|1924|2044|10 Şevval 1448
20270319|0542|0707|1321|1644|1925|2045|11 Şevval 1448
20270320|0540|0705|1321|1644|1926|2046|12 Şevval 1448
20270321|0538|0704|1320|1645|1927|2047|13 Şevval 1448
20270322|0536|0702|1320|1645|1928|2048|14 Şevval 1448
20270323|0534|0700|1320|1646|1929|2050|15 Şevval 1448
20270324|0533|0659|1320|1646|1930|2051|16 Şevval 1448
20270325|0531|0657|1319|1647|1931|2052|17 Şevval 1448
20270326|0529|0655|1319|1647|1933|2053|18 Şevval 1448
20270327|0527|0654|1319|1648|1934|2055|19 Şevval 1448
20270328|0525|0652|1318|1648|1935|2056|20 Şevval 1448
20270329|0523|0650|1318|1649|1936|2057|21 Şevval 1448
20270330|0521|0649|1318|1649|1937|2058|22 Şevval 1448
20270331|0519|0647|1317|1650|1938|2100|23 Şevval 1448
20270401|0518|0645|1317|1650|1939|2101|24 Şevval 1448
20270402|0516|0644|1317|1651|1940|2102|25 Şevval 1448
20270403|0514|0642|1317|1651|1941|2104|26 Şevval 1448
20270404|0512|0640|1316|1651|1942|2105|27 Şevval 1448
20270405|0510|0639|1316|1652|1943|2106|28 Şevval 1448
20270406|0508|0637|1316|1652|1944|2108|29 Şevval 1448
20270407|0506|0635|1315|1653|1945|2109|30 Şevval 1448
20270408|0504|0634|1315|1653|1946|2110|1 Zilkade 1448
20270409|0502|0632|1315|1654|1948|2112|2 Zilkade 1448
20270410|0500|0630|1315|1654|1949|2113|3 Zilkade 1448
20270411|0458|0629|1314|1654|1950|2114|4 Zilkade 1448
20270412|0456|0627|1314|1655|1951|2116|5 Zilkade 1448
20270413|0454|0626|1314|1655|1952|2117|6 Zilkade 1448
20270414|0452|0624|1313|1655|1953|2118|7 Zilkade 1448
20270415|0450|0623|1313|1656|1954|2120|8 Zilkade 1448
20270416|0449|0621|1313|1656|1955|2121|9 Zilkade 1448
20270417|0447|0619|1313|1656|1956|2123|10 Zilkade 1448
20270418|0445|0618|1313|1657|1957|2124|11 Zilkade 1448
20270419|0443|0616|1312|1657|1958|2126|12 Zilkade 1448
20270420|0441|0615|1312|1657|1959|2127|13 Zilkade 1448
20270421|0439|0613|1312|1658|2000|2129|14 Zilkade 1448
20270422|0437|0612|1312|1658|2002|2130|15 Zilkade 1448
20270423|0435|0610|1312|1658|2003|2131|16 Zilkade 1448
20270424|0433|0609|1311|1659|2004|2133|17 Zilkade 1448
20270425|0431|0608|1311|1659|2005|2134|18 Zilkade 1448
20270426|0429|0606|1311|1659|2006|2136|19 Zilkade 1448
20270427|0428|0605|1311|1700|2007|2137|20 Zilkade 1448
20270428|0426|0603|1311|1700|2008|2139|21 Zilkade 1448
20270429|0424|0602|1310|1700|2009|2140|22 Zilkade 1448
20270430|0422|0601|1310|1701|2010|2142|23 Zilkade 1448
20270501|0420|0559|1310|1701|2011|2144|24 Zilkade 1448
20270502|0418|0558|1310|1701|2012|2145|25 Zilkade 1448
20270503|0416|0557|1310|1701|2013|2147|26 Zilkade 1448
20270504|0415|0555|1310|1702|2014|2148|27 Zilkade 1448
20270505|0413|0554|1310|1702|2015|2150|28 Zilkade 1448
20270506|0411|0553|1310|1702|2016|2151|29 Zilkade 1448
20270507|0409|0552|1310|1703|2018|2153|1 Zilhicce 1448
20270508|0408|0551|1310|1703|2019|2154|2 Zilhicce 1448
20270509|0406|0549|1310|1703|2020|2156|3 Zilhicce 1448
20270510|0404|0548|1309|1704|2021|2157|4 Zilhicce 1448
20270511|0403|0547|1309|1704|2022|2159|5 Zilhicce 1448
20270512|0401|0546|1309|1704|2023|2200|6 Zilhicce 1448
20270513|0359|0545|1309|1704|2024|2202|7 Zilhicce 1448
20270514|0358|0544|1309|1705|2025|2204|8 Zilhicce 1448
20270515|0356|0543|1309|1705|2026|2205|9 Zilhicce 1448
20270516|0354|0542|1309|1705|2027|2207|10 Zilhicce 1448
20270517|0353|0541|1309|1706|2028|2208|11 Zilhicce 1448
20270518|0351|0540|1309|1706|2029|2210|12 Zilhicce 1448
20270519|0350|0539|1310|1706|2030|2211|13 Zilhicce 1448
20270520|0349|0539|1310|1706|2031|2213|14 Zilhicce 1448
20270521|0347|0538|1310|1707|2032|2214|15 Zilhicce 1448
20270522|0346|0537|1310|1707|2032|2215|16 Zilhicce 1448
20270523|0344|0536|1310|1707|2033|2217|17 Zilhicce 1448
20270524|0343|0535|1310|1708|2034|2218|18 Zilhicce 1448
20270525|0342|0535|1310|1708|2035|2220|19 Zilhicce 1448
20270526|0341|0534|1310|1708|2036|2221|20 Zilhicce 1448
20270527|0339|0533|1310|1708|2037|2222|21 Zilhicce 1448
20270528|0338|0533|1310|1709|2038|2224|22 Zilhicce 1448
20270529|0337|0532|1310|1709|2039|2225|23 Zilhicce 1448
20270530|0336|0532|1311|1709|2039|2226|24 Zilhicce 1448
20270531|0335|0531|1311|1710|2040|2227|25 Zilhicce 1448
20270601|0334|0531|1311|1710|2041|2229|26 Zilhicce 1448
20270602|0333|0530|1311|1710|2042|2230|27 Zilhicce 1448
20270603|0332|0530|1311|1710|2042|2231|28 Zilhicce 1448
20270604|0331|0529|1311|1711|2043|2232|29 Zilhicce 1448
20270605|0331|0529|1311|1711|2044|2233|30 Zilhicce 1448
20270606|0330|0529|1312|1711|2045|2234|1 Muharrem 1449
20270607|0329|0528|1312|1712|2045|2235|2 Muharrem 1449
20270608|0329|0528|1312|1712|2046|2236|3 Muharrem 1449
20270609|0328|0528|1312|1712|2046|2237|4 Muharrem 1449
20270610|0328|0528|1312|1712|2047|2238|5 Muharrem 1449
20270611|0327|0528|1313|1713|2048|2239|6 Muharrem 1449
20270612|0327|0528|1313|1713|2048|2239|7 Muharrem 1449
20270613|0326|0527|1313|1713|2049|2240|8 Muharrem 1449
20270614|0326|0527|1313|1714|2049|2241|9 Muharrem 1449
20270615|0326|0527|1313|1714|2049|2241|10 Muharrem 1449
20270616|0326|0527|1314|1714|2050|2242|11 Muharrem 1449
20270617|0326|0527|1314|1714|2050|2243|12 Muharrem 1449
20270618|0326|0528|1314|1715|2051|2243|13 Muharrem 1449
20270619|0326|0528|1314|1715|2051|2243|14 Muharrem 1449
20270620|0326|0528|1314|1715|2051|2244|15 Muharrem 1449
20270621|0326|0528|1315|1715|2051|2244|16 Muharrem 1449
20270622|0326|0528|1315|1715|2052|2244|17 Muharrem 1449
20270623|0326|0528|1315|1716|2052|2244|18 Muharrem 1449
20270624|0327|0529|1315|1716|2052|2244|19 Muharrem 1449
20270625|0327|0529|1316|1716|2052|2245|20 Muharrem 1449
20270626|0328|0529|1316|1716|2052|2245|21 Muharrem 1449
20270627|0328|0530|1316|1716|2052|2244|22 Muharrem 1449
20270628|0329|0530|1316|1717|2052|2244|23 Muharrem 1449
20270629|0329|0531|1316|1717|2052|2244|24 Muharrem 1449
20270630|0330|0531|1317|1717|2052|2244|25 Muharrem 1449
20270701|0331|0532|1317|1717|2052|2244|26 Muharrem 1449
20270702|0331|0532|1317|1717|2052|2243|27 Muharrem 1449
20270703|0332|0533|1317|1717|2052|2243|28 Muharrem 1449
20270704|0333|0533|1317|1717|2052|2242|29 Muharrem 1449
20270705|0334|0534|1318|1717|2051|2242|1 Safer 1449
20270706|0335|0534|1318|1718|2051|2241|2 Safer 1449
20270707|0336|0535|1318|1718|2051|2241|3 Safer 1449
20270708|0337|0536|1318|1718|2051|2240|4 Safer 1449
20270709|0338|0536|1318|1718|2050|2239|5 Safer 1449
20270710|0339|0537|1318|1718|2050|2238|6 Safer 1449
20270711|0340|0538|1318|1718|2049|2238|7 Safer 1449
20270712|0342|0538|1319|1718|2049|2237|8 Safer 1449
20270713|0343|0539|1319|1718|2048|2236|9 Safer 1449
20270714|0344|0540|1319|1718|2048|2235|10 Safer 1449
20270715|0345|0541|1319|1718|2047|2234|11 Safer 1449
20270716|0347|0541|1319|1718|2047|2233|12 Safer 1449
20270717|0348|0542|1319|1718|2046|2232|13 Safer 1449
20270718|0349|0543|1319|1717|2046|2231|14 Safer 1449
20270719|0351|0544|1319|1717|2045|2229|15 Safer 1449
20270720|0352|0545|1319|1717|2044|2228|16 Safer 1449
20270721|0354|0546|1319|1717|2043|2227|17 Safer 1449
20270722|0355|0546|1320|1717|2043|2226|18 Safer 1449
20270723|0357|0547|1320|1717|2042|2224|19 Safer 1449
20270724|0358|0548|1320|1717|2041|2223|20 Safer 1449
20270725|0400|0549|1320|1716|2040|2222|21 Safer 1449
20270726|0401|0550|1320|1716|2039|2220|22 Safer 1449
20270727|0403|0551|1320|1716|2038|2219|23 Safer 1449
20270728|0404|0552|1320|1716|2037|2217|24 Safer 1449
20270729|0406|0553|1320|1715|2036|2216|25 Safer 1449
20270730|0407|0554|1320|1715|2035|2214|26 Safer 1449
20270731|0409|0555|1319|1715|2034|2213|27 Safer 1449
20270801|0410|0556|1319|1714|2033|2211|28 Safer 1449
20270802|0412|0557|1319|1714|2032|2209|29 Safer 1449
20270803|0413|0558|1319|1713|2031|2208|1 Rebiulevvel 1449
20270804|0415|0559|1319|1713|2030|2206|2 Rebiulevvel 1449
20270805|0416|0600|1319|1713|2029|2205|3 Rebiulevvel 1449
20270806|0418|0601|1319|1712|2027|2203|4 Rebiulevvel 1449
20270807|0420|0602|1319|1712|2026|2201|5 Rebiulevvel 1449
20270808|0421|0603|1319|1711|2025|2159|6 Rebiulevvel 1449
20270809|0423|0604|1319|1711|2024|2158|7 Rebiulevvel 1449
20270810|0424|0605|1319|1710|2022|2156|8 Rebiulevvel 1449
20270811|0426|0606|1318|1710|2021|2154|9 Rebiulevvel 1449
20270812|0427|0607|1318|1709|2020|2152|10 Rebiulevvel 1449
20270813|0429|0608|1318|1708|2018|2151|11 Rebiulevvel 1449
20270814|0430|0609|1318|1708|2017|2149|12 Rebiulevvel 1449
20270815|0432|0610|1318|1707|2016|2147|13 Rebiulevvel 1449
20270816|0433|0611|1317|1707|2014|2145|14 Rebiulevvel 1449
20270817|0435|0612|1317|1706|2013|2143|15 Rebiulevvel 1449
20270818|0436|0613|1317|1705|2011|2141|16 Rebiulevvel 1449
20270819|0438|0614|1317|1705|2010|2139|17 Rebiulevvel 1449
20270820|0439|0615|1317|1704|2008|2138|18 Rebiulevvel 1449
20270821|0441|0616|1316|1703|2007|2136|19 Rebiulevvel 1449
20270822|0442|0617|1316|1702|2005|2134|20 Rebiulevvel 1449
20270823|0444|0618|1316|1702|2004|2132|21 Rebiulevvel 1449
20270824|0445|0619|1316|1701|2002|2130|22 Rebiulevvel 1449
20270825|0446|0620|1315|1700|2001|2128|23 Rebiulevvel 1449
20270826|0448|0621|1315|1659|1959|2126|24 Rebiulevvel 1449
20270827|0449|0622|1315|1658|1958|2124|25 Rebiulevvel 1449
20270828|0451|0623|1314|1657|1956|2122|26 Rebiulevvel 1449
20270829|0452|0624|1314|1656|1955|2120|27 Rebiulevvel 1449
20270830|0453|0625|1314|1656|1953|2118|28 Rebiulevvel 1449
20270831|0455|0626|1314|1655|1951|2116|29 Rebiulevvel 1449
20270901|0456|0627|1313|1654|1950|2115|30 Rebiulevvel 1449
20270902|0457|0628|1313|1653|1948|2113|1 Rebiulahir 1449
20270903|0459|0629|1313|1652|1946|2111|2 Rebiulahir 1449
20270904|0500|0630|1312|1651|1945|2109|3 Rebiulahir 1449
20270905|0501|0631|1312|1650|1943|2107|4 Rebiulahir 1449
20270906|0503|0632|1312|1649|1941|2105|5 Rebiulahir 1449
20270907|0504|0633|1311|1648|1940|2103|6 Rebiulahir 1449
20270908|0505|0634|1311|1647|1938|2101|7 Rebiulahir 1449
20270909|0506|0635|1311|1646|1936|2059|8 Rebiulahir 1449
20270910|0508|0636|1310|1645|1935|2057|9 Rebiulahir 1449
20270911|0509|0637|1310|1644|1933|2055|10 Rebiulahir 1449
20270912|0510|0638|1310|1643|1931|2053|11 Rebiulahir 1449
20270913|0511|0639|1309|1641|1930|2051|12 Rebiulahir 1449
20270914|0513|0640|1309|1640|1928|2049|13 Rebiulahir 1449
20270915|0514|0641|1309|1639|1926|2048|14 Rebiulahir 1449
20270916|0515|0642|1308|1638|1924|2046|15 Rebiulahir 1449
20270917|0516|0643|1308|1637|1923|2044|16 Rebiulahir 1449
20270918|0517|0644|1307|1636|1921|2042|17 Rebiulahir 1449
20270919|0519|0645|1307|1635|1919|2040|18 Rebiulahir 1449
20270920|0520|0646|1307|1634|1918|2038|19 Rebiulahir 1449
20270921|0521|0647|1306|1632|1916|2036|20 Rebiulahir 1449
20270922|0522|0648|1306|1631|1914|2034|21 Rebiulahir 1449
20270923|0523|0649|1306|1630|1912|2033|22 Rebiulahir 1449
20270924|0524|0650|1305|1629|1911|2031|23 Rebiulahir 1449
20270925|0525|0651|1305|1628|1909|2029|24 Rebiulahir 1449
20270926|0527|0652|1305|1626|1907|2027|25 Rebiulahir 1449
20270927|0528|0653|1304|1625|1906|2025|26 Rebiulahir 1449
20270928|0529|0654|1304|1624|1904|2024|27 Rebiulahir 1449
20270929|0530|0655|1304|1623|1902|2022|28 Rebiulahir 1449
20270930|0531|0656|1303|1622|1900|2020|29 Rebiulahir 1449
20271001|0532|0657|1303|1620|1859|2018|1 Cemaziyelevvel 1449
20271002|0533|0658|1303|1619|1857|2017|2 Cemaziyelevvel 1449
20271003|0534|0659|1302|1618|1855|2015|3 Cemaziyelevvel 1449
20271004|0535|0700|1302|1617|1854|2013|4 Cemaziyelevvel 1449
20271005|0537|0701|1302|1616|1852|2011|5 Cemaziyelevvel 1449
20271006|0538|0702|1301|1614|1850|2010|6 Cemaziyelevvel 1449
20271007|0539|0703|1301|1613|1849|2008|7 Cemaziyelevvel 1449
20271008|0540|0704|1301|1612|1847|2006|8 Cemaziyelevvel 1449
20271009|0541|0706|1301|1611|1845|2005|9 Cemaziyelevvel 1449
20271010|0542|0707|1300|1609|1844|2003|10 Cemaziyelevvel 1449
20271011|0543|0708|1300|1608|1842|2002|11 Cemaziyelevvel 1449
20271012|0544|0709|1300|1607|1841|2000|12 Cemaziyelevvel 1449
20271013|0545|0710|1259|1606|1839|1958|13 Cemaziyelevvel 1449
20271014|0546|0711|1259|1605|1837|1957|14 Cemaziyelevvel 1449
20271015|0547|0712|1259|1603|1836|1955|15 Cemaziyelevvel 1449
20271016|0548|0713|1259|1602|1834|1954|16 Cemaziyelevvel 1449
20271017|0549|0714|1259|1601|1833|1952|17 Cemaziyelevvel 1449
20271018|0551|0715|1258|1600|1831|1951|18 Cemaziyelevvel 1449
20271019|0552|0717|1258|1559|1830|1949|19 Cemaziyelevvel 1449
20271020|0553|0718|1258|1557|1828|1948|20 Cemaziyelevvel 1449
20271021|0554|0719|1258|1556|1827|1947|21 Cemaziyelevvel 1449
20271022|0555|0720|1258|1555|1825|1945|22 Cemaziyelevvel 1449
20271023|0556|0721|1257|1554|1824|1944|23 Cemaziyelevvel 1449
20271024|0557|0722|1257|1553|1822|1942|24 Cemaziyelevvel 1449
20271025|0558|0723|1257|1552|1821|1941|25 Cemaziyelevvel 1449
20271026|0559|0725|1257|1551|1820|1940|26 Cemaziyelevvel 1449
20271027|0600|0726|1257|1550|1818|1939|27 Cemaziyelevvel 1449
20271028|0601|0727|1257|1549|1817|1937|28 Cemaziyelevvel 1449
20271029|0602|0728|1257|1548|1816|1936|29 Cemaziyelevvel 1449
20271030|0603|0729|1257|1546|1814|1935|30 Cemaziyelevvel 1449
20271031|0604|0730|1257|1545|1813|1934|1 Cemaziyelahir 1449
20271101|0605|0732|1257|1544|1812|1933|2 Cemaziyelahir 1449
20271102|0606|0733|1257|1543|1810|1932|3 Cemaziyelahir 1449
20271103|0607|0734|1257|1543|1809|1930|4 Cemaziyelahir 1449
20271104|0608|0735|1257|1542|1808|1929|5 Cemaziyelahir 1449
20271105|0610|0736|1257|1541|1807|1928|6 Cemaziyelahir 1449
20271106|0611|0738|1257|1540|1806|1927|7 Cemaziyelahir 1449
20271107|0612|0739|1257|1539|1805|1926|8 Cemaziyelahir 1449
20271108|0613|0740|1257|1538|1803|1925|9 Cemaziyelahir 1449
20271109|0614|0741|1257|1537|1802|1925|10 Cemaziyelahir 1449
20271110|0615|0742|1257|1536|1801|1924|11 Cemaziyelahir 1449
20271111|0616|0744|1257|1535|1800|1923|12 Cemaziyelahir 1449
20271112|0617|0745|1257|1535|1759|1922|13 Cemaziyelahir 1449
20271113|0618|0746|1257|1534|1758|1921|14 Cemaziyelahir 1449
20271114|0619|0747|1257|1533|1758|1920|15 Cemaziyelahir 1449
20271115|0620|0748|1257|1533|1757|1920|16 Cemaziyelahir 1449
20271116|0621|0750|1258|1532|1756|1919|17 Cemaziyelahir 1449
20271117|0622|0751|1258|1531|1755|1918|18 Cemaziyelahir 1449
20271118|0623|0752|1258|1531|1754|1918|19 Cemaziyelahir 1449
20271119|0624|0753|1258|1530|1753|1917|20 Cemaziyelahir 1449
20271120|0625|0754|1258|1529|1753|1917|21 Cemaziyelahir 1449
20271121|0626|0756|1259|1529|1752|1916|22 Cemaziyelahir 1449
20271122|0627|0757|1259|1528|1751|1916|23 Cemaziyelahir 1449
20271123|0628|0758|1259|1528|1751|1915|24 Cemaziyelahir 1449
20271124|0629|0759|1259|1527|1750|1915|25 Cemaziyelahir 1449
20271125|0630|0800|1300|1527|1750|1914|26 Cemaziyelahir 1449
20271126|0631|0801|1300|1527|1749|1914|27 Cemaziyelahir 1449
20271127|0632|0802|1300|1526|1749|1914|28 Cemaziyelahir 1449
20271128|0633|0803|1301|1526|1748|1913|29 Cemaziyelahir 1449
20271129|0634|0805|1301|1526|1748|1913|1 Recep 1449
20271130|0635|0806|1301|1525|1747|1913|2 Recep 1449
20271201|0635|0807|1302|1525|1747|1913|3 Recep 1449
20271202|0636|0808|1302|1525|1747|1912|4 Recep 1449
20271203|0637|0809|1303|1525|1746|1912|5 Recep 1449
20271204|0638|0810|1303|1525|1746|1912|6 Recep 1449
20271205|0639|0811|1303|1525|1746|1912|7 Recep 1449
20271206|0640|0812|1304|1525|1746|1912|8 Recep 1449
20271207|0641|0813|1304|1525|1746|1912|9 Recep 1449
20271208|0641|0813|1305|1525|1746|1912|10 Recep 1449
20271209|0642|0814|1305|1525|1746|1912|11 Recep 1449
20271210|0643|0815|1305|1525|1746|1912|12 Recep 1449
20271211|0644|0816|1306|1525|1746|1913|13 Recep 1449
20271212|0645|0817|1306|1525|1746|1913|14 Recep 1449
20271213|0645|0818|1307|1525|1746|1913|15 Recep 1449
20271214|0646|0818|1307|1526|1746|1913|16 Recep 1449
20271215|0647|0819|1308|1526|1746|1913|17 Recep 1449
20271216|0647|0820|1308|1526|1747|1914|18 Recep 1449
20271217|0648|0821|1309|1526|1747|1914|19 Recep 1449
20271218|0649|0821|1309|1527|1747|1914|20 Recep 1449
20271219|0649|0822|1310|1527|1748|1915|21 Recep 1449
20271220|0650|0822|1310|1528|1748|1915|22 Recep 1449
20271221|0650|0823|1311|1528|1749|1916|23 Recep 1449
20271222|0651|0824|1311|1528|1749|1916|24 Recep 1449
20271223|0651|0824|1312|1529|1749|1917|25 Recep 1449
20271224|0652|0824|1312|1530|1750|1917|26 Recep 1449
20271225|0652|0825|1313|1530|1751|1918|27 Recep 1449
20271226|0653|0825|1313|1531|1751|1918|28 Recep 1449
20271227|0653|0826|1314|1531|1752|1919|29 Recep 1449
20271228|0653|0826|1314|1532|1753|1920|30 Recep 1449
20271229|0654|0826|1315|1533|1753|1920|1 Şaban 1449
20271230|0654|0826|1315|1533|1754|1921|2 Şaban 1449
20271231|0654|0827|1316|1534|1755|1922|3 Şaban 1449
#@9873|Çorlu|TEKIRDAG|396
20261003|0536|0700|1303|1619|1856|2015|22 Rebiulahir 1448
20261004|0537|0701|1303|1617|1854|2013|23 Rebiulahir 1448
20261005|0538|0702|1302|1616|1852|2012|24 Rebiulahir 1448
20261006|0539|0703|1302|1615|1851|2010|25 Rebiulahir 1448
20261007|0540|0704|1302|1614|1849|2008|26 Rebiulahir 1448
20261008|0541|0705|1301|1612|1848|2007|27 Rebiulahir 1448
20261009|0542|0707|1301|1611|1846|2005|28 Rebiulahir 1448
20261010|0543|0708|1301|1610|1844|2003|29 Rebiulahir 1448
20261011|0544|0709|1301|1609|1843|2002|30 Rebiulahir 1448
20261012|0545|0710|1300|1608|1841|2000|1 Cemaziyelevvel 1448
20261013|0546|0711|1300|1606|1840|1959|2 Cemaziyelevvel 1448
20261014|0547|0712|1300|1605|1838|1957|3 Cemaziyelevvel 1448
20261015|0548|0713|1300|1604|1836|1956|4 Cemaziyelevvel 1448
20261016|0549|0714|1259|1603|1835|1954|5 Cemaziyelevvel 1448
20261017|0551|0715|1259|1602|1833|1953|6 Cemaziyelevvel 1448
20261018|0552|0716|1259|1600|1832|1951|7 Cemaziyelevvel 1448
20261019|0553|0717|1259|1559|1830|1950|8 Cemaziyelevvel 1448
20261020|0554|0719|1259|1558|1829|1948|9 Cemaziyelevvel 1448
20261021|0555|0720|1259|1557|1827|1947|10 Cemaziyelevvel 1448
20261022|0556|0721|1258|1556|1826|1946|11 Cemaziyelevvel 1448
20261023|0557|0722|1258|1555|1824|1944|12 Cemaziyelevvel 1448
20261024|0558|0723|1258|1554|1823|1943|13 Cemaziyelevvel 1448
20261025|0559|0724|1258|1553|1822|1942|14 Cemaziyelevvel 1448
20261026|0600|0725|1258|1551|1820|1940|15 Cemaziyelevvel 1448
20261027|0601|0727|1258|1550|1819|1939|16 Cemaziyelevvel 1448
20261028|0602|0728|1258|1549|1818|1938|17 Cemaziyelevvel 1448
20261029|0603|0729|1258|1548|1816|1937|18 Cemaziyelevvel 1448
20261030|0604|0730|1257|1547|1815|1935|19 Cemaziyelevvel 1448
20261031|0605|0731|1257|1546|1814|1934|20 Cemaziyelevvel 1448
20261101|0606|0732|1257|1545|1812|1933|21 Cemaziyelevvel 1448
20261102|0607|0734|1257|1544|1811|1932|22 Cemaziyelevvel 1448
20270101|0655|0827|1317|1536|1757|1924|23 Recep 1448
20270102|0655|0827|1317|1537|1758|1924|24 Recep 1448
20270103|0655|0827|1318|1538|1759|1925|25 Recep 1448
20270104|0655|0827|1318|1539|1759|1926|26 Recep 1448
20270105|0656|0827|1319|1539|1800|1927|27 Recep 1448
20270106|0656|0827|1319|1540|1801|1928|28 Recep 1448
20270107|0656|0827|1320|1541|1802|1928|29 Recep 1448
20270108|0656|0827|1320|1542|1803|1929|30 Recep 1448
20270109|0656|0827|1321|1543|1804|1930|1 Şaban 1448
20270110|0656|0827|1321|1544|1805|1931|2 Şaban 1448
20270111|0655|0827|1321|1545|1806|1932|3 Şaban 1448
20270112|0655|0826|1322|1546|1807|1933|4 Şaban 1448
20270113|0655|0826|1322|1547|1808|1934|5 Şaban 1448
20270114|0655|0826|1323|1548|1810|1935|6 Şaban 1448
20270115|0655|0825|1323|1549|1811|1936|7 Şaban 1448
20270116|0654|0825|1323|1550|1812|1937|8 Şaban 1448
20270117|0654|0824|1324|1551|1813|1938|9 Şaban 1448
20270118|0654|0824|1324|1552|1814|1939|10 Şaban 1448
20270119|0653|0823|1324|1553|1815|1940|11 Şaban 1448
20270120|0653|0823|1325|1554|1816|1941|12 Şaban 1448
20270121|0653|0822|1325|1555|1818|1942|13 Şaban 1448
20270122|0652|0822|1325|1556|1819|1943|14 Şaban 1448
20270123|0652|0821|1325|1557|1820|1944|15 Şaban 1448
20270124|0651|0820|1326|1558|1821|1945|16 Şaban 1448
20270125|0651|0819|1326|1559|1822|1946|17 Şaban 1448
20270126|0650|0819|1326|1600|1824|1947|18 Şaban 1448
20270127|0649|0818|1326|1601|1825|1948|19 Şaban 1448
20270128|0649|0817|1327|1602|1826|1949|20 Şaban 1448
20270129|0648|0816|1327|1603|1827|1950|21 Şaban 1448
20270130|0647|0815|1327|1604|1829|1951|22 Şaban 1448
20270131|0647|0814|1327|1605|1830|1952|23 Şaban 1448
20270201|0646|0813|1327|1606|1831|1953|24 Şaban 1448
20270202|0645|0812|1327|1607|1832|1955|25 Şaban 1448
20270203|0644|0811|1328|1608|1834|1956|26 Şaban 1448
20270204|0643|0810|1328|1609|1835|1957|27 Şaban 1448
20270205|0642|0809|1328|1610|1836|1958|28 Şaban 1448
20270206|0641|0808|1328|1611|1837|1959|29 Şaban 1448
20270207|0640|0807|1328|1612|1839|2000|30 Şaban 1448
20270208|0639|0806|1328|1613|1840|2001|1 Ramazan 1448
20270209|0638|0805|1328|1614|1841|2002|2 Ramazan 1448
20270210|0637|0804|1328|1615|1842|2003|3 Ramazan 1448
20270211|0636|0802|1328|1616|1844|2004|4 Ramazan 1448
20270212|0635|0801|1328|1617|1845|2006|5 Ramazan 1448
20270213|0634|0800|1328|1618|1846|2007|6 Ramazan 1448
20270214|0633|0759|1328|1619|1847|2008|7 Ramazan 1448
20270215|0632|0757|1328|1620|1849|2009|8 Ramazan 1448
20270216|0630|0756|1328|1621|1850|2010|9 Ramazan 1448
20270217|0629|0755|1328|1622|1851|2011|10 Ramazan 1448
20270218|0628|0753|1328|1623|1852|2012|11 Ramazan 1448
20270219|0627|0752|1328|1624|1854|2013|12 Ramazan 1448
20270220|0625|0750|1328|1625|1855|2014|13 Ramazan 1448
20270221|0624|0749|1327|1626|1856|2016|14 Ramazan 1448
20270222|0623|0748|1327|1627|1857|2017|15 Ramazan 1448
20270223|0621|0746|1327|1627|1858|2018|16 Ramazan 1448
20270224|0620|0745|1327|1628|1900|2019|17 Ramazan 1448
20270225|0618|0743|1327|1629|1901|2020|18 Ramazan 1448
20270226|0617|0742|1327|1630|1902|2021|19 Ramazan 1448
20270227|0616|0740|1327|1631|1903|2022|20 Ramazan 1448
20270228|0614|0739|1326|1632|1904|2023|21 Ramazan 1448
20270301|0613|0737|1326|1632|1905|2025|22 Ramazan 1448
20270302|0611|0736|1326|1633|1907|2026|23 Ramazan 1448
20270303|0610|0734|1326|1634|1908|2027|24 Ramazan 1448
20270304|0608|0732|1326|1635|1909|2028|25 Ramazan 1448
20270305|0606|0731|1325|1635|1910|2029|26 Ramazan 1448
20270306|0605|0729|1325|1636|1911|2030|27 Ramazan 1448
20270307|0603|0728|1325|1637|1912|2031|28 Ramazan 1448
20270308|0602|0726|1325|1638|1913|2033|29 Ramazan 1448
20270309|0600|0724|1324|1638|1915|2034|1 Şevval 1448
20270310|0558|0723|1324|1639|1916|2035|2 Şevval 1448
20270311|0557|0721|1324|1640|1917|2036|3 Şevval 1448
20270312|0555|0720|1324|1640|1918|2037|4 Şevval 1448
20270313|0553|0718|1323|1641|1919|2038|5 Şevval 1448
20270314|0551|0716|1323|1641|1920|2040|6 Şevval 1448
20270315|0550|0715|1323|1642|1921|2041|7 Şevval 1448
20270316|0548|0713|1323|1643|1922|2042|8 Şevval 1448
20270317|0546|0711|1322|1643|1923|2043|9 Şevval 1448
20270318|0544|0710|1322|1644|1925|2044|10 Şevval 1448
20270319|0543|0708|1322|1644|1926|2045|11 Şevval 1448
20270320|0541|0706|1321|1645|1927|2047|12 Şevval 1448
20270321|0539|0705|1321|1646|1928|2048|13 Şevval 1448
20270322|0537|0703|1321|1646|1929|2049|14 Şevval 1448
20270323|0535|0701|1321|1647|1930|2050|15 Şevval 1448
20270324|0534|0700|1320|1647|1931|2051|16 Şevval 1448
20270325|0532|0658|1320|1648|1932|2053|17 Şevval 1448
20270326|0530|0656|1320|1648|1933|2054|18 Şevval 1448
20270327|0528|0654|1319|1649|1934|2055|19 Şevval 1448
20270328|0526|0653|1319|1649|1935|2056|20 Şevval 1448
20270329|0524|0651|1319|1650|1936|2058|21 Şevval 1448
20270330|0522|0649|1318|1650|1938|2059|22 Şevval 1448
20270331|0520|0648|1318|1651|1939|2100|23 Şevval 1448
20270401|0519|0646|1318|1651|1940|2101|24 Şevval 1448
20270402|0517|0644|1318|1651|1941|2103|25 Şevval 1448
20270403|0515|0643|1317|1652|1942|2104|26 Şevval 1448
20270404|0513|0641|1317|1652|1943|2105|27 Şevval 1448
20270405|0511|0640|1317|1653|1944|2107|28 Şevval 1448
20270406|0509|0638|1316|1653|1945|2108|29 Şevval 1448
20270407|0507|0636|1316|1653|1946|2109|30 Şevval 1448
20270408|0505|0635|1316|1654|1947|2111|1 Zilkade 1448
20270409|0503|0633|1316|1654|1948|2112|2 Zilkade 1448
20270410|0501|0631|1315|1655|1949|2113|3 Zilkade 1448
20270411|0459|0630|1315|1655|1950|2115|4 Zilkade 1448
20270412|0457|0628|1315|1655|1951|2116|5 Zilkade 1448
20270413|0455|0627|1315|1656|1952|2117|6 Zilkade 1448
20270414|0454|0625|1314|1656|1954|2119|7 Zilkade 1448
20270415|0452|0623|1314|1656|1955|2120|8 Zilkade 1448
20270416|0450|0622|1314|1657|1956|2122|9 Zilkade 1448
20270417|0448|0620|1314|1657|1957|2123|10 Zilkade 1448
20270418|0446|0619|1313|1657|1958|2125|11 Zilkade 1448
20270419|0444|0617|1313|1658|1959|2126|12 Zilkade 1448
20270420|0442|0616|1313|1658|2000|2127|13 Zilkade 1448
20270421|0440|0614|1313|1658|2001|2129|14 Zilkade 1448
20270422|0438|0613|1312|1659|2002|2130|15 Zilkade 1448
20270423|0436|0611|1312|1659|2003|2132|16 Zilkade 1448
20270424|0434|0610|1312|1659|2004|2133|17 Zilkade 1448
20270425|0433|0609|1312|1700|2005|2135|18 Zilkade 1448
20270426|0431|0607|1312|1700|2006|2136|19 Zilkade 1448
20270427|0429|0606|1312|1700|2007|2138|20 Zilkade 1448
20270428|0427|0604|1311|1701|2009|2139|21 Zilkade 1448
20270429|0425|0603|1311|1701|2010|2141|22 Zilkade 1448
20270430|0423|0602|1311|1701|2011|2142|23 Zilkade 1448
20270501|0421|0600|1311|1702|2012|2144|24 Zilkade 1448
20270502|0420|0559|1311|1702|2013|2145|25 Zilkade 1448
20270503|0418|0558|1311|1702|2014|2147|26 Zilkade 1448
20270504|0416|0556|1311|1702|2015|2148|27 Zilkade 1448
20270505|0414|0555|1311|1703|2016|2150|28 Zilkade 1448
20270506|0412|0554|1310|1703|2017|2151|29 Zilkade 1448
20270507|0411|0553|1310|1703|2018|2153|1 Zilhicce 1448
20270508|0409|0552|1310|1704|2019|2155|2 Zilhicce 1448
20270509|0407|0551|1310|1704|2020|2156|3 Zilhicce 1448
20270510|0406|0549|1310|1704|2021|2158|4 Zilhicce 1448
20270511|0404|0548|1310|1704|2022|2159|5 Zilhicce 1448
20270512|0402|0547|1310|1705|2023|2201|6 Zilhicce 1448
20270513|0401|0546|1310|1705|2024|2202|7 Zilhicce 1448
20270514|0359|0545|1310|1705|2025|2204|8 Zilhicce 1448
20270515|0357|0544|1310|1706|2026|2205|9 Zilhicce 1448
20270516|0356|0543|1310|1706|2027|2207|10 Zilhicce 1448
20270517|0354|0542|1310|1706|2028|2208|11 Zilhicce 1448
20270518|0353|0541|1310|1706|2029|2210|12 Zilhicce 1448
20270519|0351|0540|1310|1707|2030|2211|13 Zilhicce 1448
20270520|0350|0540|1310|1707|2031|2213|14 Zilhicce 1448
20270521|0349|0539|1310|1707|2032|2214|15 Zilhicce 1448
20270522|0347|0538|1310|1708|2033|2216|16 Zilhicce 1448
20270523|0346|0537|1311|1708|2034|2217|17 Zilhicce 1448
20270524|0345|0536|1311|1708|2035|2218|18 Zilhicce 1448
20270525|0343|0536|1311|1708|2036|2220|19 Zilhicce 1448
20270526|0342|0535|1311|1709|2037|2221|20 Zilhicce 1448
20270527|0341|0534|1311|1709|2037|2222|21 Zilhicce 1448
20270528|0340|0534|1311|1709|2038|2224|22 Zilhicce 1448
20270529|0339|0533|1311|1710|2039|2225|23 Zilhicce 1448
20270530|0338|0533|1311|1710|2040|2226|24 Zilhicce 1448
20270531|0337|0532|1311|1710|2041|2227|25 Zilhicce 1448
20270601|0336|0532|1312|1710|2041|2229|26 Zilhicce 1448
20270602|0335|0531|1312|1711|2042|2230|27 Zilhicce 1448
20270603|0334|0531|1312|1711|2043|2231|28 Zilhicce 1448
20270604|0333|0531|1312|1711|2044|2232|29 Zilhicce 1448
20270605|0332|0530|1312|1712|2044|2233|30 Zilhicce 1448
20270606|0332|0530|1312|1712|2045|2234|1 Muharrem 1449
20270607|0331|0530|1313|1712|2046|2235|2 Muharrem 1449
20270608|0330|0529|1313|1712|2046|2236|3 Muharrem 1449
20270609|0330|0529|1313|1713|2047|2237|4 Muharrem 1449
20270610|0329|0529|1313|1713|2047|2238|5 Muharrem 1449
20270611|0329|0529|1313|1713|2048|2239|6 Muharrem 1449
20270612|0328|0529|1314|1714|2048|2239|7 Muharrem 1449
20270613|0328|0529|1314|1714|2049|2240|8 Muharrem 1449
20270614|0328|0529|1314|1714|2049|2241|9 Muharrem 1449
20270615|0328|0529|1314|1714|2050|2241|10 Muharrem 1449
20270616|0327|0529|1314|1715|2050|2242|11 Muharrem 1449
20270617|0327|0529|1315|1715|2051|2242|12 Muharrem 1449
20270618|0327|0529|1315|1715|2051|2243|13 Muharrem 1449
20270619|0327|0529|1315|1715|2051|2243|14 Muharrem 1449
20270620|0327|0529|1315|1716|2052|2244|15 Muharrem 1449
20270621|0328|0529|1315|1716|2052|2244|16 Muharrem 1449
20270622|0328|0529|1316|1716|2052|2244|17 Muharrem 1449
20270623|0328|0530|1316|1716|2052|2244|18 Muharrem 1449
20270624|0328|0530|1316|1716|2052|2244|19 Muharrem 1449
20270625|0329|0530|1316|1717|2053|2244|20 Muharrem 1449
20270626|0329|0531|1317|1717|2053|2244|21 Muharrem 1449
20270627|0330|0531|1317|1717|2053|2244|22 Muharrem 1449
20270628|0330|0531|1317|1717|2053|2244|23 Muharrem 1449
20270629|0331|0532|1317|1717|2053|2244|24 Muharrem 1449
20270630|0332|0532|1317|1717|2053|2244|25 Muharrem 1449
20270701|0332|0533|1318|1718|2053|2244|26 Muharrem 1449
20270702|0333|0533|1318|1718|2052|2243|27 Muharrem 1449
20270703|0334|0534|1318|1718|2052|2243|28 Muharrem 1449
20270704|0335|0534|1318|1718|2052|2242|29 Muharrem 1449
20270705|0336|0535|1318|1718|2052|2242|1 Safer 1449
20270706|0337|0535|1318|1718|2052|2241|2 Safer 1449
20270707|0338|0536|1319|1718|2051|2241|3 Safer 1449
20270708|0339|0537|1319|1718|2051|2240|4 Safer 1449
20270709|0340|0537|1319|1718|2051|2239|5 Safer 1449
20270710|0341|0538|1319|1718|2050|2238|6 Safer 1449
20270711|0342|0539|1319|1718|2050|2238|7 Safer 1449
20270712|0343|0539|1319|1718|2049|2237|8 Safer 1449
20270713|0344|0540|1320|1718|2049|2236|9 Safer 1449
20270714|0346|0541|1320|1718|2048|2235|10 Safer 1449
20270715|0347|0542|1320|1718|2048|2234|11 Safer 1449
20270716|0348|0543|1320|1718|2047|2233|12 Safer 1449
20270717|0350|0543|1320|1718|2047|2232|13 Safer 1449
20270718|0351|0544|1320|1718|2046|2231|14 Safer 1449
20270719|0352|0545|1320|1718|2045|2229|15 Safer 1449
20270720|0354|0546|1320|1718|2045|2228|16 Safer 1449
20270721|0355|0547|1320|1718|2044|2227|17 Safer 1449
20270722|0357|0548|1320|1717|2043|2226|18 Safer 1449
20270723|0358|0548|1320|1717|2042|2224|19 Safer 1449
20270724|0400|0549|1320|1717|2041|2223|20 Safer 1449
20270725|0401|0550|1320|1717|2040|2222|21 Safer 1449
20270726|0403|0551|1320|1717|2040|2220|22 Safer 1449
20270727|0404|0552|1320|1716|2039|2219|23 Safer 1449
20270728|0406|0553|1320|1716|2038|2217|24 Safer 1449
20270729|0407|0554|1320|1716|2037|2216|25 Safer 1449
20270730|0409|0555|1320|1716|2036|2214|26 Safer 1449
20270731|0410|0556|1320|1715|2035|2213|27 Safer 1449
20270801|0412|0557|1320|1715|2034|2211|28 Safer 1449
20270802|0413|0558|1320|1714|2033|2210|29 Safer 1449
20270803|0415|0559|1320|1714|2031|2208|1 Rebiulevvel 1449
20270804|0416|0600|1320|1714|2030|2206|2 Rebiulevvel 1449
20270805|0418|0601|1320|1713|2029|2205|3 Rebiulevvel 1449
20270806|0419|0602|1320|1713|2028|2203|4 Rebiulevvel 1449
20270807|0421|0603|1320|1712|2027|2201|5 Rebiulevvel 1449
20270808|0422|0604|1320|1712|2025|2200|6 Rebiulevvel 1449
20270809|0424|0605|1319|1711|2024|2158|7 Rebiulevvel 1449
20270810|0425|0606|1319|1711|2023|2156|8 Rebiulevvel 1449
20270811|0427|0607|1319|1710|2022|2154|9 Rebiulevvel 1449
20270812|0429|0608|1319|1710|2020|2153|10 Rebiulevvel 1449
20270813|0430|0609|1319|1709|2019|2151|11 Rebiulevvel 1449
20270814|0432|0610|1319|1709|2018|2149|12 Rebiulevvel 1449
20270815|0433|0611|1318|1708|2016|2147|13 Rebiulevvel 1449
20270816|0435|0612|1318|1707|2015|2145|14 Rebiulevvel 1449
20270817|0436|0613|1318|1707|2013|2143|15 Rebiulevvel 1449
20270818|0437|0614|1318|1706|2012|2142|16 Rebiulevvel 1449
20270819|0439|0615|1318|1705|2011|2140|17 Rebiulevvel 1449
20270820|0440|0616|1317|1704|2009|2138|18 Rebiulevvel 1449
20270821|0442|0617|1317|1704|2008|2136|19 Rebiulevvel 1449
20270822|0443|0618|1317|1703|2006|2134|20 Rebiulevvel 1449
20270823|0445|0619|1317|1702|2005|2132|21 Rebiulevvel 1449
20270824|0446|0620|1316|1701|2003|2130|22 Rebiulevvel 1449
20270825|0448|0621|1316|1701|2001|2128|23 Rebiulevvel 1449
20270826|0449|0622|1316|1700|2000|2127|24 Rebiulevvel 1449
20270827|0450|0623|1316|1659|1958|2125|25 Rebiulevvel 1449
20270828|0452|0624|1315|1658|1957|2123|26 Rebiulevvel 1449
20270829|0453|0625|1315|1657|1955|2121|27 Rebiulevvel 1449
20270830|0454|0626|1315|1656|1954|2119|28 Rebiulevvel 1449
20270831|0456|0627|1314|1655|1952|2117|29 Rebiulevvel 1449
20270901|0457|0628|1314|1654|1950|2115|30 Rebiulevvel 1449
20270902|0458|0629|1314|1654|1949|2113|1 Rebiulahir 1449
20270903|0500|0630|1313|1653|1947|2111|2 Rebiulahir 1449
20270904|0501|0631|1313|1652|1945|2109|3 Rebiulahir 1449
20270905|0502|0632|1313|1651|1944|2107|4 Rebiulahir 1449
20270906|0504|0633|1312|1650|1942|2105|5 Rebiulahir 1449
20270907|0505|0634|1312|1649|1940|2103|6 Rebiulahir 1449
20270908|0506|0635|1312|1648|1939|2101|7 Rebiulahir 1449
20270909|0507|0636|1311|1647|1937|2100|8 Rebiulahir 1449
20270910|0509|0637|1311|1645|1935|2058|9 Rebiulahir 1449
20270911|0510|0638|1311|1644|1934|2056|10 Rebiulahir 1449
20270912|0511|0639|1310|1643|1932|2054|11 Rebiulahir 1449
20270913|0512|0640|1310|1642|1930|2052|12 Rebiulahir 1449
20270914|0514|0641|1310|1641|1929|2050|13 Rebiulahir 1449
20270915|0515|0642|1309|1640|1927|2048|14 Rebiulahir 1449
20270916|0516|0643|1309|1639|1925|2046|15 Rebiulahir 1449
20270917|0517|0644|1309|1638|1923|2044|16 Rebiulahir 1449
20270918|0518|0645|1308|1637|1922|2042|17 Rebiulahir 1449
20270919|0520|0646|1308|1636|1920|2041|18 Rebiulahir 1449
20270920|0521|0647|1307|1634|1918|2039|19 Rebiulahir 1449
20270921|0522|0648|1307|1633|1917|2037|20 Rebiulahir 1449
20270922|0523|0649|1307|1632|1915|2035|21 Rebiulahir 1449
20270923|0524|0650|1306|1631|1913|2033|22 Rebiulahir 1449
20270924|0525|0651|1306|1630|1911|2031|23 Rebiulahir 1449
20270925|0526|0652|1306|1628|1910|2030|24 Rebiulahir 1449
20270926|0528|0653|1305|1627|1908|2028|25 Rebiulahir 1449
20270927|0529|0654|1305|1626|1906|2026|26 Rebiulahir 1449
20270928|0530|0655|1305|1625|1905|2024|27 Rebiulahir 1449
20270929|0531|0656|1304|1624|1903|2022|28 Rebiulahir 1449
20270930|0532|0657|1304|1622|1901|2021|29 Rebiulahir 1449
20271001|0533|0658|1304|1621|1900|2019|1 Cemaziyelevvel 1449
20271002|0534|0659|1303|1620|1858|2017|2 Cemaziyelevvel 1449
20271003|0535|0700|1303|1619|1856|2015|3 Cemaziyelevvel 1449
20271004|0536|0701|1303|1618|1855|2014|4 Cemaziyelevvel 1449
20271005|0537|0702|1302|1616|1853|2012|5 Cemaziyelevvel 1449
20271006|0539|0703|1302|1615|1851|2010|6 Cemaziyelevvel 1449
20271007|0540|0704|1302|1614|1850|2009|7 Cemaziyelevvel 1449
20271008|0541|0705|1302|1613|1848|2007|8 Cemaziyelevvel 1449
20271009|0542|0706|1301|1612|1846|2005|9 Cemaziyelevvel 1449
20271010|0543|0707|1301|1610|1845|2004|10 Cemaziyelevvel 1449
20271011|0544|0708|1301|1609|1843|2002|11 Cemaziyelevvel 1449
20271012|0545|0709|1300|1608|1842|2001|12 Cemaziyelevvel 1449
20271013|0546|0711|1300|1607|1840|1959|13 Cemaziyelevvel 1449
20271014|0547|0712|1300|1605|1838|1958|14 Cemaziyelevvel 1449
20271015|0548|0713|1300|1604|1837|1956|15 Cemaziyelevvel 1449
20271016|0549|0714|1300|1603|1835|1955|16 Cemaziyelevvel 1449
20271017|0550|0715|1259|1602|1834|1953|17 Cemaziyelevvel 1449
20271018|0551|0716|1259|1601|1832|1952|18 Cemaziyelevvel 1449
20271019|0552|0717|1259|1600|1831|1950|19 Cemaziyelevvel 1449
20271020|0553|0718|1259|1558|1829|1949|20 Cemaziyelevvel 1449
20271021|0554|0719|1259|1557|1828|1947|21 Cemaziyelevvel 1449
20271022|0556|0721|1258|1556|1826|1946|22 Cemaziyelevvel 1449
20271023|0557|0722|1258|1555|1825|1945|23 Cemaziyelevvel 1449
20271024|0558|0723|1258|1554|1823|1943|24 Cemaziyelevvel 1449
20271025|0559|0724|1258|1553|1822|1942|25 Cemaziyelevvel 1449
20271026|0600|0725|1258|1552|1821|1941|26 Cemaziyelevvel 1449
20271027|0601|0726|1258|1551|1819|1939|27 Cemaziyelevvel 1449
20271028|0602|0727|1258|1550|1818|1938|28 Cemaziyelevvel 1449
20271029|0603|0729|1258|1549|1817|1937|29 Cemaziyelevvel 1449
20271030|0604|0730|1258|1547|1815|1936|30 Cemaziyelevvel 1449
20271031|0605|0731|1257|1546|1814|1935|1 Cemaziyelahir 1449
20271101|0606|0732|1257|1545|1813|1933|2 Cemaziyelahir 1449
20271102|0607|0733|1257|1544|1811|1932|3 Cemaziyelahir 1449
20271103|0608|0735|1257|1544|1810|1931|4 Cemaziyelahir 1449
20271104|0609|0736|1257|1543|1809|1930|5 Cemaziyelahir 1449
20271105|0610|0737|1257|1542|1808|1929|6 Cemaziyelahir 1449
20271106|0611|0738|1257|1541|1807|1928|7 Cemaziyelahir 1449
20271107|0612|0739|1257|1540|1806|1927|8 Cemaziyelahir 1449
20271108|0613|0741|1257|1539|1804|1926|9 Cemaziyelahir 1449
20271109|0614|0742|1258|1538|1803|1925|10 Cemaziyelahir 1449
20271110|0615|0743|1258|1537|1802|1925|11 Cemaziyelahir 1449
20271111|0616|0744|1258|1537|1801|1924|12 Cemaziyelahir 1449
20271112|0617|0745|1258|1536|1800|1923|13 Cemaziyelahir 1449
20271113|0619|0747|1258|1535|1759|1922|14 Cemaziyelahir 1449
20271114|0620|0748|1258|1534|1759|1921|15 Cemaziyelahir 1449
20271115|0621|0749|1258|1534|1758|1921|16 Cemaziyelahir 1449
20271116|0622|0750|1258|1533|1757|1920|17 Cemaziyelahir 1449
20271117|0623|0751|1259|1532|1756|1919|18 Cemaziyelahir 1449
20271118|0624|0752|1259|1532|1755|1919|19 Cemaziyelahir 1449
20271119|0625|0754|1259|1531|1754|1918|20 Cemaziyelahir 1449
20271120|0626|0755|1259|1531|1754|1917|21 Cemaziyelahir 1449
20271121|0627|0756|1259|1530|1753|1917|22 Cemaziyelahir 1449
20271122|0628|0757|1300|1529|1752|1916|23 Cemaziyelahir 1449
20271123|0629|0758|1300|1529|1752|1916|24 Cemaziyelahir 1449
20271124|0630|0759|1300|1529|1751|1916|25 Cemaziyelahir 1449
20271125|0631|0801|1301|1528|1751|1915|26 Cemaziyelahir 1449
20271126|0631|0802|1301|1528|1750|1915|27 Cemaziyelahir 1449
20271127|0632|0803|1301|1527|1750|1915|28 Cemaziyelahir 1449
20271128|0633|0804|1301|1527|1749|1914|29 Cemaziyelahir 1449
20271129|0634|0805|1302|1527|1749|1914|1 Recep 1449
20271130|0635|0806|1302|1527|1748|1914|2 Recep 1449
20271201|0636|0807|1303|1526|1748|1914|3 Recep 1449
20271202|0637|0808|1303|1526|1748|1913|4 Recep 1449
20271203|0638|0809|1303|1526|1748|1913|5 Recep 1449
20271204|0639|0810|1304|1526|1747|1913|6 Recep 1449
20271205|0640|0811|1304|1526|1747|1913|7 Recep 1449
20271206|0640|0812|1305|1526|1747|1913|8 Recep 1449
20271207|0641|0813|1305|1526|1747|1913|9 Recep 1449
20271208|0642|0814|1305|1526|1747|1913|10 Recep 1449
20271209|0643|0815|1306|1526|1747|1913|11 Recep 1449
20271210|0644|0816|1306|1526|1747|1913|12 Recep 1449
20271211|0644|0816|1307|1526|1747|1914|13 Recep 1449
20271212|0645|0817|1307|1526|1747|1914|14 Recep 1449
20271213|0646|0818|1308|1526|1747|1914|15 Recep 1449
20271214|0647|0819|1308|1527|1747|1914|16 Recep 1449
20271215|0647|0820|1309|1527|1748|1914|17 Recep 1449
20271216|0648|0820|1309|1527|1748|1915|18 Recep 1449
20271217|0649|0821|1310|1528|1748|1915|19 Recep 1449
20271218|0649|0822|1310|1528|1748|1915|20 Recep 1449
20271219|0650|0822|1311|1528|1749|1916|21 Recep 1449
20271220|0650|0823|1311|1529|1749|1916|22 Recep 1449
20271221|0651|0823|1312|1529|1750|1917|23 Recep 1449
20271222|0651|0824|1312|1530|1750|1917|24 Recep 1449
20271223|0652|0824|1312|1530|1751|1918|25 Recep 1449
20271224|0652|0825|1313|1531|1751|1918|26 Recep 1449
20271225|0653|0825|1313|1531|1752|1919|27 Recep 1449
20271226|0653|0826|1314|1532|1752|1919|28 Recep 1449
20271227|0653|0826|1314|1532|1753|1920|29 Recep 1449
20271228|0654|0826|1315|1533|1754|1921|30 Recep 1449
20271229|0654|0827|1315|1534|1754|1921|1 Şaban 1449
20271230|0654|0827|1316|1534|1755|1922|2 Şaban 1449
20271231|0655|0827|1316|1535|1756|1923|3 Şaban 1449
#@9874|Hayrabolu|TEKIRDAG|396
20261003|0538|0703|1306|1621|1859|2018|22 Rebiulahir 1448
20261004|0539|0704|1305|1620|1857|2016|23 Rebiulahir 1448
20261005|0540|0705|1305|1619|1855|2014|24 Rebiulahir 1448
20261006|0542|0706|1305|1618|1854|2013|25 Rebiulahir 1448
20261007|0543|0707|1305|1616|1852|2011|26 Rebiulahir 1448
20261008|0544|0708|1304|1615|1850|2009|27 Rebiulahir 1448
20261009|0545|0709|1304|1614|1849|2008|28 Rebiulahir 1448
20261010|0546|0710|1304|1613|1847|2006|29 Rebiulahir 1448
20261011|0547|0711|1303|1612|1845|2005|30 Rebiulahir 1448
20261012|0548|0713|1303|1610|1844|2003|1 Cemaziyelevvel 1448
20261013|0549|0714|1303|1609|1842|2002|2 Cemaziyelevvel 1448
20261014|0550|0715|1303|1608|1841|2000|3 Cemaziyelevvel 1448
20261015|0551|0716|1302|1607|1839|1958|4 Cemaziyelevvel 1448
20261016|0552|0717|1302|1606|1838|1957|5 Cemaziyelevvel 1448
20261017|0553|0718|1302|1604|1836|1955|6 Cemaziyelevvel 1448
20261018|0554|0719|1302|1603|1835|1954|7 Cemaziyelevvel 1448
20261019|0555|0720|1302|1602|1833|1953|8 Cemaziyelevvel 1448
20261020|0556|0721|1301|1601|1832|1951|9 Cemaziyelevvel 1448
20261021|0558|0723|1301|1600|1830|1950|10 Cemaziyelevvel 1448
20261022|0559|0724|1301|1559|1829|1948|11 Cemaziyelevvel 1448
20261023|0600|0725|1301|1557|1827|1947|12 Cemaziyelevvel 1448
20261024|0601|0726|1301|1556|1826|1946|13 Cemaziyelevvel 1448
20261025|0602|0727|1301|1555|1824|1944|14 Cemaziyelevvel 1448
20261026|0603|0728|1301|1554|1823|1943|15 Cemaziyelevvel 1448
20261027|0604|0729|1300|1553|1822|1942|16 Cemaziyelevvel 1448
20261028|0605|0731|1300|1552|1820|1941|17 Cemaziyelevvel 1448
20261029|0606|0732|1300|1551|1819|1939|18 Cemaziyelevvel 1448
20261030|0607|0733|1300|1550|1818|1938|19 Cemaziyelevvel 1448
20261031|0608|0734|1300|1549|1816|1937|20 Cemaziyelevvel 1448
20261101|0609|0735|1300|1548|1815|1936|21 Cemaziyelevvel 1448
20261102|0610|0737|1300|1547|1814|1935|22 Cemaziyelevvel 1448
20270101|0658|0830|1320|1539|1800|1926|23 Recep 1448
20270102|0658|0830|1320|1540|1800|1927|24 Recep 1448
20270103|0658|0830|1321|1540|1801|1928|25 Recep 1448
20270104|0658|0830|1321|1541|1802|1929|26 Recep 1448
20270105|0658|0830|1322|1542|1803|1929|27 Recep 1448
20270106|0658|0830|1322|1543|1804|1930|28 Recep 1448
20270107|0659|0830|1323|1544|1805|1931|29 Recep 1448
20270108|0659|0830|1323|1545|1806|1932|30 Recep 1448
20270109|0658|0830|1323|1546|1807|1933|1 Şaban 1448
20270110|0658|0830|1324|1546|1808|1934|2 Şaban 1448
20270111|0658|0829|1324|1547|1809|1935|3 Şaban 1448
20270112|0658|0829|1325|1548|1810|1936|4 Şaban 1448
20270113|0658|0829|1325|1549|1811|1937|5 Şaban 1448
20270114|0658|0829|1325|1550|1812|1937|6 Şaban 1448
20270115|0658|0828|1326|1551|1813|1938|7 Şaban 1448
20270116|0657|0828|1326|1552|1814|1939|8 Şaban 1448
20270117|0657|0827|1326|1553|1816|1940|9 Şaban 1448
20270118|0657|0827|1327|1554|1817|1941|10 Şaban 1448
20270119|0656|0826|1327|1555|1818|1942|11 Şaban 1448
20270120|0656|0826|1327|1556|1819|1943|12 Şaban 1448
20270121|0655|0825|1328|1557|1820|1944|13 Şaban 1448
20270122|0655|0824|1328|1558|1821|1945|14 Şaban 1448
20270123|0655|0824|1328|1559|1823|1947|15 Şaban 1448
20270124|0654|0823|1328|1601|1824|1948|16 Şaban 1448
20270125|0653|0822|1329|1602|1825|1949|17 Şaban 1448
20270126|0653|0822|1329|1603|1826|1950|18 Şaban 1448
20270127|0652|0821|1329|1604|1828|1951|19 Şaban 1448
20270128|0652|0820|1329|1605|1829|1952|20 Şaban 1448
20270129|0651|0819|1330|1606|1830|1953|21 Şaban 1448
20270130|0650|0818|1330|1607|1831|1954|22 Şaban 1448
20270131|0649|0817|1330|1608|1833|1955|23 Şaban 1448
20270201|0649|0816|1330|1609|1834|1956|24 Şaban 1448
20270202|0648|0815|1330|1610|1835|1957|25 Şaban 1448
20270203|0647|0814|1330|1611|1836|1958|26 Şaban 1448
20270204|0646|0813|1330|1612|1838|1959|27 Şaban 1448
20270205|0645|0812|1330|1613|1839|2001|28 Şaban 1448
20270206|0644|0811|1331|1614|1840|2002|29 Şaban 1448
20270207|0643|0810|1331|1615|1841|2003|30 Şaban 1448
20270208|0642|0809|1331|1616|1843|2004|1 Ramazan 1448
20270209|0641|0808|1331|1617|1844|2005|2 Ramazan 1448
20270210|0640|0806|1331|1618|1845|2006|3 Ramazan 1448
20270211|0639|0805|1331|1619|1846|2007|4 Ramazan 1448
20270212|0638|0804|1331|1620|1848|2008|5 Ramazan 1448
20270213|0637|0803|1331|1621|1849|2009|6 Ramazan 1448
20270214|0636|0801|1331|1622|1850|2011|7 Ramazan 1448
20270215|0634|0800|1331|1623|1851|2012|8 Ramazan 1448
20270216|0633|0759|1331|1624|1853|2013|9 Ramazan 1448
20270217|0632|0757|1331|1625|1854|2014|10 Ramazan 1448
20270218|0631|0756|1331|1626|1855|2015|11 Ramazan 1448
20270219|0629|0755|1330|1627|1856|2016|12 Ramazan 1448
20270220|0628|0753|1330|1628|1857|2017|13 Ramazan 1448
20270221|0627|0752|1330|1628|1859|2018|14 Ramazan 1448
20270222|0625|0750|1330|1629|1900|2020|15 Ramazan 1448
20270223|0624|0749|1330|1630|1901|2021|16 Ramazan 1448
20270224|0623|0747|1330|1631|1902|2022|17 Ramazan 1448
20270225|0621|0746|1330|1632|1903|2023|18 Ramazan 1448
20270226|0620|0745|1330|1633|1905|2024|19 Ramazan 1448
20270227|0618|0743|1329|1633|1906|2025|20 Ramazan 1448
20270228|0617|0741|1329|1634|1907|2026|21 Ramazan 1448
20270301|0615|0740|1329|1635|1908|2027|22 Ramazan 1448
20270302|0614|0738|1329|1636|1909|2029|23 Ramazan 1448
20270303|0612|0737|1329|1637|1910|2030|24 Ramazan 1448
20270304|0611|0735|1328|1637|1912|2031|25 Ramazan 1448
20270305|0609|0734|1328|1638|1913|2032|26 Ramazan 1448
20270306|0608|0732|1328|1639|1914|2033|27 Ramazan 1448
20270307|0606|0730|1328|1640|1915|2034|28 Ramazan 1448
20270308|0604|0729|1328|1640|1916|2035|29 Ramazan 1448
20270309|0603|0727|1327|1641|1917|2037|1 Şevval 1448
20270310|0601|0726|1327|1642|1918|2038|2 Şevval 1448
20270311|0559|0724|1327|1642|1920|2039|3 Şevval 1448
20270312|0558|0722|1326|1643|1921|2040|4 Şevval 1448
20270313|0556|0721|1326|1644|1922|2041|5 Şevval 1448
20270314|0554|0719|1326|1644|1923|2042|6 Şevval 1448
20270315|0552|0717|1326|1645|1924|2044|7 Şevval 1448
20270316|0551|0716|1325|1645|1925|2045|8 Şevval 1448
20270317|0549|0714|1325|1646|1926|2046|9 Şevval 1448
20270318|0547|0712|1325|1647|1927|2047|10 Şevval 1448
20270319|0545|0711|1325|1647|1928|2048|11 Şevval 1448
20270320|0544|0709|1324|1648|1930|2049|12 Şevval 1448
20270321|0542|0707|1324|1648|1931|2051|13 Şevval 1448
20270322|0540|0706|1324|1649|1932|2052|14 Şevval 1448
20270323|0538|0704|1323|1649|1933|2053|15 Şevval 1448
20270324|0536|0702|1323|1650|1934|2054|16 Şevval 1448
20270325|0534|0701|1323|1650|1935|2056|17 Şevval 1448
20270326|0533|0659|1322|1651|1936|2057|18 Şevval 1448
20270327|0531|0657|1322|1651|1937|2058|19 Şevval 1448
20270328|0529|0656|1322|1652|1938|2059|20 Şevval 1448
20270329|0527|0654|1322|1652|1939|2101|21 Şevval 1448
20270330|0525|0652|1321|1653|1940|2102|22 Şevval 1448
20270331|0523|0651|1321|1653|1941|2103|23 Şevval 1448
20270401|0521|0649|1321|1654|1942|2104|24 Şevval 1448
20270402|0519|0647|1320|1654|1944|2106|25 Şevval 1448
20270403|0517|0646|1320|1655|1945|2107|26 Şevval 1448
20270404|0515|0644|1320|1655|1946|2108|27 Şevval 1448
20270405|0514|0642|1319|1655|1947|2110|28 Şevval 1448
20270406|0512|0641|1319|1656|1948|2111|29 Şevval 1448
20270407|0510|0639|1319|1656|1949|2112|30 Şevval 1448
20270408|0508|0637|1319|1657|1950|2114|1 Zilkade 1448
20270409|0506|0636|1318|1657|1951|2115|2 Zilkade 1448
20270410|0504|0634|1318|1657|1952|2116|3 Zilkade 1448
20270411|0502|0632|1318|1658|1953|2118|4 Zilkade 1448
20270412|0500|0631|1318|1658|1954|2119|5 Zilkade 1448
20270413|0458|0629|1317|1659|1955|2120|6 Zilkade 1448
20270414|0456|0628|1317|1659|1956|2122|7 Zilkade 1448
20270415|0454|0626|1317|1659|1957|2123|8 Zilkade 1448
20270416|0452|0625|1317|1700|1959|2125|9 Zilkade 1448
20270417|0450|0623|1316|1700|2000|2126|10 Zilkade 1448
20270418|0448|0622|1316|1700|2001|2127|11 Zilkade 1448
20270419|0447|0620|1316|1701|2002|2129|12 Zilkade 1448
20270420|0445|0619|1316|1701|2003|2130|13 Zilkade 1448
20270421|0443|0617|1315|1701|2004|2132|14 Zilkade 1448
20270422|0441|0616|1315|1702|2005|2133|15 Zilkade 1448
20270423|0439|0614|1315|1702|2006|2135|16 Zilkade 1448
20270424|0437|0613|1315|1702|2007|2136|17 Zilkade 1448
20270425|0435|0611|1315|1703|2008|2138|18 Zilkade 1448
20270426|0433|0610|1314|1703|2009|2139|19 Zilkade 1448
20270427|0431|0608|1314|1703|2010|2141|20 Zilkade 1448
20270428|0429|0607|1314|1703|2011|2142|21 Zilkade 1448
20270429|0428|0606|1314|1704|2012|2144|22 Zilkade 1448
20270430|0426|0604|1314|1704|2014|2145|23 Zilkade 1448
20270501|0424|0603|1314|1704|2015|2147|24 Zilkade 1448
20270502|0422|0602|1314|1705|2016|2148|25 Zilkade 1448
20270503|0420|0600|1314|1705|2017|2150|26 Zilkade 1448
20270504|0419|0559|1313|1705|2018|2151|27 Zilkade 1448
20270505|0417|0558|1313|1706|2019|2153|28 Zilkade 1448
20270506|0415|0557|1313|1706|2020|2154|29 Zilkade 1448
20270507|0413|0555|1313|1706|2021|2156|1 Zilhicce 1448
20270508|0411|0554|1313|1706|2022|2158|2 Zilhicce 1448
20270509|0410|0553|1313|1707|2023|2159|3 Zilhicce 1448
20270510|0408|0552|1313|1707|2024|2201|4 Zilhicce 1448
20270511|0406|0551|1313|1707|2025|2202|5 Zilhicce 1448
20270512|0405|0550|1313|1708|2026|2204|6 Zilhicce 1448
20270513|0403|0549|1313|1708|2027|2205|7 Zilhicce 1448
20270514|0402|0548|1313|1708|2028|2207|8 Zilhicce 1448
20270515|0400|0547|1313|1708|2029|2208|9 Zilhicce 1448
20270516|0358|0546|1313|1709|2030|2210|10 Zilhicce 1448
20270517|0357|0545|1313|1709|2031|2211|11 Zilhicce 1448
20270518|0355|0544|1313|1709|2032|2213|12 Zilhicce 1448
20270519|0354|0543|1313|1710|2033|2214|13 Zilhicce 1448
20270520|0352|0542|1313|1710|2034|2216|14 Zilhicce 1448
20270521|0351|0541|1313|1710|2035|2217|15 Zilhicce 1448
20270522|0350|0541|1313|1710|2036|2219|16 Zilhicce 1448
20270523|0348|0540|1313|1711|2037|2220|17 Zilhicce 1448
20270524|0347|0539|1313|1711|2038|2221|18 Zilhicce 1448
20270525|0346|0538|1313|1711|2039|2223|19 Zilhicce 1448
20270526|0345|0538|1314|1712|2039|2224|20 Zilhicce 1448
20270527|0343|0537|1314|1712|2040|2225|21 Zilhicce 1448
20270528|0342|0536|1314|1712|2041|2227|22 Zilhicce 1448
20270529|0341|0536|1314|1712|2042|2228|23 Zilhicce 1448
20270530|0340|0535|1314|1713|2043|2229|24 Zilhicce 1448
20270531|0339|0535|1314|1713|2044|2231|25 Zilhicce 1448
20270601|0338|0534|1314|1713|2044|2232|26 Zilhicce 1448
20270602|0337|0534|1314|1714|2045|2233|27 Zilhicce 1448
20270603|0336|0534|1315|1714|2046|2234|28 Zilhicce 1448
20270604|0335|0533|1315|1714|2047|2235|29 Zilhicce 1448
20270605|0335|0533|1315|1714|2047|2236|30 Zilhicce 1448
20270606|0334|0532|1315|1715|2048|2237|1 Muharrem 1449
20270607|0333|0532|1315|1715|2049|2238|2 Muharrem 1449
20270608|0333|0532|1316|1715|2049|2239|3 Muharrem 1449
20270609|0332|0532|1316|1716|2050|2240|4 Muharrem 1449
20270610|0332|0532|1316|1716|2050|2241|5 Muharrem 1449
20270611|0331|0531|1316|1716|2051|2242|6 Muharrem 1449
20270612|0331|0531|1316|1716|2051|2243|7 Muharrem 1449
20270613|0330|0531|1317|1717|2052|2243|8 Muharrem 1449
20270614|0330|0531|1317|1717|2052|2244|9 Muharrem 1449
20270615|0330|0531|1317|1717|2053|2244|10 Muharrem 1449
20270616|0330|0531|1317|1717|2053|2245|11 Muharrem 1449
20270617|0330|0531|1317|1718|2054|2246|12 Muharrem 1449
20270618|0330|0531|1318|1718|2054|2246|13 Muharrem 1449
20270619|0330|0531|1318|1718|2054|2246|14 Muharrem 1449
20270620|0330|0532|1318|1718|2054|2247|15 Muharrem 1449
20270621|0330|0532|1318|1719|2055|2247|16 Muharrem 1449
20270622|0330|0532|1318|1719|2055|2247|17 Muharrem 1449
20270623|0330|0532|1319|1719|2055|2247|18 Muharrem 1449
20270624|0331|0533|1319|1719|2055|2248|19 Muharrem 1449
20270625|0331|0533|1319|1719|2055|2248|20 Muharrem 1449
20270626|0332|0533|1319|1720|2056|2248|21 Muharrem 1449
20270627|0332|0534|1320|1720|2056|2247|22 Muharrem 1449
20270628|0333|0534|1320|1720|2056|2247|23 Muharrem 1449
20270629|0333|0534|1320|1720|2056|2247|24 Muharrem 1449
20270630|0334|0535|1320|1720|2056|2247|25 Muharrem 1449
20270701|0335|0535|1320|1720|2055|2247|26 Muharrem 1449
20270702|0335|0536|1321|1721|2055|2246|27 Muharrem 1449
20270703|0336|0536|1321|1721|2055|2246|28 Muharrem 1449
20270704|0337|0537|1321|1721|2055|2245|29 Muharrem 1449
20270705|0338|0537|1321|1721|2055|2245|1 Safer 1449
20270706|0339|0538|1321|1721|2055|2244|2 Safer 1449
20270707|0340|0539|1321|1721|2054|2244|3 Safer 1449
20270708|0341|0539|1322|1721|2054|2243|4 Safer 1449
20270709|0342|0540|1322|1721|2054|2242|5 Safer 1449
20270710|0343|0541|1322|1721|2053|2242|6 Safer 1449
20270711|0344|0541|1322|1721|2053|2241|7 Safer 1449
20270712|0346|0542|1322|1721|2052|2240|8 Safer 1449
20270713|0347|0543|1322|1721|2052|2239|9 Safer 1449
20270714|0348|0544|1322|1721|2051|2238|10 Safer 1449
20270715|0349|0544|1323|1721|2051|2237|11 Safer 1449
20270716|0351|0545|1323|1721|2050|2236|12 Safer 1449
20270717|0352|0546|1323|1721|2050|2235|13 Safer 1449
20270718|0353|0547|1323|1721|2049|2234|14 Safer 1449
20270719|0355|0548|1323|1721|2048|2233|15 Safer 1449
20270720|0356|0548|1323|1721|2047|2231|16 Safer 1449
20270721|0358|0549|1323|1720|2047|2230|17 Safer 1449
20270722|0359|0550|1323|1720|2046|2229|18 Safer 1449
20270723|0401|0551|1323|1720|2045|2227|19 Safer 1449
20270724|0402|0552|1323|1720|2044|2226|20 Safer 1449
20270725|0404|0553|1323|1720|2043|2225|21 Safer 1449
20270726|0405|0554|1323|1719|2042|2223|22 Safer 1449
20270727|0407|0555|1323|1719|2042|2222|23 Safer 1449
20270728|0408|0556|1323|1719|2041|2220|24 Safer 1449
20270729|0410|0557|1323|1719|2040|2219|25 Safer 1449
20270730|0411|0558|1323|1718|2039|2217|26 Safer 1449
20270731|0413|0559|1323|1718|2038|2216|27 Safer 1449
20270801|0414|0600|1323|1718|2036|2214|28 Safer 1449
20270802|0416|0600|1323|1717|2035|2213|29 Safer 1449
20270803|0417|0601|1323|1717|2034|2211|1 Rebiulevvel 1449
20270804|0419|0602|1323|1717|2033|2209|2 Rebiulevvel 1449
20270805|0420|0603|1323|1716|2032|2208|3 Rebiulevvel 1449
20270806|0422|0604|1323|1716|2031|2206|4 Rebiulevvel 1449
20270807|0423|0605|1322|1715|2030|2204|5 Rebiulevvel 1449
20270808|0425|0606|1322|1715|2028|2203|6 Rebiulevvel 1449
20270809|0427|0607|1322|1714|2027|2201|7 Rebiulevvel 1449
20270810|0428|0608|1322|1714|2026|2159|8 Rebiulevvel 1449
20270811|0430|0609|1322|1713|2024|2157|9 Rebiulevvel 1449
20270812|0431|0610|1322|1713|2023|2156|10 Rebiulevvel 1449
20270813|0433|0611|1322|1712|2022|2154|11 Rebiulevvel 1449
20270814|0434|0612|1321|1711|2020|2152|12 Rebiulevvel 1449
20270815|0436|0613|1321|1711|2019|2150|13 Rebiulevvel 1449
20270816|0437|0614|1321|1710|2018|2148|14 Rebiulevvel 1449
20270817|0439|0615|1321|1709|2016|2146|15 Rebiulevvel 1449
20270818|0440|0616|1321|1709|2015|2145|16 Rebiulevvel 1449
20270819|0442|0617|1320|1708|2013|2143|17 Rebiulevvel 1449
20270820|0443|0618|1320|1707|2012|2141|18 Rebiulevvel 1449
20270821|0444|0619|1320|1707|2010|2139|19 Rebiulevvel 1449
20270822|0446|0620|1320|1706|2009|2137|20 Rebiulevvel 1449
20270823|0447|0621|1319|1705|2007|2135|21 Rebiulevvel 1449
20270824|0449|0622|1319|1704|2006|2133|22 Rebiulevvel 1449
20270825|0450|0623|1319|1703|2004|2131|23 Rebiulevvel 1449
20270826|0452|0624|1319|1703|2003|2129|24 Rebiulevvel 1449
20270827|0453|0625|1318|1702|2001|2128|25 Rebiulevvel 1449
20270828|0454|0626|1318|1701|2000|2126|26 Rebiulevvel 1449
20270829|0456|0627|1318|1700|1958|2124|27 Rebiulevvel 1449
20270830|0457|0628|1317|1659|1956|2122|28 Rebiulevvel 1449
20270831|0458|0629|1317|1658|1955|2120|29 Rebiulevvel 1449
20270901|0500|0630|1317|1657|1953|2118|30 Rebiulevvel 1449
20270902|0501|0631|1316|1656|1952|2116|1 Rebiulahir 1449
20270903|0502|0632|1316|1655|1950|2114|2 Rebiulahir 1449
20270904|0504|0633|1316|1654|1948|2112|3 Rebiulahir 1449
20270905|0505|0634|1316|1653|1947|2110|4 Rebiulahir 1449
20270906|0506|0635|1315|1652|1945|2108|5 Rebiulahir 1449
20270907|0508|0636|1315|1651|1943|2106|6 Rebiulahir 1449
20270908|0509|0637|1315|1650|1942|2104|7 Rebiulahir 1449
20270909|0510|0638|1314|1649|1940|2102|8 Rebiulahir 1449
20270910|0511|0639|1314|1648|1938|2101|9 Rebiulahir 1449
20270911|0513|0640|1313|1647|1937|2059|10 Rebiulahir 1449
20270912|0514|0641|1313|1646|1935|2057|11 Rebiulahir 1449
20270913|0515|0642|1313|1645|1933|2055|12 Rebiulahir 1449
20270914|0516|0643|1312|1644|1931|2053|13 Rebiulahir 1449
20270915|0517|0644|1312|1643|1930|2051|14 Rebiulahir 1449
20270916|0519|0645|1312|1642|1928|2049|15 Rebiulahir 1449
20270917|0520|0646|1311|1641|1926|2047|16 Rebiulahir 1449
20270918|0521|0647|1311|1639|1925|2045|17 Rebiulahir 1449
20270919|0522|0648|1311|1638|1923|2043|18 Rebiulahir 1449
20270920|0523|0649|1310|1637|1921|2042|19 Rebiulahir 1449
20270921|0525|0650|1310|1636|1919|2040|20 Rebiulahir 1449
20270922|0526|0651|1310|1635|1918|2038|21 Rebiulahir 1449
20270923|0527|0652|1309|1634|1916|2036|22 Rebiulahir 1449
20270924|0528|0653|1309|1632|1914|2034|23 Rebiulahir 1449
20270925|0529|0654|1308|1631|1913|2032|24 Rebiulahir 1449
20270926|0530|0655|1308|1630|1911|2031|25 Rebiulahir 1449
20270927|0531|0657|1308|1629|1909|2029|26 Rebiulahir 1449
20270928|0532|0658|1307|1628|1907|2027|27 Rebiulahir 1449
20270929|0534|0659|1307|1626|1906|2025|28 Rebiulahir 1449
20270930|0535|0700|1307|1625|1904|2023|29 Rebiulahir 1449
20271001|0536|0701|1306|1624|1902|2022|1 Cemaziyelevvel 1449
20271002|0537|0702|1306|1623|1901|2020|2 Cemaziyelevvel 1449
20271003|0538|0703|1306|1622|1859|2018|3 Cemaziyelevvel 1449
20271004|0539|0704|1306|1620|1857|2017|4 Cemaziyelevvel 1449
20271005|0540|0705|1305|1619|1856|2015|5 Cemaziyelevvel 1449
20271006|0541|0706|1305|1618|1854|2013|6 Cemaziyelevvel 1449
20271007|0542|0707|1305|1617|1852|2012|7 Cemaziyelevvel 1449
20271008|0543|0708|1304|1615|1851|2010|8 Cemaziyelevvel 1449
20271009|0545|0709|1304|1614|1849|2008|9 Cemaziyelevvel 1449
20271010|0546|0710|1304|1613|1847|2007|10 Cemaziyelevvel 1449
20271011|0547|0711|1303|1612|1846|2005|11 Cemaziyelevvel 1449
20271012|0548|0712|1303|1611|1844|2003|12 Cemaziyelevvel 1449
20271013|0549|0713|1303|1609|1843|2002|13 Cemaziyelevvel 1449
20271014|0550|0714|1303|1608|1841|2000|14 Cemaziyelevvel 1449
20271015|0551|0716|1303|1607|1839|1959|15 Cemaziyelevvel 1449
20271016|0552|0717|1302|1606|1838|1957|16 Cemaziyelevvel 1449
20271017|0553|0718|1302|1605|1836|1956|17 Cemaziyelevvel 1449
20271018|0554|0719|1302|1603|1835|1954|18 Cemaziyelevvel 1449
20271019|0555|0720|1302|1602|1833|1953|19 Cemaziyelevvel 1449
20271020|0556|0721|1301|1601|1832|1951|20 Cemaziyelevvel 1449
20271021|0557|0722|1301|1600|1830|1950|21 Cemaziyelevvel 1449
20271022|0558|0723|1301|1559|1829|1949|22 Cemaziyelevvel 1449
20271023|0559|0725|1301|1558|1827|1947|23 Cemaziyelevvel 1449
20271024|0600|0726|1301|1557|1826|1946|24 Cemaziyelevvel 1449
20271025|0601|0727|1301|1555|1825|1945|25 Cemaziyelevvel 1449
20271026|0603|0728|1301|1554|1823|1943|26 Cemaziyelevvel 1449
20271027|0604|0729|1301|1553|1822|1942|27 Cemaziyelevvel 1449
20271028|0605|0730|1300|1552|1821|1941|28 Cemaziyelevvel 1449
20271029|0606|0732|1300|1551|1819|1940|29 Cemaziyelevvel 1449
20271030|0607|0733|1300|1550|1818|1939|30 Cemaziyelevvel 1449
20271031|0608|0734|1300|1549|1817|1937|1 Cemaziyelahir 1449
20271101|0609|0735|1300|1548|1815|1936|2 Cemaziyelahir 1449
20271102|0610|0736|1300|1547|1814|1935|3 Cemaziyelahir 1449
20271103|0611|0737|1300|1546|1813|1934|4 Cemaziyelahir 1449
20271104|0612|0739|1300|1545|1812|1933|5 Cemaziyelahir 1449
20271105|0613|0740|1300|1544|1811|1932|6 Cemaziyelahir 1449
20271106|0614|0741|1300|1543|1809|1931|7 Cemaziyelahir 1449
20271107|0615|0742|1300|1543|1808|1930|8 Cemaziyelahir 1449
20271108|0616|0743|1300|1542|1807|1929|9 Cemaziyelahir 1449
20271109|0617|0745|1300|1541|1806|1928|10 Cemaziyelahir 1449
20271110|0618|0746|1300|1540|1805|1927|11 Cemaziyelahir 1449
20271111|0619|0747|1301|1539|1804|1926|12 Cemaziyelahir 1449
20271112|0620|0748|1301|1538|1803|1926|13 Cemaziyelahir 1449
20271113|0621|0749|1301|1538|1802|1925|14 Cemaziyelahir 1449
20271114|0622|0751|1301|1537|1801|1924|15 Cemaziyelahir 1449
20271115|0623|0752|1301|1536|1800|1923|16 Cemaziyelahir 1449
20271116|0624|0753|1301|1536|1759|1923|17 Cemaziyelahir 1449
20271117|0625|0754|1301|1535|1759|1922|18 Cemaziyelahir 1449
20271118|0626|0755|1302|1534|1758|1921|19 Cemaziyelahir 1449
20271119|0627|0757|1302|1534|1757|1921|20 Cemaziyelahir 1449
20271120|0628|0758|1302|1533|1756|1920|21 Cemaziyelahir 1449
20271121|0629|0759|1302|1533|1756|1920|22 Cemaziyelahir 1449
20271122|0630|0800|1302|1532|1755|1919|23 Cemaziyelahir 1449
20271123|0631|0801|1303|1532|1754|1919|24 Cemaziyelahir 1449
20271124|0632|0802|1303|1531|1754|1918|25 Cemaziyelahir 1449
20271125|0633|0803|1303|1531|1753|1918|26 Cemaziyelahir 1449
20271126|0634|0805|1304|1530|1753|1918|27 Cemaziyelahir 1449
20271127|0635|0806|1304|1530|1752|1917|28 Cemaziyelahir 1449
20271128|0636|0807|1304|1530|1752|1917|29 Cemaziyelahir 1449
20271129|0637|0808|1305|1529|1751|1917|1 Recep 1449
20271130|0638|0809|1305|1529|1751|1916|2 Recep 1449
20271201|0639|0810|1305|1529|1751|1916|3 Recep 1449
20271202|0640|0811|1306|1529|1750|1916|4 Recep 1449
20271203|0641|0812|1306|1529|1750|1916|5 Recep 1449
20271204|0642|0813|1306|1529|1750|1916|6 Recep 1449
20271205|0642|0814|1307|1528|1750|1916|7 Recep 1449
20271206|0643|0815|1307|1528|1750|1916|8 Recep 1449
20271207|0644|0816|1308|1528|1750|1916|9 Recep 1449
20271208|0645|0817|1308|1528|1749|1916|10 Recep 1449
20271209|0646|0818|1309|1528|1749|1916|11 Recep 1449
20271210|0646|0819|1309|1529|1749|1916|12 Recep 1449
20271211|0647|0819|1309|1529|1750|1916|13 Recep 1449
20271212|0648|0820|1310|1529|1750|1916|14 Recep 1449
20271213|0649|0821|1310|1529|1750|1917|15 Recep 1449
20271214|0649|0822|1311|1529|1750|1917|16 Recep 1449
20271215|0650|0823|1311|1530|1750|1917|17 Recep 1449
20271216|0651|0823|1312|1530|1750|1917|18 Recep 1449
20271217|0651|0824|1312|1530|1751|1918|19 Recep 1449
20271218|0652|0825|1313|1531|1751|1918|20 Recep 1449
20271219|0653|0825|1313|1531|1751|1919|21 Recep 1449
20271220|0653|0826|1314|1531|1752|1919|22 Recep 1449
20271221|0654|0826|1314|1532|1752|1919|23 Recep 1449
20271222|0654|0827|1315|1532|1753|1920|24 Recep 1449
20271223|0655|0827|1315|1533|1753|1920|25 Recep 1449
20271224|0655|0828|1316|1533|1754|1921|26 Recep 1449
20271225|0656|0828|1316|1534|1754|1921|27 Recep 1449
20271226|0656|0829|1317|1534|1755|1922|28 Recep 1449
20271227|0656|0829|1317|1535|1756|1923|29 Recep 1449
20271228|0657|0829|1318|1536|1756|1923|30 Recep 1449
20271229|0657|0829|1318|1536|1757|1924|1 Şaban 1449
20271230|0657|0830|1319|1537|1758|1925|2 Şaban 1449
20271231|0658|0830|1319|1538|1759|1925|3 Şaban 1449
#@9875|M.ereğlisi|TEKIRDAG|396
20261003|0535|0659|1302|1618|1855|2014|22 Rebiulahir 1448
20261004|0536|0701|1302|1617|1854|2013|23 Rebiulahir 1448
20261005|0537|0702|1302|1616|1852|2011|24 Rebiulahir 1448
20261006|0538|0703|1301|1614|1850|2009|25 Rebiulahir 1448
20261007|0539|0704|1301|1613|1849|2008|26 Rebiulahir 1448
20261008|0540|0705|1301|1612|1847|2006|27 Rebiulahir 1448
20261009|0542|0706|1301|1611|1845|2004|28 Rebiulahir 1448
20261010|0543|0707|1300|1610|1844|2003|29 Rebiulahir 1448
20261011|0544|0708|1300|1608|1842|2001|30 Rebiulahir 1448
20261012|0545|0709|1300|1607|1841|2000|1 Cemaziyelevvel 1448
20261013|0546|0710|1300|1606|1839|1958|2 Cemaziyelevvel 1448
20261014|0547|0711|1259|1605|1838|1957|3 Cemaziyelevvel 1448
20261015|0548|0712|1259|1604|1836|1955|4 Cemaziyelevvel 1448
20261016|0549|0713|1259|1602|1834|1954|5 Cemaziyelevvel 1448
20261017|0550|0714|1259|1601|1833|1952|6 Cemaziyelevvel 1448
20261018|0551|0716|1258|1600|1831|1951|7 Cemaziyelevvel 1448
20261019|0552|0717|1258|1559|1830|1949|8 Cemaziyelevvel 1448
20261020|0553|0718|1258|1558|1828|1948|9 Cemaziyelevvel 1448
20261021|0554|0719|1258|1557|1827|1946|10 Cemaziyelevvel 1448
20261022|0555|0720|1258|1556|1826|1945|11 Cemaziyelevvel 1448
20261023|0556|0721|1258|1554|1824|1944|12 Cemaziyelevvel 1448
20261024|0557|0722|1257|1553|1823|1942|13 Cemaziyelevvel 1448
20261025|0558|0723|1257|1552|1821|1941|14 Cemaziyelevvel 1448
20261026|0559|0725|1257|1551|1820|1940|15 Cemaziyelevvel 1448
20261027|0600|0726|1257|1550|1819|1939|16 Cemaziyelevvel 1448
20261028|0601|0727|1257|1549|1817|1937|17 Cemaziyelevvel 1448
20261029|0603|0728|1257|1548|1816|1936|18 Cemaziyelevvel 1448
20261030|0604|0729|1257|1547|1815|1935|19 Cemaziyelevvel 1448
20261031|0605|0730|1257|1546|1813|1934|20 Cemaziyelevvel 1448
20261101|0606|0732|1257|1545|1812|1933|21 Cemaziyelevvel 1448
20261102|0607|0733|1257|1544|1811|1932|22 Cemaziyelevvel 1448
20270101|0654|0826|1316|1536|1757|1923|23 Recep 1448
20270102|0654|0826|1317|1537|1758|1924|24 Recep 1448
20270103|0654|0826|1317|1538|1759|1925|25 Recep 1448
20270104|0655|0826|1318|1538|1759|1926|26 Recep 1448
20270105|0655|0826|1318|1539|1800|1926|27 Recep 1448
20270106|0655|0826|1319|1540|1801|1927|28 Recep 1448
20270107|0655|0826|1319|1541|1802|1928|29 Recep 1448
20270108|0655|0826|1320|1542|1803|1929|30 Recep 1448
20270109|0655|0826|1320|1543|1804|1930|1 Şaban 1448
20270110|0655|0826|1320|1544|1805|1931|2 Şaban 1448
20270111|0655|0825|1321|1545|1806|1932|3 Şaban 1448
20270112|0655|0825|1321|1546|1807|1933|4 Şaban 1448
20270113|0654|0825|1322|1547|1808|1933|5 Şaban 1448
20270114|0654|0824|1322|1548|1810|1934|6 Şaban 1448
20270115|0654|0824|1322|1549|1811|1935|7 Şaban 1448
20270116|0654|0824|1323|1550|1812|1936|8 Şaban 1448
20270117|0653|0823|1323|1551|1813|1937|9 Şaban 1448
20270118|0653|0823|1323|1552|1814|1938|10 Şaban 1448
20270119|0653|0822|1324|1553|1815|1939|11 Şaban 1448
20270120|0652|0822|1324|1554|1816|1940|12 Şaban 1448
20270121|0652|0821|1324|1555|1818|1941|13 Şaban 1448
20270122|0651|0820|1325|1556|1819|1942|14 Şaban 1448
20270123|0651|0820|1325|1557|1820|1943|15 Şaban 1448
20270124|0650|0819|1325|1558|1821|1944|16 Şaban 1448
20270125|0650|0818|1325|1559|1822|1945|17 Şaban 1448
20270126|0649|0818|1326|1600|1824|1947|18 Şaban 1448
20270127|0649|0817|1326|1601|1825|1948|19 Şaban 1448
20270128|0648|0816|1326|1602|1826|1949|20 Şaban 1448
20270129|0647|0815|1326|1603|1827|1950|21 Şaban 1448
20270130|0647|0814|1326|1604|1828|1951|22 Şaban 1448
20270131|0646|0813|1327|1605|1830|1952|23 Şaban 1448
20270201|0645|0812|1327|1606|1831|1953|24 Şaban 1448
20270202|0644|0811|1327|1607|1832|1954|25 Şaban 1448
20270203|0643|0810|1327|1608|1833|1955|26 Şaban 1448
20270204|0642|0809|1327|1609|1835|1956|27 Şaban 1448
20270205|0642|0808|1327|1610|1836|1957|28 Şaban 1448
20270206|0641|0807|1327|1611|1837|1958|29 Şaban 1448
20270207|0640|0806|1327|1612|1838|2000|30 Şaban 1448
20270208|0639|0805|1327|1613|1840|2001|1 Ramazan 1448
20270209|0638|0804|1327|1614|1841|2002|2 Ramazan 1448
20270210|0637|0803|1327|1615|1842|2003|3 Ramazan 1448
20270211|0636|0801|1327|1616|1843|2004|4 Ramazan 1448
20270212|0634|0800|1327|1617|1845|2005|5 Ramazan 1448
20270213|0633|0759|1327|1618|1846|2006|6 Ramazan 1448
20270214|0632|0758|1327|1619|1847|2007|7 Ramazan 1448
20270215|0631|0756|1327|1620|1848|2008|8 Ramazan 1448
20270216|0630|0755|1327|1621|1850|2009|9 Ramazan 1448
20270217|0629|0754|1327|1622|1851|2011|10 Ramazan 1448
20270218|0627|0752|1327|1623|1852|2012|11 Ramazan 1448
20270219|0626|0751|1327|1624|1853|2013|12 Ramazan 1448
20270220|0625|0750|1327|1625|1854|2014|13 Ramazan 1448
20270221|0623|0748|1327|1625|1856|2015|14 Ramazan 1448
20270222|0622|0747|1327|1626|1857|2016|15 Ramazan 1448
20270223|0621|0745|1327|1627|1858|2017|16 Ramazan 1448
20270224|0619|0744|1326|1628|1859|2018|17 Ramazan 1448
20270225|0618|0742|1326|1629|1900|2019|18 Ramazan 1448
20270226|0617|0741|1326|1630|1901|2021|19 Ramazan 1448
20270227|0615|0739|1326|1630|1903|2022|20 Ramazan 1448
20270228|0614|0738|1326|1631|1904|2023|21 Ramazan 1448
20270301|0612|0736|1326|1632|1905|2024|22 Ramazan 1448
20270302|0611|0735|1325|1633|1906|2025|23 Ramazan 1448
20270303|0609|0733|1325|1633|1907|2026|24 Ramazan 1448
20270304|0607|0732|1325|1634|1908|2027|25 Ramazan 1448
20270305|0606|0730|1325|1635|1910|2028|26 Ramazan 1448
20270306|0604|0729|1325|1636|1911|2030|27 Ramazan 1448
20270307|0603|0727|1324|1636|1912|2031|28 Ramazan 1448
20270308|0601|0725|1324|1637|1913|2032|29 Ramazan 1448
20270309|0559|0724|1324|1638|1914|2033|1 Şevval 1448
20270310|0558|0722|1324|1638|1915|2034|2 Şevval 1448
20270311|0556|0721|1323|1639|1916|2035|3 Şevval 1448
20270312|0554|0719|1323|1640|1917|2036|4 Şevval 1448
20270313|0553|0717|1323|1640|1919|2038|5 Şevval 1448
20270314|0551|0716|1323|1641|1920|2039|6 Şevval 1448
20270315|0549|0714|1322|1642|1921|2040|7 Şevval 1448
20270316|0548|0712|1322|1642|1922|2041|8 Şevval 1448
20270317|0546|0711|1322|1643|1923|2042|9 Şevval 1448
20270318|0544|0709|1321|1643|1924|2043|10 Şevval 1448
20270319|0542|0707|1321|1644|1925|2045|11 Şevval 1448
20270320|0541|0706|1321|1644|1926|2046|12 Şevval 1448
20270321|0539|0704|1321|1645|1927|2047|13 Şevval 1448
20270322|0537|0702|1320|1646|1928|2048|14 Şevval 1448
20270323|0535|0701|1320|1646|1929|2049|15 Şevval 1448
20270324|0533|0659|1320|1647|1930|2051|16 Şevval 1448
20270325|0531|0657|1319|1647|1932|2052|17 Şevval 1448
20270326|0530|0656|1319|1648|1933|2053|18 Şevval 1448
20270327|0528|0654|1319|1648|1934|2054|19 Şevval 1448
20270328|0526|0652|1318|1649|1935|2055|20 Şevval 1448
20270329|0524|0651|1318|1649|1936|2057|21 Şevval 1448
20270330|0522|0649|1318|1649|1937|2058|22 Şevval 1448
20270331|0520|0647|1318|1650|1938|2059|23 Şevval 1448
20270401|0518|0646|1317|1650|1939|2100|24 Şevval 1448
20270402|0516|0644|1317|1651|1940|2102|25 Şevval 1448
20270403|0515|0642|1317|1651|1941|2103|26 Şevval 1448
20270404|0513|0641|1316|1652|1942|2104|27 Şevval 1448
20270405|0511|0639|1316|1652|1943|2106|28 Şevval 1448
20270406|0509|0637|1316|1652|1944|2107|29 Şevval 1448
20270407|0507|0636|1316|1653|1945|2108|30 Şevval 1448
20270408|0505|0634|1315|1653|1946|2110|1 Zilkade 1448
20270409|0503|0633|1315|1654|1947|2111|2 Zilkade 1448
20270410|0501|0631|1315|1654|1948|2112|3 Zilkade 1448
20270411|0459|0629|1314|1654|1950|2114|4 Zilkade 1448
20270412|0457|0628|1314|1655|1951|2115|5 Zilkade 1448
20270413|0455|0626|1314|1655|1952|2116|6 Zilkade 1448
20270414|0454|0625|1314|1655|1953|2118|7 Zilkade 1448
20270415|0452|0623|1313|1656|1954|2119|8 Zilkade 1448
20270416|0450|0622|1313|1656|1955|2120|9 Zilkade 1448
20270417|0448|0620|1313|1656|1956|2122|10 Zilkade 1448
20270418|0446|0618|1313|1657|1957|2123|11 Zilkade 1448
20270419|0444|0617|1312|1657|1958|2125|12 Zilkade 1448
20270420|0442|0615|1312|1657|1959|2126|13 Zilkade 1448
20270421|0440|0614|1312|1658|2000|2128|14 Zilkade 1448
20270422|0438|0613|1312|1658|2001|2129|15 Zilkade 1448
20270423|0436|0611|1312|1658|2002|2131|16 Zilkade 1448
20270424|0435|0610|1311|1659|2003|2132|17 Zilkade 1448
20270425|0433|0608|1311|1659|2004|2133|18 Zilkade 1448
20270426|0431|0607|1311|1659|2005|2135|19 Zilkade 1448
20270427|0429|0605|1311|1700|2007|2136|20 Zilkade 1448
20270428|0427|0604|1311|1700|2008|2138|21 Zilkade 1448
20270429|0425|0603|1311|1700|2009|2139|22 Zilkade 1448
20270430|0423|0601|1311|1700|2010|2141|23 Zilkade 1448
20270501|0422|0600|1310|1701|2011|2142|24 Zilkade 1448
20270502|0420|0559|1310|1701|2012|2144|25 Zilkade 1448
20270503|0418|0558|1310|1701|2013|2145|26 Zilkade 1448
20270504|0416|0556|1310|1702|2014|2147|27 Zilkade 1448
20270505|0414|0555|1310|1702|2015|2148|28 Zilkade 1448
20270506|0413|0554|1310|1702|2016|2150|29 Zilkade 1448
20270507|0411|0553|1310|1702|2017|2151|1 Zilhicce 1448
20270508|0409|0551|1310|1703|2018|2153|2 Zilhicce 1448
20270509|0408|0550|1310|1703|2019|2155|3 Zilhicce 1448
20270510|0406|0549|1310|1703|2020|2156|4 Zilhicce 1448
20270511|0404|0548|1310|1704|2021|2158|5 Zilhicce 1448
20270512|0403|0547|1310|1704|2022|2159|6 Zilhicce 1448
20270513|0401|0546|1310|1704|2023|2201|7 Zilhicce 1448
20270514|0400|0545|1310|1704|2024|2202|8 Zilhicce 1448
20270515|0358|0544|1310|1705|2025|2204|9 Zilhicce 1448
20270516|0356|0543|1310|1705|2026|2205|10 Zilhicce 1448
20270517|0355|0542|1310|1705|2027|2207|11 Zilhicce 1448
20270518|0353|0541|1310|1705|2028|2208|12 Zilhicce 1448
20270519|0352|0540|1310|1706|2029|2209|13 Zilhicce 1448
20270520|0351|0540|1310|1706|2030|2211|14 Zilhicce 1448
20270521|0349|0539|1310|1706|2031|2212|15 Zilhicce 1448
20270522|0348|0538|1310|1707|2032|2214|16 Zilhicce 1448
20270523|0347|0537|1310|1707|2033|2215|17 Zilhicce 1448
20270524|0345|0536|1310|1707|2034|2217|18 Zilhicce 1448
20270525|0344|0536|1310|1707|2034|2218|19 Zilhicce 1448
20270526|0343|0535|1310|1708|2035|2219|20 Zilhicce 1448
20270527|0342|0534|1310|1708|2036|2221|21 Zilhicce 1448
20270528|0341|0534|1310|1708|2037|2222|22 Zilhicce 1448
20270529|0339|0533|1311|1709|2038|2223|23 Zilhicce 1448
20270530|0338|0533|1311|1709|2039|2224|24 Zilhicce 1448
20270531|0337|0532|1311|1709|2039|2226|25 Zilhicce 1448
20270601|0336|0532|1311|1709|2040|2227|26 Zilhicce 1448
20270602|0336|0531|1311|1710|2041|2228|27 Zilhicce 1448
20270603|0335|0531|1311|1710|2042|2229|28 Zilhicce 1448
20270604|0334|0531|1311|1710|2042|2230|29 Zilhicce 1448
20270605|0333|0530|1312|1711|2043|2231|30 Zilhicce 1448
20270606|0332|0530|1312|1711|2044|2232|1 Muharrem 1449
20270607|0332|0530|1312|1711|2044|2233|2 Muharrem 1449
20270608|0331|0529|1312|1711|2045|2234|3 Muharrem 1449
20270609|0331|0529|1312|1712|2046|2235|4 Muharrem 1449
20270610|0330|0529|1313|1712|2046|2236|5 Muharrem 1449
20270611|0330|0529|1313|1712|2047|2237|6 Muharrem 1449
20270612|0329|0529|1313|1713|2047|2237|7 Muharrem 1449
20270613|0329|0529|1313|1713|2048|2238|8 Muharrem 1449
20270614|0329|0529|1313|1713|2048|2239|9 Muharrem 1449
20270615|0329|0529|1314|1713|2049|2239|10 Muharrem 1449
20270616|0328|0529|1314|1714|2049|2240|11 Muharrem 1449
20270617|0328|0529|1314|1714|2049|2240|12 Muharrem 1449
20270618|0328|0529|1314|1714|2050|2241|13 Muharrem 1449
20270619|0328|0529|1314|1714|2050|2241|14 Muharrem 1449
20270620|0328|0529|1315|1714|2050|2242|15 Muharrem 1449
20270621|0329|0529|1315|1715|2051|2242|16 Muharrem 1449
20270622|0329|0529|1315|1715|2051|2242|17 Muharrem 1449
20270623|0329|0530|1315|1715|2051|2242|18 Muharrem 1449
20270624|0329|0530|1316|1715|2051|2242|19 Muharrem 1449
20270625|0330|0530|1316|1716|2051|2242|20 Muharrem 1449
20270626|0330|0531|1316|1716|2051|2242|21 Muharrem 1449
20270627|0331|0531|1316|1716|2051|2242|22 Muharrem 1449
20270628|0331|0531|1316|1716|2051|2242|23 Muharrem 1449
20270629|0332|0532|1317|1716|2051|2242|24 Muharrem 1449
20270630|0333|0532|1317|1716|2051|2242|25 Muharrem 1449
20270701|0333|0533|1317|1717|2051|2242|26 Muharrem 1449
20270702|0334|0533|1317|1717|2051|2241|27 Muharrem 1449
20270703|0335|0534|1317|1717|2051|2241|28 Muharrem 1449
20270704|0336|0534|1318|1717|2051|2240|29 Muharrem 1449
20270705|0337|0535|1318|1717|2051|2240|1 Safer 1449
20270706|0338|0535|1318|1717|2050|2239|2 Safer 1449
20270707|0338|0536|1318|1717|2050|2239|3 Safer 1449
20270708|0340|0537|1318|1717|2050|2238|4 Safer 1449
20270709|0341|0537|1318|1717|2049|2237|5 Safer 1449
20270710|0342|0538|1319|1717|2049|2237|6 Safer 1449
20270711|0343|0539|1319|1717|2049|2236|7 Safer 1449
20270712|0344|0539|1319|1717|2048|2235|8 Safer 1449
20270713|0345|0540|1319|1717|2048|2234|9 Safer 1449
20270714|0346|0541|1319|1717|2047|2233|10 Safer 1449
20270715|0348|0542|1319|1717|2047|2232|11 Safer 1449
20270716|0349|0542|1319|1717|2046|2231|12 Safer 1449
20270717|0350|0543|1319|1717|2045|2230|13 Safer 1449
20270718|0352|0544|1319|1717|2045|2229|14 Safer 1449
20270719|0353|0545|1319|1717|2044|2228|15 Safer 1449
20270720|0354|0546|1320|1717|2043|2226|16 Safer 1449
20270721|0356|0547|1320|1717|2043|2225|17 Safer 1449
20270722|0357|0548|1320|1717|2042|2224|18 Safer 1449
20270723|0359|0548|1320|1716|2041|2223|19 Safer 1449
20270724|0400|0549|1320|1716|2040|2221|20 Safer 1449
20270725|0402|0550|1320|1716|2039|2220|21 Safer 1449
20270726|0403|0551|1320|1716|2038|2219|22 Safer 1449
20270727|0405|0552|1320|1715|2038|2217|23 Safer 1449
20270728|0406|0553|1320|1715|2037|2216|24 Safer 1449
20270729|0408|0554|1320|1715|2036|2214|25 Safer 1449
20270730|0409|0555|1320|1715|2035|2213|26 Safer 1449
20270731|0411|0556|1320|1714|2034|2211|27 Safer 1449
20270801|0412|0557|1320|1714|2033|2210|28 Safer 1449
20270802|0414|0558|1320|1714|2031|2208|29 Safer 1449
20270803|0415|0559|1319|1713|2030|2206|1 Rebiulevvel 1449
20270804|0417|0600|1319|1713|2029|2205|2 Rebiulevvel 1449
20270805|0418|0601|1319|1712|2028|2203|3 Rebiulevvel 1449
20270806|0420|0602|1319|1712|2027|2202|4 Rebiulevvel 1449
20270807|0421|0603|1319|1711|2026|2200|5 Rebiulevvel 1449
20270808|0423|0604|1319|1711|2024|2158|6 Rebiulevvel 1449
20270809|0424|0605|1319|1710|2023|2156|7 Rebiulevvel 1449
20270810|0426|0606|1319|1710|2022|2155|8 Rebiulevvel 1449
20270811|0427|0607|1319|1709|2021|2153|9 Rebiulevvel 1449
20270812|0429|0608|1318|1709|2019|2151|10 Rebiulevvel 1449
20270813|0430|0608|1318|1708|2018|2149|11 Rebiulevvel 1449
20270814|0432|0609|1318|1708|2017|2148|12 Rebiulevvel 1449
20270815|0433|0610|1318|1707|2015|2146|13 Rebiulevvel 1449
20270816|0435|0611|1318|1706|2014|2144|14 Rebiulevvel 1449
20270817|0436|0612|1317|1706|2012|2142|15 Rebiulevvel 1449
20270818|0438|0613|1317|1705|2011|2140|16 Rebiulevvel 1449
20270819|0439|0614|1317|1704|2010|2138|17 Rebiulevvel 1449
20270820|0441|0615|1317|1704|2008|2137|18 Rebiulevvel 1449
20270821|0442|0616|1317|1703|2007|2135|19 Rebiulevvel 1449
20270822|0443|0617|1316|1702|2005|2133|20 Rebiulevvel 1449
20270823|0445|0618|1316|1701|2004|2131|21 Rebiulevvel 1449
20270824|0446|0619|1316|1701|2002|2129|22 Rebiulevvel 1449
20270825|0448|0620|1316|1700|2001|2127|23 Rebiulevvel 1449
20270826|0449|0621|1315|1659|1959|2125|24 Rebiulevvel 1449
20270827|0450|0622|1315|1658|1958|2123|25 Rebiulevvel 1449
20270828|0452|0623|1315|1657|1956|2121|26 Rebiulevvel 1449
20270829|0453|0624|1314|1656|1954|2120|27 Rebiulevvel 1449
20270830|0454|0625|1314|1656|1953|2118|28 Rebiulevvel 1449
20270831|0456|0626|1314|1655|1951|2116|29 Rebiulevvel 1449
20270901|0457|0627|1313|1654|1950|2114|30 Rebiulevvel 1449
20270902|0458|0628|1313|1653|1948|2112|1 Rebiulahir 1449
20270903|0500|0629|1313|1652|1946|2110|2 Rebiulahir 1449
20270904|0501|0630|1312|1651|1945|2108|3 Rebiulahir 1449
20270905|0502|0631|1312|1650|1943|2106|4 Rebiulahir 1449
20270906|0504|0632|1312|1649|1941|2104|5 Rebiulahir 1449
20270907|0505|0633|1311|1648|1940|2102|6 Rebiulahir 1449
20270908|0506|0634|1311|1647|1938|2100|7 Rebiulahir 1449
20270909|0507|0635|1311|1646|1936|2059|8 Rebiulahir 1449
20270910|0509|0636|1310|1645|1935|2057|9 Rebiulahir 1449
20270911|0510|0637|1310|1644|1933|2055|10 Rebiulahir 1449
20270912|0511|0638|1310|1643|1931|2053|11 Rebiulahir 1449
20270913|0512|0639|1309|1642|1930|2051|12 Rebiulahir 1449
20270914|0513|0640|1309|1641|1928|2049|13 Rebiulahir 1449
20270915|0515|0641|1309|1639|1926|2047|14 Rebiulahir 1449
20270916|0516|0642|1308|1638|1925|2045|15 Rebiulahir 1449
20270917|0517|0643|1308|1637|1923|2043|16 Rebiulahir 1449
20270918|0518|0644|1308|1636|1921|2042|17 Rebiulahir 1449
20270919|0519|0645|1307|1635|1919|2040|18 Rebiulahir 1449
20270920|0520|0646|1307|1634|1918|2038|19 Rebiulahir 1449
20270921|0522|0647|1307|1633|1916|2036|20 Rebiulahir 1449
20270922|0523|0648|1306|1632|1914|2034|21 Rebiulahir 1449
20270923|0524|0649|1306|1630|1913|2032|22 Rebiulahir 1449
20270924|0525|0650|1305|1629|1911|2031|23 Rebiulahir 1449
20270925|0526|0651|1305|1628|1909|2029|24 Rebiulahir 1449
20270926|0527|0652|1305|1627|1907|2027|25 Rebiulahir 1449
20270927|0528|0653|1304|1626|1906|2025|26 Rebiulahir 1449
20270928|0529|0654|1304|1624|1904|2023|27 Rebiulahir 1449
20270929|0531|0655|1304|1623|1902|2022|28 Rebiulahir 1449
20270930|0532|0656|1303|1622|1901|2020|29 Rebiulahir 1449
20271001|0533|0657|1303|1621|1859|2018|1 Cemaziyelevvel 1449
20271002|0534|0658|1303|1620|1857|2016|2 Cemaziyelevvel 1449
20271003|0535|0659|1302|1618|1856|2015|3 Cemaziyelevvel 1449
20271004|0536|0700|1302|1617|1854|2013|4 Cemaziyelevvel 1449
20271005|0537|0701|1302|1616|1852|2011|5 Cemaziyelevvel 1449
20271006|0538|0702|1302|1615|1851|2010|6 Cemaziyelevvel 1449
20271007|0539|0703|1301|1614|1849|2008|7 Cemaziyelevvel 1449
20271008|0540|0704|1301|1612|1847|2006|8 Cemaziyelevvel 1449
20271009|0541|0706|1301|1611|1846|2005|9 Cemaziyelevvel 1449
20271010|0542|0707|1300|1610|1844|2003|10 Cemaziyelevvel 1449
20271011|0543|0708|1300|1609|1843|2002|11 Cemaziyelevvel 1449
20271012|0544|0709|1300|1608|1841|2000|12 Cemaziyelevvel 1449
20271013|0546|0710|1300|1606|1839|1958|13 Cemaziyelevvel 1449
20271014|0547|0711|1259|1605|1838|1957|14 Cemaziyelevvel 1449
20271015|0548|0712|1259|1604|1836|1955|15 Cemaziyelevvel 1449
20271016|0549|0713|1259|1603|1835|1954|16 Cemaziyelevvel 1449
20271017|0550|0714|1259|1602|1833|1952|17 Cemaziyelevvel 1449
20271018|0551|0715|1258|1600|1832|1951|18 Cemaziyelevvel 1449
20271019|0552|0716|1258|1559|1830|1950|19 Cemaziyelevvel 1449
20271020|0553|0717|1258|1558|1829|1948|20 Cemaziyelevvel 1449
20271021|0554|0719|1258|1557|1827|1947|21 Cemaziyelevvel 1449
20271022|0555|0720|1258|1556|1826|1945|22 Cemaziyelevvel 1449
20271023|0556|0721|1258|1555|1824|1944|23 Cemaziyelevvel 1449
20271024|0557|0722|1257|1554|1823|1943|24 Cemaziyelevvel 1449
20271025|0558|0723|1257|1553|1822|1941|25 Cemaziyelevvel 1449
20271026|0559|0724|1257|1551|1820|1940|26 Cemaziyelevvel 1449
20271027|0600|0725|1257|1550|1819|1939|27 Cemaziyelevvel 1449
20271028|0601|0727|1257|1549|1818|1938|28 Cemaziyelevvel 1449
20271029|0602|0728|1257|1548|1816|1936|29 Cemaziyelevvel 1449
20271030|0603|0729|1257|1547|1815|1935|30 Cemaziyelevvel 1449
20271031|0604|0730|1257|1546|1814|1934|1 Cemaziyelahir 1449
20271101|0605|0731|1257|1545|1812|1933|2 Cemaziyelahir 1449
20271102|0606|0732|1257|1544|1811|1932|3 Cemaziyelahir 1449
20271103|0607|0734|1257|1543|1810|1931|4 Cemaziyelahir 1449
20271104|0608|0735|1257|1542|1809|1930|5 Cemaziyelahir 1449
20271105|0610|0736|1257|1541|1808|1929|6 Cemaziyelahir 1449
20271106|0611|0737|1257|1541|1806|1928|7 Cemaziyelahir 1449
20271107|0612|0738|1257|1540|1805|1927|8 Cemaziyelahir 1449
20271108|0613|0740|1257|1539|1804|1926|9 Cemaziyelahir 1449
20271109|0614|0741|1257|1538|1803|1925|10 Cemaziyelahir 1449
20271110|0615|0742|1257|1537|1802|1924|11 Cemaziyelahir 1449
20271111|0616|0743|1257|1536|1801|1923|12 Cemaziyelahir 1449
20271112|0617|0744|1257|1536|1800|1922|13 Cemaziyelahir 1449
20271113|0618|0745|1257|1535|1759|1922|14 Cemaziyelahir 1449
20271114|0619|0747|1258|1534|1758|1921|15 Cemaziyelahir 1449
20271115|0620|0748|1258|1533|1757|1920|16 Cemaziyelahir 1449
20271116|0621|0749|1258|1533|1757|1919|17 Cemaziyelahir 1449
20271117|0622|0750|1258|1532|1756|1919|18 Cemaziyelahir 1449
20271118|0623|0751|1258|1532|1755|1918|19 Cemaziyelahir 1449
20271119|0624|0753|1258|1531|1754|1918|20 Cemaziyelahir 1449
20271120|0625|0754|1259|1530|1754|1917|21 Cemaziyelahir 1449
20271121|0626|0755|1259|1530|1753|1917|22 Cemaziyelahir 1449
20271122|0627|0756|1259|1529|1752|1916|23 Cemaziyelahir 1449
20271123|0628|0757|1259|1529|1752|1916|24 Cemaziyelahir 1449
20271124|0629|0758|1300|1528|1751|1915|25 Cemaziyelahir 1449
20271125|0630|0759|1300|1528|1751|1915|26 Cemaziyelahir 1449
20271126|0631|0801|1300|1528|1750|1914|27 Cemaziyelahir 1449
20271127|0632|0802|1301|1527|1750|1914|28 Cemaziyelahir 1449
20271128|0633|0803|1301|1527|1749|1914|29 Cemaziyelahir 1449
20271129|0633|0804|1301|1527|1749|1914|1 Recep 1449
20271130|0634|0805|1302|1527|1748|1913|2 Recep 1449
20271201|0635|0806|1302|1526|1748|1913|3 Recep 1449
20271202|0636|0807|1302|1526|1748|1913|4 Recep 1449
20271203|0637|0808|1303|1526|1747|1913|5 Recep 1449
20271204|0638|0809|1303|1526|1747|1913|6 Recep 1449
20271205|0639|0810|1303|1526|1747|1913|7 Recep 1449
20271206|0640|0811|1304|1526|1747|1913|8 Recep 1449
20271207|0640|0812|1304|1526|1747|1913|9 Recep 1449
20271208|0641|0813|1305|1526|1747|1913|10 Recep 1449
20271209|0642|0814|1305|1526|1747|1913|11 Recep 1449
20271210|0643|0814|1306|1526|1747|1913|12 Recep 1449
20271211|0644|0815|1306|1526|1747|1913|13 Recep 1449
20271212|0644|0816|1307|1526|1747|1913|14 Recep 1449
20271213|0645|0817|1307|1526|1747|1914|15 Recep 1449
20271214|0646|0818|1307|1527|1747|1914|16 Recep 1449
20271215|0646|0818|1308|1527|1748|1914|17 Recep 1449
20271216|0647|0819|1308|1527|1748|1914|18 Recep 1449
20271217|0648|0820|1309|1528|1748|1915|19 Recep 1449
20271218|0648|0820|1309|1528|1748|1915|20 Recep 1449
20271219|0649|0821|1310|1528|1749|1916|21 Recep 1449
20271220|0649|0822|1310|1529|1749|1916|22 Recep 1449
20271221|0650|0822|1311|1529|1750|1916|23 Recep 1449
20271222|0650|0823|1311|1530|1750|1917|24 Recep 1449
20271223|0651|0823|1312|1530|1751|1917|25 Recep 1449
20271224|0651|0824|1312|1531|1751|1918|26 Recep 1449
20271225|0652|0824|1313|1531|1752|1918|27 Recep 1449
20271226|0652|0824|1313|1532|1752|1919|28 Recep 1449
20271227|0653|0825|1314|1532|1753|1920|29 Recep 1449
20271228|0653|0825|1314|1533|1754|1920|30 Recep 1449
20271229|0653|0825|1315|1534|1754|1921|1 Şaban 1449
20271230|0654|0826|1315|1534|1755|1922|2 Şaban 1449
20271231|0654|0826|1316|1535|1756|1922|3 Şaban 1449
#@9876|Malkara|TEKIRDAG|396
20261003|0539|0704|1307|1622|1900|2018|22 Rebiulahir 1448
20261004|0541|0705|1306|1621|1858|2017|23 Rebiulahir 1448
20261005|0542|0706|1306|1620|1856|2015|24 Rebiulahir 1448
20261006|0543|0707|1306|1619|1855|2013|25 Rebiulahir 1448
20261007|0544|0708|1305|1618|1853|2012|26 Rebiulahir 1448
20261008|0545|0709|1305|1616|1851|2010|27 Rebiulahir 1448
20261009|0546|0710|1305|1615|1850|2009|28 Rebiulahir 1448
20261010|0547|0711|1305|1614|1848|2007|29 Rebiulahir 1448
20261011|0548|0712|1304|1613|1847|2005|30 Rebiulahir 1448
20261012|0549|0713|1304|1612|1845|2004|1 Cemaziyelevvel 1448
20261013|0550|0714|1304|1610|1843|2002|2 Cemaziyelevvel 1448
20261014|0551|0715|1304|1609|1842|2001|3 Cemaziyelevvel 1448
20261015|0552|0716|1303|1608|1840|1959|4 Cemaziyelevvel 1448
20261016|0553|0717|1303|1607|1839|1958|5 Cemaziyelevvel 1448
20261017|0554|0719|1303|1606|1837|1956|6 Cemaziyelevvel 1448
20261018|0555|0720|1303|1604|1836|1955|7 Cemaziyelevvel 1448
20261019|0556|0721|1302|1603|1834|1953|8 Cemaziyelevvel 1448
20261020|0557|0722|1302|1602|1833|1952|9 Cemaziyelevvel 1448
20261021|0558|0723|1302|1601|1831|1951|10 Cemaziyelevvel 1448
20261022|0559|0724|1302|1600|1830|1949|11 Cemaziyelevvel 1448
20261023|0600|0725|1302|1559|1828|1948|12 Cemaziyelevvel 1448
20261024|0602|0726|1302|1558|1827|1947|13 Cemaziyelevvel 1448
20261025|0603|0728|1302|1557|1826|1945|14 Cemaziyelevvel 1448
20261026|0604|0729|1301|1556|1824|1944|15 Cemaziyelevvel 1448
20261027|0605|0730|1301|1554|1823|1943|16 Cemaziyelevvel 1448
20261028|0606|0731|1301|1553|1822|1942|17 Cemaziyelevvel 1448
20261029|0607|0732|1301|1552|1820|1940|18 Cemaziyelevvel 1448
20261030|0608|0733|1301|1551|1819|1939|19 Cemaziyelevvel 1448
20261031|0609|0734|1301|1550|1818|1938|20 Cemaziyelevvel 1448
20261101|0610|0736|1301|1549|1816|1937|21 Cemaziyelevvel 1448
20261102|0611|0737|1301|1548|1815|1936|22 Cemaziyelevvel 1448
20270101|0658|0830|1321|1541|1801|1928|23 Recep 1448
20270102|0658|0830|1321|1541|1802|1928|24 Recep 1448
20270103|0659|0830|1322|1542|1803|1929|25 Recep 1448
20270104|0659|0830|1322|1543|1804|1930|26 Recep 1448
20270105|0659|0830|1322|1544|1805|1931|27 Recep 1448
20270106|0659|0830|1323|1545|1806|1932|28 Recep 1448
20270107|0659|0830|1323|1546|1807|1932|29 Recep 1448
20270108|0659|0830|1324|1546|1808|1933|30 Recep 1448
20270109|0659|0830|1324|1547|1809|1934|1 Şaban 1448
20270110|0659|0830|1325|1548|1810|1935|2 Şaban 1448
20270111|0659|0829|1325|1549|1811|1936|3 Şaban 1448
20270112|0659|0829|1325|1550|1812|1937|4 Şaban 1448
20270113|0658|0829|1326|1551|1813|1938|5 Şaban 1448
20270114|0658|0828|1326|1552|1814|1939|6 Şaban 1448
20270115|0658|0828|1327|1553|1815|1940|7 Şaban 1448
20270116|0658|0828|1327|1554|1816|1941|8 Şaban 1448
20270117|0658|0827|1327|1555|1817|1942|9 Şaban 1448
20270118|0657|0827|1328|1556|1818|1943|10 Şaban 1448
20270119|0657|0826|1328|1557|1820|1944|11 Şaban 1448
20270120|0656|0826|1328|1558|1821|1945|12 Şaban 1448
20270121|0656|0825|1329|1559|1822|1946|13 Şaban 1448
20270122|0656|0824|1329|1600|1823|1947|14 Şaban 1448
20270123|0655|0824|1329|1601|1824|1948|15 Şaban 1448
20270124|0655|0823|1329|1602|1826|1949|16 Şaban 1448
20270125|0654|0822|1330|1603|1827|1950|17 Şaban 1448
20270126|0653|0822|1330|1604|1828|1951|18 Şaban 1448
20270127|0653|0821|1330|1605|1829|1952|19 Şaban 1448
20270128|0652|0820|1330|1606|1830|1953|20 Şaban 1448
20270129|0651|0819|1330|1607|1832|1954|21 Şaban 1448
20270130|0651|0818|1331|1608|1833|1955|22 Şaban 1448
20270131|0650|0817|1331|1609|1834|1956|23 Şaban 1448
20270201|0649|0816|1331|1611|1835|1957|24 Şaban 1448
20270202|0648|0815|1331|1612|1837|1958|25 Şaban 1448
20270203|0648|0814|1331|1613|1838|1959|26 Şaban 1448
20270204|0647|0813|1331|1614|1839|2001|27 Şaban 1448
20270205|0646|0812|1331|1615|1840|2002|28 Şaban 1448
20270206|0645|0811|1331|1616|1842|2003|29 Şaban 1448
20270207|0644|0810|1331|1617|1843|2004|30 Şaban 1448
20270208|0643|0809|1332|1618|1844|2005|1 Ramazan 1448
20270209|0642|0808|1332|1619|1845|2006|2 Ramazan 1448
20270210|0641|0807|1332|1620|1847|2007|3 Ramazan 1448
20270211|0640|0806|1332|1621|1848|2008|4 Ramazan 1448
20270212|0639|0804|1332|1622|1849|2009|5 Ramazan 1448
20270213|0638|0803|1332|1622|1850|2010|6 Ramazan 1448
20270214|0636|0802|1332|1623|1851|2011|7 Ramazan 1448
20270215|0635|0800|1332|1624|1853|2013|8 Ramazan 1448
20270216|0634|0759|1332|1625|1854|2014|9 Ramazan 1448
20270217|0633|0758|1331|1626|1855|2015|10 Ramazan 1448
20270218|0632|0756|1331|1627|1856|2016|11 Ramazan 1448
20270219|0630|0755|1331|1628|1858|2017|12 Ramazan 1448
20270220|0629|0754|1331|1629|1859|2018|13 Ramazan 1448
20270221|0628|0752|1331|1630|1900|2019|14 Ramazan 1448
20270222|0626|0751|1331|1631|1901|2020|15 Ramazan 1448
20270223|0625|0749|1331|1631|1902|2021|16 Ramazan 1448
20270224|0624|0748|1331|1632|1903|2023|17 Ramazan 1448
20270225|0622|0747|1331|1633|1905|2024|18 Ramazan 1448
20270226|0621|0745|1330|1634|1906|2025|19 Ramazan 1448
20270227|0619|0744|1330|1635|1907|2026|20 Ramazan 1448
20270228|0618|0742|1330|1636|1908|2027|21 Ramazan 1448
20270301|0616|0741|1330|1636|1909|2028|22 Ramazan 1448
20270302|0615|0739|1330|1637|1910|2029|23 Ramazan 1448
20270303|0613|0737|1329|1638|1912|2030|24 Ramazan 1448
20270304|0612|0736|1329|1639|1913|2031|25 Ramazan 1448
20270305|0610|0734|1329|1639|1914|2033|26 Ramazan 1448
20270306|0609|0733|1329|1640|1915|2034|27 Ramazan 1448
20270307|0607|0731|1329|1641|1916|2035|28 Ramazan 1448
20270308|0605|0730|1328|1641|1917|2036|29 Ramazan 1448
20270309|0604|0728|1328|1642|1918|2037|1 Şevval 1448
20270310|0602|0726|1328|1643|1919|2038|2 Şevval 1448
20270311|0600|0725|1328|1643|1921|2039|3 Şevval 1448
20270312|0559|0723|1327|1644|1922|2041|4 Şevval 1448
20270313|0557|0721|1327|1645|1923|2042|5 Şevval 1448
20270314|0555|0720|1327|1645|1924|2043|6 Şevval 1448
20270315|0554|0718|1327|1646|1925|2044|7 Şevval 1448
20270316|0552|0717|1326|1646|1926|2045|8 Şevval 1448
20270317|0550|0715|1326|1647|1927|2046|9 Şevval 1448
20270318|0548|0713|1326|1648|1928|2048|10 Şevval 1448
20270319|0547|0712|1325|1648|1929|2049|11 Şevval 1448
20270320|0545|0710|1325|1649|1930|2050|12 Şevval 1448
20270321|0543|0708|1325|1649|1931|2051|13 Şevval 1448
20270322|0541|0707|1325|1650|1933|2052|14 Şevval 1448
20270323|0539|0705|1324|1650|1934|2053|15 Şevval 1448
20270324|0538|0703|1324|1651|1935|2055|16 Şevval 1448
20270325|0536|0702|1324|1651|1936|2056|17 Şevval 1448
20270326|0534|0700|1323|1652|1937|2057|18 Şevval 1448
20270327|0532|0658|1323|1652|1938|2058|19 Şevval 1448
20270328|0530|0657|1323|1653|1939|2100|20 Şevval 1448
20270329|0528|0655|1322|1653|1940|2101|21 Şevval 1448
20270330|0527|0653|1322|1654|1941|2102|22 Şevval 1448
20270331|0525|0652|1322|1654|1942|2103|23 Şevval 1448
20270401|0523|0650|1322|1655|1943|2105|24 Şevval 1448
20270402|0521|0648|1321|1655|1944|2106|25 Şevval 1448
20270403|0519|0647|1321|1655|1945|2107|26 Şevval 1448
20270404|0517|0645|1321|1656|1946|2108|27 Şevval 1448
20270405|0515|0643|1320|1656|1947|2110|28 Şevval 1448
20270406|0513|0642|1320|1657|1948|2111|29 Şevval 1448
20270407|0511|0640|1320|1657|1949|2112|30 Şevval 1448
20270408|0509|0638|1319|1657|1951|2114|1 Zilkade 1448
20270409|0508|0637|1319|1658|1952|2115|2 Zilkade 1448
20270410|0506|0635|1319|1658|1953|2116|3 Zilkade 1448
20270411|0504|0634|1319|1659|1954|2118|4 Zilkade 1448
20270412|0502|0632|1318|1659|1955|2119|5 Zilkade 1448
20270413|0500|0631|1318|1659|1956|2120|6 Zilkade 1448
20270414|0458|0629|1318|1700|1957|2122|7 Zilkade 1448
20270415|0456|0627|1318|1700|1958|2123|8 Zilkade 1448
20270416|0454|0626|1317|1700|1959|2124|9 Zilkade 1448
20270417|0452|0624|1317|1701|2000|2126|10 Zilkade 1448
20270418|0450|0623|1317|1701|2001|2127|11 Zilkade 1448
20270419|0448|0621|1317|1701|2002|2129|12 Zilkade 1448
20270420|0447|0620|1316|1702|2003|2130|13 Zilkade 1448
20270421|0445|0618|1316|1702|2004|2132|14 Zilkade 1448
20270422|0443|0617|1316|1702|2005|2133|15 Zilkade 1448
20270423|0441|0615|1316|1702|2006|2134|16 Zilkade 1448
20270424|0439|0614|1316|1703|2007|2136|17 Zilkade 1448
20270425|0437|0613|1316|1703|2008|2137|18 Zilkade 1448
20270426|0435|0611|1315|1703|2010|2139|19 Zilkade 1448
20270427|0433|0610|1315|1704|2011|2140|20 Zilkade 1448
20270428|0432|0608|1315|1704|2012|2142|21 Zilkade 1448
20270429|0430|0607|1315|1704|2013|2143|22 Zilkade 1448
20270430|0428|0606|1315|1705|2014|2145|23 Zilkade 1448
20270501|0426|0604|1315|1705|2015|2146|24 Zilkade 1448
20270502|0424|0603|1315|1705|2016|2148|25 Zilkade 1448
20270503|0423|0602|1314|1705|2017|2149|26 Zilkade 1448
20270504|0421|0601|1314|1706|2018|2151|27 Zilkade 1448
20270505|0419|0559|1314|1706|2019|2152|28 Zilkade 1448
20270506|0417|0558|1314|1706|2020|2154|29 Zilkade 1448
20270507|0416|0557|1314|1707|2021|2155|1 Zilhicce 1448
20270508|0414|0556|1314|1707|2022|2157|2 Zilhicce 1448
20270509|0412|0555|1314|1707|2023|2158|3 Zilhicce 1448
20270510|0411|0554|1314|1707|2024|2200|4 Zilhicce 1448
20270511|0409|0553|1314|1708|2025|2201|5 Zilhicce 1448
20270512|0407|0552|1314|1708|2026|2203|6 Zilhicce 1448
20270513|0406|0550|1314|1708|2027|2204|7 Zilhicce 1448
20270514|0404|0549|1314|1708|2028|2206|8 Zilhicce 1448
20270515|0403|0548|1314|1709|2029|2207|9 Zilhicce 1448
20270516|0401|0548|1314|1709|2030|2209|10 Zilhicce 1448
20270517|0400|0547|1314|1709|2031|2210|11 Zilhicce 1448
20270518|0358|0546|1314|1710|2032|2212|12 Zilhicce 1448
20270519|0357|0545|1314|1710|2033|2213|13 Zilhicce 1448
20270520|0355|0544|1314|1710|2034|2215|14 Zilhicce 1448
20270521|0354|0543|1314|1710|2035|2216|15 Zilhicce 1448
20270522|0353|0542|1314|1711|2036|2218|16 Zilhicce 1448
20270523|0351|0542|1314|1711|2037|2219|17 Zilhicce 1448
20270524|0350|0541|1314|1711|2038|2220|18 Zilhicce 1448
20270525|0349|0540|1314|1712|2038|2222|19 Zilhicce 1448
20270526|0348|0540|1314|1712|2039|2223|20 Zilhicce 1448
20270527|0346|0539|1315|1712|2040|2224|21 Zilhicce 1448
20270528|0345|0538|1315|1712|2041|2226|22 Zilhicce 1448
20270529|0344|0538|1315|1713|2042|2227|23 Zilhicce 1448
20270530|0343|0537|1315|1713|2043|2228|24 Zilhicce 1448
20270531|0342|0537|1315|1713|2043|2229|25 Zilhicce 1448
20270601|0341|0536|1315|1714|2044|2231|26 Zilhicce 1448
20270602|0340|0536|1315|1714|2045|2232|27 Zilhicce 1448
20270603|0339|0535|1315|1714|2046|2233|28 Zilhicce 1448
20270604|0339|0535|1316|1714|2046|2234|29 Zilhicce 1448
20270605|0338|0535|1316|1715|2047|2235|30 Zilhicce 1448
20270606|0337|0534|1316|1715|2048|2236|1 Muharrem 1449
20270607|0337|0534|1316|1715|2048|2237|2 Muharrem 1449
20270608|0336|0534|1316|1716|2049|2238|3 Muharrem 1449
20270609|0335|0534|1317|1716|2050|2239|4 Muharrem 1449
20270610|0335|0533|1317|1716|2050|2240|5 Muharrem 1449
20270611|0335|0533|1317|1716|2051|2240|6 Muharrem 1449
20270612|0334|0533|1317|1717|2051|2241|7 Muharrem 1449
20270613|0334|0533|1317|1717|2052|2242|8 Muharrem 1449
20270614|0334|0533|1318|1717|2052|2242|9 Muharrem 1449
20270615|0333|0533|1318|1717|2053|2243|10 Muharrem 1449
20270616|0333|0533|1318|1718|2053|2244|11 Muharrem 1449
20270617|0333|0533|1318|1718|2053|2244|12 Muharrem 1449
20270618|0333|0533|1318|1718|2054|2244|13 Muharrem 1449
20270619|0333|0533|1319|1718|2054|2245|14 Muharrem 1449
20270620|0333|0534|1319|1719|2054|2245|15 Muharrem 1449
20270621|0333|0534|1319|1719|2055|2245|16 Muharrem 1449
20270622|0334|0534|1319|1719|2055|2246|17 Muharrem 1449
20270623|0334|0534|1320|1719|2055|2246|18 Muharrem 1449
20270624|0334|0534|1320|1719|2055|2246|19 Muharrem 1449
20270625|0335|0535|1320|1720|2055|2246|20 Muharrem 1449
20270626|0335|0535|1320|1720|2055|2246|21 Muharrem 1449
20270627|0336|0535|1320|1720|2055|2246|22 Muharrem 1449
20270628|0336|0536|1321|1720|2055|2246|23 Muharrem 1449
20270629|0337|0536|1321|1720|2055|2246|24 Muharrem 1449
20270630|0337|0537|1321|1720|2055|2245|25 Muharrem 1449
20270701|0338|0537|1321|1721|2055|2245|26 Muharrem 1449
20270702|0339|0538|1321|1721|2055|2245|27 Muharrem 1449
20270703|0340|0538|1322|1721|2055|2244|28 Muharrem 1449
20270704|0340|0539|1322|1721|2055|2244|29 Muharrem 1449
20270705|0341|0539|1322|1721|2055|2243|1 Safer 1449
20270706|0342|0540|1322|1721|2054|2243|2 Safer 1449
20270707|0343|0541|1322|1721|2054|2242|3 Safer 1449
20270708|0344|0541|1322|1721|2054|2242|4 Safer 1449
20270709|0345|0542|1323|1721|2053|2241|5 Safer 1449
20270710|0347|0542|1323|1721|2053|2240|6 Safer 1449
20270711|0348|0543|1323|1721|2053|2239|7 Safer 1449
20270712|0349|0544|1323|1721|2052|2239|8 Safer 1449
20270713|0350|0545|1323|1721|2052|2238|9 Safer 1449
20270714|0351|0545|1323|1721|2051|2237|10 Safer 1449
20270715|0353|0546|1323|1721|2051|2236|11 Safer 1449
20270716|0354|0547|1323|1721|2050|2235|12 Safer 1449
20270717|0355|0548|1324|1721|2049|2234|13 Safer 1449
20270718|0356|0549|1324|1721|2049|2233|14 Safer 1449
20270719|0358|0549|1324|1721|2048|2231|15 Safer 1449
20270720|0359|0550|1324|1721|2047|2230|16 Safer 1449
20270721|0401|0551|1324|1721|2047|2229|17 Safer 1449
20270722|0402|0552|1324|1721|2046|2228|18 Safer 1449
20270723|0403|0553|1324|1720|2045|2226|19 Safer 1449
20270724|0405|0554|1324|1720|2044|2225|20 Safer 1449
20270725|0406|0555|1324|1720|2043|2224|21 Safer 1449
20270726|0408|0556|1324|1720|2042|2222|22 Safer 1449
20270727|0409|0556|1324|1720|2042|2221|23 Safer 1449
20270728|0411|0557|1324|1719|2041|2220|24 Safer 1449
20270729|0412|0558|1324|1719|2040|2218|25 Safer 1449
20270730|0414|0559|1324|1719|2039|2217|26 Safer 1449
20270731|0415|0600|1324|1718|2038|2215|27 Safer 1449
20270801|0417|0601|1324|1718|2037|2213|28 Safer 1449
20270802|0418|0602|1324|1718|2035|2212|29 Safer 1449
20270803|0420|0603|1324|1717|2034|2210|1 Rebiulevvel 1449
20270804|0421|0604|1324|1717|2033|2209|2 Rebiulevvel 1449
20270805|0423|0605|1324|1716|2032|2207|3 Rebiulevvel 1449
20270806|0424|0606|1323|1716|2031|2205|4 Rebiulevvel 1449
20270807|0426|0607|1323|1716|2030|2204|5 Rebiulevvel 1449
20270808|0427|0608|1323|1715|2028|2202|6 Rebiulevvel 1449
20270809|0429|0609|1323|1715|2027|2200|7 Rebiulevvel 1449
20270810|0430|0610|1323|1714|2026|2159|8 Rebiulevvel 1449
20270811|0432|0611|1323|1714|2025|2157|9 Rebiulevvel 1449
20270812|0433|0612|1323|1713|2023|2155|10 Rebiulevvel 1449
20270813|0435|0613|1322|1712|2022|2153|11 Rebiulevvel 1449
20270814|0436|0614|1322|1712|2021|2152|12 Rebiulevvel 1449
20270815|0438|0615|1322|1711|2019|2150|13 Rebiulevvel 1449
20270816|0439|0616|1322|1711|2018|2148|14 Rebiulevvel 1449
20270817|0441|0617|1322|1710|2017|2146|15 Rebiulevvel 1449
20270818|0442|0618|1321|1709|2015|2144|16 Rebiulevvel 1449
20270819|0444|0619|1321|1709|2014|2142|17 Rebiulevvel 1449
20270820|0445|0620|1321|1708|2012|2141|18 Rebiulevvel 1449
20270821|0446|0621|1321|1707|2011|2139|19 Rebiulevvel 1449
20270822|0448|0622|1321|1706|2009|2137|20 Rebiulevvel 1449
20270823|0449|0623|1320|1706|2008|2135|21 Rebiulevvel 1449
20270824|0451|0624|1320|1705|2006|2133|22 Rebiulevvel 1449
20270825|0452|0625|1320|1704|2005|2131|23 Rebiulevvel 1449
20270826|0453|0626|1319|1703|2003|2129|24 Rebiulevvel 1449
20270827|0455|0627|1319|1702|2002|2127|25 Rebiulevvel 1449
20270828|0456|0628|1319|1702|2000|2125|26 Rebiulevvel 1449
20270829|0458|0629|1319|1701|1958|2124|27 Rebiulevvel 1449
20270830|0459|0630|1318|1700|1957|2122|28 Rebiulevvel 1449
20270831|0500|0631|1318|1659|1955|2120|29 Rebiulevvel 1449
20270901|0502|0632|1318|1658|1954|2118|30 Rebiulevvel 1449
20270902|0503|0633|1317|1657|1952|2116|1 Rebiulahir 1449
20270903|0504|0634|1317|1656|1950|2114|2 Rebiulahir 1449
20270904|0505|0635|1317|1655|1949|2112|3 Rebiulahir 1449
20270905|0507|0636|1316|1654|1947|2110|4 Rebiulahir 1449
20270906|0508|0637|1316|1653|1946|2108|5 Rebiulahir 1449
20270907|0509|0638|1316|1652|1944|2106|6 Rebiulahir 1449
20270908|0510|0639|1315|1651|1942|2104|7 Rebiulahir 1449
20270909|0512|0640|1315|1650|1941|2103|8 Rebiulahir 1449
20270910|0513|0641|1315|1649|1939|2101|9 Rebiulahir 1449
20270911|0514|0641|1314|1648|1937|2059|10 Rebiulahir 1449
20270912|0515|0642|1314|1647|1935|2057|11 Rebiulahir 1449
20270913|0517|0643|1314|1646|1934|2055|12 Rebiulahir 1449
20270914|0518|0644|1313|1645|1932|2053|13 Rebiulahir 1449
20270915|0519|0645|1313|1644|1930|2051|14 Rebiulahir 1449
20270916|0520|0646|1313|1643|1929|2049|15 Rebiulahir 1449
20270917|0521|0647|1312|1641|1927|2047|16 Rebiulahir 1449
20270918|0522|0648|1312|1640|1925|2046|17 Rebiulahir 1449
20270919|0524|0649|1311|1639|1924|2044|18 Rebiulahir 1449
20270920|0525|0650|1311|1638|1922|2042|19 Rebiulahir 1449
20270921|0526|0651|1311|1637|1920|2040|20 Rebiulahir 1449
20270922|0527|0652|1310|1636|1919|2038|21 Rebiulahir 1449
20270923|0528|0653|1310|1635|1917|2036|22 Rebiulahir 1449
20270924|0529|0654|1310|1633|1915|2035|23 Rebiulahir 1449
20270925|0530|0655|1309|1632|1913|2033|24 Rebiulahir 1449
20270926|0532|0656|1309|1631|1912|2031|25 Rebiulahir 1449
20270927|0533|0657|1309|1630|1910|2029|26 Rebiulahir 1449
20270928|0534|0658|1308|1629|1908|2027|27 Rebiulahir 1449
20270929|0535|0659|1308|1627|1907|2026|28 Rebiulahir 1449
20270930|0536|0700|1308|1626|1905|2024|29 Rebiulahir 1449
20271001|0537|0701|1307|1625|1903|2022|1 Cemaziyelevvel 1449
20271002|0538|0702|1307|1624|1902|2021|2 Cemaziyelevvel 1449
20271003|0539|0703|1307|1623|1900|2019|3 Cemaziyelevvel 1449
20271004|0540|0704|1306|1621|1858|2017|4 Cemaziyelevvel 1449
20271005|0541|0706|1306|1620|1857|2015|5 Cemaziyelevvel 1449
20271006|0542|0707|1306|1619|1855|2014|6 Cemaziyelevvel 1449
20271007|0543|0708|1305|1618|1853|2012|7 Cemaziyelevvel 1449
20271008|0545|0709|1305|1617|1852|2011|8 Cemaziyelevvel 1449
20271009|0546|0710|1305|1615|1850|2009|9 Cemaziyelevvel 1449
20271010|0547|0711|1305|1614|1849|2007|10 Cemaziyelevvel 1449
20271011|0548|0712|1304|1613|1847|2006|11 Cemaziyelevvel 1449
20271012|0549|0713|1304|1612|1845|2004|12 Cemaziyelevvel 1449
20271013|0550|0714|1304|1611|1844|2003|13 Cemaziyelevvel 1449
20271014|0551|0715|1304|1609|1842|2001|14 Cemaziyelevvel 1449
20271015|0552|0716|1303|1608|1841|2000|15 Cemaziyelevvel 1449
20271016|0553|0717|1303|1607|1839|1958|16 Cemaziyelevvel 1449
20271017|0554|0718|1303|1606|1838|1957|17 Cemaziyelevvel 1449
20271018|0555|0719|1303|1605|1836|1955|18 Cemaziyelevvel 1449
20271019|0556|0721|1303|1604|1835|1954|19 Cemaziyelevvel 1449
20271020|0557|0722|1302|1602|1833|1952|20 Cemaziyelevvel 1449
20271021|0558|0723|1302|1601|1832|1951|21 Cemaziyelevvel 1449
20271022|0559|0724|1302|1600|1830|1950|22 Cemaziyelevvel 1449
20271023|0600|0725|1302|1559|1829|1948|23 Cemaziyelevvel 1449
20271024|0601|0726|1302|1558|1827|1947|24 Cemaziyelevvel 1449
20271025|0602|0727|1302|1557|1826|1946|25 Cemaziyelevvel 1449
20271026|0603|0728|1301|1556|1825|1944|26 Cemaziyelevvel 1449
20271027|0604|0730|1301|1555|1823|1943|27 Cemaziyelevvel 1449
20271028|0605|0731|1301|1554|1822|1942|28 Cemaziyelevvel 1449
20271029|0606|0732|1301|1553|1821|1941|29 Cemaziyelevvel 1449
20271030|0608|0733|1301|1552|1819|1939|30 Cemaziyelevvel 1449
20271031|0609|0734|1301|1551|1818|1938|1 Cemaziyelahir 1449
20271101|0610|0735|1301|1550|1817|1937|2 Cemaziyelahir 1449
20271102|0611|0737|1301|1549|1816|1936|3 Cemaziyelahir 1449
20271103|0612|0738|1301|1548|1814|1935|4 Cemaziyelahir 1449
20271104|0613|0739|1301|1547|1813|1934|5 Cemaziyelahir 1449
20271105|0614|0740|1301|1546|1812|1933|6 Cemaziyelahir 1449
20271106|0615|0741|1301|1545|1811|1932|7 Cemaziyelahir 1449
20271107|0616|0742|1301|1544|1810|1931|8 Cemaziyelahir 1449
20271108|0617|0744|1301|1543|1809|1930|9 Cemaziyelahir 1449
20271109|0618|0745|1301|1542|1808|1929|10 Cemaziyelahir 1449
20271110|0619|0746|1301|1542|1807|1928|11 Cemaziyelahir 1449
20271111|0620|0747|1301|1541|1806|1928|12 Cemaziyelahir 1449
20271112|0621|0748|1301|1540|1805|1927|13 Cemaziyelahir 1449
20271113|0622|0750|1302|1539|1804|1926|14 Cemaziyelahir 1449
20271114|0623|0751|1302|1539|1803|1925|15 Cemaziyelahir 1449
20271115|0624|0752|1302|1538|1802|1924|16 Cemaziyelahir 1449
20271116|0625|0753|1302|1537|1801|1924|17 Cemaziyelahir 1449
20271117|0626|0754|1302|1537|1800|1923|18 Cemaziyelahir 1449
20271118|0627|0755|1302|1536|1759|1923|19 Cemaziyelahir 1449
20271119|0628|0757|1303|1535|1759|1922|20 Cemaziyelahir 1449
20271120|0629|0758|1303|1535|1758|1921|21 Cemaziyelahir 1449
20271121|0630|0759|1303|1534|1757|1921|22 Cemaziyelahir 1449
20271122|0631|0800|1303|1534|1757|1920|23 Cemaziyelahir 1449
20271123|0632|0801|1304|1533|1756|1920|24 Cemaziyelahir 1449
20271124|0633|0802|1304|1533|1755|1920|25 Cemaziyelahir 1449
20271125|0634|0803|1304|1533|1755|1919|26 Cemaziyelahir 1449
20271126|0635|0805|1304|1532|1754|1919|27 Cemaziyelahir 1449
20271127|0636|0806|1305|1532|1754|1918|28 Cemaziyelahir 1449
20271128|0637|0807|1305|1532|1754|1918|29 Cemaziyelahir 1449
20271129|0638|0808|1305|1531|1753|1918|1 Recep 1449
20271130|0638|0809|1306|1531|1753|1918|2 Recep 1449
20271201|0639|0810|1306|1531|1752|1918|3 Recep 1449
20271202|0640|0811|1307|1531|1752|1917|4 Recep 1449
20271203|0641|0812|1307|1530|1752|1917|5 Recep 1449
20271204|0642|0813|1307|1530|1752|1917|6 Recep 1449
20271205|0643|0814|1308|1530|1752|1917|7 Recep 1449
20271206|0644|0815|1308|1530|1751|1917|8 Recep 1449
20271207|0645|0816|1309|1530|1751|1917|9 Recep 1449
20271208|0645|0817|1309|1530|1751|1917|10 Recep 1449
20271209|0646|0818|1309|1530|1751|1917|11 Recep 1449
20271210|0647|0818|1310|1530|1751|1917|12 Recep 1449
20271211|0648|0819|1310|1531|1751|1918|13 Recep 1449
20271212|0648|0820|1311|1531|1751|1918|14 Recep 1449
20271213|0649|0821|1311|1531|1752|1918|15 Recep 1449
20271214|0650|0822|1312|1531|1752|1918|16 Recep 1449
20271215|0650|0822|1312|1531|1752|1918|17 Recep 1449
20271216|0651|0823|1313|1532|1752|1919|18 Recep 1449
20271217|0652|0824|1313|1532|1753|1919|19 Recep 1449
20271218|0652|0824|1314|1532|1753|1919|20 Recep 1449
20271219|0653|0825|1314|1533|1753|1920|21 Recep 1449
20271220|0654|0826|1315|1533|1754|1920|22 Recep 1449
20271221|0654|0826|1315|1534|1754|1921|23 Recep 1449
20271222|0655|0827|1316|1534|1755|1921|24 Recep 1449
20271223|0655|0827|1316|1535|1755|1922|25 Recep 1449
20271224|0656|0828|1317|1535|1756|1922|26 Recep 1449
20271225|0656|0828|1317|1536|1756|1923|27 Recep 1449
20271226|0656|0828|1318|1536|1757|1923|28 Recep 1449
20271227|0657|0829|1318|1537|1757|1924|29 Recep 1449
20271228|0657|0829|1319|1538|1758|1925|30 Recep 1449
20271229|0657|0829|1319|1538|1759|1925|1 Şaban 1449
20271230|0658|0830|1320|1539|1800|1926|2 Şaban 1449
20271231|0658|0830|1320|1540|1800|1927|3 Şaban 1449
#@9877|Saray|TEKIRDAG|396
20261003|0535|0700|1303|1618|1855|2015|22 Rebiulahir 1448
20261004|0536|0701|1302|1617|1854|2013|23 Rebiulahir 1448
20261005|0537|0702|1302|1615|1852|2011|24 Rebiulahir 1448
20261006|0538|0703|1302|1614|1850|2010|25 Rebiulahir 1448
20261007|0539|0704|1301|1613|1849|2008|26 Rebiulahir 1448
20261008|0540|0705|1301|1612|1847|2006|27 Rebiulahir 1448
20261009|0541|0706|1301|1610|1845|2005|28 Rebiulahir 1448
20261010|0542|0707|1300|1609|1844|2003|29 Rebiulahir 1448
20261011|0544|0708|1300|1608|1842|2002|30 Rebiulahir 1448
20261012|0545|0710|1300|1607|1840|2000|1 Cemaziyelevvel 1448
20261013|0546|0711|1300|1606|1839|1958|2 Cemaziyelevvel 1448
20261014|0547|0712|1259|1604|1837|1957|3 Cemaziyelevvel 1448
20261015|0548|0713|1259|1603|1836|1955|4 Cemaziyelevvel 1448
20261016|0549|0714|1259|1602|1834|1954|5 Cemaziyelevvel 1448
20261017|0550|0715|1259|1601|1833|1952|6 Cemaziyelevvel 1448
20261018|0551|0716|1259|1600|1831|1951|7 Cemaziyelevvel 1448
20261019|0552|0717|1258|1558|1830|1949|8 Cemaziyelevvel 1448
20261020|0553|0718|1258|1557|1828|1948|9 Cemaziyelevvel 1448
20261021|0554|0720|1258|1556|1827|1947|10 Cemaziyelevvel 1448
20261022|0555|0721|1258|1555|1825|1945|11 Cemaziyelevvel 1448
20261023|0556|0722|1258|1554|1824|1944|12 Cemaziyelevvel 1448
20261024|0557|0723|1258|1553|1822|1942|13 Cemaziyelevvel 1448
20261025|0559|0724|1257|1552|1821|1941|14 Cemaziyelevvel 1448
20261026|0600|0725|1257|1550|1819|1940|15 Cemaziyelevvel 1448
20261027|0601|0727|1257|1549|1818|1939|16 Cemaziyelevvel 1448
20261028|0602|0728|1257|1548|1817|1937|17 Cemaziyelevvel 1448
20261029|0603|0729|1257|1547|1815|1936|18 Cemaziyelevvel 1448
20261030|0604|0730|1257|1546|1814|1935|19 Cemaziyelevvel 1448
20261031|0605|0731|1257|1545|1813|1934|20 Cemaziyelevvel 1448
20261101|0606|0733|1257|1544|1811|1933|21 Cemaziyelevvel 1448
20261102|0607|0734|1257|1543|1810|1932|22 Cemaziyelevvel 1448
20270101|0655|0828|1317|1535|1756|1923|23 Recep 1448
20270102|0655|0828|1317|1536|1756|1923|24 Recep 1448
20270103|0655|0828|1318|1536|1757|1924|25 Recep 1448
20270104|0655|0828|1318|1537|1758|1925|26 Recep 1448
20270105|0656|0828|1318|1538|1759|1926|27 Recep 1448
20270106|0656|0828|1319|1539|1800|1927|28 Recep 1448
20270107|0656|0828|1319|1540|1801|1928|29 Recep 1448
20270108|0656|0828|1320|1541|1802|1928|30 Recep 1448
20270109|0656|0827|1320|1542|1803|1929|1 Şaban 1448
20270110|0656|0827|1321|1543|1804|1930|2 Şaban 1448
20270111|0655|0827|1321|1543|1805|1931|3 Şaban 1448
20270112|0655|0827|1321|1544|1806|1932|4 Şaban 1448
20270113|0655|0826|1322|1545|1807|1933|5 Şaban 1448
20270114|0655|0826|1322|1546|1808|1934|6 Şaban 1448
20270115|0655|0826|1323|1547|1809|1935|7 Şaban 1448
20270116|0654|0825|1323|1548|1811|1936|8 Şaban 1448
20270117|0654|0825|1323|1549|1812|1937|9 Şaban 1448
20270118|0654|0824|1324|1550|1813|1938|10 Şaban 1448
20270119|0653|0824|1324|1551|1814|1939|11 Şaban 1448
20270120|0653|0823|1324|1553|1815|1940|12 Şaban 1448
20270121|0653|0822|1324|1554|1816|1941|13 Şaban 1448
20270122|0652|0822|1325|1555|1818|1942|14 Şaban 1448
20270123|0652|0821|1325|1556|1819|1943|15 Şaban 1448
20270124|0651|0820|1325|1557|1820|1944|16 Şaban 1448
20270125|0650|0820|1325|1558|1821|1945|17 Şaban 1448
20270126|0650|0819|1326|1559|1823|1946|18 Şaban 1448
20270127|0649|0818|1326|1600|1824|1947|19 Şaban 1448
20270128|0649|0817|1326|1601|1825|1948|20 Şaban 1448
20270129|0648|0816|1326|1602|1826|1950|21 Şaban 1448
20270130|0647|0815|1327|1603|1828|1951|22 Şaban 1448
20270131|0646|0815|1327|1604|1829|1952|23 Şaban 1448
20270201|0646|0814|1327|1605|1830|1953|24 Şaban 1448
20270202|0645|0813|1327|1606|1831|1954|25 Şaban 1448
20270203|0644|0812|1327|1607|1833|1955|26 Şaban 1448
20270204|0643|0810|1327|1608|1834|1956|27 Şaban 1448
20270205|0642|0809|1327|1609|1835|1957|28 Şaban 1448
20270206|0641|0808|1327|1610|1836|1958|29 Şaban 1448
20270207|0640|0807|1327|1611|1838|1959|30 Şaban 1448
20270208|0639|0806|1327|1612|1839|2001|1 Ramazan 1448
20270209|0638|0805|1328|1613|1840|2002|2 Ramazan 1448
20270210|0637|0804|1328|1614|1842|2003|3 Ramazan 1448
20270211|0636|0802|1328|1615|1843|2004|4 Ramazan 1448
20270212|0635|0801|1328|1616|1844|2005|5 Ramazan 1448
20270213|0634|0800|1328|1617|1845|2006|6 Ramazan 1448
20270214|0632|0759|1328|1618|1847|2007|7 Ramazan 1448
20270215|0631|0757|1327|1619|1848|2008|8 Ramazan 1448
20270216|0630|0756|1327|1620|1849|2010|9 Ramazan 1448
20270217|0629|0755|1327|1621|1850|2011|10 Ramazan 1448
20270218|0628|0753|1327|1622|1851|2012|11 Ramazan 1448
20270219|0626|0752|1327|1623|1853|2013|12 Ramazan 1448
20270220|0625|0750|1327|1624|1854|2014|13 Ramazan 1448
20270221|0624|0749|1327|1625|1855|2015|14 Ramazan 1448
20270222|0622|0747|1327|1626|1856|2016|15 Ramazan 1448
20270223|0621|0746|1327|1627|1858|2017|16 Ramazan 1448
20270224|0619|0745|1327|1627|1859|2019|17 Ramazan 1448
20270225|0618|0743|1326|1628|1900|2020|18 Ramazan 1448
20270226|0617|0742|1326|1629|1901|2021|19 Ramazan 1448
20270227|0615|0740|1326|1630|1902|2022|20 Ramazan 1448
20270228|0614|0738|1326|1631|1904|2023|21 Ramazan 1448
20270301|0612|0737|1326|1632|1905|2024|22 Ramazan 1448
20270302|0610|0735|1326|1632|1906|2025|23 Ramazan 1448
20270303|0609|0734|1325|1633|1907|2027|24 Ramazan 1448
20270304|0607|0732|1325|1634|1908|2028|25 Ramazan 1448
20270305|0606|0731|1325|1635|1909|2029|26 Ramazan 1448
20270306|0604|0729|1325|1635|1911|2030|27 Ramazan 1448
20270307|0603|0727|1325|1636|1912|2031|28 Ramazan 1448
20270308|0601|0726|1324|1637|1913|2032|29 Ramazan 1448
20270309|0559|0724|1324|1637|1914|2034|1 Şevval 1448
20270310|0558|0723|1324|1638|1915|2035|2 Şevval 1448
20270311|0556|0721|1324|1639|1916|2036|3 Şevval 1448
20270312|0554|0719|1323|1640|1917|2037|4 Şevval 1448
20270313|0552|0718|1323|1640|1919|2038|5 Şevval 1448
20270314|0551|0716|1323|1641|1920|2039|6 Şevval 1448
20270315|0549|0714|1322|1641|1921|2041|7 Şevval 1448
20270316|0547|0713|1322|1642|1922|2042|8 Şevval 1448
20270317|0545|0711|1322|1643|1923|2043|9 Şevval 1448
20270318|0544|0709|1322|1643|1924|2044|10 Şevval 1448
20270319|0542|0707|1321|1644|1925|2045|11 Şevval 1448
20270320|0540|0706|1321|1644|1926|2047|12 Şevval 1448
20270321|0538|0704|1321|1645|1927|2048|13 Şevval 1448
20270322|0536|0702|1320|1646|1929|2049|14 Şevval 1448
20270323|0534|0701|1320|1646|1930|2050|15 Şevval 1448
20270324|0533|0659|1320|1647|1931|2051|16 Şevval 1448
20270325|0531|0657|1320|1647|1932|2053|17 Şevval 1448
20270326|0529|0656|1319|1648|1933|2054|18 Şevval 1448
20270327|0527|0654|1319|1648|1934|2055|19 Şevval 1448
20270328|0525|0652|1319|1649|1935|2057|20 Şevval 1448
20270329|0523|0651|1318|1649|1936|2058|21 Şevval 1448
20270330|0521|0649|1318|1650|1937|2059|22 Şevval 1448
20270331|0519|0647|1318|1650|1938|2100|23 Şevval 1448
20270401|0517|0646|1317|1651|1939|2102|24 Şevval 1448
20270402|0516|0644|1317|1651|1940|2103|25 Şevval 1448
20270403|0514|0642|1317|1651|1942|2104|26 Şevval 1448
20270404|0512|0640|1317|1652|1943|2106|27 Şevval 1448
20270405|0510|0639|1316|1652|1944|2107|28 Şevval 1448
20270406|0508|0637|1316|1653|1945|2108|29 Şevval 1448
20270407|0506|0636|1316|1653|1946|2110|30 Şevval 1448
20270408|0504|0634|1315|1653|1947|2111|1 Zilkade 1448
20270409|0502|0632|1315|1654|1948|2112|2 Zilkade 1448
20270410|0500|0631|1315|1654|1949|2114|3 Zilkade 1448
20270411|0458|0629|1315|1655|1950|2115|4 Zilkade 1448
20270412|0456|0627|1314|1655|1951|2116|5 Zilkade 1448
20270413|0454|0626|1314|1655|1952|2118|6 Zilkade 1448
20270414|0452|0624|1314|1656|1953|2119|7 Zilkade 1448
20270415|0450|0623|1314|1656|1955|2121|8 Zilkade 1448
20270416|0448|0621|1313|1656|1956|2122|9 Zilkade 1448
20270417|0446|0620|1313|1657|1957|2124|10 Zilkade 1448
20270418|0444|0618|1313|1657|1958|2125|11 Zilkade 1448
20270419|0442|0616|1313|1658|1959|2126|12 Zilkade 1448
20270420|0441|0615|1312|1658|2000|2128|13 Zilkade 1448
20270421|0439|0613|1312|1658|2001|2129|14 Zilkade 1448
20270422|0437|0612|1312|1659|2002|2131|15 Zilkade 1448
20270423|0435|0610|1312|1659|2003|2132|16 Zilkade 1448
20270424|0433|0609|1312|1659|2004|2134|17 Zilkade 1448
20270425|0431|0608|1311|1700|2005|2135|18 Zilkade 1448
20270426|0429|0606|1311|1700|2006|2137|19 Zilkade 1448
20270427|0427|0605|1311|1700|2008|2138|20 Zilkade 1448
20270428|0425|0603|1311|1700|2009|2140|21 Zilkade 1448
20270429|0423|0602|1311|1701|2010|2141|22 Zilkade 1448
20270430|0422|0601|1311|1701|2011|2143|23 Zilkade 1448
20270501|0420|0559|1311|1701|2012|2145|24 Zilkade 1448
20270502|0418|0558|1310|1702|2013|2146|25 Zilkade 1448
20270503|0416|0557|1310|1702|2014|2148|26 Zilkade 1448
20270504|0414|0555|1310|1702|2015|2149|27 Zilkade 1448
20270505|0412|0554|1310|1703|2016|2151|28 Zilkade 1448
20270506|0411|0553|1310|1703|2017|2152|29 Zilkade 1448
20270507|0409|0552|1310|1703|2018|2154|1 Zilhicce 1448
20270508|0407|0551|1310|1703|2019|2155|2 Zilhicce 1448
20270509|0405|0549|1310|1704|2020|2157|3 Zilhicce 1448
20270510|0404|0548|1310|1704|2021|2159|4 Zilhicce 1448
20270511|0402|0547|1310|1704|2022|2200|5 Zilhicce 1448
20270512|0400|0546|1310|1705|2023|2202|6 Zilhicce 1448
20270513|0359|0545|1310|1705|2024|2203|7 Zilhicce 1448
20270514|0357|0544|1310|1705|2025|2205|8 Zilhicce 1448
20270515|0355|0543|1310|1706|2026|2206|9 Zilhicce 1448
20270516|0354|0542|1310|1706|2027|2208|10 Zilhicce 1448
20270517|0352|0541|1310|1706|2028|2209|11 Zilhicce 1448
20270518|0351|0540|1310|1706|2029|2211|12 Zilhicce 1448
20270519|0349|0539|1310|1707|2030|2212|13 Zilhicce 1448
20270520|0348|0538|1310|1707|2031|2214|14 Zilhicce 1448
20270521|0346|0538|1310|1707|2032|2215|15 Zilhicce 1448
20270522|0345|0537|1310|1708|2033|2217|16 Zilhicce 1448
20270523|0344|0536|1310|1708|2034|2218|17 Zilhicce 1448
20270524|0342|0535|1310|1708|2035|2220|18 Zilhicce 1448
20270525|0341|0535|1310|1709|2036|2221|19 Zilhicce 1448
20270526|0340|0534|1310|1709|2037|2222|20 Zilhicce 1448
20270527|0339|0533|1310|1709|2038|2224|21 Zilhicce 1448
20270528|0337|0533|1311|1709|2039|2225|22 Zilhicce 1448
20270529|0336|0532|1311|1710|2039|2226|23 Zilhicce 1448
20270530|0335|0531|1311|1710|2040|2228|24 Zilhicce 1448
20270531|0334|0531|1311|1710|2041|2229|25 Zilhicce 1448
20270601|0333|0530|1311|1711|2042|2230|26 Zilhicce 1448
20270602|0332|0530|1311|1711|2043|2231|27 Zilhicce 1448
20270603|0331|0530|1311|1711|2043|2232|28 Zilhicce 1448
20270604|0331|0529|1312|1711|2044|2234|29 Zilhicce 1448
20270605|0330|0529|1312|1712|2045|2235|30 Zilhicce 1448
20270606|0329|0528|1312|1712|2045|2236|1 Muharrem 1449
20270607|0328|0528|1312|1712|2046|2237|2 Muharrem 1449
20270608|0328|0528|1312|1713|2047|2238|3 Muharrem 1449
20270609|0327|0528|1313|1713|2047|2239|4 Muharrem 1449
20270610|0327|0528|1313|1713|2048|2239|5 Muharrem 1449
20270611|0326|0527|1313|1713|2048|2240|6 Muharrem 1449
20270612|0326|0527|1313|1714|2049|2241|7 Muharrem 1449
20270613|0325|0527|1313|1714|2049|2242|8 Muharrem 1449
20270614|0325|0527|1314|1714|2050|2242|9 Muharrem 1449
20270615|0325|0527|1314|1714|2050|2243|10 Muharrem 1449
20270616|0325|0527|1314|1715|2051|2244|11 Muharrem 1449
20270617|0325|0527|1314|1715|2051|2244|12 Muharrem 1449
20270618|0325|0527|1314|1715|2051|2245|13 Muharrem 1449
20270619|0325|0527|1315|1715|2052|2245|14 Muharrem 1449
20270620|0325|0528|1315|1716|2052|2245|15 Muharrem 1449
20270621|0325|0528|1315|1716|2052|2246|16 Muharrem 1449
20270622|0325|0528|1315|1716|2053|2246|17 Muharrem 1449
20270623|0325|0528|1315|1716|2053|2246|18 Muharrem 1449
20270624|0326|0529|1316|1717|2053|2246|19 Muharrem 1449
20270625|0326|0529|1316|1717|2053|2246|20 Muharrem 1449
20270626|0327|0529|1316|1717|2053|2246|21 Muharrem 1449
20270627|0327|0530|1316|1717|2053|2246|22 Muharrem 1449
20270628|0328|0530|1317|1717|2053|2246|23 Muharrem 1449
20270629|0328|0530|1317|1717|2053|2246|24 Muharrem 1449
20270630|0329|0531|1317|1718|2053|2245|25 Muharrem 1449
20270701|0330|0531|1317|1718|2053|2245|26 Muharrem 1449
20270702|0330|0532|1317|1718|2053|2245|27 Muharrem 1449
20270703|0331|0532|1318|1718|2053|2244|28 Muharrem 1449
20270704|0332|0533|1318|1718|2053|2244|29 Muharrem 1449
20270705|0333|0533|1318|1718|2052|2243|1 Safer 1449
20270706|0334|0534|1318|1718|2052|2243|2 Safer 1449
20270707|0335|0535|1318|1718|2052|2242|3 Safer 1449
20270708|0336|0535|1318|1718|2051|2241|4 Safer 1449
20270709|0337|0536|1319|1718|2051|2241|5 Safer 1449
20270710|0338|0537|1319|1718|2051|2240|6 Safer 1449
20270711|0340|0537|1319|1718|2050|2239|7 Safer 1449
20270712|0341|0538|1319|1718|2050|2238|8 Safer 1449
20270713|0342|0539|1319|1718|2049|2237|9 Safer 1449
20270714|0343|0540|1319|1718|2049|2236|10 Safer 1449
20270715|0345|0540|1319|1718|2048|2235|11 Safer 1449
20270716|0346|0541|1319|1718|2048|2234|12 Safer 1449
20270717|0347|0542|1320|1718|2047|2233|13 Safer 1449
20270718|0349|0543|1320|1718|2046|2232|14 Safer 1449
20270719|0350|0544|1320|1718|2046|2231|15 Safer 1449
20270720|0352|0545|1320|1718|2045|2230|16 Safer 1449
20270721|0353|0545|1320|1718|2044|2228|17 Safer 1449
20270722|0354|0546|1320|1718|2043|2227|18 Safer 1449
20270723|0356|0547|1320|1717|2043|2226|19 Safer 1449
20270724|0357|0548|1320|1717|2042|2224|20 Safer 1449
20270725|0359|0549|1320|1717|2041|2223|21 Safer 1449
20270726|0400|0550|1320|1717|2040|2221|22 Safer 1449
20270727|0402|0551|1320|1716|2039|2220|23 Safer 1449
20270728|0404|0552|1320|1716|2038|2218|24 Safer 1449
20270729|0405|0553|1320|1716|2037|2217|25 Safer 1449
20270730|0407|0554|1320|1716|2036|2215|26 Safer 1449
20270731|0408|0555|1320|1715|2035|2214|27 Safer 1449
20270801|0410|0556|1320|1715|2034|2212|28 Safer 1449
20270802|0411|0557|1320|1714|2033|2211|29 Safer 1449
20270803|0413|0558|1320|1714|2032|2209|1 Rebiulevvel 1449
20270804|0414|0559|1320|1714|2030|2207|2 Rebiulevvel 1449
20270805|0416|0600|1319|1713|2029|2206|3 Rebiulevvel 1449
20270806|0418|0601|1319|1713|2028|2204|4 Rebiulevvel 1449
20270807|0419|0602|1319|1712|2027|2202|5 Rebiulevvel 1449
20270808|0421|0603|1319|1712|2026|2200|6 Rebiulevvel 1449
20270809|0422|0604|1319|1711|2024|2159|7 Rebiulevvel 1449
20270810|0424|0605|1319|1711|2023|2157|8 Rebiulevvel 1449
20270811|0425|0606|1319|1710|2022|2155|9 Rebiulevvel 1449
20270812|0427|0607|1319|1710|2020|2153|10 Rebiulevvel 1449
20270813|0428|0608|1318|1709|2019|2152|11 Rebiulevvel 1449
20270814|0430|0609|1318|1708|2018|2150|12 Rebiulevvel 1449
20270815|0431|0610|1318|1708|2016|2148|13 Rebiulevvel 1449
20270816|0433|0611|1318|1707|2015|2146|14 Rebiulevvel 1449
20270817|0434|0612|1318|1706|2013|2144|15 Rebiulevvel 1449
20270818|0436|0613|1317|1706|2012|2142|16 Rebiulevvel 1449
20270819|0437|0614|1317|1705|2011|2140|17 Rebiulevvel 1449
20270820|0439|0615|1317|1704|2009|2138|18 Rebiulevvel 1449
20270821|0440|0616|1317|1704|2008|2137|19 Rebiulevvel 1449
20270822|0442|0617|1316|1703|2006|2135|20 Rebiulevvel 1449
20270823|0443|0618|1316|1702|2005|2133|21 Rebiulevvel 1449
20270824|0445|0619|1316|1701|2003|2131|22 Rebiulevvel 1449
20270825|0446|0620|1316|1700|2001|2129|23 Rebiulevvel 1449
20270826|0448|0621|1315|1700|2000|2127|24 Rebiulevvel 1449
20270827|0449|0622|1315|1659|1958|2125|25 Rebiulevvel 1449
20270828|0450|0623|1315|1658|1957|2123|26 Rebiulevvel 1449
20270829|0452|0624|1315|1657|1955|2121|27 Rebiulevvel 1449
20270830|0453|0625|1314|1656|1954|2119|28 Rebiulevvel 1449
20270831|0454|0626|1314|1655|1952|2117|29 Rebiulevvel 1449
20270901|0456|0627|1314|1654|1950|2115|30 Rebiulevvel 1449
20270902|0457|0628|1313|1653|1949|2113|1 Rebiulahir 1449
20270903|0458|0629|1313|1652|1947|2111|2 Rebiulahir 1449
20270904|0500|0630|1313|1651|1945|2109|3 Rebiulahir 1449
20270905|0501|0631|1312|1650|1944|2108|4 Rebiulahir 1449
20270906|0502|0632|1312|1649|1942|2106|5 Rebiulahir 1449
20270907|0504|0633|1312|1648|1940|2104|6 Rebiulahir 1449
20270908|0505|0634|1311|1647|1939|2102|7 Rebiulahir 1449
20270909|0506|0635|1311|1646|1937|2100|8 Rebiulahir 1449
20270910|0508|0636|1311|1645|1935|2058|9 Rebiulahir 1449
20270911|0509|0637|1310|1644|1933|2056|10 Rebiulahir 1449
20270912|0510|0638|1310|1643|1932|2054|11 Rebiulahir 1449
20270913|0511|0639|1310|1642|1930|2052|12 Rebiulahir 1449
20270914|0513|0640|1309|1641|1928|2050|13 Rebiulahir 1449
20270915|0514|0641|1309|1640|1927|2048|14 Rebiulahir 1449
20270916|0515|0642|1308|1638|1925|2046|15 Rebiulahir 1449
20270917|0516|0643|1308|1637|1923|2044|16 Rebiulahir 1449
20270918|0517|0644|1308|1636|1921|2043|17 Rebiulahir 1449
20270919|0519|0645|1307|1635|1920|2041|18 Rebiulahir 1449
20270920|0520|0646|1307|1634|1918|2039|19 Rebiulahir 1449
20270921|0521|0647|1307|1633|1916|2037|20 Rebiulahir 1449
20270922|0522|0648|1306|1631|1915|2035|21 Rebiulahir 1449
20270923|0523|0649|1306|1630|1913|2033|22 Rebiulahir 1449
20270924|0524|0650|1306|1629|1911|2031|23 Rebiulahir 1449
20270925|0526|0651|1305|1628|1909|2030|24 Rebiulahir 1449
20270926|0527|0652|1305|1627|1908|2028|25 Rebiulahir 1449
20270927|0528|0653|1305|1625|1906|2026|26 Rebiulahir 1449
20270928|0529|0654|1304|1624|1904|2024|27 Rebiulahir 1449
20270929|0530|0655|1304|1623|1902|2022|28 Rebiulahir 1449
20270930|0531|0656|1304|1622|1901|2021|29 Rebiulahir 1449
20271001|0532|0657|1303|1621|1859|2019|1 Cemaziyelevvel 1449
20271002|0533|0659|1303|1619|1857|2017|2 Cemaziyelevvel 1449
20271003|0535|0700|1303|1618|1856|2015|3 Cemaziyelevvel 1449
20271004|0536|0701|1302|1617|1854|2014|4 Cemaziyelevvel 1449
20271005|0537|0702|1302|1616|1852|2012|5 Cemaziyelevvel 1449
20271006|0538|0703|1302|1614|1851|2010|6 Cemaziyelevvel 1449
20271007|0539|0704|1301|1613|1849|2008|7 Cemaziyelevvel 1449
20271008|0540|0705|1301|1612|1847|2007|8 Cemaziyelevvel 1449
20271009|0541|0706|1301|1611|1846|2005|9 Cemaziyelevvel 1449
20271010|0542|0707|1301|1610|1844|2004|10 Cemaziyelevvel 1449
20271011|0543|0708|1300|1608|1842|2002|11 Cemaziyelevvel 1449
20271012|0544|0709|1300|1607|1841|2000|12 Cemaziyelevvel 1449
20271013|0545|0710|1300|1606|1839|1959|13 Cemaziyelevvel 1449
20271014|0547|0711|1300|1605|1838|1957|14 Cemaziyelevvel 1449
20271015|0548|0713|1259|1603|1836|1956|15 Cemaziyelevvel 1449
20271016|0549|0714|1259|1602|1834|1954|16 Cemaziyelevvel 1449
20271017|0550|0715|1259|1601|1833|1953|17 Cemaziyelevvel 1449
20271018|0551|0716|1259|1600|1831|1951|18 Cemaziyelevvel 1449
20271019|0552|0717|1258|1559|1830|1950|19 Cemaziyelevvel 1449
20271020|0553|0718|1258|1558|1828|1948|20 Cemaziyelevvel 1449
20271021|0554|0719|1258|1556|1827|1947|21 Cemaziyelevvel 1449
20271022|0555|0720|1258|1555|1825|1946|22 Cemaziyelevvel 1449
20271023|0556|0722|1258|1554|1824|1944|23 Cemaziyelevvel 1449
20271024|0557|0723|1258|1553|1823|1943|24 Cemaziyelevvel 1449
20271025|0558|0724|1258|1552|1821|1941|25 Cemaziyelevvel 1449
20271026|0559|0725|1257|1551|1820|1940|26 Cemaziyelevvel 1449
20271027|0600|0726|1257|1550|1818|1939|27 Cemaziyelevvel 1449
20271028|0601|0727|1257|1549|1817|1938|28 Cemaziyelevvel 1449
20271029|0603|0729|1257|1548|1816|1936|29 Cemaziyelevvel 1449
20271030|0604|0730|1257|1546|1814|1935|30 Cemaziyelevvel 1449
20271031|0605|0731|1257|1545|1813|1934|1 Cemaziyelahir 1449
20271101|0606|0732|1257|1544|1812|1933|2 Cemaziyelahir 1449
20271102|0607|0733|1257|1543|1810|1932|3 Cemaziyelahir 1449
20271103|0608|0735|1257|1542|1809|1931|4 Cemaziyelahir 1449
20271104|0609|0736|1257|1542|1808|1930|5 Cemaziyelahir 1449
20271105|0610|0737|1257|1541|1807|1929|6 Cemaziyelahir 1449
20271106|0611|0738|1257|1540|1806|1928|7 Cemaziyelahir 1449
20271107|0612|0739|1257|1539|1805|1927|8 Cemaziyelahir 1449
20271108|0613|0741|1257|1538|1803|1926|9 Cemaziyelahir 1449
20271109|0614|0742|1257|1537|1802|1925|10 Cemaziyelahir 1449
20271110|0615|0743|1257|1536|1801|1924|11 Cemaziyelahir 1449
20271111|0616|0744|1257|1535|1800|1923|12 Cemaziyelahir 1449
20271112|0617|0746|1257|1535|1759|1922|13 Cemaziyelahir 1449
20271113|0618|0747|1258|1534|1758|1921|14 Cemaziyelahir 1449
20271114|0619|0748|1258|1533|1757|1921|15 Cemaziyelahir 1449
20271115|0620|0749|1258|1532|1757|1920|16 Cemaziyelahir 1449
20271116|0621|0750|1258|1532|1756|1919|17 Cemaziyelahir 1449
20271117|0622|0752|1258|1531|1755|1919|18 Cemaziyelahir 1449
20271118|0623|0753|1258|1530|1754|1918|19 Cemaziyelahir 1449
20271119|0624|0754|1259|1530|1753|1917|20 Cemaziyelahir 1449
20271120|0625|0755|1259|1529|1753|1917|21 Cemaziyelahir 1449
20271121|0626|0756|1259|1529|1752|1916|22 Cemaziyelahir 1449
20271122|0627|0757|1259|1528|1751|1916|23 Cemaziyelahir 1449
20271123|0628|0759|1300|1528|1751|1915|24 Cemaziyelahir 1449
20271124|0629|0800|1300|1527|1750|1915|25 Cemaziyelahir 1449
20271125|0630|0801|1300|1527|1749|1914|26 Cemaziyelahir 1449
20271126|0631|0802|1300|1527|1749|1914|27 Cemaziyelahir 1449
20271127|0632|0803|1301|1526|1748|1914|28 Cemaziyelahir 1449
20271128|0633|0804|1301|1526|1748|1913|29 Cemaziyelahir 1449
20271129|0634|0805|1301|1526|1748|1913|1 Recep 1449
20271130|0635|0806|1302|1525|1747|1913|2 Recep 1449
20271201|0636|0807|1302|1525|1747|1913|3 Recep 1449
20271202|0637|0808|1302|1525|1747|1913|4 Recep 1449
20271203|0638|0809|1303|1525|1746|1912|5 Recep 1449
20271204|0639|0810|1303|1525|1746|1912|6 Recep 1449
20271205|0640|0811|1304|1525|1746|1912|7 Recep 1449
20271206|0640|0812|1304|1525|1746|1912|8 Recep 1449
20271207|0641|0813|1304|1525|1746|1912|9 Recep 1449
20271208|0642|0814|1305|1525|1746|1912|10 Recep 1449
20271209|0643|0815|1305|1525|1746|1912|11 Recep 1449
20271210|0644|0816|1306|1525|1746|1913|12 Recep 1449
20271211|0644|0817|1306|1525|1746|1913|13 Recep 1449
20271212|0645|0818|1307|1525|1746|1913|14 Recep 1449
20271213|0646|0819|1307|1525|1746|1913|15 Recep 1449
20271214|0647|0819|1308|1525|1746|1913|16 Recep 1449
20271215|0647|0820|1308|1526|1746|1914|17 Recep 1449
20271216|0648|0821|1309|1526|1746|1914|18 Recep 1449
20271217|0648|0821|1309|1526|1747|1914|19 Recep 1449
20271218|0649|0822|1310|1527|1747|1915|20 Recep 1449
20271219|0650|0823|1310|1527|1747|1915|21 Recep 1449
20271220|0650|0823|1311|1527|1748|1915|22 Recep 1449
20271221|0651|0824|1311|1528|1748|1916|23 Recep 1449
20271222|0651|0824|1312|1528|1749|1916|24 Recep 1449
20271223|0652|0825|1312|1529|1749|1917|25 Recep 1449
20271224|0652|0825|1313|1529|1750|1917|26 Recep 1449
20271225|0653|0826|1313|1530|1750|1918|27 Recep 1449
20271226|0653|0826|1314|1531|1751|1918|28 Recep 1449
20271227|0653|0826|1314|1531|1752|1919|29 Recep 1449
20271228|0654|0827|1315|1532|1752|1920|30 Recep 1449
20271229|0654|0827|1315|1532|1753|1920|1 Şaban 1449
20271230|0654|0827|1316|1533|1754|1921|2 Şaban 1449
20271231|0655|0827|1316|1534|1755|1922|3 Şaban 1449
#@9878|Şarköy|TEKIRDAG|396
20261003|0539|0703|1306|1622|1859|2017|22 Rebiulahir 1448
20261004|0540|0704|1305|1621|1857|2016|23 Rebiulahir 1448
20261005|0541|0705|1305|1619|1856|2014|24 Rebiulahir 1448
20261006|0542|0706|1305|1618|1854|2012|25 Rebiulahir 1448
20261007|0543|0707|1305|1617|1852|2011|26 Rebiulahir 1448
20261008|0544|0708|1304|1616|1851|2009|27 Rebiulahir 1448
20261009|0545|0709|1304|1615|1849|2007|28 Rebiulahir 1448
20261010|0546|0710|1304|1613|1847|2006|29 Rebiulahir 1448
20261011|0547|0711|1303|1612|1846|2004|30 Rebiulahir 1448
20261012|0548|0712|1303|1611|1844|2003|1 Cemaziyelevvel 1448
20261013|0549|0713|1303|1610|1843|2001|2 Cemaziyelevvel 1448
20261014|0550|0714|1303|1609|1841|2000|3 Cemaziyelevvel 1448
20261015|0551|0715|1302|1608|1840|1958|4 Cemaziyelevvel 1448
20261016|0552|0716|1302|1606|1838|1957|5 Cemaziyelevvel 1448
20261017|0553|0717|1302|1605|1837|1955|6 Cemaziyelevvel 1448
20261018|0555|0719|1302|1604|1835|1954|7 Cemaziyelevvel 1448
20261019|0556|0720|1302|1603|1834|1952|8 Cemaziyelevvel 1448
20261020|0557|0721|1301|1602|1832|1951|9 Cemaziyelevvel 1448
20261021|0558|0722|1301|1601|1831|1950|10 Cemaziyelevvel 1448
20261022|0559|0723|1301|1600|1829|1948|11 Cemaziyelevvel 1448
20261023|0600|0724|1301|1558|1828|1947|12 Cemaziyelevvel 1448
20261024|0601|0725|1301|1557|1827|1946|13 Cemaziyelevvel 1448
20261025|0602|0726|1301|1556|1825|1944|14 Cemaziyelevvel 1448
20261026|0603|0727|1301|1555|1824|1943|15 Cemaziyelevvel 1448
20261027|0604|0729|1300|1554|1822|1942|16 Cemaziyelevvel 1448
20261028|0605|0730|1300|1553|1821|1941|17 Cemaziyelevvel 1448
20261029|0606|0731|1300|1552|1820|1940|18 Cemaziyelevvel 1448
20261030|0607|0732|1300|1551|1819|1938|19 Cemaziyelevvel 1448
20261031|0608|0733|1300|1550|1817|1937|20 Cemaziyelevvel 1448
20261101|0609|0734|1300|1549|1816|1936|21 Cemaziyelevvel 1448
20261102|0610|0735|1300|1548|1815|1935|22 Cemaziyelevvel 1448
20270101|0657|0828|1320|1541|1801|1927|23 Recep 1448
20270102|0657|0828|1320|1541|1802|1928|24 Recep 1448
20270103|0657|0828|1321|1542|1803|1929|25 Recep 1448
20270104|0657|0828|1321|1543|1804|1929|26 Recep 1448
20270105|0658|0829|1322|1544|1805|1930|27 Recep 1448
20270106|0658|0828|1322|1545|1806|1931|28 Recep 1448
20270107|0658|0828|1323|1546|1807|1932|29 Recep 1448
20270108|0658|0828|1323|1546|1808|1933|30 Recep 1448
20270109|0658|0828|1323|1547|1809|1934|1 Şaban 1448
20270110|0658|0828|1324|1548|1810|1935|2 Şaban 1448
20270111|0658|0828|1324|1549|1811|1935|3 Şaban 1448
20270112|0657|0827|1325|1550|1812|1936|4 Şaban 1448
20270113|0657|0827|1325|1551|1813|1937|5 Şaban 1448
20270114|0657|0827|1325|1552|1814|1938|6 Şaban 1448
20270115|0657|0826|1326|1553|1815|1939|7 Şaban 1448
20270116|0657|0826|1326|1554|1816|1940|8 Şaban 1448
20270117|0656|0826|1326|1555|1817|1941|9 Şaban 1448
20270118|0656|0825|1327|1556|1818|1942|10 Şaban 1448
20270119|0656|0825|1327|1557|1820|1943|11 Şaban 1448
20270120|0655|0824|1327|1558|1821|1944|12 Şaban 1448
20270121|0655|0824|1328|1559|1822|1945|13 Şaban 1448
20270122|0654|0823|1328|1600|1823|1946|14 Şaban 1448
20270123|0654|0822|1328|1601|1824|1947|15 Şaban 1448
20270124|0653|0822|1328|1602|1825|1948|16 Şaban 1448
20270125|0653|0821|1329|1603|1827|1949|17 Şaban 1448
20270126|0652|0820|1329|1604|1828|1950|18 Şaban 1448
20270127|0652|0819|1329|1605|1829|1951|19 Şaban 1448
20270128|0651|0819|1329|1606|1830|1952|20 Şaban 1448
20270129|0650|0818|1330|1607|1831|1953|21 Şaban 1448
20270130|0650|0817|1330|1608|1833|1955|22 Şaban 1448
20270131|0649|0816|1330|1609|1834|1956|23 Şaban 1448
20270201|0648|0815|1330|1610|1835|1957|24 Şaban 1448
20270202|0647|0814|1330|1611|1836|1958|25 Şaban 1448
20270203|0647|0813|1330|1612|1838|1959|26 Şaban 1448
20270204|0646|0812|1330|1613|1839|2000|27 Şaban 1448
20270205|0645|0811|1330|1614|1840|2001|28 Şaban 1448
20270206|0644|0810|1331|1615|1841|2002|29 Şaban 1448
20270207|0643|0809|1331|1616|1843|2003|30 Şaban 1448
20270208|0642|0808|1331|1617|1844|2004|1 Ramazan 1448
20270209|0641|0807|1331|1618|1845|2005|2 Ramazan 1448
20270210|0640|0805|1331|1619|1846|2006|3 Ramazan 1448
20270211|0639|0804|1331|1620|1847|2007|4 Ramazan 1448
20270212|0638|0803|1331|1621|1849|2009|5 Ramazan 1448
20270213|0637|0802|1331|1622|1850|2010|6 Ramazan 1448
20270214|0636|0800|1331|1623|1851|2011|7 Ramazan 1448
20270215|0634|0759|1331|1624|1852|2012|8 Ramazan 1448
20270216|0633|0758|1331|1625|1853|2013|9 Ramazan 1448
20270217|0632|0757|1331|1626|1855|2014|10 Ramazan 1448
20270218|0631|0755|1331|1627|1856|2015|11 Ramazan 1448
20270219|0629|0754|1330|1628|1857|2016|12 Ramazan 1448
20270220|0628|0752|1330|1628|1858|2017|13 Ramazan 1448
20270221|0627|0751|1330|1629|1859|2018|14 Ramazan 1448
20270222|0626|0750|1330|1630|1901|2019|15 Ramazan 1448
20270223|0624|0748|1330|1631|1902|2021|16 Ramazan 1448
20270224|0623|0747|1330|1632|1903|2022|17 Ramazan 1448
20270225|0621|0745|1330|1633|1904|2023|18 Ramazan 1448
20270226|0620|0744|1330|1633|1905|2024|19 Ramazan 1448
20270227|0619|0742|1329|1634|1906|2025|20 Ramazan 1448
20270228|0617|0741|1329|1635|1908|2026|21 Ramazan 1448
20270301|0616|0739|1329|1636|1909|2027|22 Ramazan 1448
20270302|0614|0738|1329|1637|1910|2028|23 Ramazan 1448
20270303|0613|0736|1329|1637|1911|2029|24 Ramazan 1448
20270304|0611|0735|1328|1638|1912|2030|25 Ramazan 1448
20270305|0610|0733|1328|1639|1913|2032|26 Ramazan 1448
20270306|0608|0732|1328|1639|1914|2033|27 Ramazan 1448
20270307|0606|0730|1328|1640|1915|2034|28 Ramazan 1448
20270308|0605|0729|1328|1641|1917|2035|29 Ramazan 1448
20270309|0603|0727|1327|1641|1918|2036|1 Şevval 1448
20270310|0602|0725|1327|1642|1919|2037|2 Şevval 1448
20270311|0600|0724|1327|1643|1920|2038|3 Şevval 1448
20270312|0558|0722|1326|1643|1921|2039|4 Şevval 1448
20270313|0557|0721|1326|1644|1922|2041|5 Şevval 1448
20270314|0555|0719|1326|1645|1923|2042|6 Şevval 1448
20270315|0553|0717|1326|1645|1924|2043|7 Şevval 1448
20270316|0551|0716|1325|1646|1925|2044|8 Şevval 1448
20270317|0550|0714|1325|1646|1926|2045|9 Şevval 1448
20270318|0548|0712|1325|1647|1927|2046|10 Şevval 1448
20270319|0546|0711|1325|1647|1928|2047|11 Şevval 1448
20270320|0544|0709|1324|1648|1930|2049|12 Şevval 1448
20270321|0543|0707|1324|1649|1931|2050|13 Şevval 1448
20270322|0541|0706|1324|1649|1932|2051|14 Şevval 1448
20270323|0539|0704|1323|1650|1933|2052|15 Şevval 1448
20270324|0537|0702|1323|1650|1934|2053|16 Şevval 1448
20270325|0535|0701|1323|1651|1935|2055|17 Şevval 1448
20270326|0534|0659|1322|1651|1936|2056|18 Şevval 1448
20270327|0532|0657|1322|1652|1937|2057|19 Şevval 1448
20270328|0530|0656|1322|1652|1938|2058|20 Şevval 1448
20270329|0528|0654|1322|1652|1939|2059|21 Şevval 1448
20270330|0526|0653|1321|1653|1940|2101|22 Şevval 1448
20270331|0524|0651|1321|1653|1941|2102|23 Şevval 1448
20270401|0523|0649|1321|1654|1942|2103|24 Şevval 1448
20270402|0521|0648|1320|1654|1943|2104|25 Şevval 1448
20270403|0519|0646|1320|1655|1944|2106|26 Şevval 1448
20270404|0517|0644|1320|1655|1945|2107|27 Şevval 1448
20270405|0515|0643|1319|1655|1946|2108|28 Şevval 1448
20270406|0513|0641|1319|1656|1947|2109|29 Şevval 1448
20270407|0511|0639|1319|1656|1948|2111|30 Şevval 1448
20270408|0509|0638|1319|1656|1949|2112|1 Zilkade 1448
20270409|0507|0636|1318|1657|1950|2113|2 Zilkade 1448
20270410|0506|0635|1318|1657|1951|2115|3 Zilkade 1448
20270411|0504|0633|1318|1658|1953|2116|4 Zilkade 1448
20270412|0502|0632|1318|1658|1954|2117|5 Zilkade 1448
20270413|0500|0630|1317|1658|1955|2119|6 Zilkade 1448
20270414|0458|0628|1317|1659|1956|2120|7 Zilkade 1448
20270415|0456|0627|1317|1659|1957|2121|8 Zilkade 1448
20270416|0454|0625|1317|1659|1958|2123|9 Zilkade 1448
20270417|0452|0624|1316|1700|1959|2124|10 Zilkade 1448
20270418|0450|0622|1316|1700|2000|2126|11 Zilkade 1448
20270419|0449|0621|1316|1700|2001|2127|12 Zilkade 1448
20270420|0447|0619|1316|1700|2002|2128|13 Zilkade 1448
20270421|0445|0618|1315|1701|2003|2130|14 Zilkade 1448
20270422|0443|0616|1315|1701|2004|2131|15 Zilkade 1448
20270423|0441|0615|1315|1701|2005|2133|16 Zilkade 1448
20270424|0439|0614|1315|1702|2006|2134|17 Zilkade 1448
20270425|0437|0612|1315|1702|2007|2135|18 Zilkade 1448
20270426|0436|0611|1315|1702|2008|2137|19 Zilkade 1448
20270427|0434|0609|1314|1703|2009|2138|20 Zilkade 1448
20270428|0432|0608|1314|1703|2010|2140|21 Zilkade 1448
20270429|0430|0607|1314|1703|2011|2141|22 Zilkade 1448
20270430|0428|0605|1314|1703|2012|2143|23 Zilkade 1448
20270501|0427|0604|1314|1704|2013|2144|24 Zilkade 1448
20270502|0425|0603|1314|1704|2014|2146|25 Zilkade 1448
20270503|0423|0602|1314|1704|2015|2147|26 Zilkade 1448
20270504|0421|0600|1313|1704|2016|2149|27 Zilkade 1448
20270505|0420|0559|1313|1705|2018|2150|28 Zilkade 1448
20270506|0418|0558|1313|1705|2019|2152|29 Zilkade 1448
20270507|0416|0557|1313|1705|2020|2153|1 Zilhicce 1448
20270508|0414|0556|1313|1706|2021|2155|2 Zilhicce 1448
20270509|0413|0555|1313|1706|2022|2156|3 Zilhicce 1448
20270510|0411|0553|1313|1706|2023|2158|4 Zilhicce 1448
20270511|0410|0552|1313|1706|2024|2159|5 Zilhicce 1448
20270512|0408|0551|1313|1707|2025|2201|6 Zilhicce 1448
20270513|0406|0550|1313|1707|2026|2202|7 Zilhicce 1448
20270514|0405|0549|1313|1707|2027|2204|8 Zilhicce 1448
20270515|0403|0548|1313|1707|2028|2205|9 Zilhicce 1448
20270516|0402|0547|1313|1708|2029|2207|10 Zilhicce 1448
20270517|0400|0546|1313|1708|2029|2208|11 Zilhicce 1448
20270518|0359|0546|1313|1708|2030|2209|12 Zilhicce 1448
20270519|0358|0545|1313|1709|2031|2211|13 Zilhicce 1448
20270520|0356|0544|1313|1709|2032|2212|14 Zilhicce 1448
20270521|0355|0543|1313|1709|2033|2214|15 Zilhicce 1448
20270522|0353|0542|1313|1709|2034|2215|16 Zilhicce 1448
20270523|0352|0542|1313|1710|2035|2216|17 Zilhicce 1448
20270524|0351|0541|1313|1710|2036|2218|18 Zilhicce 1448
20270525|0350|0540|1313|1710|2037|2219|19 Zilhicce 1448
20270526|0349|0540|1314|1710|2038|2220|20 Zilhicce 1448
20270527|0347|0539|1314|1711|2039|2222|21 Zilhicce 1448
20270528|0346|0538|1314|1711|2039|2223|22 Zilhicce 1448
20270529|0345|0538|1314|1711|2040|2224|23 Zilhicce 1448
20270530|0344|0537|1314|1712|2041|2225|24 Zilhicce 1448
20270531|0343|0537|1314|1712|2042|2227|25 Zilhicce 1448
20270601|0342|0536|1314|1712|2042|2228|26 Zilhicce 1448
20270602|0341|0536|1314|1712|2043|2229|27 Zilhicce 1448
20270603|0341|0535|1315|1713|2044|2230|28 Zilhicce 1448
20270604|0340|0535|1315|1713|2045|2231|29 Zilhicce 1448
20270605|0339|0535|1315|1713|2045|2232|30 Zilhicce 1448
20270606|0338|0534|1315|1714|2046|2233|1 Muharrem 1449
20270607|0338|0534|1315|1714|2047|2234|2 Muharrem 1449
20270608|0337|0534|1316|1714|2047|2235|3 Muharrem 1449
20270609|0337|0534|1316|1714|2048|2236|4 Muharrem 1449
20270610|0336|0534|1316|1715|2048|2237|5 Muharrem 1449
20270611|0336|0533|1316|1715|2049|2237|6 Muharrem 1449
20270612|0335|0533|1316|1715|2049|2238|7 Muharrem 1449
20270613|0335|0533|1317|1715|2050|2239|8 Muharrem 1449
20270614|0335|0533|1317|1716|2050|2240|9 Muharrem 1449
20270615|0335|0533|1317|1716|2051|2240|10 Muharrem 1449
20270616|0335|0533|1317|1716|2051|2241|11 Muharrem 1449
20270617|0334|0533|1317|1716|2052|2241|12 Muharrem 1449
20270618|0334|0533|1318|1717|2052|2242|13 Muharrem 1449
20270619|0335|0533|1318|1717|2052|2242|14 Muharrem 1449
20270620|0335|0534|1318|1717|2052|2242|15 Muharrem 1449
20270621|0335|0534|1318|1717|2053|2243|16 Muharrem 1449
20270622|0335|0534|1318|1718|2053|2243|17 Muharrem 1449
20270623|0335|0534|1319|1718|2053|2243|18 Muharrem 1449
20270624|0336|0535|1319|1718|2053|2243|19 Muharrem 1449
20270625|0336|0535|1319|1718|2053|2243|20 Muharrem 1449
20270626|0336|0535|1319|1718|2054|2243|21 Muharrem 1449
20270627|0337|0536|1320|1719|2054|2243|22 Muharrem 1449
20270628|0337|0536|1320|1719|2054|2243|23 Muharrem 1449
20270629|0338|0536|1320|1719|2054|2243|24 Muharrem 1449
20270630|0339|0537|1320|1719|2054|2243|25 Muharrem 1449
20270701|0339|0537|1320|1719|2053|2242|26 Muharrem 1449
20270702|0340|0538|1321|1719|2053|2242|27 Muharrem 1449
20270703|0341|0538|1321|1719|2053|2242|28 Muharrem 1449
20270704|0342|0539|1321|1720|2053|2241|29 Muharrem 1449
20270705|0343|0539|1321|1720|2053|2241|1 Safer 1449
20270706|0344|0540|1321|1720|2053|2240|2 Safer 1449
20270707|0345|0541|1321|1720|2052|2240|3 Safer 1449
20270708|0346|0541|1322|1720|2052|2239|4 Safer 1449
20270709|0347|0542|1322|1720|2052|2238|5 Safer 1449
20270710|0348|0543|1322|1720|2051|2237|6 Safer 1449
20270711|0349|0543|1322|1720|2051|2237|7 Safer 1449
20270712|0350|0544|1322|1720|2050|2236|8 Safer 1449
20270713|0351|0545|1322|1720|2050|2235|9 Safer 1449
20270714|0352|0545|1322|1720|2049|2234|10 Safer 1449
20270715|0354|0546|1323|1720|2049|2233|11 Safer 1449
20270716|0355|0547|1323|1720|2048|2232|12 Safer 1449
20270717|0356|0548|1323|1720|2048|2231|13 Safer 1449
20270718|0357|0549|1323|1720|2047|2230|14 Safer 1449
20270719|0359|0549|1323|1720|2046|2229|15 Safer 1449
20270720|0400|0550|1323|1720|2046|2228|16 Safer 1449
20270721|0402|0551|1323|1719|2045|2227|17 Safer 1449
20270722|0403|0552|1323|1719|2044|2225|18 Safer 1449
20270723|0404|0553|1323|1719|2043|2224|19 Safer 1449
20270724|0406|0554|1323|1719|2043|2223|20 Safer 1449
20270725|0407|0555|1323|1719|2042|2221|21 Safer 1449
20270726|0409|0555|1323|1719|2041|2220|22 Safer 1449
20270727|0410|0556|1323|1718|2040|2219|23 Safer 1449
20270728|0412|0557|1323|1718|2039|2217|24 Safer 1449
20270729|0413|0558|1323|1718|2038|2216|25 Safer 1449
20270730|0414|0559|1323|1717|2037|2214|26 Safer 1449
20270731|0416|0600|1323|1717|2036|2213|27 Safer 1449
20270801|0417|0601|1323|1717|2035|2211|28 Safer 1449
20270802|0419|0602|1323|1716|2034|2210|29 Safer 1449
20270803|0420|0603|1323|1716|2033|2208|1 Rebiulevvel 1449
20270804|0422|0604|1323|1716|2032|2206|2 Rebiulevvel 1449
20270805|0423|0605|1323|1715|2031|2205|3 Rebiulevvel 1449
20270806|0425|0606|1323|1715|2029|2203|4 Rebiulevvel 1449
20270807|0426|0607|1322|1714|2028|2202|5 Rebiulevvel 1449
20270808|0428|0608|1322|1714|2027|2200|6 Rebiulevvel 1449
20270809|0429|0609|1322|1713|2026|2158|7 Rebiulevvel 1449
20270810|0431|0610|1322|1713|2025|2157|8 Rebiulevvel 1449
20270811|0432|0611|1322|1712|2023|2155|9 Rebiulevvel 1449
20270812|0434|0612|1322|1712|2022|2153|10 Rebiulevvel 1449
20270813|0435|0613|1322|1711|2021|2151|11 Rebiulevvel 1449
20270814|0437|0614|1321|1711|2019|2150|12 Rebiulevvel 1449
20270815|0438|0615|1321|1710|2018|2148|13 Rebiulevvel 1449
20270816|0440|0616|1321|1709|2017|2146|14 Rebiulevvel 1449
20270817|0441|0616|1321|1709|2015|2144|15 Rebiulevvel 1449
20270818|0442|0617|1321|1708|2014|2142|16 Rebiulevvel 1449
20270819|0444|0618|1320|1707|2012|2141|17 Rebiulevvel 1449
20270820|0445|0619|1320|1707|2011|2139|18 Rebiulevvel 1449
20270821|0447|0620|1320|1706|2009|2137|19 Rebiulevvel 1449
20270822|0448|0621|1320|1705|2008|2135|20 Rebiulevvel 1449
20270823|0449|0622|1319|1705|2006|2133|21 Rebiulevvel 1449
20270824|0451|0623|1319|1704|2005|2131|22 Rebiulevvel 1449
20270825|0452|0624|1319|1703|2003|2129|23 Rebiulevvel 1449
20270826|0454|0625|1319|1702|2002|2128|24 Rebiulevvel 1449
20270827|0455|0626|1318|1701|2000|2126|25 Rebiulevvel 1449
20270828|0456|0627|1318|1701|1959|2124|26 Rebiulevvel 1449
20270829|0458|0628|1318|1700|1957|2122|27 Rebiulevvel 1449
20270830|0459|0629|1317|1659|1956|2120|28 Rebiulevvel 1449
20270831|0500|0630|1317|1658|1954|2118|29 Rebiulevvel 1449
20270901|0501|0631|1317|1657|1953|2116|30 Rebiulevvel 1449
20270902|0503|0632|1317|1656|1951|2114|1 Rebiulahir 1449
20270903|0504|0633|1316|1655|1949|2112|2 Rebiulahir 1449
20270904|0505|0634|1316|1654|1948|2111|3 Rebiulahir 1449
20270905|0507|0635|1316|1653|1946|2109|4 Rebiulahir 1449
20270906|0508|0636|1315|1652|1944|2107|5 Rebiulahir 1449
20270907|0509|0637|1315|1651|1943|2105|6 Rebiulahir 1449
20270908|0510|0638|1315|1650|1941|2103|7 Rebiulahir 1449
20270909|0512|0639|1314|1649|1939|2101|8 Rebiulahir 1449
20270910|0513|0640|1314|1648|1938|2059|9 Rebiulahir 1449
20270911|0514|0641|1313|1647|1936|2057|10 Rebiulahir 1449
20270912|0515|0642|1313|1646|1934|2055|11 Rebiulahir 1449
20270913|0516|0643|1313|1645|1933|2054|12 Rebiulahir 1449
20270914|0517|0644|1312|1644|1931|2052|13 Rebiulahir 1449
20270915|0519|0645|1312|1643|1929|2050|14 Rebiulahir 1449
20270916|0520|0646|1312|1642|1928|2048|15 Rebiulahir 1449
20270917|0521|0647|1311|1641|1926|2046|16 Rebiulahir 1449
20270918|0522|0648|1311|1640|1924|2044|17 Rebiulahir 1449
20270919|0523|0649|1311|1638|1923|2042|18 Rebiulahir 1449
20270920|0524|0650|1310|1637|1921|2041|19 Rebiulahir 1449
20270921|0526|0651|1310|1636|1919|2039|20 Rebiulahir 1449
20270922|0527|0652|1310|1635|1918|2037|21 Rebiulahir 1449
20270923|0528|0653|1309|1634|1916|2035|22 Rebiulahir 1449
20270924|0529|0653|1309|1633|1914|2033|23 Rebiulahir 1449
20270925|0530|0654|1308|1632|1913|2032|24 Rebiulahir 1449
20270926|0531|0655|1308|1630|1911|2030|25 Rebiulahir 1449
20270927|0532|0656|1308|1629|1909|2028|26 Rebiulahir 1449
20270928|0533|0657|1307|1628|1908|2026|27 Rebiulahir 1449
20270929|0534|0658|1307|1627|1906|2025|28 Rebiulahir 1449
20270930|0535|0659|1307|1626|1904|2023|29 Rebiulahir 1449
20271001|0536|0700|1306|1624|1903|2021|1 Cemaziyelevvel 1449
20271002|0538|0701|1306|1623|1901|2019|2 Cemaziyelevvel 1449
20271003|0539|0702|1306|1622|1859|2018|3 Cemaziyelevvel 1449
20271004|0540|0703|1306|1621|1858|2016|4 Cemaziyelevvel 1449
20271005|0541|0705|1305|1620|1856|2014|5 Cemaziyelevvel 1449
20271006|0542|0706|1305|1618|1854|2013|6 Cemaziyelevvel 1449
20271007|0543|0707|1305|1617|1853|2011|7 Cemaziyelevvel 1449
20271008|0544|0708|1304|1616|1851|2009|8 Cemaziyelevvel 1449
20271009|0545|0709|1304|1615|1849|2008|9 Cemaziyelevvel 1449
20271010|0546|0710|1304|1614|1848|2006|10 Cemaziyelevvel 1449
20271011|0547|0711|1304|1613|1846|2005|11 Cemaziyelevvel 1449
20271012|0548|0712|1303|1611|1845|2003|12 Cemaziyelevvel 1449
20271013|0549|0713|1303|1610|1843|2002|13 Cemaziyelevvel 1449
20271014|0550|0714|1303|1609|1842|2000|14 Cemaziyelevvel 1449
20271015|0551|0715|1303|1608|1840|1959|15 Cemaziyelevvel 1449
20271016|0552|0716|1302|1607|1839|1957|16 Cemaziyelevvel 1449
20271017|0553|0717|1302|1605|1837|1956|17 Cemaziyelevvel 1449
20271018|0554|0718|1302|1604|1836|1954|18 Cemaziyelevvel 1449
20271019|0555|0719|1302|1603|1834|1953|19 Cemaziyelevvel 1449
20271020|0556|0720|1301|1602|1833|1951|20 Cemaziyelevvel 1449
20271021|0557|0722|1301|1601|1831|1950|21 Cemaziyelevvel 1449
20271022|0558|0723|1301|1600|1830|1949|22 Cemaziyelevvel 1449
20271023|0559|0724|1301|1559|1828|1947|23 Cemaziyelevvel 1449
20271024|0600|0725|1301|1558|1827|1946|24 Cemaziyelevvel 1449
20271025|0601|0726|1301|1557|1826|1945|25 Cemaziyelevvel 1449
20271026|0602|0727|1301|1555|1824|1944|26 Cemaziyelevvel 1449
20271027|0604|0728|1301|1554|1823|1942|27 Cemaziyelevvel 1449
20271028|0605|0729|1300|1553|1821|1941|28 Cemaziyelevvel 1449
20271029|0606|0731|1300|1552|1820|1940|29 Cemaziyelevvel 1449
20271030|0607|0732|1300|1551|1819|1939|30 Cemaziyelevvel 1449
20271031|0608|0733|1300|1550|1818|1938|1 Cemaziyelahir 1449
20271101|0609|0734|1300|1549|1816|1936|2 Cemaziyelahir 1449
20271102|0610|0735|1300|1548|1815|1935|3 Cemaziyelahir 1449
20271103|0611|0736|1300|1547|1814|1934|4 Cemaziyelahir 1449
20271104|0612|0737|1300|1546|1813|1933|5 Cemaziyelahir 1449
20271105|0613|0739|1300|1546|1812|1932|6 Cemaziyelahir 1449
20271106|0614|0740|1300|1545|1811|1931|7 Cemaziyelahir 1449
20271107|0615|0741|1300|1544|1809|1930|8 Cemaziyelahir 1449
20271108|0616|0742|1300|1543|1808|1929|9 Cemaziyelahir 1449
20271109|0617|0743|1300|1542|1807|1929|10 Cemaziyelahir 1449
20271110|0618|0745|1300|1541|1806|1928|11 Cemaziyelahir 1449
20271111|0619|0746|1301|1541|1805|1927|12 Cemaziyelahir 1449
20271112|0620|0747|1301|1540|1804|1926|13 Cemaziyelahir 1449
20271113|0621|0748|1301|1539|1803|1925|14 Cemaziyelahir 1449
20271114|0622|0749|1301|1538|1803|1925|15 Cemaziyelahir 1449
20271115|0623|0750|1301|1538|1802|1924|16 Cemaziyelahir 1449
20271116|0624|0752|1301|1537|1801|1923|17 Cemaziyelahir 1449
20271117|0625|0753|1301|1536|1800|1923|18 Cemaziyelahir 1449
20271118|0626|0754|1302|1536|1759|1922|19 Cemaziyelahir 1449
20271119|0627|0755|1302|1535|1759|1921|20 Cemaziyelahir 1449
20271120|0628|0756|1302|1535|1758|1921|21 Cemaziyelahir 1449
20271121|0629|0757|1302|1534|1757|1920|22 Cemaziyelahir 1449
20271122|0630|0758|1302|1534|1757|1920|23 Cemaziyelahir 1449
20271123|0631|0800|1303|1533|1756|1919|24 Cemaziyelahir 1449
20271124|0632|0801|1303|1533|1755|1919|25 Cemaziyelahir 1449
20271125|0633|0802|1303|1532|1755|1919|26 Cemaziyelahir 1449
20271126|0634|0803|1304|1532|1754|1918|27 Cemaziyelahir 1449
20271127|0635|0804|1304|1532|1754|1918|28 Cemaziyelahir 1449
20271128|0635|0805|1304|1531|1753|1918|29 Cemaziyelahir 1449
20271129|0636|0806|1305|1531|1753|1917|1 Recep 1449
20271130|0637|0807|1305|1531|1753|1917|2 Recep 1449
20271201|0638|0808|1305|1531|1752|1917|3 Recep 1449
20271202|0639|0809|1306|1531|1752|1917|4 Recep 1449
20271203|0640|0810|1306|1530|1752|1917|5 Recep 1449
20271204|0641|0811|1306|1530|1752|1917|6 Recep 1449
20271205|0642|0812|1307|1530|1752|1917|7 Recep 1449
20271206|0642|0813|1307|1530|1751|1917|8 Recep 1449
20271207|0643|0814|1308|1530|1751|1917|9 Recep 1449
20271208|0644|0815|1308|1530|1751|1917|10 Recep 1449
20271209|0645|0816|1309|1530|1751|1917|11 Recep 1449
20271210|0646|0817|1309|1530|1751|1917|12 Recep 1449
20271211|0646|0818|1309|1531|1751|1917|13 Recep 1449
20271212|0647|0818|1310|1531|1751|1917|14 Recep 1449
20271213|0648|0819|1310|1531|1752|1918|15 Recep 1449
20271214|0649|0820|1311|1531|1752|1918|16 Recep 1449
20271215|0649|0821|1311|1531|1752|1918|17 Recep 1449
20271216|0650|0821|1312|1532|1752|1918|18 Recep 1449
20271217|0650|0822|1312|1532|1753|1919|19 Recep 1449
20271218|0651|0823|1313|1532|1753|1919|20 Recep 1449
20271219|0652|0823|1313|1533|1753|1919|21 Recep 1449
20271220|0652|0824|1314|1533|1754|1920|22 Recep 1449
20271221|0653|0824|1314|1534|1754|1920|23 Recep 1449
20271222|0653|0825|1315|1534|1755|1921|24 Recep 1449
20271223|0654|0825|1315|1535|1755|1921|25 Recep 1449
20271224|0654|0826|1316|1535|1756|1922|26 Recep 1449
20271225|0655|0826|1316|1536|1756|1922|27 Recep 1449
20271226|0655|0827|1317|1536|1757|1923|28 Recep 1449
20271227|0655|0827|1317|1537|1758|1924|29 Recep 1449
20271228|0656|0827|1318|1538|1758|1924|30 Recep 1449
20271229|0656|0828|1318|1538|1759|1925|1 Şaban 1449
20271230|0656|0828|1319|1539|1800|1926|2 Şaban 1449
20271231|0657|0828|1319|1540|1800|1926|3 Şaban 1449
#@9879|Tekirdağ|TEKIRDAG|396
20261003|0537|0701|1304|1620|1857|2016|22 Rebiulahir 1448
20261004|0538|0702|1304|1619|1855|2014|23 Rebiulahir 1448
20261005|0539|0703|1304|1617|1854|2013|24 Rebiulahir 1448
20261006|0540|0704|1303|1616|1852|2011|25 Rebiulahir 1448
20261007|0541|0705|1303|1615|1850|2009|26 Rebiulahir 1448
20261008|0542|0706|1303|1614|1849|2008|27 Rebiulahir 1448
20261009|0543|0708|1302|1613|1847|2006|28 Rebiulahir 1448
20261010|0544|0709|1302|1611|1846|2004|29 Rebiulahir 1448
20261011|0545|0710|1302|1610|1844|2003|30 Rebiulahir 1448
20261012|0546|0711|1302|1609|1842|2001|1 Cemaziyelevvel 1448
20261013|0548|0712|1301|1608|1841|2000|2 Cemaziyelevvel 1448
20261014|0549|0713|1301|1607|1839|1958|3 Cemaziyelevvel 1448
20261015|0550|0714|1301|1605|1838|1957|4 Cemaziyelevvel 1448
20261016|0551|0715|1301|1604|1836|1955|5 Cemaziyelevvel 1448
20261017|0552|0716|1300|1603|1835|1954|6 Cemaziyelevvel 1448
20261018|0553|0717|1300|1602|1833|1952|7 Cemaziyelevvel 1448
20261019|0554|0718|1300|1601|1832|1951|8 Cemaziyelevvel 1448
20261020|0555|0720|1300|1600|1830|1950|9 Cemaziyelevvel 1448
20261021|0556|0721|1300|1558|1829|1948|10 Cemaziyelevvel 1448
20261022|0557|0722|1259|1557|1827|1947|11 Cemaziyelevvel 1448
20261023|0558|0723|1259|1556|1826|1945|12 Cemaziyelevvel 1448
20261024|0559|0724|1259|1555|1824|1944|13 Cemaziyelevvel 1448
20261025|0600|0725|1259|1554|1823|1943|14 Cemaziyelevvel 1448
20261026|0601|0726|1259|1553|1822|1942|15 Cemaziyelevvel 1448
20261027|0602|0727|1259|1552|1820|1940|16 Cemaziyelevvel 1448
20261028|0603|0729|1259|1551|1819|1939|17 Cemaziyelevvel 1448
20261029|0604|0730|1259|1550|1818|1938|18 Cemaziyelevvel 1448
20261030|0605|0731|1259|1549|1816|1937|19 Cemaziyelevvel 1448
20261031|0606|0732|1259|1548|1815|1936|20 Cemaziyelevvel 1448
20261101|0607|0733|1259|1547|1814|1934|21 Cemaziyelevvel 1448
20261102|0608|0734|1259|1546|1813|1933|22 Cemaziyelevvel 1448
20270101|0656|0828|1318|1538|1759|1925|23 Recep 1448
20270102|0656|0828|1319|1539|1759|1926|24 Recep 1448
20270103|0656|0828|1319|1539|1800|1927|25 Recep 1448
20270104|0656|0828|1320|1540|1801|1927|26 Recep 1448
20270105|0656|0828|1320|1541|1802|1928|27 Recep 1448
20270106|0657|0828|1320|1542|1803|1929|28 Recep 1448
20270107|0657|0828|1321|1543|1804|1930|29 Recep 1448
20270108|0657|0828|1321|1544|1805|1931|30 Recep 1448
20270109|0657|0828|1322|1545|1806|1932|1 Şaban 1448
20270110|0656|0827|1322|1546|1807|1932|2 Şaban 1448
20270111|0656|0827|1323|1546|1808|1933|3 Şaban 1448
20270112|0656|0827|1323|1547|1809|1934|4 Şaban 1448
20270113|0656|0827|1323|1548|1810|1935|5 Şaban 1448
20270114|0656|0826|1324|1549|1811|1936|6 Şaban 1448
20270115|0656|0826|1324|1550|1812|1937|7 Şaban 1448
20270116|0655|0825|1324|1551|1813|1938|8 Şaban 1448
20270117|0655|0825|1325|1552|1815|1939|9 Şaban 1448
20270118|0655|0825|1325|1553|1816|1940|10 Şaban 1448
20270119|0654|0824|1325|1554|1817|1941|11 Şaban 1448
20270120|0654|0823|1326|1555|1818|1942|12 Şaban 1448
20270121|0654|0823|1326|1556|1819|1943|13 Şaban 1448
20270122|0653|0822|1326|1557|1820|1944|14 Şaban 1448
20270123|0653|0822|1327|1558|1822|1945|15 Şaban 1448
20270124|0652|0821|1327|1600|1823|1946|16 Şaban 1448
20270125|0652|0820|1327|1601|1824|1947|17 Şaban 1448
20270126|0651|0819|1327|1602|1825|1948|18 Şaban 1448
20270127|0650|0819|1328|1603|1827|1949|19 Şaban 1448
20270128|0650|0818|1328|1604|1828|1950|20 Şaban 1448
20270129|0649|0817|1328|1605|1829|1952|21 Şaban 1448
20270130|0648|0816|1328|1606|1830|1953|22 Şaban 1448
20270131|0648|0815|1328|1607|1831|1954|23 Şaban 1448
20270201|0647|0814|1328|1608|1833|1955|24 Şaban 1448
20270202|0646|0813|1329|1609|1834|1956|25 Şaban 1448
20270203|0645|0812|1329|1610|1835|1957|26 Şaban 1448
20270204|0644|0811|1329|1611|1836|1958|27 Şaban 1448
20270205|0643|0810|1329|1612|1838|1959|28 Şaban 1448
20270206|0642|0809|1329|1613|1839|2000|29 Şaban 1448
20270207|0641|0808|1329|1614|1840|2001|30 Şaban 1448
20270208|0640|0807|1329|1615|1841|2002|1 Ramazan 1448
20270209|0639|0806|1329|1616|1843|2003|2 Ramazan 1448
20270210|0638|0804|1329|1617|1844|2005|3 Ramazan 1448
20270211|0637|0803|1329|1618|1845|2006|4 Ramazan 1448
20270212|0636|0802|1329|1619|1846|2007|5 Ramazan 1448
20270213|0635|0801|1329|1620|1848|2008|6 Ramazan 1448
20270214|0634|0759|1329|1621|1849|2009|7 Ramazan 1448
20270215|0633|0758|1329|1622|1850|2010|8 Ramazan 1448
20270216|0632|0757|1329|1623|1851|2011|9 Ramazan 1448
20270217|0630|0755|1329|1624|1853|2012|10 Ramazan 1448
20270218|0629|0754|1329|1624|1854|2013|11 Ramazan 1448
20270219|0628|0753|1329|1625|1855|2015|12 Ramazan 1448
20270220|0627|0751|1329|1626|1856|2016|13 Ramazan 1448
20270221|0625|0750|1329|1627|1857|2017|14 Ramazan 1448
20270222|0624|0749|1329|1628|1859|2018|15 Ramazan 1448
20270223|0623|0747|1328|1629|1900|2019|16 Ramazan 1448
20270224|0621|0746|1328|1630|1901|2020|17 Ramazan 1448
20270225|0620|0744|1328|1631|1902|2021|18 Ramazan 1448
20270226|0618|0743|1328|1631|1903|2022|19 Ramazan 1448
20270227|0617|0741|1328|1632|1904|2023|20 Ramazan 1448
20270228|0615|0740|1328|1633|1906|2025|21 Ramazan 1448
20270301|0614|0738|1327|1634|1907|2026|22 Ramazan 1448
20270302|0612|0737|1327|1634|1908|2027|23 Ramazan 1448
20270303|0611|0735|1327|1635|1909|2028|24 Ramazan 1448
20270304|0609|0733|1327|1636|1910|2029|25 Ramazan 1448
20270305|0608|0732|1327|1637|1911|2030|26 Ramazan 1448
20270306|0606|0730|1326|1637|1912|2031|27 Ramazan 1448
20270307|0604|0729|1326|1638|1914|2032|28 Ramazan 1448
20270308|0603|0727|1326|1639|1915|2034|29 Ramazan 1448
20270309|0601|0726|1326|1640|1916|2035|1 Şevval 1448
20270310|0600|0724|1325|1640|1917|2036|2 Şevval 1448
20270311|0558|0722|1325|1641|1918|2037|3 Şevval 1448
20270312|0556|0721|1325|1641|1919|2038|4 Şevval 1448
20270313|0555|0719|1325|1642|1920|2039|5 Şevval 1448
20270314|0553|0717|1324|1643|1921|2040|6 Şevval 1448
20270315|0551|0716|1324|1643|1922|2042|7 Şevval 1448
20270316|0549|0714|1324|1644|1924|2043|8 Şevval 1448
20270317|0548|0712|1324|1645|1925|2044|9 Şevval 1448
20270318|0546|0711|1323|1645|1926|2045|10 Şevval 1448
20270319|0544|0709|1323|1646|1927|2046|11 Şevval 1448
20270320|0542|0707|1323|1646|1928|2048|12 Şevval 1448
20270321|0540|0706|1322|1647|1929|2049|13 Şevval 1448
20270322|0539|0704|1322|1647|1930|2050|14 Şevval 1448
20270323|0537|0702|1322|1648|1931|2051|15 Şevval 1448
20270324|0535|0701|1321|1648|1932|2052|16 Şevval 1448
20270325|0533|0659|1321|1649|1933|2054|17 Şevval 1448
20270326|0531|0657|1321|1649|1934|2055|18 Şevval 1448
20270327|0530|0656|1321|1650|1935|2056|19 Şevval 1448
20270328|0528|0654|1320|1650|1936|2057|20 Şevval 1448
20270329|0526|0652|1320|1651|1938|2058|21 Şevval 1448
20270330|0524|0651|1320|1651|1939|2100|22 Şevval 1448
20270331|0522|0649|1319|1652|1940|2101|23 Şevval 1448
20270401|0520|0647|1319|1652|1941|2102|24 Şevval 1448
20270402|0518|0646|1319|1653|1942|2104|25 Şevval 1448
20270403|0516|0644|1318|1653|1943|2105|26 Şevval 1448
20270404|0514|0642|1318|1653|1944|2106|27 Şevval 1448
20270405|0513|0641|1318|1654|1945|2107|28 Şevval 1448
20270406|0511|0639|1318|1654|1946|2109|29 Şevval 1448
20270407|0509|0638|1317|1655|1947|2110|30 Şevval 1448
20270408|0507|0636|1317|1655|1948|2111|1 Zilkade 1448
20270409|0505|0634|1317|1655|1949|2113|2 Zilkade 1448
20270410|0503|0633|1316|1656|1950|2114|3 Zilkade 1448
20270411|0501|0631|1316|1656|1951|2115|4 Zilkade 1448
20270412|0459|0630|1316|1656|1952|2117|5 Zilkade 1448
20270413|0457|0628|1316|1657|1953|2118|6 Zilkade 1448
20270414|0455|0626|1315|1657|1954|2119|7 Zilkade 1448
20270415|0453|0625|1315|1657|1956|2121|8 Zilkade 1448
20270416|0451|0623|1315|1658|1957|2122|9 Zilkade 1448
20270417|0450|0622|1315|1658|1958|2124|10 Zilkade 1448
20270418|0448|0620|1314|1658|1959|2125|11 Zilkade 1448
20270419|0446|0619|1314|1659|2000|2127|12 Zilkade 1448
20270420|0444|0617|1314|1659|2001|2128|13 Zilkade 1448
20270421|0442|0616|1314|1659|2002|2129|14 Zilkade 1448
20270422|0440|0614|1314|1700|2003|2131|15 Zilkade 1448
20270423|0438|0613|1313|1700|2004|2132|16 Zilkade 1448
20270424|0436|0611|1313|1700|2005|2134|17 Zilkade 1448
20270425|0434|0610|1313|1701|2006|2135|18 Zilkade 1448
20270426|0433|0609|1313|1701|2007|2137|19 Zilkade 1448
20270427|0431|0607|1313|1701|2008|2138|20 Zilkade 1448
20270428|0429|0606|1313|1702|2009|2140|21 Zilkade 1448
20270429|0427|0604|1312|1702|2010|2141|22 Zilkade 1448
20270430|0425|0603|1312|1702|2011|2143|23 Zilkade 1448
20270501|0423|0602|1312|1702|2012|2144|24 Zilkade 1448
20270502|0422|0601|1312|1703|2014|2146|25 Zilkade 1448
20270503|0420|0559|1312|1703|2015|2147|26 Zilkade 1448
20270504|0418|0558|1312|1703|2016|2149|27 Zilkade 1448
20270505|0416|0557|1312|1704|2017|2150|28 Zilkade 1448
20270506|0415|0556|1312|1704|2018|2152|29 Zilkade 1448
20270507|0413|0554|1312|1704|2019|2153|1 Zilhicce 1448
20270508|0411|0553|1312|1704|2020|2155|2 Zilhicce 1448
20270509|0409|0552|1311|1705|2021|2156|3 Zilhicce 1448
20270510|0408|0551|1311|1705|2022|2158|4 Zilhicce 1448
20270511|0406|0550|1311|1705|2023|2159|5 Zilhicce 1448
20270512|0404|0549|1311|1706|2024|2201|6 Zilhicce 1448
20270513|0403|0548|1311|1706|2025|2202|7 Zilhicce 1448
20270514|0401|0547|1311|1706|2026|2204|8 Zilhicce 1448
20270515|0400|0546|1311|1706|2027|2205|9 Zilhicce 1448
20270516|0358|0545|1311|1707|2028|2207|10 Zilhicce 1448
20270517|0357|0544|1311|1707|2029|2208|11 Zilhicce 1448
20270518|0355|0543|1311|1707|2030|2210|12 Zilhicce 1448
20270519|0354|0542|1311|1708|2031|2211|13 Zilhicce 1448
20270520|0352|0541|1311|1708|2032|2213|14 Zilhicce 1448
20270521|0351|0540|1312|1708|2033|2214|15 Zilhicce 1448
20270522|0350|0540|1312|1708|2034|2216|16 Zilhicce 1448
20270523|0348|0539|1312|1709|2034|2217|17 Zilhicce 1448
20270524|0347|0538|1312|1709|2035|2218|18 Zilhicce 1448
20270525|0346|0537|1312|1709|2036|2220|19 Zilhicce 1448
20270526|0345|0537|1312|1710|2037|2221|20 Zilhicce 1448
20270527|0343|0536|1312|1710|2038|2222|21 Zilhicce 1448
20270528|0342|0536|1312|1710|2039|2224|22 Zilhicce 1448
20270529|0341|0535|1312|1710|2040|2225|23 Zilhicce 1448
20270530|0340|0534|1312|1711|2040|2226|24 Zilhicce 1448
20270531|0339|0534|1313|1711|2041|2227|25 Zilhicce 1448
20270601|0338|0533|1313|1711|2042|2229|26 Zilhicce 1448
20270602|0337|0533|1313|1712|2043|2230|27 Zilhicce 1448
20270603|0336|0533|1313|1712|2043|2231|28 Zilhicce 1448
20270604|0336|0532|1313|1712|2044|2232|29 Zilhicce 1448
20270605|0335|0532|1313|1712|2045|2233|30 Zilhicce 1448
20270606|0334|0532|1314|1713|2046|2234|1 Muharrem 1449
20270607|0333|0531|1314|1713|2046|2235|2 Muharrem 1449
20270608|0333|0531|1314|1713|2047|2236|3 Muharrem 1449
20270609|0332|0531|1314|1713|2047|2237|4 Muharrem 1449
20270610|0332|0531|1314|1714|2048|2238|5 Muharrem 1449
20270611|0331|0531|1314|1714|2048|2238|6 Muharrem 1449
20270612|0331|0530|1315|1714|2049|2239|7 Muharrem 1449
20270613|0331|0530|1315|1715|2049|2240|8 Muharrem 1449
20270614|0330|0530|1315|1715|2050|2241|9 Muharrem 1449
20270615|0330|0530|1315|1715|2050|2241|10 Muharrem 1449
20270616|0330|0530|1316|1715|2051|2242|11 Muharrem 1449
20270617|0330|0530|1316|1716|2051|2242|12 Muharrem 1449
20270618|0330|0531|1316|1716|2051|2243|13 Muharrem 1449
20270619|0330|0531|1316|1716|2052|2243|14 Muharrem 1449
20270620|0330|0531|1316|1716|2052|2243|15 Muharrem 1449
20270621|0330|0531|1317|1716|2052|2244|16 Muharrem 1449
20270622|0330|0531|1317|1717|2053|2244|17 Muharrem 1449
20270623|0331|0531|1317|1717|2053|2244|18 Muharrem 1449
20270624|0331|0532|1317|1717|2053|2244|19 Muharrem 1449
20270625|0331|0532|1317|1717|2053|2244|20 Muharrem 1449
20270626|0332|0532|1318|1718|2053|2244|21 Muharrem 1449
20270627|0332|0533|1318|1718|2053|2244|22 Muharrem 1449
20270628|0333|0533|1318|1718|2053|2244|23 Muharrem 1449
20270629|0334|0534|1318|1718|2053|2244|24 Muharrem 1449
20270630|0334|0534|1319|1718|2053|2244|25 Muharrem 1449
20270701|0335|0534|1319|1718|2053|2243|26 Muharrem 1449
20270702|0336|0535|1319|1718|2053|2243|27 Muharrem 1449
20270703|0337|0535|1319|1719|2053|2243|28 Muharrem 1449
20270704|0337|0536|1319|1719|2053|2242|29 Muharrem 1449
20270705|0338|0537|1319|1719|2052|2242|1 Safer 1449
20270706|0339|0537|1320|1719|2052|2241|2 Safer 1449
20270707|0340|0538|1320|1719|2052|2240|3 Safer 1449
20270708|0341|0538|1320|1719|2052|2240|4 Safer 1449
20270709|0342|0539|1320|1719|2051|2239|5 Safer 1449
20270710|0343|0540|1320|1719|2051|2238|6 Safer 1449
20270711|0345|0540|1320|1719|2050|2237|7 Safer 1449
20270712|0346|0541|1321|1719|2050|2237|8 Safer 1449
20270713|0347|0542|1321|1719|2049|2236|9 Safer 1449
20270714|0348|0543|1321|1719|2049|2235|10 Safer 1449
20270715|0349|0543|1321|1719|2048|2234|11 Safer 1449
20270716|0351|0544|1321|1719|2048|2233|12 Safer 1449
20270717|0352|0545|1321|1719|2047|2232|13 Safer 1449
20270718|0353|0546|1321|1719|2047|2231|14 Safer 1449
20270719|0355|0547|1321|1719|2046|2229|15 Safer 1449
20270720|0356|0548|1321|1719|2045|2228|16 Safer 1449
20270721|0358|0548|1321|1718|2044|2227|17 Safer 1449
20270722|0359|0549|1321|1718|2044|2226|18 Safer 1449
20270723|0400|0550|1321|1718|2043|2224|19 Safer 1449
20270724|0402|0551|1321|1718|2042|2223|20 Safer 1449
20270725|0403|0552|1322|1718|2041|2222|21 Safer 1449
20270726|0405|0553|1322|1717|2040|2220|22 Safer 1449
20270727|0406|0554|1322|1717|2039|2219|23 Safer 1449
20270728|0408|0555|1322|1717|2038|2218|24 Safer 1449
20270729|0409|0556|1321|1717|2037|2216|25 Safer 1449
20270730|0411|0557|1321|1716|2036|2215|26 Safer 1449
20270731|0412|0558|1321|1716|2035|2213|27 Safer 1449
20270801|0414|0558|1321|1716|2034|2211|28 Safer 1449
20270802|0415|0559|1321|1715|2033|2210|29 Safer 1449
20270803|0417|0600|1321|1715|2032|2208|1 Rebiulevvel 1449
20270804|0418|0601|1321|1715|2031|2207|2 Rebiulevvel 1449
20270805|0420|0602|1321|1714|2030|2205|3 Rebiulevvel 1449
20270806|0421|0603|1321|1714|2029|2203|4 Rebiulevvel 1449
20270807|0423|0604|1321|1713|2027|2202|5 Rebiulevvel 1449
20270808|0425|0605|1321|1713|2026|2200|6 Rebiulevvel 1449
20270809|0426|0606|1321|1712|2025|2158|7 Rebiulevvel 1449
20270810|0428|0607|1320|1712|2024|2156|8 Rebiulevvel 1449
20270811|0429|0608|1320|1711|2022|2155|9 Rebiulevvel 1449
20270812|0431|0609|1320|1711|2021|2153|10 Rebiulevvel 1449
20270813|0432|0610|1320|1710|2020|2151|11 Rebiulevvel 1449
20270814|0434|0611|1320|1709|2018|2149|12 Rebiulevvel 1449
20270815|0435|0612|1320|1709|2017|2148|13 Rebiulevvel 1449
20270816|0436|0613|1319|1708|2016|2146|14 Rebiulevvel 1449
20270817|0438|0614|1319|1708|2014|2144|15 Rebiulevvel 1449
20270818|0439|0615|1319|1707|2013|2142|16 Rebiulevvel 1449
20270819|0441|0616|1319|1706|2011|2140|17 Rebiulevvel 1449
20270820|0442|0617|1319|1705|2010|2138|18 Rebiulevvel 1449
20270821|0444|0618|1318|1705|2008|2136|19 Rebiulevvel 1449
20270822|0445|0619|1318|1704|2007|2135|20 Rebiulevvel 1449
20270823|0447|0620|1318|1703|2005|2133|21 Rebiulevvel 1449
20270824|0448|0621|1318|1702|2004|2131|22 Rebiulevvel 1449
20270825|0449|0622|1317|1702|2002|2129|23 Rebiulevvel 1449
20270826|0451|0623|1317|1701|2001|2127|24 Rebiulevvel 1449
20270827|0452|0624|1317|1700|1959|2125|25 Rebiulevvel 1449
20270828|0453|0625|1316|1659|1958|2123|26 Rebiulevvel 1449
20270829|0455|0626|1316|1658|1956|2121|27 Rebiulevvel 1449
20270830|0456|0627|1316|1657|1955|2119|28 Rebiulevvel 1449
20270831|0457|0628|1316|1656|1953|2118|29 Rebiulevvel 1449
20270901|0459|0629|1315|1656|1951|2116|30 Rebiulevvel 1449
20270902|0500|0630|1315|1655|1950|2114|1 Rebiulahir 1449
20270903|0501|0631|1315|1654|1948|2112|2 Rebiulahir 1449
20270904|0503|0632|1314|1653|1946|2110|3 Rebiulahir 1449
20270905|0504|0633|1314|1652|1945|2108|4 Rebiulahir 1449
20270906|0505|0634|1314|1651|1943|2106|5 Rebiulahir 1449
20270907|0507|0635|1313|1650|1941|2104|6 Rebiulahir 1449
20270908|0508|0636|1313|1649|1940|2102|7 Rebiulahir 1449
20270909|0509|0637|1313|1648|1938|2100|8 Rebiulahir 1449
20270910|0510|0638|1312|1647|1936|2058|9 Rebiulahir 1449
20270911|0511|0639|1312|1646|1935|2056|10 Rebiulahir 1449
20270912|0513|0640|1311|1645|1933|2055|11 Rebiulahir 1449
20270913|0514|0641|1311|1643|1931|2053|12 Rebiulahir 1449
20270914|0515|0642|1311|1642|1930|2051|13 Rebiulahir 1449
20270915|0516|0643|1310|1641|1928|2049|14 Rebiulahir 1449
20270916|0518|0644|1310|1640|1926|2047|15 Rebiulahir 1449
20270917|0519|0645|1310|1639|1925|2045|16 Rebiulahir 1449
20270918|0520|0646|1309|1638|1923|2043|17 Rebiulahir 1449
20270919|0521|0647|1309|1637|1921|2041|18 Rebiulahir 1449
20270920|0522|0648|1309|1636|1919|2040|19 Rebiulahir 1449
20270921|0523|0649|1308|1634|1918|2038|20 Rebiulahir 1449
20270922|0524|0650|1308|1633|1916|2036|21 Rebiulahir 1449
20270923|0526|0651|1308|1632|1914|2034|22 Rebiulahir 1449
20270924|0527|0652|1307|1631|1913|2032|23 Rebiulahir 1449
20270925|0528|0653|1307|1630|1911|2030|24 Rebiulahir 1449
20270926|0529|0654|1307|1629|1909|2029|25 Rebiulahir 1449
20270927|0530|0655|1306|1627|1908|2027|26 Rebiulahir 1449
20270928|0531|0656|1306|1626|1906|2025|27 Rebiulahir 1449
20270929|0532|0657|1306|1625|1904|2023|28 Rebiulahir 1449
20270930|0533|0658|1305|1624|1902|2022|29 Rebiulahir 1449
20271001|0534|0659|1305|1623|1901|2020|1 Cemaziyelevvel 1449
20271002|0536|0700|1305|1621|1859|2018|2 Cemaziyelevvel 1449
20271003|0537|0701|1304|1620|1857|2016|3 Cemaziyelevvel 1449
20271004|0538|0702|1304|1619|1856|2015|4 Cemaziyelevvel 1449
20271005|0539|0703|1304|1618|1854|2013|5 Cemaziyelevvel 1449
20271006|0540|0704|1303|1617|1852|2011|6 Cemaziyelevvel 1449
20271007|0541|0705|1303|1615|1851|2010|7 Cemaziyelevvel 1449
20271008|0542|0706|1303|1614|1849|2008|8 Cemaziyelevvel 1449
20271009|0543|0707|1302|1613|1848|2006|9 Cemaziyelevvel 1449
20271010|0544|0708|1302|1612|1846|2005|10 Cemaziyelevvel 1449
20271011|0545|0709|1302|1610|1844|2003|11 Cemaziyelevvel 1449
20271012|0546|0710|1302|1609|1843|2002|12 Cemaziyelevvel 1449
20271013|0547|0712|1301|1608|1841|2000|13 Cemaziyelevvel 1449
20271014|0548|0713|1301|1607|1840|1959|14 Cemaziyelevvel 1449
20271015|0549|0714|1301|1606|1838|1957|15 Cemaziyelevvel 1449
20271016|0550|0715|1301|1605|1837|1956|16 Cemaziyelevvel 1449
20271017|0551|0716|1300|1603|1835|1954|17 Cemaziyelevvel 1449
20271018|0553|0717|1300|1602|1834|1953|18 Cemaziyelevvel 1449
20271019|0554|0718|1300|1601|1832|1951|19 Cemaziyelevvel 1449
20271020|0555|0719|1300|1600|1831|1950|20 Cemaziyelevvel 1449
20271021|0556|0720|1300|1559|1829|1948|21 Cemaziyelevvel 1449
20271022|0557|0721|1300|1558|1828|1947|22 Cemaziyelevvel 1449
20271023|0558|0723|1259|1556|1826|1946|23 Cemaziyelevvel 1449
20271024|0559|0724|1259|1555|1825|1944|24 Cemaziyelevvel 1449
20271025|0600|0725|1259|1554|1823|1943|25 Cemaziyelevvel 1449
20271026|0601|0726|1259|1553|1822|1942|26 Cemaziyelevvel 1449
20271027|0602|0727|1259|1552|1821|1941|27 Cemaziyelevvel 1449
20271028|0603|0728|1259|1551|1819|1939|28 Cemaziyelevvel 1449
20271029|0604|0730|1259|1550|1818|1938|29 Cemaziyelevvel 1449
20271030|0605|0731|1259|1549|1817|1937|30 Cemaziyelevvel 1449
20271031|0606|0732|1259|1548|1815|1936|1 Cemaziyelahir 1449
20271101|0607|0733|1259|1547|1814|1935|2 Cemaziyelahir 1449
20271102|0608|0734|1259|1546|1813|1934|3 Cemaziyelahir 1449
20271103|0609|0735|1259|1545|1812|1933|4 Cemaziyelahir 1449
20271104|0610|0737|1259|1544|1811|1931|5 Cemaziyelahir 1449
20271105|0611|0738|1259|1543|1809|1930|6 Cemaziyelahir 1449
20271106|0612|0739|1259|1542|1808|1929|7 Cemaziyelahir 1449
20271107|0613|0740|1259|1541|1807|1929|8 Cemaziyelahir 1449
20271108|0614|0741|1259|1541|1806|1928|9 Cemaziyelahir 1449
20271109|0615|0742|1259|1540|1805|1927|10 Cemaziyelahir 1449
20271110|0616|0744|1259|1539|1804|1926|11 Cemaziyelahir 1449
20271111|0617|0745|1259|1538|1803|1925|12 Cemaziyelahir 1449
20271112|0619|0746|1259|1537|1802|1924|13 Cemaziyelahir 1449
20271113|0620|0747|1259|1537|1801|1923|14 Cemaziyelahir 1449
20271114|0621|0748|1259|1536|1800|1923|15 Cemaziyelahir 1449
20271115|0622|0750|1259|1535|1759|1922|16 Cemaziyelahir 1449
20271116|0623|0751|1300|1535|1758|1921|17 Cemaziyelahir 1449
20271117|0624|0752|1300|1534|1758|1921|18 Cemaziyelahir 1449
20271118|0625|0753|1300|1533|1757|1920|19 Cemaziyelahir 1449
20271119|0626|0754|1300|1533|1756|1919|20 Cemaziyelahir 1449
20271120|0627|0755|1300|1532|1755|1919|21 Cemaziyelahir 1449
20271121|0628|0757|1301|1532|1755|1918|22 Cemaziyelahir 1449
20271122|0629|0758|1301|1531|1754|1918|23 Cemaziyelahir 1449
20271123|0630|0759|1301|1531|1753|1917|24 Cemaziyelahir 1449
20271124|0630|0800|1301|1530|1753|1917|25 Cemaziyelahir 1449
20271125|0631|0801|1302|1530|1752|1917|26 Cemaziyelahir 1449
20271126|0632|0802|1302|1529|1752|1916|27 Cemaziyelahir 1449
20271127|0633|0803|1302|1529|1751|1916|28 Cemaziyelahir 1449
20271128|0634|0804|1303|1529|1751|1916|29 Cemaziyelahir 1449
20271129|0635|0806|1303|1529|1750|1915|1 Recep 1449
20271130|0636|0807|1303|1528|1750|1915|2 Recep 1449
20271201|0637|0808|1304|1528|1750|1915|3 Recep 1449
20271202|0638|0809|1304|1528|1749|1915|4 Recep 1449
20271203|0639|0810|1304|1528|1749|1915|5 Recep 1449
20271204|0640|0811|1305|1528|1749|1915|6 Recep 1449
20271205|0641|0812|1305|1528|1749|1915|7 Recep 1449
20271206|0641|0813|1306|1528|1749|1915|8 Recep 1449
20271207|0642|0814|1306|1528|1749|1915|9 Recep 1449
20271208|0643|0814|1307|1528|1749|1915|10 Recep 1449
20271209|0644|0815|1307|1528|1749|1915|11 Recep 1449
20271210|0645|0816|1307|1528|1749|1915|12 Recep 1449
20271211|0645|0817|1308|1528|1749|1915|13 Recep 1449
20271212|0646|0818|1308|1528|1749|1915|14 Recep 1449
20271213|0647|0819|1309|1528|1749|1915|15 Recep 1449
20271214|0647|0819|1309|1528|1749|1916|16 Recep 1449
20271215|0648|0820|1310|1529|1749|1916|17 Recep 1449
20271216|0649|0821|1310|1529|1750|1916|18 Recep 1449
20271217|0649|0822|1311|1529|1750|1917|19 Recep 1449
20271218|0650|0822|1311|1530|1750|1917|20 Recep 1449
20271219|0651|0823|1312|1530|1751|1917|21 Recep 1449
20271220|0651|0823|1312|1530|1751|1918|22 Recep 1449
20271221|0652|0824|1313|1531|1751|1918|23 Recep 1449
20271222|0652|0824|1313|1531|1752|1919|24 Recep 1449
20271223|0653|0825|1314|1532|1752|1919|25 Recep 1449
20271224|0653|0825|1314|1532|1753|1920|26 Recep 1449
20271225|0654|0826|1315|1533|1754|1920|27 Recep 1449
20271226|0654|0826|1315|1534|1754|1921|28 Recep 1449
20271227|0654|0827|1316|1534|1755|1921|29 Recep 1449
20271228|0655|0827|1316|1535|1755|1922|30 Recep 1449
20271229|0655|0827|1317|1536|1756|1923|1 Şaban 1449
20271230|0655|0827|1317|1536|1757|1923|2 Şaban 1449
20271231|0656|0828|1318|1537|1758|1924|3 Şaban 1449
#@17904|Ergene|TEKIRDAG|396
20261003|0536|0700|1303|1619|1856|2015|22 Rebiulahir 1448
20261004|0537|0701|1303|1617|1854|2014|23 Rebiulahir 1448
20261005|0538|0702|1303|1616|1853|2012|24 Rebiulahir 1448
20261006|0539|0704|1302|1615|1851|2010|25 Rebiulahir 1448
20261007|0540|0705|1302|1614|1849|2009|26 Rebiulahir 1448
20261008|0541|0706|1302|1613|1848|2007|27 Rebiulahir 1448
20261009|0542|0707|1301|1611|1846|2005|28 Rebiulahir 1448
20261010|0543|0708|1301|1610|1844|2004|29 Rebiulahir 1448
20261011|0544|0709|1301|1609|1843|2002|30 Rebiulahir 1448
20261012|0545|0710|1301|1608|1841|2000|1 Cemaziyelevvel 1448
20261013|0546|0711|1300|1607|1840|1959|2 Cemaziyelevvel 1448
20261014|0548|0712|1300|1605|1838|1957|3 Cemaziyelevvel 1448
20261015|0549|0713|1300|1604|1837|1956|4 Cemaziyelevvel 1448
20261016|0550|0714|1300|1603|1835|1954|5 Cemaziyelevvel 1448
20261017|0551|0715|1259|1602|1833|1953|6 Cemaziyelevvel 1448
20261018|0552|0717|1259|1601|1832|1951|7 Cemaziyelevvel 1448
20261019|0553|0718|1259|1559|1830|1950|8 Cemaziyelevvel 1448
20261020|0554|0719|1259|1558|1829|1949|9 Cemaziyelevvel 1448
20261021|0555|0720|1259|1557|1827|1947|10 Cemaziyelevvel 1448
20261022|0556|0721|1259|1556|1826|1946|11 Cemaziyelevvel 1448
20261023|0557|0722|1258|1555|1825|1944|12 Cemaziyelevvel 1448
20261024|0558|0723|1258|1554|1823|1943|13 Cemaziyelevvel 1448
20261025|0559|0725|1258|1553|1822|1942|14 Cemaziyelevvel 1448
20261026|0600|0726|1258|1552|1820|1941|15 Cemaziyelevvel 1448
20261027|0601|0727|1258|1550|1819|1939|16 Cemaziyelevvel 1448
20261028|0602|0728|1258|1549|1818|1938|17 Cemaziyelevvel 1448
20261029|0603|0729|1258|1548|1816|1937|18 Cemaziyelevvel 1448
20261030|0604|0730|1258|1547|1815|1936|19 Cemaziyelevvel 1448
20261031|0605|0732|1258|1546|1814|1934|20 Cemaziyelevvel 1448
20261101|0607|0733|1258|1545|1812|1933|21 Cemaziyelevvel 1448
20261102|0608|0734|1258|1544|1811|1932|22 Cemaziyelevvel 1448
20270101|0655|0828|1317|1536|1757|1924|23 Recep 1448
20270102|0655|0828|1318|1537|1758|1924|24 Recep 1448
20270103|0656|0828|1318|1538|1759|1925|25 Recep 1448
20270104|0656|0828|1319|1539|1800|1926|26 Recep 1448
20270105|0656|0828|1319|1539|1800|1927|27 Recep 1448
20270106|0656|0828|1320|1540|1801|1928|28 Recep 1448
20270107|0656|0828|1320|1541|1802|1929|29 Recep 1448
20270108|0656|0827|1320|1542|1803|1929|30 Recep 1448
20270109|0656|0827|1321|1543|1804|1930|1 Şaban 1448
20270110|0656|0827|1321|1544|1805|1931|2 Şaban 1448
20270111|0656|0827|1322|1545|1806|1932|3 Şaban 1448
20270112|0656|0827|1322|1546|1807|1933|4 Şaban 1448
20270113|0655|0826|1322|1547|1809|1934|5 Şaban 1448
20270114|0655|0826|1323|1548|1810|1935|6 Şaban 1448
20270115|0655|0826|1323|1549|1811|1936|7 Şaban 1448
20270116|0655|0825|1323|1550|1812|1937|8 Şaban 1448
20270117|0654|0825|1324|1551|1813|1938|9 Şaban 1448
20270118|0654|0824|1324|1552|1814|1939|10 Şaban 1448
20270119|0654|0824|1324|1553|1815|1940|11 Şaban 1448
20270120|0653|0823|1325|1554|1817|1941|12 Şaban 1448
20270121|0653|0822|1325|1555|1818|1942|13 Şaban 1448
20270122|0652|0822|1325|1556|1819|1943|14 Şaban 1448
20270123|0652|0821|1326|1557|1820|1944|15 Şaban 1448
20270124|0651|0820|1326|1558|1821|1945|16 Şaban 1448
20270125|0651|0820|1326|1559|1823|1946|17 Şaban 1448
20270126|0650|0819|1326|1600|1824|1947|18 Şaban 1448
20270127|0650|0818|1327|1601|1825|1948|19 Şaban 1448
20270128|0649|0817|1327|1602|1826|1949|20 Şaban 1448
20270129|0648|0816|1327|1603|1828|1950|21 Şaban 1448
20270130|0648|0816|1327|1604|1829|1951|22 Şaban 1448
20270131|0647|0815|1327|1605|1830|1952|23 Şaban 1448
20270201|0646|0814|1327|1606|1831|1954|24 Şaban 1448
20270202|0645|0813|1328|1607|1833|1955|25 Şaban 1448
20270203|0644|0812|1328|1608|1834|1956|26 Şaban 1448
20270204|0643|0811|1328|1609|1835|1957|27 Şaban 1448
20270205|0643|0810|1328|1610|1836|1958|28 Şaban 1448
20270206|0642|0808|1328|1611|1838|1959|29 Şaban 1448
20270207|0641|0807|1328|1613|1839|2000|30 Şaban 1448
20270208|0640|0806|1328|1614|1840|2001|1 Ramazan 1448
20270209|0639|0805|1328|1615|1841|2002|2 Ramazan 1448
20270210|0638|0804|1328|1616|1843|2004|3 Ramazan 1448
20270211|0636|0803|1328|1616|1844|2005|4 Ramazan 1448
20270212|0635|0801|1328|1617|1845|2006|5 Ramazan 1448
20270213|0634|0800|1328|1618|1846|2007|6 Ramazan 1448
20270214|0633|0759|1328|1619|1848|2008|7 Ramazan 1448
20270215|0632|0758|1328|1620|1849|2009|8 Ramazan 1448
20270216|0631|0756|1328|1621|1850|2010|9 Ramazan 1448
20270217|0629|0755|1328|1622|1851|2011|10 Ramazan 1448
20270218|0628|0753|1328|1623|1852|2012|11 Ramazan 1448
20270219|0627|0752|1328|1624|1854|2014|12 Ramazan 1448
20270220|0626|0751|1328|1625|1855|2015|13 Ramazan 1448
20270221|0624|0749|1328|1626|1856|2016|14 Ramazan 1448
20270222|0623|0748|1328|1627|1857|2017|15 Ramazan 1448
20270223|0621|0746|1327|1628|1858|2018|16 Ramazan 1448
20270224|0620|0745|1327|1628|1900|2019|17 Ramazan 1448
20270225|0619|0743|1327|1629|1901|2020|18 Ramazan 1448
20270226|0617|0742|1327|1630|1902|2021|19 Ramazan 1448
20270227|0616|0740|1327|1631|1903|2023|20 Ramazan 1448
20270228|0614|0739|1327|1632|1904|2024|21 Ramazan 1448
20270301|0613|0737|1326|1632|1906|2025|22 Ramazan 1448
20270302|0611|0736|1326|1633|1907|2026|23 Ramazan 1448
20270303|0610|0734|1326|1634|1908|2027|24 Ramazan 1448
20270304|0608|0733|1326|1635|1909|2028|25 Ramazan 1448
20270305|0607|0731|1326|1635|1910|2029|26 Ramazan 1448
20270306|0605|0729|1325|1636|1911|2031|27 Ramazan 1448
20270307|0603|0728|1325|1637|1912|2032|28 Ramazan 1448
20270308|0602|0726|1325|1638|1914|2033|29 Ramazan 1448
20270309|0600|0725|1325|1638|1915|2034|1 Şevval 1448
20270310|0558|0723|1324|1639|1916|2035|2 Şevval 1448
20270311|0557|0721|1324|1640|1917|2036|3 Şevval 1448
20270312|0555|0720|1324|1640|1918|2037|4 Şevval 1448
20270313|0553|0718|1324|1641|1919|2039|5 Şevval 1448
20270314|0552|0716|1323|1642|1920|2040|6 Şevval 1448
20270315|0550|0715|1323|1642|1921|2041|7 Şevval 1448
20270316|0548|0713|1323|1643|1923|2042|8 Şevval 1448
20270317|0546|0711|1323|1643|1924|2043|9 Şevval 1448
20270318|0545|0710|1322|1644|1925|2044|10 Şevval 1448
20270319|0543|0708|1322|1645|1926|2046|11 Şevval 1448
20270320|0541|0706|1322|1645|1927|2047|12 Şevval 1448
20270321|0539|0705|1321|1646|1928|2048|13 Şevval 1448
20270322|0537|0703|1321|1646|1929|2049|14 Şevval 1448
20270323|0535|0701|1321|1647|1930|2051|15 Şevval 1448
20270324|0534|0700|1320|1647|1931|2052|16 Şevval 1448
20270325|0532|0658|1320|1648|1932|2053|17 Şevval 1448
20270326|0530|0656|1320|1648|1933|2054|18 Şevval 1448
20270327|0528|0655|1320|1649|1935|2055|19 Şevval 1448
20270328|0526|0653|1319|1649|1936|2057|20 Şevval 1448
20270329|0524|0651|1319|1650|1937|2058|21 Şevval 1448
20270330|0522|0650|1319|1650|1938|2059|22 Şevval 1448
20270331|0521|0648|1318|1651|1939|2100|23 Şevval 1448
20270401|0519|0646|1318|1651|1940|2102|24 Şevval 1448
20270402|0517|0645|1318|1652|1941|2103|25 Şevval 1448
20270403|0515|0643|1317|1652|1942|2104|26 Şevval 1448
20270404|0513|0641|1317|1652|1943|2106|27 Şevval 1448
20270405|0511|0640|1317|1653|1944|2107|28 Şevval 1448
20270406|0509|0638|1317|1653|1945|2108|29 Şevval 1448
20270407|0507|0636|1316|1654|1946|2110|30 Şevval 1448
20270408|0505|0635|1316|1654|1947|2111|1 Zilkade 1448
20270409|0503|0633|1316|1654|1948|2112|2 Zilkade 1448
20270410|0501|0632|1315|1655|1950|2114|3 Zilkade 1448
20270411|0459|0630|1315|1655|1951|2115|4 Zilkade 1448
20270412|0457|0628|1315|1656|1952|2116|5 Zilkade 1448
20270413|0456|0627|1315|1656|1953|2118|6 Zilkade 1448
20270414|0454|0625|1314|1656|1954|2119|7 Zilkade 1448
20270415|0452|0624|1314|1657|1955|2121|8 Zilkade 1448
20270416|0450|0622|1314|1657|1956|2122|9 Zilkade 1448
20270417|0448|0620|1314|1657|1957|2123|10 Zilkade 1448
20270418|0446|0619|1313|1658|1958|2125|11 Zilkade 1448
20270419|0444|0617|1313|1658|1959|2126|12 Zilkade 1448
20270420|0442|0616|1313|1658|2000|2128|13 Zilkade 1448
20270421|0440|0614|1313|1659|2001|2129|14 Zilkade 1448
20270422|0438|0613|1313|1659|2002|2131|15 Zilkade 1448
20270423|0436|0611|1312|1659|2003|2132|16 Zilkade 1448
20270424|0434|0610|1312|1700|2005|2134|17 Zilkade 1448
20270425|0433|0609|1312|1700|2006|2135|18 Zilkade 1448
20270426|0431|0607|1312|1700|2007|2137|19 Zilkade 1448
20270427|0429|0606|1312|1701|2008|2138|20 Zilkade 1448
20270428|0427|0604|1312|1701|2009|2140|21 Zilkade 1448
20270429|0425|0603|1311|1701|2010|2141|22 Zilkade 1448
20270430|0423|0602|1311|1701|2011|2143|23 Zilkade 1448
20270501|0421|0600|1311|1702|2012|2144|24 Zilkade 1448
20270502|0420|0559|1311|1702|2013|2146|25 Zilkade 1448
20270503|0418|0558|1311|1702|2014|2147|26 Zilkade 1448
20270504|0416|0557|1311|1703|2015|2149|27 Zilkade 1448
20270505|0414|0555|1311|1703|2016|2150|28 Zilkade 1448
20270506|0412|0554|1311|1703|2017|2152|29 Zilkade 1448
20270507|0411|0553|1311|1704|2018|2153|1 Zilhicce 1448
20270508|0409|0552|1311|1704|2019|2155|2 Zilhicce 1448
20270509|0407|0551|1310|1704|2020|2156|3 Zilhicce 1448
20270510|0406|0549|1310|1704|2021|2158|4 Zilhicce 1448
20270511|0404|0548|1310|1705|2022|2200|5 Zilhicce 1448
20270512|0402|0547|1310|1705|2023|2201|6 Zilhicce 1448
20270513|0401|0546|1310|1705|2025|2203|7 Zilhicce 1448
20270514|0359|0545|1310|1706|2026|2204|8 Zilhicce 1448
20270515|0357|0544|1310|1706|2027|2206|9 Zilhicce 1448
20270516|0356|0543|1310|1706|2028|2207|10 Zilhicce 1448
20270517|0354|0542|1310|1706|2028|2209|11 Zilhicce 1448
20270518|0353|0541|1310|1707|2029|2210|12 Zilhicce 1448
20270519|0351|0541|1310|1707|2030|2212|13 Zilhicce 1448
20270520|0350|0540|1311|1707|2031|2213|14 Zilhicce 1448
20270521|0349|0539|1311|1708|2032|2215|15 Zilhicce 1448
20270522|0347|0538|1311|1708|2033|2216|16 Zilhicce 1448
20270523|0346|0537|1311|1708|2034|2217|17 Zilhicce 1448
20270524|0344|0537|1311|1708|2035|2219|18 Zilhicce 1448
20270525|0343|0536|1311|1709|2036|2220|19 Zilhicce 1448
20270526|0342|0535|1311|1709|2037|2222|20 Zilhicce 1448
20270527|0341|0535|1311|1709|2038|2223|21 Zilhicce 1448
20270528|0340|0534|1311|1710|2039|2224|22 Zilhicce 1448
20270529|0339|0533|1311|1710|2039|2225|23 Zilhicce 1448
20270530|0337|0533|1311|1710|2040|2227|24 Zilhicce 1448
20270531|0336|0532|1312|1710|2041|2228|25 Zilhicce 1448
20270601|0336|0532|1312|1711|2042|2229|26 Zilhicce 1448
20270602|0335|0531|1312|1711|2042|2230|27 Zilhicce 1448
20270603|0334|0531|1312|1711|2043|2232|28 Zilhicce 1448
20270604|0333|0531|1312|1712|2044|2233|29 Zilhicce 1448
20270605|0332|0530|1312|1712|2045|2234|30 Zilhicce 1448
20270606|0331|0530|1313|1712|2045|2235|1 Muharrem 1449
20270607|0331|0530|1313|1712|2046|2236|2 Muharrem 1449
20270608|0330|0529|1313|1713|2047|2237|3 Muharrem 1449
20270609|0330|0529|1313|1713|2047|2238|4 Muharrem 1449
20270610|0329|0529|1313|1713|2048|2238|5 Muharrem 1449
20270611|0329|0529|1314|1714|2048|2239|6 Muharrem 1449
20270612|0328|0529|1314|1714|2049|2240|7 Muharrem 1449
20270613|0328|0529|1314|1714|2049|2241|8 Muharrem 1449
20270614|0328|0529|1314|1714|2050|2241|9 Muharrem 1449
20270615|0327|0529|1314|1715|2050|2242|10 Muharrem 1449
20270616|0327|0529|1315|1715|2051|2242|11 Muharrem 1449
20270617|0327|0529|1315|1715|2051|2243|12 Muharrem 1449
20270618|0327|0529|1315|1715|2051|2243|13 Muharrem 1449
20270619|0327|0529|1315|1716|2052|2244|14 Muharrem 1449
20270620|0327|0529|1315|1716|2052|2244|15 Muharrem 1449
20270621|0327|0529|1316|1716|2052|2244|16 Muharrem 1449
20270622|0328|0529|1316|1716|2052|2245|17 Muharrem 1449
20270623|0328|0530|1316|1716|2053|2245|18 Muharrem 1449
20270624|0328|0530|1316|1717|2053|2245|19 Muharrem 1449
20270625|0329|0530|1317|1717|2053|2245|20 Muharrem 1449
20270626|0329|0531|1317|1717|2053|2245|21 Muharrem 1449
20270627|0330|0531|1317|1717|2053|2245|22 Muharrem 1449
20270628|0330|0531|1317|1717|2053|2245|23 Muharrem 1449
20270629|0331|0532|1317|1718|2053|2245|24 Muharrem 1449
20270630|0331|0532|1318|1718|2053|2244|25 Muharrem 1449
20270701|0332|0533|1318|1718|2053|2244|26 Muharrem 1449
20270702|0333|0533|1318|1718|2053|2244|27 Muharrem 1449
20270703|0334|0534|1318|1718|2053|2243|28 Muharrem 1449
20270704|0335|0534|1318|1718|2052|2243|29 Muharrem 1449
20270705|0336|0535|1319|1718|2052|2242|1 Safer 1449
20270706|0336|0535|1319|1718|2052|2242|2 Safer 1449
20270707|0337|0536|1319|1718|2052|2241|3 Safer 1449
20270708|0339|0537|1319|1719|2051|2240|4 Safer 1449
20270709|0340|0537|1319|1719|2051|2240|5 Safer 1449
20270710|0341|0538|1319|1719|2051|2239|6 Safer 1449
20270711|0342|0539|1319|1719|2050|2238|7 Safer 1449
20270712|0343|0539|1320|1719|2050|2237|8 Safer 1449
20270713|0344|0540|1320|1719|2049|2236|9 Safer 1449
20270714|0346|0541|1320|1719|2049|2235|10 Safer 1449
20270715|0347|0542|1320|1719|2048|2234|11 Safer 1449
20270716|0348|0543|1320|1718|2048|2233|12 Safer 1449
20270717|0350|0543|1320|1718|2047|2232|13 Safer 1449
20270718|0351|0544|1320|1718|2046|2231|14 Safer 1449
20270719|0352|0545|1320|1718|2046|2230|15 Safer 1449
20270720|0354|0546|1320|1718|2045|2229|16 Safer 1449
20270721|0355|0547|1320|1718|2044|2227|17 Safer 1449
20270722|0357|0548|1320|1718|2043|2226|18 Safer 1449
20270723|0358|0549|1321|1718|2043|2225|19 Safer 1449
20270724|0359|0549|1321|1717|2042|2224|20 Safer 1449
20270725|0401|0550|1321|1717|2041|2222|21 Safer 1449
20270726|0402|0551|1321|1717|2040|2221|22 Safer 1449
20270727|0404|0552|1321|1717|2039|2219|23 Safer 1449
20270728|0405|0553|1321|1716|2038|2218|24 Safer 1449
20270729|0407|0554|1321|1716|2037|2216|25 Safer 1449
20270730|0409|0555|1320|1716|2036|2215|26 Safer 1449
20270731|0410|0556|1320|1715|2035|2213|27 Safer 1449
20270801|0412|0557|1320|1715|2034|2212|28 Safer 1449
20270802|0413|0558|1320|1715|2033|2210|29 Safer 1449
20270803|0415|0559|1320|1714|2032|2208|1 Rebiulevvel 1449
20270804|0416|0600|1320|1714|2031|2207|2 Rebiulevvel 1449
20270805|0418|0601|1320|1713|2029|2205|3 Rebiulevvel 1449
20270806|0419|0602|1320|1713|2028|2203|4 Rebiulevvel 1449
20270807|0421|0603|1320|1713|2027|2202|5 Rebiulevvel 1449
20270808|0422|0604|1320|1712|2026|2200|6 Rebiulevvel 1449
20270809|0424|0605|1320|1712|2024|2158|7 Rebiulevvel 1449
20270810|0425|0606|1319|1711|2023|2157|8 Rebiulevvel 1449
20270811|0427|0607|1319|1711|2022|2155|9 Rebiulevvel 1449
20270812|0428|0608|1319|1710|2021|2153|10 Rebiulevvel 1449
20270813|0430|0609|1319|1709|2019|2151|11 Rebiulevvel 1449
20270814|0432|0610|1319|1709|2018|2149|12 Rebiulevvel 1449
20270815|0433|0611|1319|1708|2016|2148|13 Rebiulevvel 1449
20270816|0435|0612|1318|1707|2015|2146|14 Rebiulevvel 1449
20270817|0436|0613|1318|1707|2014|2144|15 Rebiulevvel 1449
20270818|0437|0614|1318|1706|2012|2142|16 Rebiulevvel 1449
20270819|0439|0615|1318|1705|2011|2140|17 Rebiulevvel 1449
20270820|0440|0616|1318|1705|2009|2138|18 Rebiulevvel 1449
20270821|0442|0617|1317|1704|2008|2136|19 Rebiulevvel 1449
20270822|0443|0618|1317|1703|2006|2134|20 Rebiulevvel 1449
20270823|0445|0619|1317|1702|2005|2133|21 Rebiulevvel 1449
20270824|0446|0620|1317|1702|2003|2131|22 Rebiulevvel 1449
20270825|0448|0621|1316|1701|2002|2129|23 Rebiulevvel 1449
20270826|0449|0622|1316|1700|2000|2127|24 Rebiulevvel 1449
20270827|0450|0623|1316|1659|1959|2125|25 Rebiulevvel 1449
20270828|0452|0624|1315|1658|1957|2123|26 Rebiulevvel 1449
20270829|0453|0625|1315|1657|1955|2121|27 Rebiulevvel 1449
20270830|0454|0626|1315|1657|1954|2119|28 Rebiulevvel 1449
20270831|0456|0627|1315|1656|1952|2117|29 Rebiulevvel 1449
20270901|0457|0628|1314|1655|1951|2115|30 Rebiulevvel 1449
20270902|0458|0629|1314|1654|1949|2113|1 Rebiulahir 1449
20270903|0500|0630|1314|1653|1947|2111|2 Rebiulahir 1449
20270904|0501|0631|1313|1652|1946|2110|3 Rebiulahir 1449
20270905|0502|0632|1313|1651|1944|2108|4 Rebiulahir 1449
20270906|0504|0633|1313|1650|1942|2106|5 Rebiulahir 1449
20270907|0505|0634|1312|1649|1941|2104|6 Rebiulahir 1449
20270908|0506|0635|1312|1648|1939|2102|7 Rebiulahir 1449
20270909|0507|0636|1312|1647|1937|2100|8 Rebiulahir 1449
20270910|0509|0637|1311|1646|1936|2058|9 Rebiulahir 1449
20270911|0510|0638|1311|1645|1934|2056|10 Rebiulahir 1449
20270912|0511|0639|1311|1644|1932|2054|11 Rebiulahir 1449
20270913|0512|0640|1310|1642|1931|2052|12 Rebiulahir 1449
20270914|0514|0641|1310|1641|1929|2050|13 Rebiulahir 1449
20270915|0515|0642|1309|1640|1927|2048|14 Rebiulahir 1449
20270916|0516|0643|1309|1639|1925|2047|15 Rebiulahir 1449
20270917|0517|0644|1309|1638|1924|2045|16 Rebiulahir 1449
20270918|0518|0645|1308|1637|1922|2043|17 Rebiulahir 1449
20270919|0520|0646|1308|1636|1920|2041|18 Rebiulahir 1449
20270920|0521|0647|1308|1635|1919|2039|19 Rebiulahir 1449
20270921|0522|0648|1307|1633|1917|2037|20 Rebiulahir 1449
20270922|0523|0649|1307|1632|1915|2035|21 Rebiulahir 1449
20270923|0524|0650|1307|1631|1913|2033|22 Rebiulahir 1449
20270924|0525|0651|1306|1630|1912|2032|23 Rebiulahir 1449
20270925|0527|0652|1306|1629|1910|2030|24 Rebiulahir 1449
20270926|0528|0653|1306|1627|1908|2028|25 Rebiulahir 1449
20270927|0529|0654|1305|1626|1907|2026|26 Rebiulahir 1449
20270928|0530|0655|1305|1625|1905|2024|27 Rebiulahir 1449
20270929|0531|0656|1305|1624|1903|2023|28 Rebiulahir 1449
20270930|0532|0657|1304|1623|1901|2021|29 Rebiulahir 1449
20271001|0533|0658|1304|1621|1900|2019|1 Cemaziyelevvel 1449
20271002|0534|0659|1304|1620|1858|2017|2 Cemaziyelevvel 1449
20271003|0535|0700|1303|1619|1856|2016|3 Cemaziyelevvel 1449
20271004|0537|0701|1303|1618|1855|2014|4 Cemaziyelevvel 1449
20271005|0538|0702|1303|1617|1853|2012|5 Cemaziyelevvel 1449
20271006|0539|0703|1302|1615|1851|2011|6 Cemaziyelevvel 1449
20271007|0540|0704|1302|1614|1850|2009|7 Cemaziyelevvel 1449
20271008|0541|0705|1302|1613|1848|2007|8 Cemaziyelevvel 1449
20271009|0542|0706|1301|1612|1846|2006|9 Cemaziyelevvel 1449
20271010|0543|0708|1301|1610|1845|2004|10 Cemaziyelevvel 1449
20271011|0544|0709|1301|1609|1843|2002|11 Cemaziyelevvel 1449
20271012|0545|0710|1301|1608|1842|2001|12 Cemaziyelevvel 1449
20271013|0546|0711|1300|1607|1840|1959|13 Cemaziyelevvel 1449
20271014|0547|0712|1300|1606|1838|1958|14 Cemaziyelevvel 1449
20271015|0548|0713|1300|1604|1837|1956|15 Cemaziyelevvel 1449
20271016|0549|0714|1300|1603|1835|1955|16 Cemaziyelevvel 1449
20271017|0550|0715|1259|1602|1834|1953|17 Cemaziyelevvel 1449
20271018|0552|0716|1259|1601|1832|1952|18 Cemaziyelevvel 1449
20271019|0553|0717|1259|1600|1831|1950|19 Cemaziyelevvel 1449
20271020|0554|0719|1259|1559|1829|1949|20 Cemaziyelevvel 1449
20271021|0555|0720|1259|1557|1828|1948|21 Cemaziyelevvel 1449
20271022|0556|0721|1259|1556|1826|1946|22 Cemaziyelevvel 1449
20271023|0557|0722|1258|1555|1825|1945|23 Cemaziyelevvel 1449
20271024|0558|0723|1258|1554|1823|1943|24 Cemaziyelevvel 1449
20271025|0559|0724|1258|1553|1822|1942|25 Cemaziyelevvel 1449
20271026|0600|0725|1258|1552|1821|1941|26 Cemaziyelevvel 1449
20271027|0601|0727|1258|1551|1819|1940|27 Cemaziyelevvel 1449
20271028|0602|0728|1258|1550|1818|1938|28 Cemaziyelevvel 1449
20271029|0603|0729|1258|1549|1817|1937|29 Cemaziyelevvel 1449
20271030|0604|0730|1258|1548|1815|1936|30 Cemaziyelevvel 1449
20271031|0605|0731|1258|1547|1814|1935|1 Cemaziyelahir 1449
20271101|0606|0732|1258|1546|1813|1934|2 Cemaziyelahir 1449
20271102|0607|0734|1258|1545|1812|1933|3 Cemaziyelahir 1449
20271103|0608|0735|1258|1544|1810|1931|4 Cemaziyelahir 1449
20271104|0609|0736|1258|1543|1809|1930|5 Cemaziyelahir 1449
20271105|0610|0737|1258|1542|1808|1929|6 Cemaziyelahir 1449
20271106|0611|0738|1258|1541|1807|1928|7 Cemaziyelahir 1449
20271107|0613|0740|1258|1540|1806|1927|8 Cemaziyelahir 1449
20271108|0614|0741|1258|1539|1805|1926|9 Cemaziyelahir 1449
20271109|0615|0742|1258|1538|1804|1926|10 Cemaziyelahir 1449
20271110|0616|0743|1258|1537|1802|1925|11 Cemaziyelahir 1449
20271111|0617|0744|1258|1537|1801|1924|12 Cemaziyelahir 1449
20271112|0618|0746|1258|1536|1800|1923|13 Cemaziyelahir 1449
20271113|0619|0747|1258|1535|1800|1922|14 Cemaziyelahir 1449
20271114|0620|0748|1258|1534|1759|1921|15 Cemaziyelahir 1449
20271115|0621|0749|1258|1534|1758|1921|16 Cemaziyelahir 1449
20271116|0622|0750|1259|1533|1757|1920|17 Cemaziyelahir 1449
20271117|0623|0752|1259|1532|1756|1919|18 Cemaziyelahir 1449
20271118|0624|0753|1259|1532|1755|1919|19 Cemaziyelahir 1449
20271119|0625|0754|1259|1531|1754|1918|20 Cemaziyelahir 1449
20271120|0626|0755|1259|1531|1754|1918|21 Cemaziyelahir 1449
20271121|0627|0756|1300|1530|1753|1917|22 Cemaziyelahir 1449
20271122|0628|0757|1300|1530|1752|1917|23 Cemaziyelahir 1449
20271123|0629|0759|1300|1529|1752|1916|24 Cemaziyelahir 1449
20271124|0630|0800|1300|1529|1751|1916|25 Cemaziyelahir 1449
20271125|0631|0801|1301|1528|1751|1915|26 Cemaziyelahir 1449
20271126|0632|0802|1301|1528|1750|1915|27 Cemaziyelahir 1449
20271127|0633|0803|1301|1527|1750|1915|28 Cemaziyelahir 1449
20271128|0634|0804|1302|1527|1749|1914|29 Cemaziyelahir 1449
20271129|0635|0805|1302|1527|1749|1914|1 Recep 1449
20271130|0635|0806|1302|1527|1748|1914|2 Recep 1449
20271201|0636|0807|1303|1526|1748|1914|3 Recep 1449
20271202|0637|0808|1303|1526|1748|1914|4 Recep 1449
20271203|0638|0809|1303|1526|1748|1913|5 Recep 1449
20271204|0639|0810|1304|1526|1747|1913|6 Recep 1449
20271205|0640|0811|1304|1526|1747|1913|7 Recep 1449
20271206|0641|0812|1305|1526|1747|1913|8 Recep 1449
20271207|0642|0813|1305|1526|1747|1913|9 Recep 1449
20271208|0642|0814|1306|1526|1747|1913|10 Recep 1449
20271209|0643|0815|1306|1526|1747|1913|11 Recep 1449
20271210|0644|0816|1306|1526|1747|1913|12 Recep 1449
20271211|0645|0817|1307|1526|1747|1914|13 Recep 1449
20271212|0645|0818|1307|1526|1747|1914|14 Recep 1449
20271213|0646|0818|1308|1526|1747|1914|15 Recep 1449
20271214|0647|0819|1308|1527|1747|1914|16 Recep 1449
20271215|0647|0820|1309|1527|1748|1915|17 Recep 1449
20271216|0648|0821|1309|1527|1748|1915|18 Recep 1449
20271217|0649|0821|1310|1528|1748|1915|19 Recep 1449
20271218|0649|0822|1310|1528|1748|1916|20 Recep 1449
20271219|0650|0823|1311|1528|1749|1916|21 Recep 1449
20271220|0651|0823|1311|1529|1749|1916|22 Recep 1449
20271221|0651|0824|1312|1529|1750|1917|23 Recep 1449
20271222|0652|0824|1312|1530|1750|1917|24 Recep 1449
20271223|0652|0825|1313|1530|1751|1918|25 Recep 1449
20271224|0653|0825|1313|1531|1751|1918|26 Recep 1449
20271225|0653|0826|1314|1531|1752|1919|27 Recep 1449
20271226|0653|0826|1314|1532|1752|1919|28 Recep 1449
20271227|0654|0826|1315|1532|1753|1920|29 Recep 1449
20271228|0654|0827|1315|1533|1754|1921|30 Recep 1449
20271229|0654|0827|1316|1534|1754|1921|1 Şaban 1449
20271230|0655|0827|1316|1535|1755|1922|2 Şaban 1449
20271231|0655|0827|1317|1535|1756|1923|3 Şaban 1449
#@17905|Kapaklı|TEKIRDAG|396
20261003|0535|0700|1302|1618|1855|2014|22 Rebiulahir 1448
20261004|0536|0701|1302|1616|1853|2013|23 Rebiulahir 1448
20261005|0537|0702|1302|1615|1852|2011|24 Rebiulahir 1448
20261006|0538|0703|1301|1614|1850|2009|25 Rebiulahir 1448
20261007|0539|0704|1301|1613|1848|2008|26 Rebiulahir 1448
20261008|0540|0705|1301|1612|1847|2006|27 Rebiulahir 1448
20261009|0541|0706|1300|1610|1845|2004|28 Rebiulahir 1448
20261010|0542|0707|1300|1609|1843|2003|29 Rebiulahir 1448
20261011|0543|0708|1300|1608|1842|2001|30 Rebiulahir 1448
20261012|0544|0709|1300|1607|1840|2000|1 Cemaziyelevvel 1448
20261013|0546|0710|1259|1605|1839|1958|2 Cemaziyelevvel 1448
20261014|0547|0711|1259|1604|1837|1957|3 Cemaziyelevvel 1448
20261015|0548|0712|1259|1603|1836|1955|4 Cemaziyelevvel 1448
20261016|0549|0714|1259|1602|1834|1954|5 Cemaziyelevvel 1448
20261017|0550|0715|1259|1601|1832|1952|6 Cemaziyelevvel 1448
20261018|0551|0716|1258|1600|1831|1951|7 Cemaziyelevvel 1448
20261019|0552|0717|1258|1558|1829|1949|8 Cemaziyelevvel 1448
20261020|0553|0718|1258|1557|1828|1948|9 Cemaziyelevvel 1448
20261021|0554|0719|1258|1556|1826|1946|10 Cemaziyelevvel 1448
20261022|0555|0720|1258|1555|1825|1945|11 Cemaziyelevvel 1448
20261023|0556|0722|1257|1554|1824|1944|12 Cemaziyelevvel 1448
20261024|0557|0723|1257|1553|1822|1942|13 Cemaziyelevvel 1448
20261025|0558|0724|1257|1552|1821|1941|14 Cemaziyelevvel 1448
20261026|0559|0725|1257|1550|1819|1940|15 Cemaziyelevvel 1448
20261027|0600|0726|1257|1549|1818|1938|16 Cemaziyelevvel 1448
20261028|0601|0727|1257|1548|1817|1937|17 Cemaziyelevvel 1448
20261029|0602|0729|1257|1547|1815|1936|18 Cemaziyelevvel 1448
20261030|0604|0730|1257|1546|1814|1935|19 Cemaziyelevvel 1448
20261031|0605|0731|1257|1545|1813|1934|20 Cemaziyelevvel 1448
20261101|0606|0732|1257|1544|1811|1932|21 Cemaziyelevvel 1448
20261102|0607|0733|1257|1543|1810|1931|22 Cemaziyelevvel 1448
20270101|0655|0827|1316|1535|1756|1923|23 Recep 1448
20270102|0655|0827|1317|1536|1757|1923|24 Recep 1448
20270103|0655|0827|1317|1536|1757|1924|25 Recep 1448
20270104|0655|0827|1318|1537|1758|1925|26 Recep 1448
20270105|0655|0827|1318|1538|1759|1926|27 Recep 1448
20270106|0655|0827|1319|1539|1800|1927|28 Recep 1448
20270107|0655|0827|1319|1540|1801|1927|29 Recep 1448
20270108|0655|0827|1319|1541|1802|1928|30 Recep 1448
20270109|0655|0827|1320|1542|1803|1929|1 Şaban 1448
20270110|0655|0827|1320|1543|1804|1930|2 Şaban 1448
20270111|0655|0826|1321|1544|1805|1931|3 Şaban 1448
20270112|0655|0826|1321|1545|1806|1932|4 Şaban 1448
20270113|0655|0826|1322|1545|1807|1933|5 Şaban 1448
20270114|0654|0825|1322|1546|1808|1934|6 Şaban 1448
20270115|0654|0825|1322|1547|1810|1935|7 Şaban 1448
20270116|0654|0825|1323|1548|1811|1936|8 Şaban 1448
20270117|0654|0824|1323|1549|1812|1937|9 Şaban 1448
20270118|0653|0824|1323|1550|1813|1938|10 Şaban 1448
20270119|0653|0823|1324|1552|1814|1939|11 Şaban 1448
20270120|0653|0823|1324|1553|1815|1940|12 Şaban 1448
20270121|0652|0822|1324|1554|1817|1941|13 Şaban 1448
20270122|0652|0821|1324|1555|1818|1942|14 Şaban 1448
20270123|0651|0821|1325|1556|1819|1943|15 Şaban 1448
20270124|0651|0820|1325|1557|1820|1944|16 Şaban 1448
20270125|0650|0819|1325|1558|1821|1945|17 Şaban 1448
20270126|0649|0818|1325|1559|1823|1946|18 Şaban 1448
20270127|0649|0818|1326|1600|1824|1947|19 Şaban 1448
20270128|0648|0817|1326|1601|1825|1948|20 Şaban 1448
20270129|0647|0816|1326|1602|1826|1949|21 Şaban 1448
20270130|0647|0815|1326|1603|1828|1950|22 Şaban 1448
20270131|0646|0814|1326|1604|1829|1952|23 Şaban 1448
20270201|0645|0813|1327|1605|1830|1953|24 Şaban 1448
20270202|0644|0812|1327|1606|1831|1954|25 Şaban 1448
20270203|0643|0811|1327|1607|1833|1955|26 Şaban 1448
20270204|0643|0810|1327|1608|1834|1956|27 Şaban 1448
20270205|0642|0809|1327|1609|1835|1957|28 Şaban 1448
20270206|0641|0808|1327|1610|1836|1958|29 Şaban 1448
20270207|0640|0807|1327|1611|1838|1959|30 Şaban 1448
20270208|0639|0806|1327|1612|1839|2000|1 Ramazan 1448
20270209|0638|0804|1327|1613|1840|2001|2 Ramazan 1448
20270210|0637|0803|1327|1614|1841|2003|3 Ramazan 1448
20270211|0636|0802|1327|1615|1843|2004|4 Ramazan 1448
20270212|0634|0801|1327|1616|1844|2005|5 Ramazan 1448
20270213|0633|0759|1327|1617|1845|2006|6 Ramazan 1448
20270214|0632|0758|1327|1618|1846|2007|7 Ramazan 1448
20270215|0631|0757|1327|1619|1848|2008|8 Ramazan 1448
20270216|0630|0755|1327|1620|1849|2009|9 Ramazan 1448
20270217|0629|0754|1327|1621|1850|2010|10 Ramazan 1448
20270218|0627|0753|1327|1622|1851|2012|11 Ramazan 1448
20270219|0626|0751|1327|1623|1853|2013|12 Ramazan 1448
20270220|0625|0750|1327|1624|1854|2014|13 Ramazan 1448
20270221|0623|0749|1327|1625|1855|2015|14 Ramazan 1448
20270222|0622|0747|1327|1626|1856|2016|15 Ramazan 1448
20270223|0621|0746|1327|1626|1857|2017|16 Ramazan 1448
20270224|0619|0744|1326|1627|1859|2018|17 Ramazan 1448
20270225|0618|0743|1326|1628|1900|2019|18 Ramazan 1448
20270226|0616|0741|1326|1629|1901|2021|19 Ramazan 1448
20270227|0615|0740|1326|1630|1902|2022|20 Ramazan 1448
20270228|0613|0738|1326|1631|1903|2023|21 Ramazan 1448
20270301|0612|0737|1326|1631|1905|2024|22 Ramazan 1448
20270302|0610|0735|1325|1632|1906|2025|23 Ramazan 1448
20270303|0609|0733|1325|1633|1907|2026|24 Ramazan 1448
20270304|0607|0732|1325|1634|1908|2027|25 Ramazan 1448
20270305|0606|0730|1325|1634|1909|2029|26 Ramazan 1448
20270306|0604|0729|1325|1635|1910|2030|27 Ramazan 1448
20270307|0602|0727|1324|1636|1912|2031|28 Ramazan 1448
20270308|0601|0725|1324|1637|1913|2032|29 Ramazan 1448
20270309|0559|0724|1324|1637|1914|2033|1 Şevval 1448
20270310|0557|0722|1324|1638|1915|2034|2 Şevval 1448
20270311|0556|0721|1323|1639|1916|2035|3 Şevval 1448
20270312|0554|0719|1323|1639|1917|2037|4 Şevval 1448
20270313|0552|0717|1323|1640|1918|2038|5 Şevval 1448
20270314|0551|0716|1322|1641|1919|2039|6 Şevval 1448
20270315|0549|0714|1322|1641|1921|2040|7 Şevval 1448
20270316|0547|0712|1322|1642|1922|2041|8 Şevval 1448
20270317|0545|0711|1322|1642|1923|2043|9 Şevval 1448
20270318|0543|0709|1321|1643|1924|2044|10 Şevval 1448
20270319|0542|0707|1321|1644|1925|2045|11 Şevval 1448
20270320|0540|0706|1321|1644|1926|2046|12 Şevval 1448
20270321|0538|0704|1320|1645|1927|2047|13 Şevval 1448
20270322|0536|0702|1320|1645|1928|2049|14 Şevval 1448
20270323|0534|0700|1320|1646|1929|2050|15 Şevval 1448
20270324|0533|0659|1320|1646|1930|2051|16 Şevval 1448
20270325|0531|0657|1319|1647|1932|2052|17 Şevval 1448
20270326|0529|0655|1319|1647|1933|2054|18 Şevval 1448
20270327|0527|0654|1319|1648|1934|2055|19 Şevval 1448
20270328|0525|0652|1318|1648|1935|2056|20 Şevval 1448
20270329|0523|0650|1318|1649|1936|2057|21 Şevval 1448
20270330|0521|0649|1318|1649|1937|2059|22 Şevval 1448
20270331|0519|0647|1317|1650|1938|2100|23 Şevval 1448
20270401|0517|0645|1317|1650|1939|2101|24 Şevval 1448
20270402|0516|0644|1317|1651|1940|2102|25 Şevval 1448
20270403|0514|0642|1317|1651|1941|2104|26 Şevval 1448
20270404|0512|0640|1316|1652|1942|2105|27 Şevval 1448
20270405|0510|0639|1316|1652|1943|2106|28 Şevval 1448
20270406|0508|0637|1316|1652|1944|2108|29 Şevval 1448
20270407|0506|0635|1315|1653|1946|2109|30 Şevval 1448
20270408|0504|0634|1315|1653|1947|2110|1 Zilkade 1448
20270409|0502|0632|1315|1654|1948|2112|2 Zilkade 1448
20270410|0500|0630|1315|1654|1949|2113|3 Zilkade 1448
20270411|0458|0629|1314|1654|1950|2115|4 Zilkade 1448
20270412|0456|0627|1314|1655|1951|2116|5 Zilkade 1448
20270413|0454|0626|1314|1655|1952|2117|6 Zilkade 1448
20270414|0452|0624|1314|1655|1953|2119|7 Zilkade 1448
20270415|0450|0623|1313|1656|1954|2120|8 Zilkade 1448
20270416|0448|0621|1313|1656|1955|2122|9 Zilkade 1448
20270417|0446|0619|1313|1657|1956|2123|10 Zilkade 1448
20270418|0445|0618|1313|1657|1957|2124|11 Zilkade 1448
20270419|0443|0616|1312|1657|1958|2126|12 Zilkade 1448
20270420|0441|0615|1312|1658|2000|2127|13 Zilkade 1448
20270421|0439|0613|1312|1658|2001|2129|14 Zilkade 1448
20270422|0437|0612|1312|1658|2002|2130|15 Zilkade 1448
20270423|0435|0610|1312|1659|2003|2132|16 Zilkade 1448
20270424|0433|0609|1311|1659|2004|2133|17 Zilkade 1448
20270425|0431|0608|1311|1659|2005|2135|18 Zilkade 1448
20270426|0429|0606|1311|1659|2006|2136|19 Zilkade 1448
20270427|0427|0605|1311|1700|2007|2138|20 Zilkade 1448
20270428|0425|0603|1311|1700|2008|2139|21 Zilkade 1448
20270429|0424|0602|1311|1700|2009|2141|22 Zilkade 1448
20270430|0422|0601|1310|1701|2010|2142|23 Zilkade 1448
20270501|0420|0559|1310|1701|2011|2144|24 Zilkade 1448
20270502|0418|0558|1310|1701|2012|2145|25 Zilkade 1448
20270503|0416|0557|1310|1702|2013|2147|26 Zilkade 1448
20270504|0414|0555|1310|1702|2015|2148|27 Zilkade 1448
20270505|0413|0554|1310|1702|2016|2150|28 Zilkade 1448
20270506|0411|0553|1310|1702|2017|2152|29 Zilkade 1448
20270507|0409|0552|1310|1703|2018|2153|1 Zilhicce 1448
20270508|0407|0551|1310|1703|2019|2155|2 Zilhicce 1448
20270509|0406|0549|1310|1703|2020|2156|3 Zilhicce 1448
20270510|0404|0548|1310|1704|2021|2158|4 Zilhicce 1448
20270511|0402|0547|1310|1704|2022|2159|5 Zilhicce 1448
20270512|0401|0546|1309|1704|2023|2201|6 Zilhicce 1448
20270513|0359|0545|1309|1705|2024|2202|7 Zilhicce 1448
20270514|0357|0544|1309|1705|2025|2204|8 Zilhicce 1448
20270515|0356|0543|1309|1705|2026|2205|9 Zilhicce 1448
20270516|0354|0542|1309|1705|2027|2207|10 Zilhicce 1448
20270517|0353|0541|1309|1706|2028|2208|11 Zilhicce 1448
20270518|0351|0540|1310|1706|2029|2210|12 Zilhicce 1448
20270519|0350|0539|1310|1706|2030|2211|13 Zilhicce 1448
20270520|0348|0538|1310|1707|2031|2213|14 Zilhicce 1448
20270521|0347|0538|1310|1707|2032|2214|15 Zilhicce 1448
20270522|0345|0537|1310|1707|2033|2216|16 Zilhicce 1448
20270523|0344|0536|1310|1707|2034|2217|17 Zilhicce 1448
20270524|0343|0535|1310|1708|2035|2219|18 Zilhicce 1448
20270525|0342|0535|1310|1708|2035|2220|19 Zilhicce 1448
20270526|0340|0534|1310|1708|2036|2221|20 Zilhicce 1448
20270527|0339|0533|1310|1709|2037|2223|21 Zilhicce 1448
20270528|0338|0533|1310|1709|2038|2224|22 Zilhicce 1448
20270529|0337|0532|1310|1709|2039|2225|23 Zilhicce 1448
20270530|0336|0532|1311|1710|2040|2227|24 Zilhicce 1448
20270531|0335|0531|1311|1710|2040|2228|25 Zilhicce 1448
20270601|0334|0531|1311|1710|2041|2229|26 Zilhicce 1448
20270602|0333|0530|1311|1710|2042|2230|27 Zilhicce 1448
20270603|0332|0530|1311|1711|2043|2231|28 Zilhicce 1448
20270604|0331|0529|1311|1711|2043|2233|29 Zilhicce 1448
20270605|0330|0529|1312|1711|2044|2234|30 Zilhicce 1448
20270606|0330|0529|1312|1712|2045|2235|1 Muharrem 1449
20270607|0329|0528|1312|1712|2045|2236|2 Muharrem 1449
20270608|0328|0528|1312|1712|2046|2237|3 Muharrem 1449
20270609|0328|0528|1312|1712|2047|2238|4 Muharrem 1449
20270610|0327|0528|1312|1713|2047|2238|5 Muharrem 1449
20270611|0327|0528|1313|1713|2048|2239|6 Muharrem 1449
20270612|0326|0527|1313|1713|2048|2240|7 Muharrem 1449
20270613|0326|0527|1313|1713|2049|2241|8 Muharrem 1449
20270614|0326|0527|1313|1714|2049|2241|9 Muharrem 1449
20270615|0325|0527|1313|1714|2050|2242|10 Muharrem 1449
20270616|0325|0527|1314|1714|2050|2243|11 Muharrem 1449
20270617|0325|0527|1314|1714|2050|2243|12 Muharrem 1449
20270618|0325|0527|1314|1715|2051|2243|13 Muharrem 1449
20270619|0325|0528|1314|1715|2051|2244|14 Muharrem 1449
20270620|0325|0528|1315|1715|2051|2244|15 Muharrem 1449
20270621|0325|0528|1315|1715|2052|2244|16 Muharrem 1449
20270622|0326|0528|1315|1716|2052|2245|17 Muharrem 1449
20270623|0326|0528|1315|1716|2052|2245|18 Muharrem 1449
20270624|0326|0529|1315|1716|2052|2245|19 Muharrem 1449
20270625|0327|0529|1316|1716|2052|2245|20 Muharrem 1449
20270626|0327|0529|1316|1716|2052|2245|21 Muharrem 1449
20270627|0328|0530|1316|1717|2053|2245|22 Muharrem 1449
20270628|0328|0530|1316|1717|2053|2245|23 Muharrem 1449
20270629|0329|0530|1316|1717|2053|2245|24 Muharrem 1449
20270630|0330|0531|1317|1717|2052|2244|25 Muharrem 1449
20270701|0330|0531|1317|1717|2052|2244|26 Muharrem 1449
20270702|0331|0532|1317|1717|2052|2244|27 Muharrem 1449
20270703|0332|0532|1317|1717|2052|2243|28 Muharrem 1449
20270704|0333|0533|1317|1718|2052|2243|29 Muharrem 1449
20270705|0334|0534|1318|1718|2052|2242|1 Safer 1449
20270706|0335|0534|1318|1718|2051|2242|2 Safer 1449
20270707|0336|0535|1318|1718|2051|2241|3 Safer 1449
20270708|0337|0535|1318|1718|2051|2240|4 Safer 1449
20270709|0338|0536|1318|1718|2051|2240|5 Safer 1449
20270710|0339|0537|1318|1718|2050|2239|6 Safer 1449
20270711|0340|0537|1319|1718|2050|2238|7 Safer 1449
20270712|0341|0538|1319|1718|2049|2237|8 Safer 1449
20270713|0343|0539|1319|1718|2049|2236|9 Safer 1449
20270714|0344|0540|1319|1718|2048|2235|10 Safer 1449
20270715|0345|0540|1319|1718|2048|2234|11 Safer 1449
20270716|0346|0541|1319|1718|2047|2233|12 Safer 1449
20270717|0348|0542|1319|1718|2046|2232|13 Safer 1449
20270718|0349|0543|1319|1718|2046|2231|14 Safer 1449
20270719|0351|0544|1319|1718|2045|2230|15 Safer 1449
20270720|0352|0545|1319|1717|2044|2229|16 Safer 1449
20270721|0353|0546|1320|1717|2044|2227|17 Safer 1449
20270722|0355|0546|1320|1717|2043|2226|18 Safer 1449
20270723|0356|0547|1320|1717|2042|2225|19 Safer 1449
20270724|0358|0548|1320|1717|2041|2223|20 Safer 1449
20270725|0359|0549|1320|1716|2040|2222|21 Safer 1449
20270726|0401|0550|1320|1716|2039|2221|22 Safer 1449
20270727|0402|0551|1320|1716|2038|2219|23 Safer 1449
20270728|0404|0552|1320|1716|2037|2218|24 Safer 1449
20270729|0405|0553|1320|1715|2036|2216|25 Safer 1449
20270730|0407|0554|1320|1715|2035|2215|26 Safer 1449
20270731|0409|0555|1320|1715|2034|2213|27 Safer 1449
20270801|0410|0556|1320|1714|2033|2211|28 Safer 1449
20270802|0412|0557|1319|1714|2032|2210|29 Safer 1449
20270803|0413|0558|1319|1714|2031|2208|1 Rebiulevvel 1449
20270804|0415|0559|1319|1713|2030|2207|2 Rebiulevvel 1449
20270805|0416|0600|1319|1713|2029|2205|3 Rebiulevvel 1449
20270806|0418|0601|1319|1712|2028|2203|4 Rebiulevvel 1449
20270807|0419|0602|1319|1712|2026|2201|5 Rebiulevvel 1449
20270808|0421|0603|1319|1711|2025|2200|6 Rebiulevvel 1449
20270809|0422|0604|1319|1711|2024|2158|7 Rebiulevvel 1449
20270810|0424|0605|1319|1710|2023|2156|8 Rebiulevvel 1449
20270811|0426|0606|1318|1710|2021|2154|9 Rebiulevvel 1449
20270812|0427|0607|1318|1709|2020|2153|10 Rebiulevvel 1449
20270813|0429|0608|1318|1709|2019|2151|11 Rebiulevvel 1449
20270814|0430|0609|1318|1708|2017|2149|12 Rebiulevvel 1449
20270815|0432|0610|1318|1707|2016|2147|13 Rebiulevvel 1449
20270816|0433|0611|1318|1707|2014|2145|14 Rebiulevvel 1449
20270817|0435|0612|1317|1706|2013|2143|15 Rebiulevvel 1449
20270818|0436|0613|1317|1705|2012|2142|16 Rebiulevvel 1449
20270819|0438|0614|1317|1705|2010|2140|17 Rebiulevvel 1449
20270820|0439|0615|1317|1704|2009|2138|18 Rebiulevvel 1449
20270821|0440|0616|1316|1703|2007|2136|19 Rebiulevvel 1449
20270822|0442|0617|1316|1702|2006|2134|20 Rebiulevvel 1449
20270823|0443|0618|1316|1702|2004|2132|21 Rebiulevvel 1449
20270824|0445|0619|1316|1701|2003|2130|22 Rebiulevvel 1449
20270825|0446|0620|1315|1700|2001|2128|23 Rebiulevvel 1449
20270826|0448|0621|1315|1659|1959|2126|24 Rebiulevvel 1449
20270827|0449|0622|1315|1658|1958|2124|25 Rebiulevvel 1449
20270828|0450|0623|1315|1657|1956|2123|26 Rebiulevvel 1449
20270829|0452|0624|1314|1657|1955|2121|27 Rebiulevvel 1449
20270830|0453|0625|1314|1656|1953|2119|28 Rebiulevvel 1449
20270831|0455|0626|1314|1655|1951|2117|29 Rebiulevvel 1449
20270901|0456|0627|1313|1654|1950|2115|30 Rebiulevvel 1449
20270902|0457|0628|1313|1653|1948|2113|1 Rebiulahir 1449
20270903|0459|0629|1313|1652|1947|2111|2 Rebiulahir 1449
20270904|0500|0630|1312|1651|1945|2109|3 Rebiulahir 1449
20270905|0501|0631|1312|1650|1943|2107|4 Rebiulahir 1449
20270906|0502|0632|1312|1649|1942|2105|5 Rebiulahir 1449
20270907|0504|0633|1311|1648|1940|2103|6 Rebiulahir 1449
20270908|0505|0634|1311|1647|1938|2101|7 Rebiulahir 1449
20270909|0506|0635|1311|1646|1937|2059|8 Rebiulahir 1449
20270910|0508|0636|1310|1645|1935|2057|9 Rebiulahir 1449
20270911|0509|0637|1310|1644|1933|2055|10 Rebiulahir 1449
20270912|0510|0638|1310|1643|1931|2053|11 Rebiulahir 1449
20270913|0511|0639|1309|1642|1930|2052|12 Rebiulahir 1449
20270914|0513|0640|1309|1640|1928|2050|13 Rebiulahir 1449
20270915|0514|0641|1309|1639|1926|2048|14 Rebiulahir 1449
20270916|0515|0642|1308|1638|1925|2046|15 Rebiulahir 1449
20270917|0516|0643|1308|1637|1923|2044|16 Rebiulahir 1449
20270918|0517|0644|1308|1636|1921|2042|17 Rebiulahir 1449
20270919|0519|0645|1307|1635|1919|2040|18 Rebiulahir 1449
20270920|0520|0646|1307|1634|1918|2038|19 Rebiulahir 1449
20270921|0521|0647|1306|1632|1916|2036|20 Rebiulahir 1449
20270922|0522|0648|1306|1631|1914|2035|21 Rebiulahir 1449
20270923|0523|0649|1306|1630|1913|2033|22 Rebiulahir 1449
20270924|0524|0650|1305|1629|1911|2031|23 Rebiulahir 1449
20270925|0525|0651|1305|1628|1909|2029|24 Rebiulahir 1449
20270926|0527|0652|1305|1626|1907|2027|25 Rebiulahir 1449
20270927|0528|0653|1304|1625|1906|2025|26 Rebiulahir 1449
20270928|0529|0654|1304|1624|1904|2024|27 Rebiulahir 1449
20270929|0530|0655|1304|1623|1902|2022|28 Rebiulahir 1449
20270930|0531|0656|1303|1622|1901|2020|29 Rebiulahir 1449
20271001|0532|0657|1303|1620|1859|2018|1 Cemaziyelevvel 1449
20271002|0533|0658|1303|1619|1857|2017|2 Cemaziyelevvel 1449
20271003|0534|0659|1302|1618|1855|2015|3 Cemaziyelevvel 1449
20271004|0536|0700|1302|1617|1854|2013|4 Cemaziyelevvel 1449
20271005|0537|0701|1302|1616|1852|2012|5 Cemaziyelevvel 1449
20271006|0538|0702|1301|1614|1850|2010|6 Cemaziyelevvel 1449
20271007|0539|0704|1301|1613|1849|2008|7 Cemaziyelevvel 1449
20271008|0540|0705|1301|1612|1847|2006|8 Cemaziyelevvel 1449
20271009|0541|0706|1301|1611|1846|2005|9 Cemaziyelevvel 1449
20271010|0542|0707|1300|1609|1844|2003|10 Cemaziyelevvel 1449
20271011|0543|0708|1300|1608|1842|2002|11 Cemaziyelevvel 1449
20271012|0544|0709|1300|1607|1841|2000|12 Cemaziyelevvel 1449
20271013|0545|0710|1300|1606|1839|1958|13 Cemaziyelevvel 1449
20271014|0546|0711|1259|1605|1837|1957|14 Cemaziyelevvel 1449
20271015|0547|0712|1259|1603|1836|1955|15 Cemaziyelevvel 1449
20271016|0548|0713|1259|1602|1834|1954|16 Cemaziyelevvel 1449
20271017|0550|0714|1259|1601|1833|1952|17 Cemaziyelevvel 1449
20271018|0551|0716|1258|1600|1831|1951|18 Cemaziyelevvel 1449
20271019|0552|0717|1258|1559|1830|1949|19 Cemaziyelevvel 1449
20271020|0553|0718|1258|1557|1828|1948|20 Cemaziyelevvel 1449
20271021|0554|0719|1258|1556|1827|1947|21 Cemaziyelevvel 1449
20271022|0555|0720|1258|1555|1825|1945|22 Cemaziyelevvel 1449
20271023|0556|0721|1258|1554|1824|1944|23 Cemaziyelevvel 1449
20271024|0557|0722|1257|1553|1822|1943|24 Cemaziyelevvel 1449
20271025|0558|0724|1257|1552|1821|1941|25 Cemaziyelevvel 1449
20271026|0559|0725|1257|1551|1820|1940|26 Cemaziyelevvel 1449
20271027|0600|0726|1257|1550|1818|1939|27 Cemaziyelevvel 1449
20271028|0601|0727|1257|1549|1817|1937|28 Cemaziyelevvel 1449
20271029|0602|0728|1257|1547|1816|1936|29 Cemaziyelevvel 1449
20271030|0603|0729|1257|1546|1814|1935|30 Cemaziyelevvel 1449
20271031|0604|0731|1257|1545|1813|1934|1 Cemaziyelahir 1449
20271101|0605|0732|1257|1544|1812|1933|2 Cemaziyelahir 1449
20271102|0606|0733|1257|1543|1810|1932|3 Cemaziyelahir 1449
20271103|0608|0734|1257|1542|1809|1931|4 Cemaziyelahir 1449
20271104|0609|0735|1257|1541|1808|1929|5 Cemaziyelahir 1449
20271105|0610|0737|1257|1541|1807|1928|6 Cemaziyelahir 1449
20271106|0611|0738|1257|1540|1806|1927|7 Cemaziyelahir 1449
20271107|0612|0739|1257|1539|1805|1926|8 Cemaziyelahir 1449
20271108|0613|0740|1257|1538|1803|1926|9 Cemaziyelahir 1449
20271109|0614|0741|1257|1537|1802|1925|10 Cemaziyelahir 1449
20271110|0615|0743|1257|1536|1801|1924|11 Cemaziyelahir 1449
20271111|0616|0744|1257|1535|1800|1923|12 Cemaziyelahir 1449
20271112|0617|0745|1257|1535|1759|1922|13 Cemaziyelahir 1449
20271113|0618|0746|1257|1534|1758|1921|14 Cemaziyelahir 1449
20271114|0619|0747|1257|1533|1757|1920|15 Cemaziyelahir 1449
20271115|0620|0749|1258|1532|1757|1920|16 Cemaziyelahir 1449
20271116|0621|0750|1258|1532|1756|1919|17 Cemaziyelahir 1449
20271117|0622|0751|1258|1531|1755|1918|18 Cemaziyelahir 1449
20271118|0623|0752|1258|1531|1754|1918|19 Cemaziyelahir 1449
20271119|0624|0753|1258|1530|1753|1917|20 Cemaziyelahir 1449
20271120|0625|0755|1259|1529|1753|1917|21 Cemaziyelahir 1449
20271121|0626|0756|1259|1529|1752|1916|22 Cemaziyelahir 1449
20271122|0627|0757|1259|1528|1751|1916|23 Cemaziyelahir 1449
20271123|0628|0758|1259|1528|1751|1915|24 Cemaziyelahir 1449
20271124|0629|0759|1300|1527|1750|1915|25 Cemaziyelahir 1449
20271125|0630|0800|1300|1527|1749|1914|26 Cemaziyelahir 1449
20271126|0631|0801|1300|1527|1749|1914|27 Cemaziyelahir 1449
20271127|0632|0803|1300|1526|1748|1914|28 Cemaziyelahir 1449
20271128|0633|0804|1301|1526|1748|1913|29 Cemaziyelahir 1449
20271129|0634|0805|1301|1526|1748|1913|1 Recep 1449
20271130|0635|0806|1301|1525|1747|1913|2 Recep 1449
20271201|0636|0807|1302|1525|1747|1913|3 Recep 1449
20271202|0637|0808|1302|1525|1747|1912|4 Recep 1449
20271203|0637|0809|1303|1525|1746|1912|5 Recep 1449
20271204|0638|0810|1303|1525|1746|1912|6 Recep 1449
20271205|0639|0811|1303|1525|1746|1912|7 Recep 1449
20271206|0640|0812|1304|1525|1746|1912|8 Recep 1449
20271207|0641|0813|1304|1525|1746|1912|9 Recep 1449
20271208|0642|0814|1305|1525|1746|1912|10 Recep 1449
20271209|0642|0815|1305|1525|1746|1912|11 Recep 1449
20271210|0643|0815|1306|1525|1746|1912|12 Recep 1449
20271211|0644|0816|1306|1525|1746|1913|13 Recep 1449
20271212|0645|0817|1306|1525|1746|1913|14 Recep 1449
20271213|0645|0818|1307|1525|1746|1913|15 Recep 1449
20271214|0646|0819|1307|1525|1746|1913|16 Recep 1449
20271215|0647|0819|1308|1526|1746|1913|17 Recep 1449
20271216|0647|0820|1308|1526|1747|1914|18 Recep 1449
20271217|0648|0821|1309|1526|1747|1914|19 Recep 1449
20271218|0649|0821|1309|1527|1747|1914|20 Recep 1449
20271219|0649|0822|1310|1527|1748|1915|21 Recep 1449
20271220|0650|0823|1310|1527|1748|1915|22 Recep 1449
20271221|0650|0823|1311|1528|1748|1916|23 Recep 1449
20271222|0651|0824|1311|1528|1749|1916|24 Recep 1449
20271223|0651|0824|1312|1529|1749|1917|25 Recep 1449
20271224|0652|0825|1312|1529|1750|1917|26 Recep 1449
20271225|0652|0825|1313|1530|1751|1918|27 Recep 1449
20271226|0653|0825|1313|1531|1751|1918|28 Recep 1449
20271227|0653|0826|1314|1531|1752|1919|29 Recep 1449
20271228|0653|0826|1314|1532|1752|1920|30 Recep 1449
20271229|0654|0826|1315|1533|1753|1920|1 Şaban 1449
20271230|0654|0827|1315|1533|1754|1921|2 Şaban 1449
20271231|0654|0827|1316|1534|1755|1922|3 Şaban 1449
