# diyanet | surum=diyanet-2026-10-03.1 | il=TRABZON | yerlesim=17 | 2026-10-03..2027-12-31
#@9891|Akçaabat|TRABZON|396
20261003|0449|0613|1216|1532|1809|1928|22 Rebiulahir 1448
20261004|0450|0614|1216|1530|1807|1926|23 Rebiulahir 1448
20261005|0451|0615|1215|1529|1805|1924|24 Rebiulahir 1448
20261006|0452|0616|1215|1528|1804|1923|25 Rebiulahir 1448
20261007|0453|0617|1215|1527|1802|1921|26 Rebiulahir 1448
20261008|0454|0618|1214|1526|1801|1919|27 Rebiulahir 1448
20261009|0455|0619|1214|1524|1759|1918|28 Rebiulahir 1448
20261010|0456|0620|1214|1523|1757|1916|29 Rebiulahir 1448
20261011|0457|0621|1214|1522|1756|1915|30 Rebiulahir 1448
20261012|0458|0623|1213|1521|1754|1913|1 Cemaziyelevvel 1448
20261013|0459|0624|1213|1519|1753|1912|2 Cemaziyelevvel 1448
20261014|0500|0625|1213|1518|1751|1910|3 Cemaziyelevvel 1448
20261015|0501|0626|1213|1517|1749|1909|4 Cemaziyelevvel 1448
20261016|0502|0627|1212|1516|1748|1907|5 Cemaziyelevvel 1448
20261017|0503|0628|1212|1515|1746|1906|6 Cemaziyelevvel 1448
20261018|0505|0629|1212|1514|1745|1904|7 Cemaziyelevvel 1448
20261019|0506|0630|1212|1512|1743|1903|8 Cemaziyelevvel 1448
20261020|0507|0631|1212|1511|1742|1901|9 Cemaziyelevvel 1448
20261021|0508|0632|1211|1510|1740|1900|10 Cemaziyelevvel 1448
20261022|0509|0634|1211|1509|1739|1859|11 Cemaziyelevvel 1448
20261023|0510|0635|1211|1508|1738|1857|12 Cemaziyelevvel 1448
20261024|0511|0636|1211|1507|1736|1856|13 Cemaziyelevvel 1448
20261025|0512|0637|1211|1506|1735|1855|14 Cemaziyelevvel 1448
20261026|0513|0638|1211|1505|1733|1853|15 Cemaziyelevvel 1448
20261027|0514|0639|1211|1504|1732|1852|16 Cemaziyelevvel 1448
20261028|0515|0640|1211|1502|1731|1851|17 Cemaziyelevvel 1448
20261029|0516|0642|1210|1501|1729|1850|18 Cemaziyelevvel 1448
20261030|0517|0643|1210|1500|1728|1848|19 Cemaziyelevvel 1448
20261031|0518|0644|1210|1459|1727|1847|20 Cemaziyelevvel 1448
20261101|0519|0645|1210|1458|1726|1846|21 Cemaziyelevvel 1448
20261102|0520|0646|1210|1457|1724|1845|22 Cemaziyelevvel 1448
20270101|0608|0740|1230|1449|1710|1837|23 Recep 1448
20270102|0608|0740|1230|1450|1711|1837|24 Recep 1448
20270103|0608|0740|1231|1451|1712|1838|25 Recep 1448
20270104|0608|0740|1231|1452|1713|1839|26 Recep 1448
20270105|0608|0740|1232|1453|1714|1840|27 Recep 1448
20270106|0608|0740|1232|1454|1715|1841|28 Recep 1448
20270107|0608|0740|1233|1454|1716|1842|29 Recep 1448
20270108|0608|0740|1233|1455|1717|1842|30 Recep 1448
20270109|0608|0739|1234|1456|1718|1843|1 Şaban 1448
20270110|0608|0739|1234|1457|1719|1844|2 Şaban 1448
20270111|0608|0739|1234|1458|1720|1845|3 Şaban 1448
20270112|0608|0739|1235|1459|1721|1846|4 Şaban 1448
20270113|0608|0738|1235|1500|1722|1847|5 Şaban 1448
20270114|0608|0738|1235|1501|1723|1848|6 Şaban 1448
20270115|0607|0738|1236|1502|1724|1849|7 Şaban 1448
20270116|0607|0737|1236|1503|1725|1850|8 Şaban 1448
20270117|0607|0737|1237|1504|1726|1851|9 Şaban 1448
20270118|0607|0736|1237|1505|1727|1852|10 Şaban 1448
20270119|0606|0736|1237|1506|1729|1853|11 Şaban 1448
20270120|0606|0735|1238|1507|1730|1854|12 Şaban 1448
20270121|0605|0735|1238|1508|1731|1855|13 Şaban 1448
20270122|0605|0734|1238|1509|1732|1856|14 Şaban 1448
20270123|0604|0733|1238|1510|1733|1857|15 Şaban 1448
20270124|0604|0733|1239|1511|1735|1858|16 Şaban 1448
20270125|0603|0732|1239|1512|1736|1859|17 Şaban 1448
20270126|0603|0731|1239|1513|1737|1900|18 Şaban 1448
20270127|0602|0730|1239|1514|1738|1901|19 Şaban 1448
20270128|0602|0730|1239|1515|1739|1902|20 Şaban 1448
20270129|0601|0729|1240|1516|1741|1903|21 Şaban 1448
20270130|0600|0728|1240|1517|1742|1904|22 Şaban 1448
20270131|0559|0727|1240|1518|1743|1905|23 Şaban 1448
20270201|0559|0726|1240|1520|1744|1906|24 Şaban 1448
20270202|0558|0725|1240|1521|1746|1908|25 Şaban 1448
20270203|0557|0724|1240|1522|1747|1909|26 Şaban 1448
20270204|0556|0723|1241|1523|1748|1910|27 Şaban 1448
20270205|0555|0722|1241|1524|1749|1911|28 Şaban 1448
20270206|0554|0721|1241|1525|1751|1912|29 Şaban 1448
20270207|0553|0720|1241|1526|1752|1913|30 Şaban 1448
20270208|0552|0719|1241|1527|1753|1914|1 Ramazan 1448
20270209|0551|0717|1241|1528|1754|1915|2 Ramazan 1448
20270210|0550|0716|1241|1529|1756|1916|3 Ramazan 1448
20270211|0549|0715|1241|1530|1757|1917|4 Ramazan 1448
20270212|0548|0714|1241|1531|1758|1919|5 Ramazan 1448
20270213|0547|0713|1241|1532|1759|1920|6 Ramazan 1448
20270214|0546|0711|1241|1532|1801|1921|7 Ramazan 1448
20270215|0545|0710|1241|1533|1802|1922|8 Ramazan 1448
20270216|0543|0709|1241|1534|1803|1923|9 Ramazan 1448
20270217|0542|0707|1241|1535|1804|1924|10 Ramazan 1448
20270218|0541|0706|1241|1536|1805|1925|11 Ramazan 1448
20270219|0540|0705|1241|1537|1807|1926|12 Ramazan 1448
20270220|0538|0703|1240|1538|1808|1927|13 Ramazan 1448
20270221|0537|0702|1240|1539|1809|1929|14 Ramazan 1448
20270222|0536|0700|1240|1540|1810|1930|15 Ramazan 1448
20270223|0534|0659|1240|1541|1811|1931|16 Ramazan 1448
20270224|0533|0657|1240|1541|1813|1932|17 Ramazan 1448
20270225|0531|0656|1240|1542|1814|1933|18 Ramazan 1448
20270226|0530|0654|1240|1543|1815|1934|19 Ramazan 1448
20270227|0529|0653|1240|1544|1816|1935|20 Ramazan 1448
20270228|0527|0651|1239|1545|1817|1936|21 Ramazan 1448
20270301|0526|0650|1239|1545|1818|1937|22 Ramazan 1448
20270302|0524|0648|1239|1546|1820|1939|23 Ramazan 1448
20270303|0523|0647|1239|1547|1821|1940|24 Ramazan 1448
20270304|0521|0645|1239|1548|1822|1941|25 Ramazan 1448
20270305|0519|0644|1238|1548|1823|1942|26 Ramazan 1448
20270306|0518|0642|1238|1549|1824|1943|27 Ramazan 1448
20270307|0516|0641|1238|1550|1825|1944|28 Ramazan 1448
20270308|0515|0639|1238|1551|1826|1945|29 Ramazan 1448
20270309|0513|0637|1237|1551|1828|1947|1 Şevval 1448
20270310|0511|0636|1237|1552|1829|1948|2 Şevval 1448
20270311|0510|0634|1237|1553|1830|1949|3 Şevval 1448
20270312|0508|0632|1237|1553|1831|1950|4 Şevval 1448
20270313|0506|0631|1236|1554|1832|1951|5 Şevval 1448
20270314|0505|0629|1236|1554|1833|1952|6 Şevval 1448
20270315|0503|0627|1236|1555|1834|1953|7 Şevval 1448
20270316|0501|0626|1236|1556|1835|1955|8 Şevval 1448
20270317|0459|0624|1235|1556|1836|1956|9 Şevval 1448
20270318|0458|0622|1235|1557|1837|1957|10 Şevval 1448
20270319|0456|0621|1235|1557|1839|1958|11 Şevval 1448
20270320|0454|0619|1234|1558|1840|1959|12 Şevval 1448
20270321|0452|0617|1234|1559|1841|2001|13 Şevval 1448
20270322|0450|0616|1234|1559|1842|2002|14 Şevval 1448
20270323|0449|0614|1234|1600|1843|2003|15 Şevval 1448
20270324|0447|0612|1233|1600|1844|2004|16 Şevval 1448
20270325|0445|0611|1233|1601|1845|2005|17 Şevval 1448
20270326|0443|0609|1233|1601|1846|2007|18 Şevval 1448
20270327|0441|0607|1232|1602|1847|2008|19 Şevval 1448
20270328|0439|0606|1232|1602|1848|2009|20 Şevval 1448
20270329|0437|0604|1232|1603|1849|2010|21 Şevval 1448
20270330|0436|0602|1231|1603|1850|2012|22 Şevval 1448
20270331|0434|0601|1231|1603|1851|2013|23 Şevval 1448
20270401|0432|0559|1231|1604|1853|2014|24 Şevval 1448
20270402|0430|0557|1230|1604|1854|2015|25 Şevval 1448
20270403|0428|0556|1230|1605|1855|2017|26 Şevval 1448
20270404|0426|0554|1230|1605|1856|2018|27 Şevval 1448
20270405|0424|0553|1230|1606|1857|2019|28 Şevval 1448
20270406|0422|0551|1229|1606|1858|2021|29 Şevval 1448
20270407|0420|0549|1229|1606|1859|2022|30 Şevval 1448
20270408|0418|0548|1229|1607|1900|2023|1 Zilkade 1448
20270409|0417|0546|1228|1607|1901|2025|2 Zilkade 1448
20270410|0415|0544|1228|1607|1902|2026|3 Zilkade 1448
20270411|0413|0543|1228|1608|1903|2027|4 Zilkade 1448
20270412|0411|0541|1228|1608|1904|2029|5 Zilkade 1448
20270413|0409|0540|1227|1609|1905|2030|6 Zilkade 1448
20270414|0407|0538|1227|1609|1906|2031|7 Zilkade 1448
20270415|0405|0537|1227|1609|1907|2033|8 Zilkade 1448
20270416|0403|0535|1227|1610|1908|2034|9 Zilkade 1448
20270417|0401|0533|1226|1610|1909|2036|10 Zilkade 1448
20270418|0359|0532|1226|1610|1911|2037|11 Zilkade 1448
20270419|0357|0530|1226|1611|1912|2038|12 Zilkade 1448
20270420|0355|0529|1226|1611|1913|2040|13 Zilkade 1448
20270421|0354|0527|1226|1611|1914|2041|14 Zilkade 1448
20270422|0352|0526|1225|1612|1915|2043|15 Zilkade 1448
20270423|0350|0525|1225|1612|1916|2044|16 Zilkade 1448
20270424|0348|0523|1225|1612|1917|2046|17 Zilkade 1448
20270425|0346|0522|1225|1612|1918|2047|18 Zilkade 1448
20270426|0344|0520|1225|1613|1919|2049|19 Zilkade 1448
20270427|0342|0519|1224|1613|1920|2050|20 Zilkade 1448
20270428|0340|0518|1224|1613|1921|2052|21 Zilkade 1448
20270429|0339|0516|1224|1614|1922|2053|22 Zilkade 1448
20270430|0337|0515|1224|1614|1923|2055|23 Zilkade 1448
20270501|0335|0514|1224|1614|1924|2056|24 Zilkade 1448
20270502|0333|0512|1224|1615|1925|2058|25 Zilkade 1448
20270503|0331|0511|1224|1615|1926|2059|26 Zilkade 1448
20270504|0330|0510|1224|1615|1927|2101|27 Zilkade 1448
20270505|0328|0508|1223|1615|1929|2102|28 Zilkade 1448
20270506|0326|0507|1223|1616|1930|2104|29 Zilkade 1448
20270507|0324|0506|1223|1616|1931|2105|1 Zilhicce 1448
20270508|0323|0505|1223|1616|1932|2107|2 Zilhicce 1448
20270509|0321|0504|1223|1617|1933|2108|3 Zilhicce 1448
20270510|0319|0503|1223|1617|1934|2110|4 Zilhicce 1448
20270511|0318|0502|1223|1617|1935|2111|5 Zilhicce 1448
20270512|0316|0500|1223|1617|1936|2113|6 Zilhicce 1448
20270513|0314|0459|1223|1618|1937|2114|7 Zilhicce 1448
20270514|0313|0458|1223|1618|1938|2116|8 Zilhicce 1448
20270515|0311|0457|1223|1618|1939|2117|9 Zilhicce 1448
20270516|0310|0456|1223|1619|1940|2119|10 Zilhicce 1448
20270517|0308|0456|1223|1619|1941|2120|11 Zilhicce 1448
20270518|0307|0455|1223|1619|1942|2122|12 Zilhicce 1448
20270519|0305|0454|1223|1619|1943|2123|13 Zilhicce 1448
20270520|0304|0453|1223|1620|1944|2125|14 Zilhicce 1448
20270521|0302|0452|1223|1620|1945|2126|15 Zilhicce 1448
20270522|0301|0451|1223|1620|1945|2128|16 Zilhicce 1448
20270523|0300|0451|1223|1621|1946|2129|17 Zilhicce 1448
20270524|0258|0450|1224|1621|1947|2130|18 Zilhicce 1448
20270525|0257|0449|1224|1621|1948|2132|19 Zilhicce 1448
20270526|0256|0448|1224|1621|1949|2133|20 Zilhicce 1448
20270527|0255|0448|1224|1622|1950|2134|21 Zilhicce 1448
20270528|0254|0447|1224|1622|1951|2136|22 Zilhicce 1448
20270529|0253|0447|1224|1622|1952|2137|23 Zilhicce 1448
20270530|0252|0446|1224|1623|1952|2138|24 Zilhicce 1448
20270531|0251|0446|1224|1623|1953|2139|25 Zilhicce 1448
20270601|0250|0445|1224|1623|1954|2141|26 Zilhicce 1448
20270602|0249|0445|1225|1623|1955|2142|27 Zilhicce 1448
20270603|0248|0444|1225|1624|1955|2143|28 Zilhicce 1448
20270604|0247|0444|1225|1624|1956|2144|29 Zilhicce 1448
20270605|0246|0444|1225|1624|1957|2145|30 Zilhicce 1448
20270606|0246|0443|1225|1624|1957|2146|1 Muharrem 1449
20270607|0245|0443|1225|1625|1958|2147|2 Muharrem 1449
20270608|0244|0443|1226|1625|1959|2148|3 Muharrem 1449
20270609|0244|0443|1226|1625|1959|2149|4 Muharrem 1449
20270610|0243|0442|1226|1626|2000|2150|5 Muharrem 1449
20270611|0243|0442|1226|1626|2000|2151|6 Muharrem 1449
20270612|0242|0442|1226|1626|2001|2151|7 Muharrem 1449
20270613|0242|0442|1227|1626|2001|2152|8 Muharrem 1449
20270614|0242|0442|1227|1627|2002|2153|9 Muharrem 1449
20270615|0242|0442|1227|1627|2002|2153|10 Muharrem 1449
20270616|0242|0442|1227|1627|2003|2154|11 Muharrem 1449
20270617|0241|0442|1228|1627|2003|2154|12 Muharrem 1449
20270618|0241|0442|1228|1628|2003|2155|13 Muharrem 1449
20270619|0241|0442|1228|1628|2004|2155|14 Muharrem 1449
20270620|0242|0442|1228|1628|2004|2155|15 Muharrem 1449
20270621|0242|0443|1228|1628|2004|2156|16 Muharrem 1449
20270622|0242|0443|1229|1629|2004|2156|17 Muharrem 1449
20270623|0242|0443|1229|1629|2005|2156|18 Muharrem 1449
20270624|0242|0443|1229|1629|2005|2156|19 Muharrem 1449
20270625|0243|0444|1229|1629|2005|2156|20 Muharrem 1449
20270626|0243|0444|1229|1629|2005|2156|21 Muharrem 1449
20270627|0244|0444|1230|1630|2005|2156|22 Muharrem 1449
20270628|0244|0445|1230|1630|2005|2156|23 Muharrem 1449
20270629|0245|0445|1230|1630|2005|2156|24 Muharrem 1449
20270630|0246|0446|1230|1630|2005|2156|25 Muharrem 1449
20270701|0246|0446|1230|1630|2005|2155|26 Muharrem 1449
20270702|0247|0447|1231|1630|2005|2155|27 Muharrem 1449
20270703|0248|0447|1231|1630|2005|2155|28 Muharrem 1449
20270704|0249|0448|1231|1631|2005|2154|29 Muharrem 1449
20270705|0250|0448|1231|1631|2004|2154|1 Safer 1449
20270706|0251|0449|1231|1631|2004|2153|2 Safer 1449
20270707|0252|0449|1232|1631|2004|2153|3 Safer 1449
20270708|0253|0450|1232|1631|2003|2152|4 Safer 1449
20270709|0254|0451|1232|1631|2003|2151|5 Safer 1449
20270710|0255|0451|1232|1631|2003|2150|6 Safer 1449
20270711|0256|0452|1232|1631|2002|2150|7 Safer 1449
20270712|0257|0453|1232|1631|2002|2149|8 Safer 1449
20270713|0258|0454|1232|1631|2001|2148|9 Safer 1449
20270714|0300|0454|1233|1631|2001|2147|10 Safer 1449
20270715|0301|0455|1233|1631|2000|2146|11 Safer 1449
20270716|0302|0456|1233|1631|2000|2145|12 Safer 1449
20270717|0304|0457|1233|1631|1959|2144|13 Safer 1449
20270718|0305|0457|1233|1631|1958|2143|14 Safer 1449
20270719|0306|0458|1233|1631|1958|2141|15 Safer 1449
20270720|0308|0459|1233|1630|1957|2140|16 Safer 1449
20270721|0309|0500|1233|1630|1956|2139|17 Safer 1449
20270722|0311|0501|1233|1630|1956|2138|18 Safer 1449
20270723|0312|0502|1233|1630|1955|2136|19 Safer 1449
20270724|0313|0503|1233|1630|1954|2135|20 Safer 1449
20270725|0315|0504|1233|1630|1953|2134|21 Safer 1449
20270726|0316|0504|1233|1629|1952|2132|22 Safer 1449
20270727|0318|0505|1233|1629|1951|2131|23 Safer 1449
20270728|0319|0506|1233|1629|1950|2130|24 Safer 1449
20270729|0321|0507|1233|1629|1949|2128|25 Safer 1449
20270730|0322|0508|1233|1628|1948|2127|26 Safer 1449
20270731|0324|0509|1233|1628|1947|2125|27 Safer 1449
20270801|0325|0510|1233|1628|1946|2123|28 Safer 1449
20270802|0327|0511|1233|1627|1945|2122|29 Safer 1449
20270803|0328|0512|1233|1627|1944|2120|1 Rebiulevvel 1449
20270804|0330|0513|1233|1626|1943|2119|2 Rebiulevvel 1449
20270805|0331|0514|1233|1626|1942|2117|3 Rebiulevvel 1449
20270806|0333|0515|1233|1626|1940|2115|4 Rebiulevvel 1449
20270807|0335|0516|1233|1625|1939|2114|5 Rebiulevvel 1449
20270808|0336|0517|1232|1625|1938|2112|6 Rebiulevvel 1449
20270809|0338|0518|1232|1624|1937|2110|7 Rebiulevvel 1449
20270810|0339|0519|1232|1624|1936|2108|8 Rebiulevvel 1449
20270811|0341|0520|1232|1623|1934|2107|9 Rebiulevvel 1449
20270812|0342|0521|1232|1622|1933|2105|10 Rebiulevvel 1449
20270813|0344|0522|1232|1622|1932|2103|11 Rebiulevvel 1449
20270814|0345|0523|1232|1621|1930|2101|12 Rebiulevvel 1449
20270815|0347|0524|1231|1621|1929|2100|13 Rebiulevvel 1449
20270816|0348|0525|1231|1620|1927|2058|14 Rebiulevvel 1449
20270817|0349|0526|1231|1619|1926|2056|15 Rebiulevvel 1449
20270818|0351|0527|1231|1619|1925|2054|16 Rebiulevvel 1449
20270819|0352|0528|1231|1618|1923|2052|17 Rebiulevvel 1449
20270820|0354|0529|1230|1617|1922|2050|18 Rebiulevvel 1449
20270821|0355|0530|1230|1617|1920|2048|19 Rebiulevvel 1449
20270822|0357|0531|1230|1616|1919|2047|20 Rebiulevvel 1449
20270823|0358|0532|1230|1615|1917|2045|21 Rebiulevvel 1449
20270824|0400|0533|1229|1614|1916|2043|22 Rebiulevvel 1449
20270825|0401|0534|1229|1613|1914|2041|23 Rebiulevvel 1449
20270826|0402|0535|1229|1613|1913|2039|24 Rebiulevvel 1449
20270827|0404|0536|1228|1612|1911|2037|25 Rebiulevvel 1449
20270828|0405|0537|1228|1611|1910|2035|26 Rebiulevvel 1449
20270829|0406|0538|1228|1610|1908|2033|27 Rebiulevvel 1449
20270830|0408|0539|1228|1609|1906|2031|28 Rebiulevvel 1449
20270831|0409|0540|1227|1608|1905|2029|29 Rebiulevvel 1449
20270901|0410|0541|1227|1607|1903|2027|30 Rebiulevvel 1449
20270902|0412|0542|1227|1606|1902|2026|1 Rebiulahir 1449
20270903|0413|0543|1226|1605|1900|2024|2 Rebiulahir 1449
20270904|0414|0544|1226|1604|1858|2022|3 Rebiulahir 1449
20270905|0416|0545|1226|1603|1857|2020|4 Rebiulahir 1449
20270906|0417|0546|1225|1602|1855|2018|5 Rebiulahir 1449
20270907|0418|0547|1225|1601|1853|2016|6 Rebiulahir 1449
20270908|0419|0548|1225|1600|1852|2014|7 Rebiulahir 1449
20270909|0421|0549|1224|1559|1850|2012|8 Rebiulahir 1449
20270910|0422|0550|1224|1558|1848|2010|9 Rebiulahir 1449
20270911|0423|0551|1224|1557|1847|2008|10 Rebiulahir 1449
20270912|0424|0552|1223|1556|1845|2006|11 Rebiulahir 1449
20270913|0426|0553|1223|1555|1843|2005|12 Rebiulahir 1449
20270914|0427|0554|1223|1554|1841|2003|13 Rebiulahir 1449
20270915|0428|0555|1222|1553|1840|2001|14 Rebiulahir 1449
20270916|0429|0556|1222|1552|1838|1959|15 Rebiulahir 1449
20270917|0430|0557|1221|1551|1836|1957|16 Rebiulahir 1449
20270918|0432|0558|1221|1550|1835|1955|17 Rebiulahir 1449
20270919|0433|0559|1221|1548|1833|1953|18 Rebiulahir 1449
20270920|0434|0600|1220|1547|1831|1951|19 Rebiulahir 1449
20270921|0435|0601|1220|1546|1830|1950|20 Rebiulahir 1449
20270922|0436|0602|1220|1545|1828|1948|21 Rebiulahir 1449
20270923|0437|0603|1219|1544|1826|1946|22 Rebiulahir 1449
20270924|0438|0604|1219|1543|1824|1944|23 Rebiulahir 1449
20270925|0440|0605|1219|1541|1823|1942|24 Rebiulahir 1449
20270926|0441|0606|1218|1540|1821|1940|25 Rebiulahir 1449
20270927|0442|0607|1218|1539|1819|1939|26 Rebiulahir 1449
20270928|0443|0608|1218|1538|1818|1937|27 Rebiulahir 1449
20270929|0444|0609|1217|1537|1816|1935|28 Rebiulahir 1449
20270930|0445|0610|1217|1535|1814|1933|29 Rebiulahir 1449
20271001|0446|0611|1217|1534|1813|1932|1 Cemaziyelevvel 1449
20271002|0447|0612|1216|1533|1811|1930|2 Cemaziyelevvel 1449
20271003|0448|0613|1216|1532|1809|1928|3 Cemaziyelevvel 1449
20271004|0449|0614|1216|1531|1808|1927|4 Cemaziyelevvel 1449
20271005|0451|0615|1215|1529|1806|1925|5 Cemaziyelevvel 1449
20271006|0452|0616|1215|1528|1804|1923|6 Cemaziyelevvel 1449
20271007|0453|0617|1215|1527|1803|1922|7 Cemaziyelevvel 1449
20271008|0454|0618|1214|1526|1801|1920|8 Cemaziyelevvel 1449
20271009|0455|0619|1214|1525|1759|1918|9 Cemaziyelevvel 1449
20271010|0456|0620|1214|1523|1758|1917|10 Cemaziyelevvel 1449
20271011|0457|0621|1214|1522|1756|1915|11 Cemaziyelevvel 1449
20271012|0458|0622|1213|1521|1755|1914|12 Cemaziyelevvel 1449
20271013|0459|0623|1213|1520|1753|1912|13 Cemaziyelevvel 1449
20271014|0500|0624|1213|1519|1751|1910|14 Cemaziyelevvel 1449
20271015|0501|0626|1213|1517|1750|1909|15 Cemaziyelevvel 1449
20271016|0502|0627|1212|1516|1748|1907|16 Cemaziyelevvel 1449
20271017|0503|0628|1212|1515|1747|1906|17 Cemaziyelevvel 1449
20271018|0504|0629|1212|1514|1745|1904|18 Cemaziyelevvel 1449
20271019|0505|0630|1212|1513|1744|1903|19 Cemaziyelevvel 1449
20271020|0506|0631|1212|1512|1742|1902|20 Cemaziyelevvel 1449
20271021|0507|0632|1211|1510|1741|1900|21 Cemaziyelevvel 1449
20271022|0508|0633|1211|1509|1739|1859|22 Cemaziyelevvel 1449
20271023|0510|0634|1211|1508|1738|1858|23 Cemaziyelevvel 1449
20271024|0511|0636|1211|1507|1736|1856|24 Cemaziyelevvel 1449
20271025|0512|0637|1211|1506|1735|1855|25 Cemaziyelevvel 1449
20271026|0513|0638|1211|1505|1734|1854|26 Cemaziyelevvel 1449
20271027|0514|0639|1211|1504|1732|1852|27 Cemaziyelevvel 1449
20271028|0515|0640|1211|1503|1731|1851|28 Cemaziyelevvel 1449
20271029|0516|0641|1210|1502|1730|1850|29 Cemaziyelevvel 1449
20271030|0517|0643|1210|1501|1728|1849|30 Cemaziyelevvel 1449
20271031|0518|0644|1210|1500|1727|1848|1 Cemaziyelahir 1449
20271101|0519|0645|1210|1459|1726|1846|2 Cemaziyelahir 1449
20271102|0520|0646|1210|1458|1725|1845|3 Cemaziyelahir 1449
20271103|0521|0647|1210|1457|1723|1844|4 Cemaziyelahir 1449
20271104|0522|0648|1210|1456|1722|1843|5 Cemaziyelahir 1449
20271105|0523|0650|1210|1455|1721|1842|6 Cemaziyelahir 1449
20271106|0524|0651|1210|1454|1720|1841|7 Cemaziyelahir 1449
20271107|0525|0652|1210|1453|1719|1840|8 Cemaziyelahir 1449
20271108|0526|0653|1210|1452|1718|1839|9 Cemaziyelahir 1449
20271109|0527|0654|1210|1451|1717|1838|10 Cemaziyelahir 1449
20271110|0528|0656|1211|1451|1716|1838|11 Cemaziyelahir 1449
20271111|0529|0657|1211|1450|1715|1837|12 Cemaziyelahir 1449
20271112|0530|0658|1211|1449|1714|1836|13 Cemaziyelahir 1449
20271113|0531|0659|1211|1448|1713|1835|14 Cemaziyelahir 1449
20271114|0532|0700|1211|1448|1712|1834|15 Cemaziyelahir 1449
20271115|0533|0701|1211|1447|1711|1834|16 Cemaziyelahir 1449
20271116|0534|0703|1211|1446|1710|1833|17 Cemaziyelahir 1449
20271117|0535|0704|1212|1446|1709|1832|18 Cemaziyelahir 1449
20271118|0536|0705|1212|1445|1708|1832|19 Cemaziyelahir 1449
20271119|0537|0706|1212|1444|1708|1831|20 Cemaziyelahir 1449
20271120|0538|0707|1212|1444|1707|1831|21 Cemaziyelahir 1449
20271121|0539|0709|1212|1443|1706|1830|22 Cemaziyelahir 1449
20271122|0540|0710|1213|1443|1706|1830|23 Cemaziyelahir 1449
20271123|0541|0711|1213|1442|1705|1829|24 Cemaziyelahir 1449
20271124|0542|0712|1213|1442|1704|1829|25 Cemaziyelahir 1449
20271125|0543|0713|1213|1441|1704|1828|26 Cemaziyelahir 1449
20271126|0544|0714|1214|1441|1703|1828|27 Cemaziyelahir 1449
20271127|0545|0715|1214|1441|1703|1828|28 Cemaziyelahir 1449
20271128|0546|0716|1214|1440|1702|1827|29 Cemaziyelahir 1449
20271129|0547|0717|1215|1440|1702|1827|1 Recep 1449
20271130|0548|0719|1215|1440|1702|1827|2 Recep 1449
20271201|0549|0720|1215|1440|1701|1827|3 Recep 1449
20271202|0550|0721|1216|1440|1701|1826|4 Recep 1449
20271203|0551|0722|1216|1439|1701|1826|5 Recep 1449
20271204|0551|0723|1217|1439|1701|1826|6 Recep 1449
20271205|0552|0724|1217|1439|1700|1826|7 Recep 1449
20271206|0553|0725|1217|1439|1700|1826|8 Recep 1449
20271207|0554|0725|1218|1439|1700|1826|9 Recep 1449
20271208|0555|0726|1218|1439|1700|1826|10 Recep 1449
20271209|0556|0727|1219|1439|1700|1826|11 Recep 1449
20271210|0556|0728|1219|1439|1700|1826|12 Recep 1449
20271211|0557|0729|1220|1439|1700|1827|13 Recep 1449
20271212|0558|0730|1220|1440|1700|1827|14 Recep 1449
20271213|0559|0731|1221|1440|1701|1827|15 Recep 1449
20271214|0559|0731|1221|1440|1701|1827|16 Recep 1449
20271215|0600|0732|1221|1440|1701|1828|17 Recep 1449
20271216|0601|0733|1222|1441|1701|1828|18 Recep 1449
20271217|0601|0733|1222|1441|1701|1828|19 Recep 1449
20271218|0602|0734|1223|1441|1702|1829|20 Recep 1449
20271219|0602|0735|1223|1442|1702|1829|21 Recep 1449
20271220|0603|0735|1224|1442|1703|1829|22 Recep 1449
20271221|0604|0736|1224|1443|1703|1830|23 Recep 1449
20271222|0604|0736|1225|1443|1703|1830|24 Recep 1449
20271223|0605|0737|1225|1443|1704|1831|25 Recep 1449
20271224|0605|0737|1226|1444|1705|1831|26 Recep 1449
20271225|0605|0738|1226|1445|1705|1832|27 Recep 1449
20271226|0606|0738|1227|1445|1706|1832|28 Recep 1449
20271227|0606|0738|1227|1446|1706|1833|29 Recep 1449
20271228|0607|0739|1228|1446|1707|1834|30 Recep 1449
20271229|0607|0739|1228|1447|1708|1834|1 Şaban 1449
20271230|0607|0739|1229|1448|1709|1835|2 Şaban 1449
20271231|0607|0739|1229|1449|1709|1836|3 Şaban 1449
#@9892|Araklı|TRABZON|396
20261003|0447|0611|1214|1530|1807|1926|22 Rebiulahir 1448
20261004|0448|0612|1214|1529|1805|1924|23 Rebiulahir 1448
20261005|0449|0613|1213|1527|1804|1922|24 Rebiulahir 1448
20261006|0450|0614|1213|1526|1802|1921|25 Rebiulahir 1448
20261007|0451|0615|1213|1525|1800|1919|26 Rebiulahir 1448
20261008|0452|0616|1212|1524|1759|1918|27 Rebiulahir 1448
20261009|0453|0617|1212|1522|1757|1916|28 Rebiulahir 1448
20261010|0454|0618|1212|1521|1756|1914|29 Rebiulahir 1448
20261011|0455|0619|1212|1520|1754|1913|30 Rebiulahir 1448
20261012|0456|0621|1211|1519|1752|1911|1 Cemaziyelevvel 1448
20261013|0457|0622|1211|1518|1751|1910|2 Cemaziyelevvel 1448
20261014|0458|0623|1211|1517|1749|1908|3 Cemaziyelevvel 1448
20261015|0500|0624|1211|1515|1748|1907|4 Cemaziyelevvel 1448
20261016|0501|0625|1210|1514|1746|1905|5 Cemaziyelevvel 1448
20261017|0502|0626|1210|1513|1745|1904|6 Cemaziyelevvel 1448
20261018|0503|0627|1210|1512|1743|1902|7 Cemaziyelevvel 1448
20261019|0504|0628|1210|1511|1742|1901|8 Cemaziyelevvel 1448
20261020|0505|0629|1210|1510|1740|1859|9 Cemaziyelevvel 1448
20261021|0506|0630|1210|1508|1739|1858|10 Cemaziyelevvel 1448
20261022|0507|0632|1209|1507|1737|1857|11 Cemaziyelevvel 1448
20261023|0508|0633|1209|1506|1736|1855|12 Cemaziyelevvel 1448
20261024|0509|0634|1209|1505|1734|1854|13 Cemaziyelevvel 1448
20261025|0510|0635|1209|1504|1733|1853|14 Cemaziyelevvel 1448
20261026|0511|0636|1209|1503|1732|1851|15 Cemaziyelevvel 1448
20261027|0512|0637|1209|1502|1730|1850|16 Cemaziyelevvel 1448
20261028|0513|0638|1209|1501|1729|1849|17 Cemaziyelevvel 1448
20261029|0514|0640|1209|1500|1728|1848|18 Cemaziyelevvel 1448
20261030|0515|0641|1209|1459|1726|1847|19 Cemaziyelevvel 1448
20261031|0516|0642|1208|1458|1725|1845|20 Cemaziyelevvel 1448
20261101|0517|0643|1208|1457|1724|1844|21 Cemaziyelevvel 1448
20261102|0518|0644|1208|1456|1723|1843|22 Cemaziyelevvel 1448
20270101|0606|0737|1228|1448|1709|1835|23 Recep 1448
20270102|0606|0738|1229|1449|1709|1836|24 Recep 1448
20270103|0606|0738|1229|1449|1710|1836|25 Recep 1448
20270104|0606|0738|1229|1450|1711|1837|26 Recep 1448
20270105|0606|0738|1230|1451|1712|1838|27 Recep 1448
20270106|0606|0738|1230|1452|1713|1839|28 Recep 1448
20270107|0606|0738|1231|1453|1714|1840|29 Recep 1448
20270108|0606|0737|1231|1454|1715|1841|30 Recep 1448
20270109|0606|0737|1232|1455|1716|1841|1 Şaban 1448
20270110|0606|0737|1232|1456|1717|1842|2 Şaban 1448
20270111|0606|0737|1232|1456|1718|1843|3 Şaban 1448
20270112|0606|0737|1233|1457|1719|1844|4 Şaban 1448
20270113|0606|0736|1233|1458|1720|1845|5 Şaban 1448
20270114|0606|0736|1234|1459|1721|1846|6 Şaban 1448
20270115|0605|0736|1234|1500|1722|1847|7 Şaban 1448
20270116|0605|0735|1234|1501|1723|1848|8 Şaban 1448
20270117|0605|0735|1235|1502|1725|1849|9 Şaban 1448
20270118|0605|0734|1235|1503|1726|1850|10 Şaban 1448
20270119|0604|0734|1235|1504|1727|1851|11 Şaban 1448
20270120|0604|0733|1236|1505|1728|1852|12 Şaban 1448
20270121|0603|0733|1236|1506|1729|1853|13 Şaban 1448
20270122|0603|0732|1236|1507|1730|1854|14 Şaban 1448
20270123|0602|0731|1236|1508|1732|1855|15 Şaban 1448
20270124|0602|0731|1237|1509|1733|1856|16 Şaban 1448
20270125|0601|0730|1237|1511|1734|1857|17 Şaban 1448
20270126|0601|0729|1237|1512|1735|1858|18 Şaban 1448
20270127|0600|0728|1237|1513|1737|1859|19 Şaban 1448
20270128|0600|0728|1238|1514|1738|1900|20 Şaban 1448
20270129|0559|0727|1238|1515|1739|1901|21 Şaban 1448
20270130|0558|0726|1238|1516|1740|1902|22 Şaban 1448
20270131|0557|0725|1238|1517|1741|1904|23 Şaban 1448
20270201|0557|0724|1238|1518|1743|1905|24 Şaban 1448
20270202|0556|0723|1238|1519|1744|1906|25 Şaban 1448
20270203|0555|0722|1239|1520|1745|1907|26 Şaban 1448
20270204|0554|0721|1239|1521|1746|1908|27 Şaban 1448
20270205|0553|0720|1239|1522|1748|1909|28 Şaban 1448
20270206|0552|0719|1239|1523|1749|1910|29 Şaban 1448
20270207|0551|0718|1239|1524|1750|1911|30 Şaban 1448
20270208|0550|0717|1239|1525|1751|1912|1 Ramazan 1448
20270209|0549|0715|1239|1526|1753|1913|2 Ramazan 1448
20270210|0548|0714|1239|1527|1754|1914|3 Ramazan 1448
20270211|0547|0713|1239|1528|1755|1916|4 Ramazan 1448
20270212|0546|0712|1239|1529|1756|1917|5 Ramazan 1448
20270213|0545|0710|1239|1530|1758|1918|6 Ramazan 1448
20270214|0544|0709|1239|1531|1759|1919|7 Ramazan 1448
20270215|0543|0708|1239|1532|1800|1920|8 Ramazan 1448
20270216|0541|0707|1239|1533|1801|1921|9 Ramazan 1448
20270217|0540|0705|1239|1534|1802|1922|10 Ramazan 1448
20270218|0539|0704|1239|1534|1804|1923|11 Ramazan 1448
20270219|0538|0703|1239|1535|1805|1924|12 Ramazan 1448
20270220|0536|0701|1239|1536|1806|1926|13 Ramazan 1448
20270221|0535|0700|1238|1537|1807|1927|14 Ramazan 1448
20270222|0534|0658|1238|1538|1808|1928|15 Ramazan 1448
20270223|0532|0657|1238|1539|1810|1929|16 Ramazan 1448
20270224|0531|0655|1238|1540|1811|1930|17 Ramazan 1448
20270225|0530|0654|1238|1540|1812|1931|18 Ramazan 1448
20270226|0528|0652|1238|1541|1813|1932|19 Ramazan 1448
20270227|0527|0651|1238|1542|1814|1933|20 Ramazan 1448
20270228|0525|0649|1237|1543|1815|1934|21 Ramazan 1448
20270301|0524|0648|1237|1544|1817|1936|22 Ramazan 1448
20270302|0522|0646|1237|1544|1818|1937|23 Ramazan 1448
20270303|0521|0645|1237|1545|1819|1938|24 Ramazan 1448
20270304|0519|0643|1237|1546|1820|1939|25 Ramazan 1448
20270305|0518|0642|1236|1547|1821|1940|26 Ramazan 1448
20270306|0516|0640|1236|1547|1822|1941|27 Ramazan 1448
20270307|0514|0639|1236|1548|1823|1942|28 Ramazan 1448
20270308|0513|0637|1236|1549|1825|1943|29 Ramazan 1448
20270309|0511|0635|1236|1549|1826|1945|1 Şevval 1448
20270310|0509|0634|1235|1550|1827|1946|2 Şevval 1448
20270311|0508|0632|1235|1551|1828|1947|3 Şevval 1448
20270312|0506|0630|1235|1551|1829|1948|4 Şevval 1448
20270313|0504|0629|1234|1552|1830|1949|5 Şevval 1448
20270314|0503|0627|1234|1553|1831|1950|6 Şevval 1448
20270315|0501|0626|1234|1553|1832|1951|7 Şevval 1448
20270316|0459|0624|1234|1554|1833|1953|8 Şevval 1448
20270317|0458|0622|1233|1554|1835|1954|9 Şevval 1448
20270318|0456|0621|1233|1555|1836|1955|10 Şevval 1448
20270319|0454|0619|1233|1556|1837|1956|11 Şevval 1448
20270320|0452|0617|1232|1556|1838|1957|12 Şevval 1448
20270321|0450|0616|1232|1557|1839|1959|13 Şevval 1448
20270322|0449|0614|1232|1557|1840|2000|14 Şevval 1448
20270323|0447|0612|1232|1558|1841|2001|15 Şevval 1448
20270324|0445|0611|1231|1558|1842|2002|16 Şevval 1448
20270325|0443|0609|1231|1559|1843|2003|17 Şevval 1448
20270326|0441|0607|1231|1559|1844|2005|18 Şevval 1448
20270327|0439|0606|1230|1600|1845|2006|19 Şevval 1448
20270328|0438|0604|1230|1600|1846|2007|20 Şevval 1448
20270329|0436|0602|1230|1601|1847|2008|21 Şevval 1448
20270330|0434|0601|1229|1601|1848|2010|22 Şevval 1448
20270331|0432|0559|1229|1602|1849|2011|23 Şevval 1448
20270401|0430|0557|1229|1602|1851|2012|24 Şevval 1448
20270402|0428|0556|1229|1602|1852|2013|25 Şevval 1448
20270403|0426|0554|1228|1603|1853|2015|26 Şevval 1448
20270404|0424|0552|1228|1603|1854|2016|27 Şevval 1448
20270405|0422|0551|1228|1604|1855|2017|28 Şevval 1448
20270406|0421|0549|1227|1604|1856|2018|29 Şevval 1448
20270407|0419|0547|1227|1604|1857|2020|30 Şevval 1448
20270408|0417|0546|1227|1605|1858|2021|1 Zilkade 1448
20270409|0415|0544|1227|1605|1859|2022|2 Zilkade 1448
20270410|0413|0543|1226|1606|1900|2024|3 Zilkade 1448
20270411|0411|0541|1226|1606|1901|2025|4 Zilkade 1448
20270412|0409|0539|1226|1606|1902|2026|5 Zilkade 1448
20270413|0407|0538|1226|1607|1903|2028|6 Zilkade 1448
20270414|0405|0536|1225|1607|1904|2029|7 Zilkade 1448
20270415|0403|0535|1225|1607|1905|2031|8 Zilkade 1448
20270416|0401|0533|1225|1608|1906|2032|9 Zilkade 1448
20270417|0400|0532|1225|1608|1907|2033|10 Zilkade 1448
20270418|0358|0530|1224|1608|1909|2035|11 Zilkade 1448
20270419|0356|0529|1224|1609|1910|2036|12 Zilkade 1448
20270420|0354|0527|1224|1609|1911|2038|13 Zilkade 1448
20270421|0352|0526|1224|1609|1912|2039|14 Zilkade 1448
20270422|0350|0524|1223|1610|1913|2041|15 Zilkade 1448
20270423|0348|0523|1223|1610|1914|2042|16 Zilkade 1448
20270424|0346|0521|1223|1610|1915|2043|17 Zilkade 1448
20270425|0344|0520|1223|1610|1916|2045|18 Zilkade 1448
20270426|0343|0519|1223|1611|1917|2046|19 Zilkade 1448
20270427|0341|0517|1223|1611|1918|2048|20 Zilkade 1448
20270428|0339|0516|1222|1611|1919|2049|21 Zilkade 1448
20270429|0337|0514|1222|1612|1920|2051|22 Zilkade 1448
20270430|0335|0513|1222|1612|1921|2052|23 Zilkade 1448
20270501|0333|0512|1222|1612|1922|2054|24 Zilkade 1448
20270502|0332|0511|1222|1613|1923|2055|25 Zilkade 1448
20270503|0330|0509|1222|1613|1924|2057|26 Zilkade 1448
20270504|0328|0508|1222|1613|1925|2058|27 Zilkade 1448
20270505|0326|0507|1222|1613|1926|2100|28 Zilkade 1448
20270506|0325|0506|1222|1614|1928|2101|29 Zilkade 1448
20270507|0323|0504|1221|1614|1929|2103|1 Zilhicce 1448
20270508|0321|0503|1221|1614|1930|2104|2 Zilhicce 1448
20270509|0319|0502|1221|1615|1931|2106|3 Zilhicce 1448
20270510|0318|0501|1221|1615|1932|2107|4 Zilhicce 1448
20270511|0316|0500|1221|1615|1933|2109|5 Zilhicce 1448
20270512|0315|0459|1221|1615|1934|2110|6 Zilhicce 1448
20270513|0313|0458|1221|1616|1935|2112|7 Zilhicce 1448
20270514|0311|0457|1221|1616|1936|2113|8 Zilhicce 1448
20270515|0310|0456|1221|1616|1937|2115|9 Zilhicce 1448
20270516|0308|0455|1221|1616|1938|2116|10 Zilhicce 1448
20270517|0307|0454|1221|1617|1939|2118|11 Zilhicce 1448
20270518|0305|0453|1221|1617|1940|2119|12 Zilhicce 1448
20270519|0304|0452|1221|1617|1941|2121|13 Zilhicce 1448
20270520|0302|0451|1221|1618|1941|2122|14 Zilhicce 1448
20270521|0301|0450|1221|1618|1942|2124|15 Zilhicce 1448
20270522|0300|0450|1221|1618|1943|2125|16 Zilhicce 1448
20270523|0258|0449|1222|1618|1944|2127|17 Zilhicce 1448
20270524|0257|0448|1222|1619|1945|2128|18 Zilhicce 1448
20270525|0256|0447|1222|1619|1946|2129|19 Zilhicce 1448
20270526|0255|0447|1222|1619|1947|2131|20 Zilhicce 1448
20270527|0254|0446|1222|1620|1948|2132|21 Zilhicce 1448
20270528|0252|0446|1222|1620|1949|2133|22 Zilhicce 1448
20270529|0251|0445|1222|1620|1949|2135|23 Zilhicce 1448
20270530|0250|0444|1222|1620|1950|2136|24 Zilhicce 1448
20270531|0249|0444|1222|1621|1951|2137|25 Zilhicce 1448
20270601|0248|0443|1223|1621|1952|2138|26 Zilhicce 1448
20270602|0247|0443|1223|1621|1952|2139|27 Zilhicce 1448
20270603|0247|0443|1223|1622|1953|2140|28 Zilhicce 1448
20270604|0246|0442|1223|1622|1954|2142|29 Zilhicce 1448
20270605|0245|0442|1223|1622|1955|2143|30 Zilhicce 1448
20270606|0244|0442|1223|1622|1955|2144|1 Muharrem 1449
20270607|0244|0441|1224|1623|1956|2145|2 Muharrem 1449
20270608|0243|0441|1224|1623|1956|2145|3 Muharrem 1449
20270609|0243|0441|1224|1623|1957|2146|4 Muharrem 1449
20270610|0242|0441|1224|1624|1958|2147|5 Muharrem 1449
20270611|0242|0441|1224|1624|1958|2148|6 Muharrem 1449
20270612|0241|0440|1225|1624|1959|2149|7 Muharrem 1449
20270613|0241|0440|1225|1624|1959|2149|8 Muharrem 1449
20270614|0241|0440|1225|1625|2000|2150|9 Muharrem 1449
20270615|0240|0440|1225|1625|2000|2151|10 Muharrem 1449
20270616|0240|0440|1225|1625|2000|2151|11 Muharrem 1449
20270617|0240|0440|1226|1625|2001|2152|12 Muharrem 1449
20270618|0240|0441|1226|1626|2001|2152|13 Muharrem 1449
20270619|0240|0441|1226|1626|2002|2153|14 Muharrem 1449
20270620|0240|0441|1226|1626|2002|2153|15 Muharrem 1449
20270621|0240|0441|1226|1626|2002|2153|16 Muharrem 1449
20270622|0241|0441|1227|1626|2002|2153|17 Muharrem 1449
20270623|0241|0441|1227|1627|2002|2154|18 Muharrem 1449
20270624|0241|0442|1227|1627|2003|2154|19 Muharrem 1449
20270625|0242|0442|1227|1627|2003|2154|20 Muharrem 1449
20270626|0242|0442|1228|1627|2003|2154|21 Muharrem 1449
20270627|0243|0443|1228|1627|2003|2154|22 Muharrem 1449
20270628|0243|0443|1228|1628|2003|2154|23 Muharrem 1449
20270629|0244|0444|1228|1628|2003|2153|24 Muharrem 1449
20270630|0244|0444|1228|1628|2003|2153|25 Muharrem 1449
20270701|0245|0444|1229|1628|2003|2153|26 Muharrem 1449
20270702|0246|0445|1229|1628|2003|2153|27 Muharrem 1449
20270703|0247|0445|1229|1628|2003|2152|28 Muharrem 1449
20270704|0248|0446|1229|1628|2002|2152|29 Muharrem 1449
20270705|0248|0447|1229|1629|2002|2151|1 Safer 1449
20270706|0249|0447|1230|1629|2002|2151|2 Safer 1449
20270707|0250|0448|1230|1629|2002|2150|3 Safer 1449
20270708|0251|0448|1230|1629|2001|2149|4 Safer 1449
20270709|0252|0449|1230|1629|2001|2149|5 Safer 1449
20270710|0254|0450|1230|1629|2001|2148|6 Safer 1449
20270711|0255|0450|1230|1629|2000|2147|7 Safer 1449
20270712|0256|0451|1230|1629|2000|2146|8 Safer 1449
20270713|0257|0452|1231|1629|1959|2145|9 Safer 1449
20270714|0258|0453|1231|1629|1959|2144|10 Safer 1449
20270715|0300|0453|1231|1629|1958|2143|11 Safer 1449
20270716|0301|0454|1231|1629|1958|2142|12 Safer 1449
20270717|0302|0455|1231|1629|1957|2141|13 Safer 1449
20270718|0304|0456|1231|1629|1956|2140|14 Safer 1449
20270719|0305|0457|1231|1629|1956|2139|15 Safer 1449
20270720|0306|0458|1231|1628|1955|2138|16 Safer 1449
20270721|0308|0458|1231|1628|1954|2137|17 Safer 1449
20270722|0309|0459|1231|1628|1953|2135|18 Safer 1449
20270723|0311|0500|1231|1628|1953|2134|19 Safer 1449
20270724|0312|0501|1231|1628|1952|2133|20 Safer 1449
20270725|0313|0502|1231|1628|1951|2131|21 Safer 1449
20270726|0315|0503|1231|1627|1950|2130|22 Safer 1449
20270727|0316|0504|1231|1627|1949|2129|23 Safer 1449
20270728|0318|0505|1231|1627|1948|2127|24 Safer 1449
20270729|0319|0506|1231|1626|1947|2126|25 Safer 1449
20270730|0321|0507|1231|1626|1946|2124|26 Safer 1449
20270731|0322|0507|1231|1626|1945|2123|27 Safer 1449
20270801|0324|0508|1231|1626|1944|2121|28 Safer 1449
20270802|0325|0509|1231|1625|1943|2120|29 Safer 1449
20270803|0327|0510|1231|1625|1942|2118|1 Rebiulevvel 1449
20270804|0328|0511|1231|1624|1941|2116|2 Rebiulevvel 1449
20270805|0330|0512|1231|1624|1940|2115|3 Rebiulevvel 1449
20270806|0332|0513|1231|1624|1938|2113|4 Rebiulevvel 1449
20270807|0333|0514|1231|1623|1937|2111|5 Rebiulevvel 1449
20270808|0335|0515|1231|1623|1936|2110|6 Rebiulevvel 1449
20270809|0336|0516|1230|1622|1935|2108|7 Rebiulevvel 1449
20270810|0338|0517|1230|1622|1933|2106|8 Rebiulevvel 1449
20270811|0339|0518|1230|1621|1932|2104|9 Rebiulevvel 1449
20270812|0341|0519|1230|1620|1931|2103|10 Rebiulevvel 1449
20270813|0342|0520|1230|1620|1930|2101|11 Rebiulevvel 1449
20270814|0344|0521|1230|1619|1928|2059|12 Rebiulevvel 1449
20270815|0345|0522|1229|1619|1927|2057|13 Rebiulevvel 1449
20270816|0346|0523|1229|1618|1925|2055|14 Rebiulevvel 1449
20270817|0348|0524|1229|1617|1924|2054|15 Rebiulevvel 1449
20270818|0349|0525|1229|1617|1923|2052|16 Rebiulevvel 1449
20270819|0351|0526|1229|1616|1921|2050|17 Rebiulevvel 1449
20270820|0352|0527|1228|1615|1920|2048|18 Rebiulevvel 1449
20270821|0354|0528|1228|1615|1918|2046|19 Rebiulevvel 1449
20270822|0355|0529|1228|1614|1917|2044|20 Rebiulevvel 1449
20270823|0357|0530|1228|1613|1915|2042|21 Rebiulevvel 1449
20270824|0358|0531|1227|1612|1914|2041|22 Rebiulevvel 1449
20270825|0359|0532|1227|1611|1912|2039|23 Rebiulevvel 1449
20270826|0401|0533|1227|1611|1911|2037|24 Rebiulevvel 1449
20270827|0402|0534|1227|1610|1909|2035|25 Rebiulevvel 1449
20270828|0403|0535|1226|1609|1908|2033|26 Rebiulevvel 1449
20270829|0405|0536|1226|1608|1906|2031|27 Rebiulevvel 1449
20270830|0406|0537|1226|1607|1904|2029|28 Rebiulevvel 1449
20270831|0407|0538|1225|1606|1903|2027|29 Rebiulevvel 1449
20270901|0409|0539|1225|1605|1901|2025|30 Rebiulevvel 1449
20270902|0410|0540|1225|1604|1900|2023|1 Rebiulahir 1449
20270903|0411|0541|1224|1604|1858|2022|2 Rebiulahir 1449
20270904|0413|0542|1224|1603|1856|2020|3 Rebiulahir 1449
20270905|0414|0543|1224|1602|1855|2018|4 Rebiulahir 1449
20270906|0415|0544|1223|1601|1853|2016|5 Rebiulahir 1449
20270907|0416|0545|1223|1600|1851|2014|6 Rebiulahir 1449
20270908|0418|0546|1223|1559|1850|2012|7 Rebiulahir 1449
20270909|0419|0547|1222|1558|1848|2010|8 Rebiulahir 1449
20270910|0420|0548|1222|1556|1846|2008|9 Rebiulahir 1449
20270911|0421|0549|1222|1555|1845|2006|10 Rebiulahir 1449
20270912|0423|0550|1221|1554|1843|2004|11 Rebiulahir 1449
20270913|0424|0551|1221|1553|1841|2002|12 Rebiulahir 1449
20270914|0425|0552|1221|1552|1840|2001|13 Rebiulahir 1449
20270915|0426|0553|1220|1551|1838|1959|14 Rebiulahir 1449
20270916|0427|0554|1220|1550|1836|1957|15 Rebiulahir 1449
20270917|0429|0555|1220|1549|1834|1955|16 Rebiulahir 1449
20270918|0430|0556|1219|1548|1833|1953|17 Rebiulahir 1449
20270919|0431|0557|1219|1547|1831|1951|18 Rebiulahir 1449
20270920|0432|0558|1219|1545|1829|1949|19 Rebiulahir 1449
20270921|0433|0559|1218|1544|1828|1948|20 Rebiulahir 1449
20270922|0434|0600|1218|1543|1826|1946|21 Rebiulahir 1449
20270923|0436|0601|1217|1542|1824|1944|22 Rebiulahir 1449
20270924|0437|0602|1217|1541|1823|1942|23 Rebiulahir 1449
20270925|0438|0603|1217|1540|1821|1940|24 Rebiulahir 1449
20270926|0439|0604|1216|1538|1819|1938|25 Rebiulahir 1449
20270927|0440|0605|1216|1537|1817|1937|26 Rebiulahir 1449
20270928|0441|0606|1216|1536|1816|1935|27 Rebiulahir 1449
20270929|0442|0607|1215|1535|1814|1933|28 Rebiulahir 1449
20270930|0443|0608|1215|1534|1812|1931|29 Rebiulahir 1449
20271001|0444|0609|1215|1532|1811|1930|1 Cemaziyelevvel 1449
20271002|0445|0610|1214|1531|1809|1928|2 Cemaziyelevvel 1449
20271003|0447|0611|1214|1530|1807|1926|3 Cemaziyelevvel 1449
20271004|0448|0612|1214|1529|1806|1925|4 Cemaziyelevvel 1449
20271005|0449|0613|1213|1528|1804|1923|5 Cemaziyelevvel 1449
20271006|0450|0614|1213|1526|1802|1921|6 Cemaziyelevvel 1449
20271007|0451|0615|1213|1525|1801|1920|7 Cemaziyelevvel 1449
20271008|0452|0616|1213|1524|1759|1918|8 Cemaziyelevvel 1449
20271009|0453|0617|1212|1523|1758|1916|9 Cemaziyelevvel 1449
20271010|0454|0618|1212|1522|1756|1915|10 Cemaziyelevvel 1449
20271011|0455|0619|1212|1520|1754|1913|11 Cemaziyelevvel 1449
20271012|0456|0620|1211|1519|1753|1912|12 Cemaziyelevvel 1449
20271013|0457|0621|1211|1518|1751|1910|13 Cemaziyelevvel 1449
20271014|0458|0622|1211|1517|1750|1908|14 Cemaziyelevvel 1449
20271015|0459|0624|1211|1516|1748|1907|15 Cemaziyelevvel 1449
20271016|0500|0625|1211|1514|1746|1905|16 Cemaziyelevvel 1449
20271017|0501|0626|1210|1513|1745|1904|17 Cemaziyelevvel 1449
20271018|0502|0627|1210|1512|1743|1903|18 Cemaziyelevvel 1449
20271019|0503|0628|1210|1511|1742|1901|19 Cemaziyelevvel 1449
20271020|0505|0629|1210|1510|1740|1900|20 Cemaziyelevvel 1449
20271021|0506|0630|1210|1509|1739|1858|21 Cemaziyelevvel 1449
20271022|0507|0631|1209|1508|1738|1857|22 Cemaziyelevvel 1449
20271023|0508|0632|1209|1506|1736|1856|23 Cemaziyelevvel 1449
20271024|0509|0634|1209|1505|1735|1854|24 Cemaziyelevvel 1449
20271025|0510|0635|1209|1504|1733|1853|25 Cemaziyelevvel 1449
20271026|0511|0636|1209|1503|1732|1852|26 Cemaziyelevvel 1449
20271027|0512|0637|1209|1502|1731|1850|27 Cemaziyelevvel 1449
20271028|0513|0638|1209|1501|1729|1849|28 Cemaziyelevvel 1449
20271029|0514|0639|1209|1500|1728|1848|29 Cemaziyelevvel 1449
20271030|0515|0640|1209|1459|1727|1847|30 Cemaziyelevvel 1449
20271031|0516|0642|1208|1458|1725|1846|1 Cemaziyelahir 1449
20271101|0517|0643|1208|1457|1724|1845|2 Cemaziyelahir 1449
20271102|0518|0644|1208|1456|1723|1843|3 Cemaziyelahir 1449
20271103|0519|0645|1208|1455|1722|1842|4 Cemaziyelahir 1449
20271104|0520|0646|1208|1454|1720|1841|5 Cemaziyelahir 1449
20271105|0521|0648|1208|1453|1719|1840|6 Cemaziyelahir 1449
20271106|0522|0649|1208|1452|1718|1839|7 Cemaziyelahir 1449
20271107|0523|0650|1208|1451|1717|1838|8 Cemaziyelahir 1449
20271108|0524|0651|1209|1451|1716|1837|9 Cemaziyelahir 1449
20271109|0525|0652|1209|1450|1715|1837|10 Cemaziyelahir 1449
20271110|0526|0653|1209|1449|1714|1836|11 Cemaziyelahir 1449
20271111|0527|0655|1209|1448|1713|1835|12 Cemaziyelahir 1449
20271112|0528|0656|1209|1447|1712|1834|13 Cemaziyelahir 1449
20271113|0529|0657|1209|1447|1711|1833|14 Cemaziyelahir 1449
20271114|0530|0658|1209|1446|1710|1833|15 Cemaziyelahir 1449
20271115|0531|0659|1209|1445|1709|1832|16 Cemaziyelahir 1449
20271116|0532|0701|1209|1444|1708|1831|17 Cemaziyelahir 1449
20271117|0533|0702|1210|1444|1708|1831|18 Cemaziyelahir 1449
20271118|0534|0703|1210|1443|1707|1830|19 Cemaziyelahir 1449
20271119|0535|0704|1210|1443|1706|1829|20 Cemaziyelahir 1449
20271120|0536|0705|1210|1442|1705|1829|21 Cemaziyelahir 1449
20271121|0537|0706|1210|1442|1705|1828|22 Cemaziyelahir 1449
20271122|0538|0708|1211|1441|1704|1828|23 Cemaziyelahir 1449
20271123|0539|0709|1211|1441|1703|1827|24 Cemaziyelahir 1449
20271124|0540|0710|1211|1440|1703|1827|25 Cemaziyelahir 1449
20271125|0541|0711|1212|1440|1702|1826|26 Cemaziyelahir 1449
20271126|0542|0712|1212|1439|1702|1826|27 Cemaziyelahir 1449
20271127|0543|0713|1212|1439|1701|1826|28 Cemaziyelahir 1449
20271128|0544|0714|1213|1439|1701|1826|29 Cemaziyelahir 1449
20271129|0545|0715|1213|1439|1700|1825|1 Recep 1449
20271130|0546|0716|1213|1438|1700|1825|2 Recep 1449
20271201|0547|0717|1214|1438|1700|1825|3 Recep 1449
20271202|0548|0718|1214|1438|1659|1825|4 Recep 1449
20271203|0549|0719|1214|1438|1659|1825|5 Recep 1449
20271204|0549|0720|1215|1438|1659|1825|6 Recep 1449
20271205|0550|0721|1215|1438|1659|1824|7 Recep 1449
20271206|0551|0722|1216|1438|1659|1824|8 Recep 1449
20271207|0552|0723|1216|1438|1659|1824|9 Recep 1449
20271208|0553|0724|1216|1438|1659|1825|10 Recep 1449
20271209|0554|0725|1217|1438|1659|1825|11 Recep 1449
20271210|0554|0726|1217|1438|1659|1825|12 Recep 1449
20271211|0555|0727|1218|1438|1659|1825|13 Recep 1449
20271212|0556|0728|1218|1438|1659|1825|14 Recep 1449
20271213|0557|0728|1219|1438|1659|1825|15 Recep 1449
20271214|0557|0729|1219|1438|1659|1826|16 Recep 1449
20271215|0558|0730|1220|1439|1659|1826|17 Recep 1449
20271216|0559|0731|1220|1439|1700|1826|18 Recep 1449
20271217|0559|0731|1221|1439|1700|1826|19 Recep 1449
20271218|0600|0732|1221|1440|1700|1827|20 Recep 1449
20271219|0600|0733|1222|1440|1701|1827|21 Recep 1449
20271220|0601|0733|1222|1440|1701|1828|22 Recep 1449
20271221|0601|0734|1223|1441|1701|1828|23 Recep 1449
20271222|0602|0734|1223|1441|1702|1829|24 Recep 1449
20271223|0602|0735|1224|1442|1702|1829|25 Recep 1449
20271224|0603|0735|1224|1442|1703|1830|26 Recep 1449
20271225|0603|0736|1225|1443|1703|1830|27 Recep 1449
20271226|0604|0736|1225|1444|1704|1831|28 Recep 1449
20271227|0604|0736|1225|1444|1705|1831|29 Recep 1449
20271228|0605|0737|1226|1445|1705|1832|30 Recep 1449
20271229|0605|0737|1226|1445|1706|1833|1 Şaban 1449
20271230|0605|0737|1227|1446|1707|1833|2 Şaban 1449
20271231|0605|0737|1227|1447|1708|1834|3 Şaban 1449
#@9893|Arsin|TRABZON|396
20261003|0447|0612|1214|1530|1807|1926|22 Rebiulahir 1448
20261004|0448|0613|1214|1529|1806|1925|23 Rebiulahir 1448
20261005|0449|0614|1214|1528|1804|1923|24 Rebiulahir 1448
20261006|0450|0615|1214|1527|1802|1921|25 Rebiulahir 1448
20261007|0452|0616|1213|1525|1801|1920|26 Rebiulahir 1448
20261008|0453|0617|1213|1524|1759|1918|27 Rebiulahir 1448
20261009|0454|0618|1213|1523|1758|1916|28 Rebiulahir 1448
20261010|0455|0619|1212|1522|1756|1915|29 Rebiulahir 1448
20261011|0456|0620|1212|1521|1754|1913|30 Rebiulahir 1448
20261012|0457|0621|1212|1519|1753|1912|1 Cemaziyelevvel 1448
20261013|0458|0622|1212|1518|1751|1910|2 Cemaziyelevvel 1448
20261014|0459|0623|1211|1517|1750|1909|3 Cemaziyelevvel 1448
20261015|0500|0624|1211|1516|1748|1907|4 Cemaziyelevvel 1448
20261016|0501|0625|1211|1515|1747|1906|5 Cemaziyelevvel 1448
20261017|0502|0626|1211|1513|1745|1904|6 Cemaziyelevvel 1448
20261018|0503|0628|1211|1512|1744|1903|7 Cemaziyelevvel 1448
20261019|0504|0629|1210|1511|1742|1901|8 Cemaziyelevvel 1448
20261020|0505|0630|1210|1510|1741|1900|9 Cemaziyelevvel 1448
20261021|0506|0631|1210|1509|1739|1858|10 Cemaziyelevvel 1448
20261022|0507|0632|1210|1508|1738|1857|11 Cemaziyelevvel 1448
20261023|0508|0633|1210|1507|1736|1856|12 Cemaziyelevvel 1448
20261024|0509|0634|1210|1505|1735|1854|13 Cemaziyelevvel 1448
20261025|0510|0635|1209|1504|1733|1853|14 Cemaziyelevvel 1448
20261026|0511|0637|1209|1503|1732|1852|15 Cemaziyelevvel 1448
20261027|0513|0638|1209|1502|1731|1851|16 Cemaziyelevvel 1448
20261028|0514|0639|1209|1501|1729|1849|17 Cemaziyelevvel 1448
20261029|0515|0640|1209|1500|1728|1848|18 Cemaziyelevvel 1448
20261030|0516|0641|1209|1459|1727|1847|19 Cemaziyelevvel 1448
20261031|0517|0642|1209|1458|1725|1846|20 Cemaziyelevvel 1448
20261101|0518|0644|1209|1457|1724|1845|21 Cemaziyelevvel 1448
20261102|0519|0645|1209|1456|1723|1844|22 Cemaziyelevvel 1448
20270101|0606|0738|1229|1448|1709|1835|23 Recep 1448
20270102|0606|0738|1229|1449|1710|1836|24 Recep 1448
20270103|0607|0738|1229|1450|1711|1837|25 Recep 1448
20270104|0607|0738|1230|1451|1712|1838|26 Recep 1448
20270105|0607|0738|1230|1451|1713|1838|27 Recep 1448
20270106|0607|0738|1231|1452|1713|1839|28 Recep 1448
20270107|0607|0738|1231|1453|1714|1840|29 Recep 1448
20270108|0607|0738|1232|1454|1715|1841|30 Recep 1448
20270109|0607|0738|1232|1455|1716|1842|1 Şaban 1448
20270110|0607|0738|1233|1456|1717|1843|2 Şaban 1448
20270111|0607|0737|1233|1457|1718|1844|3 Şaban 1448
20270112|0607|0737|1233|1458|1719|1845|4 Şaban 1448
20270113|0606|0737|1234|1459|1721|1846|5 Şaban 1448
20270114|0606|0737|1234|1500|1722|1847|6 Şaban 1448
20270115|0606|0736|1234|1501|1723|1847|7 Şaban 1448
20270116|0606|0736|1235|1502|1724|1848|8 Şaban 1448
20270117|0605|0735|1235|1503|1725|1849|9 Şaban 1448
20270118|0605|0735|1235|1504|1726|1850|10 Şaban 1448
20270119|0605|0734|1236|1505|1727|1851|11 Şaban 1448
20270120|0604|0734|1236|1506|1729|1852|12 Şaban 1448
20270121|0604|0733|1236|1507|1730|1853|13 Şaban 1448
20270122|0603|0732|1237|1508|1731|1854|14 Şaban 1448
20270123|0603|0732|1237|1509|1732|1856|15 Şaban 1448
20270124|0602|0731|1237|1510|1733|1857|16 Şaban 1448
20270125|0602|0730|1237|1511|1734|1858|17 Şaban 1448
20270126|0601|0730|1238|1512|1736|1859|18 Şaban 1448
20270127|0601|0729|1238|1513|1737|1900|19 Şaban 1448
20270128|0600|0728|1238|1514|1738|1901|20 Şaban 1448
20270129|0559|0727|1238|1515|1739|1902|21 Şaban 1448
20270130|0559|0726|1238|1516|1741|1903|22 Şaban 1448
20270131|0558|0725|1239|1517|1742|1904|23 Şaban 1448
20270201|0557|0724|1239|1518|1743|1905|24 Şaban 1448
20270202|0556|0723|1239|1519|1744|1906|25 Şaban 1448
20270203|0555|0722|1239|1520|1746|1907|26 Şaban 1448
20270204|0555|0721|1239|1521|1747|1908|27 Şaban 1448
20270205|0554|0720|1239|1522|1748|1909|28 Şaban 1448
20270206|0553|0719|1239|1523|1749|1911|29 Şaban 1448
20270207|0552|0718|1239|1524|1751|1912|30 Şaban 1448
20270208|0551|0717|1239|1525|1752|1913|1 Ramazan 1448
20270209|0550|0716|1239|1526|1753|1914|2 Ramazan 1448
20270210|0549|0715|1239|1527|1754|1915|3 Ramazan 1448
20270211|0548|0713|1239|1528|1756|1916|4 Ramazan 1448
20270212|0547|0712|1239|1529|1757|1917|5 Ramazan 1448
20270213|0545|0711|1239|1530|1758|1918|6 Ramazan 1448
20270214|0544|0710|1239|1531|1759|1919|7 Ramazan 1448
20270215|0543|0708|1239|1532|1800|1920|8 Ramazan 1448
20270216|0542|0707|1239|1533|1802|1922|9 Ramazan 1448
20270217|0541|0706|1239|1534|1803|1923|10 Ramazan 1448
20270218|0539|0704|1239|1535|1804|1924|11 Ramazan 1448
20270219|0538|0703|1239|1536|1805|1925|12 Ramazan 1448
20270220|0537|0702|1239|1537|1807|1926|13 Ramazan 1448
20270221|0536|0700|1239|1538|1808|1927|14 Ramazan 1448
20270222|0534|0659|1239|1538|1809|1928|15 Ramazan 1448
20270223|0533|0657|1239|1539|1810|1929|16 Ramazan 1448
20270224|0531|0656|1239|1540|1811|1930|17 Ramazan 1448
20270225|0530|0654|1238|1541|1812|1932|18 Ramazan 1448
20270226|0529|0653|1238|1542|1814|1933|19 Ramazan 1448
20270227|0527|0651|1238|1543|1815|1934|20 Ramazan 1448
20270228|0526|0650|1238|1543|1816|1935|21 Ramazan 1448
20270301|0524|0648|1238|1544|1817|1936|22 Ramazan 1448
20270302|0523|0647|1238|1545|1818|1937|23 Ramazan 1448
20270303|0521|0645|1237|1546|1819|1938|24 Ramazan 1448
20270304|0520|0644|1237|1546|1821|1939|25 Ramazan 1448
20270305|0518|0642|1237|1547|1822|1941|26 Ramazan 1448
20270306|0516|0641|1237|1548|1823|1942|27 Ramazan 1448
20270307|0515|0639|1236|1549|1824|1943|28 Ramazan 1448
20270308|0513|0637|1236|1549|1825|1944|29 Ramazan 1448
20270309|0512|0636|1236|1550|1826|1945|1 Şevval 1448
20270310|0510|0634|1236|1551|1827|1946|2 Şevval 1448
20270311|0508|0633|1235|1551|1828|1947|3 Şevval 1448
20270312|0507|0631|1235|1552|1830|1948|4 Şevval 1448
20270313|0505|0629|1235|1552|1831|1950|5 Şevval 1448
20270314|0503|0628|1235|1553|1832|1951|6 Şevval 1448
20270315|0501|0626|1234|1554|1833|1952|7 Şevval 1448
20270316|0500|0624|1234|1554|1834|1953|8 Şevval 1448
20270317|0458|0623|1234|1555|1835|1954|9 Şevval 1448
20270318|0456|0621|1234|1555|1836|1955|10 Şevval 1448
20270319|0454|0619|1233|1556|1837|1957|11 Şevval 1448
20270320|0453|0618|1233|1557|1838|1958|12 Şevval 1448
20270321|0451|0616|1233|1557|1839|1959|13 Şevval 1448
20270322|0449|0614|1232|1558|1840|2000|14 Şevval 1448
20270323|0447|0613|1232|1558|1841|2001|15 Şevval 1448
20270324|0445|0611|1232|1559|1843|2003|16 Şevval 1448
20270325|0444|0609|1231|1559|1844|2004|17 Şevval 1448
20270326|0442|0608|1231|1600|1845|2005|18 Şevval 1448
20270327|0440|0606|1231|1600|1846|2006|19 Şevval 1448
20270328|0438|0604|1231|1601|1847|2008|20 Şevval 1448
20270329|0436|0603|1230|1601|1848|2009|21 Şevval 1448
20270330|0434|0601|1230|1602|1849|2010|22 Şevval 1448
20270331|0432|0559|1230|1602|1850|2011|23 Şevval 1448
20270401|0431|0558|1229|1602|1851|2013|24 Şevval 1448
20270402|0429|0556|1229|1603|1852|2014|25 Şevval 1448
20270403|0427|0554|1229|1603|1853|2015|26 Şevval 1448
20270404|0425|0553|1228|1604|1854|2016|27 Şevval 1448
20270405|0423|0551|1228|1604|1855|2018|28 Şevval 1448
20270406|0421|0550|1228|1605|1856|2019|29 Şevval 1448
20270407|0419|0548|1228|1605|1857|2020|30 Şevval 1448
20270408|0417|0546|1227|1605|1858|2022|1 Zilkade 1448
20270409|0415|0545|1227|1606|1900|2023|2 Zilkade 1448
20270410|0413|0543|1227|1606|1901|2024|3 Zilkade 1448
20270411|0411|0541|1227|1606|1902|2026|4 Zilkade 1448
20270412|0410|0540|1226|1607|1903|2027|5 Zilkade 1448
20270413|0408|0538|1226|1607|1904|2028|6 Zilkade 1448
20270414|0406|0537|1226|1607|1905|2030|7 Zilkade 1448
20270415|0404|0535|1226|1608|1906|2031|8 Zilkade 1448
20270416|0402|0534|1225|1608|1907|2033|9 Zilkade 1448
20270417|0400|0532|1225|1608|1908|2034|10 Zilkade 1448
20270418|0358|0531|1225|1609|1909|2035|11 Zilkade 1448
20270419|0356|0529|1225|1609|1910|2037|12 Zilkade 1448
20270420|0354|0528|1224|1609|1911|2038|13 Zilkade 1448
20270421|0352|0526|1224|1610|1912|2040|14 Zilkade 1448
20270422|0350|0525|1224|1610|1913|2041|15 Zilkade 1448
20270423|0349|0523|1224|1610|1914|2043|16 Zilkade 1448
20270424|0347|0522|1224|1611|1915|2044|17 Zilkade 1448
20270425|0345|0520|1223|1611|1916|2045|18 Zilkade 1448
20270426|0343|0519|1223|1611|1918|2047|19 Zilkade 1448
20270427|0341|0518|1223|1612|1919|2048|20 Zilkade 1448
20270428|0339|0516|1223|1612|1920|2050|21 Zilkade 1448
20270429|0337|0515|1223|1612|1921|2051|22 Zilkade 1448
20270430|0336|0514|1223|1612|1922|2053|23 Zilkade 1448
20270501|0334|0512|1222|1613|1923|2054|24 Zilkade 1448
20270502|0332|0511|1222|1613|1924|2056|25 Zilkade 1448
20270503|0330|0510|1222|1613|1925|2057|26 Zilkade 1448
20270504|0328|0508|1222|1614|1926|2059|27 Zilkade 1448
20270505|0327|0507|1222|1614|1927|2100|28 Zilkade 1448
20270506|0325|0506|1222|1614|1928|2102|29 Zilkade 1448
20270507|0323|0505|1222|1614|1929|2103|1 Zilhicce 1448
20270508|0322|0504|1222|1615|1930|2105|2 Zilhicce 1448
20270509|0320|0502|1222|1615|1931|2107|3 Zilhicce 1448
20270510|0318|0501|1222|1615|1932|2108|4 Zilhicce 1448
20270511|0317|0500|1222|1616|1933|2110|5 Zilhicce 1448
20270512|0315|0459|1222|1616|1934|2111|6 Zilhicce 1448
20270513|0313|0458|1222|1616|1935|2113|7 Zilhicce 1448
20270514|0312|0457|1222|1616|1936|2114|8 Zilhicce 1448
20270515|0310|0456|1222|1617|1937|2116|9 Zilhicce 1448
20270516|0309|0455|1222|1617|1938|2117|10 Zilhicce 1448
20270517|0307|0454|1222|1617|1939|2119|11 Zilhicce 1448
20270518|0306|0453|1222|1618|1940|2120|12 Zilhicce 1448
20270519|0304|0453|1222|1618|1941|2121|13 Zilhicce 1448
20270520|0303|0452|1222|1618|1942|2123|14 Zilhicce 1448
20270521|0301|0451|1222|1618|1943|2124|15 Zilhicce 1448
20270522|0300|0450|1222|1619|1944|2126|16 Zilhicce 1448
20270523|0259|0449|1222|1619|1945|2127|17 Zilhicce 1448
20270524|0257|0449|1222|1619|1946|2129|18 Zilhicce 1448
20270525|0256|0448|1222|1620|1947|2130|19 Zilhicce 1448
20270526|0255|0447|1222|1620|1947|2131|20 Zilhicce 1448
20270527|0254|0447|1222|1620|1948|2133|21 Zilhicce 1448
20270528|0253|0446|1223|1620|1949|2134|22 Zilhicce 1448
20270529|0252|0445|1223|1621|1950|2135|23 Zilhicce 1448
20270530|0251|0445|1223|1621|1951|2136|24 Zilhicce 1448
20270531|0250|0444|1223|1621|1951|2138|25 Zilhicce 1448
20270601|0249|0444|1223|1622|1952|2139|26 Zilhicce 1448
20270602|0248|0443|1223|1622|1953|2140|27 Zilhicce 1448
20270603|0247|0443|1223|1622|1954|2141|28 Zilhicce 1448
20270604|0246|0443|1224|1622|1954|2142|29 Zilhicce 1448
20270605|0245|0442|1224|1623|1955|2143|30 Zilhicce 1448
20270606|0245|0442|1224|1623|1956|2144|1 Muharrem 1449
20270607|0244|0442|1224|1623|1956|2145|2 Muharrem 1449
20270608|0243|0442|1224|1623|1957|2146|3 Muharrem 1449
20270609|0243|0441|1224|1624|1958|2147|4 Muharrem 1449
20270610|0242|0441|1225|1624|1958|2148|5 Muharrem 1449
20270611|0242|0441|1225|1624|1959|2149|6 Muharrem 1449
20270612|0242|0441|1225|1625|1959|2149|7 Muharrem 1449
20270613|0241|0441|1225|1625|2000|2150|8 Muharrem 1449
20270614|0241|0441|1225|1625|2000|2151|9 Muharrem 1449
20270615|0241|0441|1226|1625|2001|2151|10 Muharrem 1449
20270616|0241|0441|1226|1626|2001|2152|11 Muharrem 1449
20270617|0241|0441|1226|1626|2001|2152|12 Muharrem 1449
20270618|0240|0441|1226|1626|2002|2153|13 Muharrem 1449
20270619|0241|0441|1227|1626|2002|2153|14 Muharrem 1449
20270620|0241|0441|1227|1627|2002|2154|15 Muharrem 1449
20270621|0241|0441|1227|1627|2003|2154|16 Muharrem 1449
20270622|0241|0442|1227|1627|2003|2154|17 Muharrem 1449
20270623|0241|0442|1227|1627|2003|2154|18 Muharrem 1449
20270624|0242|0442|1228|1627|2003|2154|19 Muharrem 1449
20270625|0242|0442|1228|1628|2003|2154|20 Muharrem 1449
20270626|0242|0443|1228|1628|2003|2154|21 Muharrem 1449
20270627|0243|0443|1228|1628|2003|2154|22 Muharrem 1449
20270628|0243|0444|1228|1628|2003|2154|23 Muharrem 1449
20270629|0244|0444|1229|1628|2003|2154|24 Muharrem 1449
20270630|0245|0444|1229|1628|2003|2154|25 Muharrem 1449
20270701|0245|0445|1229|1629|2003|2153|26 Muharrem 1449
20270702|0246|0445|1229|1629|2003|2153|27 Muharrem 1449
20270703|0247|0446|1229|1629|2003|2153|28 Muharrem 1449
20270704|0248|0446|1230|1629|2003|2152|29 Muharrem 1449
20270705|0249|0447|1230|1629|2003|2152|1 Safer 1449
20270706|0250|0448|1230|1629|2002|2151|2 Safer 1449
20270707|0251|0448|1230|1629|2002|2151|3 Safer 1449
20270708|0252|0449|1230|1629|2002|2150|4 Safer 1449
20270709|0253|0449|1230|1629|2001|2149|5 Safer 1449
20270710|0254|0450|1231|1629|2001|2149|6 Safer 1449
20270711|0255|0451|1231|1629|2001|2148|7 Safer 1449
20270712|0256|0452|1231|1629|2000|2147|8 Safer 1449
20270713|0257|0452|1231|1629|2000|2146|9 Safer 1449
20270714|0259|0453|1231|1629|1959|2145|10 Safer 1449
20270715|0300|0454|1231|1629|1959|2144|11 Safer 1449
20270716|0301|0455|1231|1629|1958|2143|12 Safer 1449
20270717|0303|0455|1231|1629|1957|2142|13 Safer 1449
20270718|0304|0456|1232|1629|1957|2141|14 Safer 1449
20270719|0305|0457|1232|1629|1956|2140|15 Safer 1449
20270720|0307|0458|1232|1629|1955|2138|16 Safer 1449
20270721|0308|0459|1232|1629|1955|2137|17 Safer 1449
20270722|0309|0500|1232|1629|1954|2136|18 Safer 1449
20270723|0311|0501|1232|1628|1953|2135|19 Safer 1449
20270724|0312|0501|1232|1628|1952|2133|20 Safer 1449
20270725|0314|0502|1232|1628|1951|2132|21 Safer 1449
20270726|0315|0503|1232|1628|1951|2131|22 Safer 1449
20270727|0317|0504|1232|1628|1950|2129|23 Safer 1449
20270728|0318|0505|1232|1627|1949|2128|24 Safer 1449
20270729|0320|0506|1232|1627|1948|2126|25 Safer 1449
20270730|0321|0507|1232|1627|1947|2125|26 Safer 1449
20270731|0323|0508|1232|1626|1946|2123|27 Safer 1449
20270801|0324|0509|1232|1626|1945|2122|28 Safer 1449
20270802|0326|0510|1232|1626|1943|2120|29 Safer 1449
20270803|0327|0511|1232|1625|1942|2118|1 Rebiulevvel 1449
20270804|0329|0512|1231|1625|1941|2117|2 Rebiulevvel 1449
20270805|0330|0513|1231|1624|1940|2115|3 Rebiulevvel 1449
20270806|0332|0514|1231|1624|1939|2114|4 Rebiulevvel 1449
20270807|0333|0515|1231|1624|1938|2112|5 Rebiulevvel 1449
20270808|0335|0516|1231|1623|1936|2110|6 Rebiulevvel 1449
20270809|0336|0517|1231|1623|1935|2108|7 Rebiulevvel 1449
20270810|0338|0518|1231|1622|1934|2107|8 Rebiulevvel 1449
20270811|0339|0519|1231|1622|1933|2105|9 Rebiulevvel 1449
20270812|0341|0520|1230|1621|1931|2103|10 Rebiulevvel 1449
20270813|0342|0521|1230|1620|1930|2101|11 Rebiulevvel 1449
20270814|0344|0522|1230|1620|1929|2100|12 Rebiulevvel 1449
20270815|0345|0523|1230|1619|1927|2058|13 Rebiulevvel 1449
20270816|0347|0524|1230|1619|1926|2056|14 Rebiulevvel 1449
20270817|0348|0525|1230|1618|1925|2054|15 Rebiulevvel 1449
20270818|0350|0526|1229|1617|1923|2052|16 Rebiulevvel 1449
20270819|0351|0527|1229|1616|1922|2050|17 Rebiulevvel 1449
20270820|0353|0528|1229|1616|1920|2049|18 Rebiulevvel 1449
20270821|0354|0529|1229|1615|1919|2047|19 Rebiulevvel 1449
20270822|0356|0530|1228|1614|1917|2045|20 Rebiulevvel 1449
20270823|0357|0531|1228|1614|1916|2043|21 Rebiulevvel 1449
20270824|0358|0532|1228|1613|1914|2041|22 Rebiulevvel 1449
20270825|0400|0533|1228|1612|1913|2039|23 Rebiulevvel 1449
20270826|0401|0534|1227|1611|1911|2037|24 Rebiulevvel 1449
20270827|0402|0535|1227|1610|1910|2035|25 Rebiulevvel 1449
20270828|0404|0536|1227|1609|1908|2034|26 Rebiulevvel 1449
20270829|0405|0537|1226|1609|1906|2032|27 Rebiulevvel 1449
20270830|0407|0538|1226|1608|1905|2030|28 Rebiulevvel 1449
20270831|0408|0538|1226|1607|1903|2028|29 Rebiulevvel 1449
20270901|0409|0539|1226|1606|1902|2026|30 Rebiulevvel 1449
20270902|0411|0540|1225|1605|1900|2024|1 Rebiulahir 1449
20270903|0412|0541|1225|1604|1858|2022|2 Rebiulahir 1449
20270904|0413|0542|1225|1603|1857|2020|3 Rebiulahir 1449
20270905|0414|0543|1224|1602|1855|2018|4 Rebiulahir 1449
20270906|0416|0544|1224|1601|1853|2016|5 Rebiulahir 1449
20270907|0417|0545|1224|1600|1852|2014|6 Rebiulahir 1449
20270908|0418|0546|1223|1559|1850|2012|7 Rebiulahir 1449
20270909|0419|0547|1223|1558|1848|2011|8 Rebiulahir 1449
20270910|0421|0548|1223|1557|1847|2009|9 Rebiulahir 1449
20270911|0422|0549|1222|1556|1845|2007|10 Rebiulahir 1449
20270912|0423|0550|1222|1555|1843|2005|11 Rebiulahir 1449
20270913|0424|0551|1221|1554|1842|2003|12 Rebiulahir 1449
20270914|0426|0552|1221|1553|1840|2001|13 Rebiulahir 1449
20270915|0427|0553|1221|1552|1838|1959|14 Rebiulahir 1449
20270916|0428|0554|1220|1550|1837|1957|15 Rebiulahir 1449
20270917|0429|0555|1220|1549|1835|1955|16 Rebiulahir 1449
20270918|0430|0556|1220|1548|1833|1954|17 Rebiulahir 1449
20270919|0431|0557|1219|1547|1831|1952|18 Rebiulahir 1449
20270920|0433|0558|1219|1546|1830|1950|19 Rebiulahir 1449
20270921|0434|0559|1219|1545|1828|1948|20 Rebiulahir 1449
20270922|0435|0600|1218|1544|1826|1946|21 Rebiulahir 1449
20270923|0436|0601|1218|1542|1825|1944|22 Rebiulahir 1449
20270924|0437|0602|1218|1541|1823|1943|23 Rebiulahir 1449
20270925|0438|0603|1217|1540|1821|1941|24 Rebiulahir 1449
20270926|0439|0604|1217|1539|1820|1939|25 Rebiulahir 1449
20270927|0440|0605|1217|1538|1818|1937|26 Rebiulahir 1449
20270928|0442|0606|1216|1537|1816|1935|27 Rebiulahir 1449
20270929|0443|0607|1216|1535|1815|1934|28 Rebiulahir 1449
20270930|0444|0608|1216|1534|1813|1932|29 Rebiulahir 1449
20271001|0445|0609|1215|1533|1811|1930|1 Cemaziyelevvel 1449
20271002|0446|0610|1215|1532|1809|1928|2 Cemaziyelevvel 1449
20271003|0447|0611|1215|1530|1808|1927|3 Cemaziyelevvel 1449
20271004|0448|0612|1214|1529|1806|1925|4 Cemaziyelevvel 1449
20271005|0449|0613|1214|1528|1804|1923|5 Cemaziyelevvel 1449
20271006|0450|0614|1214|1527|1803|1922|6 Cemaziyelevvel 1449
20271007|0451|0615|1213|1526|1801|1920|7 Cemaziyelevvel 1449
20271008|0452|0617|1213|1524|1800|1918|8 Cemaziyelevvel 1449
20271009|0453|0618|1213|1523|1758|1917|9 Cemaziyelevvel 1449
20271010|0454|0619|1212|1522|1756|1915|10 Cemaziyelevvel 1449
20271011|0456|0620|1212|1521|1755|1914|11 Cemaziyelevvel 1449
20271012|0457|0621|1212|1520|1753|1912|12 Cemaziyelevvel 1449
20271013|0458|0622|1212|1518|1752|1910|13 Cemaziyelevvel 1449
20271014|0459|0623|1211|1517|1750|1909|14 Cemaziyelevvel 1449
20271015|0500|0624|1211|1516|1748|1907|15 Cemaziyelevvel 1449
20271016|0501|0625|1211|1515|1747|1906|16 Cemaziyelevvel 1449
20271017|0502|0626|1211|1514|1745|1904|17 Cemaziyelevvel 1449
20271018|0503|0627|1211|1513|1744|1903|18 Cemaziyelevvel 1449
20271019|0504|0628|1210|1511|1742|1902|19 Cemaziyelevvel 1449
20271020|0505|0630|1210|1510|1741|1900|20 Cemaziyelevvel 1449
20271021|0506|0631|1210|1509|1739|1859|21 Cemaziyelevvel 1449
20271022|0507|0632|1210|1508|1738|1857|22 Cemaziyelevvel 1449
20271023|0508|0633|1210|1507|1737|1856|23 Cemaziyelevvel 1449
20271024|0509|0634|1210|1506|1735|1855|24 Cemaziyelevvel 1449
20271025|0510|0635|1209|1505|1734|1853|25 Cemaziyelevvel 1449
20271026|0511|0636|1209|1504|1732|1852|26 Cemaziyelevvel 1449
20271027|0512|0637|1209|1502|1731|1851|27 Cemaziyelevvel 1449
20271028|0513|0639|1209|1501|1730|1850|28 Cemaziyelevvel 1449
20271029|0514|0640|1209|1500|1728|1849|29 Cemaziyelevvel 1449
20271030|0515|0641|1209|1459|1727|1847|30 Cemaziyelevvel 1449
20271031|0516|0642|1209|1458|1726|1846|1 Cemaziyelahir 1449
20271101|0517|0643|1209|1457|1725|1845|2 Cemaziyelahir 1449
20271102|0519|0644|1209|1456|1723|1844|3 Cemaziyelahir 1449
20271103|0520|0646|1209|1455|1722|1843|4 Cemaziyelahir 1449
20271104|0521|0647|1209|1454|1721|1842|5 Cemaziyelahir 1449
20271105|0522|0648|1209|1454|1720|1841|6 Cemaziyelahir 1449
20271106|0523|0649|1209|1453|1719|1840|7 Cemaziyelahir 1449
20271107|0524|0650|1209|1452|1717|1839|8 Cemaziyelahir 1449
20271108|0525|0652|1209|1451|1716|1838|9 Cemaziyelahir 1449
20271109|0526|0653|1209|1450|1715|1837|10 Cemaziyelahir 1449
20271110|0527|0654|1209|1449|1714|1836|11 Cemaziyelahir 1449
20271111|0528|0655|1209|1448|1713|1835|12 Cemaziyelahir 1449
20271112|0529|0656|1209|1448|1712|1835|13 Cemaziyelahir 1449
20271113|0530|0658|1209|1447|1711|1834|14 Cemaziyelahir 1449
20271114|0531|0659|1210|1446|1711|1833|15 Cemaziyelahir 1449
20271115|0532|0700|1210|1446|1710|1832|16 Cemaziyelahir 1449
20271116|0533|0701|1210|1445|1709|1832|17 Cemaziyelahir 1449
20271117|0534|0702|1210|1444|1708|1831|18 Cemaziyelahir 1449
20271118|0535|0703|1210|1444|1707|1830|19 Cemaziyelahir 1449
20271119|0536|0705|1211|1443|1706|1830|20 Cemaziyelahir 1449
20271120|0537|0706|1211|1443|1706|1829|21 Cemaziyelahir 1449
20271121|0538|0707|1211|1442|1705|1829|22 Cemaziyelahir 1449
20271122|0539|0708|1211|1442|1704|1828|23 Cemaziyelahir 1449
20271123|0540|0709|1211|1441|1704|1828|24 Cemaziyelahir 1449
20271124|0541|0710|1212|1441|1703|1827|25 Cemaziyelahir 1449
20271125|0542|0711|1212|1440|1703|1827|26 Cemaziyelahir 1449
20271126|0543|0713|1212|1440|1702|1827|27 Cemaziyelahir 1449
20271127|0544|0714|1213|1440|1702|1826|28 Cemaziyelahir 1449
20271128|0545|0715|1213|1439|1701|1826|29 Cemaziyelahir 1449
20271129|0546|0716|1213|1439|1701|1826|1 Recep 1449
20271130|0546|0717|1214|1439|1700|1825|2 Recep 1449
20271201|0547|0718|1214|1438|1700|1825|3 Recep 1449
20271202|0548|0719|1214|1438|1700|1825|4 Recep 1449
20271203|0549|0720|1215|1438|1700|1825|5 Recep 1449
20271204|0550|0721|1215|1438|1659|1825|6 Recep 1449
20271205|0551|0722|1216|1438|1659|1825|7 Recep 1449
20271206|0552|0723|1216|1438|1659|1825|8 Recep 1449
20271207|0552|0724|1216|1438|1659|1825|9 Recep 1449
20271208|0553|0725|1217|1438|1659|1825|10 Recep 1449
20271209|0554|0726|1217|1438|1659|1825|11 Recep 1449
20271210|0555|0727|1218|1438|1659|1825|12 Recep 1449
20271211|0556|0727|1218|1438|1659|1825|13 Recep 1449
20271212|0556|0728|1219|1438|1659|1825|14 Recep 1449
20271213|0557|0729|1219|1439|1659|1826|15 Recep 1449
20271214|0558|0730|1220|1439|1659|1826|16 Recep 1449
20271215|0558|0730|1220|1439|1700|1826|17 Recep 1449
20271216|0559|0731|1221|1439|1700|1827|18 Recep 1449
20271217|0600|0732|1221|1440|1700|1827|19 Recep 1449
20271218|0600|0732|1222|1440|1701|1827|20 Recep 1449
20271219|0601|0733|1222|1440|1701|1828|21 Recep 1449
20271220|0601|0734|1222|1441|1701|1828|22 Recep 1449
20271221|0602|0734|1223|1441|1702|1829|23 Recep 1449
20271222|0603|0735|1223|1442|1702|1829|24 Recep 1449
20271223|0603|0735|1224|1442|1703|1829|25 Recep 1449
20271224|0603|0736|1224|1443|1703|1830|26 Recep 1449
20271225|0604|0736|1225|1443|1704|1831|27 Recep 1449
20271226|0604|0736|1225|1444|1705|1831|28 Recep 1449
20271227|0605|0737|1226|1445|1705|1832|29 Recep 1449
20271228|0605|0737|1226|1445|1706|1832|30 Recep 1449
20271229|0605|0737|1227|1446|1707|1833|1 Şaban 1449
20271230|0606|0738|1227|1447|1707|1834|2 Şaban 1449
20271231|0606|0738|1228|1447|1708|1834|3 Şaban 1449
#@9894|Beşikdüzü|TRABZON|396
20261003|0450|0614|1217|1533|1810|1929|22 Rebiulahir 1448
20261004|0451|0615|1217|1532|1809|1928|23 Rebiulahir 1448
20261005|0452|0617|1217|1530|1807|1926|24 Rebiulahir 1448
20261006|0453|0618|1216|1529|1805|1924|25 Rebiulahir 1448
20261007|0454|0619|1216|1528|1804|1923|26 Rebiulahir 1448
20261008|0455|0620|1216|1527|1802|1921|27 Rebiulahir 1448
20261009|0456|0621|1215|1526|1800|1919|28 Rebiulahir 1448
20261010|0457|0622|1215|1524|1759|1918|29 Rebiulahir 1448
20261011|0459|0623|1215|1523|1757|1916|30 Rebiulahir 1448
20261012|0500|0624|1215|1522|1756|1915|1 Cemaziyelevvel 1448
20261013|0501|0625|1214|1521|1754|1913|2 Cemaziyelevvel 1448
20261014|0502|0626|1214|1520|1752|1911|3 Cemaziyelevvel 1448
20261015|0503|0627|1214|1518|1751|1910|4 Cemaziyelevvel 1448
20261016|0504|0628|1214|1517|1749|1908|5 Cemaziyelevvel 1448
20261017|0505|0629|1214|1516|1748|1907|6 Cemaziyelevvel 1448
20261018|0506|0631|1213|1515|1746|1906|7 Cemaziyelevvel 1448
20261019|0507|0632|1213|1514|1745|1904|8 Cemaziyelevvel 1448
20261020|0508|0633|1213|1513|1743|1903|9 Cemaziyelevvel 1448
20261021|0509|0634|1213|1511|1742|1901|10 Cemaziyelevvel 1448
20261022|0510|0635|1213|1510|1740|1900|11 Cemaziyelevvel 1448
20261023|0511|0636|1212|1509|1739|1859|12 Cemaziyelevvel 1448
20261024|0512|0637|1212|1508|1737|1857|13 Cemaziyelevvel 1448
20261025|0513|0638|1212|1507|1736|1856|14 Cemaziyelevvel 1448
20261026|0514|0640|1212|1506|1735|1855|15 Cemaziyelevvel 1448
20261027|0515|0641|1212|1505|1733|1853|16 Cemaziyelevvel 1448
20261028|0516|0642|1212|1504|1732|1852|17 Cemaziyelevvel 1448
20261029|0517|0643|1212|1503|1731|1851|18 Cemaziyelevvel 1448
20261030|0518|0644|1212|1502|1729|1850|19 Cemaziyelevvel 1448
20261031|0520|0645|1212|1501|1728|1849|20 Cemaziyelevvel 1448
20261101|0521|0647|1212|1500|1727|1848|21 Cemaziyelevvel 1448
20261102|0522|0648|1212|1459|1726|1846|22 Cemaziyelevvel 1448
20270101|0609|0741|1231|1451|1712|1838|23 Recep 1448
20270102|0609|0741|1232|1452|1712|1839|24 Recep 1448
20270103|0609|0741|1232|1452|1713|1840|25 Recep 1448
20270104|0610|0741|1233|1453|1714|1840|26 Recep 1448
20270105|0610|0741|1233|1454|1715|1841|27 Recep 1448
20270106|0610|0741|1234|1455|1716|1842|28 Recep 1448
20270107|0610|0741|1234|1456|1717|1843|29 Recep 1448
20270108|0610|0741|1234|1457|1718|1844|30 Recep 1448
20270109|0610|0741|1235|1458|1719|1845|1 Şaban 1448
20270110|0610|0741|1235|1458|1720|1845|2 Şaban 1448
20270111|0610|0741|1236|1459|1721|1846|3 Şaban 1448
20270112|0609|0740|1236|1500|1722|1847|4 Şaban 1448
20270113|0609|0740|1237|1501|1723|1848|5 Şaban 1448
20270114|0609|0740|1237|1502|1724|1849|6 Şaban 1448
20270115|0609|0739|1237|1503|1725|1850|7 Şaban 1448
20270116|0609|0739|1238|1504|1726|1851|8 Şaban 1448
20270117|0608|0738|1238|1505|1728|1852|9 Şaban 1448
20270118|0608|0738|1238|1506|1729|1853|10 Şaban 1448
20270119|0608|0737|1239|1507|1730|1854|11 Şaban 1448
20270120|0607|0737|1239|1508|1731|1855|12 Şaban 1448
20270121|0607|0736|1239|1509|1732|1856|13 Şaban 1448
20270122|0606|0736|1239|1510|1733|1857|14 Şaban 1448
20270123|0606|0735|1240|1511|1735|1858|15 Şaban 1448
20270124|0605|0734|1240|1512|1736|1859|16 Şaban 1448
20270125|0605|0733|1240|1514|1737|1900|17 Şaban 1448
20270126|0604|0733|1240|1515|1738|1901|18 Şaban 1448
20270127|0604|0732|1241|1516|1740|1902|19 Şaban 1448
20270128|0603|0731|1241|1517|1741|1904|20 Şaban 1448
20270129|0602|0730|1241|1518|1742|1905|21 Şaban 1448
20270130|0602|0729|1241|1519|1743|1906|22 Şaban 1448
20270131|0601|0728|1241|1520|1744|1907|23 Şaban 1448
20270201|0600|0727|1242|1521|1746|1908|24 Şaban 1448
20270202|0559|0726|1242|1522|1747|1909|25 Şaban 1448
20270203|0558|0725|1242|1523|1748|1910|26 Şaban 1448
20270204|0557|0724|1242|1524|1749|1911|27 Şaban 1448
20270205|0557|0723|1242|1525|1751|1912|28 Şaban 1448
20270206|0556|0722|1242|1526|1752|1913|29 Şaban 1448
20270207|0555|0721|1242|1527|1753|1914|30 Şaban 1448
20270208|0554|0720|1242|1528|1754|1915|1 Ramazan 1448
20270209|0553|0719|1242|1529|1756|1917|2 Ramazan 1448
20270210|0552|0718|1242|1530|1757|1918|3 Ramazan 1448
20270211|0551|0716|1242|1531|1758|1919|4 Ramazan 1448
20270212|0549|0715|1242|1532|1759|1920|5 Ramazan 1448
20270213|0548|0714|1242|1533|1801|1921|6 Ramazan 1448
20270214|0547|0713|1242|1534|1802|1922|7 Ramazan 1448
20270215|0546|0711|1242|1535|1803|1923|8 Ramazan 1448
20270216|0545|0710|1242|1536|1804|1924|9 Ramazan 1448
20270217|0544|0709|1242|1537|1806|1925|10 Ramazan 1448
20270218|0542|0707|1242|1538|1807|1927|11 Ramazan 1448
20270219|0541|0706|1242|1538|1808|1928|12 Ramazan 1448
20270220|0540|0705|1242|1539|1809|1929|13 Ramazan 1448
20270221|0538|0703|1242|1540|1810|1930|14 Ramazan 1448
20270222|0537|0702|1242|1541|1812|1931|15 Ramazan 1448
20270223|0536|0700|1242|1542|1813|1932|16 Ramazan 1448
20270224|0534|0659|1241|1543|1814|1933|17 Ramazan 1448
20270225|0533|0657|1241|1544|1815|1934|18 Ramazan 1448
20270226|0531|0656|1241|1544|1816|1935|19 Ramazan 1448
20270227|0530|0654|1241|1545|1817|1937|20 Ramazan 1448
20270228|0528|0653|1241|1546|1819|1938|21 Ramazan 1448
20270301|0527|0651|1241|1547|1820|1939|22 Ramazan 1448
20270302|0525|0650|1240|1548|1821|1940|23 Ramazan 1448
20270303|0524|0648|1240|1548|1822|1941|24 Ramazan 1448
20270304|0522|0647|1240|1549|1823|1942|25 Ramazan 1448
20270305|0521|0645|1240|1550|1824|1943|26 Ramazan 1448
20270306|0519|0643|1240|1551|1826|1945|27 Ramazan 1448
20270307|0518|0642|1239|1551|1827|1946|28 Ramazan 1448
20270308|0516|0640|1239|1552|1828|1947|29 Ramazan 1448
20270309|0514|0639|1239|1553|1829|1948|1 Şevval 1448
20270310|0513|0637|1239|1553|1830|1949|2 Şevval 1448
20270311|0511|0635|1238|1554|1831|1950|3 Şevval 1448
20270312|0509|0634|1238|1555|1832|1951|4 Şevval 1448
20270313|0508|0632|1238|1555|1833|1953|5 Şevval 1448
20270314|0506|0631|1237|1556|1834|1954|6 Şevval 1448
20270315|0504|0629|1237|1556|1836|1955|7 Şevval 1448
20270316|0502|0627|1237|1557|1837|1956|8 Şevval 1448
20270317|0501|0626|1237|1558|1838|1957|9 Şevval 1448
20270318|0459|0624|1236|1558|1839|1958|10 Şevval 1448
20270319|0457|0622|1236|1559|1840|2000|11 Şevval 1448
20270320|0455|0621|1236|1559|1841|2001|12 Şevval 1448
20270321|0454|0619|1235|1600|1842|2002|13 Şevval 1448
20270322|0452|0617|1235|1600|1843|2003|14 Şevval 1448
20270323|0450|0616|1235|1601|1844|2004|15 Şevval 1448
20270324|0448|0614|1235|1601|1845|2006|16 Şevval 1448
20270325|0446|0612|1234|1602|1846|2007|17 Şevval 1448
20270326|0444|0610|1234|1602|1847|2008|18 Şevval 1448
20270327|0443|0609|1234|1603|1849|2009|19 Şevval 1448
20270328|0441|0607|1233|1603|1850|2011|20 Şevval 1448
20270329|0439|0605|1233|1604|1851|2012|21 Şevval 1448
20270330|0437|0604|1233|1604|1852|2013|22 Şevval 1448
20270331|0435|0602|1232|1605|1853|2014|23 Şevval 1448
20270401|0433|0600|1232|1605|1854|2016|24 Şevval 1448
20270402|0431|0559|1232|1606|1855|2017|25 Şevval 1448
20270403|0429|0557|1232|1606|1856|2018|26 Şevval 1448
20270404|0427|0556|1231|1607|1857|2019|27 Şevval 1448
20270405|0425|0554|1231|1607|1858|2021|28 Şevval 1448
20270406|0424|0552|1231|1607|1859|2022|29 Şevval 1448
20270407|0422|0551|1230|1608|1900|2023|30 Şevval 1448
20270408|0420|0549|1230|1608|1901|2025|1 Zilkade 1448
20270409|0418|0547|1230|1608|1902|2026|2 Zilkade 1448
20270410|0416|0546|1230|1609|1903|2027|3 Zilkade 1448
20270411|0414|0544|1229|1609|1905|2029|4 Zilkade 1448
20270412|0412|0543|1229|1610|1906|2030|5 Zilkade 1448
20270413|0410|0541|1229|1610|1907|2031|6 Zilkade 1448
20270414|0408|0539|1229|1610|1908|2033|7 Zilkade 1448
20270415|0406|0538|1228|1611|1909|2034|8 Zilkade 1448
20270416|0404|0536|1228|1611|1910|2036|9 Zilkade 1448
20270417|0402|0535|1228|1611|1911|2037|10 Zilkade 1448
20270418|0401|0533|1228|1612|1912|2038|11 Zilkade 1448
20270419|0359|0532|1227|1612|1913|2040|12 Zilkade 1448
20270420|0357|0530|1227|1612|1914|2041|13 Zilkade 1448
20270421|0355|0529|1227|1613|1915|2043|14 Zilkade 1448
20270422|0353|0527|1227|1613|1916|2044|15 Zilkade 1448
20270423|0351|0526|1227|1613|1917|2046|16 Zilkade 1448
20270424|0349|0524|1226|1614|1918|2047|17 Zilkade 1448
20270425|0347|0523|1226|1614|1919|2049|18 Zilkade 1448
20270426|0345|0522|1226|1614|1920|2050|19 Zilkade 1448
20270427|0344|0520|1226|1614|1922|2052|20 Zilkade 1448
20270428|0342|0519|1226|1615|1923|2053|21 Zilkade 1448
20270429|0340|0517|1226|1615|1924|2055|22 Zilkade 1448
20270430|0338|0516|1225|1615|1925|2056|23 Zilkade 1448
20270501|0336|0515|1225|1616|1926|2058|24 Zilkade 1448
20270502|0334|0514|1225|1616|1927|2059|25 Zilkade 1448
20270503|0333|0512|1225|1616|1928|2101|26 Zilkade 1448
20270504|0331|0511|1225|1617|1929|2102|27 Zilkade 1448
20270505|0329|0510|1225|1617|1930|2104|28 Zilkade 1448
20270506|0327|0509|1225|1617|1931|2105|29 Zilkade 1448
20270507|0326|0507|1225|1617|1932|2107|1 Zilhicce 1448
20270508|0324|0506|1225|1618|1933|2108|2 Zilhicce 1448
20270509|0322|0505|1225|1618|1934|2110|3 Zilhicce 1448
20270510|0320|0504|1225|1618|1935|2111|4 Zilhicce 1448
20270511|0319|0503|1225|1619|1936|2113|5 Zilhicce 1448
20270512|0317|0502|1224|1619|1937|2114|6 Zilhicce 1448
20270513|0316|0501|1224|1619|1938|2116|7 Zilhicce 1448
20270514|0314|0500|1224|1619|1939|2117|8 Zilhicce 1448
20270515|0312|0459|1224|1620|1940|2119|9 Zilhicce 1448
20270516|0311|0458|1224|1620|1941|2120|10 Zilhicce 1448
20270517|0309|0457|1224|1620|1942|2122|11 Zilhicce 1448
20270518|0308|0456|1225|1621|1943|2123|12 Zilhicce 1448
20270519|0306|0455|1225|1621|1944|2125|13 Zilhicce 1448
20270520|0305|0454|1225|1621|1945|2126|14 Zilhicce 1448
20270521|0304|0453|1225|1621|1946|2128|15 Zilhicce 1448
20270522|0302|0453|1225|1622|1947|2129|16 Zilhicce 1448
20270523|0301|0452|1225|1622|1948|2131|17 Zilhicce 1448
20270524|0300|0451|1225|1622|1949|2132|18 Zilhicce 1448
20270525|0258|0450|1225|1623|1950|2133|19 Zilhicce 1448
20270526|0257|0450|1225|1623|1950|2135|20 Zilhicce 1448
20270527|0256|0449|1225|1623|1951|2136|21 Zilhicce 1448
20270528|0255|0449|1225|1623|1952|2137|22 Zilhicce 1448
20270529|0254|0448|1225|1624|1953|2139|23 Zilhicce 1448
20270530|0253|0447|1226|1624|1954|2140|24 Zilhicce 1448
20270531|0252|0447|1226|1624|1955|2141|25 Zilhicce 1448
20270601|0251|0446|1226|1625|1955|2142|26 Zilhicce 1448
20270602|0250|0446|1226|1625|1956|2143|27 Zilhicce 1448
20270603|0249|0446|1226|1625|1957|2144|28 Zilhicce 1448
20270604|0248|0445|1226|1625|1958|2146|29 Zilhicce 1448
20270605|0247|0445|1227|1626|1958|2147|30 Zilhicce 1448
20270606|0247|0445|1227|1626|1959|2148|1 Muharrem 1449
20270607|0246|0444|1227|1626|2000|2149|2 Muharrem 1449
20270608|0245|0444|1227|1626|2000|2150|3 Muharrem 1449
20270609|0245|0444|1227|1627|2001|2150|4 Muharrem 1449
20270610|0244|0444|1227|1627|2001|2151|5 Muharrem 1449
20270611|0244|0443|1228|1627|2002|2152|6 Muharrem 1449
20270612|0244|0443|1228|1628|2002|2153|7 Muharrem 1449
20270613|0243|0443|1228|1628|2003|2154|8 Muharrem 1449
20270614|0243|0443|1228|1628|2003|2154|9 Muharrem 1449
20270615|0243|0443|1228|1628|2004|2155|10 Muharrem 1449
20270616|0243|0443|1229|1629|2004|2155|11 Muharrem 1449
20270617|0243|0443|1229|1629|2005|2156|12 Muharrem 1449
20270618|0243|0443|1229|1629|2005|2156|13 Muharrem 1449
20270619|0243|0444|1229|1629|2005|2157|14 Muharrem 1449
20270620|0243|0444|1230|1630|2005|2157|15 Muharrem 1449
20270621|0243|0444|1230|1630|2006|2157|16 Muharrem 1449
20270622|0243|0444|1230|1630|2006|2158|17 Muharrem 1449
20270623|0243|0444|1230|1630|2006|2158|18 Muharrem 1449
20270624|0244|0445|1230|1630|2006|2158|19 Muharrem 1449
20270625|0244|0445|1231|1631|2006|2158|20 Muharrem 1449
20270626|0244|0445|1231|1631|2006|2158|21 Muharrem 1449
20270627|0245|0446|1231|1631|2007|2158|22 Muharrem 1449
20270628|0246|0446|1231|1631|2007|2158|23 Muharrem 1449
20270629|0246|0446|1231|1631|2007|2157|24 Muharrem 1449
20270630|0247|0447|1232|1631|2007|2157|25 Muharrem 1449
20270701|0248|0447|1232|1632|2006|2157|26 Muharrem 1449
20270702|0248|0448|1232|1632|2006|2157|27 Muharrem 1449
20270703|0249|0448|1232|1632|2006|2156|28 Muharrem 1449
20270704|0250|0449|1232|1632|2006|2156|29 Muharrem 1449
20270705|0251|0449|1233|1632|2006|2155|1 Safer 1449
20270706|0252|0450|1233|1632|2006|2155|2 Safer 1449
20270707|0253|0451|1233|1632|2005|2154|3 Safer 1449
20270708|0254|0451|1233|1632|2005|2153|4 Safer 1449
20270709|0255|0452|1233|1632|2005|2153|5 Safer 1449
20270710|0256|0453|1233|1632|2004|2152|6 Safer 1449
20270711|0257|0453|1234|1632|2004|2151|7 Safer 1449
20270712|0258|0454|1234|1632|2003|2150|8 Safer 1449
20270713|0300|0455|1234|1632|2003|2149|9 Safer 1449
20270714|0301|0456|1234|1632|2002|2148|10 Safer 1449
20270715|0302|0456|1234|1632|2002|2147|11 Safer 1449
20270716|0303|0457|1234|1632|2001|2146|12 Safer 1449
20270717|0305|0458|1234|1632|2001|2145|13 Safer 1449
20270718|0306|0459|1234|1632|2000|2144|14 Safer 1449
20270719|0307|0500|1234|1632|1959|2143|15 Safer 1449
20270720|0309|0500|1234|1632|1959|2142|16 Safer 1449
20270721|0310|0501|1235|1632|1958|2141|17 Safer 1449
20270722|0312|0502|1235|1632|1957|2139|18 Safer 1449
20270723|0313|0503|1235|1631|1956|2138|19 Safer 1449
20270724|0315|0504|1235|1631|1955|2137|20 Safer 1449
20270725|0316|0505|1235|1631|1954|2135|21 Safer 1449
20270726|0318|0506|1235|1631|1954|2134|22 Safer 1449
20270727|0319|0507|1235|1630|1953|2133|23 Safer 1449
20270728|0321|0508|1235|1630|1952|2131|24 Safer 1449
20270729|0322|0509|1235|1630|1951|2130|25 Safer 1449
20270730|0324|0510|1235|1630|1950|2128|26 Safer 1449
20270731|0325|0510|1235|1629|1949|2127|27 Safer 1449
20270801|0327|0511|1235|1629|1948|2125|28 Safer 1449
20270802|0328|0512|1234|1629|1947|2123|29 Safer 1449
20270803|0330|0513|1234|1628|1945|2122|1 Rebiulevvel 1449
20270804|0331|0514|1234|1628|1944|2120|2 Rebiulevvel 1449
20270805|0333|0515|1234|1627|1943|2118|3 Rebiulevvel 1449
20270806|0334|0516|1234|1627|1942|2117|4 Rebiulevvel 1449
20270807|0336|0517|1234|1626|1941|2115|5 Rebiulevvel 1449
20270808|0337|0518|1234|1626|1939|2113|6 Rebiulevvel 1449
20270809|0339|0519|1234|1625|1938|2112|7 Rebiulevvel 1449
20270810|0340|0520|1234|1625|1937|2110|8 Rebiulevvel 1449
20270811|0342|0521|1233|1624|1936|2108|9 Rebiulevvel 1449
20270812|0343|0522|1233|1624|1934|2106|10 Rebiulevvel 1449
20270813|0345|0523|1233|1623|1933|2105|11 Rebiulevvel 1449
20270814|0346|0524|1233|1623|1932|2103|12 Rebiulevvel 1449
20270815|0348|0525|1233|1622|1930|2101|13 Rebiulevvel 1449
20270816|0349|0526|1233|1621|1929|2059|14 Rebiulevvel 1449
20270817|0351|0527|1232|1621|1927|2057|15 Rebiulevvel 1449
20270818|0352|0528|1232|1620|1926|2055|16 Rebiulevvel 1449
20270819|0354|0529|1232|1619|1925|2054|17 Rebiulevvel 1449
20270820|0355|0530|1232|1619|1923|2052|18 Rebiulevvel 1449
20270821|0357|0531|1231|1618|1922|2050|19 Rebiulevvel 1449
20270822|0358|0532|1231|1617|1920|2048|20 Rebiulevvel 1449
20270823|0359|0533|1231|1616|1919|2046|21 Rebiulevvel 1449
20270824|0401|0534|1231|1616|1917|2044|22 Rebiulevvel 1449
20270825|0402|0535|1230|1615|1916|2042|23 Rebiulevvel 1449
20270826|0404|0536|1230|1614|1914|2040|24 Rebiulevvel 1449
20270827|0405|0537|1230|1613|1913|2039|25 Rebiulevvel 1449
20270828|0406|0538|1230|1612|1911|2037|26 Rebiulevvel 1449
20270829|0408|0539|1229|1611|1909|2035|27 Rebiulevvel 1449
20270830|0409|0540|1229|1611|1908|2033|28 Rebiulevvel 1449
20270831|0410|0541|1229|1610|1906|2031|29 Rebiulevvel 1449
20270901|0412|0542|1228|1609|1905|2029|30 Rebiulevvel 1449
20270902|0413|0543|1228|1608|1903|2027|1 Rebiulahir 1449
20270903|0414|0544|1228|1607|1901|2025|2 Rebiulahir 1449
20270904|0416|0545|1227|1606|1900|2023|3 Rebiulahir 1449
20270905|0417|0546|1227|1605|1858|2021|4 Rebiulahir 1449
20270906|0418|0547|1227|1604|1856|2019|5 Rebiulahir 1449
20270907|0419|0548|1226|1603|1855|2017|6 Rebiulahir 1449
20270908|0421|0549|1226|1602|1853|2016|7 Rebiulahir 1449
20270909|0422|0550|1226|1601|1851|2014|8 Rebiulahir 1449
20270910|0423|0551|1225|1600|1850|2012|9 Rebiulahir 1449
20270911|0424|0552|1225|1559|1848|2010|10 Rebiulahir 1449
20270912|0426|0553|1225|1558|1846|2008|11 Rebiulahir 1449
20270913|0427|0554|1224|1557|1845|2006|12 Rebiulahir 1449
20270914|0428|0555|1224|1555|1843|2004|13 Rebiulahir 1449
20270915|0429|0556|1224|1554|1841|2002|14 Rebiulahir 1449
20270916|0431|0557|1223|1553|1839|2000|15 Rebiulahir 1449
20270917|0432|0558|1223|1552|1838|1958|16 Rebiulahir 1449
20270918|0433|0559|1222|1551|1836|1957|17 Rebiulahir 1449
20270919|0434|0600|1222|1550|1834|1955|18 Rebiulahir 1449
20270920|0435|0601|1222|1549|1833|1953|19 Rebiulahir 1449
20270921|0436|0602|1221|1548|1831|1951|20 Rebiulahir 1449
20270922|0437|0603|1221|1546|1829|1949|21 Rebiulahir 1449
20270923|0439|0604|1221|1545|1827|1947|22 Rebiulahir 1449
20270924|0440|0605|1220|1544|1826|1946|23 Rebiulahir 1449
20270925|0441|0606|1220|1543|1824|1944|24 Rebiulahir 1449
20270926|0442|0607|1220|1542|1822|1942|25 Rebiulahir 1449
20270927|0443|0608|1219|1540|1821|1940|26 Rebiulahir 1449
20270928|0444|0609|1219|1539|1819|1938|27 Rebiulahir 1449
20270929|0445|0610|1219|1538|1817|1937|28 Rebiulahir 1449
20270930|0446|0611|1218|1537|1816|1935|29 Rebiulahir 1449
20271001|0448|0612|1218|1536|1814|1933|1 Cemaziyelevvel 1449
20271002|0449|0613|1218|1534|1812|1931|2 Cemaziyelevvel 1449
20271003|0450|0614|1217|1533|1811|1930|3 Cemaziyelevvel 1449
20271004|0451|0615|1217|1532|1809|1928|4 Cemaziyelevvel 1449
20271005|0452|0616|1217|1531|1807|1926|5 Cemaziyelevvel 1449
20271006|0453|0617|1216|1530|1806|1925|6 Cemaziyelevvel 1449
20271007|0454|0618|1216|1528|1804|1923|7 Cemaziyelevvel 1449
20271008|0455|0619|1216|1527|1802|1921|8 Cemaziyelevvel 1449
20271009|0456|0620|1216|1526|1801|1920|9 Cemaziyelevvel 1449
20271010|0457|0622|1215|1525|1759|1918|10 Cemaziyelevvel 1449
20271011|0458|0623|1215|1524|1757|1916|11 Cemaziyelevvel 1449
20271012|0459|0624|1215|1522|1756|1915|12 Cemaziyelevvel 1449
20271013|0500|0625|1215|1521|1754|1913|13 Cemaziyelevvel 1449
20271014|0501|0626|1214|1520|1753|1912|14 Cemaziyelevvel 1449
20271015|0503|0627|1214|1519|1751|1910|15 Cemaziyelevvel 1449
20271016|0504|0628|1214|1518|1750|1909|16 Cemaziyelevvel 1449
20271017|0505|0629|1214|1516|1748|1907|17 Cemaziyelevvel 1449
20271018|0506|0630|1213|1515|1747|1906|18 Cemaziyelevvel 1449
20271019|0507|0631|1213|1514|1745|1904|19 Cemaziyelevvel 1449
20271020|0508|0632|1213|1513|1744|1903|20 Cemaziyelevvel 1449
20271021|0509|0634|1213|1512|1742|1902|21 Cemaziyelevvel 1449
20271022|0510|0635|1213|1511|1741|1900|22 Cemaziyelevvel 1449
20271023|0511|0636|1213|1509|1739|1859|23 Cemaziyelevvel 1449
20271024|0512|0637|1212|1508|1738|1858|24 Cemaziyelevvel 1449
20271025|0513|0638|1212|1507|1736|1856|25 Cemaziyelevvel 1449
20271026|0514|0639|1212|1506|1735|1855|26 Cemaziyelevvel 1449
20271027|0515|0640|1212|1505|1734|1854|27 Cemaziyelevvel 1449
20271028|0516|0642|1212|1504|1732|1852|28 Cemaziyelevvel 1449
20271029|0517|0643|1212|1503|1731|1851|29 Cemaziyelevvel 1449
20271030|0518|0644|1212|1502|1730|1850|30 Cemaziyelevvel 1449
20271031|0519|0645|1212|1501|1728|1849|1 Cemaziyelahir 1449
20271101|0520|0646|1212|1500|1727|1848|2 Cemaziyelahir 1449
20271102|0521|0647|1212|1459|1726|1847|3 Cemaziyelahir 1449
20271103|0522|0649|1212|1458|1725|1846|4 Cemaziyelahir 1449
20271104|0523|0650|1212|1457|1724|1845|5 Cemaziyelahir 1449
20271105|0524|0651|1212|1456|1722|1844|6 Cemaziyelahir 1449
20271106|0526|0652|1212|1455|1721|1843|7 Cemaziyelahir 1449
20271107|0527|0653|1212|1454|1720|1842|8 Cemaziyelahir 1449
20271108|0528|0655|1212|1454|1719|1841|9 Cemaziyelahir 1449
20271109|0529|0656|1212|1453|1718|1840|10 Cemaziyelahir 1449
20271110|0530|0657|1212|1452|1717|1839|11 Cemaziyelahir 1449
20271111|0531|0658|1212|1451|1716|1838|12 Cemaziyelahir 1449
20271112|0532|0659|1212|1450|1715|1837|13 Cemaziyelahir 1449
20271113|0533|0701|1212|1450|1714|1836|14 Cemaziyelahir 1449
20271114|0534|0702|1212|1449|1713|1836|15 Cemaziyelahir 1449
20271115|0535|0703|1213|1448|1712|1835|16 Cemaziyelahir 1449
20271116|0536|0704|1213|1447|1711|1834|17 Cemaziyelahir 1449
20271117|0537|0705|1213|1447|1711|1834|18 Cemaziyelahir 1449
20271118|0538|0706|1213|1446|1710|1833|19 Cemaziyelahir 1449
20271119|0539|0708|1213|1446|1709|1832|20 Cemaziyelahir 1449
20271120|0540|0709|1214|1445|1708|1832|21 Cemaziyelahir 1449
20271121|0541|0710|1214|1445|1708|1831|22 Cemaziyelahir 1449
20271122|0542|0711|1214|1444|1707|1831|23 Cemaziyelahir 1449
20271123|0543|0712|1214|1444|1706|1830|24 Cemaziyelahir 1449
20271124|0544|0713|1215|1443|1706|1830|25 Cemaziyelahir 1449
20271125|0545|0715|1215|1443|1705|1830|26 Cemaziyelahir 1449
20271126|0546|0716|1215|1442|1705|1829|27 Cemaziyelahir 1449
20271127|0547|0717|1215|1442|1704|1829|28 Cemaziyelahir 1449
20271128|0548|0718|1216|1442|1704|1829|29 Cemaziyelahir 1449
20271129|0548|0719|1216|1441|1703|1828|1 Recep 1449
20271130|0549|0720|1216|1441|1703|1828|2 Recep 1449
20271201|0550|0721|1217|1441|1703|1828|3 Recep 1449
20271202|0551|0722|1217|1441|1702|1828|4 Recep 1449
20271203|0552|0723|1218|1441|1702|1828|5 Recep 1449
20271204|0553|0724|1218|1441|1702|1828|6 Recep 1449
20271205|0554|0725|1218|1440|1702|1828|7 Recep 1449
20271206|0555|0726|1219|1440|1702|1828|8 Recep 1449
20271207|0555|0727|1219|1440|1702|1828|9 Recep 1449
20271208|0556|0728|1220|1440|1702|1828|10 Recep 1449
20271209|0557|0729|1220|1441|1701|1828|11 Recep 1449
20271210|0558|0730|1221|1441|1702|1828|12 Recep 1449
20271211|0559|0730|1221|1441|1702|1828|13 Recep 1449
20271212|0559|0731|1221|1441|1702|1828|14 Recep 1449
20271213|0600|0732|1222|1441|1702|1828|15 Recep 1449
20271214|0601|0733|1222|1441|1702|1829|16 Recep 1449
20271215|0601|0734|1223|1442|1702|1829|17 Recep 1449
20271216|0602|0734|1223|1442|1702|1829|18 Recep 1449
20271217|0603|0735|1224|1442|1703|1830|19 Recep 1449
20271218|0603|0736|1224|1443|1703|1830|20 Recep 1449
20271219|0604|0736|1225|1443|1703|1830|21 Recep 1449
20271220|0604|0737|1225|1443|1704|1831|22 Recep 1449
20271221|0605|0737|1226|1444|1704|1831|23 Recep 1449
20271222|0605|0738|1226|1444|1705|1832|24 Recep 1449
20271223|0606|0738|1227|1445|1705|1832|25 Recep 1449
20271224|0606|0739|1227|1445|1706|1833|26 Recep 1449
20271225|0607|0739|1228|1446|1706|1833|27 Recep 1449
20271226|0607|0740|1228|1446|1707|1834|28 Recep 1449
20271227|0608|0740|1229|1447|1708|1834|29 Recep 1449
20271228|0608|0740|1229|1448|1708|1835|30 Recep 1449
20271229|0608|0740|1230|1448|1709|1836|1 Şaban 1449
20271230|0609|0741|1230|1449|1710|1836|2 Şaban 1449
20271231|0609|0741|1231|1450|1711|1837|3 Şaban 1449
#@9895|Çarşıbaşı|TRABZON|396
20261003|0449|0614|1217|1532|1810|1929|22 Rebiulahir 1448
20261004|0450|0615|1216|1531|1808|1927|23 Rebiulahir 1448
20261005|0451|0616|1216|1530|1806|1925|24 Rebiulahir 1448
20261006|0453|0617|1216|1529|1805|1924|25 Rebiulahir 1448
20261007|0454|0618|1215|1527|1803|1922|26 Rebiulahir 1448
20261008|0455|0619|1215|1526|1801|1920|27 Rebiulahir 1448
20261009|0456|0620|1215|1525|1800|1919|28 Rebiulahir 1448
20261010|0457|0621|1215|1524|1758|1917|29 Rebiulahir 1448
20261011|0458|0622|1214|1523|1756|1915|30 Rebiulahir 1448
20261012|0459|0623|1214|1521|1755|1914|1 Cemaziyelevvel 1448
20261013|0500|0624|1214|1520|1753|1912|2 Cemaziyelevvel 1448
20261014|0501|0626|1214|1519|1752|1911|3 Cemaziyelevvel 1448
20261015|0502|0627|1213|1518|1750|1909|4 Cemaziyelevvel 1448
20261016|0503|0628|1213|1517|1749|1908|5 Cemaziyelevvel 1448
20261017|0504|0629|1213|1515|1747|1906|6 Cemaziyelevvel 1448
20261018|0505|0630|1213|1514|1746|1905|7 Cemaziyelevvel 1448
20261019|0506|0631|1213|1513|1744|1903|8 Cemaziyelevvel 1448
20261020|0507|0632|1212|1512|1743|1902|9 Cemaziyelevvel 1448
20261021|0508|0633|1212|1511|1741|1901|10 Cemaziyelevvel 1448
20261022|0509|0634|1212|1510|1740|1859|11 Cemaziyelevvel 1448
20261023|0511|0636|1212|1509|1738|1858|12 Cemaziyelevvel 1448
20261024|0512|0637|1212|1507|1737|1857|13 Cemaziyelevvel 1448
20261025|0513|0638|1212|1506|1735|1855|14 Cemaziyelevvel 1448
20261026|0514|0639|1211|1505|1734|1854|15 Cemaziyelevvel 1448
20261027|0515|0640|1211|1504|1733|1853|16 Cemaziyelevvel 1448
20261028|0516|0641|1211|1503|1731|1852|17 Cemaziyelevvel 1448
20261029|0517|0642|1211|1502|1730|1850|18 Cemaziyelevvel 1448
20261030|0518|0644|1211|1501|1729|1849|19 Cemaziyelevvel 1448
20261031|0519|0645|1211|1500|1727|1848|20 Cemaziyelevvel 1448
20261101|0520|0646|1211|1459|1726|1847|21 Cemaziyelevvel 1448
20261102|0521|0647|1211|1458|1725|1846|22 Cemaziyelevvel 1448
20270101|0609|0741|1231|1450|1711|1837|23 Recep 1448
20270102|0609|0741|1231|1451|1712|1838|24 Recep 1448
20270103|0609|0741|1232|1452|1713|1839|25 Recep 1448
20270104|0609|0741|1232|1452|1713|1840|26 Recep 1448
20270105|0609|0741|1233|1453|1714|1840|27 Recep 1448
20270106|0609|0741|1233|1454|1715|1841|28 Recep 1448
20270107|0609|0741|1233|1455|1716|1842|29 Recep 1448
20270108|0609|0741|1234|1456|1717|1843|30 Recep 1448
20270109|0609|0740|1234|1457|1718|1844|1 Şaban 1448
20270110|0609|0740|1235|1458|1719|1845|2 Şaban 1448
20270111|0609|0740|1235|1459|1720|1846|3 Şaban 1448
20270112|0609|0740|1235|1500|1721|1847|4 Şaban 1448
20270113|0609|0739|1236|1501|1722|1848|5 Şaban 1448
20270114|0609|0739|1236|1502|1723|1849|6 Şaban 1448
20270115|0608|0739|1237|1503|1725|1850|7 Şaban 1448
20270116|0608|0738|1237|1504|1726|1850|8 Şaban 1448
20270117|0608|0738|1237|1505|1727|1851|9 Şaban 1448
20270118|0607|0737|1238|1506|1728|1852|10 Şaban 1448
20270119|0607|0737|1238|1507|1729|1853|11 Şaban 1448
20270120|0607|0736|1238|1508|1730|1854|12 Şaban 1448
20270121|0606|0736|1239|1509|1732|1855|13 Şaban 1448
20270122|0606|0735|1239|1510|1733|1857|14 Şaban 1448
20270123|0605|0734|1239|1511|1734|1858|15 Şaban 1448
20270124|0605|0734|1239|1512|1735|1859|16 Şaban 1448
20270125|0604|0733|1240|1513|1736|1900|17 Şaban 1448
20270126|0604|0732|1240|1514|1738|1901|18 Şaban 1448
20270127|0603|0731|1240|1515|1739|1902|19 Şaban 1448
20270128|0602|0731|1240|1516|1740|1903|20 Şaban 1448
20270129|0602|0730|1240|1517|1741|1904|21 Şaban 1448
20270130|0601|0729|1241|1518|1743|1905|22 Şaban 1448
20270131|0600|0728|1241|1519|1744|1906|23 Şaban 1448
20270201|0559|0727|1241|1520|1745|1907|24 Şaban 1448
20270202|0559|0726|1241|1521|1746|1908|25 Şaban 1448
20270203|0558|0725|1241|1522|1748|1909|26 Şaban 1448
20270204|0557|0724|1241|1523|1749|1910|27 Şaban 1448
20270205|0556|0723|1241|1524|1750|1912|28 Şaban 1448
20270206|0555|0722|1241|1525|1751|1913|29 Şaban 1448
20270207|0554|0721|1242|1526|1753|1914|30 Şaban 1448
20270208|0553|0719|1242|1527|1754|1915|1 Ramazan 1448
20270209|0552|0718|1242|1528|1755|1916|2 Ramazan 1448
20270210|0551|0717|1242|1529|1756|1917|3 Ramazan 1448
20270211|0550|0716|1242|1530|1757|1918|4 Ramazan 1448
20270212|0549|0715|1242|1531|1759|1919|5 Ramazan 1448
20270213|0548|0713|1242|1532|1800|1920|6 Ramazan 1448
20270214|0547|0712|1242|1533|1801|1921|7 Ramazan 1448
20270215|0545|0711|1242|1534|1802|1923|8 Ramazan 1448
20270216|0544|0709|1242|1535|1804|1924|9 Ramazan 1448
20270217|0543|0708|1241|1536|1805|1925|10 Ramazan 1448
20270218|0542|0707|1241|1537|1806|1926|11 Ramazan 1448
20270219|0540|0705|1241|1538|1807|1927|12 Ramazan 1448
20270220|0539|0704|1241|1539|1809|1928|13 Ramazan 1448
20270221|0538|0703|1241|1540|1810|1929|14 Ramazan 1448
20270222|0536|0701|1241|1540|1811|1930|15 Ramazan 1448
20270223|0535|0700|1241|1541|1812|1932|16 Ramazan 1448
20270224|0534|0658|1241|1542|1813|1933|17 Ramazan 1448
20270225|0532|0657|1241|1543|1814|1934|18 Ramazan 1448
20270226|0531|0655|1240|1544|1816|1935|19 Ramazan 1448
20270227|0529|0654|1240|1545|1817|1936|20 Ramazan 1448
20270228|0528|0652|1240|1545|1818|1937|21 Ramazan 1448
20270301|0526|0651|1240|1546|1819|1938|22 Ramazan 1448
20270302|0525|0649|1240|1547|1820|1939|23 Ramazan 1448
20270303|0523|0648|1240|1548|1821|1941|24 Ramazan 1448
20270304|0522|0646|1239|1548|1823|1942|25 Ramazan 1448
20270305|0520|0644|1239|1549|1824|1943|26 Ramazan 1448
20270306|0519|0643|1239|1550|1825|1944|27 Ramazan 1448
20270307|0517|0641|1239|1551|1826|1945|28 Ramazan 1448
20270308|0515|0640|1238|1551|1827|1946|29 Ramazan 1448
20270309|0514|0638|1238|1552|1828|1947|1 Şevval 1448
20270310|0512|0636|1238|1553|1829|1948|2 Şevval 1448
20270311|0510|0635|1238|1553|1831|1950|3 Şevval 1448
20270312|0509|0633|1237|1554|1832|1951|4 Şevval 1448
20270313|0507|0632|1237|1555|1833|1952|5 Şevval 1448
20270314|0505|0630|1237|1555|1834|1953|6 Şevval 1448
20270315|0503|0628|1237|1556|1835|1954|7 Şevval 1448
20270316|0502|0627|1236|1556|1836|1955|8 Şevval 1448
20270317|0500|0625|1236|1557|1837|1957|9 Şevval 1448
20270318|0458|0623|1236|1558|1838|1958|10 Şevval 1448
20270319|0456|0622|1235|1558|1839|1959|11 Şevval 1448
20270320|0455|0620|1235|1559|1840|2000|12 Şevval 1448
20270321|0453|0618|1235|1559|1842|2001|13 Şevval 1448
20270322|0451|0617|1235|1600|1843|2003|14 Şevval 1448
20270323|0449|0615|1234|1600|1844|2004|15 Şevval 1448
20270324|0447|0613|1234|1601|1845|2005|16 Şevval 1448
20270325|0446|0612|1234|1601|1846|2006|17 Şevval 1448
20270326|0444|0610|1233|1602|1847|2007|18 Şevval 1448
20270327|0442|0608|1233|1602|1848|2009|19 Şevval 1448
20270328|0440|0607|1233|1603|1849|2010|20 Şevval 1448
20270329|0438|0605|1232|1603|1850|2011|21 Şevval 1448
20270330|0436|0603|1232|1604|1851|2012|22 Şevval 1448
20270331|0434|0602|1232|1604|1852|2014|23 Şevval 1448
20270401|0432|0600|1232|1605|1853|2015|24 Şevval 1448
20270402|0431|0558|1231|1605|1854|2016|25 Şevval 1448
20270403|0429|0557|1231|1605|1855|2018|26 Şevval 1448
20270404|0427|0555|1231|1606|1856|2019|27 Şevval 1448
20270405|0425|0553|1230|1606|1858|2020|28 Şevval 1448
20270406|0423|0552|1230|1607|1859|2021|29 Şevval 1448
20270407|0421|0550|1230|1607|1900|2023|30 Şevval 1448
20270408|0419|0548|1230|1607|1901|2024|1 Zilkade 1448
20270409|0417|0547|1229|1608|1902|2025|2 Zilkade 1448
20270410|0415|0545|1229|1608|1903|2027|3 Zilkade 1448
20270411|0413|0544|1229|1609|1904|2028|4 Zilkade 1448
20270412|0411|0542|1228|1609|1905|2030|5 Zilkade 1448
20270413|0409|0540|1228|1609|1906|2031|6 Zilkade 1448
20270414|0407|0539|1228|1610|1907|2032|7 Zilkade 1448
20270415|0406|0537|1228|1610|1908|2034|8 Zilkade 1448
20270416|0404|0536|1227|1610|1909|2035|9 Zilkade 1448
20270417|0402|0534|1227|1611|1910|2037|10 Zilkade 1448
20270418|0400|0533|1227|1611|1911|2038|11 Zilkade 1448
20270419|0358|0531|1227|1611|1912|2039|12 Zilkade 1448
20270420|0356|0530|1227|1612|1914|2041|13 Zilkade 1448
20270421|0354|0528|1226|1612|1915|2042|14 Zilkade 1448
20270422|0352|0527|1226|1612|1916|2044|15 Zilkade 1448
20270423|0350|0525|1226|1613|1917|2045|16 Zilkade 1448
20270424|0348|0524|1226|1613|1918|2047|17 Zilkade 1448
20270425|0346|0522|1226|1613|1919|2048|18 Zilkade 1448
20270426|0345|0521|1225|1614|1920|2050|19 Zilkade 1448
20270427|0343|0520|1225|1614|1921|2051|20 Zilkade 1448
20270428|0341|0518|1225|1614|1922|2053|21 Zilkade 1448
20270429|0339|0517|1225|1614|1923|2054|22 Zilkade 1448
20270430|0337|0515|1225|1615|1924|2056|23 Zilkade 1448
20270501|0335|0514|1225|1615|1925|2057|24 Zilkade 1448
20270502|0334|0513|1225|1615|1926|2059|25 Zilkade 1448
20270503|0332|0512|1224|1616|1927|2100|26 Zilkade 1448
20270504|0330|0510|1224|1616|1928|2102|27 Zilkade 1448
20270505|0328|0509|1224|1616|1929|2103|28 Zilkade 1448
20270506|0326|0508|1224|1617|1930|2105|29 Zilkade 1448
20270507|0325|0507|1224|1617|1932|2106|1 Zilhicce 1448
20270508|0323|0506|1224|1617|1933|2108|2 Zilhicce 1448
20270509|0321|0504|1224|1617|1934|2109|3 Zilhicce 1448
20270510|0320|0503|1224|1618|1935|2111|4 Zilhicce 1448
20270511|0318|0502|1224|1618|1936|2112|5 Zilhicce 1448
20270512|0316|0501|1224|1618|1937|2114|6 Zilhicce 1448
20270513|0315|0500|1224|1619|1938|2115|7 Zilhicce 1448
20270514|0313|0459|1224|1619|1939|2117|8 Zilhicce 1448
20270515|0312|0458|1224|1619|1940|2118|9 Zilhicce 1448
20270516|0310|0457|1224|1619|1941|2120|10 Zilhicce 1448
20270517|0309|0456|1224|1620|1942|2121|11 Zilhicce 1448
20270518|0307|0455|1224|1620|1943|2123|12 Zilhicce 1448
20270519|0306|0454|1224|1620|1944|2124|13 Zilhicce 1448
20270520|0304|0454|1224|1621|1945|2126|14 Zilhicce 1448
20270521|0303|0453|1224|1621|1945|2127|15 Zilhicce 1448
20270522|0301|0452|1224|1621|1946|2129|16 Zilhicce 1448
20270523|0300|0451|1224|1621|1947|2130|17 Zilhicce 1448
20270524|0259|0450|1224|1622|1948|2132|18 Zilhicce 1448
20270525|0258|0450|1224|1622|1949|2133|19 Zilhicce 1448
20270526|0256|0449|1224|1622|1950|2134|20 Zilhicce 1448
20270527|0255|0448|1225|1623|1951|2136|21 Zilhicce 1448
20270528|0254|0448|1225|1623|1952|2137|22 Zilhicce 1448
20270529|0253|0447|1225|1623|1952|2138|23 Zilhicce 1448
20270530|0252|0447|1225|1623|1953|2139|24 Zilhicce 1448
20270531|0251|0446|1225|1624|1954|2141|25 Zilhicce 1448
20270601|0250|0446|1225|1624|1955|2142|26 Zilhicce 1448
20270602|0249|0445|1225|1624|1956|2143|27 Zilhicce 1448
20270603|0248|0445|1226|1625|1956|2144|28 Zilhicce 1448
20270604|0247|0444|1226|1625|1957|2145|29 Zilhicce 1448
20270605|0247|0444|1226|1625|1958|2146|30 Zilhicce 1448
20270606|0246|0444|1226|1625|1958|2147|1 Muharrem 1449
20270607|0245|0444|1226|1626|1959|2148|2 Muharrem 1449
20270608|0245|0443|1226|1626|2000|2149|3 Muharrem 1449
20270609|0244|0443|1227|1626|2000|2150|4 Muharrem 1449
20270610|0244|0443|1227|1626|2001|2151|5 Muharrem 1449
20270611|0243|0443|1227|1627|2001|2152|6 Muharrem 1449
20270612|0243|0443|1227|1627|2002|2152|7 Muharrem 1449
20270613|0242|0443|1227|1627|2002|2153|8 Muharrem 1449
20270614|0242|0443|1228|1628|2003|2154|9 Muharrem 1449
20270615|0242|0442|1228|1628|2003|2154|10 Muharrem 1449
20270616|0242|0443|1228|1628|2004|2155|11 Muharrem 1449
20270617|0242|0443|1228|1628|2004|2155|12 Muharrem 1449
20270618|0242|0443|1228|1629|2004|2156|13 Muharrem 1449
20270619|0242|0443|1229|1629|2005|2156|14 Muharrem 1449
20270620|0242|0443|1229|1629|2005|2157|15 Muharrem 1449
20270621|0242|0443|1229|1629|2005|2157|16 Muharrem 1449
20270622|0242|0443|1229|1629|2005|2157|17 Muharrem 1449
20270623|0242|0444|1230|1630|2006|2157|18 Muharrem 1449
20270624|0243|0444|1230|1630|2006|2157|19 Muharrem 1449
20270625|0243|0444|1230|1630|2006|2157|20 Muharrem 1449
20270626|0244|0444|1230|1630|2006|2157|21 Muharrem 1449
20270627|0244|0445|1230|1630|2006|2157|22 Muharrem 1449
20270628|0245|0445|1231|1631|2006|2157|23 Muharrem 1449
20270629|0245|0446|1231|1631|2006|2157|24 Muharrem 1449
20270630|0246|0446|1231|1631|2006|2157|25 Muharrem 1449
20270701|0247|0447|1231|1631|2006|2157|26 Muharrem 1449
20270702|0247|0447|1231|1631|2006|2156|27 Muharrem 1449
20270703|0248|0448|1232|1631|2006|2156|28 Muharrem 1449
20270704|0249|0448|1232|1631|2005|2155|29 Muharrem 1449
20270705|0250|0449|1232|1632|2005|2155|1 Safer 1449
20270706|0251|0449|1232|1632|2005|2154|2 Safer 1449
20270707|0252|0450|1232|1632|2005|2154|3 Safer 1449
20270708|0253|0451|1232|1632|2004|2153|4 Safer 1449
20270709|0254|0451|1233|1632|2004|2152|5 Safer 1449
20270710|0255|0452|1233|1632|2004|2152|6 Safer 1449
20270711|0256|0453|1233|1632|2003|2151|7 Safer 1449
20270712|0258|0453|1233|1632|2003|2150|8 Safer 1449
20270713|0259|0454|1233|1632|2002|2149|9 Safer 1449
20270714|0300|0455|1233|1632|2002|2148|10 Safer 1449
20270715|0301|0456|1233|1632|2001|2147|11 Safer 1449
20270716|0303|0456|1234|1632|2001|2146|12 Safer 1449
20270717|0304|0457|1234|1632|2000|2145|13 Safer 1449
20270718|0305|0458|1234|1632|1959|2144|14 Safer 1449
20270719|0307|0459|1234|1631|1959|2143|15 Safer 1449
20270720|0308|0500|1234|1631|1958|2141|16 Safer 1449
20270721|0309|0501|1234|1631|1957|2140|17 Safer 1449
20270722|0311|0501|1234|1631|1956|2139|18 Safer 1449
20270723|0312|0502|1234|1631|1956|2138|19 Safer 1449
20270724|0314|0503|1234|1631|1955|2136|20 Safer 1449
20270725|0315|0504|1234|1630|1954|2135|21 Safer 1449
20270726|0317|0505|1234|1630|1953|2134|22 Safer 1449
20270727|0318|0506|1234|1630|1952|2132|23 Safer 1449
20270728|0320|0507|1234|1630|1951|2131|24 Safer 1449
20270729|0321|0508|1234|1629|1950|2129|25 Safer 1449
20270730|0323|0509|1234|1629|1949|2128|26 Safer 1449
20270731|0324|0510|1234|1629|1948|2126|27 Safer 1449
20270801|0326|0511|1234|1628|1947|2125|28 Safer 1449
20270802|0327|0512|1234|1628|1946|2123|29 Safer 1449
20270803|0329|0513|1234|1628|1945|2121|1 Rebiulevvel 1449
20270804|0330|0514|1234|1627|1944|2120|2 Rebiulevvel 1449
20270805|0332|0515|1234|1627|1943|2118|3 Rebiulevvel 1449
20270806|0333|0516|1233|1626|1941|2116|4 Rebiulevvel 1449
20270807|0335|0517|1233|1626|1940|2115|5 Rebiulevvel 1449
20270808|0336|0518|1233|1625|1939|2113|6 Rebiulevvel 1449
20270809|0338|0519|1233|1625|1938|2111|7 Rebiulevvel 1449
20270810|0340|0520|1233|1624|1936|2109|8 Rebiulevvel 1449
20270811|0341|0521|1233|1624|1935|2108|9 Rebiulevvel 1449
20270812|0343|0522|1233|1623|1934|2106|10 Rebiulevvel 1449
20270813|0344|0523|1232|1623|1932|2104|11 Rebiulevvel 1449
20270814|0346|0524|1232|1622|1931|2102|12 Rebiulevvel 1449
20270815|0347|0525|1232|1621|1930|2101|13 Rebiulevvel 1449
20270816|0349|0526|1232|1621|1928|2059|14 Rebiulevvel 1449
20270817|0350|0527|1232|1620|1927|2057|15 Rebiulevvel 1449
20270818|0351|0528|1232|1619|1926|2055|16 Rebiulevvel 1449
20270819|0353|0529|1231|1619|1924|2053|17 Rebiulevvel 1449
20270820|0354|0530|1231|1618|1923|2051|18 Rebiulevvel 1449
20270821|0356|0531|1231|1617|1921|2049|19 Rebiulevvel 1449
20270822|0357|0532|1231|1617|1920|2048|20 Rebiulevvel 1449
20270823|0359|0533|1230|1616|1918|2046|21 Rebiulevvel 1449
20270824|0400|0534|1230|1615|1917|2044|22 Rebiulevvel 1449
20270825|0401|0535|1230|1614|1915|2042|23 Rebiulevvel 1449
20270826|0403|0536|1230|1613|1914|2040|24 Rebiulevvel 1449
20270827|0404|0537|1229|1613|1912|2038|25 Rebiulevvel 1449
20270828|0406|0538|1229|1612|1910|2036|26 Rebiulevvel 1449
20270829|0407|0539|1229|1611|1909|2034|27 Rebiulevvel 1449
20270830|0408|0540|1228|1610|1907|2032|28 Rebiulevvel 1449
20270831|0410|0541|1228|1609|1906|2030|29 Rebiulevvel 1449
20270901|0411|0542|1228|1608|1904|2028|30 Rebiulevvel 1449
20270902|0412|0543|1227|1607|1902|2027|1 Rebiulahir 1449
20270903|0414|0544|1227|1606|1901|2025|2 Rebiulahir 1449
20270904|0415|0544|1227|1605|1859|2023|3 Rebiulahir 1449
20270905|0416|0545|1226|1604|1857|2021|4 Rebiulahir 1449
20270906|0418|0546|1226|1603|1856|2019|5 Rebiulahir 1449
20270907|0419|0547|1226|1602|1854|2017|6 Rebiulahir 1449
20270908|0420|0548|1225|1601|1852|2015|7 Rebiulahir 1449
20270909|0421|0549|1225|1600|1851|2013|8 Rebiulahir 1449
20270910|0423|0550|1225|1559|1849|2011|9 Rebiulahir 1449
20270911|0424|0551|1224|1558|1847|2009|10 Rebiulahir 1449
20270912|0425|0552|1224|1557|1846|2007|11 Rebiulahir 1449
20270913|0426|0553|1224|1556|1844|2005|12 Rebiulahir 1449
20270914|0427|0554|1223|1555|1842|2004|13 Rebiulahir 1449
20270915|0429|0555|1223|1554|1841|2002|14 Rebiulahir 1449
20270916|0430|0556|1223|1553|1839|2000|15 Rebiulahir 1449
20270917|0431|0557|1222|1552|1837|1958|16 Rebiulahir 1449
20270918|0432|0558|1222|1550|1835|1956|17 Rebiulahir 1449
20270919|0433|0559|1222|1549|1834|1954|18 Rebiulahir 1449
20270920|0435|0600|1221|1548|1832|1952|19 Rebiulahir 1449
20270921|0436|0601|1221|1547|1830|1950|20 Rebiulahir 1449
20270922|0437|0602|1220|1546|1829|1949|21 Rebiulahir 1449
20270923|0438|0603|1220|1545|1827|1947|22 Rebiulahir 1449
20270924|0439|0604|1220|1543|1825|1945|23 Rebiulahir 1449
20270925|0440|0605|1219|1542|1823|1943|24 Rebiulahir 1449
20270926|0441|0606|1219|1541|1822|1941|25 Rebiulahir 1449
20270927|0442|0607|1219|1540|1820|1940|26 Rebiulahir 1449
20270928|0444|0608|1218|1539|1818|1938|27 Rebiulahir 1449
20270929|0445|0609|1218|1537|1817|1936|28 Rebiulahir 1449
20270930|0446|0610|1218|1536|1815|1934|29 Rebiulahir 1449
20271001|0447|0611|1217|1535|1813|1933|1 Cemaziyelevvel 1449
20271002|0448|0613|1217|1534|1812|1931|2 Cemaziyelevvel 1449
20271003|0449|0614|1217|1533|1810|1929|3 Cemaziyelevvel 1449
20271004|0450|0615|1216|1531|1808|1927|4 Cemaziyelevvel 1449
20271005|0451|0616|1216|1530|1807|1926|5 Cemaziyelevvel 1449
20271006|0452|0617|1216|1529|1805|1924|6 Cemaziyelevvel 1449
20271007|0453|0618|1216|1528|1803|1922|7 Cemaziyelevvel 1449
20271008|0454|0619|1215|1526|1802|1921|8 Cemaziyelevvel 1449
20271009|0456|0620|1215|1525|1800|1919|9 Cemaziyelevvel 1449
20271010|0457|0621|1215|1524|1758|1917|10 Cemaziyelevvel 1449
20271011|0458|0622|1214|1523|1757|1916|11 Cemaziyelevvel 1449
20271012|0459|0623|1214|1522|1755|1914|12 Cemaziyelevvel 1449
20271013|0500|0624|1214|1520|1754|1913|13 Cemaziyelevvel 1449
20271014|0501|0625|1214|1519|1752|1911|14 Cemaziyelevvel 1449
20271015|0502|0626|1213|1518|1751|1910|15 Cemaziyelevvel 1449
20271016|0503|0627|1213|1517|1749|1908|16 Cemaziyelevvel 1449
20271017|0504|0629|1213|1516|1747|1907|17 Cemaziyelevvel 1449
20271018|0505|0630|1213|1515|1746|1905|18 Cemaziyelevvel 1449
20271019|0506|0631|1213|1513|1744|1904|19 Cemaziyelevvel 1449
20271020|0507|0632|1212|1512|1743|1902|20 Cemaziyelevvel 1449
20271021|0508|0633|1212|1511|1741|1901|21 Cemaziyelevvel 1449
20271022|0509|0634|1212|1510|1740|1900|22 Cemaziyelevvel 1449
20271023|0510|0635|1212|1509|1739|1858|23 Cemaziyelevvel 1449
20271024|0511|0636|1212|1508|1737|1857|24 Cemaziyelevvel 1449
20271025|0512|0638|1212|1507|1736|1856|25 Cemaziyelevvel 1449
20271026|0513|0639|1212|1506|1734|1854|26 Cemaziyelevvel 1449
20271027|0514|0640|1211|1504|1733|1853|27 Cemaziyelevvel 1449
20271028|0516|0641|1211|1503|1732|1852|28 Cemaziyelevvel 1449
20271029|0517|0642|1211|1502|1730|1851|29 Cemaziyelevvel 1449
20271030|0518|0643|1211|1501|1729|1849|30 Cemaziyelevvel 1449
20271031|0519|0645|1211|1500|1728|1848|1 Cemaziyelahir 1449
20271101|0520|0646|1211|1459|1726|1847|2 Cemaziyelahir 1449
20271102|0521|0647|1211|1458|1725|1846|3 Cemaziyelahir 1449
20271103|0522|0648|1211|1457|1724|1845|4 Cemaziyelahir 1449
20271104|0523|0649|1211|1456|1723|1844|5 Cemaziyelahir 1449
20271105|0524|0650|1211|1455|1722|1843|6 Cemaziyelahir 1449
20271106|0525|0652|1211|1455|1721|1842|7 Cemaziyelahir 1449
20271107|0526|0653|1211|1454|1719|1841|8 Cemaziyelahir 1449
20271108|0527|0654|1211|1453|1718|1840|9 Cemaziyelahir 1449
20271109|0528|0655|1211|1452|1717|1839|10 Cemaziyelahir 1449
20271110|0529|0656|1211|1451|1716|1838|11 Cemaziyelahir 1449
20271111|0530|0658|1211|1450|1715|1837|12 Cemaziyelahir 1449
20271112|0531|0659|1212|1450|1714|1837|13 Cemaziyelahir 1449
20271113|0532|0700|1212|1449|1713|1836|14 Cemaziyelahir 1449
20271114|0533|0701|1212|1448|1712|1835|15 Cemaziyelahir 1449
20271115|0534|0702|1212|1447|1712|1834|16 Cemaziyelahir 1449
20271116|0535|0704|1212|1447|1711|1834|17 Cemaziyelahir 1449
20271117|0536|0705|1212|1446|1710|1833|18 Cemaziyelahir 1449
20271118|0537|0706|1212|1446|1709|1832|19 Cemaziyelahir 1449
20271119|0538|0707|1213|1445|1708|1832|20 Cemaziyelahir 1449
20271120|0539|0708|1213|1444|1708|1831|21 Cemaziyelahir 1449
20271121|0540|0709|1213|1444|1707|1831|22 Cemaziyelahir 1449
20271122|0541|0711|1213|1443|1706|1830|23 Cemaziyelahir 1449
20271123|0542|0712|1214|1443|1706|1830|24 Cemaziyelahir 1449
20271124|0543|0713|1214|1442|1705|1829|25 Cemaziyelahir 1449
20271125|0544|0714|1214|1442|1704|1829|26 Cemaziyelahir 1449
20271126|0545|0715|1215|1442|1704|1829|27 Cemaziyelahir 1449
20271127|0546|0716|1215|1441|1704|1828|28 Cemaziyelahir 1449
20271128|0547|0717|1215|1441|1703|1828|29 Cemaziyelahir 1449
20271129|0548|0718|1216|1441|1703|1828|1 Recep 1449
20271130|0549|0719|1216|1440|1702|1828|2 Recep 1449
20271201|0550|0721|1216|1440|1702|1827|3 Recep 1449
20271202|0551|0722|1217|1440|1702|1827|4 Recep 1449
20271203|0551|0723|1217|1440|1701|1827|5 Recep 1449
20271204|0552|0724|1217|1440|1701|1827|6 Recep 1449
20271205|0553|0725|1218|1440|1701|1827|7 Recep 1449
20271206|0554|0725|1218|1440|1701|1827|8 Recep 1449
20271207|0555|0726|1219|1440|1701|1827|9 Recep 1449
20271208|0556|0727|1219|1440|1701|1827|10 Recep 1449
20271209|0556|0728|1219|1440|1701|1827|11 Recep 1449
20271210|0557|0729|1220|1440|1701|1827|12 Recep 1449
20271211|0558|0730|1220|1440|1701|1827|13 Recep 1449
20271212|0559|0731|1221|1440|1701|1827|14 Recep 1449
20271213|0559|0732|1221|1440|1701|1828|15 Recep 1449
20271214|0600|0732|1222|1441|1701|1828|16 Recep 1449
20271215|0601|0733|1222|1441|1701|1828|17 Recep 1449
20271216|0601|0734|1223|1441|1702|1829|18 Recep 1449
20271217|0602|0734|1223|1441|1702|1829|19 Recep 1449
20271218|0603|0735|1224|1442|1702|1829|20 Recep 1449
20271219|0603|0736|1224|1442|1703|1830|21 Recep 1449
20271220|0604|0736|1225|1443|1703|1830|22 Recep 1449
20271221|0604|0737|1225|1443|1704|1830|23 Recep 1449
20271222|0605|0737|1226|1444|1704|1831|24 Recep 1449
20271223|0605|0738|1226|1444|1705|1831|25 Recep 1449
20271224|0606|0738|1227|1445|1705|1832|26 Recep 1449
20271225|0606|0739|1227|1445|1706|1833|27 Recep 1449
20271226|0607|0739|1228|1446|1706|1833|28 Recep 1449
20271227|0607|0739|1228|1446|1707|1834|29 Recep 1449
20271228|0607|0740|1229|1447|1708|1834|30 Recep 1449
20271229|0608|0740|1229|1448|1708|1835|1 Şaban 1449
20271230|0608|0740|1230|1448|1709|1836|2 Şaban 1449
20271231|0608|0740|1230|1449|1710|1836|3 Şaban 1449
#@9896|Çaykara|TRABZON|396
20261003|0446|0610|1213|1529|1806|1925|22 Rebiulahir 1448
20261004|0447|0611|1213|1528|1805|1923|23 Rebiulahir 1448
20261005|0448|0612|1213|1527|1803|1922|24 Rebiulahir 1448
20261006|0449|0613|1212|1526|1801|1920|25 Rebiulahir 1448
20261007|0450|0614|1212|1524|1800|1918|26 Rebiulahir 1448
20261008|0452|0615|1212|1523|1758|1917|27 Rebiulahir 1448
20261009|0453|0616|1211|1522|1756|1915|28 Rebiulahir 1448
20261010|0454|0618|1211|1521|1755|1913|29 Rebiulahir 1448
20261011|0455|0619|1211|1520|1753|1912|30 Rebiulahir 1448
20261012|0456|0620|1211|1518|1752|1910|1 Cemaziyelevvel 1448
20261013|0457|0621|1210|1517|1750|1909|2 Cemaziyelevvel 1448
20261014|0458|0622|1210|1516|1749|1907|3 Cemaziyelevvel 1448
20261015|0459|0623|1210|1515|1747|1906|4 Cemaziyelevvel 1448
20261016|0500|0624|1210|1514|1746|1904|5 Cemaziyelevvel 1448
20261017|0501|0625|1210|1512|1744|1903|6 Cemaziyelevvel 1448
20261018|0502|0626|1209|1511|1743|1901|7 Cemaziyelevvel 1448
20261019|0503|0627|1209|1510|1741|1900|8 Cemaziyelevvel 1448
20261020|0504|0628|1209|1509|1740|1859|9 Cemaziyelevvel 1448
20261021|0505|0629|1209|1508|1738|1857|10 Cemaziyelevvel 1448
20261022|0506|0631|1209|1507|1737|1856|11 Cemaziyelevvel 1448
20261023|0507|0632|1208|1506|1735|1855|12 Cemaziyelevvel 1448
20261024|0508|0633|1208|1505|1734|1853|13 Cemaziyelevvel 1448
20261025|0509|0634|1208|1504|1732|1852|14 Cemaziyelevvel 1448
20261026|0510|0635|1208|1502|1731|1851|15 Cemaziyelevvel 1448
20261027|0511|0636|1208|1501|1730|1849|16 Cemaziyelevvel 1448
20261028|0512|0637|1208|1500|1728|1848|17 Cemaziyelevvel 1448
20261029|0513|0639|1208|1459|1727|1847|18 Cemaziyelevvel 1448
20261030|0514|0640|1208|1458|1726|1846|19 Cemaziyelevvel 1448
20261031|0515|0641|1208|1457|1725|1845|20 Cemaziyelevvel 1448
20261101|0516|0642|1208|1456|1723|1844|21 Cemaziyelevvel 1448
20261102|0517|0643|1208|1455|1722|1843|22 Cemaziyelevvel 1448
20270101|0605|0736|1227|1448|1708|1834|23 Recep 1448
20270102|0605|0736|1228|1448|1709|1835|24 Recep 1448
20270103|0605|0736|1228|1449|1710|1836|25 Recep 1448
20270104|0605|0736|1229|1450|1711|1837|26 Recep 1448
20270105|0605|0736|1229|1451|1712|1838|27 Recep 1448
20270106|0605|0736|1230|1452|1713|1838|28 Recep 1448
20270107|0605|0736|1230|1453|1714|1839|29 Recep 1448
20270108|0605|0736|1230|1453|1715|1840|30 Recep 1448
20270109|0605|0736|1231|1454|1716|1841|1 Şaban 1448
20270110|0605|0736|1231|1455|1717|1842|2 Şaban 1448
20270111|0605|0736|1232|1456|1718|1843|3 Şaban 1448
20270112|0605|0735|1232|1457|1719|1844|4 Şaban 1448
20270113|0605|0735|1232|1458|1720|1845|5 Şaban 1448
20270114|0605|0735|1233|1459|1721|1846|6 Şaban 1448
20270115|0605|0734|1233|1500|1722|1847|7 Şaban 1448
20270116|0604|0734|1234|1501|1723|1847|8 Şaban 1448
20270117|0604|0733|1234|1502|1724|1848|9 Şaban 1448
20270118|0604|0733|1234|1503|1726|1849|10 Şaban 1448
20270119|0603|0732|1235|1504|1727|1850|11 Şaban 1448
20270120|0603|0732|1235|1505|1728|1851|12 Şaban 1448
20270121|0602|0731|1235|1506|1729|1852|13 Şaban 1448
20270122|0602|0731|1235|1507|1730|1853|14 Şaban 1448
20270123|0602|0730|1236|1508|1731|1855|15 Şaban 1448
20270124|0601|0729|1236|1509|1733|1856|16 Şaban 1448
20270125|0600|0729|1236|1510|1734|1857|17 Şaban 1448
20270126|0600|0728|1236|1511|1735|1858|18 Şaban 1448
20270127|0559|0727|1237|1512|1736|1859|19 Şaban 1448
20270128|0559|0726|1237|1513|1737|1900|20 Şaban 1448
20270129|0558|0725|1237|1514|1739|1901|21 Şaban 1448
20270130|0557|0725|1237|1515|1740|1902|22 Şaban 1448
20270131|0557|0724|1237|1516|1741|1903|23 Şaban 1448
20270201|0556|0723|1238|1518|1742|1904|24 Şaban 1448
20270202|0555|0722|1238|1519|1744|1905|25 Şaban 1448
20270203|0554|0721|1238|1520|1745|1906|26 Şaban 1448
20270204|0553|0720|1238|1521|1746|1907|27 Şaban 1448
20270205|0552|0719|1238|1522|1747|1908|28 Şaban 1448
20270206|0551|0718|1238|1523|1749|1909|29 Şaban 1448
20270207|0550|0717|1238|1524|1750|1911|30 Şaban 1448
20270208|0549|0715|1238|1525|1751|1912|1 Ramazan 1448
20270209|0548|0714|1238|1526|1752|1913|2 Ramazan 1448
20270210|0547|0713|1238|1527|1753|1914|3 Ramazan 1448
20270211|0546|0712|1238|1527|1755|1915|4 Ramazan 1448
20270212|0545|0711|1238|1528|1756|1916|5 Ramazan 1448
20270213|0544|0709|1238|1529|1757|1917|6 Ramazan 1448
20270214|0543|0708|1238|1530|1758|1918|7 Ramazan 1448
20270215|0542|0707|1238|1531|1800|1919|8 Ramazan 1448
20270216|0541|0706|1238|1532|1801|1920|9 Ramazan 1448
20270217|0539|0704|1238|1533|1802|1921|10 Ramazan 1448
20270218|0538|0703|1238|1534|1803|1923|11 Ramazan 1448
20270219|0537|0702|1238|1535|1804|1924|12 Ramazan 1448
20270220|0536|0700|1238|1536|1806|1925|13 Ramazan 1448
20270221|0534|0659|1238|1537|1807|1926|14 Ramazan 1448
20270222|0533|0657|1238|1537|1808|1927|15 Ramazan 1448
20270223|0532|0656|1237|1538|1809|1928|16 Ramazan 1448
20270224|0530|0654|1237|1539|1810|1929|17 Ramazan 1448
20270225|0529|0653|1237|1540|1811|1930|18 Ramazan 1448
20270226|0527|0652|1237|1541|1813|1931|19 Ramazan 1448
20270227|0526|0650|1237|1542|1814|1932|20 Ramazan 1448
20270228|0525|0649|1237|1542|1815|1934|21 Ramazan 1448
20270301|0523|0647|1237|1543|1816|1935|22 Ramazan 1448
20270302|0522|0645|1236|1544|1817|1936|23 Ramazan 1448
20270303|0520|0644|1236|1545|1818|1937|24 Ramazan 1448
20270304|0519|0642|1236|1545|1819|1938|25 Ramazan 1448
20270305|0517|0641|1236|1546|1821|1939|26 Ramazan 1448
20270306|0515|0639|1235|1547|1822|1940|27 Ramazan 1448
20270307|0514|0638|1235|1547|1823|1941|28 Ramazan 1448
20270308|0512|0636|1235|1548|1824|1943|29 Ramazan 1448
20270309|0511|0635|1235|1549|1825|1944|1 Şevval 1448
20270310|0509|0633|1235|1550|1826|1945|2 Şevval 1448
20270311|0507|0631|1234|1550|1827|1946|3 Şevval 1448
20270312|0506|0630|1234|1551|1828|1947|4 Şevval 1448
20270313|0504|0628|1234|1551|1829|1948|5 Şevval 1448
20270314|0502|0626|1233|1552|1831|1949|6 Şevval 1448
20270315|0500|0625|1233|1553|1832|1950|7 Şevval 1448
20270316|0459|0623|1233|1553|1833|1952|8 Şevval 1448
20270317|0457|0621|1233|1554|1834|1953|9 Şevval 1448
20270318|0455|0620|1232|1554|1835|1954|10 Şevval 1448
20270319|0454|0618|1232|1555|1836|1955|11 Şevval 1448
20270320|0452|0617|1232|1555|1837|1956|12 Şevval 1448
20270321|0450|0615|1231|1556|1838|1957|13 Şevval 1448
20270322|0448|0613|1231|1557|1839|1959|14 Şevval 1448
20270323|0446|0612|1231|1557|1840|2000|15 Şevval 1448
20270324|0445|0610|1231|1558|1841|2001|16 Şevval 1448
20270325|0443|0608|1230|1558|1842|2002|17 Şevval 1448
20270326|0441|0607|1230|1559|1843|2003|18 Şevval 1448
20270327|0439|0605|1230|1559|1844|2005|19 Şevval 1448
20270328|0437|0603|1229|1559|1845|2006|20 Şevval 1448
20270329|0435|0602|1229|1600|1847|2007|21 Şevval 1448
20270330|0433|0600|1229|1600|1848|2008|22 Şevval 1448
20270331|0432|0558|1228|1601|1849|2010|23 Şevval 1448
20270401|0430|0557|1228|1601|1850|2011|24 Şevval 1448
20270402|0428|0555|1228|1602|1851|2012|25 Şevval 1448
20270403|0426|0553|1228|1602|1852|2013|26 Şevval 1448
20270404|0424|0552|1227|1602|1853|2015|27 Şevval 1448
20270405|0422|0550|1227|1603|1854|2016|28 Şevval 1448
20270406|0420|0548|1227|1603|1855|2017|29 Şevval 1448
20270407|0418|0547|1226|1604|1856|2019|30 Şevval 1448
20270408|0417|0545|1226|1604|1857|2020|1 Zilkade 1448
20270409|0415|0544|1226|1604|1858|2021|2 Zilkade 1448
20270410|0413|0542|1226|1605|1859|2023|3 Zilkade 1448
20270411|0411|0540|1225|1605|1900|2024|4 Zilkade 1448
20270412|0409|0539|1225|1605|1901|2025|5 Zilkade 1448
20270413|0407|0537|1225|1606|1902|2027|6 Zilkade 1448
20270414|0405|0536|1225|1606|1903|2028|7 Zilkade 1448
20270415|0403|0534|1224|1606|1904|2029|8 Zilkade 1448
20270416|0401|0533|1224|1607|1905|2031|9 Zilkade 1448
20270417|0359|0531|1224|1607|1906|2032|10 Zilkade 1448
20270418|0358|0530|1224|1607|1908|2033|11 Zilkade 1448
20270419|0356|0528|1223|1608|1909|2035|12 Zilkade 1448
20270420|0354|0527|1223|1608|1910|2036|13 Zilkade 1448
20270421|0352|0525|1223|1608|1911|2038|14 Zilkade 1448
20270422|0350|0524|1223|1609|1912|2039|15 Zilkade 1448
20270423|0348|0522|1223|1609|1913|2041|16 Zilkade 1448
20270424|0346|0521|1222|1609|1914|2042|17 Zilkade 1448
20270425|0344|0520|1222|1610|1915|2043|18 Zilkade 1448
20270426|0343|0518|1222|1610|1916|2045|19 Zilkade 1448
20270427|0341|0517|1222|1610|1917|2046|20 Zilkade 1448
20270428|0339|0515|1222|1610|1918|2048|21 Zilkade 1448
20270429|0337|0514|1222|1611|1919|2049|22 Zilkade 1448
20270430|0335|0513|1221|1611|1920|2051|23 Zilkade 1448
20270501|0333|0511|1221|1611|1921|2052|24 Zilkade 1448
20270502|0332|0510|1221|1612|1922|2054|25 Zilkade 1448
20270503|0330|0509|1221|1612|1923|2055|26 Zilkade 1448
20270504|0328|0508|1221|1612|1924|2057|27 Zilkade 1448
20270505|0326|0506|1221|1612|1925|2058|28 Zilkade 1448
20270506|0325|0505|1221|1613|1926|2100|29 Zilkade 1448
20270507|0323|0504|1221|1613|1927|2101|1 Zilhicce 1448
20270508|0321|0503|1221|1613|1928|2103|2 Zilhicce 1448
20270509|0320|0502|1221|1614|1929|2104|3 Zilhicce 1448
20270510|0318|0501|1221|1614|1930|2106|4 Zilhicce 1448
20270511|0316|0500|1220|1614|1931|2107|5 Zilhicce 1448
20270512|0315|0459|1220|1614|1932|2109|6 Zilhicce 1448
20270513|0313|0457|1220|1615|1933|2110|7 Zilhicce 1448
20270514|0312|0456|1220|1615|1934|2112|8 Zilhicce 1448
20270515|0310|0456|1220|1615|1935|2113|9 Zilhicce 1448
20270516|0309|0455|1220|1615|1936|2115|10 Zilhicce 1448
20270517|0307|0454|1220|1616|1937|2116|11 Zilhicce 1448
20270518|0306|0453|1220|1616|1938|2118|12 Zilhicce 1448
20270519|0304|0452|1221|1616|1939|2119|13 Zilhicce 1448
20270520|0303|0451|1221|1617|1940|2120|14 Zilhicce 1448
20270521|0301|0450|1221|1617|1941|2122|15 Zilhicce 1448
20270522|0300|0449|1221|1617|1942|2123|16 Zilhicce 1448
20270523|0259|0449|1221|1617|1943|2125|17 Zilhicce 1448
20270524|0258|0448|1221|1618|1944|2126|18 Zilhicce 1448
20270525|0256|0447|1221|1618|1945|2127|19 Zilhicce 1448
20270526|0255|0447|1221|1618|1946|2129|20 Zilhicce 1448
20270527|0254|0446|1221|1619|1946|2130|21 Zilhicce 1448
20270528|0253|0445|1221|1619|1947|2131|22 Zilhicce 1448
20270529|0252|0445|1221|1619|1948|2133|23 Zilhicce 1448
20270530|0251|0444|1222|1619|1949|2134|24 Zilhicce 1448
20270531|0250|0444|1222|1620|1950|2135|25 Zilhicce 1448
20270601|0249|0443|1222|1620|1950|2136|26 Zilhicce 1448
20270602|0248|0443|1222|1620|1951|2137|27 Zilhicce 1448
20270603|0247|0442|1222|1620|1952|2138|28 Zilhicce 1448
20270604|0246|0442|1222|1621|1953|2139|29 Zilhicce 1448
20270605|0246|0442|1222|1621|1953|2141|30 Zilhicce 1448
20270606|0245|0441|1223|1621|1954|2142|1 Muharrem 1449
20270607|0244|0441|1223|1622|1955|2142|2 Muharrem 1449
20270608|0244|0441|1223|1622|1955|2143|3 Muharrem 1449
20270609|0243|0441|1223|1622|1956|2144|4 Muharrem 1449
20270610|0243|0441|1223|1622|1956|2145|5 Muharrem 1449
20270611|0242|0440|1224|1623|1957|2146|6 Muharrem 1449
20270612|0242|0440|1224|1623|1957|2147|7 Muharrem 1449
20270613|0242|0440|1224|1623|1958|2147|8 Muharrem 1449
20270614|0241|0440|1224|1623|1958|2148|9 Muharrem 1449
20270615|0241|0440|1224|1624|1959|2149|10 Muharrem 1449
20270616|0241|0440|1225|1624|1959|2149|11 Muharrem 1449
20270617|0241|0440|1225|1624|1959|2150|12 Muharrem 1449
20270618|0241|0440|1225|1624|2000|2150|13 Muharrem 1449
20270619|0241|0441|1225|1625|2000|2150|14 Muharrem 1449
20270620|0241|0441|1226|1625|2000|2151|15 Muharrem 1449
20270621|0241|0441|1226|1625|2001|2151|16 Muharrem 1449
20270622|0241|0441|1226|1625|2001|2151|17 Muharrem 1449
20270623|0242|0441|1226|1626|2001|2151|18 Muharrem 1449
20270624|0242|0442|1226|1626|2001|2152|19 Muharrem 1449
20270625|0242|0442|1227|1626|2001|2152|20 Muharrem 1449
20270626|0243|0442|1227|1626|2001|2152|21 Muharrem 1449
20270627|0243|0443|1227|1626|2002|2152|22 Muharrem 1449
20270628|0244|0443|1227|1626|2002|2151|23 Muharrem 1449
20270629|0245|0443|1227|1627|2002|2151|24 Muharrem 1449
20270630|0245|0444|1228|1627|2001|2151|25 Muharrem 1449
20270701|0246|0444|1228|1627|2001|2151|26 Muharrem 1449
20270702|0247|0445|1228|1627|2001|2150|27 Muharrem 1449
20270703|0247|0445|1228|1627|2001|2150|28 Muharrem 1449
20270704|0248|0446|1228|1627|2001|2150|29 Muharrem 1449
20270705|0249|0446|1229|1627|2001|2149|1 Safer 1449
20270706|0250|0447|1229|1628|2001|2149|2 Safer 1449
20270707|0251|0448|1229|1628|2000|2148|3 Safer 1449
20270708|0252|0448|1229|1628|2000|2147|4 Safer 1449
20270709|0253|0449|1229|1628|2000|2147|5 Safer 1449
20270710|0254|0450|1229|1628|1959|2146|6 Safer 1449
20270711|0255|0450|1230|1628|1959|2145|7 Safer 1449
20270712|0257|0451|1230|1628|1958|2144|8 Safer 1449
20270713|0258|0452|1230|1628|1958|2143|9 Safer 1449
20270714|0259|0453|1230|1628|1957|2142|10 Safer 1449
20270715|0300|0453|1230|1628|1957|2141|11 Safer 1449
20270716|0301|0454|1230|1628|1956|2140|12 Safer 1449
20270717|0303|0455|1230|1628|1956|2139|13 Safer 1449
20270718|0304|0456|1230|1628|1955|2138|14 Safer 1449
20270719|0305|0456|1230|1627|1954|2137|15 Safer 1449
20270720|0307|0457|1230|1627|1954|2136|16 Safer 1449
20270721|0308|0458|1230|1627|1953|2135|17 Safer 1449
20270722|0310|0459|1231|1627|1952|2134|18 Safer 1449
20270723|0311|0500|1231|1627|1951|2132|19 Safer 1449
20270724|0312|0501|1231|1627|1950|2131|20 Safer 1449
20270725|0314|0502|1231|1626|1950|2130|21 Safer 1449
20270726|0315|0503|1231|1626|1949|2128|22 Safer 1449
20270727|0317|0504|1231|1626|1948|2127|23 Safer 1449
20270728|0318|0504|1231|1626|1947|2125|24 Safer 1449
20270729|0320|0505|1231|1625|1946|2124|25 Safer 1449
20270730|0321|0506|1231|1625|1945|2122|26 Safer 1449
20270731|0323|0507|1231|1625|1944|2121|27 Safer 1449
20270801|0324|0508|1230|1624|1943|2119|28 Safer 1449
20270802|0326|0509|1230|1624|1942|2118|29 Safer 1449
20270803|0327|0510|1230|1624|1941|2116|1 Rebiulevvel 1449
20270804|0329|0511|1230|1623|1940|2115|2 Rebiulevvel 1449
20270805|0330|0512|1230|1623|1938|2113|3 Rebiulevvel 1449
20270806|0332|0513|1230|1622|1937|2111|4 Rebiulevvel 1449
20270807|0333|0514|1230|1622|1936|2110|5 Rebiulevvel 1449
20270808|0335|0515|1230|1622|1935|2108|6 Rebiulevvel 1449
20270809|0336|0516|1230|1621|1934|2106|7 Rebiulevvel 1449
20270810|0338|0517|1230|1621|1932|2105|8 Rebiulevvel 1449
20270811|0339|0518|1229|1620|1931|2103|9 Rebiulevvel 1449
20270812|0341|0519|1229|1619|1930|2101|10 Rebiulevvel 1449
20270813|0342|0520|1229|1619|1928|2059|11 Rebiulevvel 1449
20270814|0344|0521|1229|1618|1927|2058|12 Rebiulevvel 1449
20270815|0345|0522|1229|1618|1926|2056|13 Rebiulevvel 1449
20270816|0347|0523|1229|1617|1924|2054|14 Rebiulevvel 1449
20270817|0348|0524|1228|1616|1923|2052|15 Rebiulevvel 1449
20270818|0349|0525|1228|1616|1922|2050|16 Rebiulevvel 1449
20270819|0351|0526|1228|1615|1920|2048|17 Rebiulevvel 1449
20270820|0352|0527|1228|1614|1919|2047|18 Rebiulevvel 1449
20270821|0354|0528|1227|1614|1917|2045|19 Rebiulevvel 1449
20270822|0355|0529|1227|1613|1916|2043|20 Rebiulevvel 1449
20270823|0356|0530|1227|1612|1914|2041|21 Rebiulevvel 1449
20270824|0358|0531|1227|1611|1913|2039|22 Rebiulevvel 1449
20270825|0359|0532|1226|1611|1911|2037|23 Rebiulevvel 1449
20270826|0401|0533|1226|1610|1910|2035|24 Rebiulevvel 1449
20270827|0402|0534|1226|1609|1908|2034|25 Rebiulevvel 1449
20270828|0403|0535|1226|1608|1907|2032|26 Rebiulevvel 1449
20270829|0405|0536|1225|1607|1905|2030|27 Rebiulevvel 1449
20270830|0406|0537|1225|1606|1903|2028|28 Rebiulevvel 1449
20270831|0407|0538|1225|1605|1902|2026|29 Rebiulevvel 1449
20270901|0409|0538|1224|1605|1900|2024|30 Rebiulevvel 1449
20270902|0410|0539|1224|1604|1859|2022|1 Rebiulahir 1449
20270903|0411|0540|1224|1603|1857|2020|2 Rebiulahir 1449
20270904|0412|0541|1223|1602|1855|2018|3 Rebiulahir 1449
20270905|0414|0542|1223|1601|1854|2016|4 Rebiulahir 1449
20270906|0415|0543|1223|1600|1852|2015|5 Rebiulahir 1449
20270907|0416|0544|1222|1559|1850|2013|6 Rebiulahir 1449
20270908|0417|0545|1222|1558|1849|2011|7 Rebiulahir 1449
20270909|0419|0546|1222|1557|1847|2009|8 Rebiulahir 1449
20270910|0420|0547|1221|1556|1845|2007|9 Rebiulahir 1449
20270911|0421|0548|1221|1555|1844|2005|10 Rebiulahir 1449
20270912|0422|0549|1221|1554|1842|2003|11 Rebiulahir 1449
20270913|0424|0550|1220|1553|1840|2001|12 Rebiulahir 1449
20270914|0425|0551|1220|1551|1839|1959|13 Rebiulahir 1449
20270915|0426|0552|1220|1550|1837|1958|14 Rebiulahir 1449
20270916|0427|0553|1219|1549|1835|1956|15 Rebiulahir 1449
20270917|0428|0554|1219|1548|1834|1954|16 Rebiulahir 1449
20270918|0429|0555|1218|1547|1832|1952|17 Rebiulahir 1449
20270919|0431|0556|1218|1546|1830|1950|18 Rebiulahir 1449
20270920|0432|0557|1218|1545|1829|1948|19 Rebiulahir 1449
20270921|0433|0558|1217|1544|1827|1947|20 Rebiulahir 1449
20270922|0434|0559|1217|1542|1825|1945|21 Rebiulahir 1449
20270923|0435|0600|1217|1541|1823|1943|22 Rebiulahir 1449
20270924|0436|0601|1216|1540|1822|1941|23 Rebiulahir 1449
20270925|0437|0602|1216|1539|1820|1939|24 Rebiulahir 1449
20270926|0438|0603|1216|1538|1818|1937|25 Rebiulahir 1449
20270927|0439|0604|1215|1537|1817|1936|26 Rebiulahir 1449
20270928|0441|0605|1215|1535|1815|1934|27 Rebiulahir 1449
20270929|0442|0606|1215|1534|1813|1932|28 Rebiulahir 1449
20270930|0443|0607|1214|1533|1812|1930|29 Rebiulahir 1449
20271001|0444|0608|1214|1532|1810|1929|1 Cemaziyelevvel 1449
20271002|0445|0609|1214|1531|1808|1927|2 Cemaziyelevvel 1449
20271003|0446|0610|1213|1529|1807|1925|3 Cemaziyelevvel 1449
20271004|0447|0611|1213|1528|1805|1924|4 Cemaziyelevvel 1449
20271005|0448|0612|1213|1527|1803|1922|5 Cemaziyelevvel 1449
20271006|0449|0613|1212|1526|1802|1920|6 Cemaziyelevvel 1449
20271007|0450|0614|1212|1525|1800|1919|7 Cemaziyelevvel 1449
20271008|0451|0615|1212|1523|1758|1917|8 Cemaziyelevvel 1449
20271009|0452|0616|1212|1522|1757|1915|9 Cemaziyelevvel 1449
20271010|0453|0617|1211|1521|1755|1914|10 Cemaziyelevvel 1449
20271011|0454|0618|1211|1520|1754|1912|11 Cemaziyelevvel 1449
20271012|0455|0619|1211|1519|1752|1911|12 Cemaziyelevvel 1449
20271013|0457|0620|1210|1517|1751|1909|13 Cemaziyelevvel 1449
20271014|0458|0622|1210|1516|1749|1908|14 Cemaziyelevvel 1449
20271015|0459|0623|1210|1515|1747|1906|15 Cemaziyelevvel 1449
20271016|0500|0624|1210|1514|1746|1905|16 Cemaziyelevvel 1449
20271017|0501|0625|1210|1513|1744|1903|17 Cemaziyelevvel 1449
20271018|0502|0626|1209|1512|1743|1902|18 Cemaziyelevvel 1449
20271019|0503|0627|1209|1510|1741|1900|19 Cemaziyelevvel 1449
20271020|0504|0628|1209|1509|1740|1859|20 Cemaziyelevvel 1449
20271021|0505|0629|1209|1508|1738|1858|21 Cemaziyelevvel 1449
20271022|0506|0630|1209|1507|1737|1856|22 Cemaziyelevvel 1449
20271023|0507|0631|1209|1506|1736|1855|23 Cemaziyelevvel 1449
20271024|0508|0633|1208|1505|1734|1854|24 Cemaziyelevvel 1449
20271025|0509|0634|1208|1504|1733|1852|25 Cemaziyelevvel 1449
20271026|0510|0635|1208|1503|1731|1851|26 Cemaziyelevvel 1449
20271027|0511|0636|1208|1502|1730|1850|27 Cemaziyelevvel 1449
20271028|0512|0637|1208|1501|1729|1849|28 Cemaziyelevvel 1449
20271029|0513|0638|1208|1500|1727|1847|29 Cemaziyelevvel 1449
20271030|0514|0639|1208|1459|1726|1846|30 Cemaziyelevvel 1449
20271031|0515|0641|1208|1458|1725|1845|1 Cemaziyelahir 1449
20271101|0516|0642|1208|1457|1724|1844|2 Cemaziyelahir 1449
20271102|0517|0643|1208|1456|1722|1843|3 Cemaziyelahir 1449
20271103|0518|0644|1208|1455|1721|1842|4 Cemaziyelahir 1449
20271104|0519|0645|1208|1454|1720|1841|5 Cemaziyelahir 1449
20271105|0520|0646|1208|1453|1719|1840|6 Cemaziyelahir 1449
20271106|0521|0648|1208|1452|1718|1839|7 Cemaziyelahir 1449
20271107|0522|0649|1208|1451|1717|1838|8 Cemaziyelahir 1449
20271108|0523|0650|1208|1450|1716|1837|9 Cemaziyelahir 1449
20271109|0524|0651|1208|1449|1715|1836|10 Cemaziyelahir 1449
20271110|0525|0652|1208|1449|1714|1835|11 Cemaziyelahir 1449
20271111|0526|0653|1208|1448|1713|1834|12 Cemaziyelahir 1449
20271112|0527|0655|1208|1447|1712|1833|13 Cemaziyelahir 1449
20271113|0528|0656|1208|1446|1711|1833|14 Cemaziyelahir 1449
20271114|0529|0657|1208|1446|1710|1832|15 Cemaziyelahir 1449
20271115|0530|0658|1209|1445|1709|1831|16 Cemaziyelahir 1449
20271116|0531|0659|1209|1444|1708|1831|17 Cemaziyelahir 1449
20271117|0532|0701|1209|1444|1707|1830|18 Cemaziyelahir 1449
20271118|0533|0702|1209|1443|1706|1829|19 Cemaziyelahir 1449
20271119|0534|0703|1209|1442|1706|1829|20 Cemaziyelahir 1449
20271120|0535|0704|1210|1442|1705|1828|21 Cemaziyelahir 1449
20271121|0536|0705|1210|1441|1704|1828|22 Cemaziyelahir 1449
20271122|0537|0706|1210|1441|1704|1827|23 Cemaziyelahir 1449
20271123|0538|0707|1210|1440|1703|1827|24 Cemaziyelahir 1449
20271124|0539|0709|1211|1440|1703|1826|25 Cemaziyelahir 1449
20271125|0540|0710|1211|1440|1702|1826|26 Cemaziyelahir 1449
20271126|0541|0711|1211|1439|1701|1826|27 Cemaziyelahir 1449
20271127|0542|0712|1211|1439|1701|1825|28 Cemaziyelahir 1449
20271128|0543|0713|1212|1439|1701|1825|29 Cemaziyelahir 1449
20271129|0544|0714|1212|1438|1700|1825|1 Recep 1449
20271130|0545|0715|1212|1438|1700|1825|2 Recep 1449
20271201|0546|0716|1213|1438|1700|1824|3 Recep 1449
20271202|0547|0717|1213|1438|1659|1824|4 Recep 1449
20271203|0548|0718|1214|1438|1659|1824|5 Recep 1449
20271204|0548|0719|1214|1437|1659|1824|6 Recep 1449
20271205|0549|0720|1214|1437|1659|1824|7 Recep 1449
20271206|0550|0721|1215|1437|1659|1824|8 Recep 1449
20271207|0551|0722|1215|1437|1658|1824|9 Recep 1449
20271208|0552|0723|1216|1437|1658|1824|10 Recep 1449
20271209|0553|0724|1216|1437|1658|1824|11 Recep 1449
20271210|0553|0725|1217|1438|1658|1824|12 Recep 1449
20271211|0554|0725|1217|1438|1658|1824|13 Recep 1449
20271212|0555|0726|1217|1438|1659|1825|14 Recep 1449
20271213|0556|0727|1218|1438|1659|1825|15 Recep 1449
20271214|0556|0728|1218|1438|1659|1825|16 Recep 1449
20271215|0557|0729|1219|1438|1659|1825|17 Recep 1449
20271216|0558|0729|1219|1439|1659|1826|18 Recep 1449
20271217|0558|0730|1220|1439|1700|1826|19 Recep 1449
20271218|0559|0731|1220|1439|1700|1826|20 Recep 1449
20271219|0559|0731|1221|1440|1700|1827|21 Recep 1449
20271220|0600|0732|1221|1440|1701|1827|22 Recep 1449
20271221|0600|0732|1222|1441|1701|1828|23 Recep 1449
20271222|0601|0733|1222|1441|1702|1828|24 Recep 1449
20271223|0601|0733|1223|1442|1702|1829|25 Recep 1449
20271224|0602|0734|1223|1442|1703|1829|26 Recep 1449
20271225|0602|0734|1224|1443|1703|1830|27 Recep 1449
20271226|0603|0735|1224|1443|1704|1830|28 Recep 1449
20271227|0603|0735|1225|1444|1705|1831|29 Recep 1449
20271228|0603|0735|1225|1445|1705|1832|30 Recep 1449
20271229|0604|0736|1226|1445|1706|1832|1 Şaban 1449
20271230|0604|0736|1226|1446|1707|1833|2 Şaban 1449
20271231|0604|0736|1227|1447|1707|1834|3 Şaban 1449
#@9897|Dernekpazarı|TRABZON|396
20261003|0446|0610|1213|1529|1806|1925|22 Rebiulahir 1448
20261004|0447|0611|1213|1528|1805|1923|23 Rebiulahir 1448
20261005|0448|0612|1213|1527|1803|1922|24 Rebiulahir 1448
20261006|0449|0613|1212|1525|1801|1920|25 Rebiulahir 1448
20261007|0450|0614|1212|1524|1800|1918|26 Rebiulahir 1448
20261008|0451|0615|1212|1523|1758|1917|27 Rebiulahir 1448
20261009|0453|0616|1211|1522|1756|1915|28 Rebiulahir 1448
20261010|0454|0618|1211|1521|1755|1913|29 Rebiulahir 1448
20261011|0455|0619|1211|1519|1753|1912|30 Rebiulahir 1448
20261012|0456|0620|1211|1518|1752|1910|1 Cemaziyelevvel 1448
20261013|0457|0621|1210|1517|1750|1909|2 Cemaziyelevvel 1448
20261014|0458|0622|1210|1516|1749|1907|3 Cemaziyelevvel 1448
20261015|0459|0623|1210|1515|1747|1906|4 Cemaziyelevvel 1448
20261016|0500|0624|1210|1514|1745|1904|5 Cemaziyelevvel 1448
20261017|0501|0625|1209|1512|1744|1903|6 Cemaziyelevvel 1448
20261018|0502|0626|1209|1511|1742|1901|7 Cemaziyelevvel 1448
20261019|0503|0627|1209|1510|1741|1900|8 Cemaziyelevvel 1448
20261020|0504|0628|1209|1509|1739|1859|9 Cemaziyelevvel 1448
20261021|0505|0629|1209|1508|1738|1857|10 Cemaziyelevvel 1448
20261022|0506|0631|1209|1507|1737|1856|11 Cemaziyelevvel 1448
20261023|0507|0632|1208|1506|1735|1854|12 Cemaziyelevvel 1448
20261024|0508|0633|1208|1504|1734|1853|13 Cemaziyelevvel 1448
20261025|0509|0634|1208|1503|1732|1852|14 Cemaziyelevvel 1448
20261026|0510|0635|1208|1502|1731|1851|15 Cemaziyelevvel 1448
20261027|0511|0636|1208|1501|1730|1849|16 Cemaziyelevvel 1448
20261028|0512|0637|1208|1500|1728|1848|17 Cemaziyelevvel 1448
20261029|0513|0639|1208|1459|1727|1847|18 Cemaziyelevvel 1448
20261030|0514|0640|1208|1458|1726|1846|19 Cemaziyelevvel 1448
20261031|0515|0641|1208|1457|1724|1845|20 Cemaziyelevvel 1448
20261101|0516|0642|1208|1456|1723|1844|21 Cemaziyelevvel 1448
20261102|0517|0643|1208|1455|1722|1842|22 Cemaziyelevvel 1448
20270101|0605|0736|1227|1447|1708|1834|23 Recep 1448
20270102|0605|0736|1228|1448|1709|1835|24 Recep 1448
20270103|0605|0736|1228|1449|1710|1836|25 Recep 1448
20270104|0605|0736|1229|1450|1711|1837|26 Recep 1448
20270105|0605|0736|1229|1451|1712|1837|27 Recep 1448
20270106|0605|0736|1230|1452|1713|1838|28 Recep 1448
20270107|0605|0736|1230|1452|1714|1839|29 Recep 1448
20270108|0605|0736|1230|1453|1715|1840|30 Recep 1448
20270109|0605|0736|1231|1454|1716|1841|1 Şaban 1448
20270110|0605|0736|1231|1455|1717|1842|2 Şaban 1448
20270111|0605|0736|1232|1456|1718|1843|3 Şaban 1448
20270112|0605|0735|1232|1457|1719|1844|4 Şaban 1448
20270113|0605|0735|1232|1458|1720|1845|5 Şaban 1448
20270114|0605|0735|1233|1459|1721|1845|6 Şaban 1448
20270115|0605|0734|1233|1500|1722|1846|7 Şaban 1448
20270116|0604|0734|1234|1501|1723|1847|8 Şaban 1448
20270117|0604|0734|1234|1502|1724|1848|9 Şaban 1448
20270118|0604|0733|1234|1503|1725|1849|10 Şaban 1448
20270119|0603|0733|1235|1504|1726|1850|11 Şaban 1448
20270120|0603|0732|1235|1505|1728|1851|12 Şaban 1448
20270121|0602|0731|1235|1506|1729|1852|13 Şaban 1448
20270122|0602|0731|1235|1507|1730|1853|14 Şaban 1448
20270123|0602|0730|1236|1508|1731|1854|15 Şaban 1448
20270124|0601|0729|1236|1509|1732|1855|16 Şaban 1448
20270125|0600|0729|1236|1510|1734|1856|17 Şaban 1448
20270126|0600|0728|1236|1511|1735|1858|18 Şaban 1448
20270127|0559|0727|1237|1512|1736|1859|19 Şaban 1448
20270128|0559|0726|1237|1513|1737|1900|20 Şaban 1448
20270129|0558|0726|1237|1514|1738|1901|21 Şaban 1448
20270130|0557|0725|1237|1515|1740|1902|22 Şaban 1448
20270131|0556|0724|1237|1516|1741|1903|23 Şaban 1448
20270201|0556|0723|1237|1517|1742|1904|24 Şaban 1448
20270202|0555|0722|1238|1518|1743|1905|25 Şaban 1448
20270203|0554|0721|1238|1519|1745|1906|26 Şaban 1448
20270204|0553|0720|1238|1520|1746|1907|27 Şaban 1448
20270205|0552|0719|1238|1521|1747|1908|28 Şaban 1448
20270206|0551|0718|1238|1522|1748|1909|29 Şaban 1448
20270207|0550|0717|1238|1523|1750|1910|30 Şaban 1448
20270208|0549|0715|1238|1524|1751|1912|1 Ramazan 1448
20270209|0548|0714|1238|1525|1752|1913|2 Ramazan 1448
20270210|0547|0713|1238|1526|1753|1914|3 Ramazan 1448
20270211|0546|0712|1238|1527|1755|1915|4 Ramazan 1448
20270212|0545|0711|1238|1528|1756|1916|5 Ramazan 1448
20270213|0544|0709|1238|1529|1757|1917|6 Ramazan 1448
20270214|0543|0708|1238|1530|1758|1918|7 Ramazan 1448
20270215|0542|0707|1238|1531|1759|1919|8 Ramazan 1448
20270216|0541|0706|1238|1532|1801|1920|9 Ramazan 1448
20270217|0539|0704|1238|1533|1802|1921|10 Ramazan 1448
20270218|0538|0703|1238|1534|1803|1923|11 Ramazan 1448
20270219|0537|0702|1238|1535|1804|1924|12 Ramazan 1448
20270220|0536|0700|1238|1536|1805|1925|13 Ramazan 1448
20270221|0534|0659|1238|1536|1807|1926|14 Ramazan 1448
20270222|0533|0657|1238|1537|1808|1927|15 Ramazan 1448
20270223|0532|0656|1237|1538|1809|1928|16 Ramazan 1448
20270224|0530|0654|1237|1539|1810|1929|17 Ramazan 1448
20270225|0529|0653|1237|1540|1811|1930|18 Ramazan 1448
20270226|0527|0652|1237|1541|1812|1931|19 Ramazan 1448
20270227|0526|0650|1237|1541|1814|1932|20 Ramazan 1448
20270228|0524|0649|1237|1542|1815|1934|21 Ramazan 1448
20270301|0523|0647|1236|1543|1816|1935|22 Ramazan 1448
20270302|0521|0645|1236|1544|1817|1936|23 Ramazan 1448
20270303|0520|0644|1236|1545|1818|1937|24 Ramazan 1448
20270304|0518|0642|1236|1545|1819|1938|25 Ramazan 1448
20270305|0517|0641|1236|1546|1821|1939|26 Ramazan 1448
20270306|0515|0639|1235|1547|1822|1940|27 Ramazan 1448
20270307|0514|0638|1235|1547|1823|1941|28 Ramazan 1448
20270308|0512|0636|1235|1548|1824|1943|29 Ramazan 1448
20270309|0510|0634|1235|1549|1825|1944|1 Şevval 1448
20270310|0509|0633|1234|1549|1826|1945|2 Şevval 1448
20270311|0507|0631|1234|1550|1827|1946|3 Şevval 1448
20270312|0505|0630|1234|1551|1828|1947|4 Şevval 1448
20270313|0504|0628|1234|1551|1829|1948|5 Şevval 1448
20270314|0502|0626|1233|1552|1830|1949|6 Şevval 1448
20270315|0500|0625|1233|1553|1832|1951|7 Şevval 1448
20270316|0459|0623|1233|1553|1833|1952|8 Şevval 1448
20270317|0457|0621|1233|1554|1834|1953|9 Şevval 1448
20270318|0455|0620|1232|1554|1835|1954|10 Şevval 1448
20270319|0453|0618|1232|1555|1836|1955|11 Şevval 1448
20270320|0452|0616|1232|1555|1837|1956|12 Şevval 1448
20270321|0450|0615|1231|1556|1838|1958|13 Şevval 1448
20270322|0448|0613|1231|1556|1839|1959|14 Şevval 1448
20270323|0446|0611|1231|1557|1840|2000|15 Şevval 1448
20270324|0444|0610|1231|1557|1841|2001|16 Şevval 1448
20270325|0443|0608|1230|1558|1842|2002|17 Şevval 1448
20270326|0441|0606|1230|1558|1843|2004|18 Şevval 1448
20270327|0439|0605|1230|1559|1844|2005|19 Şevval 1448
20270328|0437|0603|1229|1559|1845|2006|20 Şevval 1448
20270329|0435|0602|1229|1600|1847|2007|21 Şevval 1448
20270330|0433|0600|1229|1600|1848|2008|22 Şevval 1448
20270331|0431|0558|1228|1601|1849|2010|23 Şevval 1448
20270401|0430|0557|1228|1601|1850|2011|24 Şevval 1448
20270402|0428|0555|1228|1602|1851|2012|25 Şevval 1448
20270403|0426|0553|1228|1602|1852|2013|26 Şevval 1448
20270404|0424|0552|1227|1602|1853|2015|27 Şevval 1448
20270405|0422|0550|1227|1603|1854|2016|28 Şevval 1448
20270406|0420|0548|1227|1603|1855|2017|29 Şevval 1448
20270407|0418|0547|1226|1604|1856|2019|30 Şevval 1448
20270408|0416|0545|1226|1604|1857|2020|1 Zilkade 1448
20270409|0414|0544|1226|1604|1858|2021|2 Zilkade 1448
20270410|0413|0542|1226|1605|1859|2023|3 Zilkade 1448
20270411|0411|0540|1225|1605|1900|2024|4 Zilkade 1448
20270412|0409|0539|1225|1605|1901|2025|5 Zilkade 1448
20270413|0407|0537|1225|1606|1902|2027|6 Zilkade 1448
20270414|0405|0536|1224|1606|1903|2028|7 Zilkade 1448
20270415|0403|0534|1224|1606|1904|2029|8 Zilkade 1448
20270416|0401|0533|1224|1607|1905|2031|9 Zilkade 1448
20270417|0359|0531|1224|1607|1906|2032|10 Zilkade 1448
20270418|0357|0530|1224|1607|1908|2034|11 Zilkade 1448
20270419|0355|0528|1223|1608|1909|2035|12 Zilkade 1448
20270420|0354|0527|1223|1608|1910|2036|13 Zilkade 1448
20270421|0352|0525|1223|1608|1911|2038|14 Zilkade 1448
20270422|0350|0524|1223|1609|1912|2039|15 Zilkade 1448
20270423|0348|0522|1222|1609|1913|2041|16 Zilkade 1448
20270424|0346|0521|1222|1609|1914|2042|17 Zilkade 1448
20270425|0344|0519|1222|1610|1915|2044|18 Zilkade 1448
20270426|0342|0518|1222|1610|1916|2045|19 Zilkade 1448
20270427|0340|0517|1222|1610|1917|2047|20 Zilkade 1448
20270428|0339|0515|1222|1610|1918|2048|21 Zilkade 1448
20270429|0337|0514|1221|1611|1919|2049|22 Zilkade 1448
20270430|0335|0513|1221|1611|1920|2051|23 Zilkade 1448
20270501|0333|0511|1221|1611|1921|2052|24 Zilkade 1448
20270502|0331|0510|1221|1612|1922|2054|25 Zilkade 1448
20270503|0330|0509|1221|1612|1923|2055|26 Zilkade 1448
20270504|0328|0507|1221|1612|1924|2057|27 Zilkade 1448
20270505|0326|0506|1221|1612|1925|2058|28 Zilkade 1448
20270506|0324|0505|1221|1613|1926|2100|29 Zilkade 1448
20270507|0323|0504|1221|1613|1927|2101|1 Zilhicce 1448
20270508|0321|0503|1221|1613|1928|2103|2 Zilhicce 1448
20270509|0319|0502|1221|1614|1929|2104|3 Zilhicce 1448
20270510|0318|0500|1220|1614|1930|2106|4 Zilhicce 1448
20270511|0316|0459|1220|1614|1932|2107|5 Zilhicce 1448
20270512|0314|0458|1220|1614|1933|2109|6 Zilhicce 1448
20270513|0313|0457|1220|1615|1934|2110|7 Zilhicce 1448
20270514|0311|0456|1220|1615|1934|2112|8 Zilhicce 1448
20270515|0310|0455|1220|1615|1935|2113|9 Zilhicce 1448
20270516|0308|0454|1220|1615|1936|2115|10 Zilhicce 1448
20270517|0307|0453|1220|1616|1937|2116|11 Zilhicce 1448
20270518|0305|0453|1220|1616|1938|2118|12 Zilhicce 1448
20270519|0304|0452|1220|1616|1939|2119|13 Zilhicce 1448
20270520|0302|0451|1221|1617|1940|2121|14 Zilhicce 1448
20270521|0301|0450|1221|1617|1941|2122|15 Zilhicce 1448
20270522|0300|0449|1221|1617|1942|2124|16 Zilhicce 1448
20270523|0258|0448|1221|1617|1943|2125|17 Zilhicce 1448
20270524|0257|0448|1221|1618|1944|2126|18 Zilhicce 1448
20270525|0256|0447|1221|1618|1945|2128|19 Zilhicce 1448
20270526|0255|0446|1221|1618|1946|2129|20 Zilhicce 1448
20270527|0254|0446|1221|1619|1946|2130|21 Zilhicce 1448
20270528|0253|0445|1221|1619|1947|2132|22 Zilhicce 1448
20270529|0251|0445|1221|1619|1948|2133|23 Zilhicce 1448
20270530|0250|0444|1221|1619|1949|2134|24 Zilhicce 1448
20270531|0249|0444|1222|1620|1950|2135|25 Zilhicce 1448
20270601|0248|0443|1222|1620|1950|2136|26 Zilhicce 1448
20270602|0248|0443|1222|1620|1951|2138|27 Zilhicce 1448
20270603|0247|0442|1222|1621|1952|2139|28 Zilhicce 1448
20270604|0246|0442|1222|1621|1953|2140|29 Zilhicce 1448
20270605|0245|0442|1222|1621|1953|2141|30 Zilhicce 1448
20270606|0245|0441|1223|1621|1954|2142|1 Muharrem 1449
20270607|0244|0441|1223|1622|1955|2143|2 Muharrem 1449
20270608|0243|0441|1223|1622|1955|2144|3 Muharrem 1449
20270609|0243|0441|1223|1622|1956|2145|4 Muharrem 1449
20270610|0242|0440|1223|1622|1956|2145|5 Muharrem 1449
20270611|0242|0440|1224|1623|1957|2146|6 Muharrem 1449
20270612|0241|0440|1224|1623|1957|2147|7 Muharrem 1449
20270613|0241|0440|1224|1623|1958|2148|8 Muharrem 1449
20270614|0241|0440|1224|1623|1958|2148|9 Muharrem 1449
20270615|0241|0440|1224|1624|1959|2149|10 Muharrem 1449
20270616|0241|0440|1225|1624|1959|2149|11 Muharrem 1449
20270617|0240|0440|1225|1624|2000|2150|12 Muharrem 1449
20270618|0240|0440|1225|1624|2000|2150|13 Muharrem 1449
20270619|0241|0440|1225|1625|2000|2151|14 Muharrem 1449
20270620|0241|0440|1225|1625|2001|2151|15 Muharrem 1449
20270621|0241|0441|1226|1625|2001|2151|16 Muharrem 1449
20270622|0241|0441|1226|1625|2001|2152|17 Muharrem 1449
20270623|0241|0441|1226|1626|2001|2152|18 Muharrem 1449
20270624|0242|0441|1226|1626|2001|2152|19 Muharrem 1449
20270625|0242|0442|1227|1626|2001|2152|20 Muharrem 1449
20270626|0242|0442|1227|1626|2002|2152|21 Muharrem 1449
20270627|0243|0442|1227|1626|2002|2152|22 Muharrem 1449
20270628|0243|0443|1227|1627|2002|2152|23 Muharrem 1449
20270629|0244|0443|1227|1627|2002|2152|24 Muharrem 1449
20270630|0245|0444|1228|1627|2002|2151|25 Muharrem 1449
20270701|0245|0444|1228|1627|2002|2151|26 Muharrem 1449
20270702|0246|0445|1228|1627|2001|2151|27 Muharrem 1449
20270703|0247|0445|1228|1627|2001|2150|28 Muharrem 1449
20270704|0248|0446|1228|1627|2001|2150|29 Muharrem 1449
20270705|0249|0446|1229|1627|2001|2149|1 Safer 1449
20270706|0250|0447|1229|1628|2001|2149|2 Safer 1449
20270707|0251|0447|1229|1628|2000|2148|3 Safer 1449
20270708|0252|0448|1229|1628|2000|2148|4 Safer 1449
20270709|0253|0449|1229|1628|2000|2147|5 Safer 1449
20270710|0254|0449|1229|1628|1959|2146|6 Safer 1449
20270711|0255|0450|1229|1628|1959|2145|7 Safer 1449
20270712|0256|0451|1230|1628|1958|2145|8 Safer 1449
20270713|0257|0452|1230|1628|1958|2144|9 Safer 1449
20270714|0259|0452|1230|1628|1957|2143|10 Safer 1449
20270715|0300|0453|1230|1628|1957|2142|11 Safer 1449
20270716|0301|0454|1230|1628|1956|2141|12 Safer 1449
20270717|0302|0455|1230|1628|1956|2140|13 Safer 1449
20270718|0304|0455|1230|1628|1955|2139|14 Safer 1449
20270719|0305|0456|1230|1627|1954|2137|15 Safer 1449
20270720|0306|0457|1230|1627|1954|2136|16 Safer 1449
20270721|0308|0458|1230|1627|1953|2135|17 Safer 1449
20270722|0309|0459|1230|1627|1952|2134|18 Safer 1449
20270723|0311|0500|1231|1627|1951|2133|19 Safer 1449
20270724|0312|0501|1231|1627|1951|2131|20 Safer 1449
20270725|0314|0501|1231|1626|1950|2130|21 Safer 1449
20270726|0315|0502|1231|1626|1949|2128|22 Safer 1449
20270727|0316|0503|1231|1626|1948|2127|23 Safer 1449
20270728|0318|0504|1231|1626|1947|2126|24 Safer 1449
20270729|0319|0505|1231|1625|1946|2124|25 Safer 1449
20270730|0321|0506|1231|1625|1945|2123|26 Safer 1449
20270731|0322|0507|1230|1625|1944|2121|27 Safer 1449
20270801|0324|0508|1230|1625|1943|2120|28 Safer 1449
20270802|0325|0509|1230|1624|1942|2118|29 Safer 1449
20270803|0327|0510|1230|1624|1941|2116|1 Rebiulevvel 1449
20270804|0328|0511|1230|1623|1940|2115|2 Rebiulevvel 1449
20270805|0330|0512|1230|1623|1938|2113|3 Rebiulevvel 1449
20270806|0331|0513|1230|1623|1937|2112|4 Rebiulevvel 1449
20270807|0333|0514|1230|1622|1936|2110|5 Rebiulevvel 1449
20270808|0334|0515|1230|1622|1935|2108|6 Rebiulevvel 1449
20270809|0336|0516|1230|1621|1934|2106|7 Rebiulevvel 1449
20270810|0337|0517|1230|1621|1932|2105|8 Rebiulevvel 1449
20270811|0339|0518|1229|1620|1931|2103|9 Rebiulevvel 1449
20270812|0340|0519|1229|1619|1930|2101|10 Rebiulevvel 1449
20270813|0342|0520|1229|1619|1928|2059|11 Rebiulevvel 1449
20270814|0343|0521|1229|1618|1927|2058|12 Rebiulevvel 1449
20270815|0345|0522|1229|1618|1926|2056|13 Rebiulevvel 1449
20270816|0346|0523|1228|1617|1924|2054|14 Rebiulevvel 1449
20270817|0348|0524|1228|1616|1923|2052|15 Rebiulevvel 1449
20270818|0349|0525|1228|1616|1922|2050|16 Rebiulevvel 1449
20270819|0351|0526|1228|1615|1920|2049|17 Rebiulevvel 1449
20270820|0352|0527|1228|1614|1919|2047|18 Rebiulevvel 1449
20270821|0353|0528|1227|1614|1917|2045|19 Rebiulevvel 1449
20270822|0355|0529|1227|1613|1916|2043|20 Rebiulevvel 1449
20270823|0356|0530|1227|1612|1914|2041|21 Rebiulevvel 1449
20270824|0358|0531|1227|1611|1913|2039|22 Rebiulevvel 1449
20270825|0359|0532|1226|1611|1911|2037|23 Rebiulevvel 1449
20270826|0400|0532|1226|1610|1910|2036|24 Rebiulevvel 1449
20270827|0402|0533|1226|1609|1908|2034|25 Rebiulevvel 1449
20270828|0403|0534|1225|1608|1907|2032|26 Rebiulevvel 1449
20270829|0404|0535|1225|1607|1905|2030|27 Rebiulevvel 1449
20270830|0406|0536|1225|1606|1903|2028|28 Rebiulevvel 1449
20270831|0407|0537|1225|1605|1902|2026|29 Rebiulevvel 1449
20270901|0408|0538|1224|1605|1900|2024|30 Rebiulevvel 1449
20270902|0410|0539|1224|1604|1859|2022|1 Rebiulahir 1449
20270903|0411|0540|1224|1603|1857|2020|2 Rebiulahir 1449
20270904|0412|0541|1223|1602|1855|2018|3 Rebiulahir 1449
20270905|0414|0542|1223|1601|1854|2017|4 Rebiulahir 1449
20270906|0415|0543|1223|1600|1852|2015|5 Rebiulahir 1449
20270907|0416|0544|1222|1559|1850|2013|6 Rebiulahir 1449
20270908|0417|0545|1222|1558|1849|2011|7 Rebiulahir 1449
20270909|0419|0546|1222|1557|1847|2009|8 Rebiulahir 1449
20270910|0420|0547|1221|1556|1845|2007|9 Rebiulahir 1449
20270911|0421|0548|1221|1555|1844|2005|10 Rebiulahir 1449
20270912|0422|0549|1221|1554|1842|2003|11 Rebiulahir 1449
20270913|0423|0550|1220|1552|1840|2001|12 Rebiulahir 1449
20270914|0425|0551|1220|1551|1839|2000|13 Rebiulahir 1449
20270915|0426|0552|1219|1550|1837|1958|14 Rebiulahir 1449
20270916|0427|0553|1219|1549|1835|1956|15 Rebiulahir 1449
20270917|0428|0554|1219|1548|1834|1954|16 Rebiulahir 1449
20270918|0429|0555|1218|1547|1832|1952|17 Rebiulahir 1449
20270919|0430|0556|1218|1546|1830|1950|18 Rebiulahir 1449
20270920|0432|0557|1218|1545|1828|1948|19 Rebiulahir 1449
20270921|0433|0558|1217|1544|1827|1947|20 Rebiulahir 1449
20270922|0434|0559|1217|1542|1825|1945|21 Rebiulahir 1449
20270923|0435|0600|1217|1541|1823|1943|22 Rebiulahir 1449
20270924|0436|0601|1216|1540|1822|1941|23 Rebiulahir 1449
20270925|0437|0602|1216|1539|1820|1939|24 Rebiulahir 1449
20270926|0438|0603|1216|1538|1818|1938|25 Rebiulahir 1449
20270927|0439|0604|1215|1537|1817|1936|26 Rebiulahir 1449
20270928|0440|0605|1215|1535|1815|1934|27 Rebiulahir 1449
20270929|0442|0606|1215|1534|1813|1932|28 Rebiulahir 1449
20270930|0443|0607|1214|1533|1812|1930|29 Rebiulahir 1449
20271001|0444|0608|1214|1532|1810|1929|1 Cemaziyelevvel 1449
20271002|0445|0609|1214|1531|1808|1927|2 Cemaziyelevvel 1449
20271003|0446|0610|1213|1529|1807|1925|3 Cemaziyelevvel 1449
20271004|0447|0611|1213|1528|1805|1924|4 Cemaziyelevvel 1449
20271005|0448|0612|1213|1527|1803|1922|5 Cemaziyelevvel 1449
20271006|0449|0613|1212|1526|1802|1920|6 Cemaziyelevvel 1449
20271007|0450|0614|1212|1525|1800|1919|7 Cemaziyelevvel 1449
20271008|0451|0615|1212|1523|1758|1917|8 Cemaziyelevvel 1449
20271009|0452|0616|1211|1522|1757|1915|9 Cemaziyelevvel 1449
20271010|0453|0617|1211|1521|1755|1914|10 Cemaziyelevvel 1449
20271011|0454|0618|1211|1520|1754|1912|11 Cemaziyelevvel 1449
20271012|0455|0619|1211|1519|1752|1911|12 Cemaziyelevvel 1449
20271013|0456|0620|1210|1517|1750|1909|13 Cemaziyelevvel 1449
20271014|0457|0622|1210|1516|1749|1908|14 Cemaziyelevvel 1449
20271015|0459|0623|1210|1515|1747|1906|15 Cemaziyelevvel 1449
20271016|0500|0624|1210|1514|1746|1905|16 Cemaziyelevvel 1449
20271017|0501|0625|1210|1513|1744|1903|17 Cemaziyelevvel 1449
20271018|0502|0626|1209|1511|1743|1902|18 Cemaziyelevvel 1449
20271019|0503|0627|1209|1510|1741|1900|19 Cemaziyelevvel 1449
20271020|0504|0628|1209|1509|1740|1859|20 Cemaziyelevvel 1449
20271021|0505|0629|1209|1508|1738|1858|21 Cemaziyelevvel 1449
20271022|0506|0630|1209|1507|1737|1856|22 Cemaziyelevvel 1449
20271023|0507|0631|1208|1506|1735|1855|23 Cemaziyelevvel 1449
20271024|0508|0633|1208|1505|1734|1853|24 Cemaziyelevvel 1449
20271025|0509|0634|1208|1504|1733|1852|25 Cemaziyelevvel 1449
20271026|0510|0635|1208|1503|1731|1851|26 Cemaziyelevvel 1449
20271027|0511|0636|1208|1502|1730|1850|27 Cemaziyelevvel 1449
20271028|0512|0637|1208|1500|1729|1848|28 Cemaziyelevvel 1449
20271029|0513|0638|1208|1459|1727|1847|29 Cemaziyelevvel 1449
20271030|0514|0639|1208|1458|1726|1846|30 Cemaziyelevvel 1449
20271031|0515|0641|1208|1457|1725|1845|1 Cemaziyelahir 1449
20271101|0516|0642|1208|1456|1724|1844|2 Cemaziyelahir 1449
20271102|0517|0643|1208|1455|1722|1843|3 Cemaziyelahir 1449
20271103|0518|0644|1208|1454|1721|1842|4 Cemaziyelahir 1449
20271104|0519|0645|1208|1454|1720|1841|5 Cemaziyelahir 1449
20271105|0520|0646|1208|1453|1719|1840|6 Cemaziyelahir 1449
20271106|0521|0648|1208|1452|1718|1839|7 Cemaziyelahir 1449
20271107|0522|0649|1208|1451|1717|1838|8 Cemaziyelahir 1449
20271108|0523|0650|1208|1450|1715|1837|9 Cemaziyelahir 1449
20271109|0524|0651|1208|1449|1714|1836|10 Cemaziyelahir 1449
20271110|0525|0652|1208|1448|1713|1835|11 Cemaziyelahir 1449
20271111|0526|0654|1208|1448|1712|1834|12 Cemaziyelahir 1449
20271112|0527|0655|1208|1447|1711|1833|13 Cemaziyelahir 1449
20271113|0528|0656|1208|1446|1711|1833|14 Cemaziyelahir 1449
20271114|0529|0657|1208|1445|1710|1832|15 Cemaziyelahir 1449
20271115|0530|0658|1208|1445|1709|1831|16 Cemaziyelahir 1449
20271116|0531|0659|1209|1444|1708|1830|17 Cemaziyelahir 1449
20271117|0532|0701|1209|1443|1707|1830|18 Cemaziyelahir 1449
20271118|0533|0702|1209|1443|1706|1829|19 Cemaziyelahir 1449
20271119|0534|0703|1209|1442|1706|1829|20 Cemaziyelahir 1449
20271120|0535|0704|1209|1442|1705|1828|21 Cemaziyelahir 1449
20271121|0536|0705|1210|1441|1704|1828|22 Cemaziyelahir 1449
20271122|0537|0706|1210|1441|1704|1827|23 Cemaziyelahir 1449
20271123|0538|0708|1210|1440|1703|1827|24 Cemaziyelahir 1449
20271124|0539|0709|1210|1440|1702|1826|25 Cemaziyelahir 1449
20271125|0540|0710|1211|1439|1702|1826|26 Cemaziyelahir 1449
20271126|0541|0711|1211|1439|1701|1825|27 Cemaziyelahir 1449
20271127|0542|0712|1211|1439|1701|1825|28 Cemaziyelahir 1449
20271128|0543|0713|1212|1438|1700|1825|29 Cemaziyelahir 1449
20271129|0544|0714|1212|1438|1700|1825|1 Recep 1449
20271130|0545|0715|1212|1438|1700|1824|2 Recep 1449
20271201|0546|0716|1213|1438|1659|1824|3 Recep 1449
20271202|0547|0717|1213|1437|1659|1824|4 Recep 1449
20271203|0548|0718|1214|1437|1659|1824|5 Recep 1449
20271204|0548|0719|1214|1437|1659|1824|6 Recep 1449
20271205|0549|0720|1214|1437|1658|1824|7 Recep 1449
20271206|0550|0721|1215|1437|1658|1824|8 Recep 1449
20271207|0551|0722|1215|1437|1658|1824|9 Recep 1449
20271208|0552|0723|1216|1437|1658|1824|10 Recep 1449
20271209|0553|0724|1216|1437|1658|1824|11 Recep 1449
20271210|0553|0725|1216|1437|1658|1824|12 Recep 1449
20271211|0554|0726|1217|1437|1658|1824|13 Recep 1449
20271212|0555|0726|1217|1438|1658|1824|14 Recep 1449
20271213|0556|0727|1218|1438|1659|1825|15 Recep 1449
20271214|0556|0728|1218|1438|1659|1825|16 Recep 1449
20271215|0557|0729|1219|1438|1659|1825|17 Recep 1449
20271216|0558|0729|1219|1439|1659|1826|18 Recep 1449
20271217|0558|0730|1220|1439|1659|1826|19 Recep 1449
20271218|0559|0731|1220|1439|1700|1826|20 Recep 1449
20271219|0559|0731|1221|1440|1700|1827|21 Recep 1449
20271220|0600|0732|1221|1440|1701|1827|22 Recep 1449
20271221|0600|0732|1222|1441|1701|1827|23 Recep 1449
20271222|0601|0733|1222|1441|1701|1828|24 Recep 1449
20271223|0601|0733|1223|1441|1702|1828|25 Recep 1449
20271224|0602|0734|1223|1442|1703|1829|26 Recep 1449
20271225|0602|0734|1224|1443|1703|1830|27 Recep 1449
20271226|0603|0735|1224|1443|1704|1830|28 Recep 1449
20271227|0603|0735|1225|1444|1704|1831|29 Recep 1449
20271228|0604|0735|1225|1444|1705|1831|30 Recep 1449
20271229|0604|0736|1226|1445|1706|1832|1 Şaban 1449
20271230|0604|0736|1226|1446|1707|1833|2 Şaban 1449
20271231|0604|0736|1227|1447|1707|1833|3 Şaban 1449
#@9898|Düzköy|TRABZON|396
20261003|0449|0614|1217|1532|1809|1928|22 Rebiulahir 1448
20261004|0450|0615|1216|1531|1808|1927|23 Rebiulahir 1448
20261005|0452|0616|1216|1530|1806|1925|24 Rebiulahir 1448
20261006|0453|0617|1216|1529|1805|1923|25 Rebiulahir 1448
20261007|0454|0618|1215|1527|1803|1922|26 Rebiulahir 1448
20261008|0455|0619|1215|1526|1801|1920|27 Rebiulahir 1448
20261009|0456|0620|1215|1525|1800|1918|28 Rebiulahir 1448
20261010|0457|0621|1214|1524|1758|1917|29 Rebiulahir 1448
20261011|0458|0622|1214|1523|1756|1915|30 Rebiulahir 1448
20261012|0459|0623|1214|1521|1755|1914|1 Cemaziyelevvel 1448
20261013|0500|0624|1214|1520|1753|1912|2 Cemaziyelevvel 1448
20261014|0501|0625|1213|1519|1752|1911|3 Cemaziyelevvel 1448
20261015|0502|0626|1213|1518|1750|1909|4 Cemaziyelevvel 1448
20261016|0503|0627|1213|1517|1749|1908|5 Cemaziyelevvel 1448
20261017|0504|0628|1213|1516|1747|1906|6 Cemaziyelevvel 1448
20261018|0505|0630|1213|1514|1746|1905|7 Cemaziyelevvel 1448
20261019|0506|0631|1212|1513|1744|1903|8 Cemaziyelevvel 1448
20261020|0507|0632|1212|1512|1743|1902|9 Cemaziyelevvel 1448
20261021|0508|0633|1212|1511|1741|1901|10 Cemaziyelevvel 1448
20261022|0509|0634|1212|1510|1740|1859|11 Cemaziyelevvel 1448
20261023|0510|0635|1212|1509|1738|1858|12 Cemaziyelevvel 1448
20261024|0511|0636|1212|1508|1737|1856|13 Cemaziyelevvel 1448
20261025|0512|0637|1211|1507|1736|1855|14 Cemaziyelevvel 1448
20261026|0514|0639|1211|1505|1734|1854|15 Cemaziyelevvel 1448
20261027|0515|0640|1211|1504|1733|1853|16 Cemaziyelevvel 1448
20261028|0516|0641|1211|1503|1732|1851|17 Cemaziyelevvel 1448
20261029|0517|0642|1211|1502|1730|1850|18 Cemaziyelevvel 1448
20261030|0518|0643|1211|1501|1729|1849|19 Cemaziyelevvel 1448
20261031|0519|0644|1211|1500|1728|1848|20 Cemaziyelevvel 1448
20261101|0520|0646|1211|1459|1726|1847|21 Cemaziyelevvel 1448
20261102|0521|0647|1211|1458|1725|1846|22 Cemaziyelevvel 1448
20270101|0608|0740|1231|1451|1711|1838|23 Recep 1448
20270102|0608|0740|1231|1451|1712|1838|24 Recep 1448
20270103|0608|0740|1231|1452|1713|1839|25 Recep 1448
20270104|0609|0740|1232|1453|1714|1840|26 Recep 1448
20270105|0609|0740|1232|1454|1715|1841|27 Recep 1448
20270106|0609|0740|1233|1455|1716|1841|28 Recep 1448
20270107|0609|0740|1233|1455|1717|1842|29 Recep 1448
20270108|0609|0740|1234|1456|1718|1843|30 Recep 1448
20270109|0609|0740|1234|1457|1719|1844|1 Şaban 1448
20270110|0609|0739|1235|1458|1720|1845|2 Şaban 1448
20270111|0609|0739|1235|1459|1721|1846|3 Şaban 1448
20270112|0609|0739|1235|1500|1722|1847|4 Şaban 1448
20270113|0608|0739|1236|1501|1723|1848|5 Şaban 1448
20270114|0608|0738|1236|1502|1724|1849|6 Şaban 1448
20270115|0608|0738|1236|1503|1725|1850|7 Şaban 1448
20270116|0608|0738|1237|1504|1726|1851|8 Şaban 1448
20270117|0607|0737|1237|1505|1727|1852|9 Şaban 1448
20270118|0607|0737|1238|1506|1728|1853|10 Şaban 1448
20270119|0607|0736|1238|1507|1730|1854|11 Şaban 1448
20270120|0606|0736|1238|1508|1731|1855|12 Şaban 1448
20270121|0606|0735|1238|1509|1732|1856|13 Şaban 1448
20270122|0605|0734|1239|1510|1733|1857|14 Şaban 1448
20270123|0605|0734|1239|1511|1734|1858|15 Şaban 1448
20270124|0604|0733|1239|1512|1736|1859|16 Şaban 1448
20270125|0604|0732|1239|1513|1737|1900|17 Şaban 1448
20270126|0603|0732|1240|1514|1738|1901|18 Şaban 1448
20270127|0603|0731|1240|1515|1739|1902|19 Şaban 1448
20270128|0602|0730|1240|1516|1740|1903|20 Şaban 1448
20270129|0601|0729|1240|1517|1742|1904|21 Şaban 1448
20270130|0601|0728|1240|1518|1743|1905|22 Şaban 1448
20270131|0600|0727|1241|1519|1744|1906|23 Şaban 1448
20270201|0559|0726|1241|1520|1745|1907|24 Şaban 1448
20270202|0558|0725|1241|1521|1747|1908|25 Şaban 1448
20270203|0557|0724|1241|1523|1748|1909|26 Şaban 1448
20270204|0557|0723|1241|1524|1749|1910|27 Şaban 1448
20270205|0556|0722|1241|1525|1750|1912|28 Şaban 1448
20270206|0555|0721|1241|1526|1752|1913|29 Şaban 1448
20270207|0554|0720|1241|1527|1753|1914|30 Şaban 1448
20270208|0553|0719|1241|1528|1754|1915|1 Ramazan 1448
20270209|0552|0718|1241|1529|1755|1916|2 Ramazan 1448
20270210|0551|0717|1242|1530|1756|1917|3 Ramazan 1448
20270211|0550|0715|1242|1531|1758|1918|4 Ramazan 1448
20270212|0549|0714|1242|1531|1759|1919|5 Ramazan 1448
20270213|0547|0713|1242|1532|1800|1920|6 Ramazan 1448
20270214|0546|0712|1242|1533|1801|1921|7 Ramazan 1448
20270215|0545|0710|1241|1534|1803|1923|8 Ramazan 1448
20270216|0544|0709|1241|1535|1804|1924|9 Ramazan 1448
20270217|0543|0708|1241|1536|1805|1925|10 Ramazan 1448
20270218|0541|0706|1241|1537|1806|1926|11 Ramazan 1448
20270219|0540|0705|1241|1538|1807|1927|12 Ramazan 1448
20270220|0539|0704|1241|1539|1809|1928|13 Ramazan 1448
20270221|0538|0702|1241|1540|1810|1929|14 Ramazan 1448
20270222|0536|0701|1241|1541|1811|1930|15 Ramazan 1448
20270223|0535|0659|1241|1541|1812|1931|16 Ramazan 1448
20270224|0534|0658|1241|1542|1813|1932|17 Ramazan 1448
20270225|0532|0656|1240|1543|1815|1934|18 Ramazan 1448
20270226|0531|0655|1240|1544|1816|1935|19 Ramazan 1448
20270227|0529|0653|1240|1545|1817|1936|20 Ramazan 1448
20270228|0528|0652|1240|1545|1818|1937|21 Ramazan 1448
20270301|0526|0650|1240|1546|1819|1938|22 Ramazan 1448
20270302|0525|0649|1240|1547|1820|1939|23 Ramazan 1448
20270303|0523|0647|1239|1548|1822|1940|24 Ramazan 1448
20270304|0522|0646|1239|1548|1823|1941|25 Ramazan 1448
20270305|0520|0644|1239|1549|1824|1943|26 Ramazan 1448
20270306|0519|0643|1239|1550|1825|1944|27 Ramazan 1448
20270307|0517|0641|1239|1551|1826|1945|28 Ramazan 1448
20270308|0515|0639|1238|1551|1827|1946|29 Ramazan 1448
20270309|0514|0638|1238|1552|1828|1947|1 Şevval 1448
20270310|0512|0636|1238|1553|1829|1948|2 Şevval 1448
20270311|0510|0635|1238|1553|1830|1949|3 Şevval 1448
20270312|0509|0633|1237|1554|1832|1950|4 Şevval 1448
20270313|0507|0631|1237|1555|1833|1952|5 Şevval 1448
20270314|0505|0630|1237|1555|1834|1953|6 Şevval 1448
20270315|0504|0628|1236|1556|1835|1954|7 Şevval 1448
20270316|0502|0626|1236|1556|1836|1955|8 Şevval 1448
20270317|0500|0625|1236|1557|1837|1956|9 Şevval 1448
20270318|0458|0623|1236|1558|1838|1957|10 Şevval 1448
20270319|0457|0621|1235|1558|1839|1959|11 Şevval 1448
20270320|0455|0620|1235|1559|1840|2000|12 Şevval 1448
20270321|0453|0618|1235|1559|1841|2001|13 Şevval 1448
20270322|0451|0616|1234|1600|1842|2002|14 Şevval 1448
20270323|0449|0615|1234|1600|1843|2003|15 Şevval 1448
20270324|0448|0613|1234|1601|1845|2005|16 Şevval 1448
20270325|0446|0611|1234|1601|1846|2006|17 Şevval 1448
20270326|0444|0610|1233|1602|1847|2007|18 Şevval 1448
20270327|0442|0608|1233|1602|1848|2008|19 Şevval 1448
20270328|0440|0606|1233|1603|1849|2009|20 Şevval 1448
20270329|0438|0605|1232|1603|1850|2011|21 Şevval 1448
20270330|0436|0603|1232|1604|1851|2012|22 Şevval 1448
20270331|0435|0601|1232|1604|1852|2013|23 Şevval 1448
20270401|0433|0600|1231|1604|1853|2014|24 Şevval 1448
20270402|0431|0558|1231|1605|1854|2016|25 Şevval 1448
20270403|0429|0557|1231|1605|1855|2017|26 Şevval 1448
20270404|0427|0555|1231|1606|1856|2018|27 Şevval 1448
20270405|0425|0553|1230|1606|1857|2020|28 Şevval 1448
20270406|0423|0552|1230|1607|1858|2021|29 Şevval 1448
20270407|0421|0550|1230|1607|1859|2022|30 Şevval 1448
20270408|0419|0548|1229|1607|1900|2023|1 Zilkade 1448
20270409|0418|0547|1229|1608|1901|2025|2 Zilkade 1448
20270410|0416|0545|1229|1608|1903|2026|3 Zilkade 1448
20270411|0414|0544|1229|1608|1904|2027|4 Zilkade 1448
20270412|0412|0542|1228|1609|1905|2029|5 Zilkade 1448
20270413|0410|0540|1228|1609|1906|2030|6 Zilkade 1448
20270414|0408|0539|1228|1609|1907|2032|7 Zilkade 1448
20270415|0406|0537|1228|1610|1908|2033|8 Zilkade 1448
20270416|0404|0536|1227|1610|1909|2034|9 Zilkade 1448
20270417|0402|0534|1227|1610|1910|2036|10 Zilkade 1448
20270418|0400|0533|1227|1611|1911|2037|11 Zilkade 1448
20270419|0358|0531|1227|1611|1912|2039|12 Zilkade 1448
20270420|0357|0530|1226|1611|1913|2040|13 Zilkade 1448
20270421|0355|0528|1226|1612|1914|2041|14 Zilkade 1448
20270422|0353|0527|1226|1612|1915|2043|15 Zilkade 1448
20270423|0351|0525|1226|1612|1916|2044|16 Zilkade 1448
20270424|0349|0524|1226|1613|1917|2046|17 Zilkade 1448
20270425|0347|0523|1225|1613|1918|2047|18 Zilkade 1448
20270426|0345|0521|1225|1613|1919|2049|19 Zilkade 1448
20270427|0343|0520|1225|1614|1920|2050|20 Zilkade 1448
20270428|0342|0518|1225|1614|1922|2052|21 Zilkade 1448
20270429|0340|0517|1225|1614|1923|2053|22 Zilkade 1448
20270430|0338|0516|1225|1614|1924|2055|23 Zilkade 1448
20270501|0336|0514|1225|1615|1925|2056|24 Zilkade 1448
20270502|0334|0513|1224|1615|1926|2058|25 Zilkade 1448
20270503|0333|0512|1224|1615|1927|2059|26 Zilkade 1448
20270504|0331|0511|1224|1616|1928|2101|27 Zilkade 1448
20270505|0329|0509|1224|1616|1929|2102|28 Zilkade 1448
20270506|0327|0508|1224|1616|1930|2104|29 Zilkade 1448
20270507|0326|0507|1224|1616|1931|2105|1 Zilhicce 1448
20270508|0324|0506|1224|1617|1932|2107|2 Zilhicce 1448
20270509|0322|0505|1224|1617|1933|2108|3 Zilhicce 1448
20270510|0321|0504|1224|1617|1934|2110|4 Zilhicce 1448
20270511|0319|0503|1224|1618|1935|2111|5 Zilhicce 1448
20270512|0317|0501|1224|1618|1936|2113|6 Zilhicce 1448
20270513|0316|0500|1224|1618|1937|2114|7 Zilhicce 1448
20270514|0314|0459|1224|1618|1938|2116|8 Zilhicce 1448
20270515|0313|0458|1224|1619|1939|2117|9 Zilhicce 1448
20270516|0311|0457|1224|1619|1940|2119|10 Zilhicce 1448
20270517|0310|0457|1224|1619|1941|2120|11 Zilhicce 1448
20270518|0308|0456|1224|1619|1942|2122|12 Zilhicce 1448
20270519|0307|0455|1224|1620|1943|2123|13 Zilhicce 1448
20270520|0305|0454|1224|1620|1944|2125|14 Zilhicce 1448
20270521|0304|0453|1224|1620|1945|2126|15 Zilhicce 1448
20270522|0303|0452|1224|1621|1946|2127|16 Zilhicce 1448
20270523|0301|0452|1224|1621|1947|2129|17 Zilhicce 1448
20270524|0300|0451|1224|1621|1947|2130|18 Zilhicce 1448
20270525|0259|0450|1224|1621|1948|2131|19 Zilhicce 1448
20270526|0258|0449|1224|1622|1949|2133|20 Zilhicce 1448
20270527|0256|0449|1224|1622|1950|2134|21 Zilhicce 1448
20270528|0255|0448|1225|1622|1951|2135|22 Zilhicce 1448
20270529|0254|0448|1225|1623|1952|2137|23 Zilhicce 1448
20270530|0253|0447|1225|1623|1953|2138|24 Zilhicce 1448
20270531|0252|0447|1225|1623|1953|2139|25 Zilhicce 1448
20270601|0251|0446|1225|1623|1954|2140|26 Zilhicce 1448
20270602|0250|0446|1225|1624|1955|2141|27 Zilhicce 1448
20270603|0250|0445|1225|1624|1956|2143|28 Zilhicce 1448
20270604|0249|0445|1226|1624|1956|2144|29 Zilhicce 1448
20270605|0248|0445|1226|1625|1957|2145|30 Zilhicce 1448
20270606|0247|0444|1226|1625|1958|2146|1 Muharrem 1449
20270607|0247|0444|1226|1625|1958|2147|2 Muharrem 1449
20270608|0246|0444|1226|1625|1959|2148|3 Muharrem 1449
20270609|0245|0444|1226|1626|1959|2148|4 Muharrem 1449
20270610|0245|0443|1227|1626|2000|2149|5 Muharrem 1449
20270611|0245|0443|1227|1626|2001|2150|6 Muharrem 1449
20270612|0244|0443|1227|1626|2001|2151|7 Muharrem 1449
20270613|0244|0443|1227|1627|2002|2152|8 Muharrem 1449
20270614|0244|0443|1228|1627|2002|2152|9 Muharrem 1449
20270615|0243|0443|1228|1627|2002|2153|10 Muharrem 1449
20270616|0243|0443|1228|1627|2003|2153|11 Muharrem 1449
20270617|0243|0443|1228|1628|2003|2154|12 Muharrem 1449
20270618|0243|0443|1228|1628|2004|2154|13 Muharrem 1449
20270619|0243|0443|1229|1628|2004|2155|14 Muharrem 1449
20270620|0243|0444|1229|1628|2004|2155|15 Muharrem 1449
20270621|0243|0444|1229|1629|2004|2155|16 Muharrem 1449
20270622|0244|0444|1229|1629|2005|2155|17 Muharrem 1449
20270623|0244|0444|1229|1629|2005|2156|18 Muharrem 1449
20270624|0244|0444|1230|1629|2005|2156|19 Muharrem 1449
20270625|0245|0445|1230|1629|2005|2156|20 Muharrem 1449
20270626|0245|0445|1230|1630|2005|2156|21 Muharrem 1449
20270627|0246|0445|1230|1630|2005|2156|22 Muharrem 1449
20270628|0246|0446|1231|1630|2005|2156|23 Muharrem 1449
20270629|0247|0446|1231|1630|2005|2155|24 Muharrem 1449
20270630|0247|0447|1231|1630|2005|2155|25 Muharrem 1449
20270701|0248|0447|1231|1630|2005|2155|26 Muharrem 1449
20270702|0249|0448|1231|1631|2005|2155|27 Muharrem 1449
20270703|0250|0448|1231|1631|2005|2154|28 Muharrem 1449
20270704|0251|0449|1232|1631|2005|2154|29 Muharrem 1449
20270705|0251|0449|1232|1631|2004|2153|1 Safer 1449
20270706|0252|0450|1232|1631|2004|2153|2 Safer 1449
20270707|0253|0450|1232|1631|2004|2152|3 Safer 1449
20270708|0254|0451|1232|1631|2004|2151|4 Safer 1449
20270709|0255|0452|1233|1631|2003|2151|5 Safer 1449
20270710|0257|0452|1233|1631|2003|2150|6 Safer 1449
20270711|0258|0453|1233|1631|2002|2149|7 Safer 1449
20270712|0259|0454|1233|1631|2002|2148|8 Safer 1449
20270713|0300|0455|1233|1631|2002|2147|9 Safer 1449
20270714|0301|0455|1233|1631|2001|2147|10 Safer 1449
20270715|0303|0456|1233|1631|2000|2146|11 Safer 1449
20270716|0304|0457|1233|1631|2000|2145|12 Safer 1449
20270717|0305|0458|1233|1631|1959|2143|13 Safer 1449
20270718|0306|0459|1234|1631|1959|2142|14 Safer 1449
20270719|0308|0459|1234|1631|1958|2141|15 Safer 1449
20270720|0309|0500|1234|1631|1957|2140|16 Safer 1449
20270721|0311|0501|1234|1631|1957|2139|17 Safer 1449
20270722|0312|0502|1234|1631|1956|2138|18 Safer 1449
20270723|0313|0503|1234|1630|1955|2136|19 Safer 1449
20270724|0315|0504|1234|1630|1954|2135|20 Safer 1449
20270725|0316|0505|1234|1630|1953|2134|21 Safer 1449
20270726|0318|0506|1234|1630|1952|2132|22 Safer 1449
20270727|0319|0506|1234|1629|1951|2131|23 Safer 1449
20270728|0321|0507|1234|1629|1950|2129|24 Safer 1449
20270729|0322|0508|1234|1629|1950|2128|25 Safer 1449
20270730|0324|0509|1234|1629|1949|2126|26 Safer 1449
20270731|0325|0510|1234|1628|1947|2125|27 Safer 1449
20270801|0327|0511|1234|1628|1946|2123|28 Safer 1449
20270802|0328|0512|1234|1628|1945|2122|29 Safer 1449
20270803|0330|0513|1234|1627|1944|2120|1 Rebiulevvel 1449
20270804|0331|0514|1234|1627|1943|2119|2 Rebiulevvel 1449
20270805|0333|0515|1233|1626|1942|2117|3 Rebiulevvel 1449
20270806|0334|0516|1233|1626|1941|2115|4 Rebiulevvel 1449
20270807|0336|0517|1233|1625|1940|2114|5 Rebiulevvel 1449
20270808|0337|0518|1233|1625|1938|2112|6 Rebiulevvel 1449
20270809|0339|0519|1233|1625|1937|2110|7 Rebiulevvel 1449
20270810|0340|0520|1233|1624|1936|2108|8 Rebiulevvel 1449
20270811|0342|0521|1233|1623|1935|2107|9 Rebiulevvel 1449
20270812|0343|0522|1233|1623|1933|2105|10 Rebiulevvel 1449
20270813|0345|0523|1232|1622|1932|2103|11 Rebiulevvel 1449
20270814|0346|0524|1232|1622|1931|2101|12 Rebiulevvel 1449
20270815|0348|0525|1232|1621|1929|2100|13 Rebiulevvel 1449
20270816|0349|0526|1232|1620|1928|2058|14 Rebiulevvel 1449
20270817|0351|0527|1232|1620|1926|2056|15 Rebiulevvel 1449
20270818|0352|0528|1231|1619|1925|2054|16 Rebiulevvel 1449
20270819|0354|0529|1231|1618|1924|2052|17 Rebiulevvel 1449
20270820|0355|0530|1231|1618|1922|2050|18 Rebiulevvel 1449
20270821|0356|0531|1231|1617|1921|2049|19 Rebiulevvel 1449
20270822|0358|0532|1230|1616|1919|2047|20 Rebiulevvel 1449
20270823|0359|0533|1230|1616|1918|2045|21 Rebiulevvel 1449
20270824|0401|0534|1230|1615|1916|2043|22 Rebiulevvel 1449
20270825|0402|0535|1230|1614|1915|2041|23 Rebiulevvel 1449
20270826|0403|0536|1229|1613|1913|2039|24 Rebiulevvel 1449
20270827|0405|0537|1229|1612|1912|2037|25 Rebiulevvel 1449
20270828|0406|0538|1229|1611|1910|2035|26 Rebiulevvel 1449
20270829|0407|0539|1229|1611|1908|2033|27 Rebiulevvel 1449
20270830|0409|0540|1228|1610|1907|2032|28 Rebiulevvel 1449
20270831|0410|0541|1228|1609|1905|2030|29 Rebiulevvel 1449
20270901|0411|0542|1228|1608|1904|2028|30 Rebiulevvel 1449
20270902|0413|0543|1227|1607|1902|2026|1 Rebiulahir 1449
20270903|0414|0544|1227|1606|1900|2024|2 Rebiulahir 1449
20270904|0415|0545|1227|1605|1859|2022|3 Rebiulahir 1449
20270905|0417|0546|1226|1604|1857|2020|4 Rebiulahir 1449
20270906|0418|0547|1226|1603|1855|2018|5 Rebiulahir 1449
20270907|0419|0548|1226|1602|1854|2016|6 Rebiulahir 1449
20270908|0420|0548|1225|1601|1852|2014|7 Rebiulahir 1449
20270909|0422|0549|1225|1600|1850|2012|8 Rebiulahir 1449
20270910|0423|0550|1225|1559|1849|2011|9 Rebiulahir 1449
20270911|0424|0551|1224|1558|1847|2009|10 Rebiulahir 1449
20270912|0425|0552|1224|1557|1845|2007|11 Rebiulahir 1449
20270913|0427|0553|1224|1556|1844|2005|12 Rebiulahir 1449
20270914|0428|0554|1223|1555|1842|2003|13 Rebiulahir 1449
20270915|0429|0555|1223|1554|1840|2001|14 Rebiulahir 1449
20270916|0430|0556|1222|1553|1839|1959|15 Rebiulahir 1449
20270917|0431|0557|1222|1551|1837|1957|16 Rebiulahir 1449
20270918|0432|0558|1222|1550|1835|1956|17 Rebiulahir 1449
20270919|0434|0559|1221|1549|1834|1954|18 Rebiulahir 1449
20270920|0435|0600|1221|1548|1832|1952|19 Rebiulahir 1449
20270921|0436|0601|1221|1547|1830|1950|20 Rebiulahir 1449
20270922|0437|0602|1220|1546|1828|1948|21 Rebiulahir 1449
20270923|0438|0603|1220|1545|1827|1946|22 Rebiulahir 1449
20270924|0439|0604|1220|1543|1825|1945|23 Rebiulahir 1449
20270925|0440|0605|1219|1542|1823|1943|24 Rebiulahir 1449
20270926|0441|0606|1219|1541|1822|1941|25 Rebiulahir 1449
20270927|0443|0607|1219|1540|1820|1939|26 Rebiulahir 1449
20270928|0444|0608|1218|1539|1818|1937|27 Rebiulahir 1449
20270929|0445|0609|1218|1537|1817|1936|28 Rebiulahir 1449
20270930|0446|0610|1218|1536|1815|1934|29 Rebiulahir 1449
20271001|0447|0611|1217|1535|1813|1932|1 Cemaziyelevvel 1449
20271002|0448|0612|1217|1534|1812|1930|2 Cemaziyelevvel 1449
20271003|0449|0613|1217|1533|1810|1929|3 Cemaziyelevvel 1449
20271004|0450|0614|1216|1531|1808|1927|4 Cemaziyelevvel 1449
20271005|0451|0615|1216|1530|1807|1925|5 Cemaziyelevvel 1449
20271006|0452|0616|1216|1529|1805|1924|6 Cemaziyelevvel 1449
20271007|0453|0617|1215|1528|1803|1922|7 Cemaziyelevvel 1449
20271008|0454|0619|1215|1527|1802|1920|8 Cemaziyelevvel 1449
20271009|0456|0620|1215|1525|1800|1919|9 Cemaziyelevvel 1449
20271010|0457|0621|1215|1524|1758|1917|10 Cemaziyelevvel 1449
20271011|0458|0622|1214|1523|1757|1916|11 Cemaziyelevvel 1449
20271012|0459|0623|1214|1522|1755|1914|12 Cemaziyelevvel 1449
20271013|0500|0624|1214|1521|1754|1913|13 Cemaziyelevvel 1449
20271014|0501|0625|1214|1519|1752|1911|14 Cemaziyelevvel 1449
20271015|0502|0626|1213|1518|1751|1909|15 Cemaziyelevvel 1449
20271016|0503|0627|1213|1517|1749|1908|16 Cemaziyelevvel 1449
20271017|0504|0628|1213|1516|1748|1907|17 Cemaziyelevvel 1449
20271018|0505|0629|1213|1515|1746|1905|18 Cemaziyelevvel 1449
20271019|0506|0630|1212|1514|1745|1904|19 Cemaziyelevvel 1449
20271020|0507|0632|1212|1512|1743|1902|20 Cemaziyelevvel 1449
20271021|0508|0633|1212|1511|1742|1901|21 Cemaziyelevvel 1449
20271022|0509|0634|1212|1510|1740|1859|22 Cemaziyelevvel 1449
20271023|0510|0635|1212|1509|1739|1858|23 Cemaziyelevvel 1449
20271024|0511|0636|1212|1508|1737|1857|24 Cemaziyelevvel 1449
20271025|0512|0637|1211|1507|1736|1856|25 Cemaziyelevvel 1449
20271026|0513|0638|1211|1506|1735|1854|26 Cemaziyelevvel 1449
20271027|0514|0639|1211|1505|1733|1853|27 Cemaziyelevvel 1449
20271028|0515|0641|1211|1504|1732|1852|28 Cemaziyelevvel 1449
20271029|0516|0642|1211|1503|1731|1851|29 Cemaziyelevvel 1449
20271030|0517|0643|1211|1502|1729|1849|30 Cemaziyelevvel 1449
20271031|0518|0644|1211|1501|1728|1848|1 Cemaziyelahir 1449
20271101|0519|0645|1211|1500|1727|1847|2 Cemaziyelahir 1449
20271102|0521|0646|1211|1459|1725|1846|3 Cemaziyelahir 1449
20271103|0522|0648|1211|1458|1724|1845|4 Cemaziyelahir 1449
20271104|0523|0649|1211|1457|1723|1844|5 Cemaziyelahir 1449
20271105|0524|0650|1211|1456|1722|1843|6 Cemaziyelahir 1449
20271106|0525|0651|1211|1455|1721|1842|7 Cemaziyelahir 1449
20271107|0526|0652|1211|1454|1720|1841|8 Cemaziyelahir 1449
20271108|0527|0653|1211|1453|1719|1840|9 Cemaziyelahir 1449
20271109|0528|0655|1211|1452|1718|1839|10 Cemaziyelahir 1449
20271110|0529|0656|1211|1452|1717|1838|11 Cemaziyelahir 1449
20271111|0530|0657|1211|1451|1716|1837|12 Cemaziyelahir 1449
20271112|0531|0658|1211|1450|1715|1837|13 Cemaziyelahir 1449
20271113|0532|0659|1212|1449|1714|1836|14 Cemaziyelahir 1449
20271114|0533|0701|1212|1449|1713|1835|15 Cemaziyelahir 1449
20271115|0534|0702|1212|1448|1712|1834|16 Cemaziyelahir 1449
20271116|0535|0703|1212|1447|1711|1834|17 Cemaziyelahir 1449
20271117|0536|0704|1212|1447|1710|1833|18 Cemaziyelahir 1449
20271118|0537|0705|1212|1446|1709|1832|19 Cemaziyelahir 1449
20271119|0538|0706|1213|1445|1709|1832|20 Cemaziyelahir 1449
20271120|0539|0708|1213|1445|1708|1831|21 Cemaziyelahir 1449
20271121|0540|0709|1213|1444|1707|1831|22 Cemaziyelahir 1449
20271122|0541|0710|1213|1444|1707|1830|23 Cemaziyelahir 1449
20271123|0542|0711|1214|1443|1706|1830|24 Cemaziyelahir 1449
20271124|0543|0712|1214|1443|1705|1829|25 Cemaziyelahir 1449
20271125|0544|0713|1214|1442|1705|1829|26 Cemaziyelahir 1449
20271126|0545|0714|1214|1442|1704|1829|27 Cemaziyelahir 1449
20271127|0546|0716|1215|1442|1704|1828|28 Cemaziyelahir 1449
20271128|0547|0717|1215|1441|1704|1828|29 Cemaziyelahir 1449
20271129|0547|0718|1215|1441|1703|1828|1 Recep 1449
20271130|0548|0719|1216|1441|1703|1828|2 Recep 1449
20271201|0549|0720|1216|1441|1702|1827|3 Recep 1449
20271202|0550|0721|1216|1441|1702|1827|4 Recep 1449
20271203|0551|0722|1217|1440|1702|1827|5 Recep 1449
20271204|0552|0723|1217|1440|1702|1827|6 Recep 1449
20271205|0553|0724|1218|1440|1702|1827|7 Recep 1449
20271206|0554|0725|1218|1440|1701|1827|8 Recep 1449
20271207|0554|0726|1218|1440|1701|1827|9 Recep 1449
20271208|0555|0727|1219|1440|1701|1827|10 Recep 1449
20271209|0556|0727|1219|1440|1701|1827|11 Recep 1449
20271210|0557|0728|1220|1440|1701|1827|12 Recep 1449
20271211|0558|0729|1220|1441|1701|1827|13 Recep 1449
20271212|0558|0730|1221|1441|1701|1828|14 Recep 1449
20271213|0559|0731|1221|1441|1702|1828|15 Recep 1449
20271214|0600|0732|1222|1441|1702|1828|16 Recep 1449
20271215|0600|0732|1222|1441|1702|1828|17 Recep 1449
20271216|0601|0733|1223|1442|1702|1829|18 Recep 1449
20271217|0602|0734|1223|1442|1703|1829|19 Recep 1449
20271218|0602|0734|1224|1442|1703|1829|20 Recep 1449
20271219|0603|0735|1224|1443|1703|1830|21 Recep 1449
20271220|0603|0735|1225|1443|1704|1830|22 Recep 1449
20271221|0604|0736|1225|1444|1704|1831|23 Recep 1449
20271222|0604|0737|1226|1444|1705|1831|24 Recep 1449
20271223|0605|0737|1226|1445|1705|1832|25 Recep 1449
20271224|0605|0737|1227|1445|1706|1832|26 Recep 1449
20271225|0606|0738|1227|1446|1706|1833|27 Recep 1449
20271226|0606|0738|1228|1446|1707|1833|28 Recep 1449
20271227|0607|0739|1228|1447|1707|1834|29 Recep 1449
20271228|0607|0739|1229|1448|1708|1835|30 Recep 1449
20271229|0607|0739|1229|1448|1709|1835|1 Şaban 1449
20271230|0608|0739|1229|1449|1710|1836|2 Şaban 1449
20271231|0608|0740|1230|1450|1710|1837|3 Şaban 1449
#@9899|Hayrat|TRABZON|396
20261003|0446|0610|1213|1529|1806|1925|22 Rebiulahir 1448
20261004|0447|0611|1212|1527|1804|1923|23 Rebiulahir 1448
20261005|0448|0612|1212|1526|1802|1921|24 Rebiulahir 1448
20261006|0449|0613|1212|1525|1801|1920|25 Rebiulahir 1448
20261007|0450|0614|1212|1524|1759|1918|26 Rebiulahir 1448
20261008|0451|0615|1211|1522|1757|1916|27 Rebiulahir 1448
20261009|0452|0616|1211|1521|1756|1915|28 Rebiulahir 1448
20261010|0453|0617|1211|1520|1754|1913|29 Rebiulahir 1448
20261011|0454|0618|1210|1519|1753|1911|30 Rebiulahir 1448
20261012|0455|0619|1210|1518|1751|1910|1 Cemaziyelevvel 1448
20261013|0456|0620|1210|1516|1750|1908|2 Cemaziyelevvel 1448
20261014|0457|0621|1210|1515|1748|1907|3 Cemaziyelevvel 1448
20261015|0458|0622|1209|1514|1746|1905|4 Cemaziyelevvel 1448
20261016|0459|0624|1209|1513|1745|1904|5 Cemaziyelevvel 1448
20261017|0500|0625|1209|1512|1743|1902|6 Cemaziyelevvel 1448
20261018|0501|0626|1209|1511|1742|1901|7 Cemaziyelevvel 1448
20261019|0502|0627|1209|1509|1740|1859|8 Cemaziyelevvel 1448
20261020|0503|0628|1208|1508|1739|1858|9 Cemaziyelevvel 1448
20261021|0505|0629|1208|1507|1737|1857|10 Cemaziyelevvel 1448
20261022|0506|0630|1208|1506|1736|1855|11 Cemaziyelevvel 1448
20261023|0507|0631|1208|1505|1735|1854|12 Cemaziyelevvel 1448
20261024|0508|0632|1208|1504|1733|1853|13 Cemaziyelevvel 1448
20261025|0509|0634|1208|1503|1732|1851|14 Cemaziyelevvel 1448
20261026|0510|0635|1208|1502|1730|1850|15 Cemaziyelevvel 1448
20261027|0511|0636|1207|1501|1729|1849|16 Cemaziyelevvel 1448
20261028|0512|0637|1207|1500|1728|1848|17 Cemaziyelevvel 1448
20261029|0513|0638|1207|1459|1726|1846|18 Cemaziyelevvel 1448
20261030|0514|0639|1207|1458|1725|1845|19 Cemaziyelevvel 1448
20261031|0515|0641|1207|1457|1724|1844|20 Cemaziyelevvel 1448
20261101|0516|0642|1207|1456|1723|1843|21 Cemaziyelevvel 1448
20261102|0517|0643|1207|1455|1721|1842|22 Cemaziyelevvel 1448
20270101|0604|0736|1227|1447|1708|1834|23 Recep 1448
20270102|0605|0736|1227|1447|1708|1834|24 Recep 1448
20270103|0605|0736|1228|1448|1709|1835|25 Recep 1448
20270104|0605|0736|1228|1449|1710|1836|26 Recep 1448
20270105|0605|0736|1229|1450|1711|1837|27 Recep 1448
20270106|0605|0736|1229|1451|1712|1838|28 Recep 1448
20270107|0605|0736|1229|1452|1713|1839|29 Recep 1448
20270108|0605|0736|1230|1453|1714|1839|30 Recep 1448
20270109|0605|0736|1230|1453|1715|1840|1 Şaban 1448
20270110|0605|0736|1231|1454|1716|1841|2 Şaban 1448
20270111|0605|0735|1231|1455|1717|1842|3 Şaban 1448
20270112|0605|0735|1232|1456|1718|1843|4 Şaban 1448
20270113|0605|0735|1232|1457|1719|1844|5 Şaban 1448
20270114|0604|0735|1232|1458|1720|1845|6 Şaban 1448
20270115|0604|0734|1233|1459|1721|1846|7 Şaban 1448
20270116|0604|0734|1233|1500|1722|1847|8 Şaban 1448
20270117|0604|0733|1233|1501|1723|1848|9 Şaban 1448
20270118|0603|0733|1234|1502|1725|1849|10 Şaban 1448
20270119|0603|0732|1234|1503|1726|1850|11 Şaban 1448
20270120|0603|0732|1234|1504|1727|1851|12 Şaban 1448
20270121|0602|0731|1235|1505|1728|1852|13 Şaban 1448
20270122|0602|0731|1235|1506|1729|1853|14 Şaban 1448
20270123|0601|0730|1235|1507|1730|1854|15 Şaban 1448
20270124|0601|0729|1235|1508|1732|1855|16 Şaban 1448
20270125|0600|0728|1236|1509|1733|1856|17 Şaban 1448
20270126|0559|0728|1236|1510|1734|1857|18 Şaban 1448
20270127|0559|0727|1236|1511|1735|1858|19 Şaban 1448
20270128|0558|0726|1236|1512|1737|1859|20 Şaban 1448
20270129|0558|0725|1237|1514|1738|1900|21 Şaban 1448
20270130|0557|0724|1237|1515|1739|1901|22 Şaban 1448
20270131|0556|0723|1237|1516|1740|1902|23 Şaban 1448
20270201|0555|0723|1237|1517|1742|1903|24 Şaban 1448
20270202|0554|0722|1237|1518|1743|1904|25 Şaban 1448
20270203|0554|0721|1237|1519|1744|1906|26 Şaban 1448
20270204|0553|0720|1237|1520|1745|1907|27 Şaban 1448
20270205|0552|0718|1237|1521|1746|1908|28 Şaban 1448
20270206|0551|0717|1238|1522|1748|1909|29 Şaban 1448
20270207|0550|0716|1238|1523|1749|1910|30 Şaban 1448
20270208|0549|0715|1238|1524|1750|1911|1 Ramazan 1448
20270209|0548|0714|1238|1525|1751|1912|2 Ramazan 1448
20270210|0547|0713|1238|1526|1753|1913|3 Ramazan 1448
20270211|0546|0712|1238|1527|1754|1914|4 Ramazan 1448
20270212|0545|0710|1238|1528|1755|1915|5 Ramazan 1448
20270213|0544|0709|1238|1529|1756|1917|6 Ramazan 1448
20270214|0543|0708|1238|1530|1758|1918|7 Ramazan 1448
20270215|0541|0707|1238|1530|1759|1919|8 Ramazan 1448
20270216|0540|0705|1238|1531|1800|1920|9 Ramazan 1448
20270217|0539|0704|1238|1532|1801|1921|10 Ramazan 1448
20270218|0538|0703|1237|1533|1802|1922|11 Ramazan 1448
20270219|0536|0701|1237|1534|1804|1923|12 Ramazan 1448
20270220|0535|0700|1237|1535|1805|1924|13 Ramazan 1448
20270221|0534|0658|1237|1536|1806|1925|14 Ramazan 1448
20270222|0532|0657|1237|1537|1807|1926|15 Ramazan 1448
20270223|0531|0656|1237|1538|1808|1928|16 Ramazan 1448
20270224|0530|0654|1237|1538|1810|1929|17 Ramazan 1448
20270225|0528|0653|1237|1539|1811|1930|18 Ramazan 1448
20270226|0527|0651|1237|1540|1812|1931|19 Ramazan 1448
20270227|0525|0650|1236|1541|1813|1932|20 Ramazan 1448
20270228|0524|0648|1236|1542|1814|1933|21 Ramazan 1448
20270301|0522|0647|1236|1542|1815|1934|22 Ramazan 1448
20270302|0521|0645|1236|1543|1817|1935|23 Ramazan 1448
20270303|0519|0644|1236|1544|1818|1936|24 Ramazan 1448
20270304|0518|0642|1235|1545|1819|1938|25 Ramazan 1448
20270305|0516|0640|1235|1545|1820|1939|26 Ramazan 1448
20270306|0515|0639|1235|1546|1821|1940|27 Ramazan 1448
20270307|0513|0637|1235|1547|1822|1941|28 Ramazan 1448
20270308|0512|0636|1234|1548|1823|1942|29 Ramazan 1448
20270309|0510|0634|1234|1548|1824|1943|1 Şevval 1448
20270310|0508|0632|1234|1549|1826|1944|2 Şevval 1448
20270311|0507|0631|1234|1550|1827|1946|3 Şevval 1448
20270312|0505|0629|1233|1550|1828|1947|4 Şevval 1448
20270313|0503|0628|1233|1551|1829|1948|5 Şevval 1448
20270314|0502|0626|1233|1551|1830|1949|6 Şevval 1448
20270315|0500|0624|1233|1552|1831|1950|7 Şevval 1448
20270316|0458|0623|1232|1553|1832|1951|8 Şevval 1448
20270317|0456|0621|1232|1553|1833|1952|9 Şevval 1448
20270318|0455|0619|1232|1554|1834|1954|10 Şevval 1448
20270319|0453|0618|1232|1554|1835|1955|11 Şevval 1448
20270320|0451|0616|1231|1555|1836|1956|12 Şevval 1448
20270321|0449|0614|1231|1555|1838|1957|13 Şevval 1448
20270322|0447|0613|1231|1556|1839|1958|14 Şevval 1448
20270323|0446|0611|1230|1556|1840|2000|15 Şevval 1448
20270324|0444|0609|1230|1557|1841|2001|16 Şevval 1448
20270325|0442|0608|1230|1557|1842|2002|17 Şevval 1448
20270326|0440|0606|1229|1558|1843|2003|18 Şevval 1448
20270327|0438|0604|1229|1558|1844|2004|19 Şevval 1448
20270328|0436|0603|1229|1559|1845|2006|20 Şevval 1448
20270329|0435|0601|1229|1559|1846|2007|21 Şevval 1448
20270330|0433|0559|1228|1600|1847|2008|22 Şevval 1448
20270331|0431|0558|1228|1600|1848|2009|23 Şevval 1448
20270401|0429|0556|1228|1601|1849|2011|24 Şevval 1448
20270402|0427|0554|1227|1601|1850|2012|25 Şevval 1448
20270403|0425|0553|1227|1602|1851|2013|26 Şevval 1448
20270404|0423|0551|1227|1602|1852|2014|27 Şevval 1448
20270405|0421|0549|1226|1602|1853|2016|28 Şevval 1448
20270406|0419|0548|1226|1603|1855|2017|29 Şevval 1448
20270407|0418|0546|1226|1603|1856|2018|30 Şevval 1448
20270408|0416|0545|1226|1604|1857|2020|1 Zilkade 1448
20270409|0414|0543|1225|1604|1858|2021|2 Zilkade 1448
20270410|0412|0541|1225|1604|1859|2022|3 Zilkade 1448
20270411|0410|0540|1225|1605|1900|2024|4 Zilkade 1448
20270412|0408|0538|1225|1605|1901|2025|5 Zilkade 1448
20270413|0406|0537|1224|1605|1902|2026|6 Zilkade 1448
20270414|0404|0535|1224|1606|1903|2028|7 Zilkade 1448
20270415|0402|0534|1224|1606|1904|2029|8 Zilkade 1448
20270416|0400|0532|1224|1606|1905|2031|9 Zilkade 1448
20270417|0358|0530|1223|1607|1906|2032|10 Zilkade 1448
20270418|0357|0529|1223|1607|1907|2033|11 Zilkade 1448
20270419|0355|0527|1223|1607|1908|2035|12 Zilkade 1448
20270420|0353|0526|1223|1608|1909|2036|13 Zilkade 1448
20270421|0351|0524|1222|1608|1910|2038|14 Zilkade 1448
20270422|0349|0523|1222|1608|1911|2039|15 Zilkade 1448
20270423|0347|0522|1222|1609|1912|2041|16 Zilkade 1448
20270424|0345|0520|1222|1609|1914|2042|17 Zilkade 1448
20270425|0343|0519|1222|1609|1915|2043|18 Zilkade 1448
20270426|0341|0517|1221|1609|1916|2045|19 Zilkade 1448
20270427|0340|0516|1221|1610|1917|2046|20 Zilkade 1448
20270428|0338|0515|1221|1610|1918|2048|21 Zilkade 1448
20270429|0336|0513|1221|1610|1919|2049|22 Zilkade 1448
20270430|0334|0512|1221|1611|1920|2051|23 Zilkade 1448
20270501|0332|0511|1221|1611|1921|2052|24 Zilkade 1448
20270502|0331|0509|1221|1611|1922|2054|25 Zilkade 1448
20270503|0329|0508|1221|1611|1923|2055|26 Zilkade 1448
20270504|0327|0507|1220|1612|1924|2057|27 Zilkade 1448
20270505|0325|0506|1220|1612|1925|2058|28 Zilkade 1448
20270506|0324|0504|1220|1612|1926|2100|29 Zilkade 1448
20270507|0322|0503|1220|1613|1927|2101|1 Zilhicce 1448
20270508|0320|0502|1220|1613|1928|2103|2 Zilhicce 1448
20270509|0318|0501|1220|1613|1929|2104|3 Zilhicce 1448
20270510|0317|0500|1220|1613|1930|2106|4 Zilhicce 1448
20270511|0315|0459|1220|1614|1931|2107|5 Zilhicce 1448
20270512|0313|0458|1220|1614|1932|2109|6 Zilhicce 1448
20270513|0312|0457|1220|1614|1933|2110|7 Zilhicce 1448
20270514|0310|0456|1220|1615|1934|2112|8 Zilhicce 1448
20270515|0309|0455|1220|1615|1935|2113|9 Zilhicce 1448
20270516|0307|0454|1220|1615|1936|2115|10 Zilhicce 1448
20270517|0306|0453|1220|1615|1937|2116|11 Zilhicce 1448
20270518|0304|0452|1220|1616|1938|2118|12 Zilhicce 1448
20270519|0303|0451|1220|1616|1939|2119|13 Zilhicce 1448
20270520|0301|0450|1220|1616|1940|2121|14 Zilhicce 1448
20270521|0300|0449|1220|1617|1941|2122|15 Zilhicce 1448
20270522|0259|0449|1220|1617|1942|2124|16 Zilhicce 1448
20270523|0257|0448|1220|1617|1943|2125|17 Zilhicce 1448
20270524|0256|0447|1220|1617|1944|2126|18 Zilhicce 1448
20270525|0255|0446|1220|1618|1945|2128|19 Zilhicce 1448
20270526|0254|0446|1221|1618|1945|2129|20 Zilhicce 1448
20270527|0253|0445|1221|1618|1946|2130|21 Zilhicce 1448
20270528|0251|0444|1221|1619|1947|2132|22 Zilhicce 1448
20270529|0250|0444|1221|1619|1948|2133|23 Zilhicce 1448
20270530|0249|0443|1221|1619|1949|2134|24 Zilhicce 1448
20270531|0248|0443|1221|1619|1950|2135|25 Zilhicce 1448
20270601|0247|0442|1221|1620|1950|2137|26 Zilhicce 1448
20270602|0246|0442|1221|1620|1951|2138|27 Zilhicce 1448
20270603|0246|0442|1222|1620|1952|2139|28 Zilhicce 1448
20270604|0245|0441|1222|1620|1952|2140|29 Zilhicce 1448
20270605|0244|0441|1222|1621|1953|2141|30 Zilhicce 1448
20270606|0243|0440|1222|1621|1954|2142|1 Muharrem 1449
20270607|0243|0440|1222|1621|1954|2143|2 Muharrem 1449
20270608|0242|0440|1222|1622|1955|2144|3 Muharrem 1449
20270609|0242|0440|1223|1622|1956|2145|4 Muharrem 1449
20270610|0241|0440|1223|1622|1956|2146|5 Muharrem 1449
20270611|0241|0439|1223|1622|1957|2146|6 Muharrem 1449
20270612|0240|0439|1223|1623|1957|2147|7 Muharrem 1449
20270613|0240|0439|1223|1623|1958|2148|8 Muharrem 1449
20270614|0240|0439|1224|1623|1958|2148|9 Muharrem 1449
20270615|0240|0439|1224|1623|1959|2149|10 Muharrem 1449
20270616|0239|0439|1224|1624|1959|2150|11 Muharrem 1449
20270617|0239|0439|1224|1624|1959|2150|12 Muharrem 1449
20270618|0239|0439|1225|1624|2000|2151|13 Muharrem 1449
20270619|0239|0440|1225|1624|2000|2151|14 Muharrem 1449
20270620|0239|0440|1225|1625|2000|2151|15 Muharrem 1449
20270621|0240|0440|1225|1625|2001|2152|16 Muharrem 1449
20270622|0240|0440|1225|1625|2001|2152|17 Muharrem 1449
20270623|0240|0440|1226|1625|2001|2152|18 Muharrem 1449
20270624|0240|0441|1226|1626|2001|2152|19 Muharrem 1449
20270625|0241|0441|1226|1626|2001|2152|20 Muharrem 1449
20270626|0241|0441|1226|1626|2001|2152|21 Muharrem 1449
20270627|0242|0442|1227|1626|2001|2152|22 Muharrem 1449
20270628|0242|0442|1227|1626|2001|2152|23 Muharrem 1449
20270629|0243|0442|1227|1626|2001|2152|24 Muharrem 1449
20270630|0244|0443|1227|1627|2001|2152|25 Muharrem 1449
20270701|0244|0443|1227|1627|2001|2151|26 Muharrem 1449
20270702|0245|0444|1228|1627|2001|2151|27 Muharrem 1449
20270703|0246|0444|1228|1627|2001|2150|28 Muharrem 1449
20270704|0247|0445|1228|1627|2001|2150|29 Muharrem 1449
20270705|0248|0445|1228|1627|2001|2150|1 Safer 1449
20270706|0248|0446|1228|1627|2000|2149|2 Safer 1449
20270707|0249|0447|1228|1627|2000|2148|3 Safer 1449
20270708|0251|0447|1229|1627|2000|2148|4 Safer 1449
20270709|0252|0448|1229|1627|2000|2147|5 Safer 1449
20270710|0253|0449|1229|1627|1959|2146|6 Safer 1449
20270711|0254|0449|1229|1628|1959|2145|7 Safer 1449
20270712|0255|0450|1229|1628|1958|2145|8 Safer 1449
20270713|0256|0451|1229|1628|1958|2144|9 Safer 1449
20270714|0257|0452|1229|1627|1957|2143|10 Safer 1449
20270715|0259|0452|1229|1627|1957|2142|11 Safer 1449
20270716|0300|0453|1230|1627|1956|2141|12 Safer 1449
20270717|0301|0454|1230|1627|1956|2140|13 Safer 1449
20270718|0303|0455|1230|1627|1955|2139|14 Safer 1449
20270719|0304|0456|1230|1627|1954|2137|15 Safer 1449
20270720|0305|0456|1230|1627|1953|2136|16 Safer 1449
20270721|0307|0457|1230|1627|1953|2135|17 Safer 1449
20270722|0308|0458|1230|1627|1952|2134|18 Safer 1449
20270723|0310|0459|1230|1627|1951|2133|19 Safer 1449
20270724|0311|0500|1230|1626|1950|2131|20 Safer 1449
20270725|0312|0501|1230|1626|1949|2130|21 Safer 1449
20270726|0314|0502|1230|1626|1949|2128|22 Safer 1449
20270727|0315|0503|1230|1626|1948|2127|23 Safer 1449
20270728|0317|0504|1230|1625|1947|2126|24 Safer 1449
20270729|0318|0504|1230|1625|1946|2124|25 Safer 1449
20270730|0320|0505|1230|1625|1945|2123|26 Safer 1449
20270731|0321|0506|1230|1625|1944|2121|27 Safer 1449
20270801|0323|0507|1230|1624|1943|2120|28 Safer 1449
20270802|0324|0508|1230|1624|1942|2118|29 Safer 1449
20270803|0326|0509|1230|1623|1940|2116|1 Rebiulevvel 1449
20270804|0327|0510|1230|1623|1939|2115|2 Rebiulevvel 1449
20270805|0329|0511|1230|1623|1938|2113|3 Rebiulevvel 1449
20270806|0330|0512|1230|1622|1937|2111|4 Rebiulevvel 1449
20270807|0332|0513|1229|1622|1936|2110|5 Rebiulevvel 1449
20270808|0334|0514|1229|1621|1935|2108|6 Rebiulevvel 1449
20270809|0335|0515|1229|1621|1933|2106|7 Rebiulevvel 1449
20270810|0337|0516|1229|1620|1932|2105|8 Rebiulevvel 1449
20270811|0338|0517|1229|1620|1931|2103|9 Rebiulevvel 1449
20270812|0339|0518|1229|1619|1929|2101|10 Rebiulevvel 1449
20270813|0341|0519|1229|1619|1928|2059|11 Rebiulevvel 1449
20270814|0342|0520|1228|1618|1927|2058|12 Rebiulevvel 1449
20270815|0344|0521|1228|1617|1925|2056|13 Rebiulevvel 1449
20270816|0345|0522|1228|1617|1924|2054|14 Rebiulevvel 1449
20270817|0347|0523|1228|1616|1923|2052|15 Rebiulevvel 1449
20270818|0348|0524|1228|1615|1921|2050|16 Rebiulevvel 1449
20270819|0350|0525|1227|1615|1920|2048|17 Rebiulevvel 1449
20270820|0351|0526|1227|1614|1918|2047|18 Rebiulevvel 1449
20270821|0353|0527|1227|1613|1917|2045|19 Rebiulevvel 1449
20270822|0354|0528|1227|1612|1915|2043|20 Rebiulevvel 1449
20270823|0355|0529|1226|1612|1914|2041|21 Rebiulevvel 1449
20270824|0357|0530|1226|1611|1912|2039|22 Rebiulevvel 1449
20270825|0358|0531|1226|1610|1911|2037|23 Rebiulevvel 1449
20270826|0400|0532|1226|1609|1909|2035|24 Rebiulevvel 1449
20270827|0401|0533|1225|1609|1908|2033|25 Rebiulevvel 1449
20270828|0402|0534|1225|1608|1906|2032|26 Rebiulevvel 1449
20270829|0404|0535|1225|1607|1905|2030|27 Rebiulevvel 1449
20270830|0405|0536|1224|1606|1903|2028|28 Rebiulevvel 1449
20270831|0406|0537|1224|1605|1901|2026|29 Rebiulevvel 1449
20270901|0408|0538|1224|1604|1900|2024|30 Rebiulevvel 1449
20270902|0409|0539|1223|1603|1858|2022|1 Rebiulahir 1449
20270903|0410|0540|1223|1602|1857|2020|2 Rebiulahir 1449
20270904|0412|0541|1223|1601|1855|2018|3 Rebiulahir 1449
20270905|0413|0542|1222|1600|1853|2016|4 Rebiulahir 1449
20270906|0414|0543|1222|1559|1852|2014|5 Rebiulahir 1449
20270907|0415|0544|1222|1558|1850|2012|6 Rebiulahir 1449
20270908|0417|0545|1221|1557|1848|2011|7 Rebiulahir 1449
20270909|0418|0546|1221|1556|1847|2009|8 Rebiulahir 1449
20270910|0419|0547|1221|1555|1845|2007|9 Rebiulahir 1449
20270911|0420|0548|1220|1554|1843|2005|10 Rebiulahir 1449
20270912|0421|0549|1220|1553|1842|2003|11 Rebiulahir 1449
20270913|0423|0550|1220|1552|1840|2001|12 Rebiulahir 1449
20270914|0424|0551|1219|1551|1838|1959|13 Rebiulahir 1449
20270915|0425|0552|1219|1550|1837|1957|14 Rebiulahir 1449
20270916|0426|0553|1219|1549|1835|1955|15 Rebiulahir 1449
20270917|0427|0554|1218|1548|1833|1954|16 Rebiulahir 1449
20270918|0429|0554|1218|1546|1831|1952|17 Rebiulahir 1449
20270919|0430|0555|1218|1545|1830|1950|18 Rebiulahir 1449
20270920|0431|0556|1217|1544|1828|1948|19 Rebiulahir 1449
20270921|0432|0557|1217|1543|1826|1946|20 Rebiulahir 1449
20270922|0433|0558|1217|1542|1825|1944|21 Rebiulahir 1449
20270923|0434|0559|1216|1541|1823|1943|22 Rebiulahir 1449
20270924|0435|0600|1216|1540|1821|1941|23 Rebiulahir 1449
20270925|0437|0601|1215|1538|1820|1939|24 Rebiulahir 1449
20270926|0438|0602|1215|1537|1818|1937|25 Rebiulahir 1449
20270927|0439|0603|1215|1536|1816|1935|26 Rebiulahir 1449
20270928|0440|0604|1214|1535|1814|1934|27 Rebiulahir 1449
20270929|0441|0605|1214|1534|1813|1932|28 Rebiulahir 1449
20270930|0442|0606|1214|1532|1811|1930|29 Rebiulahir 1449
20271001|0443|0608|1213|1531|1809|1928|1 Cemaziyelevvel 1449
20271002|0444|0609|1213|1530|1808|1927|2 Cemaziyelevvel 1449
20271003|0445|0610|1213|1529|1806|1925|3 Cemaziyelevvel 1449
20271004|0446|0611|1212|1528|1804|1923|4 Cemaziyelevvel 1449
20271005|0447|0612|1212|1526|1803|1922|5 Cemaziyelevvel 1449
20271006|0449|0613|1212|1525|1801|1920|6 Cemaziyelevvel 1449
20271007|0450|0614|1212|1524|1759|1918|7 Cemaziyelevvel 1449
20271008|0451|0615|1211|1523|1758|1917|8 Cemaziyelevvel 1449
20271009|0452|0616|1211|1522|1756|1915|9 Cemaziyelevvel 1449
20271010|0453|0617|1211|1520|1755|1913|10 Cemaziyelevvel 1449
20271011|0454|0618|1210|1519|1753|1912|11 Cemaziyelevvel 1449
20271012|0455|0619|1210|1518|1751|1910|12 Cemaziyelevvel 1449
20271013|0456|0620|1210|1517|1750|1909|13 Cemaziyelevvel 1449
20271014|0457|0621|1210|1516|1748|1907|14 Cemaziyelevvel 1449
20271015|0458|0622|1209|1514|1747|1906|15 Cemaziyelevvel 1449
20271016|0459|0623|1209|1513|1745|1904|16 Cemaziyelevvel 1449
20271017|0500|0624|1209|1512|1744|1903|17 Cemaziyelevvel 1449
20271018|0501|0626|1209|1511|1742|1901|18 Cemaziyelevvel 1449
20271019|0502|0627|1209|1510|1741|1900|19 Cemaziyelevvel 1449
20271020|0503|0628|1208|1509|1739|1858|20 Cemaziyelevvel 1449
20271021|0504|0629|1208|1507|1738|1857|21 Cemaziyelevvel 1449
20271022|0505|0630|1208|1506|1736|1856|22 Cemaziyelevvel 1449
20271023|0506|0631|1208|1505|1735|1854|23 Cemaziyelevvel 1449
20271024|0507|0632|1208|1504|1733|1853|24 Cemaziyelevvel 1449
20271025|0508|0633|1208|1503|1732|1852|25 Cemaziyelevvel 1449
20271026|0509|0634|1208|1502|1731|1850|26 Cemaziyelevvel 1449
20271027|0511|0636|1207|1501|1729|1849|27 Cemaziyelevvel 1449
20271028|0512|0637|1207|1500|1728|1848|28 Cemaziyelevvel 1449
20271029|0513|0638|1207|1459|1727|1847|29 Cemaziyelevvel 1449
20271030|0514|0639|1207|1458|1725|1846|30 Cemaziyelevvel 1449
20271031|0515|0640|1207|1457|1724|1844|1 Cemaziyelahir 1449
20271101|0516|0641|1207|1456|1723|1843|2 Cemaziyelahir 1449
20271102|0517|0643|1207|1455|1722|1842|3 Cemaziyelahir 1449
20271103|0518|0644|1207|1454|1720|1841|4 Cemaziyelahir 1449
20271104|0519|0645|1207|1453|1719|1840|5 Cemaziyelahir 1449
20271105|0520|0646|1207|1452|1718|1839|6 Cemaziyelahir 1449
20271106|0521|0647|1207|1451|1717|1838|7 Cemaziyelahir 1449
20271107|0522|0649|1207|1450|1716|1837|8 Cemaziyelahir 1449
20271108|0523|0650|1207|1449|1715|1836|9 Cemaziyelahir 1449
20271109|0524|0651|1207|1449|1714|1835|10 Cemaziyelahir 1449
20271110|0525|0652|1207|1448|1713|1834|11 Cemaziyelahir 1449
20271111|0526|0653|1207|1447|1712|1834|12 Cemaziyelahir 1449
20271112|0527|0654|1208|1446|1711|1833|13 Cemaziyelahir 1449
20271113|0528|0656|1208|1445|1710|1832|14 Cemaziyelahir 1449
20271114|0529|0657|1208|1445|1709|1831|15 Cemaziyelahir 1449
20271115|0530|0658|1208|1444|1708|1831|16 Cemaziyelahir 1449
20271116|0531|0659|1208|1443|1707|1830|17 Cemaziyelahir 1449
20271117|0532|0700|1208|1443|1706|1829|18 Cemaziyelahir 1449
20271118|0533|0702|1209|1442|1706|1829|19 Cemaziyelahir 1449
20271119|0534|0703|1209|1442|1705|1828|20 Cemaziyelahir 1449
20271120|0535|0704|1209|1441|1704|1828|21 Cemaziyelahir 1449
20271121|0536|0705|1209|1440|1703|1827|22 Cemaziyelahir 1449
20271122|0537|0706|1209|1440|1703|1827|23 Cemaziyelahir 1449
20271123|0538|0707|1210|1439|1702|1826|24 Cemaziyelahir 1449
20271124|0539|0708|1210|1439|1702|1826|25 Cemaziyelahir 1449
20271125|0540|0710|1210|1439|1701|1825|26 Cemaziyelahir 1449
20271126|0541|0711|1211|1438|1701|1825|27 Cemaziyelahir 1449
20271127|0542|0712|1211|1438|1700|1825|28 Cemaziyelahir 1449
20271128|0543|0713|1211|1438|1700|1824|29 Cemaziyelahir 1449
20271129|0544|0714|1212|1437|1659|1824|1 Recep 1449
20271130|0545|0715|1212|1437|1659|1824|2 Recep 1449
20271201|0546|0716|1212|1437|1659|1824|3 Recep 1449
20271202|0546|0717|1213|1437|1658|1824|4 Recep 1449
20271203|0547|0718|1213|1437|1658|1823|5 Recep 1449
20271204|0548|0719|1213|1436|1658|1823|6 Recep 1449
20271205|0549|0720|1214|1436|1658|1823|7 Recep 1449
20271206|0550|0721|1214|1436|1658|1823|8 Recep 1449
20271207|0551|0722|1215|1436|1657|1823|9 Recep 1449
20271208|0551|0723|1215|1436|1657|1823|10 Recep 1449
20271209|0552|0724|1216|1436|1657|1823|11 Recep 1449
20271210|0553|0725|1216|1437|1657|1824|12 Recep 1449
20271211|0554|0725|1216|1437|1658|1824|13 Recep 1449
20271212|0554|0726|1217|1437|1658|1824|14 Recep 1449
20271213|0555|0727|1217|1437|1658|1824|15 Recep 1449
20271214|0556|0728|1218|1437|1658|1824|16 Recep 1449
20271215|0557|0728|1218|1438|1658|1825|17 Recep 1449
20271216|0557|0729|1219|1438|1658|1825|18 Recep 1449
20271217|0558|0730|1219|1438|1659|1825|19 Recep 1449
20271218|0558|0731|1220|1438|1659|1826|20 Recep 1449
20271219|0559|0731|1220|1439|1659|1826|21 Recep 1449
20271220|0600|0732|1221|1439|1700|1826|22 Recep 1449
20271221|0600|0732|1221|1440|1700|1827|23 Recep 1449
20271222|0601|0733|1222|1440|1701|1827|24 Recep 1449
20271223|0601|0733|1222|1441|1701|1828|25 Recep 1449
20271224|0602|0734|1223|1441|1702|1828|26 Recep 1449
20271225|0602|0734|1223|1442|1702|1829|27 Recep 1449
20271226|0602|0734|1224|1442|1703|1830|28 Recep 1449
20271227|0603|0735|1224|1443|1704|1830|29 Recep 1449
20271228|0603|0735|1225|1444|1704|1831|30 Recep 1449
20271229|0603|0735|1225|1444|1705|1831|1 Şaban 1449
20271230|0604|0736|1226|1445|1706|1832|2 Şaban 1449
20271231|0604|0736|1226|1446|1707|1833|3 Şaban 1449
#@9900|Köprübaşı (t)|TRABZON|396
20261003|0447|0611|1214|1530|1807|1925|22 Rebiulahir 1448
20261004|0448|0612|1213|1528|1805|1924|23 Rebiulahir 1448
20261005|0449|0613|1213|1527|1803|1922|24 Rebiulahir 1448
20261006|0450|0614|1213|1526|1802|1920|25 Rebiulahir 1448
20261007|0451|0615|1213|1525|1800|1919|26 Rebiulahir 1448
20261008|0452|0616|1212|1524|1759|1917|27 Rebiulahir 1448
20261009|0453|0617|1212|1522|1757|1916|28 Rebiulahir 1448
20261010|0454|0618|1212|1521|1755|1914|29 Rebiulahir 1448
20261011|0455|0619|1211|1520|1754|1912|30 Rebiulahir 1448
20261012|0456|0620|1211|1519|1752|1911|1 Cemaziyelevvel 1448
20261013|0457|0621|1211|1518|1751|1909|2 Cemaziyelevvel 1448
20261014|0458|0622|1211|1516|1749|1908|3 Cemaziyelevvel 1448
20261015|0459|0623|1210|1515|1747|1906|4 Cemaziyelevvel 1448
20261016|0500|0624|1210|1514|1746|1905|5 Cemaziyelevvel 1448
20261017|0501|0626|1210|1513|1744|1903|6 Cemaziyelevvel 1448
20261018|0502|0627|1210|1512|1743|1902|7 Cemaziyelevvel 1448
20261019|0503|0628|1210|1511|1741|1900|8 Cemaziyelevvel 1448
20261020|0505|0629|1209|1509|1740|1859|9 Cemaziyelevvel 1448
20261021|0506|0630|1209|1508|1739|1858|10 Cemaziyelevvel 1448
20261022|0507|0631|1209|1507|1737|1856|11 Cemaziyelevvel 1448
20261023|0508|0632|1209|1506|1736|1855|12 Cemaziyelevvel 1448
20261024|0509|0633|1209|1505|1734|1854|13 Cemaziyelevvel 1448
20261025|0510|0635|1209|1504|1733|1852|14 Cemaziyelevvel 1448
20261026|0511|0636|1209|1503|1731|1851|15 Cemaziyelevvel 1448
20261027|0512|0637|1208|1502|1730|1850|16 Cemaziyelevvel 1448
20261028|0513|0638|1208|1501|1729|1849|17 Cemaziyelevvel 1448
20261029|0514|0639|1208|1500|1728|1848|18 Cemaziyelevvel 1448
20261030|0515|0640|1208|1459|1726|1846|19 Cemaziyelevvel 1448
20261031|0516|0641|1208|1458|1725|1845|20 Cemaziyelevvel 1448
20261101|0517|0643|1208|1457|1724|1844|21 Cemaziyelevvel 1448
20261102|0518|0644|1208|1456|1723|1843|22 Cemaziyelevvel 1448
20270101|0605|0737|1228|1448|1709|1835|23 Recep 1448
20270102|0605|0737|1228|1449|1710|1836|24 Recep 1448
20270103|0606|0737|1229|1450|1710|1836|25 Recep 1448
20270104|0606|0737|1229|1450|1711|1837|26 Recep 1448
20270105|0606|0737|1230|1451|1712|1838|27 Recep 1448
20270106|0606|0737|1230|1452|1713|1839|28 Recep 1448
20270107|0606|0737|1231|1453|1714|1840|29 Recep 1448
20270108|0606|0737|1231|1454|1715|1840|30 Recep 1448
20270109|0606|0737|1231|1455|1716|1841|1 Şaban 1448
20270110|0606|0736|1232|1456|1717|1842|2 Şaban 1448
20270111|0606|0736|1232|1457|1718|1843|3 Şaban 1448
20270112|0606|0736|1233|1457|1719|1844|4 Şaban 1448
20270113|0605|0736|1233|1458|1720|1845|5 Şaban 1448
20270114|0605|0735|1233|1459|1721|1846|6 Şaban 1448
20270115|0605|0735|1234|1500|1722|1847|7 Şaban 1448
20270116|0605|0735|1234|1501|1724|1848|8 Şaban 1448
20270117|0605|0734|1234|1502|1725|1849|9 Şaban 1448
20270118|0604|0734|1235|1503|1726|1850|10 Şaban 1448
20270119|0604|0733|1235|1504|1727|1851|11 Şaban 1448
20270120|0603|0733|1235|1505|1728|1852|12 Şaban 1448
20270121|0603|0732|1236|1506|1729|1853|13 Şaban 1448
20270122|0603|0731|1236|1507|1730|1854|14 Şaban 1448
20270123|0602|0731|1236|1509|1732|1855|15 Şaban 1448
20270124|0602|0730|1236|1510|1733|1856|16 Şaban 1448
20270125|0601|0729|1237|1511|1734|1857|17 Şaban 1448
20270126|0600|0729|1237|1512|1735|1858|18 Şaban 1448
20270127|0600|0728|1237|1513|1737|1859|19 Şaban 1448
20270128|0559|0727|1237|1514|1738|1900|20 Şaban 1448
20270129|0558|0726|1238|1515|1739|1901|21 Şaban 1448
20270130|0558|0725|1238|1516|1740|1902|22 Şaban 1448
20270131|0557|0724|1238|1517|1741|1903|23 Şaban 1448
20270201|0556|0723|1238|1518|1743|1904|24 Şaban 1448
20270202|0555|0722|1238|1519|1744|1906|25 Şaban 1448
20270203|0555|0721|1238|1520|1745|1907|26 Şaban 1448
20270204|0554|0720|1238|1521|1746|1908|27 Şaban 1448
20270205|0553|0719|1238|1522|1748|1909|28 Şaban 1448
20270206|0552|0718|1239|1523|1749|1910|29 Şaban 1448
20270207|0551|0717|1239|1524|1750|1911|30 Şaban 1448
20270208|0550|0716|1239|1525|1751|1912|1 Ramazan 1448
20270209|0549|0715|1239|1526|1753|1913|2 Ramazan 1448
20270210|0548|0714|1239|1527|1754|1914|3 Ramazan 1448
20270211|0547|0712|1239|1528|1755|1915|4 Ramazan 1448
20270212|0546|0711|1239|1529|1756|1916|5 Ramazan 1448
20270213|0545|0710|1239|1530|1757|1918|6 Ramazan 1448
20270214|0544|0709|1239|1531|1759|1919|7 Ramazan 1448
20270215|0542|0707|1239|1532|1800|1920|8 Ramazan 1448
20270216|0541|0706|1239|1533|1801|1921|9 Ramazan 1448
20270217|0540|0705|1239|1533|1802|1922|10 Ramazan 1448
20270218|0539|0703|1238|1534|1804|1923|11 Ramazan 1448
20270219|0537|0702|1238|1535|1805|1924|12 Ramazan 1448
20270220|0536|0701|1238|1536|1806|1925|13 Ramazan 1448
20270221|0535|0659|1238|1537|1807|1926|14 Ramazan 1448
20270222|0533|0658|1238|1538|1808|1927|15 Ramazan 1448
20270223|0532|0656|1238|1539|1810|1929|16 Ramazan 1448
20270224|0531|0655|1238|1540|1811|1930|17 Ramazan 1448
20270225|0529|0654|1238|1540|1812|1931|18 Ramazan 1448
20270226|0528|0652|1238|1541|1813|1932|19 Ramazan 1448
20270227|0526|0651|1237|1542|1814|1933|20 Ramazan 1448
20270228|0525|0649|1237|1543|1815|1934|21 Ramazan 1448
20270301|0524|0648|1237|1544|1816|1935|22 Ramazan 1448
20270302|0522|0646|1237|1544|1818|1936|23 Ramazan 1448
20270303|0520|0644|1237|1545|1819|1937|24 Ramazan 1448
20270304|0519|0643|1236|1546|1820|1939|25 Ramazan 1448
20270305|0517|0641|1236|1546|1821|1940|26 Ramazan 1448
20270306|0516|0640|1236|1547|1822|1941|27 Ramazan 1448
20270307|0514|0638|1236|1548|1823|1942|28 Ramazan 1448
20270308|0513|0637|1235|1549|1824|1943|29 Ramazan 1448
20270309|0511|0635|1235|1549|1826|1944|1 Şevval 1448
20270310|0509|0633|1235|1550|1827|1945|2 Şevval 1448
20270311|0508|0632|1235|1551|1828|1946|3 Şevval 1448
20270312|0506|0630|1234|1551|1829|1948|4 Şevval 1448
20270313|0504|0629|1234|1552|1830|1949|5 Şevval 1448
20270314|0503|0627|1234|1552|1831|1950|6 Şevval 1448
20270315|0501|0625|1234|1553|1832|1951|7 Şevval 1448
20270316|0459|0624|1233|1554|1833|1952|8 Şevval 1448
20270317|0457|0622|1233|1554|1834|1953|9 Şevval 1448
20270318|0456|0620|1233|1555|1835|1955|10 Şevval 1448
20270319|0454|0619|1233|1555|1836|1956|11 Şevval 1448
20270320|0452|0617|1232|1556|1837|1957|12 Şevval 1448
20270321|0450|0615|1232|1556|1839|1958|13 Şevval 1448
20270322|0449|0614|1232|1557|1840|1959|14 Şevval 1448
20270323|0447|0612|1231|1557|1841|2000|15 Şevval 1448
20270324|0445|0610|1231|1558|1842|2002|16 Şevval 1448
20270325|0443|0609|1231|1558|1843|2003|17 Şevval 1448
20270326|0441|0607|1230|1559|1844|2004|18 Şevval 1448
20270327|0439|0605|1230|1559|1845|2005|19 Şevval 1448
20270328|0438|0604|1230|1600|1846|2007|20 Şevval 1448
20270329|0436|0602|1230|1600|1847|2008|21 Şevval 1448
20270330|0434|0600|1229|1601|1848|2009|22 Şevval 1448
20270331|0432|0559|1229|1601|1849|2010|23 Şevval 1448
20270401|0430|0557|1229|1602|1850|2011|24 Şevval 1448
20270402|0428|0555|1228|1602|1851|2013|25 Şevval 1448
20270403|0426|0554|1228|1603|1852|2014|26 Şevval 1448
20270404|0424|0552|1228|1603|1853|2015|27 Şevval 1448
20270405|0423|0551|1227|1603|1854|2017|28 Şevval 1448
20270406|0421|0549|1227|1604|1855|2018|29 Şevval 1448
20270407|0419|0547|1227|1604|1857|2019|30 Şevval 1448
20270408|0417|0546|1227|1604|1858|2021|1 Zilkade 1448
20270409|0415|0544|1226|1605|1859|2022|2 Zilkade 1448
20270410|0413|0542|1226|1605|1900|2023|3 Zilkade 1448
20270411|0411|0541|1226|1606|1901|2025|4 Zilkade 1448
20270412|0409|0539|1226|1606|1902|2026|5 Zilkade 1448
20270413|0407|0538|1225|1606|1903|2027|6 Zilkade 1448
20270414|0405|0536|1225|1607|1904|2029|7 Zilkade 1448
20270415|0403|0535|1225|1607|1905|2030|8 Zilkade 1448
20270416|0402|0533|1225|1607|1906|2031|9 Zilkade 1448
20270417|0400|0532|1224|1608|1907|2033|10 Zilkade 1448
20270418|0358|0530|1224|1608|1908|2034|11 Zilkade 1448
20270419|0356|0529|1224|1608|1909|2036|12 Zilkade 1448
20270420|0354|0527|1224|1609|1910|2037|13 Zilkade 1448
20270421|0352|0526|1223|1609|1911|2038|14 Zilkade 1448
20270422|0350|0524|1223|1609|1912|2040|15 Zilkade 1448
20270423|0348|0523|1223|1609|1913|2041|16 Zilkade 1448
20270424|0346|0521|1223|1610|1914|2043|17 Zilkade 1448
20270425|0345|0520|1223|1610|1915|2044|18 Zilkade 1448
20270426|0343|0518|1222|1610|1917|2046|19 Zilkade 1448
20270427|0341|0517|1222|1611|1918|2047|20 Zilkade 1448
20270428|0339|0516|1222|1611|1919|2049|21 Zilkade 1448
20270429|0337|0514|1222|1611|1920|2050|22 Zilkade 1448
20270430|0335|0513|1222|1612|1921|2052|23 Zilkade 1448
20270501|0334|0512|1222|1612|1922|2053|24 Zilkade 1448
20270502|0332|0510|1222|1612|1923|2055|25 Zilkade 1448
20270503|0330|0509|1222|1612|1924|2056|26 Zilkade 1448
20270504|0328|0508|1221|1613|1925|2058|27 Zilkade 1448
20270505|0327|0507|1221|1613|1926|2059|28 Zilkade 1448
20270506|0325|0506|1221|1613|1927|2101|29 Zilkade 1448
20270507|0323|0504|1221|1614|1928|2102|1 Zilhicce 1448
20270508|0321|0503|1221|1614|1929|2104|2 Zilhicce 1448
20270509|0320|0502|1221|1614|1930|2105|3 Zilhicce 1448
20270510|0318|0501|1221|1614|1931|2107|4 Zilhicce 1448
20270511|0317|0500|1221|1615|1932|2108|5 Zilhicce 1448
20270512|0315|0459|1221|1615|1933|2110|6 Zilhicce 1448
20270513|0313|0458|1221|1615|1934|2111|7 Zilhicce 1448
20270514|0312|0457|1221|1615|1935|2113|8 Zilhicce 1448
20270515|0310|0456|1221|1616|1936|2114|9 Zilhicce 1448
20270516|0309|0455|1221|1616|1937|2116|10 Zilhicce 1448
20270517|0307|0454|1221|1616|1938|2117|11 Zilhicce 1448
20270518|0306|0453|1221|1617|1939|2118|12 Zilhicce 1448
20270519|0304|0452|1221|1617|1940|2120|13 Zilhicce 1448
20270520|0303|0451|1221|1617|1941|2121|14 Zilhicce 1448
20270521|0302|0451|1221|1617|1942|2123|15 Zilhicce 1448
20270522|0300|0450|1221|1618|1943|2124|16 Zilhicce 1448
20270523|0259|0449|1221|1618|1944|2126|17 Zilhicce 1448
20270524|0258|0448|1221|1618|1944|2127|18 Zilhicce 1448
20270525|0256|0448|1221|1619|1945|2128|19 Zilhicce 1448
20270526|0255|0447|1222|1619|1946|2130|20 Zilhicce 1448
20270527|0254|0446|1222|1619|1947|2131|21 Zilhicce 1448
20270528|0253|0446|1222|1619|1948|2132|22 Zilhicce 1448
20270529|0252|0445|1222|1620|1949|2133|23 Zilhicce 1448
20270530|0251|0445|1222|1620|1950|2135|24 Zilhicce 1448
20270531|0250|0444|1222|1620|1950|2136|25 Zilhicce 1448
20270601|0249|0444|1222|1621|1951|2137|26 Zilhicce 1448
20270602|0248|0443|1222|1621|1952|2138|27 Zilhicce 1448
20270603|0247|0443|1223|1621|1953|2139|28 Zilhicce 1448
20270604|0246|0442|1223|1621|1953|2140|29 Zilhicce 1448
20270605|0246|0442|1223|1622|1954|2141|30 Zilhicce 1448
20270606|0245|0442|1223|1622|1955|2142|1 Muharrem 1449
20270607|0244|0441|1223|1622|1955|2143|2 Muharrem 1449
20270608|0244|0441|1223|1622|1956|2144|3 Muharrem 1449
20270609|0243|0441|1224|1623|1956|2145|4 Muharrem 1449
20270610|0243|0441|1224|1623|1957|2146|5 Muharrem 1449
20270611|0242|0441|1224|1623|1957|2147|6 Muharrem 1449
20270612|0242|0441|1224|1624|1958|2148|7 Muharrem 1449
20270613|0242|0441|1224|1624|1958|2148|8 Muharrem 1449
20270614|0241|0440|1225|1624|1959|2149|9 Muharrem 1449
20270615|0241|0440|1225|1624|1959|2149|10 Muharrem 1449
20270616|0241|0441|1225|1625|2000|2150|11 Muharrem 1449
20270617|0241|0441|1225|1625|2000|2151|12 Muharrem 1449
20270618|0241|0441|1226|1625|2001|2151|13 Muharrem 1449
20270619|0241|0441|1226|1625|2001|2151|14 Muharrem 1449
20270620|0241|0441|1226|1625|2001|2152|15 Muharrem 1449
20270621|0241|0441|1226|1626|2001|2152|16 Muharrem 1449
20270622|0241|0441|1226|1626|2002|2152|17 Muharrem 1449
20270623|0242|0442|1227|1626|2002|2152|18 Muharrem 1449
20270624|0242|0442|1227|1626|2002|2152|19 Muharrem 1449
20270625|0242|0442|1227|1627|2002|2153|20 Muharrem 1449
20270626|0243|0442|1227|1627|2002|2153|21 Muharrem 1449
20270627|0243|0443|1228|1627|2002|2152|22 Muharrem 1449
20270628|0244|0443|1228|1627|2002|2152|23 Muharrem 1449
20270629|0244|0444|1228|1627|2002|2152|24 Muharrem 1449
20270630|0245|0444|1228|1627|2002|2152|25 Muharrem 1449
20270701|0246|0445|1228|1628|2002|2152|26 Muharrem 1449
20270702|0247|0445|1229|1628|2002|2151|27 Muharrem 1449
20270703|0247|0446|1229|1628|2002|2151|28 Muharrem 1449
20270704|0248|0446|1229|1628|2002|2151|29 Muharrem 1449
20270705|0249|0447|1229|1628|2001|2150|1 Safer 1449
20270706|0250|0447|1229|1628|2001|2149|2 Safer 1449
20270707|0251|0448|1229|1628|2001|2149|3 Safer 1449
20270708|0252|0449|1230|1628|2001|2148|4 Safer 1449
20270709|0253|0449|1230|1628|2000|2148|5 Safer 1449
20270710|0254|0450|1230|1628|2000|2147|6 Safer 1449
20270711|0255|0451|1230|1628|1959|2146|7 Safer 1449
20270712|0257|0451|1230|1628|1959|2145|8 Safer 1449
20270713|0258|0452|1230|1628|1959|2144|9 Safer 1449
20270714|0259|0453|1230|1628|1958|2143|10 Safer 1449
20270715|0300|0454|1230|1628|1957|2142|11 Safer 1449
20270716|0302|0454|1231|1628|1957|2141|12 Safer 1449
20270717|0303|0455|1231|1628|1956|2140|13 Safer 1449
20270718|0304|0456|1231|1628|1956|2139|14 Safer 1449
20270719|0305|0457|1231|1628|1955|2138|15 Safer 1449
20270720|0307|0458|1231|1628|1954|2137|16 Safer 1449
20270721|0308|0458|1231|1628|1954|2136|17 Safer 1449
20270722|0310|0459|1231|1628|1953|2134|18 Safer 1449
20270723|0311|0500|1231|1627|1952|2133|19 Safer 1449
20270724|0313|0501|1231|1627|1951|2132|20 Safer 1449
20270725|0314|0502|1231|1627|1950|2130|21 Safer 1449
20270726|0315|0503|1231|1627|1949|2129|22 Safer 1449
20270727|0317|0504|1231|1627|1948|2128|23 Safer 1449
20270728|0318|0505|1231|1626|1948|2126|24 Safer 1449
20270729|0320|0506|1231|1626|1947|2125|25 Safer 1449
20270730|0321|0507|1231|1626|1946|2123|26 Safer 1449
20270731|0323|0508|1231|1625|1945|2122|27 Safer 1449
20270801|0324|0508|1231|1625|1943|2120|28 Safer 1449
20270802|0326|0509|1231|1625|1942|2119|29 Safer 1449
20270803|0327|0510|1231|1624|1941|2117|1 Rebiulevvel 1449
20270804|0329|0511|1231|1624|1940|2115|2 Rebiulevvel 1449
20270805|0330|0512|1231|1623|1939|2114|3 Rebiulevvel 1449
20270806|0332|0513|1231|1623|1938|2112|4 Rebiulevvel 1449
20270807|0333|0514|1230|1623|1937|2110|5 Rebiulevvel 1449
20270808|0335|0515|1230|1622|1935|2109|6 Rebiulevvel 1449
20270809|0336|0516|1230|1622|1934|2107|7 Rebiulevvel 1449
20270810|0338|0517|1230|1621|1933|2105|8 Rebiulevvel 1449
20270811|0339|0518|1230|1621|1932|2104|9 Rebiulevvel 1449
20270812|0341|0519|1230|1620|1930|2102|10 Rebiulevvel 1449
20270813|0342|0520|1230|1619|1929|2100|11 Rebiulevvel 1449
20270814|0344|0521|1229|1619|1928|2058|12 Rebiulevvel 1449
20270815|0345|0522|1229|1618|1926|2056|13 Rebiulevvel 1449
20270816|0347|0523|1229|1618|1925|2055|14 Rebiulevvel 1449
20270817|0348|0524|1229|1617|1924|2053|15 Rebiulevvel 1449
20270818|0350|0525|1229|1616|1922|2051|16 Rebiulevvel 1449
20270819|0351|0526|1228|1616|1921|2049|17 Rebiulevvel 1449
20270820|0352|0527|1228|1615|1919|2047|18 Rebiulevvel 1449
20270821|0354|0528|1228|1614|1918|2045|19 Rebiulevvel 1449
20270822|0355|0529|1228|1613|1916|2044|20 Rebiulevvel 1449
20270823|0357|0530|1227|1613|1915|2042|21 Rebiulevvel 1449
20270824|0358|0531|1227|1612|1913|2040|22 Rebiulevvel 1449
20270825|0359|0532|1227|1611|1912|2038|23 Rebiulevvel 1449
20270826|0401|0533|1227|1610|1910|2036|24 Rebiulevvel 1449
20270827|0402|0534|1226|1609|1909|2034|25 Rebiulevvel 1449
20270828|0404|0535|1226|1609|1907|2032|26 Rebiulevvel 1449
20270829|0405|0536|1226|1608|1906|2030|27 Rebiulevvel 1449
20270830|0406|0537|1225|1607|1904|2029|28 Rebiulevvel 1449
20270831|0408|0538|1225|1606|1902|2027|29 Rebiulevvel 1449
20270901|0409|0539|1225|1605|1901|2025|30 Rebiulevvel 1449
20270902|0410|0540|1224|1604|1859|2023|1 Rebiulahir 1449
20270903|0411|0541|1224|1603|1857|2021|2 Rebiulahir 1449
20270904|0413|0542|1224|1602|1856|2019|3 Rebiulahir 1449
20270905|0414|0543|1223|1601|1854|2017|4 Rebiulahir 1449
20270906|0415|0544|1223|1600|1853|2015|5 Rebiulahir 1449
20270907|0417|0545|1223|1559|1851|2013|6 Rebiulahir 1449
20270908|0418|0546|1222|1558|1849|2011|7 Rebiulahir 1449
20270909|0419|0547|1222|1557|1848|2010|8 Rebiulahir 1449
20270910|0420|0548|1222|1556|1846|2008|9 Rebiulahir 1449
20270911|0421|0549|1221|1555|1844|2006|10 Rebiulahir 1449
20270912|0423|0550|1221|1554|1843|2004|11 Rebiulahir 1449
20270913|0424|0551|1221|1553|1841|2002|12 Rebiulahir 1449
20270914|0425|0552|1220|1552|1839|2000|13 Rebiulahir 1449
20270915|0426|0553|1220|1551|1837|1958|14 Rebiulahir 1449
20270916|0427|0554|1220|1550|1836|1956|15 Rebiulahir 1449
20270917|0429|0555|1219|1549|1834|1954|16 Rebiulahir 1449
20270918|0430|0556|1219|1547|1832|1953|17 Rebiulahir 1449
20270919|0431|0557|1219|1546|1831|1951|18 Rebiulahir 1449
20270920|0432|0557|1218|1545|1829|1949|19 Rebiulahir 1449
20270921|0433|0558|1218|1544|1827|1947|20 Rebiulahir 1449
20270922|0434|0559|1218|1543|1826|1945|21 Rebiulahir 1449
20270923|0435|0600|1217|1542|1824|1943|22 Rebiulahir 1449
20270924|0437|0601|1217|1541|1822|1942|23 Rebiulahir 1449
20270925|0438|0602|1216|1539|1821|1940|24 Rebiulahir 1449
20270926|0439|0603|1216|1538|1819|1938|25 Rebiulahir 1449
20270927|0440|0604|1216|1537|1817|1936|26 Rebiulahir 1449
20270928|0441|0605|1215|1536|1815|1935|27 Rebiulahir 1449
20270929|0442|0606|1215|1535|1814|1933|28 Rebiulahir 1449
20270930|0443|0607|1215|1533|1812|1931|29 Rebiulahir 1449
20271001|0444|0608|1214|1532|1810|1929|1 Cemaziyelevvel 1449
20271002|0445|0609|1214|1531|1809|1928|2 Cemaziyelevvel 1449
20271003|0446|0611|1214|1530|1807|1926|3 Cemaziyelevvel 1449
20271004|0447|0612|1213|1529|1805|1924|4 Cemaziyelevvel 1449
20271005|0449|0613|1213|1527|1804|1923|5 Cemaziyelevvel 1449
20271006|0450|0614|1213|1526|1802|1921|6 Cemaziyelevvel 1449
20271007|0451|0615|1213|1525|1801|1919|7 Cemaziyelevvel 1449
20271008|0452|0616|1212|1524|1759|1918|8 Cemaziyelevvel 1449
20271009|0453|0617|1212|1523|1757|1916|9 Cemaziyelevvel 1449
20271010|0454|0618|1212|1521|1756|1914|10 Cemaziyelevvel 1449
20271011|0455|0619|1211|1520|1754|1913|11 Cemaziyelevvel 1449
20271012|0456|0620|1211|1519|1753|1911|12 Cemaziyelevvel 1449
20271013|0457|0621|1211|1518|1751|1910|13 Cemaziyelevvel 1449
20271014|0458|0622|1211|1517|1749|1908|14 Cemaziyelevvel 1449
20271015|0459|0623|1210|1516|1748|1907|15 Cemaziyelevvel 1449
20271016|0500|0624|1210|1514|1746|1905|16 Cemaziyelevvel 1449
20271017|0501|0625|1210|1513|1745|1904|17 Cemaziyelevvel 1449
20271018|0502|0626|1210|1512|1743|1902|18 Cemaziyelevvel 1449
20271019|0503|0628|1210|1511|1742|1901|19 Cemaziyelevvel 1449
20271020|0504|0629|1209|1510|1740|1859|20 Cemaziyelevvel 1449
20271021|0505|0630|1209|1509|1739|1858|21 Cemaziyelevvel 1449
20271022|0506|0631|1209|1507|1737|1857|22 Cemaziyelevvel 1449
20271023|0507|0632|1209|1506|1736|1855|23 Cemaziyelevvel 1449
20271024|0508|0633|1209|1505|1735|1854|24 Cemaziyelevvel 1449
20271025|0509|0634|1209|1504|1733|1853|25 Cemaziyelevvel 1449
20271026|0510|0635|1209|1503|1732|1851|26 Cemaziyelevvel 1449
20271027|0512|0637|1208|1502|1730|1850|27 Cemaziyelevvel 1449
20271028|0513|0638|1208|1501|1729|1849|28 Cemaziyelevvel 1449
20271029|0514|0639|1208|1500|1728|1848|29 Cemaziyelevvel 1449
20271030|0515|0640|1208|1459|1727|1847|30 Cemaziyelevvel 1449
20271031|0516|0641|1208|1458|1725|1845|1 Cemaziyelahir 1449
20271101|0517|0642|1208|1457|1724|1844|2 Cemaziyelahir 1449
20271102|0518|0643|1208|1456|1723|1843|3 Cemaziyelahir 1449
20271103|0519|0645|1208|1455|1722|1842|4 Cemaziyelahir 1449
20271104|0520|0646|1208|1454|1720|1841|5 Cemaziyelahir 1449
20271105|0521|0647|1208|1453|1719|1840|6 Cemaziyelahir 1449
20271106|0522|0648|1208|1452|1718|1839|7 Cemaziyelahir 1449
20271107|0523|0649|1208|1451|1717|1838|8 Cemaziyelahir 1449
20271108|0524|0651|1208|1451|1716|1837|9 Cemaziyelahir 1449
20271109|0525|0652|1208|1450|1715|1836|10 Cemaziyelahir 1449
20271110|0526|0653|1208|1449|1714|1836|11 Cemaziyelahir 1449
20271111|0527|0654|1208|1448|1713|1835|12 Cemaziyelahir 1449
20271112|0528|0655|1209|1447|1712|1834|13 Cemaziyelahir 1449
20271113|0529|0656|1209|1447|1711|1833|14 Cemaziyelahir 1449
20271114|0530|0658|1209|1446|1710|1832|15 Cemaziyelahir 1449
20271115|0531|0659|1209|1445|1709|1832|16 Cemaziyelahir 1449
20271116|0532|0700|1209|1445|1708|1831|17 Cemaziyelahir 1449
20271117|0533|0701|1209|1444|1708|1830|18 Cemaziyelahir 1449
20271118|0534|0702|1210|1443|1707|1830|19 Cemaziyelahir 1449
20271119|0535|0704|1210|1443|1706|1829|20 Cemaziyelahir 1449
20271120|0536|0705|1210|1442|1705|1829|21 Cemaziyelahir 1449
20271121|0537|0706|1210|1442|1705|1828|22 Cemaziyelahir 1449
20271122|0538|0707|1210|1441|1704|1828|23 Cemaziyelahir 1449
20271123|0539|0708|1211|1441|1703|1827|24 Cemaziyelahir 1449
20271124|0540|0709|1211|1440|1703|1827|25 Cemaziyelahir 1449
20271125|0541|0710|1211|1440|1702|1826|26 Cemaziyelahir 1449
20271126|0542|0711|1212|1440|1702|1826|27 Cemaziyelahir 1449
20271127|0543|0713|1212|1439|1701|1826|28 Cemaziyelahir 1449
20271128|0544|0714|1212|1439|1701|1825|29 Cemaziyelahir 1449
20271129|0545|0715|1213|1439|1701|1825|1 Recep 1449
20271130|0546|0716|1213|1438|1700|1825|2 Recep 1449
20271201|0546|0717|1213|1438|1700|1825|3 Recep 1449
20271202|0547|0718|1214|1438|1700|1825|4 Recep 1449
20271203|0548|0719|1214|1438|1659|1825|5 Recep 1449
20271204|0549|0720|1214|1438|1659|1824|6 Recep 1449
20271205|0550|0721|1215|1438|1659|1824|7 Recep 1449
20271206|0551|0722|1215|1438|1659|1824|8 Recep 1449
20271207|0552|0723|1216|1438|1659|1824|9 Recep 1449
20271208|0552|0724|1216|1438|1659|1824|10 Recep 1449
20271209|0553|0724|1217|1438|1659|1825|11 Recep 1449
20271210|0554|0725|1217|1438|1659|1825|12 Recep 1449
20271211|0555|0726|1217|1438|1659|1825|13 Recep 1449
20271212|0555|0727|1218|1438|1659|1825|14 Recep 1449
20271213|0556|0728|1218|1438|1659|1825|15 Recep 1449
20271214|0557|0729|1219|1439|1659|1825|16 Recep 1449
20271215|0557|0729|1219|1439|1659|1826|17 Recep 1449
20271216|0558|0730|1220|1439|1700|1826|18 Recep 1449
20271217|0559|0731|1220|1439|1700|1826|19 Recep 1449
20271218|0559|0731|1221|1440|1700|1827|20 Recep 1449
20271219|0600|0732|1221|1440|1701|1827|21 Recep 1449
20271220|0600|0732|1222|1441|1701|1828|22 Recep 1449
20271221|0601|0733|1222|1441|1702|1828|23 Recep 1449
20271222|0602|0734|1223|1441|1702|1828|24 Recep 1449
20271223|0602|0734|1223|1442|1702|1829|25 Recep 1449
20271224|0602|0734|1224|1443|1703|1830|26 Recep 1449
20271225|0603|0735|1224|1443|1704|1830|27 Recep 1449
20271226|0603|0735|1225|1444|1704|1831|28 Recep 1449
20271227|0604|0736|1225|1444|1705|1831|29 Recep 1449
20271228|0604|0736|1226|1445|1706|1832|30 Recep 1449
20271229|0604|0736|1226|1446|1706|1833|1 Şaban 1449
20271230|0605|0736|1227|1446|1707|1833|2 Şaban 1449
20271231|0605|0737|1227|1447|1708|1834|3 Şaban 1449
#@9901|Of|TRABZON|396
20261003|0446|0610|1213|1529|1806|1925|22 Rebiulahir 1448
20261004|0447|0611|1213|1528|1804|1923|23 Rebiulahir 1448
20261005|0448|0612|1213|1526|1803|1922|24 Rebiulahir 1448
20261006|0449|0613|1212|1525|1801|1920|25 Rebiulahir 1448
20261007|0450|0614|1212|1524|1759|1918|26 Rebiulahir 1448
20261008|0451|0615|1212|1523|1758|1917|27 Rebiulahir 1448
20261009|0452|0617|1211|1522|1756|1915|28 Rebiulahir 1448
20261010|0453|0618|1211|1520|1755|1913|29 Rebiulahir 1448
20261011|0454|0619|1211|1519|1753|1912|30 Rebiulahir 1448
20261012|0456|0620|1211|1518|1751|1910|1 Cemaziyelevvel 1448
20261013|0457|0621|1210|1517|1750|1909|2 Cemaziyelevvel 1448
20261014|0458|0622|1210|1516|1748|1907|3 Cemaziyelevvel 1448
20261015|0459|0623|1210|1514|1747|1906|4 Cemaziyelevvel 1448
20261016|0500|0624|1210|1513|1745|1904|5 Cemaziyelevvel 1448
20261017|0501|0625|1209|1512|1744|1903|6 Cemaziyelevvel 1448
20261018|0502|0626|1209|1511|1742|1901|7 Cemaziyelevvel 1448
20261019|0503|0627|1209|1510|1741|1900|8 Cemaziyelevvel 1448
20261020|0504|0628|1209|1509|1739|1859|9 Cemaziyelevvel 1448
20261021|0505|0630|1209|1508|1738|1857|10 Cemaziyelevvel 1448
20261022|0506|0631|1209|1506|1736|1856|11 Cemaziyelevvel 1448
20261023|0507|0632|1208|1505|1735|1854|12 Cemaziyelevvel 1448
20261024|0508|0633|1208|1504|1733|1853|13 Cemaziyelevvel 1448
20261025|0509|0634|1208|1503|1732|1852|14 Cemaziyelevvel 1448
20261026|0510|0635|1208|1502|1731|1851|15 Cemaziyelevvel 1448
20261027|0511|0636|1208|1501|1729|1849|16 Cemaziyelevvel 1448
20261028|0512|0638|1208|1500|1728|1848|17 Cemaziyelevvel 1448
20261029|0513|0639|1208|1459|1727|1847|18 Cemaziyelevvel 1448
20261030|0514|0640|1208|1458|1725|1846|19 Cemaziyelevvel 1448
20261031|0515|0641|1208|1457|1724|1845|20 Cemaziyelevvel 1448
20261101|0516|0642|1208|1456|1723|1843|21 Cemaziyelevvel 1448
20261102|0517|0643|1208|1455|1722|1842|22 Cemaziyelevvel 1448
20270101|0605|0737|1227|1447|1708|1834|23 Recep 1448
20270102|0605|0737|1228|1448|1709|1835|24 Recep 1448
20270103|0605|0737|1228|1449|1709|1836|25 Recep 1448
20270104|0605|0737|1229|1449|1710|1836|26 Recep 1448
20270105|0605|0737|1229|1450|1711|1837|27 Recep 1448
20270106|0606|0737|1229|1451|1712|1838|28 Recep 1448
20270107|0606|0737|1230|1452|1713|1839|29 Recep 1448
20270108|0606|0737|1230|1453|1714|1840|30 Recep 1448
20270109|0606|0736|1231|1454|1715|1841|1 Şaban 1448
20270110|0605|0736|1231|1455|1716|1841|2 Şaban 1448
20270111|0605|0736|1232|1456|1717|1842|3 Şaban 1448
20270112|0605|0736|1232|1457|1718|1843|4 Şaban 1448
20270113|0605|0736|1232|1457|1719|1844|5 Şaban 1448
20270114|0605|0735|1233|1458|1720|1845|6 Şaban 1448
20270115|0605|0735|1233|1459|1721|1846|7 Şaban 1448
20270116|0604|0734|1233|1500|1723|1847|8 Şaban 1448
20270117|0604|0734|1234|1501|1724|1848|9 Şaban 1448
20270118|0604|0733|1234|1502|1725|1849|10 Şaban 1448
20270119|0603|0733|1234|1503|1726|1850|11 Şaban 1448
20270120|0603|0732|1235|1504|1727|1851|12 Şaban 1448
20270121|0603|0732|1235|1505|1728|1852|13 Şaban 1448
20270122|0602|0731|1235|1507|1730|1853|14 Şaban 1448
20270123|0602|0730|1236|1508|1731|1854|15 Şaban 1448
20270124|0601|0730|1236|1509|1732|1855|16 Şaban 1448
20270125|0601|0729|1236|1510|1733|1856|17 Şaban 1448
20270126|0600|0728|1236|1511|1734|1857|18 Şaban 1448
20270127|0559|0727|1237|1512|1736|1858|19 Şaban 1448
20270128|0559|0727|1237|1513|1737|1859|20 Şaban 1448
20270129|0558|0726|1237|1514|1738|1901|21 Şaban 1448
20270130|0557|0725|1237|1515|1739|1902|22 Şaban 1448
20270131|0557|0724|1237|1516|1741|1903|23 Şaban 1448
20270201|0556|0723|1237|1517|1742|1904|24 Şaban 1448
20270202|0555|0722|1238|1518|1743|1905|25 Şaban 1448
20270203|0554|0721|1238|1519|1744|1906|26 Şaban 1448
20270204|0553|0720|1238|1520|1746|1907|27 Şaban 1448
20270205|0552|0719|1238|1521|1747|1908|28 Şaban 1448
20270206|0551|0718|1238|1522|1748|1909|29 Şaban 1448
20270207|0550|0717|1238|1523|1749|1910|30 Şaban 1448
20270208|0549|0716|1238|1524|1751|1911|1 Ramazan 1448
20270209|0548|0715|1238|1525|1752|1913|2 Ramazan 1448
20270210|0547|0713|1238|1526|1753|1914|3 Ramazan 1448
20270211|0546|0712|1238|1527|1754|1915|4 Ramazan 1448
20270212|0545|0711|1238|1528|1755|1916|5 Ramazan 1448
20270213|0544|0710|1238|1529|1757|1917|6 Ramazan 1448
20270214|0543|0708|1238|1530|1758|1918|7 Ramazan 1448
20270215|0542|0707|1238|1531|1759|1919|8 Ramazan 1448
20270216|0541|0706|1238|1532|1800|1920|9 Ramazan 1448
20270217|0539|0704|1238|1533|1802|1921|10 Ramazan 1448
20270218|0538|0703|1238|1534|1803|1922|11 Ramazan 1448
20270219|0537|0702|1238|1534|1804|1924|12 Ramazan 1448
20270220|0536|0700|1238|1535|1805|1925|13 Ramazan 1448
20270221|0534|0659|1238|1536|1806|1926|14 Ramazan 1448
20270222|0533|0657|1238|1537|1808|1927|15 Ramazan 1448
20270223|0532|0656|1237|1538|1809|1928|16 Ramazan 1448
20270224|0530|0655|1237|1539|1810|1929|17 Ramazan 1448
20270225|0529|0653|1237|1540|1811|1930|18 Ramazan 1448
20270226|0527|0652|1237|1540|1812|1931|19 Ramazan 1448
20270227|0526|0650|1237|1541|1813|1932|20 Ramazan 1448
20270228|0524|0649|1237|1542|1815|1934|21 Ramazan 1448
20270301|0523|0647|1236|1543|1816|1935|22 Ramazan 1448
20270302|0521|0646|1236|1544|1817|1936|23 Ramazan 1448
20270303|0520|0644|1236|1544|1818|1937|24 Ramazan 1448
20270304|0518|0642|1236|1545|1819|1938|25 Ramazan 1448
20270305|0517|0641|1236|1546|1820|1939|26 Ramazan 1448
20270306|0515|0639|1235|1546|1821|1940|27 Ramazan 1448
20270307|0514|0638|1235|1547|1823|1941|28 Ramazan 1448
20270308|0512|0636|1235|1548|1824|1943|29 Ramazan 1448
20270309|0510|0634|1235|1549|1825|1944|1 Şevval 1448
20270310|0509|0633|1234|1549|1826|1945|2 Şevval 1448
20270311|0507|0631|1234|1550|1827|1946|3 Şevval 1448
20270312|0505|0630|1234|1551|1828|1947|4 Şevval 1448
20270313|0504|0628|1234|1551|1829|1948|5 Şevval 1448
20270314|0502|0626|1233|1552|1830|1949|6 Şevval 1448
20270315|0500|0625|1233|1552|1831|1951|7 Şevval 1448
20270316|0458|0623|1233|1553|1833|1952|8 Şevval 1448
20270317|0457|0621|1233|1554|1834|1953|9 Şevval 1448
20270318|0455|0620|1232|1554|1835|1954|10 Şevval 1448
20270319|0453|0618|1232|1555|1836|1955|11 Şevval 1448
20270320|0451|0616|1232|1555|1837|1956|12 Şevval 1448
20270321|0450|0615|1231|1556|1838|1958|13 Şevval 1448
20270322|0448|0613|1231|1556|1839|1959|14 Şevval 1448
20270323|0446|0611|1231|1557|1840|2000|15 Şevval 1448
20270324|0444|0610|1230|1557|1841|2001|16 Şevval 1448
20270325|0442|0608|1230|1558|1842|2002|17 Şevval 1448
20270326|0440|0606|1230|1558|1843|2004|18 Şevval 1448
20270327|0439|0605|1230|1559|1844|2005|19 Şevval 1448
20270328|0437|0603|1229|1559|1845|2006|20 Şevval 1448
20270329|0435|0601|1229|1600|1847|2007|21 Şevval 1448
20270330|0433|0600|1229|1600|1848|2009|22 Şevval 1448
20270331|0431|0558|1228|1601|1849|2010|23 Şevval 1448
20270401|0429|0556|1228|1601|1850|2011|24 Şevval 1448
20270402|0427|0555|1228|1602|1851|2012|25 Şevval 1448
20270403|0425|0553|1227|1602|1852|2014|26 Şevval 1448
20270404|0424|0551|1227|1602|1853|2015|27 Şevval 1448
20270405|0422|0550|1227|1603|1854|2016|28 Şevval 1448
20270406|0420|0548|1227|1603|1855|2018|29 Şevval 1448
20270407|0418|0547|1226|1604|1856|2019|30 Şevval 1448
20270408|0416|0545|1226|1604|1857|2020|1 Zilkade 1448
20270409|0414|0543|1226|1604|1858|2022|2 Zilkade 1448
20270410|0412|0542|1225|1605|1859|2023|3 Zilkade 1448
20270411|0410|0540|1225|1605|1900|2024|4 Zilkade 1448
20270412|0408|0539|1225|1605|1901|2026|5 Zilkade 1448
20270413|0406|0537|1225|1606|1902|2027|6 Zilkade 1448
20270414|0404|0535|1224|1606|1903|2028|7 Zilkade 1448
20270415|0402|0534|1224|1606|1905|2030|8 Zilkade 1448
20270416|0401|0532|1224|1607|1906|2031|9 Zilkade 1448
20270417|0359|0531|1224|1607|1907|2033|10 Zilkade 1448
20270418|0357|0529|1223|1607|1908|2034|11 Zilkade 1448
20270419|0355|0528|1223|1608|1909|2035|12 Zilkade 1448
20270420|0353|0526|1223|1608|1910|2037|13 Zilkade 1448
20270421|0351|0525|1223|1608|1911|2038|14 Zilkade 1448
20270422|0349|0523|1223|1609|1912|2040|15 Zilkade 1448
20270423|0347|0522|1222|1609|1913|2041|16 Zilkade 1448
20270424|0345|0520|1222|1609|1914|2043|17 Zilkade 1448
20270425|0344|0519|1222|1610|1915|2044|18 Zilkade 1448
20270426|0342|0518|1222|1610|1916|2046|19 Zilkade 1448
20270427|0340|0516|1222|1610|1917|2047|20 Zilkade 1448
20270428|0338|0515|1222|1611|1918|2049|21 Zilkade 1448
20270429|0336|0514|1221|1611|1919|2050|22 Zilkade 1448
20270430|0334|0512|1221|1611|1920|2052|23 Zilkade 1448
20270501|0333|0511|1221|1611|1921|2053|24 Zilkade 1448
20270502|0331|0510|1221|1612|1922|2055|25 Zilkade 1448
20270503|0329|0508|1221|1612|1924|2056|26 Zilkade 1448
20270504|0327|0507|1221|1612|1925|2058|27 Zilkade 1448
20270505|0325|0506|1221|1613|1926|2059|28 Zilkade 1448
20270506|0324|0505|1221|1613|1927|2101|29 Zilkade 1448
20270507|0322|0503|1221|1613|1928|2102|1 Zilhicce 1448
20270508|0320|0502|1221|1613|1929|2104|2 Zilhicce 1448
20270509|0319|0501|1220|1614|1930|2105|3 Zilhicce 1448
20270510|0317|0500|1220|1614|1931|2107|4 Zilhicce 1448
20270511|0315|0459|1220|1614|1932|2108|5 Zilhicce 1448
20270512|0314|0458|1220|1615|1933|2110|6 Zilhicce 1448
20270513|0312|0457|1220|1615|1934|2111|7 Zilhicce 1448
20270514|0310|0456|1220|1615|1935|2113|8 Zilhicce 1448
20270515|0309|0455|1220|1615|1936|2114|9 Zilhicce 1448
20270516|0307|0454|1220|1616|1937|2116|10 Zilhicce 1448
20270517|0306|0453|1220|1616|1938|2117|11 Zilhicce 1448
20270518|0304|0452|1220|1616|1939|2119|12 Zilhicce 1448
20270519|0303|0451|1220|1616|1940|2120|13 Zilhicce 1448
20270520|0302|0450|1220|1617|1941|2122|14 Zilhicce 1448
20270521|0300|0450|1221|1617|1942|2123|15 Zilhicce 1448
20270522|0259|0449|1221|1617|1942|2124|16 Zilhicce 1448
20270523|0257|0448|1221|1618|1943|2126|17 Zilhicce 1448
20270524|0256|0447|1221|1618|1944|2127|18 Zilhicce 1448
20270525|0255|0447|1221|1618|1945|2129|19 Zilhicce 1448
20270526|0254|0446|1221|1618|1946|2130|20 Zilhicce 1448
20270527|0253|0445|1221|1619|1947|2131|21 Zilhicce 1448
20270528|0251|0445|1221|1619|1948|2132|22 Zilhicce 1448
20270529|0250|0444|1221|1619|1949|2134|23 Zilhicce 1448
20270530|0249|0444|1221|1620|1949|2135|24 Zilhicce 1448
20270531|0248|0443|1222|1620|1950|2136|25 Zilhicce 1448
20270601|0247|0443|1222|1620|1951|2137|26 Zilhicce 1448
20270602|0247|0442|1222|1620|1952|2139|27 Zilhicce 1448
20270603|0246|0442|1222|1621|1952|2140|28 Zilhicce 1448
20270604|0245|0441|1222|1621|1953|2141|29 Zilhicce 1448
20270605|0244|0441|1222|1621|1954|2142|30 Zilhicce 1448
20270606|0243|0441|1223|1622|1954|2143|1 Muharrem 1449
20270607|0243|0440|1223|1622|1955|2144|2 Muharrem 1449
20270608|0242|0440|1223|1622|1956|2145|3 Muharrem 1449
20270609|0242|0440|1223|1622|1956|2146|4 Muharrem 1449
20270610|0241|0440|1223|1623|1957|2146|5 Muharrem 1449
20270611|0241|0440|1224|1623|1957|2147|6 Muharrem 1449
20270612|0240|0440|1224|1623|1958|2148|7 Muharrem 1449
20270613|0240|0440|1224|1623|1958|2149|8 Muharrem 1449
20270614|0240|0439|1224|1624|1959|2149|9 Muharrem 1449
20270615|0240|0439|1224|1624|1959|2150|10 Muharrem 1449
20270616|0239|0439|1225|1624|2000|2150|11 Muharrem 1449
20270617|0239|0440|1225|1624|2000|2151|12 Muharrem 1449
20270618|0239|0440|1225|1625|2000|2151|13 Muharrem 1449
20270619|0239|0440|1225|1625|2001|2152|14 Muharrem 1449
20270620|0239|0440|1225|1625|2001|2152|15 Muharrem 1449
20270621|0240|0440|1226|1625|2001|2152|16 Muharrem 1449
20270622|0240|0440|1226|1626|2001|2153|17 Muharrem 1449
20270623|0240|0441|1226|1626|2002|2153|18 Muharrem 1449
20270624|0240|0441|1226|1626|2002|2153|19 Muharrem 1449
20270625|0241|0441|1227|1626|2002|2153|20 Muharrem 1449
20270626|0241|0441|1227|1626|2002|2153|21 Muharrem 1449
20270627|0242|0442|1227|1627|2002|2153|22 Muharrem 1449
20270628|0242|0442|1227|1627|2002|2153|23 Muharrem 1449
20270629|0243|0443|1227|1627|2002|2153|24 Muharrem 1449
20270630|0244|0443|1228|1627|2002|2152|25 Muharrem 1449
20270701|0244|0444|1228|1627|2002|2152|26 Muharrem 1449
20270702|0245|0444|1228|1627|2002|2152|27 Muharrem 1449
20270703|0246|0445|1228|1628|2002|2151|28 Muharrem 1449
20270704|0247|0445|1228|1628|2002|2151|29 Muharrem 1449
20270705|0248|0446|1228|1628|2001|2150|1 Safer 1449
20270706|0248|0446|1229|1628|2001|2150|2 Safer 1449
20270707|0249|0447|1229|1628|2001|2149|3 Safer 1449
20270708|0251|0448|1229|1628|2000|2149|4 Safer 1449
20270709|0252|0448|1229|1628|2000|2148|5 Safer 1449
20270710|0253|0449|1229|1628|2000|2147|6 Safer 1449
20270711|0254|0450|1229|1628|1959|2146|7 Safer 1449
20270712|0255|0450|1230|1628|1959|2145|8 Safer 1449
20270713|0256|0451|1230|1628|1958|2145|9 Safer 1449
20270714|0257|0452|1230|1628|1958|2144|10 Safer 1449
20270715|0259|0453|1230|1628|1957|2143|11 Safer 1449
20270716|0300|0453|1230|1628|1957|2142|12 Safer 1449
20270717|0301|0454|1230|1628|1956|2141|13 Safer 1449
20270718|0303|0455|1230|1628|1955|2139|14 Safer 1449
20270719|0304|0456|1230|1628|1955|2138|15 Safer 1449
20270720|0305|0457|1230|1628|1954|2137|16 Safer 1449
20270721|0307|0458|1230|1627|1953|2136|17 Safer 1449
20270722|0308|0458|1230|1627|1953|2135|18 Safer 1449
20270723|0310|0459|1230|1627|1952|2133|19 Safer 1449
20270724|0311|0500|1231|1627|1951|2132|20 Safer 1449
20270725|0313|0501|1231|1627|1950|2131|21 Safer 1449
20270726|0314|0502|1231|1626|1949|2129|22 Safer 1449
20270727|0316|0503|1231|1626|1948|2128|23 Safer 1449
20270728|0317|0504|1231|1626|1947|2126|24 Safer 1449
20270729|0319|0505|1231|1626|1946|2125|25 Safer 1449
20270730|0320|0506|1230|1625|1945|2123|26 Safer 1449
20270731|0322|0507|1230|1625|1944|2122|27 Safer 1449
20270801|0323|0508|1230|1625|1943|2120|28 Safer 1449
20270802|0325|0509|1230|1624|1942|2119|29 Safer 1449
20270803|0326|0509|1230|1624|1941|2117|1 Rebiulevvel 1449
20270804|0328|0510|1230|1624|1940|2115|2 Rebiulevvel 1449
20270805|0329|0511|1230|1623|1939|2114|3 Rebiulevvel 1449
20270806|0331|0512|1230|1623|1938|2112|4 Rebiulevvel 1449
20270807|0332|0513|1230|1622|1936|2110|5 Rebiulevvel 1449
20270808|0334|0514|1230|1622|1935|2109|6 Rebiulevvel 1449
20270809|0335|0515|1230|1621|1934|2107|7 Rebiulevvel 1449
20270810|0337|0516|1229|1621|1933|2105|8 Rebiulevvel 1449
20270811|0338|0517|1229|1620|1931|2104|9 Rebiulevvel 1449
20270812|0340|0518|1229|1620|1930|2102|10 Rebiulevvel 1449
20270813|0341|0519|1229|1619|1929|2100|11 Rebiulevvel 1449
20270814|0343|0520|1229|1618|1927|2058|12 Rebiulevvel 1449
20270815|0344|0521|1229|1618|1926|2056|13 Rebiulevvel 1449
20270816|0346|0522|1228|1617|1925|2055|14 Rebiulevvel 1449
20270817|0347|0523|1228|1617|1923|2053|15 Rebiulevvel 1449
20270818|0349|0524|1228|1616|1922|2051|16 Rebiulevvel 1449
20270819|0350|0525|1228|1615|1920|2049|17 Rebiulevvel 1449
20270820|0351|0526|1228|1614|1919|2047|18 Rebiulevvel 1449
20270821|0353|0527|1227|1614|1917|2045|19 Rebiulevvel 1449
20270822|0354|0528|1227|1613|1916|2044|20 Rebiulevvel 1449
20270823|0356|0529|1227|1612|1914|2042|21 Rebiulevvel 1449
20270824|0357|0530|1227|1611|1913|2040|22 Rebiulevvel 1449
20270825|0358|0531|1226|1611|1911|2038|23 Rebiulevvel 1449
20270826|0400|0532|1226|1610|1910|2036|24 Rebiulevvel 1449
20270827|0401|0533|1226|1609|1908|2034|25 Rebiulevvel 1449
20270828|0403|0534|1225|1608|1907|2032|26 Rebiulevvel 1449
20270829|0404|0535|1225|1607|1905|2030|27 Rebiulevvel 1449
20270830|0405|0536|1225|1606|1904|2028|28 Rebiulevvel 1449
20270831|0407|0537|1225|1605|1902|2026|29 Rebiulevvel 1449
20270901|0408|0538|1224|1605|1900|2025|30 Rebiulevvel 1449
20270902|0409|0539|1224|1604|1859|2023|1 Rebiulahir 1449
20270903|0411|0540|1224|1603|1857|2021|2 Rebiulahir 1449
20270904|0412|0541|1223|1602|1855|2019|3 Rebiulahir 1449
20270905|0413|0542|1223|1601|1854|2017|4 Rebiulahir 1449
20270906|0414|0543|1223|1600|1852|2015|5 Rebiulahir 1449
20270907|0416|0544|1222|1559|1850|2013|6 Rebiulahir 1449
20270908|0417|0545|1222|1558|1849|2011|7 Rebiulahir 1449
20270909|0418|0546|1222|1557|1847|2009|8 Rebiulahir 1449
20270910|0419|0547|1221|1556|1845|2007|9 Rebiulahir 1449
20270911|0421|0548|1221|1555|1844|2005|10 Rebiulahir 1449
20270912|0422|0549|1221|1554|1842|2004|11 Rebiulahir 1449
20270913|0423|0550|1220|1552|1840|2002|12 Rebiulahir 1449
20270914|0424|0551|1220|1551|1839|2000|13 Rebiulahir 1449
20270915|0425|0552|1219|1550|1837|1958|14 Rebiulahir 1449
20270916|0427|0553|1219|1549|1835|1956|15 Rebiulahir 1449
20270917|0428|0554|1219|1548|1834|1954|16 Rebiulahir 1449
20270918|0429|0555|1218|1547|1832|1952|17 Rebiulahir 1449
20270919|0430|0556|1218|1546|1830|1950|18 Rebiulahir 1449
20270920|0431|0557|1218|1545|1828|1949|19 Rebiulahir 1449
20270921|0432|0558|1217|1543|1827|1947|20 Rebiulahir 1449
20270922|0434|0559|1217|1542|1825|1945|21 Rebiulahir 1449
20270923|0435|0600|1217|1541|1823|1943|22 Rebiulahir 1449
20270924|0436|0601|1216|1540|1822|1941|23 Rebiulahir 1449
20270925|0437|0602|1216|1539|1820|1939|24 Rebiulahir 1449
20270926|0438|0603|1216|1538|1818|1938|25 Rebiulahir 1449
20270927|0439|0604|1215|1536|1817|1936|26 Rebiulahir 1449
20270928|0440|0605|1215|1535|1815|1934|27 Rebiulahir 1449
20270929|0441|0606|1215|1534|1813|1932|28 Rebiulahir 1449
20270930|0442|0607|1214|1533|1811|1931|29 Rebiulahir 1449
20271001|0444|0608|1214|1532|1810|1929|1 Cemaziyelevvel 1449
20271002|0445|0609|1214|1530|1808|1927|2 Cemaziyelevvel 1449
20271003|0446|0610|1213|1529|1806|1925|3 Cemaziyelevvel 1449
20271004|0447|0611|1213|1528|1805|1924|4 Cemaziyelevvel 1449
20271005|0448|0612|1213|1527|1803|1922|5 Cemaziyelevvel 1449
20271006|0449|0613|1212|1526|1802|1920|6 Cemaziyelevvel 1449
20271007|0450|0614|1212|1524|1800|1919|7 Cemaziyelevvel 1449
20271008|0451|0615|1212|1523|1758|1917|8 Cemaziyelevvel 1449
20271009|0452|0616|1211|1522|1757|1915|9 Cemaziyelevvel 1449
20271010|0453|0617|1211|1521|1755|1914|10 Cemaziyelevvel 1449
20271011|0454|0618|1211|1520|1753|1912|11 Cemaziyelevvel 1449
20271012|0455|0619|1211|1518|1752|1911|12 Cemaziyelevvel 1449
20271013|0456|0621|1210|1517|1750|1909|13 Cemaziyelevvel 1449
20271014|0457|0622|1210|1516|1749|1908|14 Cemaziyelevvel 1449
20271015|0458|0623|1210|1515|1747|1906|15 Cemaziyelevvel 1449
20271016|0459|0624|1210|1514|1746|1905|16 Cemaziyelevvel 1449
20271017|0501|0625|1209|1512|1744|1903|17 Cemaziyelevvel 1449
20271018|0502|0626|1209|1511|1743|1902|18 Cemaziyelevvel 1449
20271019|0503|0627|1209|1510|1741|1900|19 Cemaziyelevvel 1449
20271020|0504|0628|1209|1509|1740|1859|20 Cemaziyelevvel 1449
20271021|0505|0629|1209|1508|1738|1857|21 Cemaziyelevvel 1449
20271022|0506|0630|1209|1507|1737|1856|22 Cemaziyelevvel 1449
20271023|0507|0632|1208|1506|1735|1855|23 Cemaziyelevvel 1449
20271024|0508|0633|1208|1504|1734|1853|24 Cemaziyelevvel 1449
20271025|0509|0634|1208|1503|1732|1852|25 Cemaziyelevvel 1449
20271026|0510|0635|1208|1502|1731|1851|26 Cemaziyelevvel 1449
20271027|0511|0636|1208|1501|1730|1850|27 Cemaziyelevvel 1449
20271028|0512|0637|1208|1500|1728|1848|28 Cemaziyelevvel 1449
20271029|0513|0638|1208|1459|1727|1847|29 Cemaziyelevvel 1449
20271030|0514|0640|1208|1458|1726|1846|30 Cemaziyelevvel 1449
20271031|0515|0641|1208|1457|1724|1845|1 Cemaziyelahir 1449
20271101|0516|0642|1208|1456|1723|1844|2 Cemaziyelahir 1449
20271102|0517|0643|1208|1455|1722|1843|3 Cemaziyelahir 1449
20271103|0518|0644|1208|1454|1721|1842|4 Cemaziyelahir 1449
20271104|0519|0645|1208|1453|1720|1841|5 Cemaziyelahir 1449
20271105|0520|0647|1208|1452|1718|1840|6 Cemaziyelahir 1449
20271106|0521|0648|1208|1451|1717|1839|7 Cemaziyelahir 1449
20271107|0522|0649|1208|1450|1716|1838|8 Cemaziyelahir 1449
20271108|0523|0650|1208|1450|1715|1837|9 Cemaziyelahir 1449
20271109|0524|0651|1208|1449|1714|1836|10 Cemaziyelahir 1449
20271110|0525|0653|1208|1448|1713|1835|11 Cemaziyelahir 1449
20271111|0526|0654|1208|1447|1712|1834|12 Cemaziyelahir 1449
20271112|0527|0655|1208|1446|1711|1833|13 Cemaziyelahir 1449
20271113|0529|0656|1208|1446|1710|1832|14 Cemaziyelahir 1449
20271114|0530|0657|1208|1445|1709|1832|15 Cemaziyelahir 1449
20271115|0531|0659|1208|1444|1708|1831|16 Cemaziyelahir 1449
20271116|0532|0700|1209|1444|1707|1830|17 Cemaziyelahir 1449
20271117|0533|0701|1209|1443|1707|1830|18 Cemaziyelahir 1449
20271118|0534|0702|1209|1442|1706|1829|19 Cemaziyelahir 1449
20271119|0535|0703|1209|1442|1705|1828|20 Cemaziyelahir 1449
20271120|0536|0704|1209|1441|1704|1828|21 Cemaziyelahir 1449
20271121|0537|0706|1210|1441|1704|1827|22 Cemaziyelahir 1449
20271122|0538|0707|1210|1440|1703|1827|23 Cemaziyelahir 1449
20271123|0539|0708|1210|1440|1702|1826|24 Cemaziyelahir 1449
20271124|0539|0709|1210|1439|1702|1826|25 Cemaziyelahir 1449
20271125|0540|0710|1211|1439|1701|1826|26 Cemaziyelahir 1449
20271126|0541|0711|1211|1439|1701|1825|27 Cemaziyelahir 1449
20271127|0542|0712|1211|1438|1700|1825|28 Cemaziyelahir 1449
20271128|0543|0713|1212|1438|1700|1825|29 Cemaziyelahir 1449
20271129|0544|0714|1212|1438|1700|1824|1 Recep 1449
20271130|0545|0716|1212|1437|1659|1824|2 Recep 1449
20271201|0546|0717|1213|1437|1659|1824|3 Recep 1449
20271202|0547|0718|1213|1437|1659|1824|4 Recep 1449
20271203|0548|0719|1213|1437|1658|1824|5 Recep 1449
20271204|0549|0720|1214|1437|1658|1824|6 Recep 1449
20271205|0549|0721|1214|1437|1658|1824|7 Recep 1449
20271206|0550|0722|1215|1437|1658|1824|8 Recep 1449
20271207|0551|0722|1215|1437|1658|1824|9 Recep 1449
20271208|0552|0723|1216|1437|1658|1824|10 Recep 1449
20271209|0553|0724|1216|1437|1658|1824|11 Recep 1449
20271210|0553|0725|1216|1437|1658|1824|12 Recep 1449
20271211|0554|0726|1217|1437|1658|1824|13 Recep 1449
20271212|0555|0727|1217|1437|1658|1824|14 Recep 1449
20271213|0556|0728|1218|1437|1658|1824|15 Recep 1449
20271214|0556|0728|1218|1438|1658|1825|16 Recep 1449
20271215|0557|0729|1219|1438|1658|1825|17 Recep 1449
20271216|0558|0730|1219|1438|1659|1825|18 Recep 1449
20271217|0558|0730|1220|1438|1659|1826|19 Recep 1449
20271218|0559|0731|1220|1439|1659|1826|20 Recep 1449
20271219|0600|0732|1221|1439|1700|1826|21 Recep 1449
20271220|0600|0732|1221|1440|1700|1827|22 Recep 1449
20271221|0601|0733|1222|1440|1701|1827|23 Recep 1449
20271222|0601|0733|1222|1440|1701|1828|24 Recep 1449
20271223|0602|0734|1223|1441|1701|1828|25 Recep 1449
20271224|0602|0734|1223|1442|1702|1829|26 Recep 1449
20271225|0603|0735|1224|1442|1703|1829|27 Recep 1449
20271226|0603|0735|1224|1443|1703|1830|28 Recep 1449
20271227|0603|0735|1225|1443|1704|1830|29 Recep 1449
20271228|0604|0736|1225|1444|1705|1831|30 Recep 1449
20271229|0604|0736|1226|1445|1705|1832|1 Şaban 1449
20271230|0604|0736|1226|1445|1706|1832|2 Şaban 1449
20271231|0605|0736|1227|1446|1707|1833|3 Şaban 1449
#@9902|Şalpazarı|TRABZON|396
20261003|0450|0615|1217|1533|1810|1929|22 Rebiulahir 1448
20261004|0451|0616|1217|1532|1809|1928|23 Rebiulahir 1448
20261005|0452|0617|1217|1531|1807|1926|24 Rebiulahir 1448
20261006|0453|0618|1216|1530|1805|1924|25 Rebiulahir 1448
20261007|0455|0619|1216|1528|1804|1923|26 Rebiulahir 1448
20261008|0456|0620|1216|1527|1802|1921|27 Rebiulahir 1448
20261009|0457|0621|1216|1526|1801|1919|28 Rebiulahir 1448
20261010|0458|0622|1215|1525|1759|1918|29 Rebiulahir 1448
20261011|0459|0623|1215|1523|1757|1916|30 Rebiulahir 1448
20261012|0500|0624|1215|1522|1756|1915|1 Cemaziyelevvel 1448
20261013|0501|0625|1215|1521|1754|1913|2 Cemaziyelevvel 1448
20261014|0502|0626|1214|1520|1753|1912|3 Cemaziyelevvel 1448
20261015|0503|0627|1214|1519|1751|1910|4 Cemaziyelevvel 1448
20261016|0504|0628|1214|1518|1750|1909|5 Cemaziyelevvel 1448
20261017|0505|0629|1214|1516|1748|1907|6 Cemaziyelevvel 1448
20261018|0506|0631|1213|1515|1746|1906|7 Cemaziyelevvel 1448
20261019|0507|0632|1213|1514|1745|1904|8 Cemaziyelevvel 1448
20261020|0508|0633|1213|1513|1744|1903|9 Cemaziyelevvel 1448
20261021|0509|0634|1213|1512|1742|1901|10 Cemaziyelevvel 1448
20261022|0510|0635|1213|1511|1741|1900|11 Cemaziyelevvel 1448
20261023|0511|0636|1213|1510|1739|1859|12 Cemaziyelevvel 1448
20261024|0512|0637|1212|1508|1738|1857|13 Cemaziyelevvel 1448
20261025|0513|0638|1212|1507|1736|1856|14 Cemaziyelevvel 1448
20261026|0514|0640|1212|1506|1735|1855|15 Cemaziyelevvel 1448
20261027|0515|0641|1212|1505|1734|1854|16 Cemaziyelevvel 1448
20261028|0517|0642|1212|1504|1732|1852|17 Cemaziyelevvel 1448
20261029|0518|0643|1212|1503|1731|1851|18 Cemaziyelevvel 1448
20261030|0519|0644|1212|1502|1730|1850|19 Cemaziyelevvel 1448
20261031|0520|0645|1212|1501|1728|1849|20 Cemaziyelevvel 1448
20261101|0521|0647|1212|1500|1727|1848|21 Cemaziyelevvel 1448
20261102|0522|0648|1212|1459|1726|1847|22 Cemaziyelevvel 1448
20270101|0609|0741|1231|1451|1712|1838|23 Recep 1448
20270102|0609|0741|1232|1452|1713|1839|24 Recep 1448
20270103|0609|0741|1232|1453|1714|1840|25 Recep 1448
20270104|0610|0741|1233|1454|1715|1841|26 Recep 1448
20270105|0610|0741|1233|1454|1716|1841|27 Recep 1448
20270106|0610|0741|1234|1455|1716|1842|28 Recep 1448
20270107|0610|0741|1234|1456|1717|1843|29 Recep 1448
20270108|0610|0741|1235|1457|1718|1844|30 Recep 1448
20270109|0610|0741|1235|1458|1719|1845|1 Şaban 1448
20270110|0610|0741|1235|1459|1720|1846|2 Şaban 1448
20270111|0610|0740|1236|1500|1721|1847|3 Şaban 1448
20270112|0610|0740|1236|1501|1722|1848|4 Şaban 1448
20270113|0609|0740|1237|1502|1724|1849|5 Şaban 1448
20270114|0609|0739|1237|1503|1725|1849|6 Şaban 1448
20270115|0609|0739|1237|1504|1726|1850|7 Şaban 1448
20270116|0609|0739|1238|1505|1727|1851|8 Şaban 1448
20270117|0608|0738|1238|1506|1728|1852|9 Şaban 1448
20270118|0608|0738|1238|1507|1729|1853|10 Şaban 1448
20270119|0608|0737|1239|1508|1730|1854|11 Şaban 1448
20270120|0607|0737|1239|1509|1731|1855|12 Şaban 1448
20270121|0607|0736|1239|1510|1733|1856|13 Şaban 1448
20270122|0606|0735|1240|1511|1734|1857|14 Şaban 1448
20270123|0606|0735|1240|1512|1735|1858|15 Şaban 1448
20270124|0605|0734|1240|1513|1736|1900|16 Şaban 1448
20270125|0605|0733|1240|1514|1737|1901|17 Şaban 1448
20270126|0604|0733|1241|1515|1739|1902|18 Şaban 1448
20270127|0604|0732|1241|1516|1740|1903|19 Şaban 1448
20270128|0603|0731|1241|1517|1741|1904|20 Şaban 1448
20270129|0602|0730|1241|1518|1742|1905|21 Şaban 1448
20270130|0602|0729|1241|1519|1744|1906|22 Şaban 1448
20270131|0601|0728|1242|1520|1745|1907|23 Şaban 1448
20270201|0600|0727|1242|1521|1746|1908|24 Şaban 1448
20270202|0559|0726|1242|1522|1747|1909|25 Şaban 1448
20270203|0558|0725|1242|1523|1749|1910|26 Şaban 1448
20270204|0558|0724|1242|1524|1750|1911|27 Şaban 1448
20270205|0557|0723|1242|1525|1751|1912|28 Şaban 1448
20270206|0556|0722|1242|1526|1752|1913|29 Şaban 1448
20270207|0555|0721|1242|1527|1754|1915|30 Şaban 1448
20270208|0554|0720|1242|1528|1755|1916|1 Ramazan 1448
20270209|0553|0719|1242|1529|1756|1917|2 Ramazan 1448
20270210|0552|0718|1242|1530|1757|1918|3 Ramazan 1448
20270211|0551|0716|1242|1531|1759|1919|4 Ramazan 1448
20270212|0550|0715|1242|1532|1800|1920|5 Ramazan 1448
20270213|0548|0714|1242|1533|1801|1921|6 Ramazan 1448
20270214|0547|0713|1242|1534|1802|1922|7 Ramazan 1448
20270215|0546|0711|1242|1535|1803|1923|8 Ramazan 1448
20270216|0545|0710|1242|1536|1805|1925|9 Ramazan 1448
20270217|0544|0709|1242|1537|1806|1926|10 Ramazan 1448
20270218|0542|0707|1242|1538|1807|1927|11 Ramazan 1448
20270219|0541|0706|1242|1539|1808|1928|12 Ramazan 1448
20270220|0540|0705|1242|1540|1809|1929|13 Ramazan 1448
20270221|0539|0703|1242|1540|1811|1930|14 Ramazan 1448
20270222|0537|0702|1242|1541|1812|1931|15 Ramazan 1448
20270223|0536|0700|1242|1542|1813|1932|16 Ramazan 1448
20270224|0534|0659|1242|1543|1814|1933|17 Ramazan 1448
20270225|0533|0657|1241|1544|1815|1934|18 Ramazan 1448
20270226|0532|0656|1241|1545|1817|1936|19 Ramazan 1448
20270227|0530|0654|1241|1545|1818|1937|20 Ramazan 1448
20270228|0529|0653|1241|1546|1819|1938|21 Ramazan 1448
20270301|0527|0651|1241|1547|1820|1939|22 Ramazan 1448
20270302|0526|0650|1240|1548|1821|1940|23 Ramazan 1448
20270303|0524|0648|1240|1549|1822|1941|24 Ramazan 1448
20270304|0523|0647|1240|1549|1823|1942|25 Ramazan 1448
20270305|0521|0645|1240|1550|1825|1943|26 Ramazan 1448
20270306|0519|0644|1240|1551|1826|1945|27 Ramazan 1448
20270307|0518|0642|1239|1551|1827|1946|28 Ramazan 1448
20270308|0516|0640|1239|1552|1828|1947|29 Ramazan 1448
20270309|0515|0639|1239|1553|1829|1948|1 Şevval 1448
20270310|0513|0637|1239|1554|1830|1949|2 Şevval 1448
20270311|0511|0636|1238|1554|1831|1950|3 Şevval 1448
20270312|0510|0634|1238|1555|1832|1951|4 Şevval 1448
20270313|0508|0632|1238|1555|1834|1953|5 Şevval 1448
20270314|0506|0631|1238|1556|1835|1954|6 Şevval 1448
20270315|0504|0629|1237|1557|1836|1955|7 Şevval 1448
20270316|0503|0627|1237|1557|1837|1956|8 Şevval 1448
20270317|0501|0626|1237|1558|1838|1957|9 Şevval 1448
20270318|0459|0624|1236|1558|1839|1958|10 Şevval 1448
20270319|0457|0622|1236|1559|1840|2000|11 Şevval 1448
20270320|0456|0621|1236|1600|1841|2001|12 Şevval 1448
20270321|0454|0619|1236|1600|1842|2002|13 Şevval 1448
20270322|0452|0617|1235|1601|1843|2003|14 Şevval 1448
20270323|0450|0616|1235|1601|1844|2004|15 Şevval 1448
20270324|0448|0614|1235|1602|1845|2006|16 Şevval 1448
20270325|0447|0612|1234|1602|1847|2007|17 Şevval 1448
20270326|0445|0611|1234|1603|1848|2008|18 Şevval 1448
20270327|0443|0609|1234|1603|1849|2009|19 Şevval 1448
20270328|0441|0607|1234|1604|1850|2010|20 Şevval 1448
20270329|0439|0606|1233|1604|1851|2012|21 Şevval 1448
20270330|0437|0604|1233|1605|1852|2013|22 Şevval 1448
20270331|0435|0602|1233|1605|1853|2014|23 Şevval 1448
20270401|0433|0601|1232|1605|1854|2015|24 Şevval 1448
20270402|0432|0559|1232|1606|1855|2017|25 Şevval 1448
20270403|0430|0557|1232|1606|1856|2018|26 Şevval 1448
20270404|0428|0556|1231|1607|1857|2019|27 Şevval 1448
20270405|0426|0554|1231|1607|1858|2021|28 Şevval 1448
20270406|0424|0552|1231|1607|1859|2022|29 Şevval 1448
20270407|0422|0551|1231|1608|1900|2023|30 Şevval 1448
20270408|0420|0549|1230|1608|1901|2025|1 Zilkade 1448
20270409|0418|0548|1230|1609|1902|2026|2 Zilkade 1448
20270410|0416|0546|1230|1609|1903|2027|3 Zilkade 1448
20270411|0414|0544|1229|1609|1905|2029|4 Zilkade 1448
20270412|0413|0543|1229|1610|1906|2030|5 Zilkade 1448
20270413|0411|0541|1229|1610|1907|2031|6 Zilkade 1448
20270414|0409|0540|1229|1610|1908|2033|7 Zilkade 1448
20270415|0407|0538|1228|1611|1909|2034|8 Zilkade 1448
20270416|0405|0537|1228|1611|1910|2035|9 Zilkade 1448
20270417|0403|0535|1228|1611|1911|2037|10 Zilkade 1448
20270418|0401|0534|1228|1612|1912|2038|11 Zilkade 1448
20270419|0359|0532|1228|1612|1913|2040|12 Zilkade 1448
20270420|0357|0531|1227|1612|1914|2041|13 Zilkade 1448
20270421|0355|0529|1227|1613|1915|2043|14 Zilkade 1448
20270422|0353|0528|1227|1613|1916|2044|15 Zilkade 1448
20270423|0352|0526|1227|1613|1917|2045|16 Zilkade 1448
20270424|0350|0525|1227|1614|1918|2047|17 Zilkade 1448
20270425|0348|0523|1226|1614|1919|2048|18 Zilkade 1448
20270426|0346|0522|1226|1614|1920|2050|19 Zilkade 1448
20270427|0344|0521|1226|1615|1921|2051|20 Zilkade 1448
20270428|0342|0519|1226|1615|1923|2053|21 Zilkade 1448
20270429|0340|0518|1226|1615|1924|2054|22 Zilkade 1448
20270430|0339|0517|1226|1615|1925|2056|23 Zilkade 1448
20270501|0337|0515|1225|1616|1926|2057|24 Zilkade 1448
20270502|0335|0514|1225|1616|1927|2059|25 Zilkade 1448
20270503|0333|0513|1225|1616|1928|2100|26 Zilkade 1448
20270504|0331|0511|1225|1617|1929|2102|27 Zilkade 1448
20270505|0330|0510|1225|1617|1930|2103|28 Zilkade 1448
20270506|0328|0509|1225|1617|1931|2105|29 Zilkade 1448
20270507|0326|0508|1225|1617|1932|2106|1 Zilhicce 1448
20270508|0325|0507|1225|1618|1933|2108|2 Zilhicce 1448
20270509|0323|0505|1225|1618|1934|2109|3 Zilhicce 1448
20270510|0321|0504|1225|1618|1935|2111|4 Zilhicce 1448
20270511|0320|0503|1225|1619|1936|2112|5 Zilhicce 1448
20270512|0318|0502|1225|1619|1937|2114|6 Zilhicce 1448
20270513|0316|0501|1225|1619|1938|2115|7 Zilhicce 1448
20270514|0315|0500|1225|1619|1939|2117|8 Zilhicce 1448
20270515|0313|0459|1225|1620|1940|2118|9 Zilhicce 1448
20270516|0312|0458|1225|1620|1941|2120|10 Zilhicce 1448
20270517|0310|0457|1225|1620|1942|2121|11 Zilhicce 1448
20270518|0309|0456|1225|1620|1943|2123|12 Zilhicce 1448
20270519|0307|0456|1225|1621|1944|2124|13 Zilhicce 1448
20270520|0306|0455|1225|1621|1945|2126|14 Zilhicce 1448
20270521|0304|0454|1225|1621|1946|2127|15 Zilhicce 1448
20270522|0303|0453|1225|1622|1947|2129|16 Zilhicce 1448
20270523|0302|0452|1225|1622|1948|2130|17 Zilhicce 1448
20270524|0301|0452|1225|1622|1949|2131|18 Zilhicce 1448
20270525|0259|0451|1225|1622|1949|2133|19 Zilhicce 1448
20270526|0258|0450|1225|1623|1950|2134|20 Zilhicce 1448
20270527|0257|0450|1225|1623|1951|2135|21 Zilhicce 1448
20270528|0256|0449|1225|1623|1952|2137|22 Zilhicce 1448
20270529|0255|0448|1226|1624|1953|2138|23 Zilhicce 1448
20270530|0254|0448|1226|1624|1954|2139|24 Zilhicce 1448
20270531|0253|0447|1226|1624|1954|2140|25 Zilhicce 1448
20270601|0252|0447|1226|1624|1955|2142|26 Zilhicce 1448
20270602|0251|0446|1226|1625|1956|2143|27 Zilhicce 1448
20270603|0250|0446|1226|1625|1957|2144|28 Zilhicce 1448
20270604|0249|0446|1226|1625|1957|2145|29 Zilhicce 1448
20270605|0248|0445|1227|1626|1958|2146|30 Zilhicce 1448
20270606|0248|0445|1227|1626|1959|2147|1 Muharrem 1449
20270607|0247|0445|1227|1626|1959|2148|2 Muharrem 1449
20270608|0246|0444|1227|1626|2000|2149|3 Muharrem 1449
20270609|0246|0444|1227|1627|2001|2150|4 Muharrem 1449
20270610|0245|0444|1228|1627|2001|2151|5 Muharrem 1449
20270611|0245|0444|1228|1627|2002|2151|6 Muharrem 1449
20270612|0245|0444|1228|1627|2002|2152|7 Muharrem 1449
20270613|0244|0444|1228|1628|2003|2153|8 Muharrem 1449
20270614|0244|0444|1228|1628|2003|2154|9 Muharrem 1449
20270615|0244|0444|1229|1628|2004|2154|10 Muharrem 1449
20270616|0244|0444|1229|1629|2004|2155|11 Muharrem 1449
20270617|0244|0444|1229|1629|2004|2155|12 Muharrem 1449
20270618|0244|0444|1229|1629|2005|2156|13 Muharrem 1449
20270619|0244|0444|1229|1629|2005|2156|14 Muharrem 1449
20270620|0244|0444|1230|1629|2005|2156|15 Muharrem 1449
20270621|0244|0444|1230|1630|2005|2157|16 Muharrem 1449
20270622|0244|0445|1230|1630|2006|2157|17 Muharrem 1449
20270623|0244|0445|1230|1630|2006|2157|18 Muharrem 1449
20270624|0245|0445|1231|1630|2006|2157|19 Muharrem 1449
20270625|0245|0445|1231|1631|2006|2157|20 Muharrem 1449
20270626|0245|0446|1231|1631|2006|2157|21 Muharrem 1449
20270627|0246|0446|1231|1631|2006|2157|22 Muharrem 1449
20270628|0247|0447|1231|1631|2006|2157|23 Muharrem 1449
20270629|0247|0447|1232|1631|2006|2157|24 Muharrem 1449
20270630|0248|0447|1232|1631|2006|2157|25 Muharrem 1449
20270701|0249|0448|1232|1632|2006|2156|26 Muharrem 1449
20270702|0249|0448|1232|1632|2006|2156|27 Muharrem 1449
20270703|0250|0449|1232|1632|2006|2156|28 Muharrem 1449
20270704|0251|0449|1233|1632|2006|2155|29 Muharrem 1449
20270705|0252|0450|1233|1632|2006|2155|1 Safer 1449
20270706|0253|0451|1233|1632|2005|2154|2 Safer 1449
20270707|0254|0451|1233|1632|2005|2153|3 Safer 1449
20270708|0255|0452|1233|1632|2005|2153|4 Safer 1449
20270709|0256|0452|1233|1632|2004|2152|5 Safer 1449
20270710|0257|0453|1234|1632|2004|2151|6 Safer 1449
20270711|0258|0454|1234|1632|2004|2151|7 Safer 1449
20270712|0259|0455|1234|1632|2003|2150|8 Safer 1449
20270713|0301|0455|1234|1632|2003|2149|9 Safer 1449
20270714|0302|0456|1234|1632|2002|2148|10 Safer 1449
20270715|0303|0457|1234|1632|2002|2147|11 Safer 1449
20270716|0304|0458|1234|1632|2001|2146|12 Safer 1449
20270717|0306|0458|1234|1632|2000|2145|13 Safer 1449
20270718|0307|0459|1234|1632|2000|2144|14 Safer 1449
20270719|0308|0500|1235|1632|1959|2143|15 Safer 1449
20270720|0310|0501|1235|1632|1958|2141|16 Safer 1449
20270721|0311|0502|1235|1632|1958|2140|17 Safer 1449
20270722|0313|0503|1235|1632|1957|2139|18 Safer 1449
20270723|0314|0504|1235|1631|1956|2138|19 Safer 1449
20270724|0315|0504|1235|1631|1955|2136|20 Safer 1449
20270725|0317|0505|1235|1631|1954|2135|21 Safer 1449
20270726|0318|0506|1235|1631|1953|2133|22 Safer 1449
20270727|0320|0507|1235|1630|1953|2132|23 Safer 1449
20270728|0321|0508|1235|1630|1952|2131|24 Safer 1449
20270729|0323|0509|1235|1630|1951|2129|25 Safer 1449
20270730|0324|0510|1235|1630|1950|2128|26 Safer 1449
20270731|0326|0511|1235|1629|1949|2126|27 Safer 1449
20270801|0327|0512|1235|1629|1947|2125|28 Safer 1449
20270802|0329|0513|1235|1629|1946|2123|29 Safer 1449
20270803|0330|0514|1235|1628|1945|2121|1 Rebiulevvel 1449
20270804|0332|0515|1234|1628|1944|2120|2 Rebiulevvel 1449
20270805|0333|0516|1234|1627|1943|2118|3 Rebiulevvel 1449
20270806|0335|0517|1234|1627|1942|2116|4 Rebiulevvel 1449
20270807|0336|0518|1234|1626|1941|2115|5 Rebiulevvel 1449
20270808|0338|0519|1234|1626|1939|2113|6 Rebiulevvel 1449
20270809|0339|0520|1234|1625|1938|2111|7 Rebiulevvel 1449
20270810|0341|0521|1234|1625|1937|2110|8 Rebiulevvel 1449
20270811|0342|0522|1234|1624|1936|2108|9 Rebiulevvel 1449
20270812|0344|0523|1233|1624|1934|2106|10 Rebiulevvel 1449
20270813|0345|0524|1233|1623|1933|2104|11 Rebiulevvel 1449
20270814|0347|0525|1233|1623|1932|2103|12 Rebiulevvel 1449
20270815|0348|0526|1233|1622|1930|2101|13 Rebiulevvel 1449
20270816|0350|0527|1233|1621|1929|2059|14 Rebiulevvel 1449
20270817|0351|0528|1232|1621|1927|2057|15 Rebiulevvel 1449
20270818|0353|0529|1232|1620|1926|2055|16 Rebiulevvel 1449
20270819|0354|0530|1232|1619|1925|2053|17 Rebiulevvel 1449
20270820|0356|0531|1232|1619|1923|2052|18 Rebiulevvel 1449
20270821|0357|0532|1232|1618|1922|2050|19 Rebiulevvel 1449
20270822|0359|0533|1231|1617|1920|2048|20 Rebiulevvel 1449
20270823|0400|0534|1231|1616|1919|2046|21 Rebiulevvel 1449
20270824|0401|0535|1231|1616|1917|2044|22 Rebiulevvel 1449
20270825|0403|0536|1231|1615|1916|2042|23 Rebiulevvel 1449
20270826|0404|0537|1230|1614|1914|2040|24 Rebiulevvel 1449
20270827|0405|0538|1230|1613|1913|2038|25 Rebiulevvel 1449
20270828|0407|0538|1230|1612|1911|2036|26 Rebiulevvel 1449
20270829|0408|0539|1229|1612|1909|2035|27 Rebiulevvel 1449
20270830|0410|0540|1229|1611|1908|2033|28 Rebiulevvel 1449
20270831|0411|0541|1229|1610|1906|2031|29 Rebiulevvel 1449
20270901|0412|0542|1228|1609|1905|2029|30 Rebiulevvel 1449
20270902|0413|0543|1228|1608|1903|2027|1 Rebiulahir 1449
20270903|0415|0544|1228|1607|1901|2025|2 Rebiulahir 1449
20270904|0416|0545|1228|1606|1900|2023|3 Rebiulahir 1449
20270905|0417|0546|1227|1605|1858|2021|4 Rebiulahir 1449
20270906|0419|0547|1227|1604|1856|2019|5 Rebiulahir 1449
20270907|0420|0548|1227|1603|1855|2017|6 Rebiulahir 1449
20270908|0421|0549|1226|1602|1853|2015|7 Rebiulahir 1449
20270909|0422|0550|1226|1601|1851|2013|8 Rebiulahir 1449
20270910|0424|0551|1225|1600|1850|2012|9 Rebiulahir 1449
20270911|0425|0552|1225|1559|1848|2010|10 Rebiulahir 1449
20270912|0426|0553|1225|1558|1846|2008|11 Rebiulahir 1449
20270913|0427|0554|1224|1557|1845|2006|12 Rebiulahir 1449
20270914|0428|0555|1224|1556|1843|2004|13 Rebiulahir 1449
20270915|0430|0556|1224|1555|1841|2002|14 Rebiulahir 1449
20270916|0431|0557|1223|1553|1840|2000|15 Rebiulahir 1449
20270917|0432|0558|1223|1552|1838|1958|16 Rebiulahir 1449
20270918|0433|0559|1223|1551|1836|1957|17 Rebiulahir 1449
20270919|0434|0600|1222|1550|1834|1955|18 Rebiulahir 1449
20270920|0436|0601|1222|1549|1833|1953|19 Rebiulahir 1449
20270921|0437|0602|1222|1548|1831|1951|20 Rebiulahir 1449
20270922|0438|0603|1221|1547|1829|1949|21 Rebiulahir 1449
20270923|0439|0604|1221|1545|1828|1947|22 Rebiulahir 1449
20270924|0440|0605|1221|1544|1826|1946|23 Rebiulahir 1449
20270925|0441|0606|1220|1543|1824|1944|24 Rebiulahir 1449
20270926|0442|0607|1220|1542|1823|1942|25 Rebiulahir 1449
20270927|0443|0608|1219|1541|1821|1940|26 Rebiulahir 1449
20270928|0445|0609|1219|1539|1819|1938|27 Rebiulahir 1449
20270929|0446|0610|1219|1538|1817|1937|28 Rebiulahir 1449
20270930|0447|0611|1218|1537|1816|1935|29 Rebiulahir 1449
20271001|0448|0612|1218|1536|1814|1933|1 Cemaziyelevvel 1449
20271002|0449|0613|1218|1535|1812|1931|2 Cemaziyelevvel 1449
20271003|0450|0614|1217|1533|1811|1930|3 Cemaziyelevvel 1449
20271004|0451|0615|1217|1532|1809|1928|4 Cemaziyelevvel 1449
20271005|0452|0616|1217|1531|1807|1926|5 Cemaziyelevvel 1449
20271006|0453|0617|1217|1530|1806|1925|6 Cemaziyelevvel 1449
20271007|0454|0618|1216|1529|1804|1923|7 Cemaziyelevvel 1449
20271008|0455|0619|1216|1527|1803|1921|8 Cemaziyelevvel 1449
20271009|0456|0621|1216|1526|1801|1920|9 Cemaziyelevvel 1449
20271010|0457|0622|1215|1525|1759|1918|10 Cemaziyelevvel 1449
20271011|0458|0623|1215|1524|1758|1917|11 Cemaziyelevvel 1449
20271012|0500|0624|1215|1523|1756|1915|12 Cemaziyelevvel 1449
20271013|0501|0625|1215|1521|1755|1913|13 Cemaziyelevvel 1449
20271014|0502|0626|1214|1520|1753|1912|14 Cemaziyelevvel 1449
20271015|0503|0627|1214|1519|1751|1910|15 Cemaziyelevvel 1449
20271016|0504|0628|1214|1518|1750|1909|16 Cemaziyelevvel 1449
20271017|0505|0629|1214|1517|1748|1907|17 Cemaziyelevvel 1449
20271018|0506|0630|1214|1516|1747|1906|18 Cemaziyelevvel 1449
20271019|0507|0631|1213|1514|1745|1905|19 Cemaziyelevvel 1449
20271020|0508|0632|1213|1513|1744|1903|20 Cemaziyelevvel 1449
20271021|0509|0634|1213|1512|1742|1902|21 Cemaziyelevvel 1449
20271022|0510|0635|1213|1511|1741|1900|22 Cemaziyelevvel 1449
20271023|0511|0636|1213|1510|1740|1859|23 Cemaziyelevvel 1449
20271024|0512|0637|1213|1509|1738|1858|24 Cemaziyelevvel 1449
20271025|0513|0638|1212|1508|1737|1856|25 Cemaziyelevvel 1449
20271026|0514|0639|1212|1507|1735|1855|26 Cemaziyelevvel 1449
20271027|0515|0640|1212|1505|1734|1854|27 Cemaziyelevvel 1449
20271028|0516|0642|1212|1504|1733|1853|28 Cemaziyelevvel 1449
20271029|0517|0643|1212|1503|1731|1851|29 Cemaziyelevvel 1449
20271030|0518|0644|1212|1502|1730|1850|30 Cemaziyelevvel 1449
20271031|0519|0645|1212|1501|1729|1849|1 Cemaziyelahir 1449
20271101|0520|0646|1212|1500|1727|1848|2 Cemaziyelahir 1449
20271102|0521|0647|1212|1459|1726|1847|3 Cemaziyelahir 1449
20271103|0522|0649|1212|1458|1725|1846|4 Cemaziyelahir 1449
20271104|0524|0650|1212|1457|1724|1845|5 Cemaziyelahir 1449
20271105|0525|0651|1212|1457|1723|1844|6 Cemaziyelahir 1449
20271106|0526|0652|1212|1456|1722|1843|7 Cemaziyelahir 1449
20271107|0527|0653|1212|1455|1720|1842|8 Cemaziyelahir 1449
20271108|0528|0655|1212|1454|1719|1841|9 Cemaziyelahir 1449
20271109|0529|0656|1212|1453|1718|1840|10 Cemaziyelahir 1449
20271110|0530|0657|1212|1452|1717|1839|11 Cemaziyelahir 1449
20271111|0531|0658|1212|1451|1716|1838|12 Cemaziyelahir 1449
20271112|0532|0659|1212|1451|1715|1837|13 Cemaziyelahir 1449
20271113|0533|0700|1212|1450|1714|1837|14 Cemaziyelahir 1449
20271114|0534|0702|1213|1449|1713|1836|15 Cemaziyelahir 1449
20271115|0535|0703|1213|1449|1713|1835|16 Cemaziyelahir 1449
20271116|0536|0704|1213|1448|1712|1835|17 Cemaziyelahir 1449
20271117|0537|0705|1213|1447|1711|1834|18 Cemaziyelahir 1449
20271118|0538|0706|1213|1447|1710|1833|19 Cemaziyelahir 1449
20271119|0539|0708|1213|1446|1709|1833|20 Cemaziyelahir 1449
20271120|0540|0709|1214|1446|1709|1832|21 Cemaziyelahir 1449
20271121|0541|0710|1214|1445|1708|1832|22 Cemaziyelahir 1449
20271122|0542|0711|1214|1445|1707|1831|23 Cemaziyelahir 1449
20271123|0543|0712|1214|1444|1707|1831|24 Cemaziyelahir 1449
20271124|0544|0713|1215|1444|1706|1830|25 Cemaziyelahir 1449
20271125|0545|0714|1215|1443|1706|1830|26 Cemaziyelahir 1449
20271126|0546|0715|1215|1443|1705|1830|27 Cemaziyelahir 1449
20271127|0547|0717|1216|1443|1705|1829|28 Cemaziyelahir 1449
20271128|0548|0718|1216|1442|1704|1829|29 Cemaziyelahir 1449
20271129|0548|0719|1216|1442|1704|1829|1 Recep 1449
20271130|0549|0720|1217|1442|1703|1828|2 Recep 1449
20271201|0550|0721|1217|1441|1703|1828|3 Recep 1449
20271202|0551|0722|1217|1441|1703|1828|4 Recep 1449
20271203|0552|0723|1218|1441|1703|1828|5 Recep 1449
20271204|0553|0724|1218|1441|1702|1828|6 Recep 1449
20271205|0554|0725|1219|1441|1702|1828|7 Recep 1449
20271206|0555|0726|1219|1441|1702|1828|8 Recep 1449
20271207|0555|0727|1219|1441|1702|1828|9 Recep 1449
20271208|0556|0728|1220|1441|1702|1828|10 Recep 1449
20271209|0557|0729|1220|1441|1702|1828|11 Recep 1449
20271210|0558|0729|1221|1441|1702|1828|12 Recep 1449
20271211|0559|0730|1221|1441|1702|1828|13 Recep 1449
20271212|0559|0731|1222|1441|1702|1828|14 Recep 1449
20271213|0600|0732|1222|1442|1702|1829|15 Recep 1449
20271214|0601|0733|1223|1442|1702|1829|16 Recep 1449
20271215|0601|0733|1223|1442|1703|1829|17 Recep 1449
20271216|0602|0734|1223|1442|1703|1830|18 Recep 1449
20271217|0603|0735|1224|1443|1703|1830|19 Recep 1449
20271218|0603|0735|1224|1443|1704|1830|20 Recep 1449
20271219|0604|0736|1225|1443|1704|1831|21 Recep 1449
20271220|0604|0737|1225|1444|1704|1831|22 Recep 1449
20271221|0605|0737|1226|1444|1705|1831|23 Recep 1449
20271222|0605|0738|1226|1445|1705|1832|24 Recep 1449
20271223|0606|0738|1227|1445|1706|1832|25 Recep 1449
20271224|0606|0739|1227|1446|1706|1833|26 Recep 1449
20271225|0607|0739|1228|1446|1707|1834|27 Recep 1449
20271226|0607|0739|1228|1447|1708|1834|28 Recep 1449
20271227|0608|0740|1229|1448|1708|1835|29 Recep 1449
20271228|0608|0740|1229|1448|1709|1835|30 Recep 1449
20271229|0608|0740|1230|1449|1710|1836|1 Şaban 1449
20271230|0609|0741|1230|1450|1710|1837|2 Şaban 1449
20271231|0609|0741|1231|1450|1711|1837|3 Şaban 1449
#@9903|Sürmene|TRABZON|396
20261003|0446|0611|1214|1529|1807|1925|22 Rebiulahir 1448
20261004|0448|0612|1213|1528|1805|1924|23 Rebiulahir 1448
20261005|0449|0613|1213|1527|1803|1922|24 Rebiulahir 1448
20261006|0450|0614|1213|1526|1802|1920|25 Rebiulahir 1448
20261007|0451|0615|1212|1525|1800|1919|26 Rebiulahir 1448
20261008|0452|0616|1212|1523|1758|1917|27 Rebiulahir 1448
20261009|0453|0617|1212|1522|1757|1916|28 Rebiulahir 1448
20261010|0454|0618|1212|1521|1755|1914|29 Rebiulahir 1448
20261011|0455|0619|1211|1520|1754|1912|30 Rebiulahir 1448
20261012|0456|0620|1211|1519|1752|1911|1 Cemaziyelevvel 1448
20261013|0457|0621|1211|1517|1750|1909|2 Cemaziyelevvel 1448
20261014|0458|0622|1211|1516|1749|1908|3 Cemaziyelevvel 1448
20261015|0459|0623|1210|1515|1747|1906|4 Cemaziyelevvel 1448
20261016|0500|0625|1210|1514|1746|1905|5 Cemaziyelevvel 1448
20261017|0501|0626|1210|1513|1744|1903|6 Cemaziyelevvel 1448
20261018|0502|0627|1210|1512|1743|1902|7 Cemaziyelevvel 1448
20261019|0503|0628|1210|1510|1741|1900|8 Cemaziyelevvel 1448
20261020|0504|0629|1209|1509|1740|1859|9 Cemaziyelevvel 1448
20261021|0505|0630|1209|1508|1738|1858|10 Cemaziyelevvel 1448
20261022|0507|0631|1209|1507|1737|1856|11 Cemaziyelevvel 1448
20261023|0508|0632|1209|1506|1735|1855|12 Cemaziyelevvel 1448
20261024|0509|0633|1209|1505|1734|1854|13 Cemaziyelevvel 1448
20261025|0510|0635|1209|1504|1733|1852|14 Cemaziyelevvel 1448
20261026|0511|0636|1209|1503|1731|1851|15 Cemaziyelevvel 1448
20261027|0512|0637|1208|1502|1730|1850|16 Cemaziyelevvel 1448
20261028|0513|0638|1208|1500|1729|1849|17 Cemaziyelevvel 1448
20261029|0514|0639|1208|1459|1727|1847|18 Cemaziyelevvel 1448
20261030|0515|0640|1208|1458|1726|1846|19 Cemaziyelevvel 1448
20261031|0516|0642|1208|1457|1725|1845|20 Cemaziyelevvel 1448
20261101|0517|0643|1208|1456|1723|1844|21 Cemaziyelevvel 1448
20261102|0518|0644|1208|1455|1722|1843|22 Cemaziyelevvel 1448
20270101|0605|0737|1228|1448|1708|1835|23 Recep 1448
20270102|0606|0737|1228|1448|1709|1835|24 Recep 1448
20270103|0606|0737|1229|1449|1710|1836|25 Recep 1448
20270104|0606|0737|1229|1450|1711|1837|26 Recep 1448
20270105|0606|0737|1230|1451|1712|1838|27 Recep 1448
20270106|0606|0737|1230|1452|1713|1839|28 Recep 1448
20270107|0606|0737|1230|1453|1714|1839|29 Recep 1448
20270108|0606|0737|1231|1453|1715|1840|30 Recep 1448
20270109|0606|0737|1231|1454|1716|1841|1 Şaban 1448
20270110|0606|0737|1232|1455|1717|1842|2 Şaban 1448
20270111|0606|0736|1232|1456|1718|1843|3 Şaban 1448
20270112|0606|0736|1233|1457|1719|1844|4 Şaban 1448
20270113|0606|0736|1233|1458|1720|1845|5 Şaban 1448
20270114|0605|0736|1233|1459|1721|1846|6 Şaban 1448
20270115|0605|0735|1234|1500|1722|1847|7 Şaban 1448
20270116|0605|0735|1234|1501|1723|1848|8 Şaban 1448
20270117|0605|0734|1234|1502|1724|1849|9 Şaban 1448
20270118|0604|0734|1235|1503|1725|1850|10 Şaban 1448
20270119|0604|0733|1235|1504|1727|1851|11 Şaban 1448
20270120|0604|0733|1235|1505|1728|1852|12 Şaban 1448
20270121|0603|0732|1236|1506|1729|1853|13 Şaban 1448
20270122|0603|0732|1236|1507|1730|1854|14 Şaban 1448
20270123|0602|0731|1236|1508|1731|1855|15 Şaban 1448
20270124|0602|0730|1236|1509|1733|1856|16 Şaban 1448
20270125|0601|0729|1237|1510|1734|1857|17 Şaban 1448
20270126|0600|0729|1237|1511|1735|1858|18 Şaban 1448
20270127|0600|0728|1237|1512|1736|1859|19 Şaban 1448
20270128|0559|0727|1237|1513|1737|1900|20 Şaban 1448
20270129|0559|0726|1237|1514|1739|1901|21 Şaban 1448
20270130|0558|0725|1238|1515|1740|1902|22 Şaban 1448
20270131|0557|0724|1238|1517|1741|1903|23 Şaban 1448
20270201|0556|0724|1238|1518|1742|1904|24 Şaban 1448
20270202|0555|0723|1238|1519|1744|1905|25 Şaban 1448
20270203|0555|0722|1238|1520|1745|1906|26 Şaban 1448
20270204|0554|0721|1238|1521|1746|1908|27 Şaban 1448
20270205|0553|0719|1238|1522|1747|1909|28 Şaban 1448
20270206|0552|0718|1238|1523|1749|1910|29 Şaban 1448
20270207|0551|0717|1239|1524|1750|1911|30 Şaban 1448
20270208|0550|0716|1239|1525|1751|1912|1 Ramazan 1448
20270209|0549|0715|1239|1526|1752|1913|2 Ramazan 1448
20270210|0548|0714|1239|1527|1754|1914|3 Ramazan 1448
20270211|0547|0713|1239|1528|1755|1915|4 Ramazan 1448
20270212|0546|0711|1239|1529|1756|1916|5 Ramazan 1448
20270213|0545|0710|1239|1530|1757|1917|6 Ramazan 1448
20270214|0543|0709|1239|1530|1758|1919|7 Ramazan 1448
20270215|0542|0708|1239|1531|1800|1920|8 Ramazan 1448
20270216|0541|0706|1239|1532|1801|1921|9 Ramazan 1448
20270217|0540|0705|1239|1533|1802|1922|10 Ramazan 1448
20270218|0539|0704|1238|1534|1803|1923|11 Ramazan 1448
20270219|0537|0702|1238|1535|1805|1924|12 Ramazan 1448
20270220|0536|0701|1238|1536|1806|1925|13 Ramazan 1448
20270221|0535|0659|1238|1537|1807|1926|14 Ramazan 1448
20270222|0533|0658|1238|1538|1808|1927|15 Ramazan 1448
20270223|0532|0657|1238|1539|1809|1929|16 Ramazan 1448
20270224|0531|0655|1238|1539|1811|1930|17 Ramazan 1448
20270225|0529|0654|1238|1540|1812|1931|18 Ramazan 1448
20270226|0528|0652|1237|1541|1813|1932|19 Ramazan 1448
20270227|0526|0651|1237|1542|1814|1933|20 Ramazan 1448
20270228|0525|0649|1237|1543|1815|1934|21 Ramazan 1448
20270301|0523|0648|1237|1543|1816|1935|22 Ramazan 1448
20270302|0522|0646|1237|1544|1817|1936|23 Ramazan 1448
20270303|0520|0645|1237|1545|1819|1937|24 Ramazan 1448
20270304|0519|0643|1236|1546|1820|1939|25 Ramazan 1448
20270305|0517|0641|1236|1546|1821|1940|26 Ramazan 1448
20270306|0516|0640|1236|1547|1822|1941|27 Ramazan 1448
20270307|0514|0638|1236|1548|1823|1942|28 Ramazan 1448
20270308|0512|0637|1235|1548|1824|1943|29 Ramazan 1448
20270309|0511|0635|1235|1549|1825|1944|1 Şevval 1448
20270310|0509|0633|1235|1550|1827|1945|2 Şevval 1448
20270311|0508|0632|1235|1550|1828|1946|3 Şevval 1448
20270312|0506|0630|1234|1551|1829|1948|4 Şevval 1448
20270313|0504|0629|1234|1552|1830|1949|5 Şevval 1448
20270314|0502|0627|1234|1552|1831|1950|6 Şevval 1448
20270315|0501|0625|1234|1553|1832|1951|7 Şevval 1448
20270316|0459|0624|1233|1554|1833|1952|8 Şevval 1448
20270317|0457|0622|1233|1554|1834|1953|9 Şevval 1448
20270318|0455|0620|1233|1555|1835|1955|10 Şevval 1448
20270319|0454|0619|1232|1555|1836|1956|11 Şevval 1448
20270320|0452|0617|1232|1556|1837|1957|12 Şevval 1448
20270321|0450|0615|1232|1556|1839|1958|13 Şevval 1448
20270322|0448|0614|1232|1557|1840|1959|14 Şevval 1448
20270323|0447|0612|1231|1557|1841|2001|15 Şevval 1448
20270324|0445|0610|1231|1558|1842|2002|16 Şevval 1448
20270325|0443|0609|1231|1558|1843|2003|17 Şevval 1448
20270326|0441|0607|1230|1559|1844|2004|18 Şevval 1448
20270327|0439|0605|1230|1559|1845|2005|19 Şevval 1448
20270328|0437|0604|1230|1600|1846|2007|20 Şevval 1448
20270329|0435|0602|1229|1600|1847|2008|21 Şevval 1448
20270330|0434|0600|1229|1601|1848|2009|22 Şevval 1448
20270331|0432|0559|1229|1601|1849|2010|23 Şevval 1448
20270401|0430|0557|1229|1602|1850|2012|24 Şevval 1448
20270402|0428|0555|1228|1602|1851|2013|25 Şevval 1448
20270403|0426|0554|1228|1602|1852|2014|26 Şevval 1448
20270404|0424|0552|1228|1603|1853|2015|27 Şevval 1448
20270405|0422|0550|1227|1603|1854|2017|28 Şevval 1448
20270406|0420|0549|1227|1604|1855|2018|29 Şevval 1448
20270407|0418|0547|1227|1604|1857|2019|30 Şevval 1448
20270408|0417|0546|1227|1604|1858|2021|1 Zilkade 1448
20270409|0415|0544|1226|1605|1859|2022|2 Zilkade 1448
20270410|0413|0542|1226|1605|1900|2023|3 Zilkade 1448
20270411|0411|0541|1226|1606|1901|2025|4 Zilkade 1448
20270412|0409|0539|1225|1606|1902|2026|5 Zilkade 1448
20270413|0407|0538|1225|1606|1903|2027|6 Zilkade 1448
20270414|0405|0536|1225|1607|1904|2029|7 Zilkade 1448
20270415|0403|0534|1225|1607|1905|2030|8 Zilkade 1448
20270416|0401|0533|1224|1607|1906|2032|9 Zilkade 1448
20270417|0359|0531|1224|1608|1907|2033|10 Zilkade 1448
20270418|0357|0530|1224|1608|1908|2034|11 Zilkade 1448
20270419|0355|0528|1224|1608|1909|2036|12 Zilkade 1448
20270420|0354|0527|1224|1609|1910|2037|13 Zilkade 1448
20270421|0352|0525|1223|1609|1911|2039|14 Zilkade 1448
20270422|0350|0524|1223|1609|1912|2040|15 Zilkade 1448
20270423|0348|0522|1223|1610|1913|2042|16 Zilkade 1448
20270424|0346|0521|1223|1610|1915|2043|17 Zilkade 1448
20270425|0344|0520|1223|1610|1916|2044|18 Zilkade 1448
20270426|0342|0518|1222|1610|1917|2046|19 Zilkade 1448
20270427|0340|0517|1222|1611|1918|2047|20 Zilkade 1448
20270428|0339|0515|1222|1611|1919|2049|21 Zilkade 1448
20270429|0337|0514|1222|1611|1920|2050|22 Zilkade 1448
20270430|0335|0513|1222|1612|1921|2052|23 Zilkade 1448
20270501|0333|0512|1222|1612|1922|2053|24 Zilkade 1448
20270502|0331|0510|1222|1612|1923|2055|25 Zilkade 1448
20270503|0330|0509|1221|1612|1924|2056|26 Zilkade 1448
20270504|0328|0508|1221|1613|1925|2058|27 Zilkade 1448
20270505|0326|0506|1221|1613|1926|2059|28 Zilkade 1448
20270506|0324|0505|1221|1613|1927|2101|29 Zilkade 1448
20270507|0323|0504|1221|1614|1928|2102|1 Zilhicce 1448
20270508|0321|0503|1221|1614|1929|2104|2 Zilhicce 1448
20270509|0319|0502|1221|1614|1930|2105|3 Zilhicce 1448
20270510|0318|0501|1221|1614|1931|2107|4 Zilhicce 1448
20270511|0316|0500|1221|1615|1932|2109|5 Zilhicce 1448
20270512|0314|0459|1221|1615|1933|2110|6 Zilhicce 1448
20270513|0313|0458|1221|1615|1934|2112|7 Zilhicce 1448
20270514|0311|0456|1221|1616|1935|2113|8 Zilhicce 1448
20270515|0310|0456|1221|1616|1936|2115|9 Zilhicce 1448
20270516|0308|0455|1221|1616|1937|2116|10 Zilhicce 1448
20270517|0307|0454|1221|1616|1938|2117|11 Zilhicce 1448
20270518|0305|0453|1221|1617|1939|2119|12 Zilhicce 1448
20270519|0304|0452|1221|1617|1940|2120|13 Zilhicce 1448
20270520|0302|0451|1221|1617|1941|2122|14 Zilhicce 1448
20270521|0301|0450|1221|1618|1942|2123|15 Zilhicce 1448
20270522|0300|0449|1221|1618|1943|2125|16 Zilhicce 1448
20270523|0258|0449|1221|1618|1944|2126|17 Zilhicce 1448
20270524|0257|0448|1221|1618|1945|2127|18 Zilhicce 1448
20270525|0256|0447|1221|1619|1946|2129|19 Zilhicce 1448
20270526|0255|0447|1221|1619|1946|2130|20 Zilhicce 1448
20270527|0253|0446|1222|1619|1947|2131|21 Zilhicce 1448
20270528|0252|0445|1222|1620|1948|2133|22 Zilhicce 1448
20270529|0251|0445|1222|1620|1949|2134|23 Zilhicce 1448
20270530|0250|0444|1222|1620|1950|2135|24 Zilhicce 1448
20270531|0249|0444|1222|1620|1951|2136|25 Zilhicce 1448
20270601|0248|0443|1222|1621|1951|2138|26 Zilhicce 1448
20270602|0247|0443|1222|1621|1952|2139|27 Zilhicce 1448
20270603|0246|0442|1223|1621|1953|2140|28 Zilhicce 1448
20270604|0246|0442|1223|1621|1953|2141|29 Zilhicce 1448
20270605|0245|0442|1223|1622|1954|2142|30 Zilhicce 1448
20270606|0244|0441|1223|1622|1955|2143|1 Muharrem 1449
20270607|0244|0441|1223|1622|1955|2144|2 Muharrem 1449
20270608|0243|0441|1223|1623|1956|2145|3 Muharrem 1449
20270609|0242|0441|1224|1623|1957|2146|4 Muharrem 1449
20270610|0242|0440|1224|1623|1957|2147|5 Muharrem 1449
20270611|0241|0440|1224|1623|1958|2147|6 Muharrem 1449
20270612|0241|0440|1224|1624|1958|2148|7 Muharrem 1449
20270613|0241|0440|1224|1624|1959|2149|8 Muharrem 1449
20270614|0241|0440|1225|1624|1959|2150|9 Muharrem 1449
20270615|0240|0440|1225|1624|2000|2150|10 Muharrem 1449
20270616|0240|0440|1225|1625|2000|2151|11 Muharrem 1449
20270617|0240|0440|1225|1625|2000|2151|12 Muharrem 1449
20270618|0240|0440|1226|1625|2001|2152|13 Muharrem 1449
20270619|0240|0440|1226|1625|2001|2152|14 Muharrem 1449
20270620|0240|0441|1226|1626|2001|2152|15 Muharrem 1449
20270621|0240|0441|1226|1626|2002|2153|16 Muharrem 1449
20270622|0241|0441|1226|1626|2002|2153|17 Muharrem 1449
20270623|0241|0441|1227|1626|2002|2153|18 Muharrem 1449
20270624|0241|0441|1227|1627|2002|2153|19 Muharrem 1449
20270625|0242|0442|1227|1627|2002|2153|20 Muharrem 1449
20270626|0242|0442|1227|1627|2002|2153|21 Muharrem 1449
20270627|0242|0442|1227|1627|2002|2153|22 Muharrem 1449
20270628|0243|0443|1228|1627|2002|2153|23 Muharrem 1449
20270629|0244|0443|1228|1627|2002|2153|24 Muharrem 1449
20270630|0244|0444|1228|1628|2002|2153|25 Muharrem 1449
20270701|0245|0444|1228|1628|2002|2152|26 Muharrem 1449
20270702|0246|0445|1228|1628|2002|2152|27 Muharrem 1449
20270703|0247|0445|1229|1628|2002|2152|28 Muharrem 1449
20270704|0247|0446|1229|1628|2002|2151|29 Muharrem 1449
20270705|0248|0446|1229|1628|2002|2151|1 Safer 1449
20270706|0249|0447|1229|1628|2001|2150|2 Safer 1449
20270707|0250|0448|1229|1628|2001|2149|3 Safer 1449
20270708|0251|0448|1230|1628|2001|2149|4 Safer 1449
20270709|0252|0449|1230|1628|2001|2148|5 Safer 1449
20270710|0253|0450|1230|1628|2000|2147|6 Safer 1449
20270711|0255|0450|1230|1628|2000|2147|7 Safer 1449
20270712|0256|0451|1230|1629|1959|2146|8 Safer 1449
20270713|0257|0452|1230|1628|1959|2145|9 Safer 1449
20270714|0258|0452|1230|1628|1958|2144|10 Safer 1449
20270715|0259|0453|1230|1628|1958|2143|11 Safer 1449
20270716|0301|0454|1231|1628|1957|2142|12 Safer 1449
20270717|0302|0455|1231|1628|1957|2141|13 Safer 1449
20270718|0303|0456|1231|1628|1956|2140|14 Safer 1449
20270719|0305|0456|1231|1628|1955|2139|15 Safer 1449
20270720|0306|0457|1231|1628|1954|2137|16 Safer 1449
20270721|0308|0458|1231|1628|1954|2136|17 Safer 1449
20270722|0309|0459|1231|1628|1953|2135|18 Safer 1449
20270723|0310|0500|1231|1628|1952|2134|19 Safer 1449
20270724|0312|0501|1231|1627|1951|2132|20 Safer 1449
20270725|0313|0502|1231|1627|1950|2131|21 Safer 1449
20270726|0315|0503|1231|1627|1950|2130|22 Safer 1449
20270727|0316|0503|1231|1627|1949|2128|23 Safer 1449
20270728|0318|0504|1231|1626|1948|2127|24 Safer 1449
20270729|0319|0505|1231|1626|1947|2125|25 Safer 1449
20270730|0321|0506|1231|1626|1946|2124|26 Safer 1449
20270731|0322|0507|1231|1625|1945|2122|27 Safer 1449
20270801|0324|0508|1231|1625|1944|2121|28 Safer 1449
20270802|0325|0509|1231|1625|1943|2119|29 Safer 1449
20270803|0327|0510|1231|1624|1941|2117|1 Rebiulevvel 1449
20270804|0328|0511|1231|1624|1940|2116|2 Rebiulevvel 1449
20270805|0330|0512|1231|1624|1939|2114|3 Rebiulevvel 1449
20270806|0331|0513|1230|1623|1938|2113|4 Rebiulevvel 1449
20270807|0333|0514|1230|1623|1937|2111|5 Rebiulevvel 1449
20270808|0334|0515|1230|1622|1936|2109|6 Rebiulevvel 1449
20270809|0336|0516|1230|1622|1934|2107|7 Rebiulevvel 1449
20270810|0337|0517|1230|1621|1933|2106|8 Rebiulevvel 1449
20270811|0339|0518|1230|1621|1932|2104|9 Rebiulevvel 1449
20270812|0340|0519|1230|1620|1930|2102|10 Rebiulevvel 1449
20270813|0342|0520|1230|1620|1929|2100|11 Rebiulevvel 1449
20270814|0343|0521|1229|1619|1928|2059|12 Rebiulevvel 1449
20270815|0345|0522|1229|1618|1926|2057|13 Rebiulevvel 1449
20270816|0346|0523|1229|1618|1925|2055|14 Rebiulevvel 1449
20270817|0348|0524|1229|1617|1924|2053|15 Rebiulevvel 1449
20270818|0349|0525|1229|1616|1922|2051|16 Rebiulevvel 1449
20270819|0351|0526|1228|1616|1921|2050|17 Rebiulevvel 1449
20270820|0352|0527|1228|1615|1919|2048|18 Rebiulevvel 1449
20270821|0353|0528|1228|1614|1918|2046|19 Rebiulevvel 1449
20270822|0355|0529|1228|1613|1916|2044|20 Rebiulevvel 1449
20270823|0356|0530|1227|1613|1915|2042|21 Rebiulevvel 1449
20270824|0358|0531|1227|1612|1913|2040|22 Rebiulevvel 1449
20270825|0359|0532|1227|1611|1912|2038|23 Rebiulevvel 1449
20270826|0400|0533|1227|1610|1910|2036|24 Rebiulevvel 1449
20270827|0402|0534|1226|1609|1909|2034|25 Rebiulevvel 1449
20270828|0403|0535|1226|1609|1907|2033|26 Rebiulevvel 1449
20270829|0405|0536|1226|1608|1906|2031|27 Rebiulevvel 1449
20270830|0406|0537|1225|1607|1904|2029|28 Rebiulevvel 1449
20270831|0407|0538|1225|1606|1902|2027|29 Rebiulevvel 1449
20270901|0409|0539|1225|1605|1901|2025|30 Rebiulevvel 1449
20270902|0410|0540|1224|1604|1859|2023|1 Rebiulahir 1449
20270903|0411|0541|1224|1603|1858|2021|2 Rebiulahir 1449
20270904|0412|0542|1224|1602|1856|2019|3 Rebiulahir 1449
20270905|0414|0543|1223|1601|1854|2017|4 Rebiulahir 1449
20270906|0415|0544|1223|1600|1853|2015|5 Rebiulahir 1449
20270907|0416|0545|1223|1559|1851|2013|6 Rebiulahir 1449
20270908|0417|0546|1222|1558|1849|2012|7 Rebiulahir 1449
20270909|0419|0547|1222|1557|1848|2010|8 Rebiulahir 1449
20270910|0420|0548|1222|1556|1846|2008|9 Rebiulahir 1449
20270911|0421|0549|1221|1555|1844|2006|10 Rebiulahir 1449
20270912|0422|0550|1221|1554|1843|2004|11 Rebiulahir 1449
20270913|0424|0551|1221|1553|1841|2002|12 Rebiulahir 1449
20270914|0425|0551|1220|1552|1839|2000|13 Rebiulahir 1449
20270915|0426|0552|1220|1551|1837|1958|14 Rebiulahir 1449
20270916|0427|0553|1220|1550|1836|1956|15 Rebiulahir 1449
20270917|0428|0554|1219|1549|1834|1955|16 Rebiulahir 1449
20270918|0430|0555|1219|1547|1832|1953|17 Rebiulahir 1449
20270919|0431|0556|1219|1546|1831|1951|18 Rebiulahir 1449
20270920|0432|0557|1218|1545|1829|1949|19 Rebiulahir 1449
20270921|0433|0558|1218|1544|1827|1947|20 Rebiulahir 1449
20270922|0434|0559|1217|1543|1826|1945|21 Rebiulahir 1449
20270923|0435|0600|1217|1542|1824|1944|22 Rebiulahir 1449
20270924|0436|0601|1217|1540|1822|1942|23 Rebiulahir 1449
20270925|0437|0602|1216|1539|1820|1940|24 Rebiulahir 1449
20270926|0439|0603|1216|1538|1819|1938|25 Rebiulahir 1449
20270927|0440|0604|1216|1537|1817|1936|26 Rebiulahir 1449
20270928|0441|0605|1215|1536|1815|1935|27 Rebiulahir 1449
20270929|0442|0606|1215|1535|1814|1933|28 Rebiulahir 1449
20270930|0443|0607|1215|1533|1812|1931|29 Rebiulahir 1449
20271001|0444|0608|1214|1532|1810|1929|1 Cemaziyelevvel 1449
20271002|0445|0609|1214|1531|1809|1928|2 Cemaziyelevvel 1449
20271003|0446|0611|1214|1530|1807|1926|3 Cemaziyelevvel 1449
20271004|0447|0612|1213|1529|1805|1924|4 Cemaziyelevvel 1449
20271005|0448|0613|1213|1527|1804|1923|5 Cemaziyelevvel 1449
20271006|0449|0614|1213|1526|1802|1921|6 Cemaziyelevvel 1449
20271007|0451|0615|1213|1525|1800|1919|7 Cemaziyelevvel 1449
20271008|0452|0616|1212|1524|1759|1918|8 Cemaziyelevvel 1449
20271009|0453|0617|1212|1522|1757|1916|9 Cemaziyelevvel 1449
20271010|0454|0618|1212|1521|1756|1914|10 Cemaziyelevvel 1449
20271011|0455|0619|1211|1520|1754|1913|11 Cemaziyelevvel 1449
20271012|0456|0620|1211|1519|1752|1911|12 Cemaziyelevvel 1449
20271013|0457|0621|1211|1518|1751|1910|13 Cemaziyelevvel 1449
20271014|0458|0622|1211|1516|1749|1908|14 Cemaziyelevvel 1449
20271015|0459|0623|1210|1515|1748|1907|15 Cemaziyelevvel 1449
20271016|0500|0624|1210|1514|1746|1905|16 Cemaziyelevvel 1449
20271017|0501|0625|1210|1513|1745|1904|17 Cemaziyelevvel 1449
20271018|0502|0626|1210|1512|1743|1902|18 Cemaziyelevvel 1449
20271019|0503|0628|1210|1511|1742|1901|19 Cemaziyelevvel 1449
20271020|0504|0629|1209|1510|1740|1859|20 Cemaziyelevvel 1449
20271021|0505|0630|1209|1508|1739|1858|21 Cemaziyelevvel 1449
20271022|0506|0631|1209|1507|1737|1857|22 Cemaziyelevvel 1449
20271023|0507|0632|1209|1506|1736|1855|23 Cemaziyelevvel 1449
20271024|0508|0633|1209|1505|1734|1854|24 Cemaziyelevvel 1449
20271025|0509|0634|1209|1504|1733|1853|25 Cemaziyelevvel 1449
20271026|0510|0635|1209|1503|1732|1851|26 Cemaziyelevvel 1449
20271027|0511|0637|1208|1502|1730|1850|27 Cemaziyelevvel 1449
20271028|0513|0638|1208|1501|1729|1849|28 Cemaziyelevvel 1449
20271029|0514|0639|1208|1500|1728|1848|29 Cemaziyelevvel 1449
20271030|0515|0640|1208|1459|1726|1847|30 Cemaziyelevvel 1449
20271031|0516|0641|1208|1458|1725|1845|1 Cemaziyelahir 1449
20271101|0517|0642|1208|1457|1724|1844|2 Cemaziyelahir 1449
20271102|0518|0644|1208|1456|1723|1843|3 Cemaziyelahir 1449
20271103|0519|0645|1208|1455|1721|1842|4 Cemaziyelahir 1449
20271104|0520|0646|1208|1454|1720|1841|5 Cemaziyelahir 1449
20271105|0521|0647|1208|1453|1719|1840|6 Cemaziyelahir 1449
20271106|0522|0648|1208|1452|1718|1839|7 Cemaziyelahir 1449
20271107|0523|0650|1208|1451|1717|1838|8 Cemaziyelahir 1449
20271108|0524|0651|1208|1450|1716|1837|9 Cemaziyelahir 1449
20271109|0525|0652|1208|1449|1715|1836|10 Cemaziyelahir 1449
20271110|0526|0653|1208|1449|1714|1835|11 Cemaziyelahir 1449
20271111|0527|0654|1208|1448|1713|1835|12 Cemaziyelahir 1449
20271112|0528|0655|1209|1447|1712|1834|13 Cemaziyelahir 1449
20271113|0529|0657|1209|1446|1711|1833|14 Cemaziyelahir 1449
20271114|0530|0658|1209|1446|1710|1832|15 Cemaziyelahir 1449
20271115|0531|0659|1209|1445|1709|1832|16 Cemaziyelahir 1449
20271116|0532|0700|1209|1444|1708|1831|17 Cemaziyelahir 1449
20271117|0533|0701|1209|1444|1707|1830|18 Cemaziyelahir 1449
20271118|0534|0703|1209|1443|1707|1830|19 Cemaziyelahir 1449
20271119|0535|0704|1210|1442|1706|1829|20 Cemaziyelahir 1449
20271120|0536|0705|1210|1442|1705|1828|21 Cemaziyelahir 1449
20271121|0537|0706|1210|1441|1704|1828|22 Cemaziyelahir 1449
20271122|0538|0707|1210|1441|1704|1827|23 Cemaziyelahir 1449
20271123|0539|0708|1211|1440|1703|1827|24 Cemaziyelahir 1449
20271124|0540|0709|1211|1440|1703|1827|25 Cemaziyelahir 1449
20271125|0541|0711|1211|1440|1702|1826|26 Cemaziyelahir 1449
20271126|0542|0712|1212|1439|1701|1826|27 Cemaziyelahir 1449
20271127|0543|0713|1212|1439|1701|1826|28 Cemaziyelahir 1449
20271128|0544|0714|1212|1439|1701|1825|29 Cemaziyelahir 1449
20271129|0545|0715|1213|1438|1700|1825|1 Recep 1449
20271130|0546|0716|1213|1438|1700|1825|2 Recep 1449
20271201|0546|0717|1213|1438|1659|1825|3 Recep 1449
20271202|0547|0718|1214|1438|1659|1824|4 Recep 1449
20271203|0548|0719|1214|1437|1659|1824|5 Recep 1449
20271204|0549|0720|1214|1437|1659|1824|6 Recep 1449
20271205|0550|0721|1215|1437|1659|1824|7 Recep 1449
20271206|0551|0722|1215|1437|1658|1824|8 Recep 1449
20271207|0552|0723|1216|1437|1658|1824|9 Recep 1449
20271208|0552|0724|1216|1437|1658|1824|10 Recep 1449
20271209|0553|0725|1216|1437|1658|1824|11 Recep 1449
20271210|0554|0726|1217|1437|1658|1824|12 Recep 1449
20271211|0555|0726|1217|1438|1658|1825|13 Recep 1449
20271212|0555|0727|1218|1438|1659|1825|14 Recep 1449
20271213|0556|0728|1218|1438|1659|1825|15 Recep 1449
20271214|0557|0729|1219|1438|1659|1825|16 Recep 1449
20271215|0558|0729|1219|1438|1659|1825|17 Recep 1449
20271216|0558|0730|1220|1439|1659|1826|18 Recep 1449
20271217|0559|0731|1220|1439|1700|1826|19 Recep 1449
20271218|0559|0732|1221|1439|1700|1827|20 Recep 1449
20271219|0600|0732|1221|1440|1700|1827|21 Recep 1449
20271220|0601|0733|1222|1440|1701|1827|22 Recep 1449
20271221|0601|0733|1222|1441|1701|1828|23 Recep 1449
20271222|0602|0734|1223|1441|1702|1828|24 Recep 1449
20271223|0602|0734|1223|1442|1702|1829|25 Recep 1449
20271224|0603|0735|1224|1442|1703|1829|26 Recep 1449
20271225|0603|0735|1224|1443|1703|1830|27 Recep 1449
20271226|0603|0736|1225|1443|1704|1830|28 Recep 1449
20271227|0604|0736|1225|1444|1705|1831|29 Recep 1449
20271228|0604|0736|1226|1445|1705|1832|30 Recep 1449
20271229|0604|0736|1226|1445|1706|1832|1 Şaban 1449
20271230|0605|0737|1227|1446|1707|1833|2 Şaban 1449
20271231|0605|0737|1227|1447|1707|1834|3 Şaban 1449
#@9904|Tonya|TRABZON|396
20261003|0450|0614|1217|1533|1810|1929|22 Rebiulahir 1448
20261004|0451|0615|1217|1532|1808|1927|23 Rebiulahir 1448
20261005|0452|0616|1216|1530|1807|1925|24 Rebiulahir 1448
20261006|0453|0617|1216|1529|1805|1924|25 Rebiulahir 1448
20261007|0454|0618|1216|1528|1803|1922|26 Rebiulahir 1448
20261008|0455|0619|1216|1527|1802|1921|27 Rebiulahir 1448
20261009|0456|0620|1215|1526|1800|1919|28 Rebiulahir 1448
20261010|0457|0621|1215|1524|1759|1917|29 Rebiulahir 1448
20261011|0458|0622|1215|1523|1757|1916|30 Rebiulahir 1448
20261012|0459|0624|1214|1522|1755|1914|1 Cemaziyelevvel 1448
20261013|0500|0625|1214|1521|1754|1913|2 Cemaziyelevvel 1448
20261014|0502|0626|1214|1520|1752|1911|3 Cemaziyelevvel 1448
20261015|0503|0627|1214|1518|1751|1910|4 Cemaziyelevvel 1448
20261016|0504|0628|1214|1517|1749|1908|5 Cemaziyelevvel 1448
20261017|0505|0629|1213|1516|1748|1907|6 Cemaziyelevvel 1448
20261018|0506|0630|1213|1515|1746|1905|7 Cemaziyelevvel 1448
20261019|0507|0631|1213|1514|1745|1904|8 Cemaziyelevvel 1448
20261020|0508|0632|1213|1513|1743|1902|9 Cemaziyelevvel 1448
20261021|0509|0633|1213|1511|1742|1901|10 Cemaziyelevvel 1448
20261022|0510|0635|1212|1510|1740|1900|11 Cemaziyelevvel 1448
20261023|0511|0636|1212|1509|1739|1858|12 Cemaziyelevvel 1448
20261024|0512|0637|1212|1508|1737|1857|13 Cemaziyelevvel 1448
20261025|0513|0638|1212|1507|1736|1856|14 Cemaziyelevvel 1448
20261026|0514|0639|1212|1506|1735|1854|15 Cemaziyelevvel 1448
20261027|0515|0640|1212|1505|1733|1853|16 Cemaziyelevvel 1448
20261028|0516|0641|1212|1504|1732|1852|17 Cemaziyelevvel 1448
20261029|0517|0643|1212|1503|1731|1851|18 Cemaziyelevvel 1448
20261030|0518|0644|1212|1502|1729|1850|19 Cemaziyelevvel 1448
20261031|0519|0645|1211|1501|1728|1848|20 Cemaziyelevvel 1448
20261101|0520|0646|1211|1500|1727|1847|21 Cemaziyelevvel 1448
20261102|0521|0647|1211|1459|1726|1846|22 Cemaziyelevvel 1448
20270101|0609|0740|1231|1451|1712|1838|23 Recep 1448
20270102|0609|0740|1232|1452|1713|1839|24 Recep 1448
20270103|0609|0741|1232|1453|1714|1840|25 Recep 1448
20270104|0609|0741|1232|1453|1714|1840|26 Recep 1448
20270105|0609|0741|1233|1454|1715|1841|27 Recep 1448
20270106|0609|0741|1233|1455|1716|1842|28 Recep 1448
20270107|0609|0740|1234|1456|1717|1843|29 Recep 1448
20270108|0609|0740|1234|1457|1718|1844|30 Recep 1448
20270109|0609|0740|1235|1458|1719|1845|1 Şaban 1448
20270110|0609|0740|1235|1459|1720|1845|2 Şaban 1448
20270111|0609|0740|1235|1500|1721|1846|3 Şaban 1448
20270112|0609|0740|1236|1501|1722|1847|4 Şaban 1448
20270113|0609|0739|1236|1502|1723|1848|5 Şaban 1448
20270114|0609|0739|1237|1503|1724|1849|6 Şaban 1448
20270115|0608|0739|1237|1503|1726|1850|7 Şaban 1448
20270116|0608|0738|1237|1504|1727|1851|8 Şaban 1448
20270117|0608|0738|1238|1505|1728|1852|9 Şaban 1448
20270118|0608|0737|1238|1506|1729|1853|10 Şaban 1448
20270119|0607|0737|1238|1507|1730|1854|11 Şaban 1448
20270120|0607|0736|1239|1509|1731|1855|12 Şaban 1448
20270121|0606|0736|1239|1510|1732|1856|13 Şaban 1448
20270122|0606|0735|1239|1511|1734|1857|14 Şaban 1448
20270123|0605|0734|1239|1512|1735|1858|15 Şaban 1448
20270124|0605|0734|1240|1513|1736|1859|16 Şaban 1448
20270125|0604|0733|1240|1514|1737|1900|17 Şaban 1448
20270126|0604|0732|1240|1515|1738|1901|18 Şaban 1448
20270127|0603|0731|1240|1516|1740|1902|19 Şaban 1448
20270128|0603|0730|1241|1517|1741|1903|20 Şaban 1448
20270129|0602|0730|1241|1518|1742|1904|21 Şaban 1448
20270130|0601|0729|1241|1519|1743|1906|22 Şaban 1448
20270131|0600|0728|1241|1520|1745|1907|23 Şaban 1448
20270201|0600|0727|1241|1521|1746|1908|24 Şaban 1448
20270202|0559|0726|1241|1522|1747|1909|25 Şaban 1448
20270203|0558|0725|1242|1523|1748|1910|26 Şaban 1448
20270204|0557|0724|1242|1524|1750|1911|27 Şaban 1448
20270205|0556|0723|1242|1525|1751|1912|28 Şaban 1448
20270206|0555|0722|1242|1526|1752|1913|29 Şaban 1448
20270207|0554|0721|1242|1527|1753|1914|30 Şaban 1448
20270208|0553|0719|1242|1528|1755|1915|1 Ramazan 1448
20270209|0552|0718|1242|1529|1756|1916|2 Ramazan 1448
20270210|0551|0717|1242|1530|1757|1918|3 Ramazan 1448
20270211|0550|0716|1242|1531|1758|1919|4 Ramazan 1448
20270212|0549|0715|1242|1532|1759|1920|5 Ramazan 1448
20270213|0548|0713|1242|1533|1801|1921|6 Ramazan 1448
20270214|0547|0712|1242|1534|1802|1922|7 Ramazan 1448
20270215|0546|0711|1242|1535|1803|1923|8 Ramazan 1448
20270216|0544|0710|1242|1536|1804|1924|9 Ramazan 1448
20270217|0543|0708|1242|1537|1806|1925|10 Ramazan 1448
20270218|0542|0707|1242|1538|1807|1926|11 Ramazan 1448
20270219|0541|0706|1242|1538|1808|1927|12 Ramazan 1448
20270220|0539|0704|1242|1539|1809|1929|13 Ramazan 1448
20270221|0538|0703|1242|1540|1810|1930|14 Ramazan 1448
20270222|0537|0701|1241|1541|1812|1931|15 Ramazan 1448
20270223|0535|0700|1241|1542|1813|1932|16 Ramazan 1448
20270224|0534|0658|1241|1543|1814|1933|17 Ramazan 1448
20270225|0533|0657|1241|1544|1815|1934|18 Ramazan 1448
20270226|0531|0655|1241|1544|1816|1935|19 Ramazan 1448
20270227|0530|0654|1241|1545|1817|1936|20 Ramazan 1448
20270228|0528|0652|1240|1546|1819|1937|21 Ramazan 1448
20270301|0527|0651|1240|1547|1820|1939|22 Ramazan 1448
20270302|0525|0649|1240|1548|1821|1940|23 Ramazan 1448
20270303|0524|0648|1240|1548|1822|1941|24 Ramazan 1448
20270304|0522|0646|1240|1549|1823|1942|25 Ramazan 1448
20270305|0521|0645|1239|1550|1824|1943|26 Ramazan 1448
20270306|0519|0643|1239|1550|1825|1944|27 Ramazan 1448
20270307|0517|0642|1239|1551|1827|1945|28 Ramazan 1448
20270308|0516|0640|1239|1552|1828|1946|29 Ramazan 1448
20270309|0514|0638|1239|1553|1829|1948|1 Şevval 1448
20270310|0513|0637|1238|1553|1830|1949|2 Şevval 1448
20270311|0511|0635|1238|1554|1831|1950|3 Şevval 1448
20270312|0509|0634|1238|1554|1832|1951|4 Şevval 1448
20270313|0508|0632|1238|1555|1833|1952|5 Şevval 1448
20270314|0506|0630|1237|1556|1834|1953|6 Şevval 1448
20270315|0504|0629|1237|1556|1835|1954|7 Şevval 1448
20270316|0502|0627|1237|1557|1836|1956|8 Şevval 1448
20270317|0501|0625|1236|1558|1838|1957|9 Şevval 1448
20270318|0459|0624|1236|1558|1839|1958|10 Şevval 1448
20270319|0457|0622|1236|1559|1840|1959|11 Şevval 1448
20270320|0455|0620|1236|1559|1841|2000|12 Şevval 1448
20270321|0454|0619|1235|1600|1842|2001|13 Şevval 1448
20270322|0452|0617|1235|1600|1843|2003|14 Şevval 1448
20270323|0450|0615|1235|1601|1844|2004|15 Şevval 1448
20270324|0448|0614|1234|1601|1845|2005|16 Şevval 1448
20270325|0446|0612|1234|1602|1846|2006|17 Şevval 1448
20270326|0444|0610|1234|1602|1847|2008|18 Şevval 1448
20270327|0443|0609|1233|1603|1848|2009|19 Şevval 1448
20270328|0441|0607|1233|1603|1849|2010|20 Şevval 1448
20270329|0439|0605|1233|1604|1850|2011|21 Şevval 1448
20270330|0437|0604|1233|1604|1851|2012|22 Şevval 1448
20270331|0435|0602|1232|1605|1853|2014|23 Şevval 1448
20270401|0433|0600|1232|1605|1854|2015|24 Şevval 1448
20270402|0431|0559|1232|1605|1855|2016|25 Şevval 1448
20270403|0429|0557|1231|1606|1856|2018|26 Şevval 1448
20270404|0428|0555|1231|1606|1857|2019|27 Şevval 1448
20270405|0426|0554|1231|1607|1858|2020|28 Şevval 1448
20270406|0424|0552|1230|1607|1859|2021|29 Şevval 1448
20270407|0422|0551|1230|1607|1900|2023|30 Şevval 1448
20270408|0420|0549|1230|1608|1901|2024|1 Zilkade 1448
20270409|0418|0547|1230|1608|1902|2025|2 Zilkade 1448
20270410|0416|0546|1229|1609|1903|2027|3 Zilkade 1448
20270411|0414|0544|1229|1609|1904|2028|4 Zilkade 1448
20270412|0412|0543|1229|1609|1905|2029|5 Zilkade 1448
20270413|0410|0541|1229|1610|1906|2031|6 Zilkade 1448
20270414|0408|0539|1228|1610|1907|2032|7 Zilkade 1448
20270415|0407|0538|1228|1610|1908|2034|8 Zilkade 1448
20270416|0405|0536|1228|1611|1909|2035|9 Zilkade 1448
20270417|0403|0535|1228|1611|1910|2036|10 Zilkade 1448
20270418|0401|0533|1227|1611|1912|2038|11 Zilkade 1448
20270419|0359|0532|1227|1612|1913|2039|12 Zilkade 1448
20270420|0357|0530|1227|1612|1914|2041|13 Zilkade 1448
20270421|0355|0529|1227|1612|1915|2042|14 Zilkade 1448
20270422|0353|0527|1227|1613|1916|2043|15 Zilkade 1448
20270423|0351|0526|1226|1613|1917|2045|16 Zilkade 1448
20270424|0350|0524|1226|1613|1918|2046|17 Zilkade 1448
20270425|0348|0523|1226|1613|1919|2048|18 Zilkade 1448
20270426|0346|0522|1226|1614|1920|2049|19 Zilkade 1448
20270427|0344|0520|1226|1614|1921|2051|20 Zilkade 1448
20270428|0342|0519|1225|1614|1922|2052|21 Zilkade 1448
20270429|0340|0518|1225|1615|1923|2054|22 Zilkade 1448
20270430|0338|0516|1225|1615|1924|2055|23 Zilkade 1448
20270501|0337|0515|1225|1615|1925|2057|24 Zilkade 1448
20270502|0335|0514|1225|1616|1926|2058|25 Zilkade 1448
20270503|0333|0512|1225|1616|1927|2100|26 Zilkade 1448
20270504|0331|0511|1225|1616|1928|2101|27 Zilkade 1448
20270505|0330|0510|1225|1616|1929|2103|28 Zilkade 1448
20270506|0328|0509|1225|1617|1930|2104|29 Zilkade 1448
20270507|0326|0508|1224|1617|1931|2106|1 Zilhicce 1448
20270508|0324|0506|1224|1617|1932|2107|2 Zilhicce 1448
20270509|0323|0505|1224|1617|1934|2109|3 Zilhicce 1448
20270510|0321|0504|1224|1618|1935|2110|4 Zilhicce 1448
20270511|0319|0503|1224|1618|1936|2112|5 Zilhicce 1448
20270512|0318|0502|1224|1618|1937|2113|6 Zilhicce 1448
20270513|0316|0501|1224|1619|1938|2115|7 Zilhicce 1448
20270514|0315|0500|1224|1619|1939|2116|8 Zilhicce 1448
20270515|0313|0459|1224|1619|1940|2118|9 Zilhicce 1448
20270516|0312|0458|1224|1619|1941|2119|10 Zilhicce 1448
20270517|0310|0457|1224|1620|1941|2121|11 Zilhicce 1448
20270518|0309|0456|1224|1620|1942|2122|12 Zilhicce 1448
20270519|0307|0455|1224|1620|1943|2124|13 Zilhicce 1448
20270520|0306|0454|1224|1621|1944|2125|14 Zilhicce 1448
20270521|0304|0454|1224|1621|1945|2127|15 Zilhicce 1448
20270522|0303|0453|1224|1621|1946|2128|16 Zilhicce 1448
20270523|0302|0452|1225|1621|1947|2129|17 Zilhicce 1448
20270524|0300|0451|1225|1622|1948|2131|18 Zilhicce 1448
20270525|0259|0451|1225|1622|1949|2132|19 Zilhicce 1448
20270526|0258|0450|1225|1622|1950|2133|20 Zilhicce 1448
20270527|0257|0449|1225|1623|1951|2135|21 Zilhicce 1448
20270528|0256|0449|1225|1623|1951|2136|22 Zilhicce 1448
20270529|0255|0448|1225|1623|1952|2137|23 Zilhicce 1448
20270530|0254|0448|1225|1623|1953|2138|24 Zilhicce 1448
20270531|0253|0447|1225|1624|1954|2140|25 Zilhicce 1448
20270601|0252|0447|1226|1624|1955|2141|26 Zilhicce 1448
20270602|0251|0446|1226|1624|1955|2142|27 Zilhicce 1448
20270603|0250|0446|1226|1625|1956|2143|28 Zilhicce 1448
20270604|0249|0445|1226|1625|1957|2144|29 Zilhicce 1448
20270605|0248|0445|1226|1625|1957|2145|30 Zilhicce 1448
20270606|0248|0445|1226|1625|1958|2146|1 Muharrem 1449
20270607|0247|0445|1227|1626|1959|2147|2 Muharrem 1449
20270608|0246|0444|1227|1626|1959|2148|3 Muharrem 1449
20270609|0246|0444|1227|1626|2000|2149|4 Muharrem 1449
20270610|0245|0444|1227|1626|2001|2150|5 Muharrem 1449
20270611|0245|0444|1227|1627|2001|2151|6 Muharrem 1449
20270612|0245|0444|1228|1627|2002|2151|7 Muharrem 1449
20270613|0244|0444|1228|1627|2002|2152|8 Muharrem 1449
20270614|0244|0444|1228|1628|2003|2153|9 Muharrem 1449
20270615|0244|0444|1228|1628|2003|2153|10 Muharrem 1449
20270616|0244|0444|1228|1628|2003|2154|11 Muharrem 1449
20270617|0244|0444|1229|1628|2004|2154|12 Muharrem 1449
20270618|0244|0444|1229|1629|2004|2155|13 Muharrem 1449
20270619|0244|0444|1229|1629|2004|2155|14 Muharrem 1449
20270620|0244|0444|1229|1629|2005|2156|15 Muharrem 1449
20270621|0244|0444|1230|1629|2005|2156|16 Muharrem 1449
20270622|0244|0444|1230|1629|2005|2156|17 Muharrem 1449
20270623|0244|0445|1230|1630|2005|2156|18 Muharrem 1449
20270624|0245|0445|1230|1630|2005|2156|19 Muharrem 1449
20270625|0245|0445|1230|1630|2006|2156|20 Muharrem 1449
20270626|0246|0446|1231|1630|2006|2156|21 Muharrem 1449
20270627|0246|0446|1231|1630|2006|2156|22 Muharrem 1449
20270628|0247|0446|1231|1631|2006|2156|23 Muharrem 1449
20270629|0247|0447|1231|1631|2006|2156|24 Muharrem 1449
20270630|0248|0447|1231|1631|2006|2156|25 Muharrem 1449
20270701|0249|0448|1232|1631|2006|2156|26 Muharrem 1449
20270702|0249|0448|1232|1631|2006|2155|27 Muharrem 1449
20270703|0250|0449|1232|1631|2005|2155|28 Muharrem 1449
20270704|0251|0449|1232|1631|2005|2154|29 Muharrem 1449
20270705|0252|0450|1232|1631|2005|2154|1 Safer 1449
20270706|0253|0450|1233|1632|2005|2153|2 Safer 1449
20270707|0254|0451|1233|1632|2004|2153|3 Safer 1449
20270708|0255|0452|1233|1632|2004|2152|4 Safer 1449
20270709|0256|0452|1233|1632|2004|2151|5 Safer 1449
20270710|0257|0453|1233|1632|2003|2151|6 Safer 1449
20270711|0258|0454|1233|1632|2003|2150|7 Safer 1449
20270712|0259|0454|1233|1632|2003|2149|8 Safer 1449
20270713|0301|0455|1234|1632|2002|2148|9 Safer 1449
20270714|0302|0456|1234|1632|2002|2147|10 Safer 1449
20270715|0303|0457|1234|1632|2001|2146|11 Safer 1449
20270716|0304|0457|1234|1632|2000|2145|12 Safer 1449
20270717|0306|0458|1234|1632|2000|2144|13 Safer 1449
20270718|0307|0459|1234|1632|1959|2143|14 Safer 1449
20270719|0308|0500|1234|1631|1959|2142|15 Safer 1449
20270720|0310|0501|1234|1631|1958|2141|16 Safer 1449
20270721|0311|0502|1234|1631|1957|2139|17 Safer 1449
20270722|0312|0502|1234|1631|1956|2138|18 Safer 1449
20270723|0314|0503|1234|1631|1955|2137|19 Safer 1449
20270724|0315|0504|1234|1631|1955|2136|20 Safer 1449
20270725|0317|0505|1234|1630|1954|2134|21 Safer 1449
20270726|0318|0506|1234|1630|1953|2133|22 Safer 1449
20270727|0320|0507|1234|1630|1952|2131|23 Safer 1449
20270728|0321|0508|1234|1630|1951|2130|24 Safer 1449
20270729|0323|0509|1234|1629|1950|2128|25 Safer 1449
20270730|0324|0510|1234|1629|1949|2127|26 Safer 1449
20270731|0326|0511|1234|1629|1948|2125|27 Safer 1449
20270801|0327|0512|1234|1628|1947|2124|28 Safer 1449
20270802|0329|0513|1234|1628|1946|2122|29 Safer 1449
20270803|0330|0514|1234|1628|1945|2121|1 Rebiulevvel 1449
20270804|0332|0514|1234|1627|1944|2119|2 Rebiulevvel 1449
20270805|0333|0515|1234|1627|1943|2117|3 Rebiulevvel 1449
20270806|0335|0516|1234|1626|1941|2116|4 Rebiulevvel 1449
20270807|0336|0517|1234|1626|1940|2114|5 Rebiulevvel 1449
20270808|0338|0518|1234|1626|1939|2112|6 Rebiulevvel 1449
20270809|0339|0519|1233|1625|1938|2111|7 Rebiulevvel 1449
20270810|0341|0520|1233|1625|1936|2109|8 Rebiulevvel 1449
20270811|0342|0521|1233|1624|1935|2107|9 Rebiulevvel 1449
20270812|0344|0522|1233|1623|1934|2105|10 Rebiulevvel 1449
20270813|0345|0523|1233|1623|1932|2104|11 Rebiulevvel 1449
20270814|0347|0524|1233|1622|1931|2102|12 Rebiulevvel 1449
20270815|0348|0525|1233|1622|1930|2100|13 Rebiulevvel 1449
20270816|0350|0526|1232|1621|1928|2058|14 Rebiulevvel 1449
20270817|0351|0527|1232|1620|1927|2056|15 Rebiulevvel 1449
20270818|0353|0528|1232|1620|1926|2055|16 Rebiulevvel 1449
20270819|0354|0529|1232|1619|1924|2053|17 Rebiulevvel 1449
20270820|0356|0530|1231|1618|1923|2051|18 Rebiulevvel 1449
20270821|0357|0531|1231|1618|1921|2049|19 Rebiulevvel 1449
20270822|0358|0532|1231|1617|1920|2047|20 Rebiulevvel 1449
20270823|0400|0533|1231|1616|1918|2045|21 Rebiulevvel 1449
20270824|0401|0534|1230|1615|1917|2043|22 Rebiulevvel 1449
20270825|0403|0535|1230|1614|1915|2042|23 Rebiulevvel 1449
20270826|0404|0536|1230|1614|1914|2040|24 Rebiulevvel 1449
20270827|0405|0537|1230|1613|1912|2038|25 Rebiulevvel 1449
20270828|0407|0538|1229|1612|1910|2036|26 Rebiulevvel 1449
20270829|0408|0539|1229|1611|1909|2034|27 Rebiulevvel 1449
20270830|0409|0540|1229|1610|1907|2032|28 Rebiulevvel 1449
20270831|0411|0541|1228|1609|1906|2030|29 Rebiulevvel 1449
20270901|0412|0542|1228|1608|1904|2028|30 Rebiulevvel 1449
20270902|0413|0543|1228|1607|1903|2026|1 Rebiulahir 1449
20270903|0415|0544|1227|1607|1901|2024|2 Rebiulahir 1449
20270904|0416|0545|1227|1606|1859|2023|3 Rebiulahir 1449
20270905|0417|0546|1227|1605|1858|2021|4 Rebiulahir 1449
20270906|0418|0547|1226|1604|1856|2019|5 Rebiulahir 1449
20270907|0420|0548|1226|1603|1854|2017|6 Rebiulahir 1449
20270908|0421|0549|1226|1602|1853|2015|7 Rebiulahir 1449
20270909|0422|0550|1225|1601|1851|2013|8 Rebiulahir 1449
20270910|0423|0551|1225|1600|1849|2011|9 Rebiulahir 1449
20270911|0425|0552|1225|1558|1848|2009|10 Rebiulahir 1449
20270912|0426|0553|1224|1557|1846|2007|11 Rebiulahir 1449
20270913|0427|0554|1224|1556|1844|2005|12 Rebiulahir 1449
20270914|0428|0555|1224|1555|1843|2004|13 Rebiulahir 1449
20270915|0429|0556|1223|1554|1841|2002|14 Rebiulahir 1449
20270916|0431|0557|1223|1553|1839|2000|15 Rebiulahir 1449
20270917|0432|0558|1223|1552|1837|1958|16 Rebiulahir 1449
20270918|0433|0559|1222|1551|1836|1956|17 Rebiulahir 1449
20270919|0434|0600|1222|1550|1834|1954|18 Rebiulahir 1449
20270920|0435|0601|1222|1549|1832|1952|19 Rebiulahir 1449
20270921|0436|0602|1221|1547|1831|1951|20 Rebiulahir 1449
20270922|0438|0603|1221|1546|1829|1949|21 Rebiulahir 1449
20270923|0439|0604|1220|1545|1827|1947|22 Rebiulahir 1449
20270924|0440|0605|1220|1544|1826|1945|23 Rebiulahir 1449
20270925|0441|0606|1220|1543|1824|1943|24 Rebiulahir 1449
20270926|0442|0607|1219|1542|1822|1941|25 Rebiulahir 1449
20270927|0443|0608|1219|1540|1820|1940|26 Rebiulahir 1449
20270928|0444|0609|1219|1539|1819|1938|27 Rebiulahir 1449
20270929|0445|0610|1218|1538|1817|1936|28 Rebiulahir 1449
20270930|0446|0611|1218|1537|1815|1934|29 Rebiulahir 1449
20271001|0447|0612|1218|1536|1814|1933|1 Cemaziyelevvel 1449
20271002|0449|0613|1217|1534|1812|1931|2 Cemaziyelevvel 1449
20271003|0450|0614|1217|1533|1810|1929|3 Cemaziyelevvel 1449
20271004|0451|0615|1217|1532|1809|1928|4 Cemaziyelevvel 1449
20271005|0452|0616|1216|1531|1807|1926|5 Cemaziyelevvel 1449
20271006|0453|0617|1216|1529|1805|1924|6 Cemaziyelevvel 1449
20271007|0454|0618|1216|1528|1804|1923|7 Cemaziyelevvel 1449
20271008|0455|0619|1216|1527|1802|1921|8 Cemaziyelevvel 1449
20271009|0456|0620|1215|1526|1801|1919|9 Cemaziyelevvel 1449
20271010|0457|0621|1215|1525|1759|1918|10 Cemaziyelevvel 1449
20271011|0458|0622|1215|1523|1757|1916|11 Cemaziyelevvel 1449
20271012|0459|0623|1215|1522|1756|1915|12 Cemaziyelevvel 1449
20271013|0500|0624|1214|1521|1754|1913|13 Cemaziyelevvel 1449
20271014|0501|0625|1214|1520|1753|1912|14 Cemaziyelevvel 1449
20271015|0502|0627|1214|1519|1751|1910|15 Cemaziyelevvel 1449
20271016|0503|0628|1214|1518|1750|1909|16 Cemaziyelevvel 1449
20271017|0504|0629|1213|1516|1748|1907|17 Cemaziyelevvel 1449
20271018|0505|0630|1213|1515|1747|1906|18 Cemaziyelevvel 1449
20271019|0507|0631|1213|1514|1745|1904|19 Cemaziyelevvel 1449
20271020|0508|0632|1213|1513|1744|1903|20 Cemaziyelevvel 1449
20271021|0509|0633|1213|1512|1742|1901|21 Cemaziyelevvel 1449
20271022|0510|0634|1212|1511|1741|1900|22 Cemaziyelevvel 1449
20271023|0511|0635|1212|1510|1739|1859|23 Cemaziyelevvel 1449
20271024|0512|0637|1212|1508|1738|1857|24 Cemaziyelevvel 1449
20271025|0513|0638|1212|1507|1736|1856|25 Cemaziyelevvel 1449
20271026|0514|0639|1212|1506|1735|1855|26 Cemaziyelevvel 1449
20271027|0515|0640|1212|1505|1734|1854|27 Cemaziyelevvel 1449
20271028|0516|0641|1212|1504|1732|1852|28 Cemaziyelevvel 1449
20271029|0517|0642|1212|1503|1731|1851|29 Cemaziyelevvel 1449
20271030|0518|0643|1212|1502|1730|1850|30 Cemaziyelevvel 1449
20271031|0519|0645|1212|1501|1728|1849|1 Cemaziyelahir 1449
20271101|0520|0646|1211|1500|1727|1848|2 Cemaziyelahir 1449
20271102|0521|0647|1211|1459|1726|1847|3 Cemaziyelahir 1449
20271103|0522|0648|1211|1458|1725|1845|4 Cemaziyelahir 1449
20271104|0523|0649|1211|1457|1724|1844|5 Cemaziyelahir 1449
20271105|0524|0650|1211|1456|1722|1843|6 Cemaziyelahir 1449
20271106|0525|0652|1211|1455|1721|1842|7 Cemaziyelahir 1449
20271107|0526|0653|1211|1455|1720|1841|8 Cemaziyelahir 1449
20271108|0527|0654|1212|1454|1719|1841|9 Cemaziyelahir 1449
20271109|0528|0655|1212|1453|1718|1840|10 Cemaziyelahir 1449
20271110|0529|0656|1212|1452|1717|1839|11 Cemaziyelahir 1449
20271111|0530|0658|1212|1451|1716|1838|12 Cemaziyelahir 1449
20271112|0531|0659|1212|1450|1715|1837|13 Cemaziyelahir 1449
20271113|0532|0700|1212|1450|1714|1836|14 Cemaziyelahir 1449
20271114|0533|0701|1212|1449|1713|1836|15 Cemaziyelahir 1449
20271115|0534|0702|1212|1448|1712|1835|16 Cemaziyelahir 1449
20271116|0535|0703|1212|1448|1712|1834|17 Cemaziyelahir 1449
20271117|0536|0705|1213|1447|1711|1834|18 Cemaziyelahir 1449
20271118|0537|0706|1213|1446|1710|1833|19 Cemaziyelahir 1449
20271119|0538|0707|1213|1446|1709|1832|20 Cemaziyelahir 1449
20271120|0539|0708|1213|1445|1708|1832|21 Cemaziyelahir 1449
20271121|0540|0709|1214|1445|1708|1831|22 Cemaziyelahir 1449
20271122|0541|0710|1214|1444|1707|1831|23 Cemaziyelahir 1449
20271123|0542|0712|1214|1444|1707|1830|24 Cemaziyelahir 1449
20271124|0543|0713|1214|1443|1706|1830|25 Cemaziyelahir 1449
20271125|0544|0714|1215|1443|1705|1830|26 Cemaziyelahir 1449
20271126|0545|0715|1215|1443|1705|1829|27 Cemaziyelahir 1449
20271127|0546|0716|1215|1442|1704|1829|28 Cemaziyelahir 1449
20271128|0547|0717|1216|1442|1704|1829|29 Cemaziyelahir 1449
20271129|0548|0718|1216|1442|1704|1828|1 Recep 1449
20271130|0549|0719|1216|1441|1703|1828|2 Recep 1449
20271201|0550|0720|1217|1441|1703|1828|3 Recep 1449
20271202|0551|0721|1217|1441|1703|1828|4 Recep 1449
20271203|0552|0722|1217|1441|1702|1828|5 Recep 1449
20271204|0552|0723|1218|1441|1702|1828|6 Recep 1449
20271205|0553|0724|1218|1441|1702|1828|7 Recep 1449
20271206|0554|0725|1219|1441|1702|1828|8 Recep 1449
20271207|0555|0726|1219|1441|1702|1828|9 Recep 1449
20271208|0556|0727|1219|1441|1702|1828|10 Recep 1449
20271209|0557|0728|1220|1441|1702|1828|11 Recep 1449
20271210|0557|0729|1220|1441|1702|1828|12 Recep 1449
20271211|0558|0730|1221|1441|1702|1828|13 Recep 1449
20271212|0559|0731|1221|1441|1702|1828|14 Recep 1449
20271213|0600|0731|1222|1441|1702|1828|15 Recep 1449
20271214|0600|0732|1222|1442|1702|1829|16 Recep 1449
20271215|0601|0733|1223|1442|1702|1829|17 Recep 1449
20271216|0602|0734|1223|1442|1703|1829|18 Recep 1449
20271217|0602|0734|1224|1442|1703|1830|19 Recep 1449
20271218|0603|0735|1224|1443|1703|1830|20 Recep 1449
20271219|0603|0735|1225|1443|1704|1830|21 Recep 1449
20271220|0604|0736|1225|1444|1704|1831|22 Recep 1449
20271221|0604|0737|1226|1444|1705|1831|23 Recep 1449
20271222|0605|0737|1226|1445|1705|1832|24 Recep 1449
20271223|0605|0738|1227|1445|1706|1832|25 Recep 1449
20271224|0606|0738|1227|1446|1706|1833|26 Recep 1449
20271225|0606|0738|1228|1446|1707|1833|27 Recep 1449
20271226|0607|0739|1228|1447|1707|1834|28 Recep 1449
20271227|0607|0739|1229|1447|1708|1834|29 Recep 1449
20271228|0607|0739|1229|1448|1709|1835|30 Recep 1449
20271229|0608|0740|1230|1449|1709|1836|1 Şaban 1449
20271230|0608|0740|1230|1449|1710|1836|2 Şaban 1449
20271231|0608|0740|1230|1450|1711|1837|3 Şaban 1449
#@9905|Trabzon|TRABZON|396
20261003|0448|0613|1215|1531|1808|1927|22 Rebiulahir 1448
20261004|0449|0614|1215|1530|1807|1926|23 Rebiulahir 1448
20261005|0450|0615|1215|1529|1805|1924|24 Rebiulahir 1448
20261006|0451|0616|1214|1527|1803|1922|25 Rebiulahir 1448
20261007|0452|0617|1214|1526|1802|1921|26 Rebiulahir 1448
20261008|0454|0618|1214|1525|1800|1919|27 Rebiulahir 1448
20261009|0455|0619|1214|1524|1758|1917|28 Rebiulahir 1448
20261010|0456|0620|1213|1523|1757|1916|29 Rebiulahir 1448
20261011|0457|0621|1213|1521|1755|1914|30 Rebiulahir 1448
20261012|0458|0622|1213|1520|1754|1913|1 Cemaziyelevvel 1448
20261013|0459|0623|1213|1519|1752|1911|2 Cemaziyelevvel 1448
20261014|0500|0624|1212|1518|1751|1910|3 Cemaziyelevvel 1448
20261015|0501|0625|1212|1517|1749|1908|4 Cemaziyelevvel 1448
20261016|0502|0626|1212|1515|1747|1907|5 Cemaziyelevvel 1448
20261017|0503|0627|1212|1514|1746|1905|6 Cemaziyelevvel 1448
20261018|0504|0629|1211|1513|1744|1904|7 Cemaziyelevvel 1448
20261019|0505|0630|1211|1512|1743|1902|8 Cemaziyelevvel 1448
20261020|0506|0631|1211|1511|1741|1901|9 Cemaziyelevvel 1448
20261021|0507|0632|1211|1510|1740|1859|10 Cemaziyelevvel 1448
20261022|0508|0633|1211|1509|1739|1858|11 Cemaziyelevvel 1448
20261023|0509|0634|1211|1507|1737|1857|12 Cemaziyelevvel 1448
20261024|0510|0635|1210|1506|1736|1855|13 Cemaziyelevvel 1448
20261025|0511|0636|1210|1505|1734|1854|14 Cemaziyelevvel 1448
20261026|0512|0638|1210|1504|1733|1853|15 Cemaziyelevvel 1448
20261027|0513|0639|1210|1503|1732|1852|16 Cemaziyelevvel 1448
20261028|0515|0640|1210|1502|1730|1850|17 Cemaziyelevvel 1448
20261029|0516|0641|1210|1501|1729|1849|18 Cemaziyelevvel 1448
20261030|0517|0642|1210|1500|1728|1848|19 Cemaziyelevvel 1448
20261031|0518|0643|1210|1459|1726|1847|20 Cemaziyelevvel 1448
20261101|0519|0645|1210|1458|1725|1846|21 Cemaziyelevvel 1448
20261102|0520|0646|1210|1457|1724|1845|22 Cemaziyelevvel 1448
20270101|0607|0739|1229|1449|1710|1836|23 Recep 1448
20270102|0607|0739|1230|1450|1711|1837|24 Recep 1448
20270103|0608|0739|1230|1451|1712|1838|25 Recep 1448
20270104|0608|0739|1231|1451|1712|1839|26 Recep 1448
20270105|0608|0739|1231|1452|1713|1839|27 Recep 1448
20270106|0608|0739|1232|1453|1714|1840|28 Recep 1448
20270107|0608|0739|1232|1454|1715|1841|29 Recep 1448
20270108|0608|0739|1233|1455|1716|1842|30 Recep 1448
20270109|0608|0739|1233|1456|1717|1843|1 Şaban 1448
20270110|0608|0739|1233|1457|1718|1844|2 Şaban 1448
20270111|0608|0739|1234|1458|1719|1845|3 Şaban 1448
20270112|0608|0738|1234|1459|1720|1846|4 Şaban 1448
20270113|0607|0738|1235|1500|1721|1846|5 Şaban 1448
20270114|0607|0738|1235|1501|1722|1847|6 Şaban 1448
20270115|0607|0737|1235|1502|1724|1848|7 Şaban 1448
20270116|0607|0737|1236|1503|1725|1849|8 Şaban 1448
20270117|0606|0736|1236|1504|1726|1850|9 Şaban 1448
20270118|0606|0736|1236|1505|1727|1851|10 Şaban 1448
20270119|0606|0735|1237|1506|1728|1852|11 Şaban 1448
20270120|0605|0735|1237|1507|1729|1853|12 Şaban 1448
20270121|0605|0734|1237|1508|1731|1854|13 Şaban 1448
20270122|0604|0734|1238|1509|1732|1855|14 Şaban 1448
20270123|0604|0733|1238|1510|1733|1856|15 Şaban 1448
20270124|0603|0732|1238|1511|1734|1857|16 Şaban 1448
20270125|0603|0731|1238|1512|1735|1859|17 Şaban 1448
20270126|0602|0731|1239|1513|1737|1900|18 Şaban 1448
20270127|0602|0730|1239|1514|1738|1901|19 Şaban 1448
20270128|0601|0729|1239|1515|1739|1902|20 Şaban 1448
20270129|0600|0728|1239|1516|1740|1903|21 Şaban 1448
20270130|0600|0727|1239|1517|1741|1904|22 Şaban 1448
20270131|0559|0726|1240|1518|1743|1905|23 Şaban 1448
20270201|0558|0725|1240|1519|1744|1906|24 Şaban 1448
20270202|0557|0724|1240|1520|1745|1907|25 Şaban 1448
20270203|0556|0723|1240|1521|1746|1908|26 Şaban 1448
20270204|0556|0722|1240|1522|1748|1909|27 Şaban 1448
20270205|0555|0721|1240|1523|1749|1910|28 Şaban 1448
20270206|0554|0720|1240|1524|1750|1911|29 Şaban 1448
20270207|0553|0719|1240|1525|1751|1913|30 Şaban 1448
20270208|0552|0718|1240|1526|1753|1914|1 Ramazan 1448
20270209|0551|0717|1240|1527|1754|1915|2 Ramazan 1448
20270210|0550|0716|1240|1528|1755|1916|3 Ramazan 1448
20270211|0549|0715|1240|1529|1756|1917|4 Ramazan 1448
20270212|0548|0713|1240|1530|1758|1918|5 Ramazan 1448
20270213|0546|0712|1240|1531|1759|1919|6 Ramazan 1448
20270214|0545|0711|1240|1532|1800|1920|7 Ramazan 1448
20270215|0544|0709|1240|1533|1801|1921|8 Ramazan 1448
20270216|0543|0708|1240|1534|1803|1922|9 Ramazan 1448
20270217|0542|0707|1240|1535|1804|1924|10 Ramazan 1448
20270218|0540|0705|1240|1536|1805|1925|11 Ramazan 1448
20270219|0539|0704|1240|1537|1806|1926|12 Ramazan 1448
20270220|0538|0703|1240|1538|1807|1927|13 Ramazan 1448
20270221|0536|0701|1240|1538|1809|1928|14 Ramazan 1448
20270222|0535|0700|1240|1539|1810|1929|15 Ramazan 1448
20270223|0534|0658|1240|1540|1811|1930|16 Ramazan 1448
20270224|0532|0657|1240|1541|1812|1931|17 Ramazan 1448
20270225|0531|0655|1239|1542|1813|1933|18 Ramazan 1448
20270226|0530|0654|1239|1543|1815|1934|19 Ramazan 1448
20270227|0528|0652|1239|1543|1816|1935|20 Ramazan 1448
20270228|0527|0651|1239|1544|1817|1936|21 Ramazan 1448
20270301|0525|0649|1239|1545|1818|1937|22 Ramazan 1448
20270302|0524|0648|1238|1546|1819|1938|23 Ramazan 1448
20270303|0522|0646|1238|1547|1820|1939|24 Ramazan 1448
20270304|0521|0645|1238|1547|1821|1940|25 Ramazan 1448
20270305|0519|0643|1238|1548|1823|1941|26 Ramazan 1448
20270306|0517|0642|1238|1549|1824|1943|27 Ramazan 1448
20270307|0516|0640|1237|1549|1825|1944|28 Ramazan 1448
20270308|0514|0638|1237|1550|1826|1945|29 Ramazan 1448
20270309|0512|0637|1237|1551|1827|1946|1 Şevval 1448
20270310|0511|0635|1237|1551|1828|1947|2 Şevval 1448
20270311|0509|0634|1236|1552|1829|1948|3 Şevval 1448
20270312|0507|0632|1236|1553|1830|1949|4 Şevval 1448
20270313|0506|0630|1236|1553|1832|1951|5 Şevval 1448
20270314|0504|0629|1236|1554|1833|1952|6 Şevval 1448
20270315|0502|0627|1235|1555|1834|1953|7 Şevval 1448
20270316|0501|0625|1235|1555|1835|1954|8 Şevval 1448
20270317|0459|0624|1235|1556|1836|1955|9 Şevval 1448
20270318|0457|0622|1234|1556|1837|1956|10 Şevval 1448
20270319|0455|0620|1234|1557|1838|1958|11 Şevval 1448
20270320|0454|0619|1234|1558|1839|1959|12 Şevval 1448
20270321|0452|0617|1234|1558|1840|2000|13 Şevval 1448
20270322|0450|0615|1233|1559|1841|2001|14 Şevval 1448
20270323|0448|0614|1233|1559|1842|2002|15 Şevval 1448
20270324|0446|0612|1233|1600|1843|2004|16 Şevval 1448
20270325|0444|0610|1232|1600|1845|2005|17 Şevval 1448
20270326|0443|0609|1232|1601|1846|2006|18 Şevval 1448
20270327|0441|0607|1232|1601|1847|2007|19 Şevval 1448
20270328|0439|0605|1232|1602|1848|2009|20 Şevval 1448
20270329|0437|0604|1231|1602|1849|2010|21 Şevval 1448
20270330|0435|0602|1231|1602|1850|2011|22 Şevval 1448
20270331|0433|0600|1231|1603|1851|2012|23 Şevval 1448
20270401|0431|0559|1230|1603|1852|2014|24 Şevval 1448
20270402|0429|0557|1230|1604|1853|2015|25 Şevval 1448
20270403|0428|0555|1230|1604|1854|2016|26 Şevval 1448
20270404|0426|0554|1229|1605|1855|2017|27 Şevval 1448
20270405|0424|0552|1229|1605|1856|2019|28 Şevval 1448
20270406|0422|0550|1229|1605|1857|2020|29 Şevval 1448
20270407|0420|0549|1229|1606|1858|2021|30 Şevval 1448
20270408|0418|0547|1228|1606|1859|2023|1 Zilkade 1448
20270409|0416|0546|1228|1607|1900|2024|2 Zilkade 1448
20270410|0414|0544|1228|1607|1902|2025|3 Zilkade 1448
20270411|0412|0542|1227|1607|1903|2027|4 Zilkade 1448
20270412|0410|0541|1227|1608|1904|2028|5 Zilkade 1448
20270413|0408|0539|1227|1608|1905|2029|6 Zilkade 1448
20270414|0406|0538|1227|1608|1906|2031|7 Zilkade 1448
20270415|0405|0536|1226|1609|1907|2032|8 Zilkade 1448
20270416|0403|0535|1226|1609|1908|2034|9 Zilkade 1448
20270417|0401|0533|1226|1609|1909|2035|10 Zilkade 1448
20270418|0359|0531|1226|1610|1910|2036|11 Zilkade 1448
20270419|0357|0530|1226|1610|1911|2038|12 Zilkade 1448
20270420|0355|0528|1225|1610|1912|2039|13 Zilkade 1448
20270421|0353|0527|1225|1611|1913|2041|14 Zilkade 1448
20270422|0351|0526|1225|1611|1914|2042|15 Zilkade 1448
20270423|0349|0524|1225|1611|1915|2044|16 Zilkade 1448
20270424|0347|0523|1225|1612|1916|2045|17 Zilkade 1448
20270425|0346|0521|1224|1612|1917|2047|18 Zilkade 1448
20270426|0344|0520|1224|1612|1919|2048|19 Zilkade 1448
20270427|0342|0518|1224|1613|1920|2050|20 Zilkade 1448
20270428|0340|0517|1224|1613|1921|2051|21 Zilkade 1448
20270429|0338|0516|1224|1613|1922|2053|22 Zilkade 1448
20270430|0336|0514|1224|1613|1923|2054|23 Zilkade 1448
20270501|0335|0513|1223|1614|1924|2056|24 Zilkade 1448
20270502|0333|0512|1223|1614|1925|2057|25 Zilkade 1448
20270503|0331|0511|1223|1614|1926|2059|26 Zilkade 1448
20270504|0329|0509|1223|1615|1927|2100|27 Zilkade 1448
20270505|0327|0508|1223|1615|1928|2102|28 Zilkade 1448
20270506|0326|0507|1223|1615|1929|2103|29 Zilkade 1448
20270507|0324|0506|1223|1615|1930|2105|1 Zilhicce 1448
20270508|0322|0504|1223|1616|1931|2106|2 Zilhicce 1448
20270509|0321|0503|1223|1616|1932|2108|3 Zilhicce 1448
20270510|0319|0502|1223|1616|1933|2109|4 Zilhicce 1448
20270511|0317|0501|1223|1617|1934|2111|5 Zilhicce 1448
20270512|0316|0500|1223|1617|1935|2112|6 Zilhicce 1448
20270513|0314|0459|1223|1617|1936|2114|7 Zilhicce 1448
20270514|0312|0458|1223|1617|1937|2115|8 Zilhicce 1448
20270515|0311|0457|1223|1618|1938|2117|9 Zilhicce 1448
20270516|0309|0456|1223|1618|1939|2118|10 Zilhicce 1448
20270517|0308|0455|1223|1618|1940|2120|11 Zilhicce 1448
20270518|0306|0454|1223|1619|1941|2121|12 Zilhicce 1448
20270519|0305|0453|1223|1619|1942|2123|13 Zilhicce 1448
20270520|0303|0452|1223|1619|1943|2124|14 Zilhicce 1448
20270521|0302|0452|1223|1619|1944|2126|15 Zilhicce 1448
20270522|0301|0451|1223|1620|1945|2127|16 Zilhicce 1448
20270523|0259|0450|1223|1620|1946|2128|17 Zilhicce 1448
20270524|0258|0449|1223|1620|1947|2130|18 Zilhicce 1448
20270525|0257|0449|1223|1621|1948|2131|19 Zilhicce 1448
20270526|0256|0448|1223|1621|1948|2132|20 Zilhicce 1448
20270527|0254|0447|1223|1621|1949|2134|21 Zilhicce 1448
20270528|0253|0447|1223|1621|1950|2135|22 Zilhicce 1448
20270529|0252|0446|1224|1622|1951|2136|23 Zilhicce 1448
20270530|0251|0446|1224|1622|1952|2138|24 Zilhicce 1448
20270531|0250|0445|1224|1622|1953|2139|25 Zilhicce 1448
20270601|0249|0445|1224|1623|1953|2140|26 Zilhicce 1448
20270602|0248|0444|1224|1623|1954|2141|27 Zilhicce 1448
20270603|0248|0444|1224|1623|1955|2142|28 Zilhicce 1448
20270604|0247|0443|1224|1623|1956|2143|29 Zilhicce 1448
20270605|0246|0443|1225|1624|1956|2144|30 Zilhicce 1448
20270606|0245|0443|1225|1624|1957|2145|1 Muharrem 1449
20270607|0245|0443|1225|1624|1958|2146|2 Muharrem 1449
20270608|0244|0442|1225|1625|1958|2147|3 Muharrem 1449
20270609|0243|0442|1225|1625|1959|2148|4 Muharrem 1449
20270610|0243|0442|1226|1625|1959|2149|5 Muharrem 1449
20270611|0242|0442|1226|1625|2000|2150|6 Muharrem 1449
20270612|0242|0442|1226|1626|2000|2151|7 Muharrem 1449
20270613|0242|0442|1226|1626|2001|2151|8 Muharrem 1449
20270614|0242|0442|1226|1626|2001|2152|9 Muharrem 1449
20270615|0241|0442|1227|1626|2002|2153|10 Muharrem 1449
20270616|0241|0442|1227|1627|2002|2153|11 Muharrem 1449
20270617|0241|0442|1227|1627|2003|2154|12 Muharrem 1449
20270618|0241|0442|1227|1627|2003|2154|13 Muharrem 1449
20270619|0241|0442|1227|1627|2003|2154|14 Muharrem 1449
20270620|0241|0442|1228|1628|2003|2155|15 Muharrem 1449
20270621|0241|0442|1228|1628|2004|2155|16 Muharrem 1449
20270622|0242|0442|1228|1628|2004|2155|17 Muharrem 1449
20270623|0242|0443|1228|1628|2004|2155|18 Muharrem 1449
20270624|0242|0443|1229|1628|2004|2156|19 Muharrem 1449
20270625|0243|0443|1229|1629|2004|2156|20 Muharrem 1449
20270626|0243|0444|1229|1629|2004|2156|21 Muharrem 1449
20270627|0244|0444|1229|1629|2005|2156|22 Muharrem 1449
20270628|0244|0444|1229|1629|2005|2155|23 Muharrem 1449
20270629|0245|0445|1230|1629|2005|2155|24 Muharrem 1449
20270630|0245|0445|1230|1630|2005|2155|25 Muharrem 1449
20270701|0246|0446|1230|1630|2004|2155|26 Muharrem 1449
20270702|0247|0446|1230|1630|2004|2154|27 Muharrem 1449
20270703|0248|0447|1230|1630|2004|2154|28 Muharrem 1449
20270704|0248|0447|1231|1630|2004|2154|29 Muharrem 1449
20270705|0249|0448|1231|1630|2004|2153|1 Safer 1449
20270706|0250|0448|1231|1630|2004|2153|2 Safer 1449
20270707|0251|0449|1231|1630|2003|2152|3 Safer 1449
20270708|0252|0450|1231|1630|2003|2151|4 Safer 1449
20270709|0253|0450|1231|1630|2003|2151|5 Safer 1449
20270710|0255|0451|1232|1630|2002|2150|6 Safer 1449
20270711|0256|0452|1232|1630|2002|2149|7 Safer 1449
20270712|0257|0452|1232|1630|2001|2148|8 Safer 1449
20270713|0258|0453|1232|1630|2001|2147|9 Safer 1449
20270714|0259|0454|1232|1630|2000|2146|10 Safer 1449
20270715|0301|0455|1232|1630|2000|2145|11 Safer 1449
20270716|0302|0455|1232|1630|1959|2144|12 Safer 1449
20270717|0303|0456|1232|1630|1959|2143|13 Safer 1449
20270718|0305|0457|1232|1630|1958|2142|14 Safer 1449
20270719|0306|0458|1233|1630|1957|2141|15 Safer 1449
20270720|0307|0459|1233|1630|1957|2140|16 Safer 1449
20270721|0309|0500|1233|1630|1956|2138|17 Safer 1449
20270722|0310|0500|1233|1630|1955|2137|18 Safer 1449
20270723|0312|0501|1233|1629|1954|2136|19 Safer 1449
20270724|0313|0502|1233|1629|1953|2135|20 Safer 1449
20270725|0315|0503|1233|1629|1952|2133|21 Safer 1449
20270726|0316|0504|1233|1629|1952|2132|22 Safer 1449
20270727|0317|0505|1233|1629|1951|2130|23 Safer 1449
20270728|0319|0506|1233|1628|1950|2129|24 Safer 1449
20270729|0320|0507|1233|1628|1949|2127|25 Safer 1449
20270730|0322|0508|1233|1628|1948|2126|26 Safer 1449
20270731|0323|0509|1233|1627|1947|2124|27 Safer 1449
20270801|0325|0510|1233|1627|1946|2123|28 Safer 1449
20270802|0327|0511|1233|1627|1945|2121|29 Safer 1449
20270803|0328|0512|1233|1626|1943|2120|1 Rebiulevvel 1449
20270804|0330|0513|1232|1626|1942|2118|2 Rebiulevvel 1449
20270805|0331|0514|1232|1625|1941|2116|3 Rebiulevvel 1449
20270806|0333|0515|1232|1625|1940|2115|4 Rebiulevvel 1449
20270807|0334|0516|1232|1625|1939|2113|5 Rebiulevvel 1449
20270808|0336|0517|1232|1624|1938|2111|6 Rebiulevvel 1449
20270809|0337|0518|1232|1624|1936|2110|7 Rebiulevvel 1449
20270810|0339|0519|1232|1623|1935|2108|8 Rebiulevvel 1449
20270811|0340|0519|1232|1623|1934|2106|9 Rebiulevvel 1449
20270812|0342|0520|1231|1622|1932|2104|10 Rebiulevvel 1449
20270813|0343|0521|1231|1621|1931|2103|11 Rebiulevvel 1449
20270814|0345|0522|1231|1621|1930|2101|12 Rebiulevvel 1449
20270815|0346|0523|1231|1620|1928|2059|13 Rebiulevvel 1449
20270816|0348|0524|1231|1620|1927|2057|14 Rebiulevvel 1449
20270817|0349|0525|1230|1619|1926|2055|15 Rebiulevvel 1449
20270818|0351|0526|1230|1618|1924|2053|16 Rebiulevvel 1449
20270819|0352|0527|1230|1617|1923|2052|17 Rebiulevvel 1449
20270820|0353|0528|1230|1617|1921|2050|18 Rebiulevvel 1449
20270821|0355|0529|1230|1616|1920|2048|19 Rebiulevvel 1449
20270822|0356|0530|1229|1615|1918|2046|20 Rebiulevvel 1449
20270823|0358|0531|1229|1615|1917|2044|21 Rebiulevvel 1449
20270824|0359|0532|1229|1614|1915|2042|22 Rebiulevvel 1449
20270825|0401|0533|1229|1613|1914|2040|23 Rebiulevvel 1449
20270826|0402|0534|1228|1612|1912|2038|24 Rebiulevvel 1449
20270827|0403|0535|1228|1611|1911|2037|25 Rebiulevvel 1449
20270828|0405|0536|1228|1610|1909|2035|26 Rebiulevvel 1449
20270829|0406|0537|1227|1610|1907|2033|27 Rebiulevvel 1449
20270830|0407|0538|1227|1609|1906|2031|28 Rebiulevvel 1449
20270831|0409|0539|1227|1608|1904|2029|29 Rebiulevvel 1449
20270901|0410|0540|1226|1607|1903|2027|30 Rebiulevvel 1449
20270902|0411|0541|1226|1606|1901|2025|1 Rebiulahir 1449
20270903|0413|0542|1226|1605|1859|2023|2 Rebiulahir 1449
20270904|0414|0543|1226|1604|1858|2021|3 Rebiulahir 1449
20270905|0415|0544|1225|1603|1856|2019|4 Rebiulahir 1449
20270906|0416|0545|1225|1602|1854|2017|5 Rebiulahir 1449
20270907|0418|0546|1225|1601|1853|2015|6 Rebiulahir 1449
20270908|0419|0547|1224|1600|1851|2014|7 Rebiulahir 1449
20270909|0420|0548|1224|1559|1849|2012|8 Rebiulahir 1449
20270910|0421|0549|1223|1558|1848|2010|9 Rebiulahir 1449
20270911|0423|0550|1223|1557|1846|2008|10 Rebiulahir 1449
20270912|0424|0551|1223|1556|1844|2006|11 Rebiulahir 1449
20270913|0425|0552|1222|1555|1843|2004|12 Rebiulahir 1449
20270914|0426|0553|1222|1554|1841|2002|13 Rebiulahir 1449
20270915|0428|0554|1222|1553|1839|2000|14 Rebiulahir 1449
20270916|0429|0555|1221|1551|1838|1958|15 Rebiulahir 1449
20270917|0430|0556|1221|1550|1836|1956|16 Rebiulahir 1449
20270918|0431|0557|1221|1549|1834|1955|17 Rebiulahir 1449
20270919|0432|0558|1220|1548|1832|1953|18 Rebiulahir 1449
20270920|0433|0559|1220|1547|1831|1951|19 Rebiulahir 1449
20270921|0435|0600|1220|1546|1829|1949|20 Rebiulahir 1449
20270922|0436|0601|1219|1545|1827|1947|21 Rebiulahir 1449
20270923|0437|0602|1219|1543|1826|1945|22 Rebiulahir 1449
20270924|0438|0603|1219|1542|1824|1944|23 Rebiulahir 1449
20270925|0439|0604|1218|1541|1822|1942|24 Rebiulahir 1449
20270926|0440|0605|1218|1540|1821|1940|25 Rebiulahir 1449
20270927|0441|0606|1217|1539|1819|1938|26 Rebiulahir 1449
20270928|0442|0607|1217|1537|1817|1936|27 Rebiulahir 1449
20270929|0444|0608|1217|1536|1815|1935|28 Rebiulahir 1449
20270930|0445|0609|1216|1535|1814|1933|29 Rebiulahir 1449
20271001|0446|0610|1216|1534|1812|1931|1 Cemaziyelevvel 1449
20271002|0447|0611|1216|1533|1810|1929|2 Cemaziyelevvel 1449
20271003|0448|0612|1215|1531|1809|1928|3 Cemaziyelevvel 1449
20271004|0449|0613|1215|1530|1807|1926|4 Cemaziyelevvel 1449
20271005|0450|0614|1215|1529|1805|1924|5 Cemaziyelevvel 1449
20271006|0451|0615|1215|1528|1804|1923|6 Cemaziyelevvel 1449
20271007|0452|0616|1214|1527|1802|1921|7 Cemaziyelevvel 1449
20271008|0453|0618|1214|1525|1800|1919|8 Cemaziyelevvel 1449
20271009|0454|0619|1214|1524|1759|1918|9 Cemaziyelevvel 1449
20271010|0455|0620|1213|1523|1757|1916|10 Cemaziyelevvel 1449
20271011|0456|0621|1213|1522|1756|1915|11 Cemaziyelevvel 1449
20271012|0458|0622|1213|1521|1754|1913|12 Cemaziyelevvel 1449
20271013|0459|0623|1213|1519|1752|1911|13 Cemaziyelevvel 1449
20271014|0500|0624|1212|1518|1751|1910|14 Cemaziyelevvel 1449
20271015|0501|0625|1212|1517|1749|1908|15 Cemaziyelevvel 1449
20271016|0502|0626|1212|1516|1748|1907|16 Cemaziyelevvel 1449
20271017|0503|0627|1212|1515|1746|1905|17 Cemaziyelevvel 1449
20271018|0504|0628|1212|1513|1745|1904|18 Cemaziyelevvel 1449
20271019|0505|0629|1211|1512|1743|1903|19 Cemaziyelevvel 1449
20271020|0506|0631|1211|1511|1742|1901|20 Cemaziyelevvel 1449
20271021|0507|0632|1211|1510|1740|1900|21 Cemaziyelevvel 1449
20271022|0508|0633|1211|1509|1739|1858|22 Cemaziyelevvel 1449
20271023|0509|0634|1211|1508|1737|1857|23 Cemaziyelevvel 1449
20271024|0510|0635|1211|1507|1736|1856|24 Cemaziyelevvel 1449
20271025|0511|0636|1210|1506|1735|1854|25 Cemaziyelevvel 1449
20271026|0512|0637|1210|1504|1733|1853|26 Cemaziyelevvel 1449
20271027|0513|0639|1210|1503|1732|1852|27 Cemaziyelevvel 1449
20271028|0514|0640|1210|1502|1731|1851|28 Cemaziyelevvel 1449
20271029|0515|0641|1210|1501|1729|1849|29 Cemaziyelevvel 1449
20271030|0516|0642|1210|1500|1728|1848|30 Cemaziyelevvel 1449
20271031|0517|0643|1210|1459|1727|1847|1 Cemaziyelahir 1449
20271101|0518|0644|1210|1458|1725|1846|2 Cemaziyelahir 1449
20271102|0519|0646|1210|1457|1724|1845|3 Cemaziyelahir 1449
20271103|0521|0647|1210|1456|1723|1844|4 Cemaziyelahir 1449
20271104|0522|0648|1210|1455|1722|1843|5 Cemaziyelahir 1449
20271105|0523|0649|1210|1454|1721|1842|6 Cemaziyelahir 1449
20271106|0524|0650|1210|1454|1719|1841|7 Cemaziyelahir 1449
20271107|0525|0651|1210|1453|1718|1840|8 Cemaziyelahir 1449
20271108|0526|0653|1210|1452|1717|1839|9 Cemaziyelahir 1449
20271109|0527|0654|1210|1451|1716|1838|10 Cemaziyelahir 1449
20271110|0528|0655|1210|1450|1715|1837|11 Cemaziyelahir 1449
20271111|0529|0656|1210|1449|1714|1836|12 Cemaziyelahir 1449
20271112|0530|0657|1210|1449|1713|1835|13 Cemaziyelahir 1449
20271113|0531|0659|1210|1448|1712|1835|14 Cemaziyelahir 1449
20271114|0532|0700|1211|1447|1711|1834|15 Cemaziyelahir 1449
20271115|0533|0701|1211|1446|1710|1833|16 Cemaziyelahir 1449
20271116|0534|0702|1211|1446|1710|1833|17 Cemaziyelahir 1449
20271117|0535|0703|1211|1445|1709|1832|18 Cemaziyelahir 1449
20271118|0536|0705|1211|1445|1708|1831|19 Cemaziyelahir 1449
20271119|0537|0706|1211|1444|1707|1831|20 Cemaziyelahir 1449
20271120|0538|0707|1212|1443|1707|1830|21 Cemaziyelahir 1449
20271121|0539|0708|1212|1443|1706|1830|22 Cemaziyelahir 1449
20271122|0540|0709|1212|1442|1705|1829|23 Cemaziyelahir 1449
20271123|0541|0710|1212|1442|1705|1829|24 Cemaziyelahir 1449
20271124|0542|0711|1213|1441|1704|1828|25 Cemaziyelahir 1449
20271125|0543|0713|1213|1441|1703|1828|26 Cemaziyelahir 1449
20271126|0544|0714|1213|1441|1703|1827|27 Cemaziyelahir 1449
20271127|0545|0715|1214|1440|1702|1827|28 Cemaziyelahir 1449
20271128|0546|0716|1214|1440|1702|1827|29 Cemaziyelahir 1449
20271129|0547|0717|1214|1440|1702|1827|1 Recep 1449
20271130|0547|0718|1215|1440|1701|1826|2 Recep 1449
20271201|0548|0719|1215|1439|1701|1826|3 Recep 1449
20271202|0549|0720|1215|1439|1701|1826|4 Recep 1449
20271203|0550|0721|1216|1439|1700|1826|5 Recep 1449
20271204|0551|0722|1216|1439|1700|1826|6 Recep 1449
20271205|0552|0723|1217|1439|1700|1826|7 Recep 1449
20271206|0553|0724|1217|1439|1700|1826|8 Recep 1449
20271207|0553|0725|1217|1439|1700|1826|9 Recep 1449
20271208|0554|0726|1218|1439|1700|1826|10 Recep 1449
20271209|0555|0727|1218|1439|1700|1826|11 Recep 1449
20271210|0556|0728|1219|1439|1700|1826|12 Recep 1449
20271211|0557|0728|1219|1439|1700|1826|13 Recep 1449
20271212|0557|0729|1220|1439|1700|1826|14 Recep 1449
20271213|0558|0730|1220|1439|1700|1827|15 Recep 1449
20271214|0559|0731|1221|1440|1700|1827|16 Recep 1449
20271215|0559|0732|1221|1440|1701|1827|17 Recep 1449
20271216|0600|0732|1221|1440|1701|1827|18 Recep 1449
20271217|0601|0733|1222|1440|1701|1828|19 Recep 1449
20271218|0601|0734|1222|1441|1701|1828|20 Recep 1449
20271219|0602|0734|1223|1441|1702|1829|21 Recep 1449
20271220|0602|0735|1223|1442|1702|1829|22 Recep 1449
20271221|0603|0735|1224|1442|1703|1829|23 Recep 1449
20271222|0604|0736|1224|1443|1703|1830|24 Recep 1449
20271223|0604|0736|1225|1443|1704|1830|25 Recep 1449
20271224|0604|0737|1225|1444|1704|1831|26 Recep 1449
20271225|0605|0737|1226|1444|1705|1831|27 Recep 1449
20271226|0605|0738|1226|1445|1705|1832|28 Recep 1449
20271227|0606|0738|1227|1445|1706|1833|29 Recep 1449
20271228|0606|0738|1227|1446|1707|1833|30 Recep 1449
20271229|0606|0738|1228|1447|1707|1834|1 Şaban 1449
20271230|0607|0739|1228|1447|1708|1835|2 Şaban 1449
20271231|0607|0739|1229|1448|1709|1835|3 Şaban 1449
#@9906|Vakfıkebir|TRABZON|396
20261003|0450|0614|1217|1533|1810|1929|22 Rebiulahir 1448
20261004|0451|0615|1217|1532|1808|1927|23 Rebiulahir 1448
20261005|0452|0616|1216|1530|1807|1926|24 Rebiulahir 1448
20261006|0453|0617|1216|1529|1805|1924|25 Rebiulahir 1448
20261007|0454|0618|1216|1528|1803|1922|26 Rebiulahir 1448
20261008|0455|0619|1216|1527|1802|1921|27 Rebiulahir 1448
20261009|0456|0621|1215|1525|1800|1919|28 Rebiulahir 1448
20261010|0457|0622|1215|1524|1759|1917|29 Rebiulahir 1448
20261011|0458|0623|1215|1523|1757|1916|30 Rebiulahir 1448
20261012|0459|0624|1215|1522|1755|1914|1 Cemaziyelevvel 1448
20261013|0500|0625|1214|1521|1754|1913|2 Cemaziyelevvel 1448
20261014|0502|0626|1214|1519|1752|1911|3 Cemaziyelevvel 1448
20261015|0503|0627|1214|1518|1751|1910|4 Cemaziyelevvel 1448
20261016|0504|0628|1214|1517|1749|1908|5 Cemaziyelevvel 1448
20261017|0505|0629|1213|1516|1748|1907|6 Cemaziyelevvel 1448
20261018|0506|0630|1213|1515|1746|1905|7 Cemaziyelevvel 1448
20261019|0507|0631|1213|1514|1745|1904|8 Cemaziyelevvel 1448
20261020|0508|0633|1213|1512|1743|1902|9 Cemaziyelevvel 1448
20261021|0509|0634|1213|1511|1742|1901|10 Cemaziyelevvel 1448
20261022|0510|0635|1212|1510|1740|1900|11 Cemaziyelevvel 1448
20261023|0511|0636|1212|1509|1739|1858|12 Cemaziyelevvel 1448
20261024|0512|0637|1212|1508|1737|1857|13 Cemaziyelevvel 1448
20261025|0513|0638|1212|1507|1736|1856|14 Cemaziyelevvel 1448
20261026|0514|0639|1212|1506|1735|1854|15 Cemaziyelevvel 1448
20261027|0515|0641|1212|1505|1733|1853|16 Cemaziyelevvel 1448
20261028|0516|0642|1212|1504|1732|1852|17 Cemaziyelevvel 1448
20261029|0517|0643|1212|1503|1730|1851|18 Cemaziyelevvel 1448
20261030|0518|0644|1212|1502|1729|1850|19 Cemaziyelevvel 1448
20261031|0519|0645|1212|1501|1728|1848|20 Cemaziyelevvel 1448
20261101|0520|0646|1211|1500|1727|1847|21 Cemaziyelevvel 1448
20261102|0521|0648|1211|1459|1725|1846|22 Cemaziyelevvel 1448
20270101|0609|0741|1231|1451|1711|1838|23 Recep 1448
20270102|0609|0741|1232|1451|1712|1839|24 Recep 1448
20270103|0609|0741|1232|1452|1713|1839|25 Recep 1448
20270104|0609|0741|1233|1453|1714|1840|26 Recep 1448
20270105|0610|0741|1233|1454|1715|1841|27 Recep 1448
20270106|0610|0741|1233|1455|1716|1842|28 Recep 1448
20270107|0610|0741|1234|1456|1717|1843|29 Recep 1448
20270108|0610|0741|1234|1456|1718|1844|30 Recep 1448
20270109|0610|0741|1235|1457|1719|1844|1 Şaban 1448
20270110|0610|0741|1235|1458|1720|1845|2 Şaban 1448
20270111|0609|0740|1236|1459|1721|1846|3 Şaban 1448
20270112|0609|0740|1236|1500|1722|1847|4 Şaban 1448
20270113|0609|0740|1236|1501|1723|1848|5 Şaban 1448
20270114|0609|0739|1237|1502|1724|1849|6 Şaban 1448
20270115|0609|0739|1237|1503|1725|1850|7 Şaban 1448
20270116|0608|0739|1237|1504|1726|1851|8 Şaban 1448
20270117|0608|0738|1238|1505|1727|1852|9 Şaban 1448
20270118|0608|0738|1238|1506|1729|1853|10 Şaban 1448
20270119|0607|0737|1238|1507|1730|1854|11 Şaban 1448
20270120|0607|0737|1239|1508|1731|1855|12 Şaban 1448
20270121|0607|0736|1239|1509|1732|1856|13 Şaban 1448
20270122|0606|0735|1239|1510|1733|1857|14 Şaban 1448
20270123|0606|0735|1240|1511|1734|1858|15 Şaban 1448
20270124|0605|0734|1240|1512|1736|1859|16 Şaban 1448
20270125|0605|0733|1240|1513|1737|1900|17 Şaban 1448
20270126|0604|0732|1240|1514|1738|1901|18 Şaban 1448
20270127|0603|0732|1240|1515|1739|1902|19 Şaban 1448
20270128|0603|0731|1241|1516|1741|1903|20 Şaban 1448
20270129|0602|0730|1241|1518|1742|1904|21 Şaban 1448
20270130|0601|0729|1241|1519|1743|1905|22 Şaban 1448
20270131|0601|0728|1241|1520|1744|1907|23 Şaban 1448
20270201|0600|0727|1241|1521|1746|1908|24 Şaban 1448
20270202|0559|0726|1241|1522|1747|1909|25 Şaban 1448
20270203|0558|0725|1242|1523|1748|1910|26 Şaban 1448
20270204|0557|0724|1242|1524|1749|1911|27 Şaban 1448
20270205|0556|0723|1242|1525|1751|1912|28 Şaban 1448
20270206|0555|0722|1242|1526|1752|1913|29 Şaban 1448
20270207|0554|0721|1242|1527|1753|1914|30 Şaban 1448
20270208|0553|0720|1242|1528|1754|1915|1 Ramazan 1448
20270209|0552|0719|1242|1529|1756|1916|2 Ramazan 1448
20270210|0551|0717|1242|1530|1757|1917|3 Ramazan 1448
20270211|0550|0716|1242|1531|1758|1919|4 Ramazan 1448
20270212|0549|0715|1242|1532|1759|1920|5 Ramazan 1448
20270213|0548|0714|1242|1533|1800|1921|6 Ramazan 1448
20270214|0547|0712|1242|1534|1802|1922|7 Ramazan 1448
20270215|0546|0711|1242|1535|1803|1923|8 Ramazan 1448
20270216|0545|0710|1242|1535|1804|1924|9 Ramazan 1448
20270217|0543|0709|1242|1536|1805|1925|10 Ramazan 1448
20270218|0542|0707|1242|1537|1807|1926|11 Ramazan 1448
20270219|0541|0706|1242|1538|1808|1927|12 Ramazan 1448
20270220|0539|0704|1242|1539|1809|1929|13 Ramazan 1448
20270221|0538|0703|1242|1540|1810|1930|14 Ramazan 1448
20270222|0537|0702|1241|1541|1811|1931|15 Ramazan 1448
20270223|0535|0700|1241|1542|1813|1932|16 Ramazan 1448
20270224|0534|0659|1241|1543|1814|1933|17 Ramazan 1448
20270225|0533|0657|1241|1543|1815|1934|18 Ramazan 1448
20270226|0531|0656|1241|1544|1816|1935|19 Ramazan 1448
20270227|0530|0654|1241|1545|1817|1936|20 Ramazan 1448
20270228|0528|0653|1241|1546|1818|1938|21 Ramazan 1448
20270301|0527|0651|1240|1547|1820|1939|22 Ramazan 1448
20270302|0525|0650|1240|1547|1821|1940|23 Ramazan 1448
20270303|0524|0648|1240|1548|1822|1941|24 Ramazan 1448
20270304|0522|0646|1240|1549|1823|1942|25 Ramazan 1448
20270305|0521|0645|1240|1550|1824|1943|26 Ramazan 1448
20270306|0519|0643|1239|1550|1825|1944|27 Ramazan 1448
20270307|0517|0642|1239|1551|1826|1945|28 Ramazan 1448
20270308|0516|0640|1239|1552|1828|1947|29 Ramazan 1448
20270309|0514|0638|1239|1552|1829|1948|1 Şevval 1448
20270310|0512|0637|1238|1553|1830|1949|2 Şevval 1448
20270311|0511|0635|1238|1554|1831|1950|3 Şevval 1448
20270312|0509|0634|1238|1554|1832|1951|4 Şevval 1448
20270313|0507|0632|1238|1555|1833|1952|5 Şevval 1448
20270314|0506|0630|1237|1556|1834|1954|6 Şevval 1448
20270315|0504|0629|1237|1556|1835|1955|7 Şevval 1448
20270316|0502|0627|1237|1557|1836|1956|8 Şevval 1448
20270317|0500|0625|1236|1557|1838|1957|9 Şevval 1448
20270318|0459|0624|1236|1558|1839|1958|10 Şevval 1448
20270319|0457|0622|1236|1559|1840|1959|11 Şevval 1448
20270320|0455|0620|1236|1559|1841|2001|12 Şevval 1448
20270321|0453|0619|1235|1600|1842|2002|13 Şevval 1448
20270322|0452|0617|1235|1600|1843|2003|14 Şevval 1448
20270323|0450|0615|1235|1601|1844|2004|15 Şevval 1448
20270324|0448|0614|1234|1601|1845|2005|16 Şevval 1448
20270325|0446|0612|1234|1602|1846|2007|17 Şevval 1448
20270326|0444|0610|1234|1602|1847|2008|18 Şevval 1448
20270327|0442|0609|1233|1603|1848|2009|19 Şevval 1448
20270328|0440|0607|1233|1603|1849|2010|20 Şevval 1448
20270329|0439|0605|1233|1604|1851|2012|21 Şevval 1448
20270330|0437|0604|1233|1604|1852|2013|22 Şevval 1448
20270331|0435|0602|1232|1605|1853|2014|23 Şevval 1448
20270401|0433|0600|1232|1605|1854|2015|24 Şevval 1448
20270402|0431|0559|1232|1605|1855|2017|25 Şevval 1448
20270403|0429|0557|1231|1606|1856|2018|26 Şevval 1448
20270404|0427|0555|1231|1606|1857|2019|27 Şevval 1448
20270405|0425|0554|1231|1607|1858|2021|28 Şevval 1448
20270406|0423|0552|1231|1607|1859|2022|29 Şevval 1448
20270407|0421|0550|1230|1608|1900|2023|30 Şevval 1448
20270408|0420|0549|1230|1608|1901|2024|1 Zilkade 1448
20270409|0418|0547|1230|1608|1902|2026|2 Zilkade 1448
20270410|0416|0546|1229|1609|1903|2027|3 Zilkade 1448
20270411|0414|0544|1229|1609|1904|2029|4 Zilkade 1448
20270412|0412|0542|1229|1609|1905|2030|5 Zilkade 1448
20270413|0410|0541|1229|1610|1906|2031|6 Zilkade 1448
20270414|0408|0539|1228|1610|1908|2033|7 Zilkade 1448
20270415|0406|0538|1228|1610|1909|2034|8 Zilkade 1448
20270416|0404|0536|1228|1611|1910|2035|9 Zilkade 1448
20270417|0402|0535|1228|1611|1911|2037|10 Zilkade 1448
20270418|0400|0533|1227|1611|1912|2038|11 Zilkade 1448
20270419|0358|0532|1227|1612|1913|2040|12 Zilkade 1448
20270420|0357|0530|1227|1612|1914|2041|13 Zilkade 1448
20270421|0355|0529|1227|1612|1915|2043|14 Zilkade 1448
20270422|0353|0527|1227|1613|1916|2044|15 Zilkade 1448
20270423|0351|0526|1226|1613|1917|2045|16 Zilkade 1448
20270424|0349|0524|1226|1613|1918|2047|17 Zilkade 1448
20270425|0347|0523|1226|1614|1919|2048|18 Zilkade 1448
20270426|0345|0521|1226|1614|1920|2050|19 Zilkade 1448
20270427|0343|0520|1226|1614|1921|2051|20 Zilkade 1448
20270428|0341|0519|1226|1615|1922|2053|21 Zilkade 1448
20270429|0340|0517|1225|1615|1923|2054|22 Zilkade 1448
20270430|0338|0516|1225|1615|1925|2056|23 Zilkade 1448
20270501|0336|0515|1225|1615|1926|2057|24 Zilkade 1448
20270502|0334|0513|1225|1616|1927|2059|25 Zilkade 1448
20270503|0332|0512|1225|1616|1928|2100|26 Zilkade 1448
20270504|0331|0511|1225|1616|1929|2102|27 Zilkade 1448
20270505|0329|0510|1225|1617|1930|2103|28 Zilkade 1448
20270506|0327|0508|1225|1617|1931|2105|29 Zilkade 1448
20270507|0325|0507|1225|1617|1932|2107|1 Zilhicce 1448
20270508|0324|0506|1224|1617|1933|2108|2 Zilhicce 1448
20270509|0322|0505|1224|1618|1934|2110|3 Zilhicce 1448
20270510|0320|0504|1224|1618|1935|2111|4 Zilhicce 1448
20270511|0319|0503|1224|1618|1936|2113|5 Zilhicce 1448
20270512|0317|0502|1224|1619|1937|2114|6 Zilhicce 1448
20270513|0315|0501|1224|1619|1938|2116|7 Zilhicce 1448
20270514|0314|0500|1224|1619|1939|2117|8 Zilhicce 1448
20270515|0312|0459|1224|1619|1940|2119|9 Zilhicce 1448
20270516|0311|0458|1224|1620|1941|2120|10 Zilhicce 1448
20270517|0309|0457|1224|1620|1942|2122|11 Zilhicce 1448
20270518|0308|0456|1224|1620|1943|2123|12 Zilhicce 1448
20270519|0306|0455|1224|1621|1944|2125|13 Zilhicce 1448
20270520|0305|0454|1224|1621|1945|2126|14 Zilhicce 1448
20270521|0303|0453|1224|1621|1946|2127|15 Zilhicce 1448
20270522|0302|0452|1225|1621|1947|2129|16 Zilhicce 1448
20270523|0301|0452|1225|1622|1948|2130|17 Zilhicce 1448
20270524|0259|0451|1225|1622|1949|2132|18 Zilhicce 1448
20270525|0258|0450|1225|1622|1949|2133|19 Zilhicce 1448
20270526|0257|0450|1225|1623|1950|2134|20 Zilhicce 1448
20270527|0256|0449|1225|1623|1951|2136|21 Zilhicce 1448
20270528|0255|0448|1225|1623|1952|2137|22 Zilhicce 1448
20270529|0254|0448|1225|1623|1953|2138|23 Zilhicce 1448
20270530|0253|0447|1225|1624|1954|2140|24 Zilhicce 1448
20270531|0252|0447|1226|1624|1954|2141|25 Zilhicce 1448
20270601|0251|0446|1226|1624|1955|2142|26 Zilhicce 1448
20270602|0250|0446|1226|1625|1956|2143|27 Zilhicce 1448
20270603|0249|0445|1226|1625|1957|2144|28 Zilhicce 1448
20270604|0248|0445|1226|1625|1957|2145|29 Zilhicce 1448
20270605|0247|0445|1226|1625|1958|2146|30 Zilhicce 1448
20270606|0247|0444|1226|1626|1959|2147|1 Muharrem 1449
20270607|0246|0444|1227|1626|1959|2148|2 Muharrem 1449
20270608|0245|0444|1227|1626|2000|2149|3 Muharrem 1449
20270609|0245|0444|1227|1627|2001|2150|4 Muharrem 1449
20270610|0244|0443|1227|1627|2001|2151|5 Muharrem 1449
20270611|0244|0443|1227|1627|2002|2152|6 Muharrem 1449
20270612|0243|0443|1228|1627|2002|2153|7 Muharrem 1449
20270613|0243|0443|1228|1628|2003|2153|8 Muharrem 1449
20270614|0243|0443|1228|1628|2003|2154|9 Muharrem 1449
20270615|0243|0443|1228|1628|2004|2155|10 Muharrem 1449
20270616|0242|0443|1228|1628|2004|2155|11 Muharrem 1449
20270617|0242|0443|1229|1629|2004|2156|12 Muharrem 1449
20270618|0242|0443|1229|1629|2005|2156|13 Muharrem 1449
20270619|0242|0443|1229|1629|2005|2156|14 Muharrem 1449
20270620|0242|0443|1229|1629|2005|2157|15 Muharrem 1449
20270621|0243|0444|1230|1630|2006|2157|16 Muharrem 1449
20270622|0243|0444|1230|1630|2006|2157|17 Muharrem 1449
20270623|0243|0444|1230|1630|2006|2157|18 Muharrem 1449
20270624|0243|0444|1230|1630|2006|2158|19 Muharrem 1449
20270625|0244|0445|1230|1630|2006|2158|20 Muharrem 1449
20270626|0244|0445|1231|1631|2006|2158|21 Muharrem 1449
20270627|0245|0445|1231|1631|2006|2158|22 Muharrem 1449
20270628|0245|0446|1231|1631|2006|2157|23 Muharrem 1449
20270629|0246|0446|1231|1631|2006|2157|24 Muharrem 1449
20270630|0247|0447|1231|1631|2006|2157|25 Muharrem 1449
20270701|0247|0447|1232|1631|2006|2157|26 Muharrem 1449
20270702|0248|0448|1232|1632|2006|2156|27 Muharrem 1449
20270703|0249|0448|1232|1632|2006|2156|28 Muharrem 1449
20270704|0250|0449|1232|1632|2006|2156|29 Muharrem 1449
20270705|0251|0449|1232|1632|2006|2155|1 Safer 1449
20270706|0252|0450|1233|1632|2005|2155|2 Safer 1449
20270707|0253|0451|1233|1632|2005|2154|3 Safer 1449
20270708|0254|0451|1233|1632|2005|2153|4 Safer 1449
20270709|0255|0452|1233|1632|2004|2153|5 Safer 1449
20270710|0256|0452|1233|1632|2004|2152|6 Safer 1449
20270711|0257|0453|1233|1632|2004|2151|7 Safer 1449
20270712|0258|0454|1233|1632|2003|2150|8 Safer 1449
20270713|0259|0455|1234|1632|2003|2149|9 Safer 1449
20270714|0301|0455|1234|1632|2002|2148|10 Safer 1449
20270715|0302|0456|1234|1632|2002|2147|11 Safer 1449
20270716|0303|0457|1234|1632|2001|2146|12 Safer 1449
20270717|0305|0458|1234|1632|2000|2145|13 Safer 1449
20270718|0306|0459|1234|1632|2000|2144|14 Safer 1449
20270719|0307|0459|1234|1632|1959|2143|15 Safer 1449
20270720|0309|0500|1234|1632|1958|2142|16 Safer 1449
20270721|0310|0501|1234|1632|1958|2140|17 Safer 1449
20270722|0312|0502|1234|1631|1957|2139|18 Safer 1449
20270723|0313|0503|1234|1631|1956|2138|19 Safer 1449
20270724|0314|0504|1234|1631|1955|2137|20 Safer 1449
20270725|0316|0505|1234|1631|1954|2135|21 Safer 1449
20270726|0317|0506|1234|1631|1953|2134|22 Safer 1449
20270727|0319|0507|1234|1630|1952|2132|23 Safer 1449
20270728|0320|0507|1234|1630|1952|2131|24 Safer 1449
20270729|0322|0508|1234|1630|1951|2129|25 Safer 1449
20270730|0323|0509|1234|1629|1950|2128|26 Safer 1449
20270731|0325|0510|1234|1629|1948|2126|27 Safer 1449
20270801|0326|0511|1234|1629|1947|2125|28 Safer 1449
20270802|0328|0512|1234|1628|1946|2123|29 Safer 1449
20270803|0329|0513|1234|1628|1945|2122|1 Rebiulevvel 1449
20270804|0331|0514|1234|1628|1944|2120|2 Rebiulevvel 1449
20270805|0333|0515|1234|1627|1943|2118|3 Rebiulevvel 1449
20270806|0334|0516|1234|1627|1942|2117|4 Rebiulevvel 1449
20270807|0336|0517|1234|1626|1941|2115|5 Rebiulevvel 1449
20270808|0337|0518|1234|1626|1939|2113|6 Rebiulevvel 1449
20270809|0339|0519|1234|1625|1938|2111|7 Rebiulevvel 1449
20270810|0340|0520|1233|1625|1937|2110|8 Rebiulevvel 1449
20270811|0342|0521|1233|1624|1935|2108|9 Rebiulevvel 1449
20270812|0343|0522|1233|1624|1934|2106|10 Rebiulevvel 1449
20270813|0345|0523|1233|1623|1933|2104|11 Rebiulevvel 1449
20270814|0346|0524|1233|1622|1931|2103|12 Rebiulevvel 1449
20270815|0348|0525|1233|1622|1930|2101|13 Rebiulevvel 1449
20270816|0349|0526|1232|1621|1929|2059|14 Rebiulevvel 1449
20270817|0351|0527|1232|1621|1927|2057|15 Rebiulevvel 1449
20270818|0352|0528|1232|1620|1926|2055|16 Rebiulevvel 1449
20270819|0353|0529|1232|1619|1924|2053|17 Rebiulevvel 1449
20270820|0355|0530|1231|1618|1923|2052|18 Rebiulevvel 1449
20270821|0356|0531|1231|1618|1921|2050|19 Rebiulevvel 1449
20270822|0358|0532|1231|1617|1920|2048|20 Rebiulevvel 1449
20270823|0359|0533|1231|1616|1918|2046|21 Rebiulevvel 1449
20270824|0401|0534|1230|1615|1917|2044|22 Rebiulevvel 1449
20270825|0402|0535|1230|1615|1915|2042|23 Rebiulevvel 1449
20270826|0403|0536|1230|1614|1914|2040|24 Rebiulevvel 1449
20270827|0405|0537|1230|1613|1912|2038|25 Rebiulevvel 1449
20270828|0406|0538|1229|1612|1911|2036|26 Rebiulevvel 1449
20270829|0408|0539|1229|1611|1909|2035|27 Rebiulevvel 1449
20270830|0409|0540|1229|1610|1908|2033|28 Rebiulevvel 1449
20270831|0410|0541|1228|1609|1906|2031|29 Rebiulevvel 1449
20270901|0412|0542|1228|1609|1904|2029|30 Rebiulevvel 1449
20270902|0413|0543|1228|1608|1903|2027|1 Rebiulahir 1449
20270903|0414|0544|1228|1607|1901|2025|2 Rebiulahir 1449
20270904|0415|0545|1227|1606|1859|2023|3 Rebiulahir 1449
20270905|0417|0546|1227|1605|1858|2021|4 Rebiulahir 1449
20270906|0418|0547|1227|1604|1856|2019|5 Rebiulahir 1449
20270907|0419|0548|1226|1603|1854|2017|6 Rebiulahir 1449
20270908|0421|0549|1226|1602|1853|2015|7 Rebiulahir 1449
20270909|0422|0550|1225|1601|1851|2013|8 Rebiulahir 1449
20270910|0423|0551|1225|1600|1849|2012|9 Rebiulahir 1449
20270911|0424|0552|1225|1559|1848|2010|10 Rebiulahir 1449
20270912|0426|0553|1224|1557|1846|2008|11 Rebiulahir 1449
20270913|0427|0554|1224|1556|1844|2006|12 Rebiulahir 1449
20270914|0428|0555|1224|1555|1843|2004|13 Rebiulahir 1449
20270915|0429|0556|1223|1554|1841|2002|14 Rebiulahir 1449
20270916|0430|0557|1223|1553|1839|2000|15 Rebiulahir 1449
20270917|0431|0558|1223|1552|1838|1958|16 Rebiulahir 1449
20270918|0433|0559|1222|1551|1836|1956|17 Rebiulahir 1449
20270919|0434|0600|1222|1550|1834|1955|18 Rebiulahir 1449
20270920|0435|0601|1222|1549|1832|1953|19 Rebiulahir 1449
20270921|0436|0602|1221|1547|1831|1951|20 Rebiulahir 1449
20270922|0437|0603|1221|1546|1829|1949|21 Rebiulahir 1449
20270923|0438|0604|1221|1545|1827|1947|22 Rebiulahir 1449
20270924|0440|0605|1220|1544|1826|1945|23 Rebiulahir 1449
20270925|0441|0606|1220|1543|1824|1944|24 Rebiulahir 1449
20270926|0442|0607|1219|1541|1822|1942|25 Rebiulahir 1449
20270927|0443|0608|1219|1540|1820|1940|26 Rebiulahir 1449
20270928|0444|0609|1219|1539|1819|1938|27 Rebiulahir 1449
20270929|0445|0610|1218|1538|1817|1936|28 Rebiulahir 1449
20270930|0446|0611|1218|1537|1815|1935|29 Rebiulahir 1449
20271001|0447|0612|1218|1535|1814|1933|1 Cemaziyelevvel 1449
20271002|0448|0613|1217|1534|1812|1931|2 Cemaziyelevvel 1449
20271003|0450|0614|1217|1533|1810|1929|3 Cemaziyelevvel 1449
20271004|0451|0615|1217|1532|1809|1928|4 Cemaziyelevvel 1449
20271005|0452|0616|1217|1531|1807|1926|5 Cemaziyelevvel 1449
20271006|0453|0617|1216|1529|1805|1924|6 Cemaziyelevvel 1449
20271007|0454|0618|1216|1528|1804|1923|7 Cemaziyelevvel 1449
20271008|0455|0619|1216|1527|1802|1921|8 Cemaziyelevvel 1449
20271009|0456|0620|1215|1526|1801|1919|9 Cemaziyelevvel 1449
20271010|0457|0621|1215|1525|1759|1918|10 Cemaziyelevvel 1449
20271011|0458|0622|1215|1523|1757|1916|11 Cemaziyelevvel 1449
20271012|0459|0623|1215|1522|1756|1915|12 Cemaziyelevvel 1449
20271013|0500|0625|1214|1521|1754|1913|13 Cemaziyelevvel 1449
20271014|0501|0626|1214|1520|1753|1912|14 Cemaziyelevvel 1449
20271015|0502|0627|1214|1519|1751|1910|15 Cemaziyelevvel 1449
20271016|0503|0628|1214|1517|1749|1909|16 Cemaziyelevvel 1449
20271017|0504|0629|1213|1516|1748|1907|17 Cemaziyelevvel 1449
20271018|0505|0630|1213|1515|1746|1906|18 Cemaziyelevvel 1449
20271019|0507|0631|1213|1514|1745|1904|19 Cemaziyelevvel 1449
20271020|0508|0632|1213|1513|1743|1903|20 Cemaziyelevvel 1449
20271021|0509|0633|1213|1512|1742|1901|21 Cemaziyelevvel 1449
20271022|0510|0635|1212|1510|1740|1900|22 Cemaziyelevvel 1449
20271023|0511|0636|1212|1509|1739|1859|23 Cemaziyelevvel 1449
20271024|0512|0637|1212|1508|1738|1857|24 Cemaziyelevvel 1449
20271025|0513|0638|1212|1507|1736|1856|25 Cemaziyelevvel 1449
20271026|0514|0639|1212|1506|1735|1855|26 Cemaziyelevvel 1449
20271027|0515|0640|1212|1505|1733|1854|27 Cemaziyelevvel 1449
20271028|0516|0641|1212|1504|1732|1852|28 Cemaziyelevvel 1449
20271029|0517|0643|1212|1503|1731|1851|29 Cemaziyelevvel 1449
20271030|0518|0644|1212|1502|1730|1850|30 Cemaziyelevvel 1449
20271031|0519|0645|1212|1501|1728|1849|1 Cemaziyelahir 1449
20271101|0520|0646|1212|1500|1727|1848|2 Cemaziyelahir 1449
20271102|0521|0647|1211|1459|1726|1847|3 Cemaziyelahir 1449
20271103|0522|0648|1211|1458|1725|1845|4 Cemaziyelahir 1449
20271104|0523|0650|1211|1457|1723|1844|5 Cemaziyelahir 1449
20271105|0524|0651|1211|1456|1722|1843|6 Cemaziyelahir 1449
20271106|0525|0652|1212|1455|1721|1842|7 Cemaziyelahir 1449
20271107|0526|0653|1212|1454|1720|1841|8 Cemaziyelahir 1449
20271108|0527|0654|1212|1453|1719|1840|9 Cemaziyelahir 1449
20271109|0528|0656|1212|1453|1718|1840|10 Cemaziyelahir 1449
20271110|0529|0657|1212|1452|1717|1839|11 Cemaziyelahir 1449
20271111|0530|0658|1212|1451|1716|1838|12 Cemaziyelahir 1449
20271112|0532|0659|1212|1450|1715|1837|13 Cemaziyelahir 1449
20271113|0533|0700|1212|1449|1714|1836|14 Cemaziyelahir 1449
20271114|0534|0702|1212|1449|1713|1836|15 Cemaziyelahir 1449
20271115|0535|0703|1212|1448|1712|1835|16 Cemaziyelahir 1449
20271116|0536|0704|1213|1447|1711|1834|17 Cemaziyelahir 1449
20271117|0537|0705|1213|1447|1710|1833|18 Cemaziyelahir 1449
20271118|0538|0706|1213|1446|1710|1833|19 Cemaziyelahir 1449
20271119|0539|0707|1213|1445|1709|1832|20 Cemaziyelahir 1449
20271120|0540|0709|1213|1445|1708|1832|21 Cemaziyelahir 1449
20271121|0541|0710|1214|1444|1707|1831|22 Cemaziyelahir 1449
20271122|0542|0711|1214|1444|1707|1831|23 Cemaziyelahir 1449
20271123|0543|0712|1214|1443|1706|1830|24 Cemaziyelahir 1449
20271124|0544|0713|1214|1443|1706|1830|25 Cemaziyelahir 1449
20271125|0544|0714|1215|1443|1705|1829|26 Cemaziyelahir 1449
20271126|0545|0715|1215|1442|1705|1829|27 Cemaziyelahir 1449
20271127|0546|0717|1215|1442|1704|1829|28 Cemaziyelahir 1449
20271128|0547|0718|1216|1442|1704|1828|29 Cemaziyelahir 1449
20271129|0548|0719|1216|1441|1703|1828|1 Recep 1449
20271130|0549|0720|1216|1441|1703|1828|2 Recep 1449
20271201|0550|0721|1217|1441|1703|1828|3 Recep 1449
20271202|0551|0722|1217|1441|1702|1828|4 Recep 1449
20271203|0552|0723|1217|1440|1702|1828|5 Recep 1449
20271204|0553|0724|1218|1440|1702|1827|6 Recep 1449
20271205|0554|0725|1218|1440|1702|1827|7 Recep 1449
20271206|0554|0726|1219|1440|1701|1827|8 Recep 1449
20271207|0555|0727|1219|1440|1701|1827|9 Recep 1449
20271208|0556|0728|1219|1440|1701|1827|10 Recep 1449
20271209|0557|0729|1220|1440|1701|1828|11 Recep 1449
20271210|0558|0729|1220|1440|1701|1828|12 Recep 1449
20271211|0558|0730|1221|1441|1701|1828|13 Recep 1449
20271212|0559|0731|1221|1441|1701|1828|14 Recep 1449
20271213|0600|0732|1222|1441|1702|1828|15 Recep 1449
20271214|0600|0733|1222|1441|1702|1828|16 Recep 1449
20271215|0601|0733|1223|1441|1702|1829|17 Recep 1449
20271216|0602|0734|1223|1442|1702|1829|18 Recep 1449
20271217|0602|0735|1224|1442|1703|1829|19 Recep 1449
20271218|0603|0735|1224|1442|1703|1830|20 Recep 1449
20271219|0604|0736|1225|1443|1703|1830|21 Recep 1449
20271220|0604|0737|1225|1443|1704|1831|22 Recep 1449
20271221|0605|0737|1226|1444|1704|1831|23 Recep 1449
20271222|0605|0738|1226|1444|1705|1831|24 Recep 1449
20271223|0606|0738|1227|1445|1705|1832|25 Recep 1449
20271224|0606|0739|1227|1445|1706|1832|26 Recep 1449
20271225|0607|0739|1228|1446|1706|1833|27 Recep 1449
20271226|0607|0739|1228|1446|1707|1834|28 Recep 1449
20271227|0607|0740|1229|1447|1707|1834|29 Recep 1449
20271228|0608|0740|1229|1448|1708|1835|30 Recep 1449
20271229|0608|0740|1230|1448|1709|1836|1 Şaban 1449
20271230|0608|0741|1230|1449|1710|1836|2 Şaban 1449
20271231|0609|0741|1231|1450|1710|1837|3 Şaban 1449
#@9907|Yomra|TRABZON|396
20261003|0448|0612|1215|1530|1808|1927|22 Rebiulahir 1448
20261004|0449|0613|1214|1529|1806|1925|23 Rebiulahir 1448
20261005|0450|0614|1214|1528|1804|1923|24 Rebiulahir 1448
20261006|0451|0615|1214|1527|1803|1922|25 Rebiulahir 1448
20261007|0452|0616|1214|1526|1801|1920|26 Rebiulahir 1448
20261008|0453|0617|1213|1524|1759|1918|27 Rebiulahir 1448
20261009|0454|0618|1213|1523|1758|1917|28 Rebiulahir 1448
20261010|0455|0619|1213|1522|1756|1915|29 Rebiulahir 1448
20261011|0456|0620|1212|1521|1755|1914|30 Rebiulahir 1448
20261012|0457|0621|1212|1520|1753|1912|1 Cemaziyelevvel 1448
20261013|0458|0622|1212|1518|1751|1910|2 Cemaziyelevvel 1448
20261014|0459|0624|1212|1517|1750|1909|3 Cemaziyelevvel 1448
20261015|0500|0625|1211|1516|1748|1907|4 Cemaziyelevvel 1448
20261016|0501|0626|1211|1515|1747|1906|5 Cemaziyelevvel 1448
20261017|0502|0627|1211|1514|1745|1904|6 Cemaziyelevvel 1448
20261018|0503|0628|1211|1513|1744|1903|7 Cemaziyelevvel 1448
20261019|0504|0629|1211|1511|1742|1902|8 Cemaziyelevvel 1448
20261020|0506|0630|1210|1510|1741|1900|9 Cemaziyelevvel 1448
20261021|0507|0631|1210|1509|1739|1859|10 Cemaziyelevvel 1448
20261022|0508|0632|1210|1508|1738|1857|11 Cemaziyelevvel 1448
20261023|0509|0633|1210|1507|1736|1856|12 Cemaziyelevvel 1448
20261024|0510|0635|1210|1506|1735|1855|13 Cemaziyelevvel 1448
20261025|0511|0636|1210|1505|1734|1853|14 Cemaziyelevvel 1448
20261026|0512|0637|1210|1504|1732|1852|15 Cemaziyelevvel 1448
20261027|0513|0638|1209|1503|1731|1851|16 Cemaziyelevvel 1448
20261028|0514|0639|1209|1501|1730|1850|17 Cemaziyelevvel 1448
20261029|0515|0640|1209|1500|1728|1849|18 Cemaziyelevvel 1448
20261030|0516|0642|1209|1459|1727|1847|19 Cemaziyelevvel 1448
20261031|0517|0643|1209|1458|1726|1846|20 Cemaziyelevvel 1448
20261101|0518|0644|1209|1457|1724|1845|21 Cemaziyelevvel 1448
20261102|0519|0645|1209|1456|1723|1844|22 Cemaziyelevvel 1448
20270101|0606|0738|1229|1449|1709|1836|23 Recep 1448
20270102|0607|0738|1229|1449|1710|1836|24 Recep 1448
20270103|0607|0738|1230|1450|1711|1837|25 Recep 1448
20270104|0607|0739|1230|1451|1712|1838|26 Recep 1448
20270105|0607|0739|1231|1452|1713|1839|27 Recep 1448
20270106|0607|0738|1231|1453|1714|1840|28 Recep 1448
20270107|0607|0738|1232|1453|1715|1840|29 Recep 1448
20270108|0607|0738|1232|1454|1716|1841|30 Recep 1448
20270109|0607|0738|1232|1455|1717|1842|1 Şaban 1448
20270110|0607|0738|1233|1456|1718|1843|2 Şaban 1448
20270111|0607|0738|1233|1457|1719|1844|3 Şaban 1448
20270112|0607|0737|1234|1458|1720|1845|4 Şaban 1448
20270113|0607|0737|1234|1459|1721|1846|5 Şaban 1448
20270114|0607|0737|1234|1500|1722|1847|6 Şaban 1448
20270115|0606|0736|1235|1501|1723|1848|7 Şaban 1448
20270116|0606|0736|1235|1502|1724|1849|8 Şaban 1448
20270117|0606|0736|1235|1503|1725|1850|9 Şaban 1448
20270118|0605|0735|1236|1504|1726|1851|10 Şaban 1448
20270119|0605|0735|1236|1505|1728|1852|11 Şaban 1448
20270120|0605|0734|1236|1506|1729|1853|12 Şaban 1448
20270121|0604|0733|1237|1507|1730|1854|13 Şaban 1448
20270122|0604|0733|1237|1508|1731|1855|14 Şaban 1448
20270123|0603|0732|1237|1509|1732|1856|15 Şaban 1448
20270124|0603|0731|1237|1510|1734|1857|16 Şaban 1448
20270125|0602|0731|1238|1511|1735|1858|17 Şaban 1448
20270126|0602|0730|1238|1512|1736|1859|18 Şaban 1448
20270127|0601|0729|1238|1513|1737|1900|19 Şaban 1448
20270128|0600|0728|1238|1514|1738|1901|20 Şaban 1448
20270129|0600|0727|1239|1515|1740|1902|21 Şaban 1448
20270130|0559|0727|1239|1516|1741|1903|22 Şaban 1448
20270131|0558|0726|1239|1517|1742|1904|23 Şaban 1448
20270201|0557|0725|1239|1519|1743|1905|24 Şaban 1448
20270202|0557|0724|1239|1520|1745|1906|25 Şaban 1448
20270203|0556|0723|1239|1521|1746|1908|26 Şaban 1448
20270204|0555|0722|1239|1522|1747|1909|27 Şaban 1448
20270205|0554|0721|1239|1523|1748|1910|28 Şaban 1448
20270206|0553|0720|1240|1524|1750|1911|29 Şaban 1448
20270207|0552|0718|1240|1525|1751|1912|30 Şaban 1448
20270208|0551|0717|1240|1526|1752|1913|1 Ramazan 1448
20270209|0550|0716|1240|1527|1753|1914|2 Ramazan 1448
20270210|0549|0715|1240|1528|1755|1915|3 Ramazan 1448
20270211|0548|0714|1240|1529|1756|1916|4 Ramazan 1448
20270212|0547|0713|1240|1530|1757|1917|5 Ramazan 1448
20270213|0546|0711|1240|1531|1758|1919|6 Ramazan 1448
20270214|0545|0710|1240|1531|1800|1920|7 Ramazan 1448
20270215|0543|0709|1240|1532|1801|1921|8 Ramazan 1448
20270216|0542|0707|1240|1533|1802|1922|9 Ramazan 1448
20270217|0541|0706|1240|1534|1803|1923|10 Ramazan 1448
20270218|0540|0705|1240|1535|1804|1924|11 Ramazan 1448
20270219|0538|0703|1239|1536|1806|1925|12 Ramazan 1448
20270220|0537|0702|1239|1537|1807|1926|13 Ramazan 1448
20270221|0536|0701|1239|1538|1808|1927|14 Ramazan 1448
20270222|0534|0659|1239|1539|1809|1928|15 Ramazan 1448
20270223|0533|0658|1239|1540|1810|1930|16 Ramazan 1448
20270224|0532|0656|1239|1540|1812|1931|17 Ramazan 1448
20270225|0530|0655|1239|1541|1813|1932|18 Ramazan 1448
20270226|0529|0653|1239|1542|1814|1933|19 Ramazan 1448
20270227|0527|0652|1238|1543|1815|1934|20 Ramazan 1448
20270228|0526|0650|1238|1544|1816|1935|21 Ramazan 1448
20270301|0524|0649|1238|1544|1817|1936|22 Ramazan 1448
20270302|0523|0647|1238|1545|1819|1937|23 Ramazan 1448
20270303|0521|0646|1238|1546|1820|1939|24 Ramazan 1448
20270304|0520|0644|1237|1547|1821|1940|25 Ramazan 1448
20270305|0518|0642|1237|1547|1822|1941|26 Ramazan 1448
20270306|0517|0641|1237|1548|1823|1942|27 Ramazan 1448
20270307|0515|0639|1237|1549|1824|1943|28 Ramazan 1448
20270308|0514|0638|1237|1549|1825|1944|29 Ramazan 1448
20270309|0512|0636|1236|1550|1826|1945|1 Şevval 1448
20270310|0510|0635|1236|1551|1828|1946|2 Şevval 1448
20270311|0509|0633|1236|1551|1829|1948|3 Şevval 1448
20270312|0507|0631|1236|1552|1830|1949|4 Şevval 1448
20270313|0505|0630|1235|1553|1831|1950|5 Şevval 1448
20270314|0503|0628|1235|1553|1832|1951|6 Şevval 1448
20270315|0502|0626|1235|1554|1833|1952|7 Şevval 1448
20270316|0500|0625|1234|1555|1834|1953|8 Şevval 1448
20270317|0458|0623|1234|1555|1835|1955|9 Şevval 1448
20270318|0456|0621|1234|1556|1836|1956|10 Şevval 1448
20270319|0455|0620|1234|1556|1837|1957|11 Şevval 1448
20270320|0453|0618|1233|1557|1839|1958|12 Şevval 1448
20270321|0451|0616|1233|1557|1840|1959|13 Şevval 1448
20270322|0449|0615|1233|1558|1841|2001|14 Şevval 1448
20270323|0448|0613|1232|1558|1842|2002|15 Şevval 1448
20270324|0446|0611|1232|1559|1843|2003|16 Şevval 1448
20270325|0444|0610|1232|1559|1844|2004|17 Şevval 1448
20270326|0442|0608|1231|1600|1845|2005|18 Şevval 1448
20270327|0440|0606|1231|1600|1846|2007|19 Şevval 1448
20270328|0438|0605|1231|1601|1847|2008|20 Şevval 1448
20270329|0436|0603|1231|1601|1848|2009|21 Şevval 1448
20270330|0435|0601|1230|1602|1849|2010|22 Şevval 1448
20270331|0433|0600|1230|1602|1850|2012|23 Şevval 1448
20270401|0431|0558|1230|1603|1851|2013|24 Şevval 1448
20270402|0429|0556|1229|1603|1852|2014|25 Şevval 1448
20270403|0427|0555|1229|1604|1853|2015|26 Şevval 1448
20270404|0425|0553|1229|1604|1855|2017|27 Şevval 1448
20270405|0423|0551|1228|1604|1856|2018|28 Şevval 1448
20270406|0421|0550|1228|1605|1857|2019|29 Şevval 1448
20270407|0419|0548|1228|1605|1858|2021|30 Şevval 1448
20270408|0417|0547|1228|1606|1859|2022|1 Zilkade 1448
20270409|0416|0545|1227|1606|1900|2023|2 Zilkade 1448
20270410|0414|0543|1227|1606|1901|2025|3 Zilkade 1448
20270411|0412|0542|1227|1607|1902|2026|4 Zilkade 1448
20270412|0410|0540|1227|1607|1903|2027|5 Zilkade 1448
20270413|0408|0539|1226|1607|1904|2029|6 Zilkade 1448
20270414|0406|0537|1226|1608|1905|2030|7 Zilkade 1448
20270415|0404|0535|1226|1608|1906|2031|8 Zilkade 1448
20270416|0402|0534|1226|1608|1907|2033|9 Zilkade 1448
20270417|0400|0532|1225|1609|1908|2034|10 Zilkade 1448
20270418|0358|0531|1225|1609|1909|2036|11 Zilkade 1448
20270419|0356|0529|1225|1609|1910|2037|12 Zilkade 1448
20270420|0355|0528|1225|1610|1911|2038|13 Zilkade 1448
20270421|0353|0526|1224|1610|1913|2040|14 Zilkade 1448
20270422|0351|0525|1224|1610|1914|2041|15 Zilkade 1448
20270423|0349|0524|1224|1611|1915|2043|16 Zilkade 1448
20270424|0347|0522|1224|1611|1916|2044|17 Zilkade 1448
20270425|0345|0521|1224|1611|1917|2046|18 Zilkade 1448
20270426|0343|0519|1224|1612|1918|2047|19 Zilkade 1448
20270427|0341|0518|1223|1612|1919|2049|20 Zilkade 1448
20270428|0340|0517|1223|1612|1920|2050|21 Zilkade 1448
20270429|0338|0515|1223|1612|1921|2052|22 Zilkade 1448
20270430|0336|0514|1223|1613|1922|2053|23 Zilkade 1448
20270501|0334|0513|1223|1613|1923|2055|24 Zilkade 1448
20270502|0332|0511|1223|1613|1924|2056|25 Zilkade 1448
20270503|0330|0510|1223|1614|1925|2058|26 Zilkade 1448
20270504|0329|0509|1222|1614|1926|2059|27 Zilkade 1448
20270505|0327|0507|1222|1614|1927|2101|28 Zilkade 1448
20270506|0325|0506|1222|1614|1928|2102|29 Zilkade 1448
20270507|0324|0505|1222|1615|1929|2104|1 Zilhicce 1448
20270508|0322|0504|1222|1615|1930|2105|2 Zilhicce 1448
20270509|0320|0503|1222|1615|1931|2107|3 Zilhicce 1448
20270510|0318|0502|1222|1616|1932|2108|4 Zilhicce 1448
20270511|0317|0501|1222|1616|1933|2110|5 Zilhicce 1448
20270512|0315|0500|1222|1616|1934|2111|6 Zilhicce 1448
20270513|0314|0458|1222|1616|1935|2113|7 Zilhicce 1448
20270514|0312|0457|1222|1617|1936|2114|8 Zilhicce 1448
20270515|0310|0456|1222|1617|1937|2116|9 Zilhicce 1448
20270516|0309|0456|1222|1617|1938|2117|10 Zilhicce 1448
20270517|0307|0455|1222|1618|1939|2119|11 Zilhicce 1448
20270518|0306|0454|1222|1618|1940|2120|12 Zilhicce 1448
20270519|0304|0453|1222|1618|1941|2122|13 Zilhicce 1448
20270520|0303|0452|1222|1618|1942|2123|14 Zilhicce 1448
20270521|0302|0451|1222|1619|1943|2125|15 Zilhicce 1448
20270522|0300|0450|1222|1619|1944|2126|16 Zilhicce 1448
20270523|0259|0450|1222|1619|1945|2127|17 Zilhicce 1448
20270524|0258|0449|1222|1620|1946|2129|18 Zilhicce 1448
20270525|0257|0448|1222|1620|1947|2130|19 Zilhicce 1448
20270526|0255|0448|1223|1620|1948|2132|20 Zilhicce 1448
20270527|0254|0447|1223|1620|1949|2133|21 Zilhicce 1448
20270528|0253|0446|1223|1621|1949|2134|22 Zilhicce 1448
20270529|0252|0446|1223|1621|1950|2135|23 Zilhicce 1448
20270530|0251|0445|1223|1621|1951|2137|24 Zilhicce 1448
20270531|0250|0445|1223|1622|1952|2138|25 Zilhicce 1448
20270601|0249|0444|1223|1622|1953|2139|26 Zilhicce 1448
20270602|0248|0444|1223|1622|1953|2140|27 Zilhicce 1448
20270603|0247|0443|1224|1622|1954|2141|28 Zilhicce 1448
20270604|0246|0443|1224|1623|1955|2142|29 Zilhicce 1448
20270605|0246|0443|1224|1623|1955|2143|30 Zilhicce 1448
20270606|0245|0442|1224|1623|1956|2144|1 Muharrem 1449
20270607|0244|0442|1224|1624|1957|2145|2 Muharrem 1449
20270608|0244|0442|1225|1624|1957|2146|3 Muharrem 1449
20270609|0243|0442|1225|1624|1958|2147|4 Muharrem 1449
20270610|0243|0441|1225|1624|1958|2148|5 Muharrem 1449
20270611|0242|0441|1225|1625|1959|2149|6 Muharrem 1449
20270612|0242|0441|1225|1625|2000|2150|7 Muharrem 1449
20270613|0241|0441|1226|1625|2000|2150|8 Muharrem 1449
20270614|0241|0441|1226|1625|2000|2151|9 Muharrem 1449
20270615|0241|0441|1226|1626|2001|2152|10 Muharrem 1449
20270616|0241|0441|1226|1626|2001|2152|11 Muharrem 1449
20270617|0241|0441|1226|1626|2002|2153|12 Muharrem 1449
20270618|0241|0441|1227|1626|2002|2153|13 Muharrem 1449
20270619|0241|0441|1227|1627|2002|2153|14 Muharrem 1449
20270620|0241|0441|1227|1627|2003|2154|15 Muharrem 1449
20270621|0241|0442|1227|1627|2003|2154|16 Muharrem 1449
20270622|0241|0442|1227|1627|2003|2154|17 Muharrem 1449
20270623|0242|0442|1228|1627|2003|2154|18 Muharrem 1449
20270624|0242|0442|1228|1628|2003|2155|19 Muharrem 1449
20270625|0242|0443|1228|1628|2004|2155|20 Muharrem 1449
20270626|0243|0443|1228|1628|2004|2155|21 Muharrem 1449
20270627|0243|0443|1229|1628|2004|2155|22 Muharrem 1449
20270628|0244|0444|1229|1628|2004|2154|23 Muharrem 1449
20270629|0244|0444|1229|1629|2004|2154|24 Muharrem 1449
20270630|0245|0445|1229|1629|2004|2154|25 Muharrem 1449
20270701|0246|0445|1229|1629|2004|2154|26 Muharrem 1449
20270702|0247|0446|1230|1629|2004|2153|27 Muharrem 1449
20270703|0247|0446|1230|1629|2003|2153|28 Muharrem 1449
20270704|0248|0447|1230|1629|2003|2153|29 Muharrem 1449
20270705|0249|0447|1230|1629|2003|2152|1 Safer 1449
20270706|0250|0448|1230|1629|2003|2152|2 Safer 1449
20270707|0251|0448|1230|1630|2002|2151|3 Safer 1449
20270708|0252|0449|1231|1630|2002|2150|4 Safer 1449
20270709|0253|0450|1231|1630|2002|2150|5 Safer 1449
20270710|0254|0450|1231|1630|2001|2149|6 Safer 1449
20270711|0255|0451|1231|1630|2001|2148|7 Safer 1449
20270712|0257|0452|1231|1630|2001|2147|8 Safer 1449
20270713|0258|0453|1231|1630|2000|2146|9 Safer 1449
20270714|0259|0453|1231|1630|2000|2145|10 Safer 1449
20270715|0300|0454|1232|1630|1959|2144|11 Safer 1449
20270716|0302|0455|1232|1630|1958|2143|12 Safer 1449
20270717|0303|0456|1232|1629|1958|2142|13 Safer 1449
20270718|0304|0457|1232|1629|1957|2141|14 Safer 1449
20270719|0306|0457|1232|1629|1956|2140|15 Safer 1449
20270720|0307|0458|1232|1629|1956|2139|16 Safer 1449
20270721|0308|0459|1232|1629|1955|2138|17 Safer 1449
20270722|0310|0500|1232|1629|1954|2136|18 Safer 1449
20270723|0311|0501|1232|1629|1953|2135|19 Safer 1449
20270724|0313|0502|1232|1629|1953|2134|20 Safer 1449
20270725|0314|0503|1232|1628|1952|2132|21 Safer 1449
20270726|0316|0504|1232|1628|1951|2131|22 Safer 1449
20270727|0317|0504|1232|1628|1950|2129|23 Safer 1449
20270728|0319|0505|1232|1628|1949|2128|24 Safer 1449
20270729|0320|0506|1232|1627|1948|2127|25 Safer 1449
20270730|0322|0507|1232|1627|1947|2125|26 Safer 1449
20270731|0323|0508|1232|1627|1946|2124|27 Safer 1449
20270801|0325|0509|1232|1626|1945|2122|28 Safer 1449
20270802|0326|0510|1232|1626|1944|2120|29 Safer 1449
20270803|0328|0511|1232|1626|1943|2119|1 Rebiulevvel 1449
20270804|0329|0512|1232|1625|1942|2117|2 Rebiulevvel 1449
20270805|0331|0513|1232|1625|1940|2115|3 Rebiulevvel 1449
20270806|0332|0514|1232|1624|1939|2114|4 Rebiulevvel 1449
20270807|0334|0515|1231|1624|1938|2112|5 Rebiulevvel 1449
20270808|0335|0516|1231|1623|1937|2110|6 Rebiulevvel 1449
20270809|0337|0517|1231|1623|1936|2109|7 Rebiulevvel 1449
20270810|0338|0518|1231|1622|1934|2107|8 Rebiulevvel 1449
20270811|0340|0519|1231|1622|1933|2105|9 Rebiulevvel 1449
20270812|0341|0520|1231|1621|1932|2103|10 Rebiulevvel 1449
20270813|0343|0521|1231|1621|1930|2102|11 Rebiulevvel 1449
20270814|0344|0522|1230|1620|1929|2100|12 Rebiulevvel 1449
20270815|0346|0523|1230|1619|1928|2058|13 Rebiulevvel 1449
20270816|0347|0524|1230|1619|1926|2056|14 Rebiulevvel 1449
20270817|0349|0525|1230|1618|1925|2054|15 Rebiulevvel 1449
20270818|0350|0526|1230|1617|1923|2053|16 Rebiulevvel 1449
20270819|0352|0527|1229|1617|1922|2051|17 Rebiulevvel 1449
20270820|0353|0528|1229|1616|1920|2049|18 Rebiulevvel 1449
20270821|0354|0529|1229|1615|1919|2047|19 Rebiulevvel 1449
20270822|0356|0530|1229|1615|1918|2045|20 Rebiulevvel 1449
20270823|0357|0531|1228|1614|1916|2043|21 Rebiulevvel 1449
20270824|0359|0532|1228|1613|1914|2041|22 Rebiulevvel 1449
20270825|0400|0533|1228|1612|1913|2040|23 Rebiulevvel 1449
20270826|0401|0534|1228|1611|1911|2038|24 Rebiulevvel 1449
20270827|0403|0535|1227|1611|1910|2036|25 Rebiulevvel 1449
20270828|0404|0536|1227|1610|1908|2034|26 Rebiulevvel 1449
20270829|0405|0537|1227|1609|1907|2032|27 Rebiulevvel 1449
20270830|0407|0538|1226|1608|1905|2030|28 Rebiulevvel 1449
20270831|0408|0539|1226|1607|1904|2028|29 Rebiulevvel 1449
20270901|0409|0540|1226|1606|1902|2026|30 Rebiulevvel 1449
20270902|0411|0541|1226|1605|1900|2024|1 Rebiulahir 1449
20270903|0412|0542|1225|1604|1859|2022|2 Rebiulahir 1449
20270904|0413|0543|1225|1603|1857|2020|3 Rebiulahir 1449
20270905|0415|0544|1225|1602|1855|2019|4 Rebiulahir 1449
20270906|0416|0545|1224|1601|1854|2017|5 Rebiulahir 1449
20270907|0417|0546|1224|1600|1852|2015|6 Rebiulahir 1449
20270908|0418|0547|1224|1559|1850|2013|7 Rebiulahir 1449
20270909|0420|0548|1223|1558|1849|2011|8 Rebiulahir 1449
20270910|0421|0549|1223|1557|1847|2009|9 Rebiulahir 1449
20270911|0422|0550|1222|1556|1845|2007|10 Rebiulahir 1449
20270912|0423|0551|1222|1555|1844|2005|11 Rebiulahir 1449
20270913|0425|0552|1222|1554|1842|2003|12 Rebiulahir 1449
20270914|0426|0553|1221|1553|1840|2001|13 Rebiulahir 1449
20270915|0427|0554|1221|1552|1839|2000|14 Rebiulahir 1449
20270916|0428|0555|1221|1551|1837|1958|15 Rebiulahir 1449
20270917|0429|0556|1220|1550|1835|1956|16 Rebiulahir 1449
20270918|0431|0557|1220|1549|1833|1954|17 Rebiulahir 1449
20270919|0432|0558|1220|1547|1832|1952|18 Rebiulahir 1449
20270920|0433|0558|1219|1546|1830|1950|19 Rebiulahir 1449
20270921|0434|0559|1219|1545|1828|1948|20 Rebiulahir 1449
20270922|0435|0600|1219|1544|1827|1947|21 Rebiulahir 1449
20270923|0436|0601|1218|1543|1825|1945|22 Rebiulahir 1449
20270924|0437|0602|1218|1542|1823|1943|23 Rebiulahir 1449
20270925|0438|0603|1218|1540|1822|1941|24 Rebiulahir 1449
20270926|0440|0604|1217|1539|1820|1939|25 Rebiulahir 1449
20270927|0441|0605|1217|1538|1818|1937|26 Rebiulahir 1449
20270928|0442|0607|1216|1537|1816|1936|27 Rebiulahir 1449
20270929|0443|0608|1216|1536|1815|1934|28 Rebiulahir 1449
20270930|0444|0609|1216|1534|1813|1932|29 Rebiulahir 1449
20271001|0445|0610|1215|1533|1811|1930|1 Cemaziyelevvel 1449
20271002|0446|0611|1215|1532|1810|1929|2 Cemaziyelevvel 1449
20271003|0447|0612|1215|1531|1808|1927|3 Cemaziyelevvel 1449
20271004|0448|0613|1215|1530|1806|1925|4 Cemaziyelevvel 1449
20271005|0449|0614|1214|1528|1805|1924|5 Cemaziyelevvel 1449
20271006|0451|0615|1214|1527|1803|1922|6 Cemaziyelevvel 1449
20271007|0452|0616|1214|1526|1801|1920|7 Cemaziyelevvel 1449
20271008|0453|0617|1213|1525|1800|1919|8 Cemaziyelevvel 1449
20271009|0454|0618|1213|1524|1758|1917|9 Cemaziyelevvel 1449
20271010|0455|0619|1213|1522|1757|1915|10 Cemaziyelevvel 1449
20271011|0456|0620|1213|1521|1755|1914|11 Cemaziyelevvel 1449
20271012|0457|0621|1212|1520|1753|1912|12 Cemaziyelevvel 1449
20271013|0458|0622|1212|1519|1752|1911|13 Cemaziyelevvel 1449
20271014|0459|0623|1212|1518|1750|1909|14 Cemaziyelevvel 1449
20271015|0500|0624|1212|1516|1749|1908|15 Cemaziyelevvel 1449
20271016|0501|0625|1211|1515|1747|1906|16 Cemaziyelevvel 1449
20271017|0502|0627|1211|1514|1746|1905|17 Cemaziyelevvel 1449
20271018|0503|0628|1211|1513|1744|1903|18 Cemaziyelevvel 1449
20271019|0504|0629|1211|1512|1743|1902|19 Cemaziyelevvel 1449
20271020|0505|0630|1210|1511|1741|1900|20 Cemaziyelevvel 1449
20271021|0506|0631|1210|1509|1740|1859|21 Cemaziyelevvel 1449
20271022|0507|0632|1210|1508|1738|1858|22 Cemaziyelevvel 1449
20271023|0508|0633|1210|1507|1737|1856|23 Cemaziyelevvel 1449
20271024|0509|0634|1210|1506|1735|1855|24 Cemaziyelevvel 1449
20271025|0510|0635|1210|1505|1734|1854|25 Cemaziyelevvel 1449
20271026|0512|0637|1210|1504|1733|1852|26 Cemaziyelevvel 1449
20271027|0513|0638|1210|1503|1731|1851|27 Cemaziyelevvel 1449
20271028|0514|0639|1209|1502|1730|1850|28 Cemaziyelevvel 1449
20271029|0515|0640|1209|1501|1729|1849|29 Cemaziyelevvel 1449
20271030|0516|0641|1209|1500|1727|1848|30 Cemaziyelevvel 1449
20271031|0517|0642|1209|1459|1726|1846|1 Cemaziyelahir 1449
20271101|0518|0644|1209|1458|1725|1845|2 Cemaziyelahir 1449
20271102|0519|0645|1209|1457|1724|1844|3 Cemaziyelahir 1449
20271103|0520|0646|1209|1456|1722|1843|4 Cemaziyelahir 1449
20271104|0521|0647|1209|1455|1721|1842|5 Cemaziyelahir 1449
20271105|0522|0648|1209|1454|1720|1841|6 Cemaziyelahir 1449
20271106|0523|0650|1209|1453|1719|1840|7 Cemaziyelahir 1449
20271107|0524|0651|1209|1452|1718|1839|8 Cemaziyelahir 1449
20271108|0525|0652|1209|1451|1717|1838|9 Cemaziyelahir 1449
20271109|0526|0653|1209|1450|1716|1837|10 Cemaziyelahir 1449
20271110|0527|0654|1209|1450|1715|1836|11 Cemaziyelahir 1449
20271111|0528|0655|1210|1449|1714|1836|12 Cemaziyelahir 1449
20271112|0529|0657|1210|1448|1713|1835|13 Cemaziyelahir 1449
20271113|0530|0658|1210|1447|1712|1834|14 Cemaziyelahir 1449
20271114|0531|0659|1210|1447|1711|1833|15 Cemaziyelahir 1449
20271115|0532|0700|1210|1446|1710|1833|16 Cemaziyelahir 1449
20271116|0533|0701|1210|1445|1709|1832|17 Cemaziyelahir 1449
20271117|0534|0703|1210|1445|1708|1831|18 Cemaziyelahir 1449
20271118|0535|0704|1211|1444|1707|1831|19 Cemaziyelahir 1449
20271119|0536|0705|1211|1443|1707|1830|20 Cemaziyelahir 1449
20271120|0537|0706|1211|1443|1706|1829|21 Cemaziyelahir 1449
20271121|0538|0707|1211|1442|1705|1829|22 Cemaziyelahir 1449
20271122|0539|0708|1212|1442|1705|1828|23 Cemaziyelahir 1449
20271123|0540|0710|1212|1441|1704|1828|24 Cemaziyelahir 1449
20271124|0541|0711|1212|1441|1703|1828|25 Cemaziyelahir 1449
20271125|0542|0712|1212|1441|1703|1827|26 Cemaziyelahir 1449
20271126|0543|0713|1213|1440|1702|1827|27 Cemaziyelahir 1449
20271127|0544|0714|1213|1440|1702|1827|28 Cemaziyelahir 1449
20271128|0545|0715|1213|1439|1702|1826|29 Cemaziyelahir 1449
20271129|0546|0716|1214|1439|1701|1826|1 Recep 1449
20271130|0547|0717|1214|1439|1701|1826|2 Recep 1449
20271201|0548|0718|1214|1439|1700|1826|3 Recep 1449
20271202|0549|0719|1215|1439|1700|1825|4 Recep 1449
20271203|0549|0720|1215|1438|1700|1825|5 Recep 1449
20271204|0550|0721|1215|1438|1700|1825|6 Recep 1449
20271205|0551|0722|1216|1438|1700|1825|7 Recep 1449
20271206|0552|0723|1216|1438|1659|1825|8 Recep 1449
20271207|0553|0724|1217|1438|1659|1825|9 Recep 1449
20271208|0554|0725|1217|1438|1659|1825|10 Recep 1449
20271209|0554|0726|1218|1438|1659|1825|11 Recep 1449
20271210|0555|0727|1218|1438|1659|1825|12 Recep 1449
20271211|0556|0728|1218|1439|1659|1826|13 Recep 1449
20271212|0557|0728|1219|1439|1659|1826|14 Recep 1449
20271213|0557|0729|1219|1439|1700|1826|15 Recep 1449
20271214|0558|0730|1220|1439|1700|1826|16 Recep 1449
20271215|0559|0731|1220|1439|1700|1827|17 Recep 1449
20271216|0559|0731|1221|1440|1700|1827|18 Recep 1449
20271217|0600|0732|1221|1440|1701|1827|19 Recep 1449
20271218|0601|0733|1222|1440|1701|1828|20 Recep 1449
20271219|0601|0733|1222|1441|1701|1828|21 Recep 1449
20271220|0602|0734|1223|1441|1702|1828|22 Recep 1449
20271221|0602|0735|1223|1442|1702|1829|23 Recep 1449
20271222|0603|0735|1224|1442|1703|1829|24 Recep 1449
20271223|0603|0736|1224|1443|1703|1830|25 Recep 1449
20271224|0604|0736|1225|1443|1704|1830|26 Recep 1449
20271225|0604|0736|1225|1444|1704|1831|27 Recep 1449
20271226|0605|0737|1226|1444|1705|1831|28 Recep 1449
20271227|0605|0737|1226|1445|1705|1832|29 Recep 1449
20271228|0605|0737|1227|1446|1706|1833|30 Recep 1449
20271229|0606|0738|1227|1446|1707|1833|1 Şaban 1449
20271230|0606|0738|1228|1447|1708|1834|2 Şaban 1449
20271231|0606|0738|1228|1448|1708|1835|3 Şaban 1449
